Id da partida,Campeonato,Data,Tempo,Time da casa,Time contra,Gols time casa,Gols time contra,Gols totais,Odd Over 2.5,Odd Under 2.5,Odd Over 3.5,Odd Under 3.5,Odd Casa Vence,Odd Empate,Odd Visitante Vence,Placar Exato,Odd Placar Exato,Data das odds
1742562,Euro,2025-05-21,20:02,Romênia,Portugal,2,3,5,2.87,2.4,2.87,2.4,2.87,3.5,2.4,2-3,7.0,21-05-2025 16:52
1742569,Euro,2025-05-21,20:05,Áustria,Dinamarca,3,1,4,2.55,2.8,2.55,2.8,2.55,3.3,2.8,3-1,8.5,21-05-2025 16:52
1742574,Euro,2025-05-21,20:08,Países Baixos,Albânia,2,0,2,3.25,2.25,3.25,2.25,2.25,3.4,3.25,2-0,8.5,21-05-2025 16:52
1742585,Euro,2025-05-21,20:11,Itália,República Tcheca,1,3,4,2.25,3.3,2.25,3.3,2.25,3.25,3.3,1-3,9.0,21-05-2025 16:52
1742591,Euro,2025-05-21,20:14,Inglaterra,França,1,0,1,2.75,2.45,2.75,2.45,2.45,3.6,2.75,1-0,6.0,21-05-2025 16:52
1742599,Euro,2025-05-21,20:17,República Tcheca,Turquia,1,1,2,2.87,2.6,2.87,2.6,2.6,3.2,2.87,1-1,10.0,21-05-2025 16:52
1742605,Euro,2025-05-21,20:20,Dinamarca,Escócia,1,0,1,3.1,2.3,3.1,2.3,2.3,3.4,3.1,1-0,8.0,21-05-2025 16:52
1742611,Euro,2025-05-21,20:23,Polônia,Países Baixos,1,3,4,2.7,2.6,2.7,2.6,2.7,3.4,2.6,1-3,7.5,21-05-2025 16:52
1742617,Euro,2025-05-21,20:26,Hungria,Eslovênia,1,1,2,3.1,2.4,3.1,2.4,2.4,3.2,3.1,1-1,10.0,21-05-2025 16:52
1742624,Euro,2025-05-21,20:29,Geórgia,Eslováquia,0,1,1,2.8,2.5,2.8,2.5,2.5,3.3,2.8,0-1,8.5,21-05-2025 16:52
1742629,Euro,2025-05-21,20:32,Países Baixos,Escócia,2,2,4,2.3,3.0,2.3,3.0,2.3,3.6,3.0,2-2,6.5,21-05-2025 16:52
1742640,Euro,2025-05-21,20:35,Albânia,Alemanha,0,1,1,2.4,3.0,2.4,3.0,3.0,3.3,2.4,0-1,8.5,21-05-2025 16:52
1742648,Euro,2025-05-21,20:38,Países Baixos,França,0,3,3,2.75,2.45,2.45,2.75,2.75,3.6,2.45,0-3,6.0,21-05-2025 16:52
1742653,Euro,2025-05-21,20:41,Eslováquia,República Tcheca,1,2,3,2.75,2.62,2.62,2.75,2.75,3.25,2.62,1-2,9.0,21-05-2025 16:52
1742661,Euro,2025-05-21,20:44,Croácia,Hungria,0,0,0,3.1,2.3,3.1,2.3,2.3,3.4,3.1,0-0,8.0,21-05-2025 16:52
1742667,Euro,2025-05-21,20:47,Dinamarca,Polônia,2,2,4,2.25,3.3,2.25,3.3,2.25,3.3,3.3,2-2,9.0,21-05-2025 16:52
1742676,Euro,2025-05-21,20:50,Albânia,República Tcheca,1,1,2,2.9,2.6,2.9,2.6,2.6,3.1,2.9,1-1,11.0,21-05-2025 16:52
1742423,Euro,2025-05-21,19:02,Portugal,Eslovênia,3,0,3,2.15,3.6,3.6,2.15,2.15,3.3,3.6,3-0,9.0,21-05-2025 16:52
1742429,Euro,2025-05-21,19:05,Países Baixos,República Tcheca,0,2,2,3.1,2.35,3.1,2.35,2.35,3.4,3.1,0-2,8.0,21-05-2025 16:52
1742434,Euro,2025-05-21,19:08,Romênia,Alemanha,1,4,5,3.0,2.3,3.0,2.3,3.0,3.6,2.3,1-4,6.5,21-05-2025 16:52
1742442,Euro,2025-05-21,19:11,Eslováquia,Suíça,0,0,0,2.5,2.75,2.5,2.75,2.75,3.5,2.5,0-0,7.0,21-05-2025 16:52
1742452,Euro,2025-05-21,19:14,Escócia,Eslovênia,0,1,1,3.1,2.4,3.1,2.4,2.4,3.25,3.1,0-1,9.0,21-05-2025 16:52
1742458,Euro,2025-05-21,19:17,Croácia,Suíça,0,1,1,2.9,2.37,2.9,2.37,2.37,3.5,2.9,0-1,7.0,21-05-2025 16:52
1742465,Euro,2025-05-21,19:20,Áustria,República Tcheca,1,1,2,3.1,2.4,3.1,2.4,2.4,3.25,3.1,1-1,9.0,21-05-2025 16:52
1742470,Euro,2025-05-21,19:23,Alemanha,Inglaterra,1,3,4,2.5,2.7,2.5,2.7,2.5,3.6,2.7,1-3,6.5,21-05-2025 16:52
1742476,Euro,2025-05-21,19:26,Escócia,Polônia,0,1,1,3.0,2.4,3.0,2.4,2.4,3.3,3.0,0-1,8.5,21-05-2025 16:52
1742487,Euro,2025-05-21,19:29,Portugal,Geórgia,0,2,2,4.0,1.95,4.0,1.95,1.95,3.5,4.0,0-2,8.0,21-05-2025 16:52
1742493,Euro,2025-05-21,19:32,Alemanha,Espanha,5,0,5,2.37,2.87,2.37,2.87,2.37,3.6,2.87,5-0,6.5,21-05-2025 16:52
1742499,Euro,2025-05-21,19:35,Bélgica,Polônia,3,2,5,2.2,3.3,2.2,3.3,2.2,3.4,3.3,3-2,8.0,21-05-2025 16:52
1742505,Euro,2025-05-21,19:38,Dinamarca,França,0,0,0,2.5,2.8,2.5,2.8,2.8,3.5,2.5,0-0,7.5,21-05-2025 16:52
1742514,Euro,2025-05-21,19:41,Escócia,Geórgia,1,0,1,3.4,2.2,3.4,2.2,2.2,3.4,3.4,1-0,8.0,21-05-2025 16:52
1742521,Euro,2025-05-21,19:44,Itália,Albânia,2,0,2,3.5,2.2,3.5,2.2,2.2,3.25,3.5,2-0,10.0,21-05-2025 16:52
1742526,Euro,2025-05-21,19:47,Bélgica,Inglaterra,1,0,1,2.55,2.7,2.55,2.7,2.7,3.6,2.55,1-0,6.5,21-05-2025 16:52
1742532,Euro,2025-05-21,19:50,Espanha,Eslováquia,4,1,5,2.0,3.6,2.0,3.6,2.0,3.6,3.6,4-1,7.0,21-05-2025 16:52
1742541,Euro,2025-05-21,19:53,Países Baixos,Inglaterra,2,1,3,2.75,2.45,2.45,2.75,2.75,3.6,2.45,2-1,6.0,21-05-2025 16:52
1742549,Euro,2025-05-21,19:56,República Tcheca,Dinamarca,1,1,2,2.75,2.7,2.75,2.7,2.7,3.2,2.75,1-1,10.0,21-05-2025 16:52
1742556,Euro,2025-05-21,19:59,Sérvia,Croácia,0,0,0,2.8,2.55,2.8,2.55,2.55,3.3,2.8,0-0,8.5,21-05-2025 16:52
1742283,Euro,2025-05-21,18:02,França,Sérvia,3,1,4,2.15,3.4,2.15,3.4,2.15,3.5,3.4,3-1,8.0,21-05-2025 16:52
1742289,Euro,2025-05-21,18:05,Espanha,Itália,1,1,2,2.9,2.37,2.9,2.37,2.37,3.5,2.9,1-1,7.0,21-05-2025 16:52
1742295,Euro,2025-05-21,18:08,Geórgia,Turquia,1,0,1,2.5,2.9,2.5,2.9,2.9,3.25,2.5,1-0,9.0,21-05-2025 16:52
1742301,Euro,2025-05-21,18:11,Croácia,Sérvia,0,0,0,3.0,2.4,3.0,2.4,2.4,3.3,3.0,0-0,8.5,21-05-2025 16:52
1742306,Euro,2025-05-21,18:14,Polônia,Áustria,2,1,3,2.62,2.75,2.75,2.62,2.62,3.3,2.75,2-1,8.5,21-05-2025 16:52
1742316,Euro,2025-05-21,18:17,Sérvia,Eslováquia,1,0,1,3.4,2.2,3.4,2.2,2.2,3.3,3.4,1-0,9.0,21-05-2025 16:52
1742324,Euro,2025-05-21,18:20,Bélgica,República Tcheca,2,0,2,3.25,2.25,3.25,2.25,2.25,3.4,3.25,2-0,8.5,21-05-2025 16:52
1742333,Euro,2025-05-21,18:23,Espanha,Suíça,0,4,4,2.25,3.1,2.25,3.1,2.25,3.6,3.1,0-4,6.5,21-05-2025 16:52
1742339,Euro,2025-05-21,18:26,Croácia,Geórgia,2,1,3,2.05,3.6,3.6,2.05,2.05,3.5,3.6,2-1,8.0,21-05-2025 16:52
1742345,Euro,2025-05-21,18:29,Turquia,Romênia,4,0,4,2.3,3.1,2.3,3.1,2.3,3.4,3.1,4-0,8.0,21-05-2025 16:52
1742352,Euro,2025-05-21,18:32,Eslováquia,Croácia,0,0,0,2.45,2.87,2.45,2.87,2.87,3.4,2.45,0-0,7.5,21-05-2025 16:52
1742357,Euro,2025-05-21,18:35,Dinamarca,República Tcheca,0,1,1,3.2,2.35,3.2,2.35,2.35,3.2,3.2,0-1,10.0,21-05-2025 16:52
1742368,Euro,2025-05-21,18:38,Áustria,Bélgica,0,1,1,2.62,2.6,2.62,2.6,2.6,3.5,2.62,0-1,7.5,21-05-2025 16:52
1742375,Euro,2025-05-21,18:41,França,Escócia,0,1,1,3.5,2.07,3.5,2.07,2.07,3.6,3.5,0-1,7.0,21-05-2025 16:52
1742381,Euro,2025-05-21,18:44,Ucrânia,Espanha,1,1,2,2.4,2.87,2.4,2.87,2.87,3.5,2.4,1-1,7.0,21-05-2025 16:52
1742387,Euro,2025-05-21,18:47,Itália,Geórgia,4,1,5,2.0,3.8,2.0,3.8,2.0,3.4,3.8,4-1,8.5,21-05-2025 16:52
1742393,Euro,2025-05-21,18:50,Eslovênia,Sérvia,0,2,2,2.8,2.7,2.8,2.7,2.7,3.1,2.8,0-2,11.0,21-05-2025 16:52
1742399,Euro,2025-05-21,18:53,Espanha,Inglaterra,1,2,3,2.6,2.6,2.6,2.6,2.6,3.6,2.6,1-2,6.0,21-05-2025 16:52
1742410,Euro,2025-05-21,18:56,Portugal,Escócia,2,1,3,2.2,3.3,3.3,2.2,2.2,3.5,3.3,2-1,7.5,21-05-2025 16:52
1742417,Euro,2025-05-21,18:59,Croácia,Ucrânia,1,1,2,3.2,2.25,3.2,2.25,2.25,3.4,3.2,1-1,7.5,21-05-2025 16:52
1742141,Euro,2025-05-21,17:02,Portugal,Alemanha,1,0,1,2.7,2.55,2.7,2.55,2.55,3.5,2.7,1-0,7.0,21-05-2025 16:52
1742147,Euro,2025-05-21,17:05,Romênia,Eslovênia,0,2,2,2.9,2.5,2.9,2.5,2.5,3.3,2.9,0-2,9.0,21-05-2025 16:52
1742158,Euro,2025-05-21,17:08,República Tcheca,Espanha,0,1,1,2.5,2.8,2.5,2.8,2.8,3.4,2.5,0-1,8.0,21-05-2025 16:52
1742164,Euro,2025-05-21,17:11,Bélgica,Dinamarca,1,0,1,3.0,2.4,3.0,2.4,2.4,3.4,3.0,1-0,7.5,21-05-2025 16:52
1742171,Euro,2025-05-21,17:14,Geórgia,Espanha,1,1,2,2.2,3.2,2.2,3.2,3.2,3.5,2.2,1-1,7.0,21-05-2025 16:52
1742176,Euro,2025-05-21,17:17,Inglaterra,Itália,1,1,2,3.1,2.25,3.1,2.25,2.25,3.5,3.1,1-1,7.0,21-05-2025 16:52
1742182,Euro,2025-05-21,17:20,Eslovênia,Romênia,1,0,1,2.9,2.45,2.9,2.45,2.45,3.3,2.9,1-0,8.5,21-05-2025 16:52
1742189,Euro,2025-05-21,17:23,França,Áustria,1,1,2,3.4,2.15,3.4,2.15,2.15,3.5,3.4,1-1,7.0,21-05-2025 16:52
1742199,Euro,2025-05-21,17:26,Turquia,Geórgia,0,0,0,3.6,2.1,3.6,2.1,2.1,3.3,3.6,0-0,9.0,21-05-2025 16:52
1742205,Euro,2025-05-21,17:29,Países Baixos,Eslováquia,1,0,1,3.4,2.1,3.4,2.1,2.1,3.6,3.4,1-0,7.0,21-05-2025 16:52
1742212,Euro,2025-05-21,17:32,Hungria,Dinamarca,0,2,2,2.7,2.62,2.7,2.62,2.62,3.3,2.7,0-2,9.0,21-05-2025 16:52
1742221,Euro,2025-05-21,17:35,Bélgica,Alemanha,0,2,2,2.62,2.6,2.62,2.6,2.6,3.5,2.62,0-2,6.5,21-05-2025 16:52
1742227,Euro,2025-05-21,17:38,Turquia,Eslováquia,2,1,3,2.2,3.4,3.4,2.2,2.2,3.3,3.4,2-1,9.0,21-05-2025 16:52
1742233,Euro,2025-05-21,17:41,Escócia,Dinamarca,4,3,7,2.62,2.7,2.62,2.7,2.62,3.4,2.7,4-3,8.0,21-05-2025 16:52
1742239,Euro,2025-05-21,17:44,Sérvia,Hungria,1,0,1,3.1,2.4,3.1,2.4,2.4,3.25,3.1,1-0,9.0,21-05-2025 16:52
1742246,Euro,2025-05-21,17:47,Polônia,Dinamarca,0,1,1,2.62,2.75,2.62,2.75,2.75,3.25,2.62,0-1,9.0,21-05-2025 16:52
1742256,Euro,2025-05-21,17:50,Escócia,Ucrânia,0,0,0,3.0,2.37,3.0,2.37,2.37,3.4,3.0,0-0,7.5,21-05-2025 16:52
1742261,Euro,2025-05-21,17:53,Sérvia,Polônia,2,0,2,3.2,2.35,3.2,2.35,2.35,3.2,3.2,2-0,10.0,21-05-2025 16:52
1742269,Euro,2025-05-21,17:56,República Tcheca,Romênia,0,1,1,3.0,2.37,3.0,2.37,2.37,3.4,3.0,0-1,8.5,21-05-2025 16:52
1742277,Euro,2025-05-21,17:59,Itália,Polônia,0,0,0,3.4,2.2,3.4,2.2,2.2,3.3,3.4,0-0,9.0,21-05-2025 16:52
1742004,Euro,2025-05-21,16:02,Sérvia,Romênia,1,3,4,2.3,3.1,2.3,3.1,2.3,3.4,3.1,1-3,8.0,21-05-2025 16:52
1742010,Euro,2025-05-21,16:05,Espanha,Portugal,1,0,1,2.8,2.45,2.8,2.45,2.45,3.5,2.8,1-0,7.0,21-05-2025 16:52
1742016,Euro,2025-05-21,16:08,Suíça,Inglaterra,1,1,2,2.37,2.87,2.37,2.87,2.87,3.6,2.37,1-1,6.5,21-05-2025 16:52
1742022,Euro,2025-05-21,16:11,Bélgica,Hungria,0,2,2,3.2,2.25,3.2,2.25,2.25,3.4,3.2,0-2,7.5,21-05-2025 16:52
1742028,Euro,2025-05-21,16:14,Albânia,Espanha,2,1,3,2.9,2.45,2.45,2.9,2.9,3.3,2.45,2-1,8.5,21-05-2025 16:52
1742039,Euro,2025-05-21,16:17,Eslovênia,Alemanha,1,0,1,2.4,3.0,2.4,3.0,3.0,3.3,2.4,1-0,8.5,21-05-2025 16:52
1742046,Euro,2025-05-21,16:20,França,Croácia,2,5,7,2.2,3.2,2.2,3.2,2.2,3.6,3.2,2-5,7.0,21-05-2025 16:52
1742052,Euro,2025-05-21,16:23,Espanha,Países Baixos,2,1,3,2.3,3.0,3.0,2.3,2.3,3.6,3.0,2-1,6.0,21-05-2025 16:52
1742058,Euro,2025-05-21,16:26,França,Polônia,3,0,3,2.02,3.75,3.75,2.02,2.02,3.5,3.75,3-0,8.0,21-05-2025 16:52
1742066,Euro,2025-05-21,16:29,Portugal,Bélgica,3,0,3,2.37,2.9,2.9,2.37,2.37,3.5,2.9,3-0,7.0,21-05-2025 16:52
1742071,Euro,2025-05-21,16:32,Dinamarca,Eslováquia,0,0,0,3.5,2.1,3.5,2.1,2.1,3.4,3.5,0-0,8.5,21-05-2025 16:52
1742078,Euro,2025-05-21,16:35,República Tcheca,Itália,2,2,4,2.75,2.62,2.75,2.62,2.75,3.25,2.62,2-2,9.0,21-05-2025 16:52
1742089,Euro,2025-05-21,16:38,Eslováquia,Portugal,2,0,2,2.3,3.1,2.3,3.1,3.1,3.4,2.3,2-0,7.5,21-05-2025 16:52
1742094,Euro,2025-05-21,16:41,Países Baixos,Romênia,1,0,1,3.1,2.25,3.1,2.25,2.25,3.6,3.1,1-0,6.5,21-05-2025 16:52
1742099,Euro,2025-05-21,16:44,Albânia,Sérvia,1,2,3,2.7,2.8,2.8,2.7,2.7,3.1,2.8,1-2,11.0,21-05-2025 16:52
1742106,Euro,2025-05-21,16:47,Romênia,França,1,3,4,3.0,2.25,3.0,2.25,3.0,3.6,2.25,1-3,6.5,21-05-2025 16:52
1742112,Euro,2025-05-21,16:50,Suíça,Portugal,1,2,3,2.7,2.55,2.55,2.7,2.7,3.5,2.55,1-2,7.0,21-05-2025 16:52
1742123,Euro,2025-05-21,16:53,Alemanha,Ucrânia,4,2,6,2.07,3.5,2.07,3.5,2.07,3.5,3.5,4-2,7.5,21-05-2025 16:52
1742129,Euro,2025-05-21,16:56,Países Baixos,Áustria,1,5,6,2.37,2.9,2.37,2.9,2.37,3.5,2.9,1-5,7.0,21-05-2025 16:52
1742135,Euro,2025-05-21,16:59,Polônia,Sérvia,0,3,3,2.7,2.75,2.75,2.7,2.7,3.2,2.75,0-3,10.0,21-05-2025 16:52
1741862,Euro,2025-05-21,15:02,Romênia,Dinamarca,2,1,3,2.7,2.6,2.6,2.7,2.7,3.4,2.6,2-1,7.5,21-05-2025 16:52
1741869,Euro,2025-05-21,15:05,Ucrânia,Polônia,2,1,3,2.45,2.9,2.9,2.45,2.45,3.3,2.9,2-1,9.0,21-05-2025 16:52
1741879,Euro,2025-05-21,15:08,França,Países Baixos,1,3,4,2.15,3.2,2.15,3.2,2.15,3.6,3.2,1-3,6.0,21-05-2025 16:52
1741885,Euro,2025-05-21,15:11,Eslováquia,Áustria,2,3,5,2.8,2.5,2.8,2.5,2.8,3.4,2.5,2-3,8.0,21-05-2025 16:52
1741891,Euro,2025-05-21,15:14,Alemanha,Hungria,1,0,1,3.4,2.15,3.4,2.15,2.15,3.5,3.4,1-0,7.5,21-05-2025 16:52
1741897,Euro,2025-05-21,15:17,Ucrânia,Albânia,2,2,4,2.5,3.0,2.5,3.0,2.5,3.2,3.0,2-2,10.0,21-05-2025 16:52
1741903,Euro,2025-05-21,15:20,Áustria,Romênia,0,0,0,3.1,2.3,3.1,2.3,2.3,3.5,3.1,0-0,7.5,21-05-2025 16:52
1741915,Euro,2025-05-21,15:23,Eslovênia,Suíça,1,0,1,2.75,2.62,2.75,2.62,2.62,3.3,2.75,1-0,8.5,21-05-2025 16:52
1741920,Euro,2025-05-21,15:26,Escócia,Eslováquia,1,1,2,3.2,2.25,3.2,2.25,2.25,3.5,3.2,1-1,7.5,21-05-2025 16:52
1741926,Euro,2025-05-21,15:29,Itália,Romênia,0,2,2,3.3,2.15,3.3,2.15,2.15,3.5,3.3,0-2,7.5,21-05-2025 16:52
1741932,Euro,2025-05-21,15:32,Espanha,Sérvia,1,2,3,2.25,3.2,3.2,2.25,2.25,3.4,3.2,1-2,7.5,21-05-2025 16:52
1741939,Euro,2025-05-21,15:35,Turquia,Eslovênia,1,0,1,3.25,2.35,3.25,2.35,2.35,3.1,3.25,1-0,11.0,21-05-2025 16:52
1741944,Euro,2025-05-21,15:38,Alemanha,Geórgia,1,0,1,4.0,1.9,4.0,1.9,1.9,3.6,4.0,1-0,7.5,21-05-2025 16:52
1741955,Euro,2025-05-21,15:41,Eslováquia,França,0,2,2,2.15,3.3,2.15,3.3,3.3,3.6,2.15,0-2,7.0,21-05-2025 16:52
1741960,Euro,2025-05-21,15:44,Albânia,Inglaterra,0,1,1,2.3,3.1,2.3,3.1,3.1,3.4,2.3,0-1,8.5,21-05-2025 16:52
1741968,Euro,2025-05-21,15:47,Suíça,Escócia,0,0,0,2.9,2.37,2.9,2.37,2.37,3.5,2.9,0-0,7.0,21-05-2025 16:52
1741973,Euro,2025-05-21,15:50,Portugal,Inglaterra,1,1,2,2.62,2.6,2.62,2.6,2.6,3.5,2.62,1-1,6.5,21-05-2025 16:52
1741984,Euro,2025-05-21,15:53,Suíça,Sérvia,3,2,5,2.45,2.87,2.45,2.87,2.45,3.4,2.87,3-2,8.0,21-05-2025 16:52
1741991,Euro,2025-05-21,15:56,República Tcheca,França,1,0,1,2.37,3.0,2.37,3.0,3.0,3.4,2.37,1-0,8.0,21-05-2025 16:52
1741997,Euro,2025-05-21,15:59,Escócia,Alemanha,0,1,1,2.4,2.87,2.4,2.87,2.87,3.5,2.4,0-1,7.0,21-05-2025 16:52
1741723,Euro,2025-05-21,14:02,Bélgica,Países Baixos,2,1,3,2.35,2.87,2.87,2.35,2.35,3.6,2.87,2-1,6.5,21-05-2025 16:52
1741728,Euro,2025-05-21,14:05,Eslováquia,Itália,1,0,1,2.37,3.0,2.37,3.0,3.0,3.4,2.37,1-0,8.0,21-05-2025 16:52
1741736,Euro,2025-05-21,14:08,Espanha,Bélgica,0,1,1,2.87,2.37,2.87,2.37,2.37,3.6,2.87,0-1,6.5,21-05-2025 16:52
1741747,Euro,2025-05-21,14:11,Sérvia,Portugal,1,0,1,2.62,2.7,2.62,2.7,2.7,3.3,2.62,1-0,8.5,21-05-2025 16:52
1741752,Euro,2025-05-21,14:14,Itália,Países Baixos,2,4,6,2.37,2.9,2.37,2.9,2.37,3.5,2.9,2-4,7.0,21-05-2025 16:52
1741758,Euro,2025-05-21,14:17,República Tcheca,Bélgica,0,1,1,2.62,2.7,2.62,2.7,2.7,3.3,2.62,0-1,8.5,21-05-2025 16:52
1741764,Euro,2025-05-21,14:20,Geórgia,Inglaterra,2,1,3,3.4,2.1,2.1,3.4,3.4,3.5,2.1,2-1,7.0,21-05-2025 16:52
1741770,Euro,2025-05-21,14:23,Eslovênia,Escócia,3,1,4,2.55,2.87,2.55,2.87,2.55,3.25,2.87,3-1,9.0,21-05-2025 16:52
1741782,Euro,2025-05-21,14:26,França,Alemanha,2,0,2,2.87,2.37,2.87,2.37,2.37,3.6,2.87,2-0,6.5,21-05-2025 16:52
1741787,Euro,2025-05-21,14:29,Áustria,Ucrânia,1,0,1,3.1,2.3,3.1,2.3,2.3,3.4,3.1,1-0,8.0,21-05-2025 16:52
1741794,Euro,2025-05-21,14:32,Portugal,Hungria,2,1,3,2.2,3.3,3.3,2.2,2.2,3.4,3.3,2-1,8.0,21-05-2025 16:52
1741799,Euro,2025-05-21,14:35,Ucrânia,Bélgica,0,2,2,2.5,2.8,2.5,2.8,2.8,3.5,2.5,0-2,7.0,21-05-2025 16:52
1741810,Euro,2025-05-21,14:38,França,Geórgia,0,0,0,4.2,1.86,4.2,1.86,1.86,3.6,4.2,0-0,7.5,21-05-2025 16:52
1741815,Euro,2025-05-21,14:41,Escócia,Portugal,1,2,3,2.8,2.5,2.5,2.8,2.8,3.5,2.5,1-2,7.5,21-05-2025 16:52
1741821,Euro,2025-05-21,14:44,Suíça,Polônia,1,1,2,3.1,2.3,3.1,2.3,2.3,3.4,3.1,1-1,8.0,21-05-2025 16:52
1741827,Euro,2025-05-21,14:47,Portugal,Croácia,0,2,2,3.0,2.3,3.0,2.3,2.3,3.5,3.0,0-2,7.5,21-05-2025 16:52
1741833,Euro,2025-05-21,14:50,Eslováquia,Inglaterra,0,3,3,3.3,2.15,2.15,3.3,3.3,3.6,2.15,0-3,7.0,21-05-2025 16:52
1741844,Euro,2025-05-21,14:53,Romênia,Croácia,5,0,5,2.7,2.55,2.7,2.55,2.7,3.5,2.55,5-0,7.0,21-05-2025 16:52
1741850,Euro,2025-05-21,14:56,Bélgica,Escócia,2,0,2,3.1,2.25,3.1,2.25,2.25,3.5,3.1,2-0,7.0,21-05-2025 16:52
1741856,Euro,2025-05-21,14:59,Ucrânia,Portugal,3,3,6,2.9,2.45,2.9,2.45,2.9,3.4,2.45,3-3,7.5,21-05-2025 16:52
1742561,Copa,2025-05-21,20:01,Senegal,Qatar,2,2,4,2.1,3.6,2.1,3.6,2.1,3.3,3.6,2-2,9.0,21-05-2025 16:51
1742565,Copa,2025-05-21,20:04,Tunísia,Japão,0,1,1,2.75,2.62,2.75,2.62,2.62,3.3,2.75,0-1,8.5,21-05-2025 16:51
1742573,Copa,2025-05-21,20:07,Brasil,Inglaterra,1,1,2,2.87,2.37,2.87,2.37,2.37,3.6,2.87,1-1,6.5,21-05-2025 16:51
1742584,Copa,2025-05-21,20:10,Coreia do Sul,EUA,0,1,1,2.6,2.87,2.6,2.87,2.87,3.2,2.6,0-1,10.0,21-05-2025 16:51
1742588,Copa,2025-05-21,20:13,Qatar,País de Gales,1,2,3,2.5,2.8,2.8,2.5,2.5,3.3,2.8,1-2,8.5,21-05-2025 16:51
1742594,Copa,2025-05-21,20:16,EUA,Suíça,2,1,3,2.55,2.87,2.87,2.55,2.55,3.25,2.87,2-1,9.0,21-05-2025 16:51
1742604,Copa,2025-05-21,20:19,Irã,Japão,0,0,0,2.55,2.8,2.55,2.8,2.8,3.4,2.55,0-0,8.0,21-05-2025 16:51
1742610,Copa,2025-05-21,20:22,Brasil,Qatar,0,1,1,4.33,1.83,4.33,1.83,1.83,3.75,4.33,0-1,7.0,21-05-2025 16:51
1742614,Copa,2025-05-21,20:25,Espanha,Canadá,4,1,5,1.9,4.0,1.9,4.0,1.9,3.6,4.0,4-1,7.0,21-05-2025 16:51
1742621,Copa,2025-05-21,20:28,País de Gales,Dinamarca,0,1,1,2.45,2.87,2.45,2.87,2.87,3.4,2.45,0-1,7.5,21-05-2025 16:51
1742628,Copa,2025-05-21,20:31,Croácia,Japão,1,1,2,3.5,2.2,3.5,2.2,2.2,3.25,3.5,1-1,10.0,21-05-2025 16:51
1742637,Copa,2025-05-21,20:34,Argentina,Coreia do Sul,0,2,2,4.0,1.9,4.0,1.9,1.9,3.6,4.0,0-2,7.5,21-05-2025 16:51
1742643,Copa,2025-05-21,20:37,EUA,Uruguai,1,0,1,2.87,2.55,2.87,2.55,2.55,3.25,2.87,1-0,9.0,21-05-2025 16:51
1742652,Copa,2025-05-21,20:40,Tunísia,Costa Rica,1,3,4,2.35,3.0,2.35,3.0,2.35,3.4,3.0,1-3,7.5,21-05-2025 16:51
1742658,Copa,2025-05-21,20:43,Gana,Argentina,1,1,2,2.2,3.2,2.2,3.2,3.2,3.5,2.2,1-1,7.0,21-05-2025 16:51
1742664,Copa,2025-05-21,20:46,Inglaterra,Marrocos,3,0,3,1.95,3.8,3.8,1.95,1.95,3.6,3.8,3-0,7.5,21-05-2025 16:51
1742670,Copa,2025-05-21,20:49,Tunísia,Gana,2,1,3,2.5,2.8,2.8,2.5,2.5,3.4,2.8,2-1,7.5,21-05-2025 16:51
1742422,Copa,2025-05-21,19:01,Sérvia,Inglaterra,1,1,2,2.4,3.0,2.4,3.0,3.0,3.3,2.4,1-1,8.5,21-05-2025 16:51
1742426,Copa,2025-05-21,19:04,Arábia Saudita,Equador,2,1,3,2.8,2.4,2.4,2.8,2.8,3.5,2.4,2-1,7.0,21-05-2025 16:51
1742432,Copa,2025-05-21,19:07,Argentina,Espanha,0,2,2,2.8,2.45,2.8,2.45,2.45,3.5,2.8,0-2,6.5,21-05-2025 16:51
1742438,Copa,2025-05-21,19:10,Senegal,Dinamarca,1,0,1,2.8,2.55,2.8,2.55,2.55,3.3,2.8,1-0,8.5,21-05-2025 16:51
1742451,Copa,2025-05-21,19:13,França,Camarões,1,1,2,4.2,1.85,4.2,1.85,1.85,3.75,4.2,1-1,6.5,21-05-2025 16:51
1742457,Copa,2025-05-21,19:16,Austrália,Brasil,0,2,2,2.02,3.5,2.02,3.5,3.5,3.75,2.02,0-2,6.5,21-05-2025 16:51
1742462,Copa,2025-05-21,19:19,Marrocos,Senegal,0,1,1,2.62,2.75,2.62,2.75,2.75,3.25,2.62,0-1,9.0,21-05-2025 16:51
1742469,Copa,2025-05-21,19:22,Croácia,Gana,2,0,2,3.5,2.1,3.5,2.1,2.1,3.4,3.5,2-0,8.5,21-05-2025 16:51
1742473,Copa,2025-05-21,19:25,Argentina,Polônia,0,0,0,3.4,2.1,3.4,2.1,2.1,3.5,3.4,0-0,7.5,21-05-2025 16:51
1742479,Copa,2025-05-21,19:28,EUA,País de Gales,3,2,5,2.25,3.4,2.25,3.4,2.25,3.2,3.4,3-2,10.0,21-05-2025 16:51
1742492,Copa,2025-05-21,19:31,Austrália,Suíça,0,2,2,2.4,2.87,2.4,2.87,2.87,3.5,2.4,0-2,7.0,21-05-2025 16:51
1742496,Copa,2025-05-21,19:34,França,Costa Rica,1,2,3,1.8,4.33,4.33,1.8,1.8,3.75,4.33,1-2,7.0,21-05-2025 16:51
1742502,Copa,2025-05-21,19:37,Arábia Saudita,Países Baixos,1,1,2,2.15,3.3,2.15,3.3,3.3,3.6,2.15,1-1,7.0,21-05-2025 16:51
1742511,Copa,2025-05-21,19:40,México,Japão,0,2,2,3.2,2.3,3.2,2.3,2.3,3.3,3.2,0-2,9.0,21-05-2025 16:51
1742517,Copa,2025-05-21,19:43,Senegal,Austrália,0,1,1,3.6,2.1,3.6,2.1,2.1,3.4,3.6,0-1,8.5,21-05-2025 16:51
1742525,Copa,2025-05-21,19:46,Suíça,Equador,0,2,2,3.1,2.3,3.1,2.3,2.3,3.5,3.1,0-2,7.5,21-05-2025 16:51
1742529,Copa,2025-05-21,19:49,Sérvia,Senegal,1,0,1,2.9,2.6,2.9,2.6,2.6,3.1,2.9,1-0,11.0,21-05-2025 16:51
1742535,Copa,2025-05-21,19:52,Dinamarca,Japão,0,3,3,2.2,3.3,3.3,2.2,2.2,3.4,3.3,0-3,8.0,21-05-2025 16:51
1742548,Copa,2025-05-21,19:55,Senegal,Canadá,3,0,3,2.1,3.6,3.6,2.1,2.1,3.3,3.6,3-0,9.0,21-05-2025 16:51
1742553,Copa,2025-05-21,19:58,Brasil,Austrália,2,2,4,1.83,4.2,1.83,4.2,1.83,3.8,4.2,2-2,6.5,21-05-2025 16:51
1742280,Copa,2025-05-21,18:01,País de Gales,Arábia Saudita,0,0,0,3.25,2.2,3.25,2.2,2.2,3.5,3.25,0-0,7.5,21-05-2025 16:51
1742286,Copa,2025-05-21,18:04,Japão,Croácia,1,2,3,2.87,2.6,2.6,2.87,2.87,3.2,2.6,1-2,10.0,21-05-2025 16:51
1742292,Copa,2025-05-21,18:07,Portugal,Irã,0,3,3,1.9,4.0,4.0,1.9,1.9,3.75,4.0,0-3,6.5,21-05-2025 16:51
1742298,Copa,2025-05-21,18:10,Qatar,Dinamarca,2,0,2,2.35,3.0,2.35,3.0,3.0,3.5,2.35,2-0,7.0,21-05-2025 16:51
1742313,Copa,2025-05-21,18:13,Alemanha,Sérvia,0,2,2,3.4,2.2,3.4,2.2,2.2,3.3,3.4,0-2,9.0,21-05-2025 16:51
1742315,Copa,2025-05-21,18:16,Japão,Países Baixos,2,2,4,2.9,2.45,2.9,2.45,2.9,3.3,2.45,2-2,8.5,21-05-2025 16:51
1742321,Copa,2025-05-21,18:19,País de Gales,Austrália,1,1,2,3.0,2.35,3.0,2.35,2.35,3.4,3.0,1-1,7.5,21-05-2025 16:51
1742332,Copa,2025-05-21,18:22,Marrocos,Qatar,1,2,3,2.3,3.1,3.1,2.3,2.3,3.4,3.1,1-2,8.0,21-05-2025 16:51
1742336,Copa,2025-05-21,18:25,Suíça,Gana,2,2,4,2.15,3.3,2.15,3.3,2.15,3.5,3.3,2-2,7.5,21-05-2025 16:51
1742341,Copa,2025-05-21,18:28,França,Argentina,2,4,6,2.37,2.9,2.37,2.9,2.37,3.5,2.9,2-4,7.0,21-05-2025 16:51
1742351,Copa,2025-05-21,18:31,México,EUA,1,3,4,2.5,3.0,2.5,3.0,2.5,3.2,3.0,1-3,10.0,21-05-2025 16:51
1742356,Copa,2025-05-21,18:34,Qatar,Inglaterra,0,2,2,2.1,3.4,2.1,3.4,3.4,3.5,2.1,0-2,7.0,21-05-2025 16:51
1742367,Copa,2025-05-21,18:37,Arábia Saudita,Espanha,1,2,3,3.5,2.02,2.02,3.5,3.5,3.75,2.02,1-2,6.5,21-05-2025 16:51
1742374,Copa,2025-05-21,18:40,Croácia,Países Baixos,0,1,1,2.8,2.55,2.8,2.55,2.55,3.3,2.8,0-1,8.5,21-05-2025 16:51
1742380,Copa,2025-05-21,18:43,Argentina,México,0,3,3,2.1,3.4,3.4,2.1,2.1,3.5,3.4,0-3,7.5,21-05-2025 16:51
1742384,Copa,2025-05-21,18:46,Austrália,Qatar,1,1,2,2.87,2.4,2.87,2.4,2.4,3.5,2.87,1-1,7.0,21-05-2025 16:51
1742390,Copa,2025-05-21,18:49,Camarões,Bélgica,0,1,1,2.2,3.2,2.2,3.2,3.2,3.5,2.2,0-1,7.0,21-05-2025 16:51
1742398,Copa,2025-05-21,18:52,Gana,Canadá,1,3,4,2.35,3.0,2.35,3.0,2.35,3.4,3.0,1-3,7.5,21-05-2025 16:51
1742402,Copa,2025-05-21,18:55,Bélgica,País de Gales,1,0,1,3.8,2.0,3.8,2.0,2.0,3.4,3.8,1-0,8.5,21-05-2025 16:51
1742416,Copa,2025-05-21,18:58,Países Baixos,Senegal,0,0,0,3.1,2.35,3.1,2.35,2.35,3.3,3.1,0-0,9.0,21-05-2025 16:51
1742138,Copa,2025-05-21,17:01,Qatar,Coreia do Sul,1,0,1,2.9,2.45,2.9,2.45,2.45,3.4,2.9,1-0,8.0,21-05-2025 16:51
1742144,Copa,2025-05-21,17:04,Suíça,Japão,1,0,1,3.25,2.25,3.25,2.25,2.25,3.4,3.25,1-0,8.5,21-05-2025 16:51
1742150,Copa,2025-05-21,17:07,Qatar,Alemanha,1,0,1,2.2,3.2,2.2,3.2,3.2,3.5,2.2,1-0,7.0,21-05-2025 16:51
1742163,Copa,2025-05-21,17:10,País de Gales,Bélgica,1,1,2,2.3,3.1,2.3,3.1,3.1,3.4,2.3,1-1,8.5,21-05-2025 16:51
1742168,Copa,2025-05-21,17:13,Polônia,Espanha,0,0,0,2.4,2.87,2.4,2.87,2.87,3.5,2.4,0-0,7.0,21-05-2025 16:51
1742174,Copa,2025-05-21,17:16,Uruguai,Arábia Saudita,1,1,2,3.75,2.0,3.75,2.0,2.0,3.6,3.75,1-1,7.0,21-05-2025 16:51
1742179,Copa,2025-05-21,17:19,França,Inglaterra,1,0,1,2.8,2.45,2.8,2.45,2.45,3.5,2.8,1-0,7.0,21-05-2025 16:51
1742188,Copa,2025-05-21,17:22,Marrocos,Croácia,0,2,2,2.55,2.8,2.55,2.8,2.8,3.3,2.55,0-2,8.5,21-05-2025 16:51
1742198,Copa,2025-05-21,17:25,Austrália,Senegal,1,0,1,2.45,2.9,2.45,2.9,2.9,3.3,2.45,1-0,8.5,21-05-2025 16:51
1742202,Copa,2025-05-21,17:28,Canadá,Irã,1,2,3,2.25,3.1,3.1,2.25,2.25,3.5,3.1,1-2,7.0,21-05-2025 16:51
1742209,Copa,2025-05-21,17:31,Gana,Austrália,2,2,4,2.35,2.9,2.35,2.9,2.35,3.5,2.9,2-2,7.0,21-05-2025 16:51
1742220,Copa,2025-05-21,17:34,Canadá,Polônia,0,1,1,2.55,2.8,2.55,2.8,2.8,3.4,2.55,0-1,8.0,21-05-2025 16:51
1742224,Copa,2025-05-21,17:37,Irã,Camarões,1,4,5,2.55,2.62,2.55,2.62,2.55,3.6,2.62,1-4,6.5,21-05-2025 16:51
1742230,Copa,2025-05-21,17:40,Uruguai,Polônia,1,2,3,2.37,3.0,3.0,2.37,2.37,3.4,3.0,1-2,7.5,21-05-2025 16:51
1742236,Copa,2025-05-21,17:43,Inglaterra,Qatar,0,0,0,4.2,1.85,4.2,1.85,1.85,3.6,4.2,0-0,7.5,21-05-2025 16:51
1742243,Copa,2025-05-21,17:46,Polônia,Croácia,3,1,4,2.62,2.7,2.62,2.7,2.62,3.3,2.7,3-1,9.0,21-05-2025 16:51
1742255,Copa,2025-05-21,17:49,Uruguai,Argentina,1,2,3,2.8,2.5,2.5,2.8,2.8,3.5,2.5,1-2,7.5,21-05-2025 16:51
1742259,Copa,2025-05-21,17:52,México,Espanha,2,2,4,2.87,2.4,2.87,2.4,2.87,3.5,2.4,2-2,7.0,21-05-2025 16:51
1742265,Copa,2025-05-21,17:55,Alemanha,Coreia do Sul,0,2,2,3.8,1.95,3.8,1.95,1.95,3.6,3.8,0-2,7.5,21-05-2025 16:51
1742271,Copa,2025-05-21,17:58,Espanha,Tunísia,2,1,3,1.9,4.0,4.0,1.9,1.9,3.6,4.0,2-1,7.0,21-05-2025 16:51
1742001,Copa,2025-05-21,16:01,Irã,Canadá,0,3,3,2.6,2.7,2.7,2.6,2.6,3.5,2.7,0-3,7.0,21-05-2025 16:51
1742009,Copa,2025-05-21,16:04,França,Bélgica,5,2,7,2.3,3.0,2.3,3.0,2.3,3.5,3.0,5-2,7.5,21-05-2025 16:51
1742013,Copa,2025-05-21,16:07,País de Gales,Sérvia,0,0,0,2.7,2.75,2.7,2.75,2.75,3.2,2.7,0-0,10.0,21-05-2025 16:51
1742019,Copa,2025-05-21,16:10,Dinamarca,Bélgica,1,0,1,2.62,2.62,2.62,2.62,2.62,3.5,2.62,1-0,7.5,21-05-2025 16:51
1742024,Copa,2025-05-21,16:13,Espanha,Qatar,1,1,2,4.0,1.9,4.0,1.9,1.9,3.6,4.0,1-1,7.0,21-05-2025 16:51
1742038,Copa,2025-05-21,16:16,Uruguai,Inglaterra,3,2,5,2.87,2.4,2.87,2.4,2.87,3.5,2.4,3-2,7.0,21-05-2025 16:51
1742041,Copa,2025-05-21,16:19,Equador,Arábia Saudita,2,1,3,2.1,3.4,3.4,2.1,2.1,3.6,3.4,2-1,7.0,21-05-2025 16:51
1742051,Copa,2025-05-21,16:22,Uruguai,Qatar,0,1,1,3.5,2.1,3.5,2.1,2.1,3.5,3.5,0-1,7.5,21-05-2025 16:51
1742057,Copa,2025-05-21,16:25,Tunísia,Alemanha,2,0,2,2.2,3.2,2.2,3.2,3.2,3.5,2.2,2-0,7.0,21-05-2025 16:51
1742063,Copa,2025-05-21,16:28,EUA,Polônia,1,0,1,3.0,2.45,3.0,2.45,2.45,3.2,3.0,1-0,10.0,21-05-2025 16:51
1742069,Copa,2025-05-21,16:31,Equador,Espanha,0,0,0,2.35,2.9,2.35,2.9,2.9,3.6,2.35,0-0,6.5,21-05-2025 16:51
1742075,Copa,2025-05-21,16:34,Irã,Uruguai,3,2,5,3.0,2.3,3.0,2.3,3.0,3.5,2.3,3-2,7.0,21-05-2025 16:51
1742081,Copa,2025-05-21,16:37,Costa Rica,Gana,2,1,3,2.6,2.7,2.7,2.6,2.6,3.5,2.7,2-1,7.0,21-05-2025 16:51
1742091,Copa,2025-05-21,16:40,Dinamarca,Países Baixos,1,1,2,2.75,2.5,2.75,2.5,2.5,3.5,2.75,1-1,7.0,21-05-2025 16:51
1742097,Copa,2025-05-21,16:43,Portugal,Sérvia,3,3,6,2.25,3.25,2.25,3.25,2.25,3.4,3.25,3-3,8.5,21-05-2025 16:51
1742105,Copa,2025-05-21,16:46,Canadá,Equador,1,2,3,2.7,2.6,2.6,2.7,2.7,3.4,2.6,1-2,7.5,21-05-2025 16:51
1742109,Copa,2025-05-21,16:49,França,Espanha,3,1,4,2.37,2.87,2.37,2.87,2.37,3.6,2.87,3-1,6.5,21-05-2025 16:51
1742115,Copa,2025-05-21,16:52,Camarões,Marrocos,1,0,1,2.7,2.6,2.7,2.6,2.6,3.5,2.7,1-0,7.0,21-05-2025 16:51
1742128,Copa,2025-05-21,16:55,Costa Rica,Canadá,3,3,6,2.5,2.8,2.5,2.8,2.5,3.4,2.8,3-3,7.5,21-05-2025 16:51
1742134,Copa,2025-05-21,16:58,Japão,Bélgica,0,0,0,2.4,3.0,2.4,3.0,3.0,3.3,2.4,0-0,8.5,21-05-2025 16:51
1741859,Copa,2025-05-21,15:01,Croácia,Sérvia,1,1,2,3.25,2.35,3.25,2.35,2.35,3.1,3.25,1-1,11.0,21-05-2025 16:51
1741865,Copa,2025-05-21,15:04,Países Baixos,Japão,0,0,0,3.5,2.1,3.5,2.1,2.1,3.4,3.5,0-0,8.5,21-05-2025 16:51
1741878,Copa,2025-05-21,15:07,França,País de Gales,1,1,2,4.0,1.9,4.0,1.9,1.9,3.6,4.0,1-1,7.5,21-05-2025 16:51
1741882,Copa,2025-05-21,15:10,Gana,Senegal,0,2,2,2.55,2.8,2.55,2.8,2.8,3.3,2.55,0-2,8.5,21-05-2025 16:51
1741890,Copa,2025-05-21,15:13,EUA,Dinamarca,2,1,3,2.62,2.75,2.75,2.62,2.62,3.3,2.75,2-1,8.5,21-05-2025 16:51
1741893,Copa,2025-05-21,15:16,Uruguai,Costa Rica,1,0,1,3.6,2.05,3.6,2.05,2.05,3.5,3.6,1-0,7.5,21-05-2025 16:51
1741900,Copa,2025-05-21,15:19,Suíça,Países Baixos,1,2,3,2.6,2.62,2.62,2.6,2.6,3.5,2.62,1-2,7.5,21-05-2025 16:51
1741906,Copa,2025-05-21,15:22,Sérvia,Canadá,0,1,1,3.5,2.2,3.5,2.2,2.2,3.25,3.5,0-1,10.0,21-05-2025 16:51
1741917,Copa,2025-05-21,15:25,País de Gales,Coreia do Sul,0,2,2,3.0,2.37,3.0,2.37,2.37,3.4,3.0,0-2,8.5,21-05-2025 16:51
1741923,Copa,2025-05-21,15:28,Canadá,Tunísia,4,1,5,2.45,2.9,2.45,2.9,2.45,3.4,2.9,4-1,8.0,21-05-2025 16:51
1741931,Copa,2025-05-21,15:31,Gana,EUA,1,0,1,2.62,2.75,2.62,2.75,2.75,3.25,2.62,1-0,9.0,21-05-2025 16:51
1741935,Copa,2025-05-21,15:34,Camarões,Qatar,0,0,0,2.87,2.4,2.87,2.4,2.4,3.5,2.87,0-0,7.0,21-05-2025 16:51
1741943,Copa,2025-05-21,15:37,Dinamarca,EUA,1,0,1,3.1,2.35,3.1,2.35,2.35,3.3,3.1,1-0,9.0,21-05-2025 16:51
1741952,Copa,2025-05-21,15:40,Espanha,Croácia,0,0,0,3.2,2.25,3.2,2.25,2.25,3.4,3.2,0-0,7.5,21-05-2025 16:51
1741958,Copa,2025-05-21,15:43,Países Baixos,Suíça,2,1,3,2.3,3.0,3.0,2.3,2.3,3.5,3.0,2-1,7.5,21-05-2025 16:51
1741965,Copa,2025-05-21,15:46,Equador,Costa Rica,1,1,2,3.3,2.15,3.3,2.15,2.15,3.5,3.3,1-1,7.0,21-05-2025 16:51
1741972,Copa,2025-05-21,15:49,Inglaterra,Coreia do Sul,4,1,5,1.85,4.2,1.85,4.2,1.85,3.6,4.2,4-1,7.5,21-05-2025 16:51
1741983,Copa,2025-05-21,15:52,País de Gales,Costa Rica,0,0,0,3.1,2.3,3.1,2.3,2.3,3.4,3.1,0-0,8.0,21-05-2025 16:51
1741986,Copa,2025-05-21,15:55,Portugal,Arábia Saudita,2,0,2,4.0,1.9,4.0,1.9,1.9,3.75,4.0,2-0,6.5,21-05-2025 16:51
1741996,Copa,2025-05-21,15:58,Senegal,Alemanha,3,3,6,2.7,2.62,2.7,2.62,2.7,3.3,2.62,3-3,8.5,21-05-2025 16:51
1741720,Copa,2025-05-21,14:01,Croácia,Alemanha,1,3,4,2.62,2.7,2.62,2.7,2.62,3.4,2.7,1-3,8.0,21-05-2025 16:51
1741726,Copa,2025-05-21,14:04,Irã,Qatar,2,0,2,2.7,2.6,2.7,2.6,2.6,3.5,2.7,2-0,7.0,21-05-2025 16:51
1741731,Copa,2025-05-21,14:07,Tunísia,EUA,1,1,2,2.6,2.87,2.6,2.87,2.87,3.2,2.6,1-1,10.0,21-05-2025 16:51
1741738,Copa,2025-05-21,14:10,Espanha,Uruguai,2,1,3,2.2,3.2,3.2,2.2,2.2,3.6,3.2,2-1,7.0,21-05-2025 16:51
1741749,Copa,2025-05-21,14:13,Dinamarca,Austrália,4,1,5,2.05,3.5,2.05,3.5,2.05,3.6,3.5,4-1,6.5,21-05-2025 16:51
1741757,Copa,2025-05-21,14:16,Países Baixos,Qatar,1,0,1,3.75,2.0,3.75,2.0,2.0,3.5,3.75,1-0,7.5,21-05-2025 16:51
1741761,Copa,2025-05-21,14:19,Espanha,EUA,1,0,1,3.5,2.15,3.5,2.15,2.15,3.4,3.5,1-0,8.5,21-05-2025 16:51
1741769,Copa,2025-05-21,14:22,Gana,Sérvia,1,1,2,2.62,2.75,2.62,2.75,2.75,3.25,2.62,1-1,9.0,21-05-2025 16:51
1741773,Copa,2025-05-21,14:25,Japão,Arábia Saudita,2,2,4,2.15,3.4,2.15,3.4,2.15,3.4,3.4,2-2,8.0,21-05-2025 16:51
1741784,Copa,2025-05-21,14:28,Camarões,México,0,1,1,2.5,2.75,2.5,2.75,2.75,3.5,2.5,0-1,7.0,21-05-2025 16:51
1741790,Copa,2025-05-21,14:31,Dinamarca,Gana,2,0,2,3.4,2.1,3.4,2.1,2.1,3.6,3.4,2-0,7.0,21-05-2025 16:51
1741796,Copa,2025-05-21,14:34,Argentina,Austrália,4,1,5,1.9,4.0,1.9,4.0,1.9,3.6,4.0,4-1,7.0,21-05-2025 16:51
1741802,Copa,2025-05-21,14:37,Sérvia,Espanha,0,1,1,2.45,2.9,2.45,2.9,2.9,3.3,2.45,0-1,8.5,21-05-2025 16:51
1741812,Copa,2025-05-21,14:40,País de Gales,Portugal,0,1,1,2.35,3.0,2.35,3.0,3.0,3.5,2.35,0-1,7.0,21-05-2025 16:51
1741820,Copa,2025-05-21,14:43,Senegal,Suíça,0,0,0,2.9,2.45,2.9,2.45,2.45,3.3,2.9,0-0,8.5,21-05-2025 16:51
1741824,Copa,2025-05-21,14:46,Coreia do Sul,Irã,0,2,2,3.1,2.25,3.1,2.25,2.25,3.5,3.1,0-2,7.0,21-05-2025 16:51
1741832,Copa,2025-05-21,14:49,Uruguai,Equador,1,1,2,3.1,2.3,3.1,2.3,2.3,3.5,3.1,1-1,7.5,21-05-2025 16:51
1741836,Copa,2025-05-21,14:52,México,Coreia do Sul,2,3,5,2.15,3.4,2.15,3.4,2.15,3.4,3.4,2-3,8.0,21-05-2025 16:51
1741847,Copa,2025-05-21,14:55,Canadá,Japão,0,0,0,2.75,2.62,2.75,2.62,2.62,3.3,2.75,0-0,8.5,21-05-2025 16:51
1741853,Copa,2025-05-21,14:58,Equador,Países Baixos,2,0,2,2.5,2.8,2.5,2.8,2.8,3.5,2.5,2-0,7.0,21-05-2025 16:51
1742579,Premier,2025-05-21,20:00,Norwich,United,1,1,2,2.1,3.4,2.1,3.4,3.4,3.5,2.1,1-1,7.0,21-05-2025 16:53
1742580,Premier,2025-05-21,20:03,Leicester,Everton,0,1,1,2.87,2.45,2.87,2.45,2.45,3.5,2.87,0-1,7.0,21-05-2025 16:53
1742581,Premier,2025-05-21,20:06,Islington,Watford,1,0,1,3.75,2.0,3.75,2.0,2.0,3.5,3.75,1-0,7.5,21-05-2025 16:53
1742582,Premier,2025-05-21,20:09,West Ham,Newcastle,1,1,2,3.1,2.3,3.1,2.3,2.3,3.4,3.1,1-1,8.0,21-05-2025 16:53
1742596,Premier,2025-05-21,20:12,Everton,Burnley,0,1,1,3.25,2.15,3.25,2.15,2.15,3.6,3.25,0-1,6.5,21-05-2025 16:53
1742597,Premier,2025-05-21,20:15,Chelsea,United,1,2,3,2.62,2.62,2.62,2.62,2.62,3.5,2.62,1-2,7.5,21-05-2025 16:53
1742630,Premier,2025-05-21,20:18,Palace,Newcastle,0,0,0,2.8,2.4,2.8,2.4,2.4,3.6,2.8,0-0,6.5,21-05-2025 16:53
1742631,Premier,2025-05-21,20:21,Brentford,City,1,1,2,2.05,3.5,2.05,3.5,3.5,3.6,2.05,1-1,7.0,21-05-2025 16:53
1742632,Premier,2025-05-21,20:24,Wolverhampton,Tottenham,1,0,1,2.75,2.55,2.75,2.55,2.55,3.4,2.75,1-0,7.5,21-05-2025 16:53
1742633,Premier,2025-05-21,20:27,Palace,Liverpool,1,1,2,2.35,3.0,2.35,3.0,3.0,3.5,2.35,1-1,7.0,21-05-2025 16:53
1742634,Premier,2025-05-21,20:30,Watford,United,0,1,1,2.15,3.3,2.15,3.3,3.3,3.5,2.15,0-1,7.5,21-05-2025 16:53
1742645,Premier,2025-05-21,20:33,Everton,Leicester,0,4,4,2.45,2.87,2.45,2.87,2.45,3.5,2.87,0-4,7.5,21-05-2025 16:53
1742646,Premier,2025-05-21,20:36,Watford,Islington,1,4,5,3.1,2.3,3.1,2.3,3.1,3.5,2.3,1-4,7.5,21-05-2025 16:53
1742654,Premier,2025-05-21,20:39,Leeds,Leicester,2,2,4,2.55,2.87,2.55,2.87,2.55,3.25,2.87,2-2,9.0,21-05-2025 16:53
1742672,Premier,2025-05-21,20:42,Palace,Aston,2,1,3,2.45,2.9,2.9,2.45,2.45,3.4,2.9,2-1,8.0,21-05-2025 16:53
1742673,Premier,2025-05-21,20:45,City,Norwich,1,2,3,1.76,4.5,4.5,1.76,1.76,3.8,4.5,1-2,7.0,21-05-2025 16:53
1742674,Premier,2025-05-21,20:48,Watford,Wolverhampton,1,0,1,2.4,2.8,2.4,2.8,2.8,3.5,2.4,1-0,7.0,21-05-2025 16:53
1742679,Premier,2025-05-21,20:51,West Ham,Norwich,2,4,6,2.15,3.4,2.15,3.4,2.15,3.4,3.4,2-4,8.5,21-05-2025 16:53
1742445,Premier,2025-05-21,19:00,Palace,Brighton,3,1,4,2.25,3.0,2.25,3.0,2.25,3.6,3.0,3-1,6.5,21-05-2025 16:53
1742446,Premier,2025-05-21,19:03,Newcastle,City,0,2,2,2.07,3.4,2.07,3.4,3.4,3.75,2.07,0-2,6.0,21-05-2025 16:53
1742447,Premier,2025-05-21,19:06,West Ham,Palace,3,0,3,2.3,3.2,3.2,2.3,2.3,3.3,3.2,3-0,8.5,21-05-2025 16:53
1742448,Premier,2025-05-21,19:09,Watford,Brentford,1,0,1,2.9,2.45,2.9,2.45,2.45,3.4,2.9,1-0,8.0,21-05-2025 16:53
1742449,Premier,2025-05-21,19:12,Leeds,United,1,1,2,2.4,3.0,2.4,3.0,3.0,3.3,2.4,1-1,8.5,21-05-2025 16:53
1742481,Premier,2025-05-21,19:15,Brighton,Tottenham,1,1,2,2.3,3.1,2.3,3.1,3.1,3.4,2.3,1-1,7.5,21-05-2025 16:53
1742482,Premier,2025-05-21,19:18,Liverpool,Brentford,1,2,3,2.0,3.75,3.75,2.0,2.0,3.5,3.75,1-2,7.5,21-05-2025 16:53
1742483,Premier,2025-05-21,19:21,Newcastle,Watford,0,1,1,2.9,2.35,2.9,2.35,2.35,3.5,2.9,0-1,7.0,21-05-2025 16:53
1742484,Premier,2025-05-21,19:24,City,United,2,1,3,2.3,3.0,3.0,2.3,2.3,3.5,3.0,2-1,7.0,21-05-2025 16:53
1742485,Premier,2025-05-21,19:27,Norwich,Wolverhampton,1,1,2,2.35,2.9,2.35,2.9,2.9,3.6,2.35,1-1,6.5,21-05-2025 16:53
1742506,Premier,2025-05-21,19:30,Brentford,Burnley,2,1,3,2.4,2.87,2.87,2.4,2.4,3.5,2.87,2-1,7.0,21-05-2025 16:53
1742507,Premier,2025-05-21,19:33,Aston,Brighton,1,1,2,3.1,2.25,3.1,2.25,2.25,3.5,3.1,1-1,7.0,21-05-2025 16:53
1742508,Premier,2025-05-21,19:36,Leeds,Burnley,2,1,3,2.2,3.3,3.3,2.2,2.2,3.4,3.3,2-1,8.5,21-05-2025 16:53
1742536,Premier,2025-05-21,19:39,Norwich,Southampton,0,1,1,2.55,2.8,2.55,2.8,2.8,3.4,2.55,0-1,8.0,21-05-2025 16:53
1742537,Premier,2025-05-21,19:42,Burnley,Brighton,1,2,3,2.35,2.9,2.9,2.35,2.35,3.6,2.9,1-2,6.5,21-05-2025 16:53
1742538,Premier,2025-05-21,19:45,Watford,City,0,2,2,2.05,3.5,2.05,3.5,3.5,3.6,2.05,0-2,7.0,21-05-2025 16:53
1742539,Premier,2025-05-21,19:48,Norwich,Tottenham,1,2,3,3.1,2.3,2.3,3.1,3.1,3.4,2.3,1-2,8.5,21-05-2025 16:53
1742540,Premier,2025-05-21,19:51,Leeds,Aston,3,2,5,2.3,3.25,2.3,3.25,2.3,3.25,3.25,3-2,10.0,21-05-2025 16:53
1742550,Premier,2025-05-21,19:54,Palace,Islington,2,0,2,2.35,3.0,2.35,3.0,3.0,3.5,2.35,2-0,7.0,21-05-2025 16:53
1742578,Premier,2025-05-21,19:57,Leicester,Watford,0,1,1,3.4,2.15,3.4,2.15,2.15,3.4,3.4,0-1,8.0,21-05-2025 16:53
1742307,Premier,2025-05-21,18:00,Tottenham,Leeds,1,1,2,3.4,2.25,3.4,2.25,2.25,3.2,3.4,1-1,10.0,21-05-2025 16:53
1742308,Premier,2025-05-21,18:03,Norwich,Palace,3,0,3,2.6,2.7,2.7,2.6,2.6,3.5,2.7,3-0,7.0,21-05-2025 16:53
1742309,Premier,2025-05-21,18:06,Tottenham,Brentford,3,0,3,2.05,3.75,3.75,2.05,2.05,3.4,3.75,3-0,9.0,21-05-2025 16:53
1742310,Premier,2025-05-21,18:09,Watford,Southampton,2,0,2,2.62,2.7,2.62,2.7,2.7,3.3,2.62,2-0,8.5,21-05-2025 16:53
1742311,Premier,2025-05-21,18:12,Norwich,Everton,2,0,2,2.4,2.8,2.4,2.8,2.8,3.5,2.4,2-0,7.0,21-05-2025 16:53
1742328,Premier,2025-05-21,18:15,Aston,West Ham,1,3,4,2.62,2.75,2.62,2.75,2.62,3.2,2.75,1-3,10.0,21-05-2025 16:53
1742329,Premier,2025-05-21,18:18,Chelsea,Southampton,1,1,2,3.3,2.2,3.3,2.2,2.2,3.4,3.3,1-1,8.0,21-05-2025 16:53
1742330,Premier,2025-05-21,18:21,United,Watford,0,1,1,4.0,1.9,4.0,1.9,1.9,3.6,4.0,0-1,7.5,21-05-2025 16:53
1742361,Premier,2025-05-21,18:24,Brentford,Palace,0,1,1,2.8,2.5,2.8,2.5,2.5,3.4,2.8,0-1,7.5,21-05-2025 16:53
1742362,Premier,2025-05-21,18:27,City,Tottenham,1,3,4,2.15,3.4,2.15,3.4,2.15,3.5,3.4,1-3,8.0,21-05-2025 16:53
1742363,Premier,2025-05-21,18:30,Southampton,Everton,3,0,3,2.5,2.8,2.8,2.5,2.5,3.4,2.8,3-0,7.5,21-05-2025 16:53
1742364,Premier,2025-05-21,18:33,Norwich,West Ham,2,2,4,2.8,2.55,2.8,2.55,2.8,3.3,2.55,2-2,8.5,21-05-2025 16:53
1742365,Premier,2025-05-21,18:36,Wolverhampton,Chelsea,0,5,5,2.6,2.62,2.6,2.62,2.6,3.5,2.62,0-5,6.5,21-05-2025 16:53
1742372,Premier,2025-05-21,18:39,Palace,Everton,2,2,4,2.62,2.55,2.62,2.55,2.62,3.5,2.55,2-2,7.0,21-05-2025 16:53
1742404,Premier,2025-05-21,18:42,Liverpool,Southampton,0,4,4,2.2,3.3,2.2,3.3,2.2,3.4,3.3,0-4,8.0,21-05-2025 16:53
1742405,Premier,2025-05-21,18:45,Newcastle,West Ham,1,4,5,2.62,2.7,2.62,2.7,2.62,3.4,2.7,1-4,8.0,21-05-2025 16:53
1742406,Premier,2025-05-21,18:48,Brentford,Leeds,0,3,3,2.75,2.62,2.62,2.75,2.75,3.25,2.62,0-3,9.0,21-05-2025 16:53
1742407,Premier,2025-05-21,18:51,Southampton,Norwich,1,0,1,3.4,2.15,3.4,2.15,2.15,3.4,3.4,1-0,8.0,21-05-2025 16:53
1742408,Premier,2025-05-21,18:54,Everton,Islington,3,1,4,2.7,2.55,2.7,2.55,2.7,3.5,2.55,3-1,7.0,21-05-2025 16:53
1742414,Premier,2025-05-21,18:57,Leicester,Leeds,1,1,2,3.1,2.4,3.1,2.4,2.4,3.25,3.1,1-1,9.0,21-05-2025 16:53
1742154,Premier,2025-05-21,17:00,Leeds,Everton,0,2,2,2.8,2.5,2.8,2.5,2.5,3.3,2.8,0-2,8.5,21-05-2025 16:53
1742155,Premier,2025-05-21,17:03,Leicester,Aston,1,0,1,3.25,2.25,3.25,2.25,2.25,3.4,3.25,1-0,8.5,21-05-2025 16:53
1742156,Premier,2025-05-21,17:06,Brighton,West Ham,0,2,2,2.5,2.8,2.5,2.8,2.8,3.4,2.5,0-2,8.0,21-05-2025 16:53
1742165,Premier,2025-05-21,17:09,Southampton,Burnley,0,1,1,3.2,2.2,3.2,2.2,2.2,3.5,3.2,0-1,7.5,21-05-2025 16:53
1742190,Premier,2025-05-21,17:12,Watford,Tottenham,0,1,1,2.4,3.0,2.4,3.0,3.0,3.3,2.4,0-1,8.5,21-05-2025 16:53
1742191,Premier,2025-05-21,17:15,Everton,Wolverhampton,0,1,1,2.7,2.5,2.7,2.5,2.5,3.6,2.7,0-1,6.5,21-05-2025 16:53
1742192,Premier,2025-05-21,17:18,Leeds,Brighton,3,3,6,2.15,3.4,2.15,3.4,2.15,3.4,3.4,3-3,8.0,21-05-2025 16:53
1742193,Premier,2025-05-21,17:21,Brentford,Newcastle,1,2,3,2.5,2.75,2.75,2.5,2.5,3.5,2.75,1-2,7.0,21-05-2025 16:53
1742215,Premier,2025-05-21,17:24,Chelsea,Watford,3,0,3,2.0,3.75,3.75,2.0,2.0,3.5,3.75,3-0,7.5,21-05-2025 16:53
1742216,Premier,2025-05-21,17:27,West Ham,Wolverhampton,1,1,2,2.7,2.6,2.7,2.6,2.6,3.4,2.7,1-1,8.0,21-05-2025 16:53
1742217,Premier,2025-05-21,17:30,Aston,Tottenham,1,0,1,2.5,2.9,2.5,2.9,2.9,3.25,2.5,1-0,9.0,21-05-2025 16:53
1742218,Premier,2025-05-21,17:33,Everton,Newcastle,1,1,2,3.1,2.2,3.1,2.2,2.2,3.6,3.1,1-1,6.5,21-05-2025 16:53
1742249,Premier,2025-05-21,17:36,City,Burnley,2,1,3,1.83,4.2,4.2,1.83,1.83,3.8,4.2,2-1,6.5,21-05-2025 16:53
1742250,Premier,2025-05-21,17:39,Brentford,Norwich,0,0,0,3.0,2.35,3.0,2.35,2.35,3.4,3.0,0-0,7.5,21-05-2025 16:53
1742251,Premier,2025-05-21,17:42,Palace,Burnley,1,2,3,2.35,2.9,2.9,2.35,2.35,3.5,2.9,1-2,7.0,21-05-2025 16:53
1742252,Premier,2025-05-21,17:45,Norwich,Aston,0,2,2,2.7,2.6,2.7,2.6,2.6,3.4,2.7,0-2,8.0,21-05-2025 16:53
1742253,Premier,2025-05-21,17:48,West Ham,Everton,2,3,5,2.5,2.8,2.5,2.8,2.5,3.3,2.8,2-3,8.5,21-05-2025 16:53
1742273,Premier,2025-05-21,17:51,Brighton,Norwich,1,2,3,2.4,2.8,2.8,2.4,2.4,3.6,2.8,1-2,6.5,21-05-2025 16:53
1742274,Premier,2025-05-21,17:54,Palace,City,1,1,2,2.07,3.4,2.07,3.4,3.4,3.6,2.07,1-1,6.5,21-05-2025 16:53
1742275,Premier,2025-05-21,17:57,Burnley,Everton,1,2,3,2.75,2.5,2.5,2.75,2.75,3.5,2.5,1-2,6.5,21-05-2025 16:53
1742032,Premier,2025-05-21,16:03,Islington,City,1,1,2,2.45,2.75,2.45,2.75,2.75,3.5,2.45,1-1,6.5,21-05-2025 16:53
1742033,Premier,2025-05-21,16:06,Leeds,Brentford,0,2,2,3.3,2.25,3.3,2.25,2.25,3.3,3.3,0-2,9.0,21-05-2025 16:53
1742034,Premier,2025-05-21,16:09,Southampton,Tottenham,0,1,1,2.62,2.75,2.62,2.75,2.75,3.25,2.62,0-1,9.0,21-05-2025 16:53
1742035,Premier,2025-05-21,16:12,Aston,Liverpool,1,0,1,2.37,3.0,2.37,3.0,3.0,3.4,2.37,1-0,8.0,21-05-2025 16:53
1742036,Premier,2025-05-21,16:15,Leicester,City,1,0,1,2.25,3.1,2.25,3.1,3.1,3.5,2.25,1-0,7.0,21-05-2025 16:53
1742043,Premier,2025-05-21,16:18,Southampton,Newcastle,1,2,3,2.3,3.1,3.1,2.3,2.3,3.5,3.1,1-2,7.0,21-05-2025 16:53
1742059,Premier,2025-05-21,16:21,Tottenham,Burnley,0,1,1,3.6,2.05,3.6,2.05,2.05,3.5,3.6,0-1,8.0,21-05-2025 16:53
1742060,Premier,2025-05-21,16:24,Leicester,Norwich,0,3,3,2.1,3.5,3.5,2.1,2.1,3.5,3.5,0-3,7.5,21-05-2025 16:53
1742083,Premier,2025-05-21,16:27,West Ham,Islington,2,2,4,2.8,2.55,2.8,2.55,2.8,3.3,2.55,2-2,8.5,21-05-2025 16:53
1742084,Premier,2025-05-21,16:30,Southampton,City,4,2,6,3.2,2.2,3.2,2.2,3.2,3.5,2.2,4-2,7.0,21-05-2025 16:53
1742085,Premier,2025-05-21,16:33,Burnley,Liverpool,1,1,2,2.25,3.1,2.25,3.1,3.1,3.5,2.25,1-1,7.0,21-05-2025 16:53
1742086,Premier,2025-05-21,16:36,Wolverhampton,Everton,2,1,3,2.35,2.9,2.9,2.35,2.35,3.6,2.9,2-1,6.5,21-05-2025 16:53
1742117,Premier,2025-05-21,16:39,Leicester,Brighton,0,0,0,3.4,2.1,3.4,2.1,2.1,3.6,3.4,0-0,7.0,21-05-2025 16:53
1742118,Premier,2025-05-21,16:42,Everton,Aston,2,3,5,2.25,3.2,2.25,3.2,2.25,3.5,3.2,2-3,7.5,21-05-2025 16:53
1742119,Premier,2025-05-21,16:45,Chelsea,City,2,1,3,2.75,2.45,2.45,2.75,2.75,3.5,2.45,2-1,6.5,21-05-2025 16:53
1742120,Premier,2025-05-21,16:48,Aston,Newcastle,1,1,2,2.87,2.4,2.87,2.4,2.4,3.5,2.87,1-1,7.0,21-05-2025 16:53
1742121,Premier,2025-05-21,16:51,Everton,Southampton,1,1,2,3.0,2.37,3.0,2.37,2.37,3.4,3.0,1-1,7.5,21-05-2025 16:53
1742152,Premier,2025-05-21,16:54,Tottenham,Palace,0,1,1,3.5,2.1,3.5,2.1,2.1,3.4,3.5,0-1,8.5,21-05-2025 16:53
1742153,Premier,2025-05-21,16:57,Wolverhampton,Aston,1,1,2,3.3,2.15,3.3,2.15,2.15,3.5,3.3,1-1,7.5,21-05-2025 16:53
1741874,Premier,2025-05-21,15:00,Liverpool,Chelsea,2,0,2,2.8,2.45,2.8,2.45,2.45,3.5,2.8,2-0,7.5,21-05-2025 16:53
1741875,Premier,2025-05-21,15:03,Burnley,Leicester,1,1,2,2.5,2.75,2.5,2.75,2.75,3.5,2.5,1-1,7.0,21-05-2025 16:53
1741876,Premier,2025-05-21,15:06,City,Liverpool,3,2,5,2.2,3.2,2.2,3.2,2.2,3.6,3.2,3-2,7.0,21-05-2025 16:53
1741908,Premier,2025-05-21,15:09,Tottenham,Wolverhampton,2,0,2,3.0,2.37,3.0,2.37,2.37,3.4,3.0,2-0,7.5,21-05-2025 16:53
1741909,Premier,2025-05-21,15:12,United,Chelsea,1,2,3,2.3,3.0,3.0,2.3,2.3,3.5,3.0,1-2,7.5,21-05-2025 16:53
1741910,Premier,2025-05-21,15:15,Aston,Everton,1,2,3,2.7,2.6,2.6,2.7,2.7,3.4,2.6,1-2,7.5,21-05-2025 16:53
1741911,Premier,2025-05-21,15:18,Chelsea,Leeds,3,2,5,2.2,3.4,2.2,3.4,2.2,3.3,3.4,3-2,9.0,21-05-2025 16:53
1741912,Premier,2025-05-21,15:21,Leicester,Wolverhampton,1,0,1,2.75,2.5,2.75,2.5,2.5,3.5,2.75,1-0,7.0,21-05-2025 16:53
1741945,Premier,2025-05-21,15:24,Norwich,Brentford,1,3,4,2.5,2.8,2.5,2.8,2.5,3.4,2.8,1-3,7.5,21-05-2025 16:53
1741946,Premier,2025-05-21,15:27,Islington,Leicester,0,2,2,3.2,2.25,3.2,2.25,2.25,3.4,3.2,0-2,7.5,21-05-2025 16:53
1741947,Premier,2025-05-21,15:30,Everton,United,1,4,5,2.87,2.4,2.87,2.4,2.87,3.5,2.4,1-4,7.0,21-05-2025 16:53
1741948,Premier,2025-05-21,15:33,Watford,Leeds,2,3,5,2.75,2.62,2.75,2.62,2.75,3.25,2.62,2-3,9.0,21-05-2025 16:53
1741949,Premier,2025-05-21,15:36,Newcastle,Liverpool,0,1,1,2.35,2.9,2.35,2.9,2.9,3.6,2.35,0-1,6.5,21-05-2025 16:53
1741977,Premier,2025-05-21,15:39,West Ham,Tottenham,1,1,2,2.7,2.75,2.7,2.75,2.75,3.2,2.7,1-1,10.0,21-05-2025 16:53
1741978,Premier,2025-05-21,15:42,Southampton,Brighton,2,1,3,2.15,3.3,3.3,2.15,2.15,3.5,3.3,2-1,7.0,21-05-2025 16:53
1741979,Premier,2025-05-21,15:45,Leicester,Chelsea,1,1,2,2.6,2.7,2.6,2.7,2.7,3.4,2.6,1-1,7.5,21-05-2025 16:53
1741980,Premier,2025-05-21,15:48,United,Burnley,1,1,2,4.0,1.9,4.0,1.9,1.9,3.6,4.0,1-1,7.0,21-05-2025 16:53
1741981,Premier,2025-05-21,15:51,Brentford,Chelsea,1,2,3,3.1,2.3,2.3,3.1,3.1,3.5,2.3,1-2,7.5,21-05-2025 16:53
1741988,Premier,2025-05-21,15:54,Tottenham,Aston,2,1,3,2.1,3.6,3.6,2.1,2.1,3.3,3.6,2-1,9.0,21-05-2025 16:53
1741998,Premier,2025-05-21,15:57,Palace,West Ham,1,2,3,2.62,2.75,2.75,2.62,2.62,3.3,2.75,1-2,8.5,21-05-2025 16:53
1741741,Premier,2025-05-21,14:00,Brentford,Islington,0,4,4,3.1,2.3,3.1,2.3,3.1,3.5,2.3,0-4,7.5,21-05-2025 16:53
1741742,Premier,2025-05-21,14:03,Leicester,Burnley,1,3,4,2.15,3.3,2.15,3.3,2.15,3.5,3.3,1-3,7.0,21-05-2025 16:53
1741743,Premier,2025-05-21,14:06,Wolverhampton,Brighton,3,2,5,2.05,3.4,2.05,3.4,2.05,3.75,3.4,3-2,6.0,21-05-2025 16:53
1741744,Premier,2025-05-21,14:09,Southampton,Chelsea,2,0,2,2.5,2.8,2.5,2.8,2.8,3.4,2.5,2-0,8.0,21-05-2025 16:53
1741775,Premier,2025-05-21,14:12,Brentford,West Ham,1,0,1,2.62,2.75,2.62,2.75,2.75,3.25,2.62,1-0,9.0,21-05-2025 16:53
1741776,Premier,2025-05-21,14:15,Tottenham,Chelsea,1,0,1,2.8,2.55,2.8,2.55,2.55,3.3,2.8,1-0,8.5,21-05-2025 16:53
1741777,Premier,2025-05-21,14:18,West Ham,Norwich,2,0,2,3.4,2.15,3.4,2.15,2.15,3.4,3.4,2-0,8.5,21-05-2025 16:53
1741778,Premier,2025-05-21,14:21,Leeds,Wolverhampton,2,2,4,2.6,2.7,2.6,2.7,2.6,3.4,2.7,2-2,8.0,21-05-2025 16:53
1741779,Premier,2025-05-21,14:24,Brighton,Newcastle,2,1,3,2.55,2.62,2.62,2.55,2.55,3.6,2.62,2-1,6.0,21-05-2025 16:53
1741804,Premier,2025-05-21,14:27,Islington,Chelsea,1,1,2,2.8,2.45,2.8,2.45,2.45,3.5,2.8,1-1,7.5,21-05-2025 16:53
1741805,Premier,2025-05-21,14:30,Brentford,Leicester,2,1,3,2.8,2.55,2.55,2.8,2.8,3.4,2.55,2-1,8.0,21-05-2025 16:53
1741806,Premier,2025-05-21,14:33,City,Chelsea,1,0,1,3.2,2.2,3.2,2.2,2.2,3.6,3.2,1-0,7.0,21-05-2025 16:53
1741807,Premier,2025-05-21,14:36,Newcastle,Leicester,1,1,2,2.55,2.7,2.55,2.7,2.7,3.5,2.55,1-1,7.0,21-05-2025 16:53
1741837,Premier,2025-05-21,14:39,Aston,Palace,1,2,3,2.45,2.9,2.9,2.45,2.45,3.4,2.9,1-2,8.0,21-05-2025 16:53
1741838,Premier,2025-05-21,14:42,Burnley,Tottenham,1,2,3,3.0,2.37,2.37,3.0,3.0,3.4,2.37,1-2,8.0,21-05-2025 16:53
1741839,Premier,2025-05-21,14:45,City,Brighton,2,1,3,1.76,4.33,4.33,1.76,1.76,3.8,4.33,2-1,6.0,21-05-2025 16:53
1741840,Premier,2025-05-21,14:48,Liverpool,Leeds,0,1,1,3.4,2.2,3.4,2.2,2.2,3.3,3.4,0-1,9.0,21-05-2025 16:53
1741841,Premier,2025-05-21,14:51,Brighton,Leicester,0,0,0,2.4,2.87,2.4,2.87,2.87,3.5,2.4,0-0,7.0,21-05-2025 16:53
1741872,Premier,2025-05-21,14:54,Tottenham,City,1,1,2,2.45,2.9,2.45,2.9,2.9,3.4,2.45,1-1,7.5,21-05-2025 16:53
1741873,Premier,2025-05-21,14:57,Islington,Brentford,1,1,2,3.75,2.0,3.75,2.0,2.0,3.5,3.75,1-1,7.5,21-05-2025 16:53
1742559,Super,2025-05-21,20:01,La Boca,Buenos Aires,1,3,4,2.45,2.87,2.45,2.87,2.45,3.5,2.87,1-3,7.5,21-05-2025 16:51
1742566,Super,2025-05-21,20:04,Rio de Janeiro,Montevideo,0,0,0,4.0,1.9,4.0,1.9,1.9,3.6,4.0,0-0,7.0,21-05-2025 16:51
1742571,Super,2025-05-21,20:07,La Plata,Santos,1,2,3,2.5,3.0,3.0,2.5,2.5,3.2,3.0,1-2,10.0,21-05-2025 16:51
1742577,Super,2025-05-21,20:10,Asuncion,Itaquera,0,1,1,2.37,3.0,2.37,3.0,3.0,3.4,2.37,0-1,8.0,21-05-2025 16:51
1742589,Super,2025-05-21,20:13,Buenos Aires,Santos,0,0,0,3.0,2.3,3.0,2.3,2.3,3.5,3.0,0-0,7.5,21-05-2025 16:51
1742595,Super,2025-05-21,20:16,Medellin,La Plata,0,2,2,2.6,2.87,2.6,2.87,2.87,3.2,2.6,0-2,10.0,21-05-2025 16:51
1742602,Super,2025-05-21,20:19,Buenos Aires,Bogota,2,0,2,3.3,2.2,3.3,2.2,2.2,3.4,3.3,2-0,8.0,21-05-2025 16:51
1742608,Super,2025-05-21,20:22,Sao Paulo,Quito,3,0,3,2.25,3.1,3.1,2.25,2.25,3.5,3.1,3-0,7.0,21-05-2025 16:51
1742615,Super,2025-05-21,20:25,Lima,Belo Horizonte,1,2,3,3.8,1.93,1.93,3.8,3.8,3.75,1.93,1-2,6.5,21-05-2025 16:51
1742622,Super,2025-05-21,20:28,Sao Paulo,Rio de Janeiro,2,3,5,2.75,2.45,2.75,2.45,2.75,3.5,2.45,2-3,6.5,21-05-2025 16:51
1742626,Super,2025-05-21,20:31,Buenos Aires,Lima,1,0,1,4.0,1.9,4.0,1.9,1.9,3.75,4.0,1-0,6.5,21-05-2025 16:51
1742638,Super,2025-05-21,20:34,Avellaneda,Santiago,0,0,0,3.4,2.1,3.4,2.1,2.1,3.6,3.4,0-0,7.0,21-05-2025 16:51
1742644,Super,2025-05-21,20:37,Quito,Lima,0,1,1,3.3,2.15,3.3,2.15,2.15,3.5,3.3,0-1,7.0,21-05-2025 16:51
1742656,Super,2025-05-21,20:40,La Boca,Sao Paulo,1,0,1,3.1,2.3,3.1,2.3,2.3,3.5,3.1,1-0,7.5,21-05-2025 16:51
1742659,Super,2025-05-21,20:43,Bogota,Quito,4,1,5,2.37,3.1,2.37,3.1,2.37,3.25,3.1,4-1,9.0,21-05-2025 16:51
1742665,Super,2025-05-21,20:46,Rio de Janeiro,Porto Alegre,0,1,1,3.6,2.15,3.6,2.15,2.15,3.3,3.6,0-1,9.0,21-05-2025 16:51
1742671,Super,2025-05-21,20:49,Bogota,Penarol,1,3,4,2.4,3.1,2.4,3.1,2.4,3.2,3.1,1-3,10.0,21-05-2025 16:51
1742420,Super,2025-05-21,19:01,Guayaquil,La Plata,1,1,2,2.62,2.7,2.62,2.7,2.7,3.3,2.62,1-1,8.5,21-05-2025 16:51
1742427,Super,2025-05-21,19:04,Porto Alegre,Buenos Aires,2,0,2,2.62,2.7,2.62,2.7,2.7,3.3,2.62,2-0,8.5,21-05-2025 16:51
1742433,Super,2025-05-21,19:07,La Boca,Avellaneda,1,0,1,3.25,2.25,3.25,2.25,2.25,3.4,3.25,1-0,8.5,21-05-2025 16:51
1742439,Super,2025-05-21,19:10,Rio de Janeiro,Lima,2,1,3,1.8,4.33,4.33,1.8,1.8,3.75,4.33,2-1,7.0,21-05-2025 16:51
1742444,Super,2025-05-21,19:13,Avellaneda,La Plata,3,2,5,2.55,2.87,2.55,2.87,2.55,3.25,2.87,3-2,9.0,21-05-2025 16:51
1742455,Super,2025-05-21,19:16,Belo Horizonte,Rio de Janeiro,1,1,2,3.0,2.3,3.0,2.3,2.3,3.5,3.0,1-1,7.0,21-05-2025 16:51
1742463,Super,2025-05-21,19:19,Guayaquil,Bogota,1,1,2,2.8,2.55,2.8,2.55,2.55,3.3,2.8,1-1,8.5,21-05-2025 16:51
1742467,Super,2025-05-21,19:22,Santos,Medellin,1,1,2,3.4,2.2,3.4,2.2,2.2,3.3,3.4,1-1,9.0,21-05-2025 16:51
1742474,Super,2025-05-21,19:25,La Plata,Santiago,1,0,1,3.6,2.05,3.6,2.05,2.05,3.5,3.6,1-0,8.0,21-05-2025 16:51
1742480,Super,2025-05-21,19:28,Bogota,Porto Alegre,2,2,4,2.6,2.9,2.6,2.9,2.6,3.1,2.9,2-2,11.0,21-05-2025 16:51
1742490,Super,2025-05-21,19:31,Santos,Agua Branca,2,1,3,2.7,2.6,2.6,2.7,2.7,3.4,2.6,2-1,7.5,21-05-2025 16:51
1742497,Super,2025-05-21,19:34,Belo Horizonte,Santiago,2,0,2,4.33,1.76,4.33,1.76,1.76,3.8,4.33,2-0,6.0,21-05-2025 16:51
1742503,Super,2025-05-21,19:37,Santos,La Boca,1,0,1,2.7,2.62,2.7,2.62,2.62,3.3,2.7,1-0,9.0,21-05-2025 16:51
1742512,Super,2025-05-21,19:40,Porto Alegre,Bogota,3,0,3,2.4,3.2,3.2,2.4,2.4,3.1,3.2,3-0,11.0,21-05-2025 16:51
1742518,Super,2025-05-21,19:43,La Plata,Sao Paulo,0,0,0,2.9,2.45,2.9,2.45,2.45,3.4,2.9,0-0,8.0,21-05-2025 16:51
1742523,Super,2025-05-21,19:46,Agua Branca,La Boca,1,1,2,3.0,2.4,3.0,2.4,2.4,3.4,3.0,1-1,7.5,21-05-2025 16:51
1742530,Super,2025-05-21,19:49,Itaquera,Guayaquil,1,1,2,3.3,2.15,3.3,2.15,2.15,3.5,3.3,1-1,7.5,21-05-2025 16:51
1742542,Super,2025-05-21,19:52,Medellin,Sao Paulo,1,2,3,2.75,2.5,2.5,2.75,2.75,3.5,2.5,1-2,7.0,21-05-2025 16:51
1742546,Super,2025-05-21,19:55,Penarol,Buenos Aires,1,1,2,2.45,2.87,2.45,2.87,2.87,3.4,2.45,1-1,7.5,21-05-2025 16:51
1742554,Super,2025-05-21,19:58,Itaquera,Sao Paulo,4,0,4,2.35,2.9,2.35,2.9,2.35,3.5,2.9,4-0,7.0,21-05-2025 16:51
1742281,Super,2025-05-21,18:01,Penarol,Santos,0,1,1,2.62,2.75,2.62,2.75,2.75,3.25,2.62,0-1,9.0,21-05-2025 16:51
1742287,Super,2025-05-21,18:04,Bogota,Belo Horizonte,1,1,2,2.25,3.25,2.25,3.25,3.25,3.4,2.25,1-1,8.0,21-05-2025 16:51
1742293,Super,2025-05-21,18:07,Santiago,Porto Alegre,0,1,1,2.45,2.9,2.45,2.9,2.9,3.3,2.45,0-1,8.5,21-05-2025 16:51
1742299,Super,2025-05-21,18:10,Asuncion,Sao Paulo,2,2,4,2.8,2.4,2.8,2.4,2.8,3.5,2.4,2-2,7.0,21-05-2025 16:51
1742304,Super,2025-05-21,18:13,Rio de Janeiro,Belo Horizonte,2,2,4,2.6,2.62,2.6,2.62,2.6,3.5,2.62,2-2,6.5,21-05-2025 16:51
1742317,Super,2025-05-21,18:16,Itaquera,Avellaneda,1,0,1,3.1,2.3,3.1,2.3,2.3,3.4,3.1,1-0,8.0,21-05-2025 16:51
1742322,Super,2025-05-21,18:19,Penarol,Agua Branca,1,1,2,2.37,3.0,2.37,3.0,3.0,3.4,2.37,1-1,8.0,21-05-2025 16:51
1742327,Super,2025-05-21,18:22,Lima,Medellin,2,0,2,2.6,2.7,2.6,2.7,2.7,3.4,2.6,2-0,7.5,21-05-2025 16:51
1742337,Super,2025-05-21,18:25,Guayaquil,La Boca,0,1,1,2.45,2.9,2.45,2.9,2.9,3.4,2.45,0-1,7.5,21-05-2025 16:51
1742342,Super,2025-05-21,18:28,Porto Alegre,Santos,1,2,3,2.55,2.9,2.9,2.55,2.55,3.2,2.9,1-2,10.0,21-05-2025 16:51
1742349,Super,2025-05-21,18:31,Guayaquil,Medellin,2,1,3,2.37,3.0,3.0,2.37,2.37,3.4,3.0,2-1,7.5,21-05-2025 16:51
1742354,Super,2025-05-21,18:34,Penarol,Lima,1,1,2,3.4,2.15,3.4,2.15,2.15,3.4,3.4,1-1,8.0,21-05-2025 16:51
1742360,Super,2025-05-21,18:37,Bogota,Avellaneda,1,2,3,2.55,2.87,2.87,2.55,2.55,3.25,2.87,1-2,9.0,21-05-2025 16:51
1742371,Super,2025-05-21,18:40,La Boca,Belo Horizonte,0,2,2,2.5,2.8,2.5,2.8,2.8,3.5,2.5,0-2,7.5,21-05-2025 16:51
1742378,Super,2025-05-21,18:43,Buenos Aires,Quito,0,0,0,3.4,2.1,3.4,2.1,2.1,3.6,3.4,0-0,7.0,21-05-2025 16:51
1742385,Super,2025-05-21,18:46,Rio de Janeiro,Agua Branca,2,0,2,2.9,2.37,2.9,2.37,2.37,3.5,2.9,2-0,7.0,21-05-2025 16:51
1742391,Super,2025-05-21,18:49,Santos,Asuncion,1,1,2,3.5,2.1,3.5,2.1,2.1,3.4,3.5,1-1,8.5,21-05-2025 16:51
1742396,Super,2025-05-21,18:52,Porto Alegre,Itaquera,1,2,3,2.62,2.75,2.75,2.62,2.62,3.2,2.75,1-2,10.0,21-05-2025 16:51
1742403,Super,2025-05-21,18:55,La Plata,Belo Horizonte,0,1,1,2.37,3.0,2.37,3.0,3.0,3.4,2.37,0-1,8.0,21-05-2025 16:51
1742413,Super,2025-05-21,18:58,Buenos Aires,Itaquera,2,0,2,2.9,2.37,2.9,2.37,2.37,3.5,2.9,2-0,7.0,21-05-2025 16:51
1742139,Super,2025-05-21,17:01,Guayaquil,Belo Horizonte,3,1,4,3.25,2.15,3.25,2.15,3.25,3.6,2.15,3-1,6.5,21-05-2025 16:51
1742145,Super,2025-05-21,17:04,Santos,Santiago,3,0,3,2.05,3.6,3.6,2.05,2.05,3.6,3.6,3-0,7.0,21-05-2025 16:51
1742151,Super,2025-05-21,17:07,Quito,Rio de Janeiro,0,1,1,2.3,3.1,2.3,3.1,3.1,3.4,2.3,0-1,7.5,21-05-2025 16:51
1742161,Super,2025-05-21,17:10,Guayaquil,Montevideo,2,1,3,2.3,3.0,3.0,2.3,2.3,3.6,3.0,2-1,6.5,21-05-2025 16:51
1742169,Super,2025-05-21,17:13,Rio de Janeiro,Bogota,2,0,2,3.75,2.07,3.75,2.07,2.07,3.4,3.75,2-0,9.0,21-05-2025 16:51
1742175,Super,2025-05-21,17:16,Quito,Buenos Aires,0,0,0,2.4,2.87,2.4,2.87,2.87,3.5,2.4,0-0,7.0,21-05-2025 16:51
1742183,Super,2025-05-21,17:19,Avellaneda,Medellin,1,0,1,3.25,2.25,3.25,2.25,2.25,3.4,3.25,1-0,8.5,21-05-2025 16:51
1742186,Super,2025-05-21,17:22,Quito,Sao Paulo,0,1,1,2.55,2.62,2.55,2.62,2.62,3.5,2.55,0-1,7.0,21-05-2025 16:51
1742196,Super,2025-05-21,17:25,Itaquera,Penarol,1,2,3,2.2,3.4,3.4,2.2,2.2,3.3,3.4,1-2,9.0,21-05-2025 16:51
1742203,Super,2025-05-21,17:28,La Plata,Medellin,0,2,2,3.5,2.2,3.5,2.2,2.2,3.25,3.5,0-2,10.0,21-05-2025 16:51
1742210,Super,2025-05-21,17:31,Bogota,Itaquera,2,2,4,2.75,2.62,2.75,2.62,2.75,3.25,2.62,2-2,9.0,21-05-2025 16:51
1742214,Super,2025-05-21,17:34,La Plata,Rio de Janeiro,0,0,0,2.55,2.8,2.55,2.8,2.8,3.3,2.55,0-0,8.5,21-05-2025 16:51
1742225,Super,2025-05-21,17:37,Santiago,Guayaquil,2,0,2,2.55,2.62,2.55,2.62,2.62,3.6,2.55,2-0,6.5,21-05-2025 16:51
1742231,Super,2025-05-21,17:40,Asuncion,Penarol,0,1,1,2.75,2.62,2.75,2.62,2.62,3.3,2.75,0-1,8.5,21-05-2025 16:51
1742237,Super,2025-05-21,17:43,La Boca,Quito,0,1,1,3.5,2.1,3.5,2.1,2.1,3.4,3.5,0-1,8.5,21-05-2025 16:51
1742244,Super,2025-05-21,17:46,Asuncion,Santos,1,3,4,2.9,2.45,2.9,2.45,2.9,3.3,2.45,1-3,8.5,21-05-2025 16:51
1742248,Super,2025-05-21,17:49,Itaquera,Bogota,1,1,2,3.3,2.25,3.3,2.25,2.25,3.3,3.3,1-1,9.0,21-05-2025 16:51
1742260,Super,2025-05-21,17:52,Rio de Janeiro,Buenos Aires,4,2,6,2.3,3.0,2.3,3.0,2.3,3.6,3.0,4-2,6.5,21-05-2025 16:51
1742266,Super,2025-05-21,17:55,Itaquera,Medellin,3,3,6,2.1,3.5,2.1,3.5,2.1,3.4,3.5,3-3,8.5,21-05-2025 16:51
1742272,Super,2025-05-21,17:58,Santiago,Quito,0,1,1,2.55,2.62,2.55,2.62,2.62,3.5,2.55,0-1,7.0,21-05-2025 16:51
1742002,Super,2025-05-21,16:01,Lima,Quito,0,1,1,2.5,2.75,2.5,2.75,2.75,3.5,2.5,0-1,7.0,21-05-2025 16:51
1742007,Super,2025-05-21,16:04,Bogota,Santos,3,0,3,2.62,2.75,2.75,2.62,2.62,3.2,2.75,3-0,10.0,21-05-2025 16:51
1742014,Super,2025-05-21,16:07,Montevideo,Rio de Janeiro,0,1,1,2.15,3.3,2.15,3.3,3.3,3.6,2.15,0-1,7.0,21-05-2025 16:51
1742020,Super,2025-05-21,16:10,Quito,Porto Alegre,1,0,1,2.75,2.7,2.75,2.7,2.7,3.2,2.75,1-0,10.0,21-05-2025 16:51
1742029,Super,2025-05-21,16:13,Santiago,Rio de Janeiro,4,3,7,3.4,2.07,3.4,2.07,3.4,3.6,2.07,4-3,6.5,21-05-2025 16:51
1742031,Super,2025-05-21,16:16,Montevideo,Porto Alegre,0,1,1,2.55,2.8,2.55,2.8,2.8,3.3,2.55,0-1,8.5,21-05-2025 16:51
1742042,Super,2025-05-21,16:19,Belo Horizonte,Itaquera,1,3,4,2.15,3.4,2.15,3.4,2.15,3.5,3.4,1-3,7.0,21-05-2025 16:51
1742048,Super,2025-05-21,16:22,Rio de Janeiro,Santiago,2,0,2,4.2,1.85,4.2,1.85,1.85,3.75,4.2,2-0,6.5,21-05-2025 16:51
1742055,Super,2025-05-21,16:25,Santos,Quito,1,0,1,3.25,2.25,3.25,2.25,2.25,3.4,3.25,1-0,8.5,21-05-2025 16:51
1742064,Super,2025-05-21,16:28,Guayaquil,Buenos Aires,3,2,5,2.8,2.4,2.8,2.4,2.8,3.6,2.4,3-2,6.5,21-05-2025 16:51
1742072,Super,2025-05-21,16:31,Medellin,La Boca,1,0,1,2.4,3.0,2.4,3.0,3.0,3.3,2.4,1-0,8.5,21-05-2025 16:51
1742076,Super,2025-05-21,16:34,Sao Paulo,La Plata,0,0,0,2.87,2.45,2.87,2.45,2.45,3.4,2.87,0-0,8.0,21-05-2025 16:51
1742082,Super,2025-05-21,16:37,Penarol,Porto Alegre,1,2,3,2.7,2.8,2.8,2.7,2.7,3.1,2.8,1-2,11.0,21-05-2025 16:51
1742092,Super,2025-05-21,16:40,Buenos Aires,Rio de Janeiro,3,3,6,2.6,2.62,2.6,2.62,2.6,3.5,2.62,3-3,6.5,21-05-2025 16:51
1742098,Super,2025-05-21,16:43,Bogota,Santiago,2,2,4,2.15,3.4,2.15,3.4,2.15,3.4,3.4,2-2,8.0,21-05-2025 16:51
1742103,Super,2025-05-21,16:46,Belo Horizonte,Guayaquil,2,0,2,3.8,1.9,3.8,1.9,1.9,3.75,3.8,2-0,6.5,21-05-2025 16:51
1742110,Super,2025-05-21,16:49,Itaquera,Buenos Aires,4,1,5,2.5,2.75,2.5,2.75,2.5,3.5,2.75,4-1,7.0,21-05-2025 16:51
1742116,Super,2025-05-21,16:52,Bogota,La Plata,1,0,1,2.8,2.7,2.8,2.7,2.7,3.1,2.8,1-0,11.0,21-05-2025 16:51
1742126,Super,2025-05-21,16:55,Medellin,Santiago,0,0,0,3.1,2.25,3.1,2.25,2.25,3.5,3.1,0-0,7.0,21-05-2025 16:51
1742132,Super,2025-05-21,16:58,Montevideo,Buenos Aires,1,1,2,2.25,3.0,2.25,3.0,3.0,3.6,2.25,1-1,6.5,21-05-2025 16:51
1741860,Super,2025-05-21,15:01,Itaquera,Agua Branca,2,0,2,2.62,2.6,2.62,2.6,2.6,3.5,2.62,2-0,7.5,21-05-2025 16:51
1741866,Super,2025-05-21,15:04,Asuncion,La Plata,1,3,4,2.9,2.5,2.9,2.5,2.9,3.25,2.5,1-3,9.0,21-05-2025 16:51
1741871,Super,2025-05-21,15:07,Sao Paulo,Penarol,0,0,0,3.2,2.25,3.2,2.25,2.25,3.4,3.2,0-0,7.5,21-05-2025 16:51
1741883,Super,2025-05-21,15:10,Lima,Montevideo,0,3,3,2.55,2.62,2.62,2.55,2.55,3.6,2.62,0-3,6.5,21-05-2025 16:51
1741888,Super,2025-05-21,15:13,Asuncion,Bogota,2,3,5,2.75,2.62,2.75,2.62,2.75,3.25,2.62,2-3,9.0,21-05-2025 16:51
1741894,Super,2025-05-21,15:16,Itaquera,Porto Alegre,0,1,1,3.2,2.35,3.2,2.35,2.35,3.2,3.2,0-1,10.0,21-05-2025 16:51
1741901,Super,2025-05-21,15:19,Asuncion,Guayaquil,2,0,2,2.7,2.6,2.7,2.6,2.6,3.5,2.7,2-0,7.0,21-05-2025 16:51
1741907,Super,2025-05-21,15:22,Sao Paulo,Porto Alegre,1,2,3,2.4,3.0,3.0,2.4,2.4,3.3,3.0,1-2,8.5,21-05-2025 16:51
1741918,Super,2025-05-21,15:25,Rio de Janeiro,Santos,1,1,2,3.3,2.2,3.3,2.2,2.2,3.4,3.3,1-1,8.0,21-05-2025 16:51
1741924,Super,2025-05-21,15:28,Buenos Aires,Sao Paulo,3,2,5,2.3,3.0,2.3,3.0,2.3,3.6,3.0,3-2,6.0,21-05-2025 16:51
1741929,Super,2025-05-21,15:31,Asuncion,Belo Horizonte,0,0,0,2.05,3.5,2.05,3.5,3.5,3.6,2.05,0-0,7.0,21-05-2025 16:51
1741936,Super,2025-05-21,15:34,La Plata,La Boca,2,0,2,2.75,2.7,2.75,2.7,2.7,3.2,2.75,2-0,10.0,21-05-2025 16:51
1741941,Super,2025-05-21,15:37,Belo Horizonte,Santos,0,1,1,3.5,2.07,3.5,2.07,2.07,3.5,3.5,0-1,7.5,21-05-2025 16:51
1741953,Super,2025-05-21,15:40,Agua Branca,Penarol,2,1,3,2.07,3.6,3.6,2.07,2.07,3.5,3.6,2-1,8.0,21-05-2025 16:51
1741961,Super,2025-05-21,15:43,Medellin,Belo Horizonte,0,3,3,3.4,2.1,2.1,3.4,3.4,3.5,2.1,0-3,7.0,21-05-2025 16:51
1741966,Super,2025-05-21,15:46,La Plata,Asuncion,5,0,5,2.1,3.6,2.1,3.6,2.1,3.3,3.6,5-0,9.0,21-05-2025 16:51
1741970,Super,2025-05-21,15:49,Avellaneda,Buenos Aires,0,0,0,2.55,2.7,2.55,2.7,2.7,3.5,2.55,0-0,7.0,21-05-2025 16:51
1741976,Super,2025-05-21,15:52,Sao Paulo,Agua Branca,2,3,5,2.7,2.55,2.7,2.55,2.7,3.6,2.55,2-3,6.5,21-05-2025 16:51
1741987,Super,2025-05-21,15:55,Belo Horizonte,Montevideo,0,1,1,4.2,1.83,4.2,1.83,1.83,3.8,4.2,0-1,6.5,21-05-2025 16:51
1741993,Super,2025-05-21,15:58,Itaquera,La Plata,0,0,0,3.1,2.4,3.1,2.4,2.4,3.25,3.1,0-0,9.0,21-05-2025 16:51
1741721,Super,2025-05-21,14:01,Porto Alegre,Rio de Janeiro,0,0,0,2.5,2.9,2.5,2.9,2.9,3.25,2.5,0-0,9.0,21-05-2025 16:51
1741732,Super,2025-05-21,14:04,Santiago,La Boca,0,1,1,2.2,3.2,2.2,3.2,3.2,3.5,2.2,0-1,7.0,21-05-2025 16:51
1741733,Super,2025-05-21,14:07,Asuncion,Quito,0,1,1,2.7,2.6,2.7,2.6,2.6,3.4,2.7,0-1,8.0,21-05-2025 16:51
1741739,Super,2025-05-21,14:10,Buenos Aires,La Plata,2,3,5,2.35,3.1,2.35,3.1,2.35,3.4,3.1,2-3,8.0,21-05-2025 16:51
1741750,Super,2025-05-21,14:13,Montevideo,Agua Branca,1,1,2,2.2,3.2,2.2,3.2,3.2,3.6,2.2,1-1,6.5,21-05-2025 16:51
1741755,Super,2025-05-21,14:16,La Boca,Penarol,3,0,3,2.15,3.6,3.6,2.15,2.15,3.3,3.6,3-0,9.0,21-05-2025 16:51
1741762,Super,2025-05-21,14:19,Medellin,Montevideo,0,1,1,3.0,2.35,3.0,2.35,2.35,3.4,3.0,0-1,7.5,21-05-2025 16:51
1741768,Super,2025-05-21,14:22,Buenos Aires,Porto Alegre,4,3,7,2.25,3.25,2.25,3.25,2.25,3.4,3.25,4-3,8.5,21-05-2025 16:51
1741774,Super,2025-05-21,14:25,Guayaquil,Sao Paulo,3,0,3,2.62,2.55,2.55,2.62,2.62,3.6,2.55,3-0,6.5,21-05-2025 16:51
1741785,Super,2025-05-21,14:28,Avellaneda,Rio de Janeiro,2,1,3,2.9,2.45,2.45,2.9,2.9,3.4,2.45,2-1,7.5,21-05-2025 16:51
1741791,Super,2025-05-21,14:31,Belo Horizonte,Lima,2,1,3,1.72,4.75,4.75,1.72,1.72,3.8,4.75,2-1,6.5,21-05-2025 16:51
1741797,Super,2025-05-21,14:34,Guayaquil,Asuncion,1,0,1,3.1,2.3,3.1,2.3,2.3,3.5,3.1,1-0,7.0,21-05-2025 16:51
1741803,Super,2025-05-21,14:37,Buenos Aires,Avellaneda,0,1,1,3.1,2.25,3.1,2.25,2.25,3.5,3.1,0-1,7.0,21-05-2025 16:51
1741813,Super,2025-05-21,14:40,Itaquera,Rio de Janeiro,2,0,2,2.6,2.7,2.6,2.7,2.7,3.4,2.6,2-0,7.5,21-05-2025 16:51
1741818,Super,2025-05-21,14:43,Porto Alegre,Penarol,1,1,2,3.3,2.35,3.3,2.35,2.35,3.1,3.3,1-1,11.0,21-05-2025 16:51
1741825,Super,2025-05-21,14:46,Medellin,Quito,0,0,0,2.8,2.5,2.8,2.5,2.5,3.3,2.8,0-0,8.5,21-05-2025 16:51
1741830,Super,2025-05-21,14:49,Lima,La Plata,0,0,0,2.3,3.1,2.3,3.1,3.1,3.4,2.3,0-0,8.5,21-05-2025 16:51
1741845,Super,2025-05-21,14:52,Bogota,Guayaquil,0,1,1,3.0,2.37,3.0,2.37,2.37,3.4,3.0,0-1,8.5,21-05-2025 16:51
1741848,Super,2025-05-21,14:55,La Plata,Itaquera,0,0,0,2.87,2.55,2.87,2.55,2.55,3.25,2.87,0-0,9.0,21-05-2025 16:51
1741854,Super,2025-05-21,14:58,Rio de Janeiro,Guayaquil,2,2,4,2.0,3.6,2.0,3.6,2.0,3.6,3.6,2-2,7.0,21-05-2025 16:51
1767036,Euro,2025-05-28,3:02,França,Bélgica,4,0,4,2.25,3.1,2.25,3.1,2.25,3.6,3.1,4-0,6.5,28-05-2025 23:38
1767043,Euro,2025-05-28,3:05,República Tcheca,Inglaterra,0,0,0,2.37,3.0,2.37,3.0,3.0,3.4,2.37,0-0,8.0,28-05-2025 23:38
1767050,Euro,2025-05-28,3:08,Turquia,Croácia,4,1,5,2.55,2.8,2.55,2.8,2.55,3.3,2.8,4-1,8.5,28-05-2025 23:38
1767057,Euro,2025-05-28,3:11,Geórgia,Ucrânia,1,1,2,2.62,2.7,2.62,2.7,2.7,3.3,2.62,1-1,8.5,28-05-2025 23:38
1767063,Euro,2025-05-28,3:14,França,Turquia,1,0,1,3.4,2.15,3.4,2.15,2.15,3.5,3.4,1-0,8.0,28-05-2025 23:38
1767071,Euro,2025-05-28,3:17,Inglaterra,República Tcheca,0,0,0,3.6,2.07,3.6,2.07,2.07,3.4,3.6,0-0,8.0,28-05-2025 23:38
1767078,Euro,2025-05-28,3:20,Romênia,Albânia,1,0,1,2.9,2.5,2.9,2.5,2.5,3.3,2.9,1-0,9.0,28-05-2025 23:38
1767085,Euro,2025-05-28,3:23,Inglaterra,Eslováquia,1,2,3,1.9,4.0,4.0,1.9,1.9,3.6,4.0,1-2,7.0,28-05-2025 23:38
1767095,Euro,2025-05-28,3:26,Suíça,Turquia,1,0,1,2.87,2.45,2.87,2.45,2.45,3.4,2.87,1-0,8.0,28-05-2025 23:38
1767099,Euro,2025-05-28,3:29,Hungria,Eslováquia,0,0,0,3.25,2.25,3.25,2.25,2.25,3.4,3.25,0-0,8.5,28-05-2025 23:38
1767106,Euro,2025-05-28,3:32,Alemanha,República Tcheca,1,2,3,2.15,3.5,3.5,2.15,2.15,3.4,3.5,1-2,8.5,28-05-2025 23:38
1767113,Euro,2025-05-28,3:35,Hungria,Países Baixos,3,0,3,2.6,2.7,2.7,2.6,2.6,3.5,2.7,3-0,7.0,28-05-2025 23:38
1766896,Euro,2025-05-28,2:02,Polônia,Turquia,1,0,1,2.75,2.7,2.75,2.7,2.7,3.2,2.75,1-0,10.0,28-05-2025 23:38
1766903,Euro,2025-05-28,2:05,Alemanha,Romênia,2,1,3,2.05,3.5,3.5,2.05,2.05,3.6,3.5,2-1,6.5,28-05-2025 23:38
1766910,Euro,2025-05-28,2:08,Croácia,Polônia,2,1,3,2.25,3.25,3.25,2.25,2.25,3.4,3.25,2-1,8.5,28-05-2025 23:38
1766916,Euro,2025-05-28,2:11,Eslováquia,Hungria,0,0,0,2.62,2.7,2.62,2.7,2.7,3.3,2.62,0-0,8.5,28-05-2025 23:38
1766923,Euro,2025-05-28,2:14,Eslovênia,Ucrânia,1,1,2,3.0,2.45,3.0,2.45,2.45,3.2,3.0,1-1,10.0,28-05-2025 23:38
1766931,Euro,2025-05-28,2:17,Itália,Turquia,1,0,1,3.1,2.35,3.1,2.35,2.35,3.3,3.1,1-0,9.0,28-05-2025 23:38
1766938,Euro,2025-05-28,2:20,Inglaterra,Croácia,0,1,1,3.2,2.2,3.2,2.2,2.2,3.6,3.2,0-1,7.0,28-05-2025 23:38
1766945,Euro,2025-05-28,2:23,Sérvia,Turquia,2,3,5,2.5,3.0,2.5,3.0,2.5,3.2,3.0,2-3,10.0,28-05-2025 23:38
1766952,Euro,2025-05-28,2:26,Croácia,Áustria,1,2,3,2.37,3.0,3.0,2.37,2.37,3.4,3.0,1-2,7.5,28-05-2025 23:38
1766959,Euro,2025-05-28,2:29,Hungria,Escócia,1,1,2,2.9,2.45,2.9,2.45,2.45,3.4,2.9,1-1,8.0,28-05-2025 23:38
1766966,Euro,2025-05-28,2:32,Eslovênia,Países Baixos,2,1,3,2.7,2.62,2.62,2.7,2.7,3.3,2.62,2-1,8.5,28-05-2025 23:38
1766973,Euro,2025-05-28,2:35,Ucrânia,Albânia,1,0,1,3.0,2.5,3.0,2.5,2.5,3.2,3.0,1-0,10.0,28-05-2025 23:38
1766980,Euro,2025-05-28,2:38,Espanha,Bélgica,3,3,6,2.37,2.87,2.37,2.87,2.37,3.6,2.87,3-3,6.5,28-05-2025 23:38
1766987,Euro,2025-05-28,2:41,Geórgia,Polônia,0,0,0,2.62,2.75,2.62,2.75,2.75,3.25,2.62,0-0,9.0,28-05-2025 23:38
1766994,Euro,2025-05-28,2:44,República Tcheca,Eslovênia,0,1,1,3.2,2.45,3.2,2.45,2.45,3.1,3.2,0-1,11.0,28-05-2025 23:38
1767001,Euro,2025-05-28,2:47,Hungria,Croácia,1,2,3,2.62,2.7,2.7,2.62,2.62,3.4,2.7,1-2,8.0,28-05-2025 23:38
1767007,Euro,2025-05-28,2:50,Albânia,Portugal,2,2,4,2.9,2.5,2.9,2.5,2.9,3.25,2.5,2-2,9.0,28-05-2025 23:38
1767015,Euro,2025-05-28,2:53,Hungria,Suíça,0,1,1,2.75,2.5,2.75,2.5,2.5,3.4,2.75,0-1,7.5,28-05-2025 23:38
1767022,Euro,2025-05-28,2:56,Sérvia,Escócia,3,2,5,2.37,3.0,2.37,3.0,2.37,3.3,3.0,3-2,8.5,28-05-2025 23:38
1767029,Euro,2025-05-28,2:59,Portugal,Eslovênia,1,1,2,3.6,2.15,3.6,2.15,2.15,3.3,3.6,1-1,9.0,28-05-2025 23:38
1766756,Euro,2025-05-28,1:02,Dinamarca,Geórgia,4,0,4,2.05,3.75,2.05,3.75,2.05,3.4,3.75,4-0,9.0,28-05-2025 23:38
1766763,Euro,2025-05-28,1:05,Países Baixos,Inglaterra,1,2,3,2.75,2.45,2.45,2.75,2.75,3.6,2.45,1-2,6.0,28-05-2025 23:38
1766770,Euro,2025-05-28,1:08,Polônia,Albânia,2,0,2,3.0,2.5,3.0,2.5,2.5,3.1,3.0,2-0,11.0,28-05-2025 23:38
1766777,Euro,2025-05-28,1:11,Croácia,Portugal,2,0,2,2.62,2.62,2.62,2.62,2.62,3.5,2.62,2-0,7.5,28-05-2025 23:38
1766784,Euro,2025-05-28,1:14,Geórgia,Albânia,0,2,2,2.7,2.75,2.7,2.75,2.75,3.2,2.7,0-2,10.0,28-05-2025 23:38
1766791,Euro,2025-05-28,1:17,Alemanha,França,3,0,3,2.5,2.7,2.7,2.5,2.5,3.6,2.7,3-0,6.5,28-05-2025 23:38
1766798,Euro,2025-05-28,1:20,Eslováquia,Turquia,0,3,3,2.8,2.55,2.55,2.8,2.8,3.3,2.55,0-3,8.5,28-05-2025 23:38
1766805,Euro,2025-05-28,1:23,Áustria,Alemanha,0,1,1,2.5,2.8,2.5,2.8,2.8,3.5,2.5,0-1,7.5,28-05-2025 23:38
1766812,Euro,2025-05-28,1:26,Geórgia,Eslovênia,0,0,0,2.7,2.75,2.7,2.75,2.75,3.2,2.7,0-0,10.0,28-05-2025 23:38
1766819,Euro,2025-05-28,1:29,Turquia,Alemanha,0,1,1,2.5,2.8,2.5,2.8,2.8,3.4,2.5,0-1,8.0,28-05-2025 23:38
1766826,Euro,2025-05-28,1:32,Albânia,Dinamarca,3,1,4,2.75,2.7,2.75,2.7,2.75,3.2,2.7,3-1,10.0,28-05-2025 23:38
1766833,Euro,2025-05-28,1:35,Países Baixos,Eslovênia,2,1,3,2.25,3.25,3.25,2.25,2.25,3.4,3.25,2-1,8.5,28-05-2025 23:38
1766841,Euro,2025-05-28,1:38,França,Geórgia,2,1,3,1.86,4.2,4.2,1.86,1.86,3.6,4.2,2-1,7.5,28-05-2025 23:38
1766847,Euro,2025-05-28,1:41,Itália,Eslováquia,2,0,2,3.6,2.05,3.6,2.05,2.05,3.5,3.6,2-0,8.0,28-05-2025 23:38
1766853,Euro,2025-05-28,1:44,Geórgia,Hungria,0,1,1,2.55,2.8,2.55,2.8,2.8,3.3,2.55,0-1,8.5,28-05-2025 23:38
1766861,Euro,2025-05-28,1:47,Albânia,Escócia,1,1,2,2.87,2.55,2.87,2.55,2.55,3.25,2.87,1-1,9.0,28-05-2025 23:38
1766868,Euro,2025-05-28,1:50,Áustria,República Tcheca,1,1,2,3.1,2.4,3.1,2.4,2.4,3.25,3.1,1-1,9.0,28-05-2025 23:38
1766876,Euro,2025-05-28,1:53,Suíça,Eslovênia,0,2,2,3.1,2.35,3.1,2.35,2.35,3.3,3.1,0-2,9.0,28-05-2025 23:38
1766882,Euro,2025-05-28,1:56,Países Baixos,Áustria,4,0,4,2.37,2.9,2.37,2.9,2.37,3.5,2.9,4-0,7.0,28-05-2025 23:38
1766889,Euro,2025-05-28,1:59,República Tcheca,França,0,0,0,2.37,3.0,2.37,3.0,3.0,3.4,2.37,0-0,8.0,28-05-2025 23:38
1766617,Euro,2025-05-28,0:02,Sérvia,Eslováquia,1,0,1,3.4,2.2,3.4,2.2,2.2,3.3,3.4,1-0,9.0,28-05-2025 23:38
1766623,Euro,2025-05-28,0:05,Romênia,França,1,2,3,3.0,2.25,2.25,3.0,3.0,3.6,2.25,1-2,6.5,28-05-2025 23:38
1766630,Euro,2025-05-28,0:08,Turquia,Sérvia,1,0,1,3.0,2.5,3.0,2.5,2.5,3.2,3.0,1-0,10.0,28-05-2025 23:38
1766638,Euro,2025-05-28,0:11,Itália,Áustria,4,2,6,2.3,3.1,2.3,3.1,2.3,3.4,3.1,4-2,8.0,28-05-2025 23:38
1766644,Euro,2025-05-28,0:14,Geórgia,Romênia,1,1,2,2.6,2.7,2.6,2.7,2.7,3.4,2.6,1-1,7.5,28-05-2025 23:38
1766651,Euro,2025-05-28,0:17,Portugal,Eslováquia,2,0,2,3.75,2.0,3.75,2.0,2.0,3.5,3.75,2-0,7.5,28-05-2025 23:38
1766657,Euro,2025-05-28,0:20,Alemanha,Sérvia,3,3,6,2.2,3.3,2.2,3.3,2.2,3.4,3.3,3-3,8.0,28-05-2025 23:38
1766664,Euro,2025-05-28,0:23,Escócia,Itália,2,1,3,2.7,2.6,2.6,2.7,2.7,3.4,2.6,2-1,7.5,28-05-2025 23:38
1766672,Euro,2025-05-28,0:26,Espanha,Alemanha,1,3,4,2.5,2.7,2.5,2.7,2.5,3.6,2.7,1-3,6.5,28-05-2025 23:38
1766679,Euro,2025-05-28,0:29,Inglaterra,Hungria,1,1,2,3.5,2.07,3.5,2.07,2.07,3.5,3.5,1-1,7.5,28-05-2025 23:38
1766686,Euro,2025-05-28,0:32,Espanha,Suíça,3,1,4,2.25,3.1,2.25,3.1,2.25,3.6,3.1,3-1,6.5,28-05-2025 23:38
1766693,Euro,2025-05-28,0:35,Geórgia,Croácia,0,0,0,2.37,3.0,2.37,3.0,3.0,3.4,2.37,0-0,8.0,28-05-2025 23:38
1766700,Euro,2025-05-28,0:38,Eslováquia,Alemanha,0,1,1,2.2,3.2,2.2,3.2,3.2,3.5,2.2,0-1,7.0,28-05-2025 23:38
1766707,Euro,2025-05-28,0:41,Hungria,Sérvia,0,0,0,2.87,2.55,2.87,2.55,2.55,3.25,2.87,0-0,9.0,28-05-2025 23:38
1766714,Euro,2025-05-28,0:44,Inglaterra,Portugal,0,0,0,3.0,2.3,3.0,2.3,2.3,3.5,3.0,0-0,7.0,28-05-2025 23:38
1766721,Euro,2025-05-28,0:47,Croácia,Itália,0,0,0,2.75,2.55,2.75,2.55,2.55,3.4,2.75,0-0,7.5,28-05-2025 23:38
1766728,Euro,2025-05-28,0:50,Suíça,França,0,4,4,2.87,2.37,2.87,2.37,2.87,3.6,2.37,0-4,6.5,28-05-2025 23:38
1766735,Euro,2025-05-28,0:53,Turquia,Áustria,3,1,4,2.45,2.9,2.45,2.9,2.45,3.3,2.9,3-1,9.0,28-05-2025 23:38
1766742,Euro,2025-05-28,0:56,Dinamarca,Sérvia,1,0,1,3.1,2.4,3.1,2.4,2.4,3.25,3.1,1-0,9.0,28-05-2025 23:38
1766749,Euro,2025-05-28,0:59,Ucrânia,Escócia,1,0,1,2.75,2.5,2.75,2.5,2.5,3.4,2.75,1-0,7.5,28-05-2025 23:38
1766479,Euro,2025-05-28,23:02,Suíça,Portugal,2,1,3,2.7,2.55,2.55,2.7,2.7,3.5,2.55,2-1,7.0,28-05-2025 23:38
1766485,Euro,2025-05-28,23:05,Bélgica,República Tcheca,1,2,3,2.25,3.25,3.25,2.25,2.25,3.4,3.25,1-2,8.5,28-05-2025 23:38
1766493,Euro,2025-05-28,23:08,Suíça,Alemanha,3,2,5,2.75,2.45,2.75,2.45,2.75,3.5,2.45,3-2,6.5,28-05-2025 23:38
1766500,Euro,2025-05-28,23:11,Itália,Portugal,3,2,5,2.55,2.75,2.55,2.75,2.55,3.4,2.75,3-2,7.5,28-05-2025 23:38
1766508,Euro,2025-05-28,23:14,Albânia,Romênia,0,1,1,2.9,2.45,2.9,2.45,2.45,3.3,2.9,0-1,8.5,28-05-2025 23:38
1766514,Euro,2025-05-28,23:17,Áustria,Ucrânia,0,2,2,3.1,2.3,3.1,2.3,2.3,3.4,3.1,0-2,8.0,28-05-2025 23:38
1766521,Euro,2025-05-28,23:20,Romênia,Países Baixos,1,1,2,2.55,2.62,2.55,2.62,2.62,3.6,2.55,1-1,6.5,28-05-2025 23:38
1766528,Euro,2025-05-28,23:23,Polônia,Espanha,2,0,2,2.45,2.87,2.45,2.87,2.87,3.4,2.45,2-0,7.5,28-05-2025 23:38
1766535,Euro,2025-05-28,23:26,Suíça,Geórgia,1,4,5,2.1,3.5,2.1,3.5,2.1,3.5,3.5,1-4,7.5,28-05-2025 23:38
1766542,Euro,2025-05-28,23:29,Polônia,Croácia,1,0,1,2.62,2.7,2.62,2.7,2.7,3.3,2.62,1-0,8.5,28-05-2025 23:38
1766549,Euro,2025-05-28,23:32,Geórgia,Turquia,1,1,2,2.5,2.9,2.5,2.9,2.9,3.25,2.5,1-1,9.0,28-05-2025 23:38
1766556,Euro,2025-05-28,23:35,República Tcheca,Áustria,0,0,0,2.87,2.55,2.87,2.55,2.55,3.25,2.87,0-0,9.0,28-05-2025 23:38
1766563,Euro,2025-05-28,23:38,Croácia,Ucrânia,0,3,3,2.25,3.2,3.2,2.25,2.25,3.4,3.2,0-3,7.5,28-05-2025 23:38
1766570,Euro,2025-05-28,23:41,Portugal,República Tcheca,1,0,1,3.4,2.2,3.4,2.2,2.2,3.3,3.4,1-0,9.0,28-05-2025 23:38
1766577,Euro,2025-05-28,23:44,França,Países Baixos,1,0,1,3.2,2.15,3.2,2.15,2.15,3.6,3.2,1-0,6.0,28-05-2025 23:38
1766584,Euro,2025-05-28,23:47,Geórgia,Eslováquia,1,3,4,2.5,2.8,2.5,2.8,2.5,3.3,2.8,1-3,8.5,28-05-2025 23:38
1766591,Euro,2025-05-28,23:50,Escócia,Romênia,2,1,3,2.35,2.9,2.9,2.35,2.35,3.5,2.9,2-1,7.0,28-05-2025 23:38
1766598,Euro,2025-05-28,23:53,Croácia,Bélgica,3,0,3,2.5,2.75,2.75,2.5,2.5,3.5,2.75,3-0,7.0,28-05-2025 23:38
1766605,Euro,2025-05-28,23:56,Portugal,Suíça,0,2,2,3.1,2.25,3.1,2.25,2.25,3.5,3.1,0-2,7.0,28-05-2025 23:38
1766338,Euro,2025-05-28,22:02,Eslovênia,Eslováquia,1,1,2,3.25,2.3,3.25,2.3,2.3,3.25,3.25,1-1,10.0,28-05-2025 23:38
1766346,Euro,2025-05-28,22:05,Croácia,República Tcheca,2,1,3,2.35,3.1,3.1,2.35,2.35,3.3,3.1,2-1,9.0,28-05-2025 23:38
1766353,Euro,2025-05-28,22:08,Dinamarca,Áustria,0,3,3,2.4,3.0,3.0,2.4,2.4,3.3,3.0,0-3,8.5,28-05-2025 23:38
1766361,Euro,2025-05-28,22:11,Bélgica,Eslovênia,1,0,1,3.4,2.2,3.4,2.2,2.2,3.3,3.4,1-0,9.0,28-05-2025 23:38
1766366,Euro,2025-05-28,22:14,Croácia,Hungria,1,0,1,3.1,2.3,3.1,2.3,2.3,3.4,3.1,1-0,8.0,28-05-2025 23:38
1766374,Euro,2025-05-28,22:17,Bélgica,Dinamarca,2,3,5,2.4,3.0,2.4,3.0,2.4,3.4,3.0,2-3,7.5,28-05-2025 23:38
1766381,Euro,2025-05-28,22:20,Portugal,Polônia,2,1,3,2.15,3.5,3.5,2.15,2.15,3.4,3.5,2-1,8.5,28-05-2025 23:38
1766388,Euro,2025-05-28,22:23,República Tcheca,Geórgia,3,1,4,2.2,3.5,2.2,3.5,2.2,3.25,3.5,3-1,10.0,28-05-2025 23:38
1766395,Euro,2025-05-28,22:26,Turquia,Suíça,0,1,1,2.9,2.45,2.9,2.45,2.45,3.4,2.9,0-1,8.0,28-05-2025 23:38
1766400,Euro,2025-05-28,22:29,Bélgica,Geórgia,0,1,1,3.75,2.0,3.75,2.0,2.0,3.5,3.75,0-1,7.5,28-05-2025 23:38
1766409,Euro,2025-05-28,22:32,Turquia,Itália,0,3,3,2.62,2.7,2.7,2.62,2.62,3.3,2.7,0-3,9.0,28-05-2025 23:38
1766416,Euro,2025-05-28,22:35,Escócia,França,1,1,2,2.3,3.0,2.3,3.0,3.0,3.6,2.3,1-1,6.5,28-05-2025 23:38
1766423,Euro,2025-05-28,22:38,Turquia,República Tcheca,0,0,0,3.1,2.4,3.1,2.4,2.4,3.2,3.1,0-0,10.0,28-05-2025 23:38
1766430,Euro,2025-05-28,22:41,Espanha,Polônia,1,2,3,2.15,3.4,3.4,2.15,2.15,3.5,3.4,1-2,7.5,28-05-2025 23:38
1766437,Euro,2025-05-28,22:44,Croácia,Romênia,1,1,2,3.1,2.25,3.1,2.25,2.25,3.5,3.1,1-1,7.0,28-05-2025 23:38
1766443,Euro,2025-05-28,22:47,Eslovênia,Dinamarca,1,1,2,2.7,2.75,2.7,2.75,2.75,3.2,2.7,1-1,10.0,28-05-2025 23:38
1766451,Euro,2025-05-28,22:50,Países Baixos,Romênia,0,1,1,3.1,2.25,3.1,2.25,2.25,3.6,3.1,0-1,6.5,28-05-2025 23:38
1766458,Euro,2025-05-28,22:53,Croácia,Eslováquia,1,2,3,2.1,3.5,3.5,2.1,2.1,3.5,3.5,1-2,7.5,28-05-2025 23:38
1766465,Euro,2025-05-28,22:56,Bélgica,Polônia,2,2,4,2.2,3.3,2.2,3.3,2.2,3.4,3.3,2-2,8.0,28-05-2025 23:38
1766472,Euro,2025-05-28,22:59,França,Eslovênia,4,1,5,2.02,3.8,2.02,3.8,2.02,3.4,3.8,4-1,8.5,28-05-2025 23:38
1766198,Euro,2025-05-28,21:02,Romênia,Inglaterra,2,1,3,3.0,2.25,2.25,3.0,3.0,3.6,2.25,2-1,6.5,28-05-2025 23:38
1766206,Euro,2025-05-28,21:05,Alemanha,Albânia,0,0,0,3.75,2.07,3.75,2.07,2.07,3.4,3.75,0-0,9.0,28-05-2025 23:38
1766213,Euro,2025-05-28,21:08,Portugal,Ucrânia,2,3,5,2.1,3.4,2.1,3.4,2.1,3.5,3.4,2-3,7.5,28-05-2025 23:38
1766220,Euro,2025-05-28,21:11,Bélgica,Hungria,0,3,3,2.25,3.2,3.2,2.25,2.25,3.4,3.2,0-3,7.5,28-05-2025 23:38
1766227,Euro,2025-05-28,21:14,Suíça,Ucrânia,2,0,2,3.0,2.3,3.0,2.3,2.3,3.5,3.0,2-0,7.5,28-05-2025 23:38
1766234,Euro,2025-05-28,21:17,Espanha,Escócia,0,0,0,3.2,2.2,3.2,2.2,2.2,3.6,3.2,0-0,7.0,28-05-2025 23:38
1766241,Euro,2025-05-28,21:20,Inglaterra,Geórgia,1,0,1,4.2,1.86,4.2,1.86,1.86,3.6,4.2,1-0,7.5,28-05-2025 23:38
1766248,Euro,2025-05-28,21:23,Sérvia,Portugal,1,0,1,2.62,2.7,2.62,2.7,2.7,3.3,2.62,1-0,8.5,28-05-2025 23:38
1766255,Euro,2025-05-28,21:26,Bélgica,Albânia,0,1,1,3.4,2.2,3.4,2.2,2.2,3.3,3.4,0-1,9.0,28-05-2025 23:38
1766262,Euro,2025-05-28,21:29,Eslovênia,Hungria,1,1,2,2.9,2.55,2.9,2.55,2.55,3.2,2.9,1-1,10.0,28-05-2025 23:38
1766269,Euro,2025-05-28,21:32,Polônia,Geórgia,1,1,2,3.3,2.25,3.3,2.25,2.25,3.3,3.3,1-1,9.0,28-05-2025 23:38
1766276,Euro,2025-05-28,21:35,Hungria,Inglaterra,0,2,2,2.35,3.0,2.35,3.0,3.0,3.5,2.35,0-2,7.0,28-05-2025 23:38
1766283,Euro,2025-05-28,21:38,Países Baixos,Albânia,3,0,3,2.25,3.25,3.25,2.25,2.25,3.4,3.25,3-0,8.5,28-05-2025 23:38
1766290,Euro,2025-05-28,21:41,Eslovênia,Geórgia,0,2,2,3.4,2.25,3.4,2.25,2.25,3.2,3.4,0-2,10.0,28-05-2025 23:38
1766297,Euro,2025-05-28,21:44,Alemanha,Escócia,1,0,1,3.4,2.1,3.4,2.1,2.1,3.6,3.4,1-0,7.0,28-05-2025 23:38
1766304,Euro,2025-05-28,21:47,Países Baixos,Ucrânia,0,1,1,3.1,2.25,3.1,2.25,2.25,3.5,3.1,0-1,7.0,28-05-2025 23:38
1766311,Euro,2025-05-28,21:50,Alemanha,Itália,0,0,0,3.0,2.3,3.0,2.3,2.3,3.5,3.0,0-0,7.5,28-05-2025 23:38
1766318,Euro,2025-05-28,21:53,Romênia,Ucrânia,1,0,1,2.87,2.45,2.87,2.45,2.45,3.5,2.87,1-0,7.5,28-05-2025 23:38
1766325,Euro,2025-05-28,21:56,Bélgica,Itália,0,0,0,2.8,2.45,2.8,2.45,2.45,3.5,2.8,0-0,7.5,28-05-2025 23:38
1766332,Euro,2025-05-28,21:59,Áustria,Croácia,1,2,3,2.55,2.75,2.75,2.55,2.55,3.4,2.75,1-2,7.5,28-05-2025 23:38
1767035,Copa,2025-05-28,3:01,Canadá,Gana,0,1,1,2.8,2.5,2.8,2.5,2.5,3.4,2.8,0-1,7.5,28-05-2025 23:38
1767040,Copa,2025-05-28,3:04,México,Austrália,3,4,7,2.15,3.3,2.15,3.3,2.15,3.5,3.3,3-4,7.0,28-05-2025 23:38
1767047,Copa,2025-05-28,3:07,Costa Rica,Bélgica,0,1,1,2.15,3.3,2.15,3.3,3.3,3.5,2.15,0-1,7.5,28-05-2025 23:38
1767055,Copa,2025-05-28,3:10,Portugal,Irã,2,0,2,4.0,1.9,4.0,1.9,1.9,3.75,4.0,2-0,6.5,28-05-2025 23:38
1767061,Copa,2025-05-28,3:13,Arábia Saudita,Austrália,4,2,6,2.55,2.62,2.55,2.62,2.55,3.6,2.62,4-2,6.5,28-05-2025 23:38
1767068,Copa,2025-05-28,3:16,Inglaterra,Suíça,3,1,4,2.1,3.4,2.1,3.4,2.1,3.6,3.4,3-1,7.0,28-05-2025 23:38
1767076,Copa,2025-05-28,3:19,Sérvia,Equador,1,1,2,3.1,2.37,3.1,2.37,2.37,3.25,3.1,1-1,9.0,28-05-2025 23:38
1767082,Copa,2025-05-28,3:22,Costa Rica,Países Baixos,0,2,2,2.2,3.2,2.2,3.2,3.2,3.5,2.2,0-2,7.0,28-05-2025 23:38
1767092,Copa,2025-05-28,3:25,Sérvia,Argentina,0,0,0,2.5,2.9,2.5,2.9,2.9,3.25,2.5,0-0,9.0,28-05-2025 23:38
1767098,Copa,2025-05-28,3:28,Marrocos,Equador,3,2,5,2.5,2.8,2.5,2.8,2.5,3.4,2.8,3-2,7.5,28-05-2025 23:38
1767103,Copa,2025-05-28,3:31,Dinamarca,Costa Rica,1,0,1,3.75,2.0,3.75,2.0,2.0,3.6,3.75,1-0,7.0,28-05-2025 23:38
1767112,Copa,2025-05-28,3:34,Portugal,Bélgica,1,1,2,2.7,2.55,2.7,2.55,2.55,3.5,2.7,1-1,7.0,28-05-2025 23:38
1767117,Copa,2025-05-28,3:37,Gana,Uruguai,2,0,2,2.5,2.75,2.5,2.75,2.75,3.5,2.5,2-0,7.0,28-05-2025 23:38
1766893,Copa,2025-05-28,2:01,Argentina,Portugal,0,1,1,3.0,2.3,3.0,2.3,2.3,3.6,3.0,0-1,6.5,28-05-2025 23:38
1766901,Copa,2025-05-28,2:04,EUA,França,1,2,3,3.0,2.4,2.4,3.0,3.0,3.3,2.4,1-2,8.5,28-05-2025 23:38
1766907,Copa,2025-05-28,2:07,Suíça,Países Baixos,1,2,3,2.6,2.62,2.62,2.6,2.6,3.5,2.62,1-2,7.5,28-05-2025 23:38
1766914,Copa,2025-05-28,2:10,Costa Rica,Austrália,2,2,4,2.5,2.75,2.5,2.75,2.5,3.5,2.75,2-2,7.0,28-05-2025 23:38
1766925,Copa,2025-05-28,2:13,Dinamarca,Alemanha,2,0,2,2.62,2.6,2.62,2.6,2.6,3.5,2.62,2-0,6.5,28-05-2025 23:38
1766930,Copa,2025-05-28,2:16,México,Marrocos,1,1,2,3.1,2.3,3.1,2.3,2.3,3.4,3.1,1-1,8.0,28-05-2025 23:38
1766935,Copa,2025-05-28,2:19,Qatar,Sérvia,0,1,1,2.6,2.87,2.6,2.87,2.87,3.2,2.6,0-1,10.0,28-05-2025 23:38
1766942,Copa,2025-05-28,2:22,França,México,3,1,4,2.07,3.5,2.07,3.5,2.07,3.5,3.5,3-1,7.5,28-05-2025 23:38
1766951,Copa,2025-05-28,2:25,Argentina,Uruguai,0,0,0,3.3,2.2,3.3,2.2,2.2,3.5,3.3,0-0,7.5,28-05-2025 23:38
1766956,Copa,2025-05-28,2:28,Senegal,Irã,0,0,0,3.8,1.98,3.8,1.98,1.98,3.5,3.8,0-0,8.5,28-05-2025 23:38
1766964,Copa,2025-05-28,2:31,Inglaterra,Arábia Saudita,1,0,1,4.5,1.76,4.5,1.76,1.76,3.8,4.5,1-0,6.5,28-05-2025 23:38
1766972,Copa,2025-05-28,2:34,Coreia do Sul,Qatar,3,0,3,2.45,2.9,2.9,2.45,2.45,3.4,2.9,3-0,8.0,28-05-2025 23:38
1766977,Copa,2025-05-28,2:37,Equador,Marrocos,4,1,5,2.37,3.0,2.37,3.0,2.37,3.4,3.0,4-1,7.5,28-05-2025 23:38
1766984,Copa,2025-05-28,2:40,Camarões,Coreia do Sul,1,1,2,2.87,2.4,2.87,2.4,2.4,3.5,2.87,1-1,7.0,28-05-2025 23:38
1766990,Copa,2025-05-28,2:43,Brasil,Irã,4,2,6,1.72,4.75,1.72,4.75,1.72,3.8,4.75,4-2,6.5,28-05-2025 23:38
1766999,Copa,2025-05-28,2:46,Croácia,Polônia,1,2,3,2.3,3.2,3.2,2.3,2.3,3.3,3.2,1-2,9.0,28-05-2025 23:38
1767009,Copa,2025-05-28,2:49,França,Senegal,0,0,0,3.5,2.15,3.5,2.15,2.15,3.4,3.5,0-0,8.5,28-05-2025 23:38
1767013,Copa,2025-05-28,2:52,México,Portugal,1,0,1,2.55,2.7,2.55,2.7,2.7,3.5,2.55,1-0,7.0,28-05-2025 23:38
1767019,Copa,2025-05-28,2:55,Camarões,Japão,0,2,2,2.7,2.6,2.7,2.6,2.6,3.4,2.7,0-2,8.0,28-05-2025 23:38
1767025,Copa,2025-05-28,2:58,Equador,Coreia do Sul,0,1,1,3.2,2.25,3.2,2.25,2.25,3.5,3.2,0-1,7.5,28-05-2025 23:38
1766755,Copa,2025-05-28,1:01,Portugal,Espanha,0,0,0,2.6,2.6,2.6,2.6,2.6,3.6,2.6,0-0,6.0,28-05-2025 23:38
1766760,Copa,2025-05-28,1:04,Tunísia,Senegal,1,0,1,2.5,2.9,2.5,2.9,2.9,3.25,2.5,1-0,9.0,28-05-2025 23:38
1766769,Copa,2025-05-28,1:07,Polônia,Gana,2,1,3,2.25,3.2,3.2,2.25,2.25,3.5,3.2,2-1,7.5,28-05-2025 23:38
1766773,Copa,2025-05-28,1:10,Austrália,Marrocos,0,0,0,2.7,2.6,2.7,2.6,2.6,3.5,2.7,0-0,7.0,28-05-2025 23:38
1766782,Copa,2025-05-28,1:13,Canadá,Arábia Saudita,1,2,3,2.25,3.1,3.1,2.25,2.25,3.5,3.1,1-2,7.0,28-05-2025 23:38
1766788,Copa,2025-05-28,1:16,Irã,Equador,0,1,1,2.4,2.8,2.4,2.8,2.8,3.5,2.4,0-1,7.0,28-05-2025 23:38
1766795,Copa,2025-05-28,1:19,País de Gales,Arábia Saudita,1,0,1,3.25,2.2,3.25,2.2,2.2,3.5,3.25,1-0,7.5,28-05-2025 23:38
1766804,Copa,2025-05-28,1:22,Portugal,Argentina,0,1,1,2.62,2.6,2.62,2.6,2.6,3.5,2.62,0-1,6.5,28-05-2025 23:38
1766809,Copa,2025-05-28,1:25,Japão,Alemanha,2,1,3,3.0,2.37,2.37,3.0,3.0,3.4,2.37,2-1,8.0,28-05-2025 23:38
1766816,Copa,2025-05-28,1:28,Uruguai,Irã,1,1,2,3.75,2.0,3.75,2.0,2.0,3.6,3.75,1-1,7.0,28-05-2025 23:38
1766823,Copa,2025-05-28,1:31,Costa Rica,Polônia,0,0,0,2.45,2.87,2.45,2.87,2.87,3.4,2.45,0-0,7.5,28-05-2025 23:38
1766830,Copa,2025-05-28,1:34,Dinamarca,Camarões,1,2,3,2.05,3.5,3.5,2.05,2.05,3.6,3.5,1-2,6.5,28-05-2025 23:38
1766838,Copa,2025-05-28,1:37,Brasil,Canadá,3,0,3,1.83,4.33,4.33,1.83,1.83,3.75,4.33,3-0,7.0,28-05-2025 23:38
1766846,Copa,2025-05-28,1:40,Alemanha,Inglaterra,1,2,3,2.6,2.62,2.62,2.6,2.6,3.5,2.62,1-2,6.5,28-05-2025 23:38
1766850,Copa,2025-05-28,1:43,Portugal,Costa Rica,1,0,1,3.8,1.95,3.8,1.95,1.95,3.6,3.8,1-0,6.5,28-05-2025 23:38
1766858,Copa,2025-05-28,1:46,Irã,Austrália,1,0,1,2.62,2.55,2.62,2.55,2.55,3.6,2.62,1-0,6.5,28-05-2025 23:38
1766865,Copa,2025-05-28,1:49,Uruguai,Argentina,0,0,0,2.5,2.8,2.5,2.8,2.8,3.5,2.5,0-0,7.5,28-05-2025 23:38
1766875,Copa,2025-05-28,1:52,México,Tunísia,3,0,3,2.15,3.4,3.4,2.15,2.15,3.4,3.4,3-0,8.0,28-05-2025 23:38
1766879,Copa,2025-05-28,1:55,Alemanha,Senegal,2,2,4,2.25,3.25,2.25,3.25,2.25,3.4,3.25,2-2,8.5,28-05-2025 23:38
1766886,Copa,2025-05-28,1:58,Inglaterra,Polônia,3,1,4,2.07,3.5,2.07,3.5,2.07,3.5,3.5,3-1,7.5,28-05-2025 23:38
1766614,Copa,2025-05-28,0:01,Croácia,Uruguai,2,3,5,2.37,3.0,2.37,3.0,2.37,3.3,3.0,2-3,8.5,28-05-2025 23:38
1766620,Copa,2025-05-28,0:04,Inglaterra,Dinamarca,2,0,2,3.2,2.2,3.2,2.2,2.2,3.6,3.2,2-0,7.0,28-05-2025 23:38
1766632,Copa,2025-05-28,0:07,Uruguai,EUA,1,1,2,3.1,2.4,3.1,2.4,2.4,3.25,3.1,1-1,9.0,28-05-2025 23:38
1766636,Copa,2025-05-28,0:10,Sérvia,Coreia do Sul,1,2,3,2.2,3.5,3.5,2.2,2.2,3.25,3.5,1-2,10.0,28-05-2025 23:38
1766641,Copa,2025-05-28,0:13,Austrália,Dinamarca,0,1,1,2.35,2.9,2.35,2.9,2.9,3.6,2.35,0-1,6.5,28-05-2025 23:38
1766648,Copa,2025-05-28,0:16,Brasil,Marrocos,3,1,4,1.9,4.0,1.9,4.0,1.9,3.6,4.0,3-1,7.0,28-05-2025 23:38
1766655,Copa,2025-05-28,0:19,Países Baixos,Coreia do Sul,0,0,0,3.75,2.0,3.75,2.0,2.0,3.5,3.75,0-0,7.5,28-05-2025 23:38
1766662,Copa,2025-05-28,0:22,Senegal,Costa Rica,3,1,4,2.05,3.75,2.05,3.75,2.05,3.4,3.75,3-1,8.5,28-05-2025 23:38
1766669,Copa,2025-05-28,0:25,Marrocos,Uruguai,1,0,1,2.6,2.7,2.6,2.7,2.7,3.4,2.6,1-0,7.5,28-05-2025 23:38
1766676,Copa,2025-05-28,0:28,Costa Rica,Camarões,1,0,1,2.75,2.5,2.75,2.5,2.5,3.5,2.75,1-0,7.0,28-05-2025 23:38
1766683,Copa,2025-05-28,0:31,Inglaterra,Canadá,4,1,5,1.85,4.2,1.85,4.2,1.85,3.6,4.2,4-1,7.5,28-05-2025 23:38
1766692,Copa,2025-05-28,0:34,Polônia,Uruguai,1,1,2,2.75,2.5,2.75,2.5,2.5,3.4,2.75,1-1,7.5,28-05-2025 23:38
1766699,Copa,2025-05-28,0:37,Tunísia,Marrocos,0,1,1,2.7,2.6,2.7,2.6,2.6,3.4,2.7,0-1,8.0,28-05-2025 23:38
1766703,Copa,2025-05-28,0:40,Alemanha,Brasil,0,1,1,2.55,2.7,2.55,2.7,2.7,3.6,2.55,0-1,6.5,28-05-2025 23:38
1766711,Copa,2025-05-28,0:43,Camarões,Gana,3,0,3,2.5,2.75,2.75,2.5,2.5,3.5,2.75,3-0,7.0,28-05-2025 23:38
1766719,Copa,2025-05-28,0:46,Brasil,Argentina,1,3,4,2.3,3.0,2.3,3.0,2.3,3.5,3.0,1-3,7.0,28-05-2025 23:38
1766724,Copa,2025-05-28,0:49,País de Gales,Bélgica,1,0,1,2.3,3.1,2.3,3.1,3.1,3.4,2.3,1-0,8.5,28-05-2025 23:38
1766734,Copa,2025-05-28,0:52,Equador,Brasil,1,1,2,2.2,3.2,2.2,3.2,3.2,3.6,2.2,1-1,6.5,28-05-2025 23:38
1766739,Copa,2025-05-28,0:55,Coreia do Sul,Marrocos,1,0,1,2.7,2.6,2.7,2.6,2.6,3.4,2.7,1-0,8.0,28-05-2025 23:38
1766746,Copa,2025-05-28,0:58,Equador,Japão,1,4,5,2.37,3.0,2.37,3.0,2.37,3.3,3.0,1-4,8.5,28-05-2025 23:38
1766476,Copa,2025-05-28,23:01,Austrália,Senegal,0,2,2,2.45,2.9,2.45,2.9,2.9,3.3,2.45,0-2,8.5,28-05-2025 23:38
1766483,Copa,2025-05-28,23:04,Croácia,Gana,2,0,2,3.5,2.1,3.5,2.1,2.1,3.4,3.5,2-0,8.5,28-05-2025 23:38
1766492,Copa,2025-05-28,23:07,EUA,Países Baixos,0,3,3,2.75,2.62,2.62,2.75,2.75,3.25,2.62,0-3,9.0,28-05-2025 23:38
1766497,Copa,2025-05-28,23:10,Argentina,Gana,0,1,1,3.8,1.95,3.8,1.95,1.95,3.6,3.8,0-1,7.5,28-05-2025 23:38
1766504,Copa,2025-05-28,23:13,Tunísia,Países Baixos,4,1,5,3.1,2.3,3.1,2.3,3.1,3.5,2.3,4-1,7.5,28-05-2025 23:38
1766513,Copa,2025-05-28,23:16,Camarões,Qatar,4,1,5,2.4,2.87,2.4,2.87,2.4,3.5,2.87,4-1,7.0,28-05-2025 23:38
1766518,Copa,2025-05-28,23:19,Alemanha,México,0,2,2,3.3,2.2,3.3,2.2,2.2,3.5,3.3,0-2,7.5,28-05-2025 23:38
1766524,Copa,2025-05-28,23:22,Bélgica,Equador,4,1,5,2.1,3.5,2.1,3.5,2.1,3.5,3.5,4-1,7.5,28-05-2025 23:38
1766532,Copa,2025-05-28,23:25,Uruguai,Croácia,2,2,4,2.55,2.8,2.55,2.8,2.55,3.3,2.8,2-2,8.5,28-05-2025 23:38
1766539,Copa,2025-05-28,23:28,Brasil,País de Gales,3,1,4,1.86,4.2,1.86,4.2,1.86,3.6,4.2,3-1,7.5,28-05-2025 23:38
1766547,Copa,2025-05-28,23:31,Polônia,Camarões,0,3,3,2.15,3.3,3.3,2.15,2.15,3.5,3.3,0-3,7.0,28-05-2025 23:38
1766552,Copa,2025-05-28,23:34,Austrália,Arábia Saudita,0,1,1,3.0,2.25,3.0,2.25,2.25,3.6,3.0,0-1,6.5,28-05-2025 23:38
1766559,Copa,2025-05-28,23:37,Coreia do Sul,Inglaterra,2,1,3,3.4,2.1,2.1,3.4,3.4,3.5,2.1,2-1,7.0,28-05-2025 23:38
1766567,Copa,2025-05-28,23:40,Irã,Polônia,0,1,1,2.35,3.0,2.35,3.0,3.0,3.5,2.35,0-1,7.0,28-05-2025 23:38
1766574,Copa,2025-05-28,23:43,Uruguai,Países Baixos,1,2,3,2.6,2.62,2.62,2.6,2.6,3.5,2.62,1-2,7.5,28-05-2025 23:38
1766581,Copa,2025-05-28,23:46,Tunísia,Equador,2,2,4,2.7,2.6,2.7,2.6,2.7,3.4,2.6,2-2,7.5,28-05-2025 23:38
1766589,Copa,2025-05-28,23:49,Suíça,México,0,3,3,2.37,3.0,3.0,2.37,2.37,3.4,3.0,0-3,7.5,28-05-2025 23:38
1766597,Copa,2025-05-28,23:52,Equador,Sérvia,3,0,3,2.55,2.87,2.87,2.55,2.55,3.25,2.87,3-0,9.0,28-05-2025 23:38
1766602,Copa,2025-05-28,23:55,Bélgica,Qatar,2,2,4,1.95,4.0,1.95,4.0,1.95,3.5,4.0,2-2,8.0,28-05-2025 23:38
1766609,Copa,2025-05-28,23:58,Países Baixos,Gana,5,0,5,2.05,3.6,2.05,3.6,2.05,3.5,3.6,5-0,7.5,28-05-2025 23:38
1766340,Copa,2025-05-28,22:01,Sérvia,Tunísia,0,1,1,3.5,2.2,3.5,2.2,2.2,3.25,3.5,0-1,10.0,28-05-2025 23:38
1766341,Copa,2025-05-28,22:04,Países Baixos,México,2,0,2,3.2,2.25,3.2,2.25,2.25,3.4,3.2,2-0,7.5,28-05-2025 23:38
1766352,Copa,2025-05-28,22:07,Canadá,Inglaterra,3,2,5,3.4,2.1,3.4,2.1,3.4,3.5,2.1,3-2,7.0,28-05-2025 23:38
1766358,Copa,2025-05-28,22:10,Arábia Saudita,País de Gales,3,0,3,2.7,2.6,2.6,2.7,2.7,3.4,2.6,3-0,7.5,28-05-2025 23:38
1766365,Copa,2025-05-28,22:13,Dinamarca,México,4,1,5,2.3,3.0,2.3,3.0,2.3,3.5,3.0,4-1,7.5,28-05-2025 23:38
1766373,Copa,2025-05-28,22:16,Marrocos,Japão,2,1,3,2.45,2.9,2.9,2.45,2.45,3.3,2.9,2-1,8.5,28-05-2025 23:38
1766378,Copa,2025-05-28,22:19,Países Baixos,Camarões,1,2,3,2.0,3.75,3.75,2.0,2.0,3.6,3.75,1-2,7.0,28-05-2025 23:38
1766384,Copa,2025-05-28,22:22,Portugal,França,3,1,4,2.7,2.55,2.7,2.55,2.7,3.6,2.55,3-1,6.5,28-05-2025 23:38
1766392,Copa,2025-05-28,22:25,Senegal,Sérvia,0,0,0,3.2,2.45,3.2,2.45,2.45,3.1,3.2,0-0,11.0,28-05-2025 23:38
1766403,Copa,2025-05-28,22:28,Costa Rica,Canadá,2,2,4,2.5,2.8,2.5,2.8,2.5,3.4,2.8,2-2,7.5,28-05-2025 23:38
1766408,Copa,2025-05-28,22:31,EUA,Qatar,2,0,2,3.5,2.2,3.5,2.2,2.2,3.25,3.5,2-0,10.0,28-05-2025 23:38
1766413,Copa,2025-05-28,22:34,Austrália,Argentina,2,3,5,3.3,2.15,3.3,2.15,3.3,3.6,2.15,2-3,7.0,28-05-2025 23:38
1766420,Copa,2025-05-28,22:37,Alemanha,Qatar,1,1,2,3.8,1.95,3.8,1.95,1.95,3.6,3.8,1-1,7.5,28-05-2025 23:38
1766429,Copa,2025-05-28,22:40,Canadá,Croácia,3,1,4,3.0,2.4,3.0,2.4,3.0,3.3,2.4,3-1,8.5,28-05-2025 23:38
1766434,Copa,2025-05-28,22:43,País de Gales,Argentina,4,2,6,3.25,2.25,3.25,2.25,3.25,3.4,2.25,4-2,8.0,28-05-2025 23:38
1766445,Copa,2025-05-28,22:46,Portugal,Canadá,1,1,2,3.6,2.0,3.6,2.0,2.0,3.6,3.6,1-1,7.0,28-05-2025 23:38
1766450,Copa,2025-05-28,22:49,Arábia Saudita,Qatar,4,2,6,2.6,2.7,2.6,2.7,2.6,3.5,2.7,4-2,7.0,28-05-2025 23:38
1766455,Copa,2025-05-28,22:52,Argentina,Coreia do Sul,1,1,2,4.0,1.9,4.0,1.9,1.9,3.6,4.0,1-1,7.5,28-05-2025 23:38
1766463,Copa,2025-05-28,22:55,França,Costa Rica,2,1,3,1.8,4.33,4.33,1.8,1.8,3.75,4.33,2-1,7.0,28-05-2025 23:38
1766469,Copa,2025-05-28,22:58,Sérvia,Camarões,2,0,2,3.4,2.15,3.4,2.15,2.15,3.4,3.4,2-0,8.5,28-05-2025 23:38
1766200,Copa,2025-05-28,21:01,França,Camarões,2,0,2,4.2,1.85,4.2,1.85,1.85,3.75,4.2,2-0,6.5,28-05-2025 23:38
1766205,Copa,2025-05-28,21:04,Marrocos,Sérvia,2,0,2,2.75,2.7,2.75,2.7,2.7,3.2,2.75,2-0,10.0,28-05-2025 23:38
1766209,Copa,2025-05-28,21:07,Camarões,Polônia,0,1,1,2.5,2.75,2.5,2.75,2.75,3.5,2.5,0-1,7.0,28-05-2025 23:38
1766217,Copa,2025-05-28,21:10,Qatar,Dinamarca,0,2,2,2.35,3.0,2.35,3.0,3.0,3.5,2.35,0-2,7.0,28-05-2025 23:38
1766224,Copa,2025-05-28,21:13,Uruguai,França,2,0,2,2.4,2.87,2.4,2.87,2.87,3.5,2.4,2-0,7.0,28-05-2025 23:38
1766233,Copa,2025-05-28,21:16,Gana,Países Baixos,0,3,3,3.0,2.35,2.35,3.0,3.0,3.5,2.35,0-3,7.0,28-05-2025 23:38
1766238,Copa,2025-05-28,21:19,Arábia Saudita,Coreia do Sul,0,1,1,2.7,2.6,2.7,2.6,2.6,3.5,2.7,0-1,7.0,28-05-2025 23:38
1766245,Copa,2025-05-28,21:22,França,Sérvia,0,0,0,3.75,2.07,3.75,2.07,2.07,3.4,3.75,0-0,9.0,28-05-2025 23:38
1766253,Copa,2025-05-28,21:25,México,Gana,1,1,2,3.2,2.25,3.2,2.25,2.25,3.5,3.2,1-1,7.5,28-05-2025 23:38
1766259,Copa,2025-05-28,21:28,Camarões,Austrália,2,0,2,2.8,2.4,2.8,2.4,2.4,3.6,2.8,2-0,6.5,28-05-2025 23:38
1766266,Copa,2025-05-28,21:31,Bélgica,Espanha,1,1,2,2.75,2.5,2.75,2.5,2.5,3.5,2.75,1-1,7.0,28-05-2025 23:38
1766273,Copa,2025-05-28,21:34,Equador,País de Gales,2,1,3,2.3,3.1,3.1,2.3,2.3,3.4,3.1,2-1,8.0,28-05-2025 23:38
1766280,Copa,2025-05-28,21:37,Bélgica,Dinamarca,1,0,1,3.0,2.3,3.0,2.3,2.3,3.5,3.0,1-0,7.5,28-05-2025 23:38
1766287,Copa,2025-05-28,21:40,Espanha,Marrocos,2,1,3,2.0,3.6,3.6,2.0,2.0,3.6,3.6,2-1,7.0,28-05-2025 23:38
1766294,Copa,2025-05-28,21:43,Inglaterra,Coreia do Sul,1,1,2,4.2,1.85,4.2,1.85,1.85,3.6,4.2,1-1,7.5,28-05-2025 23:38
1766302,Copa,2025-05-28,21:46,Costa Rica,Senegal,1,1,2,2.4,3.0,2.4,3.0,3.0,3.3,2.4,1-1,8.5,28-05-2025 23:38
1766308,Copa,2025-05-28,21:49,Argentina,Espanha,3,0,3,2.45,2.8,2.8,2.45,2.45,3.5,2.8,3-0,6.5,28-05-2025 23:38
1766315,Copa,2025-05-28,21:52,Brasil,Senegal,2,0,2,3.6,2.07,3.6,2.07,2.07,3.4,3.6,2-0,8.0,28-05-2025 23:38
1766322,Copa,2025-05-28,21:55,Tunísia,Qatar,3,0,3,2.45,2.9,2.9,2.45,2.45,3.4,2.9,3-0,8.0,28-05-2025 23:38
1766330,Copa,2025-05-28,21:58,Senegal,Países Baixos,4,0,4,2.62,2.75,2.62,2.75,2.62,3.3,2.75,4-0,8.5,28-05-2025 23:38
1767031,Premier,2025-05-28,3:00,Norwich,West Ham,2,0,2,2.55,2.8,2.55,2.8,2.8,3.3,2.55,2-0,8.5,28-05-2025 23:38
1767038,Premier,2025-05-28,3:03,Brighton,Everton,1,1,2,2.4,2.8,2.4,2.8,2.8,3.6,2.4,1-1,6.5,28-05-2025 23:38
1767045,Premier,2025-05-28,3:06,Tottenham,United,2,0,2,2.62,2.7,2.62,2.7,2.7,3.3,2.62,2-0,8.5,28-05-2025 23:38
1767052,Premier,2025-05-28,3:09,Leeds,Newcastle,1,0,1,3.1,2.3,3.1,2.3,2.3,3.4,3.1,1-0,8.0,28-05-2025 23:38
1767059,Premier,2025-05-28,3:12,Islington,City,1,2,3,2.75,2.45,2.45,2.75,2.75,3.5,2.45,1-2,6.5,28-05-2025 23:38
1767066,Premier,2025-05-28,3:15,Tottenham,Brentford,0,0,0,3.75,2.05,3.75,2.05,2.05,3.4,3.75,0-0,9.0,28-05-2025 23:38
1767073,Premier,2025-05-28,3:18,Watford,Wolverhampton,3,3,6,2.8,2.4,2.8,2.4,2.8,3.5,2.4,3-3,7.0,28-05-2025 23:38
1767080,Premier,2025-05-28,3:21,Chelsea,Norwich,1,2,3,1.95,3.8,3.8,1.95,1.95,3.6,3.8,1-2,7.5,28-05-2025 23:38
1767087,Premier,2025-05-28,3:24,Brentford,United,1,1,2,2.15,3.3,2.15,3.3,3.3,3.5,2.15,1-1,7.5,28-05-2025 23:38
1767093,Premier,2025-05-28,3:27,Burnley,Leeds,0,2,2,2.62,2.7,2.62,2.7,2.7,3.3,2.62,0-2,8.5,28-05-2025 23:38
1767100,Premier,2025-05-28,3:30,Aston,Liverpool,0,0,0,2.37,3.0,2.37,3.0,3.0,3.4,2.37,0-0,8.0,28-05-2025 23:38
1767108,Premier,2025-05-28,3:33,United,Palace,3,0,3,1.95,3.8,3.8,1.95,1.95,3.6,3.8,3-0,7.5,28-05-2025 23:38
1767115,Premier,2025-05-28,3:36,Watford,Brighton,2,1,3,2.35,3.0,3.0,2.35,2.35,3.5,3.0,2-1,7.0,28-05-2025 23:38
1766891,Premier,2025-05-28,2:00,Palace,Islington,0,0,0,2.35,3.0,2.35,3.0,3.0,3.5,2.35,0-0,7.0,28-05-2025 23:38
1766898,Premier,2025-05-28,2:03,Everton,West Ham,0,1,1,3.0,2.4,3.0,2.4,2.4,3.3,3.0,0-1,8.5,28-05-2025 23:38
1766905,Premier,2025-05-28,2:06,Chelsea,Aston,2,1,3,2.05,3.6,3.6,2.05,2.05,3.5,3.6,2-1,8.0,28-05-2025 23:38
1766912,Premier,2025-05-28,2:09,Palace,Norwich,5,1,6,2.3,3.1,2.3,3.1,2.3,3.5,3.1,5-1,7.0,28-05-2025 23:38
1766918,Premier,2025-05-28,2:12,City,Newcastle,0,0,0,4.0,1.86,4.0,1.86,1.86,3.8,4.0,0-0,6.0,28-05-2025 23:38
1766926,Premier,2025-05-28,2:15,Brighton,Aston,0,3,3,2.6,2.7,2.7,2.6,2.6,3.5,2.7,0-3,7.0,28-05-2025 23:38
1766933,Premier,2025-05-28,2:18,United,Liverpool,2,1,3,2.3,3.0,3.0,2.3,2.3,3.5,3.0,2-1,7.5,28-05-2025 23:38
1766940,Premier,2025-05-28,2:21,Brentford,Burnley,2,4,6,2.4,2.87,2.4,2.87,2.4,3.5,2.87,2-4,7.0,28-05-2025 23:38
1766947,Premier,2025-05-28,2:24,Tottenham,Islington,0,0,0,2.8,2.55,2.8,2.55,2.55,3.3,2.8,0-0,8.5,28-05-2025 23:38
1766954,Premier,2025-05-28,2:27,Brighton,Brentford,1,1,2,2.75,2.5,2.75,2.5,2.5,3.5,2.75,1-1,7.0,28-05-2025 23:38
1766961,Premier,2025-05-28,2:30,Norwich,Burnley,0,0,0,2.75,2.5,2.75,2.5,2.5,3.5,2.75,0-0,7.0,28-05-2025 23:38
1766968,Premier,2025-05-28,2:33,Southampton,Brighton,2,2,4,2.15,3.3,2.15,3.3,2.15,3.5,3.3,2-2,7.0,28-05-2025 23:38
1766975,Premier,2025-05-28,2:36,Leeds,Islington,0,0,0,2.55,2.8,2.55,2.8,2.8,3.3,2.55,0-0,8.5,28-05-2025 23:38
1766982,Premier,2025-05-28,2:39,Tottenham,Burnley,1,1,2,3.6,2.05,3.6,2.05,2.05,3.5,3.6,1-1,8.0,28-05-2025 23:38
1766992,Premier,2025-05-28,2:42,Leeds,Liverpool,0,5,5,2.8,2.55,2.8,2.55,2.8,3.3,2.55,0-5,8.5,28-05-2025 23:38
1766996,Premier,2025-05-28,2:45,Everton,Wolverhampton,3,1,4,2.5,2.7,2.5,2.7,2.5,3.6,2.7,3-1,6.5,28-05-2025 23:38
1767003,Premier,2025-05-28,2:48,Tottenham,Liverpool,1,1,2,2.8,2.55,2.8,2.55,2.55,3.3,2.8,1-1,8.5,28-05-2025 23:38
1767010,Premier,2025-05-28,2:51,Watford,Chelsea,1,2,3,3.1,2.3,2.3,3.1,3.1,3.5,2.3,1-2,7.5,28-05-2025 23:38
1767017,Premier,2025-05-28,2:54,Tottenham,Leeds,2,0,2,3.4,2.25,3.4,2.25,2.25,3.2,3.4,2-0,10.0,28-05-2025 23:38
1767027,Premier,2025-05-28,2:57,Burnley,Aston,2,1,3,2.5,2.8,2.8,2.5,2.5,3.4,2.8,2-1,7.5,28-05-2025 23:38
1766751,Premier,2025-05-28,1:00,Burnley,Southampton,0,0,0,2.6,2.7,2.6,2.7,2.7,3.4,2.6,0-0,7.5,28-05-2025 23:38
1766758,Premier,2025-05-28,1:03,Aston,Brentford,1,2,3,2.37,3.0,3.0,2.37,2.37,3.4,3.0,1-2,8.5,28-05-2025 23:38
1766765,Premier,2025-05-28,1:06,Tottenham,Palace,1,0,1,3.5,2.1,3.5,2.1,2.1,3.4,3.5,1-0,8.5,28-05-2025 23:38
1766775,Premier,2025-05-28,1:09,Aston,Burnley,1,1,2,3.0,2.35,3.0,2.35,2.35,3.4,3.0,1-1,7.5,28-05-2025 23:38
1766779,Premier,2025-05-28,1:12,Islington,Leeds,3,1,4,2.2,3.4,2.2,3.4,2.2,3.3,3.4,3-1,9.0,28-05-2025 23:38
1766786,Premier,2025-05-28,1:15,Brighton,City,1,5,6,3.6,1.98,3.6,1.98,3.6,3.75,1.98,1-5,6.0,28-05-2025 23:38
1766793,Premier,2025-05-28,1:18,Chelsea,Wolverhampton,2,0,2,3.0,2.3,3.0,2.3,2.3,3.6,3.0,2-0,6.5,28-05-2025 23:38
1766800,Premier,2025-05-28,1:21,Aston,Leeds,2,0,2,2.75,2.62,2.75,2.62,2.62,3.2,2.75,2-0,10.0,28-05-2025 23:38
1766807,Premier,2025-05-28,1:24,Tottenham,City,1,1,2,2.45,2.9,2.45,2.9,2.9,3.4,2.45,1-1,7.5,28-05-2025 23:38
1766814,Premier,2025-05-28,1:27,Norwich,Aston,0,0,0,2.7,2.6,2.7,2.6,2.6,3.4,2.7,0-0,8.0,28-05-2025 23:38
1766821,Premier,2025-05-28,1:30,Southampton,Wolverhampton,1,2,3,2.6,2.7,2.7,2.6,2.6,3.5,2.7,1-2,7.0,28-05-2025 23:38
1766828,Premier,2025-05-28,1:33,West Ham,Burnley,1,1,2,3.3,2.2,3.3,2.2,2.2,3.4,3.3,1-1,8.5,28-05-2025 23:38
1766835,Premier,2025-05-28,1:36,Liverpool,Tottenham,0,3,3,2.4,3.0,3.0,2.4,2.4,3.3,3.0,0-3,8.5,28-05-2025 23:38
1766842,Premier,2025-05-28,1:39,Leicester,Brentford,0,0,0,3.4,2.15,3.4,2.15,2.15,3.4,3.4,0-0,8.0,28-05-2025 23:38
1766852,Premier,2025-05-28,1:42,Southampton,Chelsea,0,1,1,2.5,2.8,2.5,2.8,2.8,3.4,2.5,0-1,8.0,28-05-2025 23:38
1766856,Premier,2025-05-28,1:45,Norwich,Watford,1,1,2,2.8,2.5,2.8,2.5,2.5,3.4,2.8,1-1,7.5,28-05-2025 23:38
1766864,Premier,2025-05-28,1:48,Tottenham,Newcastle,2,1,3,2.1,3.5,3.5,2.1,2.1,3.5,3.5,2-1,7.5,28-05-2025 23:38
1766870,Premier,2025-05-28,1:51,Burnley,Liverpool,2,1,3,3.1,2.25,2.25,3.1,3.1,3.5,2.25,2-1,7.0,28-05-2025 23:38
1766877,Premier,2025-05-28,1:54,Norwich,Southampton,2,2,4,2.8,2.55,2.8,2.55,2.8,3.4,2.55,2-2,8.0,28-05-2025 23:38
1766884,Premier,2025-05-28,1:57,Tottenham,Everton,3,2,5,2.3,3.1,2.3,3.1,2.3,3.4,3.1,3-2,8.0,28-05-2025 23:38
1766612,Premier,2025-05-28,0:00,Brentford,Watford,0,1,1,2.9,2.45,2.9,2.45,2.45,3.4,2.9,0-1,8.0,28-05-2025 23:38
1766621,Premier,2025-05-28,0:03,Chelsea,City,1,0,1,2.45,2.75,2.45,2.75,2.75,3.5,2.45,1-0,6.5,28-05-2025 23:38
1766626,Premier,2025-05-28,0:06,Burnley,Wolverhampton,3,4,7,2.8,2.4,2.8,2.4,2.8,3.6,2.4,3-4,6.5,28-05-2025 23:38
1766633,Premier,2025-05-28,0:09,Palace,United,3,1,4,3.2,2.2,3.2,2.2,3.2,3.5,2.2,3-1,7.0,28-05-2025 23:38
1766640,Premier,2025-05-28,0:12,Liverpool,Brentford,0,2,2,3.75,2.0,3.75,2.0,2.0,3.5,3.75,0-2,7.5,28-05-2025 23:38
1766646,Premier,2025-05-28,0:15,Aston,Wolverhampton,0,0,0,2.5,2.75,2.5,2.75,2.75,3.5,2.5,0-0,7.0,28-05-2025 23:38
1766653,Premier,2025-05-28,0:18,Liverpool,Brighton,0,1,1,3.8,1.95,3.8,1.95,1.95,3.75,3.8,0-1,6.5,28-05-2025 23:38
1766660,Premier,2025-05-28,0:21,Burnley,Newcastle,4,1,5,2.45,2.7,2.45,2.7,2.45,3.6,2.7,4-1,6.5,28-05-2025 23:38
1766667,Premier,2025-05-28,0:24,Islington,Norwich,1,0,1,3.8,1.95,3.8,1.95,1.95,3.6,3.8,1-0,7.5,28-05-2025 23:38
1766674,Premier,2025-05-28,0:27,Brentford,Brighton,1,2,3,2.35,3.0,3.0,2.35,2.35,3.5,3.0,1-2,7.0,28-05-2025 23:38
1766681,Premier,2025-05-28,0:30,Palace,Aston,3,1,4,2.45,2.9,2.45,2.9,2.45,3.4,2.9,3-1,8.0,28-05-2025 23:38
1766688,Premier,2025-05-28,0:33,Southampton,Watford,2,1,3,2.25,3.25,3.25,2.25,2.25,3.4,3.25,2-1,8.5,28-05-2025 23:38
1766695,Premier,2025-05-28,0:36,Liverpool,Everton,0,1,1,3.1,2.25,3.1,2.25,2.25,3.5,3.1,0-1,7.0,28-05-2025 23:38
1766705,Premier,2025-05-28,0:39,Brentford,Aston,2,1,3,2.5,2.8,2.8,2.5,2.5,3.3,2.8,2-1,8.5,28-05-2025 23:38
1766709,Premier,2025-05-28,0:42,City,Brighton,2,1,3,1.76,4.33,4.33,1.76,1.76,3.8,4.33,2-1,6.0,28-05-2025 23:38
1766716,Premier,2025-05-28,0:45,Leeds,Leicester,2,0,2,2.87,2.55,2.87,2.55,2.55,3.25,2.87,2-0,9.0,28-05-2025 23:38
1766726,Premier,2025-05-28,0:48,Norwich,Palace,1,0,1,2.7,2.6,2.7,2.6,2.6,3.5,2.7,1-0,7.0,28-05-2025 23:38
1766730,Premier,2025-05-28,0:51,Tottenham,Aston,2,0,2,3.6,2.1,3.6,2.1,2.1,3.3,3.6,2-0,9.0,28-05-2025 23:38
1766737,Premier,2025-05-28,0:54,Burnley,Brentford,3,0,3,2.4,2.87,2.87,2.4,2.4,3.5,2.87,3-0,7.0,28-05-2025 23:38
1766744,Premier,2025-05-28,0:57,Leeds,Tottenham,1,1,2,2.7,2.75,2.7,2.75,2.75,3.2,2.7,1-1,10.0,28-05-2025 23:38
1766474,Premier,2025-05-28,23:00,Wolverhampton,Leeds,1,1,2,3.1,2.3,3.1,2.3,2.3,3.4,3.1,1-1,8.0,28-05-2025 23:38
1766481,Premier,2025-05-28,23:03,Liverpool,Aston,1,0,1,3.6,2.05,3.6,2.05,2.05,3.5,3.6,1-0,8.0,28-05-2025 23:38
1766490,Premier,2025-05-28,23:06,Tottenham,Norwich,0,1,1,3.8,2.0,3.8,2.0,2.0,3.5,3.8,0-1,8.5,28-05-2025 23:38
1766495,Premier,2025-05-28,23:09,Aston,West Ham,2,1,3,2.62,2.75,2.75,2.62,2.62,3.2,2.75,2-1,10.0,28-05-2025 23:38
1766502,Premier,2025-05-28,23:12,Tottenham,Watford,1,1,2,3.75,2.05,3.75,2.05,2.05,3.4,3.75,1-1,9.0,28-05-2025 23:38
1766509,Premier,2025-05-28,23:15,Leeds,United,0,1,1,2.4,3.0,2.4,3.0,3.0,3.3,2.4,0-1,8.5,28-05-2025 23:38
1766516,Premier,2025-05-28,23:18,Palace,Watford,2,1,3,2.35,3.0,3.0,2.35,2.35,3.4,3.0,2-1,7.5,28-05-2025 23:38
1766526,Premier,2025-05-28,23:21,Wolverhampton,Norwich,1,0,1,3.5,2.05,3.5,2.05,2.05,3.6,3.5,1-0,6.5,28-05-2025 23:38
1766530,Premier,2025-05-28,23:24,Brentford,Liverpool,1,0,1,2.3,3.1,2.3,3.1,3.1,3.5,2.3,1-0,7.5,28-05-2025 23:38
1766537,Premier,2025-05-28,23:27,West Ham,Wolverhampton,1,4,5,2.6,2.7,2.6,2.7,2.6,3.4,2.7,1-4,8.0,28-05-2025 23:38
1766544,Premier,2025-05-28,23:30,Everton,Newcastle,1,0,1,3.1,2.2,3.1,2.2,2.2,3.6,3.1,1-0,6.5,28-05-2025 23:38
1766554,Premier,2025-05-28,23:33,Watford,Islington,2,0,2,2.3,3.1,2.3,3.1,3.1,3.5,2.3,2-0,7.5,28-05-2025 23:38
1766561,Premier,2025-05-28,23:36,Wolverhampton,Liverpool,2,1,3,2.6,2.62,2.62,2.6,2.6,3.5,2.62,2-1,6.5,28-05-2025 23:38
1766565,Premier,2025-05-28,23:39,Watford,City,1,1,2,2.05,3.5,2.05,3.5,3.5,3.6,2.05,1-1,7.0,28-05-2025 23:38
1766572,Premier,2025-05-28,23:42,Chelsea,Everton,0,2,2,3.1,2.25,3.1,2.25,2.25,3.5,3.1,0-2,7.0,28-05-2025 23:38
1766579,Premier,2025-05-28,23:45,West Ham,Southampton,1,1,2,3.0,2.45,3.0,2.45,2.45,3.2,3.0,1-1,10.0,28-05-2025 23:38
1766586,Premier,2025-05-28,23:48,Chelsea,Burnley,4,1,5,2.0,3.75,2.0,3.75,2.0,3.6,3.75,4-1,7.0,28-05-2025 23:38
1766593,Premier,2025-05-28,23:51,Brentford,Southampton,0,0,0,2.62,2.7,2.62,2.7,2.7,3.3,2.62,0-0,8.5,28-05-2025 23:38
1766600,Premier,2025-05-28,23:54,Leeds,Burnley,0,0,0,3.3,2.2,3.3,2.2,2.2,3.4,3.3,0-0,8.5,28-05-2025 23:38
1766607,Premier,2025-05-28,23:57,Southampton,Norwich,1,3,4,2.15,3.4,2.15,3.4,2.15,3.4,3.4,1-3,8.0,28-05-2025 23:38
1766334,Premier,2025-05-28,22:00,Burnley,Chelsea,1,3,4,3.1,2.25,3.1,2.25,3.1,3.5,2.25,1-3,7.0,28-05-2025 23:38
1766343,Premier,2025-05-28,22:03,Brighton,Newcastle,0,1,1,2.62,2.55,2.62,2.55,2.55,3.6,2.62,0-1,6.0,28-05-2025 23:38
1766347,Premier,2025-05-28,22:06,Norwich,Everton,1,0,1,2.4,2.8,2.4,2.8,2.8,3.5,2.4,1-0,7.0,28-05-2025 23:38
1766355,Premier,2025-05-28,22:09,Islington,Palace,0,1,1,3.6,2.05,3.6,2.05,2.05,3.5,3.6,0-1,7.5,28-05-2025 23:38
1766362,Premier,2025-05-28,22:12,West Ham,Newcastle,4,0,4,2.3,3.1,2.3,3.1,2.3,3.4,3.1,4-0,8.0,28-05-2025 23:38
1766369,Premier,2025-05-28,22:15,Palace,Everton,1,1,2,2.55,2.62,2.55,2.62,2.62,3.5,2.55,1-1,7.0,28-05-2025 23:38
1766376,Premier,2025-05-28,22:18,Norwich,Chelsea,1,1,2,2.2,3.2,2.2,3.2,3.2,3.5,2.2,1-1,7.0,28-05-2025 23:38
1766386,Premier,2025-05-28,22:21,Islington,Aston,0,1,1,3.6,2.05,3.6,2.05,2.05,3.5,3.6,0-1,8.0,28-05-2025 23:38
1766390,Premier,2025-05-28,22:24,Liverpool,Southampton,2,0,2,3.3,2.2,3.3,2.2,2.2,3.4,3.3,2-0,8.0,28-05-2025 23:38
1766397,Premier,2025-05-28,22:27,Aston,Newcastle,0,0,0,2.87,2.4,2.87,2.4,2.4,3.5,2.87,0-0,7.0,28-05-2025 23:38
1766404,Premier,2025-05-28,22:30,Watford,Tottenham,2,1,3,3.0,2.4,2.4,3.0,3.0,3.3,2.4,2-1,8.5,28-05-2025 23:38
1766410,Premier,2025-05-28,22:33,Chelsea,Islington,2,1,3,2.45,2.8,2.8,2.45,2.45,3.5,2.8,2-1,7.5,28-05-2025 23:38
1766418,Premier,2025-05-28,22:36,Leeds,West Ham,0,0,0,3.0,2.5,3.0,2.5,2.5,3.1,3.0,0-0,11.0,28-05-2025 23:38
1766425,Premier,2025-05-28,22:39,Southampton,United,0,2,2,2.37,3.0,2.37,3.0,3.0,3.4,2.37,0-2,8.0,28-05-2025 23:38
1766432,Premier,2025-05-28,22:42,West Ham,Palace,0,2,2,3.2,2.3,3.2,2.3,2.3,3.3,3.2,0-2,8.5,28-05-2025 23:38
1766439,Premier,2025-05-28,22:45,Brighton,Watford,0,1,1,2.75,2.5,2.75,2.5,2.5,3.5,2.75,0-1,7.0,28-05-2025 23:38
1766448,Premier,2025-05-28,22:48,Newcastle,Wolverhampton,0,1,1,2.45,2.7,2.45,2.7,2.7,3.6,2.45,0-1,6.0,28-05-2025 23:38
1766452,Premier,2025-05-28,22:51,Chelsea,Leicester,1,1,2,3.2,2.25,3.2,2.25,2.25,3.4,3.2,1-1,7.5,28-05-2025 23:38
1766460,Premier,2025-05-28,22:54,Burnley,Norwich,1,2,3,2.35,2.9,2.9,2.35,2.35,3.5,2.9,1-2,7.0,28-05-2025 23:38
1766467,Premier,2025-05-28,22:57,United,Tottenham,0,0,0,3.25,2.25,3.25,2.25,2.25,3.4,3.25,0-0,8.5,28-05-2025 23:38
1766194,Premier,2025-05-28,21:00,Islington,Tottenham,0,2,2,3.0,2.4,3.0,2.4,2.4,3.3,3.0,0-2,8.5,28-05-2025 23:38
1766201,Premier,2025-05-28,21:03,Norwich,City,2,2,4,3.6,1.98,3.6,1.98,3.6,3.6,1.98,2-2,6.5,28-05-2025 23:38
1766211,Premier,2025-05-28,21:06,Burnley,Leicester,1,0,1,2.5,2.75,2.5,2.75,2.75,3.5,2.5,1-0,7.0,28-05-2025 23:38
1766215,Premier,2025-05-28,21:09,Palace,Liverpool,3,2,5,3.0,2.35,3.0,2.35,3.0,3.5,2.35,3-2,7.0,28-05-2025 23:38
1766222,Premier,2025-05-28,21:12,Islington,Leicester,0,1,1,3.2,2.25,3.2,2.25,2.25,3.4,3.2,0-1,7.5,28-05-2025 23:38
1766229,Premier,2025-05-28,21:15,Brentford,Leeds,2,1,3,2.75,2.62,2.62,2.75,2.75,3.25,2.62,2-1,9.0,28-05-2025 23:38
1766236,Premier,2025-05-28,21:18,Palace,City,1,0,1,2.07,3.4,2.07,3.4,3.4,3.6,2.07,1-0,6.5,28-05-2025 23:38
1766243,Premier,2025-05-28,21:21,Wolverhampton,Chelsea,0,0,0,2.62,2.6,2.62,2.6,2.6,3.5,2.62,0-0,6.5,28-05-2025 23:38
1766250,Premier,2025-05-28,21:24,Burnley,Palace,0,1,1,2.75,2.5,2.75,2.5,2.5,3.5,2.75,0-1,7.0,28-05-2025 23:38
1766257,Premier,2025-05-28,21:27,Liverpool,Leeds,1,1,2,3.4,2.2,3.4,2.2,2.2,3.3,3.4,1-1,9.0,28-05-2025 23:38
1766264,Premier,2025-05-28,21:30,Norwich,Brighton,3,2,5,2.4,2.87,2.4,2.87,2.4,3.6,2.87,3-2,6.5,28-05-2025 23:38
1766271,Premier,2025-05-28,21:33,Palace,Burnley,0,0,0,2.9,2.35,2.9,2.35,2.35,3.5,2.9,0-0,7.0,28-05-2025 23:38
1766278,Premier,2025-05-28,21:36,Liverpool,Leicester,0,0,0,3.2,2.25,3.2,2.25,2.25,3.4,3.2,0-0,7.5,28-05-2025 23:38
1766285,Premier,2025-05-28,21:39,Watford,Brentford,3,1,4,2.45,2.9,2.45,2.9,2.45,3.4,2.9,3-1,8.0,28-05-2025 23:38
1766292,Premier,2025-05-28,21:42,Islington,Everton,2,2,4,2.25,3.1,2.25,3.1,2.25,3.5,3.1,2-2,7.0,28-05-2025 23:38
1766299,Premier,2025-05-28,21:45,Burnley,United,2,0,2,2.15,3.3,2.15,3.3,3.3,3.6,2.15,2-0,7.0,28-05-2025 23:38
1766306,Premier,2025-05-28,21:48,Newcastle,Watford,2,1,3,2.35,2.9,2.9,2.35,2.35,3.5,2.9,2-1,7.0,28-05-2025 23:38
1766313,Premier,2025-05-28,21:51,Brentford,West Ham,3,2,5,2.75,2.62,2.75,2.62,2.75,3.25,2.62,3-2,9.0,28-05-2025 23:38
1766320,Premier,2025-05-28,21:54,City,Leeds,3,1,4,1.98,4.0,1.98,4.0,1.98,3.5,4.0,3-1,8.0,28-05-2025 23:38
1766327,Premier,2025-05-28,21:57,Newcastle,Southampton,1,3,4,2.6,2.7,2.6,2.7,2.6,3.5,2.7,1-3,7.0,28-05-2025 23:38
1767033,Super,2025-05-28,3:01,Montevideo,Asuncion,1,0,1,2.87,2.4,2.87,2.4,2.4,3.5,2.87,1-0,7.0,28-05-2025 23:39
1767041,Super,2025-05-28,3:04,Penarol,Itaquera,1,1,2,2.55,2.8,2.55,2.8,2.8,3.3,2.55,1-1,8.5,28-05-2025 23:39
1767048,Super,2025-05-28,3:07,Santiago,Medellin,2,0,2,2.7,2.6,2.7,2.6,2.6,3.5,2.7,2-0,7.0,28-05-2025 23:39
1767054,Super,2025-05-28,3:10,Porto Alegre,Belo Horizonte,0,2,2,2.3,3.1,2.3,3.1,3.1,3.4,2.3,0-2,8.5,28-05-2025 23:39
1767064,Super,2025-05-28,3:13,Rio de Janeiro,Medellin,0,0,0,4.0,1.95,4.0,1.95,1.95,3.5,4.0,0-0,8.0,28-05-2025 23:39
1767069,Super,2025-05-28,3:16,Buenos Aires,Sao Paulo,2,1,3,2.3,3.0,3.0,2.3,2.3,3.6,3.0,2-1,6.0,28-05-2025 23:39
1767075,Super,2025-05-28,3:19,Belo Horizonte,Medellin,1,1,2,4.2,1.86,4.2,1.86,1.86,3.6,4.2,1-1,7.5,28-05-2025 23:39
1767083,Super,2025-05-28,3:22,Penarol,Lima,0,0,0,3.4,2.15,3.4,2.15,2.15,3.4,3.4,0-0,8.0,28-05-2025 23:39
1767089,Super,2025-05-28,3:25,Quito,La Plata,2,1,3,2.75,2.62,2.62,2.75,2.75,3.25,2.62,2-1,9.0,28-05-2025 23:39
1767096,Super,2025-05-28,3:28,Santos,Guayaquil,2,0,2,3.2,2.25,3.2,2.25,2.25,3.5,3.2,2-0,7.5,28-05-2025 23:39
1767104,Super,2025-05-28,3:31,Montevideo,Agua Branca,3,0,3,3.2,2.2,2.2,3.2,3.2,3.6,2.2,3-0,6.5,28-05-2025 23:39
1767110,Super,2025-05-28,3:34,Avellaneda,Santiago,0,0,0,3.4,2.1,3.4,2.1,2.1,3.6,3.4,0-0,7.0,28-05-2025 23:39
1767118,Super,2025-05-28,3:37,Agua Branca,Medellin,1,2,3,2.0,3.75,3.75,2.0,2.0,3.5,3.75,1-2,7.5,28-05-2025 23:39
1766894,Super,2025-05-28,2:01,Avellaneda,Guayaquil,1,3,4,2.3,3.1,2.3,3.1,2.3,3.5,3.1,1-3,7.0,28-05-2025 23:39
1766900,Super,2025-05-28,2:04,Itaquera,Buenos Aires,1,1,2,2.75,2.5,2.75,2.5,2.5,3.5,2.75,1-1,7.0,28-05-2025 23:39
1766908,Super,2025-05-28,2:07,Bogota,Rio de Janeiro,1,2,3,3.0,2.4,2.4,3.0,3.0,3.3,2.4,1-2,8.5,28-05-2025 23:39
1766917,Super,2025-05-28,2:10,Santiago,Sao Paulo,3,1,4,2.9,2.3,2.9,2.3,2.9,3.6,2.3,3-1,6.0,28-05-2025 23:39
1766921,Super,2025-05-28,2:13,Asuncion,Avellaneda,3,2,5,2.8,2.55,2.8,2.55,2.8,3.4,2.55,3-2,8.0,28-05-2025 23:39
1766928,Super,2025-05-28,2:16,Montevideo,Sao Paulo,2,2,4,2.8,2.4,2.8,2.4,2.8,3.6,2.4,2-2,6.5,28-05-2025 23:39
1766936,Super,2025-05-28,2:19,Asuncion,Agua Branca,1,1,2,2.2,3.2,2.2,3.2,3.2,3.5,2.2,1-1,7.0,28-05-2025 23:39
1766943,Super,2025-05-28,2:22,Santiago,Lima,5,0,5,2.35,2.9,2.35,2.9,2.35,3.6,2.9,5-0,6.5,28-05-2025 23:39
1766949,Super,2025-05-28,2:25,Rio de Janeiro,Quito,3,1,4,2.0,3.75,2.0,3.75,2.0,3.5,3.75,3-1,7.5,28-05-2025 23:39
1766957,Super,2025-05-28,2:28,Asuncion,Santiago,0,0,0,3.0,2.35,3.0,2.35,2.35,3.5,3.0,0-0,7.0,28-05-2025 23:39
1766963,Super,2025-05-28,2:31,Rio de Janeiro,Guayaquil,0,1,1,3.6,2.0,3.6,2.0,2.0,3.6,3.6,0-1,7.0,28-05-2025 23:39
1766970,Super,2025-05-28,2:34,Agua Branca,Lima,2,1,3,1.85,4.2,4.2,1.85,1.85,3.75,4.2,2-1,6.5,28-05-2025 23:39
1766978,Super,2025-05-28,2:37,Belo Horizonte,Sao Paulo,2,3,5,2.05,3.4,2.05,3.4,2.05,3.75,3.4,2-3,6.0,28-05-2025 23:39
1766985,Super,2025-05-28,2:40,Medellin,Quito,0,1,1,2.8,2.5,2.8,2.5,2.5,3.3,2.8,0-1,8.5,28-05-2025 23:39
1766991,Super,2025-05-28,2:43,Guayaquil,Belo Horizonte,2,1,3,3.25,2.15,2.15,3.25,3.25,3.6,2.15,2-1,6.5,28-05-2025 23:39
1766998,Super,2025-05-28,2:46,Lima,La Plata,1,1,2,2.3,3.1,2.3,3.1,3.1,3.4,2.3,1-1,8.5,28-05-2025 23:39
1767005,Super,2025-05-28,2:49,Santos,Medellin,0,0,0,3.4,2.2,3.4,2.2,2.2,3.3,3.4,0-0,9.0,28-05-2025 23:39
1767012,Super,2025-05-28,2:52,Sao Paulo,Guayaquil,1,2,3,2.2,3.1,3.1,2.2,2.2,3.6,3.1,1-2,6.5,28-05-2025 23:39
1767020,Super,2025-05-28,2:55,Quito,Avellaneda,2,1,3,2.6,2.7,2.7,2.6,2.6,3.4,2.7,2-1,8.0,28-05-2025 23:39
1767026,Super,2025-05-28,2:58,Buenos Aires,Bogota,3,4,7,2.2,3.3,2.2,3.3,2.2,3.4,3.3,3-4,8.0,28-05-2025 23:39
1766753,Super,2025-05-28,1:01,Medellin,Sao Paulo,2,0,2,2.5,2.75,2.5,2.75,2.75,3.5,2.5,2-0,7.0,28-05-2025 23:39
1766761,Super,2025-05-28,1:04,Guayaquil,Agua Branca,2,0,2,2.35,2.9,2.35,2.9,2.9,3.6,2.35,2-0,6.5,28-05-2025 23:39
1766767,Super,2025-05-28,1:07,La Boca,Buenos Aires,1,1,2,2.87,2.45,2.87,2.45,2.45,3.5,2.87,1-1,7.5,28-05-2025 23:39
1766774,Super,2025-05-28,1:10,Sao Paulo,Avellaneda,0,2,2,2.9,2.37,2.9,2.37,2.37,3.5,2.9,0-2,7.0,28-05-2025 23:39
1766781,Super,2025-05-28,1:13,Santos,Quito,0,0,0,3.25,2.25,3.25,2.25,2.25,3.4,3.25,0-0,8.5,28-05-2025 23:39
1766789,Super,2025-05-28,1:16,La Plata,Medellin,0,1,1,3.5,2.2,3.5,2.2,2.2,3.25,3.5,0-1,10.0,28-05-2025 23:39
1766796,Super,2025-05-28,1:19,Penarol,Avellaneda,1,0,1,2.75,2.62,2.75,2.62,2.62,3.3,2.75,1-0,8.5,28-05-2025 23:39
1766802,Super,2025-05-28,1:22,Bogota,Medellin,2,0,2,3.25,2.3,3.25,2.3,2.3,3.25,3.25,2-0,10.0,28-05-2025 23:39
1766810,Super,2025-05-28,1:25,Montevideo,Itaquera,1,1,2,2.35,3.0,2.35,3.0,3.0,3.5,2.35,1-1,7.0,28-05-2025 23:39
1766817,Super,2025-05-28,1:28,Penarol,La Boca,0,2,2,2.5,2.9,2.5,2.9,2.9,3.25,2.5,0-2,9.0,28-05-2025 23:39
1766824,Super,2025-05-28,1:31,Santiago,Porto Alegre,0,4,4,2.9,2.45,2.9,2.45,2.9,3.3,2.45,0-4,8.5,28-05-2025 23:39
1766831,Super,2025-05-28,1:34,Itaquera,Bogota,0,1,1,3.3,2.25,3.3,2.25,2.25,3.3,3.3,0-1,9.0,28-05-2025 23:39
1766837,Super,2025-05-28,1:37,Rio de Janeiro,Avellaneda,0,0,0,3.4,2.1,3.4,2.1,2.1,3.5,3.4,0-0,7.5,28-05-2025 23:39
1766844,Super,2025-05-28,1:40,Medellin,Lima,2,1,3,2.2,3.25,3.25,2.2,2.2,3.5,3.25,2-1,7.5,28-05-2025 23:39
1766851,Super,2025-05-28,1:43,Asuncion,Itaquera,0,3,3,3.0,2.37,2.37,3.0,3.0,3.4,2.37,0-3,8.0,28-05-2025 23:39
1766859,Super,2025-05-28,1:46,Montevideo,La Boca,1,1,2,2.3,3.1,2.3,3.1,3.1,3.4,2.3,1-1,7.5,28-05-2025 23:39
1766866,Super,2025-05-28,1:49,Porto Alegre,Asuncion,2,0,2,3.5,2.2,3.5,2.2,2.2,3.25,3.5,2-0,10.0,28-05-2025 23:39
1766872,Super,2025-05-28,1:52,Avellaneda,Rio de Janeiro,0,1,1,2.45,2.9,2.45,2.9,2.9,3.4,2.45,0-1,7.5,28-05-2025 23:39
1766880,Super,2025-05-28,1:55,Agua Branca,Belo Horizonte,1,0,1,2.55,2.7,2.55,2.7,2.7,3.6,2.55,1-0,6.5,28-05-2025 23:39
1766887,Super,2025-05-28,1:58,Porto Alegre,Bogota,2,0,2,3.2,2.4,3.2,2.4,2.4,3.1,3.2,2-0,11.0,28-05-2025 23:39
1766615,Super,2025-05-28,0:01,Agua Branca,Buenos Aires,1,1,2,2.87,2.35,2.87,2.35,2.35,3.6,2.87,1-1,6.5,28-05-2025 23:39
1766624,Super,2025-05-28,0:04,Guayaquil,Quito,1,2,3,2.45,2.87,2.87,2.45,2.45,3.5,2.87,1-2,7.0,28-05-2025 23:39
1766628,Super,2025-05-28,0:07,Belo Horizonte,La Plata,0,0,0,3.6,2.07,3.6,2.07,2.07,3.4,3.6,0-0,8.0,28-05-2025 23:39
1766635,Super,2025-05-28,0:10,Bogota,Asuncion,0,0,0,3.3,2.25,3.3,2.25,2.25,3.3,3.3,0-0,9.0,28-05-2025 23:39
1766642,Super,2025-05-28,0:13,Medellin,Guayaquil,1,1,2,2.8,2.5,2.8,2.5,2.5,3.4,2.8,1-1,7.5,28-05-2025 23:39
1766649,Super,2025-05-28,0:16,Buenos Aires,Montevideo,0,1,1,3.6,2.0,3.6,2.0,2.0,3.75,3.6,0-1,6.5,28-05-2025 23:39
1766656,Super,2025-05-28,0:19,Agua Branca,Guayaquil,2,0,2,3.5,2.05,3.5,2.05,2.05,3.6,3.5,2-0,6.5,28-05-2025 23:39
1766665,Super,2025-05-28,0:22,Itaquera,Porto Alegre,3,0,3,2.35,3.2,3.2,2.35,2.35,3.2,3.2,3-0,10.0,28-05-2025 23:39
1766670,Super,2025-05-28,0:25,Lima,Avellaneda,0,0,0,2.35,3.0,2.35,3.0,3.0,3.5,2.35,0-0,7.0,28-05-2025 23:39
1766677,Super,2025-05-28,0:28,Montevideo,Bogota,0,1,1,2.62,2.7,2.62,2.7,2.7,3.3,2.62,0-1,8.5,28-05-2025 23:39
1766684,Super,2025-05-28,0:31,Avellaneda,Buenos Aires,5,2,7,2.7,2.55,2.7,2.55,2.7,3.5,2.55,5-2,7.0,28-05-2025 23:39
1766690,Super,2025-05-28,0:34,La Boca,Asuncion,0,0,0,3.8,2.0,3.8,2.0,2.0,3.4,3.8,0-0,8.5,28-05-2025 23:39
1766697,Super,2025-05-28,0:37,Belo Horizonte,Santos,1,1,2,3.5,2.07,3.5,2.07,2.07,3.5,3.5,1-1,7.5,28-05-2025 23:39
1766704,Super,2025-05-28,0:40,Asuncion,La Boca,0,3,3,3.1,2.3,2.3,3.1,3.1,3.4,2.3,0-3,8.5,28-05-2025 23:39
1766712,Super,2025-05-28,0:43,Lima,Penarol,0,1,1,2.55,2.8,2.55,2.8,2.8,3.4,2.55,0-1,8.0,28-05-2025 23:39
1766718,Super,2025-05-28,0:46,Guayaquil,Sao Paulo,4,0,4,2.62,2.55,2.62,2.55,2.62,3.6,2.55,4-0,6.5,28-05-2025 23:39
1766725,Super,2025-05-28,0:49,Medellin,Santos,0,1,1,2.55,2.8,2.55,2.8,2.8,3.3,2.55,0-1,8.5,28-05-2025 23:39
1766732,Super,2025-05-28,0:52,La Plata,Belo Horizonte,0,1,1,2.37,3.0,2.37,3.0,3.0,3.4,2.37,0-1,8.0,28-05-2025 23:39
1766740,Super,2025-05-28,0:55,Avellaneda,Agua Branca,0,1,1,2.5,2.8,2.5,2.8,2.8,3.5,2.5,0-1,7.0,28-05-2025 23:39
1766747,Super,2025-05-28,0:58,La Boca,Belo Horizonte,2,1,3,2.8,2.5,2.5,2.8,2.8,3.5,2.5,2-1,7.5,28-05-2025 23:39
1766477,Super,2025-05-28,23:01,Buenos Aires,Porto Alegre,3,1,4,2.25,3.25,2.25,3.25,2.25,3.4,3.25,3-1,8.5,28-05-2025 23:39
1766484,Super,2025-05-28,23:04,La Boca,Bogota,2,3,5,2.2,3.5,2.2,3.5,2.2,3.25,3.5,2-3,10.0,28-05-2025 23:39
1766489,Super,2025-05-28,23:07,Belo Horizonte,Montevideo,3,3,6,1.83,4.2,1.83,4.2,1.83,3.8,4.2,3-3,6.5,28-05-2025 23:39
1766498,Super,2025-05-28,23:10,Penarol,Santos,5,1,6,2.75,2.62,2.75,2.62,2.75,3.25,2.62,5-1,9.0,28-05-2025 23:39
1766505,Super,2025-05-28,23:13,Avellaneda,Sao Paulo,1,0,1,2.75,2.5,2.75,2.5,2.5,3.5,2.75,1-0,7.0,28-05-2025 23:39
1766511,Super,2025-05-28,23:16,Buenos Aires,Santiago,2,1,3,1.95,3.75,3.75,1.95,1.95,3.75,3.75,2-1,6.0,28-05-2025 23:39
1766519,Super,2025-05-28,23:19,La Boca,Guayaquil,1,0,1,3.5,2.1,3.5,2.1,2.1,3.5,3.5,1-0,7.5,28-05-2025 23:39
1766525,Super,2025-05-28,23:22,Belo Horizonte,Penarol,1,0,1,4.0,1.9,4.0,1.9,1.9,3.6,4.0,1-0,8.0,28-05-2025 23:39
1766533,Super,2025-05-28,23:25,Santiago,Itaquera,2,3,5,3.1,2.25,3.1,2.25,3.1,3.5,2.25,2-3,7.0,28-05-2025 23:39
1766540,Super,2025-05-28,23:28,La Boca,Lima,1,1,2,4.2,1.9,4.2,1.9,1.9,3.6,4.2,1-1,7.5,28-05-2025 23:39
1766546,Super,2025-05-28,23:31,Porto Alegre,Quito,1,1,2,3.25,2.3,3.25,2.3,2.3,3.25,3.25,1-1,10.0,28-05-2025 23:39
1766553,Super,2025-05-28,23:34,Penarol,La Plata,3,2,5,2.75,2.7,2.75,2.7,2.75,3.2,2.7,3-2,10.0,28-05-2025 23:39
1766560,Super,2025-05-28,23:37,Rio de Janeiro,La Boca,1,0,1,3.1,2.35,3.1,2.35,2.35,3.4,3.1,1-0,8.0,28-05-2025 23:39
1766568,Super,2025-05-28,23:40,La Plata,Itaquera,0,1,1,2.87,2.55,2.87,2.55,2.55,3.25,2.87,0-1,9.0,28-05-2025 23:39
1766575,Super,2025-05-28,23:43,Medellin,Montevideo,2,0,2,3.0,2.35,3.0,2.35,2.35,3.4,3.0,2-0,7.5,28-05-2025 23:39
1766582,Super,2025-05-28,23:46,Penarol,Santiago,2,1,3,2.2,3.25,3.25,2.2,2.2,3.5,3.25,2-1,7.5,28-05-2025 23:39
1766588,Super,2025-05-28,23:49,La Plata,Quito,1,0,1,3.3,2.25,3.3,2.25,2.25,3.3,3.3,1-0,9.0,28-05-2025 23:39
1766595,Super,2025-05-28,23:52,Santos,Itaquera,0,1,1,2.8,2.55,2.8,2.55,2.55,3.3,2.8,0-1,8.5,28-05-2025 23:39
1766603,Super,2025-05-28,23:55,Montevideo,Lima,0,0,0,3.0,2.25,3.0,2.25,2.25,3.6,3.0,0-0,6.5,28-05-2025 23:39
1766336,Super,2025-05-28,22:01,Buenos Aires,Lima,2,1,3,1.9,4.0,4.0,1.9,1.9,3.75,4.0,2-1,6.5,28-05-2025 23:39
1766342,Super,2025-05-28,22:04,Medellin,La Boca,0,2,2,2.4,3.0,2.4,3.0,3.0,3.3,2.4,0-2,8.5,28-05-2025 23:39
1766350,Super,2025-05-28,22:07,Porto Alegre,Penarol,2,0,2,3.3,2.35,3.3,2.35,2.35,3.1,3.3,2-0,11.0,28-05-2025 23:39
1766357,Super,2025-05-28,22:10,Itaquera,Lima,1,1,2,3.8,1.95,3.8,1.95,1.95,3.6,3.8,1-1,7.5,28-05-2025 23:39
1766367,Super,2025-05-28,22:13,Santiago,Montevideo,1,0,1,2.7,2.45,2.7,2.45,2.45,3.6,2.7,1-0,6.5,28-05-2025 23:39
1766371,Super,2025-05-28,22:16,Bogota,Guayaquil,3,2,5,2.37,3.0,2.37,3.0,2.37,3.4,3.0,3-2,8.5,28-05-2025 23:39
1766379,Super,2025-05-28,22:19,La Plata,Rio de Janeiro,2,0,2,2.55,2.8,2.55,2.8,2.8,3.3,2.55,2-0,8.5,28-05-2025 23:39
1766385,Super,2025-05-28,22:22,Santiago,Guayaquil,1,2,3,2.62,2.55,2.55,2.62,2.62,3.6,2.55,1-2,6.5,28-05-2025 23:39
1766393,Super,2025-05-28,22:25,Penarol,Belo Horizonte,1,2,3,3.3,2.15,2.15,3.3,3.3,3.5,2.15,1-2,7.5,28-05-2025 23:39
1766401,Super,2025-05-28,22:28,Lima,Sao Paulo,0,2,2,2.25,3.0,2.25,3.0,3.0,3.6,2.25,0-2,6.5,28-05-2025 23:39
1766406,Super,2025-05-28,22:31,Agua Branca,Itaquera,0,2,2,3.0,2.3,3.0,2.3,2.3,3.5,3.0,0-2,7.5,28-05-2025 23:39
1766414,Super,2025-05-28,22:34,Belo Horizonte,Rio de Janeiro,1,2,3,2.3,3.0,3.0,2.3,2.3,3.5,3.0,1-2,7.0,28-05-2025 23:39
1766421,Super,2025-05-28,22:37,Buenos Aires,Avellaneda,0,1,1,3.1,2.25,3.1,2.25,2.25,3.5,3.1,0-1,7.0,28-05-2025 23:39
1766427,Super,2025-05-28,22:40,Guayaquil,Asuncion,1,0,1,3.1,2.3,3.1,2.3,2.3,3.5,3.1,1-0,7.0,28-05-2025 23:39
1766435,Super,2025-05-28,22:43,La Plata,Santiago,2,0,2,3.6,2.05,3.6,2.05,2.05,3.5,3.6,2-0,8.0,28-05-2025 23:39
1766441,Super,2025-05-28,22:46,Quito,Porto Alegre,2,1,3,2.7,2.75,2.75,2.7,2.7,3.2,2.75,2-1,10.0,28-05-2025 23:39
1766447,Super,2025-05-28,22:49,Santiago,Santos,1,1,2,2.35,3.0,2.35,3.0,3.0,3.5,2.35,1-1,7.0,28-05-2025 23:39
1766456,Super,2025-05-28,22:52,Rio de Janeiro,Agua Branca,0,1,1,2.9,2.37,2.9,2.37,2.37,3.5,2.9,0-1,7.0,28-05-2025 23:39
1766464,Super,2025-05-28,22:55,Montevideo,Buenos Aires,2,1,3,3.0,2.25,2.25,3.0,3.0,3.6,2.25,2-1,6.5,28-05-2025 23:39
1766470,Super,2025-05-28,22:58,Rio de Janeiro,Santiago,1,2,3,1.85,4.2,4.2,1.85,1.85,3.75,4.2,1-2,6.5,28-05-2025 23:39
1766196,Super,2025-05-28,21:01,Rio de Janeiro,Santos,2,0,2,3.3,2.2,3.3,2.2,2.2,3.4,3.3,2-0,8.0,28-05-2025 23:39
1766203,Super,2025-05-28,21:04,Santiago,Asuncion,0,0,0,2.75,2.5,2.75,2.5,2.5,3.5,2.75,0-0,7.0,28-05-2025 23:39
1766210,Super,2025-05-28,21:07,Bogota,Quito,2,0,2,3.1,2.37,3.1,2.37,2.37,3.25,3.1,2-0,9.0,28-05-2025 23:39
1766218,Super,2025-05-28,21:10,Medellin,Buenos Aires,0,0,0,2.35,3.0,2.35,3.0,3.0,3.5,2.35,0-0,7.0,28-05-2025 23:39
1766225,Super,2025-05-28,21:13,Sao Paulo,Bogota,1,0,1,3.1,2.3,3.1,2.3,2.3,3.4,3.1,1-0,8.0,28-05-2025 23:39
1766231,Super,2025-05-28,21:16,Guayaquil,La Boca,3,0,3,2.9,2.45,2.45,2.9,2.9,3.4,2.45,3-0,7.5,28-05-2025 23:39
1766239,Super,2025-05-28,21:19,Porto Alegre,Agua Branca,3,3,6,2.8,2.55,2.8,2.55,2.8,3.3,2.55,3-3,8.5,28-05-2025 23:39
1766246,Super,2025-05-28,21:22,La Plata,Lima,0,1,1,3.8,1.98,3.8,1.98,1.98,3.5,3.8,0-1,8.5,28-05-2025 23:39
1766252,Super,2025-05-28,21:25,Santiago,Quito,0,4,4,2.62,2.55,2.62,2.55,2.62,3.5,2.55,0-4,7.0,28-05-2025 23:39
1766260,Super,2025-05-28,21:28,Santos,Lima,1,2,3,1.98,3.8,3.8,1.98,1.98,3.5,3.8,1-2,7.5,28-05-2025 23:39
1766267,Super,2025-05-28,21:31,Itaquera,Montevideo,3,0,3,2.05,3.6,3.6,2.05,2.05,3.5,3.6,3-0,7.5,28-05-2025 23:39
1766274,Super,2025-05-28,21:34,Agua Branca,Asuncion,2,0,2,3.8,1.95,3.8,1.95,1.95,3.6,3.8,2-0,7.5,28-05-2025 23:39
1766281,Super,2025-05-28,21:37,Bogota,La Plata,1,1,2,2.8,2.7,2.8,2.7,2.7,3.1,2.8,1-1,11.0,28-05-2025 23:39
1766288,Super,2025-05-28,21:40,Quito,Medellin,3,2,5,2.37,3.0,2.37,3.0,2.37,3.4,3.0,3-2,8.5,28-05-2025 23:39
1766295,Super,2025-05-28,21:43,Penarol,Agua Branca,2,4,6,3.0,2.37,3.0,2.37,3.0,3.4,2.37,2-4,8.0,28-05-2025 23:39
1766301,Super,2025-05-28,21:46,Montevideo,La Plata,0,0,0,2.45,2.9,2.45,2.9,2.9,3.3,2.45,0-0,8.5,28-05-2025 23:39
1766309,Super,2025-05-28,21:49,Itaquera,La Boca,2,3,5,2.55,2.8,2.55,2.8,2.55,3.3,2.8,2-3,8.5,28-05-2025 23:39
1766316,Super,2025-05-28,21:52,Penarol,Montevideo,0,1,1,3.1,2.3,3.1,2.3,2.3,3.4,3.1,0-1,8.0,28-05-2025 23:39
1766323,Super,2025-05-28,21:55,Quito,Santos,1,0,1,2.62,2.7,2.62,2.7,2.7,3.3,2.62,1-0,8.5,28-05-2025 23:39
1766329,Super,2025-05-28,21:58,Medellin,Penarol,1,0,1,2.87,2.55,2.87,2.55,2.55,3.25,2.87,1-0,9.0,28-05-2025 23:39
1767036,Euro,2025-05-28,3:02,França,Bélgica,4,0,4,2.25,3.1,2.25,3.1,2.25,3.6,3.1,4-0,6.5,28-05-2025 23:40
1767043,Euro,2025-05-28,3:05,República Tcheca,Inglaterra,0,0,0,2.37,3.0,2.37,3.0,3.0,3.4,2.37,0-0,8.0,28-05-2025 23:40
1767050,Euro,2025-05-28,3:08,Turquia,Croácia,4,1,5,2.55,2.8,2.55,2.8,2.55,3.3,2.8,4-1,8.5,28-05-2025 23:40
1767057,Euro,2025-05-28,3:11,Geórgia,Ucrânia,1,1,2,2.62,2.7,2.62,2.7,2.7,3.3,2.62,1-1,8.5,28-05-2025 23:40
1767063,Euro,2025-05-28,3:14,França,Turquia,1,0,1,3.4,2.15,3.4,2.15,2.15,3.5,3.4,1-0,8.0,28-05-2025 23:40
1767071,Euro,2025-05-28,3:17,Inglaterra,República Tcheca,0,0,0,3.6,2.07,3.6,2.07,2.07,3.4,3.6,0-0,8.0,28-05-2025 23:40
1767078,Euro,2025-05-28,3:20,Romênia,Albânia,1,0,1,2.9,2.5,2.9,2.5,2.5,3.3,2.9,1-0,9.0,28-05-2025 23:40
1767085,Euro,2025-05-28,3:23,Inglaterra,Eslováquia,1,2,3,1.9,4.0,4.0,1.9,1.9,3.6,4.0,1-2,7.0,28-05-2025 23:40
1767095,Euro,2025-05-28,3:26,Suíça,Turquia,1,0,1,2.87,2.45,2.87,2.45,2.45,3.4,2.87,1-0,8.0,28-05-2025 23:40
1767099,Euro,2025-05-28,3:29,Hungria,Eslováquia,0,0,0,3.25,2.25,3.25,2.25,2.25,3.4,3.25,0-0,8.5,28-05-2025 23:40
1767106,Euro,2025-05-28,3:32,Alemanha,República Tcheca,1,2,3,2.15,3.5,3.5,2.15,2.15,3.4,3.5,1-2,8.5,28-05-2025 23:40
1767113,Euro,2025-05-28,3:35,Hungria,Países Baixos,3,0,3,2.6,2.7,2.7,2.6,2.6,3.5,2.7,3-0,7.0,28-05-2025 23:40
1767120,Euro,2025-05-28,3:38,Turquia,Escócia,1,2,3,2.37,3.0,3.0,2.37,2.37,3.3,3.0,1-2,8.5,28-05-2025 23:40
1766896,Euro,2025-05-28,2:02,Polônia,Turquia,1,0,1,2.75,2.7,2.75,2.7,2.7,3.2,2.75,1-0,10.0,28-05-2025 23:40
1766903,Euro,2025-05-28,2:05,Alemanha,Romênia,2,1,3,2.05,3.5,3.5,2.05,2.05,3.6,3.5,2-1,6.5,28-05-2025 23:40
1766910,Euro,2025-05-28,2:08,Croácia,Polônia,2,1,3,2.25,3.25,3.25,2.25,2.25,3.4,3.25,2-1,8.5,28-05-2025 23:40
1766916,Euro,2025-05-28,2:11,Eslováquia,Hungria,0,0,0,2.62,2.7,2.62,2.7,2.7,3.3,2.62,0-0,8.5,28-05-2025 23:40
1766923,Euro,2025-05-28,2:14,Eslovênia,Ucrânia,1,1,2,3.0,2.45,3.0,2.45,2.45,3.2,3.0,1-1,10.0,28-05-2025 23:40
1766931,Euro,2025-05-28,2:17,Itália,Turquia,1,0,1,3.1,2.35,3.1,2.35,2.35,3.3,3.1,1-0,9.0,28-05-2025 23:40
1766938,Euro,2025-05-28,2:20,Inglaterra,Croácia,0,1,1,3.2,2.2,3.2,2.2,2.2,3.6,3.2,0-1,7.0,28-05-2025 23:40
1766945,Euro,2025-05-28,2:23,Sérvia,Turquia,2,3,5,2.5,3.0,2.5,3.0,2.5,3.2,3.0,2-3,10.0,28-05-2025 23:40
1766952,Euro,2025-05-28,2:26,Croácia,Áustria,1,2,3,2.37,3.0,3.0,2.37,2.37,3.4,3.0,1-2,7.5,28-05-2025 23:40
1766959,Euro,2025-05-28,2:29,Hungria,Escócia,1,1,2,2.9,2.45,2.9,2.45,2.45,3.4,2.9,1-1,8.0,28-05-2025 23:40
1766966,Euro,2025-05-28,2:32,Eslovênia,Países Baixos,2,1,3,2.7,2.62,2.62,2.7,2.7,3.3,2.62,2-1,8.5,28-05-2025 23:40
1766973,Euro,2025-05-28,2:35,Ucrânia,Albânia,1,0,1,3.0,2.5,3.0,2.5,2.5,3.2,3.0,1-0,10.0,28-05-2025 23:40
1766980,Euro,2025-05-28,2:38,Espanha,Bélgica,3,3,6,2.37,2.87,2.37,2.87,2.37,3.6,2.87,3-3,6.5,28-05-2025 23:40
1766987,Euro,2025-05-28,2:41,Geórgia,Polônia,0,0,0,2.62,2.75,2.62,2.75,2.75,3.25,2.62,0-0,9.0,28-05-2025 23:40
1766994,Euro,2025-05-28,2:44,República Tcheca,Eslovênia,0,1,1,3.2,2.45,3.2,2.45,2.45,3.1,3.2,0-1,11.0,28-05-2025 23:40
1767001,Euro,2025-05-28,2:47,Hungria,Croácia,1,2,3,2.62,2.7,2.7,2.62,2.62,3.4,2.7,1-2,8.0,28-05-2025 23:40
1767007,Euro,2025-05-28,2:50,Albânia,Portugal,2,2,4,2.9,2.5,2.9,2.5,2.9,3.25,2.5,2-2,9.0,28-05-2025 23:40
1767015,Euro,2025-05-28,2:53,Hungria,Suíça,0,1,1,2.75,2.5,2.75,2.5,2.5,3.4,2.75,0-1,7.5,28-05-2025 23:40
1767022,Euro,2025-05-28,2:56,Sérvia,Escócia,3,2,5,2.37,3.0,2.37,3.0,2.37,3.3,3.0,3-2,8.5,28-05-2025 23:40
1767029,Euro,2025-05-28,2:59,Portugal,Eslovênia,1,1,2,3.6,2.15,3.6,2.15,2.15,3.3,3.6,1-1,9.0,28-05-2025 23:40
1766756,Euro,2025-05-28,1:02,Dinamarca,Geórgia,4,0,4,2.05,3.75,2.05,3.75,2.05,3.4,3.75,4-0,9.0,28-05-2025 23:40
1766763,Euro,2025-05-28,1:05,Países Baixos,Inglaterra,1,2,3,2.75,2.45,2.45,2.75,2.75,3.6,2.45,1-2,6.0,28-05-2025 23:40
1766770,Euro,2025-05-28,1:08,Polônia,Albânia,2,0,2,3.0,2.5,3.0,2.5,2.5,3.1,3.0,2-0,11.0,28-05-2025 23:40
1766777,Euro,2025-05-28,1:11,Croácia,Portugal,2,0,2,2.62,2.62,2.62,2.62,2.62,3.5,2.62,2-0,7.5,28-05-2025 23:40
1766784,Euro,2025-05-28,1:14,Geórgia,Albânia,0,2,2,2.7,2.75,2.7,2.75,2.75,3.2,2.7,0-2,10.0,28-05-2025 23:40
1766791,Euro,2025-05-28,1:17,Alemanha,França,3,0,3,2.5,2.7,2.7,2.5,2.5,3.6,2.7,3-0,6.5,28-05-2025 23:40
1766798,Euro,2025-05-28,1:20,Eslováquia,Turquia,0,3,3,2.8,2.55,2.55,2.8,2.8,3.3,2.55,0-3,8.5,28-05-2025 23:40
1766805,Euro,2025-05-28,1:23,Áustria,Alemanha,0,1,1,2.5,2.8,2.5,2.8,2.8,3.5,2.5,0-1,7.5,28-05-2025 23:40
1766812,Euro,2025-05-28,1:26,Geórgia,Eslovênia,0,0,0,2.7,2.75,2.7,2.75,2.75,3.2,2.7,0-0,10.0,28-05-2025 23:40
1766819,Euro,2025-05-28,1:29,Turquia,Alemanha,0,1,1,2.5,2.8,2.5,2.8,2.8,3.4,2.5,0-1,8.0,28-05-2025 23:40
1766826,Euro,2025-05-28,1:32,Albânia,Dinamarca,3,1,4,2.75,2.7,2.75,2.7,2.75,3.2,2.7,3-1,10.0,28-05-2025 23:40
1766833,Euro,2025-05-28,1:35,Países Baixos,Eslovênia,2,1,3,2.25,3.25,3.25,2.25,2.25,3.4,3.25,2-1,8.5,28-05-2025 23:40
1766841,Euro,2025-05-28,1:38,França,Geórgia,2,1,3,1.86,4.2,4.2,1.86,1.86,3.6,4.2,2-1,7.5,28-05-2025 23:40
1766847,Euro,2025-05-28,1:41,Itália,Eslováquia,2,0,2,3.6,2.05,3.6,2.05,2.05,3.5,3.6,2-0,8.0,28-05-2025 23:40
1766853,Euro,2025-05-28,1:44,Geórgia,Hungria,0,1,1,2.55,2.8,2.55,2.8,2.8,3.3,2.55,0-1,8.5,28-05-2025 23:40
1766861,Euro,2025-05-28,1:47,Albânia,Escócia,1,1,2,2.87,2.55,2.87,2.55,2.55,3.25,2.87,1-1,9.0,28-05-2025 23:40
1766868,Euro,2025-05-28,1:50,Áustria,República Tcheca,1,1,2,3.1,2.4,3.1,2.4,2.4,3.25,3.1,1-1,9.0,28-05-2025 23:40
1766876,Euro,2025-05-28,1:53,Suíça,Eslovênia,0,2,2,3.1,2.35,3.1,2.35,2.35,3.3,3.1,0-2,9.0,28-05-2025 23:40
1766882,Euro,2025-05-28,1:56,Países Baixos,Áustria,4,0,4,2.37,2.9,2.37,2.9,2.37,3.5,2.9,4-0,7.0,28-05-2025 23:40
1766889,Euro,2025-05-28,1:59,República Tcheca,França,0,0,0,2.37,3.0,2.37,3.0,3.0,3.4,2.37,0-0,8.0,28-05-2025 23:40
1766617,Euro,2025-05-28,0:02,Sérvia,Eslováquia,1,0,1,3.4,2.2,3.4,2.2,2.2,3.3,3.4,1-0,9.0,28-05-2025 23:40
1766623,Euro,2025-05-28,0:05,Romênia,França,1,2,3,3.0,2.25,2.25,3.0,3.0,3.6,2.25,1-2,6.5,28-05-2025 23:40
1766630,Euro,2025-05-28,0:08,Turquia,Sérvia,1,0,1,3.0,2.5,3.0,2.5,2.5,3.2,3.0,1-0,10.0,28-05-2025 23:40
1766638,Euro,2025-05-28,0:11,Itália,Áustria,4,2,6,2.3,3.1,2.3,3.1,2.3,3.4,3.1,4-2,8.0,28-05-2025 23:40
1766644,Euro,2025-05-28,0:14,Geórgia,Romênia,1,1,2,2.6,2.7,2.6,2.7,2.7,3.4,2.6,1-1,7.5,28-05-2025 23:40
1766651,Euro,2025-05-28,0:17,Portugal,Eslováquia,2,0,2,3.75,2.0,3.75,2.0,2.0,3.5,3.75,2-0,7.5,28-05-2025 23:40
1766657,Euro,2025-05-28,0:20,Alemanha,Sérvia,3,3,6,2.2,3.3,2.2,3.3,2.2,3.4,3.3,3-3,8.0,28-05-2025 23:40
1766664,Euro,2025-05-28,0:23,Escócia,Itália,2,1,3,2.7,2.6,2.6,2.7,2.7,3.4,2.6,2-1,7.5,28-05-2025 23:40
1766672,Euro,2025-05-28,0:26,Espanha,Alemanha,1,3,4,2.5,2.7,2.5,2.7,2.5,3.6,2.7,1-3,6.5,28-05-2025 23:40
1766679,Euro,2025-05-28,0:29,Inglaterra,Hungria,1,1,2,3.5,2.07,3.5,2.07,2.07,3.5,3.5,1-1,7.5,28-05-2025 23:40
1766686,Euro,2025-05-28,0:32,Espanha,Suíça,3,1,4,2.25,3.1,2.25,3.1,2.25,3.6,3.1,3-1,6.5,28-05-2025 23:40
1766693,Euro,2025-05-28,0:35,Geórgia,Croácia,0,0,0,2.37,3.0,2.37,3.0,3.0,3.4,2.37,0-0,8.0,28-05-2025 23:40
1766700,Euro,2025-05-28,0:38,Eslováquia,Alemanha,0,1,1,2.2,3.2,2.2,3.2,3.2,3.5,2.2,0-1,7.0,28-05-2025 23:40
1766707,Euro,2025-05-28,0:41,Hungria,Sérvia,0,0,0,2.87,2.55,2.87,2.55,2.55,3.25,2.87,0-0,9.0,28-05-2025 23:40
1766714,Euro,2025-05-28,0:44,Inglaterra,Portugal,0,0,0,3.0,2.3,3.0,2.3,2.3,3.5,3.0,0-0,7.0,28-05-2025 23:40
1766721,Euro,2025-05-28,0:47,Croácia,Itália,0,0,0,2.75,2.55,2.75,2.55,2.55,3.4,2.75,0-0,7.5,28-05-2025 23:40
1766728,Euro,2025-05-28,0:50,Suíça,França,0,4,4,2.87,2.37,2.87,2.37,2.87,3.6,2.37,0-4,6.5,28-05-2025 23:40
1766735,Euro,2025-05-28,0:53,Turquia,Áustria,3,1,4,2.45,2.9,2.45,2.9,2.45,3.3,2.9,3-1,9.0,28-05-2025 23:40
1766742,Euro,2025-05-28,0:56,Dinamarca,Sérvia,1,0,1,3.1,2.4,3.1,2.4,2.4,3.25,3.1,1-0,9.0,28-05-2025 23:40
1766749,Euro,2025-05-28,0:59,Ucrânia,Escócia,1,0,1,2.75,2.5,2.75,2.5,2.5,3.4,2.75,1-0,7.5,28-05-2025 23:40
1766479,Euro,2025-05-28,23:02,Suíça,Portugal,2,1,3,2.7,2.55,2.55,2.7,2.7,3.5,2.55,2-1,7.0,28-05-2025 23:40
1766485,Euro,2025-05-28,23:05,Bélgica,República Tcheca,1,2,3,2.25,3.25,3.25,2.25,2.25,3.4,3.25,1-2,8.5,28-05-2025 23:40
1766493,Euro,2025-05-28,23:08,Suíça,Alemanha,3,2,5,2.75,2.45,2.75,2.45,2.75,3.5,2.45,3-2,6.5,28-05-2025 23:40
1766500,Euro,2025-05-28,23:11,Itália,Portugal,3,2,5,2.55,2.75,2.55,2.75,2.55,3.4,2.75,3-2,7.5,28-05-2025 23:40
1766508,Euro,2025-05-28,23:14,Albânia,Romênia,0,1,1,2.9,2.45,2.9,2.45,2.45,3.3,2.9,0-1,8.5,28-05-2025 23:40
1766514,Euro,2025-05-28,23:17,Áustria,Ucrânia,0,2,2,3.1,2.3,3.1,2.3,2.3,3.4,3.1,0-2,8.0,28-05-2025 23:40
1766521,Euro,2025-05-28,23:20,Romênia,Países Baixos,1,1,2,2.55,2.62,2.55,2.62,2.62,3.6,2.55,1-1,6.5,28-05-2025 23:40
1766528,Euro,2025-05-28,23:23,Polônia,Espanha,2,0,2,2.45,2.87,2.45,2.87,2.87,3.4,2.45,2-0,7.5,28-05-2025 23:40
1766535,Euro,2025-05-28,23:26,Suíça,Geórgia,1,4,5,2.1,3.5,2.1,3.5,2.1,3.5,3.5,1-4,7.5,28-05-2025 23:40
1766542,Euro,2025-05-28,23:29,Polônia,Croácia,1,0,1,2.62,2.7,2.62,2.7,2.7,3.3,2.62,1-0,8.5,28-05-2025 23:40
1766549,Euro,2025-05-28,23:32,Geórgia,Turquia,1,1,2,2.5,2.9,2.5,2.9,2.9,3.25,2.5,1-1,9.0,28-05-2025 23:40
1766556,Euro,2025-05-28,23:35,República Tcheca,Áustria,0,0,0,2.87,2.55,2.87,2.55,2.55,3.25,2.87,0-0,9.0,28-05-2025 23:40
1766563,Euro,2025-05-28,23:38,Croácia,Ucrânia,0,3,3,2.25,3.2,3.2,2.25,2.25,3.4,3.2,0-3,7.5,28-05-2025 23:40
1766570,Euro,2025-05-28,23:41,Portugal,República Tcheca,1,0,1,3.4,2.2,3.4,2.2,2.2,3.3,3.4,1-0,9.0,28-05-2025 23:40
1766577,Euro,2025-05-28,23:44,França,Países Baixos,1,0,1,3.2,2.15,3.2,2.15,2.15,3.6,3.2,1-0,6.0,28-05-2025 23:40
1766584,Euro,2025-05-28,23:47,Geórgia,Eslováquia,1,3,4,2.5,2.8,2.5,2.8,2.5,3.3,2.8,1-3,8.5,28-05-2025 23:40
1766591,Euro,2025-05-28,23:50,Escócia,Romênia,2,1,3,2.35,2.9,2.9,2.35,2.35,3.5,2.9,2-1,7.0,28-05-2025 23:40
1766598,Euro,2025-05-28,23:53,Croácia,Bélgica,3,0,3,2.5,2.75,2.75,2.5,2.5,3.5,2.75,3-0,7.0,28-05-2025 23:40
1766605,Euro,2025-05-28,23:56,Portugal,Suíça,0,2,2,3.1,2.25,3.1,2.25,2.25,3.5,3.1,0-2,7.0,28-05-2025 23:40
1766338,Euro,2025-05-28,22:02,Eslovênia,Eslováquia,1,1,2,3.25,2.3,3.25,2.3,2.3,3.25,3.25,1-1,10.0,28-05-2025 23:40
1766346,Euro,2025-05-28,22:05,Croácia,República Tcheca,2,1,3,2.35,3.1,3.1,2.35,2.35,3.3,3.1,2-1,9.0,28-05-2025 23:40
1766353,Euro,2025-05-28,22:08,Dinamarca,Áustria,0,3,3,2.4,3.0,3.0,2.4,2.4,3.3,3.0,0-3,8.5,28-05-2025 23:40
1766361,Euro,2025-05-28,22:11,Bélgica,Eslovênia,1,0,1,3.4,2.2,3.4,2.2,2.2,3.3,3.4,1-0,9.0,28-05-2025 23:40
1766366,Euro,2025-05-28,22:14,Croácia,Hungria,1,0,1,3.1,2.3,3.1,2.3,2.3,3.4,3.1,1-0,8.0,28-05-2025 23:40
1766374,Euro,2025-05-28,22:17,Bélgica,Dinamarca,2,3,5,2.4,3.0,2.4,3.0,2.4,3.4,3.0,2-3,7.5,28-05-2025 23:40
1766381,Euro,2025-05-28,22:20,Portugal,Polônia,2,1,3,2.15,3.5,3.5,2.15,2.15,3.4,3.5,2-1,8.5,28-05-2025 23:40
1766388,Euro,2025-05-28,22:23,República Tcheca,Geórgia,3,1,4,2.2,3.5,2.2,3.5,2.2,3.25,3.5,3-1,10.0,28-05-2025 23:40
1766395,Euro,2025-05-28,22:26,Turquia,Suíça,0,1,1,2.9,2.45,2.9,2.45,2.45,3.4,2.9,0-1,8.0,28-05-2025 23:40
1766400,Euro,2025-05-28,22:29,Bélgica,Geórgia,0,1,1,3.75,2.0,3.75,2.0,2.0,3.5,3.75,0-1,7.5,28-05-2025 23:40
1766409,Euro,2025-05-28,22:32,Turquia,Itália,0,3,3,2.62,2.7,2.7,2.62,2.62,3.3,2.7,0-3,9.0,28-05-2025 23:40
1766416,Euro,2025-05-28,22:35,Escócia,França,1,1,2,2.3,3.0,2.3,3.0,3.0,3.6,2.3,1-1,6.5,28-05-2025 23:40
1766423,Euro,2025-05-28,22:38,Turquia,República Tcheca,0,0,0,3.1,2.4,3.1,2.4,2.4,3.2,3.1,0-0,10.0,28-05-2025 23:40
1766430,Euro,2025-05-28,22:41,Espanha,Polônia,1,2,3,2.15,3.4,3.4,2.15,2.15,3.5,3.4,1-2,7.5,28-05-2025 23:40
1766437,Euro,2025-05-28,22:44,Croácia,Romênia,1,1,2,3.1,2.25,3.1,2.25,2.25,3.5,3.1,1-1,7.0,28-05-2025 23:40
1766443,Euro,2025-05-28,22:47,Eslovênia,Dinamarca,1,1,2,2.7,2.75,2.7,2.75,2.75,3.2,2.7,1-1,10.0,28-05-2025 23:40
1766451,Euro,2025-05-28,22:50,Países Baixos,Romênia,0,1,1,3.1,2.25,3.1,2.25,2.25,3.6,3.1,0-1,6.5,28-05-2025 23:40
1766458,Euro,2025-05-28,22:53,Croácia,Eslováquia,1,2,3,2.1,3.5,3.5,2.1,2.1,3.5,3.5,1-2,7.5,28-05-2025 23:40
1766465,Euro,2025-05-28,22:56,Bélgica,Polônia,2,2,4,2.2,3.3,2.2,3.3,2.2,3.4,3.3,2-2,8.0,28-05-2025 23:40
1766472,Euro,2025-05-28,22:59,França,Eslovênia,4,1,5,2.02,3.8,2.02,3.8,2.02,3.4,3.8,4-1,8.5,28-05-2025 23:40
1766198,Euro,2025-05-28,21:02,Romênia,Inglaterra,2,1,3,3.0,2.25,2.25,3.0,3.0,3.6,2.25,2-1,6.5,28-05-2025 23:40
1766206,Euro,2025-05-28,21:05,Alemanha,Albânia,0,0,0,3.75,2.07,3.75,2.07,2.07,3.4,3.75,0-0,9.0,28-05-2025 23:40
1766213,Euro,2025-05-28,21:08,Portugal,Ucrânia,2,3,5,2.1,3.4,2.1,3.4,2.1,3.5,3.4,2-3,7.5,28-05-2025 23:40
1766220,Euro,2025-05-28,21:11,Bélgica,Hungria,0,3,3,2.25,3.2,3.2,2.25,2.25,3.4,3.2,0-3,7.5,28-05-2025 23:40
1766227,Euro,2025-05-28,21:14,Suíça,Ucrânia,2,0,2,3.0,2.3,3.0,2.3,2.3,3.5,3.0,2-0,7.5,28-05-2025 23:40
1766234,Euro,2025-05-28,21:17,Espanha,Escócia,0,0,0,3.2,2.2,3.2,2.2,2.2,3.6,3.2,0-0,7.0,28-05-2025 23:40
1766241,Euro,2025-05-28,21:20,Inglaterra,Geórgia,1,0,1,4.2,1.86,4.2,1.86,1.86,3.6,4.2,1-0,7.5,28-05-2025 23:40
1766248,Euro,2025-05-28,21:23,Sérvia,Portugal,1,0,1,2.62,2.7,2.62,2.7,2.7,3.3,2.62,1-0,8.5,28-05-2025 23:40
1766255,Euro,2025-05-28,21:26,Bélgica,Albânia,0,1,1,3.4,2.2,3.4,2.2,2.2,3.3,3.4,0-1,9.0,28-05-2025 23:40
1766262,Euro,2025-05-28,21:29,Eslovênia,Hungria,1,1,2,2.9,2.55,2.9,2.55,2.55,3.2,2.9,1-1,10.0,28-05-2025 23:40
1766269,Euro,2025-05-28,21:32,Polônia,Geórgia,1,1,2,3.3,2.25,3.3,2.25,2.25,3.3,3.3,1-1,9.0,28-05-2025 23:40
1766276,Euro,2025-05-28,21:35,Hungria,Inglaterra,0,2,2,2.35,3.0,2.35,3.0,3.0,3.5,2.35,0-2,7.0,28-05-2025 23:40
1766283,Euro,2025-05-28,21:38,Países Baixos,Albânia,3,0,3,2.25,3.25,3.25,2.25,2.25,3.4,3.25,3-0,8.5,28-05-2025 23:40
1766290,Euro,2025-05-28,21:41,Eslovênia,Geórgia,0,2,2,3.4,2.25,3.4,2.25,2.25,3.2,3.4,0-2,10.0,28-05-2025 23:40
1766297,Euro,2025-05-28,21:44,Alemanha,Escócia,1,0,1,3.4,2.1,3.4,2.1,2.1,3.6,3.4,1-0,7.0,28-05-2025 23:40
1766304,Euro,2025-05-28,21:47,Países Baixos,Ucrânia,0,1,1,3.1,2.25,3.1,2.25,2.25,3.5,3.1,0-1,7.0,28-05-2025 23:40
1766311,Euro,2025-05-28,21:50,Alemanha,Itália,0,0,0,3.0,2.3,3.0,2.3,2.3,3.5,3.0,0-0,7.5,28-05-2025 23:40
1766318,Euro,2025-05-28,21:53,Romênia,Ucrânia,1,0,1,2.87,2.45,2.87,2.45,2.45,3.5,2.87,1-0,7.5,28-05-2025 23:40
1766325,Euro,2025-05-28,21:56,Bélgica,Itália,0,0,0,2.8,2.45,2.8,2.45,2.45,3.5,2.8,0-0,7.5,28-05-2025 23:40
1766332,Euro,2025-05-28,21:59,Áustria,Croácia,1,2,3,2.55,2.75,2.75,2.55,2.55,3.4,2.75,1-2,7.5,28-05-2025 23:40
1767035,Copa,2025-05-28,3:01,Canadá,Gana,0,1,1,2.8,2.5,2.8,2.5,2.5,3.4,2.8,0-1,7.5,28-05-2025 23:38
1767040,Copa,2025-05-28,3:04,México,Austrália,3,4,7,2.15,3.3,2.15,3.3,2.15,3.5,3.3,3-4,7.0,28-05-2025 23:38
1767047,Copa,2025-05-28,3:07,Costa Rica,Bélgica,0,1,1,2.15,3.3,2.15,3.3,3.3,3.5,2.15,0-1,7.5,28-05-2025 23:38
1767055,Copa,2025-05-28,3:10,Portugal,Irã,2,0,2,4.0,1.9,4.0,1.9,1.9,3.75,4.0,2-0,6.5,28-05-2025 23:38
1767061,Copa,2025-05-28,3:13,Arábia Saudita,Austrália,4,2,6,2.55,2.62,2.55,2.62,2.55,3.6,2.62,4-2,6.5,28-05-2025 23:38
1767068,Copa,2025-05-28,3:16,Inglaterra,Suíça,3,1,4,2.1,3.4,2.1,3.4,2.1,3.6,3.4,3-1,7.0,28-05-2025 23:38
1767076,Copa,2025-05-28,3:19,Sérvia,Equador,1,1,2,3.1,2.37,3.1,2.37,2.37,3.25,3.1,1-1,9.0,28-05-2025 23:38
1767082,Copa,2025-05-28,3:22,Costa Rica,Países Baixos,0,2,2,2.2,3.2,2.2,3.2,3.2,3.5,2.2,0-2,7.0,28-05-2025 23:38
1767092,Copa,2025-05-28,3:25,Sérvia,Argentina,0,0,0,2.5,2.9,2.5,2.9,2.9,3.25,2.5,0-0,9.0,28-05-2025 23:38
1767098,Copa,2025-05-28,3:28,Marrocos,Equador,3,2,5,2.5,2.8,2.5,2.8,2.5,3.4,2.8,3-2,7.5,28-05-2025 23:38
1767103,Copa,2025-05-28,3:31,Dinamarca,Costa Rica,1,0,1,3.75,2.0,3.75,2.0,2.0,3.6,3.75,1-0,7.0,28-05-2025 23:38
1767112,Copa,2025-05-28,3:34,Portugal,Bélgica,1,1,2,2.7,2.55,2.7,2.55,2.55,3.5,2.7,1-1,7.0,28-05-2025 23:38
1767117,Copa,2025-05-28,3:37,Gana,Uruguai,2,0,2,2.5,2.75,2.5,2.75,2.75,3.5,2.5,2-0,7.0,28-05-2025 23:38
1766893,Copa,2025-05-28,2:01,Argentina,Portugal,0,1,1,3.0,2.3,3.0,2.3,2.3,3.6,3.0,0-1,6.5,28-05-2025 23:38
1766901,Copa,2025-05-28,2:04,EUA,França,1,2,3,3.0,2.4,2.4,3.0,3.0,3.3,2.4,1-2,8.5,28-05-2025 23:38
1766907,Copa,2025-05-28,2:07,Suíça,Países Baixos,1,2,3,2.6,2.62,2.62,2.6,2.6,3.5,2.62,1-2,7.5,28-05-2025 23:38
1766914,Copa,2025-05-28,2:10,Costa Rica,Austrália,2,2,4,2.5,2.75,2.5,2.75,2.5,3.5,2.75,2-2,7.0,28-05-2025 23:38
1766925,Copa,2025-05-28,2:13,Dinamarca,Alemanha,2,0,2,2.62,2.6,2.62,2.6,2.6,3.5,2.62,2-0,6.5,28-05-2025 23:38
1766930,Copa,2025-05-28,2:16,México,Marrocos,1,1,2,3.1,2.3,3.1,2.3,2.3,3.4,3.1,1-1,8.0,28-05-2025 23:38
1766935,Copa,2025-05-28,2:19,Qatar,Sérvia,0,1,1,2.6,2.87,2.6,2.87,2.87,3.2,2.6,0-1,10.0,28-05-2025 23:38
1766942,Copa,2025-05-28,2:22,França,México,3,1,4,2.07,3.5,2.07,3.5,2.07,3.5,3.5,3-1,7.5,28-05-2025 23:38
1766951,Copa,2025-05-28,2:25,Argentina,Uruguai,0,0,0,3.3,2.2,3.3,2.2,2.2,3.5,3.3,0-0,7.5,28-05-2025 23:38
1766956,Copa,2025-05-28,2:28,Senegal,Irã,0,0,0,3.8,1.98,3.8,1.98,1.98,3.5,3.8,0-0,8.5,28-05-2025 23:38
1766964,Copa,2025-05-28,2:31,Inglaterra,Arábia Saudita,1,0,1,4.5,1.76,4.5,1.76,1.76,3.8,4.5,1-0,6.5,28-05-2025 23:38
1766972,Copa,2025-05-28,2:34,Coreia do Sul,Qatar,3,0,3,2.45,2.9,2.9,2.45,2.45,3.4,2.9,3-0,8.0,28-05-2025 23:38
1766977,Copa,2025-05-28,2:37,Equador,Marrocos,4,1,5,2.37,3.0,2.37,3.0,2.37,3.4,3.0,4-1,7.5,28-05-2025 23:38
1766984,Copa,2025-05-28,2:40,Camarões,Coreia do Sul,1,1,2,2.87,2.4,2.87,2.4,2.4,3.5,2.87,1-1,7.0,28-05-2025 23:38
1766990,Copa,2025-05-28,2:43,Brasil,Irã,4,2,6,1.72,4.75,1.72,4.75,1.72,3.8,4.75,4-2,6.5,28-05-2025 23:38
1766999,Copa,2025-05-28,2:46,Croácia,Polônia,1,2,3,2.3,3.2,3.2,2.3,2.3,3.3,3.2,1-2,9.0,28-05-2025 23:38
1767009,Copa,2025-05-28,2:49,França,Senegal,0,0,0,3.5,2.15,3.5,2.15,2.15,3.4,3.5,0-0,8.5,28-05-2025 23:38
1767013,Copa,2025-05-28,2:52,México,Portugal,1,0,1,2.55,2.7,2.55,2.7,2.7,3.5,2.55,1-0,7.0,28-05-2025 23:38
1767019,Copa,2025-05-28,2:55,Camarões,Japão,0,2,2,2.7,2.6,2.7,2.6,2.6,3.4,2.7,0-2,8.0,28-05-2025 23:38
1767025,Copa,2025-05-28,2:58,Equador,Coreia do Sul,0,1,1,3.2,2.25,3.2,2.25,2.25,3.5,3.2,0-1,7.5,28-05-2025 23:38
1766755,Copa,2025-05-28,1:01,Portugal,Espanha,0,0,0,2.6,2.6,2.6,2.6,2.6,3.6,2.6,0-0,6.0,28-05-2025 23:38
1766760,Copa,2025-05-28,1:04,Tunísia,Senegal,1,0,1,2.5,2.9,2.5,2.9,2.9,3.25,2.5,1-0,9.0,28-05-2025 23:38
1766769,Copa,2025-05-28,1:07,Polônia,Gana,2,1,3,2.25,3.2,3.2,2.25,2.25,3.5,3.2,2-1,7.5,28-05-2025 23:38
1766773,Copa,2025-05-28,1:10,Austrália,Marrocos,0,0,0,2.7,2.6,2.7,2.6,2.6,3.5,2.7,0-0,7.0,28-05-2025 23:38
1766782,Copa,2025-05-28,1:13,Canadá,Arábia Saudita,1,2,3,2.25,3.1,3.1,2.25,2.25,3.5,3.1,1-2,7.0,28-05-2025 23:38
1766788,Copa,2025-05-28,1:16,Irã,Equador,0,1,1,2.4,2.8,2.4,2.8,2.8,3.5,2.4,0-1,7.0,28-05-2025 23:38
1766795,Copa,2025-05-28,1:19,País de Gales,Arábia Saudita,1,0,1,3.25,2.2,3.25,2.2,2.2,3.5,3.25,1-0,7.5,28-05-2025 23:38
1766804,Copa,2025-05-28,1:22,Portugal,Argentina,0,1,1,2.62,2.6,2.62,2.6,2.6,3.5,2.62,0-1,6.5,28-05-2025 23:38
1766809,Copa,2025-05-28,1:25,Japão,Alemanha,2,1,3,3.0,2.37,2.37,3.0,3.0,3.4,2.37,2-1,8.0,28-05-2025 23:38
1766816,Copa,2025-05-28,1:28,Uruguai,Irã,1,1,2,3.75,2.0,3.75,2.0,2.0,3.6,3.75,1-1,7.0,28-05-2025 23:38
1766823,Copa,2025-05-28,1:31,Costa Rica,Polônia,0,0,0,2.45,2.87,2.45,2.87,2.87,3.4,2.45,0-0,7.5,28-05-2025 23:38
1766830,Copa,2025-05-28,1:34,Dinamarca,Camarões,1,2,3,2.05,3.5,3.5,2.05,2.05,3.6,3.5,1-2,6.5,28-05-2025 23:38
1766838,Copa,2025-05-28,1:37,Brasil,Canadá,3,0,3,1.83,4.33,4.33,1.83,1.83,3.75,4.33,3-0,7.0,28-05-2025 23:38
1766846,Copa,2025-05-28,1:40,Alemanha,Inglaterra,1,2,3,2.6,2.62,2.62,2.6,2.6,3.5,2.62,1-2,6.5,28-05-2025 23:38
1766850,Copa,2025-05-28,1:43,Portugal,Costa Rica,1,0,1,3.8,1.95,3.8,1.95,1.95,3.6,3.8,1-0,6.5,28-05-2025 23:38
1766858,Copa,2025-05-28,1:46,Irã,Austrália,1,0,1,2.62,2.55,2.62,2.55,2.55,3.6,2.62,1-0,6.5,28-05-2025 23:38
1766865,Copa,2025-05-28,1:49,Uruguai,Argentina,0,0,0,2.5,2.8,2.5,2.8,2.8,3.5,2.5,0-0,7.5,28-05-2025 23:38
1766875,Copa,2025-05-28,1:52,México,Tunísia,3,0,3,2.15,3.4,3.4,2.15,2.15,3.4,3.4,3-0,8.0,28-05-2025 23:38
1766879,Copa,2025-05-28,1:55,Alemanha,Senegal,2,2,4,2.25,3.25,2.25,3.25,2.25,3.4,3.25,2-2,8.5,28-05-2025 23:38
1766886,Copa,2025-05-28,1:58,Inglaterra,Polônia,3,1,4,2.07,3.5,2.07,3.5,2.07,3.5,3.5,3-1,7.5,28-05-2025 23:38
1766614,Copa,2025-05-28,0:01,Croácia,Uruguai,2,3,5,2.37,3.0,2.37,3.0,2.37,3.3,3.0,2-3,8.5,28-05-2025 23:38
1766620,Copa,2025-05-28,0:04,Inglaterra,Dinamarca,2,0,2,3.2,2.2,3.2,2.2,2.2,3.6,3.2,2-0,7.0,28-05-2025 23:38
1766632,Copa,2025-05-28,0:07,Uruguai,EUA,1,1,2,3.1,2.4,3.1,2.4,2.4,3.25,3.1,1-1,9.0,28-05-2025 23:38
1766636,Copa,2025-05-28,0:10,Sérvia,Coreia do Sul,1,2,3,2.2,3.5,3.5,2.2,2.2,3.25,3.5,1-2,10.0,28-05-2025 23:38
1766641,Copa,2025-05-28,0:13,Austrália,Dinamarca,0,1,1,2.35,2.9,2.35,2.9,2.9,3.6,2.35,0-1,6.5,28-05-2025 23:38
1766648,Copa,2025-05-28,0:16,Brasil,Marrocos,3,1,4,1.9,4.0,1.9,4.0,1.9,3.6,4.0,3-1,7.0,28-05-2025 23:38
1766655,Copa,2025-05-28,0:19,Países Baixos,Coreia do Sul,0,0,0,3.75,2.0,3.75,2.0,2.0,3.5,3.75,0-0,7.5,28-05-2025 23:38
1766662,Copa,2025-05-28,0:22,Senegal,Costa Rica,3,1,4,2.05,3.75,2.05,3.75,2.05,3.4,3.75,3-1,8.5,28-05-2025 23:38
1766669,Copa,2025-05-28,0:25,Marrocos,Uruguai,1,0,1,2.6,2.7,2.6,2.7,2.7,3.4,2.6,1-0,7.5,28-05-2025 23:38
1766676,Copa,2025-05-28,0:28,Costa Rica,Camarões,1,0,1,2.75,2.5,2.75,2.5,2.5,3.5,2.75,1-0,7.0,28-05-2025 23:38
1766683,Copa,2025-05-28,0:31,Inglaterra,Canadá,4,1,5,1.85,4.2,1.85,4.2,1.85,3.6,4.2,4-1,7.5,28-05-2025 23:38
1766692,Copa,2025-05-28,0:34,Polônia,Uruguai,1,1,2,2.75,2.5,2.75,2.5,2.5,3.4,2.75,1-1,7.5,28-05-2025 23:38
1766699,Copa,2025-05-28,0:37,Tunísia,Marrocos,0,1,1,2.7,2.6,2.7,2.6,2.6,3.4,2.7,0-1,8.0,28-05-2025 23:38
1766703,Copa,2025-05-28,0:40,Alemanha,Brasil,0,1,1,2.55,2.7,2.55,2.7,2.7,3.6,2.55,0-1,6.5,28-05-2025 23:38
1766711,Copa,2025-05-28,0:43,Camarões,Gana,3,0,3,2.5,2.75,2.75,2.5,2.5,3.5,2.75,3-0,7.0,28-05-2025 23:38
1766719,Copa,2025-05-28,0:46,Brasil,Argentina,1,3,4,2.3,3.0,2.3,3.0,2.3,3.5,3.0,1-3,7.0,28-05-2025 23:38
1766724,Copa,2025-05-28,0:49,País de Gales,Bélgica,1,0,1,2.3,3.1,2.3,3.1,3.1,3.4,2.3,1-0,8.5,28-05-2025 23:38
1766734,Copa,2025-05-28,0:52,Equador,Brasil,1,1,2,2.2,3.2,2.2,3.2,3.2,3.6,2.2,1-1,6.5,28-05-2025 23:38
1766739,Copa,2025-05-28,0:55,Coreia do Sul,Marrocos,1,0,1,2.7,2.6,2.7,2.6,2.6,3.4,2.7,1-0,8.0,28-05-2025 23:38
1766746,Copa,2025-05-28,0:58,Equador,Japão,1,4,5,2.37,3.0,2.37,3.0,2.37,3.3,3.0,1-4,8.5,28-05-2025 23:38
1766476,Copa,2025-05-28,23:01,Austrália,Senegal,0,2,2,2.45,2.9,2.45,2.9,2.9,3.3,2.45,0-2,8.5,28-05-2025 23:38
1766483,Copa,2025-05-28,23:04,Croácia,Gana,2,0,2,3.5,2.1,3.5,2.1,2.1,3.4,3.5,2-0,8.5,28-05-2025 23:38
1766492,Copa,2025-05-28,23:07,EUA,Países Baixos,0,3,3,2.75,2.62,2.62,2.75,2.75,3.25,2.62,0-3,9.0,28-05-2025 23:38
1766497,Copa,2025-05-28,23:10,Argentina,Gana,0,1,1,3.8,1.95,3.8,1.95,1.95,3.6,3.8,0-1,7.5,28-05-2025 23:38
1766504,Copa,2025-05-28,23:13,Tunísia,Países Baixos,4,1,5,3.1,2.3,3.1,2.3,3.1,3.5,2.3,4-1,7.5,28-05-2025 23:38
1766513,Copa,2025-05-28,23:16,Camarões,Qatar,4,1,5,2.4,2.87,2.4,2.87,2.4,3.5,2.87,4-1,7.0,28-05-2025 23:38
1766518,Copa,2025-05-28,23:19,Alemanha,México,0,2,2,3.3,2.2,3.3,2.2,2.2,3.5,3.3,0-2,7.5,28-05-2025 23:38
1766524,Copa,2025-05-28,23:22,Bélgica,Equador,4,1,5,2.1,3.5,2.1,3.5,2.1,3.5,3.5,4-1,7.5,28-05-2025 23:38
1766532,Copa,2025-05-28,23:25,Uruguai,Croácia,2,2,4,2.55,2.8,2.55,2.8,2.55,3.3,2.8,2-2,8.5,28-05-2025 23:38
1766539,Copa,2025-05-28,23:28,Brasil,País de Gales,3,1,4,1.86,4.2,1.86,4.2,1.86,3.6,4.2,3-1,7.5,28-05-2025 23:38
1766547,Copa,2025-05-28,23:31,Polônia,Camarões,0,3,3,2.15,3.3,3.3,2.15,2.15,3.5,3.3,0-3,7.0,28-05-2025 23:38
1766552,Copa,2025-05-28,23:34,Austrália,Arábia Saudita,0,1,1,3.0,2.25,3.0,2.25,2.25,3.6,3.0,0-1,6.5,28-05-2025 23:38
1766559,Copa,2025-05-28,23:37,Coreia do Sul,Inglaterra,2,1,3,3.4,2.1,2.1,3.4,3.4,3.5,2.1,2-1,7.0,28-05-2025 23:38
1766567,Copa,2025-05-28,23:40,Irã,Polônia,0,1,1,2.35,3.0,2.35,3.0,3.0,3.5,2.35,0-1,7.0,28-05-2025 23:38
1766574,Copa,2025-05-28,23:43,Uruguai,Países Baixos,1,2,3,2.6,2.62,2.62,2.6,2.6,3.5,2.62,1-2,7.5,28-05-2025 23:38
1766581,Copa,2025-05-28,23:46,Tunísia,Equador,2,2,4,2.7,2.6,2.7,2.6,2.7,3.4,2.6,2-2,7.5,28-05-2025 23:38
1766589,Copa,2025-05-28,23:49,Suíça,México,0,3,3,2.37,3.0,3.0,2.37,2.37,3.4,3.0,0-3,7.5,28-05-2025 23:38
1766597,Copa,2025-05-28,23:52,Equador,Sérvia,3,0,3,2.55,2.87,2.87,2.55,2.55,3.25,2.87,3-0,9.0,28-05-2025 23:38
1766602,Copa,2025-05-28,23:55,Bélgica,Qatar,2,2,4,1.95,4.0,1.95,4.0,1.95,3.5,4.0,2-2,8.0,28-05-2025 23:38
1766609,Copa,2025-05-28,23:58,Países Baixos,Gana,5,0,5,2.05,3.6,2.05,3.6,2.05,3.5,3.6,5-0,7.5,28-05-2025 23:38
1766340,Copa,2025-05-28,22:01,Sérvia,Tunísia,0,1,1,3.5,2.2,3.5,2.2,2.2,3.25,3.5,0-1,10.0,28-05-2025 23:38
1766341,Copa,2025-05-28,22:04,Países Baixos,México,2,0,2,3.2,2.25,3.2,2.25,2.25,3.4,3.2,2-0,7.5,28-05-2025 23:38
1766352,Copa,2025-05-28,22:07,Canadá,Inglaterra,3,2,5,3.4,2.1,3.4,2.1,3.4,3.5,2.1,3-2,7.0,28-05-2025 23:38
1766358,Copa,2025-05-28,22:10,Arábia Saudita,País de Gales,3,0,3,2.7,2.6,2.6,2.7,2.7,3.4,2.6,3-0,7.5,28-05-2025 23:38
1766365,Copa,2025-05-28,22:13,Dinamarca,México,4,1,5,2.3,3.0,2.3,3.0,2.3,3.5,3.0,4-1,7.5,28-05-2025 23:38
1766373,Copa,2025-05-28,22:16,Marrocos,Japão,2,1,3,2.45,2.9,2.9,2.45,2.45,3.3,2.9,2-1,8.5,28-05-2025 23:38
1766378,Copa,2025-05-28,22:19,Países Baixos,Camarões,1,2,3,2.0,3.75,3.75,2.0,2.0,3.6,3.75,1-2,7.0,28-05-2025 23:38
1766384,Copa,2025-05-28,22:22,Portugal,França,3,1,4,2.7,2.55,2.7,2.55,2.7,3.6,2.55,3-1,6.5,28-05-2025 23:38
1766392,Copa,2025-05-28,22:25,Senegal,Sérvia,0,0,0,3.2,2.45,3.2,2.45,2.45,3.1,3.2,0-0,11.0,28-05-2025 23:38
1766403,Copa,2025-05-28,22:28,Costa Rica,Canadá,2,2,4,2.5,2.8,2.5,2.8,2.5,3.4,2.8,2-2,7.5,28-05-2025 23:38
1766408,Copa,2025-05-28,22:31,EUA,Qatar,2,0,2,3.5,2.2,3.5,2.2,2.2,3.25,3.5,2-0,10.0,28-05-2025 23:38
1766413,Copa,2025-05-28,22:34,Austrália,Argentina,2,3,5,3.3,2.15,3.3,2.15,3.3,3.6,2.15,2-3,7.0,28-05-2025 23:38
1766420,Copa,2025-05-28,22:37,Alemanha,Qatar,1,1,2,3.8,1.95,3.8,1.95,1.95,3.6,3.8,1-1,7.5,28-05-2025 23:38
1766429,Copa,2025-05-28,22:40,Canadá,Croácia,3,1,4,3.0,2.4,3.0,2.4,3.0,3.3,2.4,3-1,8.5,28-05-2025 23:38
1766434,Copa,2025-05-28,22:43,País de Gales,Argentina,4,2,6,3.25,2.25,3.25,2.25,3.25,3.4,2.25,4-2,8.0,28-05-2025 23:38
1766445,Copa,2025-05-28,22:46,Portugal,Canadá,1,1,2,3.6,2.0,3.6,2.0,2.0,3.6,3.6,1-1,7.0,28-05-2025 23:38
1766450,Copa,2025-05-28,22:49,Arábia Saudita,Qatar,4,2,6,2.6,2.7,2.6,2.7,2.6,3.5,2.7,4-2,7.0,28-05-2025 23:38
1766455,Copa,2025-05-28,22:52,Argentina,Coreia do Sul,1,1,2,4.0,1.9,4.0,1.9,1.9,3.6,4.0,1-1,7.5,28-05-2025 23:38
1766463,Copa,2025-05-28,22:55,França,Costa Rica,2,1,3,1.8,4.33,4.33,1.8,1.8,3.75,4.33,2-1,7.0,28-05-2025 23:38
1766469,Copa,2025-05-28,22:58,Sérvia,Camarões,2,0,2,3.4,2.15,3.4,2.15,2.15,3.4,3.4,2-0,8.5,28-05-2025 23:38
1766200,Copa,2025-05-28,21:01,França,Camarões,2,0,2,4.2,1.85,4.2,1.85,1.85,3.75,4.2,2-0,6.5,28-05-2025 23:38
1766205,Copa,2025-05-28,21:04,Marrocos,Sérvia,2,0,2,2.75,2.7,2.75,2.7,2.7,3.2,2.75,2-0,10.0,28-05-2025 23:38
1766209,Copa,2025-05-28,21:07,Camarões,Polônia,0,1,1,2.5,2.75,2.5,2.75,2.75,3.5,2.5,0-1,7.0,28-05-2025 23:38
1766217,Copa,2025-05-28,21:10,Qatar,Dinamarca,0,2,2,2.35,3.0,2.35,3.0,3.0,3.5,2.35,0-2,7.0,28-05-2025 23:38
1766224,Copa,2025-05-28,21:13,Uruguai,França,2,0,2,2.4,2.87,2.4,2.87,2.87,3.5,2.4,2-0,7.0,28-05-2025 23:38
1766233,Copa,2025-05-28,21:16,Gana,Países Baixos,0,3,3,3.0,2.35,2.35,3.0,3.0,3.5,2.35,0-3,7.0,28-05-2025 23:38
1766238,Copa,2025-05-28,21:19,Arábia Saudita,Coreia do Sul,0,1,1,2.7,2.6,2.7,2.6,2.6,3.5,2.7,0-1,7.0,28-05-2025 23:38
1766245,Copa,2025-05-28,21:22,França,Sérvia,0,0,0,3.75,2.07,3.75,2.07,2.07,3.4,3.75,0-0,9.0,28-05-2025 23:38
1766253,Copa,2025-05-28,21:25,México,Gana,1,1,2,3.2,2.25,3.2,2.25,2.25,3.5,3.2,1-1,7.5,28-05-2025 23:38
1766259,Copa,2025-05-28,21:28,Camarões,Austrália,2,0,2,2.8,2.4,2.8,2.4,2.4,3.6,2.8,2-0,6.5,28-05-2025 23:38
1766266,Copa,2025-05-28,21:31,Bélgica,Espanha,1,1,2,2.75,2.5,2.75,2.5,2.5,3.5,2.75,1-1,7.0,28-05-2025 23:38
1766273,Copa,2025-05-28,21:34,Equador,País de Gales,2,1,3,2.3,3.1,3.1,2.3,2.3,3.4,3.1,2-1,8.0,28-05-2025 23:38
1766280,Copa,2025-05-28,21:37,Bélgica,Dinamarca,1,0,1,3.0,2.3,3.0,2.3,2.3,3.5,3.0,1-0,7.5,28-05-2025 23:38
1766287,Copa,2025-05-28,21:40,Espanha,Marrocos,2,1,3,2.0,3.6,3.6,2.0,2.0,3.6,3.6,2-1,7.0,28-05-2025 23:38
1766294,Copa,2025-05-28,21:43,Inglaterra,Coreia do Sul,1,1,2,4.2,1.85,4.2,1.85,1.85,3.6,4.2,1-1,7.5,28-05-2025 23:38
1766302,Copa,2025-05-28,21:46,Costa Rica,Senegal,1,1,2,2.4,3.0,2.4,3.0,3.0,3.3,2.4,1-1,8.5,28-05-2025 23:38
1766308,Copa,2025-05-28,21:49,Argentina,Espanha,3,0,3,2.45,2.8,2.8,2.45,2.45,3.5,2.8,3-0,6.5,28-05-2025 23:38
1766315,Copa,2025-05-28,21:52,Brasil,Senegal,2,0,2,3.6,2.07,3.6,2.07,2.07,3.4,3.6,2-0,8.0,28-05-2025 23:38
1766322,Copa,2025-05-28,21:55,Tunísia,Qatar,3,0,3,2.45,2.9,2.9,2.45,2.45,3.4,2.9,3-0,8.0,28-05-2025 23:38
1766330,Copa,2025-05-28,21:58,Senegal,Países Baixos,4,0,4,2.62,2.75,2.62,2.75,2.62,3.3,2.75,4-0,8.5,28-05-2025 23:38
1767031,Premier,2025-05-28,3:00,Norwich,West Ham,2,0,2,2.55,2.8,2.55,2.8,2.8,3.3,2.55,2-0,8.5,28-05-2025 23:41
1767038,Premier,2025-05-28,3:03,Brighton,Everton,1,1,2,2.4,2.8,2.4,2.8,2.8,3.6,2.4,1-1,6.5,28-05-2025 23:41
1767045,Premier,2025-05-28,3:06,Tottenham,United,2,0,2,2.62,2.7,2.62,2.7,2.7,3.3,2.62,2-0,8.5,28-05-2025 23:41
1767052,Premier,2025-05-28,3:09,Leeds,Newcastle,1,0,1,3.1,2.3,3.1,2.3,2.3,3.4,3.1,1-0,8.0,28-05-2025 23:41
1767059,Premier,2025-05-28,3:12,Islington,City,1,2,3,2.75,2.45,2.45,2.75,2.75,3.5,2.45,1-2,6.5,28-05-2025 23:41
1767066,Premier,2025-05-28,3:15,Tottenham,Brentford,0,0,0,3.75,2.05,3.75,2.05,2.05,3.4,3.75,0-0,9.0,28-05-2025 23:41
1767073,Premier,2025-05-28,3:18,Watford,Wolverhampton,3,3,6,2.8,2.4,2.8,2.4,2.8,3.5,2.4,3-3,7.0,28-05-2025 23:41
1767080,Premier,2025-05-28,3:21,Chelsea,Norwich,1,2,3,1.95,3.8,3.8,1.95,1.95,3.6,3.8,1-2,7.5,28-05-2025 23:41
1767087,Premier,2025-05-28,3:24,Brentford,United,1,1,2,2.15,3.3,2.15,3.3,3.3,3.5,2.15,1-1,7.5,28-05-2025 23:41
1767093,Premier,2025-05-28,3:27,Burnley,Leeds,0,2,2,2.62,2.7,2.62,2.7,2.7,3.3,2.62,0-2,8.5,28-05-2025 23:41
1767100,Premier,2025-05-28,3:30,Aston,Liverpool,0,0,0,2.37,3.0,2.37,3.0,3.0,3.4,2.37,0-0,8.0,28-05-2025 23:41
1767108,Premier,2025-05-28,3:33,United,Palace,3,0,3,1.95,3.8,3.8,1.95,1.95,3.6,3.8,3-0,7.5,28-05-2025 23:41
1767115,Premier,2025-05-28,3:36,Watford,Brighton,2,1,3,2.35,3.0,3.0,2.35,2.35,3.5,3.0,2-1,7.0,28-05-2025 23:41
1767122,Premier,2025-05-28,3:39,Leeds,Southampton,0,2,2,3.0,2.45,3.0,2.45,2.45,3.2,3.0,0-2,10.0,28-05-2025 23:41
1766891,Premier,2025-05-28,2:00,Palace,Islington,0,0,0,2.35,3.0,2.35,3.0,3.0,3.5,2.35,0-0,7.0,28-05-2025 23:41
1766898,Premier,2025-05-28,2:03,Everton,West Ham,0,1,1,3.0,2.4,3.0,2.4,2.4,3.3,3.0,0-1,8.5,28-05-2025 23:41
1766905,Premier,2025-05-28,2:06,Chelsea,Aston,2,1,3,2.05,3.6,3.6,2.05,2.05,3.5,3.6,2-1,8.0,28-05-2025 23:41
1766912,Premier,2025-05-28,2:09,Palace,Norwich,5,1,6,2.3,3.1,2.3,3.1,2.3,3.5,3.1,5-1,7.0,28-05-2025 23:41
1766918,Premier,2025-05-28,2:12,City,Newcastle,0,0,0,4.0,1.86,4.0,1.86,1.86,3.8,4.0,0-0,6.0,28-05-2025 23:41
1766926,Premier,2025-05-28,2:15,Brighton,Aston,0,3,3,2.6,2.7,2.7,2.6,2.6,3.5,2.7,0-3,7.0,28-05-2025 23:41
1766933,Premier,2025-05-28,2:18,United,Liverpool,2,1,3,2.3,3.0,3.0,2.3,2.3,3.5,3.0,2-1,7.5,28-05-2025 23:41
1766940,Premier,2025-05-28,2:21,Brentford,Burnley,2,4,6,2.4,2.87,2.4,2.87,2.4,3.5,2.87,2-4,7.0,28-05-2025 23:41
1766947,Premier,2025-05-28,2:24,Tottenham,Islington,0,0,0,2.8,2.55,2.8,2.55,2.55,3.3,2.8,0-0,8.5,28-05-2025 23:41
1766954,Premier,2025-05-28,2:27,Brighton,Brentford,1,1,2,2.75,2.5,2.75,2.5,2.5,3.5,2.75,1-1,7.0,28-05-2025 23:41
1766961,Premier,2025-05-28,2:30,Norwich,Burnley,0,0,0,2.75,2.5,2.75,2.5,2.5,3.5,2.75,0-0,7.0,28-05-2025 23:41
1766968,Premier,2025-05-28,2:33,Southampton,Brighton,2,2,4,2.15,3.3,2.15,3.3,2.15,3.5,3.3,2-2,7.0,28-05-2025 23:41
1766975,Premier,2025-05-28,2:36,Leeds,Islington,0,0,0,2.55,2.8,2.55,2.8,2.8,3.3,2.55,0-0,8.5,28-05-2025 23:41
1766982,Premier,2025-05-28,2:39,Tottenham,Burnley,1,1,2,3.6,2.05,3.6,2.05,2.05,3.5,3.6,1-1,8.0,28-05-2025 23:41
1766992,Premier,2025-05-28,2:42,Leeds,Liverpool,0,5,5,2.8,2.55,2.8,2.55,2.8,3.3,2.55,0-5,8.5,28-05-2025 23:41
1766996,Premier,2025-05-28,2:45,Everton,Wolverhampton,3,1,4,2.5,2.7,2.5,2.7,2.5,3.6,2.7,3-1,6.5,28-05-2025 23:41
1767003,Premier,2025-05-28,2:48,Tottenham,Liverpool,1,1,2,2.8,2.55,2.8,2.55,2.55,3.3,2.8,1-1,8.5,28-05-2025 23:41
1767010,Premier,2025-05-28,2:51,Watford,Chelsea,1,2,3,3.1,2.3,2.3,3.1,3.1,3.5,2.3,1-2,7.5,28-05-2025 23:41
1767017,Premier,2025-05-28,2:54,Tottenham,Leeds,2,0,2,3.4,2.25,3.4,2.25,2.25,3.2,3.4,2-0,10.0,28-05-2025 23:41
1767027,Premier,2025-05-28,2:57,Burnley,Aston,2,1,3,2.5,2.8,2.8,2.5,2.5,3.4,2.8,2-1,7.5,28-05-2025 23:41
1766751,Premier,2025-05-28,1:00,Burnley,Southampton,0,0,0,2.6,2.7,2.6,2.7,2.7,3.4,2.6,0-0,7.5,28-05-2025 23:41
1766758,Premier,2025-05-28,1:03,Aston,Brentford,1,2,3,2.37,3.0,3.0,2.37,2.37,3.4,3.0,1-2,8.5,28-05-2025 23:41
1766765,Premier,2025-05-28,1:06,Tottenham,Palace,1,0,1,3.5,2.1,3.5,2.1,2.1,3.4,3.5,1-0,8.5,28-05-2025 23:41
1766775,Premier,2025-05-28,1:09,Aston,Burnley,1,1,2,3.0,2.35,3.0,2.35,2.35,3.4,3.0,1-1,7.5,28-05-2025 23:41
1766779,Premier,2025-05-28,1:12,Islington,Leeds,3,1,4,2.2,3.4,2.2,3.4,2.2,3.3,3.4,3-1,9.0,28-05-2025 23:41
1766786,Premier,2025-05-28,1:15,Brighton,City,1,5,6,3.6,1.98,3.6,1.98,3.6,3.75,1.98,1-5,6.0,28-05-2025 23:41
1766793,Premier,2025-05-28,1:18,Chelsea,Wolverhampton,2,0,2,3.0,2.3,3.0,2.3,2.3,3.6,3.0,2-0,6.5,28-05-2025 23:41
1766800,Premier,2025-05-28,1:21,Aston,Leeds,2,0,2,2.75,2.62,2.75,2.62,2.62,3.2,2.75,2-0,10.0,28-05-2025 23:41
1766807,Premier,2025-05-28,1:24,Tottenham,City,1,1,2,2.45,2.9,2.45,2.9,2.9,3.4,2.45,1-1,7.5,28-05-2025 23:41
1766814,Premier,2025-05-28,1:27,Norwich,Aston,0,0,0,2.7,2.6,2.7,2.6,2.6,3.4,2.7,0-0,8.0,28-05-2025 23:41
1766821,Premier,2025-05-28,1:30,Southampton,Wolverhampton,1,2,3,2.6,2.7,2.7,2.6,2.6,3.5,2.7,1-2,7.0,28-05-2025 23:41
1766828,Premier,2025-05-28,1:33,West Ham,Burnley,1,1,2,3.3,2.2,3.3,2.2,2.2,3.4,3.3,1-1,8.5,28-05-2025 23:41
1766835,Premier,2025-05-28,1:36,Liverpool,Tottenham,0,3,3,2.4,3.0,3.0,2.4,2.4,3.3,3.0,0-3,8.5,28-05-2025 23:41
1766842,Premier,2025-05-28,1:39,Leicester,Brentford,0,0,0,3.4,2.15,3.4,2.15,2.15,3.4,3.4,0-0,8.0,28-05-2025 23:41
1766852,Premier,2025-05-28,1:42,Southampton,Chelsea,0,1,1,2.5,2.8,2.5,2.8,2.8,3.4,2.5,0-1,8.0,28-05-2025 23:41
1766856,Premier,2025-05-28,1:45,Norwich,Watford,1,1,2,2.8,2.5,2.8,2.5,2.5,3.4,2.8,1-1,7.5,28-05-2025 23:41
1766864,Premier,2025-05-28,1:48,Tottenham,Newcastle,2,1,3,2.1,3.5,3.5,2.1,2.1,3.5,3.5,2-1,7.5,28-05-2025 23:41
1766870,Premier,2025-05-28,1:51,Burnley,Liverpool,2,1,3,3.1,2.25,2.25,3.1,3.1,3.5,2.25,2-1,7.0,28-05-2025 23:41
1766877,Premier,2025-05-28,1:54,Norwich,Southampton,2,2,4,2.8,2.55,2.8,2.55,2.8,3.4,2.55,2-2,8.0,28-05-2025 23:41
1766884,Premier,2025-05-28,1:57,Tottenham,Everton,3,2,5,2.3,3.1,2.3,3.1,2.3,3.4,3.1,3-2,8.0,28-05-2025 23:41
1766612,Premier,2025-05-28,0:00,Brentford,Watford,0,1,1,2.9,2.45,2.9,2.45,2.45,3.4,2.9,0-1,8.0,28-05-2025 23:41
1766621,Premier,2025-05-28,0:03,Chelsea,City,1,0,1,2.45,2.75,2.45,2.75,2.75,3.5,2.45,1-0,6.5,28-05-2025 23:41
1766626,Premier,2025-05-28,0:06,Burnley,Wolverhampton,3,4,7,2.8,2.4,2.8,2.4,2.8,3.6,2.4,3-4,6.5,28-05-2025 23:41
1766633,Premier,2025-05-28,0:09,Palace,United,3,1,4,3.2,2.2,3.2,2.2,3.2,3.5,2.2,3-1,7.0,28-05-2025 23:41
1766640,Premier,2025-05-28,0:12,Liverpool,Brentford,0,2,2,3.75,2.0,3.75,2.0,2.0,3.5,3.75,0-2,7.5,28-05-2025 23:41
1766646,Premier,2025-05-28,0:15,Aston,Wolverhampton,0,0,0,2.5,2.75,2.5,2.75,2.75,3.5,2.5,0-0,7.0,28-05-2025 23:41
1766653,Premier,2025-05-28,0:18,Liverpool,Brighton,0,1,1,3.8,1.95,3.8,1.95,1.95,3.75,3.8,0-1,6.5,28-05-2025 23:41
1766660,Premier,2025-05-28,0:21,Burnley,Newcastle,4,1,5,2.45,2.7,2.45,2.7,2.45,3.6,2.7,4-1,6.5,28-05-2025 23:41
1766667,Premier,2025-05-28,0:24,Islington,Norwich,1,0,1,3.8,1.95,3.8,1.95,1.95,3.6,3.8,1-0,7.5,28-05-2025 23:41
1766674,Premier,2025-05-28,0:27,Brentford,Brighton,1,2,3,2.35,3.0,3.0,2.35,2.35,3.5,3.0,1-2,7.0,28-05-2025 23:41
1766681,Premier,2025-05-28,0:30,Palace,Aston,3,1,4,2.45,2.9,2.45,2.9,2.45,3.4,2.9,3-1,8.0,28-05-2025 23:41
1766688,Premier,2025-05-28,0:33,Southampton,Watford,2,1,3,2.25,3.25,3.25,2.25,2.25,3.4,3.25,2-1,8.5,28-05-2025 23:41
1766695,Premier,2025-05-28,0:36,Liverpool,Everton,0,1,1,3.1,2.25,3.1,2.25,2.25,3.5,3.1,0-1,7.0,28-05-2025 23:41
1766705,Premier,2025-05-28,0:39,Brentford,Aston,2,1,3,2.5,2.8,2.8,2.5,2.5,3.3,2.8,2-1,8.5,28-05-2025 23:41
1766709,Premier,2025-05-28,0:42,City,Brighton,2,1,3,1.76,4.33,4.33,1.76,1.76,3.8,4.33,2-1,6.0,28-05-2025 23:41
1766716,Premier,2025-05-28,0:45,Leeds,Leicester,2,0,2,2.87,2.55,2.87,2.55,2.55,3.25,2.87,2-0,9.0,28-05-2025 23:41
1766726,Premier,2025-05-28,0:48,Norwich,Palace,1,0,1,2.7,2.6,2.7,2.6,2.6,3.5,2.7,1-0,7.0,28-05-2025 23:41
1766730,Premier,2025-05-28,0:51,Tottenham,Aston,2,0,2,3.6,2.1,3.6,2.1,2.1,3.3,3.6,2-0,9.0,28-05-2025 23:41
1766737,Premier,2025-05-28,0:54,Burnley,Brentford,3,0,3,2.4,2.87,2.87,2.4,2.4,3.5,2.87,3-0,7.0,28-05-2025 23:41
1766744,Premier,2025-05-28,0:57,Leeds,Tottenham,1,1,2,2.7,2.75,2.7,2.75,2.75,3.2,2.7,1-1,10.0,28-05-2025 23:41
1766474,Premier,2025-05-28,23:00,Wolverhampton,Leeds,1,1,2,3.1,2.3,3.1,2.3,2.3,3.4,3.1,1-1,8.0,28-05-2025 23:41
1766481,Premier,2025-05-28,23:03,Liverpool,Aston,1,0,1,3.6,2.05,3.6,2.05,2.05,3.5,3.6,1-0,8.0,28-05-2025 23:41
1766490,Premier,2025-05-28,23:06,Tottenham,Norwich,0,1,1,3.8,2.0,3.8,2.0,2.0,3.5,3.8,0-1,8.5,28-05-2025 23:41
1766495,Premier,2025-05-28,23:09,Aston,West Ham,2,1,3,2.62,2.75,2.75,2.62,2.62,3.2,2.75,2-1,10.0,28-05-2025 23:41
1766502,Premier,2025-05-28,23:12,Tottenham,Watford,1,1,2,3.75,2.05,3.75,2.05,2.05,3.4,3.75,1-1,9.0,28-05-2025 23:41
1766509,Premier,2025-05-28,23:15,Leeds,United,0,1,1,2.4,3.0,2.4,3.0,3.0,3.3,2.4,0-1,8.5,28-05-2025 23:41
1766516,Premier,2025-05-28,23:18,Palace,Watford,2,1,3,2.35,3.0,3.0,2.35,2.35,3.4,3.0,2-1,7.5,28-05-2025 23:41
1766526,Premier,2025-05-28,23:21,Wolverhampton,Norwich,1,0,1,3.5,2.05,3.5,2.05,2.05,3.6,3.5,1-0,6.5,28-05-2025 23:41
1766530,Premier,2025-05-28,23:24,Brentford,Liverpool,1,0,1,2.3,3.1,2.3,3.1,3.1,3.5,2.3,1-0,7.5,28-05-2025 23:41
1766537,Premier,2025-05-28,23:27,West Ham,Wolverhampton,1,4,5,2.6,2.7,2.6,2.7,2.6,3.4,2.7,1-4,8.0,28-05-2025 23:41
1766544,Premier,2025-05-28,23:30,Everton,Newcastle,1,0,1,3.1,2.2,3.1,2.2,2.2,3.6,3.1,1-0,6.5,28-05-2025 23:41
1766554,Premier,2025-05-28,23:33,Watford,Islington,2,0,2,2.3,3.1,2.3,3.1,3.1,3.5,2.3,2-0,7.5,28-05-2025 23:41
1766561,Premier,2025-05-28,23:36,Wolverhampton,Liverpool,2,1,3,2.6,2.62,2.62,2.6,2.6,3.5,2.62,2-1,6.5,28-05-2025 23:41
1766565,Premier,2025-05-28,23:39,Watford,City,1,1,2,2.05,3.5,2.05,3.5,3.5,3.6,2.05,1-1,7.0,28-05-2025 23:41
1766572,Premier,2025-05-28,23:42,Chelsea,Everton,0,2,2,3.1,2.25,3.1,2.25,2.25,3.5,3.1,0-2,7.0,28-05-2025 23:41
1766579,Premier,2025-05-28,23:45,West Ham,Southampton,1,1,2,3.0,2.45,3.0,2.45,2.45,3.2,3.0,1-1,10.0,28-05-2025 23:41
1766586,Premier,2025-05-28,23:48,Chelsea,Burnley,4,1,5,2.0,3.75,2.0,3.75,2.0,3.6,3.75,4-1,7.0,28-05-2025 23:41
1766593,Premier,2025-05-28,23:51,Brentford,Southampton,0,0,0,2.62,2.7,2.62,2.7,2.7,3.3,2.62,0-0,8.5,28-05-2025 23:41
1766600,Premier,2025-05-28,23:54,Leeds,Burnley,0,0,0,3.3,2.2,3.3,2.2,2.2,3.4,3.3,0-0,8.5,28-05-2025 23:41
1766607,Premier,2025-05-28,23:57,Southampton,Norwich,1,3,4,2.15,3.4,2.15,3.4,2.15,3.4,3.4,1-3,8.0,28-05-2025 23:41
1766334,Premier,2025-05-28,22:00,Burnley,Chelsea,1,3,4,3.1,2.25,3.1,2.25,3.1,3.5,2.25,1-3,7.0,28-05-2025 23:41
1766343,Premier,2025-05-28,22:03,Brighton,Newcastle,0,1,1,2.62,2.55,2.62,2.55,2.55,3.6,2.62,0-1,6.0,28-05-2025 23:41
1766347,Premier,2025-05-28,22:06,Norwich,Everton,1,0,1,2.4,2.8,2.4,2.8,2.8,3.5,2.4,1-0,7.0,28-05-2025 23:41
1766355,Premier,2025-05-28,22:09,Islington,Palace,0,1,1,3.6,2.05,3.6,2.05,2.05,3.5,3.6,0-1,7.5,28-05-2025 23:41
1766362,Premier,2025-05-28,22:12,West Ham,Newcastle,4,0,4,2.3,3.1,2.3,3.1,2.3,3.4,3.1,4-0,8.0,28-05-2025 23:41
1766369,Premier,2025-05-28,22:15,Palace,Everton,1,1,2,2.55,2.62,2.55,2.62,2.62,3.5,2.55,1-1,7.0,28-05-2025 23:41
1766376,Premier,2025-05-28,22:18,Norwich,Chelsea,1,1,2,2.2,3.2,2.2,3.2,3.2,3.5,2.2,1-1,7.0,28-05-2025 23:41
1766386,Premier,2025-05-28,22:21,Islington,Aston,0,1,1,3.6,2.05,3.6,2.05,2.05,3.5,3.6,0-1,8.0,28-05-2025 23:41
1766390,Premier,2025-05-28,22:24,Liverpool,Southampton,2,0,2,3.3,2.2,3.3,2.2,2.2,3.4,3.3,2-0,8.0,28-05-2025 23:41
1766397,Premier,2025-05-28,22:27,Aston,Newcastle,0,0,0,2.87,2.4,2.87,2.4,2.4,3.5,2.87,0-0,7.0,28-05-2025 23:41
1766404,Premier,2025-05-28,22:30,Watford,Tottenham,2,1,3,3.0,2.4,2.4,3.0,3.0,3.3,2.4,2-1,8.5,28-05-2025 23:41
1766410,Premier,2025-05-28,22:33,Chelsea,Islington,2,1,3,2.45,2.8,2.8,2.45,2.45,3.5,2.8,2-1,7.5,28-05-2025 23:41
1766418,Premier,2025-05-28,22:36,Leeds,West Ham,0,0,0,3.0,2.5,3.0,2.5,2.5,3.1,3.0,0-0,11.0,28-05-2025 23:41
1766425,Premier,2025-05-28,22:39,Southampton,United,0,2,2,2.37,3.0,2.37,3.0,3.0,3.4,2.37,0-2,8.0,28-05-2025 23:41
1766432,Premier,2025-05-28,22:42,West Ham,Palace,0,2,2,3.2,2.3,3.2,2.3,2.3,3.3,3.2,0-2,8.5,28-05-2025 23:41
1766439,Premier,2025-05-28,22:45,Brighton,Watford,0,1,1,2.75,2.5,2.75,2.5,2.5,3.5,2.75,0-1,7.0,28-05-2025 23:41
1766448,Premier,2025-05-28,22:48,Newcastle,Wolverhampton,0,1,1,2.45,2.7,2.45,2.7,2.7,3.6,2.45,0-1,6.0,28-05-2025 23:41
1766452,Premier,2025-05-28,22:51,Chelsea,Leicester,1,1,2,3.2,2.25,3.2,2.25,2.25,3.4,3.2,1-1,7.5,28-05-2025 23:41
1766460,Premier,2025-05-28,22:54,Burnley,Norwich,1,2,3,2.35,2.9,2.9,2.35,2.35,3.5,2.9,1-2,7.0,28-05-2025 23:41
1766467,Premier,2025-05-28,22:57,United,Tottenham,0,0,0,3.25,2.25,3.25,2.25,2.25,3.4,3.25,0-0,8.5,28-05-2025 23:41
1766194,Premier,2025-05-28,21:00,Islington,Tottenham,0,2,2,3.0,2.4,3.0,2.4,2.4,3.3,3.0,0-2,8.5,28-05-2025 23:41
1766201,Premier,2025-05-28,21:03,Norwich,City,2,2,4,3.6,1.98,3.6,1.98,3.6,3.6,1.98,2-2,6.5,28-05-2025 23:41
1766211,Premier,2025-05-28,21:06,Burnley,Leicester,1,0,1,2.5,2.75,2.5,2.75,2.75,3.5,2.5,1-0,7.0,28-05-2025 23:41
1766215,Premier,2025-05-28,21:09,Palace,Liverpool,3,2,5,3.0,2.35,3.0,2.35,3.0,3.5,2.35,3-2,7.0,28-05-2025 23:41
1766222,Premier,2025-05-28,21:12,Islington,Leicester,0,1,1,3.2,2.25,3.2,2.25,2.25,3.4,3.2,0-1,7.5,28-05-2025 23:41
1766229,Premier,2025-05-28,21:15,Brentford,Leeds,2,1,3,2.75,2.62,2.62,2.75,2.75,3.25,2.62,2-1,9.0,28-05-2025 23:41
1766236,Premier,2025-05-28,21:18,Palace,City,1,0,1,2.07,3.4,2.07,3.4,3.4,3.6,2.07,1-0,6.5,28-05-2025 23:41
1766243,Premier,2025-05-28,21:21,Wolverhampton,Chelsea,0,0,0,2.62,2.6,2.62,2.6,2.6,3.5,2.62,0-0,6.5,28-05-2025 23:41
1766250,Premier,2025-05-28,21:24,Burnley,Palace,0,1,1,2.75,2.5,2.75,2.5,2.5,3.5,2.75,0-1,7.0,28-05-2025 23:41
1766257,Premier,2025-05-28,21:27,Liverpool,Leeds,1,1,2,3.4,2.2,3.4,2.2,2.2,3.3,3.4,1-1,9.0,28-05-2025 23:41
1766264,Premier,2025-05-28,21:30,Norwich,Brighton,3,2,5,2.4,2.87,2.4,2.87,2.4,3.6,2.87,3-2,6.5,28-05-2025 23:41
1766271,Premier,2025-05-28,21:33,Palace,Burnley,0,0,0,2.9,2.35,2.9,2.35,2.35,3.5,2.9,0-0,7.0,28-05-2025 23:41
1766278,Premier,2025-05-28,21:36,Liverpool,Leicester,0,0,0,3.2,2.25,3.2,2.25,2.25,3.4,3.2,0-0,7.5,28-05-2025 23:41
1766285,Premier,2025-05-28,21:39,Watford,Brentford,3,1,4,2.45,2.9,2.45,2.9,2.45,3.4,2.9,3-1,8.0,28-05-2025 23:41
1766292,Premier,2025-05-28,21:42,Islington,Everton,2,2,4,2.25,3.1,2.25,3.1,2.25,3.5,3.1,2-2,7.0,28-05-2025 23:41
1766299,Premier,2025-05-28,21:45,Burnley,United,2,0,2,2.15,3.3,2.15,3.3,3.3,3.6,2.15,2-0,7.0,28-05-2025 23:41
1766306,Premier,2025-05-28,21:48,Newcastle,Watford,2,1,3,2.35,2.9,2.9,2.35,2.35,3.5,2.9,2-1,7.0,28-05-2025 23:41
1766313,Premier,2025-05-28,21:51,Brentford,West Ham,3,2,5,2.75,2.62,2.75,2.62,2.75,3.25,2.62,3-2,9.0,28-05-2025 23:41
1766320,Premier,2025-05-28,21:54,City,Leeds,3,1,4,1.98,4.0,1.98,4.0,1.98,3.5,4.0,3-1,8.0,28-05-2025 23:41
1766327,Premier,2025-05-28,21:57,Newcastle,Southampton,1,3,4,2.6,2.7,2.6,2.7,2.6,3.5,2.7,1-3,7.0,28-05-2025 23:41
1767033,Super,2025-05-28,3:01,Montevideo,Asuncion,1,0,1,2.87,2.4,2.87,2.4,2.4,3.5,2.87,1-0,7.0,28-05-2025 23:39
1767041,Super,2025-05-28,3:04,Penarol,Itaquera,1,1,2,2.55,2.8,2.55,2.8,2.8,3.3,2.55,1-1,8.5,28-05-2025 23:39
1767048,Super,2025-05-28,3:07,Santiago,Medellin,2,0,2,2.7,2.6,2.7,2.6,2.6,3.5,2.7,2-0,7.0,28-05-2025 23:39
1767054,Super,2025-05-28,3:10,Porto Alegre,Belo Horizonte,0,2,2,2.3,3.1,2.3,3.1,3.1,3.4,2.3,0-2,8.5,28-05-2025 23:39
1767064,Super,2025-05-28,3:13,Rio de Janeiro,Medellin,0,0,0,4.0,1.95,4.0,1.95,1.95,3.5,4.0,0-0,8.0,28-05-2025 23:39
1767069,Super,2025-05-28,3:16,Buenos Aires,Sao Paulo,2,1,3,2.3,3.0,3.0,2.3,2.3,3.6,3.0,2-1,6.0,28-05-2025 23:39
1767075,Super,2025-05-28,3:19,Belo Horizonte,Medellin,1,1,2,4.2,1.86,4.2,1.86,1.86,3.6,4.2,1-1,7.5,28-05-2025 23:39
1767083,Super,2025-05-28,3:22,Penarol,Lima,0,0,0,3.4,2.15,3.4,2.15,2.15,3.4,3.4,0-0,8.0,28-05-2025 23:39
1767089,Super,2025-05-28,3:25,Quito,La Plata,2,1,3,2.75,2.62,2.62,2.75,2.75,3.25,2.62,2-1,9.0,28-05-2025 23:39
1767096,Super,2025-05-28,3:28,Santos,Guayaquil,2,0,2,3.2,2.25,3.2,2.25,2.25,3.5,3.2,2-0,7.5,28-05-2025 23:39
1767104,Super,2025-05-28,3:31,Montevideo,Agua Branca,3,0,3,3.2,2.2,2.2,3.2,3.2,3.6,2.2,3-0,6.5,28-05-2025 23:39
1767110,Super,2025-05-28,3:34,Avellaneda,Santiago,0,0,0,3.4,2.1,3.4,2.1,2.1,3.6,3.4,0-0,7.0,28-05-2025 23:39
1767118,Super,2025-05-28,3:37,Agua Branca,Medellin,1,2,3,2.0,3.75,3.75,2.0,2.0,3.5,3.75,1-2,7.5,28-05-2025 23:39
1766894,Super,2025-05-28,2:01,Avellaneda,Guayaquil,1,3,4,2.3,3.1,2.3,3.1,2.3,3.5,3.1,1-3,7.0,28-05-2025 23:39
1766900,Super,2025-05-28,2:04,Itaquera,Buenos Aires,1,1,2,2.75,2.5,2.75,2.5,2.5,3.5,2.75,1-1,7.0,28-05-2025 23:39
1766908,Super,2025-05-28,2:07,Bogota,Rio de Janeiro,1,2,3,3.0,2.4,2.4,3.0,3.0,3.3,2.4,1-2,8.5,28-05-2025 23:39
1766917,Super,2025-05-28,2:10,Santiago,Sao Paulo,3,1,4,2.9,2.3,2.9,2.3,2.9,3.6,2.3,3-1,6.0,28-05-2025 23:39
1766921,Super,2025-05-28,2:13,Asuncion,Avellaneda,3,2,5,2.8,2.55,2.8,2.55,2.8,3.4,2.55,3-2,8.0,28-05-2025 23:39
1766928,Super,2025-05-28,2:16,Montevideo,Sao Paulo,2,2,4,2.8,2.4,2.8,2.4,2.8,3.6,2.4,2-2,6.5,28-05-2025 23:39
1766936,Super,2025-05-28,2:19,Asuncion,Agua Branca,1,1,2,2.2,3.2,2.2,3.2,3.2,3.5,2.2,1-1,7.0,28-05-2025 23:39
1766943,Super,2025-05-28,2:22,Santiago,Lima,5,0,5,2.35,2.9,2.35,2.9,2.35,3.6,2.9,5-0,6.5,28-05-2025 23:39
1766949,Super,2025-05-28,2:25,Rio de Janeiro,Quito,3,1,4,2.0,3.75,2.0,3.75,2.0,3.5,3.75,3-1,7.5,28-05-2025 23:39
1766957,Super,2025-05-28,2:28,Asuncion,Santiago,0,0,0,3.0,2.35,3.0,2.35,2.35,3.5,3.0,0-0,7.0,28-05-2025 23:39
1766963,Super,2025-05-28,2:31,Rio de Janeiro,Guayaquil,0,1,1,3.6,2.0,3.6,2.0,2.0,3.6,3.6,0-1,7.0,28-05-2025 23:39
1766970,Super,2025-05-28,2:34,Agua Branca,Lima,2,1,3,1.85,4.2,4.2,1.85,1.85,3.75,4.2,2-1,6.5,28-05-2025 23:39
1766978,Super,2025-05-28,2:37,Belo Horizonte,Sao Paulo,2,3,5,2.05,3.4,2.05,3.4,2.05,3.75,3.4,2-3,6.0,28-05-2025 23:39
1766985,Super,2025-05-28,2:40,Medellin,Quito,0,1,1,2.8,2.5,2.8,2.5,2.5,3.3,2.8,0-1,8.5,28-05-2025 23:39
1766991,Super,2025-05-28,2:43,Guayaquil,Belo Horizonte,2,1,3,3.25,2.15,2.15,3.25,3.25,3.6,2.15,2-1,6.5,28-05-2025 23:39
1766998,Super,2025-05-28,2:46,Lima,La Plata,1,1,2,2.3,3.1,2.3,3.1,3.1,3.4,2.3,1-1,8.5,28-05-2025 23:39
1767005,Super,2025-05-28,2:49,Santos,Medellin,0,0,0,3.4,2.2,3.4,2.2,2.2,3.3,3.4,0-0,9.0,28-05-2025 23:39
1767012,Super,2025-05-28,2:52,Sao Paulo,Guayaquil,1,2,3,2.2,3.1,3.1,2.2,2.2,3.6,3.1,1-2,6.5,28-05-2025 23:39
1767020,Super,2025-05-28,2:55,Quito,Avellaneda,2,1,3,2.6,2.7,2.7,2.6,2.6,3.4,2.7,2-1,8.0,28-05-2025 23:39
1767026,Super,2025-05-28,2:58,Buenos Aires,Bogota,3,4,7,2.2,3.3,2.2,3.3,2.2,3.4,3.3,3-4,8.0,28-05-2025 23:39
1766753,Super,2025-05-28,1:01,Medellin,Sao Paulo,2,0,2,2.5,2.75,2.5,2.75,2.75,3.5,2.5,2-0,7.0,28-05-2025 23:39
1766761,Super,2025-05-28,1:04,Guayaquil,Agua Branca,2,0,2,2.35,2.9,2.35,2.9,2.9,3.6,2.35,2-0,6.5,28-05-2025 23:39
1766767,Super,2025-05-28,1:07,La Boca,Buenos Aires,1,1,2,2.87,2.45,2.87,2.45,2.45,3.5,2.87,1-1,7.5,28-05-2025 23:39
1766774,Super,2025-05-28,1:10,Sao Paulo,Avellaneda,0,2,2,2.9,2.37,2.9,2.37,2.37,3.5,2.9,0-2,7.0,28-05-2025 23:39
1766781,Super,2025-05-28,1:13,Santos,Quito,0,0,0,3.25,2.25,3.25,2.25,2.25,3.4,3.25,0-0,8.5,28-05-2025 23:39
1766789,Super,2025-05-28,1:16,La Plata,Medellin,0,1,1,3.5,2.2,3.5,2.2,2.2,3.25,3.5,0-1,10.0,28-05-2025 23:39
1766796,Super,2025-05-28,1:19,Penarol,Avellaneda,1,0,1,2.75,2.62,2.75,2.62,2.62,3.3,2.75,1-0,8.5,28-05-2025 23:39
1766802,Super,2025-05-28,1:22,Bogota,Medellin,2,0,2,3.25,2.3,3.25,2.3,2.3,3.25,3.25,2-0,10.0,28-05-2025 23:39
1766810,Super,2025-05-28,1:25,Montevideo,Itaquera,1,1,2,2.35,3.0,2.35,3.0,3.0,3.5,2.35,1-1,7.0,28-05-2025 23:39
1766817,Super,2025-05-28,1:28,Penarol,La Boca,0,2,2,2.5,2.9,2.5,2.9,2.9,3.25,2.5,0-2,9.0,28-05-2025 23:39
1766824,Super,2025-05-28,1:31,Santiago,Porto Alegre,0,4,4,2.9,2.45,2.9,2.45,2.9,3.3,2.45,0-4,8.5,28-05-2025 23:39
1766831,Super,2025-05-28,1:34,Itaquera,Bogota,0,1,1,3.3,2.25,3.3,2.25,2.25,3.3,3.3,0-1,9.0,28-05-2025 23:39
1766837,Super,2025-05-28,1:37,Rio de Janeiro,Avellaneda,0,0,0,3.4,2.1,3.4,2.1,2.1,3.5,3.4,0-0,7.5,28-05-2025 23:39
1766844,Super,2025-05-28,1:40,Medellin,Lima,2,1,3,2.2,3.25,3.25,2.2,2.2,3.5,3.25,2-1,7.5,28-05-2025 23:39
1766851,Super,2025-05-28,1:43,Asuncion,Itaquera,0,3,3,3.0,2.37,2.37,3.0,3.0,3.4,2.37,0-3,8.0,28-05-2025 23:39
1766859,Super,2025-05-28,1:46,Montevideo,La Boca,1,1,2,2.3,3.1,2.3,3.1,3.1,3.4,2.3,1-1,7.5,28-05-2025 23:39
1766866,Super,2025-05-28,1:49,Porto Alegre,Asuncion,2,0,2,3.5,2.2,3.5,2.2,2.2,3.25,3.5,2-0,10.0,28-05-2025 23:39
1766872,Super,2025-05-28,1:52,Avellaneda,Rio de Janeiro,0,1,1,2.45,2.9,2.45,2.9,2.9,3.4,2.45,0-1,7.5,28-05-2025 23:39
1766880,Super,2025-05-28,1:55,Agua Branca,Belo Horizonte,1,0,1,2.55,2.7,2.55,2.7,2.7,3.6,2.55,1-0,6.5,28-05-2025 23:39
1766887,Super,2025-05-28,1:58,Porto Alegre,Bogota,2,0,2,3.2,2.4,3.2,2.4,2.4,3.1,3.2,2-0,11.0,28-05-2025 23:39
1766615,Super,2025-05-28,0:01,Agua Branca,Buenos Aires,1,1,2,2.87,2.35,2.87,2.35,2.35,3.6,2.87,1-1,6.5,28-05-2025 23:39
1766624,Super,2025-05-28,0:04,Guayaquil,Quito,1,2,3,2.45,2.87,2.87,2.45,2.45,3.5,2.87,1-2,7.0,28-05-2025 23:39
1766628,Super,2025-05-28,0:07,Belo Horizonte,La Plata,0,0,0,3.6,2.07,3.6,2.07,2.07,3.4,3.6,0-0,8.0,28-05-2025 23:39
1766635,Super,2025-05-28,0:10,Bogota,Asuncion,0,0,0,3.3,2.25,3.3,2.25,2.25,3.3,3.3,0-0,9.0,28-05-2025 23:39
1766642,Super,2025-05-28,0:13,Medellin,Guayaquil,1,1,2,2.8,2.5,2.8,2.5,2.5,3.4,2.8,1-1,7.5,28-05-2025 23:39
1766649,Super,2025-05-28,0:16,Buenos Aires,Montevideo,0,1,1,3.6,2.0,3.6,2.0,2.0,3.75,3.6,0-1,6.5,28-05-2025 23:39
1766656,Super,2025-05-28,0:19,Agua Branca,Guayaquil,2,0,2,3.5,2.05,3.5,2.05,2.05,3.6,3.5,2-0,6.5,28-05-2025 23:39
1766665,Super,2025-05-28,0:22,Itaquera,Porto Alegre,3,0,3,2.35,3.2,3.2,2.35,2.35,3.2,3.2,3-0,10.0,28-05-2025 23:39
1766670,Super,2025-05-28,0:25,Lima,Avellaneda,0,0,0,2.35,3.0,2.35,3.0,3.0,3.5,2.35,0-0,7.0,28-05-2025 23:39
1766677,Super,2025-05-28,0:28,Montevideo,Bogota,0,1,1,2.62,2.7,2.62,2.7,2.7,3.3,2.62,0-1,8.5,28-05-2025 23:39
1766684,Super,2025-05-28,0:31,Avellaneda,Buenos Aires,5,2,7,2.7,2.55,2.7,2.55,2.7,3.5,2.55,5-2,7.0,28-05-2025 23:39
1766690,Super,2025-05-28,0:34,La Boca,Asuncion,0,0,0,3.8,2.0,3.8,2.0,2.0,3.4,3.8,0-0,8.5,28-05-2025 23:39
1766697,Super,2025-05-28,0:37,Belo Horizonte,Santos,1,1,2,3.5,2.07,3.5,2.07,2.07,3.5,3.5,1-1,7.5,28-05-2025 23:39
1766704,Super,2025-05-28,0:40,Asuncion,La Boca,0,3,3,3.1,2.3,2.3,3.1,3.1,3.4,2.3,0-3,8.5,28-05-2025 23:39
1766712,Super,2025-05-28,0:43,Lima,Penarol,0,1,1,2.55,2.8,2.55,2.8,2.8,3.4,2.55,0-1,8.0,28-05-2025 23:39
1766718,Super,2025-05-28,0:46,Guayaquil,Sao Paulo,4,0,4,2.62,2.55,2.62,2.55,2.62,3.6,2.55,4-0,6.5,28-05-2025 23:39
1766725,Super,2025-05-28,0:49,Medellin,Santos,0,1,1,2.55,2.8,2.55,2.8,2.8,3.3,2.55,0-1,8.5,28-05-2025 23:39
1766732,Super,2025-05-28,0:52,La Plata,Belo Horizonte,0,1,1,2.37,3.0,2.37,3.0,3.0,3.4,2.37,0-1,8.0,28-05-2025 23:39
1766740,Super,2025-05-28,0:55,Avellaneda,Agua Branca,0,1,1,2.5,2.8,2.5,2.8,2.8,3.5,2.5,0-1,7.0,28-05-2025 23:39
1766747,Super,2025-05-28,0:58,La Boca,Belo Horizonte,2,1,3,2.8,2.5,2.5,2.8,2.8,3.5,2.5,2-1,7.5,28-05-2025 23:39
1766477,Super,2025-05-28,23:01,Buenos Aires,Porto Alegre,3,1,4,2.25,3.25,2.25,3.25,2.25,3.4,3.25,3-1,8.5,28-05-2025 23:39
1766484,Super,2025-05-28,23:04,La Boca,Bogota,2,3,5,2.2,3.5,2.2,3.5,2.2,3.25,3.5,2-3,10.0,28-05-2025 23:39
1766489,Super,2025-05-28,23:07,Belo Horizonte,Montevideo,3,3,6,1.83,4.2,1.83,4.2,1.83,3.8,4.2,3-3,6.5,28-05-2025 23:39
1766498,Super,2025-05-28,23:10,Penarol,Santos,5,1,6,2.75,2.62,2.75,2.62,2.75,3.25,2.62,5-1,9.0,28-05-2025 23:39
1766505,Super,2025-05-28,23:13,Avellaneda,Sao Paulo,1,0,1,2.75,2.5,2.75,2.5,2.5,3.5,2.75,1-0,7.0,28-05-2025 23:39
1766511,Super,2025-05-28,23:16,Buenos Aires,Santiago,2,1,3,1.95,3.75,3.75,1.95,1.95,3.75,3.75,2-1,6.0,28-05-2025 23:39
1766519,Super,2025-05-28,23:19,La Boca,Guayaquil,1,0,1,3.5,2.1,3.5,2.1,2.1,3.5,3.5,1-0,7.5,28-05-2025 23:39
1766525,Super,2025-05-28,23:22,Belo Horizonte,Penarol,1,0,1,4.0,1.9,4.0,1.9,1.9,3.6,4.0,1-0,8.0,28-05-2025 23:39
1766533,Super,2025-05-28,23:25,Santiago,Itaquera,2,3,5,3.1,2.25,3.1,2.25,3.1,3.5,2.25,2-3,7.0,28-05-2025 23:39
1766540,Super,2025-05-28,23:28,La Boca,Lima,1,1,2,4.2,1.9,4.2,1.9,1.9,3.6,4.2,1-1,7.5,28-05-2025 23:39
1766546,Super,2025-05-28,23:31,Porto Alegre,Quito,1,1,2,3.25,2.3,3.25,2.3,2.3,3.25,3.25,1-1,10.0,28-05-2025 23:39
1766553,Super,2025-05-28,23:34,Penarol,La Plata,3,2,5,2.75,2.7,2.75,2.7,2.75,3.2,2.7,3-2,10.0,28-05-2025 23:39
1766560,Super,2025-05-28,23:37,Rio de Janeiro,La Boca,1,0,1,3.1,2.35,3.1,2.35,2.35,3.4,3.1,1-0,8.0,28-05-2025 23:39
1766568,Super,2025-05-28,23:40,La Plata,Itaquera,0,1,1,2.87,2.55,2.87,2.55,2.55,3.25,2.87,0-1,9.0,28-05-2025 23:39
1766575,Super,2025-05-28,23:43,Medellin,Montevideo,2,0,2,3.0,2.35,3.0,2.35,2.35,3.4,3.0,2-0,7.5,28-05-2025 23:39
1766582,Super,2025-05-28,23:46,Penarol,Santiago,2,1,3,2.2,3.25,3.25,2.2,2.2,3.5,3.25,2-1,7.5,28-05-2025 23:39
1766588,Super,2025-05-28,23:49,La Plata,Quito,1,0,1,3.3,2.25,3.3,2.25,2.25,3.3,3.3,1-0,9.0,28-05-2025 23:39
1766595,Super,2025-05-28,23:52,Santos,Itaquera,0,1,1,2.8,2.55,2.8,2.55,2.55,3.3,2.8,0-1,8.5,28-05-2025 23:39
1766603,Super,2025-05-28,23:55,Montevideo,Lima,0,0,0,3.0,2.25,3.0,2.25,2.25,3.6,3.0,0-0,6.5,28-05-2025 23:39
1766336,Super,2025-05-28,22:01,Buenos Aires,Lima,2,1,3,1.9,4.0,4.0,1.9,1.9,3.75,4.0,2-1,6.5,28-05-2025 23:39
1766342,Super,2025-05-28,22:04,Medellin,La Boca,0,2,2,2.4,3.0,2.4,3.0,3.0,3.3,2.4,0-2,8.5,28-05-2025 23:39
1766350,Super,2025-05-28,22:07,Porto Alegre,Penarol,2,0,2,3.3,2.35,3.3,2.35,2.35,3.1,3.3,2-0,11.0,28-05-2025 23:39
1766357,Super,2025-05-28,22:10,Itaquera,Lima,1,1,2,3.8,1.95,3.8,1.95,1.95,3.6,3.8,1-1,7.5,28-05-2025 23:39
1766367,Super,2025-05-28,22:13,Santiago,Montevideo,1,0,1,2.7,2.45,2.7,2.45,2.45,3.6,2.7,1-0,6.5,28-05-2025 23:39
1766371,Super,2025-05-28,22:16,Bogota,Guayaquil,3,2,5,2.37,3.0,2.37,3.0,2.37,3.4,3.0,3-2,8.5,28-05-2025 23:39
1766379,Super,2025-05-28,22:19,La Plata,Rio de Janeiro,2,0,2,2.55,2.8,2.55,2.8,2.8,3.3,2.55,2-0,8.5,28-05-2025 23:39
1766385,Super,2025-05-28,22:22,Santiago,Guayaquil,1,2,3,2.62,2.55,2.55,2.62,2.62,3.6,2.55,1-2,6.5,28-05-2025 23:39
1766393,Super,2025-05-28,22:25,Penarol,Belo Horizonte,1,2,3,3.3,2.15,2.15,3.3,3.3,3.5,2.15,1-2,7.5,28-05-2025 23:39
1766401,Super,2025-05-28,22:28,Lima,Sao Paulo,0,2,2,2.25,3.0,2.25,3.0,3.0,3.6,2.25,0-2,6.5,28-05-2025 23:39
1766406,Super,2025-05-28,22:31,Agua Branca,Itaquera,0,2,2,3.0,2.3,3.0,2.3,2.3,3.5,3.0,0-2,7.5,28-05-2025 23:39
1766414,Super,2025-05-28,22:34,Belo Horizonte,Rio de Janeiro,1,2,3,2.3,3.0,3.0,2.3,2.3,3.5,3.0,1-2,7.0,28-05-2025 23:39
1766421,Super,2025-05-28,22:37,Buenos Aires,Avellaneda,0,1,1,3.1,2.25,3.1,2.25,2.25,3.5,3.1,0-1,7.0,28-05-2025 23:39
1766427,Super,2025-05-28,22:40,Guayaquil,Asuncion,1,0,1,3.1,2.3,3.1,2.3,2.3,3.5,3.1,1-0,7.0,28-05-2025 23:39
1766435,Super,2025-05-28,22:43,La Plata,Santiago,2,0,2,3.6,2.05,3.6,2.05,2.05,3.5,3.6,2-0,8.0,28-05-2025 23:39
1766441,Super,2025-05-28,22:46,Quito,Porto Alegre,2,1,3,2.7,2.75,2.75,2.7,2.7,3.2,2.75,2-1,10.0,28-05-2025 23:39
1766447,Super,2025-05-28,22:49,Santiago,Santos,1,1,2,2.35,3.0,2.35,3.0,3.0,3.5,2.35,1-1,7.0,28-05-2025 23:39
1766456,Super,2025-05-28,22:52,Rio de Janeiro,Agua Branca,0,1,1,2.9,2.37,2.9,2.37,2.37,3.5,2.9,0-1,7.0,28-05-2025 23:39
1766464,Super,2025-05-28,22:55,Montevideo,Buenos Aires,2,1,3,3.0,2.25,2.25,3.0,3.0,3.6,2.25,2-1,6.5,28-05-2025 23:39
1766470,Super,2025-05-28,22:58,Rio de Janeiro,Santiago,1,2,3,1.85,4.2,4.2,1.85,1.85,3.75,4.2,1-2,6.5,28-05-2025 23:39
1766196,Super,2025-05-28,21:01,Rio de Janeiro,Santos,2,0,2,3.3,2.2,3.3,2.2,2.2,3.4,3.3,2-0,8.0,28-05-2025 23:39
1766203,Super,2025-05-28,21:04,Santiago,Asuncion,0,0,0,2.75,2.5,2.75,2.5,2.5,3.5,2.75,0-0,7.0,28-05-2025 23:39
1766210,Super,2025-05-28,21:07,Bogota,Quito,2,0,2,3.1,2.37,3.1,2.37,2.37,3.25,3.1,2-0,9.0,28-05-2025 23:39
1766218,Super,2025-05-28,21:10,Medellin,Buenos Aires,0,0,0,2.35,3.0,2.35,3.0,3.0,3.5,2.35,0-0,7.0,28-05-2025 23:39
1766225,Super,2025-05-28,21:13,Sao Paulo,Bogota,1,0,1,3.1,2.3,3.1,2.3,2.3,3.4,3.1,1-0,8.0,28-05-2025 23:39
1766231,Super,2025-05-28,21:16,Guayaquil,La Boca,3,0,3,2.9,2.45,2.45,2.9,2.9,3.4,2.45,3-0,7.5,28-05-2025 23:39
1766239,Super,2025-05-28,21:19,Porto Alegre,Agua Branca,3,3,6,2.8,2.55,2.8,2.55,2.8,3.3,2.55,3-3,8.5,28-05-2025 23:39
1766246,Super,2025-05-28,21:22,La Plata,Lima,0,1,1,3.8,1.98,3.8,1.98,1.98,3.5,3.8,0-1,8.5,28-05-2025 23:39
1766252,Super,2025-05-28,21:25,Santiago,Quito,0,4,4,2.62,2.55,2.62,2.55,2.62,3.5,2.55,0-4,7.0,28-05-2025 23:39
1766260,Super,2025-05-28,21:28,Santos,Lima,1,2,3,1.98,3.8,3.8,1.98,1.98,3.5,3.8,1-2,7.5,28-05-2025 23:39
1766267,Super,2025-05-28,21:31,Itaquera,Montevideo,3,0,3,2.05,3.6,3.6,2.05,2.05,3.5,3.6,3-0,7.5,28-05-2025 23:39
1766274,Super,2025-05-28,21:34,Agua Branca,Asuncion,2,0,2,3.8,1.95,3.8,1.95,1.95,3.6,3.8,2-0,7.5,28-05-2025 23:39
1766281,Super,2025-05-28,21:37,Bogota,La Plata,1,1,2,2.8,2.7,2.8,2.7,2.7,3.1,2.8,1-1,11.0,28-05-2025 23:39
1766288,Super,2025-05-28,21:40,Quito,Medellin,3,2,5,2.37,3.0,2.37,3.0,2.37,3.4,3.0,3-2,8.5,28-05-2025 23:39
1766295,Super,2025-05-28,21:43,Penarol,Agua Branca,2,4,6,3.0,2.37,3.0,2.37,3.0,3.4,2.37,2-4,8.0,28-05-2025 23:39
1766301,Super,2025-05-28,21:46,Montevideo,La Plata,0,0,0,2.45,2.9,2.45,2.9,2.9,3.3,2.45,0-0,8.5,28-05-2025 23:39
1766309,Super,2025-05-28,21:49,Itaquera,La Boca,2,3,5,2.55,2.8,2.55,2.8,2.55,3.3,2.8,2-3,8.5,28-05-2025 23:39
1766316,Super,2025-05-28,21:52,Penarol,Montevideo,0,1,1,3.1,2.3,3.1,2.3,2.3,3.4,3.1,0-1,8.0,28-05-2025 23:39
1766323,Super,2025-05-28,21:55,Quito,Santos,1,0,1,2.62,2.7,2.62,2.7,2.7,3.3,2.62,1-0,8.5,28-05-2025 23:39
1766329,Super,2025-05-28,21:58,Medellin,Penarol,1,0,1,2.87,2.55,2.87,2.55,2.55,3.25,2.87,1-0,9.0,28-05-2025 23:39
1767036,Euro,2025-05-28,3:02,França,Bélgica,4,0,4,2.25,3.1,2.25,3.1,2.25,3.6,3.1,4-0,6.5,28-05-2025 23:42
1767043,Euro,2025-05-28,3:05,República Tcheca,Inglaterra,0,0,0,2.37,3.0,2.37,3.0,3.0,3.4,2.37,0-0,8.0,28-05-2025 23:42
1767050,Euro,2025-05-28,3:08,Turquia,Croácia,4,1,5,2.55,2.8,2.55,2.8,2.55,3.3,2.8,4-1,8.5,28-05-2025 23:42
1767057,Euro,2025-05-28,3:11,Geórgia,Ucrânia,1,1,2,2.62,2.7,2.62,2.7,2.7,3.3,2.62,1-1,8.5,28-05-2025 23:42
1767063,Euro,2025-05-28,3:14,França,Turquia,1,0,1,3.4,2.15,3.4,2.15,2.15,3.5,3.4,1-0,8.0,28-05-2025 23:42
1767071,Euro,2025-05-28,3:17,Inglaterra,República Tcheca,0,0,0,3.6,2.07,3.6,2.07,2.07,3.4,3.6,0-0,8.0,28-05-2025 23:42
1767078,Euro,2025-05-28,3:20,Romênia,Albânia,1,0,1,2.9,2.5,2.9,2.5,2.5,3.3,2.9,1-0,9.0,28-05-2025 23:42
1767085,Euro,2025-05-28,3:23,Inglaterra,Eslováquia,1,2,3,1.9,4.0,4.0,1.9,1.9,3.6,4.0,1-2,7.0,28-05-2025 23:42
1767095,Euro,2025-05-28,3:26,Suíça,Turquia,1,0,1,2.87,2.45,2.87,2.45,2.45,3.4,2.87,1-0,8.0,28-05-2025 23:42
1767099,Euro,2025-05-28,3:29,Hungria,Eslováquia,0,0,0,3.25,2.25,3.25,2.25,2.25,3.4,3.25,0-0,8.5,28-05-2025 23:42
1767106,Euro,2025-05-28,3:32,Alemanha,República Tcheca,1,2,3,2.15,3.5,3.5,2.15,2.15,3.4,3.5,1-2,8.5,28-05-2025 23:42
1767113,Euro,2025-05-28,3:35,Hungria,Países Baixos,3,0,3,2.6,2.7,2.7,2.6,2.6,3.5,2.7,3-0,7.0,28-05-2025 23:42
1767120,Euro,2025-05-28,3:38,Turquia,Escócia,1,2,3,2.37,3.0,3.0,2.37,2.37,3.3,3.0,1-2,8.5,28-05-2025 23:42
1767127,Euro,2025-05-28,3:41,Albânia,Sérvia,1,0,1,2.8,2.7,2.8,2.7,2.7,3.1,2.8,1-0,11.0,28-05-2025 23:42
1766896,Euro,2025-05-28,2:02,Polônia,Turquia,1,0,1,2.75,2.7,2.75,2.7,2.7,3.2,2.75,1-0,10.0,28-05-2025 23:42
1766903,Euro,2025-05-28,2:05,Alemanha,Romênia,2,1,3,2.05,3.5,3.5,2.05,2.05,3.6,3.5,2-1,6.5,28-05-2025 23:42
1766910,Euro,2025-05-28,2:08,Croácia,Polônia,2,1,3,2.25,3.25,3.25,2.25,2.25,3.4,3.25,2-1,8.5,28-05-2025 23:42
1766916,Euro,2025-05-28,2:11,Eslováquia,Hungria,0,0,0,2.62,2.7,2.62,2.7,2.7,3.3,2.62,0-0,8.5,28-05-2025 23:42
1766923,Euro,2025-05-28,2:14,Eslovênia,Ucrânia,1,1,2,3.0,2.45,3.0,2.45,2.45,3.2,3.0,1-1,10.0,28-05-2025 23:42
1766931,Euro,2025-05-28,2:17,Itália,Turquia,1,0,1,3.1,2.35,3.1,2.35,2.35,3.3,3.1,1-0,9.0,28-05-2025 23:42
1766938,Euro,2025-05-28,2:20,Inglaterra,Croácia,0,1,1,3.2,2.2,3.2,2.2,2.2,3.6,3.2,0-1,7.0,28-05-2025 23:42
1766945,Euro,2025-05-28,2:23,Sérvia,Turquia,2,3,5,2.5,3.0,2.5,3.0,2.5,3.2,3.0,2-3,10.0,28-05-2025 23:42
1766952,Euro,2025-05-28,2:26,Croácia,Áustria,1,2,3,2.37,3.0,3.0,2.37,2.37,3.4,3.0,1-2,7.5,28-05-2025 23:42
1766959,Euro,2025-05-28,2:29,Hungria,Escócia,1,1,2,2.9,2.45,2.9,2.45,2.45,3.4,2.9,1-1,8.0,28-05-2025 23:42
1766966,Euro,2025-05-28,2:32,Eslovênia,Países Baixos,2,1,3,2.7,2.62,2.62,2.7,2.7,3.3,2.62,2-1,8.5,28-05-2025 23:42
1766973,Euro,2025-05-28,2:35,Ucrânia,Albânia,1,0,1,3.0,2.5,3.0,2.5,2.5,3.2,3.0,1-0,10.0,28-05-2025 23:42
1766980,Euro,2025-05-28,2:38,Espanha,Bélgica,3,3,6,2.37,2.87,2.37,2.87,2.37,3.6,2.87,3-3,6.5,28-05-2025 23:42
1766987,Euro,2025-05-28,2:41,Geórgia,Polônia,0,0,0,2.62,2.75,2.62,2.75,2.75,3.25,2.62,0-0,9.0,28-05-2025 23:42
1766994,Euro,2025-05-28,2:44,República Tcheca,Eslovênia,0,1,1,3.2,2.45,3.2,2.45,2.45,3.1,3.2,0-1,11.0,28-05-2025 23:42
1767001,Euro,2025-05-28,2:47,Hungria,Croácia,1,2,3,2.62,2.7,2.7,2.62,2.62,3.4,2.7,1-2,8.0,28-05-2025 23:42
1767007,Euro,2025-05-28,2:50,Albânia,Portugal,2,2,4,2.9,2.5,2.9,2.5,2.9,3.25,2.5,2-2,9.0,28-05-2025 23:42
1767015,Euro,2025-05-28,2:53,Hungria,Suíça,0,1,1,2.75,2.5,2.75,2.5,2.5,3.4,2.75,0-1,7.5,28-05-2025 23:42
1767022,Euro,2025-05-28,2:56,Sérvia,Escócia,3,2,5,2.37,3.0,2.37,3.0,2.37,3.3,3.0,3-2,8.5,28-05-2025 23:42
1767029,Euro,2025-05-28,2:59,Portugal,Eslovênia,1,1,2,3.6,2.15,3.6,2.15,2.15,3.3,3.6,1-1,9.0,28-05-2025 23:42
1766756,Euro,2025-05-28,1:02,Dinamarca,Geórgia,4,0,4,2.05,3.75,2.05,3.75,2.05,3.4,3.75,4-0,9.0,28-05-2025 23:42
1766763,Euro,2025-05-28,1:05,Países Baixos,Inglaterra,1,2,3,2.75,2.45,2.45,2.75,2.75,3.6,2.45,1-2,6.0,28-05-2025 23:42
1766770,Euro,2025-05-28,1:08,Polônia,Albânia,2,0,2,3.0,2.5,3.0,2.5,2.5,3.1,3.0,2-0,11.0,28-05-2025 23:42
1766777,Euro,2025-05-28,1:11,Croácia,Portugal,2,0,2,2.62,2.62,2.62,2.62,2.62,3.5,2.62,2-0,7.5,28-05-2025 23:42
1766784,Euro,2025-05-28,1:14,Geórgia,Albânia,0,2,2,2.7,2.75,2.7,2.75,2.75,3.2,2.7,0-2,10.0,28-05-2025 23:42
1766791,Euro,2025-05-28,1:17,Alemanha,França,3,0,3,2.5,2.7,2.7,2.5,2.5,3.6,2.7,3-0,6.5,28-05-2025 23:42
1766798,Euro,2025-05-28,1:20,Eslováquia,Turquia,0,3,3,2.8,2.55,2.55,2.8,2.8,3.3,2.55,0-3,8.5,28-05-2025 23:42
1766805,Euro,2025-05-28,1:23,Áustria,Alemanha,0,1,1,2.5,2.8,2.5,2.8,2.8,3.5,2.5,0-1,7.5,28-05-2025 23:42
1766812,Euro,2025-05-28,1:26,Geórgia,Eslovênia,0,0,0,2.7,2.75,2.7,2.75,2.75,3.2,2.7,0-0,10.0,28-05-2025 23:42
1766819,Euro,2025-05-28,1:29,Turquia,Alemanha,0,1,1,2.5,2.8,2.5,2.8,2.8,3.4,2.5,0-1,8.0,28-05-2025 23:42
1766826,Euro,2025-05-28,1:32,Albânia,Dinamarca,3,1,4,2.75,2.7,2.75,2.7,2.75,3.2,2.7,3-1,10.0,28-05-2025 23:42
1766833,Euro,2025-05-28,1:35,Países Baixos,Eslovênia,2,1,3,2.25,3.25,3.25,2.25,2.25,3.4,3.25,2-1,8.5,28-05-2025 23:42
1766841,Euro,2025-05-28,1:38,França,Geórgia,2,1,3,1.86,4.2,4.2,1.86,1.86,3.6,4.2,2-1,7.5,28-05-2025 23:42
1766847,Euro,2025-05-28,1:41,Itália,Eslováquia,2,0,2,3.6,2.05,3.6,2.05,2.05,3.5,3.6,2-0,8.0,28-05-2025 23:42
1766853,Euro,2025-05-28,1:44,Geórgia,Hungria,0,1,1,2.55,2.8,2.55,2.8,2.8,3.3,2.55,0-1,8.5,28-05-2025 23:42
1766861,Euro,2025-05-28,1:47,Albânia,Escócia,1,1,2,2.87,2.55,2.87,2.55,2.55,3.25,2.87,1-1,9.0,28-05-2025 23:42
1766868,Euro,2025-05-28,1:50,Áustria,República Tcheca,1,1,2,3.1,2.4,3.1,2.4,2.4,3.25,3.1,1-1,9.0,28-05-2025 23:42
1766876,Euro,2025-05-28,1:53,Suíça,Eslovênia,0,2,2,3.1,2.35,3.1,2.35,2.35,3.3,3.1,0-2,9.0,28-05-2025 23:42
1766882,Euro,2025-05-28,1:56,Países Baixos,Áustria,4,0,4,2.37,2.9,2.37,2.9,2.37,3.5,2.9,4-0,7.0,28-05-2025 23:42
1766889,Euro,2025-05-28,1:59,República Tcheca,França,0,0,0,2.37,3.0,2.37,3.0,3.0,3.4,2.37,0-0,8.0,28-05-2025 23:42
1766617,Euro,2025-05-28,0:02,Sérvia,Eslováquia,1,0,1,3.4,2.2,3.4,2.2,2.2,3.3,3.4,1-0,9.0,28-05-2025 23:42
1766623,Euro,2025-05-28,0:05,Romênia,França,1,2,3,3.0,2.25,2.25,3.0,3.0,3.6,2.25,1-2,6.5,28-05-2025 23:42
1766630,Euro,2025-05-28,0:08,Turquia,Sérvia,1,0,1,3.0,2.5,3.0,2.5,2.5,3.2,3.0,1-0,10.0,28-05-2025 23:42
1766638,Euro,2025-05-28,0:11,Itália,Áustria,4,2,6,2.3,3.1,2.3,3.1,2.3,3.4,3.1,4-2,8.0,28-05-2025 23:42
1766644,Euro,2025-05-28,0:14,Geórgia,Romênia,1,1,2,2.6,2.7,2.6,2.7,2.7,3.4,2.6,1-1,7.5,28-05-2025 23:42
1766651,Euro,2025-05-28,0:17,Portugal,Eslováquia,2,0,2,3.75,2.0,3.75,2.0,2.0,3.5,3.75,2-0,7.5,28-05-2025 23:42
1766657,Euro,2025-05-28,0:20,Alemanha,Sérvia,3,3,6,2.2,3.3,2.2,3.3,2.2,3.4,3.3,3-3,8.0,28-05-2025 23:42
1766664,Euro,2025-05-28,0:23,Escócia,Itália,2,1,3,2.7,2.6,2.6,2.7,2.7,3.4,2.6,2-1,7.5,28-05-2025 23:42
1766672,Euro,2025-05-28,0:26,Espanha,Alemanha,1,3,4,2.5,2.7,2.5,2.7,2.5,3.6,2.7,1-3,6.5,28-05-2025 23:42
1766679,Euro,2025-05-28,0:29,Inglaterra,Hungria,1,1,2,3.5,2.07,3.5,2.07,2.07,3.5,3.5,1-1,7.5,28-05-2025 23:42
1766686,Euro,2025-05-28,0:32,Espanha,Suíça,3,1,4,2.25,3.1,2.25,3.1,2.25,3.6,3.1,3-1,6.5,28-05-2025 23:42
1766693,Euro,2025-05-28,0:35,Geórgia,Croácia,0,0,0,2.37,3.0,2.37,3.0,3.0,3.4,2.37,0-0,8.0,28-05-2025 23:42
1766700,Euro,2025-05-28,0:38,Eslováquia,Alemanha,0,1,1,2.2,3.2,2.2,3.2,3.2,3.5,2.2,0-1,7.0,28-05-2025 23:42
1766707,Euro,2025-05-28,0:41,Hungria,Sérvia,0,0,0,2.87,2.55,2.87,2.55,2.55,3.25,2.87,0-0,9.0,28-05-2025 23:42
1766714,Euro,2025-05-28,0:44,Inglaterra,Portugal,0,0,0,3.0,2.3,3.0,2.3,2.3,3.5,3.0,0-0,7.0,28-05-2025 23:42
1766721,Euro,2025-05-28,0:47,Croácia,Itália,0,0,0,2.75,2.55,2.75,2.55,2.55,3.4,2.75,0-0,7.5,28-05-2025 23:42
1766728,Euro,2025-05-28,0:50,Suíça,França,0,4,4,2.87,2.37,2.87,2.37,2.87,3.6,2.37,0-4,6.5,28-05-2025 23:42
1766735,Euro,2025-05-28,0:53,Turquia,Áustria,3,1,4,2.45,2.9,2.45,2.9,2.45,3.3,2.9,3-1,9.0,28-05-2025 23:42
1766742,Euro,2025-05-28,0:56,Dinamarca,Sérvia,1,0,1,3.1,2.4,3.1,2.4,2.4,3.25,3.1,1-0,9.0,28-05-2025 23:42
1766749,Euro,2025-05-28,0:59,Ucrânia,Escócia,1,0,1,2.75,2.5,2.75,2.5,2.5,3.4,2.75,1-0,7.5,28-05-2025 23:42
1766479,Euro,2025-05-28,23:02,Suíça,Portugal,2,1,3,2.7,2.55,2.55,2.7,2.7,3.5,2.55,2-1,7.0,28-05-2025 23:42
1766485,Euro,2025-05-28,23:05,Bélgica,República Tcheca,1,2,3,2.25,3.25,3.25,2.25,2.25,3.4,3.25,1-2,8.5,28-05-2025 23:42
1766493,Euro,2025-05-28,23:08,Suíça,Alemanha,3,2,5,2.75,2.45,2.75,2.45,2.75,3.5,2.45,3-2,6.5,28-05-2025 23:42
1766500,Euro,2025-05-28,23:11,Itália,Portugal,3,2,5,2.55,2.75,2.55,2.75,2.55,3.4,2.75,3-2,7.5,28-05-2025 23:42
1766508,Euro,2025-05-28,23:14,Albânia,Romênia,0,1,1,2.9,2.45,2.9,2.45,2.45,3.3,2.9,0-1,8.5,28-05-2025 23:42
1766514,Euro,2025-05-28,23:17,Áustria,Ucrânia,0,2,2,3.1,2.3,3.1,2.3,2.3,3.4,3.1,0-2,8.0,28-05-2025 23:42
1766521,Euro,2025-05-28,23:20,Romênia,Países Baixos,1,1,2,2.55,2.62,2.55,2.62,2.62,3.6,2.55,1-1,6.5,28-05-2025 23:42
1766528,Euro,2025-05-28,23:23,Polônia,Espanha,2,0,2,2.45,2.87,2.45,2.87,2.87,3.4,2.45,2-0,7.5,28-05-2025 23:42
1766535,Euro,2025-05-28,23:26,Suíça,Geórgia,1,4,5,2.1,3.5,2.1,3.5,2.1,3.5,3.5,1-4,7.5,28-05-2025 23:42
1766542,Euro,2025-05-28,23:29,Polônia,Croácia,1,0,1,2.62,2.7,2.62,2.7,2.7,3.3,2.62,1-0,8.5,28-05-2025 23:42
1766549,Euro,2025-05-28,23:32,Geórgia,Turquia,1,1,2,2.5,2.9,2.5,2.9,2.9,3.25,2.5,1-1,9.0,28-05-2025 23:42
1766556,Euro,2025-05-28,23:35,República Tcheca,Áustria,0,0,0,2.87,2.55,2.87,2.55,2.55,3.25,2.87,0-0,9.0,28-05-2025 23:42
1766563,Euro,2025-05-28,23:38,Croácia,Ucrânia,0,3,3,2.25,3.2,3.2,2.25,2.25,3.4,3.2,0-3,7.5,28-05-2025 23:42
1766570,Euro,2025-05-28,23:41,Portugal,República Tcheca,1,0,1,3.4,2.2,3.4,2.2,2.2,3.3,3.4,1-0,9.0,28-05-2025 23:42
1766577,Euro,2025-05-28,23:44,França,Países Baixos,1,0,1,3.2,2.15,3.2,2.15,2.15,3.6,3.2,1-0,6.0,28-05-2025 23:42
1766584,Euro,2025-05-28,23:47,Geórgia,Eslováquia,1,3,4,2.5,2.8,2.5,2.8,2.5,3.3,2.8,1-3,8.5,28-05-2025 23:42
1766591,Euro,2025-05-28,23:50,Escócia,Romênia,2,1,3,2.35,2.9,2.9,2.35,2.35,3.5,2.9,2-1,7.0,28-05-2025 23:42
1766598,Euro,2025-05-28,23:53,Croácia,Bélgica,3,0,3,2.5,2.75,2.75,2.5,2.5,3.5,2.75,3-0,7.0,28-05-2025 23:42
1766605,Euro,2025-05-28,23:56,Portugal,Suíça,0,2,2,3.1,2.25,3.1,2.25,2.25,3.5,3.1,0-2,7.0,28-05-2025 23:42
1766338,Euro,2025-05-28,22:02,Eslovênia,Eslováquia,1,1,2,3.25,2.3,3.25,2.3,2.3,3.25,3.25,1-1,10.0,28-05-2025 23:42
1766346,Euro,2025-05-28,22:05,Croácia,República Tcheca,2,1,3,2.35,3.1,3.1,2.35,2.35,3.3,3.1,2-1,9.0,28-05-2025 23:42
1766353,Euro,2025-05-28,22:08,Dinamarca,Áustria,0,3,3,2.4,3.0,3.0,2.4,2.4,3.3,3.0,0-3,8.5,28-05-2025 23:42
1766361,Euro,2025-05-28,22:11,Bélgica,Eslovênia,1,0,1,3.4,2.2,3.4,2.2,2.2,3.3,3.4,1-0,9.0,28-05-2025 23:42
1766366,Euro,2025-05-28,22:14,Croácia,Hungria,1,0,1,3.1,2.3,3.1,2.3,2.3,3.4,3.1,1-0,8.0,28-05-2025 23:42
1766374,Euro,2025-05-28,22:17,Bélgica,Dinamarca,2,3,5,2.4,3.0,2.4,3.0,2.4,3.4,3.0,2-3,7.5,28-05-2025 23:42
1766381,Euro,2025-05-28,22:20,Portugal,Polônia,2,1,3,2.15,3.5,3.5,2.15,2.15,3.4,3.5,2-1,8.5,28-05-2025 23:42
1766388,Euro,2025-05-28,22:23,República Tcheca,Geórgia,3,1,4,2.2,3.5,2.2,3.5,2.2,3.25,3.5,3-1,10.0,28-05-2025 23:42
1766395,Euro,2025-05-28,22:26,Turquia,Suíça,0,1,1,2.9,2.45,2.9,2.45,2.45,3.4,2.9,0-1,8.0,28-05-2025 23:42
1766400,Euro,2025-05-28,22:29,Bélgica,Geórgia,0,1,1,3.75,2.0,3.75,2.0,2.0,3.5,3.75,0-1,7.5,28-05-2025 23:42
1766409,Euro,2025-05-28,22:32,Turquia,Itália,0,3,3,2.62,2.7,2.7,2.62,2.62,3.3,2.7,0-3,9.0,28-05-2025 23:42
1766416,Euro,2025-05-28,22:35,Escócia,França,1,1,2,2.3,3.0,2.3,3.0,3.0,3.6,2.3,1-1,6.5,28-05-2025 23:42
1766423,Euro,2025-05-28,22:38,Turquia,República Tcheca,0,0,0,3.1,2.4,3.1,2.4,2.4,3.2,3.1,0-0,10.0,28-05-2025 23:42
1766430,Euro,2025-05-28,22:41,Espanha,Polônia,1,2,3,2.15,3.4,3.4,2.15,2.15,3.5,3.4,1-2,7.5,28-05-2025 23:42
1766437,Euro,2025-05-28,22:44,Croácia,Romênia,1,1,2,3.1,2.25,3.1,2.25,2.25,3.5,3.1,1-1,7.0,28-05-2025 23:42
1766443,Euro,2025-05-28,22:47,Eslovênia,Dinamarca,1,1,2,2.7,2.75,2.7,2.75,2.75,3.2,2.7,1-1,10.0,28-05-2025 23:42
1766451,Euro,2025-05-28,22:50,Países Baixos,Romênia,0,1,1,3.1,2.25,3.1,2.25,2.25,3.6,3.1,0-1,6.5,28-05-2025 23:42
1766458,Euro,2025-05-28,22:53,Croácia,Eslováquia,1,2,3,2.1,3.5,3.5,2.1,2.1,3.5,3.5,1-2,7.5,28-05-2025 23:42
1766465,Euro,2025-05-28,22:56,Bélgica,Polônia,2,2,4,2.2,3.3,2.2,3.3,2.2,3.4,3.3,2-2,8.0,28-05-2025 23:42
1766472,Euro,2025-05-28,22:59,França,Eslovênia,4,1,5,2.02,3.8,2.02,3.8,2.02,3.4,3.8,4-1,8.5,28-05-2025 23:42
1766198,Euro,2025-05-28,21:02,Romênia,Inglaterra,2,1,3,3.0,2.25,2.25,3.0,3.0,3.6,2.25,2-1,6.5,28-05-2025 23:42
1766206,Euro,2025-05-28,21:05,Alemanha,Albânia,0,0,0,3.75,2.07,3.75,2.07,2.07,3.4,3.75,0-0,9.0,28-05-2025 23:42
1766213,Euro,2025-05-28,21:08,Portugal,Ucrânia,2,3,5,2.1,3.4,2.1,3.4,2.1,3.5,3.4,2-3,7.5,28-05-2025 23:42
1766220,Euro,2025-05-28,21:11,Bélgica,Hungria,0,3,3,2.25,3.2,3.2,2.25,2.25,3.4,3.2,0-3,7.5,28-05-2025 23:42
1766227,Euro,2025-05-28,21:14,Suíça,Ucrânia,2,0,2,3.0,2.3,3.0,2.3,2.3,3.5,3.0,2-0,7.5,28-05-2025 23:42
1766234,Euro,2025-05-28,21:17,Espanha,Escócia,0,0,0,3.2,2.2,3.2,2.2,2.2,3.6,3.2,0-0,7.0,28-05-2025 23:42
1766241,Euro,2025-05-28,21:20,Inglaterra,Geórgia,1,0,1,4.2,1.86,4.2,1.86,1.86,3.6,4.2,1-0,7.5,28-05-2025 23:42
1766248,Euro,2025-05-28,21:23,Sérvia,Portugal,1,0,1,2.62,2.7,2.62,2.7,2.7,3.3,2.62,1-0,8.5,28-05-2025 23:42
1766255,Euro,2025-05-28,21:26,Bélgica,Albânia,0,1,1,3.4,2.2,3.4,2.2,2.2,3.3,3.4,0-1,9.0,28-05-2025 23:42
1766262,Euro,2025-05-28,21:29,Eslovênia,Hungria,1,1,2,2.9,2.55,2.9,2.55,2.55,3.2,2.9,1-1,10.0,28-05-2025 23:42
1766269,Euro,2025-05-28,21:32,Polônia,Geórgia,1,1,2,3.3,2.25,3.3,2.25,2.25,3.3,3.3,1-1,9.0,28-05-2025 23:42
1766276,Euro,2025-05-28,21:35,Hungria,Inglaterra,0,2,2,2.35,3.0,2.35,3.0,3.0,3.5,2.35,0-2,7.0,28-05-2025 23:42
1766283,Euro,2025-05-28,21:38,Países Baixos,Albânia,3,0,3,2.25,3.25,3.25,2.25,2.25,3.4,3.25,3-0,8.5,28-05-2025 23:42
1766290,Euro,2025-05-28,21:41,Eslovênia,Geórgia,0,2,2,3.4,2.25,3.4,2.25,2.25,3.2,3.4,0-2,10.0,28-05-2025 23:42
1766297,Euro,2025-05-28,21:44,Alemanha,Escócia,1,0,1,3.4,2.1,3.4,2.1,2.1,3.6,3.4,1-0,7.0,28-05-2025 23:42
1766304,Euro,2025-05-28,21:47,Países Baixos,Ucrânia,0,1,1,3.1,2.25,3.1,2.25,2.25,3.5,3.1,0-1,7.0,28-05-2025 23:42
1766311,Euro,2025-05-28,21:50,Alemanha,Itália,0,0,0,3.0,2.3,3.0,2.3,2.3,3.5,3.0,0-0,7.5,28-05-2025 23:42
1766318,Euro,2025-05-28,21:53,Romênia,Ucrânia,1,0,1,2.87,2.45,2.87,2.45,2.45,3.5,2.87,1-0,7.5,28-05-2025 23:42
1766325,Euro,2025-05-28,21:56,Bélgica,Itália,0,0,0,2.8,2.45,2.8,2.45,2.45,3.5,2.8,0-0,7.5,28-05-2025 23:42
1766332,Euro,2025-05-28,21:59,Áustria,Croácia,1,2,3,2.55,2.75,2.75,2.55,2.55,3.4,2.75,1-2,7.5,28-05-2025 23:42
1767035,Copa,2025-05-28,3:01,Canadá,Gana,0,1,1,2.8,2.5,2.8,2.5,2.5,3.4,2.8,0-1,7.5,28-05-2025 23:42
1767040,Copa,2025-05-28,3:04,México,Austrália,3,4,7,2.15,3.3,2.15,3.3,2.15,3.5,3.3,3-4,7.0,28-05-2025 23:42
1767047,Copa,2025-05-28,3:07,Costa Rica,Bélgica,0,1,1,2.15,3.3,2.15,3.3,3.3,3.5,2.15,0-1,7.5,28-05-2025 23:42
1767055,Copa,2025-05-28,3:10,Portugal,Irã,2,0,2,4.0,1.9,4.0,1.9,1.9,3.75,4.0,2-0,6.5,28-05-2025 23:42
1767061,Copa,2025-05-28,3:13,Arábia Saudita,Austrália,4,2,6,2.55,2.62,2.55,2.62,2.55,3.6,2.62,4-2,6.5,28-05-2025 23:42
1767068,Copa,2025-05-28,3:16,Inglaterra,Suíça,3,1,4,2.1,3.4,2.1,3.4,2.1,3.6,3.4,3-1,7.0,28-05-2025 23:42
1767076,Copa,2025-05-28,3:19,Sérvia,Equador,1,1,2,3.1,2.37,3.1,2.37,2.37,3.25,3.1,1-1,9.0,28-05-2025 23:42
1767082,Copa,2025-05-28,3:22,Costa Rica,Países Baixos,0,2,2,2.2,3.2,2.2,3.2,3.2,3.5,2.2,0-2,7.0,28-05-2025 23:42
1767092,Copa,2025-05-28,3:25,Sérvia,Argentina,0,0,0,2.5,2.9,2.5,2.9,2.9,3.25,2.5,0-0,9.0,28-05-2025 23:42
1767098,Copa,2025-05-28,3:28,Marrocos,Equador,3,2,5,2.5,2.8,2.5,2.8,2.5,3.4,2.8,3-2,7.5,28-05-2025 23:42
1767103,Copa,2025-05-28,3:31,Dinamarca,Costa Rica,1,0,1,3.75,2.0,3.75,2.0,2.0,3.6,3.75,1-0,7.0,28-05-2025 23:42
1767112,Copa,2025-05-28,3:34,Portugal,Bélgica,1,1,2,2.7,2.55,2.7,2.55,2.55,3.5,2.7,1-1,7.0,28-05-2025 23:42
1767117,Copa,2025-05-28,3:37,Gana,Uruguai,2,0,2,2.5,2.75,2.5,2.75,2.75,3.5,2.5,2-0,7.0,28-05-2025 23:42
1767126,Copa,2025-05-28,3:40,Marrocos,Espanha,1,1,2,2.25,3.1,2.25,3.1,3.1,3.5,2.25,1-1,7.0,28-05-2025 23:42
1766893,Copa,2025-05-28,2:01,Argentina,Portugal,0,1,1,3.0,2.3,3.0,2.3,2.3,3.6,3.0,0-1,6.5,28-05-2025 23:42
1766901,Copa,2025-05-28,2:04,EUA,França,1,2,3,3.0,2.4,2.4,3.0,3.0,3.3,2.4,1-2,8.5,28-05-2025 23:42
1766907,Copa,2025-05-28,2:07,Suíça,Países Baixos,1,2,3,2.6,2.62,2.62,2.6,2.6,3.5,2.62,1-2,7.5,28-05-2025 23:42
1766914,Copa,2025-05-28,2:10,Costa Rica,Austrália,2,2,4,2.5,2.75,2.5,2.75,2.5,3.5,2.75,2-2,7.0,28-05-2025 23:42
1766925,Copa,2025-05-28,2:13,Dinamarca,Alemanha,2,0,2,2.62,2.6,2.62,2.6,2.6,3.5,2.62,2-0,6.5,28-05-2025 23:42
1766930,Copa,2025-05-28,2:16,México,Marrocos,1,1,2,3.1,2.3,3.1,2.3,2.3,3.4,3.1,1-1,8.0,28-05-2025 23:42
1766935,Copa,2025-05-28,2:19,Qatar,Sérvia,0,1,1,2.6,2.87,2.6,2.87,2.87,3.2,2.6,0-1,10.0,28-05-2025 23:42
1766942,Copa,2025-05-28,2:22,França,México,3,1,4,2.07,3.5,2.07,3.5,2.07,3.5,3.5,3-1,7.5,28-05-2025 23:42
1766951,Copa,2025-05-28,2:25,Argentina,Uruguai,0,0,0,3.3,2.2,3.3,2.2,2.2,3.5,3.3,0-0,7.5,28-05-2025 23:42
1766956,Copa,2025-05-28,2:28,Senegal,Irã,0,0,0,3.8,1.98,3.8,1.98,1.98,3.5,3.8,0-0,8.5,28-05-2025 23:42
1766964,Copa,2025-05-28,2:31,Inglaterra,Arábia Saudita,1,0,1,4.5,1.76,4.5,1.76,1.76,3.8,4.5,1-0,6.5,28-05-2025 23:42
1766972,Copa,2025-05-28,2:34,Coreia do Sul,Qatar,3,0,3,2.45,2.9,2.9,2.45,2.45,3.4,2.9,3-0,8.0,28-05-2025 23:42
1766977,Copa,2025-05-28,2:37,Equador,Marrocos,4,1,5,2.37,3.0,2.37,3.0,2.37,3.4,3.0,4-1,7.5,28-05-2025 23:42
1766984,Copa,2025-05-28,2:40,Camarões,Coreia do Sul,1,1,2,2.87,2.4,2.87,2.4,2.4,3.5,2.87,1-1,7.0,28-05-2025 23:42
1766990,Copa,2025-05-28,2:43,Brasil,Irã,4,2,6,1.72,4.75,1.72,4.75,1.72,3.8,4.75,4-2,6.5,28-05-2025 23:42
1766999,Copa,2025-05-28,2:46,Croácia,Polônia,1,2,3,2.3,3.2,3.2,2.3,2.3,3.3,3.2,1-2,9.0,28-05-2025 23:42
1767009,Copa,2025-05-28,2:49,França,Senegal,0,0,0,3.5,2.15,3.5,2.15,2.15,3.4,3.5,0-0,8.5,28-05-2025 23:42
1767013,Copa,2025-05-28,2:52,México,Portugal,1,0,1,2.55,2.7,2.55,2.7,2.7,3.5,2.55,1-0,7.0,28-05-2025 23:42
1767019,Copa,2025-05-28,2:55,Camarões,Japão,0,2,2,2.7,2.6,2.7,2.6,2.6,3.4,2.7,0-2,8.0,28-05-2025 23:42
1767025,Copa,2025-05-28,2:58,Equador,Coreia do Sul,0,1,1,3.2,2.25,3.2,2.25,2.25,3.5,3.2,0-1,7.5,28-05-2025 23:42
1766755,Copa,2025-05-28,1:01,Portugal,Espanha,0,0,0,2.6,2.6,2.6,2.6,2.6,3.6,2.6,0-0,6.0,28-05-2025 23:42
1766760,Copa,2025-05-28,1:04,Tunísia,Senegal,1,0,1,2.5,2.9,2.5,2.9,2.9,3.25,2.5,1-0,9.0,28-05-2025 23:42
1766769,Copa,2025-05-28,1:07,Polônia,Gana,2,1,3,2.25,3.2,3.2,2.25,2.25,3.5,3.2,2-1,7.5,28-05-2025 23:42
1766773,Copa,2025-05-28,1:10,Austrália,Marrocos,0,0,0,2.7,2.6,2.7,2.6,2.6,3.5,2.7,0-0,7.0,28-05-2025 23:42
1766782,Copa,2025-05-28,1:13,Canadá,Arábia Saudita,1,2,3,2.25,3.1,3.1,2.25,2.25,3.5,3.1,1-2,7.0,28-05-2025 23:42
1766788,Copa,2025-05-28,1:16,Irã,Equador,0,1,1,2.4,2.8,2.4,2.8,2.8,3.5,2.4,0-1,7.0,28-05-2025 23:42
1766795,Copa,2025-05-28,1:19,País de Gales,Arábia Saudita,1,0,1,3.25,2.2,3.25,2.2,2.2,3.5,3.25,1-0,7.5,28-05-2025 23:42
1766804,Copa,2025-05-28,1:22,Portugal,Argentina,0,1,1,2.62,2.6,2.62,2.6,2.6,3.5,2.62,0-1,6.5,28-05-2025 23:42
1766809,Copa,2025-05-28,1:25,Japão,Alemanha,2,1,3,3.0,2.37,2.37,3.0,3.0,3.4,2.37,2-1,8.0,28-05-2025 23:42
1766816,Copa,2025-05-28,1:28,Uruguai,Irã,1,1,2,3.75,2.0,3.75,2.0,2.0,3.6,3.75,1-1,7.0,28-05-2025 23:42
1766823,Copa,2025-05-28,1:31,Costa Rica,Polônia,0,0,0,2.45,2.87,2.45,2.87,2.87,3.4,2.45,0-0,7.5,28-05-2025 23:42
1766830,Copa,2025-05-28,1:34,Dinamarca,Camarões,1,2,3,2.05,3.5,3.5,2.05,2.05,3.6,3.5,1-2,6.5,28-05-2025 23:42
1766838,Copa,2025-05-28,1:37,Brasil,Canadá,3,0,3,1.83,4.33,4.33,1.83,1.83,3.75,4.33,3-0,7.0,28-05-2025 23:42
1766846,Copa,2025-05-28,1:40,Alemanha,Inglaterra,1,2,3,2.6,2.62,2.62,2.6,2.6,3.5,2.62,1-2,6.5,28-05-2025 23:42
1766850,Copa,2025-05-28,1:43,Portugal,Costa Rica,1,0,1,3.8,1.95,3.8,1.95,1.95,3.6,3.8,1-0,6.5,28-05-2025 23:42
1766858,Copa,2025-05-28,1:46,Irã,Austrália,1,0,1,2.62,2.55,2.62,2.55,2.55,3.6,2.62,1-0,6.5,28-05-2025 23:42
1766865,Copa,2025-05-28,1:49,Uruguai,Argentina,0,0,0,2.5,2.8,2.5,2.8,2.8,3.5,2.5,0-0,7.5,28-05-2025 23:42
1766875,Copa,2025-05-28,1:52,México,Tunísia,3,0,3,2.15,3.4,3.4,2.15,2.15,3.4,3.4,3-0,8.0,28-05-2025 23:42
1766879,Copa,2025-05-28,1:55,Alemanha,Senegal,2,2,4,2.25,3.25,2.25,3.25,2.25,3.4,3.25,2-2,8.5,28-05-2025 23:42
1766886,Copa,2025-05-28,1:58,Inglaterra,Polônia,3,1,4,2.07,3.5,2.07,3.5,2.07,3.5,3.5,3-1,7.5,28-05-2025 23:42
1766614,Copa,2025-05-28,0:01,Croácia,Uruguai,2,3,5,2.37,3.0,2.37,3.0,2.37,3.3,3.0,2-3,8.5,28-05-2025 23:42
1766620,Copa,2025-05-28,0:04,Inglaterra,Dinamarca,2,0,2,3.2,2.2,3.2,2.2,2.2,3.6,3.2,2-0,7.0,28-05-2025 23:42
1766632,Copa,2025-05-28,0:07,Uruguai,EUA,1,1,2,3.1,2.4,3.1,2.4,2.4,3.25,3.1,1-1,9.0,28-05-2025 23:42
1766636,Copa,2025-05-28,0:10,Sérvia,Coreia do Sul,1,2,3,2.2,3.5,3.5,2.2,2.2,3.25,3.5,1-2,10.0,28-05-2025 23:42
1766641,Copa,2025-05-28,0:13,Austrália,Dinamarca,0,1,1,2.35,2.9,2.35,2.9,2.9,3.6,2.35,0-1,6.5,28-05-2025 23:42
1766648,Copa,2025-05-28,0:16,Brasil,Marrocos,3,1,4,1.9,4.0,1.9,4.0,1.9,3.6,4.0,3-1,7.0,28-05-2025 23:42
1766655,Copa,2025-05-28,0:19,Países Baixos,Coreia do Sul,0,0,0,3.75,2.0,3.75,2.0,2.0,3.5,3.75,0-0,7.5,28-05-2025 23:42
1766662,Copa,2025-05-28,0:22,Senegal,Costa Rica,3,1,4,2.05,3.75,2.05,3.75,2.05,3.4,3.75,3-1,8.5,28-05-2025 23:42
1766669,Copa,2025-05-28,0:25,Marrocos,Uruguai,1,0,1,2.6,2.7,2.6,2.7,2.7,3.4,2.6,1-0,7.5,28-05-2025 23:42
1766676,Copa,2025-05-28,0:28,Costa Rica,Camarões,1,0,1,2.75,2.5,2.75,2.5,2.5,3.5,2.75,1-0,7.0,28-05-2025 23:42
1766683,Copa,2025-05-28,0:31,Inglaterra,Canadá,4,1,5,1.85,4.2,1.85,4.2,1.85,3.6,4.2,4-1,7.5,28-05-2025 23:42
1766692,Copa,2025-05-28,0:34,Polônia,Uruguai,1,1,2,2.75,2.5,2.75,2.5,2.5,3.4,2.75,1-1,7.5,28-05-2025 23:42
1766699,Copa,2025-05-28,0:37,Tunísia,Marrocos,0,1,1,2.7,2.6,2.7,2.6,2.6,3.4,2.7,0-1,8.0,28-05-2025 23:42
1766703,Copa,2025-05-28,0:40,Alemanha,Brasil,0,1,1,2.55,2.7,2.55,2.7,2.7,3.6,2.55,0-1,6.5,28-05-2025 23:42
1766711,Copa,2025-05-28,0:43,Camarões,Gana,3,0,3,2.5,2.75,2.75,2.5,2.5,3.5,2.75,3-0,7.0,28-05-2025 23:42
1766719,Copa,2025-05-28,0:46,Brasil,Argentina,1,3,4,2.3,3.0,2.3,3.0,2.3,3.5,3.0,1-3,7.0,28-05-2025 23:42
1766724,Copa,2025-05-28,0:49,País de Gales,Bélgica,1,0,1,2.3,3.1,2.3,3.1,3.1,3.4,2.3,1-0,8.5,28-05-2025 23:42
1766734,Copa,2025-05-28,0:52,Equador,Brasil,1,1,2,2.2,3.2,2.2,3.2,3.2,3.6,2.2,1-1,6.5,28-05-2025 23:42
1766739,Copa,2025-05-28,0:55,Coreia do Sul,Marrocos,1,0,1,2.7,2.6,2.7,2.6,2.6,3.4,2.7,1-0,8.0,28-05-2025 23:42
1766746,Copa,2025-05-28,0:58,Equador,Japão,1,4,5,2.37,3.0,2.37,3.0,2.37,3.3,3.0,1-4,8.5,28-05-2025 23:42
1766476,Copa,2025-05-28,23:01,Austrália,Senegal,0,2,2,2.45,2.9,2.45,2.9,2.9,3.3,2.45,0-2,8.5,28-05-2025 23:42
1766483,Copa,2025-05-28,23:04,Croácia,Gana,2,0,2,3.5,2.1,3.5,2.1,2.1,3.4,3.5,2-0,8.5,28-05-2025 23:42
1766492,Copa,2025-05-28,23:07,EUA,Países Baixos,0,3,3,2.75,2.62,2.62,2.75,2.75,3.25,2.62,0-3,9.0,28-05-2025 23:42
1766497,Copa,2025-05-28,23:10,Argentina,Gana,0,1,1,3.8,1.95,3.8,1.95,1.95,3.6,3.8,0-1,7.5,28-05-2025 23:42
1766504,Copa,2025-05-28,23:13,Tunísia,Países Baixos,4,1,5,3.1,2.3,3.1,2.3,3.1,3.5,2.3,4-1,7.5,28-05-2025 23:42
1766513,Copa,2025-05-28,23:16,Camarões,Qatar,4,1,5,2.4,2.87,2.4,2.87,2.4,3.5,2.87,4-1,7.0,28-05-2025 23:42
1766518,Copa,2025-05-28,23:19,Alemanha,México,0,2,2,3.3,2.2,3.3,2.2,2.2,3.5,3.3,0-2,7.5,28-05-2025 23:42
1766524,Copa,2025-05-28,23:22,Bélgica,Equador,4,1,5,2.1,3.5,2.1,3.5,2.1,3.5,3.5,4-1,7.5,28-05-2025 23:42
1766532,Copa,2025-05-28,23:25,Uruguai,Croácia,2,2,4,2.55,2.8,2.55,2.8,2.55,3.3,2.8,2-2,8.5,28-05-2025 23:42
1766539,Copa,2025-05-28,23:28,Brasil,País de Gales,3,1,4,1.86,4.2,1.86,4.2,1.86,3.6,4.2,3-1,7.5,28-05-2025 23:42
1766547,Copa,2025-05-28,23:31,Polônia,Camarões,0,3,3,2.15,3.3,3.3,2.15,2.15,3.5,3.3,0-3,7.0,28-05-2025 23:42
1766552,Copa,2025-05-28,23:34,Austrália,Arábia Saudita,0,1,1,3.0,2.25,3.0,2.25,2.25,3.6,3.0,0-1,6.5,28-05-2025 23:42
1766559,Copa,2025-05-28,23:37,Coreia do Sul,Inglaterra,2,1,3,3.4,2.1,2.1,3.4,3.4,3.5,2.1,2-1,7.0,28-05-2025 23:42
1766567,Copa,2025-05-28,23:40,Irã,Polônia,0,1,1,2.35,3.0,2.35,3.0,3.0,3.5,2.35,0-1,7.0,28-05-2025 23:42
1766574,Copa,2025-05-28,23:43,Uruguai,Países Baixos,1,2,3,2.6,2.62,2.62,2.6,2.6,3.5,2.62,1-2,7.5,28-05-2025 23:42
1766581,Copa,2025-05-28,23:46,Tunísia,Equador,2,2,4,2.7,2.6,2.7,2.6,2.7,3.4,2.6,2-2,7.5,28-05-2025 23:42
1766589,Copa,2025-05-28,23:49,Suíça,México,0,3,3,2.37,3.0,3.0,2.37,2.37,3.4,3.0,0-3,7.5,28-05-2025 23:42
1766597,Copa,2025-05-28,23:52,Equador,Sérvia,3,0,3,2.55,2.87,2.87,2.55,2.55,3.25,2.87,3-0,9.0,28-05-2025 23:42
1766602,Copa,2025-05-28,23:55,Bélgica,Qatar,2,2,4,1.95,4.0,1.95,4.0,1.95,3.5,4.0,2-2,8.0,28-05-2025 23:42
1766609,Copa,2025-05-28,23:58,Países Baixos,Gana,5,0,5,2.05,3.6,2.05,3.6,2.05,3.5,3.6,5-0,7.5,28-05-2025 23:42
1766340,Copa,2025-05-28,22:01,Sérvia,Tunísia,0,1,1,3.5,2.2,3.5,2.2,2.2,3.25,3.5,0-1,10.0,28-05-2025 23:42
1766341,Copa,2025-05-28,22:04,Países Baixos,México,2,0,2,3.2,2.25,3.2,2.25,2.25,3.4,3.2,2-0,7.5,28-05-2025 23:42
1766352,Copa,2025-05-28,22:07,Canadá,Inglaterra,3,2,5,3.4,2.1,3.4,2.1,3.4,3.5,2.1,3-2,7.0,28-05-2025 23:42
1766358,Copa,2025-05-28,22:10,Arábia Saudita,País de Gales,3,0,3,2.7,2.6,2.6,2.7,2.7,3.4,2.6,3-0,7.5,28-05-2025 23:42
1766365,Copa,2025-05-28,22:13,Dinamarca,México,4,1,5,2.3,3.0,2.3,3.0,2.3,3.5,3.0,4-1,7.5,28-05-2025 23:42
1766373,Copa,2025-05-28,22:16,Marrocos,Japão,2,1,3,2.45,2.9,2.9,2.45,2.45,3.3,2.9,2-1,8.5,28-05-2025 23:42
1766378,Copa,2025-05-28,22:19,Países Baixos,Camarões,1,2,3,2.0,3.75,3.75,2.0,2.0,3.6,3.75,1-2,7.0,28-05-2025 23:42
1766384,Copa,2025-05-28,22:22,Portugal,França,3,1,4,2.7,2.55,2.7,2.55,2.7,3.6,2.55,3-1,6.5,28-05-2025 23:42
1766392,Copa,2025-05-28,22:25,Senegal,Sérvia,0,0,0,3.2,2.45,3.2,2.45,2.45,3.1,3.2,0-0,11.0,28-05-2025 23:42
1766403,Copa,2025-05-28,22:28,Costa Rica,Canadá,2,2,4,2.5,2.8,2.5,2.8,2.5,3.4,2.8,2-2,7.5,28-05-2025 23:42
1766408,Copa,2025-05-28,22:31,EUA,Qatar,2,0,2,3.5,2.2,3.5,2.2,2.2,3.25,3.5,2-0,10.0,28-05-2025 23:42
1766413,Copa,2025-05-28,22:34,Austrália,Argentina,2,3,5,3.3,2.15,3.3,2.15,3.3,3.6,2.15,2-3,7.0,28-05-2025 23:42
1766420,Copa,2025-05-28,22:37,Alemanha,Qatar,1,1,2,3.8,1.95,3.8,1.95,1.95,3.6,3.8,1-1,7.5,28-05-2025 23:42
1766429,Copa,2025-05-28,22:40,Canadá,Croácia,3,1,4,3.0,2.4,3.0,2.4,3.0,3.3,2.4,3-1,8.5,28-05-2025 23:42
1766434,Copa,2025-05-28,22:43,País de Gales,Argentina,4,2,6,3.25,2.25,3.25,2.25,3.25,3.4,2.25,4-2,8.0,28-05-2025 23:42
1766445,Copa,2025-05-28,22:46,Portugal,Canadá,1,1,2,3.6,2.0,3.6,2.0,2.0,3.6,3.6,1-1,7.0,28-05-2025 23:42
1766450,Copa,2025-05-28,22:49,Arábia Saudita,Qatar,4,2,6,2.6,2.7,2.6,2.7,2.6,3.5,2.7,4-2,7.0,28-05-2025 23:42
1766455,Copa,2025-05-28,22:52,Argentina,Coreia do Sul,1,1,2,4.0,1.9,4.0,1.9,1.9,3.6,4.0,1-1,7.5,28-05-2025 23:42
1766463,Copa,2025-05-28,22:55,França,Costa Rica,2,1,3,1.8,4.33,4.33,1.8,1.8,3.75,4.33,2-1,7.0,28-05-2025 23:42
1766469,Copa,2025-05-28,22:58,Sérvia,Camarões,2,0,2,3.4,2.15,3.4,2.15,2.15,3.4,3.4,2-0,8.5,28-05-2025 23:42
1766200,Copa,2025-05-28,21:01,França,Camarões,2,0,2,4.2,1.85,4.2,1.85,1.85,3.75,4.2,2-0,6.5,28-05-2025 23:42
1766205,Copa,2025-05-28,21:04,Marrocos,Sérvia,2,0,2,2.75,2.7,2.75,2.7,2.7,3.2,2.75,2-0,10.0,28-05-2025 23:42
1766209,Copa,2025-05-28,21:07,Camarões,Polônia,0,1,1,2.5,2.75,2.5,2.75,2.75,3.5,2.5,0-1,7.0,28-05-2025 23:42
1766217,Copa,2025-05-28,21:10,Qatar,Dinamarca,0,2,2,2.35,3.0,2.35,3.0,3.0,3.5,2.35,0-2,7.0,28-05-2025 23:42
1766224,Copa,2025-05-28,21:13,Uruguai,França,2,0,2,2.4,2.87,2.4,2.87,2.87,3.5,2.4,2-0,7.0,28-05-2025 23:42
1766233,Copa,2025-05-28,21:16,Gana,Países Baixos,0,3,3,3.0,2.35,2.35,3.0,3.0,3.5,2.35,0-3,7.0,28-05-2025 23:42
1766238,Copa,2025-05-28,21:19,Arábia Saudita,Coreia do Sul,0,1,1,2.7,2.6,2.7,2.6,2.6,3.5,2.7,0-1,7.0,28-05-2025 23:42
1766245,Copa,2025-05-28,21:22,França,Sérvia,0,0,0,3.75,2.07,3.75,2.07,2.07,3.4,3.75,0-0,9.0,28-05-2025 23:42
1766253,Copa,2025-05-28,21:25,México,Gana,1,1,2,3.2,2.25,3.2,2.25,2.25,3.5,3.2,1-1,7.5,28-05-2025 23:42
1766259,Copa,2025-05-28,21:28,Camarões,Austrália,2,0,2,2.8,2.4,2.8,2.4,2.4,3.6,2.8,2-0,6.5,28-05-2025 23:42
1766266,Copa,2025-05-28,21:31,Bélgica,Espanha,1,1,2,2.75,2.5,2.75,2.5,2.5,3.5,2.75,1-1,7.0,28-05-2025 23:42
1766273,Copa,2025-05-28,21:34,Equador,País de Gales,2,1,3,2.3,3.1,3.1,2.3,2.3,3.4,3.1,2-1,8.0,28-05-2025 23:42
1766280,Copa,2025-05-28,21:37,Bélgica,Dinamarca,1,0,1,3.0,2.3,3.0,2.3,2.3,3.5,3.0,1-0,7.5,28-05-2025 23:42
1766287,Copa,2025-05-28,21:40,Espanha,Marrocos,2,1,3,2.0,3.6,3.6,2.0,2.0,3.6,3.6,2-1,7.0,28-05-2025 23:42
1766294,Copa,2025-05-28,21:43,Inglaterra,Coreia do Sul,1,1,2,4.2,1.85,4.2,1.85,1.85,3.6,4.2,1-1,7.5,28-05-2025 23:42
1766302,Copa,2025-05-28,21:46,Costa Rica,Senegal,1,1,2,2.4,3.0,2.4,3.0,3.0,3.3,2.4,1-1,8.5,28-05-2025 23:42
1766308,Copa,2025-05-28,21:49,Argentina,Espanha,3,0,3,2.45,2.8,2.8,2.45,2.45,3.5,2.8,3-0,6.5,28-05-2025 23:42
1766315,Copa,2025-05-28,21:52,Brasil,Senegal,2,0,2,3.6,2.07,3.6,2.07,2.07,3.4,3.6,2-0,8.0,28-05-2025 23:42
1766322,Copa,2025-05-28,21:55,Tunísia,Qatar,3,0,3,2.45,2.9,2.9,2.45,2.45,3.4,2.9,3-0,8.0,28-05-2025 23:42
1766330,Copa,2025-05-28,21:58,Senegal,Países Baixos,4,0,4,2.62,2.75,2.62,2.75,2.62,3.3,2.75,4-0,8.5,28-05-2025 23:42
1767031,Premier,2025-05-28,3:00,Norwich,West Ham,2,0,2,2.55,2.8,2.55,2.8,2.8,3.3,2.55,2-0,8.5,28-05-2025 23:41
1767038,Premier,2025-05-28,3:03,Brighton,Everton,1,1,2,2.4,2.8,2.4,2.8,2.8,3.6,2.4,1-1,6.5,28-05-2025 23:41
1767045,Premier,2025-05-28,3:06,Tottenham,United,2,0,2,2.62,2.7,2.62,2.7,2.7,3.3,2.62,2-0,8.5,28-05-2025 23:41
1767052,Premier,2025-05-28,3:09,Leeds,Newcastle,1,0,1,3.1,2.3,3.1,2.3,2.3,3.4,3.1,1-0,8.0,28-05-2025 23:41
1767059,Premier,2025-05-28,3:12,Islington,City,1,2,3,2.75,2.45,2.45,2.75,2.75,3.5,2.45,1-2,6.5,28-05-2025 23:41
1767066,Premier,2025-05-28,3:15,Tottenham,Brentford,0,0,0,3.75,2.05,3.75,2.05,2.05,3.4,3.75,0-0,9.0,28-05-2025 23:41
1767073,Premier,2025-05-28,3:18,Watford,Wolverhampton,3,3,6,2.8,2.4,2.8,2.4,2.8,3.5,2.4,3-3,7.0,28-05-2025 23:41
1767080,Premier,2025-05-28,3:21,Chelsea,Norwich,1,2,3,1.95,3.8,3.8,1.95,1.95,3.6,3.8,1-2,7.5,28-05-2025 23:41
1767087,Premier,2025-05-28,3:24,Brentford,United,1,1,2,2.15,3.3,2.15,3.3,3.3,3.5,2.15,1-1,7.5,28-05-2025 23:41
1767093,Premier,2025-05-28,3:27,Burnley,Leeds,0,2,2,2.62,2.7,2.62,2.7,2.7,3.3,2.62,0-2,8.5,28-05-2025 23:41
1767100,Premier,2025-05-28,3:30,Aston,Liverpool,0,0,0,2.37,3.0,2.37,3.0,3.0,3.4,2.37,0-0,8.0,28-05-2025 23:41
1767108,Premier,2025-05-28,3:33,United,Palace,3,0,3,1.95,3.8,3.8,1.95,1.95,3.6,3.8,3-0,7.5,28-05-2025 23:41
1767115,Premier,2025-05-28,3:36,Watford,Brighton,2,1,3,2.35,3.0,3.0,2.35,2.35,3.5,3.0,2-1,7.0,28-05-2025 23:41
1767122,Premier,2025-05-28,3:39,Leeds,Southampton,0,2,2,3.0,2.45,3.0,2.45,2.45,3.2,3.0,0-2,10.0,28-05-2025 23:41
1766891,Premier,2025-05-28,2:00,Palace,Islington,0,0,0,2.35,3.0,2.35,3.0,3.0,3.5,2.35,0-0,7.0,28-05-2025 23:41
1766898,Premier,2025-05-28,2:03,Everton,West Ham,0,1,1,3.0,2.4,3.0,2.4,2.4,3.3,3.0,0-1,8.5,28-05-2025 23:41
1766905,Premier,2025-05-28,2:06,Chelsea,Aston,2,1,3,2.05,3.6,3.6,2.05,2.05,3.5,3.6,2-1,8.0,28-05-2025 23:41
1766912,Premier,2025-05-28,2:09,Palace,Norwich,5,1,6,2.3,3.1,2.3,3.1,2.3,3.5,3.1,5-1,7.0,28-05-2025 23:41
1766918,Premier,2025-05-28,2:12,City,Newcastle,0,0,0,4.0,1.86,4.0,1.86,1.86,3.8,4.0,0-0,6.0,28-05-2025 23:41
1766926,Premier,2025-05-28,2:15,Brighton,Aston,0,3,3,2.6,2.7,2.7,2.6,2.6,3.5,2.7,0-3,7.0,28-05-2025 23:41
1766933,Premier,2025-05-28,2:18,United,Liverpool,2,1,3,2.3,3.0,3.0,2.3,2.3,3.5,3.0,2-1,7.5,28-05-2025 23:41
1766940,Premier,2025-05-28,2:21,Brentford,Burnley,2,4,6,2.4,2.87,2.4,2.87,2.4,3.5,2.87,2-4,7.0,28-05-2025 23:41
1766947,Premier,2025-05-28,2:24,Tottenham,Islington,0,0,0,2.8,2.55,2.8,2.55,2.55,3.3,2.8,0-0,8.5,28-05-2025 23:41
1766954,Premier,2025-05-28,2:27,Brighton,Brentford,1,1,2,2.75,2.5,2.75,2.5,2.5,3.5,2.75,1-1,7.0,28-05-2025 23:41
1766961,Premier,2025-05-28,2:30,Norwich,Burnley,0,0,0,2.75,2.5,2.75,2.5,2.5,3.5,2.75,0-0,7.0,28-05-2025 23:41
1766968,Premier,2025-05-28,2:33,Southampton,Brighton,2,2,4,2.15,3.3,2.15,3.3,2.15,3.5,3.3,2-2,7.0,28-05-2025 23:41
1766975,Premier,2025-05-28,2:36,Leeds,Islington,0,0,0,2.55,2.8,2.55,2.8,2.8,3.3,2.55,0-0,8.5,28-05-2025 23:41
1766982,Premier,2025-05-28,2:39,Tottenham,Burnley,1,1,2,3.6,2.05,3.6,2.05,2.05,3.5,3.6,1-1,8.0,28-05-2025 23:41
1766992,Premier,2025-05-28,2:42,Leeds,Liverpool,0,5,5,2.8,2.55,2.8,2.55,2.8,3.3,2.55,0-5,8.5,28-05-2025 23:41
1766996,Premier,2025-05-28,2:45,Everton,Wolverhampton,3,1,4,2.5,2.7,2.5,2.7,2.5,3.6,2.7,3-1,6.5,28-05-2025 23:41
1767003,Premier,2025-05-28,2:48,Tottenham,Liverpool,1,1,2,2.8,2.55,2.8,2.55,2.55,3.3,2.8,1-1,8.5,28-05-2025 23:41
1767010,Premier,2025-05-28,2:51,Watford,Chelsea,1,2,3,3.1,2.3,2.3,3.1,3.1,3.5,2.3,1-2,7.5,28-05-2025 23:41
1767017,Premier,2025-05-28,2:54,Tottenham,Leeds,2,0,2,3.4,2.25,3.4,2.25,2.25,3.2,3.4,2-0,10.0,28-05-2025 23:41
1767027,Premier,2025-05-28,2:57,Burnley,Aston,2,1,3,2.5,2.8,2.8,2.5,2.5,3.4,2.8,2-1,7.5,28-05-2025 23:41
1766751,Premier,2025-05-28,1:00,Burnley,Southampton,0,0,0,2.6,2.7,2.6,2.7,2.7,3.4,2.6,0-0,7.5,28-05-2025 23:41
1766758,Premier,2025-05-28,1:03,Aston,Brentford,1,2,3,2.37,3.0,3.0,2.37,2.37,3.4,3.0,1-2,8.5,28-05-2025 23:41
1766765,Premier,2025-05-28,1:06,Tottenham,Palace,1,0,1,3.5,2.1,3.5,2.1,2.1,3.4,3.5,1-0,8.5,28-05-2025 23:41
1766775,Premier,2025-05-28,1:09,Aston,Burnley,1,1,2,3.0,2.35,3.0,2.35,2.35,3.4,3.0,1-1,7.5,28-05-2025 23:41
1766779,Premier,2025-05-28,1:12,Islington,Leeds,3,1,4,2.2,3.4,2.2,3.4,2.2,3.3,3.4,3-1,9.0,28-05-2025 23:41
1766786,Premier,2025-05-28,1:15,Brighton,City,1,5,6,3.6,1.98,3.6,1.98,3.6,3.75,1.98,1-5,6.0,28-05-2025 23:41
1766793,Premier,2025-05-28,1:18,Chelsea,Wolverhampton,2,0,2,3.0,2.3,3.0,2.3,2.3,3.6,3.0,2-0,6.5,28-05-2025 23:41
1766800,Premier,2025-05-28,1:21,Aston,Leeds,2,0,2,2.75,2.62,2.75,2.62,2.62,3.2,2.75,2-0,10.0,28-05-2025 23:41
1766807,Premier,2025-05-28,1:24,Tottenham,City,1,1,2,2.45,2.9,2.45,2.9,2.9,3.4,2.45,1-1,7.5,28-05-2025 23:41
1766814,Premier,2025-05-28,1:27,Norwich,Aston,0,0,0,2.7,2.6,2.7,2.6,2.6,3.4,2.7,0-0,8.0,28-05-2025 23:41
1766821,Premier,2025-05-28,1:30,Southampton,Wolverhampton,1,2,3,2.6,2.7,2.7,2.6,2.6,3.5,2.7,1-2,7.0,28-05-2025 23:41
1766828,Premier,2025-05-28,1:33,West Ham,Burnley,1,1,2,3.3,2.2,3.3,2.2,2.2,3.4,3.3,1-1,8.5,28-05-2025 23:41
1766835,Premier,2025-05-28,1:36,Liverpool,Tottenham,0,3,3,2.4,3.0,3.0,2.4,2.4,3.3,3.0,0-3,8.5,28-05-2025 23:41
1766842,Premier,2025-05-28,1:39,Leicester,Brentford,0,0,0,3.4,2.15,3.4,2.15,2.15,3.4,3.4,0-0,8.0,28-05-2025 23:41
1766852,Premier,2025-05-28,1:42,Southampton,Chelsea,0,1,1,2.5,2.8,2.5,2.8,2.8,3.4,2.5,0-1,8.0,28-05-2025 23:41
1766856,Premier,2025-05-28,1:45,Norwich,Watford,1,1,2,2.8,2.5,2.8,2.5,2.5,3.4,2.8,1-1,7.5,28-05-2025 23:41
1766864,Premier,2025-05-28,1:48,Tottenham,Newcastle,2,1,3,2.1,3.5,3.5,2.1,2.1,3.5,3.5,2-1,7.5,28-05-2025 23:41
1766870,Premier,2025-05-28,1:51,Burnley,Liverpool,2,1,3,3.1,2.25,2.25,3.1,3.1,3.5,2.25,2-1,7.0,28-05-2025 23:41
1766877,Premier,2025-05-28,1:54,Norwich,Southampton,2,2,4,2.8,2.55,2.8,2.55,2.8,3.4,2.55,2-2,8.0,28-05-2025 23:41
1766884,Premier,2025-05-28,1:57,Tottenham,Everton,3,2,5,2.3,3.1,2.3,3.1,2.3,3.4,3.1,3-2,8.0,28-05-2025 23:41
1766612,Premier,2025-05-28,0:00,Brentford,Watford,0,1,1,2.9,2.45,2.9,2.45,2.45,3.4,2.9,0-1,8.0,28-05-2025 23:41
1766621,Premier,2025-05-28,0:03,Chelsea,City,1,0,1,2.45,2.75,2.45,2.75,2.75,3.5,2.45,1-0,6.5,28-05-2025 23:41
1766626,Premier,2025-05-28,0:06,Burnley,Wolverhampton,3,4,7,2.8,2.4,2.8,2.4,2.8,3.6,2.4,3-4,6.5,28-05-2025 23:41
1766633,Premier,2025-05-28,0:09,Palace,United,3,1,4,3.2,2.2,3.2,2.2,3.2,3.5,2.2,3-1,7.0,28-05-2025 23:41
1766640,Premier,2025-05-28,0:12,Liverpool,Brentford,0,2,2,3.75,2.0,3.75,2.0,2.0,3.5,3.75,0-2,7.5,28-05-2025 23:41
1766646,Premier,2025-05-28,0:15,Aston,Wolverhampton,0,0,0,2.5,2.75,2.5,2.75,2.75,3.5,2.5,0-0,7.0,28-05-2025 23:41
1766653,Premier,2025-05-28,0:18,Liverpool,Brighton,0,1,1,3.8,1.95,3.8,1.95,1.95,3.75,3.8,0-1,6.5,28-05-2025 23:41
1766660,Premier,2025-05-28,0:21,Burnley,Newcastle,4,1,5,2.45,2.7,2.45,2.7,2.45,3.6,2.7,4-1,6.5,28-05-2025 23:41
1766667,Premier,2025-05-28,0:24,Islington,Norwich,1,0,1,3.8,1.95,3.8,1.95,1.95,3.6,3.8,1-0,7.5,28-05-2025 23:41
1766674,Premier,2025-05-28,0:27,Brentford,Brighton,1,2,3,2.35,3.0,3.0,2.35,2.35,3.5,3.0,1-2,7.0,28-05-2025 23:41
1766681,Premier,2025-05-28,0:30,Palace,Aston,3,1,4,2.45,2.9,2.45,2.9,2.45,3.4,2.9,3-1,8.0,28-05-2025 23:41
1766688,Premier,2025-05-28,0:33,Southampton,Watford,2,1,3,2.25,3.25,3.25,2.25,2.25,3.4,3.25,2-1,8.5,28-05-2025 23:41
1766695,Premier,2025-05-28,0:36,Liverpool,Everton,0,1,1,3.1,2.25,3.1,2.25,2.25,3.5,3.1,0-1,7.0,28-05-2025 23:41
1766705,Premier,2025-05-28,0:39,Brentford,Aston,2,1,3,2.5,2.8,2.8,2.5,2.5,3.3,2.8,2-1,8.5,28-05-2025 23:41
1766709,Premier,2025-05-28,0:42,City,Brighton,2,1,3,1.76,4.33,4.33,1.76,1.76,3.8,4.33,2-1,6.0,28-05-2025 23:41
1766716,Premier,2025-05-28,0:45,Leeds,Leicester,2,0,2,2.87,2.55,2.87,2.55,2.55,3.25,2.87,2-0,9.0,28-05-2025 23:41
1766726,Premier,2025-05-28,0:48,Norwich,Palace,1,0,1,2.7,2.6,2.7,2.6,2.6,3.5,2.7,1-0,7.0,28-05-2025 23:41
1766730,Premier,2025-05-28,0:51,Tottenham,Aston,2,0,2,3.6,2.1,3.6,2.1,2.1,3.3,3.6,2-0,9.0,28-05-2025 23:41
1766737,Premier,2025-05-28,0:54,Burnley,Brentford,3,0,3,2.4,2.87,2.87,2.4,2.4,3.5,2.87,3-0,7.0,28-05-2025 23:41
1766744,Premier,2025-05-28,0:57,Leeds,Tottenham,1,1,2,2.7,2.75,2.7,2.75,2.75,3.2,2.7,1-1,10.0,28-05-2025 23:41
1766474,Premier,2025-05-28,23:00,Wolverhampton,Leeds,1,1,2,3.1,2.3,3.1,2.3,2.3,3.4,3.1,1-1,8.0,28-05-2025 23:41
1766481,Premier,2025-05-28,23:03,Liverpool,Aston,1,0,1,3.6,2.05,3.6,2.05,2.05,3.5,3.6,1-0,8.0,28-05-2025 23:41
1766490,Premier,2025-05-28,23:06,Tottenham,Norwich,0,1,1,3.8,2.0,3.8,2.0,2.0,3.5,3.8,0-1,8.5,28-05-2025 23:41
1766495,Premier,2025-05-28,23:09,Aston,West Ham,2,1,3,2.62,2.75,2.75,2.62,2.62,3.2,2.75,2-1,10.0,28-05-2025 23:41
1766502,Premier,2025-05-28,23:12,Tottenham,Watford,1,1,2,3.75,2.05,3.75,2.05,2.05,3.4,3.75,1-1,9.0,28-05-2025 23:41
1766509,Premier,2025-05-28,23:15,Leeds,United,0,1,1,2.4,3.0,2.4,3.0,3.0,3.3,2.4,0-1,8.5,28-05-2025 23:41
1766516,Premier,2025-05-28,23:18,Palace,Watford,2,1,3,2.35,3.0,3.0,2.35,2.35,3.4,3.0,2-1,7.5,28-05-2025 23:41
1766526,Premier,2025-05-28,23:21,Wolverhampton,Norwich,1,0,1,3.5,2.05,3.5,2.05,2.05,3.6,3.5,1-0,6.5,28-05-2025 23:41
1766530,Premier,2025-05-28,23:24,Brentford,Liverpool,1,0,1,2.3,3.1,2.3,3.1,3.1,3.5,2.3,1-0,7.5,28-05-2025 23:41
1766537,Premier,2025-05-28,23:27,West Ham,Wolverhampton,1,4,5,2.6,2.7,2.6,2.7,2.6,3.4,2.7,1-4,8.0,28-05-2025 23:41
1766544,Premier,2025-05-28,23:30,Everton,Newcastle,1,0,1,3.1,2.2,3.1,2.2,2.2,3.6,3.1,1-0,6.5,28-05-2025 23:41
1766554,Premier,2025-05-28,23:33,Watford,Islington,2,0,2,2.3,3.1,2.3,3.1,3.1,3.5,2.3,2-0,7.5,28-05-2025 23:41
1766561,Premier,2025-05-28,23:36,Wolverhampton,Liverpool,2,1,3,2.6,2.62,2.62,2.6,2.6,3.5,2.62,2-1,6.5,28-05-2025 23:41
1766565,Premier,2025-05-28,23:39,Watford,City,1,1,2,2.05,3.5,2.05,3.5,3.5,3.6,2.05,1-1,7.0,28-05-2025 23:41
1766572,Premier,2025-05-28,23:42,Chelsea,Everton,0,2,2,3.1,2.25,3.1,2.25,2.25,3.5,3.1,0-2,7.0,28-05-2025 23:41
1766579,Premier,2025-05-28,23:45,West Ham,Southampton,1,1,2,3.0,2.45,3.0,2.45,2.45,3.2,3.0,1-1,10.0,28-05-2025 23:41
1766586,Premier,2025-05-28,23:48,Chelsea,Burnley,4,1,5,2.0,3.75,2.0,3.75,2.0,3.6,3.75,4-1,7.0,28-05-2025 23:41
1766593,Premier,2025-05-28,23:51,Brentford,Southampton,0,0,0,2.62,2.7,2.62,2.7,2.7,3.3,2.62,0-0,8.5,28-05-2025 23:41
1766600,Premier,2025-05-28,23:54,Leeds,Burnley,0,0,0,3.3,2.2,3.3,2.2,2.2,3.4,3.3,0-0,8.5,28-05-2025 23:41
1766607,Premier,2025-05-28,23:57,Southampton,Norwich,1,3,4,2.15,3.4,2.15,3.4,2.15,3.4,3.4,1-3,8.0,28-05-2025 23:41
1766334,Premier,2025-05-28,22:00,Burnley,Chelsea,1,3,4,3.1,2.25,3.1,2.25,3.1,3.5,2.25,1-3,7.0,28-05-2025 23:41
1766343,Premier,2025-05-28,22:03,Brighton,Newcastle,0,1,1,2.62,2.55,2.62,2.55,2.55,3.6,2.62,0-1,6.0,28-05-2025 23:41
1766347,Premier,2025-05-28,22:06,Norwich,Everton,1,0,1,2.4,2.8,2.4,2.8,2.8,3.5,2.4,1-0,7.0,28-05-2025 23:41
1766355,Premier,2025-05-28,22:09,Islington,Palace,0,1,1,3.6,2.05,3.6,2.05,2.05,3.5,3.6,0-1,7.5,28-05-2025 23:41
1766362,Premier,2025-05-28,22:12,West Ham,Newcastle,4,0,4,2.3,3.1,2.3,3.1,2.3,3.4,3.1,4-0,8.0,28-05-2025 23:41
1766369,Premier,2025-05-28,22:15,Palace,Everton,1,1,2,2.55,2.62,2.55,2.62,2.62,3.5,2.55,1-1,7.0,28-05-2025 23:41
1766376,Premier,2025-05-28,22:18,Norwich,Chelsea,1,1,2,2.2,3.2,2.2,3.2,3.2,3.5,2.2,1-1,7.0,28-05-2025 23:41
1766386,Premier,2025-05-28,22:21,Islington,Aston,0,1,1,3.6,2.05,3.6,2.05,2.05,3.5,3.6,0-1,8.0,28-05-2025 23:41
1766390,Premier,2025-05-28,22:24,Liverpool,Southampton,2,0,2,3.3,2.2,3.3,2.2,2.2,3.4,3.3,2-0,8.0,28-05-2025 23:41
1766397,Premier,2025-05-28,22:27,Aston,Newcastle,0,0,0,2.87,2.4,2.87,2.4,2.4,3.5,2.87,0-0,7.0,28-05-2025 23:41
1766404,Premier,2025-05-28,22:30,Watford,Tottenham,2,1,3,3.0,2.4,2.4,3.0,3.0,3.3,2.4,2-1,8.5,28-05-2025 23:41
1766410,Premier,2025-05-28,22:33,Chelsea,Islington,2,1,3,2.45,2.8,2.8,2.45,2.45,3.5,2.8,2-1,7.5,28-05-2025 23:41
1766418,Premier,2025-05-28,22:36,Leeds,West Ham,0,0,0,3.0,2.5,3.0,2.5,2.5,3.1,3.0,0-0,11.0,28-05-2025 23:41
1766425,Premier,2025-05-28,22:39,Southampton,United,0,2,2,2.37,3.0,2.37,3.0,3.0,3.4,2.37,0-2,8.0,28-05-2025 23:41
1766432,Premier,2025-05-28,22:42,West Ham,Palace,0,2,2,3.2,2.3,3.2,2.3,2.3,3.3,3.2,0-2,8.5,28-05-2025 23:41
1766439,Premier,2025-05-28,22:45,Brighton,Watford,0,1,1,2.75,2.5,2.75,2.5,2.5,3.5,2.75,0-1,7.0,28-05-2025 23:41
1766448,Premier,2025-05-28,22:48,Newcastle,Wolverhampton,0,1,1,2.45,2.7,2.45,2.7,2.7,3.6,2.45,0-1,6.0,28-05-2025 23:41
1766452,Premier,2025-05-28,22:51,Chelsea,Leicester,1,1,2,3.2,2.25,3.2,2.25,2.25,3.4,3.2,1-1,7.5,28-05-2025 23:41
1766460,Premier,2025-05-28,22:54,Burnley,Norwich,1,2,3,2.35,2.9,2.9,2.35,2.35,3.5,2.9,1-2,7.0,28-05-2025 23:41
1766467,Premier,2025-05-28,22:57,United,Tottenham,0,0,0,3.25,2.25,3.25,2.25,2.25,3.4,3.25,0-0,8.5,28-05-2025 23:41
1766194,Premier,2025-05-28,21:00,Islington,Tottenham,0,2,2,3.0,2.4,3.0,2.4,2.4,3.3,3.0,0-2,8.5,28-05-2025 23:41
1766201,Premier,2025-05-28,21:03,Norwich,City,2,2,4,3.6,1.98,3.6,1.98,3.6,3.6,1.98,2-2,6.5,28-05-2025 23:41
1766211,Premier,2025-05-28,21:06,Burnley,Leicester,1,0,1,2.5,2.75,2.5,2.75,2.75,3.5,2.5,1-0,7.0,28-05-2025 23:41
1766215,Premier,2025-05-28,21:09,Palace,Liverpool,3,2,5,3.0,2.35,3.0,2.35,3.0,3.5,2.35,3-2,7.0,28-05-2025 23:41
1766222,Premier,2025-05-28,21:12,Islington,Leicester,0,1,1,3.2,2.25,3.2,2.25,2.25,3.4,3.2,0-1,7.5,28-05-2025 23:41
1766229,Premier,2025-05-28,21:15,Brentford,Leeds,2,1,3,2.75,2.62,2.62,2.75,2.75,3.25,2.62,2-1,9.0,28-05-2025 23:41
1766236,Premier,2025-05-28,21:18,Palace,City,1,0,1,2.07,3.4,2.07,3.4,3.4,3.6,2.07,1-0,6.5,28-05-2025 23:41
1766243,Premier,2025-05-28,21:21,Wolverhampton,Chelsea,0,0,0,2.62,2.6,2.62,2.6,2.6,3.5,2.62,0-0,6.5,28-05-2025 23:41
1766250,Premier,2025-05-28,21:24,Burnley,Palace,0,1,1,2.75,2.5,2.75,2.5,2.5,3.5,2.75,0-1,7.0,28-05-2025 23:41
1766257,Premier,2025-05-28,21:27,Liverpool,Leeds,1,1,2,3.4,2.2,3.4,2.2,2.2,3.3,3.4,1-1,9.0,28-05-2025 23:41
1766264,Premier,2025-05-28,21:30,Norwich,Brighton,3,2,5,2.4,2.87,2.4,2.87,2.4,3.6,2.87,3-2,6.5,28-05-2025 23:41
1766271,Premier,2025-05-28,21:33,Palace,Burnley,0,0,0,2.9,2.35,2.9,2.35,2.35,3.5,2.9,0-0,7.0,28-05-2025 23:41
1766278,Premier,2025-05-28,21:36,Liverpool,Leicester,0,0,0,3.2,2.25,3.2,2.25,2.25,3.4,3.2,0-0,7.5,28-05-2025 23:41
1766285,Premier,2025-05-28,21:39,Watford,Brentford,3,1,4,2.45,2.9,2.45,2.9,2.45,3.4,2.9,3-1,8.0,28-05-2025 23:41
1766292,Premier,2025-05-28,21:42,Islington,Everton,2,2,4,2.25,3.1,2.25,3.1,2.25,3.5,3.1,2-2,7.0,28-05-2025 23:41
1766299,Premier,2025-05-28,21:45,Burnley,United,2,0,2,2.15,3.3,2.15,3.3,3.3,3.6,2.15,2-0,7.0,28-05-2025 23:41
1766306,Premier,2025-05-28,21:48,Newcastle,Watford,2,1,3,2.35,2.9,2.9,2.35,2.35,3.5,2.9,2-1,7.0,28-05-2025 23:41
1766313,Premier,2025-05-28,21:51,Brentford,West Ham,3,2,5,2.75,2.62,2.75,2.62,2.75,3.25,2.62,3-2,9.0,28-05-2025 23:41
1766320,Premier,2025-05-28,21:54,City,Leeds,3,1,4,1.98,4.0,1.98,4.0,1.98,3.5,4.0,3-1,8.0,28-05-2025 23:41
1766327,Premier,2025-05-28,21:57,Newcastle,Southampton,1,3,4,2.6,2.7,2.6,2.7,2.6,3.5,2.7,1-3,7.0,28-05-2025 23:41
1767033,Super,2025-05-28,3:01,Montevideo,Asuncion,1,0,1,2.87,2.4,2.87,2.4,2.4,3.5,2.87,1-0,7.0,28-05-2025 23:42
1767041,Super,2025-05-28,3:04,Penarol,Itaquera,1,1,2,2.55,2.8,2.55,2.8,2.8,3.3,2.55,1-1,8.5,28-05-2025 23:42
1767048,Super,2025-05-28,3:07,Santiago,Medellin,2,0,2,2.7,2.6,2.7,2.6,2.6,3.5,2.7,2-0,7.0,28-05-2025 23:42
1767054,Super,2025-05-28,3:10,Porto Alegre,Belo Horizonte,0,2,2,2.3,3.1,2.3,3.1,3.1,3.4,2.3,0-2,8.5,28-05-2025 23:42
1767064,Super,2025-05-28,3:13,Rio de Janeiro,Medellin,0,0,0,4.0,1.95,4.0,1.95,1.95,3.5,4.0,0-0,8.0,28-05-2025 23:42
1767069,Super,2025-05-28,3:16,Buenos Aires,Sao Paulo,2,1,3,2.3,3.0,3.0,2.3,2.3,3.6,3.0,2-1,6.0,28-05-2025 23:42
1767075,Super,2025-05-28,3:19,Belo Horizonte,Medellin,1,1,2,4.2,1.86,4.2,1.86,1.86,3.6,4.2,1-1,7.5,28-05-2025 23:42
1767083,Super,2025-05-28,3:22,Penarol,Lima,0,0,0,3.4,2.15,3.4,2.15,2.15,3.4,3.4,0-0,8.0,28-05-2025 23:42
1767089,Super,2025-05-28,3:25,Quito,La Plata,2,1,3,2.75,2.62,2.62,2.75,2.75,3.25,2.62,2-1,9.0,28-05-2025 23:42
1767096,Super,2025-05-28,3:28,Santos,Guayaquil,2,0,2,3.2,2.25,3.2,2.25,2.25,3.5,3.2,2-0,7.5,28-05-2025 23:42
1767104,Super,2025-05-28,3:31,Montevideo,Agua Branca,3,0,3,3.2,2.2,2.2,3.2,3.2,3.6,2.2,3-0,6.5,28-05-2025 23:42
1767110,Super,2025-05-28,3:34,Avellaneda,Santiago,0,0,0,3.4,2.1,3.4,2.1,2.1,3.6,3.4,0-0,7.0,28-05-2025 23:42
1767118,Super,2025-05-28,3:37,Agua Branca,Medellin,1,2,3,2.0,3.75,3.75,2.0,2.0,3.5,3.75,1-2,7.5,28-05-2025 23:42
1767124,Super,2025-05-28,3:40,Lima,Itaquera,0,2,2,2.2,3.2,2.2,3.2,3.2,3.5,2.2,0-2,7.0,28-05-2025 23:42
1766894,Super,2025-05-28,2:01,Avellaneda,Guayaquil,1,3,4,2.3,3.1,2.3,3.1,2.3,3.5,3.1,1-3,7.0,28-05-2025 23:42
1766900,Super,2025-05-28,2:04,Itaquera,Buenos Aires,1,1,2,2.75,2.5,2.75,2.5,2.5,3.5,2.75,1-1,7.0,28-05-2025 23:42
1766908,Super,2025-05-28,2:07,Bogota,Rio de Janeiro,1,2,3,3.0,2.4,2.4,3.0,3.0,3.3,2.4,1-2,8.5,28-05-2025 23:42
1766917,Super,2025-05-28,2:10,Santiago,Sao Paulo,3,1,4,2.9,2.3,2.9,2.3,2.9,3.6,2.3,3-1,6.0,28-05-2025 23:42
1766921,Super,2025-05-28,2:13,Asuncion,Avellaneda,3,2,5,2.8,2.55,2.8,2.55,2.8,3.4,2.55,3-2,8.0,28-05-2025 23:42
1766928,Super,2025-05-28,2:16,Montevideo,Sao Paulo,2,2,4,2.8,2.4,2.8,2.4,2.8,3.6,2.4,2-2,6.5,28-05-2025 23:42
1766936,Super,2025-05-28,2:19,Asuncion,Agua Branca,1,1,2,2.2,3.2,2.2,3.2,3.2,3.5,2.2,1-1,7.0,28-05-2025 23:42
1766943,Super,2025-05-28,2:22,Santiago,Lima,5,0,5,2.35,2.9,2.35,2.9,2.35,3.6,2.9,5-0,6.5,28-05-2025 23:42
1766949,Super,2025-05-28,2:25,Rio de Janeiro,Quito,3,1,4,2.0,3.75,2.0,3.75,2.0,3.5,3.75,3-1,7.5,28-05-2025 23:42
1766957,Super,2025-05-28,2:28,Asuncion,Santiago,0,0,0,3.0,2.35,3.0,2.35,2.35,3.5,3.0,0-0,7.0,28-05-2025 23:42
1766963,Super,2025-05-28,2:31,Rio de Janeiro,Guayaquil,0,1,1,3.6,2.0,3.6,2.0,2.0,3.6,3.6,0-1,7.0,28-05-2025 23:42
1766970,Super,2025-05-28,2:34,Agua Branca,Lima,2,1,3,1.85,4.2,4.2,1.85,1.85,3.75,4.2,2-1,6.5,28-05-2025 23:42
1766978,Super,2025-05-28,2:37,Belo Horizonte,Sao Paulo,2,3,5,2.05,3.4,2.05,3.4,2.05,3.75,3.4,2-3,6.0,28-05-2025 23:42
1766985,Super,2025-05-28,2:40,Medellin,Quito,0,1,1,2.8,2.5,2.8,2.5,2.5,3.3,2.8,0-1,8.5,28-05-2025 23:42
1766991,Super,2025-05-28,2:43,Guayaquil,Belo Horizonte,2,1,3,3.25,2.15,2.15,3.25,3.25,3.6,2.15,2-1,6.5,28-05-2025 23:42
1766998,Super,2025-05-28,2:46,Lima,La Plata,1,1,2,2.3,3.1,2.3,3.1,3.1,3.4,2.3,1-1,8.5,28-05-2025 23:42
1767005,Super,2025-05-28,2:49,Santos,Medellin,0,0,0,3.4,2.2,3.4,2.2,2.2,3.3,3.4,0-0,9.0,28-05-2025 23:42
1767012,Super,2025-05-28,2:52,Sao Paulo,Guayaquil,1,2,3,2.2,3.1,3.1,2.2,2.2,3.6,3.1,1-2,6.5,28-05-2025 23:42
1767020,Super,2025-05-28,2:55,Quito,Avellaneda,2,1,3,2.6,2.7,2.7,2.6,2.6,3.4,2.7,2-1,8.0,28-05-2025 23:42
1767026,Super,2025-05-28,2:58,Buenos Aires,Bogota,3,4,7,2.2,3.3,2.2,3.3,2.2,3.4,3.3,3-4,8.0,28-05-2025 23:42
1766753,Super,2025-05-28,1:01,Medellin,Sao Paulo,2,0,2,2.5,2.75,2.5,2.75,2.75,3.5,2.5,2-0,7.0,28-05-2025 23:42
1766761,Super,2025-05-28,1:04,Guayaquil,Agua Branca,2,0,2,2.35,2.9,2.35,2.9,2.9,3.6,2.35,2-0,6.5,28-05-2025 23:42
1766767,Super,2025-05-28,1:07,La Boca,Buenos Aires,1,1,2,2.87,2.45,2.87,2.45,2.45,3.5,2.87,1-1,7.5,28-05-2025 23:42
1766774,Super,2025-05-28,1:10,Sao Paulo,Avellaneda,0,2,2,2.9,2.37,2.9,2.37,2.37,3.5,2.9,0-2,7.0,28-05-2025 23:42
1766781,Super,2025-05-28,1:13,Santos,Quito,0,0,0,3.25,2.25,3.25,2.25,2.25,3.4,3.25,0-0,8.5,28-05-2025 23:42
1766789,Super,2025-05-28,1:16,La Plata,Medellin,0,1,1,3.5,2.2,3.5,2.2,2.2,3.25,3.5,0-1,10.0,28-05-2025 23:42
1766796,Super,2025-05-28,1:19,Penarol,Avellaneda,1,0,1,2.75,2.62,2.75,2.62,2.62,3.3,2.75,1-0,8.5,28-05-2025 23:42
1766802,Super,2025-05-28,1:22,Bogota,Medellin,2,0,2,3.25,2.3,3.25,2.3,2.3,3.25,3.25,2-0,10.0,28-05-2025 23:42
1766810,Super,2025-05-28,1:25,Montevideo,Itaquera,1,1,2,2.35,3.0,2.35,3.0,3.0,3.5,2.35,1-1,7.0,28-05-2025 23:42
1766817,Super,2025-05-28,1:28,Penarol,La Boca,0,2,2,2.5,2.9,2.5,2.9,2.9,3.25,2.5,0-2,9.0,28-05-2025 23:42
1766824,Super,2025-05-28,1:31,Santiago,Porto Alegre,0,4,4,2.9,2.45,2.9,2.45,2.9,3.3,2.45,0-4,8.5,28-05-2025 23:42
1766831,Super,2025-05-28,1:34,Itaquera,Bogota,0,1,1,3.3,2.25,3.3,2.25,2.25,3.3,3.3,0-1,9.0,28-05-2025 23:42
1766837,Super,2025-05-28,1:37,Rio de Janeiro,Avellaneda,0,0,0,3.4,2.1,3.4,2.1,2.1,3.5,3.4,0-0,7.5,28-05-2025 23:42
1766844,Super,2025-05-28,1:40,Medellin,Lima,2,1,3,2.2,3.25,3.25,2.2,2.2,3.5,3.25,2-1,7.5,28-05-2025 23:42
1766851,Super,2025-05-28,1:43,Asuncion,Itaquera,0,3,3,3.0,2.37,2.37,3.0,3.0,3.4,2.37,0-3,8.0,28-05-2025 23:42
1766859,Super,2025-05-28,1:46,Montevideo,La Boca,1,1,2,2.3,3.1,2.3,3.1,3.1,3.4,2.3,1-1,7.5,28-05-2025 23:42
1766866,Super,2025-05-28,1:49,Porto Alegre,Asuncion,2,0,2,3.5,2.2,3.5,2.2,2.2,3.25,3.5,2-0,10.0,28-05-2025 23:42
1766872,Super,2025-05-28,1:52,Avellaneda,Rio de Janeiro,0,1,1,2.45,2.9,2.45,2.9,2.9,3.4,2.45,0-1,7.5,28-05-2025 23:42
1766880,Super,2025-05-28,1:55,Agua Branca,Belo Horizonte,1,0,1,2.55,2.7,2.55,2.7,2.7,3.6,2.55,1-0,6.5,28-05-2025 23:42
1766887,Super,2025-05-28,1:58,Porto Alegre,Bogota,2,0,2,3.2,2.4,3.2,2.4,2.4,3.1,3.2,2-0,11.0,28-05-2025 23:42
1766615,Super,2025-05-28,0:01,Agua Branca,Buenos Aires,1,1,2,2.87,2.35,2.87,2.35,2.35,3.6,2.87,1-1,6.5,28-05-2025 23:42
1766624,Super,2025-05-28,0:04,Guayaquil,Quito,1,2,3,2.45,2.87,2.87,2.45,2.45,3.5,2.87,1-2,7.0,28-05-2025 23:42
1766628,Super,2025-05-28,0:07,Belo Horizonte,La Plata,0,0,0,3.6,2.07,3.6,2.07,2.07,3.4,3.6,0-0,8.0,28-05-2025 23:42
1766635,Super,2025-05-28,0:10,Bogota,Asuncion,0,0,0,3.3,2.25,3.3,2.25,2.25,3.3,3.3,0-0,9.0,28-05-2025 23:42
1766642,Super,2025-05-28,0:13,Medellin,Guayaquil,1,1,2,2.8,2.5,2.8,2.5,2.5,3.4,2.8,1-1,7.5,28-05-2025 23:42
1766649,Super,2025-05-28,0:16,Buenos Aires,Montevideo,0,1,1,3.6,2.0,3.6,2.0,2.0,3.75,3.6,0-1,6.5,28-05-2025 23:42
1766656,Super,2025-05-28,0:19,Agua Branca,Guayaquil,2,0,2,3.5,2.05,3.5,2.05,2.05,3.6,3.5,2-0,6.5,28-05-2025 23:42
1766665,Super,2025-05-28,0:22,Itaquera,Porto Alegre,3,0,3,2.35,3.2,3.2,2.35,2.35,3.2,3.2,3-0,10.0,28-05-2025 23:42
1766670,Super,2025-05-28,0:25,Lima,Avellaneda,0,0,0,2.35,3.0,2.35,3.0,3.0,3.5,2.35,0-0,7.0,28-05-2025 23:42
1766677,Super,2025-05-28,0:28,Montevideo,Bogota,0,1,1,2.62,2.7,2.62,2.7,2.7,3.3,2.62,0-1,8.5,28-05-2025 23:42
1766684,Super,2025-05-28,0:31,Avellaneda,Buenos Aires,5,2,7,2.7,2.55,2.7,2.55,2.7,3.5,2.55,5-2,7.0,28-05-2025 23:42
1766690,Super,2025-05-28,0:34,La Boca,Asuncion,0,0,0,3.8,2.0,3.8,2.0,2.0,3.4,3.8,0-0,8.5,28-05-2025 23:42
1766697,Super,2025-05-28,0:37,Belo Horizonte,Santos,1,1,2,3.5,2.07,3.5,2.07,2.07,3.5,3.5,1-1,7.5,28-05-2025 23:42
1766704,Super,2025-05-28,0:40,Asuncion,La Boca,0,3,3,3.1,2.3,2.3,3.1,3.1,3.4,2.3,0-3,8.5,28-05-2025 23:42
1766712,Super,2025-05-28,0:43,Lima,Penarol,0,1,1,2.55,2.8,2.55,2.8,2.8,3.4,2.55,0-1,8.0,28-05-2025 23:42
1766718,Super,2025-05-28,0:46,Guayaquil,Sao Paulo,4,0,4,2.62,2.55,2.62,2.55,2.62,3.6,2.55,4-0,6.5,28-05-2025 23:42
1766725,Super,2025-05-28,0:49,Medellin,Santos,0,1,1,2.55,2.8,2.55,2.8,2.8,3.3,2.55,0-1,8.5,28-05-2025 23:42
1766732,Super,2025-05-28,0:52,La Plata,Belo Horizonte,0,1,1,2.37,3.0,2.37,3.0,3.0,3.4,2.37,0-1,8.0,28-05-2025 23:42
1766740,Super,2025-05-28,0:55,Avellaneda,Agua Branca,0,1,1,2.5,2.8,2.5,2.8,2.8,3.5,2.5,0-1,7.0,28-05-2025 23:42
1766747,Super,2025-05-28,0:58,La Boca,Belo Horizonte,2,1,3,2.8,2.5,2.5,2.8,2.8,3.5,2.5,2-1,7.5,28-05-2025 23:42
1766477,Super,2025-05-28,23:01,Buenos Aires,Porto Alegre,3,1,4,2.25,3.25,2.25,3.25,2.25,3.4,3.25,3-1,8.5,28-05-2025 23:42
1766484,Super,2025-05-28,23:04,La Boca,Bogota,2,3,5,2.2,3.5,2.2,3.5,2.2,3.25,3.5,2-3,10.0,28-05-2025 23:42
1766489,Super,2025-05-28,23:07,Belo Horizonte,Montevideo,3,3,6,1.83,4.2,1.83,4.2,1.83,3.8,4.2,3-3,6.5,28-05-2025 23:42
1766498,Super,2025-05-28,23:10,Penarol,Santos,5,1,6,2.75,2.62,2.75,2.62,2.75,3.25,2.62,5-1,9.0,28-05-2025 23:42
1766505,Super,2025-05-28,23:13,Avellaneda,Sao Paulo,1,0,1,2.75,2.5,2.75,2.5,2.5,3.5,2.75,1-0,7.0,28-05-2025 23:42
1766511,Super,2025-05-28,23:16,Buenos Aires,Santiago,2,1,3,1.95,3.75,3.75,1.95,1.95,3.75,3.75,2-1,6.0,28-05-2025 23:42
1766519,Super,2025-05-28,23:19,La Boca,Guayaquil,1,0,1,3.5,2.1,3.5,2.1,2.1,3.5,3.5,1-0,7.5,28-05-2025 23:42
1766525,Super,2025-05-28,23:22,Belo Horizonte,Penarol,1,0,1,4.0,1.9,4.0,1.9,1.9,3.6,4.0,1-0,8.0,28-05-2025 23:42
1766533,Super,2025-05-28,23:25,Santiago,Itaquera,2,3,5,3.1,2.25,3.1,2.25,3.1,3.5,2.25,2-3,7.0,28-05-2025 23:42
1766540,Super,2025-05-28,23:28,La Boca,Lima,1,1,2,4.2,1.9,4.2,1.9,1.9,3.6,4.2,1-1,7.5,28-05-2025 23:42
1766546,Super,2025-05-28,23:31,Porto Alegre,Quito,1,1,2,3.25,2.3,3.25,2.3,2.3,3.25,3.25,1-1,10.0,28-05-2025 23:42
1766553,Super,2025-05-28,23:34,Penarol,La Plata,3,2,5,2.75,2.7,2.75,2.7,2.75,3.2,2.7,3-2,10.0,28-05-2025 23:42
1766560,Super,2025-05-28,23:37,Rio de Janeiro,La Boca,1,0,1,3.1,2.35,3.1,2.35,2.35,3.4,3.1,1-0,8.0,28-05-2025 23:42
1766568,Super,2025-05-28,23:40,La Plata,Itaquera,0,1,1,2.87,2.55,2.87,2.55,2.55,3.25,2.87,0-1,9.0,28-05-2025 23:42
1766575,Super,2025-05-28,23:43,Medellin,Montevideo,2,0,2,3.0,2.35,3.0,2.35,2.35,3.4,3.0,2-0,7.5,28-05-2025 23:42
1766582,Super,2025-05-28,23:46,Penarol,Santiago,2,1,3,2.2,3.25,3.25,2.2,2.2,3.5,3.25,2-1,7.5,28-05-2025 23:42
1766588,Super,2025-05-28,23:49,La Plata,Quito,1,0,1,3.3,2.25,3.3,2.25,2.25,3.3,3.3,1-0,9.0,28-05-2025 23:42
1766595,Super,2025-05-28,23:52,Santos,Itaquera,0,1,1,2.8,2.55,2.8,2.55,2.55,3.3,2.8,0-1,8.5,28-05-2025 23:42
1766603,Super,2025-05-28,23:55,Montevideo,Lima,0,0,0,3.0,2.25,3.0,2.25,2.25,3.6,3.0,0-0,6.5,28-05-2025 23:42
1766336,Super,2025-05-28,22:01,Buenos Aires,Lima,2,1,3,1.9,4.0,4.0,1.9,1.9,3.75,4.0,2-1,6.5,28-05-2025 23:42
1766342,Super,2025-05-28,22:04,Medellin,La Boca,0,2,2,2.4,3.0,2.4,3.0,3.0,3.3,2.4,0-2,8.5,28-05-2025 23:42
1766350,Super,2025-05-28,22:07,Porto Alegre,Penarol,2,0,2,3.3,2.35,3.3,2.35,2.35,3.1,3.3,2-0,11.0,28-05-2025 23:42
1766357,Super,2025-05-28,22:10,Itaquera,Lima,1,1,2,3.8,1.95,3.8,1.95,1.95,3.6,3.8,1-1,7.5,28-05-2025 23:42
1766367,Super,2025-05-28,22:13,Santiago,Montevideo,1,0,1,2.7,2.45,2.7,2.45,2.45,3.6,2.7,1-0,6.5,28-05-2025 23:42
1766371,Super,2025-05-28,22:16,Bogota,Guayaquil,3,2,5,2.37,3.0,2.37,3.0,2.37,3.4,3.0,3-2,8.5,28-05-2025 23:42
1766379,Super,2025-05-28,22:19,La Plata,Rio de Janeiro,2,0,2,2.55,2.8,2.55,2.8,2.8,3.3,2.55,2-0,8.5,28-05-2025 23:42
1766385,Super,2025-05-28,22:22,Santiago,Guayaquil,1,2,3,2.62,2.55,2.55,2.62,2.62,3.6,2.55,1-2,6.5,28-05-2025 23:42
1766393,Super,2025-05-28,22:25,Penarol,Belo Horizonte,1,2,3,3.3,2.15,2.15,3.3,3.3,3.5,2.15,1-2,7.5,28-05-2025 23:42
1766401,Super,2025-05-28,22:28,Lima,Sao Paulo,0,2,2,2.25,3.0,2.25,3.0,3.0,3.6,2.25,0-2,6.5,28-05-2025 23:42
1766406,Super,2025-05-28,22:31,Agua Branca,Itaquera,0,2,2,3.0,2.3,3.0,2.3,2.3,3.5,3.0,0-2,7.5,28-05-2025 23:42
1766414,Super,2025-05-28,22:34,Belo Horizonte,Rio de Janeiro,1,2,3,2.3,3.0,3.0,2.3,2.3,3.5,3.0,1-2,7.0,28-05-2025 23:42
1766421,Super,2025-05-28,22:37,Buenos Aires,Avellaneda,0,1,1,3.1,2.25,3.1,2.25,2.25,3.5,3.1,0-1,7.0,28-05-2025 23:42
1766427,Super,2025-05-28,22:40,Guayaquil,Asuncion,1,0,1,3.1,2.3,3.1,2.3,2.3,3.5,3.1,1-0,7.0,28-05-2025 23:42
1766435,Super,2025-05-28,22:43,La Plata,Santiago,2,0,2,3.6,2.05,3.6,2.05,2.05,3.5,3.6,2-0,8.0,28-05-2025 23:42
1766441,Super,2025-05-28,22:46,Quito,Porto Alegre,2,1,3,2.7,2.75,2.75,2.7,2.7,3.2,2.75,2-1,10.0,28-05-2025 23:42
1766447,Super,2025-05-28,22:49,Santiago,Santos,1,1,2,2.35,3.0,2.35,3.0,3.0,3.5,2.35,1-1,7.0,28-05-2025 23:42
1766456,Super,2025-05-28,22:52,Rio de Janeiro,Agua Branca,0,1,1,2.9,2.37,2.9,2.37,2.37,3.5,2.9,0-1,7.0,28-05-2025 23:42
1766464,Super,2025-05-28,22:55,Montevideo,Buenos Aires,2,1,3,3.0,2.25,2.25,3.0,3.0,3.6,2.25,2-1,6.5,28-05-2025 23:42
1766470,Super,2025-05-28,22:58,Rio de Janeiro,Santiago,1,2,3,1.85,4.2,4.2,1.85,1.85,3.75,4.2,1-2,6.5,28-05-2025 23:42
1766196,Super,2025-05-28,21:01,Rio de Janeiro,Santos,2,0,2,3.3,2.2,3.3,2.2,2.2,3.4,3.3,2-0,8.0,28-05-2025 23:42
1766203,Super,2025-05-28,21:04,Santiago,Asuncion,0,0,0,2.75,2.5,2.75,2.5,2.5,3.5,2.75,0-0,7.0,28-05-2025 23:42
1766210,Super,2025-05-28,21:07,Bogota,Quito,2,0,2,3.1,2.37,3.1,2.37,2.37,3.25,3.1,2-0,9.0,28-05-2025 23:42
1766218,Super,2025-05-28,21:10,Medellin,Buenos Aires,0,0,0,2.35,3.0,2.35,3.0,3.0,3.5,2.35,0-0,7.0,28-05-2025 23:42
1766225,Super,2025-05-28,21:13,Sao Paulo,Bogota,1,0,1,3.1,2.3,3.1,2.3,2.3,3.4,3.1,1-0,8.0,28-05-2025 23:42
1766231,Super,2025-05-28,21:16,Guayaquil,La Boca,3,0,3,2.9,2.45,2.45,2.9,2.9,3.4,2.45,3-0,7.5,28-05-2025 23:42
1766239,Super,2025-05-28,21:19,Porto Alegre,Agua Branca,3,3,6,2.8,2.55,2.8,2.55,2.8,3.3,2.55,3-3,8.5,28-05-2025 23:42
1766246,Super,2025-05-28,21:22,La Plata,Lima,0,1,1,3.8,1.98,3.8,1.98,1.98,3.5,3.8,0-1,8.5,28-05-2025 23:42
1766252,Super,2025-05-28,21:25,Santiago,Quito,0,4,4,2.62,2.55,2.62,2.55,2.62,3.5,2.55,0-4,7.0,28-05-2025 23:42
1766260,Super,2025-05-28,21:28,Santos,Lima,1,2,3,1.98,3.8,3.8,1.98,1.98,3.5,3.8,1-2,7.5,28-05-2025 23:42
1766267,Super,2025-05-28,21:31,Itaquera,Montevideo,3,0,3,2.05,3.6,3.6,2.05,2.05,3.5,3.6,3-0,7.5,28-05-2025 23:42
1766274,Super,2025-05-28,21:34,Agua Branca,Asuncion,2,0,2,3.8,1.95,3.8,1.95,1.95,3.6,3.8,2-0,7.5,28-05-2025 23:42
1766281,Super,2025-05-28,21:37,Bogota,La Plata,1,1,2,2.8,2.7,2.8,2.7,2.7,3.1,2.8,1-1,11.0,28-05-2025 23:42
1766288,Super,2025-05-28,21:40,Quito,Medellin,3,2,5,2.37,3.0,2.37,3.0,2.37,3.4,3.0,3-2,8.5,28-05-2025 23:42
1766295,Super,2025-05-28,21:43,Penarol,Agua Branca,2,4,6,3.0,2.37,3.0,2.37,3.0,3.4,2.37,2-4,8.0,28-05-2025 23:42
1766301,Super,2025-05-28,21:46,Montevideo,La Plata,0,0,0,2.45,2.9,2.45,2.9,2.9,3.3,2.45,0-0,8.5,28-05-2025 23:42
1766309,Super,2025-05-28,21:49,Itaquera,La Boca,2,3,5,2.55,2.8,2.55,2.8,2.55,3.3,2.8,2-3,8.5,28-05-2025 23:42
1766316,Super,2025-05-28,21:52,Penarol,Montevideo,0,1,1,3.1,2.3,3.1,2.3,2.3,3.4,3.1,0-1,8.0,28-05-2025 23:42
1766323,Super,2025-05-28,21:55,Quito,Santos,1,0,1,2.62,2.7,2.62,2.7,2.7,3.3,2.62,1-0,8.5,28-05-2025 23:42
1766329,Super,2025-05-28,21:58,Medellin,Penarol,1,0,1,2.87,2.55,2.87,2.55,2.55,3.25,2.87,1-0,9.0,28-05-2025 23:42
1767036,Euro,2025-05-28,3:02,França,Bélgica,4,0,4,2.25,3.1,2.25,3.1,2.25,3.6,3.1,4-0,6.5,28-05-2025 23:42
1767043,Euro,2025-05-28,3:05,República Tcheca,Inglaterra,0,0,0,2.37,3.0,2.37,3.0,3.0,3.4,2.37,0-0,8.0,28-05-2025 23:42
1767050,Euro,2025-05-28,3:08,Turquia,Croácia,4,1,5,2.55,2.8,2.55,2.8,2.55,3.3,2.8,4-1,8.5,28-05-2025 23:42
1767057,Euro,2025-05-28,3:11,Geórgia,Ucrânia,1,1,2,2.62,2.7,2.62,2.7,2.7,3.3,2.62,1-1,8.5,28-05-2025 23:42
1767063,Euro,2025-05-28,3:14,França,Turquia,1,0,1,3.4,2.15,3.4,2.15,2.15,3.5,3.4,1-0,8.0,28-05-2025 23:42
1767071,Euro,2025-05-28,3:17,Inglaterra,República Tcheca,0,0,0,3.6,2.07,3.6,2.07,2.07,3.4,3.6,0-0,8.0,28-05-2025 23:42
1767078,Euro,2025-05-28,3:20,Romênia,Albânia,1,0,1,2.9,2.5,2.9,2.5,2.5,3.3,2.9,1-0,9.0,28-05-2025 23:42
1767085,Euro,2025-05-28,3:23,Inglaterra,Eslováquia,1,2,3,1.9,4.0,4.0,1.9,1.9,3.6,4.0,1-2,7.0,28-05-2025 23:42
1767095,Euro,2025-05-28,3:26,Suíça,Turquia,1,0,1,2.87,2.45,2.87,2.45,2.45,3.4,2.87,1-0,8.0,28-05-2025 23:42
1767099,Euro,2025-05-28,3:29,Hungria,Eslováquia,0,0,0,3.25,2.25,3.25,2.25,2.25,3.4,3.25,0-0,8.5,28-05-2025 23:42
1767106,Euro,2025-05-28,3:32,Alemanha,República Tcheca,1,2,3,2.15,3.5,3.5,2.15,2.15,3.4,3.5,1-2,8.5,28-05-2025 23:42
1767113,Euro,2025-05-28,3:35,Hungria,Países Baixos,3,0,3,2.6,2.7,2.7,2.6,2.6,3.5,2.7,3-0,7.0,28-05-2025 23:42
1767120,Euro,2025-05-28,3:38,Turquia,Escócia,1,2,3,2.37,3.0,3.0,2.37,2.37,3.3,3.0,1-2,8.5,28-05-2025 23:42
1767127,Euro,2025-05-28,3:41,Albânia,Sérvia,1,0,1,2.8,2.7,2.8,2.7,2.7,3.1,2.8,1-0,11.0,28-05-2025 23:42
1766896,Euro,2025-05-28,2:02,Polônia,Turquia,1,0,1,2.75,2.7,2.75,2.7,2.7,3.2,2.75,1-0,10.0,28-05-2025 23:42
1766903,Euro,2025-05-28,2:05,Alemanha,Romênia,2,1,3,2.05,3.5,3.5,2.05,2.05,3.6,3.5,2-1,6.5,28-05-2025 23:42
1766910,Euro,2025-05-28,2:08,Croácia,Polônia,2,1,3,2.25,3.25,3.25,2.25,2.25,3.4,3.25,2-1,8.5,28-05-2025 23:42
1766916,Euro,2025-05-28,2:11,Eslováquia,Hungria,0,0,0,2.62,2.7,2.62,2.7,2.7,3.3,2.62,0-0,8.5,28-05-2025 23:42
1766923,Euro,2025-05-28,2:14,Eslovênia,Ucrânia,1,1,2,3.0,2.45,3.0,2.45,2.45,3.2,3.0,1-1,10.0,28-05-2025 23:42
1766931,Euro,2025-05-28,2:17,Itália,Turquia,1,0,1,3.1,2.35,3.1,2.35,2.35,3.3,3.1,1-0,9.0,28-05-2025 23:42
1766938,Euro,2025-05-28,2:20,Inglaterra,Croácia,0,1,1,3.2,2.2,3.2,2.2,2.2,3.6,3.2,0-1,7.0,28-05-2025 23:42
1766945,Euro,2025-05-28,2:23,Sérvia,Turquia,2,3,5,2.5,3.0,2.5,3.0,2.5,3.2,3.0,2-3,10.0,28-05-2025 23:42
1766952,Euro,2025-05-28,2:26,Croácia,Áustria,1,2,3,2.37,3.0,3.0,2.37,2.37,3.4,3.0,1-2,7.5,28-05-2025 23:42
1766959,Euro,2025-05-28,2:29,Hungria,Escócia,1,1,2,2.9,2.45,2.9,2.45,2.45,3.4,2.9,1-1,8.0,28-05-2025 23:42
1766966,Euro,2025-05-28,2:32,Eslovênia,Países Baixos,2,1,3,2.7,2.62,2.62,2.7,2.7,3.3,2.62,2-1,8.5,28-05-2025 23:42
1766973,Euro,2025-05-28,2:35,Ucrânia,Albânia,1,0,1,3.0,2.5,3.0,2.5,2.5,3.2,3.0,1-0,10.0,28-05-2025 23:42
1766980,Euro,2025-05-28,2:38,Espanha,Bélgica,3,3,6,2.37,2.87,2.37,2.87,2.37,3.6,2.87,3-3,6.5,28-05-2025 23:42
1766987,Euro,2025-05-28,2:41,Geórgia,Polônia,0,0,0,2.62,2.75,2.62,2.75,2.75,3.25,2.62,0-0,9.0,28-05-2025 23:42
1766994,Euro,2025-05-28,2:44,República Tcheca,Eslovênia,0,1,1,3.2,2.45,3.2,2.45,2.45,3.1,3.2,0-1,11.0,28-05-2025 23:42
1767001,Euro,2025-05-28,2:47,Hungria,Croácia,1,2,3,2.62,2.7,2.7,2.62,2.62,3.4,2.7,1-2,8.0,28-05-2025 23:42
1767007,Euro,2025-05-28,2:50,Albânia,Portugal,2,2,4,2.9,2.5,2.9,2.5,2.9,3.25,2.5,2-2,9.0,28-05-2025 23:42
1767015,Euro,2025-05-28,2:53,Hungria,Suíça,0,1,1,2.75,2.5,2.75,2.5,2.5,3.4,2.75,0-1,7.5,28-05-2025 23:42
1767022,Euro,2025-05-28,2:56,Sérvia,Escócia,3,2,5,2.37,3.0,2.37,3.0,2.37,3.3,3.0,3-2,8.5,28-05-2025 23:42
1767029,Euro,2025-05-28,2:59,Portugal,Eslovênia,1,1,2,3.6,2.15,3.6,2.15,2.15,3.3,3.6,1-1,9.0,28-05-2025 23:42
1766756,Euro,2025-05-28,1:02,Dinamarca,Geórgia,4,0,4,2.05,3.75,2.05,3.75,2.05,3.4,3.75,4-0,9.0,28-05-2025 23:42
1766763,Euro,2025-05-28,1:05,Países Baixos,Inglaterra,1,2,3,2.75,2.45,2.45,2.75,2.75,3.6,2.45,1-2,6.0,28-05-2025 23:42
1766770,Euro,2025-05-28,1:08,Polônia,Albânia,2,0,2,3.0,2.5,3.0,2.5,2.5,3.1,3.0,2-0,11.0,28-05-2025 23:42
1766777,Euro,2025-05-28,1:11,Croácia,Portugal,2,0,2,2.62,2.62,2.62,2.62,2.62,3.5,2.62,2-0,7.5,28-05-2025 23:42
1766784,Euro,2025-05-28,1:14,Geórgia,Albânia,0,2,2,2.7,2.75,2.7,2.75,2.75,3.2,2.7,0-2,10.0,28-05-2025 23:42
1766791,Euro,2025-05-28,1:17,Alemanha,França,3,0,3,2.5,2.7,2.7,2.5,2.5,3.6,2.7,3-0,6.5,28-05-2025 23:42
1766798,Euro,2025-05-28,1:20,Eslováquia,Turquia,0,3,3,2.8,2.55,2.55,2.8,2.8,3.3,2.55,0-3,8.5,28-05-2025 23:42
1766805,Euro,2025-05-28,1:23,Áustria,Alemanha,0,1,1,2.5,2.8,2.5,2.8,2.8,3.5,2.5,0-1,7.5,28-05-2025 23:42
1766812,Euro,2025-05-28,1:26,Geórgia,Eslovênia,0,0,0,2.7,2.75,2.7,2.75,2.75,3.2,2.7,0-0,10.0,28-05-2025 23:42
1766819,Euro,2025-05-28,1:29,Turquia,Alemanha,0,1,1,2.5,2.8,2.5,2.8,2.8,3.4,2.5,0-1,8.0,28-05-2025 23:42
1766826,Euro,2025-05-28,1:32,Albânia,Dinamarca,3,1,4,2.75,2.7,2.75,2.7,2.75,3.2,2.7,3-1,10.0,28-05-2025 23:42
1766833,Euro,2025-05-28,1:35,Países Baixos,Eslovênia,2,1,3,2.25,3.25,3.25,2.25,2.25,3.4,3.25,2-1,8.5,28-05-2025 23:42
1766841,Euro,2025-05-28,1:38,França,Geórgia,2,1,3,1.86,4.2,4.2,1.86,1.86,3.6,4.2,2-1,7.5,28-05-2025 23:42
1766847,Euro,2025-05-28,1:41,Itália,Eslováquia,2,0,2,3.6,2.05,3.6,2.05,2.05,3.5,3.6,2-0,8.0,28-05-2025 23:42
1766853,Euro,2025-05-28,1:44,Geórgia,Hungria,0,1,1,2.55,2.8,2.55,2.8,2.8,3.3,2.55,0-1,8.5,28-05-2025 23:42
1766861,Euro,2025-05-28,1:47,Albânia,Escócia,1,1,2,2.87,2.55,2.87,2.55,2.55,3.25,2.87,1-1,9.0,28-05-2025 23:42
1766868,Euro,2025-05-28,1:50,Áustria,República Tcheca,1,1,2,3.1,2.4,3.1,2.4,2.4,3.25,3.1,1-1,9.0,28-05-2025 23:42
1766876,Euro,2025-05-28,1:53,Suíça,Eslovênia,0,2,2,3.1,2.35,3.1,2.35,2.35,3.3,3.1,0-2,9.0,28-05-2025 23:42
1766882,Euro,2025-05-28,1:56,Países Baixos,Áustria,4,0,4,2.37,2.9,2.37,2.9,2.37,3.5,2.9,4-0,7.0,28-05-2025 23:42
1766889,Euro,2025-05-28,1:59,República Tcheca,França,0,0,0,2.37,3.0,2.37,3.0,3.0,3.4,2.37,0-0,8.0,28-05-2025 23:42
1766617,Euro,2025-05-28,0:02,Sérvia,Eslováquia,1,0,1,3.4,2.2,3.4,2.2,2.2,3.3,3.4,1-0,9.0,28-05-2025 23:42
1766623,Euro,2025-05-28,0:05,Romênia,França,1,2,3,3.0,2.25,2.25,3.0,3.0,3.6,2.25,1-2,6.5,28-05-2025 23:42
1766630,Euro,2025-05-28,0:08,Turquia,Sérvia,1,0,1,3.0,2.5,3.0,2.5,2.5,3.2,3.0,1-0,10.0,28-05-2025 23:42
1766638,Euro,2025-05-28,0:11,Itália,Áustria,4,2,6,2.3,3.1,2.3,3.1,2.3,3.4,3.1,4-2,8.0,28-05-2025 23:42
1766644,Euro,2025-05-28,0:14,Geórgia,Romênia,1,1,2,2.6,2.7,2.6,2.7,2.7,3.4,2.6,1-1,7.5,28-05-2025 23:42
1766651,Euro,2025-05-28,0:17,Portugal,Eslováquia,2,0,2,3.75,2.0,3.75,2.0,2.0,3.5,3.75,2-0,7.5,28-05-2025 23:42
1766657,Euro,2025-05-28,0:20,Alemanha,Sérvia,3,3,6,2.2,3.3,2.2,3.3,2.2,3.4,3.3,3-3,8.0,28-05-2025 23:42
1766664,Euro,2025-05-28,0:23,Escócia,Itália,2,1,3,2.7,2.6,2.6,2.7,2.7,3.4,2.6,2-1,7.5,28-05-2025 23:42
1766672,Euro,2025-05-28,0:26,Espanha,Alemanha,1,3,4,2.5,2.7,2.5,2.7,2.5,3.6,2.7,1-3,6.5,28-05-2025 23:42
1766679,Euro,2025-05-28,0:29,Inglaterra,Hungria,1,1,2,3.5,2.07,3.5,2.07,2.07,3.5,3.5,1-1,7.5,28-05-2025 23:42
1766686,Euro,2025-05-28,0:32,Espanha,Suíça,3,1,4,2.25,3.1,2.25,3.1,2.25,3.6,3.1,3-1,6.5,28-05-2025 23:42
1766693,Euro,2025-05-28,0:35,Geórgia,Croácia,0,0,0,2.37,3.0,2.37,3.0,3.0,3.4,2.37,0-0,8.0,28-05-2025 23:42
1766700,Euro,2025-05-28,0:38,Eslováquia,Alemanha,0,1,1,2.2,3.2,2.2,3.2,3.2,3.5,2.2,0-1,7.0,28-05-2025 23:42
1766707,Euro,2025-05-28,0:41,Hungria,Sérvia,0,0,0,2.87,2.55,2.87,2.55,2.55,3.25,2.87,0-0,9.0,28-05-2025 23:42
1766714,Euro,2025-05-28,0:44,Inglaterra,Portugal,0,0,0,3.0,2.3,3.0,2.3,2.3,3.5,3.0,0-0,7.0,28-05-2025 23:42
1766721,Euro,2025-05-28,0:47,Croácia,Itália,0,0,0,2.75,2.55,2.75,2.55,2.55,3.4,2.75,0-0,7.5,28-05-2025 23:42
1766728,Euro,2025-05-28,0:50,Suíça,França,0,4,4,2.87,2.37,2.87,2.37,2.87,3.6,2.37,0-4,6.5,28-05-2025 23:42
1766735,Euro,2025-05-28,0:53,Turquia,Áustria,3,1,4,2.45,2.9,2.45,2.9,2.45,3.3,2.9,3-1,9.0,28-05-2025 23:42
1766742,Euro,2025-05-28,0:56,Dinamarca,Sérvia,1,0,1,3.1,2.4,3.1,2.4,2.4,3.25,3.1,1-0,9.0,28-05-2025 23:42
1766749,Euro,2025-05-28,0:59,Ucrânia,Escócia,1,0,1,2.75,2.5,2.75,2.5,2.5,3.4,2.75,1-0,7.5,28-05-2025 23:42
1766479,Euro,2025-05-28,23:02,Suíça,Portugal,2,1,3,2.7,2.55,2.55,2.7,2.7,3.5,2.55,2-1,7.0,28-05-2025 23:42
1766485,Euro,2025-05-28,23:05,Bélgica,República Tcheca,1,2,3,2.25,3.25,3.25,2.25,2.25,3.4,3.25,1-2,8.5,28-05-2025 23:42
1766493,Euro,2025-05-28,23:08,Suíça,Alemanha,3,2,5,2.75,2.45,2.75,2.45,2.75,3.5,2.45,3-2,6.5,28-05-2025 23:42
1766500,Euro,2025-05-28,23:11,Itália,Portugal,3,2,5,2.55,2.75,2.55,2.75,2.55,3.4,2.75,3-2,7.5,28-05-2025 23:42
1766508,Euro,2025-05-28,23:14,Albânia,Romênia,0,1,1,2.9,2.45,2.9,2.45,2.45,3.3,2.9,0-1,8.5,28-05-2025 23:42
1766514,Euro,2025-05-28,23:17,Áustria,Ucrânia,0,2,2,3.1,2.3,3.1,2.3,2.3,3.4,3.1,0-2,8.0,28-05-2025 23:42
1766521,Euro,2025-05-28,23:20,Romênia,Países Baixos,1,1,2,2.55,2.62,2.55,2.62,2.62,3.6,2.55,1-1,6.5,28-05-2025 23:42
1766528,Euro,2025-05-28,23:23,Polônia,Espanha,2,0,2,2.45,2.87,2.45,2.87,2.87,3.4,2.45,2-0,7.5,28-05-2025 23:42
1766535,Euro,2025-05-28,23:26,Suíça,Geórgia,1,4,5,2.1,3.5,2.1,3.5,2.1,3.5,3.5,1-4,7.5,28-05-2025 23:42
1766542,Euro,2025-05-28,23:29,Polônia,Croácia,1,0,1,2.62,2.7,2.62,2.7,2.7,3.3,2.62,1-0,8.5,28-05-2025 23:42
1766549,Euro,2025-05-28,23:32,Geórgia,Turquia,1,1,2,2.5,2.9,2.5,2.9,2.9,3.25,2.5,1-1,9.0,28-05-2025 23:42
1766556,Euro,2025-05-28,23:35,República Tcheca,Áustria,0,0,0,2.87,2.55,2.87,2.55,2.55,3.25,2.87,0-0,9.0,28-05-2025 23:42
1766563,Euro,2025-05-28,23:38,Croácia,Ucrânia,0,3,3,2.25,3.2,3.2,2.25,2.25,3.4,3.2,0-3,7.5,28-05-2025 23:42
1766570,Euro,2025-05-28,23:41,Portugal,República Tcheca,1,0,1,3.4,2.2,3.4,2.2,2.2,3.3,3.4,1-0,9.0,28-05-2025 23:42
1766577,Euro,2025-05-28,23:44,França,Países Baixos,1,0,1,3.2,2.15,3.2,2.15,2.15,3.6,3.2,1-0,6.0,28-05-2025 23:42
1766584,Euro,2025-05-28,23:47,Geórgia,Eslováquia,1,3,4,2.5,2.8,2.5,2.8,2.5,3.3,2.8,1-3,8.5,28-05-2025 23:42
1766591,Euro,2025-05-28,23:50,Escócia,Romênia,2,1,3,2.35,2.9,2.9,2.35,2.35,3.5,2.9,2-1,7.0,28-05-2025 23:42
1766598,Euro,2025-05-28,23:53,Croácia,Bélgica,3,0,3,2.5,2.75,2.75,2.5,2.5,3.5,2.75,3-0,7.0,28-05-2025 23:42
1766605,Euro,2025-05-28,23:56,Portugal,Suíça,0,2,2,3.1,2.25,3.1,2.25,2.25,3.5,3.1,0-2,7.0,28-05-2025 23:42
1766338,Euro,2025-05-28,22:02,Eslovênia,Eslováquia,1,1,2,3.25,2.3,3.25,2.3,2.3,3.25,3.25,1-1,10.0,28-05-2025 23:42
1766346,Euro,2025-05-28,22:05,Croácia,República Tcheca,2,1,3,2.35,3.1,3.1,2.35,2.35,3.3,3.1,2-1,9.0,28-05-2025 23:42
1766353,Euro,2025-05-28,22:08,Dinamarca,Áustria,0,3,3,2.4,3.0,3.0,2.4,2.4,3.3,3.0,0-3,8.5,28-05-2025 23:42
1766361,Euro,2025-05-28,22:11,Bélgica,Eslovênia,1,0,1,3.4,2.2,3.4,2.2,2.2,3.3,3.4,1-0,9.0,28-05-2025 23:42
1766366,Euro,2025-05-28,22:14,Croácia,Hungria,1,0,1,3.1,2.3,3.1,2.3,2.3,3.4,3.1,1-0,8.0,28-05-2025 23:42
1766374,Euro,2025-05-28,22:17,Bélgica,Dinamarca,2,3,5,2.4,3.0,2.4,3.0,2.4,3.4,3.0,2-3,7.5,28-05-2025 23:42
1766381,Euro,2025-05-28,22:20,Portugal,Polônia,2,1,3,2.15,3.5,3.5,2.15,2.15,3.4,3.5,2-1,8.5,28-05-2025 23:42
1766388,Euro,2025-05-28,22:23,República Tcheca,Geórgia,3,1,4,2.2,3.5,2.2,3.5,2.2,3.25,3.5,3-1,10.0,28-05-2025 23:42
1766395,Euro,2025-05-28,22:26,Turquia,Suíça,0,1,1,2.9,2.45,2.9,2.45,2.45,3.4,2.9,0-1,8.0,28-05-2025 23:42
1766400,Euro,2025-05-28,22:29,Bélgica,Geórgia,0,1,1,3.75,2.0,3.75,2.0,2.0,3.5,3.75,0-1,7.5,28-05-2025 23:42
1766409,Euro,2025-05-28,22:32,Turquia,Itália,0,3,3,2.62,2.7,2.7,2.62,2.62,3.3,2.7,0-3,9.0,28-05-2025 23:42
1766416,Euro,2025-05-28,22:35,Escócia,França,1,1,2,2.3,3.0,2.3,3.0,3.0,3.6,2.3,1-1,6.5,28-05-2025 23:42
1766423,Euro,2025-05-28,22:38,Turquia,República Tcheca,0,0,0,3.1,2.4,3.1,2.4,2.4,3.2,3.1,0-0,10.0,28-05-2025 23:42
1766430,Euro,2025-05-28,22:41,Espanha,Polônia,1,2,3,2.15,3.4,3.4,2.15,2.15,3.5,3.4,1-2,7.5,28-05-2025 23:42
1766437,Euro,2025-05-28,22:44,Croácia,Romênia,1,1,2,3.1,2.25,3.1,2.25,2.25,3.5,3.1,1-1,7.0,28-05-2025 23:42
1766443,Euro,2025-05-28,22:47,Eslovênia,Dinamarca,1,1,2,2.7,2.75,2.7,2.75,2.75,3.2,2.7,1-1,10.0,28-05-2025 23:42
1766451,Euro,2025-05-28,22:50,Países Baixos,Romênia,0,1,1,3.1,2.25,3.1,2.25,2.25,3.6,3.1,0-1,6.5,28-05-2025 23:42
1766458,Euro,2025-05-28,22:53,Croácia,Eslováquia,1,2,3,2.1,3.5,3.5,2.1,2.1,3.5,3.5,1-2,7.5,28-05-2025 23:42
1766465,Euro,2025-05-28,22:56,Bélgica,Polônia,2,2,4,2.2,3.3,2.2,3.3,2.2,3.4,3.3,2-2,8.0,28-05-2025 23:42
1766472,Euro,2025-05-28,22:59,França,Eslovênia,4,1,5,2.02,3.8,2.02,3.8,2.02,3.4,3.8,4-1,8.5,28-05-2025 23:42
1766198,Euro,2025-05-28,21:02,Romênia,Inglaterra,2,1,3,3.0,2.25,2.25,3.0,3.0,3.6,2.25,2-1,6.5,28-05-2025 23:42
1766206,Euro,2025-05-28,21:05,Alemanha,Albânia,0,0,0,3.75,2.07,3.75,2.07,2.07,3.4,3.75,0-0,9.0,28-05-2025 23:42
1766213,Euro,2025-05-28,21:08,Portugal,Ucrânia,2,3,5,2.1,3.4,2.1,3.4,2.1,3.5,3.4,2-3,7.5,28-05-2025 23:42
1766220,Euro,2025-05-28,21:11,Bélgica,Hungria,0,3,3,2.25,3.2,3.2,2.25,2.25,3.4,3.2,0-3,7.5,28-05-2025 23:42
1766227,Euro,2025-05-28,21:14,Suíça,Ucrânia,2,0,2,3.0,2.3,3.0,2.3,2.3,3.5,3.0,2-0,7.5,28-05-2025 23:42
1766234,Euro,2025-05-28,21:17,Espanha,Escócia,0,0,0,3.2,2.2,3.2,2.2,2.2,3.6,3.2,0-0,7.0,28-05-2025 23:42
1766241,Euro,2025-05-28,21:20,Inglaterra,Geórgia,1,0,1,4.2,1.86,4.2,1.86,1.86,3.6,4.2,1-0,7.5,28-05-2025 23:42
1766248,Euro,2025-05-28,21:23,Sérvia,Portugal,1,0,1,2.62,2.7,2.62,2.7,2.7,3.3,2.62,1-0,8.5,28-05-2025 23:42
1766255,Euro,2025-05-28,21:26,Bélgica,Albânia,0,1,1,3.4,2.2,3.4,2.2,2.2,3.3,3.4,0-1,9.0,28-05-2025 23:42
1766262,Euro,2025-05-28,21:29,Eslovênia,Hungria,1,1,2,2.9,2.55,2.9,2.55,2.55,3.2,2.9,1-1,10.0,28-05-2025 23:42
1766269,Euro,2025-05-28,21:32,Polônia,Geórgia,1,1,2,3.3,2.25,3.3,2.25,2.25,3.3,3.3,1-1,9.0,28-05-2025 23:42
1766276,Euro,2025-05-28,21:35,Hungria,Inglaterra,0,2,2,2.35,3.0,2.35,3.0,3.0,3.5,2.35,0-2,7.0,28-05-2025 23:42
1766283,Euro,2025-05-28,21:38,Países Baixos,Albânia,3,0,3,2.25,3.25,3.25,2.25,2.25,3.4,3.25,3-0,8.5,28-05-2025 23:42
1766290,Euro,2025-05-28,21:41,Eslovênia,Geórgia,0,2,2,3.4,2.25,3.4,2.25,2.25,3.2,3.4,0-2,10.0,28-05-2025 23:42
1766297,Euro,2025-05-28,21:44,Alemanha,Escócia,1,0,1,3.4,2.1,3.4,2.1,2.1,3.6,3.4,1-0,7.0,28-05-2025 23:42
1766304,Euro,2025-05-28,21:47,Países Baixos,Ucrânia,0,1,1,3.1,2.25,3.1,2.25,2.25,3.5,3.1,0-1,7.0,28-05-2025 23:42
1766311,Euro,2025-05-28,21:50,Alemanha,Itália,0,0,0,3.0,2.3,3.0,2.3,2.3,3.5,3.0,0-0,7.5,28-05-2025 23:42
1766318,Euro,2025-05-28,21:53,Romênia,Ucrânia,1,0,1,2.87,2.45,2.87,2.45,2.45,3.5,2.87,1-0,7.5,28-05-2025 23:42
1766325,Euro,2025-05-28,21:56,Bélgica,Itália,0,0,0,2.8,2.45,2.8,2.45,2.45,3.5,2.8,0-0,7.5,28-05-2025 23:42
1766332,Euro,2025-05-28,21:59,Áustria,Croácia,1,2,3,2.55,2.75,2.75,2.55,2.55,3.4,2.75,1-2,7.5,28-05-2025 23:42
1767035,Copa,2025-05-28,3:01,Canadá,Gana,0,1,1,2.8,2.5,2.8,2.5,2.5,3.4,2.8,0-1,7.5,28-05-2025 23:42
1767040,Copa,2025-05-28,3:04,México,Austrália,3,4,7,2.15,3.3,2.15,3.3,2.15,3.5,3.3,3-4,7.0,28-05-2025 23:42
1767047,Copa,2025-05-28,3:07,Costa Rica,Bélgica,0,1,1,2.15,3.3,2.15,3.3,3.3,3.5,2.15,0-1,7.5,28-05-2025 23:42
1767055,Copa,2025-05-28,3:10,Portugal,Irã,2,0,2,4.0,1.9,4.0,1.9,1.9,3.75,4.0,2-0,6.5,28-05-2025 23:42
1767061,Copa,2025-05-28,3:13,Arábia Saudita,Austrália,4,2,6,2.55,2.62,2.55,2.62,2.55,3.6,2.62,4-2,6.5,28-05-2025 23:42
1767068,Copa,2025-05-28,3:16,Inglaterra,Suíça,3,1,4,2.1,3.4,2.1,3.4,2.1,3.6,3.4,3-1,7.0,28-05-2025 23:42
1767076,Copa,2025-05-28,3:19,Sérvia,Equador,1,1,2,3.1,2.37,3.1,2.37,2.37,3.25,3.1,1-1,9.0,28-05-2025 23:42
1767082,Copa,2025-05-28,3:22,Costa Rica,Países Baixos,0,2,2,2.2,3.2,2.2,3.2,3.2,3.5,2.2,0-2,7.0,28-05-2025 23:42
1767092,Copa,2025-05-28,3:25,Sérvia,Argentina,0,0,0,2.5,2.9,2.5,2.9,2.9,3.25,2.5,0-0,9.0,28-05-2025 23:42
1767098,Copa,2025-05-28,3:28,Marrocos,Equador,3,2,5,2.5,2.8,2.5,2.8,2.5,3.4,2.8,3-2,7.5,28-05-2025 23:42
1767103,Copa,2025-05-28,3:31,Dinamarca,Costa Rica,1,0,1,3.75,2.0,3.75,2.0,2.0,3.6,3.75,1-0,7.0,28-05-2025 23:42
1767112,Copa,2025-05-28,3:34,Portugal,Bélgica,1,1,2,2.7,2.55,2.7,2.55,2.55,3.5,2.7,1-1,7.0,28-05-2025 23:42
1767117,Copa,2025-05-28,3:37,Gana,Uruguai,2,0,2,2.5,2.75,2.5,2.75,2.75,3.5,2.5,2-0,7.0,28-05-2025 23:42
1767126,Copa,2025-05-28,3:40,Marrocos,Espanha,1,1,2,2.25,3.1,2.25,3.1,3.1,3.5,2.25,1-1,7.0,28-05-2025 23:42
1766893,Copa,2025-05-28,2:01,Argentina,Portugal,0,1,1,3.0,2.3,3.0,2.3,2.3,3.6,3.0,0-1,6.5,28-05-2025 23:42
1766901,Copa,2025-05-28,2:04,EUA,França,1,2,3,3.0,2.4,2.4,3.0,3.0,3.3,2.4,1-2,8.5,28-05-2025 23:42
1766907,Copa,2025-05-28,2:07,Suíça,Países Baixos,1,2,3,2.6,2.62,2.62,2.6,2.6,3.5,2.62,1-2,7.5,28-05-2025 23:42
1766914,Copa,2025-05-28,2:10,Costa Rica,Austrália,2,2,4,2.5,2.75,2.5,2.75,2.5,3.5,2.75,2-2,7.0,28-05-2025 23:42
1766925,Copa,2025-05-28,2:13,Dinamarca,Alemanha,2,0,2,2.62,2.6,2.62,2.6,2.6,3.5,2.62,2-0,6.5,28-05-2025 23:42
1766930,Copa,2025-05-28,2:16,México,Marrocos,1,1,2,3.1,2.3,3.1,2.3,2.3,3.4,3.1,1-1,8.0,28-05-2025 23:42
1766935,Copa,2025-05-28,2:19,Qatar,Sérvia,0,1,1,2.6,2.87,2.6,2.87,2.87,3.2,2.6,0-1,10.0,28-05-2025 23:42
1766942,Copa,2025-05-28,2:22,França,México,3,1,4,2.07,3.5,2.07,3.5,2.07,3.5,3.5,3-1,7.5,28-05-2025 23:42
1766951,Copa,2025-05-28,2:25,Argentina,Uruguai,0,0,0,3.3,2.2,3.3,2.2,2.2,3.5,3.3,0-0,7.5,28-05-2025 23:42
1766956,Copa,2025-05-28,2:28,Senegal,Irã,0,0,0,3.8,1.98,3.8,1.98,1.98,3.5,3.8,0-0,8.5,28-05-2025 23:42
1766964,Copa,2025-05-28,2:31,Inglaterra,Arábia Saudita,1,0,1,4.5,1.76,4.5,1.76,1.76,3.8,4.5,1-0,6.5,28-05-2025 23:42
1766972,Copa,2025-05-28,2:34,Coreia do Sul,Qatar,3,0,3,2.45,2.9,2.9,2.45,2.45,3.4,2.9,3-0,8.0,28-05-2025 23:42
1766977,Copa,2025-05-28,2:37,Equador,Marrocos,4,1,5,2.37,3.0,2.37,3.0,2.37,3.4,3.0,4-1,7.5,28-05-2025 23:42
1766984,Copa,2025-05-28,2:40,Camarões,Coreia do Sul,1,1,2,2.87,2.4,2.87,2.4,2.4,3.5,2.87,1-1,7.0,28-05-2025 23:42
1766990,Copa,2025-05-28,2:43,Brasil,Irã,4,2,6,1.72,4.75,1.72,4.75,1.72,3.8,4.75,4-2,6.5,28-05-2025 23:42
1766999,Copa,2025-05-28,2:46,Croácia,Polônia,1,2,3,2.3,3.2,3.2,2.3,2.3,3.3,3.2,1-2,9.0,28-05-2025 23:42
1767009,Copa,2025-05-28,2:49,França,Senegal,0,0,0,3.5,2.15,3.5,2.15,2.15,3.4,3.5,0-0,8.5,28-05-2025 23:42
1767013,Copa,2025-05-28,2:52,México,Portugal,1,0,1,2.55,2.7,2.55,2.7,2.7,3.5,2.55,1-0,7.0,28-05-2025 23:42
1767019,Copa,2025-05-28,2:55,Camarões,Japão,0,2,2,2.7,2.6,2.7,2.6,2.6,3.4,2.7,0-2,8.0,28-05-2025 23:42
1767025,Copa,2025-05-28,2:58,Equador,Coreia do Sul,0,1,1,3.2,2.25,3.2,2.25,2.25,3.5,3.2,0-1,7.5,28-05-2025 23:42
1766755,Copa,2025-05-28,1:01,Portugal,Espanha,0,0,0,2.6,2.6,2.6,2.6,2.6,3.6,2.6,0-0,6.0,28-05-2025 23:42
1766760,Copa,2025-05-28,1:04,Tunísia,Senegal,1,0,1,2.5,2.9,2.5,2.9,2.9,3.25,2.5,1-0,9.0,28-05-2025 23:42
1766769,Copa,2025-05-28,1:07,Polônia,Gana,2,1,3,2.25,3.2,3.2,2.25,2.25,3.5,3.2,2-1,7.5,28-05-2025 23:42
1766773,Copa,2025-05-28,1:10,Austrália,Marrocos,0,0,0,2.7,2.6,2.7,2.6,2.6,3.5,2.7,0-0,7.0,28-05-2025 23:42
1766782,Copa,2025-05-28,1:13,Canadá,Arábia Saudita,1,2,3,2.25,3.1,3.1,2.25,2.25,3.5,3.1,1-2,7.0,28-05-2025 23:42
1766788,Copa,2025-05-28,1:16,Irã,Equador,0,1,1,2.4,2.8,2.4,2.8,2.8,3.5,2.4,0-1,7.0,28-05-2025 23:42
1766795,Copa,2025-05-28,1:19,País de Gales,Arábia Saudita,1,0,1,3.25,2.2,3.25,2.2,2.2,3.5,3.25,1-0,7.5,28-05-2025 23:42
1766804,Copa,2025-05-28,1:22,Portugal,Argentina,0,1,1,2.62,2.6,2.62,2.6,2.6,3.5,2.62,0-1,6.5,28-05-2025 23:42
1766809,Copa,2025-05-28,1:25,Japão,Alemanha,2,1,3,3.0,2.37,2.37,3.0,3.0,3.4,2.37,2-1,8.0,28-05-2025 23:42
1766816,Copa,2025-05-28,1:28,Uruguai,Irã,1,1,2,3.75,2.0,3.75,2.0,2.0,3.6,3.75,1-1,7.0,28-05-2025 23:42
1766823,Copa,2025-05-28,1:31,Costa Rica,Polônia,0,0,0,2.45,2.87,2.45,2.87,2.87,3.4,2.45,0-0,7.5,28-05-2025 23:42
1766830,Copa,2025-05-28,1:34,Dinamarca,Camarões,1,2,3,2.05,3.5,3.5,2.05,2.05,3.6,3.5,1-2,6.5,28-05-2025 23:42
1766838,Copa,2025-05-28,1:37,Brasil,Canadá,3,0,3,1.83,4.33,4.33,1.83,1.83,3.75,4.33,3-0,7.0,28-05-2025 23:42
1766846,Copa,2025-05-28,1:40,Alemanha,Inglaterra,1,2,3,2.6,2.62,2.62,2.6,2.6,3.5,2.62,1-2,6.5,28-05-2025 23:42
1766850,Copa,2025-05-28,1:43,Portugal,Costa Rica,1,0,1,3.8,1.95,3.8,1.95,1.95,3.6,3.8,1-0,6.5,28-05-2025 23:42
1766858,Copa,2025-05-28,1:46,Irã,Austrália,1,0,1,2.62,2.55,2.62,2.55,2.55,3.6,2.62,1-0,6.5,28-05-2025 23:42
1766865,Copa,2025-05-28,1:49,Uruguai,Argentina,0,0,0,2.5,2.8,2.5,2.8,2.8,3.5,2.5,0-0,7.5,28-05-2025 23:42
1766875,Copa,2025-05-28,1:52,México,Tunísia,3,0,3,2.15,3.4,3.4,2.15,2.15,3.4,3.4,3-0,8.0,28-05-2025 23:42
1766879,Copa,2025-05-28,1:55,Alemanha,Senegal,2,2,4,2.25,3.25,2.25,3.25,2.25,3.4,3.25,2-2,8.5,28-05-2025 23:42
1766886,Copa,2025-05-28,1:58,Inglaterra,Polônia,3,1,4,2.07,3.5,2.07,3.5,2.07,3.5,3.5,3-1,7.5,28-05-2025 23:42
1766614,Copa,2025-05-28,0:01,Croácia,Uruguai,2,3,5,2.37,3.0,2.37,3.0,2.37,3.3,3.0,2-3,8.5,28-05-2025 23:42
1766620,Copa,2025-05-28,0:04,Inglaterra,Dinamarca,2,0,2,3.2,2.2,3.2,2.2,2.2,3.6,3.2,2-0,7.0,28-05-2025 23:42
1766632,Copa,2025-05-28,0:07,Uruguai,EUA,1,1,2,3.1,2.4,3.1,2.4,2.4,3.25,3.1,1-1,9.0,28-05-2025 23:42
1766636,Copa,2025-05-28,0:10,Sérvia,Coreia do Sul,1,2,3,2.2,3.5,3.5,2.2,2.2,3.25,3.5,1-2,10.0,28-05-2025 23:42
1766641,Copa,2025-05-28,0:13,Austrália,Dinamarca,0,1,1,2.35,2.9,2.35,2.9,2.9,3.6,2.35,0-1,6.5,28-05-2025 23:42
1766648,Copa,2025-05-28,0:16,Brasil,Marrocos,3,1,4,1.9,4.0,1.9,4.0,1.9,3.6,4.0,3-1,7.0,28-05-2025 23:42
1766655,Copa,2025-05-28,0:19,Países Baixos,Coreia do Sul,0,0,0,3.75,2.0,3.75,2.0,2.0,3.5,3.75,0-0,7.5,28-05-2025 23:42
1766662,Copa,2025-05-28,0:22,Senegal,Costa Rica,3,1,4,2.05,3.75,2.05,3.75,2.05,3.4,3.75,3-1,8.5,28-05-2025 23:42
1766669,Copa,2025-05-28,0:25,Marrocos,Uruguai,1,0,1,2.6,2.7,2.6,2.7,2.7,3.4,2.6,1-0,7.5,28-05-2025 23:42
1766676,Copa,2025-05-28,0:28,Costa Rica,Camarões,1,0,1,2.75,2.5,2.75,2.5,2.5,3.5,2.75,1-0,7.0,28-05-2025 23:42
1766683,Copa,2025-05-28,0:31,Inglaterra,Canadá,4,1,5,1.85,4.2,1.85,4.2,1.85,3.6,4.2,4-1,7.5,28-05-2025 23:42
1766692,Copa,2025-05-28,0:34,Polônia,Uruguai,1,1,2,2.75,2.5,2.75,2.5,2.5,3.4,2.75,1-1,7.5,28-05-2025 23:42
1766699,Copa,2025-05-28,0:37,Tunísia,Marrocos,0,1,1,2.7,2.6,2.7,2.6,2.6,3.4,2.7,0-1,8.0,28-05-2025 23:42
1766703,Copa,2025-05-28,0:40,Alemanha,Brasil,0,1,1,2.55,2.7,2.55,2.7,2.7,3.6,2.55,0-1,6.5,28-05-2025 23:42
1766711,Copa,2025-05-28,0:43,Camarões,Gana,3,0,3,2.5,2.75,2.75,2.5,2.5,3.5,2.75,3-0,7.0,28-05-2025 23:42
1766719,Copa,2025-05-28,0:46,Brasil,Argentina,1,3,4,2.3,3.0,2.3,3.0,2.3,3.5,3.0,1-3,7.0,28-05-2025 23:42
1766724,Copa,2025-05-28,0:49,País de Gales,Bélgica,1,0,1,2.3,3.1,2.3,3.1,3.1,3.4,2.3,1-0,8.5,28-05-2025 23:42
1766734,Copa,2025-05-28,0:52,Equador,Brasil,1,1,2,2.2,3.2,2.2,3.2,3.2,3.6,2.2,1-1,6.5,28-05-2025 23:42
1766739,Copa,2025-05-28,0:55,Coreia do Sul,Marrocos,1,0,1,2.7,2.6,2.7,2.6,2.6,3.4,2.7,1-0,8.0,28-05-2025 23:42
1766746,Copa,2025-05-28,0:58,Equador,Japão,1,4,5,2.37,3.0,2.37,3.0,2.37,3.3,3.0,1-4,8.5,28-05-2025 23:42
1766476,Copa,2025-05-28,23:01,Austrália,Senegal,0,2,2,2.45,2.9,2.45,2.9,2.9,3.3,2.45,0-2,8.5,28-05-2025 23:42
1766483,Copa,2025-05-28,23:04,Croácia,Gana,2,0,2,3.5,2.1,3.5,2.1,2.1,3.4,3.5,2-0,8.5,28-05-2025 23:42
1766492,Copa,2025-05-28,23:07,EUA,Países Baixos,0,3,3,2.75,2.62,2.62,2.75,2.75,3.25,2.62,0-3,9.0,28-05-2025 23:42
1766497,Copa,2025-05-28,23:10,Argentina,Gana,0,1,1,3.8,1.95,3.8,1.95,1.95,3.6,3.8,0-1,7.5,28-05-2025 23:42
1766504,Copa,2025-05-28,23:13,Tunísia,Países Baixos,4,1,5,3.1,2.3,3.1,2.3,3.1,3.5,2.3,4-1,7.5,28-05-2025 23:42
1766513,Copa,2025-05-28,23:16,Camarões,Qatar,4,1,5,2.4,2.87,2.4,2.87,2.4,3.5,2.87,4-1,7.0,28-05-2025 23:42
1766518,Copa,2025-05-28,23:19,Alemanha,México,0,2,2,3.3,2.2,3.3,2.2,2.2,3.5,3.3,0-2,7.5,28-05-2025 23:42
1766524,Copa,2025-05-28,23:22,Bélgica,Equador,4,1,5,2.1,3.5,2.1,3.5,2.1,3.5,3.5,4-1,7.5,28-05-2025 23:42
1766532,Copa,2025-05-28,23:25,Uruguai,Croácia,2,2,4,2.55,2.8,2.55,2.8,2.55,3.3,2.8,2-2,8.5,28-05-2025 23:42
1766539,Copa,2025-05-28,23:28,Brasil,País de Gales,3,1,4,1.86,4.2,1.86,4.2,1.86,3.6,4.2,3-1,7.5,28-05-2025 23:42
1766547,Copa,2025-05-28,23:31,Polônia,Camarões,0,3,3,2.15,3.3,3.3,2.15,2.15,3.5,3.3,0-3,7.0,28-05-2025 23:42
1766552,Copa,2025-05-28,23:34,Austrália,Arábia Saudita,0,1,1,3.0,2.25,3.0,2.25,2.25,3.6,3.0,0-1,6.5,28-05-2025 23:42
1766559,Copa,2025-05-28,23:37,Coreia do Sul,Inglaterra,2,1,3,3.4,2.1,2.1,3.4,3.4,3.5,2.1,2-1,7.0,28-05-2025 23:42
1766567,Copa,2025-05-28,23:40,Irã,Polônia,0,1,1,2.35,3.0,2.35,3.0,3.0,3.5,2.35,0-1,7.0,28-05-2025 23:42
1766574,Copa,2025-05-28,23:43,Uruguai,Países Baixos,1,2,3,2.6,2.62,2.62,2.6,2.6,3.5,2.62,1-2,7.5,28-05-2025 23:42
1766581,Copa,2025-05-28,23:46,Tunísia,Equador,2,2,4,2.7,2.6,2.7,2.6,2.7,3.4,2.6,2-2,7.5,28-05-2025 23:42
1766589,Copa,2025-05-28,23:49,Suíça,México,0,3,3,2.37,3.0,3.0,2.37,2.37,3.4,3.0,0-3,7.5,28-05-2025 23:42
1766597,Copa,2025-05-28,23:52,Equador,Sérvia,3,0,3,2.55,2.87,2.87,2.55,2.55,3.25,2.87,3-0,9.0,28-05-2025 23:42
1766602,Copa,2025-05-28,23:55,Bélgica,Qatar,2,2,4,1.95,4.0,1.95,4.0,1.95,3.5,4.0,2-2,8.0,28-05-2025 23:42
1766609,Copa,2025-05-28,23:58,Países Baixos,Gana,5,0,5,2.05,3.6,2.05,3.6,2.05,3.5,3.6,5-0,7.5,28-05-2025 23:42
1766340,Copa,2025-05-28,22:01,Sérvia,Tunísia,0,1,1,3.5,2.2,3.5,2.2,2.2,3.25,3.5,0-1,10.0,28-05-2025 23:42
1766341,Copa,2025-05-28,22:04,Países Baixos,México,2,0,2,3.2,2.25,3.2,2.25,2.25,3.4,3.2,2-0,7.5,28-05-2025 23:42
1766352,Copa,2025-05-28,22:07,Canadá,Inglaterra,3,2,5,3.4,2.1,3.4,2.1,3.4,3.5,2.1,3-2,7.0,28-05-2025 23:42
1766358,Copa,2025-05-28,22:10,Arábia Saudita,País de Gales,3,0,3,2.7,2.6,2.6,2.7,2.7,3.4,2.6,3-0,7.5,28-05-2025 23:42
1766365,Copa,2025-05-28,22:13,Dinamarca,México,4,1,5,2.3,3.0,2.3,3.0,2.3,3.5,3.0,4-1,7.5,28-05-2025 23:42
1766373,Copa,2025-05-28,22:16,Marrocos,Japão,2,1,3,2.45,2.9,2.9,2.45,2.45,3.3,2.9,2-1,8.5,28-05-2025 23:42
1766378,Copa,2025-05-28,22:19,Países Baixos,Camarões,1,2,3,2.0,3.75,3.75,2.0,2.0,3.6,3.75,1-2,7.0,28-05-2025 23:42
1766384,Copa,2025-05-28,22:22,Portugal,França,3,1,4,2.7,2.55,2.7,2.55,2.7,3.6,2.55,3-1,6.5,28-05-2025 23:42
1766392,Copa,2025-05-28,22:25,Senegal,Sérvia,0,0,0,3.2,2.45,3.2,2.45,2.45,3.1,3.2,0-0,11.0,28-05-2025 23:42
1766403,Copa,2025-05-28,22:28,Costa Rica,Canadá,2,2,4,2.5,2.8,2.5,2.8,2.5,3.4,2.8,2-2,7.5,28-05-2025 23:42
1766408,Copa,2025-05-28,22:31,EUA,Qatar,2,0,2,3.5,2.2,3.5,2.2,2.2,3.25,3.5,2-0,10.0,28-05-2025 23:42
1766413,Copa,2025-05-28,22:34,Austrália,Argentina,2,3,5,3.3,2.15,3.3,2.15,3.3,3.6,2.15,2-3,7.0,28-05-2025 23:42
1766420,Copa,2025-05-28,22:37,Alemanha,Qatar,1,1,2,3.8,1.95,3.8,1.95,1.95,3.6,3.8,1-1,7.5,28-05-2025 23:42
1766429,Copa,2025-05-28,22:40,Canadá,Croácia,3,1,4,3.0,2.4,3.0,2.4,3.0,3.3,2.4,3-1,8.5,28-05-2025 23:42
1766434,Copa,2025-05-28,22:43,País de Gales,Argentina,4,2,6,3.25,2.25,3.25,2.25,3.25,3.4,2.25,4-2,8.0,28-05-2025 23:42
1766445,Copa,2025-05-28,22:46,Portugal,Canadá,1,1,2,3.6,2.0,3.6,2.0,2.0,3.6,3.6,1-1,7.0,28-05-2025 23:42
1766450,Copa,2025-05-28,22:49,Arábia Saudita,Qatar,4,2,6,2.6,2.7,2.6,2.7,2.6,3.5,2.7,4-2,7.0,28-05-2025 23:42
1766455,Copa,2025-05-28,22:52,Argentina,Coreia do Sul,1,1,2,4.0,1.9,4.0,1.9,1.9,3.6,4.0,1-1,7.5,28-05-2025 23:42
1766463,Copa,2025-05-28,22:55,França,Costa Rica,2,1,3,1.8,4.33,4.33,1.8,1.8,3.75,4.33,2-1,7.0,28-05-2025 23:42
1766469,Copa,2025-05-28,22:58,Sérvia,Camarões,2,0,2,3.4,2.15,3.4,2.15,2.15,3.4,3.4,2-0,8.5,28-05-2025 23:42
1766200,Copa,2025-05-28,21:01,França,Camarões,2,0,2,4.2,1.85,4.2,1.85,1.85,3.75,4.2,2-0,6.5,28-05-2025 23:42
1766205,Copa,2025-05-28,21:04,Marrocos,Sérvia,2,0,2,2.75,2.7,2.75,2.7,2.7,3.2,2.75,2-0,10.0,28-05-2025 23:42
1766209,Copa,2025-05-28,21:07,Camarões,Polônia,0,1,1,2.5,2.75,2.5,2.75,2.75,3.5,2.5,0-1,7.0,28-05-2025 23:42
1766217,Copa,2025-05-28,21:10,Qatar,Dinamarca,0,2,2,2.35,3.0,2.35,3.0,3.0,3.5,2.35,0-2,7.0,28-05-2025 23:42
1766224,Copa,2025-05-28,21:13,Uruguai,França,2,0,2,2.4,2.87,2.4,2.87,2.87,3.5,2.4,2-0,7.0,28-05-2025 23:42
1766233,Copa,2025-05-28,21:16,Gana,Países Baixos,0,3,3,3.0,2.35,2.35,3.0,3.0,3.5,2.35,0-3,7.0,28-05-2025 23:42
1766238,Copa,2025-05-28,21:19,Arábia Saudita,Coreia do Sul,0,1,1,2.7,2.6,2.7,2.6,2.6,3.5,2.7,0-1,7.0,28-05-2025 23:42
1766245,Copa,2025-05-28,21:22,França,Sérvia,0,0,0,3.75,2.07,3.75,2.07,2.07,3.4,3.75,0-0,9.0,28-05-2025 23:42
1766253,Copa,2025-05-28,21:25,México,Gana,1,1,2,3.2,2.25,3.2,2.25,2.25,3.5,3.2,1-1,7.5,28-05-2025 23:42
1766259,Copa,2025-05-28,21:28,Camarões,Austrália,2,0,2,2.8,2.4,2.8,2.4,2.4,3.6,2.8,2-0,6.5,28-05-2025 23:42
1766266,Copa,2025-05-28,21:31,Bélgica,Espanha,1,1,2,2.75,2.5,2.75,2.5,2.5,3.5,2.75,1-1,7.0,28-05-2025 23:42
1766273,Copa,2025-05-28,21:34,Equador,País de Gales,2,1,3,2.3,3.1,3.1,2.3,2.3,3.4,3.1,2-1,8.0,28-05-2025 23:42
1766280,Copa,2025-05-28,21:37,Bélgica,Dinamarca,1,0,1,3.0,2.3,3.0,2.3,2.3,3.5,3.0,1-0,7.5,28-05-2025 23:42
1766287,Copa,2025-05-28,21:40,Espanha,Marrocos,2,1,3,2.0,3.6,3.6,2.0,2.0,3.6,3.6,2-1,7.0,28-05-2025 23:42
1766294,Copa,2025-05-28,21:43,Inglaterra,Coreia do Sul,1,1,2,4.2,1.85,4.2,1.85,1.85,3.6,4.2,1-1,7.5,28-05-2025 23:42
1766302,Copa,2025-05-28,21:46,Costa Rica,Senegal,1,1,2,2.4,3.0,2.4,3.0,3.0,3.3,2.4,1-1,8.5,28-05-2025 23:42
1766308,Copa,2025-05-28,21:49,Argentina,Espanha,3,0,3,2.45,2.8,2.8,2.45,2.45,3.5,2.8,3-0,6.5,28-05-2025 23:42
1766315,Copa,2025-05-28,21:52,Brasil,Senegal,2,0,2,3.6,2.07,3.6,2.07,2.07,3.4,3.6,2-0,8.0,28-05-2025 23:42
1766322,Copa,2025-05-28,21:55,Tunísia,Qatar,3,0,3,2.45,2.9,2.9,2.45,2.45,3.4,2.9,3-0,8.0,28-05-2025 23:42
1766330,Copa,2025-05-28,21:58,Senegal,Países Baixos,4,0,4,2.62,2.75,2.62,2.75,2.62,3.3,2.75,4-0,8.5,28-05-2025 23:42
1767031,Premier,2025-05-28,3:00,Norwich,West Ham,2,0,2,2.55,2.8,2.55,2.8,2.8,3.3,2.55,2-0,8.5,28-05-2025 23:44
1767038,Premier,2025-05-28,3:03,Brighton,Everton,1,1,2,2.4,2.8,2.4,2.8,2.8,3.6,2.4,1-1,6.5,28-05-2025 23:44
1767045,Premier,2025-05-28,3:06,Tottenham,United,2,0,2,2.62,2.7,2.62,2.7,2.7,3.3,2.62,2-0,8.5,28-05-2025 23:44
1767052,Premier,2025-05-28,3:09,Leeds,Newcastle,1,0,1,3.1,2.3,3.1,2.3,2.3,3.4,3.1,1-0,8.0,28-05-2025 23:44
1767059,Premier,2025-05-28,3:12,Islington,City,1,2,3,2.75,2.45,2.45,2.75,2.75,3.5,2.45,1-2,6.5,28-05-2025 23:44
1767066,Premier,2025-05-28,3:15,Tottenham,Brentford,0,0,0,3.75,2.05,3.75,2.05,2.05,3.4,3.75,0-0,9.0,28-05-2025 23:44
1767073,Premier,2025-05-28,3:18,Watford,Wolverhampton,3,3,6,2.8,2.4,2.8,2.4,2.8,3.5,2.4,3-3,7.0,28-05-2025 23:44
1767080,Premier,2025-05-28,3:21,Chelsea,Norwich,1,2,3,1.95,3.8,3.8,1.95,1.95,3.6,3.8,1-2,7.5,28-05-2025 23:44
1767087,Premier,2025-05-28,3:24,Brentford,United,1,1,2,2.15,3.3,2.15,3.3,3.3,3.5,2.15,1-1,7.5,28-05-2025 23:44
1767093,Premier,2025-05-28,3:27,Burnley,Leeds,0,2,2,2.62,2.7,2.62,2.7,2.7,3.3,2.62,0-2,8.5,28-05-2025 23:44
1767100,Premier,2025-05-28,3:30,Aston,Liverpool,0,0,0,2.37,3.0,2.37,3.0,3.0,3.4,2.37,0-0,8.0,28-05-2025 23:44
1767108,Premier,2025-05-28,3:33,United,Palace,3,0,3,1.95,3.8,3.8,1.95,1.95,3.6,3.8,3-0,7.5,28-05-2025 23:44
1767115,Premier,2025-05-28,3:36,Watford,Brighton,2,1,3,2.35,3.0,3.0,2.35,2.35,3.5,3.0,2-1,7.0,28-05-2025 23:44
1767122,Premier,2025-05-28,3:39,Leeds,Southampton,0,2,2,3.0,2.45,3.0,2.45,2.45,3.2,3.0,0-2,10.0,28-05-2025 23:44
1767129,Premier,2025-05-28,3:42,Brentford,Norwich,0,0,0,3.0,2.35,3.0,2.35,2.35,3.4,3.0,0-0,7.5,28-05-2025 23:44
1766891,Premier,2025-05-28,2:00,Palace,Islington,0,0,0,2.35,3.0,2.35,3.0,3.0,3.5,2.35,0-0,7.0,28-05-2025 23:44
1766898,Premier,2025-05-28,2:03,Everton,West Ham,0,1,1,3.0,2.4,3.0,2.4,2.4,3.3,3.0,0-1,8.5,28-05-2025 23:44
1766905,Premier,2025-05-28,2:06,Chelsea,Aston,2,1,3,2.05,3.6,3.6,2.05,2.05,3.5,3.6,2-1,8.0,28-05-2025 23:44
1766912,Premier,2025-05-28,2:09,Palace,Norwich,5,1,6,2.3,3.1,2.3,3.1,2.3,3.5,3.1,5-1,7.0,28-05-2025 23:44
1766918,Premier,2025-05-28,2:12,City,Newcastle,0,0,0,4.0,1.86,4.0,1.86,1.86,3.8,4.0,0-0,6.0,28-05-2025 23:44
1766926,Premier,2025-05-28,2:15,Brighton,Aston,0,3,3,2.6,2.7,2.7,2.6,2.6,3.5,2.7,0-3,7.0,28-05-2025 23:44
1766933,Premier,2025-05-28,2:18,United,Liverpool,2,1,3,2.3,3.0,3.0,2.3,2.3,3.5,3.0,2-1,7.5,28-05-2025 23:44
1766940,Premier,2025-05-28,2:21,Brentford,Burnley,2,4,6,2.4,2.87,2.4,2.87,2.4,3.5,2.87,2-4,7.0,28-05-2025 23:44
1766947,Premier,2025-05-28,2:24,Tottenham,Islington,0,0,0,2.8,2.55,2.8,2.55,2.55,3.3,2.8,0-0,8.5,28-05-2025 23:44
1766954,Premier,2025-05-28,2:27,Brighton,Brentford,1,1,2,2.75,2.5,2.75,2.5,2.5,3.5,2.75,1-1,7.0,28-05-2025 23:44
1766961,Premier,2025-05-28,2:30,Norwich,Burnley,0,0,0,2.75,2.5,2.75,2.5,2.5,3.5,2.75,0-0,7.0,28-05-2025 23:44
1766968,Premier,2025-05-28,2:33,Southampton,Brighton,2,2,4,2.15,3.3,2.15,3.3,2.15,3.5,3.3,2-2,7.0,28-05-2025 23:44
1766975,Premier,2025-05-28,2:36,Leeds,Islington,0,0,0,2.55,2.8,2.55,2.8,2.8,3.3,2.55,0-0,8.5,28-05-2025 23:44
1766982,Premier,2025-05-28,2:39,Tottenham,Burnley,1,1,2,3.6,2.05,3.6,2.05,2.05,3.5,3.6,1-1,8.0,28-05-2025 23:44
1766992,Premier,2025-05-28,2:42,Leeds,Liverpool,0,5,5,2.8,2.55,2.8,2.55,2.8,3.3,2.55,0-5,8.5,28-05-2025 23:44
1766996,Premier,2025-05-28,2:45,Everton,Wolverhampton,3,1,4,2.5,2.7,2.5,2.7,2.5,3.6,2.7,3-1,6.5,28-05-2025 23:44
1767003,Premier,2025-05-28,2:48,Tottenham,Liverpool,1,1,2,2.8,2.55,2.8,2.55,2.55,3.3,2.8,1-1,8.5,28-05-2025 23:44
1767010,Premier,2025-05-28,2:51,Watford,Chelsea,1,2,3,3.1,2.3,2.3,3.1,3.1,3.5,2.3,1-2,7.5,28-05-2025 23:44
1767017,Premier,2025-05-28,2:54,Tottenham,Leeds,2,0,2,3.4,2.25,3.4,2.25,2.25,3.2,3.4,2-0,10.0,28-05-2025 23:44
1767027,Premier,2025-05-28,2:57,Burnley,Aston,2,1,3,2.5,2.8,2.8,2.5,2.5,3.4,2.8,2-1,7.5,28-05-2025 23:44
1766751,Premier,2025-05-28,1:00,Burnley,Southampton,0,0,0,2.6,2.7,2.6,2.7,2.7,3.4,2.6,0-0,7.5,28-05-2025 23:44
1766758,Premier,2025-05-28,1:03,Aston,Brentford,1,2,3,2.37,3.0,3.0,2.37,2.37,3.4,3.0,1-2,8.5,28-05-2025 23:44
1766765,Premier,2025-05-28,1:06,Tottenham,Palace,1,0,1,3.5,2.1,3.5,2.1,2.1,3.4,3.5,1-0,8.5,28-05-2025 23:44
1766775,Premier,2025-05-28,1:09,Aston,Burnley,1,1,2,3.0,2.35,3.0,2.35,2.35,3.4,3.0,1-1,7.5,28-05-2025 23:44
1766779,Premier,2025-05-28,1:12,Islington,Leeds,3,1,4,2.2,3.4,2.2,3.4,2.2,3.3,3.4,3-1,9.0,28-05-2025 23:44
1766786,Premier,2025-05-28,1:15,Brighton,City,1,5,6,3.6,1.98,3.6,1.98,3.6,3.75,1.98,1-5,6.0,28-05-2025 23:44
1766793,Premier,2025-05-28,1:18,Chelsea,Wolverhampton,2,0,2,3.0,2.3,3.0,2.3,2.3,3.6,3.0,2-0,6.5,28-05-2025 23:44
1766800,Premier,2025-05-28,1:21,Aston,Leeds,2,0,2,2.75,2.62,2.75,2.62,2.62,3.2,2.75,2-0,10.0,28-05-2025 23:44
1766807,Premier,2025-05-28,1:24,Tottenham,City,1,1,2,2.45,2.9,2.45,2.9,2.9,3.4,2.45,1-1,7.5,28-05-2025 23:44
1766814,Premier,2025-05-28,1:27,Norwich,Aston,0,0,0,2.7,2.6,2.7,2.6,2.6,3.4,2.7,0-0,8.0,28-05-2025 23:44
1766821,Premier,2025-05-28,1:30,Southampton,Wolverhampton,1,2,3,2.6,2.7,2.7,2.6,2.6,3.5,2.7,1-2,7.0,28-05-2025 23:44
1766828,Premier,2025-05-28,1:33,West Ham,Burnley,1,1,2,3.3,2.2,3.3,2.2,2.2,3.4,3.3,1-1,8.5,28-05-2025 23:44
1766835,Premier,2025-05-28,1:36,Liverpool,Tottenham,0,3,3,2.4,3.0,3.0,2.4,2.4,3.3,3.0,0-3,8.5,28-05-2025 23:44
1766842,Premier,2025-05-28,1:39,Leicester,Brentford,0,0,0,3.4,2.15,3.4,2.15,2.15,3.4,3.4,0-0,8.0,28-05-2025 23:44
1766852,Premier,2025-05-28,1:42,Southampton,Chelsea,0,1,1,2.5,2.8,2.5,2.8,2.8,3.4,2.5,0-1,8.0,28-05-2025 23:44
1766856,Premier,2025-05-28,1:45,Norwich,Watford,1,1,2,2.8,2.5,2.8,2.5,2.5,3.4,2.8,1-1,7.5,28-05-2025 23:44
1766864,Premier,2025-05-28,1:48,Tottenham,Newcastle,2,1,3,2.1,3.5,3.5,2.1,2.1,3.5,3.5,2-1,7.5,28-05-2025 23:44
1766870,Premier,2025-05-28,1:51,Burnley,Liverpool,2,1,3,3.1,2.25,2.25,3.1,3.1,3.5,2.25,2-1,7.0,28-05-2025 23:44
1766877,Premier,2025-05-28,1:54,Norwich,Southampton,2,2,4,2.8,2.55,2.8,2.55,2.8,3.4,2.55,2-2,8.0,28-05-2025 23:44
1766884,Premier,2025-05-28,1:57,Tottenham,Everton,3,2,5,2.3,3.1,2.3,3.1,2.3,3.4,3.1,3-2,8.0,28-05-2025 23:44
1766612,Premier,2025-05-28,0:00,Brentford,Watford,0,1,1,2.9,2.45,2.9,2.45,2.45,3.4,2.9,0-1,8.0,28-05-2025 23:44
1766621,Premier,2025-05-28,0:03,Chelsea,City,1,0,1,2.45,2.75,2.45,2.75,2.75,3.5,2.45,1-0,6.5,28-05-2025 23:44
1766626,Premier,2025-05-28,0:06,Burnley,Wolverhampton,3,4,7,2.8,2.4,2.8,2.4,2.8,3.6,2.4,3-4,6.5,28-05-2025 23:44
1766633,Premier,2025-05-28,0:09,Palace,United,3,1,4,3.2,2.2,3.2,2.2,3.2,3.5,2.2,3-1,7.0,28-05-2025 23:44
1766640,Premier,2025-05-28,0:12,Liverpool,Brentford,0,2,2,3.75,2.0,3.75,2.0,2.0,3.5,3.75,0-2,7.5,28-05-2025 23:44
1766646,Premier,2025-05-28,0:15,Aston,Wolverhampton,0,0,0,2.5,2.75,2.5,2.75,2.75,3.5,2.5,0-0,7.0,28-05-2025 23:44
1766653,Premier,2025-05-28,0:18,Liverpool,Brighton,0,1,1,3.8,1.95,3.8,1.95,1.95,3.75,3.8,0-1,6.5,28-05-2025 23:44
1766660,Premier,2025-05-28,0:21,Burnley,Newcastle,4,1,5,2.45,2.7,2.45,2.7,2.45,3.6,2.7,4-1,6.5,28-05-2025 23:44
1766667,Premier,2025-05-28,0:24,Islington,Norwich,1,0,1,3.8,1.95,3.8,1.95,1.95,3.6,3.8,1-0,7.5,28-05-2025 23:44
1766674,Premier,2025-05-28,0:27,Brentford,Brighton,1,2,3,2.35,3.0,3.0,2.35,2.35,3.5,3.0,1-2,7.0,28-05-2025 23:44
1766681,Premier,2025-05-28,0:30,Palace,Aston,3,1,4,2.45,2.9,2.45,2.9,2.45,3.4,2.9,3-1,8.0,28-05-2025 23:44
1766688,Premier,2025-05-28,0:33,Southampton,Watford,2,1,3,2.25,3.25,3.25,2.25,2.25,3.4,3.25,2-1,8.5,28-05-2025 23:44
1766695,Premier,2025-05-28,0:36,Liverpool,Everton,0,1,1,3.1,2.25,3.1,2.25,2.25,3.5,3.1,0-1,7.0,28-05-2025 23:44
1766705,Premier,2025-05-28,0:39,Brentford,Aston,2,1,3,2.5,2.8,2.8,2.5,2.5,3.3,2.8,2-1,8.5,28-05-2025 23:44
1766709,Premier,2025-05-28,0:42,City,Brighton,2,1,3,1.76,4.33,4.33,1.76,1.76,3.8,4.33,2-1,6.0,28-05-2025 23:44
1766716,Premier,2025-05-28,0:45,Leeds,Leicester,2,0,2,2.87,2.55,2.87,2.55,2.55,3.25,2.87,2-0,9.0,28-05-2025 23:44
1766726,Premier,2025-05-28,0:48,Norwich,Palace,1,0,1,2.7,2.6,2.7,2.6,2.6,3.5,2.7,1-0,7.0,28-05-2025 23:44
1766730,Premier,2025-05-28,0:51,Tottenham,Aston,2,0,2,3.6,2.1,3.6,2.1,2.1,3.3,3.6,2-0,9.0,28-05-2025 23:44
1766737,Premier,2025-05-28,0:54,Burnley,Brentford,3,0,3,2.4,2.87,2.87,2.4,2.4,3.5,2.87,3-0,7.0,28-05-2025 23:44
1766744,Premier,2025-05-28,0:57,Leeds,Tottenham,1,1,2,2.7,2.75,2.7,2.75,2.75,3.2,2.7,1-1,10.0,28-05-2025 23:44
1766474,Premier,2025-05-28,23:00,Wolverhampton,Leeds,1,1,2,3.1,2.3,3.1,2.3,2.3,3.4,3.1,1-1,8.0,28-05-2025 23:44
1766481,Premier,2025-05-28,23:03,Liverpool,Aston,1,0,1,3.6,2.05,3.6,2.05,2.05,3.5,3.6,1-0,8.0,28-05-2025 23:44
1766490,Premier,2025-05-28,23:06,Tottenham,Norwich,0,1,1,3.8,2.0,3.8,2.0,2.0,3.5,3.8,0-1,8.5,28-05-2025 23:44
1766495,Premier,2025-05-28,23:09,Aston,West Ham,2,1,3,2.62,2.75,2.75,2.62,2.62,3.2,2.75,2-1,10.0,28-05-2025 23:44
1766502,Premier,2025-05-28,23:12,Tottenham,Watford,1,1,2,3.75,2.05,3.75,2.05,2.05,3.4,3.75,1-1,9.0,28-05-2025 23:44
1766509,Premier,2025-05-28,23:15,Leeds,United,0,1,1,2.4,3.0,2.4,3.0,3.0,3.3,2.4,0-1,8.5,28-05-2025 23:44
1766516,Premier,2025-05-28,23:18,Palace,Watford,2,1,3,2.35,3.0,3.0,2.35,2.35,3.4,3.0,2-1,7.5,28-05-2025 23:44
1766526,Premier,2025-05-28,23:21,Wolverhampton,Norwich,1,0,1,3.5,2.05,3.5,2.05,2.05,3.6,3.5,1-0,6.5,28-05-2025 23:44
1766530,Premier,2025-05-28,23:24,Brentford,Liverpool,1,0,1,2.3,3.1,2.3,3.1,3.1,3.5,2.3,1-0,7.5,28-05-2025 23:44
1766537,Premier,2025-05-28,23:27,West Ham,Wolverhampton,1,4,5,2.6,2.7,2.6,2.7,2.6,3.4,2.7,1-4,8.0,28-05-2025 23:44
1766544,Premier,2025-05-28,23:30,Everton,Newcastle,1,0,1,3.1,2.2,3.1,2.2,2.2,3.6,3.1,1-0,6.5,28-05-2025 23:44
1766554,Premier,2025-05-28,23:33,Watford,Islington,2,0,2,2.3,3.1,2.3,3.1,3.1,3.5,2.3,2-0,7.5,28-05-2025 23:44
1766561,Premier,2025-05-28,23:36,Wolverhampton,Liverpool,2,1,3,2.6,2.62,2.62,2.6,2.6,3.5,2.62,2-1,6.5,28-05-2025 23:44
1766565,Premier,2025-05-28,23:39,Watford,City,1,1,2,2.05,3.5,2.05,3.5,3.5,3.6,2.05,1-1,7.0,28-05-2025 23:44
1766572,Premier,2025-05-28,23:42,Chelsea,Everton,0,2,2,3.1,2.25,3.1,2.25,2.25,3.5,3.1,0-2,7.0,28-05-2025 23:44
1766579,Premier,2025-05-28,23:45,West Ham,Southampton,1,1,2,3.0,2.45,3.0,2.45,2.45,3.2,3.0,1-1,10.0,28-05-2025 23:44
1766586,Premier,2025-05-28,23:48,Chelsea,Burnley,4,1,5,2.0,3.75,2.0,3.75,2.0,3.6,3.75,4-1,7.0,28-05-2025 23:44
1766593,Premier,2025-05-28,23:51,Brentford,Southampton,0,0,0,2.62,2.7,2.62,2.7,2.7,3.3,2.62,0-0,8.5,28-05-2025 23:44
1766600,Premier,2025-05-28,23:54,Leeds,Burnley,0,0,0,3.3,2.2,3.3,2.2,2.2,3.4,3.3,0-0,8.5,28-05-2025 23:44
1766607,Premier,2025-05-28,23:57,Southampton,Norwich,1,3,4,2.15,3.4,2.15,3.4,2.15,3.4,3.4,1-3,8.0,28-05-2025 23:44
1766334,Premier,2025-05-28,22:00,Burnley,Chelsea,1,3,4,3.1,2.25,3.1,2.25,3.1,3.5,2.25,1-3,7.0,28-05-2025 23:44
1766343,Premier,2025-05-28,22:03,Brighton,Newcastle,0,1,1,2.62,2.55,2.62,2.55,2.55,3.6,2.62,0-1,6.0,28-05-2025 23:44
1766347,Premier,2025-05-28,22:06,Norwich,Everton,1,0,1,2.4,2.8,2.4,2.8,2.8,3.5,2.4,1-0,7.0,28-05-2025 23:44
1766355,Premier,2025-05-28,22:09,Islington,Palace,0,1,1,3.6,2.05,3.6,2.05,2.05,3.5,3.6,0-1,7.5,28-05-2025 23:44
1766362,Premier,2025-05-28,22:12,West Ham,Newcastle,4,0,4,2.3,3.1,2.3,3.1,2.3,3.4,3.1,4-0,8.0,28-05-2025 23:44
1766369,Premier,2025-05-28,22:15,Palace,Everton,1,1,2,2.55,2.62,2.55,2.62,2.62,3.5,2.55,1-1,7.0,28-05-2025 23:44
1766376,Premier,2025-05-28,22:18,Norwich,Chelsea,1,1,2,2.2,3.2,2.2,3.2,3.2,3.5,2.2,1-1,7.0,28-05-2025 23:44
1766386,Premier,2025-05-28,22:21,Islington,Aston,0,1,1,3.6,2.05,3.6,2.05,2.05,3.5,3.6,0-1,8.0,28-05-2025 23:44
1766390,Premier,2025-05-28,22:24,Liverpool,Southampton,2,0,2,3.3,2.2,3.3,2.2,2.2,3.4,3.3,2-0,8.0,28-05-2025 23:44
1766397,Premier,2025-05-28,22:27,Aston,Newcastle,0,0,0,2.87,2.4,2.87,2.4,2.4,3.5,2.87,0-0,7.0,28-05-2025 23:44
1766404,Premier,2025-05-28,22:30,Watford,Tottenham,2,1,3,3.0,2.4,2.4,3.0,3.0,3.3,2.4,2-1,8.5,28-05-2025 23:44
1766410,Premier,2025-05-28,22:33,Chelsea,Islington,2,1,3,2.45,2.8,2.8,2.45,2.45,3.5,2.8,2-1,7.5,28-05-2025 23:44
1766418,Premier,2025-05-28,22:36,Leeds,West Ham,0,0,0,3.0,2.5,3.0,2.5,2.5,3.1,3.0,0-0,11.0,28-05-2025 23:44
1766425,Premier,2025-05-28,22:39,Southampton,United,0,2,2,2.37,3.0,2.37,3.0,3.0,3.4,2.37,0-2,8.0,28-05-2025 23:44
1766432,Premier,2025-05-28,22:42,West Ham,Palace,0,2,2,3.2,2.3,3.2,2.3,2.3,3.3,3.2,0-2,8.5,28-05-2025 23:44
1766439,Premier,2025-05-28,22:45,Brighton,Watford,0,1,1,2.75,2.5,2.75,2.5,2.5,3.5,2.75,0-1,7.0,28-05-2025 23:44
1766448,Premier,2025-05-28,22:48,Newcastle,Wolverhampton,0,1,1,2.45,2.7,2.45,2.7,2.7,3.6,2.45,0-1,6.0,28-05-2025 23:44
1766452,Premier,2025-05-28,22:51,Chelsea,Leicester,1,1,2,3.2,2.25,3.2,2.25,2.25,3.4,3.2,1-1,7.5,28-05-2025 23:44
1766460,Premier,2025-05-28,22:54,Burnley,Norwich,1,2,3,2.35,2.9,2.9,2.35,2.35,3.5,2.9,1-2,7.0,28-05-2025 23:44
1766467,Premier,2025-05-28,22:57,United,Tottenham,0,0,0,3.25,2.25,3.25,2.25,2.25,3.4,3.25,0-0,8.5,28-05-2025 23:44
1766194,Premier,2025-05-28,21:00,Islington,Tottenham,0,2,2,3.0,2.4,3.0,2.4,2.4,3.3,3.0,0-2,8.5,28-05-2025 23:44
1766201,Premier,2025-05-28,21:03,Norwich,City,2,2,4,3.6,1.98,3.6,1.98,3.6,3.6,1.98,2-2,6.5,28-05-2025 23:44
1766211,Premier,2025-05-28,21:06,Burnley,Leicester,1,0,1,2.5,2.75,2.5,2.75,2.75,3.5,2.5,1-0,7.0,28-05-2025 23:44
1766215,Premier,2025-05-28,21:09,Palace,Liverpool,3,2,5,3.0,2.35,3.0,2.35,3.0,3.5,2.35,3-2,7.0,28-05-2025 23:44
1766222,Premier,2025-05-28,21:12,Islington,Leicester,0,1,1,3.2,2.25,3.2,2.25,2.25,3.4,3.2,0-1,7.5,28-05-2025 23:44
1766229,Premier,2025-05-28,21:15,Brentford,Leeds,2,1,3,2.75,2.62,2.62,2.75,2.75,3.25,2.62,2-1,9.0,28-05-2025 23:44
1766236,Premier,2025-05-28,21:18,Palace,City,1,0,1,2.07,3.4,2.07,3.4,3.4,3.6,2.07,1-0,6.5,28-05-2025 23:44
1766243,Premier,2025-05-28,21:21,Wolverhampton,Chelsea,0,0,0,2.62,2.6,2.62,2.6,2.6,3.5,2.62,0-0,6.5,28-05-2025 23:44
1766250,Premier,2025-05-28,21:24,Burnley,Palace,0,1,1,2.75,2.5,2.75,2.5,2.5,3.5,2.75,0-1,7.0,28-05-2025 23:44
1766257,Premier,2025-05-28,21:27,Liverpool,Leeds,1,1,2,3.4,2.2,3.4,2.2,2.2,3.3,3.4,1-1,9.0,28-05-2025 23:44
1766264,Premier,2025-05-28,21:30,Norwich,Brighton,3,2,5,2.4,2.87,2.4,2.87,2.4,3.6,2.87,3-2,6.5,28-05-2025 23:44
1766271,Premier,2025-05-28,21:33,Palace,Burnley,0,0,0,2.9,2.35,2.9,2.35,2.35,3.5,2.9,0-0,7.0,28-05-2025 23:44
1766278,Premier,2025-05-28,21:36,Liverpool,Leicester,0,0,0,3.2,2.25,3.2,2.25,2.25,3.4,3.2,0-0,7.5,28-05-2025 23:44
1766285,Premier,2025-05-28,21:39,Watford,Brentford,3,1,4,2.45,2.9,2.45,2.9,2.45,3.4,2.9,3-1,8.0,28-05-2025 23:44
1766292,Premier,2025-05-28,21:42,Islington,Everton,2,2,4,2.25,3.1,2.25,3.1,2.25,3.5,3.1,2-2,7.0,28-05-2025 23:44
1766299,Premier,2025-05-28,21:45,Burnley,United,2,0,2,2.15,3.3,2.15,3.3,3.3,3.6,2.15,2-0,7.0,28-05-2025 23:44
1766306,Premier,2025-05-28,21:48,Newcastle,Watford,2,1,3,2.35,2.9,2.9,2.35,2.35,3.5,2.9,2-1,7.0,28-05-2025 23:44
1766313,Premier,2025-05-28,21:51,Brentford,West Ham,3,2,5,2.75,2.62,2.75,2.62,2.75,3.25,2.62,3-2,9.0,28-05-2025 23:44
1766320,Premier,2025-05-28,21:54,City,Leeds,3,1,4,1.98,4.0,1.98,4.0,1.98,3.5,4.0,3-1,8.0,28-05-2025 23:44
1766327,Premier,2025-05-28,21:57,Newcastle,Southampton,1,3,4,2.6,2.7,2.6,2.7,2.6,3.5,2.7,1-3,7.0,28-05-2025 23:44
1767033,Super,2025-05-28,3:01,Montevideo,Asuncion,1,0,1,2.87,2.4,2.87,2.4,2.4,3.5,2.87,1-0,7.0,28-05-2025 23:42
1767041,Super,2025-05-28,3:04,Penarol,Itaquera,1,1,2,2.55,2.8,2.55,2.8,2.8,3.3,2.55,1-1,8.5,28-05-2025 23:42
1767048,Super,2025-05-28,3:07,Santiago,Medellin,2,0,2,2.7,2.6,2.7,2.6,2.6,3.5,2.7,2-0,7.0,28-05-2025 23:42
1767054,Super,2025-05-28,3:10,Porto Alegre,Belo Horizonte,0,2,2,2.3,3.1,2.3,3.1,3.1,3.4,2.3,0-2,8.5,28-05-2025 23:42
1767064,Super,2025-05-28,3:13,Rio de Janeiro,Medellin,0,0,0,4.0,1.95,4.0,1.95,1.95,3.5,4.0,0-0,8.0,28-05-2025 23:42
1767069,Super,2025-05-28,3:16,Buenos Aires,Sao Paulo,2,1,3,2.3,3.0,3.0,2.3,2.3,3.6,3.0,2-1,6.0,28-05-2025 23:42
1767075,Super,2025-05-28,3:19,Belo Horizonte,Medellin,1,1,2,4.2,1.86,4.2,1.86,1.86,3.6,4.2,1-1,7.5,28-05-2025 23:42
1767083,Super,2025-05-28,3:22,Penarol,Lima,0,0,0,3.4,2.15,3.4,2.15,2.15,3.4,3.4,0-0,8.0,28-05-2025 23:42
1767089,Super,2025-05-28,3:25,Quito,La Plata,2,1,3,2.75,2.62,2.62,2.75,2.75,3.25,2.62,2-1,9.0,28-05-2025 23:42
1767096,Super,2025-05-28,3:28,Santos,Guayaquil,2,0,2,3.2,2.25,3.2,2.25,2.25,3.5,3.2,2-0,7.5,28-05-2025 23:42
1767104,Super,2025-05-28,3:31,Montevideo,Agua Branca,3,0,3,3.2,2.2,2.2,3.2,3.2,3.6,2.2,3-0,6.5,28-05-2025 23:42
1767110,Super,2025-05-28,3:34,Avellaneda,Santiago,0,0,0,3.4,2.1,3.4,2.1,2.1,3.6,3.4,0-0,7.0,28-05-2025 23:42
1767118,Super,2025-05-28,3:37,Agua Branca,Medellin,1,2,3,2.0,3.75,3.75,2.0,2.0,3.5,3.75,1-2,7.5,28-05-2025 23:42
1767124,Super,2025-05-28,3:40,Lima,Itaquera,0,2,2,2.2,3.2,2.2,3.2,3.2,3.5,2.2,0-2,7.0,28-05-2025 23:42
1766894,Super,2025-05-28,2:01,Avellaneda,Guayaquil,1,3,4,2.3,3.1,2.3,3.1,2.3,3.5,3.1,1-3,7.0,28-05-2025 23:42
1766900,Super,2025-05-28,2:04,Itaquera,Buenos Aires,1,1,2,2.75,2.5,2.75,2.5,2.5,3.5,2.75,1-1,7.0,28-05-2025 23:42
1766908,Super,2025-05-28,2:07,Bogota,Rio de Janeiro,1,2,3,3.0,2.4,2.4,3.0,3.0,3.3,2.4,1-2,8.5,28-05-2025 23:42
1766917,Super,2025-05-28,2:10,Santiago,Sao Paulo,3,1,4,2.9,2.3,2.9,2.3,2.9,3.6,2.3,3-1,6.0,28-05-2025 23:42
1766921,Super,2025-05-28,2:13,Asuncion,Avellaneda,3,2,5,2.8,2.55,2.8,2.55,2.8,3.4,2.55,3-2,8.0,28-05-2025 23:42
1766928,Super,2025-05-28,2:16,Montevideo,Sao Paulo,2,2,4,2.8,2.4,2.8,2.4,2.8,3.6,2.4,2-2,6.5,28-05-2025 23:42
1766936,Super,2025-05-28,2:19,Asuncion,Agua Branca,1,1,2,2.2,3.2,2.2,3.2,3.2,3.5,2.2,1-1,7.0,28-05-2025 23:42
1766943,Super,2025-05-28,2:22,Santiago,Lima,5,0,5,2.35,2.9,2.35,2.9,2.35,3.6,2.9,5-0,6.5,28-05-2025 23:42
1766949,Super,2025-05-28,2:25,Rio de Janeiro,Quito,3,1,4,2.0,3.75,2.0,3.75,2.0,3.5,3.75,3-1,7.5,28-05-2025 23:42
1766957,Super,2025-05-28,2:28,Asuncion,Santiago,0,0,0,3.0,2.35,3.0,2.35,2.35,3.5,3.0,0-0,7.0,28-05-2025 23:42
1766963,Super,2025-05-28,2:31,Rio de Janeiro,Guayaquil,0,1,1,3.6,2.0,3.6,2.0,2.0,3.6,3.6,0-1,7.0,28-05-2025 23:42
1766970,Super,2025-05-28,2:34,Agua Branca,Lima,2,1,3,1.85,4.2,4.2,1.85,1.85,3.75,4.2,2-1,6.5,28-05-2025 23:42
1766978,Super,2025-05-28,2:37,Belo Horizonte,Sao Paulo,2,3,5,2.05,3.4,2.05,3.4,2.05,3.75,3.4,2-3,6.0,28-05-2025 23:42
1766985,Super,2025-05-28,2:40,Medellin,Quito,0,1,1,2.8,2.5,2.8,2.5,2.5,3.3,2.8,0-1,8.5,28-05-2025 23:42
1766991,Super,2025-05-28,2:43,Guayaquil,Belo Horizonte,2,1,3,3.25,2.15,2.15,3.25,3.25,3.6,2.15,2-1,6.5,28-05-2025 23:42
1766998,Super,2025-05-28,2:46,Lima,La Plata,1,1,2,2.3,3.1,2.3,3.1,3.1,3.4,2.3,1-1,8.5,28-05-2025 23:42
1767005,Super,2025-05-28,2:49,Santos,Medellin,0,0,0,3.4,2.2,3.4,2.2,2.2,3.3,3.4,0-0,9.0,28-05-2025 23:42
1767012,Super,2025-05-28,2:52,Sao Paulo,Guayaquil,1,2,3,2.2,3.1,3.1,2.2,2.2,3.6,3.1,1-2,6.5,28-05-2025 23:42
1767020,Super,2025-05-28,2:55,Quito,Avellaneda,2,1,3,2.6,2.7,2.7,2.6,2.6,3.4,2.7,2-1,8.0,28-05-2025 23:42
1767026,Super,2025-05-28,2:58,Buenos Aires,Bogota,3,4,7,2.2,3.3,2.2,3.3,2.2,3.4,3.3,3-4,8.0,28-05-2025 23:42
1766753,Super,2025-05-28,1:01,Medellin,Sao Paulo,2,0,2,2.5,2.75,2.5,2.75,2.75,3.5,2.5,2-0,7.0,28-05-2025 23:42
1766761,Super,2025-05-28,1:04,Guayaquil,Agua Branca,2,0,2,2.35,2.9,2.35,2.9,2.9,3.6,2.35,2-0,6.5,28-05-2025 23:42
1766767,Super,2025-05-28,1:07,La Boca,Buenos Aires,1,1,2,2.87,2.45,2.87,2.45,2.45,3.5,2.87,1-1,7.5,28-05-2025 23:42
1766774,Super,2025-05-28,1:10,Sao Paulo,Avellaneda,0,2,2,2.9,2.37,2.9,2.37,2.37,3.5,2.9,0-2,7.0,28-05-2025 23:42
1766781,Super,2025-05-28,1:13,Santos,Quito,0,0,0,3.25,2.25,3.25,2.25,2.25,3.4,3.25,0-0,8.5,28-05-2025 23:42
1766789,Super,2025-05-28,1:16,La Plata,Medellin,0,1,1,3.5,2.2,3.5,2.2,2.2,3.25,3.5,0-1,10.0,28-05-2025 23:42
1766796,Super,2025-05-28,1:19,Penarol,Avellaneda,1,0,1,2.75,2.62,2.75,2.62,2.62,3.3,2.75,1-0,8.5,28-05-2025 23:42
1766802,Super,2025-05-28,1:22,Bogota,Medellin,2,0,2,3.25,2.3,3.25,2.3,2.3,3.25,3.25,2-0,10.0,28-05-2025 23:42
1766810,Super,2025-05-28,1:25,Montevideo,Itaquera,1,1,2,2.35,3.0,2.35,3.0,3.0,3.5,2.35,1-1,7.0,28-05-2025 23:42
1766817,Super,2025-05-28,1:28,Penarol,La Boca,0,2,2,2.5,2.9,2.5,2.9,2.9,3.25,2.5,0-2,9.0,28-05-2025 23:42
1766824,Super,2025-05-28,1:31,Santiago,Porto Alegre,0,4,4,2.9,2.45,2.9,2.45,2.9,3.3,2.45,0-4,8.5,28-05-2025 23:42
1766831,Super,2025-05-28,1:34,Itaquera,Bogota,0,1,1,3.3,2.25,3.3,2.25,2.25,3.3,3.3,0-1,9.0,28-05-2025 23:42
1766837,Super,2025-05-28,1:37,Rio de Janeiro,Avellaneda,0,0,0,3.4,2.1,3.4,2.1,2.1,3.5,3.4,0-0,7.5,28-05-2025 23:42
1766844,Super,2025-05-28,1:40,Medellin,Lima,2,1,3,2.2,3.25,3.25,2.2,2.2,3.5,3.25,2-1,7.5,28-05-2025 23:42
1766851,Super,2025-05-28,1:43,Asuncion,Itaquera,0,3,3,3.0,2.37,2.37,3.0,3.0,3.4,2.37,0-3,8.0,28-05-2025 23:42
1766859,Super,2025-05-28,1:46,Montevideo,La Boca,1,1,2,2.3,3.1,2.3,3.1,3.1,3.4,2.3,1-1,7.5,28-05-2025 23:42
1766866,Super,2025-05-28,1:49,Porto Alegre,Asuncion,2,0,2,3.5,2.2,3.5,2.2,2.2,3.25,3.5,2-0,10.0,28-05-2025 23:42
1766872,Super,2025-05-28,1:52,Avellaneda,Rio de Janeiro,0,1,1,2.45,2.9,2.45,2.9,2.9,3.4,2.45,0-1,7.5,28-05-2025 23:42
1766880,Super,2025-05-28,1:55,Agua Branca,Belo Horizonte,1,0,1,2.55,2.7,2.55,2.7,2.7,3.6,2.55,1-0,6.5,28-05-2025 23:42
1766887,Super,2025-05-28,1:58,Porto Alegre,Bogota,2,0,2,3.2,2.4,3.2,2.4,2.4,3.1,3.2,2-0,11.0,28-05-2025 23:42
1766615,Super,2025-05-28,0:01,Agua Branca,Buenos Aires,1,1,2,2.87,2.35,2.87,2.35,2.35,3.6,2.87,1-1,6.5,28-05-2025 23:42
1766624,Super,2025-05-28,0:04,Guayaquil,Quito,1,2,3,2.45,2.87,2.87,2.45,2.45,3.5,2.87,1-2,7.0,28-05-2025 23:42
1766628,Super,2025-05-28,0:07,Belo Horizonte,La Plata,0,0,0,3.6,2.07,3.6,2.07,2.07,3.4,3.6,0-0,8.0,28-05-2025 23:42
1766635,Super,2025-05-28,0:10,Bogota,Asuncion,0,0,0,3.3,2.25,3.3,2.25,2.25,3.3,3.3,0-0,9.0,28-05-2025 23:42
1766642,Super,2025-05-28,0:13,Medellin,Guayaquil,1,1,2,2.8,2.5,2.8,2.5,2.5,3.4,2.8,1-1,7.5,28-05-2025 23:42
1766649,Super,2025-05-28,0:16,Buenos Aires,Montevideo,0,1,1,3.6,2.0,3.6,2.0,2.0,3.75,3.6,0-1,6.5,28-05-2025 23:42
1766656,Super,2025-05-28,0:19,Agua Branca,Guayaquil,2,0,2,3.5,2.05,3.5,2.05,2.05,3.6,3.5,2-0,6.5,28-05-2025 23:42
1766665,Super,2025-05-28,0:22,Itaquera,Porto Alegre,3,0,3,2.35,3.2,3.2,2.35,2.35,3.2,3.2,3-0,10.0,28-05-2025 23:42
1766670,Super,2025-05-28,0:25,Lima,Avellaneda,0,0,0,2.35,3.0,2.35,3.0,3.0,3.5,2.35,0-0,7.0,28-05-2025 23:42
1766677,Super,2025-05-28,0:28,Montevideo,Bogota,0,1,1,2.62,2.7,2.62,2.7,2.7,3.3,2.62,0-1,8.5,28-05-2025 23:42
1766684,Super,2025-05-28,0:31,Avellaneda,Buenos Aires,5,2,7,2.7,2.55,2.7,2.55,2.7,3.5,2.55,5-2,7.0,28-05-2025 23:42
1766690,Super,2025-05-28,0:34,La Boca,Asuncion,0,0,0,3.8,2.0,3.8,2.0,2.0,3.4,3.8,0-0,8.5,28-05-2025 23:42
1766697,Super,2025-05-28,0:37,Belo Horizonte,Santos,1,1,2,3.5,2.07,3.5,2.07,2.07,3.5,3.5,1-1,7.5,28-05-2025 23:42
1766704,Super,2025-05-28,0:40,Asuncion,La Boca,0,3,3,3.1,2.3,2.3,3.1,3.1,3.4,2.3,0-3,8.5,28-05-2025 23:42
1766712,Super,2025-05-28,0:43,Lima,Penarol,0,1,1,2.55,2.8,2.55,2.8,2.8,3.4,2.55,0-1,8.0,28-05-2025 23:42
1766718,Super,2025-05-28,0:46,Guayaquil,Sao Paulo,4,0,4,2.62,2.55,2.62,2.55,2.62,3.6,2.55,4-0,6.5,28-05-2025 23:42
1766725,Super,2025-05-28,0:49,Medellin,Santos,0,1,1,2.55,2.8,2.55,2.8,2.8,3.3,2.55,0-1,8.5,28-05-2025 23:42
1766732,Super,2025-05-28,0:52,La Plata,Belo Horizonte,0,1,1,2.37,3.0,2.37,3.0,3.0,3.4,2.37,0-1,8.0,28-05-2025 23:42
1766740,Super,2025-05-28,0:55,Avellaneda,Agua Branca,0,1,1,2.5,2.8,2.5,2.8,2.8,3.5,2.5,0-1,7.0,28-05-2025 23:42
1766747,Super,2025-05-28,0:58,La Boca,Belo Horizonte,2,1,3,2.8,2.5,2.5,2.8,2.8,3.5,2.5,2-1,7.5,28-05-2025 23:42
1766477,Super,2025-05-28,23:01,Buenos Aires,Porto Alegre,3,1,4,2.25,3.25,2.25,3.25,2.25,3.4,3.25,3-1,8.5,28-05-2025 23:42
1766484,Super,2025-05-28,23:04,La Boca,Bogota,2,3,5,2.2,3.5,2.2,3.5,2.2,3.25,3.5,2-3,10.0,28-05-2025 23:42
1766489,Super,2025-05-28,23:07,Belo Horizonte,Montevideo,3,3,6,1.83,4.2,1.83,4.2,1.83,3.8,4.2,3-3,6.5,28-05-2025 23:42
1766498,Super,2025-05-28,23:10,Penarol,Santos,5,1,6,2.75,2.62,2.75,2.62,2.75,3.25,2.62,5-1,9.0,28-05-2025 23:42
1766505,Super,2025-05-28,23:13,Avellaneda,Sao Paulo,1,0,1,2.75,2.5,2.75,2.5,2.5,3.5,2.75,1-0,7.0,28-05-2025 23:42
1766511,Super,2025-05-28,23:16,Buenos Aires,Santiago,2,1,3,1.95,3.75,3.75,1.95,1.95,3.75,3.75,2-1,6.0,28-05-2025 23:42
1766519,Super,2025-05-28,23:19,La Boca,Guayaquil,1,0,1,3.5,2.1,3.5,2.1,2.1,3.5,3.5,1-0,7.5,28-05-2025 23:42
1766525,Super,2025-05-28,23:22,Belo Horizonte,Penarol,1,0,1,4.0,1.9,4.0,1.9,1.9,3.6,4.0,1-0,8.0,28-05-2025 23:42
1766533,Super,2025-05-28,23:25,Santiago,Itaquera,2,3,5,3.1,2.25,3.1,2.25,3.1,3.5,2.25,2-3,7.0,28-05-2025 23:42
1766540,Super,2025-05-28,23:28,La Boca,Lima,1,1,2,4.2,1.9,4.2,1.9,1.9,3.6,4.2,1-1,7.5,28-05-2025 23:42
1766546,Super,2025-05-28,23:31,Porto Alegre,Quito,1,1,2,3.25,2.3,3.25,2.3,2.3,3.25,3.25,1-1,10.0,28-05-2025 23:42
1766553,Super,2025-05-28,23:34,Penarol,La Plata,3,2,5,2.75,2.7,2.75,2.7,2.75,3.2,2.7,3-2,10.0,28-05-2025 23:42
1766560,Super,2025-05-28,23:37,Rio de Janeiro,La Boca,1,0,1,3.1,2.35,3.1,2.35,2.35,3.4,3.1,1-0,8.0,28-05-2025 23:42
1766568,Super,2025-05-28,23:40,La Plata,Itaquera,0,1,1,2.87,2.55,2.87,2.55,2.55,3.25,2.87,0-1,9.0,28-05-2025 23:42
1766575,Super,2025-05-28,23:43,Medellin,Montevideo,2,0,2,3.0,2.35,3.0,2.35,2.35,3.4,3.0,2-0,7.5,28-05-2025 23:42
1766582,Super,2025-05-28,23:46,Penarol,Santiago,2,1,3,2.2,3.25,3.25,2.2,2.2,3.5,3.25,2-1,7.5,28-05-2025 23:42
1766588,Super,2025-05-28,23:49,La Plata,Quito,1,0,1,3.3,2.25,3.3,2.25,2.25,3.3,3.3,1-0,9.0,28-05-2025 23:42
1766595,Super,2025-05-28,23:52,Santos,Itaquera,0,1,1,2.8,2.55,2.8,2.55,2.55,3.3,2.8,0-1,8.5,28-05-2025 23:42
1766603,Super,2025-05-28,23:55,Montevideo,Lima,0,0,0,3.0,2.25,3.0,2.25,2.25,3.6,3.0,0-0,6.5,28-05-2025 23:42
1766336,Super,2025-05-28,22:01,Buenos Aires,Lima,2,1,3,1.9,4.0,4.0,1.9,1.9,3.75,4.0,2-1,6.5,28-05-2025 23:42
1766342,Super,2025-05-28,22:04,Medellin,La Boca,0,2,2,2.4,3.0,2.4,3.0,3.0,3.3,2.4,0-2,8.5,28-05-2025 23:42
1766350,Super,2025-05-28,22:07,Porto Alegre,Penarol,2,0,2,3.3,2.35,3.3,2.35,2.35,3.1,3.3,2-0,11.0,28-05-2025 23:42
1766357,Super,2025-05-28,22:10,Itaquera,Lima,1,1,2,3.8,1.95,3.8,1.95,1.95,3.6,3.8,1-1,7.5,28-05-2025 23:42
1766367,Super,2025-05-28,22:13,Santiago,Montevideo,1,0,1,2.7,2.45,2.7,2.45,2.45,3.6,2.7,1-0,6.5,28-05-2025 23:42
1766371,Super,2025-05-28,22:16,Bogota,Guayaquil,3,2,5,2.37,3.0,2.37,3.0,2.37,3.4,3.0,3-2,8.5,28-05-2025 23:42
1766379,Super,2025-05-28,22:19,La Plata,Rio de Janeiro,2,0,2,2.55,2.8,2.55,2.8,2.8,3.3,2.55,2-0,8.5,28-05-2025 23:42
1766385,Super,2025-05-28,22:22,Santiago,Guayaquil,1,2,3,2.62,2.55,2.55,2.62,2.62,3.6,2.55,1-2,6.5,28-05-2025 23:42
1766393,Super,2025-05-28,22:25,Penarol,Belo Horizonte,1,2,3,3.3,2.15,2.15,3.3,3.3,3.5,2.15,1-2,7.5,28-05-2025 23:42
1766401,Super,2025-05-28,22:28,Lima,Sao Paulo,0,2,2,2.25,3.0,2.25,3.0,3.0,3.6,2.25,0-2,6.5,28-05-2025 23:42
1766406,Super,2025-05-28,22:31,Agua Branca,Itaquera,0,2,2,3.0,2.3,3.0,2.3,2.3,3.5,3.0,0-2,7.5,28-05-2025 23:42
1766414,Super,2025-05-28,22:34,Belo Horizonte,Rio de Janeiro,1,2,3,2.3,3.0,3.0,2.3,2.3,3.5,3.0,1-2,7.0,28-05-2025 23:42
1766421,Super,2025-05-28,22:37,Buenos Aires,Avellaneda,0,1,1,3.1,2.25,3.1,2.25,2.25,3.5,3.1,0-1,7.0,28-05-2025 23:42
1766427,Super,2025-05-28,22:40,Guayaquil,Asuncion,1,0,1,3.1,2.3,3.1,2.3,2.3,3.5,3.1,1-0,7.0,28-05-2025 23:42
1766435,Super,2025-05-28,22:43,La Plata,Santiago,2,0,2,3.6,2.05,3.6,2.05,2.05,3.5,3.6,2-0,8.0,28-05-2025 23:42
1766441,Super,2025-05-28,22:46,Quito,Porto Alegre,2,1,3,2.7,2.75,2.75,2.7,2.7,3.2,2.75,2-1,10.0,28-05-2025 23:42
1766447,Super,2025-05-28,22:49,Santiago,Santos,1,1,2,2.35,3.0,2.35,3.0,3.0,3.5,2.35,1-1,7.0,28-05-2025 23:42
1766456,Super,2025-05-28,22:52,Rio de Janeiro,Agua Branca,0,1,1,2.9,2.37,2.9,2.37,2.37,3.5,2.9,0-1,7.0,28-05-2025 23:42
1766464,Super,2025-05-28,22:55,Montevideo,Buenos Aires,2,1,3,3.0,2.25,2.25,3.0,3.0,3.6,2.25,2-1,6.5,28-05-2025 23:42
1766470,Super,2025-05-28,22:58,Rio de Janeiro,Santiago,1,2,3,1.85,4.2,4.2,1.85,1.85,3.75,4.2,1-2,6.5,28-05-2025 23:42
1766196,Super,2025-05-28,21:01,Rio de Janeiro,Santos,2,0,2,3.3,2.2,3.3,2.2,2.2,3.4,3.3,2-0,8.0,28-05-2025 23:42
1766203,Super,2025-05-28,21:04,Santiago,Asuncion,0,0,0,2.75,2.5,2.75,2.5,2.5,3.5,2.75,0-0,7.0,28-05-2025 23:42
1766210,Super,2025-05-28,21:07,Bogota,Quito,2,0,2,3.1,2.37,3.1,2.37,2.37,3.25,3.1,2-0,9.0,28-05-2025 23:42
1766218,Super,2025-05-28,21:10,Medellin,Buenos Aires,0,0,0,2.35,3.0,2.35,3.0,3.0,3.5,2.35,0-0,7.0,28-05-2025 23:42
1766225,Super,2025-05-28,21:13,Sao Paulo,Bogota,1,0,1,3.1,2.3,3.1,2.3,2.3,3.4,3.1,1-0,8.0,28-05-2025 23:42
1766231,Super,2025-05-28,21:16,Guayaquil,La Boca,3,0,3,2.9,2.45,2.45,2.9,2.9,3.4,2.45,3-0,7.5,28-05-2025 23:42
1766239,Super,2025-05-28,21:19,Porto Alegre,Agua Branca,3,3,6,2.8,2.55,2.8,2.55,2.8,3.3,2.55,3-3,8.5,28-05-2025 23:42
1766246,Super,2025-05-28,21:22,La Plata,Lima,0,1,1,3.8,1.98,3.8,1.98,1.98,3.5,3.8,0-1,8.5,28-05-2025 23:42
1766252,Super,2025-05-28,21:25,Santiago,Quito,0,4,4,2.62,2.55,2.62,2.55,2.62,3.5,2.55,0-4,7.0,28-05-2025 23:42
1766260,Super,2025-05-28,21:28,Santos,Lima,1,2,3,1.98,3.8,3.8,1.98,1.98,3.5,3.8,1-2,7.5,28-05-2025 23:42
1766267,Super,2025-05-28,21:31,Itaquera,Montevideo,3,0,3,2.05,3.6,3.6,2.05,2.05,3.5,3.6,3-0,7.5,28-05-2025 23:42
1766274,Super,2025-05-28,21:34,Agua Branca,Asuncion,2,0,2,3.8,1.95,3.8,1.95,1.95,3.6,3.8,2-0,7.5,28-05-2025 23:42
1766281,Super,2025-05-28,21:37,Bogota,La Plata,1,1,2,2.8,2.7,2.8,2.7,2.7,3.1,2.8,1-1,11.0,28-05-2025 23:42
1766288,Super,2025-05-28,21:40,Quito,Medellin,3,2,5,2.37,3.0,2.37,3.0,2.37,3.4,3.0,3-2,8.5,28-05-2025 23:42
1766295,Super,2025-05-28,21:43,Penarol,Agua Branca,2,4,6,3.0,2.37,3.0,2.37,3.0,3.4,2.37,2-4,8.0,28-05-2025 23:42
1766301,Super,2025-05-28,21:46,Montevideo,La Plata,0,0,0,2.45,2.9,2.45,2.9,2.9,3.3,2.45,0-0,8.5,28-05-2025 23:42
1766309,Super,2025-05-28,21:49,Itaquera,La Boca,2,3,5,2.55,2.8,2.55,2.8,2.55,3.3,2.8,2-3,8.5,28-05-2025 23:42
1766316,Super,2025-05-28,21:52,Penarol,Montevideo,0,1,1,3.1,2.3,3.1,2.3,2.3,3.4,3.1,0-1,8.0,28-05-2025 23:42
1766323,Super,2025-05-28,21:55,Quito,Santos,1,0,1,2.62,2.7,2.62,2.7,2.7,3.3,2.62,1-0,8.5,28-05-2025 23:42
1766329,Super,2025-05-28,21:58,Medellin,Penarol,1,0,1,2.87,2.55,2.87,2.55,2.55,3.25,2.87,1-0,9.0,28-05-2025 23:42
1767036,Euro,2025-05-28,3:02,França,Bélgica,4,0,4,2.25,3.1,2.25,3.1,2.25,3.6,3.1,4-0,6.5,28-05-2025 23:55
1767043,Euro,2025-05-28,3:05,República Tcheca,Inglaterra,0,0,0,2.37,3.0,2.37,3.0,3.0,3.4,2.37,0-0,8.0,28-05-2025 23:55
1767050,Euro,2025-05-28,3:08,Turquia,Croácia,4,1,5,2.55,2.8,2.55,2.8,2.55,3.3,2.8,4-1,8.5,28-05-2025 23:55
1767057,Euro,2025-05-28,3:11,Geórgia,Ucrânia,1,1,2,2.62,2.7,2.62,2.7,2.7,3.3,2.62,1-1,8.5,28-05-2025 23:55
1767063,Euro,2025-05-28,3:14,França,Turquia,1,0,1,3.4,2.15,3.4,2.15,2.15,3.5,3.4,1-0,8.0,28-05-2025 23:55
1767071,Euro,2025-05-28,3:17,Inglaterra,República Tcheca,0,0,0,3.6,2.07,3.6,2.07,2.07,3.4,3.6,0-0,8.0,28-05-2025 23:55
1767078,Euro,2025-05-28,3:20,Romênia,Albânia,1,0,1,2.9,2.5,2.9,2.5,2.5,3.3,2.9,1-0,9.0,28-05-2025 23:55
1767085,Euro,2025-05-28,3:23,Inglaterra,Eslováquia,1,2,3,1.9,4.0,4.0,1.9,1.9,3.6,4.0,1-2,7.0,28-05-2025 23:55
1767095,Euro,2025-05-28,3:26,Suíça,Turquia,1,0,1,2.87,2.45,2.87,2.45,2.45,3.4,2.87,1-0,8.0,28-05-2025 23:55
1767099,Euro,2025-05-28,3:29,Hungria,Eslováquia,0,0,0,3.25,2.25,3.25,2.25,2.25,3.4,3.25,0-0,8.5,28-05-2025 23:55
1767106,Euro,2025-05-28,3:32,Alemanha,República Tcheca,1,2,3,2.15,3.5,3.5,2.15,2.15,3.4,3.5,1-2,8.5,28-05-2025 23:55
1767113,Euro,2025-05-28,3:35,Hungria,Países Baixos,3,0,3,2.6,2.7,2.7,2.6,2.6,3.5,2.7,3-0,7.0,28-05-2025 23:55
1767120,Euro,2025-05-28,3:38,Turquia,Escócia,1,2,3,2.37,3.0,3.0,2.37,2.37,3.3,3.0,1-2,8.5,28-05-2025 23:55
1767127,Euro,2025-05-28,3:41,Albânia,Sérvia,1,0,1,2.8,2.7,2.8,2.7,2.7,3.1,2.8,1-0,11.0,28-05-2025 23:55
1767133,Euro,2025-05-28,3:44,Itália,Países Baixos,3,2,5,2.37,2.9,2.37,2.9,2.37,3.5,2.9,3-2,7.0,28-05-2025 23:55
1767141,Euro,2025-05-28,3:47,Polônia,Geórgia,2,0,2,3.3,2.25,3.3,2.25,2.25,3.3,3.3,2-0,9.0,28-05-2025 23:55
1767148,Euro,2025-05-28,3:50,Dinamarca,Inglaterra,2,1,3,2.8,2.5,2.5,2.8,2.8,3.5,2.5,2-1,7.5,28-05-2025 23:55
1767155,Euro,2025-05-28,3:53,Suíça,Sérvia,3,1,4,2.45,2.87,2.45,2.87,2.45,3.4,2.87,3-1,8.0,28-05-2025 23:55
1766896,Euro,2025-05-28,2:02,Polônia,Turquia,1,0,1,2.75,2.7,2.75,2.7,2.7,3.2,2.75,1-0,10.0,28-05-2025 23:55
1766903,Euro,2025-05-28,2:05,Alemanha,Romênia,2,1,3,2.05,3.5,3.5,2.05,2.05,3.6,3.5,2-1,6.5,28-05-2025 23:55
1766910,Euro,2025-05-28,2:08,Croácia,Polônia,2,1,3,2.25,3.25,3.25,2.25,2.25,3.4,3.25,2-1,8.5,28-05-2025 23:55
1766916,Euro,2025-05-28,2:11,Eslováquia,Hungria,0,0,0,2.62,2.7,2.62,2.7,2.7,3.3,2.62,0-0,8.5,28-05-2025 23:55
1766923,Euro,2025-05-28,2:14,Eslovênia,Ucrânia,1,1,2,3.0,2.45,3.0,2.45,2.45,3.2,3.0,1-1,10.0,28-05-2025 23:55
1766931,Euro,2025-05-28,2:17,Itália,Turquia,1,0,1,3.1,2.35,3.1,2.35,2.35,3.3,3.1,1-0,9.0,28-05-2025 23:55
1766938,Euro,2025-05-28,2:20,Inglaterra,Croácia,0,1,1,3.2,2.2,3.2,2.2,2.2,3.6,3.2,0-1,7.0,28-05-2025 23:55
1766945,Euro,2025-05-28,2:23,Sérvia,Turquia,2,3,5,2.5,3.0,2.5,3.0,2.5,3.2,3.0,2-3,10.0,28-05-2025 23:55
1766952,Euro,2025-05-28,2:26,Croácia,Áustria,1,2,3,2.37,3.0,3.0,2.37,2.37,3.4,3.0,1-2,7.5,28-05-2025 23:55
1766959,Euro,2025-05-28,2:29,Hungria,Escócia,1,1,2,2.9,2.45,2.9,2.45,2.45,3.4,2.9,1-1,8.0,28-05-2025 23:55
1766966,Euro,2025-05-28,2:32,Eslovênia,Países Baixos,2,1,3,2.7,2.62,2.62,2.7,2.7,3.3,2.62,2-1,8.5,28-05-2025 23:55
1766973,Euro,2025-05-28,2:35,Ucrânia,Albânia,1,0,1,3.0,2.5,3.0,2.5,2.5,3.2,3.0,1-0,10.0,28-05-2025 23:55
1766980,Euro,2025-05-28,2:38,Espanha,Bélgica,3,3,6,2.37,2.87,2.37,2.87,2.37,3.6,2.87,3-3,6.5,28-05-2025 23:55
1766987,Euro,2025-05-28,2:41,Geórgia,Polônia,0,0,0,2.62,2.75,2.62,2.75,2.75,3.25,2.62,0-0,9.0,28-05-2025 23:55
1766994,Euro,2025-05-28,2:44,República Tcheca,Eslovênia,0,1,1,3.2,2.45,3.2,2.45,2.45,3.1,3.2,0-1,11.0,28-05-2025 23:55
1767001,Euro,2025-05-28,2:47,Hungria,Croácia,1,2,3,2.62,2.7,2.7,2.62,2.62,3.4,2.7,1-2,8.0,28-05-2025 23:55
1767007,Euro,2025-05-28,2:50,Albânia,Portugal,2,2,4,2.9,2.5,2.9,2.5,2.9,3.25,2.5,2-2,9.0,28-05-2025 23:55
1767015,Euro,2025-05-28,2:53,Hungria,Suíça,0,1,1,2.75,2.5,2.75,2.5,2.5,3.4,2.75,0-1,7.5,28-05-2025 23:55
1767022,Euro,2025-05-28,2:56,Sérvia,Escócia,3,2,5,2.37,3.0,2.37,3.0,2.37,3.3,3.0,3-2,8.5,28-05-2025 23:55
1767029,Euro,2025-05-28,2:59,Portugal,Eslovênia,1,1,2,3.6,2.15,3.6,2.15,2.15,3.3,3.6,1-1,9.0,28-05-2025 23:55
1766756,Euro,2025-05-28,1:02,Dinamarca,Geórgia,4,0,4,2.05,3.75,2.05,3.75,2.05,3.4,3.75,4-0,9.0,28-05-2025 23:55
1766763,Euro,2025-05-28,1:05,Países Baixos,Inglaterra,1,2,3,2.75,2.45,2.45,2.75,2.75,3.6,2.45,1-2,6.0,28-05-2025 23:55
1766770,Euro,2025-05-28,1:08,Polônia,Albânia,2,0,2,3.0,2.5,3.0,2.5,2.5,3.1,3.0,2-0,11.0,28-05-2025 23:55
1766777,Euro,2025-05-28,1:11,Croácia,Portugal,2,0,2,2.62,2.62,2.62,2.62,2.62,3.5,2.62,2-0,7.5,28-05-2025 23:55
1766784,Euro,2025-05-28,1:14,Geórgia,Albânia,0,2,2,2.7,2.75,2.7,2.75,2.75,3.2,2.7,0-2,10.0,28-05-2025 23:55
1766791,Euro,2025-05-28,1:17,Alemanha,França,3,0,3,2.5,2.7,2.7,2.5,2.5,3.6,2.7,3-0,6.5,28-05-2025 23:55
1766798,Euro,2025-05-28,1:20,Eslováquia,Turquia,0,3,3,2.8,2.55,2.55,2.8,2.8,3.3,2.55,0-3,8.5,28-05-2025 23:55
1766805,Euro,2025-05-28,1:23,Áustria,Alemanha,0,1,1,2.5,2.8,2.5,2.8,2.8,3.5,2.5,0-1,7.5,28-05-2025 23:55
1766812,Euro,2025-05-28,1:26,Geórgia,Eslovênia,0,0,0,2.7,2.75,2.7,2.75,2.75,3.2,2.7,0-0,10.0,28-05-2025 23:55
1766819,Euro,2025-05-28,1:29,Turquia,Alemanha,0,1,1,2.5,2.8,2.5,2.8,2.8,3.4,2.5,0-1,8.0,28-05-2025 23:55
1766826,Euro,2025-05-28,1:32,Albânia,Dinamarca,3,1,4,2.75,2.7,2.75,2.7,2.75,3.2,2.7,3-1,10.0,28-05-2025 23:55
1766833,Euro,2025-05-28,1:35,Países Baixos,Eslovênia,2,1,3,2.25,3.25,3.25,2.25,2.25,3.4,3.25,2-1,8.5,28-05-2025 23:55
1766841,Euro,2025-05-28,1:38,França,Geórgia,2,1,3,1.86,4.2,4.2,1.86,1.86,3.6,4.2,2-1,7.5,28-05-2025 23:55
1766847,Euro,2025-05-28,1:41,Itália,Eslováquia,2,0,2,3.6,2.05,3.6,2.05,2.05,3.5,3.6,2-0,8.0,28-05-2025 23:55
1766853,Euro,2025-05-28,1:44,Geórgia,Hungria,0,1,1,2.55,2.8,2.55,2.8,2.8,3.3,2.55,0-1,8.5,28-05-2025 23:55
1766861,Euro,2025-05-28,1:47,Albânia,Escócia,1,1,2,2.87,2.55,2.87,2.55,2.55,3.25,2.87,1-1,9.0,28-05-2025 23:55
1766868,Euro,2025-05-28,1:50,Áustria,República Tcheca,1,1,2,3.1,2.4,3.1,2.4,2.4,3.25,3.1,1-1,9.0,28-05-2025 23:55
1766876,Euro,2025-05-28,1:53,Suíça,Eslovênia,0,2,2,3.1,2.35,3.1,2.35,2.35,3.3,3.1,0-2,9.0,28-05-2025 23:55
1766882,Euro,2025-05-28,1:56,Países Baixos,Áustria,4,0,4,2.37,2.9,2.37,2.9,2.37,3.5,2.9,4-0,7.0,28-05-2025 23:55
1766889,Euro,2025-05-28,1:59,República Tcheca,França,0,0,0,2.37,3.0,2.37,3.0,3.0,3.4,2.37,0-0,8.0,28-05-2025 23:55
1766617,Euro,2025-05-28,0:02,Sérvia,Eslováquia,1,0,1,3.4,2.2,3.4,2.2,2.2,3.3,3.4,1-0,9.0,28-05-2025 23:55
1766623,Euro,2025-05-28,0:05,Romênia,França,1,2,3,3.0,2.25,2.25,3.0,3.0,3.6,2.25,1-2,6.5,28-05-2025 23:55
1766630,Euro,2025-05-28,0:08,Turquia,Sérvia,1,0,1,3.0,2.5,3.0,2.5,2.5,3.2,3.0,1-0,10.0,28-05-2025 23:55
1766638,Euro,2025-05-28,0:11,Itália,Áustria,4,2,6,2.3,3.1,2.3,3.1,2.3,3.4,3.1,4-2,8.0,28-05-2025 23:55
1766644,Euro,2025-05-28,0:14,Geórgia,Romênia,1,1,2,2.6,2.7,2.6,2.7,2.7,3.4,2.6,1-1,7.5,28-05-2025 23:55
1766651,Euro,2025-05-28,0:17,Portugal,Eslováquia,2,0,2,3.75,2.0,3.75,2.0,2.0,3.5,3.75,2-0,7.5,28-05-2025 23:55
1766657,Euro,2025-05-28,0:20,Alemanha,Sérvia,3,3,6,2.2,3.3,2.2,3.3,2.2,3.4,3.3,3-3,8.0,28-05-2025 23:55
1766664,Euro,2025-05-28,0:23,Escócia,Itália,2,1,3,2.7,2.6,2.6,2.7,2.7,3.4,2.6,2-1,7.5,28-05-2025 23:55
1766672,Euro,2025-05-28,0:26,Espanha,Alemanha,1,3,4,2.5,2.7,2.5,2.7,2.5,3.6,2.7,1-3,6.5,28-05-2025 23:55
1766679,Euro,2025-05-28,0:29,Inglaterra,Hungria,1,1,2,3.5,2.07,3.5,2.07,2.07,3.5,3.5,1-1,7.5,28-05-2025 23:55
1766686,Euro,2025-05-28,0:32,Espanha,Suíça,3,1,4,2.25,3.1,2.25,3.1,2.25,3.6,3.1,3-1,6.5,28-05-2025 23:55
1766693,Euro,2025-05-28,0:35,Geórgia,Croácia,0,0,0,2.37,3.0,2.37,3.0,3.0,3.4,2.37,0-0,8.0,28-05-2025 23:55
1766700,Euro,2025-05-28,0:38,Eslováquia,Alemanha,0,1,1,2.2,3.2,2.2,3.2,3.2,3.5,2.2,0-1,7.0,28-05-2025 23:55
1766707,Euro,2025-05-28,0:41,Hungria,Sérvia,0,0,0,2.87,2.55,2.87,2.55,2.55,3.25,2.87,0-0,9.0,28-05-2025 23:55
1766714,Euro,2025-05-28,0:44,Inglaterra,Portugal,0,0,0,3.0,2.3,3.0,2.3,2.3,3.5,3.0,0-0,7.0,28-05-2025 23:55
1766721,Euro,2025-05-28,0:47,Croácia,Itália,0,0,0,2.75,2.55,2.75,2.55,2.55,3.4,2.75,0-0,7.5,28-05-2025 23:55
1766728,Euro,2025-05-28,0:50,Suíça,França,0,4,4,2.87,2.37,2.87,2.37,2.87,3.6,2.37,0-4,6.5,28-05-2025 23:55
1766735,Euro,2025-05-28,0:53,Turquia,Áustria,3,1,4,2.45,2.9,2.45,2.9,2.45,3.3,2.9,3-1,9.0,28-05-2025 23:55
1766742,Euro,2025-05-28,0:56,Dinamarca,Sérvia,1,0,1,3.1,2.4,3.1,2.4,2.4,3.25,3.1,1-0,9.0,28-05-2025 23:55
1766749,Euro,2025-05-28,0:59,Ucrânia,Escócia,1,0,1,2.75,2.5,2.75,2.5,2.5,3.4,2.75,1-0,7.5,28-05-2025 23:55
1766479,Euro,2025-05-28,23:02,Suíça,Portugal,2,1,3,2.7,2.55,2.55,2.7,2.7,3.5,2.55,2-1,7.0,28-05-2025 23:55
1766485,Euro,2025-05-28,23:05,Bélgica,República Tcheca,1,2,3,2.25,3.25,3.25,2.25,2.25,3.4,3.25,1-2,8.5,28-05-2025 23:55
1766493,Euro,2025-05-28,23:08,Suíça,Alemanha,3,2,5,2.75,2.45,2.75,2.45,2.75,3.5,2.45,3-2,6.5,28-05-2025 23:55
1766500,Euro,2025-05-28,23:11,Itália,Portugal,3,2,5,2.55,2.75,2.55,2.75,2.55,3.4,2.75,3-2,7.5,28-05-2025 23:55
1766508,Euro,2025-05-28,23:14,Albânia,Romênia,0,1,1,2.9,2.45,2.9,2.45,2.45,3.3,2.9,0-1,8.5,28-05-2025 23:55
1766514,Euro,2025-05-28,23:17,Áustria,Ucrânia,0,2,2,3.1,2.3,3.1,2.3,2.3,3.4,3.1,0-2,8.0,28-05-2025 23:55
1766521,Euro,2025-05-28,23:20,Romênia,Países Baixos,1,1,2,2.55,2.62,2.55,2.62,2.62,3.6,2.55,1-1,6.5,28-05-2025 23:55
1766528,Euro,2025-05-28,23:23,Polônia,Espanha,2,0,2,2.45,2.87,2.45,2.87,2.87,3.4,2.45,2-0,7.5,28-05-2025 23:55
1766535,Euro,2025-05-28,23:26,Suíça,Geórgia,1,4,5,2.1,3.5,2.1,3.5,2.1,3.5,3.5,1-4,7.5,28-05-2025 23:55
1766542,Euro,2025-05-28,23:29,Polônia,Croácia,1,0,1,2.62,2.7,2.62,2.7,2.7,3.3,2.62,1-0,8.5,28-05-2025 23:55
1766549,Euro,2025-05-28,23:32,Geórgia,Turquia,1,1,2,2.5,2.9,2.5,2.9,2.9,3.25,2.5,1-1,9.0,28-05-2025 23:55
1766556,Euro,2025-05-28,23:35,República Tcheca,Áustria,0,0,0,2.87,2.55,2.87,2.55,2.55,3.25,2.87,0-0,9.0,28-05-2025 23:55
1766563,Euro,2025-05-28,23:38,Croácia,Ucrânia,0,3,3,2.25,3.2,3.2,2.25,2.25,3.4,3.2,0-3,7.5,28-05-2025 23:55
1766570,Euro,2025-05-28,23:41,Portugal,República Tcheca,1,0,1,3.4,2.2,3.4,2.2,2.2,3.3,3.4,1-0,9.0,28-05-2025 23:55
1766577,Euro,2025-05-28,23:44,França,Países Baixos,1,0,1,3.2,2.15,3.2,2.15,2.15,3.6,3.2,1-0,6.0,28-05-2025 23:55
1766584,Euro,2025-05-28,23:47,Geórgia,Eslováquia,1,3,4,2.5,2.8,2.5,2.8,2.5,3.3,2.8,1-3,8.5,28-05-2025 23:55
1766591,Euro,2025-05-28,23:50,Escócia,Romênia,2,1,3,2.35,2.9,2.9,2.35,2.35,3.5,2.9,2-1,7.0,28-05-2025 23:55
1766598,Euro,2025-05-28,23:53,Croácia,Bélgica,3,0,3,2.5,2.75,2.75,2.5,2.5,3.5,2.75,3-0,7.0,28-05-2025 23:55
1766605,Euro,2025-05-28,23:56,Portugal,Suíça,0,2,2,3.1,2.25,3.1,2.25,2.25,3.5,3.1,0-2,7.0,28-05-2025 23:55
1766338,Euro,2025-05-28,22:02,Eslovênia,Eslováquia,1,1,2,3.25,2.3,3.25,2.3,2.3,3.25,3.25,1-1,10.0,28-05-2025 23:55
1766346,Euro,2025-05-28,22:05,Croácia,República Tcheca,2,1,3,2.35,3.1,3.1,2.35,2.35,3.3,3.1,2-1,9.0,28-05-2025 23:55
1766353,Euro,2025-05-28,22:08,Dinamarca,Áustria,0,3,3,2.4,3.0,3.0,2.4,2.4,3.3,3.0,0-3,8.5,28-05-2025 23:55
1766361,Euro,2025-05-28,22:11,Bélgica,Eslovênia,1,0,1,3.4,2.2,3.4,2.2,2.2,3.3,3.4,1-0,9.0,28-05-2025 23:55
1766366,Euro,2025-05-28,22:14,Croácia,Hungria,1,0,1,3.1,2.3,3.1,2.3,2.3,3.4,3.1,1-0,8.0,28-05-2025 23:55
1766374,Euro,2025-05-28,22:17,Bélgica,Dinamarca,2,3,5,2.4,3.0,2.4,3.0,2.4,3.4,3.0,2-3,7.5,28-05-2025 23:55
1766381,Euro,2025-05-28,22:20,Portugal,Polônia,2,1,3,2.15,3.5,3.5,2.15,2.15,3.4,3.5,2-1,8.5,28-05-2025 23:55
1766388,Euro,2025-05-28,22:23,República Tcheca,Geórgia,3,1,4,2.2,3.5,2.2,3.5,2.2,3.25,3.5,3-1,10.0,28-05-2025 23:55
1766395,Euro,2025-05-28,22:26,Turquia,Suíça,0,1,1,2.9,2.45,2.9,2.45,2.45,3.4,2.9,0-1,8.0,28-05-2025 23:55
1766400,Euro,2025-05-28,22:29,Bélgica,Geórgia,0,1,1,3.75,2.0,3.75,2.0,2.0,3.5,3.75,0-1,7.5,28-05-2025 23:55
1766409,Euro,2025-05-28,22:32,Turquia,Itália,0,3,3,2.62,2.7,2.7,2.62,2.62,3.3,2.7,0-3,9.0,28-05-2025 23:55
1766416,Euro,2025-05-28,22:35,Escócia,França,1,1,2,2.3,3.0,2.3,3.0,3.0,3.6,2.3,1-1,6.5,28-05-2025 23:55
1766423,Euro,2025-05-28,22:38,Turquia,República Tcheca,0,0,0,3.1,2.4,3.1,2.4,2.4,3.2,3.1,0-0,10.0,28-05-2025 23:55
1766430,Euro,2025-05-28,22:41,Espanha,Polônia,1,2,3,2.15,3.4,3.4,2.15,2.15,3.5,3.4,1-2,7.5,28-05-2025 23:55
1766437,Euro,2025-05-28,22:44,Croácia,Romênia,1,1,2,3.1,2.25,3.1,2.25,2.25,3.5,3.1,1-1,7.0,28-05-2025 23:55
1766443,Euro,2025-05-28,22:47,Eslovênia,Dinamarca,1,1,2,2.7,2.75,2.7,2.75,2.75,3.2,2.7,1-1,10.0,28-05-2025 23:55
1766451,Euro,2025-05-28,22:50,Países Baixos,Romênia,0,1,1,3.1,2.25,3.1,2.25,2.25,3.6,3.1,0-1,6.5,28-05-2025 23:55
1766458,Euro,2025-05-28,22:53,Croácia,Eslováquia,1,2,3,2.1,3.5,3.5,2.1,2.1,3.5,3.5,1-2,7.5,28-05-2025 23:55
1766465,Euro,2025-05-28,22:56,Bélgica,Polônia,2,2,4,2.2,3.3,2.2,3.3,2.2,3.4,3.3,2-2,8.0,28-05-2025 23:55
1766472,Euro,2025-05-28,22:59,França,Eslovênia,4,1,5,2.02,3.8,2.02,3.8,2.02,3.4,3.8,4-1,8.5,28-05-2025 23:55
1766198,Euro,2025-05-28,21:02,Romênia,Inglaterra,2,1,3,3.0,2.25,2.25,3.0,3.0,3.6,2.25,2-1,6.5,28-05-2025 23:55
1766206,Euro,2025-05-28,21:05,Alemanha,Albânia,0,0,0,3.75,2.07,3.75,2.07,2.07,3.4,3.75,0-0,9.0,28-05-2025 23:55
1766213,Euro,2025-05-28,21:08,Portugal,Ucrânia,2,3,5,2.1,3.4,2.1,3.4,2.1,3.5,3.4,2-3,7.5,28-05-2025 23:55
1766220,Euro,2025-05-28,21:11,Bélgica,Hungria,0,3,3,2.25,3.2,3.2,2.25,2.25,3.4,3.2,0-3,7.5,28-05-2025 23:55
1766227,Euro,2025-05-28,21:14,Suíça,Ucrânia,2,0,2,3.0,2.3,3.0,2.3,2.3,3.5,3.0,2-0,7.5,28-05-2025 23:55
1766234,Euro,2025-05-28,21:17,Espanha,Escócia,0,0,0,3.2,2.2,3.2,2.2,2.2,3.6,3.2,0-0,7.0,28-05-2025 23:55
1766241,Euro,2025-05-28,21:20,Inglaterra,Geórgia,1,0,1,4.2,1.86,4.2,1.86,1.86,3.6,4.2,1-0,7.5,28-05-2025 23:55
1766248,Euro,2025-05-28,21:23,Sérvia,Portugal,1,0,1,2.62,2.7,2.62,2.7,2.7,3.3,2.62,1-0,8.5,28-05-2025 23:55
1766255,Euro,2025-05-28,21:26,Bélgica,Albânia,0,1,1,3.4,2.2,3.4,2.2,2.2,3.3,3.4,0-1,9.0,28-05-2025 23:55
1766262,Euro,2025-05-28,21:29,Eslovênia,Hungria,1,1,2,2.9,2.55,2.9,2.55,2.55,3.2,2.9,1-1,10.0,28-05-2025 23:55
1766269,Euro,2025-05-28,21:32,Polônia,Geórgia,1,1,2,3.3,2.25,3.3,2.25,2.25,3.3,3.3,1-1,9.0,28-05-2025 23:55
1766276,Euro,2025-05-28,21:35,Hungria,Inglaterra,0,2,2,2.35,3.0,2.35,3.0,3.0,3.5,2.35,0-2,7.0,28-05-2025 23:55
1766283,Euro,2025-05-28,21:38,Países Baixos,Albânia,3,0,3,2.25,3.25,3.25,2.25,2.25,3.4,3.25,3-0,8.5,28-05-2025 23:55
1766290,Euro,2025-05-28,21:41,Eslovênia,Geórgia,0,2,2,3.4,2.25,3.4,2.25,2.25,3.2,3.4,0-2,10.0,28-05-2025 23:55
1766297,Euro,2025-05-28,21:44,Alemanha,Escócia,1,0,1,3.4,2.1,3.4,2.1,2.1,3.6,3.4,1-0,7.0,28-05-2025 23:55
1766304,Euro,2025-05-28,21:47,Países Baixos,Ucrânia,0,1,1,3.1,2.25,3.1,2.25,2.25,3.5,3.1,0-1,7.0,28-05-2025 23:55
1766311,Euro,2025-05-28,21:50,Alemanha,Itália,0,0,0,3.0,2.3,3.0,2.3,2.3,3.5,3.0,0-0,7.5,28-05-2025 23:55
1766318,Euro,2025-05-28,21:53,Romênia,Ucrânia,1,0,1,2.87,2.45,2.87,2.45,2.45,3.5,2.87,1-0,7.5,28-05-2025 23:55
1766325,Euro,2025-05-28,21:56,Bélgica,Itália,0,0,0,2.8,2.45,2.8,2.45,2.45,3.5,2.8,0-0,7.5,28-05-2025 23:55
1766332,Euro,2025-05-28,21:59,Áustria,Croácia,1,2,3,2.55,2.75,2.75,2.55,2.55,3.4,2.75,1-2,7.5,28-05-2025 23:55
1767035,Copa,2025-05-28,3:01,Canadá,Gana,0,1,1,2.8,2.5,2.8,2.5,2.5,3.4,2.8,0-1,7.5,28-05-2025 23:54
1767040,Copa,2025-05-28,3:04,México,Austrália,3,4,7,2.15,3.3,2.15,3.3,2.15,3.5,3.3,3-4,7.0,28-05-2025 23:54
1767047,Copa,2025-05-28,3:07,Costa Rica,Bélgica,0,1,1,2.15,3.3,2.15,3.3,3.3,3.5,2.15,0-1,7.5,28-05-2025 23:54
1767055,Copa,2025-05-28,3:10,Portugal,Irã,2,0,2,4.0,1.9,4.0,1.9,1.9,3.75,4.0,2-0,6.5,28-05-2025 23:54
1767061,Copa,2025-05-28,3:13,Arábia Saudita,Austrália,4,2,6,2.55,2.62,2.55,2.62,2.55,3.6,2.62,4-2,6.5,28-05-2025 23:54
1767068,Copa,2025-05-28,3:16,Inglaterra,Suíça,3,1,4,2.1,3.4,2.1,3.4,2.1,3.6,3.4,3-1,7.0,28-05-2025 23:54
1767076,Copa,2025-05-28,3:19,Sérvia,Equador,1,1,2,3.1,2.37,3.1,2.37,2.37,3.25,3.1,1-1,9.0,28-05-2025 23:54
1767082,Copa,2025-05-28,3:22,Costa Rica,Países Baixos,0,2,2,2.2,3.2,2.2,3.2,3.2,3.5,2.2,0-2,7.0,28-05-2025 23:54
1767092,Copa,2025-05-28,3:25,Sérvia,Argentina,0,0,0,2.5,2.9,2.5,2.9,2.9,3.25,2.5,0-0,9.0,28-05-2025 23:54
1767098,Copa,2025-05-28,3:28,Marrocos,Equador,3,2,5,2.5,2.8,2.5,2.8,2.5,3.4,2.8,3-2,7.5,28-05-2025 23:54
1767103,Copa,2025-05-28,3:31,Dinamarca,Costa Rica,1,0,1,3.75,2.0,3.75,2.0,2.0,3.6,3.75,1-0,7.0,28-05-2025 23:54
1767112,Copa,2025-05-28,3:34,Portugal,Bélgica,1,1,2,2.7,2.55,2.7,2.55,2.55,3.5,2.7,1-1,7.0,28-05-2025 23:54
1767117,Copa,2025-05-28,3:37,Gana,Uruguai,2,0,2,2.5,2.75,2.5,2.75,2.75,3.5,2.5,2-0,7.0,28-05-2025 23:54
1767126,Copa,2025-05-28,3:40,Marrocos,Espanha,1,1,2,2.25,3.1,2.25,3.1,3.1,3.5,2.25,1-1,7.0,28-05-2025 23:54
1767131,Copa,2025-05-28,3:43,Inglaterra,Tunísia,3,2,5,1.85,4.2,1.85,4.2,1.85,3.6,4.2,3-2,7.5,28-05-2025 23:54
1767138,Copa,2025-05-28,3:46,México,Polônia,3,0,3,2.45,2.9,2.9,2.45,2.45,3.4,2.9,3-0,8.0,28-05-2025 23:54
1767145,Copa,2025-05-28,3:49,Canadá,França,2,3,5,3.4,2.1,3.4,2.1,3.4,3.5,2.1,2-3,7.0,28-05-2025 23:54
1767154,Copa,2025-05-28,3:52,Brasil,Polônia,2,1,3,2.02,3.6,3.6,2.02,2.02,3.6,3.6,2-1,7.0,28-05-2025 23:54
1766893,Copa,2025-05-28,2:01,Argentina,Portugal,0,1,1,3.0,2.3,3.0,2.3,2.3,3.6,3.0,0-1,6.5,28-05-2025 23:54
1766901,Copa,2025-05-28,2:04,EUA,França,1,2,3,3.0,2.4,2.4,3.0,3.0,3.3,2.4,1-2,8.5,28-05-2025 23:54
1766907,Copa,2025-05-28,2:07,Suíça,Países Baixos,1,2,3,2.6,2.62,2.62,2.6,2.6,3.5,2.62,1-2,7.5,28-05-2025 23:54
1766914,Copa,2025-05-28,2:10,Costa Rica,Austrália,2,2,4,2.5,2.75,2.5,2.75,2.5,3.5,2.75,2-2,7.0,28-05-2025 23:54
1766925,Copa,2025-05-28,2:13,Dinamarca,Alemanha,2,0,2,2.62,2.6,2.62,2.6,2.6,3.5,2.62,2-0,6.5,28-05-2025 23:54
1766930,Copa,2025-05-28,2:16,México,Marrocos,1,1,2,3.1,2.3,3.1,2.3,2.3,3.4,3.1,1-1,8.0,28-05-2025 23:54
1766935,Copa,2025-05-28,2:19,Qatar,Sérvia,0,1,1,2.6,2.87,2.6,2.87,2.87,3.2,2.6,0-1,10.0,28-05-2025 23:54
1766942,Copa,2025-05-28,2:22,França,México,3,1,4,2.07,3.5,2.07,3.5,2.07,3.5,3.5,3-1,7.5,28-05-2025 23:54
1766951,Copa,2025-05-28,2:25,Argentina,Uruguai,0,0,0,3.3,2.2,3.3,2.2,2.2,3.5,3.3,0-0,7.5,28-05-2025 23:54
1766956,Copa,2025-05-28,2:28,Senegal,Irã,0,0,0,3.8,1.98,3.8,1.98,1.98,3.5,3.8,0-0,8.5,28-05-2025 23:54
1766964,Copa,2025-05-28,2:31,Inglaterra,Arábia Saudita,1,0,1,4.5,1.76,4.5,1.76,1.76,3.8,4.5,1-0,6.5,28-05-2025 23:54
1766972,Copa,2025-05-28,2:34,Coreia do Sul,Qatar,3,0,3,2.45,2.9,2.9,2.45,2.45,3.4,2.9,3-0,8.0,28-05-2025 23:54
1766977,Copa,2025-05-28,2:37,Equador,Marrocos,4,1,5,2.37,3.0,2.37,3.0,2.37,3.4,3.0,4-1,7.5,28-05-2025 23:54
1766984,Copa,2025-05-28,2:40,Camarões,Coreia do Sul,1,1,2,2.87,2.4,2.87,2.4,2.4,3.5,2.87,1-1,7.0,28-05-2025 23:54
1766990,Copa,2025-05-28,2:43,Brasil,Irã,4,2,6,1.72,4.75,1.72,4.75,1.72,3.8,4.75,4-2,6.5,28-05-2025 23:54
1766999,Copa,2025-05-28,2:46,Croácia,Polônia,1,2,3,2.3,3.2,3.2,2.3,2.3,3.3,3.2,1-2,9.0,28-05-2025 23:54
1767009,Copa,2025-05-28,2:49,França,Senegal,0,0,0,3.5,2.15,3.5,2.15,2.15,3.4,3.5,0-0,8.5,28-05-2025 23:54
1767013,Copa,2025-05-28,2:52,México,Portugal,1,0,1,2.55,2.7,2.55,2.7,2.7,3.5,2.55,1-0,7.0,28-05-2025 23:54
1767019,Copa,2025-05-28,2:55,Camarões,Japão,0,2,2,2.7,2.6,2.7,2.6,2.6,3.4,2.7,0-2,8.0,28-05-2025 23:54
1767025,Copa,2025-05-28,2:58,Equador,Coreia do Sul,0,1,1,3.2,2.25,3.2,2.25,2.25,3.5,3.2,0-1,7.5,28-05-2025 23:54
1766755,Copa,2025-05-28,1:01,Portugal,Espanha,0,0,0,2.6,2.6,2.6,2.6,2.6,3.6,2.6,0-0,6.0,28-05-2025 23:54
1766760,Copa,2025-05-28,1:04,Tunísia,Senegal,1,0,1,2.5,2.9,2.5,2.9,2.9,3.25,2.5,1-0,9.0,28-05-2025 23:54
1766769,Copa,2025-05-28,1:07,Polônia,Gana,2,1,3,2.25,3.2,3.2,2.25,2.25,3.5,3.2,2-1,7.5,28-05-2025 23:54
1766773,Copa,2025-05-28,1:10,Austrália,Marrocos,0,0,0,2.7,2.6,2.7,2.6,2.6,3.5,2.7,0-0,7.0,28-05-2025 23:54
1766782,Copa,2025-05-28,1:13,Canadá,Arábia Saudita,1,2,3,2.25,3.1,3.1,2.25,2.25,3.5,3.1,1-2,7.0,28-05-2025 23:54
1766788,Copa,2025-05-28,1:16,Irã,Equador,0,1,1,2.4,2.8,2.4,2.8,2.8,3.5,2.4,0-1,7.0,28-05-2025 23:54
1766795,Copa,2025-05-28,1:19,País de Gales,Arábia Saudita,1,0,1,3.25,2.2,3.25,2.2,2.2,3.5,3.25,1-0,7.5,28-05-2025 23:54
1766804,Copa,2025-05-28,1:22,Portugal,Argentina,0,1,1,2.62,2.6,2.62,2.6,2.6,3.5,2.62,0-1,6.5,28-05-2025 23:54
1766809,Copa,2025-05-28,1:25,Japão,Alemanha,2,1,3,3.0,2.37,2.37,3.0,3.0,3.4,2.37,2-1,8.0,28-05-2025 23:54
1766816,Copa,2025-05-28,1:28,Uruguai,Irã,1,1,2,3.75,2.0,3.75,2.0,2.0,3.6,3.75,1-1,7.0,28-05-2025 23:54
1766823,Copa,2025-05-28,1:31,Costa Rica,Polônia,0,0,0,2.45,2.87,2.45,2.87,2.87,3.4,2.45,0-0,7.5,28-05-2025 23:54
1766830,Copa,2025-05-28,1:34,Dinamarca,Camarões,1,2,3,2.05,3.5,3.5,2.05,2.05,3.6,3.5,1-2,6.5,28-05-2025 23:54
1766838,Copa,2025-05-28,1:37,Brasil,Canadá,3,0,3,1.83,4.33,4.33,1.83,1.83,3.75,4.33,3-0,7.0,28-05-2025 23:54
1766846,Copa,2025-05-28,1:40,Alemanha,Inglaterra,1,2,3,2.6,2.62,2.62,2.6,2.6,3.5,2.62,1-2,6.5,28-05-2025 23:54
1766850,Copa,2025-05-28,1:43,Portugal,Costa Rica,1,0,1,3.8,1.95,3.8,1.95,1.95,3.6,3.8,1-0,6.5,28-05-2025 23:54
1766858,Copa,2025-05-28,1:46,Irã,Austrália,1,0,1,2.62,2.55,2.62,2.55,2.55,3.6,2.62,1-0,6.5,28-05-2025 23:54
1766865,Copa,2025-05-28,1:49,Uruguai,Argentina,0,0,0,2.5,2.8,2.5,2.8,2.8,3.5,2.5,0-0,7.5,28-05-2025 23:54
1766875,Copa,2025-05-28,1:52,México,Tunísia,3,0,3,2.15,3.4,3.4,2.15,2.15,3.4,3.4,3-0,8.0,28-05-2025 23:54
1766879,Copa,2025-05-28,1:55,Alemanha,Senegal,2,2,4,2.25,3.25,2.25,3.25,2.25,3.4,3.25,2-2,8.5,28-05-2025 23:54
1766886,Copa,2025-05-28,1:58,Inglaterra,Polônia,3,1,4,2.07,3.5,2.07,3.5,2.07,3.5,3.5,3-1,7.5,28-05-2025 23:54
1766614,Copa,2025-05-28,0:01,Croácia,Uruguai,2,3,5,2.37,3.0,2.37,3.0,2.37,3.3,3.0,2-3,8.5,28-05-2025 23:54
1766620,Copa,2025-05-28,0:04,Inglaterra,Dinamarca,2,0,2,3.2,2.2,3.2,2.2,2.2,3.6,3.2,2-0,7.0,28-05-2025 23:54
1766632,Copa,2025-05-28,0:07,Uruguai,EUA,1,1,2,3.1,2.4,3.1,2.4,2.4,3.25,3.1,1-1,9.0,28-05-2025 23:54
1766636,Copa,2025-05-28,0:10,Sérvia,Coreia do Sul,1,2,3,2.2,3.5,3.5,2.2,2.2,3.25,3.5,1-2,10.0,28-05-2025 23:54
1766641,Copa,2025-05-28,0:13,Austrália,Dinamarca,0,1,1,2.35,2.9,2.35,2.9,2.9,3.6,2.35,0-1,6.5,28-05-2025 23:54
1766648,Copa,2025-05-28,0:16,Brasil,Marrocos,3,1,4,1.9,4.0,1.9,4.0,1.9,3.6,4.0,3-1,7.0,28-05-2025 23:54
1766655,Copa,2025-05-28,0:19,Países Baixos,Coreia do Sul,0,0,0,3.75,2.0,3.75,2.0,2.0,3.5,3.75,0-0,7.5,28-05-2025 23:54
1766662,Copa,2025-05-28,0:22,Senegal,Costa Rica,3,1,4,2.05,3.75,2.05,3.75,2.05,3.4,3.75,3-1,8.5,28-05-2025 23:54
1766669,Copa,2025-05-28,0:25,Marrocos,Uruguai,1,0,1,2.6,2.7,2.6,2.7,2.7,3.4,2.6,1-0,7.5,28-05-2025 23:54
1766676,Copa,2025-05-28,0:28,Costa Rica,Camarões,1,0,1,2.75,2.5,2.75,2.5,2.5,3.5,2.75,1-0,7.0,28-05-2025 23:54
1766683,Copa,2025-05-28,0:31,Inglaterra,Canadá,4,1,5,1.85,4.2,1.85,4.2,1.85,3.6,4.2,4-1,7.5,28-05-2025 23:54
1766692,Copa,2025-05-28,0:34,Polônia,Uruguai,1,1,2,2.75,2.5,2.75,2.5,2.5,3.4,2.75,1-1,7.5,28-05-2025 23:54
1766699,Copa,2025-05-28,0:37,Tunísia,Marrocos,0,1,1,2.7,2.6,2.7,2.6,2.6,3.4,2.7,0-1,8.0,28-05-2025 23:54
1766703,Copa,2025-05-28,0:40,Alemanha,Brasil,0,1,1,2.55,2.7,2.55,2.7,2.7,3.6,2.55,0-1,6.5,28-05-2025 23:54
1766711,Copa,2025-05-28,0:43,Camarões,Gana,3,0,3,2.5,2.75,2.75,2.5,2.5,3.5,2.75,3-0,7.0,28-05-2025 23:54
1766719,Copa,2025-05-28,0:46,Brasil,Argentina,1,3,4,2.3,3.0,2.3,3.0,2.3,3.5,3.0,1-3,7.0,28-05-2025 23:54
1766724,Copa,2025-05-28,0:49,País de Gales,Bélgica,1,0,1,2.3,3.1,2.3,3.1,3.1,3.4,2.3,1-0,8.5,28-05-2025 23:54
1766734,Copa,2025-05-28,0:52,Equador,Brasil,1,1,2,2.2,3.2,2.2,3.2,3.2,3.6,2.2,1-1,6.5,28-05-2025 23:54
1766739,Copa,2025-05-28,0:55,Coreia do Sul,Marrocos,1,0,1,2.7,2.6,2.7,2.6,2.6,3.4,2.7,1-0,8.0,28-05-2025 23:54
1766746,Copa,2025-05-28,0:58,Equador,Japão,1,4,5,2.37,3.0,2.37,3.0,2.37,3.3,3.0,1-4,8.5,28-05-2025 23:54
1766476,Copa,2025-05-28,23:01,Austrália,Senegal,0,2,2,2.45,2.9,2.45,2.9,2.9,3.3,2.45,0-2,8.5,28-05-2025 23:54
1766483,Copa,2025-05-28,23:04,Croácia,Gana,2,0,2,3.5,2.1,3.5,2.1,2.1,3.4,3.5,2-0,8.5,28-05-2025 23:54
1766492,Copa,2025-05-28,23:07,EUA,Países Baixos,0,3,3,2.75,2.62,2.62,2.75,2.75,3.25,2.62,0-3,9.0,28-05-2025 23:54
1766497,Copa,2025-05-28,23:10,Argentina,Gana,0,1,1,3.8,1.95,3.8,1.95,1.95,3.6,3.8,0-1,7.5,28-05-2025 23:54
1766504,Copa,2025-05-28,23:13,Tunísia,Países Baixos,4,1,5,3.1,2.3,3.1,2.3,3.1,3.5,2.3,4-1,7.5,28-05-2025 23:54
1766513,Copa,2025-05-28,23:16,Camarões,Qatar,4,1,5,2.4,2.87,2.4,2.87,2.4,3.5,2.87,4-1,7.0,28-05-2025 23:54
1766518,Copa,2025-05-28,23:19,Alemanha,México,0,2,2,3.3,2.2,3.3,2.2,2.2,3.5,3.3,0-2,7.5,28-05-2025 23:54
1766524,Copa,2025-05-28,23:22,Bélgica,Equador,4,1,5,2.1,3.5,2.1,3.5,2.1,3.5,3.5,4-1,7.5,28-05-2025 23:54
1766532,Copa,2025-05-28,23:25,Uruguai,Croácia,2,2,4,2.55,2.8,2.55,2.8,2.55,3.3,2.8,2-2,8.5,28-05-2025 23:54
1766539,Copa,2025-05-28,23:28,Brasil,País de Gales,3,1,4,1.86,4.2,1.86,4.2,1.86,3.6,4.2,3-1,7.5,28-05-2025 23:54
1766547,Copa,2025-05-28,23:31,Polônia,Camarões,0,3,3,2.15,3.3,3.3,2.15,2.15,3.5,3.3,0-3,7.0,28-05-2025 23:54
1766552,Copa,2025-05-28,23:34,Austrália,Arábia Saudita,0,1,1,3.0,2.25,3.0,2.25,2.25,3.6,3.0,0-1,6.5,28-05-2025 23:54
1766559,Copa,2025-05-28,23:37,Coreia do Sul,Inglaterra,2,1,3,3.4,2.1,2.1,3.4,3.4,3.5,2.1,2-1,7.0,28-05-2025 23:54
1766567,Copa,2025-05-28,23:40,Irã,Polônia,0,1,1,2.35,3.0,2.35,3.0,3.0,3.5,2.35,0-1,7.0,28-05-2025 23:54
1766574,Copa,2025-05-28,23:43,Uruguai,Países Baixos,1,2,3,2.6,2.62,2.62,2.6,2.6,3.5,2.62,1-2,7.5,28-05-2025 23:54
1766581,Copa,2025-05-28,23:46,Tunísia,Equador,2,2,4,2.7,2.6,2.7,2.6,2.7,3.4,2.6,2-2,7.5,28-05-2025 23:54
1766589,Copa,2025-05-28,23:49,Suíça,México,0,3,3,2.37,3.0,3.0,2.37,2.37,3.4,3.0,0-3,7.5,28-05-2025 23:54
1766597,Copa,2025-05-28,23:52,Equador,Sérvia,3,0,3,2.55,2.87,2.87,2.55,2.55,3.25,2.87,3-0,9.0,28-05-2025 23:54
1766602,Copa,2025-05-28,23:55,Bélgica,Qatar,2,2,4,1.95,4.0,1.95,4.0,1.95,3.5,4.0,2-2,8.0,28-05-2025 23:54
1766609,Copa,2025-05-28,23:58,Países Baixos,Gana,5,0,5,2.05,3.6,2.05,3.6,2.05,3.5,3.6,5-0,7.5,28-05-2025 23:54
1766340,Copa,2025-05-28,22:01,Sérvia,Tunísia,0,1,1,3.5,2.2,3.5,2.2,2.2,3.25,3.5,0-1,10.0,28-05-2025 23:54
1766341,Copa,2025-05-28,22:04,Países Baixos,México,2,0,2,3.2,2.25,3.2,2.25,2.25,3.4,3.2,2-0,7.5,28-05-2025 23:54
1766352,Copa,2025-05-28,22:07,Canadá,Inglaterra,3,2,5,3.4,2.1,3.4,2.1,3.4,3.5,2.1,3-2,7.0,28-05-2025 23:54
1766358,Copa,2025-05-28,22:10,Arábia Saudita,País de Gales,3,0,3,2.7,2.6,2.6,2.7,2.7,3.4,2.6,3-0,7.5,28-05-2025 23:54
1766365,Copa,2025-05-28,22:13,Dinamarca,México,4,1,5,2.3,3.0,2.3,3.0,2.3,3.5,3.0,4-1,7.5,28-05-2025 23:54
1766373,Copa,2025-05-28,22:16,Marrocos,Japão,2,1,3,2.45,2.9,2.9,2.45,2.45,3.3,2.9,2-1,8.5,28-05-2025 23:54
1766378,Copa,2025-05-28,22:19,Países Baixos,Camarões,1,2,3,2.0,3.75,3.75,2.0,2.0,3.6,3.75,1-2,7.0,28-05-2025 23:54
1766384,Copa,2025-05-28,22:22,Portugal,França,3,1,4,2.7,2.55,2.7,2.55,2.7,3.6,2.55,3-1,6.5,28-05-2025 23:54
1766392,Copa,2025-05-28,22:25,Senegal,Sérvia,0,0,0,3.2,2.45,3.2,2.45,2.45,3.1,3.2,0-0,11.0,28-05-2025 23:54
1766403,Copa,2025-05-28,22:28,Costa Rica,Canadá,2,2,4,2.5,2.8,2.5,2.8,2.5,3.4,2.8,2-2,7.5,28-05-2025 23:54
1766408,Copa,2025-05-28,22:31,EUA,Qatar,2,0,2,3.5,2.2,3.5,2.2,2.2,3.25,3.5,2-0,10.0,28-05-2025 23:54
1766413,Copa,2025-05-28,22:34,Austrália,Argentina,2,3,5,3.3,2.15,3.3,2.15,3.3,3.6,2.15,2-3,7.0,28-05-2025 23:54
1766420,Copa,2025-05-28,22:37,Alemanha,Qatar,1,1,2,3.8,1.95,3.8,1.95,1.95,3.6,3.8,1-1,7.5,28-05-2025 23:54
1766429,Copa,2025-05-28,22:40,Canadá,Croácia,3,1,4,3.0,2.4,3.0,2.4,3.0,3.3,2.4,3-1,8.5,28-05-2025 23:54
1766434,Copa,2025-05-28,22:43,País de Gales,Argentina,4,2,6,3.25,2.25,3.25,2.25,3.25,3.4,2.25,4-2,8.0,28-05-2025 23:54
1766445,Copa,2025-05-28,22:46,Portugal,Canadá,1,1,2,3.6,2.0,3.6,2.0,2.0,3.6,3.6,1-1,7.0,28-05-2025 23:54
1766450,Copa,2025-05-28,22:49,Arábia Saudita,Qatar,4,2,6,2.6,2.7,2.6,2.7,2.6,3.5,2.7,4-2,7.0,28-05-2025 23:54
1766455,Copa,2025-05-28,22:52,Argentina,Coreia do Sul,1,1,2,4.0,1.9,4.0,1.9,1.9,3.6,4.0,1-1,7.5,28-05-2025 23:54
1766463,Copa,2025-05-28,22:55,França,Costa Rica,2,1,3,1.8,4.33,4.33,1.8,1.8,3.75,4.33,2-1,7.0,28-05-2025 23:54
1766469,Copa,2025-05-28,22:58,Sérvia,Camarões,2,0,2,3.4,2.15,3.4,2.15,2.15,3.4,3.4,2-0,8.5,28-05-2025 23:54
1766200,Copa,2025-05-28,21:01,França,Camarões,2,0,2,4.2,1.85,4.2,1.85,1.85,3.75,4.2,2-0,6.5,28-05-2025 23:54
1766205,Copa,2025-05-28,21:04,Marrocos,Sérvia,2,0,2,2.75,2.7,2.75,2.7,2.7,3.2,2.75,2-0,10.0,28-05-2025 23:54
1766209,Copa,2025-05-28,21:07,Camarões,Polônia,0,1,1,2.5,2.75,2.5,2.75,2.75,3.5,2.5,0-1,7.0,28-05-2025 23:54
1766217,Copa,2025-05-28,21:10,Qatar,Dinamarca,0,2,2,2.35,3.0,2.35,3.0,3.0,3.5,2.35,0-2,7.0,28-05-2025 23:54
1766224,Copa,2025-05-28,21:13,Uruguai,França,2,0,2,2.4,2.87,2.4,2.87,2.87,3.5,2.4,2-0,7.0,28-05-2025 23:54
1766233,Copa,2025-05-28,21:16,Gana,Países Baixos,0,3,3,3.0,2.35,2.35,3.0,3.0,3.5,2.35,0-3,7.0,28-05-2025 23:54
1766238,Copa,2025-05-28,21:19,Arábia Saudita,Coreia do Sul,0,1,1,2.7,2.6,2.7,2.6,2.6,3.5,2.7,0-1,7.0,28-05-2025 23:54
1766245,Copa,2025-05-28,21:22,França,Sérvia,0,0,0,3.75,2.07,3.75,2.07,2.07,3.4,3.75,0-0,9.0,28-05-2025 23:54
1766253,Copa,2025-05-28,21:25,México,Gana,1,1,2,3.2,2.25,3.2,2.25,2.25,3.5,3.2,1-1,7.5,28-05-2025 23:54
1766259,Copa,2025-05-28,21:28,Camarões,Austrália,2,0,2,2.8,2.4,2.8,2.4,2.4,3.6,2.8,2-0,6.5,28-05-2025 23:54
1766266,Copa,2025-05-28,21:31,Bélgica,Espanha,1,1,2,2.75,2.5,2.75,2.5,2.5,3.5,2.75,1-1,7.0,28-05-2025 23:54
1766273,Copa,2025-05-28,21:34,Equador,País de Gales,2,1,3,2.3,3.1,3.1,2.3,2.3,3.4,3.1,2-1,8.0,28-05-2025 23:54
1766280,Copa,2025-05-28,21:37,Bélgica,Dinamarca,1,0,1,3.0,2.3,3.0,2.3,2.3,3.5,3.0,1-0,7.5,28-05-2025 23:54
1766287,Copa,2025-05-28,21:40,Espanha,Marrocos,2,1,3,2.0,3.6,3.6,2.0,2.0,3.6,3.6,2-1,7.0,28-05-2025 23:54
1766294,Copa,2025-05-28,21:43,Inglaterra,Coreia do Sul,1,1,2,4.2,1.85,4.2,1.85,1.85,3.6,4.2,1-1,7.5,28-05-2025 23:54
1766302,Copa,2025-05-28,21:46,Costa Rica,Senegal,1,1,2,2.4,3.0,2.4,3.0,3.0,3.3,2.4,1-1,8.5,28-05-2025 23:54
1766308,Copa,2025-05-28,21:49,Argentina,Espanha,3,0,3,2.45,2.8,2.8,2.45,2.45,3.5,2.8,3-0,6.5,28-05-2025 23:54
1766315,Copa,2025-05-28,21:52,Brasil,Senegal,2,0,2,3.6,2.07,3.6,2.07,2.07,3.4,3.6,2-0,8.0,28-05-2025 23:54
1766322,Copa,2025-05-28,21:55,Tunísia,Qatar,3,0,3,2.45,2.9,2.9,2.45,2.45,3.4,2.9,3-0,8.0,28-05-2025 23:54
1766330,Copa,2025-05-28,21:58,Senegal,Países Baixos,4,0,4,2.62,2.75,2.62,2.75,2.62,3.3,2.75,4-0,8.5,28-05-2025 23:54
1767031,Premier,2025-05-28,3:00,Norwich,West Ham,2,0,2,2.55,2.8,2.55,2.8,2.8,3.3,2.55,2-0,8.5,28-05-2025 23:53
1767038,Premier,2025-05-28,3:03,Brighton,Everton,1,1,2,2.4,2.8,2.4,2.8,2.8,3.6,2.4,1-1,6.5,28-05-2025 23:53
1767045,Premier,2025-05-28,3:06,Tottenham,United,2,0,2,2.62,2.7,2.62,2.7,2.7,3.3,2.62,2-0,8.5,28-05-2025 23:53
1767052,Premier,2025-05-28,3:09,Leeds,Newcastle,1,0,1,3.1,2.3,3.1,2.3,2.3,3.4,3.1,1-0,8.0,28-05-2025 23:53
1767059,Premier,2025-05-28,3:12,Islington,City,1,2,3,2.75,2.45,2.45,2.75,2.75,3.5,2.45,1-2,6.5,28-05-2025 23:53
1767066,Premier,2025-05-28,3:15,Tottenham,Brentford,0,0,0,3.75,2.05,3.75,2.05,2.05,3.4,3.75,0-0,9.0,28-05-2025 23:53
1767073,Premier,2025-05-28,3:18,Watford,Wolverhampton,3,3,6,2.8,2.4,2.8,2.4,2.8,3.5,2.4,3-3,7.0,28-05-2025 23:53
1767080,Premier,2025-05-28,3:21,Chelsea,Norwich,1,2,3,1.95,3.8,3.8,1.95,1.95,3.6,3.8,1-2,7.5,28-05-2025 23:53
1767087,Premier,2025-05-28,3:24,Brentford,United,1,1,2,2.15,3.3,2.15,3.3,3.3,3.5,2.15,1-1,7.5,28-05-2025 23:53
1767093,Premier,2025-05-28,3:27,Burnley,Leeds,0,2,2,2.62,2.7,2.62,2.7,2.7,3.3,2.62,0-2,8.5,28-05-2025 23:53
1767100,Premier,2025-05-28,3:30,Aston,Liverpool,0,0,0,2.37,3.0,2.37,3.0,3.0,3.4,2.37,0-0,8.0,28-05-2025 23:53
1767108,Premier,2025-05-28,3:33,United,Palace,3,0,3,1.95,3.8,3.8,1.95,1.95,3.6,3.8,3-0,7.5,28-05-2025 23:53
1767115,Premier,2025-05-28,3:36,Watford,Brighton,2,1,3,2.35,3.0,3.0,2.35,2.35,3.5,3.0,2-1,7.0,28-05-2025 23:53
1767122,Premier,2025-05-28,3:39,Leeds,Southampton,0,2,2,3.0,2.45,3.0,2.45,2.45,3.2,3.0,0-2,10.0,28-05-2025 23:53
1767129,Premier,2025-05-28,3:42,Brentford,Norwich,0,0,0,3.0,2.35,3.0,2.35,2.35,3.4,3.0,0-0,7.5,28-05-2025 23:53
1767136,Premier,2025-05-28,3:45,City,Southampton,2,2,4,1.95,3.8,1.95,3.8,1.95,3.6,3.8,2-2,7.5,28-05-2025 23:53
1767143,Premier,2025-05-28,3:48,West Ham,Aston,2,1,3,2.3,3.25,3.25,2.3,2.3,3.25,3.25,2-1,10.0,28-05-2025 23:53
1767150,Premier,2025-05-28,3:51,Brighton,United,2,1,3,3.4,2.07,2.07,3.4,3.4,3.6,2.07,2-1,6.5,28-05-2025 23:53
1766891,Premier,2025-05-28,2:00,Palace,Islington,0,0,0,2.35,3.0,2.35,3.0,3.0,3.5,2.35,0-0,7.0,28-05-2025 23:53
1766898,Premier,2025-05-28,2:03,Everton,West Ham,0,1,1,3.0,2.4,3.0,2.4,2.4,3.3,3.0,0-1,8.5,28-05-2025 23:53
1766905,Premier,2025-05-28,2:06,Chelsea,Aston,2,1,3,2.05,3.6,3.6,2.05,2.05,3.5,3.6,2-1,8.0,28-05-2025 23:53
1766912,Premier,2025-05-28,2:09,Palace,Norwich,5,1,6,2.3,3.1,2.3,3.1,2.3,3.5,3.1,5-1,7.0,28-05-2025 23:53
1766918,Premier,2025-05-28,2:12,City,Newcastle,0,0,0,4.0,1.86,4.0,1.86,1.86,3.8,4.0,0-0,6.0,28-05-2025 23:53
1766926,Premier,2025-05-28,2:15,Brighton,Aston,0,3,3,2.6,2.7,2.7,2.6,2.6,3.5,2.7,0-3,7.0,28-05-2025 23:53
1766933,Premier,2025-05-28,2:18,United,Liverpool,2,1,3,2.3,3.0,3.0,2.3,2.3,3.5,3.0,2-1,7.5,28-05-2025 23:53
1766940,Premier,2025-05-28,2:21,Brentford,Burnley,2,4,6,2.4,2.87,2.4,2.87,2.4,3.5,2.87,2-4,7.0,28-05-2025 23:53
1766947,Premier,2025-05-28,2:24,Tottenham,Islington,0,0,0,2.8,2.55,2.8,2.55,2.55,3.3,2.8,0-0,8.5,28-05-2025 23:53
1766954,Premier,2025-05-28,2:27,Brighton,Brentford,1,1,2,2.75,2.5,2.75,2.5,2.5,3.5,2.75,1-1,7.0,28-05-2025 23:53
1766961,Premier,2025-05-28,2:30,Norwich,Burnley,0,0,0,2.75,2.5,2.75,2.5,2.5,3.5,2.75,0-0,7.0,28-05-2025 23:53
1766968,Premier,2025-05-28,2:33,Southampton,Brighton,2,2,4,2.15,3.3,2.15,3.3,2.15,3.5,3.3,2-2,7.0,28-05-2025 23:53
1766975,Premier,2025-05-28,2:36,Leeds,Islington,0,0,0,2.55,2.8,2.55,2.8,2.8,3.3,2.55,0-0,8.5,28-05-2025 23:53
1766982,Premier,2025-05-28,2:39,Tottenham,Burnley,1,1,2,3.6,2.05,3.6,2.05,2.05,3.5,3.6,1-1,8.0,28-05-2025 23:53
1766992,Premier,2025-05-28,2:42,Leeds,Liverpool,0,5,5,2.8,2.55,2.8,2.55,2.8,3.3,2.55,0-5,8.5,28-05-2025 23:53
1766996,Premier,2025-05-28,2:45,Everton,Wolverhampton,3,1,4,2.5,2.7,2.5,2.7,2.5,3.6,2.7,3-1,6.5,28-05-2025 23:53
1767003,Premier,2025-05-28,2:48,Tottenham,Liverpool,1,1,2,2.8,2.55,2.8,2.55,2.55,3.3,2.8,1-1,8.5,28-05-2025 23:53
1767010,Premier,2025-05-28,2:51,Watford,Chelsea,1,2,3,3.1,2.3,2.3,3.1,3.1,3.5,2.3,1-2,7.5,28-05-2025 23:53
1767017,Premier,2025-05-28,2:54,Tottenham,Leeds,2,0,2,3.4,2.25,3.4,2.25,2.25,3.2,3.4,2-0,10.0,28-05-2025 23:53
1767027,Premier,2025-05-28,2:57,Burnley,Aston,2,1,3,2.5,2.8,2.8,2.5,2.5,3.4,2.8,2-1,7.5,28-05-2025 23:53
1766751,Premier,2025-05-28,1:00,Burnley,Southampton,0,0,0,2.6,2.7,2.6,2.7,2.7,3.4,2.6,0-0,7.5,28-05-2025 23:53
1766758,Premier,2025-05-28,1:03,Aston,Brentford,1,2,3,2.37,3.0,3.0,2.37,2.37,3.4,3.0,1-2,8.5,28-05-2025 23:53
1766765,Premier,2025-05-28,1:06,Tottenham,Palace,1,0,1,3.5,2.1,3.5,2.1,2.1,3.4,3.5,1-0,8.5,28-05-2025 23:53
1766775,Premier,2025-05-28,1:09,Aston,Burnley,1,1,2,3.0,2.35,3.0,2.35,2.35,3.4,3.0,1-1,7.5,28-05-2025 23:53
1766779,Premier,2025-05-28,1:12,Islington,Leeds,3,1,4,2.2,3.4,2.2,3.4,2.2,3.3,3.4,3-1,9.0,28-05-2025 23:53
1766786,Premier,2025-05-28,1:15,Brighton,City,1,5,6,3.6,1.98,3.6,1.98,3.6,3.75,1.98,1-5,6.0,28-05-2025 23:53
1766793,Premier,2025-05-28,1:18,Chelsea,Wolverhampton,2,0,2,3.0,2.3,3.0,2.3,2.3,3.6,3.0,2-0,6.5,28-05-2025 23:53
1766800,Premier,2025-05-28,1:21,Aston,Leeds,2,0,2,2.75,2.62,2.75,2.62,2.62,3.2,2.75,2-0,10.0,28-05-2025 23:53
1766807,Premier,2025-05-28,1:24,Tottenham,City,1,1,2,2.45,2.9,2.45,2.9,2.9,3.4,2.45,1-1,7.5,28-05-2025 23:53
1766814,Premier,2025-05-28,1:27,Norwich,Aston,0,0,0,2.7,2.6,2.7,2.6,2.6,3.4,2.7,0-0,8.0,28-05-2025 23:53
1766821,Premier,2025-05-28,1:30,Southampton,Wolverhampton,1,2,3,2.6,2.7,2.7,2.6,2.6,3.5,2.7,1-2,7.0,28-05-2025 23:53
1766828,Premier,2025-05-28,1:33,West Ham,Burnley,1,1,2,3.3,2.2,3.3,2.2,2.2,3.4,3.3,1-1,8.5,28-05-2025 23:53
1766835,Premier,2025-05-28,1:36,Liverpool,Tottenham,0,3,3,2.4,3.0,3.0,2.4,2.4,3.3,3.0,0-3,8.5,28-05-2025 23:53
1766842,Premier,2025-05-28,1:39,Leicester,Brentford,0,0,0,3.4,2.15,3.4,2.15,2.15,3.4,3.4,0-0,8.0,28-05-2025 23:53
1766852,Premier,2025-05-28,1:42,Southampton,Chelsea,0,1,1,2.5,2.8,2.5,2.8,2.8,3.4,2.5,0-1,8.0,28-05-2025 23:53
1766856,Premier,2025-05-28,1:45,Norwich,Watford,1,1,2,2.8,2.5,2.8,2.5,2.5,3.4,2.8,1-1,7.5,28-05-2025 23:53
1766864,Premier,2025-05-28,1:48,Tottenham,Newcastle,2,1,3,2.1,3.5,3.5,2.1,2.1,3.5,3.5,2-1,7.5,28-05-2025 23:53
1766870,Premier,2025-05-28,1:51,Burnley,Liverpool,2,1,3,3.1,2.25,2.25,3.1,3.1,3.5,2.25,2-1,7.0,28-05-2025 23:53
1766877,Premier,2025-05-28,1:54,Norwich,Southampton,2,2,4,2.8,2.55,2.8,2.55,2.8,3.4,2.55,2-2,8.0,28-05-2025 23:53
1766884,Premier,2025-05-28,1:57,Tottenham,Everton,3,2,5,2.3,3.1,2.3,3.1,2.3,3.4,3.1,3-2,8.0,28-05-2025 23:53
1766612,Premier,2025-05-28,0:00,Brentford,Watford,0,1,1,2.9,2.45,2.9,2.45,2.45,3.4,2.9,0-1,8.0,28-05-2025 23:53
1766621,Premier,2025-05-28,0:03,Chelsea,City,1,0,1,2.45,2.75,2.45,2.75,2.75,3.5,2.45,1-0,6.5,28-05-2025 23:53
1766626,Premier,2025-05-28,0:06,Burnley,Wolverhampton,3,4,7,2.8,2.4,2.8,2.4,2.8,3.6,2.4,3-4,6.5,28-05-2025 23:53
1766633,Premier,2025-05-28,0:09,Palace,United,3,1,4,3.2,2.2,3.2,2.2,3.2,3.5,2.2,3-1,7.0,28-05-2025 23:53
1766640,Premier,2025-05-28,0:12,Liverpool,Brentford,0,2,2,3.75,2.0,3.75,2.0,2.0,3.5,3.75,0-2,7.5,28-05-2025 23:53
1766646,Premier,2025-05-28,0:15,Aston,Wolverhampton,0,0,0,2.5,2.75,2.5,2.75,2.75,3.5,2.5,0-0,7.0,28-05-2025 23:53
1766653,Premier,2025-05-28,0:18,Liverpool,Brighton,0,1,1,3.8,1.95,3.8,1.95,1.95,3.75,3.8,0-1,6.5,28-05-2025 23:53
1766660,Premier,2025-05-28,0:21,Burnley,Newcastle,4,1,5,2.45,2.7,2.45,2.7,2.45,3.6,2.7,4-1,6.5,28-05-2025 23:53
1766667,Premier,2025-05-28,0:24,Islington,Norwich,1,0,1,3.8,1.95,3.8,1.95,1.95,3.6,3.8,1-0,7.5,28-05-2025 23:53
1766674,Premier,2025-05-28,0:27,Brentford,Brighton,1,2,3,2.35,3.0,3.0,2.35,2.35,3.5,3.0,1-2,7.0,28-05-2025 23:53
1766681,Premier,2025-05-28,0:30,Palace,Aston,3,1,4,2.45,2.9,2.45,2.9,2.45,3.4,2.9,3-1,8.0,28-05-2025 23:53
1766688,Premier,2025-05-28,0:33,Southampton,Watford,2,1,3,2.25,3.25,3.25,2.25,2.25,3.4,3.25,2-1,8.5,28-05-2025 23:53
1766695,Premier,2025-05-28,0:36,Liverpool,Everton,0,1,1,3.1,2.25,3.1,2.25,2.25,3.5,3.1,0-1,7.0,28-05-2025 23:53
1766705,Premier,2025-05-28,0:39,Brentford,Aston,2,1,3,2.5,2.8,2.8,2.5,2.5,3.3,2.8,2-1,8.5,28-05-2025 23:53
1766709,Premier,2025-05-28,0:42,City,Brighton,2,1,3,1.76,4.33,4.33,1.76,1.76,3.8,4.33,2-1,6.0,28-05-2025 23:53
1766716,Premier,2025-05-28,0:45,Leeds,Leicester,2,0,2,2.87,2.55,2.87,2.55,2.55,3.25,2.87,2-0,9.0,28-05-2025 23:53
1766726,Premier,2025-05-28,0:48,Norwich,Palace,1,0,1,2.7,2.6,2.7,2.6,2.6,3.5,2.7,1-0,7.0,28-05-2025 23:53
1766730,Premier,2025-05-28,0:51,Tottenham,Aston,2,0,2,3.6,2.1,3.6,2.1,2.1,3.3,3.6,2-0,9.0,28-05-2025 23:53
1766737,Premier,2025-05-28,0:54,Burnley,Brentford,3,0,3,2.4,2.87,2.87,2.4,2.4,3.5,2.87,3-0,7.0,28-05-2025 23:53
1766744,Premier,2025-05-28,0:57,Leeds,Tottenham,1,1,2,2.7,2.75,2.7,2.75,2.75,3.2,2.7,1-1,10.0,28-05-2025 23:53
1766474,Premier,2025-05-28,23:00,Wolverhampton,Leeds,1,1,2,3.1,2.3,3.1,2.3,2.3,3.4,3.1,1-1,8.0,28-05-2025 23:53
1766481,Premier,2025-05-28,23:03,Liverpool,Aston,1,0,1,3.6,2.05,3.6,2.05,2.05,3.5,3.6,1-0,8.0,28-05-2025 23:53
1766490,Premier,2025-05-28,23:06,Tottenham,Norwich,0,1,1,3.8,2.0,3.8,2.0,2.0,3.5,3.8,0-1,8.5,28-05-2025 23:53
1766495,Premier,2025-05-28,23:09,Aston,West Ham,2,1,3,2.62,2.75,2.75,2.62,2.62,3.2,2.75,2-1,10.0,28-05-2025 23:53
1766502,Premier,2025-05-28,23:12,Tottenham,Watford,1,1,2,3.75,2.05,3.75,2.05,2.05,3.4,3.75,1-1,9.0,28-05-2025 23:53
1766509,Premier,2025-05-28,23:15,Leeds,United,0,1,1,2.4,3.0,2.4,3.0,3.0,3.3,2.4,0-1,8.5,28-05-2025 23:53
1766516,Premier,2025-05-28,23:18,Palace,Watford,2,1,3,2.35,3.0,3.0,2.35,2.35,3.4,3.0,2-1,7.5,28-05-2025 23:53
1766526,Premier,2025-05-28,23:21,Wolverhampton,Norwich,1,0,1,3.5,2.05,3.5,2.05,2.05,3.6,3.5,1-0,6.5,28-05-2025 23:53
1766530,Premier,2025-05-28,23:24,Brentford,Liverpool,1,0,1,2.3,3.1,2.3,3.1,3.1,3.5,2.3,1-0,7.5,28-05-2025 23:53
1766537,Premier,2025-05-28,23:27,West Ham,Wolverhampton,1,4,5,2.6,2.7,2.6,2.7,2.6,3.4,2.7,1-4,8.0,28-05-2025 23:53
1766544,Premier,2025-05-28,23:30,Everton,Newcastle,1,0,1,3.1,2.2,3.1,2.2,2.2,3.6,3.1,1-0,6.5,28-05-2025 23:53
1766554,Premier,2025-05-28,23:33,Watford,Islington,2,0,2,2.3,3.1,2.3,3.1,3.1,3.5,2.3,2-0,7.5,28-05-2025 23:53
1766561,Premier,2025-05-28,23:36,Wolverhampton,Liverpool,2,1,3,2.6,2.62,2.62,2.6,2.6,3.5,2.62,2-1,6.5,28-05-2025 23:53
1766565,Premier,2025-05-28,23:39,Watford,City,1,1,2,2.05,3.5,2.05,3.5,3.5,3.6,2.05,1-1,7.0,28-05-2025 23:53
1766572,Premier,2025-05-28,23:42,Chelsea,Everton,0,2,2,3.1,2.25,3.1,2.25,2.25,3.5,3.1,0-2,7.0,28-05-2025 23:53
1766579,Premier,2025-05-28,23:45,West Ham,Southampton,1,1,2,3.0,2.45,3.0,2.45,2.45,3.2,3.0,1-1,10.0,28-05-2025 23:53
1766586,Premier,2025-05-28,23:48,Chelsea,Burnley,4,1,5,2.0,3.75,2.0,3.75,2.0,3.6,3.75,4-1,7.0,28-05-2025 23:53
1766593,Premier,2025-05-28,23:51,Brentford,Southampton,0,0,0,2.62,2.7,2.62,2.7,2.7,3.3,2.62,0-0,8.5,28-05-2025 23:53
1766600,Premier,2025-05-28,23:54,Leeds,Burnley,0,0,0,3.3,2.2,3.3,2.2,2.2,3.4,3.3,0-0,8.5,28-05-2025 23:53
1766607,Premier,2025-05-28,23:57,Southampton,Norwich,1,3,4,2.15,3.4,2.15,3.4,2.15,3.4,3.4,1-3,8.0,28-05-2025 23:53
1766334,Premier,2025-05-28,22:00,Burnley,Chelsea,1,3,4,3.1,2.25,3.1,2.25,3.1,3.5,2.25,1-3,7.0,28-05-2025 23:53
1766343,Premier,2025-05-28,22:03,Brighton,Newcastle,0,1,1,2.62,2.55,2.62,2.55,2.55,3.6,2.62,0-1,6.0,28-05-2025 23:53
1766347,Premier,2025-05-28,22:06,Norwich,Everton,1,0,1,2.4,2.8,2.4,2.8,2.8,3.5,2.4,1-0,7.0,28-05-2025 23:53
1766355,Premier,2025-05-28,22:09,Islington,Palace,0,1,1,3.6,2.05,3.6,2.05,2.05,3.5,3.6,0-1,7.5,28-05-2025 23:53
1766362,Premier,2025-05-28,22:12,West Ham,Newcastle,4,0,4,2.3,3.1,2.3,3.1,2.3,3.4,3.1,4-0,8.0,28-05-2025 23:53
1766369,Premier,2025-05-28,22:15,Palace,Everton,1,1,2,2.55,2.62,2.55,2.62,2.62,3.5,2.55,1-1,7.0,28-05-2025 23:53
1766376,Premier,2025-05-28,22:18,Norwich,Chelsea,1,1,2,2.2,3.2,2.2,3.2,3.2,3.5,2.2,1-1,7.0,28-05-2025 23:53
1766386,Premier,2025-05-28,22:21,Islington,Aston,0,1,1,3.6,2.05,3.6,2.05,2.05,3.5,3.6,0-1,8.0,28-05-2025 23:53
1766390,Premier,2025-05-28,22:24,Liverpool,Southampton,2,0,2,3.3,2.2,3.3,2.2,2.2,3.4,3.3,2-0,8.0,28-05-2025 23:53
1766397,Premier,2025-05-28,22:27,Aston,Newcastle,0,0,0,2.87,2.4,2.87,2.4,2.4,3.5,2.87,0-0,7.0,28-05-2025 23:53
1766404,Premier,2025-05-28,22:30,Watford,Tottenham,2,1,3,3.0,2.4,2.4,3.0,3.0,3.3,2.4,2-1,8.5,28-05-2025 23:53
1766410,Premier,2025-05-28,22:33,Chelsea,Islington,2,1,3,2.45,2.8,2.8,2.45,2.45,3.5,2.8,2-1,7.5,28-05-2025 23:53
1766418,Premier,2025-05-28,22:36,Leeds,West Ham,0,0,0,3.0,2.5,3.0,2.5,2.5,3.1,3.0,0-0,11.0,28-05-2025 23:53
1766425,Premier,2025-05-28,22:39,Southampton,United,0,2,2,2.37,3.0,2.37,3.0,3.0,3.4,2.37,0-2,8.0,28-05-2025 23:53
1766432,Premier,2025-05-28,22:42,West Ham,Palace,0,2,2,3.2,2.3,3.2,2.3,2.3,3.3,3.2,0-2,8.5,28-05-2025 23:53
1766439,Premier,2025-05-28,22:45,Brighton,Watford,0,1,1,2.75,2.5,2.75,2.5,2.5,3.5,2.75,0-1,7.0,28-05-2025 23:53
1766448,Premier,2025-05-28,22:48,Newcastle,Wolverhampton,0,1,1,2.45,2.7,2.45,2.7,2.7,3.6,2.45,0-1,6.0,28-05-2025 23:53
1766452,Premier,2025-05-28,22:51,Chelsea,Leicester,1,1,2,3.2,2.25,3.2,2.25,2.25,3.4,3.2,1-1,7.5,28-05-2025 23:53
1766460,Premier,2025-05-28,22:54,Burnley,Norwich,1,2,3,2.35,2.9,2.9,2.35,2.35,3.5,2.9,1-2,7.0,28-05-2025 23:53
1766467,Premier,2025-05-28,22:57,United,Tottenham,0,0,0,3.25,2.25,3.25,2.25,2.25,3.4,3.25,0-0,8.5,28-05-2025 23:53
1766194,Premier,2025-05-28,21:00,Islington,Tottenham,0,2,2,3.0,2.4,3.0,2.4,2.4,3.3,3.0,0-2,8.5,28-05-2025 23:53
1766201,Premier,2025-05-28,21:03,Norwich,City,2,2,4,3.6,1.98,3.6,1.98,3.6,3.6,1.98,2-2,6.5,28-05-2025 23:53
1766211,Premier,2025-05-28,21:06,Burnley,Leicester,1,0,1,2.5,2.75,2.5,2.75,2.75,3.5,2.5,1-0,7.0,28-05-2025 23:53
1766215,Premier,2025-05-28,21:09,Palace,Liverpool,3,2,5,3.0,2.35,3.0,2.35,3.0,3.5,2.35,3-2,7.0,28-05-2025 23:53
1766222,Premier,2025-05-28,21:12,Islington,Leicester,0,1,1,3.2,2.25,3.2,2.25,2.25,3.4,3.2,0-1,7.5,28-05-2025 23:53
1766229,Premier,2025-05-28,21:15,Brentford,Leeds,2,1,3,2.75,2.62,2.62,2.75,2.75,3.25,2.62,2-1,9.0,28-05-2025 23:53
1766236,Premier,2025-05-28,21:18,Palace,City,1,0,1,2.07,3.4,2.07,3.4,3.4,3.6,2.07,1-0,6.5,28-05-2025 23:53
1766243,Premier,2025-05-28,21:21,Wolverhampton,Chelsea,0,0,0,2.62,2.6,2.62,2.6,2.6,3.5,2.62,0-0,6.5,28-05-2025 23:53
1766250,Premier,2025-05-28,21:24,Burnley,Palace,0,1,1,2.75,2.5,2.75,2.5,2.5,3.5,2.75,0-1,7.0,28-05-2025 23:53
1766257,Premier,2025-05-28,21:27,Liverpool,Leeds,1,1,2,3.4,2.2,3.4,2.2,2.2,3.3,3.4,1-1,9.0,28-05-2025 23:53
1766264,Premier,2025-05-28,21:30,Norwich,Brighton,3,2,5,2.4,2.87,2.4,2.87,2.4,3.6,2.87,3-2,6.5,28-05-2025 23:53
1766271,Premier,2025-05-28,21:33,Palace,Burnley,0,0,0,2.9,2.35,2.9,2.35,2.35,3.5,2.9,0-0,7.0,28-05-2025 23:53
1766278,Premier,2025-05-28,21:36,Liverpool,Leicester,0,0,0,3.2,2.25,3.2,2.25,2.25,3.4,3.2,0-0,7.5,28-05-2025 23:53
1766285,Premier,2025-05-28,21:39,Watford,Brentford,3,1,4,2.45,2.9,2.45,2.9,2.45,3.4,2.9,3-1,8.0,28-05-2025 23:53
1766292,Premier,2025-05-28,21:42,Islington,Everton,2,2,4,2.25,3.1,2.25,3.1,2.25,3.5,3.1,2-2,7.0,28-05-2025 23:53
1766299,Premier,2025-05-28,21:45,Burnley,United,2,0,2,2.15,3.3,2.15,3.3,3.3,3.6,2.15,2-0,7.0,28-05-2025 23:53
1766306,Premier,2025-05-28,21:48,Newcastle,Watford,2,1,3,2.35,2.9,2.9,2.35,2.35,3.5,2.9,2-1,7.0,28-05-2025 23:53
1766313,Premier,2025-05-28,21:51,Brentford,West Ham,3,2,5,2.75,2.62,2.75,2.62,2.75,3.25,2.62,3-2,9.0,28-05-2025 23:53
1766320,Premier,2025-05-28,21:54,City,Leeds,3,1,4,1.98,4.0,1.98,4.0,1.98,3.5,4.0,3-1,8.0,28-05-2025 23:53
1766327,Premier,2025-05-28,21:57,Newcastle,Southampton,1,3,4,2.6,2.7,2.6,2.7,2.6,3.5,2.7,1-3,7.0,28-05-2025 23:53
1767033,Super,2025-05-28,3:01,Montevideo,Asuncion,1,0,1,2.87,2.4,2.87,2.4,2.4,3.5,2.87,1-0,7.0,28-05-2025 23:54
1767041,Super,2025-05-28,3:04,Penarol,Itaquera,1,1,2,2.55,2.8,2.55,2.8,2.8,3.3,2.55,1-1,8.5,28-05-2025 23:54
1767048,Super,2025-05-28,3:07,Santiago,Medellin,2,0,2,2.7,2.6,2.7,2.6,2.6,3.5,2.7,2-0,7.0,28-05-2025 23:54
1767054,Super,2025-05-28,3:10,Porto Alegre,Belo Horizonte,0,2,2,2.3,3.1,2.3,3.1,3.1,3.4,2.3,0-2,8.5,28-05-2025 23:54
1767064,Super,2025-05-28,3:13,Rio de Janeiro,Medellin,0,0,0,4.0,1.95,4.0,1.95,1.95,3.5,4.0,0-0,8.0,28-05-2025 23:54
1767069,Super,2025-05-28,3:16,Buenos Aires,Sao Paulo,2,1,3,2.3,3.0,3.0,2.3,2.3,3.6,3.0,2-1,6.0,28-05-2025 23:54
1767075,Super,2025-05-28,3:19,Belo Horizonte,Medellin,1,1,2,4.2,1.86,4.2,1.86,1.86,3.6,4.2,1-1,7.5,28-05-2025 23:54
1767083,Super,2025-05-28,3:22,Penarol,Lima,0,0,0,3.4,2.15,3.4,2.15,2.15,3.4,3.4,0-0,8.0,28-05-2025 23:54
1767089,Super,2025-05-28,3:25,Quito,La Plata,2,1,3,2.75,2.62,2.62,2.75,2.75,3.25,2.62,2-1,9.0,28-05-2025 23:54
1767096,Super,2025-05-28,3:28,Santos,Guayaquil,2,0,2,3.2,2.25,3.2,2.25,2.25,3.5,3.2,2-0,7.5,28-05-2025 23:54
1767104,Super,2025-05-28,3:31,Montevideo,Agua Branca,3,0,3,3.2,2.2,2.2,3.2,3.2,3.6,2.2,3-0,6.5,28-05-2025 23:54
1767110,Super,2025-05-28,3:34,Avellaneda,Santiago,0,0,0,3.4,2.1,3.4,2.1,2.1,3.6,3.4,0-0,7.0,28-05-2025 23:54
1767118,Super,2025-05-28,3:37,Agua Branca,Medellin,1,2,3,2.0,3.75,3.75,2.0,2.0,3.5,3.75,1-2,7.5,28-05-2025 23:54
1767124,Super,2025-05-28,3:40,Lima,Itaquera,0,2,2,2.2,3.2,2.2,3.2,3.2,3.5,2.2,0-2,7.0,28-05-2025 23:54
1767134,Super,2025-05-28,3:43,Santiago,Belo Horizonte,1,2,3,3.6,1.98,1.98,3.6,3.6,3.75,1.98,1-2,6.0,28-05-2025 23:54
1767139,Super,2025-05-28,3:46,La Plata,Penarol,1,0,1,3.4,2.25,3.4,2.25,2.25,3.2,3.4,1-0,10.0,28-05-2025 23:54
1767146,Super,2025-05-28,3:49,Sao Paulo,Asuncion,0,0,0,3.4,2.1,3.4,2.1,2.1,3.6,3.4,0-0,7.0,28-05-2025 23:54
1767152,Super,2025-05-28,3:52,Santos,Buenos Aires,3,0,3,2.6,2.7,2.7,2.6,2.6,3.5,2.7,3-0,7.0,28-05-2025 23:54
1766894,Super,2025-05-28,2:01,Avellaneda,Guayaquil,1,3,4,2.3,3.1,2.3,3.1,2.3,3.5,3.1,1-3,7.0,28-05-2025 23:54
1766900,Super,2025-05-28,2:04,Itaquera,Buenos Aires,1,1,2,2.75,2.5,2.75,2.5,2.5,3.5,2.75,1-1,7.0,28-05-2025 23:54
1766908,Super,2025-05-28,2:07,Bogota,Rio de Janeiro,1,2,3,3.0,2.4,2.4,3.0,3.0,3.3,2.4,1-2,8.5,28-05-2025 23:54
1766917,Super,2025-05-28,2:10,Santiago,Sao Paulo,3,1,4,2.9,2.3,2.9,2.3,2.9,3.6,2.3,3-1,6.0,28-05-2025 23:54
1766921,Super,2025-05-28,2:13,Asuncion,Avellaneda,3,2,5,2.8,2.55,2.8,2.55,2.8,3.4,2.55,3-2,8.0,28-05-2025 23:54
1766928,Super,2025-05-28,2:16,Montevideo,Sao Paulo,2,2,4,2.8,2.4,2.8,2.4,2.8,3.6,2.4,2-2,6.5,28-05-2025 23:54
1766936,Super,2025-05-28,2:19,Asuncion,Agua Branca,1,1,2,2.2,3.2,2.2,3.2,3.2,3.5,2.2,1-1,7.0,28-05-2025 23:54
1766943,Super,2025-05-28,2:22,Santiago,Lima,5,0,5,2.35,2.9,2.35,2.9,2.35,3.6,2.9,5-0,6.5,28-05-2025 23:54
1766949,Super,2025-05-28,2:25,Rio de Janeiro,Quito,3,1,4,2.0,3.75,2.0,3.75,2.0,3.5,3.75,3-1,7.5,28-05-2025 23:54
1766957,Super,2025-05-28,2:28,Asuncion,Santiago,0,0,0,3.0,2.35,3.0,2.35,2.35,3.5,3.0,0-0,7.0,28-05-2025 23:54
1766963,Super,2025-05-28,2:31,Rio de Janeiro,Guayaquil,0,1,1,3.6,2.0,3.6,2.0,2.0,3.6,3.6,0-1,7.0,28-05-2025 23:54
1766970,Super,2025-05-28,2:34,Agua Branca,Lima,2,1,3,1.85,4.2,4.2,1.85,1.85,3.75,4.2,2-1,6.5,28-05-2025 23:54
1766978,Super,2025-05-28,2:37,Belo Horizonte,Sao Paulo,2,3,5,2.05,3.4,2.05,3.4,2.05,3.75,3.4,2-3,6.0,28-05-2025 23:54
1766985,Super,2025-05-28,2:40,Medellin,Quito,0,1,1,2.8,2.5,2.8,2.5,2.5,3.3,2.8,0-1,8.5,28-05-2025 23:54
1766991,Super,2025-05-28,2:43,Guayaquil,Belo Horizonte,2,1,3,3.25,2.15,2.15,3.25,3.25,3.6,2.15,2-1,6.5,28-05-2025 23:54
1766998,Super,2025-05-28,2:46,Lima,La Plata,1,1,2,2.3,3.1,2.3,3.1,3.1,3.4,2.3,1-1,8.5,28-05-2025 23:54
1767005,Super,2025-05-28,2:49,Santos,Medellin,0,0,0,3.4,2.2,3.4,2.2,2.2,3.3,3.4,0-0,9.0,28-05-2025 23:54
1767012,Super,2025-05-28,2:52,Sao Paulo,Guayaquil,1,2,3,2.2,3.1,3.1,2.2,2.2,3.6,3.1,1-2,6.5,28-05-2025 23:54
1767020,Super,2025-05-28,2:55,Quito,Avellaneda,2,1,3,2.6,2.7,2.7,2.6,2.6,3.4,2.7,2-1,8.0,28-05-2025 23:54
1767026,Super,2025-05-28,2:58,Buenos Aires,Bogota,3,4,7,2.2,3.3,2.2,3.3,2.2,3.4,3.3,3-4,8.0,28-05-2025 23:54
1766753,Super,2025-05-28,1:01,Medellin,Sao Paulo,2,0,2,2.5,2.75,2.5,2.75,2.75,3.5,2.5,2-0,7.0,28-05-2025 23:54
1766761,Super,2025-05-28,1:04,Guayaquil,Agua Branca,2,0,2,2.35,2.9,2.35,2.9,2.9,3.6,2.35,2-0,6.5,28-05-2025 23:54
1766767,Super,2025-05-28,1:07,La Boca,Buenos Aires,1,1,2,2.87,2.45,2.87,2.45,2.45,3.5,2.87,1-1,7.5,28-05-2025 23:54
1766774,Super,2025-05-28,1:10,Sao Paulo,Avellaneda,0,2,2,2.9,2.37,2.9,2.37,2.37,3.5,2.9,0-2,7.0,28-05-2025 23:54
1766781,Super,2025-05-28,1:13,Santos,Quito,0,0,0,3.25,2.25,3.25,2.25,2.25,3.4,3.25,0-0,8.5,28-05-2025 23:54
1766789,Super,2025-05-28,1:16,La Plata,Medellin,0,1,1,3.5,2.2,3.5,2.2,2.2,3.25,3.5,0-1,10.0,28-05-2025 23:54
1766796,Super,2025-05-28,1:19,Penarol,Avellaneda,1,0,1,2.75,2.62,2.75,2.62,2.62,3.3,2.75,1-0,8.5,28-05-2025 23:54
1766802,Super,2025-05-28,1:22,Bogota,Medellin,2,0,2,3.25,2.3,3.25,2.3,2.3,3.25,3.25,2-0,10.0,28-05-2025 23:54
1766810,Super,2025-05-28,1:25,Montevideo,Itaquera,1,1,2,2.35,3.0,2.35,3.0,3.0,3.5,2.35,1-1,7.0,28-05-2025 23:54
1766817,Super,2025-05-28,1:28,Penarol,La Boca,0,2,2,2.5,2.9,2.5,2.9,2.9,3.25,2.5,0-2,9.0,28-05-2025 23:54
1766824,Super,2025-05-28,1:31,Santiago,Porto Alegre,0,4,4,2.9,2.45,2.9,2.45,2.9,3.3,2.45,0-4,8.5,28-05-2025 23:54
1766831,Super,2025-05-28,1:34,Itaquera,Bogota,0,1,1,3.3,2.25,3.3,2.25,2.25,3.3,3.3,0-1,9.0,28-05-2025 23:54
1766837,Super,2025-05-28,1:37,Rio de Janeiro,Avellaneda,0,0,0,3.4,2.1,3.4,2.1,2.1,3.5,3.4,0-0,7.5,28-05-2025 23:54
1766844,Super,2025-05-28,1:40,Medellin,Lima,2,1,3,2.2,3.25,3.25,2.2,2.2,3.5,3.25,2-1,7.5,28-05-2025 23:54
1766851,Super,2025-05-28,1:43,Asuncion,Itaquera,0,3,3,3.0,2.37,2.37,3.0,3.0,3.4,2.37,0-3,8.0,28-05-2025 23:54
1766859,Super,2025-05-28,1:46,Montevideo,La Boca,1,1,2,2.3,3.1,2.3,3.1,3.1,3.4,2.3,1-1,7.5,28-05-2025 23:54
1766866,Super,2025-05-28,1:49,Porto Alegre,Asuncion,2,0,2,3.5,2.2,3.5,2.2,2.2,3.25,3.5,2-0,10.0,28-05-2025 23:54
1766872,Super,2025-05-28,1:52,Avellaneda,Rio de Janeiro,0,1,1,2.45,2.9,2.45,2.9,2.9,3.4,2.45,0-1,7.5,28-05-2025 23:54
1766880,Super,2025-05-28,1:55,Agua Branca,Belo Horizonte,1,0,1,2.55,2.7,2.55,2.7,2.7,3.6,2.55,1-0,6.5,28-05-2025 23:54
1766887,Super,2025-05-28,1:58,Porto Alegre,Bogota,2,0,2,3.2,2.4,3.2,2.4,2.4,3.1,3.2,2-0,11.0,28-05-2025 23:54
1766615,Super,2025-05-28,0:01,Agua Branca,Buenos Aires,1,1,2,2.87,2.35,2.87,2.35,2.35,3.6,2.87,1-1,6.5,28-05-2025 23:54
1766624,Super,2025-05-28,0:04,Guayaquil,Quito,1,2,3,2.45,2.87,2.87,2.45,2.45,3.5,2.87,1-2,7.0,28-05-2025 23:54
1766628,Super,2025-05-28,0:07,Belo Horizonte,La Plata,0,0,0,3.6,2.07,3.6,2.07,2.07,3.4,3.6,0-0,8.0,28-05-2025 23:54
1766635,Super,2025-05-28,0:10,Bogota,Asuncion,0,0,0,3.3,2.25,3.3,2.25,2.25,3.3,3.3,0-0,9.0,28-05-2025 23:54
1766642,Super,2025-05-28,0:13,Medellin,Guayaquil,1,1,2,2.8,2.5,2.8,2.5,2.5,3.4,2.8,1-1,7.5,28-05-2025 23:54
1766649,Super,2025-05-28,0:16,Buenos Aires,Montevideo,0,1,1,3.6,2.0,3.6,2.0,2.0,3.75,3.6,0-1,6.5,28-05-2025 23:54
1766656,Super,2025-05-28,0:19,Agua Branca,Guayaquil,2,0,2,3.5,2.05,3.5,2.05,2.05,3.6,3.5,2-0,6.5,28-05-2025 23:54
1766665,Super,2025-05-28,0:22,Itaquera,Porto Alegre,3,0,3,2.35,3.2,3.2,2.35,2.35,3.2,3.2,3-0,10.0,28-05-2025 23:54
1766670,Super,2025-05-28,0:25,Lima,Avellaneda,0,0,0,2.35,3.0,2.35,3.0,3.0,3.5,2.35,0-0,7.0,28-05-2025 23:54
1766677,Super,2025-05-28,0:28,Montevideo,Bogota,0,1,1,2.62,2.7,2.62,2.7,2.7,3.3,2.62,0-1,8.5,28-05-2025 23:54
1766684,Super,2025-05-28,0:31,Avellaneda,Buenos Aires,5,2,7,2.7,2.55,2.7,2.55,2.7,3.5,2.55,5-2,7.0,28-05-2025 23:54
1766690,Super,2025-05-28,0:34,La Boca,Asuncion,0,0,0,3.8,2.0,3.8,2.0,2.0,3.4,3.8,0-0,8.5,28-05-2025 23:54
1766697,Super,2025-05-28,0:37,Belo Horizonte,Santos,1,1,2,3.5,2.07,3.5,2.07,2.07,3.5,3.5,1-1,7.5,28-05-2025 23:54
1766704,Super,2025-05-28,0:40,Asuncion,La Boca,0,3,3,3.1,2.3,2.3,3.1,3.1,3.4,2.3,0-3,8.5,28-05-2025 23:54
1766712,Super,2025-05-28,0:43,Lima,Penarol,0,1,1,2.55,2.8,2.55,2.8,2.8,3.4,2.55,0-1,8.0,28-05-2025 23:54
1766718,Super,2025-05-28,0:46,Guayaquil,Sao Paulo,4,0,4,2.62,2.55,2.62,2.55,2.62,3.6,2.55,4-0,6.5,28-05-2025 23:54
1766725,Super,2025-05-28,0:49,Medellin,Santos,0,1,1,2.55,2.8,2.55,2.8,2.8,3.3,2.55,0-1,8.5,28-05-2025 23:54
1766732,Super,2025-05-28,0:52,La Plata,Belo Horizonte,0,1,1,2.37,3.0,2.37,3.0,3.0,3.4,2.37,0-1,8.0,28-05-2025 23:54
1766740,Super,2025-05-28,0:55,Avellaneda,Agua Branca,0,1,1,2.5,2.8,2.5,2.8,2.8,3.5,2.5,0-1,7.0,28-05-2025 23:54
1766747,Super,2025-05-28,0:58,La Boca,Belo Horizonte,2,1,3,2.8,2.5,2.5,2.8,2.8,3.5,2.5,2-1,7.5,28-05-2025 23:54
1766477,Super,2025-05-28,23:01,Buenos Aires,Porto Alegre,3,1,4,2.25,3.25,2.25,3.25,2.25,3.4,3.25,3-1,8.5,28-05-2025 23:54
1766484,Super,2025-05-28,23:04,La Boca,Bogota,2,3,5,2.2,3.5,2.2,3.5,2.2,3.25,3.5,2-3,10.0,28-05-2025 23:54
1766489,Super,2025-05-28,23:07,Belo Horizonte,Montevideo,3,3,6,1.83,4.2,1.83,4.2,1.83,3.8,4.2,3-3,6.5,28-05-2025 23:54
1766498,Super,2025-05-28,23:10,Penarol,Santos,5,1,6,2.75,2.62,2.75,2.62,2.75,3.25,2.62,5-1,9.0,28-05-2025 23:54
1766505,Super,2025-05-28,23:13,Avellaneda,Sao Paulo,1,0,1,2.75,2.5,2.75,2.5,2.5,3.5,2.75,1-0,7.0,28-05-2025 23:54
1766511,Super,2025-05-28,23:16,Buenos Aires,Santiago,2,1,3,1.95,3.75,3.75,1.95,1.95,3.75,3.75,2-1,6.0,28-05-2025 23:54
1766519,Super,2025-05-28,23:19,La Boca,Guayaquil,1,0,1,3.5,2.1,3.5,2.1,2.1,3.5,3.5,1-0,7.5,28-05-2025 23:54
1766525,Super,2025-05-28,23:22,Belo Horizonte,Penarol,1,0,1,4.0,1.9,4.0,1.9,1.9,3.6,4.0,1-0,8.0,28-05-2025 23:54
1766533,Super,2025-05-28,23:25,Santiago,Itaquera,2,3,5,3.1,2.25,3.1,2.25,3.1,3.5,2.25,2-3,7.0,28-05-2025 23:54
1766540,Super,2025-05-28,23:28,La Boca,Lima,1,1,2,4.2,1.9,4.2,1.9,1.9,3.6,4.2,1-1,7.5,28-05-2025 23:54
1766546,Super,2025-05-28,23:31,Porto Alegre,Quito,1,1,2,3.25,2.3,3.25,2.3,2.3,3.25,3.25,1-1,10.0,28-05-2025 23:54
1766553,Super,2025-05-28,23:34,Penarol,La Plata,3,2,5,2.75,2.7,2.75,2.7,2.75,3.2,2.7,3-2,10.0,28-05-2025 23:54
1766560,Super,2025-05-28,23:37,Rio de Janeiro,La Boca,1,0,1,3.1,2.35,3.1,2.35,2.35,3.4,3.1,1-0,8.0,28-05-2025 23:54
1766568,Super,2025-05-28,23:40,La Plata,Itaquera,0,1,1,2.87,2.55,2.87,2.55,2.55,3.25,2.87,0-1,9.0,28-05-2025 23:54
1766575,Super,2025-05-28,23:43,Medellin,Montevideo,2,0,2,3.0,2.35,3.0,2.35,2.35,3.4,3.0,2-0,7.5,28-05-2025 23:54
1766582,Super,2025-05-28,23:46,Penarol,Santiago,2,1,3,2.2,3.25,3.25,2.2,2.2,3.5,3.25,2-1,7.5,28-05-2025 23:54
1766588,Super,2025-05-28,23:49,La Plata,Quito,1,0,1,3.3,2.25,3.3,2.25,2.25,3.3,3.3,1-0,9.0,28-05-2025 23:54
1766595,Super,2025-05-28,23:52,Santos,Itaquera,0,1,1,2.8,2.55,2.8,2.55,2.55,3.3,2.8,0-1,8.5,28-05-2025 23:54
1766603,Super,2025-05-28,23:55,Montevideo,Lima,0,0,0,3.0,2.25,3.0,2.25,2.25,3.6,3.0,0-0,6.5,28-05-2025 23:54
1766336,Super,2025-05-28,22:01,Buenos Aires,Lima,2,1,3,1.9,4.0,4.0,1.9,1.9,3.75,4.0,2-1,6.5,28-05-2025 23:54
1766342,Super,2025-05-28,22:04,Medellin,La Boca,0,2,2,2.4,3.0,2.4,3.0,3.0,3.3,2.4,0-2,8.5,28-05-2025 23:54
1766350,Super,2025-05-28,22:07,Porto Alegre,Penarol,2,0,2,3.3,2.35,3.3,2.35,2.35,3.1,3.3,2-0,11.0,28-05-2025 23:54
1766357,Super,2025-05-28,22:10,Itaquera,Lima,1,1,2,3.8,1.95,3.8,1.95,1.95,3.6,3.8,1-1,7.5,28-05-2025 23:54
1766367,Super,2025-05-28,22:13,Santiago,Montevideo,1,0,1,2.7,2.45,2.7,2.45,2.45,3.6,2.7,1-0,6.5,28-05-2025 23:54
1766371,Super,2025-05-28,22:16,Bogota,Guayaquil,3,2,5,2.37,3.0,2.37,3.0,2.37,3.4,3.0,3-2,8.5,28-05-2025 23:54
1766379,Super,2025-05-28,22:19,La Plata,Rio de Janeiro,2,0,2,2.55,2.8,2.55,2.8,2.8,3.3,2.55,2-0,8.5,28-05-2025 23:54
1766385,Super,2025-05-28,22:22,Santiago,Guayaquil,1,2,3,2.62,2.55,2.55,2.62,2.62,3.6,2.55,1-2,6.5,28-05-2025 23:54
1766393,Super,2025-05-28,22:25,Penarol,Belo Horizonte,1,2,3,3.3,2.15,2.15,3.3,3.3,3.5,2.15,1-2,7.5,28-05-2025 23:54
1766401,Super,2025-05-28,22:28,Lima,Sao Paulo,0,2,2,2.25,3.0,2.25,3.0,3.0,3.6,2.25,0-2,6.5,28-05-2025 23:54
1766406,Super,2025-05-28,22:31,Agua Branca,Itaquera,0,2,2,3.0,2.3,3.0,2.3,2.3,3.5,3.0,0-2,7.5,28-05-2025 23:54
1766414,Super,2025-05-28,22:34,Belo Horizonte,Rio de Janeiro,1,2,3,2.3,3.0,3.0,2.3,2.3,3.5,3.0,1-2,7.0,28-05-2025 23:54
1766421,Super,2025-05-28,22:37,Buenos Aires,Avellaneda,0,1,1,3.1,2.25,3.1,2.25,2.25,3.5,3.1,0-1,7.0,28-05-2025 23:54
1766427,Super,2025-05-28,22:40,Guayaquil,Asuncion,1,0,1,3.1,2.3,3.1,2.3,2.3,3.5,3.1,1-0,7.0,28-05-2025 23:54
1766435,Super,2025-05-28,22:43,La Plata,Santiago,2,0,2,3.6,2.05,3.6,2.05,2.05,3.5,3.6,2-0,8.0,28-05-2025 23:54
1766441,Super,2025-05-28,22:46,Quito,Porto Alegre,2,1,3,2.7,2.75,2.75,2.7,2.7,3.2,2.75,2-1,10.0,28-05-2025 23:54
1766447,Super,2025-05-28,22:49,Santiago,Santos,1,1,2,2.35,3.0,2.35,3.0,3.0,3.5,2.35,1-1,7.0,28-05-2025 23:54
1766456,Super,2025-05-28,22:52,Rio de Janeiro,Agua Branca,0,1,1,2.9,2.37,2.9,2.37,2.37,3.5,2.9,0-1,7.0,28-05-2025 23:54
1766464,Super,2025-05-28,22:55,Montevideo,Buenos Aires,2,1,3,3.0,2.25,2.25,3.0,3.0,3.6,2.25,2-1,6.5,28-05-2025 23:54
1766470,Super,2025-05-28,22:58,Rio de Janeiro,Santiago,1,2,3,1.85,4.2,4.2,1.85,1.85,3.75,4.2,1-2,6.5,28-05-2025 23:54
1766196,Super,2025-05-28,21:01,Rio de Janeiro,Santos,2,0,2,3.3,2.2,3.3,2.2,2.2,3.4,3.3,2-0,8.0,28-05-2025 23:54
1766203,Super,2025-05-28,21:04,Santiago,Asuncion,0,0,0,2.75,2.5,2.75,2.5,2.5,3.5,2.75,0-0,7.0,28-05-2025 23:54
1766210,Super,2025-05-28,21:07,Bogota,Quito,2,0,2,3.1,2.37,3.1,2.37,2.37,3.25,3.1,2-0,9.0,28-05-2025 23:54
1766218,Super,2025-05-28,21:10,Medellin,Buenos Aires,0,0,0,2.35,3.0,2.35,3.0,3.0,3.5,2.35,0-0,7.0,28-05-2025 23:54
1766225,Super,2025-05-28,21:13,Sao Paulo,Bogota,1,0,1,3.1,2.3,3.1,2.3,2.3,3.4,3.1,1-0,8.0,28-05-2025 23:54
1766231,Super,2025-05-28,21:16,Guayaquil,La Boca,3,0,3,2.9,2.45,2.45,2.9,2.9,3.4,2.45,3-0,7.5,28-05-2025 23:54
1766239,Super,2025-05-28,21:19,Porto Alegre,Agua Branca,3,3,6,2.8,2.55,2.8,2.55,2.8,3.3,2.55,3-3,8.5,28-05-2025 23:54
1766246,Super,2025-05-28,21:22,La Plata,Lima,0,1,1,3.8,1.98,3.8,1.98,1.98,3.5,3.8,0-1,8.5,28-05-2025 23:54
1766252,Super,2025-05-28,21:25,Santiago,Quito,0,4,4,2.62,2.55,2.62,2.55,2.62,3.5,2.55,0-4,7.0,28-05-2025 23:54
1766260,Super,2025-05-28,21:28,Santos,Lima,1,2,3,1.98,3.8,3.8,1.98,1.98,3.5,3.8,1-2,7.5,28-05-2025 23:54
1766267,Super,2025-05-28,21:31,Itaquera,Montevideo,3,0,3,2.05,3.6,3.6,2.05,2.05,3.5,3.6,3-0,7.5,28-05-2025 23:54
1766274,Super,2025-05-28,21:34,Agua Branca,Asuncion,2,0,2,3.8,1.95,3.8,1.95,1.95,3.6,3.8,2-0,7.5,28-05-2025 23:54
1766281,Super,2025-05-28,21:37,Bogota,La Plata,1,1,2,2.8,2.7,2.8,2.7,2.7,3.1,2.8,1-1,11.0,28-05-2025 23:54
1766288,Super,2025-05-28,21:40,Quito,Medellin,3,2,5,2.37,3.0,2.37,3.0,2.37,3.4,3.0,3-2,8.5,28-05-2025 23:54
1766295,Super,2025-05-28,21:43,Penarol,Agua Branca,2,4,6,3.0,2.37,3.0,2.37,3.0,3.4,2.37,2-4,8.0,28-05-2025 23:54
1766301,Super,2025-05-28,21:46,Montevideo,La Plata,0,0,0,2.45,2.9,2.45,2.9,2.9,3.3,2.45,0-0,8.5,28-05-2025 23:54
1766309,Super,2025-05-28,21:49,Itaquera,La Boca,2,3,5,2.55,2.8,2.55,2.8,2.55,3.3,2.8,2-3,8.5,28-05-2025 23:54
1766316,Super,2025-05-28,21:52,Penarol,Montevideo,0,1,1,3.1,2.3,3.1,2.3,2.3,3.4,3.1,0-1,8.0,28-05-2025 23:54
1766323,Super,2025-05-28,21:55,Quito,Santos,1,0,1,2.62,2.7,2.62,2.7,2.7,3.3,2.62,1-0,8.5,28-05-2025 23:54
1766329,Super,2025-05-28,21:58,Medellin,Penarol,1,0,1,2.87,2.55,2.87,2.55,2.55,3.25,2.87,1-0,9.0,28-05-2025 23:54
1767176,Euro,2025-05-29,4:02,Albânia,Itália,0,2,2,2.6,2.87,2.6,2.87,2.87,3.2,2.6,0-2,10.0,29-05-2025 00:21
1767183,Euro,2025-05-29,4:05,Dinamarca,Países Baixos,2,2,4,2.45,2.87,2.45,2.87,2.45,3.5,2.87,2-2,7.5,29-05-2025 00:21
1767190,Euro,2025-05-29,4:08,França,Ucrânia,2,1,3,2.02,3.6,3.6,2.02,2.02,3.6,3.6,2-1,7.0,29-05-2025 00:21
1767196,Euro,2025-05-29,4:11,Sérvia,Alemanha,1,0,1,2.5,2.8,2.5,2.8,2.8,3.4,2.5,1-0,8.0,29-05-2025 00:21
1767204,Euro,2025-05-29,4:14,Croácia,República Tcheca,1,1,2,3.1,2.35,3.1,2.35,2.35,3.3,3.1,1-1,9.0,29-05-2025 00:21
1767211,Euro,2025-05-29,4:17,Espanha,Países Baixos,2,2,4,2.3,3.0,2.3,3.0,2.3,3.6,3.0,2-2,6.0,29-05-2025 00:21
1767217,Euro,2025-05-29,4:20,Itália,Inglaterra,2,1,3,2.7,2.55,2.55,2.7,2.7,3.5,2.55,2-1,7.0,29-05-2025 00:21
1767036,Euro,2025-05-29,3:02,França,Bélgica,4,0,4,2.25,3.1,2.25,3.1,2.25,3.6,3.1,4-0,6.5,29-05-2025 00:21
1767043,Euro,2025-05-29,3:05,República Tcheca,Inglaterra,0,0,0,2.37,3.0,2.37,3.0,3.0,3.4,2.37,0-0,8.0,29-05-2025 00:21
1767050,Euro,2025-05-29,3:08,Turquia,Croácia,4,1,5,2.55,2.8,2.55,2.8,2.55,3.3,2.8,4-1,8.5,29-05-2025 00:21
1767057,Euro,2025-05-29,3:11,Geórgia,Ucrânia,1,1,2,2.62,2.7,2.62,2.7,2.7,3.3,2.62,1-1,8.5,29-05-2025 00:21
1767063,Euro,2025-05-29,3:14,França,Turquia,1,0,1,3.4,2.15,3.4,2.15,2.15,3.5,3.4,1-0,8.0,29-05-2025 00:21
1767071,Euro,2025-05-29,3:17,Inglaterra,República Tcheca,0,0,0,3.6,2.07,3.6,2.07,2.07,3.4,3.6,0-0,8.0,29-05-2025 00:21
1767078,Euro,2025-05-29,3:20,Romênia,Albânia,1,0,1,2.9,2.5,2.9,2.5,2.5,3.3,2.9,1-0,9.0,29-05-2025 00:21
1767085,Euro,2025-05-29,3:23,Inglaterra,Eslováquia,1,2,3,1.9,4.0,4.0,1.9,1.9,3.6,4.0,1-2,7.0,29-05-2025 00:21
1767095,Euro,2025-05-29,3:26,Suíça,Turquia,1,0,1,2.87,2.45,2.87,2.45,2.45,3.4,2.87,1-0,8.0,29-05-2025 00:21
1767099,Euro,2025-05-29,3:29,Hungria,Eslováquia,0,0,0,3.25,2.25,3.25,2.25,2.25,3.4,3.25,0-0,8.5,29-05-2025 00:21
1767106,Euro,2025-05-29,3:32,Alemanha,República Tcheca,1,2,3,2.15,3.5,3.5,2.15,2.15,3.4,3.5,1-2,8.5,29-05-2025 00:21
1767113,Euro,2025-05-29,3:35,Hungria,Países Baixos,3,0,3,2.6,2.7,2.7,2.6,2.6,3.5,2.7,3-0,7.0,29-05-2025 00:21
1767120,Euro,2025-05-29,3:38,Turquia,Escócia,1,2,3,2.37,3.0,3.0,2.37,2.37,3.3,3.0,1-2,8.5,29-05-2025 00:21
1767127,Euro,2025-05-29,3:41,Albânia,Sérvia,1,0,1,2.8,2.7,2.8,2.7,2.7,3.1,2.8,1-0,11.0,29-05-2025 00:21
1767133,Euro,2025-05-29,3:44,Itália,Países Baixos,3,2,5,2.37,2.9,2.37,2.9,2.37,3.5,2.9,3-2,7.0,29-05-2025 00:21
1767141,Euro,2025-05-29,3:47,Polônia,Geórgia,2,0,2,3.3,2.25,3.3,2.25,2.25,3.3,3.3,2-0,9.0,29-05-2025 00:21
1767148,Euro,2025-05-29,3:50,Dinamarca,Inglaterra,2,1,3,2.8,2.5,2.5,2.8,2.8,3.5,2.5,2-1,7.5,29-05-2025 00:21
1767155,Euro,2025-05-29,3:53,Suíça,Sérvia,3,1,4,2.45,2.87,2.45,2.87,2.45,3.4,2.87,3-1,8.0,29-05-2025 00:21
1767162,Euro,2025-05-29,3:56,Ucrânia,República Tcheca,1,1,2,2.87,2.55,2.87,2.55,2.55,3.25,2.87,1-1,9.0,29-05-2025 00:21
1767169,Euro,2025-05-29,3:59,Romênia,Bélgica,2,0,2,2.45,2.75,2.45,2.75,2.75,3.5,2.45,2-0,6.5,29-05-2025 00:21
1766896,Euro,2025-05-29,2:02,Polônia,Turquia,1,0,1,2.75,2.7,2.75,2.7,2.7,3.2,2.75,1-0,10.0,29-05-2025 00:21
1766903,Euro,2025-05-29,2:05,Alemanha,Romênia,2,1,3,2.05,3.5,3.5,2.05,2.05,3.6,3.5,2-1,6.5,29-05-2025 00:21
1766910,Euro,2025-05-29,2:08,Croácia,Polônia,2,1,3,2.25,3.25,3.25,2.25,2.25,3.4,3.25,2-1,8.5,29-05-2025 00:21
1766916,Euro,2025-05-29,2:11,Eslováquia,Hungria,0,0,0,2.62,2.7,2.62,2.7,2.7,3.3,2.62,0-0,8.5,29-05-2025 00:21
1766923,Euro,2025-05-29,2:14,Eslovênia,Ucrânia,1,1,2,3.0,2.45,3.0,2.45,2.45,3.2,3.0,1-1,10.0,29-05-2025 00:21
1766931,Euro,2025-05-29,2:17,Itália,Turquia,1,0,1,3.1,2.35,3.1,2.35,2.35,3.3,3.1,1-0,9.0,29-05-2025 00:21
1766938,Euro,2025-05-29,2:20,Inglaterra,Croácia,0,1,1,3.2,2.2,3.2,2.2,2.2,3.6,3.2,0-1,7.0,29-05-2025 00:21
1766945,Euro,2025-05-29,2:23,Sérvia,Turquia,2,3,5,2.5,3.0,2.5,3.0,2.5,3.2,3.0,2-3,10.0,29-05-2025 00:21
1766952,Euro,2025-05-29,2:26,Croácia,Áustria,1,2,3,2.37,3.0,3.0,2.37,2.37,3.4,3.0,1-2,7.5,29-05-2025 00:21
1766959,Euro,2025-05-29,2:29,Hungria,Escócia,1,1,2,2.9,2.45,2.9,2.45,2.45,3.4,2.9,1-1,8.0,29-05-2025 00:21
1766966,Euro,2025-05-29,2:32,Eslovênia,Países Baixos,2,1,3,2.7,2.62,2.62,2.7,2.7,3.3,2.62,2-1,8.5,29-05-2025 00:21
1766973,Euro,2025-05-29,2:35,Ucrânia,Albânia,1,0,1,3.0,2.5,3.0,2.5,2.5,3.2,3.0,1-0,10.0,29-05-2025 00:21
1766980,Euro,2025-05-29,2:38,Espanha,Bélgica,3,3,6,2.37,2.87,2.37,2.87,2.37,3.6,2.87,3-3,6.5,29-05-2025 00:21
1766987,Euro,2025-05-29,2:41,Geórgia,Polônia,0,0,0,2.62,2.75,2.62,2.75,2.75,3.25,2.62,0-0,9.0,29-05-2025 00:21
1766994,Euro,2025-05-29,2:44,República Tcheca,Eslovênia,0,1,1,3.2,2.45,3.2,2.45,2.45,3.1,3.2,0-1,11.0,29-05-2025 00:21
1767001,Euro,2025-05-29,2:47,Hungria,Croácia,1,2,3,2.62,2.7,2.7,2.62,2.62,3.4,2.7,1-2,8.0,29-05-2025 00:21
1767007,Euro,2025-05-29,2:50,Albânia,Portugal,2,2,4,2.9,2.5,2.9,2.5,2.9,3.25,2.5,2-2,9.0,29-05-2025 00:21
1767015,Euro,2025-05-29,2:53,Hungria,Suíça,0,1,1,2.75,2.5,2.75,2.5,2.5,3.4,2.75,0-1,7.5,29-05-2025 00:21
1767022,Euro,2025-05-29,2:56,Sérvia,Escócia,3,2,5,2.37,3.0,2.37,3.0,2.37,3.3,3.0,3-2,8.5,29-05-2025 00:21
1767029,Euro,2025-05-29,2:59,Portugal,Eslovênia,1,1,2,3.6,2.15,3.6,2.15,2.15,3.3,3.6,1-1,9.0,29-05-2025 00:21
1766756,Euro,2025-05-29,1:02,Dinamarca,Geórgia,4,0,4,2.05,3.75,2.05,3.75,2.05,3.4,3.75,4-0,9.0,29-05-2025 00:21
1766763,Euro,2025-05-29,1:05,Países Baixos,Inglaterra,1,2,3,2.75,2.45,2.45,2.75,2.75,3.6,2.45,1-2,6.0,29-05-2025 00:21
1766770,Euro,2025-05-29,1:08,Polônia,Albânia,2,0,2,3.0,2.5,3.0,2.5,2.5,3.1,3.0,2-0,11.0,29-05-2025 00:21
1766777,Euro,2025-05-29,1:11,Croácia,Portugal,2,0,2,2.62,2.62,2.62,2.62,2.62,3.5,2.62,2-0,7.5,29-05-2025 00:21
1766784,Euro,2025-05-29,1:14,Geórgia,Albânia,0,2,2,2.7,2.75,2.7,2.75,2.75,3.2,2.7,0-2,10.0,29-05-2025 00:21
1766791,Euro,2025-05-29,1:17,Alemanha,França,3,0,3,2.5,2.7,2.7,2.5,2.5,3.6,2.7,3-0,6.5,29-05-2025 00:21
1766798,Euro,2025-05-29,1:20,Eslováquia,Turquia,0,3,3,2.8,2.55,2.55,2.8,2.8,3.3,2.55,0-3,8.5,29-05-2025 00:21
1766805,Euro,2025-05-29,1:23,Áustria,Alemanha,0,1,1,2.5,2.8,2.5,2.8,2.8,3.5,2.5,0-1,7.5,29-05-2025 00:21
1766812,Euro,2025-05-29,1:26,Geórgia,Eslovênia,0,0,0,2.7,2.75,2.7,2.75,2.75,3.2,2.7,0-0,10.0,29-05-2025 00:21
1766819,Euro,2025-05-29,1:29,Turquia,Alemanha,0,1,1,2.5,2.8,2.5,2.8,2.8,3.4,2.5,0-1,8.0,29-05-2025 00:21
1766826,Euro,2025-05-29,1:32,Albânia,Dinamarca,3,1,4,2.75,2.7,2.75,2.7,2.75,3.2,2.7,3-1,10.0,29-05-2025 00:21
1766833,Euro,2025-05-29,1:35,Países Baixos,Eslovênia,2,1,3,2.25,3.25,3.25,2.25,2.25,3.4,3.25,2-1,8.5,29-05-2025 00:21
1766841,Euro,2025-05-29,1:38,França,Geórgia,2,1,3,1.86,4.2,4.2,1.86,1.86,3.6,4.2,2-1,7.5,29-05-2025 00:21
1766847,Euro,2025-05-29,1:41,Itália,Eslováquia,2,0,2,3.6,2.05,3.6,2.05,2.05,3.5,3.6,2-0,8.0,29-05-2025 00:21
1766853,Euro,2025-05-29,1:44,Geórgia,Hungria,0,1,1,2.55,2.8,2.55,2.8,2.8,3.3,2.55,0-1,8.5,29-05-2025 00:21
1766861,Euro,2025-05-29,1:47,Albânia,Escócia,1,1,2,2.87,2.55,2.87,2.55,2.55,3.25,2.87,1-1,9.0,29-05-2025 00:21
1766868,Euro,2025-05-29,1:50,Áustria,República Tcheca,1,1,2,3.1,2.4,3.1,2.4,2.4,3.25,3.1,1-1,9.0,29-05-2025 00:21
1766876,Euro,2025-05-29,1:53,Suíça,Eslovênia,0,2,2,3.1,2.35,3.1,2.35,2.35,3.3,3.1,0-2,9.0,29-05-2025 00:21
1766882,Euro,2025-05-29,1:56,Países Baixos,Áustria,4,0,4,2.37,2.9,2.37,2.9,2.37,3.5,2.9,4-0,7.0,29-05-2025 00:21
1766889,Euro,2025-05-29,1:59,República Tcheca,França,0,0,0,2.37,3.0,2.37,3.0,3.0,3.4,2.37,0-0,8.0,29-05-2025 00:21
1766617,Euro,2025-05-29,0:02,Sérvia,Eslováquia,1,0,1,3.4,2.2,3.4,2.2,2.2,3.3,3.4,1-0,9.0,29-05-2025 00:21
1766623,Euro,2025-05-29,0:05,Romênia,França,1,2,3,3.0,2.25,2.25,3.0,3.0,3.6,2.25,1-2,6.5,29-05-2025 00:21
1766630,Euro,2025-05-29,0:08,Turquia,Sérvia,1,0,1,3.0,2.5,3.0,2.5,2.5,3.2,3.0,1-0,10.0,29-05-2025 00:21
1766638,Euro,2025-05-29,0:11,Itália,Áustria,4,2,6,2.3,3.1,2.3,3.1,2.3,3.4,3.1,4-2,8.0,29-05-2025 00:21
1766644,Euro,2025-05-29,0:14,Geórgia,Romênia,1,1,2,2.6,2.7,2.6,2.7,2.7,3.4,2.6,1-1,7.5,29-05-2025 00:21
1766651,Euro,2025-05-29,0:17,Portugal,Eslováquia,2,0,2,3.75,2.0,3.75,2.0,2.0,3.5,3.75,2-0,7.5,29-05-2025 00:21
1766657,Euro,2025-05-29,0:20,Alemanha,Sérvia,3,3,6,2.2,3.3,2.2,3.3,2.2,3.4,3.3,3-3,8.0,29-05-2025 00:21
1766664,Euro,2025-05-29,0:23,Escócia,Itália,2,1,3,2.7,2.6,2.6,2.7,2.7,3.4,2.6,2-1,7.5,29-05-2025 00:21
1766672,Euro,2025-05-29,0:26,Espanha,Alemanha,1,3,4,2.5,2.7,2.5,2.7,2.5,3.6,2.7,1-3,6.5,29-05-2025 00:21
1766679,Euro,2025-05-29,0:29,Inglaterra,Hungria,1,1,2,3.5,2.07,3.5,2.07,2.07,3.5,3.5,1-1,7.5,29-05-2025 00:21
1766686,Euro,2025-05-29,0:32,Espanha,Suíça,3,1,4,2.25,3.1,2.25,3.1,2.25,3.6,3.1,3-1,6.5,29-05-2025 00:21
1766693,Euro,2025-05-29,0:35,Geórgia,Croácia,0,0,0,2.37,3.0,2.37,3.0,3.0,3.4,2.37,0-0,8.0,29-05-2025 00:21
1766700,Euro,2025-05-29,0:38,Eslováquia,Alemanha,0,1,1,2.2,3.2,2.2,3.2,3.2,3.5,2.2,0-1,7.0,29-05-2025 00:21
1766707,Euro,2025-05-29,0:41,Hungria,Sérvia,0,0,0,2.87,2.55,2.87,2.55,2.55,3.25,2.87,0-0,9.0,29-05-2025 00:21
1766714,Euro,2025-05-29,0:44,Inglaterra,Portugal,0,0,0,3.0,2.3,3.0,2.3,2.3,3.5,3.0,0-0,7.0,29-05-2025 00:21
1766721,Euro,2025-05-29,0:47,Croácia,Itália,0,0,0,2.75,2.55,2.75,2.55,2.55,3.4,2.75,0-0,7.5,29-05-2025 00:21
1766728,Euro,2025-05-29,0:50,Suíça,França,0,4,4,2.87,2.37,2.87,2.37,2.87,3.6,2.37,0-4,6.5,29-05-2025 00:21
1766735,Euro,2025-05-29,0:53,Turquia,Áustria,3,1,4,2.45,2.9,2.45,2.9,2.45,3.3,2.9,3-1,9.0,29-05-2025 00:21
1766742,Euro,2025-05-29,0:56,Dinamarca,Sérvia,1,0,1,3.1,2.4,3.1,2.4,2.4,3.25,3.1,1-0,9.0,29-05-2025 00:21
1766749,Euro,2025-05-29,0:59,Ucrânia,Escócia,1,0,1,2.75,2.5,2.75,2.5,2.5,3.4,2.75,1-0,7.5,29-05-2025 00:21
1766479,Euro,2025-05-29,23:02,Suíça,Portugal,2,1,3,2.7,2.55,2.55,2.7,2.7,3.5,2.55,2-1,7.0,29-05-2025 00:21
1766485,Euro,2025-05-29,23:05,Bélgica,República Tcheca,1,2,3,2.25,3.25,3.25,2.25,2.25,3.4,3.25,1-2,8.5,29-05-2025 00:21
1766493,Euro,2025-05-29,23:08,Suíça,Alemanha,3,2,5,2.75,2.45,2.75,2.45,2.75,3.5,2.45,3-2,6.5,29-05-2025 00:21
1766500,Euro,2025-05-29,23:11,Itália,Portugal,3,2,5,2.55,2.75,2.55,2.75,2.55,3.4,2.75,3-2,7.5,29-05-2025 00:21
1766508,Euro,2025-05-29,23:14,Albânia,Romênia,0,1,1,2.9,2.45,2.9,2.45,2.45,3.3,2.9,0-1,8.5,29-05-2025 00:21
1766514,Euro,2025-05-29,23:17,Áustria,Ucrânia,0,2,2,3.1,2.3,3.1,2.3,2.3,3.4,3.1,0-2,8.0,29-05-2025 00:21
1766521,Euro,2025-05-29,23:20,Romênia,Países Baixos,1,1,2,2.55,2.62,2.55,2.62,2.62,3.6,2.55,1-1,6.5,29-05-2025 00:21
1766528,Euro,2025-05-29,23:23,Polônia,Espanha,2,0,2,2.45,2.87,2.45,2.87,2.87,3.4,2.45,2-0,7.5,29-05-2025 00:21
1766535,Euro,2025-05-29,23:26,Suíça,Geórgia,1,4,5,2.1,3.5,2.1,3.5,2.1,3.5,3.5,1-4,7.5,29-05-2025 00:21
1766542,Euro,2025-05-29,23:29,Polônia,Croácia,1,0,1,2.62,2.7,2.62,2.7,2.7,3.3,2.62,1-0,8.5,29-05-2025 00:21
1766549,Euro,2025-05-29,23:32,Geórgia,Turquia,1,1,2,2.5,2.9,2.5,2.9,2.9,3.25,2.5,1-1,9.0,29-05-2025 00:21
1766556,Euro,2025-05-29,23:35,República Tcheca,Áustria,0,0,0,2.87,2.55,2.87,2.55,2.55,3.25,2.87,0-0,9.0,29-05-2025 00:21
1766563,Euro,2025-05-29,23:38,Croácia,Ucrânia,0,3,3,2.25,3.2,3.2,2.25,2.25,3.4,3.2,0-3,7.5,29-05-2025 00:21
1766570,Euro,2025-05-29,23:41,Portugal,República Tcheca,1,0,1,3.4,2.2,3.4,2.2,2.2,3.3,3.4,1-0,9.0,29-05-2025 00:21
1766577,Euro,2025-05-29,23:44,França,Países Baixos,1,0,1,3.2,2.15,3.2,2.15,2.15,3.6,3.2,1-0,6.0,29-05-2025 00:21
1766584,Euro,2025-05-29,23:47,Geórgia,Eslováquia,1,3,4,2.5,2.8,2.5,2.8,2.5,3.3,2.8,1-3,8.5,29-05-2025 00:21
1766591,Euro,2025-05-29,23:50,Escócia,Romênia,2,1,3,2.35,2.9,2.9,2.35,2.35,3.5,2.9,2-1,7.0,29-05-2025 00:21
1766598,Euro,2025-05-29,23:53,Croácia,Bélgica,3,0,3,2.5,2.75,2.75,2.5,2.5,3.5,2.75,3-0,7.0,29-05-2025 00:21
1766605,Euro,2025-05-29,23:56,Portugal,Suíça,0,2,2,3.1,2.25,3.1,2.25,2.25,3.5,3.1,0-2,7.0,29-05-2025 00:21
1766338,Euro,2025-05-29,22:02,Eslovênia,Eslováquia,1,1,2,3.25,2.3,3.25,2.3,2.3,3.25,3.25,1-1,10.0,29-05-2025 00:21
1766346,Euro,2025-05-29,22:05,Croácia,República Tcheca,2,1,3,2.35,3.1,3.1,2.35,2.35,3.3,3.1,2-1,9.0,29-05-2025 00:21
1766353,Euro,2025-05-29,22:08,Dinamarca,Áustria,0,3,3,2.4,3.0,3.0,2.4,2.4,3.3,3.0,0-3,8.5,29-05-2025 00:21
1766361,Euro,2025-05-29,22:11,Bélgica,Eslovênia,1,0,1,3.4,2.2,3.4,2.2,2.2,3.3,3.4,1-0,9.0,29-05-2025 00:21
1766366,Euro,2025-05-29,22:14,Croácia,Hungria,1,0,1,3.1,2.3,3.1,2.3,2.3,3.4,3.1,1-0,8.0,29-05-2025 00:21
1766374,Euro,2025-05-29,22:17,Bélgica,Dinamarca,2,3,5,2.4,3.0,2.4,3.0,2.4,3.4,3.0,2-3,7.5,29-05-2025 00:21
1766381,Euro,2025-05-29,22:20,Portugal,Polônia,2,1,3,2.15,3.5,3.5,2.15,2.15,3.4,3.5,2-1,8.5,29-05-2025 00:21
1766388,Euro,2025-05-29,22:23,República Tcheca,Geórgia,3,1,4,2.2,3.5,2.2,3.5,2.2,3.25,3.5,3-1,10.0,29-05-2025 00:21
1766395,Euro,2025-05-29,22:26,Turquia,Suíça,0,1,1,2.9,2.45,2.9,2.45,2.45,3.4,2.9,0-1,8.0,29-05-2025 00:21
1766400,Euro,2025-05-29,22:29,Bélgica,Geórgia,0,1,1,3.75,2.0,3.75,2.0,2.0,3.5,3.75,0-1,7.5,29-05-2025 00:21
1766409,Euro,2025-05-29,22:32,Turquia,Itália,0,3,3,2.62,2.7,2.7,2.62,2.62,3.3,2.7,0-3,9.0,29-05-2025 00:21
1766416,Euro,2025-05-29,22:35,Escócia,França,1,1,2,2.3,3.0,2.3,3.0,3.0,3.6,2.3,1-1,6.5,29-05-2025 00:21
1766423,Euro,2025-05-29,22:38,Turquia,República Tcheca,0,0,0,3.1,2.4,3.1,2.4,2.4,3.2,3.1,0-0,10.0,29-05-2025 00:21
1766430,Euro,2025-05-29,22:41,Espanha,Polônia,1,2,3,2.15,3.4,3.4,2.15,2.15,3.5,3.4,1-2,7.5,29-05-2025 00:21
1766437,Euro,2025-05-29,22:44,Croácia,Romênia,1,1,2,3.1,2.25,3.1,2.25,2.25,3.5,3.1,1-1,7.0,29-05-2025 00:21
1766443,Euro,2025-05-29,22:47,Eslovênia,Dinamarca,1,1,2,2.7,2.75,2.7,2.75,2.75,3.2,2.7,1-1,10.0,29-05-2025 00:21
1766451,Euro,2025-05-29,22:50,Países Baixos,Romênia,0,1,1,3.1,2.25,3.1,2.25,2.25,3.6,3.1,0-1,6.5,29-05-2025 00:21
1766458,Euro,2025-05-29,22:53,Croácia,Eslováquia,1,2,3,2.1,3.5,3.5,2.1,2.1,3.5,3.5,1-2,7.5,29-05-2025 00:21
1766465,Euro,2025-05-29,22:56,Bélgica,Polônia,2,2,4,2.2,3.3,2.2,3.3,2.2,3.4,3.3,2-2,8.0,29-05-2025 00:21
1766472,Euro,2025-05-29,22:59,França,Eslovênia,4,1,5,2.02,3.8,2.02,3.8,2.02,3.4,3.8,4-1,8.5,29-05-2025 00:21
1767175,Copa,2025-05-29,4:01,Inglaterra,Argentina,1,2,3,2.37,2.9,2.9,2.37,2.37,3.5,2.9,1-2,7.0,29-05-2025 00:21
1767180,Copa,2025-05-29,4:04,Senegal,Marrocos,2,1,3,2.25,3.3,3.3,2.25,2.25,3.3,3.3,2-1,9.0,29-05-2025 00:21
1767187,Copa,2025-05-29,4:07,EUA,País de Gales,1,1,2,3.4,2.25,3.4,2.25,2.25,3.2,3.4,1-1,10.0,29-05-2025 00:21
1767194,Copa,2025-05-29,4:10,Espanha,Alemanha,1,0,1,2.87,2.37,2.87,2.37,2.37,3.6,2.87,1-0,6.5,29-05-2025 00:21
1767203,Copa,2025-05-29,4:13,Qatar,Portugal,4,3,7,3.0,2.3,3.0,2.3,3.0,3.5,2.3,4-3,7.0,29-05-2025 00:21
1767208,Copa,2025-05-29,4:16,Arábia Saudita,Suíça,0,0,0,2.3,3.0,2.3,3.0,3.0,3.5,2.3,0-0,7.0,29-05-2025 00:21
1767216,Copa,2025-05-29,4:19,EUA,Uruguai,0,3,3,2.55,2.87,2.87,2.55,2.55,3.25,2.87,0-3,9.0,29-05-2025 00:21
1767035,Copa,2025-05-29,3:01,Canadá,Gana,0,1,1,2.8,2.5,2.8,2.5,2.5,3.4,2.8,0-1,7.5,29-05-2025 00:21
1767040,Copa,2025-05-29,3:04,México,Austrália,3,4,7,2.15,3.3,2.15,3.3,2.15,3.5,3.3,3-4,7.0,29-05-2025 00:21
1767047,Copa,2025-05-29,3:07,Costa Rica,Bélgica,0,1,1,2.15,3.3,2.15,3.3,3.3,3.5,2.15,0-1,7.5,29-05-2025 00:21
1767055,Copa,2025-05-29,3:10,Portugal,Irã,2,0,2,4.0,1.9,4.0,1.9,1.9,3.75,4.0,2-0,6.5,29-05-2025 00:21
1767061,Copa,2025-05-29,3:13,Arábia Saudita,Austrália,4,2,6,2.55,2.62,2.55,2.62,2.55,3.6,2.62,4-2,6.5,29-05-2025 00:21
1767068,Copa,2025-05-29,3:16,Inglaterra,Suíça,3,1,4,2.1,3.4,2.1,3.4,2.1,3.6,3.4,3-1,7.0,29-05-2025 00:21
1767076,Copa,2025-05-29,3:19,Sérvia,Equador,1,1,2,3.1,2.37,3.1,2.37,2.37,3.25,3.1,1-1,9.0,29-05-2025 00:21
1767082,Copa,2025-05-29,3:22,Costa Rica,Países Baixos,0,2,2,2.2,3.2,2.2,3.2,3.2,3.5,2.2,0-2,7.0,29-05-2025 00:21
1767092,Copa,2025-05-29,3:25,Sérvia,Argentina,0,0,0,2.5,2.9,2.5,2.9,2.9,3.25,2.5,0-0,9.0,29-05-2025 00:21
1767098,Copa,2025-05-29,3:28,Marrocos,Equador,3,2,5,2.5,2.8,2.5,2.8,2.5,3.4,2.8,3-2,7.5,29-05-2025 00:21
1767103,Copa,2025-05-29,3:31,Dinamarca,Costa Rica,1,0,1,3.75,2.0,3.75,2.0,2.0,3.6,3.75,1-0,7.0,29-05-2025 00:21
1767112,Copa,2025-05-29,3:34,Portugal,Bélgica,1,1,2,2.7,2.55,2.7,2.55,2.55,3.5,2.7,1-1,7.0,29-05-2025 00:21
1767117,Copa,2025-05-29,3:37,Gana,Uruguai,2,0,2,2.5,2.75,2.5,2.75,2.75,3.5,2.5,2-0,7.0,29-05-2025 00:21
1767126,Copa,2025-05-29,3:40,Marrocos,Espanha,1,1,2,2.25,3.1,2.25,3.1,3.1,3.5,2.25,1-1,7.0,29-05-2025 00:21
1767131,Copa,2025-05-29,3:43,Inglaterra,Tunísia,3,2,5,1.85,4.2,1.85,4.2,1.85,3.6,4.2,3-2,7.5,29-05-2025 00:21
1767138,Copa,2025-05-29,3:46,México,Polônia,3,0,3,2.45,2.9,2.9,2.45,2.45,3.4,2.9,3-0,8.0,29-05-2025 00:21
1767145,Copa,2025-05-29,3:49,Canadá,França,2,3,5,3.4,2.1,3.4,2.1,3.4,3.5,2.1,2-3,7.0,29-05-2025 00:21
1767154,Copa,2025-05-29,3:52,Brasil,Polônia,2,1,3,2.02,3.6,3.6,2.02,2.02,3.6,3.6,2-1,7.0,29-05-2025 00:21
1767159,Copa,2025-05-29,3:55,Arábia Saudita,Coreia do Sul,0,1,1,2.7,2.6,2.7,2.6,2.6,3.5,2.7,0-1,7.0,29-05-2025 00:21
1767166,Copa,2025-05-29,3:58,Croácia,Dinamarca,1,1,2,2.9,2.45,2.9,2.45,2.45,3.4,2.9,1-1,8.0,29-05-2025 00:21
1766893,Copa,2025-05-29,2:01,Argentina,Portugal,0,1,1,3.0,2.3,3.0,2.3,2.3,3.6,3.0,0-1,6.5,29-05-2025 00:21
1766901,Copa,2025-05-29,2:04,EUA,França,1,2,3,3.0,2.4,2.4,3.0,3.0,3.3,2.4,1-2,8.5,29-05-2025 00:21
1766907,Copa,2025-05-29,2:07,Suíça,Países Baixos,1,2,3,2.6,2.62,2.62,2.6,2.6,3.5,2.62,1-2,7.5,29-05-2025 00:21
1766914,Copa,2025-05-29,2:10,Costa Rica,Austrália,2,2,4,2.5,2.75,2.5,2.75,2.5,3.5,2.75,2-2,7.0,29-05-2025 00:21
1766925,Copa,2025-05-29,2:13,Dinamarca,Alemanha,2,0,2,2.62,2.6,2.62,2.6,2.6,3.5,2.62,2-0,6.5,29-05-2025 00:21
1766930,Copa,2025-05-29,2:16,México,Marrocos,1,1,2,3.1,2.3,3.1,2.3,2.3,3.4,3.1,1-1,8.0,29-05-2025 00:21
1766935,Copa,2025-05-29,2:19,Qatar,Sérvia,0,1,1,2.6,2.87,2.6,2.87,2.87,3.2,2.6,0-1,10.0,29-05-2025 00:21
1766942,Copa,2025-05-29,2:22,França,México,3,1,4,2.07,3.5,2.07,3.5,2.07,3.5,3.5,3-1,7.5,29-05-2025 00:21
1766951,Copa,2025-05-29,2:25,Argentina,Uruguai,0,0,0,3.3,2.2,3.3,2.2,2.2,3.5,3.3,0-0,7.5,29-05-2025 00:21
1766956,Copa,2025-05-29,2:28,Senegal,Irã,0,0,0,3.8,1.98,3.8,1.98,1.98,3.5,3.8,0-0,8.5,29-05-2025 00:21
1766964,Copa,2025-05-29,2:31,Inglaterra,Arábia Saudita,1,0,1,4.5,1.76,4.5,1.76,1.76,3.8,4.5,1-0,6.5,29-05-2025 00:21
1766972,Copa,2025-05-29,2:34,Coreia do Sul,Qatar,3,0,3,2.45,2.9,2.9,2.45,2.45,3.4,2.9,3-0,8.0,29-05-2025 00:21
1766977,Copa,2025-05-29,2:37,Equador,Marrocos,4,1,5,2.37,3.0,2.37,3.0,2.37,3.4,3.0,4-1,7.5,29-05-2025 00:21
1766984,Copa,2025-05-29,2:40,Camarões,Coreia do Sul,1,1,2,2.87,2.4,2.87,2.4,2.4,3.5,2.87,1-1,7.0,29-05-2025 00:21
1766990,Copa,2025-05-29,2:43,Brasil,Irã,4,2,6,1.72,4.75,1.72,4.75,1.72,3.8,4.75,4-2,6.5,29-05-2025 00:21
1766999,Copa,2025-05-29,2:46,Croácia,Polônia,1,2,3,2.3,3.2,3.2,2.3,2.3,3.3,3.2,1-2,9.0,29-05-2025 00:21
1767009,Copa,2025-05-29,2:49,França,Senegal,0,0,0,3.5,2.15,3.5,2.15,2.15,3.4,3.5,0-0,8.5,29-05-2025 00:21
1767013,Copa,2025-05-29,2:52,México,Portugal,1,0,1,2.55,2.7,2.55,2.7,2.7,3.5,2.55,1-0,7.0,29-05-2025 00:21
1767019,Copa,2025-05-29,2:55,Camarões,Japão,0,2,2,2.7,2.6,2.7,2.6,2.6,3.4,2.7,0-2,8.0,29-05-2025 00:21
1767025,Copa,2025-05-29,2:58,Equador,Coreia do Sul,0,1,1,3.2,2.25,3.2,2.25,2.25,3.5,3.2,0-1,7.5,29-05-2025 00:21
1766755,Copa,2025-05-29,1:01,Portugal,Espanha,0,0,0,2.6,2.6,2.6,2.6,2.6,3.6,2.6,0-0,6.0,29-05-2025 00:21
1766760,Copa,2025-05-29,1:04,Tunísia,Senegal,1,0,1,2.5,2.9,2.5,2.9,2.9,3.25,2.5,1-0,9.0,29-05-2025 00:21
1766769,Copa,2025-05-29,1:07,Polônia,Gana,2,1,3,2.25,3.2,3.2,2.25,2.25,3.5,3.2,2-1,7.5,29-05-2025 00:21
1766773,Copa,2025-05-29,1:10,Austrália,Marrocos,0,0,0,2.7,2.6,2.7,2.6,2.6,3.5,2.7,0-0,7.0,29-05-2025 00:21
1766782,Copa,2025-05-29,1:13,Canadá,Arábia Saudita,1,2,3,2.25,3.1,3.1,2.25,2.25,3.5,3.1,1-2,7.0,29-05-2025 00:21
1766788,Copa,2025-05-29,1:16,Irã,Equador,0,1,1,2.4,2.8,2.4,2.8,2.8,3.5,2.4,0-1,7.0,29-05-2025 00:21
1766795,Copa,2025-05-29,1:19,País de Gales,Arábia Saudita,1,0,1,3.25,2.2,3.25,2.2,2.2,3.5,3.25,1-0,7.5,29-05-2025 00:21
1766804,Copa,2025-05-29,1:22,Portugal,Argentina,0,1,1,2.62,2.6,2.62,2.6,2.6,3.5,2.62,0-1,6.5,29-05-2025 00:21
1766809,Copa,2025-05-29,1:25,Japão,Alemanha,2,1,3,3.0,2.37,2.37,3.0,3.0,3.4,2.37,2-1,8.0,29-05-2025 00:21
1766816,Copa,2025-05-29,1:28,Uruguai,Irã,1,1,2,3.75,2.0,3.75,2.0,2.0,3.6,3.75,1-1,7.0,29-05-2025 00:21
1766823,Copa,2025-05-29,1:31,Costa Rica,Polônia,0,0,0,2.45,2.87,2.45,2.87,2.87,3.4,2.45,0-0,7.5,29-05-2025 00:21
1766830,Copa,2025-05-29,1:34,Dinamarca,Camarões,1,2,3,2.05,3.5,3.5,2.05,2.05,3.6,3.5,1-2,6.5,29-05-2025 00:21
1766838,Copa,2025-05-29,1:37,Brasil,Canadá,3,0,3,1.83,4.33,4.33,1.83,1.83,3.75,4.33,3-0,7.0,29-05-2025 00:21
1766846,Copa,2025-05-29,1:40,Alemanha,Inglaterra,1,2,3,2.6,2.62,2.62,2.6,2.6,3.5,2.62,1-2,6.5,29-05-2025 00:21
1766850,Copa,2025-05-29,1:43,Portugal,Costa Rica,1,0,1,3.8,1.95,3.8,1.95,1.95,3.6,3.8,1-0,6.5,29-05-2025 00:21
1766858,Copa,2025-05-29,1:46,Irã,Austrália,1,0,1,2.62,2.55,2.62,2.55,2.55,3.6,2.62,1-0,6.5,29-05-2025 00:21
1766865,Copa,2025-05-29,1:49,Uruguai,Argentina,0,0,0,2.5,2.8,2.5,2.8,2.8,3.5,2.5,0-0,7.5,29-05-2025 00:21
1766875,Copa,2025-05-29,1:52,México,Tunísia,3,0,3,2.15,3.4,3.4,2.15,2.15,3.4,3.4,3-0,8.0,29-05-2025 00:21
1766879,Copa,2025-05-29,1:55,Alemanha,Senegal,2,2,4,2.25,3.25,2.25,3.25,2.25,3.4,3.25,2-2,8.5,29-05-2025 00:21
1766886,Copa,2025-05-29,1:58,Inglaterra,Polônia,3,1,4,2.07,3.5,2.07,3.5,2.07,3.5,3.5,3-1,7.5,29-05-2025 00:21
1766614,Copa,2025-05-29,0:01,Croácia,Uruguai,2,3,5,2.37,3.0,2.37,3.0,2.37,3.3,3.0,2-3,8.5,29-05-2025 00:21
1766620,Copa,2025-05-29,0:04,Inglaterra,Dinamarca,2,0,2,3.2,2.2,3.2,2.2,2.2,3.6,3.2,2-0,7.0,29-05-2025 00:21
1766632,Copa,2025-05-29,0:07,Uruguai,EUA,1,1,2,3.1,2.4,3.1,2.4,2.4,3.25,3.1,1-1,9.0,29-05-2025 00:21
1766636,Copa,2025-05-29,0:10,Sérvia,Coreia do Sul,1,2,3,2.2,3.5,3.5,2.2,2.2,3.25,3.5,1-2,10.0,29-05-2025 00:21
1766641,Copa,2025-05-29,0:13,Austrália,Dinamarca,0,1,1,2.35,2.9,2.35,2.9,2.9,3.6,2.35,0-1,6.5,29-05-2025 00:21
1766648,Copa,2025-05-29,0:16,Brasil,Marrocos,3,1,4,1.9,4.0,1.9,4.0,1.9,3.6,4.0,3-1,7.0,29-05-2025 00:21
1766655,Copa,2025-05-29,0:19,Países Baixos,Coreia do Sul,0,0,0,3.75,2.0,3.75,2.0,2.0,3.5,3.75,0-0,7.5,29-05-2025 00:21
1766662,Copa,2025-05-29,0:22,Senegal,Costa Rica,3,1,4,2.05,3.75,2.05,3.75,2.05,3.4,3.75,3-1,8.5,29-05-2025 00:21
1766669,Copa,2025-05-29,0:25,Marrocos,Uruguai,1,0,1,2.6,2.7,2.6,2.7,2.7,3.4,2.6,1-0,7.5,29-05-2025 00:21
1766676,Copa,2025-05-29,0:28,Costa Rica,Camarões,1,0,1,2.75,2.5,2.75,2.5,2.5,3.5,2.75,1-0,7.0,29-05-2025 00:21
1766683,Copa,2025-05-29,0:31,Inglaterra,Canadá,4,1,5,1.85,4.2,1.85,4.2,1.85,3.6,4.2,4-1,7.5,29-05-2025 00:21
1766692,Copa,2025-05-29,0:34,Polônia,Uruguai,1,1,2,2.75,2.5,2.75,2.5,2.5,3.4,2.75,1-1,7.5,29-05-2025 00:21
1766699,Copa,2025-05-29,0:37,Tunísia,Marrocos,0,1,1,2.7,2.6,2.7,2.6,2.6,3.4,2.7,0-1,8.0,29-05-2025 00:21
1766703,Copa,2025-05-29,0:40,Alemanha,Brasil,0,1,1,2.55,2.7,2.55,2.7,2.7,3.6,2.55,0-1,6.5,29-05-2025 00:21
1766711,Copa,2025-05-29,0:43,Camarões,Gana,3,0,3,2.5,2.75,2.75,2.5,2.5,3.5,2.75,3-0,7.0,29-05-2025 00:21
1766719,Copa,2025-05-29,0:46,Brasil,Argentina,1,3,4,2.3,3.0,2.3,3.0,2.3,3.5,3.0,1-3,7.0,29-05-2025 00:21
1766724,Copa,2025-05-29,0:49,País de Gales,Bélgica,1,0,1,2.3,3.1,2.3,3.1,3.1,3.4,2.3,1-0,8.5,29-05-2025 00:21
1766734,Copa,2025-05-29,0:52,Equador,Brasil,1,1,2,2.2,3.2,2.2,3.2,3.2,3.6,2.2,1-1,6.5,29-05-2025 00:21
1766739,Copa,2025-05-29,0:55,Coreia do Sul,Marrocos,1,0,1,2.7,2.6,2.7,2.6,2.6,3.4,2.7,1-0,8.0,29-05-2025 00:21
1766746,Copa,2025-05-29,0:58,Equador,Japão,1,4,5,2.37,3.0,2.37,3.0,2.37,3.3,3.0,1-4,8.5,29-05-2025 00:21
1766476,Copa,2025-05-29,23:01,Austrália,Senegal,0,2,2,2.45,2.9,2.45,2.9,2.9,3.3,2.45,0-2,8.5,29-05-2025 00:21
1766483,Copa,2025-05-29,23:04,Croácia,Gana,2,0,2,3.5,2.1,3.5,2.1,2.1,3.4,3.5,2-0,8.5,29-05-2025 00:21
1766492,Copa,2025-05-29,23:07,EUA,Países Baixos,0,3,3,2.75,2.62,2.62,2.75,2.75,3.25,2.62,0-3,9.0,29-05-2025 00:21
1766497,Copa,2025-05-29,23:10,Argentina,Gana,0,1,1,3.8,1.95,3.8,1.95,1.95,3.6,3.8,0-1,7.5,29-05-2025 00:21
1766504,Copa,2025-05-29,23:13,Tunísia,Países Baixos,4,1,5,3.1,2.3,3.1,2.3,3.1,3.5,2.3,4-1,7.5,29-05-2025 00:21
1766513,Copa,2025-05-29,23:16,Camarões,Qatar,4,1,5,2.4,2.87,2.4,2.87,2.4,3.5,2.87,4-1,7.0,29-05-2025 00:21
1766518,Copa,2025-05-29,23:19,Alemanha,México,0,2,2,3.3,2.2,3.3,2.2,2.2,3.5,3.3,0-2,7.5,29-05-2025 00:21
1766524,Copa,2025-05-29,23:22,Bélgica,Equador,4,1,5,2.1,3.5,2.1,3.5,2.1,3.5,3.5,4-1,7.5,29-05-2025 00:21
1766532,Copa,2025-05-29,23:25,Uruguai,Croácia,2,2,4,2.55,2.8,2.55,2.8,2.55,3.3,2.8,2-2,8.5,29-05-2025 00:21
1766539,Copa,2025-05-29,23:28,Brasil,País de Gales,3,1,4,1.86,4.2,1.86,4.2,1.86,3.6,4.2,3-1,7.5,29-05-2025 00:21
1766547,Copa,2025-05-29,23:31,Polônia,Camarões,0,3,3,2.15,3.3,3.3,2.15,2.15,3.5,3.3,0-3,7.0,29-05-2025 00:21
1766552,Copa,2025-05-29,23:34,Austrália,Arábia Saudita,0,1,1,3.0,2.25,3.0,2.25,2.25,3.6,3.0,0-1,6.5,29-05-2025 00:21
1766559,Copa,2025-05-29,23:37,Coreia do Sul,Inglaterra,2,1,3,3.4,2.1,2.1,3.4,3.4,3.5,2.1,2-1,7.0,29-05-2025 00:21
1766567,Copa,2025-05-29,23:40,Irã,Polônia,0,1,1,2.35,3.0,2.35,3.0,3.0,3.5,2.35,0-1,7.0,29-05-2025 00:21
1766574,Copa,2025-05-29,23:43,Uruguai,Países Baixos,1,2,3,2.6,2.62,2.62,2.6,2.6,3.5,2.62,1-2,7.5,29-05-2025 00:21
1766581,Copa,2025-05-29,23:46,Tunísia,Equador,2,2,4,2.7,2.6,2.7,2.6,2.7,3.4,2.6,2-2,7.5,29-05-2025 00:21
1766589,Copa,2025-05-29,23:49,Suíça,México,0,3,3,2.37,3.0,3.0,2.37,2.37,3.4,3.0,0-3,7.5,29-05-2025 00:21
1766597,Copa,2025-05-29,23:52,Equador,Sérvia,3,0,3,2.55,2.87,2.87,2.55,2.55,3.25,2.87,3-0,9.0,29-05-2025 00:21
1766602,Copa,2025-05-29,23:55,Bélgica,Qatar,2,2,4,1.95,4.0,1.95,4.0,1.95,3.5,4.0,2-2,8.0,29-05-2025 00:21
1766609,Copa,2025-05-29,23:58,Países Baixos,Gana,5,0,5,2.05,3.6,2.05,3.6,2.05,3.5,3.6,5-0,7.5,29-05-2025 00:21
1766340,Copa,2025-05-29,22:01,Sérvia,Tunísia,0,1,1,3.5,2.2,3.5,2.2,2.2,3.25,3.5,0-1,10.0,29-05-2025 00:21
1766341,Copa,2025-05-29,22:04,Países Baixos,México,2,0,2,3.2,2.25,3.2,2.25,2.25,3.4,3.2,2-0,7.5,29-05-2025 00:21
1766352,Copa,2025-05-29,22:07,Canadá,Inglaterra,3,2,5,3.4,2.1,3.4,2.1,3.4,3.5,2.1,3-2,7.0,29-05-2025 00:21
1766358,Copa,2025-05-29,22:10,Arábia Saudita,País de Gales,3,0,3,2.7,2.6,2.6,2.7,2.7,3.4,2.6,3-0,7.5,29-05-2025 00:21
1766365,Copa,2025-05-29,22:13,Dinamarca,México,4,1,5,2.3,3.0,2.3,3.0,2.3,3.5,3.0,4-1,7.5,29-05-2025 00:21
1766373,Copa,2025-05-29,22:16,Marrocos,Japão,2,1,3,2.45,2.9,2.9,2.45,2.45,3.3,2.9,2-1,8.5,29-05-2025 00:21
1766378,Copa,2025-05-29,22:19,Países Baixos,Camarões,1,2,3,2.0,3.75,3.75,2.0,2.0,3.6,3.75,1-2,7.0,29-05-2025 00:21
1766384,Copa,2025-05-29,22:22,Portugal,França,3,1,4,2.7,2.55,2.7,2.55,2.7,3.6,2.55,3-1,6.5,29-05-2025 00:21
1766392,Copa,2025-05-29,22:25,Senegal,Sérvia,0,0,0,3.2,2.45,3.2,2.45,2.45,3.1,3.2,0-0,11.0,29-05-2025 00:21
1766403,Copa,2025-05-29,22:28,Costa Rica,Canadá,2,2,4,2.5,2.8,2.5,2.8,2.5,3.4,2.8,2-2,7.5,29-05-2025 00:21
1766408,Copa,2025-05-29,22:31,EUA,Qatar,2,0,2,3.5,2.2,3.5,2.2,2.2,3.25,3.5,2-0,10.0,29-05-2025 00:21
1766413,Copa,2025-05-29,22:34,Austrália,Argentina,2,3,5,3.3,2.15,3.3,2.15,3.3,3.6,2.15,2-3,7.0,29-05-2025 00:21
1766420,Copa,2025-05-29,22:37,Alemanha,Qatar,1,1,2,3.8,1.95,3.8,1.95,1.95,3.6,3.8,1-1,7.5,29-05-2025 00:21
1766429,Copa,2025-05-29,22:40,Canadá,Croácia,3,1,4,3.0,2.4,3.0,2.4,3.0,3.3,2.4,3-1,8.5,29-05-2025 00:21
1766434,Copa,2025-05-29,22:43,País de Gales,Argentina,4,2,6,3.25,2.25,3.25,2.25,3.25,3.4,2.25,4-2,8.0,29-05-2025 00:21
1766445,Copa,2025-05-29,22:46,Portugal,Canadá,1,1,2,3.6,2.0,3.6,2.0,2.0,3.6,3.6,1-1,7.0,29-05-2025 00:21
1766450,Copa,2025-05-29,22:49,Arábia Saudita,Qatar,4,2,6,2.6,2.7,2.6,2.7,2.6,3.5,2.7,4-2,7.0,29-05-2025 00:21
1766455,Copa,2025-05-29,22:52,Argentina,Coreia do Sul,1,1,2,4.0,1.9,4.0,1.9,1.9,3.6,4.0,1-1,7.5,29-05-2025 00:21
1766463,Copa,2025-05-29,22:55,França,Costa Rica,2,1,3,1.8,4.33,4.33,1.8,1.8,3.75,4.33,2-1,7.0,29-05-2025 00:21
1766469,Copa,2025-05-29,22:58,Sérvia,Camarões,2,0,2,3.4,2.15,3.4,2.15,2.15,3.4,3.4,2-0,8.5,29-05-2025 00:21
1767171,Premier,2025-05-29,4:00,Liverpool,Leicester,3,1,4,2.25,3.2,2.25,3.2,2.25,3.4,3.2,3-1,7.5,29-05-2025 00:19
1767178,Premier,2025-05-29,4:03,Tottenham,Brighton,2,3,5,1.98,3.8,1.98,3.8,1.98,3.5,3.8,2-3,7.5,29-05-2025 00:19
1767185,Premier,2025-05-29,4:06,Leicester,Palace,1,1,2,3.2,2.25,3.2,2.25,2.25,3.5,3.2,1-1,7.5,29-05-2025 00:19
1767192,Premier,2025-05-29,4:09,City,Everton,0,2,2,3.6,2.0,3.6,2.0,2.0,3.6,3.6,0-2,6.5,29-05-2025 00:19
1767199,Premier,2025-05-29,4:12,West Ham,Watford,1,2,3,2.25,3.3,3.3,2.25,2.25,3.3,3.3,1-2,9.0,29-05-2025 00:19
1767206,Premier,2025-05-29,4:15,Palace,Burnley,0,4,4,2.35,2.9,2.35,2.9,2.35,3.5,2.9,0-4,7.0,29-05-2025 00:19
1767213,Premier,2025-05-29,4:18,Islington,Watford,1,0,1,3.75,2.0,3.75,2.0,2.0,3.5,3.75,1-0,7.5,29-05-2025 00:19
1767031,Premier,2025-05-29,3:00,Norwich,West Ham,2,0,2,2.55,2.8,2.55,2.8,2.8,3.3,2.55,2-0,8.5,29-05-2025 00:19
1767038,Premier,2025-05-29,3:03,Brighton,Everton,1,1,2,2.4,2.8,2.4,2.8,2.8,3.6,2.4,1-1,6.5,29-05-2025 00:19
1767045,Premier,2025-05-29,3:06,Tottenham,United,2,0,2,2.62,2.7,2.62,2.7,2.7,3.3,2.62,2-0,8.5,29-05-2025 00:19
1767052,Premier,2025-05-29,3:09,Leeds,Newcastle,1,0,1,3.1,2.3,3.1,2.3,2.3,3.4,3.1,1-0,8.0,29-05-2025 00:19
1767059,Premier,2025-05-29,3:12,Islington,City,1,2,3,2.75,2.45,2.45,2.75,2.75,3.5,2.45,1-2,6.5,29-05-2025 00:19
1767066,Premier,2025-05-29,3:15,Tottenham,Brentford,0,0,0,3.75,2.05,3.75,2.05,2.05,3.4,3.75,0-0,9.0,29-05-2025 00:19
1767073,Premier,2025-05-29,3:18,Watford,Wolverhampton,3,3,6,2.8,2.4,2.8,2.4,2.8,3.5,2.4,3-3,7.0,29-05-2025 00:19
1767080,Premier,2025-05-29,3:21,Chelsea,Norwich,1,2,3,1.95,3.8,3.8,1.95,1.95,3.6,3.8,1-2,7.5,29-05-2025 00:19
1767087,Premier,2025-05-29,3:24,Brentford,United,1,1,2,2.15,3.3,2.15,3.3,3.3,3.5,2.15,1-1,7.5,29-05-2025 00:19
1767093,Premier,2025-05-29,3:27,Burnley,Leeds,0,2,2,2.62,2.7,2.62,2.7,2.7,3.3,2.62,0-2,8.5,29-05-2025 00:19
1767100,Premier,2025-05-29,3:30,Aston,Liverpool,0,0,0,2.37,3.0,2.37,3.0,3.0,3.4,2.37,0-0,8.0,29-05-2025 00:19
1767108,Premier,2025-05-29,3:33,United,Palace,3,0,3,1.95,3.8,3.8,1.95,1.95,3.6,3.8,3-0,7.5,29-05-2025 00:19
1767115,Premier,2025-05-29,3:36,Watford,Brighton,2,1,3,2.35,3.0,3.0,2.35,2.35,3.5,3.0,2-1,7.0,29-05-2025 00:19
1767122,Premier,2025-05-29,3:39,Leeds,Southampton,0,2,2,3.0,2.45,3.0,2.45,2.45,3.2,3.0,0-2,10.0,29-05-2025 00:19
1767129,Premier,2025-05-29,3:42,Brentford,Norwich,0,0,0,3.0,2.35,3.0,2.35,2.35,3.4,3.0,0-0,7.5,29-05-2025 00:19
1767136,Premier,2025-05-29,3:45,City,Southampton,2,2,4,1.95,3.8,1.95,3.8,1.95,3.6,3.8,2-2,7.5,29-05-2025 00:19
1767143,Premier,2025-05-29,3:48,West Ham,Aston,2,1,3,2.3,3.25,3.25,2.3,2.3,3.25,3.25,2-1,10.0,29-05-2025 00:19
1767150,Premier,2025-05-29,3:51,Brighton,United,2,1,3,3.4,2.07,2.07,3.4,3.4,3.6,2.07,2-1,6.5,29-05-2025 00:19
1767157,Premier,2025-05-29,3:54,Everton,Leeds,1,0,1,3.0,2.4,3.0,2.4,2.4,3.3,3.0,1-0,8.5,29-05-2025 00:19
1767164,Premier,2025-05-29,3:57,Wolverhampton,Newcastle,2,2,4,2.15,3.2,2.15,3.2,2.15,3.6,3.2,2-2,6.0,29-05-2025 00:19
1766891,Premier,2025-05-29,2:00,Palace,Islington,0,0,0,2.35,3.0,2.35,3.0,3.0,3.5,2.35,0-0,7.0,29-05-2025 00:19
1766898,Premier,2025-05-29,2:03,Everton,West Ham,0,1,1,3.0,2.4,3.0,2.4,2.4,3.3,3.0,0-1,8.5,29-05-2025 00:19
1766905,Premier,2025-05-29,2:06,Chelsea,Aston,2,1,3,2.05,3.6,3.6,2.05,2.05,3.5,3.6,2-1,8.0,29-05-2025 00:19
1766912,Premier,2025-05-29,2:09,Palace,Norwich,5,1,6,2.3,3.1,2.3,3.1,2.3,3.5,3.1,5-1,7.0,29-05-2025 00:19
1766918,Premier,2025-05-29,2:12,City,Newcastle,0,0,0,4.0,1.86,4.0,1.86,1.86,3.8,4.0,0-0,6.0,29-05-2025 00:19
1766926,Premier,2025-05-29,2:15,Brighton,Aston,0,3,3,2.6,2.7,2.7,2.6,2.6,3.5,2.7,0-3,7.0,29-05-2025 00:19
1766933,Premier,2025-05-29,2:18,United,Liverpool,2,1,3,2.3,3.0,3.0,2.3,2.3,3.5,3.0,2-1,7.5,29-05-2025 00:19
1766940,Premier,2025-05-29,2:21,Brentford,Burnley,2,4,6,2.4,2.87,2.4,2.87,2.4,3.5,2.87,2-4,7.0,29-05-2025 00:19
1766947,Premier,2025-05-29,2:24,Tottenham,Islington,0,0,0,2.8,2.55,2.8,2.55,2.55,3.3,2.8,0-0,8.5,29-05-2025 00:19
1766954,Premier,2025-05-29,2:27,Brighton,Brentford,1,1,2,2.75,2.5,2.75,2.5,2.5,3.5,2.75,1-1,7.0,29-05-2025 00:19
1766961,Premier,2025-05-29,2:30,Norwich,Burnley,0,0,0,2.75,2.5,2.75,2.5,2.5,3.5,2.75,0-0,7.0,29-05-2025 00:19
1766968,Premier,2025-05-29,2:33,Southampton,Brighton,2,2,4,2.15,3.3,2.15,3.3,2.15,3.5,3.3,2-2,7.0,29-05-2025 00:19
1766975,Premier,2025-05-29,2:36,Leeds,Islington,0,0,0,2.55,2.8,2.55,2.8,2.8,3.3,2.55,0-0,8.5,29-05-2025 00:19
1766982,Premier,2025-05-29,2:39,Tottenham,Burnley,1,1,2,3.6,2.05,3.6,2.05,2.05,3.5,3.6,1-1,8.0,29-05-2025 00:19
1766992,Premier,2025-05-29,2:42,Leeds,Liverpool,0,5,5,2.8,2.55,2.8,2.55,2.8,3.3,2.55,0-5,8.5,29-05-2025 00:19
1766996,Premier,2025-05-29,2:45,Everton,Wolverhampton,3,1,4,2.5,2.7,2.5,2.7,2.5,3.6,2.7,3-1,6.5,29-05-2025 00:19
1767003,Premier,2025-05-29,2:48,Tottenham,Liverpool,1,1,2,2.8,2.55,2.8,2.55,2.55,3.3,2.8,1-1,8.5,29-05-2025 00:19
1767010,Premier,2025-05-29,2:51,Watford,Chelsea,1,2,3,3.1,2.3,2.3,3.1,3.1,3.5,2.3,1-2,7.5,29-05-2025 00:19
1767017,Premier,2025-05-29,2:54,Tottenham,Leeds,2,0,2,3.4,2.25,3.4,2.25,2.25,3.2,3.4,2-0,10.0,29-05-2025 00:19
1767027,Premier,2025-05-29,2:57,Burnley,Aston,2,1,3,2.5,2.8,2.8,2.5,2.5,3.4,2.8,2-1,7.5,29-05-2025 00:19
1766751,Premier,2025-05-29,1:00,Burnley,Southampton,0,0,0,2.6,2.7,2.6,2.7,2.7,3.4,2.6,0-0,7.5,29-05-2025 00:19
1766758,Premier,2025-05-29,1:03,Aston,Brentford,1,2,3,2.37,3.0,3.0,2.37,2.37,3.4,3.0,1-2,8.5,29-05-2025 00:19
1766765,Premier,2025-05-29,1:06,Tottenham,Palace,1,0,1,3.5,2.1,3.5,2.1,2.1,3.4,3.5,1-0,8.5,29-05-2025 00:19
1766775,Premier,2025-05-29,1:09,Aston,Burnley,1,1,2,3.0,2.35,3.0,2.35,2.35,3.4,3.0,1-1,7.5,29-05-2025 00:19
1766779,Premier,2025-05-29,1:12,Islington,Leeds,3,1,4,2.2,3.4,2.2,3.4,2.2,3.3,3.4,3-1,9.0,29-05-2025 00:19
1766786,Premier,2025-05-29,1:15,Brighton,City,1,5,6,3.6,1.98,3.6,1.98,3.6,3.75,1.98,1-5,6.0,29-05-2025 00:19
1766793,Premier,2025-05-29,1:18,Chelsea,Wolverhampton,2,0,2,3.0,2.3,3.0,2.3,2.3,3.6,3.0,2-0,6.5,29-05-2025 00:19
1766800,Premier,2025-05-29,1:21,Aston,Leeds,2,0,2,2.75,2.62,2.75,2.62,2.62,3.2,2.75,2-0,10.0,29-05-2025 00:19
1766807,Premier,2025-05-29,1:24,Tottenham,City,1,1,2,2.45,2.9,2.45,2.9,2.9,3.4,2.45,1-1,7.5,29-05-2025 00:19
1766814,Premier,2025-05-29,1:27,Norwich,Aston,0,0,0,2.7,2.6,2.7,2.6,2.6,3.4,2.7,0-0,8.0,29-05-2025 00:19
1766821,Premier,2025-05-29,1:30,Southampton,Wolverhampton,1,2,3,2.6,2.7,2.7,2.6,2.6,3.5,2.7,1-2,7.0,29-05-2025 00:19
1766828,Premier,2025-05-29,1:33,West Ham,Burnley,1,1,2,3.3,2.2,3.3,2.2,2.2,3.4,3.3,1-1,8.5,29-05-2025 00:19
1766835,Premier,2025-05-29,1:36,Liverpool,Tottenham,0,3,3,2.4,3.0,3.0,2.4,2.4,3.3,3.0,0-3,8.5,29-05-2025 00:19
1766842,Premier,2025-05-29,1:39,Leicester,Brentford,0,0,0,3.4,2.15,3.4,2.15,2.15,3.4,3.4,0-0,8.0,29-05-2025 00:19
1766852,Premier,2025-05-29,1:42,Southampton,Chelsea,0,1,1,2.5,2.8,2.5,2.8,2.8,3.4,2.5,0-1,8.0,29-05-2025 00:19
1766856,Premier,2025-05-29,1:45,Norwich,Watford,1,1,2,2.8,2.5,2.8,2.5,2.5,3.4,2.8,1-1,7.5,29-05-2025 00:19
1766864,Premier,2025-05-29,1:48,Tottenham,Newcastle,2,1,3,2.1,3.5,3.5,2.1,2.1,3.5,3.5,2-1,7.5,29-05-2025 00:19
1766870,Premier,2025-05-29,1:51,Burnley,Liverpool,2,1,3,3.1,2.25,2.25,3.1,3.1,3.5,2.25,2-1,7.0,29-05-2025 00:19
1766877,Premier,2025-05-29,1:54,Norwich,Southampton,2,2,4,2.8,2.55,2.8,2.55,2.8,3.4,2.55,2-2,8.0,29-05-2025 00:19
1766884,Premier,2025-05-29,1:57,Tottenham,Everton,3,2,5,2.3,3.1,2.3,3.1,2.3,3.4,3.1,3-2,8.0,29-05-2025 00:19
1766612,Premier,2025-05-29,0:00,Brentford,Watford,0,1,1,2.9,2.45,2.9,2.45,2.45,3.4,2.9,0-1,8.0,29-05-2025 00:19
1766621,Premier,2025-05-29,0:03,Chelsea,City,1,0,1,2.45,2.75,2.45,2.75,2.75,3.5,2.45,1-0,6.5,29-05-2025 00:19
1766626,Premier,2025-05-29,0:06,Burnley,Wolverhampton,3,4,7,2.8,2.4,2.8,2.4,2.8,3.6,2.4,3-4,6.5,29-05-2025 00:19
1766633,Premier,2025-05-29,0:09,Palace,United,3,1,4,3.2,2.2,3.2,2.2,3.2,3.5,2.2,3-1,7.0,29-05-2025 00:19
1766640,Premier,2025-05-29,0:12,Liverpool,Brentford,0,2,2,3.75,2.0,3.75,2.0,2.0,3.5,3.75,0-2,7.5,29-05-2025 00:19
1766646,Premier,2025-05-29,0:15,Aston,Wolverhampton,0,0,0,2.5,2.75,2.5,2.75,2.75,3.5,2.5,0-0,7.0,29-05-2025 00:19
1766653,Premier,2025-05-29,0:18,Liverpool,Brighton,0,1,1,3.8,1.95,3.8,1.95,1.95,3.75,3.8,0-1,6.5,29-05-2025 00:19
1766660,Premier,2025-05-29,0:21,Burnley,Newcastle,4,1,5,2.45,2.7,2.45,2.7,2.45,3.6,2.7,4-1,6.5,29-05-2025 00:19
1766667,Premier,2025-05-29,0:24,Islington,Norwich,1,0,1,3.8,1.95,3.8,1.95,1.95,3.6,3.8,1-0,7.5,29-05-2025 00:19
1766674,Premier,2025-05-29,0:27,Brentford,Brighton,1,2,3,2.35,3.0,3.0,2.35,2.35,3.5,3.0,1-2,7.0,29-05-2025 00:19
1766681,Premier,2025-05-29,0:30,Palace,Aston,3,1,4,2.45,2.9,2.45,2.9,2.45,3.4,2.9,3-1,8.0,29-05-2025 00:19
1766688,Premier,2025-05-29,0:33,Southampton,Watford,2,1,3,2.25,3.25,3.25,2.25,2.25,3.4,3.25,2-1,8.5,29-05-2025 00:19
1766695,Premier,2025-05-29,0:36,Liverpool,Everton,0,1,1,3.1,2.25,3.1,2.25,2.25,3.5,3.1,0-1,7.0,29-05-2025 00:19
1766705,Premier,2025-05-29,0:39,Brentford,Aston,2,1,3,2.5,2.8,2.8,2.5,2.5,3.3,2.8,2-1,8.5,29-05-2025 00:19
1766709,Premier,2025-05-29,0:42,City,Brighton,2,1,3,1.76,4.33,4.33,1.76,1.76,3.8,4.33,2-1,6.0,29-05-2025 00:19
1766716,Premier,2025-05-29,0:45,Leeds,Leicester,2,0,2,2.87,2.55,2.87,2.55,2.55,3.25,2.87,2-0,9.0,29-05-2025 00:19
1766726,Premier,2025-05-29,0:48,Norwich,Palace,1,0,1,2.7,2.6,2.7,2.6,2.6,3.5,2.7,1-0,7.0,29-05-2025 00:19
1766730,Premier,2025-05-29,0:51,Tottenham,Aston,2,0,2,3.6,2.1,3.6,2.1,2.1,3.3,3.6,2-0,9.0,29-05-2025 00:19
1766737,Premier,2025-05-29,0:54,Burnley,Brentford,3,0,3,2.4,2.87,2.87,2.4,2.4,3.5,2.87,3-0,7.0,29-05-2025 00:19
1766744,Premier,2025-05-29,0:57,Leeds,Tottenham,1,1,2,2.7,2.75,2.7,2.75,2.75,3.2,2.7,1-1,10.0,29-05-2025 00:19
1766474,Premier,2025-05-29,23:00,Wolverhampton,Leeds,1,1,2,3.1,2.3,3.1,2.3,2.3,3.4,3.1,1-1,8.0,29-05-2025 00:19
1766481,Premier,2025-05-29,23:03,Liverpool,Aston,1,0,1,3.6,2.05,3.6,2.05,2.05,3.5,3.6,1-0,8.0,29-05-2025 00:19
1766490,Premier,2025-05-29,23:06,Tottenham,Norwich,0,1,1,3.8,2.0,3.8,2.0,2.0,3.5,3.8,0-1,8.5,29-05-2025 00:19
1766495,Premier,2025-05-29,23:09,Aston,West Ham,2,1,3,2.62,2.75,2.75,2.62,2.62,3.2,2.75,2-1,10.0,29-05-2025 00:19
1766502,Premier,2025-05-29,23:12,Tottenham,Watford,1,1,2,3.75,2.05,3.75,2.05,2.05,3.4,3.75,1-1,9.0,29-05-2025 00:19
1766509,Premier,2025-05-29,23:15,Leeds,United,0,1,1,2.4,3.0,2.4,3.0,3.0,3.3,2.4,0-1,8.5,29-05-2025 00:19
1766516,Premier,2025-05-29,23:18,Palace,Watford,2,1,3,2.35,3.0,3.0,2.35,2.35,3.4,3.0,2-1,7.5,29-05-2025 00:19
1766526,Premier,2025-05-29,23:21,Wolverhampton,Norwich,1,0,1,3.5,2.05,3.5,2.05,2.05,3.6,3.5,1-0,6.5,29-05-2025 00:19
1766530,Premier,2025-05-29,23:24,Brentford,Liverpool,1,0,1,2.3,3.1,2.3,3.1,3.1,3.5,2.3,1-0,7.5,29-05-2025 00:19
1766537,Premier,2025-05-29,23:27,West Ham,Wolverhampton,1,4,5,2.6,2.7,2.6,2.7,2.6,3.4,2.7,1-4,8.0,29-05-2025 00:19
1766544,Premier,2025-05-29,23:30,Everton,Newcastle,1,0,1,3.1,2.2,3.1,2.2,2.2,3.6,3.1,1-0,6.5,29-05-2025 00:19
1766554,Premier,2025-05-29,23:33,Watford,Islington,2,0,2,2.3,3.1,2.3,3.1,3.1,3.5,2.3,2-0,7.5,29-05-2025 00:19
1766561,Premier,2025-05-29,23:36,Wolverhampton,Liverpool,2,1,3,2.6,2.62,2.62,2.6,2.6,3.5,2.62,2-1,6.5,29-05-2025 00:19
1766565,Premier,2025-05-29,23:39,Watford,City,1,1,2,2.05,3.5,2.05,3.5,3.5,3.6,2.05,1-1,7.0,29-05-2025 00:19
1766572,Premier,2025-05-29,23:42,Chelsea,Everton,0,2,2,3.1,2.25,3.1,2.25,2.25,3.5,3.1,0-2,7.0,29-05-2025 00:19
1766579,Premier,2025-05-29,23:45,West Ham,Southampton,1,1,2,3.0,2.45,3.0,2.45,2.45,3.2,3.0,1-1,10.0,29-05-2025 00:19
1766586,Premier,2025-05-29,23:48,Chelsea,Burnley,4,1,5,2.0,3.75,2.0,3.75,2.0,3.6,3.75,4-1,7.0,29-05-2025 00:19
1766593,Premier,2025-05-29,23:51,Brentford,Southampton,0,0,0,2.62,2.7,2.62,2.7,2.7,3.3,2.62,0-0,8.5,29-05-2025 00:19
1766600,Premier,2025-05-29,23:54,Leeds,Burnley,0,0,0,3.3,2.2,3.3,2.2,2.2,3.4,3.3,0-0,8.5,29-05-2025 00:19
1766607,Premier,2025-05-29,23:57,Southampton,Norwich,1,3,4,2.15,3.4,2.15,3.4,2.15,3.4,3.4,1-3,8.0,29-05-2025 00:19
1766334,Premier,2025-05-29,22:00,Burnley,Chelsea,1,3,4,3.1,2.25,3.1,2.25,3.1,3.5,2.25,1-3,7.0,29-05-2025 00:19
1766343,Premier,2025-05-29,22:03,Brighton,Newcastle,0,1,1,2.62,2.55,2.62,2.55,2.55,3.6,2.62,0-1,6.0,29-05-2025 00:19
1766347,Premier,2025-05-29,22:06,Norwich,Everton,1,0,1,2.4,2.8,2.4,2.8,2.8,3.5,2.4,1-0,7.0,29-05-2025 00:19
1766355,Premier,2025-05-29,22:09,Islington,Palace,0,1,1,3.6,2.05,3.6,2.05,2.05,3.5,3.6,0-1,7.5,29-05-2025 00:19
1766362,Premier,2025-05-29,22:12,West Ham,Newcastle,4,0,4,2.3,3.1,2.3,3.1,2.3,3.4,3.1,4-0,8.0,29-05-2025 00:19
1766369,Premier,2025-05-29,22:15,Palace,Everton,1,1,2,2.55,2.62,2.55,2.62,2.62,3.5,2.55,1-1,7.0,29-05-2025 00:19
1766376,Premier,2025-05-29,22:18,Norwich,Chelsea,1,1,2,2.2,3.2,2.2,3.2,3.2,3.5,2.2,1-1,7.0,29-05-2025 00:19
1766386,Premier,2025-05-29,22:21,Islington,Aston,0,1,1,3.6,2.05,3.6,2.05,2.05,3.5,3.6,0-1,8.0,29-05-2025 00:19
1766390,Premier,2025-05-29,22:24,Liverpool,Southampton,2,0,2,3.3,2.2,3.3,2.2,2.2,3.4,3.3,2-0,8.0,29-05-2025 00:19
1766397,Premier,2025-05-29,22:27,Aston,Newcastle,0,0,0,2.87,2.4,2.87,2.4,2.4,3.5,2.87,0-0,7.0,29-05-2025 00:19
1766404,Premier,2025-05-29,22:30,Watford,Tottenham,2,1,3,3.0,2.4,2.4,3.0,3.0,3.3,2.4,2-1,8.5,29-05-2025 00:19
1766410,Premier,2025-05-29,22:33,Chelsea,Islington,2,1,3,2.45,2.8,2.8,2.45,2.45,3.5,2.8,2-1,7.5,29-05-2025 00:19
1766418,Premier,2025-05-29,22:36,Leeds,West Ham,0,0,0,3.0,2.5,3.0,2.5,2.5,3.1,3.0,0-0,11.0,29-05-2025 00:19
1766425,Premier,2025-05-29,22:39,Southampton,United,0,2,2,2.37,3.0,2.37,3.0,3.0,3.4,2.37,0-2,8.0,29-05-2025 00:19
1766432,Premier,2025-05-29,22:42,West Ham,Palace,0,2,2,3.2,2.3,3.2,2.3,2.3,3.3,3.2,0-2,8.5,29-05-2025 00:19
1766439,Premier,2025-05-29,22:45,Brighton,Watford,0,1,1,2.75,2.5,2.75,2.5,2.5,3.5,2.75,0-1,7.0,29-05-2025 00:19
1766448,Premier,2025-05-29,22:48,Newcastle,Wolverhampton,0,1,1,2.45,2.7,2.45,2.7,2.7,3.6,2.45,0-1,6.0,29-05-2025 00:19
1766452,Premier,2025-05-29,22:51,Chelsea,Leicester,1,1,2,3.2,2.25,3.2,2.25,2.25,3.4,3.2,1-1,7.5,29-05-2025 00:19
1766460,Premier,2025-05-29,22:54,Burnley,Norwich,1,2,3,2.35,2.9,2.9,2.35,2.35,3.5,2.9,1-2,7.0,29-05-2025 00:19
1766467,Premier,2025-05-29,22:57,United,Tottenham,0,0,0,3.25,2.25,3.25,2.25,2.25,3.4,3.25,0-0,8.5,29-05-2025 00:19
1767173,Super,2025-05-29,4:01,La Boca,Itaquera,1,2,3,2.4,3.0,3.0,2.4,2.4,3.3,3.0,1-2,8.5,29-05-2025 00:21
1767181,Super,2025-05-29,4:04,Buenos Aires,Penarol,3,2,5,2.1,3.4,2.1,3.4,2.1,3.5,3.4,3-2,7.5,29-05-2025 00:21
1767188,Super,2025-05-29,4:07,Guayaquil,Lima,0,1,1,3.25,2.15,3.25,2.15,2.15,3.6,3.25,0-1,6.5,29-05-2025 00:21
1767198,Super,2025-05-29,4:10,Rio de Janeiro,Belo Horizonte,3,1,4,2.6,2.62,2.6,2.62,2.6,3.5,2.62,3-1,6.5,29-05-2025 00:21
1767201,Super,2025-05-29,4:13,Buenos Aires,Guayaquil,0,1,1,3.3,2.1,3.3,2.1,2.1,3.6,3.3,0-1,6.5,29-05-2025 00:21
1767209,Super,2025-05-29,4:16,La Plata,Agua Branca,0,1,1,2.62,2.7,2.62,2.7,2.7,3.3,2.62,0-1,8.5,29-05-2025 00:21
1767218,Super,2025-05-29,4:19,Belo Horizonte,Guayaquil,0,0,0,3.8,1.9,3.8,1.9,1.9,3.75,3.8,0-0,6.5,29-05-2025 00:21
1767033,Super,2025-05-29,3:01,Montevideo,Asuncion,1,0,1,2.87,2.4,2.87,2.4,2.4,3.5,2.87,1-0,7.0,29-05-2025 00:21
1767041,Super,2025-05-29,3:04,Penarol,Itaquera,1,1,2,2.55,2.8,2.55,2.8,2.8,3.3,2.55,1-1,8.5,29-05-2025 00:21
1767048,Super,2025-05-29,3:07,Santiago,Medellin,2,0,2,2.7,2.6,2.7,2.6,2.6,3.5,2.7,2-0,7.0,29-05-2025 00:21
1767054,Super,2025-05-29,3:10,Porto Alegre,Belo Horizonte,0,2,2,2.3,3.1,2.3,3.1,3.1,3.4,2.3,0-2,8.5,29-05-2025 00:21
1767064,Super,2025-05-29,3:13,Rio de Janeiro,Medellin,0,0,0,4.0,1.95,4.0,1.95,1.95,3.5,4.0,0-0,8.0,29-05-2025 00:21
1767069,Super,2025-05-29,3:16,Buenos Aires,Sao Paulo,2,1,3,2.3,3.0,3.0,2.3,2.3,3.6,3.0,2-1,6.0,29-05-2025 00:21
1767075,Super,2025-05-29,3:19,Belo Horizonte,Medellin,1,1,2,4.2,1.86,4.2,1.86,1.86,3.6,4.2,1-1,7.5,29-05-2025 00:21
1767083,Super,2025-05-29,3:22,Penarol,Lima,0,0,0,3.4,2.15,3.4,2.15,2.15,3.4,3.4,0-0,8.0,29-05-2025 00:21
1767089,Super,2025-05-29,3:25,Quito,La Plata,2,1,3,2.75,2.62,2.62,2.75,2.75,3.25,2.62,2-1,9.0,29-05-2025 00:21
1767096,Super,2025-05-29,3:28,Santos,Guayaquil,2,0,2,3.2,2.25,3.2,2.25,2.25,3.5,3.2,2-0,7.5,29-05-2025 00:21
1767104,Super,2025-05-29,3:31,Montevideo,Agua Branca,3,0,3,3.2,2.2,2.2,3.2,3.2,3.6,2.2,3-0,6.5,29-05-2025 00:21
1767110,Super,2025-05-29,3:34,Avellaneda,Santiago,0,0,0,3.4,2.1,3.4,2.1,2.1,3.6,3.4,0-0,7.0,29-05-2025 00:21
1767118,Super,2025-05-29,3:37,Agua Branca,Medellin,1,2,3,2.0,3.75,3.75,2.0,2.0,3.5,3.75,1-2,7.5,29-05-2025 00:21
1767124,Super,2025-05-29,3:40,Lima,Itaquera,0,2,2,2.2,3.2,2.2,3.2,3.2,3.5,2.2,0-2,7.0,29-05-2025 00:21
1767134,Super,2025-05-29,3:43,Santiago,Belo Horizonte,1,2,3,3.6,1.98,1.98,3.6,3.6,3.75,1.98,1-2,6.0,29-05-2025 00:21
1767139,Super,2025-05-29,3:46,La Plata,Penarol,1,0,1,3.4,2.25,3.4,2.25,2.25,3.2,3.4,1-0,10.0,29-05-2025 00:21
1767146,Super,2025-05-29,3:49,Sao Paulo,Asuncion,0,0,0,3.4,2.1,3.4,2.1,2.1,3.6,3.4,0-0,7.0,29-05-2025 00:21
1767152,Super,2025-05-29,3:52,Santos,Buenos Aires,3,0,3,2.6,2.7,2.7,2.6,2.6,3.5,2.7,3-0,7.0,29-05-2025 00:21
1767160,Super,2025-05-29,3:55,Avellaneda,Belo Horizonte,1,1,2,2.25,3.1,2.25,3.1,3.1,3.5,2.25,1-1,7.0,29-05-2025 00:21
1767167,Super,2025-05-29,3:58,Lima,Santiago,2,1,3,2.45,2.75,2.75,2.45,2.45,3.6,2.75,2-1,6.5,29-05-2025 00:21
1766894,Super,2025-05-29,2:01,Avellaneda,Guayaquil,1,3,4,2.3,3.1,2.3,3.1,2.3,3.5,3.1,1-3,7.0,29-05-2025 00:21
1766900,Super,2025-05-29,2:04,Itaquera,Buenos Aires,1,1,2,2.75,2.5,2.75,2.5,2.5,3.5,2.75,1-1,7.0,29-05-2025 00:21
1766908,Super,2025-05-29,2:07,Bogota,Rio de Janeiro,1,2,3,3.0,2.4,2.4,3.0,3.0,3.3,2.4,1-2,8.5,29-05-2025 00:21
1766917,Super,2025-05-29,2:10,Santiago,Sao Paulo,3,1,4,2.9,2.3,2.9,2.3,2.9,3.6,2.3,3-1,6.0,29-05-2025 00:21
1766921,Super,2025-05-29,2:13,Asuncion,Avellaneda,3,2,5,2.8,2.55,2.8,2.55,2.8,3.4,2.55,3-2,8.0,29-05-2025 00:21
1766928,Super,2025-05-29,2:16,Montevideo,Sao Paulo,2,2,4,2.8,2.4,2.8,2.4,2.8,3.6,2.4,2-2,6.5,29-05-2025 00:21
1766936,Super,2025-05-29,2:19,Asuncion,Agua Branca,1,1,2,2.2,3.2,2.2,3.2,3.2,3.5,2.2,1-1,7.0,29-05-2025 00:21
1766943,Super,2025-05-29,2:22,Santiago,Lima,5,0,5,2.35,2.9,2.35,2.9,2.35,3.6,2.9,5-0,6.5,29-05-2025 00:21
1766949,Super,2025-05-29,2:25,Rio de Janeiro,Quito,3,1,4,2.0,3.75,2.0,3.75,2.0,3.5,3.75,3-1,7.5,29-05-2025 00:21
1766957,Super,2025-05-29,2:28,Asuncion,Santiago,0,0,0,3.0,2.35,3.0,2.35,2.35,3.5,3.0,0-0,7.0,29-05-2025 00:21
1766963,Super,2025-05-29,2:31,Rio de Janeiro,Guayaquil,0,1,1,3.6,2.0,3.6,2.0,2.0,3.6,3.6,0-1,7.0,29-05-2025 00:21
1766970,Super,2025-05-29,2:34,Agua Branca,Lima,2,1,3,1.85,4.2,4.2,1.85,1.85,3.75,4.2,2-1,6.5,29-05-2025 00:21
1766978,Super,2025-05-29,2:37,Belo Horizonte,Sao Paulo,2,3,5,2.05,3.4,2.05,3.4,2.05,3.75,3.4,2-3,6.0,29-05-2025 00:21
1766985,Super,2025-05-29,2:40,Medellin,Quito,0,1,1,2.8,2.5,2.8,2.5,2.5,3.3,2.8,0-1,8.5,29-05-2025 00:21
1766991,Super,2025-05-29,2:43,Guayaquil,Belo Horizonte,2,1,3,3.25,2.15,2.15,3.25,3.25,3.6,2.15,2-1,6.5,29-05-2025 00:21
1766998,Super,2025-05-29,2:46,Lima,La Plata,1,1,2,2.3,3.1,2.3,3.1,3.1,3.4,2.3,1-1,8.5,29-05-2025 00:21
1767005,Super,2025-05-29,2:49,Santos,Medellin,0,0,0,3.4,2.2,3.4,2.2,2.2,3.3,3.4,0-0,9.0,29-05-2025 00:21
1767012,Super,2025-05-29,2:52,Sao Paulo,Guayaquil,1,2,3,2.2,3.1,3.1,2.2,2.2,3.6,3.1,1-2,6.5,29-05-2025 00:21
1767020,Super,2025-05-29,2:55,Quito,Avellaneda,2,1,3,2.6,2.7,2.7,2.6,2.6,3.4,2.7,2-1,8.0,29-05-2025 00:21
1767026,Super,2025-05-29,2:58,Buenos Aires,Bogota,3,4,7,2.2,3.3,2.2,3.3,2.2,3.4,3.3,3-4,8.0,29-05-2025 00:21
1766753,Super,2025-05-29,1:01,Medellin,Sao Paulo,2,0,2,2.5,2.75,2.5,2.75,2.75,3.5,2.5,2-0,7.0,29-05-2025 00:21
1766761,Super,2025-05-29,1:04,Guayaquil,Agua Branca,2,0,2,2.35,2.9,2.35,2.9,2.9,3.6,2.35,2-0,6.5,29-05-2025 00:21
1766767,Super,2025-05-29,1:07,La Boca,Buenos Aires,1,1,2,2.87,2.45,2.87,2.45,2.45,3.5,2.87,1-1,7.5,29-05-2025 00:21
1766774,Super,2025-05-29,1:10,Sao Paulo,Avellaneda,0,2,2,2.9,2.37,2.9,2.37,2.37,3.5,2.9,0-2,7.0,29-05-2025 00:21
1766781,Super,2025-05-29,1:13,Santos,Quito,0,0,0,3.25,2.25,3.25,2.25,2.25,3.4,3.25,0-0,8.5,29-05-2025 00:21
1766789,Super,2025-05-29,1:16,La Plata,Medellin,0,1,1,3.5,2.2,3.5,2.2,2.2,3.25,3.5,0-1,10.0,29-05-2025 00:21
1766796,Super,2025-05-29,1:19,Penarol,Avellaneda,1,0,1,2.75,2.62,2.75,2.62,2.62,3.3,2.75,1-0,8.5,29-05-2025 00:21
1766802,Super,2025-05-29,1:22,Bogota,Medellin,2,0,2,3.25,2.3,3.25,2.3,2.3,3.25,3.25,2-0,10.0,29-05-2025 00:21
1766810,Super,2025-05-29,1:25,Montevideo,Itaquera,1,1,2,2.35,3.0,2.35,3.0,3.0,3.5,2.35,1-1,7.0,29-05-2025 00:21
1766817,Super,2025-05-29,1:28,Penarol,La Boca,0,2,2,2.5,2.9,2.5,2.9,2.9,3.25,2.5,0-2,9.0,29-05-2025 00:21
1766824,Super,2025-05-29,1:31,Santiago,Porto Alegre,0,4,4,2.9,2.45,2.9,2.45,2.9,3.3,2.45,0-4,8.5,29-05-2025 00:21
1766831,Super,2025-05-29,1:34,Itaquera,Bogota,0,1,1,3.3,2.25,3.3,2.25,2.25,3.3,3.3,0-1,9.0,29-05-2025 00:21
1766837,Super,2025-05-29,1:37,Rio de Janeiro,Avellaneda,0,0,0,3.4,2.1,3.4,2.1,2.1,3.5,3.4,0-0,7.5,29-05-2025 00:21
1766844,Super,2025-05-29,1:40,Medellin,Lima,2,1,3,2.2,3.25,3.25,2.2,2.2,3.5,3.25,2-1,7.5,29-05-2025 00:21
1766851,Super,2025-05-29,1:43,Asuncion,Itaquera,0,3,3,3.0,2.37,2.37,3.0,3.0,3.4,2.37,0-3,8.0,29-05-2025 00:21
1766859,Super,2025-05-29,1:46,Montevideo,La Boca,1,1,2,2.3,3.1,2.3,3.1,3.1,3.4,2.3,1-1,7.5,29-05-2025 00:21
1766866,Super,2025-05-29,1:49,Porto Alegre,Asuncion,2,0,2,3.5,2.2,3.5,2.2,2.2,3.25,3.5,2-0,10.0,29-05-2025 00:21
1766872,Super,2025-05-29,1:52,Avellaneda,Rio de Janeiro,0,1,1,2.45,2.9,2.45,2.9,2.9,3.4,2.45,0-1,7.5,29-05-2025 00:21
1766880,Super,2025-05-29,1:55,Agua Branca,Belo Horizonte,1,0,1,2.55,2.7,2.55,2.7,2.7,3.6,2.55,1-0,6.5,29-05-2025 00:21
1766887,Super,2025-05-29,1:58,Porto Alegre,Bogota,2,0,2,3.2,2.4,3.2,2.4,2.4,3.1,3.2,2-0,11.0,29-05-2025 00:21
1766615,Super,2025-05-29,0:01,Agua Branca,Buenos Aires,1,1,2,2.87,2.35,2.87,2.35,2.35,3.6,2.87,1-1,6.5,29-05-2025 00:21
1766624,Super,2025-05-29,0:04,Guayaquil,Quito,1,2,3,2.45,2.87,2.87,2.45,2.45,3.5,2.87,1-2,7.0,29-05-2025 00:21
1766628,Super,2025-05-29,0:07,Belo Horizonte,La Plata,0,0,0,3.6,2.07,3.6,2.07,2.07,3.4,3.6,0-0,8.0,29-05-2025 00:21
1766635,Super,2025-05-29,0:10,Bogota,Asuncion,0,0,0,3.3,2.25,3.3,2.25,2.25,3.3,3.3,0-0,9.0,29-05-2025 00:21
1766642,Super,2025-05-29,0:13,Medellin,Guayaquil,1,1,2,2.8,2.5,2.8,2.5,2.5,3.4,2.8,1-1,7.5,29-05-2025 00:21
1766649,Super,2025-05-29,0:16,Buenos Aires,Montevideo,0,1,1,3.6,2.0,3.6,2.0,2.0,3.75,3.6,0-1,6.5,29-05-2025 00:21
1766656,Super,2025-05-29,0:19,Agua Branca,Guayaquil,2,0,2,3.5,2.05,3.5,2.05,2.05,3.6,3.5,2-0,6.5,29-05-2025 00:21
1766665,Super,2025-05-29,0:22,Itaquera,Porto Alegre,3,0,3,2.35,3.2,3.2,2.35,2.35,3.2,3.2,3-0,10.0,29-05-2025 00:21
1766670,Super,2025-05-29,0:25,Lima,Avellaneda,0,0,0,2.35,3.0,2.35,3.0,3.0,3.5,2.35,0-0,7.0,29-05-2025 00:21
1766677,Super,2025-05-29,0:28,Montevideo,Bogota,0,1,1,2.62,2.7,2.62,2.7,2.7,3.3,2.62,0-1,8.5,29-05-2025 00:21
1766684,Super,2025-05-29,0:31,Avellaneda,Buenos Aires,5,2,7,2.7,2.55,2.7,2.55,2.7,3.5,2.55,5-2,7.0,29-05-2025 00:21
1766690,Super,2025-05-29,0:34,La Boca,Asuncion,0,0,0,3.8,2.0,3.8,2.0,2.0,3.4,3.8,0-0,8.5,29-05-2025 00:21
1766697,Super,2025-05-29,0:37,Belo Horizonte,Santos,1,1,2,3.5,2.07,3.5,2.07,2.07,3.5,3.5,1-1,7.5,29-05-2025 00:21
1766704,Super,2025-05-29,0:40,Asuncion,La Boca,0,3,3,3.1,2.3,2.3,3.1,3.1,3.4,2.3,0-3,8.5,29-05-2025 00:21
1766712,Super,2025-05-29,0:43,Lima,Penarol,0,1,1,2.55,2.8,2.55,2.8,2.8,3.4,2.55,0-1,8.0,29-05-2025 00:21
1766718,Super,2025-05-29,0:46,Guayaquil,Sao Paulo,4,0,4,2.62,2.55,2.62,2.55,2.62,3.6,2.55,4-0,6.5,29-05-2025 00:21
1766725,Super,2025-05-29,0:49,Medellin,Santos,0,1,1,2.55,2.8,2.55,2.8,2.8,3.3,2.55,0-1,8.5,29-05-2025 00:21
1766732,Super,2025-05-29,0:52,La Plata,Belo Horizonte,0,1,1,2.37,3.0,2.37,3.0,3.0,3.4,2.37,0-1,8.0,29-05-2025 00:21
1766740,Super,2025-05-29,0:55,Avellaneda,Agua Branca,0,1,1,2.5,2.8,2.5,2.8,2.8,3.5,2.5,0-1,7.0,29-05-2025 00:21
1766747,Super,2025-05-29,0:58,La Boca,Belo Horizonte,2,1,3,2.8,2.5,2.5,2.8,2.8,3.5,2.5,2-1,7.5,29-05-2025 00:21
1766477,Super,2025-05-29,23:01,Buenos Aires,Porto Alegre,3,1,4,2.25,3.25,2.25,3.25,2.25,3.4,3.25,3-1,8.5,29-05-2025 00:21
1766484,Super,2025-05-29,23:04,La Boca,Bogota,2,3,5,2.2,3.5,2.2,3.5,2.2,3.25,3.5,2-3,10.0,29-05-2025 00:21
1766489,Super,2025-05-29,23:07,Belo Horizonte,Montevideo,3,3,6,1.83,4.2,1.83,4.2,1.83,3.8,4.2,3-3,6.5,29-05-2025 00:21
1766498,Super,2025-05-29,23:10,Penarol,Santos,5,1,6,2.75,2.62,2.75,2.62,2.75,3.25,2.62,5-1,9.0,29-05-2025 00:21
1766505,Super,2025-05-29,23:13,Avellaneda,Sao Paulo,1,0,1,2.75,2.5,2.75,2.5,2.5,3.5,2.75,1-0,7.0,29-05-2025 00:21
1766511,Super,2025-05-29,23:16,Buenos Aires,Santiago,2,1,3,1.95,3.75,3.75,1.95,1.95,3.75,3.75,2-1,6.0,29-05-2025 00:21
1766519,Super,2025-05-29,23:19,La Boca,Guayaquil,1,0,1,3.5,2.1,3.5,2.1,2.1,3.5,3.5,1-0,7.5,29-05-2025 00:21
1766525,Super,2025-05-29,23:22,Belo Horizonte,Penarol,1,0,1,4.0,1.9,4.0,1.9,1.9,3.6,4.0,1-0,8.0,29-05-2025 00:21
1766533,Super,2025-05-29,23:25,Santiago,Itaquera,2,3,5,3.1,2.25,3.1,2.25,3.1,3.5,2.25,2-3,7.0,29-05-2025 00:21
1766540,Super,2025-05-29,23:28,La Boca,Lima,1,1,2,4.2,1.9,4.2,1.9,1.9,3.6,4.2,1-1,7.5,29-05-2025 00:21
1766546,Super,2025-05-29,23:31,Porto Alegre,Quito,1,1,2,3.25,2.3,3.25,2.3,2.3,3.25,3.25,1-1,10.0,29-05-2025 00:21
1766553,Super,2025-05-29,23:34,Penarol,La Plata,3,2,5,2.75,2.7,2.75,2.7,2.75,3.2,2.7,3-2,10.0,29-05-2025 00:21
1766560,Super,2025-05-29,23:37,Rio de Janeiro,La Boca,1,0,1,3.1,2.35,3.1,2.35,2.35,3.4,3.1,1-0,8.0,29-05-2025 00:21
1766568,Super,2025-05-29,23:40,La Plata,Itaquera,0,1,1,2.87,2.55,2.87,2.55,2.55,3.25,2.87,0-1,9.0,29-05-2025 00:21
1766575,Super,2025-05-29,23:43,Medellin,Montevideo,2,0,2,3.0,2.35,3.0,2.35,2.35,3.4,3.0,2-0,7.5,29-05-2025 00:21
1766582,Super,2025-05-29,23:46,Penarol,Santiago,2,1,3,2.2,3.25,3.25,2.2,2.2,3.5,3.25,2-1,7.5,29-05-2025 00:21
1766588,Super,2025-05-29,23:49,La Plata,Quito,1,0,1,3.3,2.25,3.3,2.25,2.25,3.3,3.3,1-0,9.0,29-05-2025 00:21
1766595,Super,2025-05-29,23:52,Santos,Itaquera,0,1,1,2.8,2.55,2.8,2.55,2.55,3.3,2.8,0-1,8.5,29-05-2025 00:21
1766603,Super,2025-05-29,23:55,Montevideo,Lima,0,0,0,3.0,2.25,3.0,2.25,2.25,3.6,3.0,0-0,6.5,29-05-2025 00:21
1766336,Super,2025-05-29,22:01,Buenos Aires,Lima,2,1,3,1.9,4.0,4.0,1.9,1.9,3.75,4.0,2-1,6.5,29-05-2025 00:21
1766342,Super,2025-05-29,22:04,Medellin,La Boca,0,2,2,2.4,3.0,2.4,3.0,3.0,3.3,2.4,0-2,8.5,29-05-2025 00:21
1766350,Super,2025-05-29,22:07,Porto Alegre,Penarol,2,0,2,3.3,2.35,3.3,2.35,2.35,3.1,3.3,2-0,11.0,29-05-2025 00:21
1766357,Super,2025-05-29,22:10,Itaquera,Lima,1,1,2,3.8,1.95,3.8,1.95,1.95,3.6,3.8,1-1,7.5,29-05-2025 00:21
1766367,Super,2025-05-29,22:13,Santiago,Montevideo,1,0,1,2.7,2.45,2.7,2.45,2.45,3.6,2.7,1-0,6.5,29-05-2025 00:21
1766371,Super,2025-05-29,22:16,Bogota,Guayaquil,3,2,5,2.37,3.0,2.37,3.0,2.37,3.4,3.0,3-2,8.5,29-05-2025 00:21
1766379,Super,2025-05-29,22:19,La Plata,Rio de Janeiro,2,0,2,2.55,2.8,2.55,2.8,2.8,3.3,2.55,2-0,8.5,29-05-2025 00:21
1766385,Super,2025-05-29,22:22,Santiago,Guayaquil,1,2,3,2.62,2.55,2.55,2.62,2.62,3.6,2.55,1-2,6.5,29-05-2025 00:21
1766393,Super,2025-05-29,22:25,Penarol,Belo Horizonte,1,2,3,3.3,2.15,2.15,3.3,3.3,3.5,2.15,1-2,7.5,29-05-2025 00:21
1766401,Super,2025-05-29,22:28,Lima,Sao Paulo,0,2,2,2.25,3.0,2.25,3.0,3.0,3.6,2.25,0-2,6.5,29-05-2025 00:21
1766406,Super,2025-05-29,22:31,Agua Branca,Itaquera,0,2,2,3.0,2.3,3.0,2.3,2.3,3.5,3.0,0-2,7.5,29-05-2025 00:21
1766414,Super,2025-05-29,22:34,Belo Horizonte,Rio de Janeiro,1,2,3,2.3,3.0,3.0,2.3,2.3,3.5,3.0,1-2,7.0,29-05-2025 00:21
1766421,Super,2025-05-29,22:37,Buenos Aires,Avellaneda,0,1,1,3.1,2.25,3.1,2.25,2.25,3.5,3.1,0-1,7.0,29-05-2025 00:21
1766427,Super,2025-05-29,22:40,Guayaquil,Asuncion,1,0,1,3.1,2.3,3.1,2.3,2.3,3.5,3.1,1-0,7.0,29-05-2025 00:21
1766435,Super,2025-05-29,22:43,La Plata,Santiago,2,0,2,3.6,2.05,3.6,2.05,2.05,3.5,3.6,2-0,8.0,29-05-2025 00:21
1766441,Super,2025-05-29,22:46,Quito,Porto Alegre,2,1,3,2.7,2.75,2.75,2.7,2.7,3.2,2.75,2-1,10.0,29-05-2025 00:21
1766447,Super,2025-05-29,22:49,Santiago,Santos,1,1,2,2.35,3.0,2.35,3.0,3.0,3.5,2.35,1-1,7.0,29-05-2025 00:21
1766456,Super,2025-05-29,22:52,Rio de Janeiro,Agua Branca,0,1,1,2.9,2.37,2.9,2.37,2.37,3.5,2.9,0-1,7.0,29-05-2025 00:21
1766464,Super,2025-05-29,22:55,Montevideo,Buenos Aires,2,1,3,3.0,2.25,2.25,3.0,3.0,3.6,2.25,2-1,6.5,29-05-2025 00:21
1766470,Super,2025-05-29,22:58,Rio de Janeiro,Santiago,1,2,3,1.85,4.2,4.2,1.85,1.85,3.75,4.2,1-2,6.5,29-05-2025 00:21
