HORA,COLUNA,Time_Contra,Time_Casa,Data_ano,Data_mes,Data_dia,Casa Gols Previsão,Visitante Gols Previsão
13,2,Brighton,Leicester,2025,5,29,1.0730366184380178,1.886530892378752
13,2,Palace,Leicester,2025,5,29,1.1222388336977966,0.8365229179934847
13,2,Everton,Leicester,2025,5,29,0.8598736911747393,0.6813426812570457
13,2,Watford,Leicester,2025,5,29,2.1015158409209054,0.5258854505158109
13,2,Burnley,Leicester,2025,5,29,1.1817765922393673,0.9481820143934612
13,2,Brentford,Leicester,2025,5,29,0.7625369115518146,0.739535016672408
13,2,West Ham,Leicester,2025,5,29,2.2500821308082615,0.5649306183565707
13,2,United,Leicester,2025,5,29,1.390203373866633,0.684490055822977
13,2,Newcastle,Leicester,2025,5,29,2.259749371356142,0.6465040262041085
13,2,City,Leicester,2025,5,29,1.2112371251475318,0.236360350721005
13,2,Wolverhampton,Leicester,2025,5,29,1.2370798199656539,0.18220093471567397
13,2,Norwich,Leicester,2025,5,29,1.6145348564193371,0.4802729348847903
13,2,Leeds,Leicester,2025,5,29,1.9775408339748555,0.6996269264498568
13,2,Liverpool,Leicester,2025,5,29,1.3968484050082817,0.2035030169211432
13,2,Southampton,Leicester,2025,5,29,1.6151664620069288,0.6223971841267016
13,2,Aston,Leicester,2025,5,29,1.1167980784595701,0.6606703334424917
13,2,Islington,Leicester,2025,5,29,1.3587801704401572,0.5841451358759213
13,2,Chelsea,Leicester,2025,5,29,1.1955474884626778,1.2264377664584778
13,2,Tottenham,Leicester,2025,5,29,0.845514568855286,0.8001839070674532
13,2,Palace,Brighton,2025,5,29,0.5076314922619609,0.7534763051425659
13,2,Everton,Brighton,2025,5,29,0.9024070314297712,1.123137459147999
13,2,Watford,Brighton,2025,5,29,0.27526304118183414,1.2516154971202749
13,2,Burnley,Brighton,2025,5,29,0.7838749296727643,3.0460000530971914
13,2,Brentford,Brighton,2025,5,29,0.9863247878170752,1.0989954199485512
13,2,West Ham,Brighton,2025,5,29,1.3793363519759017,1.5147369340566497
13,2,United,Brighton,2025,5,29,0.5990131091744356,1.40150354786735
13,2,Newcastle,Brighton,2025,5,29,0.374449159643831,1.6401116264999824
13,2,City,Brighton,2025,5,29,1.1690520139791136,4.349787782818174
13,2,Wolverhampton,Brighton,2025,5,29,0.5637477590460684,3.9184907765773063
13,2,Norwich,Brighton,2025,5,29,0.46015918000660405,3.233185203338762
13,2,Leeds,Brighton,2025,5,29,1.0810605280242171,1.2397578923119879
13,2,Liverpool,Brighton,2025,5,29,0.6236283881992893,2.9620667256991364
13,2,Southampton,Brighton,2025,5,29,0.6219017716858661,1.571105211216971
13,2,Aston,Brighton,2025,5,29,0.43435886555226555,2.7174123799836973
13,2,Islington,Brighton,2025,5,29,0.40581258495621053,1.1895776284922146
13,2,Chelsea,Brighton,2025,5,29,1.02850390182699,2.5518124744017756
13,2,Tottenham,Brighton,2025,5,29,0.412534108461192,3.1728522107347557
13,2,Everton,Palace,2025,5,29,1.1760886907311952,0.9700432093430817
13,2,Watford,Palace,2025,5,29,2.1390521310027877,0.9393651409229026
13,2,Burnley,Palace,2025,5,29,1.0530050562430893,3.3930014976400322
13,2,Brentford,Palace,2025,5,29,1.722645740559632,0.8186746233438753
13,2,West Ham,Palace,2025,5,29,2.428286865120023,0.54898317544098
13,2,United,Palace,2025,5,29,1.7767245016989717,1.0488677822686974
13,2,Newcastle,Palace,2025,5,29,3.088323544763324,0.5239445056219728
13,2,City,Palace,2025,5,29,0.5704982654325794,2.7657025363328227
13,2,Wolverhampton,Palace,2025,5,29,2.3647177922831566,3.048505197512698
13,2,Norwich,Palace,2025,5,29,3.3887195892764628,0.9006522299923181
13,2,Leeds,Palace,2025,5,29,1.5436910231629035,1.2673487116928048
13,2,Liverpool,Palace,2025,5,29,2.2976958918340697,1.4922124388115712
13,2,Southampton,Palace,2025,5,29,1.2947928604276384,0.46591214041325807
13,2,Aston,Palace,2025,5,29,2.126305351623136,0.7866195916863814
13,2,Islington,Palace,2025,5,29,0.636193240161886,0.09110824408466436
13,2,Chelsea,Palace,2025,5,29,1.0414006211028195,2.308997560355312
13,2,Tottenham,Palace,2025,5,29,0.5486119380597883,2.6180135828774036
13,2,Watford,Everton,2025,5,29,0.18967983290336832,0.4898202742701901
13,2,Burnley,Everton,2025,5,29,0.5715652630283452,0.8592857204700266
13,2,Brentford,Everton,2025,5,29,0.28209423475679524,0.776320772611539
13,2,West Ham,Everton,2025,5,29,0.6543144770323925,0.8499670535370756
13,2,United,Everton,2025,5,29,0.5379931907379963,0.7442541793418951
13,2,Newcastle,Everton,2025,5,29,0.6914190227717917,0.25259862662754057
13,2,City,Everton,2025,5,29,0.7344481611527002,0.6144060174303344
13,2,Wolverhampton,Everton,2025,5,29,0.9014920648112263,0.7912213670004731
13,2,Norwich,Everton,2025,5,29,0.04051111830144776,0.5058551651472778
13,2,Leeds,Everton,2025,5,29,0.5978271184227286,0.4637547864122446
13,2,Liverpool,Everton,2025,5,29,0.38418522303629166,0.11085029395475385
13,2,Southampton,Everton,2025,5,29,0.08853185047085015,0.2037731534553098
13,2,Aston,Everton,2025,5,29,0.636842555348537,0.48865089976988124
13,2,Islington,Everton,2025,5,29,0.03470611682592113,0.5072647845640704
13,2,Chelsea,Everton,2025,5,29,0.5519777567430436,1.226444418642891
13,2,Tottenham,Everton,2025,5,29,0.10336027654777759,0.6575605582566687
13,2,Burnley,Watford,2025,5,29,1.3840800232048016,2.7489089598333147
13,2,Brentford,Watford,2025,5,29,1.7271591112480362,1.1428558061608414
13,2,West Ham,Watford,2025,5,29,2.3317816981682613,1.091892252947492
13,2,United,Watford,2025,5,29,1.9063997278940907,0.831226730224713
13,2,Newcastle,Watford,2025,5,29,2.907200531657515,0.9352492729862368
13,2,City,Watford,2025,5,29,1.505767958535822,2.4803925502369677
13,2,Wolverhampton,Watford,2025,5,29,2.5025244686052774,2.858668553035672
13,2,Norwich,Watford,2025,5,29,3.0507549315915483,1.5698296146840094
13,2,Leeds,Watford,2025,5,29,2.2998324262084204,0.6870271893556397
13,2,Liverpool,Watford,2025,5,29,2.2342455919362254,0.9983857584408781
13,2,Southampton,Watford,2025,5,29,2.1366245919649653,0.8503687325062091
13,2,Aston,Watford,2025,5,29,2.08988430438588,1.1130694496921023
13,2,Islington,Watford,2025,5,29,1.6739029429635721,0.7219515861371596
13,2,Chelsea,Watford,2025,5,29,1.8195869823614397,2.5388950705062854
13,2,Tottenham,Watford,2025,5,29,1.5741016344365892,2.371884852844125
13,2,Brentford,Burnley,2025,5,29,1.5131154284739121,1.1688142313136212
13,2,West Ham,Burnley,2025,5,29,1.745208049175583,0.9771124974060637
13,2,United,Burnley,2025,5,29,1.4281806790687968,1.25534629328626
13,2,Newcastle,Burnley,2025,5,29,2.9086718668056504,0.878626241778288
13,2,City,Burnley,2025,5,29,0.3643853090032877,3.233433578935226
13,2,Wolverhampton,Burnley,2025,5,29,1.6444662643084118,3.855366954819235
13,2,Norwich,Burnley,2025,5,29,1.432863358134802,1.662528955966579
13,2,Leeds,Burnley,2025,5,29,0.5873125672188285,1.7271902803250607
13,2,Liverpool,Burnley,2025,5,29,1.6147895464002253,1.771849185580423
13,2,Southampton,Burnley,2025,5,29,0.27298060030206467,0.3454895635947608
13,2,Aston,Burnley,2025,5,29,1.493342837847087,0.8828995714008941
13,2,Islington,Burnley,2025,5,29,0.24050416491510737,0.782909721960732
13,2,Chelsea,Burnley,2025,5,29,1.093719816061206,3.0118697136966794
13,2,Tottenham,Burnley,2025,5,29,0.18535595296888574,3.2628132876508564
13,2,West Ham,Brentford,2025,5,29,1.6617792356185013,0.866722727256714
13,2,United,Brentford,2025,5,29,0.9282479169853198,0.9433055805144841
13,2,Newcastle,Brentford,2025,5,29,1.685004977031646,0.6283372259229075
13,2,City,Brentford,2025,5,29,1.0117893184076616,2.0584566689050123
13,2,Wolverhampton,Brentford,2025,5,29,0.9572020013045136,2.4552943626943753
13,2,Norwich,Brentford,2025,5,29,0.3793985053507206,0.46783430747216265
13,2,Leeds,Brentford,2025,5,29,1.226588901143141,0.7194301076018196
13,2,Liverpool,Brentford,2025,5,29,1.1321666213753492,0.4318861167091951
13,2,Southampton,Brentford,2025,5,29,0.4678085767691088,0.13818433350759968
13,2,Aston,Brentford,2025,5,29,1.1941154341848523,0.877668055565136
13,2,Islington,Brentford,2025,5,29,0.17197357172228633,0.6949400619990307
13,2,Chelsea,Brentford,2025,5,29,1.1795944951302773,2.7514055324815985
13,2,Tottenham,Brentford,2025,5,29,0.1741491582354388,2.3254913066839586
13,2,United,West Ham,2025,5,29,1.7999049867140782,1.3920970092001208
13,2,Newcastle,West Ham,2025,5,29,3.1984471006345614,0.1449742596533309
13,2,City,West Ham,2025,5,29,1.4264522055837412,3.343157224532334
13,2,Wolverhampton,West Ham,2025,5,29,1.383349487448805,3.8638199381858245
13,2,Norwich,West Ham,2025,5,29,1.2364149753695748,1.765410277820144
13,2,Leeds,West Ham,2025,5,29,1.862102968379455,1.1405029380046734
13,2,Liverpool,West Ham,2025,5,29,1.8610509611892947,2.060045012160829
13,2,Southampton,West Ham,2025,5,29,1.1659691164175128,0.6580815379807996
13,2,Aston,West Ham,2025,5,29,1.7328315154431702,1.0171025634800512
13,2,Islington,West Ham,2025,5,29,0.7447143084366066,1.0376595292430781
13,2,Chelsea,West Ham,2025,5,29,1.8024778373259076,2.3141677723617233
13,2,Tottenham,West Ham,2025,5,29,0.6308431702796106,2.5068510444154732
13,2,Newcastle,United,2025,5,29,2.372648557193232,0.3361930256901945
13,2,City,United,2025,5,29,1.2459375258041734,0.6497606421834811
13,2,Wolverhampton,United,2025,5,29,1.9052986716362008,0.823922185858312
13,2,Norwich,United,2025,5,29,2.1911807093466025,0.8959346988164922
13,2,Leeds,United,2025,5,29,1.5996705588090483,0.6813678437239026
13,2,Liverpool,United,2025,5,29,1.8802839011699644,0.600251191420909
13,2,Southampton,United,2025,5,29,1.5314294967566469,0.8065132781037146
13,2,Aston,United,2025,5,29,1.8279958500250748,0.5087782543332238
13,2,Islington,United,2025,5,29,1.3812644649476784,0.7675298404198213
13,2,Chelsea,United,2025,5,29,1.6020189573663226,1.1294196888659418
13,2,Tottenham,United,2025,5,29,1.0709171959373855,0.3282928973553482
13,2,City,Newcastle,2025,5,29,1.3884219247014866,0.3095138089971316
13,2,Wolverhampton,Newcastle,2025,5,29,0.9511172916041559,0.6933163864921482
13,2,Norwich,Newcastle,2025,5,29,2.0057889593670772,0.03049009361764291
13,2,Leeds,Newcastle,2025,5,29,1.7031529915895474,0.5354652764582657
13,2,Liverpool,Newcastle,2025,5,29,1.7531912617155039,-0.08668837658787353
13,2,Southampton,Newcastle,2025,5,29,1.710468513457934,0.30924300634738544
13,2,Aston,Newcastle,2025,5,29,1.4649571924868532,0.1852323894733307
13,2,Islington,Newcastle,2025,5,29,1.4000480636948285,0.25075080047228343
13,2,Chelsea,Newcastle,2025,5,29,2.176610770938791,1.61549841031782
13,2,Tottenham,Newcastle,2025,5,29,1.1818314742735088,0.5881331401411029
13,2,Wolverhampton,City,2025,5,29,0.6102041279762417,1.7513496504917314
13,2,Norwich,City,2025,5,29,0.6852088691241358,1.9183378450817128
13,2,Leeds,City,2025,5,29,1.07083488254958,0.7710594245064711
13,2,Liverpool,City,2025,5,29,0.8589916306041984,1.335861910899747
13,2,Southampton,City,2025,5,29,1.1640417434615735,1.2528066563126403
13,2,Aston,City,2025,5,29,0.9027545795393924,1.1273535951378935
13,2,Islington,City,2025,5,29,0.5080448411027607,0.8744915968526812
13,2,Chelsea,City,2025,5,29,0.7614172104934808,1.6102290733924687
13,2,Tottenham,City,2025,5,29,0.39143729351349826,1.6198030013215294
13,2,Norwich,Wolverhampton,2025,5,29,1.039935762022488,0.16194478303920593
13,2,Leeds,Wolverhampton,2025,5,29,1.2901632820103286,0.907018299306589
13,2,Liverpool,Wolverhampton,2025,5,29,1.6556132766357132,0.301999132303042
13,2,Southampton,Wolverhampton,2025,5,29,1.163605205667402,0.7923668782487285
13,2,Aston,Wolverhampton,2025,5,29,1.5148357087661621,0.5373271134470836
13,2,Islington,Wolverhampton,2025,5,29,0.5464986171958496,0.45745044395287615
13,2,Chelsea,Wolverhampton,2025,5,29,1.2230121922792025,1.1197757707493325
13,2,Tottenham,Wolverhampton,2025,5,29,0.00027860968432980515,0.235155494825454
13,2,Leeds,Norwich,2025,5,29,1.6827692559798066,0.8546990042590495
13,2,Liverpool,Norwich,2025,5,29,0.7250567304189773,-0.17821044837634717
13,2,Southampton,Norwich,2025,5,29,1.3015931668579055,1.085941498810299
13,2,Aston,Norwich,2025,5,29,0.46313502177958354,0.08943173631294941
13,2,Islington,Norwich,2025,5,29,0.6519234377604629,0.0355907061999637
13,2,Chelsea,Norwich,2025,5,29,1.2967724387523818,1.0618792813519438
13,2,Tottenham,Norwich,2025,5,29,0.47765679043197384,0.3409210579665613
13,2,Liverpool,Leeds,2025,5,29,0.3407400173324893,3.1559471532130985
13,2,Southampton,Leeds,2025,5,29,0.419465460694081,1.1643930445211534
13,2,Aston,Leeds,2025,5,29,0.5315440121243901,0.6089288747465428
13,2,Islington,Leeds,2025,5,29,0.204895137038689,0.07029178891345719
13,2,Chelsea,Leeds,2025,5,29,0.7047425287109361,1.334487774994955
13,2,Tottenham,Leeds,2025,5,29,0.32172449227074634,1.351195269608469
13,2,Southampton,Liverpool,2025,5,29,1.9620312623880518,0.5069224035431368
13,2,Aston,Liverpool,2025,5,29,1.3082835126030283,0.5431740204088317
13,2,Islington,Liverpool,2025,5,29,1.476164518876699,1.3166488549222566
13,2,Chelsea,Liverpool,2025,5,29,1.2277508714797387,2.0124056189094763
13,2,Tottenham,Liverpool,2025,5,29,0.6413261787980172,3.1531781551691522
13,2,Aston,Southampton,2025,5,29,1.0132543266905565,2.21630162746593
13,2,Islington,Southampton,2025,5,29,0.5620553910029392,1.071429462207554
13,2,Chelsea,Southampton,2025,5,29,0.6721806934506641,1.8754940228435482
13,2,Tottenham,Southampton,2025,5,29,0.5434453290067935,2.7287158091817187
13,2,Islington,Aston,2025,5,29,0.2920849305356717,1.0423260240085164
13,2,Chelsea,Aston,2025,5,29,0.9787718510238176,1.0146495023552589
13,2,Tottenham,Aston,2025,5,29,0.4074806089215255,0.6945354218460316
13,2,Chelsea,Islington,2025,5,29,1.097186445003743,1.6929944761211566
13,2,Tottenham,Islington,2025,5,29,0.7637848540776936,1.488318189968335
13,2,Tottenham,Chelsea,2025,5,29,0.3160987997331503,0.8007589071394291
13,5,Brighton,Leicester,2025,5,29,1.0730366184380178,1.8689780014550978
13,5,Palace,Leicester,2025,5,29,1.1356759286185139,0.9328518410061358
13,5,Everton,Leicester,2025,5,29,0.8733107860954563,0.6682120784372862
13,5,Watford,Leicester,2025,5,29,2.1149529358416217,0.5167809951978032
13,5,Burnley,Leicester,2025,5,29,1.1817765922393673,0.9301325692907663
13,5,Brentford,Leicester,2025,5,29,0.7759740064725316,0.73076684162715
13,5,West Ham,Leicester,2025,5,29,2.2500821308082615,0.6810004127022602
13,5,United,Leicester,2025,5,29,1.4036404687873498,0.7808189788356281
13,5,Newcastle,Leicester,2025,5,29,2.259749371356142,0.7338687857414559
13,5,City,Leicester,2025,5,29,1.2112371251475318,0.35243014506669446
13,5,Wolverhampton,Leicester,2025,5,29,1.2505169148863706,0.18038691130749604
13,5,Norwich,Leicester,2025,5,29,1.6279719513400543,0.5683136961980852
13,5,Leeds,Leicester,2025,5,29,1.9775408339748555,0.7714529685223764
13,5,Liverpool,Leicester,2025,5,29,1.3968484050082817,0.19732656573846374
13,5,Southampton,Leicester,2025,5,29,1.6286035569276456,0.7071808329950676
13,5,Aston,Leicester,2025,5,29,1.1302351733802871,0.7855248436665775
13,5,Islington,Leicester,2025,5,29,1.3722172653608742,0.6587231757173103
13,5,Chelsea,Leicester,2025,5,29,1.2089845833833948,1.2088848755348236
13,5,Tottenham,Leicester,2025,5,29,0.858951663776003,0.815426220403889
13,5,Palace,Brighton,2025,5,29,0.5399593200567623,0.7845501628394417
13,5,Everton,Brighton,2025,5,29,0.9634258893652643,1.1461169040232
13,5,Watford,Brighton,2025,5,29,0.2916603083861528,1.26551868823281
13,5,Burnley,Brighton,2025,5,29,0.8013980723057457,3.051118528331331
13,5,Brentford,Brighton,2025,5,29,1.0309836727437363,1.1128986110610863
13,5,West Ham,Brighton,2025,5,29,1.4286448604280864,1.537026075875129
13,5,United,Brighton,2025,5,29,0.6362203976143863,1.4325774055642257
13,5,Newcastle,Brighton,2025,5,29,0.4056709496497748,1.6543063554967872
13,5,City,Brighton,2025,5,29,1.2082572918770156,4.37892023094995
13,5,Wolverhampton,Brighton,2025,5,29,0.6163901318646869,3.9407799183957866
13,5,Norwich,Brighton,2025,5,29,0.498842731931324,3.2554743451572414
13,5,Leeds,Brighton,2025,5,29,1.1202561143538219,1.2708317500088635
13,5,Liverpool,Brighton,2025,5,29,0.6477674284831259,2.9762614546959405
13,5,Southampton,Brighton,2025,5,29,0.6667321293548057,1.5872413497788762
13,5,Aston,Brighton,2025,5,29,0.4732928994296243,2.7484862376805737
13,5,Islington,Brighton,2025,5,29,0.45236968806255834,1.2037723574890193
13,5,Chelsea,Brighton,2025,5,29,1.083535882397167,2.5809449225335506
13,5,Tottenham,Brighton,2025,5,29,0.460950191380514,3.195141352553235
13,5,Everton,Palace,2025,5,29,1.23880257639851,0.9569126065233218
13,5,Watford,Palace,2025,5,29,2.1615000023401945,0.9413325311444043
13,5,Burnley,Palace,2025,5,29,1.1129077366309124,3.386023898076848
13,5,Brentford,Palace,2025,5,29,1.7825484209474551,0.8209782938381271
13,5,West Ham,Palace,2025,5,29,2.5062762639540868,0.6318603605992683
13,5,United,Palace,2025,5,29,1.829325465243706,1.1405296833053815
13,5,Newcastle,Palace,2025,5,29,3.1390755441839167,0.5827836779478854
13,5,City,Palace,2025,5,29,0.6248356659830194,2.8485797214911117
13,5,Wolverhampton,Palace,2025,5,29,2.417207210925346,3.042024152128554
13,5,Norwich,Palace,2025,5,29,3.4471949030680773,0.984025969329647
13,5,Leeds,Palace,2025,5,29,1.611567499874387,1.350246599304834
13,5,Liverpool,Palace,2025,5,29,2.3550637889055177,1.4702971201134152
13,5,Southampton,Palace,2025,5,29,1.355016893201362,0.5221702020701898
13,5,Aston,Palace,2025,5,29,2.185031147367389,0.8782814927230661
13,5,Islington,Palace,2025,5,29,0.6951526010937598,0.14994741641057682
13,5,Chelsea,Palace,2025,5,29,1.0889769484375886,2.3025165149711677
13,5,Tottenham,Palace,2025,5,29,0.5821828637023329,2.6285888742378734
13,5,Watford,Everton,2025,5,29,0.20607710010768715,0.4761596423000001
13,5,Burnley,Everton,2025,5,29,0.5849627543911685,0.8454648145935458
13,5,Brentford,Everton,2025,5,29,0.32262746841329776,0.7629964209140986
13,5,West Ham,Everton,2025,5,29,0.6893844120918385,0.8694379060997254
13,5,United,Everton,2025,5,29,0.5710748279077889,0.7637250319045449
13,5,Newcastle,Everton,2025,5,29,0.7185151615075772,0.248236198853039
13,5,City,Everton,2025,5,29,0.7629118901295886,0.64072017630628
13,5,Wolverhampton,Everton,2025,5,29,0.9396258164637066,0.7936358828185092
13,5,Norwich,Everton,2025,5,29,0.06495609683342973,0.5258225718889683
13,5,Leeds,Everton,2025,5,29,0.6328970534821747,0.4678230517321677
13,5,Liverpool,Everton,2025,5,29,0.39758271439911497,0.10467384277207438
13,5,Southampton,Everton,2025,5,29,0.11912363474705177,0.19256741936751257
13,5,Aston,Everton,2025,5,29,0.6716509379557376,0.508121752332531
13,5,Islington,Everton,2025,5,29,0.06702464653953075,0.5186412243050452
13,5,Chelsea,Everton,2025,5,29,0.5962681883922074,1.2199633732587465
13,5,Tottenham,Everton,2025,5,29,0.1476507081969416,0.6770314108193185
13,5,Burnley,Watford,2025,5,29,1.4393263253218187,2.7317494507385454
13,5,Brentford,Watford,2025,5,29,1.7824054133650533,1.126192851245112
13,5,West Ham,Watford,2025,5,29,2.395001796608939,1.1094563013607168
13,5,United,Watford,2025,5,29,1.96789308089736,0.848790778637938
13,5,Newcastle,Watford,2025,5,29,2.943111841207346,0.9489474478040009
13,5,City,Watford,2025,5,29,1.5623818508939415,2.4979565986501933
13,5,Wolverhampton,Watford,2025,5,29,2.5572903790551464,2.8591762647042835
13,5,Norwich,Watford,2025,5,29,3.084276633389821,1.587890217276275
13,5,Leeds,Watford,2025,5,29,2.363052524649098,0.7049275180416142
13,5,Liverpool,Watford,2025,5,29,2.2701569014860565,0.9945310423349878
13,5,Southampton,Watford,2025,5,29,2.1956280920746436,0.8640669073239732
13,5,Aston,Watford,2025,5,29,2.133769410259372,1.1306334981053272
13,5,Islington,Watford,2025,5,29,1.71809300350206,0.7356497609549236
13,5,Chelsea,Watford,2025,5,29,1.8592554899039324,2.539402782174897
13,5,Tottenham,Watford,2025,5,29,1.616564949537669,2.3894489012573508
13,5,Brentford,Burnley,2025,5,29,1.5237114942305179,1.1774844508423805
13,5,West Ham,Burnley,2025,5,29,1.761288058362258,1.1065758723680523
13,5,United,Burnley,2025,5,29,1.4393221931752977,1.3650687969152098
13,5,Newcastle,Burnley,2025,5,29,2.9101172515950258,0.9840516039079008
13,5,City,Burnley,2025,5,29,0.37552682310978863,3.3628969538972164
13,5,Wolverhampton,Burnley,2025,5,29,1.6537597965066617,3.8669465120273556
13,5,Norwich,Burnley,2025,5,29,1.4343087429241776,1.7639632978961732
13,5,Leeds,Burnley,2025,5,29,0.6033925764055033,1.8281487705293555
13,5,Liverpool,Burnley,2025,5,29,1.616234931189601,1.7679944694745318
13,5,Southampton,Burnley,2025,5,29,0.2841221144085656,0.4483338150553925
13,5,Aston,Burnley,2025,5,29,1.500272166066532,1.0211476622412776
13,5,Islington,Burnley,2025,5,29,0.2565841741017823,0.8598094968789102
13,5,Chelsea,Burnley,2025,5,29,1.095710649200477,3.0234492709048
13,5,Tottenham,Burnley,2025,5,29,0.1964974670753866,3.2914491816035922
13,5,West Ham,Brentford,2025,5,29,1.7373155452587168,0.9495999124150021
13,5,United,Brentford,2025,5,29,0.9904727140437487,1.026182765672771
13,5,Newcastle,Brentford,2025,5,29,1.732225326202881,0.6871763982488206
13,5,City,Brentford,2025,5,29,1.0742756679183367,2.1413338540633022
13,5,Wolverhampton,Brentford,2025,5,29,1.0312774638276536,2.448813317310231
13,5,Norwich,Brentford,2025,5,29,0.4298543265414353,0.5512080468094913
13,5,Leeds,Brentford,2025,5,29,1.298628186311631,0.7935432793354528
13,5,Liverpool,Brentford,2025,5,29,1.165688323173622,0.4099707980110389
13,5,Southampton,Brentford,2025,5,29,0.5335303982992632,0.1856576792861349
13,5,Aston,Brentford,2025,5,29,1.2465581743339107,0.9605452407234244
13,5,Islington,Brentford,2025,5,29,0.23070814390165764,0.7537792343249435
13,5,Chelsea,Brentford,2025,5,29,1.2361829469944834,2.744924487097454
13,5,Tottenham,Brentford,2025,5,29,0.23353241765823202,2.3360665980444284
13,5,United,West Ham,2025,5,29,1.847409231782963,1.4026723005605897
13,5,Newcastle,West Ham,2025,5,29,3.242305820519409,0.1406118318788294
13,5,City,West Ham,2025,5,29,1.4605193557319092,3.353732515892804
13,5,Wolverhampton,West Ham,2025,5,29,1.429005750609439,3.85733889280168
13,5,Norwich,West Ham,2025,5,29,1.2972078146468644,1.7764821233596533
13,5,Leeds,West Ham,2025,5,29,1.911445631694372,1.151414509637892
13,5,Liverpool,West Ham,2025,5,29,1.9049096810741424,2.0381296934626736
13,5,Southampton,West Ham,2025,5,29,1.2169703859581227,0.6537191102062981
13,5,Aston,West Ham,2025,5,29,1.795611273678804,1.0276778548405205
13,5,Islington,West Ham,2025,5,29,0.7944509061353664,1.0332971014685766
13,5,Chelsea,West Ham,2025,5,29,1.8499820823947923,2.307686726977579
13,5,Tottenham,West Ham,2025,5,29,0.6618072303398969,2.517426335775943
13,5,Newcastle,United,2025,5,29,2.3961634714435927,0.33183059791569297
13,5,City,United,2025,5,29,1.286943273220057,0.6913876365883483
13,5,Wolverhampton,United,2025,5,29,1.944456437143833,0.8152648561368384
13,5,Norwich,United,2025,5,29,2.212306015845405,0.9312149410871036
13,5,Leeds,United,2025,5,29,1.6504942619502556,0.6743642635043159
13,5,Liverpool,United,2025,5,29,1.9037988154203256,0.5940747402382295
13,5,Southampton,United,2025,5,29,1.574824851924089,0.8216922250843488
13,5,Aston,United,2025,5,29,1.8594845605990964,0.5435619424247953
13,5,Islington,United,2025,5,29,1.4130581301866965,0.778906280160796
13,5,Chelsea,United,2025,5,29,1.626079319966579,1.1118667979422872
13,5,Tottenham,United,2025,5,29,1.0977723660962293,0.33669190437848806
13,5,City,Newcastle,2025,5,29,1.411287099548227,0.3433132791048735
13,5,Wolverhampton,Newcastle,2025,5,29,0.9702153942057711,0.70271965936294
13,5,Norwich,Newcastle,2025,5,29,2.023572445474334,0.05744625741208903
13,5,Leeds,Newcastle,2025,5,29,1.735571102094103,0.5466825727372354
13,5,Liverpool,Newcastle,2025,5,29,1.77097474782276,-0.07430767099924682
13,5,Southampton,Newcastle,2025,5,29,1.7333336883046742,0.3165944290308944
13,5,Aston,Newcastle,2025,5,29,1.4882246220241786,0.2121885532677769
13,5,Islington,Newcastle,2025,5,29,1.4159259891907858,0.2806843969845646
13,5,Chelsea,Newcastle,2025,5,29,2.1903252648183016,1.6160061219864315
13,5,Tottenham,Newcastle,2025,5,29,1.1881564641116507,0.615089303935549
13,5,Wolverhampton,City,2025,5,29,0.6237840741279783,1.7629292076998524
13,5,Norwich,City,2025,5,29,0.6971171657636035,1.9993060667665246
13,5,Leeds,City,2025,5,29,1.0796694883435503,0.825482691216561
13,5,Liverpool,City,2025,5,29,0.8598524400745077,1.3320071947938565
13,5,Southampton,City,2025,5,29,1.1788850962024955,1.3468661918948757
13,5,Aston,City,2025,5,29,0.9250262802540791,1.236350849855098
13,5,Islington,City,2025,5,29,0.527826688923856,0.9136408641550504
13,5,Chelsea,City,2025,5,29,0.7762605632344022,1.6218086306005894
13,5,Tottenham,City,2025,5,29,0.40628064625442,1.6484388952742641
13,5,Norwich,Wolverhampton,2025,5,29,1.1137672610716935,0.21769114555460037
13,5,Leeds,Wolverhampton,2025,5,29,1.3701431606586418,0.9377652267028109
13,5,Liverpool,Wolverhampton,2025,5,29,1.7149002640440354,0.2958226811203623
13,5,Southampton,Wolverhampton,2025,5,29,1.2493697352986721,0.8075458252293624
13,5,Aston,Wolverhampton,2025,5,29,1.5889176897680064,0.5925769217834372
13,5,Islington,Wolverhampton,2025,5,29,0.6309984749852701,0.5065773913096596
13,5,Chelsea,Wolverhampton,2025,5,29,1.285944704871562,1.102222879825678
13,5,Tottenham,Wolverhampton,2025,5,29,0.059390032184421404,0.24355450184859412
13,5,Leeds,Norwich,2025,5,29,1.7188147289245468,0.8546990042590495
13,5,Liverpool,Norwich,2025,5,29,0.7677181010145725,-0.18389034537998591
13,5,Southampton,Norwich,2025,5,29,1.3611886568459424,1.1084603062832696
13,5,Aston,Norwich,2025,5,29,0.5126175896450405,0.1315552848968572
13,5,Islington,Norwich,2025,5,29,0.6949787427399011,0.04746370011997922
13,5,Chelsea,Norwich,2025,5,29,1.3528709042686935,1.0443263904282896
13,5,Tottenham,Norwich,2025,5,29,0.5105991732888316,0.3566599254820378
13,5,Liverpool,Leeds,2025,5,29,0.3581410118113974,3.1520924371072083
13,5,Southampton,Leeds,2025,5,29,0.4508489984436013,1.1966990055102271
13,5,Aston,Leeds,2025,5,29,0.5703558978476756,0.6451007093310775
13,5,Islington,Leeds,2025,5,29,0.22467698485978482,0.1094410562158267
13,5,Chelsea,Leeds,2025,5,29,0.7361260664604564,1.3349954866635663
13,5,Tottenham,Leeds,2025,5,29,0.3365678450116681,1.3619160117083982
13,5,Southampton,Liverpool,2025,5,29,2.0157075045885846,0.6102632091828092
13,5,Aston,Liverpool,2025,5,29,1.3476346467939253,0.6819186654282569
13,5,Islington,Liverpool,2025,5,29,1.5347792561574065,1.3940451840194756
13,5,Chelsea,Liverpool,2025,5,29,1.2687794082413164,2.023985176117597
13,5,Tottenham,Liverpool,2025,5,29,0.6848894988759707,3.182310603300927
13,5,Aston,Southampton,2025,5,29,1.0533006715401454,2.253722237297062
13,5,Islington,Southampton,2025,5,29,0.5855615508439291,1.085127637025318
13,5,Chelsea,Southampton,2025,5,29,0.7072885432200787,1.9046264709753236
13,5,Tottenham,Southampton,2025,5,29,0.5620129937676096,2.7573517031344545
13,5,Islington,Aston,2025,5,29,0.3283177162147952,1.0791535562340964
13,5,Chelsea,Aston,2025,5,29,1.013427770909155,0.997096611431604
13,5,Tottenham,Aston,2025,5,29,0.4421365288068622,0.7097777351824673
13,5,Chelsea,Islington,2025,5,29,1.1191660422020488,1.7045740333292774
13,5,Tottenham,Islington,2025,5,29,0.7692242662674011,1.5331895056155866
13,5,Tottenham,Chelsea,2025,5,29,0.31661492899560845,0.8270730660153747
13,8,Brighton,Leicester,2025,5,29,1.1258477649918472,1.850475413926944
13,8,Palace,Leicester,2025,5,29,1.0037038857474632,0.9284350618177364
13,8,Everton,Leicester,2025,5,29,0.7429930909565741,0.6874144699894266
13,8,Watford,Leicester,2025,5,29,2.1262860376351016,0.5460216640760854
13,8,Burnley,Leicester,2025,5,29,1.2077426421323394,0.9651250240200742
13,8,Brentford,Leicester,2025,5,29,0.6234291664687759,0.6997819542051451
13,8,West Ham,Leicester,2025,5,29,2.363843981062927,0.7151723419009685
13,8,United,Leicester,2025,5,29,1.3328480275923722,0.8305590331392778
13,8,Newcastle,Leicester,2025,5,29,2.3659984421372444,0.7866270364309412
13,8,City,Leicester,2025,5,29,1.2392371844866932,0.384207552503751
13,8,Wolverhampton,Leicester,2025,5,29,1.2549205513959603,0.1456612510018846
13,8,Norwich,Leicester,2025,5,29,1.5770522073413968,0.5640874033352067
13,8,Leeds,Leicester,2025,5,29,2.0913026842295204,0.7414727173442253
13,8,Liverpool,Leicester,2025,5,29,1.3962264487160216,0.22010116171654745
13,8,Southampton,Leicester,2025,5,29,1.5740936951694628,0.7263323272469154
13,8,Aston,Leicester,2025,5,29,1.0454158988185833,0.8286282769357695
13,8,Islington,Leicester,2025,5,29,1.2528250310096065,0.7034320999882745
13,8,Chelsea,Leicester,2025,5,29,1.0593285480771972,1.2300894192494383
13,8,Tottenham,Leicester,2025,5,29,0.8299144385276686,0.8383649913950301
13,8,Palace,Brighton,2025,5,29,0.4027437242398908,1.036492868614977
13,8,Everton,Brighton,2025,5,29,0.8615437503977262,1.406997496910165
13,8,Watford,Brighton,2025,5,29,0.32968149167897476,1.498071870569461
13,8,Burnley,Brighton,2025,5,29,0.9072107376959397,3.122103905752381
13,8,Brentford,Brighton,2025,5,29,0.9822749628569845,1.2808012474578663
13,8,West Ham,Brighton,2025,5,29,1.5539744022647222,1.8208057208078428
13,8,United,Brighton,2025,5,29,0.5487280761949901,1.6612426781172405
13,8,Newcastle,Brighton,2025,5,29,0.5516643283858659,1.8976908780426769
13,8,City,Brighton,2025,5,29,1.2439822523511792,4.454218144698737
13,8,Wolverhampton,Brighton,2025,5,29,0.550277445597915,3.991181731111394
13,8,Norwich,Brighton,2025,5,29,0.5048804683069316,3.3228104607945963
13,8,Leeds,Brighton,2025,5,29,1.2624931188582162,1.4718297649472467
13,8,Liverpool,Brighton,2025,5,29,0.6542894615256274,3.1874676542932754
13,8,Southampton,Brighton,2025,5,29,0.692689137906726,1.8262782830359945
13,8,Aston,Brighton,2025,5,29,0.3477270151146507,3.086423011368841
13,8,Islington,Brighton,2025,5,29,0.41733069459736444,1.4434357673925504
13,8,Chelsea,Brighton,2025,5,29,1.053617725689835,2.8082418078521383
13,8,Tottenham,Brighton,2025,5,29,0.40539208632099194,3.3405512142845133
13,8,Everton,Palace,2025,5,29,1.3427420317229952,1.1096586675483144
13,8,Watford,Palace,2025,5,29,2.297534057182826,1.119687823176827
13,8,Burnley,Palace,2025,5,29,1.3484048034511187,3.413269909560865
13,8,Brentford,Palace,2025,5,29,1.9696787118018546,0.9072424983776379
13,8,West Ham,Palace,2025,5,29,2.8253434195630573,0.8368102999655922
13,8,United,Palace,2025,5,29,1.9989332294686264,1.3024120850589362
13,8,Newcastle,Palace,2025,5,29,3.4273833703803382,0.7357992623551995
13,8,City,Palace,2025,5,29,0.7085362309434899,2.8783287949647574
13,8,Wolverhampton,Palace,2025,5,29,2.587725143176551,2.996113524968007
13,8,Norwich,Palace,2025,5,29,3.7355027292644984,0.9751632384693643
13,8,Leeds,Palace,2025,5,29,1.924605015233616,1.4425306986180053
13,8,Liverpool,Palace,2025,5,29,2.595041263286257,1.6198253836047665
13,8,Southampton,Palace,2025,5,29,1.5708878861231248,0.6871702069427252
13,8,Aston,Palace,2025,5,29,2.2778465989082255,1.0937702958120228
13,8,Islington,Palace,2025,5,29,0.8676218564278602,0.32002183973865456
13,8,Chelsea,Palace,2025,5,29,1.2148549210895154,2.4495528748416615
13,8,Tottenham,Palace,2025,5,29,0.7295783096318395,2.641122316260434
13,8,Watford,Everton,2025,5,29,0.25262334179457613,0.5036783276780278
13,8,Burnley,Everton,2025,5,29,0.6352535902551968,0.879813645605336
13,8,Brentford,Everton,2025,5,29,0.24832318183357863,0.7296985482703316
13,8,West Ham,Everton,2025,5,29,0.7933127594893428,0.9104819160880802
13,8,United,Everton,2025,5,29,0.44762661340545284,0.8231374834986409
13,8,Newcastle,Everton,2025,5,29,0.8431073458045375,0.30794783419631255
13,8,City,Everton,2025,5,29,0.7772356561646208,0.6800686172428053
13,8,Wolverhampton,Everton,2025,5,29,0.8435868773637363,0.7532691938608174
13,8,Norwich,Everton,2025,5,29,0.015472003682871088,0.5371164049858502
13,8,Leeds,Everton,2025,5,29,0.7477032232976966,0.4387928336797595
13,8,Liverpool,Everton,2025,5,29,0.3425532776657096,0.1313522467391521
13,8,Southampton,Everton,2025,5,29,0.08352917352306462,0.20962408482813988
13,8,Aston,Everton,2025,5,29,0.552114693890505,0.5596258014085235
13,8,Islington,Everton,2025,5,29,0.012419716631110207,0.5746461413056183
13,8,Chelsea,Everton,2025,5,29,0.5407544549919079,1.2354161918433801
13,8,Tottenham,Everton,2025,5,29,0.028045715217186896,0.6904742649927667
13,8,Burnley,Watford,2025,5,29,1.6748233921420248,2.7694328665771635
13,8,Brentford,Watford,2025,5,29,1.9695357042194528,1.2068057429518786
13,8,West Ham,Watford,2025,5,29,2.7140689522179096,1.3326807744152545
13,8,United,Watford,2025,5,29,2.1424249951334104,1.0404768158172997
13,8,Newcastle,Watford,2025,5,29,3.2314196674037676,1.0820605279101212
13,8,City,Watford,2025,5,29,1.651006565865542,2.5474078756716985
13,8,Wolverhampton,Watford,2025,5,29,2.7327324613174815,2.801496291191122
13,8,Norwich,Watford,2025,5,29,3.372584459586242,1.605563565335746
13,8,Leeds,Watford,2025,5,29,2.6760900400083276,0.8021299354579698
13,8,Liverpool,Watford,2025,5,29,2.515058525877925,1.1782628298300524
13,8,Southampton,Watford,2025,5,29,2.4114990849964077,1.0539220054208225
13,8,Aston,Watford,2025,5,29,2.231509011811339,1.3848868937045162
13,8,Islington,Watford,2025,5,29,1.8905622588361606,0.8866088537729918
13,8,Chelsea,Watford,2025,5,29,1.9851334625558592,2.693644917782144
13,8,Tottenham,Watford,2025,5,29,1.7688845454783053,2.4350412384480755
13,8,Brentford,Burnley,2025,5,29,1.6720699784733255,1.2422412495323603
13,8,West Ham,Burnley,2025,5,29,1.9853598015112985,1.291293150344156
13,8,United,Burnley,2025,5,29,1.5648716659015034,1.5351906323901325
13,8,Newcastle,Burnley,2025,5,29,3.1203371279992758,1.1512675806417199
13,8,City,Burnley,2025,5,29,0.41998332372724384,3.409395488207592
13,8,Wolverhampton,Burnley,2025,5,29,1.7301593689389059,3.8310345825558416
13,8,Norwich,Burnley,2025,5,29,1.6276211566606684,1.8098175496418702
13,8,Leeds,Burnley,2025,5,29,0.8383421419725613,1.928802997605655
13,8,Liverpool,Burnley,2025,5,29,1.7693959719323866,1.926297475174677
13,8,Southampton,Burnley,2025,5,29,0.3921128019833098,0.6124255407001212
13,8,Aston,Burnley,2025,5,29,1.5378672425593325,1.2243793523361997
13,8,Islington,Burnley,2025,5,29,0.37449087250223906,1.0215228246495176
13,8,Chelsea,Burnley,2025,5,29,1.195701708127901,3.1763890964936383
13,8,Tottenham,Burnley,2025,5,29,0.2800213014034568,3.3153263978208627
13,8,West Ham,Brentford,2025,5,29,1.899982487572934,0.9862625550572336
13,8,United,Brentford,2025,5,29,0.9863255387129437,1.0767849634940396
13,8,Newcastle,Brentford,2025,5,29,1.8810404017723075,0.7381364968313338
13,8,City,Brentford,2025,5,29,1.1272572269298589,2.1758420257761446
13,8,Wolverhampton,Brentford,2025,5,29,1.002514992591873,2.408766259820569
13,8,Norwich,Brentford,2025,5,29,0.5019951506149812,0.5534166023744123
13,8,Leeds,Brentford,2025,5,29,1.4721729510438657,0.7638048138413375
13,8,Liverpool,Brentford,2025,5,29,1.2311469896143674,0.4313196030617306
13,8,Southampton,Brentford,2025,5,29,0.6321758151593744,0.21053921787431076
13,8,Aston,Brentford,2025,5,29,1.2161317792043624,1.0045108175102353
13,8,Islington,Brentford,2025,5,29,0.29737311186805965,0.7993503021135268
13,8,Chelsea,Brentford,2025,5,29,1.3022941308182885,2.762302916631562
13,8,Tottenham,Brentford,2025,5,29,0.22014889111250469,2.3540948482790593
13,8,United,West Ham,2025,5,29,1.8185614270719213,1.5525339317163473
13,8,Newcastle,West Ham,2025,5,29,3.4642173612174507,0.2611271767965641
13,8,City,West Ham,2025,5,29,1.5149411041821241,3.3886978906388094
13,8,Wolverhampton,West Ham,2025,5,29,1.4275672213007617,3.8056487437013984
13,8,Norwich,West Ham,2025,5,29,1.379163712984422,1.7839034251063033
13,8,Leeds,West Ham,2025,5,29,2.123571157910976,1.2338590266636178
13,8,Liverpool,West Ham,2025,5,29,1.9894992146508292,2.1937228197570446
13,8,Southampton,West Ham,2025,5,29,1.2756753441765762,0.7976086763763754
13,8,Aston,West Ham,2025,5,29,1.7019034876846513,1.218369317534258
13,8,Islington,West Ham,2025,5,29,0.7808276472560111,1.1698111640054079
13,8,Chelsea,West Ham,2025,5,29,1.8528118753539935,2.417817053432428
13,8,Tottenham,West Ham,2025,5,29,0.6535614269080349,2.528987439339962
13,8,Newcastle,United,2025,5,29,2.6621965144055437,0.3773417038986401
13,8,City,United,2025,5,29,1.3774941816856943,0.7243758262664035
13,8,Wolverhampton,United,2025,5,29,2.0757872143606275,0.7695904503217806
13,8,Norwich,United,2025,5,29,2.461431596139597,0.9358155660250078
13,8,Leeds,United,2025,5,29,1.9472866343247555,0.6363407711079152
13,8,Liverpool,United,2025,5,29,2.115547834159706,0.619756979528618
13,8,Southampton,United,2025,5,29,1.7446583463062753,0.8447728089918163
13,8,Aston,United,2025,5,29,1.911730435385108,0.5801646482609925
13,8,Islington,United,2025,5,29,1.533460246731479,0.8204496005085988
13,8,Chelsea,United,2025,5,29,1.7519572926185059,1.1193554508339134
13,8,Tottenham,United,2025,5,29,1.2188655498784147,0.34552643246566567
13,8,City,Newcastle,2025,5,29,1.4708607708436492,0.4232943091132644
13,8,Wolverhampton,Newcastle,2025,5,29,1.0870420388596194,0.7563704911561951
13,8,Norwich,Newcastle,2025,5,29,2.2043298709173436,0.1330287339862942
13,8,Leeds,Newcastle,2025,5,29,1.9715080990909812,0.6118749784760856
13,8,Liverpool,Newcastle,2025,5,29,1.9251232199953663,0.008643088177833954
13,8,Southampton,Newcastle,2025,5,29,1.8386476059874741,0.4187852914687035
13,8,Aston,Newcastle,2025,5,29,1.5362793149578122,0.3472971915577291
13,8,Islington,Newcastle,2025,5,29,1.4739483881865532,0.3983785948882519
13,8,Chelsea,Newcastle,2025,5,29,2.2553478620926075,1.711173760259228
13,8,Tottenham,Newcastle,2025,5,29,1.2908969371790913,0.7093456277321594
13,8,Wolverhampton,City,2025,5,29,0.5203330730578523,1.7138731789258903
13,8,Norwich,City,2025,5,29,0.6279722502534668,2.0243085063487127
13,8,Leeds,City,2025,5,29,1.1676933876131734,0.9206591609878283
13,8,Liverpool,City,2025,5,29,0.7949481954629621,1.5147260062106456
13,8,Southampton,City,2025,5,29,1.1432906349785097,1.5246960273850512
13,8,Aston,City,2025,5,29,0.7994603959391056,1.4993769911339914
13,8,Islington,City,2025,5,29,0.4573173108875552,1.0634820067334065
13,8,Chelsea,City,2025,5,29,0.7071156477242657,1.7451851972124086
13,8,Tottenham,City,2025,5,29,0.26938878342636985,1.7111902952383462
13,8,Norwich,Wolverhampton,2025,5,29,1.2590045502738547,0.21031783168026716
13,8,Leeds,Wolverhampton,2025,5,29,1.6242971699930544,0.8893718614964019
13,8,Liverpool,Wolverhampton,2025,5,29,1.8609681750869589,0.3221667854017395
13,8,Southampton,Wolverhampton,2025,5,29,1.383971045241723,0.8307136487072223
13,8,Aston,Wolverhampton,2025,5,29,1.5584912946384575,0.6309273588323749
13,8,Islington,Wolverhampton,2025,5,29,0.6976634429516722,0.5310929158590895
13,8,Chelsea,Wolverhampton,2025,5,29,1.3595686681689294,1.102903518493874
13,8,Tottenham,Wolverhampton,2025,5,29,0.1191029707673091,0.24587612169575038
13,8,Leeds,Norwich,2025,5,29,1.8600384530378002,0.9012527606012359
13,8,Liverpool,Norwich,2025,5,29,0.7537234870249444,-0.11102303225656056
13,8,Southampton,Norwich,2025,5,29,1.328114439220005,1.1971425868260064
13,8,Aston,Norwich,2025,5,29,0.40241099035745703,0.23989896426238108
13,8,Islington,Norwich,2025,5,29,0.5692289165709267,0.150453465690283
13,8,Chelsea,Norwich,2025,5,29,1.257116549661579,1.1367871759953534
13,8,Tottenham,Norwich,2025,5,29,0.45835451636839786,0.4339853854391409
13,8,Liverpool,Leeds,2025,5,29,0.4053550814902029,3.217623717742865
13,8,Southampton,Leeds,2025,5,29,0.4754333215750199,1.2535348034765645
13,8,Aston,Leeds,2025,5,29,0.46736364279293513,0.7794405900547047
13,8,Islington,Leeds,2025,5,29,0.17090345064365403,0.18199964074081693
13,8,Chelsea,Leeds,2025,5,29,0.7048352243326231,1.3413227380185526
13,8,Tottenham,Leeds,2025,5,29,0.2878590291201699,1.4222155865745285
13,8,Southampton,Liverpool,2025,5,29,1.9611976428304025,0.8413953671022942
13,8,Aston,Liverpool,2025,5,29,1.2523874021361032,1.0002997763791177
13,8,Islington,Liverpool,2025,5,29,1.4148338595881615,1.6208369684021895
13,8,Chelsea,Liverpool,2025,5,29,1.1147726025277043,2.2206980524072057
13,8,Tottenham,Liverpool,2025,5,29,0.6688146300675317,3.2991005455536784
13,8,Aston,Southampton,2025,5,29,0.9535632452962506,2.5002421407616997
13,8,Islington,Southampton,2025,5,29,0.5153149120205304,1.2631155838695087
13,8,Chelsea,Southampton,2025,5,29,0.6621200369672684,2.065030574114916
13,8,Tottenham,Southampton,2025,5,29,0.5165590066869575,2.826827151511703
13,8,Islington,Aston,2025,5,29,0.28582200749614467,1.1054473775646936
13,8,Chelsea,Aston,2025,5,29,1.000927533752362,0.9779896255862504
13,8,Tottenham,Aston,2025,5,29,0.4240125069734622,0.7073263283734732
13,8,Chelsea,Islington,2025,5,29,1.167375693406067,1.7910539110381134
13,8,Tottenham,Islington,2025,5,29,0.8521955392741565,1.6140501833333067
13,8,Tottenham,Chelsea,2025,5,29,0.3976600085083269,0.9082476572337865
13,11,Brighton,Leicester,2025,5,29,1.1170675274872017,1.8454026359750695
13,11,Palace,Leicester,2025,5,29,0.8554098700367618,0.9252644759395712
13,11,Everton,Leicester,2025,5,29,0.7137055229647888,0.6864534387747062
13,11,Watford,Leicester,2025,5,29,2.1262860376351016,0.5481419774126952
13,11,Burnley,Leicester,2025,5,29,1.178455074140554,0.9650357826932391
13,11,Brentford,Leicester,2025,5,29,0.48391538826272,0.6958501923504887
13,11,West Ham,Leicester,2025,5,29,2.365365932924458,0.7043293167046032
13,11,United,Leicester,2025,5,29,1.3287586838338923,0.8273884472611126
13,11,Newcastle,Leicester,2025,5,29,2.3809915252495863,0.7721078345803946
13,11,City,Leicester,2025,5,29,1.2304569469820477,0.38103696662558584
13,11,Wolverhampton,Leicester,2025,5,29,1.2461403138913147,0.14172948914722822
13,11,Norwich,Leicester,2025,5,29,1.4375384291353415,0.5609168174570415
13,11,Leeds,Leicester,2025,5,29,2.092824636091051,0.7409097695540146
13,11,Liverpool,Leicester,2025,5,29,1.2723256478965634,0.2031158341061414
13,11,Southampton,Leicester,2025,5,29,1.469275321220826,0.7148944699476989
13,11,Aston,Leicester,2025,5,29,1.036635661313938,0.8171904196365529
13,11,Islington,Leicester,2025,5,29,1.123613442169727,0.7014025302073273
13,11,Chelsea,Leicester,2025,5,29,0.9245056636173068,1.2302694041319358
13,11,Tottenham,Leicester,2025,5,29,0.6816204228169674,0.8360970938214509
13,11,Palace,Brighton,2025,5,29,0.3997898507225165,1.110049571792634
13,11,Everton,Brighton,2025,5,29,0.8451750044860078,1.4831482474228
13,11,Watford,Brighton,2025,5,29,0.30375202885362557,1.5739483627801687
13,11,Burnley,Brighton,2025,5,29,0.8830223223320985,3.216366531180414
13,11,Brentford,Brighton,2025,5,29,0.9383842263480661,1.356328975152975
13,11,West Ham,Brighton,2025,5,29,1.5392638321335215,1.9000510270829967
13,11,United,Brighton,2025,5,29,0.5674026401020813,1.7367704058123496
13,11,Newcastle,Brighton,2025,5,29,0.5321668067681902,1.975255517420703
13,11,City,Brighton,2025,5,29,1.2433327396206928,4.546509745609317
13,11,Wolverhampton,Brighton,2025,5,29,0.5572704665551842,4.069447459855019
13,11,Norwich,Brighton,2025,5,29,0.4637545092647905,3.3469319378866738
13,11,Leeds,Brighton,2025,5,29,1.2505473261937927,1.5468944920415029
13,11,Liverpool,Brighton,2025,5,29,0.6347919399079518,3.2708628857218853
13,11,Southampton,Brighton,2025,5,29,0.6731916162890504,1.8315307411808153
13,11,Aston,Brighton,2025,5,29,0.3522328400429362,3.15948699631736
13,11,Islington,Brighton,2025,5,29,0.37343995808844604,1.5089455591210763
13,11,Chelsea,Brighton,2025,5,29,1.014417882927081,2.906912773708699
13,11,Tottenham,Brighton,2025,5,29,0.39296036757097763,3.4241567816100384
13,11,Everton,Palace,2025,5,29,1.3240668635894708,1.1674065718944915
13,11,Watford,Palace,2025,5,29,2.2639805252209086,1.1418865992387703
13,11,Burnley,Palace,2025,5,29,1.3170506741956811,3.4997006309083374
13,11,Brentford,Palace,2025,5,29,1.938324582546417,0.9389952116176542
13,11,West Ham,Palace,2025,5,29,2.803076825467901,0.8594421952004547
13,11,United,Palace,2025,5,29,2.0053608756655974,1.3349259742754438
13,11,Newcastle,Palace,2025,5,29,3.3960292411248996,0.7313630631493601
13,11,City,Palace,2025,5,29,0.7007210043214067,2.946310689537553
13,11,Wolverhampton,Palace,2025,5,29,2.5919533866670426,3.063334243564311
13,11,Norwich,Palace,2025,5,29,3.7090078916788505,0.9637296868820342
13,11,Leeds,Palace,2025,5,29,1.9023384211384606,1.4419677508277948
13,11,Liverpool,Palace,2025,5,29,2.5636871340308183,1.675963560962774
13,11,Southampton,Palace,2025,5,29,1.5443930485374777,0.6960493425148339
13,11,Aston,Palace,2025,5,29,2.2800460016147044,1.1180169136074791
13,11,Islington,Palace,2025,5,29,0.8362677271724223,0.3199632944751605
13,11,Chelsea,Palace,2025,5,29,1.1835007918340779,2.5389927783830006
13,11,Tottenham,Palace,2025,5,29,0.7269184206685282,2.725374381361162
13,11,Watford,Everton,2025,5,29,0.22911425414669045,0.5193915854295738
13,11,Burnley,Everton,2025,5,29,0.5817776068995706,0.8849375230097466
13,11,Brentford,Everton,2025,5,29,0.08462098826368218,0.7309799051469209
13,11,West Ham,Everton,2025,5,29,0.760344106620856,0.8934509007434781
13,11,United,Everton,2025,5,29,0.4480430945752585,0.813778907472239
13,11,Newcastle,Everton,2025,5,29,0.8260301993643254,0.28237474054303446
13,11,City,Everton,2025,5,29,0.7678059059294887,0.6654969224851577
13,11,Wolverhampton,Everton,2025,5,29,0.8399917925033317,0.749337432006161
13,11,Norwich,Everton,2025,5,29,-0.14546541242024816,0.5248629518224066
13,11,Leeds,Everton,2025,5,29,0.7174993478959873,0.4268287770100666
13,11,Liverpool,Everton,2025,5,29,0.19446406148241047,0.11633794364619904
13,11,Southampton,Everton,2025,5,29,-0.055779805155589224,0.17516319875195785
13,11,Aston,Everton,2025,5,29,0.5478402813141453,0.5387578597472775
13,11,Islington,Everton,2025,5,29,-0.15128247693878635,0.5631864871626417
13,11,Chelsea,Everton,2025,5,29,0.3817431551681777,1.2391854880164213
13,11,Tottenham,Everton,2025,5,29,-0.11297769809845128,0.6934194861504334
13,11,Burnley,Watford,2025,5,29,1.6506349767781838,2.8556184476433923
13,11,Brentford,Watford,2025,5,29,1.9453472888556118,1.2162704388031165
13,11,West Ham,Watford,2025,5,29,2.6941087803445596,1.336672621647877
13,11,United,Watford,2025,5,29,2.155849957298353,1.0555099164325676
13,11,Newcastle,Watford,2025,5,29,3.2143425209635548,1.072695771923865
13,11,City,Watford,2025,5,29,1.6503570531350555,2.6201969990320335
13,11,Wolverhampton,Watford,2025,5,29,2.742145857452214,2.868717009787426
13,11,Norwich,Watford,2025,5,29,3.351160821689178,1.6075474253218713
13,11,Leeds,Watford,2025,5,29,2.6588946456017553,0.7981981736033135
13,11,Liverpool,Watford,2025,5,29,2.495561004260249,1.2324299826706067
13,11,Southampton,Watford,2025,5,29,2.3920015633787317,1.044210032357816
13,11,Aston,Watford,2025,5,29,2.236014836739624,1.3885713783474034
13,11,Islington,Watford,2025,5,29,1.8663738434723196,0.8845792839920447
13,11,Chelsea,Watford,2025,5,29,1.9656359409381838,2.7653246001923533
13,11,Tottenham,Watford,2025,5,29,1.7761551478733681,2.513953464966905
13,11,Brentford,Burnley,2025,5,29,1.6455751408876784,1.2807375937100791
13,11,West Ham,Burnley,2025,5,29,1.950084726421006,1.3338044717277948
13,11,United,Burnley,2025,5,29,1.5629817248495028,1.579255381331882
13,11,Newcastle,Burnley,2025,5,29,3.1009535593372566,1.1891078787372178
13,11,City,Burnley,2025,5,29,0.4082471512703056,3.501766112019559
13,11,Wolverhampton,Burnley,2025,5,29,1.723799506611724,3.900116091299991
13,11,Norwich,Burnley,2025,5,29,1.6011263190750213,1.8303232114985015
13,11,Leeds,Burnley,2025,5,29,0.8030670668822685,1.94360327816979
13,11,Liverpool,Burnley,2025,5,29,1.7388117905882596,1.9937842685050662
13,11,Southampton,Burnley,2025,5,29,0.3703088581438281,0.6380740146176541
13,11,Aston,Burnley,2025,5,29,1.5312864077611663,1.2652020070641559
13,11,Islington,Burnley,2025,5,29,0.3479960349165917,1.0233250695338691
13,11,Chelsea,Burnley,2025,5,29,1.1738977642884192,3.2863178531941735
13,11,Tottenham,Burnley,2025,5,29,0.2734404666052904,3.3879160755128894
13,11,West Ham,Brentford,2025,5,29,1.8670138347044476,1.0082139265404755
13,11,United,Brentford,2025,5,29,0.9820511261365837,1.095060158323101
13,11,Newcastle,Brentford,2025,5,29,1.851992694738676,0.7397731397407082
13,11,City,Brentford,2025,5,29,1.1129681850249364,2.252325987273312
13,11,Wolverhampton,Brentford,2025,5,29,0.9948529486185428,2.4759869784168727
13,11,Norwich,Brentford,2025,5,29,0.3686987185681849,0.5550532452837867
13,11,Leeds,Brentford,2025,5,29,1.4403224917066944,0.76693670418796
13,11,Liverpool,Brentford,2025,5,29,1.1027951560068974,0.49683537187466664
13,11,Southampton,Brentford,2025,5,29,0.5174635107263402,0.21587069892051838
13,11,Aston,Brentford,2025,5,29,1.2118573666280024,1.019543918125504
13,11,Islington,Brentford,2025,5,29,0.15809919462015729,0.7973207323325796
13,11,Chelsea,Brentford,2025,5,29,1.1630202135703862,2.836877476178813
13,11,Tottenham,Brentford,2025,5,29,0.1019071701833988,2.439617983076127
13,11,United,West Ham,2025,5,29,1.8189779082417268,1.584414586599633
13,11,Newcastle,West Ham,2025,5,29,3.455022028965951,0.2817625093382262
13,11,City,West Ham,2025,5,29,1.5055113539469922,3.4393134432550188
13,11,Wolverhampton,West Ham,2025,5,29,1.4199051773274316,3.8747302524455476
13,11,Norwich,West Ham,2025,5,29,1.2458672809376259,1.75414383915994
13,11,Leeds,West Ham,2025,5,29,2.10202288793998,1.2616793006994733
13,11,Liverpool,West Ham,2025,5,29,1.8706975664593153,2.25923858856998
13,11,Southampton,West Ham,2025,5,29,1.1759561228558841,0.7762222905087844
13,11,Aston,West Ham,2025,5,29,1.6976290751082912,1.2502499724175438
13,11,Islington,West Ham,2025,5,29,0.6567152110440762,1.198025606198372
13,11,Chelsea,West Ham,2025,5,29,1.7230881435220486,2.4891495187658865
13,11,Tottenham,West Ham,2025,5,29,0.5401789976487199,2.5997328123651884
13,11,Newcastle,United,2025,5,29,2.6426989927878677,0.3411874029419929
13,11,City,United,2025,5,29,1.3768446689552079,0.709804131508756
13,11,Wolverhampton,United,2025,5,29,2.0811336513824346,0.7656586884671243
13,11,Norwich,United,2025,5,29,2.4383613743070707,0.9129809055581953
13,11,Leeds,United,2025,5,29,1.9336942577248697,0.6243767144382222
13,11,Liverpool,United,2025,5,29,2.09605031254203,0.6047426764356647
13,11,Southampton,United,2025,5,29,1.7251608246885999,0.810311922915634
13,11,Aston,United,2025,5,29,1.9162362603133933,0.5592967065997465
13,11,Islington,United,2025,5,29,1.509271831367638,0.8089899463656224
13,11,Chelsea,United,2025,5,29,1.7324597710008305,1.1227775299302036
13,11,Tottenham,United,2025,5,29,1.2244895683380153,0.3484716536233326
13,11,City,Newcastle,2025,5,29,1.4753665957719346,0.4171456583786027
13,11,Wolverhampton,Newcastle,2025,5,29,1.091270282350111,0.7616229493010159
13,11,Norwich,Newcastle,2025,5,29,2.2088356958456288,0.11699331010176528
13,11,Leeds,Newcastle,2025,5,29,1.9905443568759364,0.6090951418058698
13,11,Liverpool,Newcastle,2025,5,29,1.9343199386698173,0.00756619866564865
13,11,Southampton,Newcastle,2025,5,29,1.858146514028101,0.38966610486417713
13,11,Aston,Newcastle,2025,5,29,1.5407851398860977,0.3273361821040962
13,11,Islington,Newcastle,2025,5,29,1.4887564024810145,0.3972492124689655
13,11,Chelsea,Newcastle,2025,5,29,2.2645445807670583,1.7272443526734123
13,11,Tottenham,Newcastle,2025,5,29,1.2954027621073767,0.7212089941552187
13,11,Wolverhampton,City,2025,5,29,0.5273260940151214,1.7810938975221944
13,11,Norwich,City,2025,5,29,0.5868462912113263,2.0248440917356167
13,11,Leeds,City,2025,5,29,1.15574759494875,0.979755569633686
13,11,Liverpool,City,2025,5,29,0.7659004884293303,1.5708641835686532
13,11,Southampton,City,2025,5,29,1.1191022196146683,1.5132581700858345
13,11,Aston,City,2025,5,29,0.8039662208673911,1.5663347865586366
13,11,Islington,City,2025,5,29,0.40856728270884624,1.126451631970427
13,11,Chelsea,City,2025,5,29,0.6583656195455568,1.8201069738364102
13,11,Tottenham,City,2025,5,29,0.2520977730065648,1.7953156404884218
13,11,Norwich,Wolverhampton,2025,5,29,1.2128073915431306,0.17389022679851793
13,11,Leeds,Wolverhampton,2025,5,29,1.599324284268938,0.86241707086478
13,11,Liverpool,Wolverhampton,2025,5,29,1.8255247020730414,0.3051814577913333
13,11,Southampton,Wolverhampton,2025,5,29,1.372469290768418,0.7962527626310406
13,11,Aston,Wolverhampton,2025,5,29,1.5519104598402913,0.5964664727561927
13,11,Islington,Wolverhampton,2025,5,29,0.6569091819173333,0.5060403173011764
13,11,Chelsea,Wolverhampton,2025,5,29,1.3132031115145801,1.1030835033763715
13,11,Tottenham,Wolverhampton,2025,5,29,0.08796052315427487,0.24023941005772562
13,11,Leeds,Norwich,2025,5,29,1.8648780011371255,0.8987989480034074
13,11,Liverpool,Norwich,2025,5,29,0.7176866863113682,-0.11209992176874593
13,11,Southampton,Norwich,2025,5,29,1.316019357047041,1.1717182383583133
13,11,Aston,Norwich,2025,5,29,0.39583015555929074,0.2199379548087482
13,11,Islington,Norwich,2025,5,29,0.5278813278369289,0.14932408327099667
13,11,Chelsea,Norwich,2025,5,29,1.210157665307571,1.1486505283570942
13,11,Tottenham,Norwich,2025,5,29,0.39904269429489375,0.44082946948550666
13,11,Liverpool,Leeds,2025,5,29,0.2660461028115491,3.2990479246540216
13,11,Southampton,Leeds,2025,5,29,0.3361243428963661,1.2791042544927107
13,11,Aston,Leeds,2025,5,29,0.4718694677212206,0.8292054225037024
13,11,Islington,Leeds,2025,5,29,0.007201257073757475,0.2038932870984962
13,11,Chelsea,Leeds,2025,5,29,0.5458239245088935,1.4623083821354361
13,11,Tottenham,Leeds,2025,5,29,0.1539692693737147,1.5036398075470032
13,11,Southampton,Liverpool,2025,5,29,1.8563792688817662,0.86696481811844
13,11,Aston,Liverpool,2025,5,29,1.2436071646314577,1.1070772119048558
13,11,Islington,Liverpool,2025,5,29,1.285622270748282,1.6863467601307154
13,11,Chelsea,Liverpool,2025,5,29,0.9799497180678136,2.3429281053488844
13,11,Tottenham,Liverpool,2025,5,29,0.5216388078881463,3.3993446647988903
13,11,Aston,Southampton,2025,5,29,0.9492888327198906,2.557303900525071
13,11,Islington,Southampton,2025,5,29,0.3670702454755819,1.314463289209046
13,11,Chelsea,Southampton,2025,5,29,0.5082640748023102,2.1373955789987225
13,11,Tottenham,Southampton,2025,5,29,0.37553559337132014,2.9109524967617784
13,11,Islington,Aston,2025,5,29,0.12525628940082742,1.1170107521986827
13,11,Chelsea,Aston,2025,5,29,0.8300596262908687,0.9814117046825406
13,11,Tottenham,Aston,2025,5,29,0.2758233797662274,0.7236680072370341
13,11,Chelsea,Islington,2025,5,29,1.1635974049696236,1.8728253350260207
13,11,Tottenham,Islington,2025,5,29,0.8594661416692194,1.6956847261413797
13,11,Tottenham,Chelsea,2025,5,29,0.39776489701179296,0.9045819701132147
13,14,Brighton,Leicester,2025,5,29,0.9524945550485077,1.7728285658746812
13,14,Palace,Leicester,2025,5,29,0.7022476597456482,0.6737396490247702
13,14,Everton,Leicester,2025,5,29,0.583786420227342,0.6330569748092171
13,14,Watford,Leicester,2025,5,29,2.07047593010878,0.17178409748476006
13,14,Burnley,Leicester,2025,5,29,1.0099842600871092,0.7454196399871033
13,14,Brentford,Leicester,2025,5,29,0.35796632715674137,0.3036387648966203
13,14,West Ham,Leicester,2025,5,29,2.280742863187713,0.45941142866142426
13,14,United,Leicester,2025,5,29,1.2015622053170427,0.7687000163139017
13,14,Newcastle,Leicester,2025,5,29,2.2971916607049003,0.763414449324627
13,14,City,Leicester,2025,5,29,1.1100216874521889,0.2938058179311921
13,14,Wolverhampton,Leicester,2025,5,29,1.1189438353744658,-0.05783687789934766
13,14,Norwich,Leicester,2025,5,29,1.2635183046092207,0.3090952423296416
13,14,Leeds,Leicester,2025,5,29,2.0082015663543067,0.46463919788227875
13,14,Liverpool,Leicester,2025,5,29,1.0916495486385371,-0.06837521718414097
13,14,Southampton,Leicester,2025,5,29,1.317376675276665,0.572839590152073
13,14,Aston,Leicester,2025,5,29,0.9354940118903547,0.7506044077737237
13,14,Islington,Leicester,2025,5,29,0.997664381063748,0.4786801110217809
13,14,Chelsea,Leicester,2025,5,29,0.7919006277794225,1.1569454068059122
13,14,Tottenham,Leicester,2025,5,29,0.4583709147788372,0.6776448855613267
13,14,Palace,Brighton,2025,5,29,0.37219702632124346,1.094533091761543
13,14,Everton,Brighton,2025,5,29,0.7657017426082176,1.765791435441708
13,14,Watford,Brighton,2025,5,29,0.3437163064260436,1.5500611530618018
13,14,Burnley,Brighton,2025,5,29,0.7811223282349676,3.5452225251508502
13,14,Brentford,Brighton,2025,5,29,0.8384618995913664,1.3454152440096645
13,14,West Ham,Brighton,2025,5,29,1.480229032368846,1.899741648805369
13,14,United,Brighton,2025,5,29,0.46099574986730896,1.7585456829656503
13,14,Newcastle,Brighton,2025,5,29,0.4516840220289332,2.007186565303771
13,14,City,Brighton,2025,5,29,1.2051323036084063,4.851794661889501
13,14,Wolverhampton,Brighton,2025,5,29,0.505018836792789,4.36521958886152
13,14,Norwich,Brighton,2025,5,29,0.3542483121160666,3.3643813924315182
13,14,Leeds,Brighton,2025,5,29,1.1598405501362732,1.5353314394431523
13,14,Liverpool,Brighton,2025,5,29,0.5230682161356903,3.5764022667897852
13,14,Southampton,Brighton,2025,5,29,0.5950037525142924,1.8171770005260173
13,14,Aston,Brighton,2025,5,29,0.30686967843676755,3.1980341180687444
13,14,Islington,Brighton,2025,5,29,0.28342150249298315,1.5022925449086322
13,14,Chelsea,Brighton,2025,5,29,0.9134456056799416,3.197698123504876
13,14,Tottenham,Brighton,2025,5,29,0.34322416409552564,3.75878541064555
13,14,Everton,Palace,2025,5,29,0.924712542169696,1.412128856456945
13,14,Watford,Palace,2025,5,29,1.9267401334735372,1.0894944984951795
13,14,Burnley,Palace,2025,5,29,0.37286739557046483,3.84341322807749
13,14,Brentford,Palace,2025,5,29,1.3017926290737418,0.9028291880476866
13,14,West Ham,Palace,2025,5,29,2.17209457227952,0.8314354402769133
13,14,United,Palace,2025,5,29,1.3844335682587972,1.3760136449508278
13,14,Newcastle,Palace,2025,5,29,2.6249543966034996,0.762625098472301
13,14,City,Palace,2025,5,29,0.48686008077532605,3.247853958197323
13,14,Wolverhampton,Palace,2025,5,29,1.8550209191531057,3.367019822623246
13,14,Norwich,Palace,2025,5,29,2.7891162248792796,0.9720559946320729
13,14,Leeds,Palace,2025,5,29,1.3711978233564142,1.443383231810646
13,14,Liverpool,Palace,2025,5,29,1.7281259333882149,1.9891692187933596
13,14,Southampton,Palace,2025,5,29,1.200736498989058,0.6783827396329661
13,14,Aston,Palace,2025,5,29,1.5475908555674167,1.1547990935971046
13,14,Islington,Palace,2025,5,29,0.7852926957101455,0.30725976852820186
13,14,Chelsea,Palace,2025,5,29,0.874876142492277,2.841742604129657
13,14,Tottenham,Palace,2025,5,29,0.5369387629754514,3.081627072444883
13,14,Watford,Everton,2025,5,29,0.26374033539393693,0.2428882505262224
13,14,Burnley,Everton,2025,5,29,0.5259321936607849,0.7421262107340136
13,14,Brentford,Everton,2025,5,29,-0.08057076549145845,0.4367498026754959
13,14,West Ham,Everton,2025,5,29,0.7740356489921403,0.6606686856785875
13,14,United,Everton,2025,5,29,0.37302177921587054,0.7636761437521459
13,14,Newcastle,Everton,2025,5,29,0.7878087782966663,0.27844150372661736
13,14,City,Everton,2025,5,29,0.7913486432275912,0.5904014467690526
13,14,Wolverhampton,Everton,2025,5,29,0.8668718473309829,0.6310327654828448
13,14,Norwich,Everton,2025,5,29,-0.29561093189946336,0.29351591406730826
13,14,Leeds,Everton,2025,5,29,0.6941824194127543,0.1979107456048761
13,14,Liverpool,Everton,2025,5,29,0.05143352680094547,-0.11738559623658375
13,14,Southampton,Everton,2025,5,29,-0.1780900287453608,0.03306219599741329
13,14,Aston,Everton,2025,5,29,0.5164225415542346,0.48010819365652607
13,14,Islington,Everton,2025,5,29,-0.3139052697320262,0.3401715241591523
13,14,Chelsea,Everton,2025,5,29,0.25831335767916314,1.2071602436428255
13,14,Tottenham,Everton,2025,5,29,-0.1750661789859875,0.5977107299978974
13,14,Burnley,Watford,2025,5,29,0.9151352946794478,3.150210005428624
13,14,Brentford,Watford,2025,5,29,1.3947625051763266,0.9638012528792084
13,14,West Ham,Watford,2025,5,29,2.180594733202844,1.1686970056687294
13,14,United,Watford,2025,5,29,1.6661905353084128,1.0817402532418992
13,14,Newcastle,Watford,2025,5,29,2.5473240317563652,1.1261748480273583
13,14,City,Watford,2025,5,29,1.4941717232582268,2.9053981979048635
13,14,Wolverhampton,Watford,2025,5,29,2.2071147083043097,3.12871681039305
13,14,Norwich,Watford,2025,5,29,2.5478694566627347,1.4443106651565365
13,14,Leeds,Watford,2025,5,29,2.187990628249531,0.6060029582529609
13,14,Liverpool,Watford,2025,5,29,1.76559785208135,1.3888401489251965
13,14,Southampton,Watford,2025,5,29,2.06426971320166,0.9181209382794172
13,14,Aston,Watford,2025,5,29,1.6990687527935386,1.430087180637064
13,14,Islington,Watford,2025,5,29,1.7629118932264816,0.7146618407183788
13,14,Chelsea,Watford,2025,5,29,1.6462399502983232,3.0369092004968428
13,14,Tottenham,Watford,2025,5,29,1.604483283573833,2.816769893128577
13,14,Brentford,Burnley,2025,5,29,1.3179498817296986,1.0460590546950592
13,14,West Ham,Burnley,2025,5,29,1.6726718723164005,1.306210836476048
13,14,United,Burnley,2025,5,29,1.2614595616816142,1.578688460167608
13,14,Newcastle,Burnley,2025,5,29,2.7127002673518175,1.1967465448886578
13,14,City,Burnley,2025,5,29,0.3035897357495898,3.807051028299745
13,14,Wolverhampton,Burnley,2025,5,29,1.288187702492446,4.031042189219547
13,14,Norwich,Burnley,2025,5,29,0.9978351797442213,1.8044704201522233
13,14,Leeds,Burnley,2025,5,29,0.5489102575256961,1.939988313142074
13,14,Liverpool,Burnley,2025,5,29,1.2449498314464713,2.1708931376596885
13,14,Southampton,Burnley,2025,5,29,0.29649588135027244,0.636849214950447
13,14,Aston,Burnley,2025,5,29,1.134960735340991,1.265374406228612
13,14,Islington,Burnley,2025,5,29,0.25917483551491494,1.0054203226166587
13,14,Chelsea,Burnley,2025,5,29,0.9170987245593244,3.4711784660610525
13,14,Tottenham,Burnley,2025,5,29,0.12341413070949944,3.547742505895269
13,14,West Ham,Brentford,2025,5,29,1.7289920644281638,0.8162927783930335
13,14,United,Brentford,2025,5,29,0.8791124894245017,1.0871974907150883
13,14,Newcastle,Brentford,2025,5,29,1.5853712578705355,0.7486244846599919
13,14,City,Brentford,2025,5,29,1.040153862020395,2.5181099405030385
13,14,Wolverhampton,Brentford,2025,5,29,0.8393691348508813,2.75342602931945
13,14,Norwich,Brentford,2025,5,29,0.019442876005939223,0.373452253465047
13,14,Leeds,Brentford,2025,5,29,1.2957670584091228,0.5995805782714146
13,14,Liverpool,Brentford,2025,5,29,0.7664272045480802,0.6705027432193814
13,14,Southampton,Brentford,2025,5,29,0.33505599383233037,0.0670877530260478
13,14,Aston,Brentford,2025,5,29,1.0105455071965268,1.0076302246194473
13,14,Islington,Brentford,2025,5,29,-0.006715724478611866,0.6435141770551321
13,14,Chelsea,Brentford,2025,5,29,0.8142149269806744,3.1430893544604346
13,14,Tottenham,Brentford,2025,5,29,-0.04976727739794908,2.7229108315006654
13,14,United,West Ham,2025,5,29,1.5568159447318217,1.5813942712493108
13,14,Newcastle,West Ham,2025,5,29,3.1444043265561,0.2805900011522714
13,14,City,West Ham,2025,5,29,1.2756579568069484,3.72918326939798
13,14,Wolverhampton,West Ham,2025,5,29,1.1583268711769574,4.109346816307023
13,14,Norwich,West Ham,2025,5,29,0.875541062973128,1.7439055739529234
13,14,Leeds,West Ham,2025,5,29,1.7907156073529122,1.251421339165515
13,14,Liverpool,West Ham,2025,5,29,1.5638500546358742,2.515048673719912
13,14,Southampton,West Ham,2025,5,29,0.9467504153106805,0.7585556876269167
13,14,Aston,West Ham,2025,5,29,1.4563052968134784,1.2429241663814627
13,14,Islington,West Ham,2025,5,29,0.5383998202711676,1.2108654933200644
13,14,Chelsea,West Ham,2025,5,29,1.4760146013319857,2.72283032931508
13,14,Tottenham,West Ham,2025,5,29,0.3517392428273359,2.8661553872593597
13,14,Newcastle,United,2025,5,29,2.097102924882639,0.3438619528982745
13,14,City,United,2025,5,29,1.2278928636991155,0.7228931270691304
13,14,Wolverhampton,United,2025,5,29,1.6138044538714822,0.7694138282788133
13,14,Norwich,United,2025,5,29,1.7917789951072862,0.90386045977289
13,14,Leeds,United,2025,5,29,1.6108892735403777,0.5430713656717835
13,14,Liverpool,United,2025,5,29,1.4688247254969828,0.6406613798790559
13,14,Southampton,United,2025,5,29,1.5455280076792615,0.7811964153300932
13,14,Aston,United,2025,5,29,1.4682897211191464,0.5479905044953288
13,14,Islington,United,2025,5,29,1.4156425411613731,0.8370322961543877
13,14,Chelsea,United,2025,5,29,1.427047611917751,1.1289564207434217
13,14,Tottenham,United,2025,5,29,1.0652631010248284,0.3580805909569831
13,14,City,Newcastle,2025,5,29,1.2730256625340794,0.39620942234818396
13,14,Wolverhampton,Newcastle,2025,5,29,0.5107403373365371,0.6486816594684551
13,14,Norwich,Newcastle,2025,5,29,1.5224807337995303,-0.07258437825970257
13,14,Leeds,Newcastle,2025,5,29,1.6617243826816466,0.36886757515935104
13,14,Liverpool,Newcastle,2025,5,29,1.307449858679783,-0.20001263677463768
13,14,Southampton,Newcastle,2025,5,29,1.7188556261432348,0.23826945957760054
13,14,Aston,Newcastle,2025,5,29,1.0216119477175436,0.30332596740301593
13,14,Islington,Newcastle,2025,5,29,1.447761967227269,0.21345497826234283
13,14,Chelsea,Newcastle,2025,5,29,1.97861670348558,1.7178963887992371
13,14,Tottenham,Newcastle,2025,5,29,1.1262878838510475,0.6164924324666903
13,14,Wolverhampton,City,2025,5,29,0.5412506663380323,1.9840865271023018
13,14,Norwich,City,2025,5,29,0.5669119196386142,2.0212520015057573
13,14,Leeds,City,2025,5,29,1.1424433544305714,0.9728578926537379
13,14,Liverpool,City,2025,5,29,0.7350623376809321,1.7973265455372691
13,14,Southampton,City,2025,5,29,1.1057156552917726,1.500427988877073
13,14,Aston,City,2025,5,29,0.814362961056778,1.559905923221675
13,14,Islington,City,2025,5,29,0.41541702611778103,1.1246787493729014
13,14,Chelsea,City,2025,5,29,0.6686915827391439,2.0770341183638394
13,14,Tottenham,City,2025,5,29,0.31507880024948187,2.027208602531352
13,14,Norwich,Wolverhampton,2025,5,29,0.7890634201455434,0.008300776070024064
13,14,Leeds,Wolverhampton,2025,5,29,1.342898592244906,0.6686099893181866
13,14,Liverpool,Wolverhampton,2025,5,29,1.451323287082172,0.20210118225237853
13,14,Southampton,Wolverhampton,2025,5,29,1.1819677304075171,0.7671372550454998
13,14,Aston,Wolverhampton,2025,5,29,1.2106760701037556,0.4909920472153919
13,14,Islington,Wolverhampton,2025,5,29,0.5532502096875015,0.4155347946104487
13,14,Chelsea,Wolverhampton,2025,5,29,1.0397956911280806,1.0550829599577667
13,14,Tottenham,Wolverhampton,2025,5,29,-0.08966232547198268,0.06378871468666025
13,14,Leeds,Norwich,2025,5,29,1.6091498531362973,0.7775833012292772
13,14,Liverpool,Norwich,2025,5,29,0.38500668572788527,-0.22578454559803182
13,14,Southampton,Norwich,2025,5,29,1.031444245599713,1.1615017565416583
13,14,Aston,Norwich,2025,5,29,0.1273493580897812,0.1606239197154881
13,14,Islington,Norwich,2025,5,29,0.36478346557673125,0.08643543893168674
13,14,Chelsea,Norwich,2025,5,29,0.9780960055329994,1.0863669966056981
13,14,Tottenham,Norwich,2025,5,29,0.19887099647960207,0.3055937881440169
13,14,Liverpool,Leeds,2025,5,29,-0.08943450640564606,3.6065224590005993
13,14,Southampton,Leeds,2025,5,29,0.03479380356188051,1.2704293337602912
13,14,Aston,Leeds,2025,5,29,0.2723134093757922,0.8111995069734641
13,14,Islington,Leeds,2025,5,29,-0.2189806281274702,0.176770233864576
13,14,Chelsea,Leeds,2025,5,29,0.2902951046089847,1.7419479053866074
13,14,Tottenham,Leeds,2025,5,29,-0.07646468933551578,1.802695451538817
13,14,Southampton,Liverpool,2025,5,29,1.7319758748317824,0.8501477356087513
13,14,Aston,Liverpool,2025,5,29,1.0894989308157297,1.13395089113943
13,14,Islington,Liverpool,2025,5,29,1.177251109160327,1.6958046339144894
13,14,Chelsea,Liverpool,2025,5,29,0.8638726312575137,2.2470910279286316
13,14,Tottenham,Liverpool,2025,5,29,0.2979145759704343,3.387202143648184
13,14,Aston,Southampton,2025,5,29,0.8357932580438551,2.5883331365547075
13,14,Islington,Southampton,2025,5,29,0.23851768861913217,1.3239211629928203
13,14,Chelsea,Southampton,2025,5,29,0.3070275027461559,2.4347324508498414
13,14,Tottenham,Southampton,2025,5,29,0.19325483692948314,3.240723912121794
13,14,Islington,Aston,2025,5,29,-0.15942195860934735,1.0446960404929797
13,14,Chelsea,Aston,2025,5,29,0.5543656485396387,0.897274286727559
13,14,Tottenham,Aston,2025,5,29,0.005121580200774294,0.5179252432284532
13,14,Chelsea,Islington,2025,5,29,1.066208131203153,2.0611001964615885
13,14,Tottenham,Islington,2025,5,29,0.6924422873902135,1.774109575161844
13,14,Tottenham,Chelsea,2025,5,29,0.2185117358508652,0.8961200221600988
13,17,Brighton,Leicester,2025,5,29,0.9983598485898028,1.776858893264812
13,17,Palace,Leicester,2025,5,29,0.8000330371990042,0.7054260571953693
13,17,Everton,Leicester,2025,5,29,0.6440793294063897,0.6530482027770521
13,17,Watford,Leicester,2025,5,29,2.1260906305613974,0.1408831966029819
13,17,Burnley,Leicester,2025,5,29,1.0664429393657786,0.688200649958701
13,17,Brentford,Leicester,2025,5,29,0.45188926808615626,0.3131440968180213
13,17,West Ham,Leicester,2025,5,29,2.266244912763021,0.4832119421325308
13,17,United,Leicester,2025,5,29,1.2655892837494205,0.7811798888985988
13,17,Newcastle,Leicester,2025,5,29,2.3260670139647677,0.8466065525563262
13,17,City,Leicester,2025,5,29,1.1231070630462987,0.23959033145673386
13,17,Wolverhampton,Leicester,2025,5,29,1.2167292128278215,-0.1394376827016305
13,17,Norwich,Leicester,2025,5,29,1.3002098662011625,0.3058906039863146
13,17,Leeds,Leicester,2025,5,29,2.0214194568576827,0.4550650241927947
13,17,Liverpool,Leicester,2025,5,29,1.1529250865300311,-0.04193856554865905
13,17,Southampton,Leicester,2025,5,29,1.3411597448938506,0.5618074894977836
13,17,Aston,Leicester,2025,5,29,1.0332793893437118,0.7670688520325033
13,17,Islington,Leicester,2025,5,29,1.080615189128875,0.5618722142534801
13,17,Chelsea,Leicester,2025,5,29,0.8569834739459822,1.1606864370491279
13,17,Tottenham,Leicester,2025,5,29,0.5127829885476337,0.6164650578826805
13,17,Palace,Brighton,2025,5,29,0.44921268111157003,1.0801266731656212
13,17,Everton,Brighton,2025,5,29,0.8822645563763905,1.7451037829342182
13,17,Watford,Brighton,2025,5,29,0.3681015845919232,1.5229091762733808
13,17,Burnley,Brighton,2025,5,29,0.8606576640618159,3.329526863263102
13,17,Brentford,Brighton,2025,5,29,0.9208858250798106,1.3030861865693244
13,17,West Ham,Brighton,2025,5,29,1.5355734409969093,1.903148318836105
13,17,United,Brighton,2025,5,29,0.58770636658319,1.719848575769265
13,17,Newcastle,Brighton,2025,5,29,0.5216978523805651,2.0270083177669194
13,17,City,Brighton,2025,5,29,1.232594503688452,4.622836602267291
13,17,Wolverhampton,Brighton,2025,5,29,0.5739329420887385,4.228433647981685
13,17,Norwich,Brighton,2025,5,29,0.42270988023455663,3.3489186415235404
13,17,Leeds,Brighton,2025,5,29,1.2429007996924033,1.4907455392719415
13,17,Liverpool,Brighton,2025,5,29,0.6428381282686122,3.582261117514262
13,17,Southampton,Brighton,2025,5,29,0.6912068952858474,1.7897220279019486
13,17,Aston,Brighton,2025,5,29,0.42728816488274735,3.1582700464493088
13,17,Islington,Brighton,2025,5,29,0.34888740648466476,1.522114297371781
13,17,Chelsea,Brighton,2025,5,29,0.9893892659969054,2.980642372798543
13,17,Tottenham,Brighton,2025,5,29,0.3785593880784209,3.64459877291595
13,17,Everton,Palace,2025,5,29,0.9419252442459675,1.4170545879780965
13,17,Watford,Palace,2025,5,29,1.9643531716939244,1.0665207924967068
13,17,Burnley,Palace,2025,5,29,0.458783110515177,3.663481836173442
13,17,Brentford,Palace,2025,5,29,1.3688479859210978,0.9125957352717532
13,17,West Ham,Palace,2025,5,29,2.1587740037594885,0.8595237304397518
13,17,United,Palace,2025,5,29,1.430931915231257,1.383656231383862
13,17,Newcastle,Palace,2025,5,29,2.643149727392217,0.8369807681026548
13,17,City,Palace,2025,5,29,0.4736304516090315,3.0709260698472187
13,17,Wolverhampton,Palace,2025,5,29,1.9229110190829939,3.2579346894649834
13,17,Norwich,Palace,2025,5,29,2.778462640880332,0.9715307491133527
13,17,Leeds,Palace,2025,5,29,1.4018057187851671,1.4417362530044675
13,17,Liverpool,Palace,2025,5,29,1.746321264176933,2.008609428642099
13,17,Southampton,Palace,2025,5,29,1.193296765879278,0.6618080576111379
13,17,Aston,Palace,2025,5,29,1.6284960758739122,1.1664262517042217
13,17,Islington,Palace,2025,5,29,0.8477987981454244,0.3789360453339489
13,17,Chelsea,Palace,2025,5,29,0.8875497660488284,2.6519648901299417
13,17,Tottenham,Palace,2025,5,29,0.543784193353815,2.9827093354878476
13,17,Watford,Everton,2025,5,29,0.3450065616158024,0.2212617130922089
13,17,Burnley,Everton,2025,5,29,0.6492761894529977,0.6849072207056115
13,17,Brentford,Everton,2025,5,29,0.029596356434010044,0.4478635184640216
13,17,West Ham,Everton,2025,5,29,0.8083074595993084,0.6704789021371603
13,17,United,Everton,2025,5,29,0.46866557455471286,0.7499920029928863
13,17,Newcastle,Everton,2025,5,29,0.9139522068619563,0.3195780554856746
13,17,City,Everton,2025,5,29,0.7933196403766324,0.5317175122291102
13,17,Wolverhampton,Everton,2025,5,29,1.0011147992168814,0.5602166275369703
13,17,Norwich,Everton,2025,5,29,-0.2810018797490532,0.27471259484432237
13,17,Leeds,Everton,2025,5,29,0.7300003138673006,0.1762842081708626
13,17,Liverpool,Everton,2025,5,29,0.19894663537089222,-0.10538482221893646
13,17,Southampton,Everton,2025,5,29,-0.09163615781108973,0.024220365565307555
13,17,Aston,Everton,2025,5,29,0.6756147290642098,0.49173535176364325
13,17,Islington,Everton,2025,5,29,-0.19816857855085576,0.3813080759182096
13,17,Chelsea,Everton,2025,5,29,0.29517237683689107,1.212509657753166
13,17,Tottenham,Everton,2025,5,29,-0.1566748630836002,0.5458052657670157
13,17,Burnley,Watford,2025,5,29,0.9862097769037695,3.0097559708412396
13,17,Brentford,Watford,2025,5,29,1.462063344002852,0.953200042974041
13,17,West Ham,Watford,2025,5,29,2.1617717845845617,1.178507222127302
13,17,United,Watford,2025,5,29,1.7108523728670761,1.0528431256185864
13,17,Newcastle,Watford,2025,5,29,2.5767953491512228,1.1731403059279042
13,17,City,Watford,2025,5,29,1.4949552018502397,2.734946585087776
13,17,Wolverhampton,Watford,2025,5,29,2.282261669463371,2.9912141869932416
13,17,Norwich,Watford,2025,5,29,2.541234998040753,1.4255073459335503
13,17,Leeds,Watford,2025,5,29,2.214642227427411,0.5703334478332162
13,17,Liverpool,Watford,2025,5,29,1.7840386648492377,1.401412471641991
13,17,Southampton,Watford,2025,5,29,2.0475539565958316,0.9132493657644278
13,17,Aston,Watford,2025,5,29,1.781911107084034,1.4194116749893684
13,17,Islington,Watford,2025,5,29,1.8225078793067113,0.7616272986189244
13,17,Chelsea,Watford,2025,5,29,1.6591590558340448,2.8960583377435394
13,17,Tottenham,Watford,2025,5,29,1.6288250395418826,2.715958426128482
13,17,Brentford,Burnley,2025,5,29,1.3845156710084765,1.0488624601028278
13,17,West Ham,Burnley,2025,5,29,1.6818502448790464,1.3123362915022576
13,17,United,Burnley,2025,5,29,1.2645996466004228,1.6095164898023837
13,17,Newcastle,Burnley,2025,5,29,2.7902965612575663,1.2713080769584988
13,17,City,Burnley,2025,5,29,0.28353824330245,3.607660004771361
13,17,Wolverhampton,Burnley,2025,5,29,1.3309885866222502,3.83376114461812
13,17,Norwich,Burnley,2025,5,29,0.9830989543053013,1.8066485151487917
13,17,Leeds,Burnley,2025,5,29,0.5132682739833944,1.9524223032610737
13,17,Liverpool,Burnley,2025,5,29,1.270468908018098,2.1175143781669075
13,17,Southampton,Burnley,2025,5,29,0.3350907078299578,0.652257011305012
13,17,Aston,Burnley,2025,5,29,1.1721588908526464,1.2699633973317341
13,17,Islington,Burnley,2025,5,29,0.28523223542713766,1.0799818546864985
13,17,Chelsea,Burnley,2025,5,29,0.8590385926917931,3.2750365978043674
13,17,Tottenham,Burnley,2025,5,29,0.07086322040570497,3.371400254525293
13,17,West Ham,Brentford,2025,5,29,1.7579396452299765,0.8271740038090883
13,17,United,Brentford,2025,5,29,0.9754703426018249,1.0975742934909136
13,17,Newcastle,Brentford,2025,5,29,1.6959043556197608,0.8057644290531514
13,17,City,Brentford,2025,5,29,1.0460664846132395,2.3691452194591185
13,17,Wolverhampton,Brentford,2025,5,29,0.948802507544423,2.5632707507821375
13,17,Norwich,Brentford,2025,5,29,0.06631549318462472,0.3551502320700993
13,17,Leeds,Brentford,2025,5,29,1.3247146392109355,0.5884301586523895
13,17,Liverpool,Brentford,2025,5,29,0.9093604869289331,0.5913115164941082
13,17,Southampton,Brentford,2025,5,29,0.407408533102292,0.04296358001626498
13,17,Aston,Brentford,2025,5,29,1.1541273638904366,1.0170792877299957
13,17,Islington,Brentford,2025,5,29,0.09874688313134494,0.6979747286236848
13,17,Chelsea,Brentford,2025,5,29,0.8683738807132907,3.0049741533425904
13,17,Tottenham,Brentford,2025,5,29,-0.022308434070189665,2.541395023964664
13,17,United,West Ham,2025,5,29,1.6296596995429866,1.5919110282280788
13,17,Newcastle,West Ham,2025,5,29,3.098489979798296,0.31177229178717536
13,17,City,West Ham,2025,5,29,1.2624283276406538,3.545599642927953
13,17,Wolverhampton,West Ham,2025,5,29,1.1504762922711493,4.016908563918109
13,17,Norwich,West Ham,2025,5,29,0.886500840058655,1.751982545292572
13,17,Leeds,West Ham,2025,5,29,1.7585021723818413,1.2444845685856543
13,17,Liverpool,West Ham,2025,5,29,1.5266450769522093,2.528943546577078
13,17,Southampton,West Ham,2025,5,29,0.9505921503341667,0.7588614897202438
13,17,Aston,West Ham,2025,5,29,1.4811616343345335,1.2545513244885798
13,17,Islington,West Ham,2025,5,29,0.5121484637639933,1.2393683911303617
13,17,Chelsea,West Ham,2025,5,29,1.4794534990033823,2.5303338303198912
13,17,Tottenham,West Ham,2025,5,29,0.3320146463447728,2.7579632868545585
13,17,Newcastle,United,2025,5,29,2.134447868601621,0.39336909152166055
13,17,City,United,2025,5,29,1.2326112069679085,0.6666573310984706
13,17,Wolverhampton,United,2025,5,29,1.6955978646710692,0.7031641710877946
13,17,Norwich,United,2025,5,29,1.7854001867113616,0.8877365333745105
13,17,Leeds,United,2025,5,29,1.656873138501599,0.5104948545899721
13,17,Liverpool,United,2025,5,29,1.5023960258181692,0.6683617160854946
13,17,Southampton,United,2025,5,29,1.5534642441019493,0.7698187487180365
13,17,Aston,United,2025,5,29,1.5583571274207082,0.5589935891355505
13,17,Islington,United,2025,5,29,1.477825691452166,0.8838600419531668
13,17,Chelsea,United,2025,5,29,1.4550972050067712,1.136985227678369
13,17,Tottenham,United,2025,5,29,1.0738113041035953,0.29850914714546145
13,17,City,Newcastle,2025,5,29,1.2684051531807317,0.33721251805970964
13,17,Wolverhampton,Newcastle,2025,5,29,0.5275453822389111,0.5754361951605614
13,17,Norwich,Newcastle,2025,5,29,1.5465471510576363,-0.09294793274995322
13,17,Leeds,Newcastle,2025,5,29,1.7230765957122474,0.34724103772533743
13,17,Liverpool,Newcastle,2025,5,29,1.329074445465569,-0.18319468910483408
13,17,Southampton,Newcastle,2025,5,29,1.7428161118296144,0.23455777254618349
13,17,Aston,Newcastle,2025,5,29,1.0687880101461873,0.31339289024286826
13,17,Islington,Newcastle,2025,5,29,1.4414900229385557,0.2630737494941837
13,17,Chelsea,Newcastle,2025,5,29,2.0043753260645647,1.7232458029095776
13,17,Tottenham,Newcastle,2025,5,29,1.12927087770547,0.5652048279651122
13,17,Wolverhampton,City,2025,5,29,0.6741726211445062,1.919679839803353
13,17,Norwich,City,2025,5,29,0.6303094107379854,2.042248260900457
13,17,Leeds,City,2025,5,29,1.2191891968762352,0.9749342702189763
13,17,Liverpool,City,2025,5,29,0.8916688168938504,1.818917281814007
13,17,Southampton,City,2025,5,29,1.1917413913937998,1.5097469391154992
13,17,Aston,City,2025,5,29,0.9782263014988705,1.571533081328792
13,17,Islington,City,2025,5,29,0.5230724179377944,1.1693413787018905
13,17,Chelsea,City,2025,5,29,0.7478423414208568,2.079664747478706
13,17,Tottenham,City,2025,5,29,0.3529966303253852,1.9736947544333459
13,17,Norwich,Wolverhampton,2025,5,29,0.8060878111389019,0.029153210078304338
13,17,Leeds,Wolverhampton,2025,5,29,1.3694613982966426,0.6936214779428442
13,17,Liverpool,Wolverhampton,2025,5,29,1.5073952186007171,0.2401749182505842
13,17,Southampton,Wolverhampton,2025,5,29,1.2028830925523477,0.7876264657521105
13,17,Aston,Wolverhampton,2025,5,29,1.3194704642048798,0.5046332732631439
13,17,Islington,Wolverhampton,2025,5,29,0.6339893090285285,0.49646473027015353
13,17,Chelsea,Wolverhampton,2025,5,29,1.0903459154144595,1.0603367130863877
13,17,Tottenham,Wolverhampton,2025,5,29,-0.05432710148908738,0.009573474563342144
13,17,Leeds,Norwich,2025,5,29,1.6189301611252505,0.7812680626616405
13,17,Liverpool,Norwich,2025,5,29,0.42016821904647883,-0.2277980608522984
13,17,Southampton,Norwich,2025,5,29,1.0689416778189003,1.1715855419506658
13,17,Aston,Norwich,2025,5,29,0.17562338742831185,0.17708836397426783
13,17,Islington,Norwich,2025,5,29,0.3783467620490887,0.11985064808134331
13,17,Chelsea,Norwich,2025,5,29,0.9967439510205288,1.0943958035406454
13,17,Tottenham,Norwich,2025,5,29,0.22727840604888652,0.2536883239131352
13,17,Liverpool,Leeds,2025,5,29,-0.031260923632846487,3.630053741811208
13,17,Southampton,Leeds,2025,5,29,0.10482479071048953,1.270653853903118
13,17,Aston,Leeds,2025,5,29,0.3421660710886199,0.7726984182977906
13,17,Islington,Leeds,2025,5,29,-0.18428766195904167,0.2157564787227029
13,17,Chelsea,Leeds,2025,5,29,0.34006660930300237,1.6271360827046448
13,17,Tottenham,Leeds,2025,5,29,-0.02358518525977997,1.737991908849353
13,17,Southampton,Liverpool,2025,5,29,1.755758944448968,0.8297840992424725
13,17,Aston,Liverpool,2025,5,29,1.1872843082690856,1.092008724523425
13,17,Islington,Liverpool,2025,5,29,1.265265994244572,1.734775018573364
13,17,Chelsea,Liverpool,2025,5,29,0.8874078157789435,2.0357586292269225
13,17,Tottenham,Liverpool,2025,5,29,0.325017387834646,3.2837254446792428
13,17,Aston,Southampton,2025,5,29,0.986344960463851,2.5962755332294614
13,17,Islington,Southampton,2025,5,29,0.362392661482232,1.3549872702942511
13,17,Chelsea,Southampton,2025,5,29,0.373239877121461,2.2945408721667584
13,17,Tottenham,Southampton,2025,5,29,0.24265112317384047,3.0647977066011944
13,17,Islington,Aston,2025,5,29,-0.17030352866274553,1.0731989383032774
13,17,Chelsea,Aston,2025,5,29,0.6025910693862779,0.9010153169707747
13,17,Tottenham,Aston,2025,5,29,0.03578254904750292,0.4567454155498067
13,17,Chelsea,Islington,2025,5,29,1.0121572875976792,1.9693353908316888
13,17,Tottenham,Islington,2025,5,29,0.637308770993411,1.6731097982550467
13,17,Tottenham,Chelsea,2025,5,29,0.20201400341813186,0.842606174062092
13,20,Brighton,Leicester,2025,5,29,0.9983598485898028,1.794612788748989
13,20,Palace,Leicester,2025,5,29,0.8630915454040456,0.7226837536306004
13,20,Everton,Leicester,2025,5,29,0.7071378376114309,0.6712404744475385
13,20,Watford,Leicester,2025,5,29,2.1965998765553154,0.24768935015603413
13,20,Burnley,Leicester,2025,5,29,1.1295014475708198,0.6896999994724026
13,20,Brentford,Leicester,2025,5,29,0.4723845214696176,0.3203813408712733
13,20,West Ham,Leicester,2025,5,29,2.266244912763021,0.4843202666787879
13,20,United,Leicester,2025,5,29,1.3286477919544621,0.873433572124121
13,20,Newcastle,Leicester,2025,5,29,2.315556532438567,0.9535556922455841
13,20,City,Leicester,2025,5,29,1.1231070630462987,0.24066422475212249
13,20,Wolverhampton,Leicester,2025,5,29,1.1357094853077023,-0.13186872642435202
13,20,Norwich,Leicester,2025,5,29,1.2396853920645048,0.30807282182796036
13,20,Leeds,Leicester,2025,5,29,2.0214194568576827,0.5530252899243212
13,20,Liverpool,Leicester,2025,5,29,1.1734203399134926,-0.04828567948253898
13,20,Southampton,Leicester,2025,5,29,1.361654998277312,0.6604377035892578
13,20,Aston,Leicester,2025,5,29,1.0963378975487532,0.8485471506437366
13,20,Islington,Leicester,2025,5,29,1.1436736973339166,0.5584892621308466
13,20,Chelsea,Leicester,2025,5,29,0.8569834739459822,1.1788787087196146
13,20,Tottenham,Leicester,2025,5,29,0.5127829885476337,0.6035671149130959
13,20,Palace,Brighton,2025,5,29,0.576705651122695,1.0860944778178832
13,20,Everton,Brighton,2025,5,29,1.0012892273446214,1.7570249862645706
13,20,Watford,Brighton,2025,5,29,0.46494503509783575,1.5192033913274605
13,20,Burnley,Brighton,2025,5,29,0.968391562310373,3.341448066593454
13,20,Brentford,Brighton,2025,5,29,0.9991389228411428,1.303922516776172
13,20,West Ham,Brighton,2025,5,29,1.5963811750448489,1.910108883695908
13,20,United,Brighton,2025,5,29,0.672815545073338,1.7256455444466627
13,20,Newcastle,Brighton,2025,5,29,0.6089757564230303,2.0445666671454945
13,20,City,Brighton,2025,5,29,1.2775994972953602,4.630721362047683
13,20,Wolverhampton,Brighton,2025,5,29,0.6250972999543536,4.235394212841488
13,20,Norwich,Brighton,2025,5,29,0.4773752607622592,3.3590107544395043
13,20,Leeds,Brighton,2025,5,29,1.317676704068344,1.4861155594054307
13,20,Liverpool,Brighton,2025,5,29,0.6880874104294938,3.5996486309179736
13,20,Southampton,Brighton,2025,5,29,0.750307708223604,1.7781314831756347
13,20,Aston,Brighton,2025,5,29,0.532530524651972,3.1682742946515297
13,20,Islington,Brighton,2025,5,29,0.4947937913038569,1.5396726467503565
13,20,Chelsea,Brighton,2025,5,29,1.0217163727265552,3.0000298125915075
13,20,Tottenham,Brighton,2025,5,29,0.4375130688080975,3.647522894225794
13,20,Everton,Palace,2025,5,29,1.0414593912714967,1.4950683461602654
13,20,Watford,Palace,2025,5,29,2.0055888517836733,1.2511771542564485
13,20,Burnley,Palace,2025,5,29,0.5393006377399322,3.7280729722544472
13,20,Brentford,Palace,2025,5,29,1.3783601223483024,0.9947755191587377
13,20,West Ham,Palace,2025,5,29,2.1517380962602277,0.8595237304397518
13,20,United,Palace,2025,5,29,1.4231830413997284,1.4994376342321292
13,20,Newcastle,Palace,2025,5,29,2.6249776511656875,0.9439299077919135
13,20,City,Palace,2025,5,29,0.4900845728566384,3.0719999631426074
13,20,Wolverhampton,Palace,2025,5,29,1.8937829218560793,3.3359484476471515
13,20,Norwich,Palace,2025,5,29,2.757797308227853,0.9728648509488559
13,20,Leeds,Palace,2025,5,29,1.4053232919010914,1.551287063462308
13,20,Liverpool,Palace,2025,5,29,1.8046701507975942,2.008609428642099
13,20,Southampton,Palace,2025,5,29,1.2381323039455274,0.7741907919382914
13,20,Aston,Palace,2025,5,29,1.7035421314336208,1.2619172790912487
13,20,Islington,Palace,2025,5,29,0.9349363560054165,0.37581330175142985
13,20,Chelsea,Palace,2025,5,29,0.9897659489394594,2.72997864831211
13,20,Tottenham,Palace,2025,5,29,0.5991399222996527,3.0402561944231525
13,20,Watford,Everton,2025,5,29,0.3896433684803416,0.23517778330336728
13,20,Burnley,Everton,2025,5,29,0.6968510737765461,0.7117632324703408
13,20,Brentford,Everton,2025,5,29,0.15091895336078434,0.4787084423569161
13,20,West Ham,Everton,2025,5,29,0.9460278343171612,0.6715872266834174
13,20,United,Everton,2025,5,29,0.5345122258346467,0.7563025556002104
13,20,Newcastle,Everton,2025,5,29,0.9712412039473645,0.36117000101081037
13,20,City,Everton,2025,5,29,0.9095289037604734,0.5327914055244989
13,20,Wolverhampton,Everton,2025,5,29,1.127710922158346,0.5677855838142489
13,20,Norwich,Everton,2025,5,29,-0.2369922688730291,0.2771550212260826
13,20,Leeds,Everton,2025,5,29,0.8686720880712936,0.1762842081708626
13,20,Liverpool,Everton,2025,5,29,0.23501343999876745,-0.09930506121965467
13,20,Southampton,Everton,2025,5,29,-0.04138670512719049,0.024220365565307555
13,20,Aston,Everton,2025,5,29,0.7197666196100931,0.5315229391432836
13,20,Islington,Everton,2025,5,29,-0.10099477294199966,0.3906122072688523
13,20,Chelsea,Everton,2025,5,29,0.3739775004264698,1.2431288043568143
13,20,Tottenham,Everton,2025,5,29,-0.034156429805019976,0.5329073227974312
13,20,Burnley,Watford,2025,5,29,1.0571536401515806,3.067629269164088
13,20,Brentford,Watford,2025,5,29,1.4708055756712384,1.020957358265398
13,20,West Ham,Watford,2025,5,29,2.1493436391952687,1.1836519902235185
13,20,United,Watford,2025,5,29,1.6977112611455158,1.1223137629072137
13,20,Newcastle,Watford,2025,5,29,2.561599824642146,1.2587251768605348
13,20,City,Watford,2025,5,29,1.510974566570743,2.7360204783831645
13,20,Wolverhampton,Watford,2025,5,29,2.256544880481012,3.073264388725369
13,20,Norwich,Watford,2025,5,29,2.5151774274982426,1.4214134454208343
13,20,Leeds,Watford,2025,5,29,2.2081513800392867,0.6418278906950158
13,20,Liverpool,Watford,2025,5,29,1.8369953135798671,1.401412471641991
13,20,Southampton,Watford,2025,5,29,2.082381074158033,0.9807073650762685
13,20,Aston,Watford,2025,5,29,1.846948742139696,1.4987765465811476
13,20,Islington,Watford,2025,5,29,1.8945944479653118,0.7585045550364056
13,20,Chelsea,Watford,2025,5,29,1.755983000834644,2.979216864021924
13,20,Tottenham,Watford,2025,5,29,1.6691236287691311,2.7687213876059826
13,20,Brentford,Burnley,2025,5,29,1.4046587895288736,1.1108661644561535
13,20,West Ham,Burnley,2025,5,29,1.6808229863417656,1.3192968563620606
13,20,United,Burnley,2025,5,29,1.2628594217308733,1.719315220325826
13,20,Newcastle,Burnley,2025,5,29,2.7751010367484894,1.4094153017041475
13,20,City,Burnley,2025,5,29,0.31095849487496396,3.619291507668581
13,20,Wolverhampton,Burnley,2025,5,29,1.3166726844919014,3.909285008827849
13,20,Norwich,Burnley,2025,5,29,0.9684422706148021,1.806317555995118
13,20,Leeds,Burnley,2025,5,29,0.5181783134472818,2.064290709226649
13,20,Liverpool,Burnley,2025,5,29,1.3348264436007384,2.1175143781669075
13,20,Southampton,Burnley,2025,5,29,0.38131871224417063,0.7495313641187957
13,20,Aston,Burnley,2025,5,29,1.248597412760319,1.3918166901661018
13,20,Islington,Burnley,2025,5,29,0.37838459276630715,1.0927468174239
13,20,Chelsea,Burnley,2025,5,29,0.967263424544403,3.350560462014096
13,20,Tottenham,Burnley,2025,5,29,0.13222759831352188,3.438103777727258
13,20,West Ham,Brentford,2025,5,29,1.8881954648132253,0.8206590313916216
13,20,United,Brentford,2025,5,29,1.1068441453603894,1.1790855864457646
13,20,Newcastle,Brentford,2025,5,29,1.8604038320900373,0.8839363439993537
13,20,City,Brentford,2025,5,29,1.1671975000275823,2.3673011850790684
13,20,Wolverhampton,Brentford,2025,5,29,1.1433679213404022,2.6189719637807163
13,20,Norwich,Brentford,2025,5,29,0.19815669479624815,0.3911965734864708
13,20,Leeds,Brentford,2025,5,29,1.4778818294223732,0.6635430007332264
13,20,Liverpool,Brentford,2025,5,29,1.0317855901737365,0.5744129865928022
13,20,Southampton,Brentford,2025,5,29,0.48124216465023273,0.1650534856401896
13,20,Aston,Brentford,2025,5,29,1.3432234810157073,1.0992760831910875
13,20,Islington,Brentford,2025,5,29,0.26206812242582245,0.6953170094883606
13,20,Chelsea,Brentford,2025,5,29,1.0130420495363353,3.12283755179077
13,20,Tottenham,Brentford,2025,5,29,0.11008923260182053,2.5930597934132837
13,20,United,West Ham,2025,5,29,1.6495681772643027,1.5947429520973921
13,20,Newcastle,West Ham,2025,5,29,3.126562161640758,0.34000625553372127
13,20,City,West Ham,2025,5,29,1.2762004130231595,3.545599642927953
13,20,Wolverhampton,West Ham,2025,5,29,1.166986843940604,4.094922322100278
13,20,Norwich,West Ham,2025,5,29,0.9145328742320811,1.7541898984281425
13,20,Leeds,West Ham,2025,5,29,1.792471504556436,1.2444845685856543
13,20,Liverpool,West Ham,2025,5,29,1.545261012758814,2.528943546577078
13,20,Southampton,West Ham,2025,5,29,0.9784434343036311,0.7616934135895572
13,20,Aston,West Ham,2025,5,29,1.515981501548289,1.2856172121044391
13,20,Islington,West Ham,2025,5,29,0.5796197316620993,1.2381927921432987
13,20,Chelsea,West Ham,2025,5,29,1.4992292721792417,2.6083475885020593
13,20,Tottenham,West Ham,2025,5,29,0.3824128939276826,2.8155101457898635
13,20,Newcastle,United,2025,5,29,2.1217783338491567,0.39524455048739615
13,20,City,United,2025,5,29,1.2486305716884118,0.6571798084264331
13,20,Wolverhampton,United,2025,5,29,1.665864158271533,0.7263285620441174
13,20,Norwich,United,2025,5,29,1.7652799141700206,0.9235226662507671
13,20,Leeds,United,2025,5,29,1.650382291113476,0.4999434386225462
13,20,Liverpool,United,2025,5,29,1.5553526745487987,0.6638900611173503
13,20,Southampton,United,2025,5,29,1.5882913616641516,0.8157523526262781
13,20,Aston,United,2025,5,29,1.6227891533037486,0.5731643057240486
13,20,Islington,United,2025,5,29,1.5499122601107664,0.8823525487962687
13,20,Chelsea,United,2025,5,29,1.5519211500073706,1.2379065559305247
13,20,Tottenham,United,2025,5,29,1.1141098933308438,0.30120663885492105
13,20,City,Newcastle,2025,5,29,1.27280555625472,0.3316217405628335
13,20,Wolverhampton,Newcastle,2025,5,29,0.5632124792167471,0.6203360429540817
13,20,Norwich,Newcastle,2025,5,29,1.5947061166802663,-0.05669041906996754
13,20,Leeds,Newcastle,2025,5,29,1.71439873958316,0.43975284755832666
13,20,Liverpool,Newcastle,2025,5,29,1.3831707090893675,-0.18270570560242846
13,20,Southampton,Newcastle,2025,5,29,1.7703371613391978,0.38168013421424724
13,20,Aston,Newcastle,2025,5,29,1.1232319321115074,0.4445598226790235
13,20,Islington,Newcastle,2025,5,29,1.506541984004589,0.26520941700003375
13,20,Chelsea,Newcastle,2025,5,29,2.0917140438450823,1.847010912545188
13,20,Tottenham,Newcastle,2025,5,29,1.1724311774062968,0.6012843347508695
13,20,Wolverhampton,City,2025,5,29,0.7319934259016653,1.920733823663165
13,20,Norwich,City,2025,5,29,0.6855344785153211,2.0748137445640644
13,20,Leeds,City,2025,5,29,1.2965991534523749,0.9676231016566136
13,20,Liverpool,City,2025,5,29,0.9448883764242055,1.8144456268458626
13,20,Southampton,City,2025,5,29,1.2692312532592407,1.55704632238821
13,20,Aston,City,2025,5,29,1.08656810471297,1.5998497008617656
13,20,Islington,City,2025,5,29,0.6714038701473265,1.1700412386805628
13,20,Chelsea,City,2025,5,29,0.7817264849370053,2.1595839931806093
13,20,Tottenham,City,2025,5,29,0.43727201980266106,1.9454614980385305
13,20,Norwich,Wolverhampton,2025,5,29,0.9238058138953363,0.02287709172394246
13,20,Leeds,Wolverhampton,2025,5,29,1.4244052813001915,0.8006724050561674
13,20,Liverpool,Wolverhampton,2025,5,29,1.6097598249891618,0.23382780431670436
13,20,Southampton,Wolverhampton,2025,5,29,1.2517089273507669,0.8934728731847873
13,20,Aston,Wolverhampton,2025,5,29,1.4426551846144906,0.6030868509047416
13,20,Islington,Wolverhampton,2025,5,29,0.7224351277555887,0.4933419866876341
13,20,Chelsea,Wolverhampton,2025,5,29,1.193870359172159,1.0814571037605765
13,20,Tottenham,Wolverhampton,2025,5,29,0.012429514308761228,-0.008108365864046601
13,20,Leeds,Norwich,2025,5,29,1.6737514808615148,0.8727748969658023
13,20,Liverpool,Norwich,2025,5,29,0.43200118597418935,-0.23973595228305458
13,20,Southampton,Norwich,2025,5,29,1.0967929617883652,1.3195773961304953
13,20,Aston,Norwich,2025,5,29,0.20634232162827457,0.2896300024179362
13,20,Islington,Norwich,2025,5,29,0.44171709693340233,0.10617648853139817
13,20,Chelsea,Norwich,2025,5,29,1.0192017600614893,1.1567434062131692
13,20,Tottenham,Norwich,2025,5,29,0.27767665363179667,0.23340684188919564
13,20,Liverpool,Leeds,2025,5,29,-0.005669154233504447,3.64248061674437
13,20,Southampton,Leeds,2025,5,29,0.1396519082726915,1.374464533611379
13,20,Aston,Leeds,2025,5,29,0.3798388268129943,0.8967367747745584
13,20,Islington,Leeds,2025,5,29,-0.11220109330044087,0.22818335365586465
13,20,Chelsea,Leeds,2025,5,29,0.4019834570810722,1.6395629576378064
13,20,Tottenham,Leeds,2025,5,29,0.07637597078575745,1.737991908849353
13,20,Southampton,Liverpool,2025,5,29,1.7751072387539468,0.8181935545161587
13,20,Aston,Liverpool,2025,5,29,1.2271481682770065,1.1221529117722076
13,20,Islington,Liverpool,2025,5,29,1.3191917037808476,1.7570427349340836
13,20,Chelsea,Liverpool,2025,5,29,0.9076113991349527,2.1167488035100126
13,20,Tottenham,Liverpool,2025,5,29,0.3526315613104964,3.352288744029169
13,20,Aston,Southampton,2025,5,29,1.0329857709925474,2.6010176806010112
13,20,Islington,Southampton,2025,5,29,0.4480487945248004,1.3674141452274127
13,20,Chelsea,Southampton,2025,5,29,0.41162690152511144,2.3069677470999204
13,20,Tottenham,Southampton,2025,5,29,0.28790719376401674,3.0647977066011944
13,20,Islington,Aston,2025,5,29,-0.0797000957270132,1.071691445146379
13,20,Chelsea,Aston,2025,5,29,0.6798745395172756,1.0116810795341855
13,20,Tottenham,Aston,2025,5,29,0.1471144270389441,0.4632951195664601
13,20,Chelsea,Islington,2025,5,29,1.0421150672270814,2.0064797011810698
13,20,Tottenham,Islington,2025,5,29,0.6838004986378966,1.6678453435774494
13,20,Tottenham,Chelsea,2025,5,29,0.28249816860780225,0.8297082310925077
13,23,Brighton,Leicester,2025,5,29,1.144803316801305,1.806157984340111
13,23,Palace,Leicester,2025,5,29,0.8854231622935217,0.7218456012377126
13,23,Everton,Leicester,2025,5,29,0.8456221833632399,0.6974597432284734
13,23,Watford,Leicester,2025,5,29,2.2256529449972415,0.2707556631938064
13,23,Burnley,Leicester,2025,5,29,1.2709711813368367,0.687494525585377
13,23,Brentford,Leicester,2025,5,29,0.5306200069970551,0.33995429471116934
13,23,West Ham,Leicester,2025,5,29,2.2952979812049463,0.4909694766504651
13,23,United,Leicester,2025,5,29,1.35728433135114,0.8662768489432786
13,23,Newcastle,Leicester,2025,5,29,2.2768767704321715,0.932029167786164
13,23,City,Leicester,2025,5,29,1.2615914087981075,0.24374534521000601
13,23,Wolverhampton,Leicester,2025,5,29,1.158041102197178,-0.10643986351073628
13,23,Norwich,Leicester,2025,5,29,1.1918727009476702,0.3029646351923791
13,23,Leeds,Leicester,2025,5,29,2.043751073747157,0.5641955069239755
13,23,Liverpool,Leicester,2025,5,29,1.2533770688427028,-0.06992979184624815
13,23,Southampton,Leicester,2025,5,29,1.4981545308081243,0.660986212349188
13,23,Aston,Leicester,2025,5,29,1.2054770435634756,0.8435102167615228
13,23,Islington,Leicester,2025,5,29,1.1727267657758422,0.5409406889160087
13,23,Chelsea,Leicester,2025,5,29,0.9523679192010891,1.2060480630150796
13,23,Tottenham,Leicester,2025,5,29,0.629617375336631,0.6348961154821098
13,23,Palace,Brighton,2025,5,29,0.6205146581207921,1.0540856849857088
13,23,Everton,Brighton,2025,5,29,1.0826442589557792,1.3138816592524305
13,23,Watford,Brighton,2025,5,29,0.535851871471059,1.4854828370770148
13,23,Burnley,Brighton,2025,5,29,0.9720805535352183,2.3197478581308606
13,23,Brentford,Brighton,2025,5,29,1.055992134905699,1.2433880715853134
13,23,West Ham,Brighton,2025,5,29,1.668213243204398,1.8569251151119397
13,23,United,Brighton,2025,5,29,0.7261385941038899,1.6559136066180042
13,23,Newcastle,Brighton,2025,5,29,0.6463000776645501,2.031016858468901
13,23,City,Brighton,2025,5,29,1.3346145188141687,3.616012375925438
13,23,Wolverhampton,Brighton,2025,5,29,0.7232418203774802,3.719893295098491
13,23,Norwich,Brighton,2025,5,29,0.4433940319609272,3.290274887401413
13,23,Leeds,Brighton,2025,5,29,1.3304242260709145,1.4460663980938162
13,23,Liverpool,Brighton,2025,5,29,0.7005854652900295,3.1329908460861375
13,23,Southampton,Brighton,2025,5,29,0.7594127801869175,1.7714973041718431
13,23,Aston,Brighton,2025,5,29,0.6307926144295013,3.104990133449337
13,23,Islington,Brighton,2025,5,29,0.50999351327212,1.4980534967611148
13,23,Chelsea,Brighton,2025,5,29,1.0265137119425203,2.1782303072140654
13,23,Tottenham,Brighton,2025,5,29,0.43767365837404676,2.7397416042886387
13,23,Everton,Palace,2025,5,29,1.2313195801698622,1.0736009876440202
13,23,Watford,Palace,2025,5,29,2.0117664435251617,1.2676826112985868
13,23,Burnley,Palace,2025,5,29,0.7535990086923343,2.758703701773228
13,23,Brentford,Palace,2025,5,29,1.3889989027133467,1.0079556747930258
13,23,West Ham,Palace,2025,5,29,2.016128503150684,0.8665558581990561
13,23,United,Palace,2025,5,29,1.4733339602121462,1.4829751668412219
13,23,Newcastle,Palace,2025,5,29,2.3988542648150823,0.925186637968326
13,23,City,Palace,2025,5,29,0.7005916316429068,2.1135481869584605
13,23,Wolverhampton,Palace,2025,5,29,1.8647745360420387,2.894983475398096
13,23,Norwich,Palace,2025,5,29,2.521535004906178,0.9713018172025504
13,23,Leeds,Palace,2025,5,29,1.3852772470590136,1.562457280461962
13,23,Liverpool,Palace,2025,5,29,1.8781851905343252,1.5282771531524217
13,23,Southampton,Palace,2025,5,29,1.345929920329306,0.7739774024447786
13,23,Aston,Palace,2025,5,29,1.9006939974233235,1.2604254980983105
13,23,Islington,Palace,2025,5,29,0.9620275908209494,0.35119126338470685
13,23,Chelsea,Palace,2025,5,29,1.128422046117652,1.9908666102784434
13,23,Tottenham,Palace,2025,5,29,0.8122433368582723,2.211116043597457
13,23,Watford,Everton,2025,5,29,0.4546555698915182,0.22566356092652606
13,23,Burnley,Everton,2025,5,29,0.6869487123307034,0.6406267307073045
13,23,Brentford,Everton,2025,5,29,0.19867924489018599,0.46696099811638125
13,23,West Ham,Everton,2025,5,29,1.0252950070403668,0.6099183013462905
13,23,United,Everton,2025,5,29,0.5644096835487284,0.6855800899615735
13,23,Newcastle,Everton,2025,5,29,0.9930436311658992,0.33415732862901637
13,23,City,Everton,2025,5,29,0.9873051476389867,0.4732678167936715
13,23,Wolverhampton,Everton,2025,5,29,1.2043283684393569,0.5280579881314629
13,23,Norwich,Everton,2025,5,29,-0.2563164314083729,0.20575677907936896
13,23,Leeds,Everton,2025,5,29,0.9040283904604987,0.16033061896111073
13,23,Liverpool,Everton,2025,5,29,0.24218874292324585,-0.1317304646955039
13,23,Southampton,Everton,2025,5,29,-0.009901377895410514,0.026863458552629896
13,23,Aston,Everton,2025,5,29,0.7971883889491274,0.46858039071996854
13,23,Islington,Everton,2025,5,29,-0.09599711832758775,0.35655207279673085
13,23,Chelsea,Everton,2025,5,29,0.35032614386534666,1.2108285737482942
13,23,Tottenham,Everton,2025,5,29,-0.008871868272794492,0.5036219224213899
13,23,Burnley,Watford,2025,5,29,1.253855053927482,2.2091152283512536
13,23,Brentford,Watford,2025,5,29,1.4770502711861953,1.0372226641739941
13,23,West Ham,Watford,2025,5,29,2.004652271417565,1.1832636179419111
13,23,United,Watford,2025,5,29,1.7598024183398469,1.115640605882592
13,23,Newcastle,Watford,2025,5,29,2.317879481115039,1.2499693928676545
13,23,City,Watford,2025,5,29,1.72172667774099,1.8881744732849934
13,23,Wolverhampton,Watford,2025,5,29,2.227536494666971,2.7750900870523703
13,23,Norwich,Watford,2025,5,29,2.2866719649643805,1.4149376340756534
13,23,Leeds,Watford,2025,5,29,2.2000455735791222,0.6566342335466309
13,23,Liverpool,Watford,2025,5,29,1.9137246438051034,1.0819506156329057
13,23,Southampton,Watford,2025,5,29,2.176239964046434,0.9826695854113708
13,23,Aston,Watford,2025,5,29,2.0439629201062206,1.4973856033322859
13,23,Islington,Watford,2025,5,29,1.9091240833825114,0.7632084283299585
13,23,Chelsea,Watford,2025,5,29,1.8930911464503766,2.3549325643232075
13,23,Tottenham,Watford,2025,5,29,1.8765922811059488,2.1654302507994614
13,23,Brentford,Burnley,2025,5,29,1.2186279438165122,1.0730389058562138
13,23,West Ham,Burnley,2025,5,29,1.4554135039126412,1.2589082853119589
13,23,United,Burnley,2025,5,29,1.143535878694866,1.6438776032337763
13,23,Newcastle,Burnley,2025,5,29,2.372460183660532,1.3849473695092362
13,23,City,Burnley,2025,5,29,0.318664851951777,2.5590727318161863
13,23,Wolverhampton,Burnley,2025,5,29,1.2159130555199724,3.3681815550050014
13,23,Norwich,Burnley,2025,5,29,0.7103949721451631,1.7440949429498351
13,23,Leeds,Burnley,2025,5,29,0.33779673662452214,2.0287361129810217
13,23,Liverpool,Burnley,2025,5,29,1.322541131108529,1.6110524828683148
13,23,Southampton,Burnley,2025,5,29,0.43244917204826194,0.7451693359042032
13,23,Aston,Burnley,2025,5,29,1.2481619291551207,1.3273214147665053
13,23,Islington,Burnley,2025,5,29,0.38497291440433495,1.06064457971806
13,23,Chelsea,Burnley,2025,5,29,0.9585842799594751,2.5332555217026402
13,23,Tottenham,Burnley,2025,5,29,0.18247122312164205,2.52882336458736
13,23,West Ham,Brentford,2025,5,29,1.8341817988525735,0.7624417096329583
13,23,United,Brentford,2025,5,29,1.0351213704873956,1.1073776692934838
13,23,Newcastle,Brentford,2025,5,29,1.701424214586931,0.8658822987085574
13,23,City,Brentford,2025,5,29,1.1750607711458192,1.4405117670119425
13,23,Wolverhampton,Brentford,2025,5,29,1.1854760971148757,2.0847114645604896
13,23,Norwich,Brentford,2025,5,29,0.14118566640039087,0.3245420356199447
13,23,Leeds,Brentford,2025,5,29,1.3945061337225884,0.6327591541535919
13,23,Liverpool,Brentford,2025,5,29,0.9840577289399713,0.07147901920749852
13,23,Southampton,Brentford,2025,5,29,0.44400475587177296,0.1688969007091712
13,23,Aston,Brentford,2025,5,29,1.3366757340692192,1.042538852436776
13,23,Islington,Brentford,2025,5,29,0.26019573651077976,0.6528074896323317
13,23,Chelsea,Brentford,2025,5,29,0.9320139472478352,2.4307912566056875
13,23,Tottenham,Brentford,2025,5,29,0.09456597334037406,1.762326204467626
13,23,United,West Ham,2025,5,29,1.5122541820889832,1.5747451965986001
13,23,Newcastle,West Ham,2025,5,29,2.7861719731705965,0.3274347069231632
13,23,City,West Ham,2025,5,29,1.2624457138191392,2.594632461787933
13,23,Wolverhampton,West Ham,2025,5,29,1.1493524121745822,3.818869596519278
13,23,Norwich,West Ham,2025,5,29,0.72569378204704,1.7308789550490213
13,23,Leeds,West Ham,2025,5,29,1.6446004871064122,1.2556547855853086
13,23,Liverpool,West Ham,2025,5,29,1.5029964889588223,2.2232305270763755
13,23,Southampton,West Ham,2025,5,29,0.9596172868282156,0.7561222743871067
13,23,Aston,West Ham,2025,5,29,1.4350657951232608,1.2805901430036162
13,23,Islington,West Ham,2025,5,29,0.5930300947143314,1.203752267741464
13,23,Chelsea,West Ham,2025,5,29,1.4111280982826193,1.8649553989951735
13,23,Tottenham,West Ham,2025,5,29,0.39585531504616084,2.1512822416322255
13,23,Newcastle,United,2025,5,29,1.8306038988678344,0.3751884068327127
13,23,City,United,2025,5,29,1.3594184819820225,0.6278824982217037
13,23,Wolverhampton,United,2025,5,29,1.6368557724574926,0.7193789942951203
13,23,Norwich,United,2025,5,29,1.517206065924878,0.8708176047392657
13,23,Leeds,United,2025,5,29,1.5927349791359215,0.4776986733143776
13,23,Liverpool,United,2025,5,29,1.6222215710625874,0.6440443986522946
13,23,Southampton,United,2025,5,29,1.6826277631735547,0.8155389631327653
13,23,Aston,United,2025,5,29,1.712400965638012,0.5369446685921909
13,23,Islington,United,2025,5,29,1.5644418955279664,0.8480617348612378
13,23,Chelsea,United,2025,5,29,1.5909098834228714,1.2316609279181663
13,23,Tottenham,United,2025,5,29,1.223933976291755,0.298358758862669
13,23,City,Newcastle,2025,5,29,1.3143028919501805,0.30636105210264436
13,23,Wolverhampton,Newcastle,2025,5,29,0.5974597409231964,0.6018872909372125
13,23,Norwich,Newcastle,2025,5,29,1.4574961506005586,-0.05456182536295562
13,23,Leeds,Newcastle,2025,5,29,1.64534842578764,0.4352582824923389
13,23,Liverpool,Newcastle,2025,5,29,1.3881986003120736,-0.21433652358009522
13,23,Southampton,Newcastle,2025,5,29,1.808628151933401,0.37718556914825946
13,23,Aston,Newcastle,2025,5,29,1.1622985271680537,0.4380249678601672
13,23,Islington,Newcastle,2025,5,29,1.5166794737534766,0.22884631942300998
13,23,Chelsea,Newcastle,2025,5,29,2.091874098616042,1.840252922311218
13,23,Tottenham,Newcastle,2025,5,29,1.2231732668475086,0.5986859907904484
13,23,Wolverhampton,City,2025,5,29,0.8301379463247919,1.4537106332853689
13,23,Norwich,City,2025,5,29,0.6691464142366671,2.055520621809485
13,23,Leeds,City,2025,5,29,1.3629073576874282,0.9824414017673626
13,23,Liverpool,City,2025,5,29,0.9809887141458269,1.323387700219743
13,23,Southampton,City,2025,5,29,1.3226175604760388,1.55704632238821
13,23,Aston,City,2025,5,29,1.1940424669711667,1.5964965372778013
13,23,Islington,City,2025,5,29,0.6922821125660124,1.152966946759885
13,23,Chelsea,City,2025,5,29,0.7957360966336379,1.4226976744828577
13,23,Tottenham,City,2025,5,29,0.47108210011193336,1.1144600925745347
13,23,Norwich,Wolverhampton,2025,5,29,0.8819114514324524,0.022880135274844903
13,23,Leeds,Wolverhampton,2025,5,29,1.3563963488381319,0.8118426220558217
13,23,Liverpool,Wolverhampton,2025,5,29,1.577672701943283,0.1740283209180916
13,23,Southampton,Wolverhampton,2025,5,29,1.2504711290784545,0.8932594836912742
13,23,Aston,Wolverhampton,2025,5,29,1.4287803607956397,0.6013626973103579
13,23,Islington,Wolverhampton,2025,5,29,0.7326087191203449,0.4678720409495453
13,23,Chelsea,Wolverhampton,2025,5,29,1.118750962163504,1.1086264580560414
13,23,Tottenham,Wolverhampton,2025,5,29,0.008634912699770613,0.022458736451524585
13,23,Leeds,Norwich,2025,5,29,1.5598757256618347,0.8794505488994686
13,23,Liverpool,Norwich,2025,5,29,0.38782538895713853,-0.25167305532584944
13,23,Southampton,Norwich,2025,5,29,1.0410782834433607,1.314869441570995
13,23,Aston,Norwich,2025,5,29,0.18123838098927278,0.28085833581703334
13,23,Islington,Norwich,2025,5,29,0.4459470048407714,0.09322275889542211
13,23,Chelsea,Norwich,2025,5,29,0.9881689372365916,1.1805630114837167
13,23,Tottenham,Norwich,2025,5,29,0.24080659087985548,0.25348569087004863
13,23,Liverpool,Leeds,2025,5,29,-0.021988564504221923,3.3464320379321477
13,23,Southampton,Leeds,2025,5,29,0.11443207667124067,1.374464533611379
13,23,Aston,Leeds,2025,5,29,0.43902393350521324,0.89469648502169
13,23,Islington,Leeds,2025,5,29,-0.11155645511980003,0.21581625698046372
13,23,Chelsea,Leeds,2025,5,29,0.3993486140668913,0.8809145650460463
13,23,Tottenham,Leeds,2025,5,29,0.08102018585195837,1.0561343644281365
13,23,Southampton,Liverpool,2025,5,29,1.9270733770380013,0.8105636540180221
13,23,Aston,Liverpool,2025,5,29,1.336287314291729,1.114305183122256
13,23,Islington,Liverpool,2025,5,29,1.3637113779760153,1.7149586184851118
13,23,Chelsea,Liverpool,2025,5,29,1.0029958443900593,1.8576565596590677
13,23,Tottenham,Liverpool,2025,5,29,0.46946594809949405,3.3635545277948444
13,23,Aston,Southampton,2025,5,29,1.04439459008066,2.5365224052014153
13,23,Islington,Southampton,2025,5,29,0.4626967927586615,1.3170992859966424
13,23,Chelsea,Southampton,2025,5,29,0.4057924222106991,1.6092085995707597
13,23,Tottenham,Southampton,2025,5,29,0.29845267445658324,2.231252777502706
13,23,Islington,Aston,2025,5,29,-0.07036693907735282,1.054711690461775
13,23,Chelsea,Aston,2025,5,29,0.6663879936366981,1.0319066600463898
13,23,Tottenham,Aston,2025,5,29,0.12690371744518056,0.48092475983003996
13,23,Chelsea,Islington,2025,5,29,1.1952696472491946,1.304908401738907
13,23,Tottenham,Islington,2025,5,29,0.898778916912441,0.9708145062550566
13,23,Tottenham,Chelsea,2025,5,29,0.2888715531232929,0.8509460762296277
13,26,Brighton,Leicester,2025,5,29,1.2048727673590638,1.7801465542267247
13,26,Palace,Leicester,2025,5,29,1.004631465396886,0.8133549126250075
13,26,Everton,Leicester,2025,5,29,0.9764646638166737,0.6876091862339115
13,26,Watford,Leicester,2025,5,29,2.244501525345913,0.2604246225000283
13,26,Burnley,Leicester,2025,5,29,1.3498892122432669,0.6607016419810442
13,26,Brentford,Leicester,2025,5,29,0.5611027646957961,0.3437571298665643
13,26,West Ham,Leicester,2025,5,29,2.291370806559927,0.532432528286678
13,26,United,Leicester,2025,5,29,1.3760494703980792,0.927962998228238
13,26,Newcastle,Leicester,2025,5,29,2.295725350780843,1.0053714778310887
13,26,City,Leicester,2025,5,29,1.392433889251541,0.31201832973070937
13,26,Wolverhampton,Leicester,2025,5,29,1.1651720638940481,-0.09491559676392079
13,26,Norwich,Leicester,2025,5,29,1.1918727009476702,0.3630343532490074
13,26,Leeds,Leicester,2025,5,29,2.020975318753467,0.605522207123195
13,26,Liverpool,Leicester,2025,5,29,1.2306013138490122,-0.02207794515408999
13,26,Southampton,Leicester,2025,5,29,1.4753787758144332,0.6693061597968072
13,26,Aston,Leicester,2025,5,29,1.2542323406027085,0.8870987590371238
13,26,Islington,Leicester,2025,5,29,1.262348376020189,0.6169055090173997
13,26,Chelsea,Leicester,2025,5,29,1.0533036829639624,1.2059409325512986
13,26,Tottenham,Leicester,2025,5,29,0.7302971219228673,0.6445019757753988
13,26,Palace,Brighton,2025,5,29,0.6265451381327632,1.1116642654795523
13,26,Everton,Brighton,2025,5,29,1.0649823512867111,1.3577676190063217
13,26,Watford,Brighton,2025,5,29,0.5455898145339239,1.4565771879049823
13,26,Burnley,Brighton,2025,5,29,0.9531741771795738,2.3146782982371246
13,26,Brentford,Brighton,2025,5,29,1.0623827498284177,1.2207678021359836
13,26,West Ham,Brighton,2025,5,29,1.639237052681471,1.8543341183858804
13,26,United,Brighton,2025,5,29,0.7196103131795883,1.6661705188774663
13,26,Newcastle,Brighton,2025,5,29,0.5785622133272401,2.0879257143667598
13,26,City,Brighton,2025,5,29,1.3173607318325176,3.655046436503831
13,26,Wolverhampton,Brighton,2025,5,29,0.7622917754079563,3.7160684767492778
13,26,Norwich,Brighton,2025,5,29,0.43098492059630045,3.240118529327636
13,26,Leeds,Brighton,2025,5,29,1.283911704647426,1.4388740825925248
13,26,Liverpool,Brighton,2025,5,29,0.6576265663425985,3.1696759046352216
13,26,Southampton,Brighton,2025,5,29,0.7561103440660542,1.7531083058009478
13,26,Aston,Brighton,2025,5,29,0.6263306821431757,3.0700123376832633
13,26,Islington,Brighton,2025,5,29,0.515881170363865,1.5019961437175775
13,26,Chelsea,Brighton,2025,5,29,1.0226634259714005,2.21534156946445
13,26,Tottenham,Brighton,2025,5,29,0.45481994494631967,2.721394656753629
13,26,Everton,Palace,2025,5,29,1.26861327573393,1.112513953707361
13,26,Watford,Palace,2025,5,29,2.0497466356826397,1.2731703054689776
13,26,Burnley,Palace,2025,5,29,0.8325170395987646,2.7471014585380917
13,26,Brentford,Palace,2025,5,29,1.4194816604120875,1.0333897670903451
13,26,West Ham,Palace,2025,5,29,2.0122013285056646,0.9176007699415756
13,26,United,Palace,2025,5,29,1.4920990992590855,1.5008465688885215
13,26,Newcastle,Palace,2025,5,29,2.407659581312242,0.9434680248925879
13,26,City,Palace,2025,5,29,0.7278420633554631,2.1122418242030077
13,26,Wolverhampton,Palace,2025,5,29,1.880911973278273,2.900058992879245
13,26,Norwich,Palace,2025,5,29,2.521535004906178,1.0075122169926969
13,26,Leeds,Palace,2025,5,29,1.3592646870532175,1.560984066531318
13,26,Liverpool,Palace,2025,5,29,1.855409435540634,1.525978081421045
13,26,Southampton,Palace,2025,5,29,1.3398175082139991,0.807559599418313
13,26,Aston,Palace,2025,5,29,1.949449294462556,1.2658389099074885
13,26,Islington,Palace,2025,5,29,0.9772320279847392,0.38535583687454494
13,26,Chelsea,Palace,2025,5,29,1.1358090249911585,2.0071593150433538
13,26,Tottenham,Palace,2025,5,29,0.8193742985551423,2.2303754704241756
13,26,Watford,Everton,2025,5,29,0.49134963921880365,0.215332520232748
13,26,Burnley,Everton,2025,5,29,0.6495417411221183,0.6039297855854554
13,26,Brentford,Everton,2025,5,29,0.2136679034762526,0.4745654086377182
13,26,West Ham,Everton,2025,5,29,1.057774535432419,0.6092998314420999
13,26,United,Everton,2025,5,29,0.5540214808618219,0.7043692620024389
13,26,Newcastle,Everton,2025,5,29,0.9529683007956176,0.34025535317682054
13,26,City,Everton,2025,5,29,0.9974859870059689,0.49846921564047686
13,26,Wolverhampton,Everton,2025,5,29,1.2249664159280023,0.527983425895905
13,26,Norwich,Everton,2025,5,29,-0.25817107457873184,0.20612253208697365
13,26,Leeds,Everton,2025,5,29,0.8905211262306062,0.15980049528485252
13,26,Liverpool,Everton,2025,5,29,0.22051372333037558,-0.1091415231211153
13,26,Southampton,Everton,2025,5,29,0.0018209221190826133,-0.019267598132724047
13,26,Aston,Everton,2025,5,29,0.8146476117576433,0.4863887692799026
13,26,Islington,Everton,2025,5,29,-0.05567703902505701,0.36521508956868315
13,26,Chelsea,Everton,2025,5,29,0.3606522977739877,1.2013071308174086
13,26,Tottenham,Everton,2025,5,29,0.025529030427141962,0.4994069145720009
13,26,Burnley,Watford,2025,5,29,1.2840177877946795,2.2020671315637323
13,26,Brentford,Watford,2025,5,29,1.4886844485362645,1.03499622039321
13,26,West Ham,Watford,2025,5,29,1.9818765164238734,1.214129368932521
13,26,United,Watford,2025,5,29,1.748660840696225,1.109550913649279
13,26,Newcastle,Watford,2025,5,29,2.317879481115039,1.2620121666685626
13,26,City,Watford,2025,5,29,1.8257406137517656,1.897488095798143
13,26,Wolverhampton,Watford,2025,5,29,2.2235604182721587,2.7665421836987356
13,26,Norwich,Watford,2025,5,29,2.2866719649643805,1.3927927239846567
13,26,Leeds,Watford,2025,5,29,2.1737829527813286,0.6463245346512804
13,26,Liverpool,Watford,2025,5,29,1.8909488888114123,1.0855777591264528
13,26,Southampton,Watford,2025,5,29,2.1701275519311265,0.9894405606380086
13,26,Aston,Watford,2025,5,29,2.0439629201062206,1.4775840297385328
13,26,Islington,Watford,2025,5,29,1.9981938817345584,0.7479277959482878
13,26,Chelsea,Watford,2025,5,29,1.9940269102132493,2.390390128327788
13,26,Tottenham,Watford,2025,5,29,1.9504434832495265,2.1387045798514714
13,26,Brentford,Burnley,2025,5,29,1.2250185587392308,1.077754528468535
13,26,West Ham,Burnley,2025,5,29,1.4264373133897144,1.314223590902319
13,26,United,Burnley,2025,5,29,1.1370075977705645,1.6950120599279688
13,26,Newcastle,Burnley,2025,5,29,2.289881277036637,1.4229806298644259
13,26,City,Burnley,2025,5,29,0.3819204548108321,2.571471159745692
13,26,Wolverhampton,Burnley,2025,5,29,1.1978261451586272,3.3608914714361147
13,26,Norwich,Burnley,2025,5,29,0.7102434570102399,1.8144503379579688
13,26,Leeds,Burnley,2025,5,29,0.2783266925703067,2.065060271670522
13,26,Liverpool,Burnley,2025,5,29,1.304879223439461,1.6007819279774
13,26,Southampton,Burnley,2025,5,29,0.44140433215710206,0.7889904394682128
13,26,Aston,Burnley,2025,5,29,1.2485700498425374,1.352549391603994
13,26,Islington,Burnley,2025,5,29,0.5130525817236227,1.1058284784401413
13,26,Chelsea,Burnley,2025,5,29,1.0482827788777214,2.520164222524728
13,26,Tottenham,Burnley,2025,5,29,0.2931662945832806,2.5546925483813787
13,26,West Ham,Brentford,2025,5,29,1.834608656872586,0.7794507742220709
13,26,United,Brentford,2025,5,29,1.0329058511590956,1.1228729578193337
13,26,Newcastle,Brentford,2025,5,29,1.6283092958227436,0.8713968896286184
13,26,City,Brentford,2025,5,29,1.1626309501029255,1.4425592940959628
13,26,Wolverhampton,Brentford,2025,5,29,1.2010935505659925,2.0942692764782422
13,26,Norwich,Brentford,2025,5,29,0.139331023230032,0.3043265688582402
13,26,Leeds,Brentford,2025,5,29,1.3640648124855224,0.6202522376818468
13,26,Liverpool,Brentford,2025,5,29,0.9583278591807926,0.07889319885582483
13,26,Southampton,Brentford,2025,5,29,0.4544117205393493,0.1387428569977589
13,26,Aston,Brentford,2025,5,29,1.3659296119218345,1.0470417362137705
13,26,Islington,Brentford,2025,5,29,0.3115576423318869,0.649761528430878
13,26,Chelsea,Brentford,2025,5,29,0.9387181294709833,2.3929610337882594
13,26,Tottenham,Brentford,2025,5,29,0.1265794897029161,1.7698695223665357
13,26,United,West Ham,2025,5,29,1.5165669436849847,1.5822338582079882
13,26,Newcastle,West Ham,2025,5,29,2.7420093228683347,0.3391239730607643
13,26,City,West Ham,2025,5,29,1.3601362224414248,2.614163615689335
13,26,Wolverhampton,West Ham,2025,5,29,1.1579595395027193,3.8402115730791846
13,26,Norwich,West Ham,2025,5,29,0.7399546319048086,1.7101596751170691
13,26,Leeds,West Ham,2025,5,29,1.6046162466072251,1.2470431896776795
13,26,Liverpool,West Ham,2025,5,29,1.489647342885756,2.2443641889951937
13,26,Southampton,West Ham,2025,5,29,0.9829848119297475,0.7290514630728598
13,26,Aston,West Ham,2025,5,29,1.4757180068739197,1.2423094884182837
13,26,Islington,West Ham,2025,5,29,0.7379850782665094,1.2095323780562335
13,26,Chelsea,West Ham,2025,5,29,1.511381065395133,1.8594068329400932
13,26,Tottenham,West Ham,2025,5,29,0.5187643989721346,2.172894170887281
13,26,Newcastle,United,2025,5,29,1.8457972020329434,0.36962238489334986
13,26,City,United,2025,5,29,1.4538865919015613,0.6186046523067132
13,26,Wolverhampton,United,2025,5,29,1.659336227585918,0.7144429005083457
13,26,Norwich,United,2025,5,29,1.523910248148026,0.8261606738329829
13,26,Leeds,United,2025,5,29,1.5950513174393288,0.471901388782911
13,26,Liverpool,United,2025,5,29,1.635137838654838,0.6374212563200955
13,26,Southampton,United,2025,5,29,1.7059952882750868,0.7734811069043062
13,26,Aston,United,2025,5,29,1.742212134868368,0.5343865972418309
13,26,Islington,United,2025,5,29,1.7181027130975886,0.8275126677266026
13,26,Chelsea,United,2025,5,29,1.6911628505353853,1.197549461414746
13,26,Tottenham,United,2025,5,29,1.3284453500628055,0.2903421756473379
13,26,City,Newcastle,2025,5,29,1.397421947648285,0.30047089964222523
13,26,Wolverhampton,Newcastle,2025,5,29,0.6229886878573743,0.587951355639991
13,26,Norwich,Newcastle,2025,5,29,1.4406064695807792,-0.08969952597372004
13,26,Leeds,Newcastle,2025,5,29,1.598794649325676,0.4197684873768915
13,26,Liverpool,Newcastle,2025,5,29,1.3834529602352565,-0.20274299346314928
13,26,Southampton,Newcastle,2025,5,29,1.8084018137920057,0.3427132244644705
13,26,Aston,Newcastle,2025,5,29,1.211461944894703,0.4556172877098006
13,26,Islington,Newcastle,2025,5,29,1.6564395890690176,0.21370403075948
13,26,Chelsea,Newcastle,2025,5,29,2.1815725975342883,1.816016362429514
13,26,Tottenham,Newcastle,2025,5,29,1.3470368891148523,0.5858767707346039
13,26,Wolverhampton,City,2025,5,29,0.8595848130719357,1.468081062092239
13,26,Norwich,City,2025,5,29,0.6767030818712877,2.0470534987747313
13,26,Leeds,City,2025,5,29,1.361990641917058,1.0425994518838524
13,26,Liverpool,City,2025,5,29,0.9809887141458269,1.367985446934195
13,26,Southampton,City,2025,5,29,1.3401291996100184,1.4985805481331504
13,26,Aston,City,2025,5,29,1.2333179856244594,1.6113037615206987
13,26,Islington,City,2025,5,29,0.7378324252612719,1.1859048164438135
13,26,Chelsea,City,2025,5,29,0.7957360966336379,1.4083085065479437
13,26,Tottenham,City,2025,5,29,0.47863876774655384,1.1287006294163189
13,26,Norwich,Wolverhampton,2025,5,29,0.8755762386069408,0.06822022879905452
13,26,Leeds,Wolverhampton,2025,5,29,1.332838896918562,0.8495098936889586
13,26,Liverpool,Wolverhampton,2025,5,29,1.577672701943283,0.16794221303193532
13,26,Southampton,Wolverhampton,2025,5,29,1.2641893913413915,0.899326683529825
13,26,Aston,Wolverhampton,2025,5,29,1.4884982467165568,0.6010299612572246
13,26,Islington,Wolverhampton,2025,5,29,0.7831946164184147,0.4633655724143858
13,26,Chelsea,Wolverhampton,2025,5,29,1.125455144386652,1.0912527506788872
13,26,Tottenham,Wolverhampton,2025,5,29,0.04950421827201624,0.033940690043453445
13,26,Leeds,Norwich,2025,5,29,1.5418757753428265,0.8878123516993673
13,26,Liverpool,Norwich,2025,5,29,0.36252839767877526,-0.25829619765804834
13,26,Southampton,Norwich,2025,5,29,1.030137998704805,1.2763088570836578
13,26,Aston,Norwich,2025,5,29,0.18120673399180273,0.27597310863767466
13,26,Islington,Norwich,2025,5,29,0.46304539366349584,0.08432983736367483
13,26,Chelsea,Norwich,2025,5,29,0.9881689372365916,1.129394948260878
13,26,Tottenham,Norwich,2025,5,29,0.24183497759017433,0.25398780180989905
13,26,Liverpool,Leeds,2025,5,29,-0.04728555578258518,3.382525365309989
13,26,Southampton,Leeds,2025,5,29,0.11250261049440939,1.4108318078403805
13,26,Aston,Leeds,2025,5,29,0.43763457596505767,0.9086374261741217
13,26,Islington,Leeds,2025,5,29,-0.10850626165882941,0.26833865534684015
13,26,Chelsea,Leeds,2025,5,29,0.40605279629003943,0.8927007878470946
13,26,Tottenham,Leeds,2025,5,29,0.09198277473364282,1.0439698152658552
13,26,Southampton,Liverpool,2025,5,29,1.9042976220443102,0.7940075417812155
13,26,Aston,Liverpool,2025,5,29,1.3850426113309617,1.093453506205516
13,26,Islington,Liverpool,2025,5,29,1.4533329882203618,1.7536731426979784
13,26,Chelsea,Liverpool,2025,5,29,1.1039316081529327,1.890275981481549
13,26,Tottenham,Liverpool,2025,5,29,0.5701456946857294,3.3744853311100322
13,26,Aston,Southampton,2025,5,29,1.0742057593110157,2.5209778007680583
13,26,Islington,Southampton,2025,5,29,0.5171120568902762,1.3252112403035614
13,26,Chelsea,Southampton,2025,5,29,0.4124966044338472,1.647856207821394
13,26,Tottenham,Southampton,2025,5,29,0.3094152633382677,2.237882482103794
13,26,Islington,Aston,2025,5,29,-0.03687782353623032,1.0293262283458162
13,26,Chelsea,Aston,2025,5,29,0.6767141475453392,1.0252728455952946
13,26,Tottenham,Aston,2025,5,29,0.15643587949088278,0.47374127779726205
13,26,Chelsea,Islington,2025,5,29,1.224124357674964,1.3045547590549784
13,26,Tottenham,Islington,2025,5,29,0.9673992938989397,0.9876609756744192
13,26,Tottenham,Chelsea,2025,5,29,0.39933036690660945,0.8531366618944282
13,29,Brighton,Leicester,2025,5,29,1.241406392898947,1.6376631833109279
13,29,Palace,Leicester,2025,5,29,1.0560904254151533,0.6024294726369712
13,29,Everton,Leicester,2025,5,29,1.0092039680602276,0.6564762839549009
13,29,Watford,Leicester,2025,5,29,2.2985823972455814,0.19269819379056313
13,29,Burnley,Leicester,2025,5,29,1.3500189657561976,0.497632130094457
13,29,Brentford,Leicester,2025,5,29,0.6285318390275593,0.09091015793263725
13,29,West Ham,Leicester,2025,5,29,2.329744950431651,0.36390397645230427
13,29,United,Leicester,2025,5,29,1.4537888491121642,0.8814974981963117
13,29,Newcastle,Leicester,2025,5,29,2.3244286929580307,0.8683778768466488
13,29,City,Leicester,2025,5,29,1.42050110163775,0.24004274875703677
13,29,Wolverhampton,Leicester,2025,5,29,1.168878101369603,-0.20178647571018885
13,29,Norwich,Leicester,2025,5,29,1.1512263513695302,0.3343591489052244
13,29,Leeds,Leicester,2025,5,29,2.0455563645027013,0.5264648213661574
13,29,Liverpool,Leicester,2025,5,29,1.2248937078004962,0.02547184171701442
13,29,Southampton,Leicester,2025,5,29,1.444690078523567,0.7087159726863322
13,29,Aston,Leicester,2025,5,29,1.3021867008748533,0.8153514046015133
13,29,Islington,Leicester,2025,5,29,1.3128916725869273,0.3704853096994907
13,29,Chelsea,Leicester,2025,5,29,1.0430658759198783,1.110745363398085
13,29,Tottenham,Leicester,2025,5,29,0.7203138267201634,0.5072500723359625
13,29,Palace,Brighton,2025,5,29,0.6472140150773225,1.1205318370154556
13,29,Everton,Brighton,2025,5,29,1.1376443656693458,1.1447558171823111
13,29,Watford,Brighton,2025,5,29,0.5803414861245605,1.4631687821441661
13,29,Burnley,Brighton,2025,5,29,0.9643682594452376,1.6643243079864303
13,29,Brentford,Brighton,2025,5,29,1.1425428422638633,1.2335705915565214
13,29,West Ham,Brighton,2025,5,29,1.73386646438638,1.8716466722368323
13,29,United,Brighton,2025,5,29,0.797789633565684,1.661531602516706
13,29,Newcastle,Brighton,2025,5,29,0.6731594504799584,1.9947463805180923
13,29,City,Brighton,2025,5,29,1.333444945180966,2.8277172390870664
13,29,Wolverhampton,Brighton,2025,5,29,0.798523687746749,2.971475589205934
13,29,Norwich,Brighton,2025,5,29,0.45712476013575926,2.9480216183972234
13,29,Leeds,Brighton,2025,5,29,1.316737783940741,1.4607754047715407
13,29,Liverpool,Brighton,2025,5,29,0.6543653095155785,3.1549362469613023
13,29,Southampton,Brighton,2025,5,29,0.7691319753712587,1.81801817621864
13,29,Aston,Brighton,2025,5,29,0.7388157559409699,2.9185147276560888
13,29,Islington,Brighton,2025,5,29,0.59435033642097,1.5547556049299922
13,29,Chelsea,Brighton,2025,5,29,1.1044940179239848,1.5871856413835883
13,29,Tottenham,Brighton,2025,5,29,0.5053144565482723,2.148376005240228
13,29,Everton,Palace,2025,5,29,1.2889922738027846,0.731678282884513
13,29,Watford,Palace,2025,5,29,2.3465453096128246,1.130755375767238
13,29,Burnley,Palace,2025,5,29,1.1595493371934853,1.9068372407559036
13,29,Brentford,Palace,2025,5,29,1.8429902642800724,0.764600063332501
13,29,West Ham,Palace,2025,5,29,2.2820184985000296,0.8329905486314417
13,29,United,Palace,2025,5,29,1.8260174184486992,1.4848318124328275
13,29,Newcastle,Palace,2025,5,29,2.6488819929902765,0.9309274076467565
13,29,City,Palace,2025,5,29,0.774393683032367,1.4343136232221514
13,29,Wolverhampton,Palace,2025,5,29,2.0759965253168575,2.174875251206784
13,29,Norwich,Palace,2025,5,29,2.7700217133809257,0.8579751643743965
13,29,Leeds,Palace,2025,5,29,1.5465032711347244,1.541633535083073
13,29,Liverpool,Palace,2025,5,29,2.1338203030131675,1.5586511184920027
13,29,Southampton,Palace,2025,5,29,1.499292560563548,0.8978477433019065
13,29,Aston,Palace,2025,5,29,2.247007014630225,1.299369765478126
13,29,Islington,Palace,2025,5,29,1.2012074688692684,0.23117863027112187
13,29,Chelsea,Palace,2025,5,29,1.1665323019552054,1.3307260709740587
13,29,Tottenham,Palace,2025,5,29,0.9222647312177202,1.495442423953162
13,29,Watford,Everton,2025,5,29,0.5337610601064103,0.1494516659561327
13,29,Burnley,Everton,2025,5,29,0.7090546131675498,0.42932226146957964
13,29,Brentford,Everton,2025,5,29,0.3312899147869765,0.20505392351025015
13,29,West Ham,Everton,2025,5,29,1.1940654852422337,0.40687434156695484
13,29,United,Everton,2025,5,29,0.6666531925210446,0.6424113996415383
13,29,Newcastle,Everton,2025,5,29,1.0627868351831276,0.24375316052307938
13,29,City,Everton,2025,5,29,1.0409537135210696,0.4066053620560956
13,29,Wolverhampton,Everton,2025,5,29,1.263247001738205,0.3967614872641085
13,29,Norwich,Everton,2025,5,29,-0.19474274083795345,0.17865991451017516
13,29,Leeds,Everton,2025,5,29,0.9517332755512082,0.15500375560194224
13,29,Liverpool,Everton,2025,5,29,0.26515733222659876,-0.02482661057562471
13,29,Southampton,Everton,2025,5,29,0.054063855381245564,0.08277709143557517
13,29,Aston,Everton,2025,5,29,0.9507452269565445,0.44525686471116055
13,29,Islington,Everton,2025,5,29,0.05278187953182185,0.0950326908350439
13,29,Chelsea,Everton,2025,5,29,0.47668174070827835,1.096564110007126
13,29,Tottenham,Everton,2025,5,29,0.10044556663834095,0.34332240433107736
13,29,Burnley,Watford,2025,5,29,1.6362459854462443,1.3703448652734176
13,29,Brentford,Watford,2025,5,29,1.9407971327661164,0.7235890412294754
13,29,West Ham,Watford,2025,5,29,2.2998892790796486,1.085593325158088
13,29,United,Watford,2025,5,29,2.1135045554926424,1.1043862687356993
13,29,Newcastle,Watford,2025,5,29,2.5955105894934896,1.0354025224504249
13,29,City,Watford,2025,5,29,1.909634631988997,1.0758285660644005
13,29,Wolverhampton,Watford,2025,5,29,2.4332375563078945,1.8948802958662287
13,29,Norwich,Watford,2025,5,29,2.5809430180315847,1.0404607050718406
13,29,Leeds,Watford,2025,5,29,2.391217217527404,0.6559440919178081
13,29,Liverpool,Watford,2025,5,29,2.2162540768864156,1.2059546194790198
13,29,Southampton,Watford,2025,5,29,2.3460851683547657,1.0928105703551967
13,29,Aston,Watford,2025,5,29,2.3693603367775857,1.335672218218271
13,29,Islington,Watford,2025,5,29,2.2460465370093257,0.5447247892411754
13,29,Chelsea,Watford,2025,5,29,2.0702563717005207,1.604298219252326
13,29,Tottenham,Watford,2025,5,29,2.086022434183133,1.394757545989586
13,29,Brentford,Burnley,2025,5,29,1.4869029111288445,0.8366735516509072
13,29,West Ham,Burnley,2025,5,29,1.6090092376318423,1.1444030529823372
13,29,United,Burnley,2025,5,29,1.308442635689323,1.685205164227529
13,29,Newcastle,Burnley,2025,5,29,2.4047281502884283,1.3063177695045545
13,29,City,Burnley,2025,5,29,0.44409034718066204,1.8685067609778494
13,29,Wolverhampton,Burnley,2025,5,29,1.2965640891652686,2.65194107855492
13,29,Norwich,Burnley,2025,5,29,0.9033520654501966,1.6225590919243544
13,29,Leeds,Burnley,2025,5,29,0.3726774982760297,2.05374965885898
13,29,Liverpool,Burnley,2025,5,29,1.4714448940336604,1.5727282972767418
13,29,Southampton,Burnley,2025,5,29,0.49473984262061205,0.8272462838770829
13,29,Aston,Burnley,2025,5,29,1.4019028427140723,1.2764114949852094
13,29,Islington,Burnley,2025,5,29,0.6864893499167634,0.9791509176575998
13,29,Chelsea,Burnley,2025,5,29,1.0873494919678621,1.9002686932300408
13,29,Tottenham,Burnley,2025,5,29,0.38678499664920934,1.8696143236361729
13,29,West Ham,Brentford,2025,5,29,1.9335601960644948,0.6273082552357622
13,29,United,Brentford,2025,5,29,1.1107536303738235,1.0927056248422393
13,29,Newcastle,Brentford,2025,5,29,1.6889941495727057,0.8503158821694781
13,29,City,Brentford,2025,5,29,1.2235239869826353,0.945997079843307
13,29,Wolverhampton,Brentford,2025,5,29,1.254888629667708,1.6146538484661672
13,29,Norwich,Brentford,2025,5,29,0.16710730611343685,0.23571086790801515
13,29,Leeds,Brentford,2025,5,29,1.4362641510947272,0.6712857866125551
13,29,Liverpool,Brentford,2025,5,29,0.9487155338849239,0.20161775605230145
13,29,Southampton,Brentford,2025,5,29,0.46498833714045984,0.23884285318440418
13,29,Aston,Brentford,2025,5,29,1.451495686501367,1.0653696124863865
13,29,Islington,Brentford,2025,5,29,0.40741124945921836,0.5196892256660186
13,29,Chelsea,Brentford,2025,5,29,0.9712049326617503,1.763705167866202
13,29,Tottenham,Brentford,2025,5,29,0.1973151018923588,1.2384798491301803
13,29,United,West Ham,2025,5,29,1.599885489341129,1.5564122060518544
13,29,Newcastle,West Ham,2025,5,29,2.7659550748754906,0.3056230644470794
13,29,City,West Ham,2025,5,29,1.3671304880630242,1.7563811697907
13,29,Wolverhampton,West Ham,2025,5,29,1.1640611939324452,2.921231763263224
13,29,Norwich,West Ham,2025,5,29,0.7330480294578364,1.4328137085961543
13,29,Leeds,West Ham,2025,5,29,1.6715428594202837,1.2586400473831771
13,29,Liverpool,West Ham,2025,5,29,1.4597013698691628,2.280778173912535
13,29,Southampton,West Ham,2025,5,29,0.9721814753525126,0.8536294014569066
13,29,Aston,West Ham,2025,5,29,1.5432780397988681,1.1526649729405545
13,29,Islington,West Ham,2025,5,29,0.8572069273023794,1.1310090685832124
13,29,Chelsea,West Ham,2025,5,29,1.4953281138677124,1.0346877336933467
13,29,Tottenham,West Ham,2025,5,29,0.5698941910856027,1.404746695691319
13,29,Newcastle,United,2025,5,29,1.9879401585154994,0.30338979600218935
13,29,City,United,2025,5,29,1.515153362398928,0.5494189326625063
13,29,Wolverhampton,United,2025,5,29,1.756599014580786,0.5587455021079168
13,29,Norwich,United,2025,5,29,1.711644858136922,0.7885489580661733
13,29,Leeds,United,2025,5,29,1.7046328406537963,0.4616493900931442
13,29,Liverpool,United,2025,5,29,1.815857387011139,0.6518223318614044
13,29,Southampton,United,2025,5,29,1.7765804849581104,0.80412219935358
13,29,Aston,United,2025,5,29,1.9367691157204976,0.5239061797290997
13,29,Islington,United,2025,5,29,1.9308816091838201,0.6210372871553287
13,29,Chelsea,United,2025,5,29,1.72255353857051,1.0335712461773956
13,29,Tottenham,United,2025,5,29,1.4407189300450889,0.15295099185558497
13,29,City,Newcastle,2025,5,29,1.4495942705419083,0.28640203342833226
13,29,Wolverhampton,Newcastle,2025,5,29,0.7260623817124257,0.5030307875424697
13,29,Norwich,Newcastle,2025,5,29,1.6282204266606126,-0.12591834931451845
13,29,Leeds,Newcastle,2025,5,29,1.7082555196310814,0.45359369672569916
13,29,Liverpool,Newcastle,2025,5,29,1.5571250345682783,-0.10316121062408569
13,29,Southampton,Newcastle,2025,5,29,1.8612660014875877,0.44130424144153063
13,29,Aston,Newcastle,2025,5,29,1.4047616305234445,0.4937217211231259
13,29,Islington,Newcastle,2025,5,29,1.841878648029397,0.09748673766084712
13,29,Chelsea,Newcastle,2025,5,29,2.241417958506131,1.7284035826866329
13,29,Tottenham,Newcastle,2025,5,29,1.4679062327375054,0.4821572748929608
13,29,Wolverhampton,City,2025,5,29,0.9248180870521339,1.2685533350656082
13,29,Norwich,City,2025,5,29,0.7294301736955935,1.8726399053392908
13,29,Leeds,City,2025,5,29,1.43340286952237,1.012491192523941
13,29,Liverpool,City,2025,5,29,1.038229760192735,1.487638930377534
13,29,Southampton,City,2025,5,29,1.3714879217130969,1.545950397032932
13,29,Aston,City,2025,5,29,1.3851621930635734,1.6469865651020852
13,29,Islington,City,2025,5,29,0.8687705547932314,1.1419049095894616
13,29,Chelsea,City,2025,5,29,0.9197494334324618,1.290512150782186
13,29,Tottenham,City,2025,5,29,0.5750551652824697,0.8905180103728265
13,29,Norwich,Wolverhampton,2025,5,29,0.9181777592494618,0.07262775032825598
13,29,Leeds,Wolverhampton,2025,5,29,1.4108370462691269,0.8132070042879058
13,29,Liverpool,Wolverhampton,2025,5,29,1.6140905528401952,0.27597223233210466
13,29,Southampton,Wolverhampton,2025,5,29,1.3139325710252137,0.9597146881305699
13,29,Aston,Wolverhampton,2025,5,29,1.5786623442440235,0.6383025450694616
13,29,Islington,Wolverhampton,2025,5,29,0.9396494380220829,0.41185605662881847
13,29,Chelsea,Wolverhampton,2025,5,29,1.1771541528519822,1.0293397876261348
13,29,Tottenham,Wolverhampton,2025,5,29,0.17275478381598483,-0.04497577343416041
13,29,Leeds,Norwich,2025,5,29,1.5973859561663386,0.8608169287302829
13,29,Liverpool,Norwich,2025,5,29,0.3681038269810561,-0.13466781656298274
13,29,Southampton,Norwich,2025,5,29,1.0141735721855059,1.3365549573197122
13,29,Aston,Norwich,2025,5,29,0.294143910166133,0.29844496276665994
13,29,Islington,Norwich,2025,5,29,0.5477582458864622,-0.063505100726778
13,29,Chelsea,Norwich,2025,5,29,1.0400431142551352,0.9980829796781613
13,29,Tottenham,Norwich,2025,5,29,0.30450001847585434,0.15711966951587722
13,29,Liverpool,Leeds,2025,5,29,-0.03196064160423894,3.3494499072101216
13,29,Southampton,Leeds,2025,5,29,0.14203771633727516,1.4636170730134779
13,29,Aston,Leeds,2025,5,29,0.5139560344801487,0.8988940992416048
13,29,Islington,Leeds,2025,5,29,-0.009959553950864675,0.20081647382096407
13,29,Chelsea,Leeds,2025,5,29,0.45817006267273924,0.8307976984576022
13,29,Tottenham,Leeds,2025,5,29,0.15471714692363273,0.9794860156588229
13,29,Southampton,Liverpool,2025,5,29,1.873973711719279,0.9391498346690351
13,29,Aston,Liverpool,2025,5,29,1.4587059080081084,1.170153796924481
13,29,Islington,Liverpool,2025,5,29,1.5351729765009745,1.806432603910393
13,29,Chelsea,Liverpool,2025,5,29,1.0940585880746834,1.587080895232195
13,29,Tottenham,Liverpool,2025,5,29,0.5549394311399879,3.011859036981502
13,29,Aston,Southampton,2025,5,29,1.1694243284889971,2.3711256847454285
13,29,Islington,Southampton,2025,5,29,0.6131922846725593,1.375526794833341
13,29,Chelsea,Southampton,2025,5,29,0.44102996360083857,1.281624639071654
13,29,Tottenham,Southampton,2025,5,29,0.37332350941660225,1.946666164733524
13,29,Islington,Aston,2025,5,29,0.044943751979875476,0.9928271966218885
13,29,Chelsea,Aston,2025,5,29,0.7036818797404639,0.8562476476635198
13,29,Tottenham,Aston,2025,5,29,0.18788322238426683,0.332602065723088
13,29,Chelsea,Islington,2025,5,29,1.2777818471505598,0.9809383836952733
13,29,Tottenham,Islington,2025,5,29,1.0442672442642014,0.7073594961233826
13,29,Tottenham,Chelsea,2025,5,29,0.5146878895068702,0.7344007715124967
13,32,Brighton,Leicester,2025,5,29,1.2184029361542144,1.8145348488037538
13,32,Palace,Leicester,2025,5,29,1.0175359036070255,0.5891357854572047
13,32,Everton,Leicester,2025,5,29,0.9918574362554207,0.8544707628275694
13,32,Watford,Leicester,2025,5,29,2.377488297461821,0.17501720311774438
13,32,Burnley,Leicester,2025,5,29,1.363800913681361,0.5595552810904781
13,32,Brentford,Leicester,2025,5,29,0.5896645634524893,0.07925826621506087
13,32,West Ham,Leicester,2025,5,29,2.236003861960032,0.343023250642964
13,32,United,Leicester,2025,5,29,1.5680847793906953,0.8673753188127524
13,32,Newcastle,Leicester,2025,5,29,2.3864980113794974,0.8750691233463038
13,32,City,Leicester,2025,5,29,1.4961820291054524,0.22248881731720052
13,32,Wolverhampton,Leicester,2025,5,29,1.2437529782093195,-0.21921253352699738
13,32,Norwich,Leicester,2025,5,29,1.1130231813460205,0.3123585579102984
13,32,Leeds,Leicester,2025,5,29,2.0483653985124115,0.5288478399987218
13,32,Liverpool,Leicester,2025,5,29,1.2457409505859967,0.0324337956870576
13,32,Southampton,Leicester,2025,5,29,1.3858038003103708,0.7054718581320429
13,32,Aston,Leicester,2025,5,29,1.420371069539584,0.8079110533494364
13,32,Islington,Leicester,2025,5,29,1.2972179991696118,0.3621787088251043
13,32,Chelsea,Leicester,2025,5,29,0.9972082132590678,1.3043398564829363
13,32,Tottenham,Leicester,2025,5,29,0.6810951993604751,0.5589865178334945
13,32,Palace,Brighton,2025,5,29,0.7177196342785048,1.1486560716409127
13,32,Everton,Brighton,2025,5,29,1.2741811178611986,1.1542284022847087
13,32,Watford,Brighton,2025,5,29,0.7271411568560824,1.461273230983029
13,32,Burnley,Brighton,2025,5,29,1.035536382131394,1.6588834677762194
13,32,Brentford,Brighton,2025,5,29,1.1850226065887826,1.2416768800353766
13,32,West Ham,Brighton,2025,5,29,1.6788058681586986,1.8895841962728952
13,32,United,Brighton,2025,5,29,1.0204666440054109,1.6883541184563362
13,32,Newcastle,Brighton,2025,5,29,0.7839245146089984,2.02028416340883
13,32,City,Brighton,2025,5,29,1.4485818943228357,2.8276853580419767
13,32,Wolverhampton,Brighton,2025,5,29,1.0426500520120754,2.9988856983443934
13,32,Norwich,Brighton,2025,5,29,0.4972002530215623,2.9853788380473714
13,32,Leeds,Brighton,2025,5,29,1.3801410375812149,1.4927054172738285
13,32,Liverpool,Brighton,2025,5,29,0.7218320278698799,3.167562438803986
13,32,Southampton,Brighton,2025,5,29,0.7906217776632748,1.8219715072417257
13,32,Aston,Brighton,2025,5,29,0.9942251099506381,2.929258832598683
13,32,Islington,Brighton,2025,5,29,0.6859278911040777,1.5935178301959299
13,32,Chelsea,Brighton,2025,5,29,1.139340872123225,1.6053537903631299
13,32,Tottenham,Brighton,2025,5,29,0.5648735007168468,2.191344089865111
13,32,Everton,Palace,2025,5,29,1.3560690876320463,0.7493908117507353
13,32,Watford,Palace,2025,5,29,2.773444881813571,1.1186380633259883
13,32,Burnley,Palace,2025,5,29,1.5994876774564364,1.8898533014745886
13,32,Brentford,Palace,2025,5,29,2.2783659511212058,0.7557542935751305
13,32,West Ham,Palace,2025,5,29,2.713466321476657,0.8210296810788743
13,32,United,Palace,2025,5,29,2.301342856138775,1.4722212720265366
13,32,Newcastle,Palace,2025,5,29,3.082590419925253,0.944435912255836
13,32,City,Palace,2025,5,29,0.7992986348554298,1.4238260580025905
13,32,Wolverhampton,Palace,2025,5,29,2.5395075501978455,2.1597900327322352
13,32,Norwich,Palace,2025,5,29,3.2082224801797183,0.8591947728950469
13,32,Leeds,Palace,2025,5,29,1.6810685917512433,1.5359348468124179
13,32,Liverpool,Palace,2025,5,29,2.6066378511072,1.5590340535475329
13,32,Southampton,Palace,2025,5,29,1.5185191859895515,0.894005004993776
13,32,Aston,Palace,2025,5,29,2.739659749295845,1.2906086330620803
13,32,Islington,Palace,2025,5,29,1.3235351071808388,0.2182213663885942
13,32,Chelsea,Palace,2025,5,29,1.1828497301101133,1.3502009160378727
13,32,Tottenham,Palace,2025,5,29,0.9531399388221223,1.498702545356414
13,32,Watford,Everton,2025,5,29,0.9009454295586393,0.14841102683828492
13,32,Burnley,Everton,2025,5,29,0.7935158183031259,0.5009800374316756
13,32,Brentford,Everton,2025,5,29,0.4331832849412561,0.20210267595972273
13,32,West Ham,Everton,2025,5,29,1.3573532961061863,0.39789399506118517
13,32,United,Everton,2025,5,29,1.114027072137003,0.6450135115254356
13,32,Newcastle,Everton,2025,5,29,1.3872490902407657,0.24960743325571863
13,32,City,Everton,2025,5,29,1.3283185463746332,0.4087104182892139
13,32,Wolverhampton,Everton,2025,5,29,1.7084020232670196,0.34936120621748884
13,32,Norwich,Everton,2025,5,29,-0.12060929010495079,0.1728932991821743
13,32,Leeds,Everton,2025,5,29,1.2167435622958294,0.15862838237659255
13,32,Liverpool,Everton,2025,5,29,0.34145208361539553,0.06524271682003493
13,32,Southampton,Everton,2025,5,29,0.12807379700989707,0.15461076963826248
13,32,Aston,Everton,2025,5,29,1.374854459552207,0.45321525687196834
13,32,Islington,Everton,2025,5,29,0.1940126272565089,0.08770602167232479
13,32,Chelsea,Everton,2025,5,29,0.5103965976448963,1.2996038516948354
13,32,Tottenham,Everton,2025,5,29,0.17797686644494012,0.4083811196827797
13,32,Burnley,Watford,2025,5,29,2.0658099324841093,1.3042712218087764
13,32,Brentford,Watford,2025,5,29,2.3657984263821636,0.7339423550354054
13,32,West Ham,Watford,2025,5,29,2.7244384748750807,1.0717799691759509
13,32,United,Watford,2025,5,29,2.5852172241339586,1.1032326115330384
13,32,Newcastle,Watford,2025,5,29,3.0207733212574928,1.0464005540584305
13,32,City,Watford,2025,5,29,1.5923878769368134,1.0737834660863166
13,32,Wolverhampton,Watford,2025,5,29,2.8730118118334316,1.8451904336992948
13,32,Norwich,Watford,2025,5,29,3.012245157649182,1.0389470993835357
13,32,Leeds,Watford,2025,5,29,2.1718124126943548,0.6662341557337274
13,32,Liverpool,Watford,2025,5,29,2.689071624980448,1.2478156070497761
13,32,Southampton,Watford,2025,5,29,2.017057651084969,1.1218503796329529
13,32,Aston,Watford,2025,5,29,2.8476606324425306,1.3378873625002567
13,32,Islington,Watford,2025,5,29,1.9915503371474277,0.548287228468574
13,32,Chelsea,Watford,2025,5,29,1.757226447855134,1.5677938142874532
13,32,Tottenham,Watford,2025,5,29,1.7542910600910584,1.408179317682695
13,32,Brentford,Burnley,2025,5,29,1.9663244029696285,0.8476352434992718
13,32,West Ham,Burnley,2025,5,29,2.067391693917451,1.1394208819079037
13,32,United,Burnley,2025,5,29,1.8446632303941297,1.69360117302387
13,32,Newcastle,Burnley,2025,5,29,2.853448654424556,1.3287075481927084
13,32,City,Burnley,2025,5,29,0.45290645528789886,1.875717316372187
13,32,Wolverhampton,Burnley,2025,5,29,1.7740436591161641,2.653466777484534
13,32,Norwich,Burnley,2025,5,29,1.39541203736918,1.6448092411325834
13,32,Leeds,Burnley,2025,5,29,0.5350865176343015,2.0608797357159263
13,32,Liverpool,Burnley,2025,5,29,1.9546386355894796,1.6107377457679988
13,32,Southampton,Burnley,2025,5,29,0.5807674418708995,0.8529299131296348
13,32,Aston,Burnley,2025,5,29,1.8983171981959632,1.294155923420735
13,32,Islington,Burnley,2025,5,29,0.8742492128177055,0.9758315617767557
13,32,Chelsea,Burnley,2025,5,29,1.1183465438777096,1.9223856774480517
13,32,Tottenham,Burnley,2025,5,29,0.46880520526750263,1.8888226598696385
13,32,West Ham,Brentford,2025,5,29,2.0596930951975247,0.6240318412326645
13,32,United,Brentford,2025,5,29,1.4688108575854302,1.095047917866552
13,32,Newcastle,Brentford,2025,5,29,1.9557202615211133,0.87267201685987
13,32,City,Brentford,2025,5,29,1.481243816822774,0.9518261577426373
13,32,Wolverhampton,Brentford,2025,5,29,1.6304255050324168,1.5629617725698568
13,32,Norwich,Brentford,2025,5,29,0.24903109092516273,0.24979123452571914
13,32,Leeds,Brentford,2025,5,29,1.6692046757936936,0.668747085300873
13,32,Liverpool,Brentford,2025,5,29,0.96702565176543,0.2839438836030793
13,32,Southampton,Brentford,2025,5,29,0.5442260132910741,0.3134340876584546
13,32,Aston,Brentford,2025,5,29,1.7922629702592747,1.076988749126507
13,32,Islington,Brentford,2025,5,29,0.5559760528938289,0.5190888115778696
13,32,Chelsea,Brentford,2025,5,29,1.0081077122653543,1.7985196284199727
13,32,Tottenham,Brentford,2025,5,29,0.30149535479282524,1.2625317461198202
13,32,United,West Ham,2025,5,29,1.7917231325604057,1.5359848073350493
13,32,Newcastle,West Ham,2025,5,29,2.9224035791967076,0.3179173386367849
13,32,City,West Ham,2025,5,29,1.520306238669056,1.7366489221417925
13,32,Wolverhampton,West Ham,2025,5,29,1.3356415377495376,2.8460269081729472
13,32,Norwich,West Ham,2025,5,29,0.756226262013124,1.4234589025349276
13,32,Leeds,West Ham,2025,5,29,1.8386316779331826,1.250183802841159
13,32,Liverpool,West Ham,2025,5,29,1.413467158901534,2.3061929335609697
13,32,Southampton,West Ham,2025,5,29,0.9967763428556689,0.8765554744380954
13,32,Aston,West Ham,2025,5,29,1.723040655487759,1.1346591580951622
13,32,Islington,West Ham,2025,5,29,0.9558505324988746,1.1163972483755802
13,32,Chelsea,West Ham,2025,5,29,1.4641826317311628,0.996800498412795
13,32,Tottenham,West Ham,2025,5,29,0.6027775001258874,1.399086958837798
13,32,Newcastle,United,2025,5,29,2.4395282587378526,0.3258092078794802
13,32,City,United,2025,5,29,1.2072111069510338,0.4876292239326998
13,32,Wolverhampton,United,2025,5,29,2.248300810679877,0.459184269843935
13,32,Norwich,United,2025,5,29,2.1709649708132113,0.7354527169199007
13,32,Leeds,United,2025,5,29,1.5234924270006742,0.39808896226698276
13,32,Liverpool,United,2025,5,29,2.31140965689705,0.6519797464465245
13,32,Southampton,United,2025,5,29,1.4697178944737717,0.8464295099955841
13,32,Aston,United,2025,5,29,2.47484557832172,0.48299391031043204
13,32,Islington,United,2025,5,29,1.7254725497312744,0.5547528968615849
13,32,Chelsea,United,2025,5,29,1.4210153158130774,1.2517483028909249
13,32,Tottenham,United,2025,5,29,1.1498787626466311,0.16584875598992516
13,32,City,Newcastle,2025,5,29,1.1389253171009739,0.2914877775962221
13,32,Wolverhampton,Newcastle,2025,5,29,1.2129866085567347,0.47384589817898765
13,32,Norwich,Newcastle,2025,5,29,2.070115233348667,-0.11199046607643784
13,32,Leeds,Newcastle,2025,5,29,1.448655782564408,0.4585380785633956
13,32,Liverpool,Newcastle,2025,5,29,2.027648608617636,-0.015507496179209703
13,32,Southampton,Newcastle,2025,5,29,1.5279611404436206,0.5163820341985076
13,32,Aston,Newcastle,2025,5,29,1.9181891056208518,0.5196849046021543
13,32,Islington,Newcastle,2025,5,29,1.5693501310166798,0.09620626702815675
13,32,Chelsea,Newcastle,2025,5,29,1.9267443304484497,1.9490430229886202
13,32,Tottenham,Newcastle,2025,5,29,1.163767834051486,0.5683400299123459
13,32,Wolverhampton,City,2025,5,29,1.3806692525786275,1.2454833246483838
13,32,Norwich,City,2025,5,29,0.7521953076738308,1.8944803343515086
13,32,Leeds,City,2025,5,29,1.6872961689627346,1.0229774494060913
13,32,Liverpool,City,2025,5,29,1.097888491278989,1.5012111332175369
13,32,Southampton,City,2025,5,29,1.391158783270293,1.545950397032932
13,32,Aston,City,2025,5,29,1.802708581501127,1.6733792112058725
13,32,Islington,City,2025,5,29,0.9331311789386874,1.1467049316467892
13,32,Chelsea,City,2025,5,29,0.9561954690995977,1.3463304592811547
13,32,Tottenham,City,2025,5,29,0.5966524294755418,0.9313920983219338
13,32,Norwich,Wolverhampton,2025,5,29,0.9820196881175187,0.07263312842953205
13,32,Leeds,Wolverhampton,2025,5,29,1.6818944562391782,0.8106683029762237
13,32,Liverpool,Wolverhampton,2025,5,29,1.664639995146158,0.3261299377839933
13,32,Southampton,Wolverhampton,2025,5,29,1.3789428161233996,1.0047795550439378
13,32,Aston,Wolverhampton,2025,5,29,1.9550133312364755,0.6419234614986582
13,32,Islington,Wolverhampton,2025,5,29,1.0775935122068245,0.4011937820399834
13,32,Chelsea,Wolverhampton,2025,5,29,1.2108780147819656,1.2391763949113694
13,32,Tottenham,Wolverhampton,2025,5,29,0.2649257468224116,0.023025357487983428
13,32,Leeds,Norwich,2025,5,29,1.635075159184238,0.8673868078592314
13,32,Liverpool,Norwich,2025,5,29,0.4169400076269598,-0.12526870950324695
13,32,Southampton,Norwich,2025,5,29,1.0087188495959485,1.3360683990367859
13,32,Aston,Norwich,2025,5,29,0.5352297153552386,0.31116638965469307
13,32,Islington,Norwich,2025,5,29,0.5914451915231131,-0.06607790958623924
13,32,Chelsea,Norwich,2025,5,29,1.0575926315538065,1.1994572020578806
13,32,Tottenham,Norwich,2025,5,29,0.33833462175585716,0.2358468081881097
13,32,Liverpool,Leeds,2025,5,29,0.031696447087957234,3.4086446575618066
13,32,Southampton,Leeds,2025,5,29,0.17699120318898445,1.513233894703772
13,32,Aston,Leeds,2025,5,29,0.736057787012613,0.8950533674287254
13,32,Islington,Leeds,2025,5,29,0.08904933235757403,0.22728781870250084
13,32,Chelsea,Leeds,2025,5,29,0.4803660613076851,0.965459447003019
13,32,Tottenham,Leeds,2025,5,29,0.2032091332542119,1.0087878647405009
13,32,Southampton,Liverpool,2025,5,29,1.861933026804223,0.9686762022297177
13,32,Aston,Liverpool,2025,5,29,1.7370611450586468,1.1853565918702784
13,32,Islington,Liverpool,2025,5,29,1.5656353756692203,1.8137646536771463
13,32,Chelsea,Liverpool,2025,5,29,1.0982254363856345,1.6206111738979054
13,32,Tottenham,Liverpool,2025,5,29,0.5588414089663103,3.081305944360251
13,32,Aston,Southampton,2025,5,29,1.5991656653299138,2.3851669110871674
13,32,Islington,Southampton,2025,5,29,0.7177745648983457,1.4022035887031181
13,32,Chelsea,Southampton,2025,5,29,0.4805800892901134,1.3245095424897058
13,32,Tottenham,Southampton,2025,5,29,0.4279309246991414,1.9985812958680746
13,32,Islington,Aston,2025,5,29,0.14100174540584035,0.978120911340329
13,32,Chelsea,Aston,2025,5,29,0.7463126531658342,1.128652674508658
13,32,Tottenham,Aston,2025,5,29,0.2517540552207512,0.4159007723138294
13,32,Chelsea,Islington,2025,5,29,0.957229648612841,0.9958125057234116
13,32,Tottenham,Islington,2025,5,29,0.7463577589397891,0.731530089557455
13,32,Tottenham,Chelsea,2025,5,29,0.6198298555559556,0.7261276711421452
13,35,Brighton,Leicester,2025,5,29,1.2475505132225917,1.831805646291495
13,35,Palace,Leicester,2025,5,29,0.8732469239606329,0.6531714950770975
13,35,Everton,Leicester,2025,5,29,0.8736545400335358,0.8665663299856029
13,35,Watford,Leicester,2025,5,29,2.3919717230763333,0.20658306648421726
13,35,Burnley,Leicester,2025,5,29,1.3929484907497383,0.6445504857039821
13,35,Brentford,Leicester,2025,5,29,0.5927260570963591,0.13653714319464297
13,35,West Ham,Leicester,2025,5,29,2.2053256946741095,0.3521515512382133
13,35,United,Leicester,2025,5,29,1.5637244292576042,0.950402004329644
13,35,Newcastle,Leicester,2025,5,29,2.389327771295043,0.9012547571123019
13,35,City,Leicester,2025,5,29,1.3749686471286686,0.35236205505890167
13,35,Wolverhampton,Leicester,2025,5,29,1.2277389623772625,-0.041920838547915965
13,35,Norwich,Leicester,2025,5,29,1.1160846749898903,0.32949549710727255
13,35,Leeds,Leicester,2025,5,29,2.0176872312264895,0.5557800699085333
13,35,Liverpool,Leicester,2025,5,29,1.2297269347539397,0.21949560460339904
13,35,Southampton,Leicester,2025,5,29,1.369789784478314,0.7198924150526456
13,35,Aston,Leicester,2025,5,29,1.404357053707527,0.8595808225653216
13,35,Islington,Leicester,2025,5,29,1.198090612423654,0.4465046587871658
13,35,Chelsea,Leicester,2025,5,29,0.8529192336126759,1.3018460866777968
13,35,Tottenham,Leicester,2025,5,29,0.5221420682602179,0.685587833688353
13,35,Palace,Brighton,2025,5,29,0.8362343286151752,1.5627091074201884
13,35,Everton,Brighton,2025,5,29,1.2552571734311135,1.1545282347281476
13,35,Watford,Brighton,2025,5,29,0.7097936230956079,1.5532220952423692
13,35,Burnley,Brighton,2025,5,29,1.0192946211123823,1.701291304573453
13,35,Brentford,Brighton,2025,5,29,1.2675493754427418,1.4117373704794114
13,35,West Ham,Brighton,2025,5,29,1.6284445848184417,2.035651632655072
13,35,United,Brighton,2025,5,29,1.0090421881713374,1.8272637603342143
13,35,Newcastle,Brighton,2025,5,29,0.7431964313376105,2.461038824689596
13,35,City,Brighton,2025,5,29,1.4594166604979169,2.858413618829001
13,35,Wolverhampton,Brighton,2025,5,29,1.0735488109531677,3.035370625425356
13,35,Norwich,Brighton,2025,5,29,0.575735984491128,3.301984557900739
13,35,Leeds,Brighton,2025,5,29,1.3475413581272409,1.8785021652090828
13,35,Liverpool,Brighton,2025,5,29,0.8602179180812721,3.2100182293146684
13,35,Southampton,Brighton,2025,5,29,0.8997941433619361,1.9314927531537573
13,35,Aston,Brighton,2025,5,29,1.020443649738127,3.0977808637675506
13,35,Islington,Brighton,2025,5,29,0.7769225381383746,1.7404110979794964
13,35,Chelsea,Brighton,2025,5,29,1.206516672334477,1.6105631574827382
13,35,Tottenham,Brighton,2025,5,29,0.6873998094013023,2.2278905556672233
13,35,Everton,Palace,2025,5,29,1.3023555699730214,0.7762495478094988
13,35,Watford,Palace,2025,5,29,2.7637560301943958,1.136472365769967
13,35,Burnley,Palace,2025,5,29,1.5952822370861661,1.9436907123693068
13,35,Brentford,Palace,2025,5,29,2.2741605107509355,0.7950231218569802
13,35,West Ham,Palace,2025,5,29,2.637869765286761,0.8055170846089034
13,35,United,Palace,2025,5,29,2.2669121253557916,1.5196461310747973
13,35,Newcastle,Palace,2025,5,29,3.0449503902930255,0.9811429658646373
13,35,City,Palace,2025,5,29,0.7607107643218561,1.4574675345879098
13,35,Wolverhampton,Palace,2025,5,29,2.5073259278395237,2.2109033045025575
13,35,Norwich,Palace,2025,5,29,3.177203103012107,0.8681672818659144
13,35,Leeds,Palace,2025,5,29,1.6120942069461681,1.5446525759783873
13,35,Liverpool,Palace,2025,5,29,2.5694744683476753,1.622188021500943
13,35,Southampton,Palace,2025,5,29,1.456568154745786,0.9107928374626891
13,35,Aston,Palace,2025,5,29,2.7066315118813393,1.3129330540427193
13,35,Islington,Palace,2025,5,29,1.3146540335976507,0.289950505621802
13,35,Chelsea,Palace,2025,5,29,1.1117017732764178,1.3569299102964303
13,35,Tottenham,Palace,2025,5,29,0.9079314158239326,1.516465317334
13,35,Watford,Everton,2025,5,29,0.8835978957981648,0.1806557771203732
13,35,Burnley,Everton,2025,5,29,0.7695372224308957,0.6368279339322898
13,35,Brentford,Everton,2025,5,29,0.3677336760723986,0.282471294608182
13,35,West Ham,Everton,2025,5,29,1.3026388020191284,0.40963033984529773
13,35,United,Everton,2025,5,29,1.1045892277778224,0.7300486196409062
13,35,Newcastle,Everton,2025,5,29,1.3367800932243654,0.3171925657516996
13,35,City,Everton,2025,5,29,1.329430786822904,0.5775756334311778
13,35,Wolverhampton,Everton,2025,5,29,1.731819674660165,0.5327450260810656
13,35,Norwich,Everton,2025,5,29,-0.17383957478056863,0.2191328396071884
13,35,Leeds,Everton,2025,5,29,1.1797906720950544,0.20780405218027315
13,35,Liverpool,Everton,2025,5,29,0.3361070931746279,0.25172806315377605
13,35,Southampton,Everton,2025,5,29,0.08726570609394776,0.15406314797650017
13,35,Aston,Everton,2025,5,29,1.3978199214455063,0.5490072900669358
13,35,Islington,Everton,2025,5,29,0.1489957610749647,0.20053495127214244
13,35,Chelsea,Everton,2025,5,29,0.4295960201333308,1.3280864201445897
13,35,Tottenham,Everton,2025,5,29,0.1590321006743021,0.5980381800259633
13,35,Burnley,Watford,2025,5,29,2.0705940948452617,1.3804265068165773
13,35,Brentford,Watford,2025,5,29,2.3705825887433165,0.7761639925574509
13,35,West Ham,Watford,2025,5,29,2.6610809545160166,1.0421022036090561
13,35,United,Watford,2025,5,29,2.54614103257785,1.1391219389902176
13,35,Newcastle,Watford,2025,5,29,2.994126973248482,1.1701155463246302
13,35,City,Watford,2025,5,29,1.4451111952021807,1.1005866998045337
13,35,Wolverhampton,Watford,2025,5,29,2.836334337555671,1.8687918436146596
13,35,Norwich,Watford,2025,5,29,2.995468895204196,1.0812465030127625
13,35,Leeds,Watford,2025,5,29,2.109187285234411,0.6844150223863225
13,35,Liverpool,Watford,2025,5,29,2.6472627814477985,1.2702128871653917
13,35,Southampton,Watford,2025,5,29,1.9661003014644203,1.1353643348086933
13,35,Aston,Watford,2025,5,29,2.815240446246102,1.448056606784219
13,35,Islington,Watford,2025,5,29,1.8833468477208386,0.6074830962865847
13,35,Chelsea,Watford,2025,5,29,1.592879213363034,1.5931280996953687
13,35,Tottenham,Watford,2025,5,29,1.5890170757156112,1.530402143212033
13,35,Brentford,Burnley,2025,5,29,1.9522953118299955,0.7943799702184675
13,35,West Ham,Burnley,2025,5,29,2.0414351993795092,1.0601705865512212
13,35,United,Burnley,2025,5,29,1.8250870265530599,1.6731152749139853
13,35,Newcastle,Burnley,2025,5,29,2.8106588367769745,1.3447514045986158
13,35,City,Burnley,2025,5,29,0.33201724454076065,1.8996339975375771
13,35,Wolverhampton,Burnley,2025,5,29,1.7699796773886711,2.6756338855584314
13,35,Norwich,Burnley,2025,5,29,1.3534224863409514,1.6446775828761455
13,35,Leeds,Burnley,2025,5,29,0.5112441647654371,2.0658798428268437
13,35,Liverpool,Burnley,2025,5,29,1.9205534104670732,1.6411097715969833
13,35,Southampton,Burnley,2025,5,29,0.5575779180026053,0.8538463179546376
13,35,Aston,Burnley,2025,5,29,1.8916230212773448,1.3157255677611253
13,35,Islington,Burnley,2025,5,29,0.7333491383159667,0.9457481516176509
13,35,Chelsea,Burnley,2025,5,29,0.963764744270297,1.8343594103964758
13,35,Tottenham,Burnley,2025,5,29,0.3383128929503606,1.8989024920178426
13,35,West Ham,Brentford,2025,5,29,2.0143457168592085,0.6036500501559953
13,35,United,Brentford,2025,5,29,1.4360911423511051,1.171639040562804
13,35,Newcastle,Brentford,2025,5,29,1.9135761283313828,0.915404399062138
13,35,City,Brentford,2025,5,29,1.4605394075736702,1.001833696195033
13,35,Wolverhampton,Brentford,2025,5,29,1.6297850885493235,1.6456539397724923
13,35,Norwich,Brentford,2025,5,29,0.1919403068123864,0.24663305913554584
13,35,Leeds,Brentford,2025,5,29,1.63572912285596,0.6994549083964678
13,35,Liverpool,Brentford,2025,5,29,0.9543663827549911,0.369333957705142
13,35,Southampton,Brentford,2025,5,29,0.5224182381927363,0.32096234543376334
13,35,Aston,Brentford,2025,5,29,1.7778529260835945,1.1249369683242598
13,35,Islington,Brentford,2025,5,29,0.5159905591311266,0.5619753973929987
13,35,Chelsea,Brentford,2025,5,29,0.9378734167593228,1.7890340982401185
13,35,Tottenham,Brentford,2025,5,29,0.25470486211921384,1.3093468870942473
13,35,United,West Ham,2025,5,29,1.7693828103905387,1.6173762356694112
13,35,Newcastle,West Ham,2025,5,29,2.8572711805007645,0.7606363802068503
13,35,City,West Ham,2025,5,29,1.3819887581392554,1.7936085217616051
13,35,Wolverhampton,West Ham,2025,5,29,1.3283152805710887,2.889680964828001
13,35,Norwich,West Ham,2025,5,29,0.7000163722228406,1.7351483047314302
13,35,Leeds,West Ham,2025,5,29,1.7897319341045796,1.655668389730663
13,35,Liverpool,West Ham,2025,5,29,1.392650871940618,2.3595429304749316
13,35,Southampton,West Ham,2025,5,29,0.9594784344725945,0.9762916074264015
13,35,Aston,West Ham,2025,5,29,1.7195141580384685,1.2764205673782207
13,35,Islington,West Ham,2025,5,29,0.7943001643147974,1.2445038116481513
13,35,Chelsea,West Ham,2025,5,29,1.2953804933616953,0.9299215176698188
13,35,Tottenham,West Ham,2025,5,29,0.44831500885852515,1.4407122501957224
13,35,Newcastle,United,2025,5,29,2.402633779563883,0.3849026591944872
13,35,City,United,2025,5,29,1.1098952878523813,0.5927714102003462
13,35,Wolverhampton,United,2025,5,29,2.2732378647370624,0.6235228604889278
13,35,Norwich,United,2025,5,29,2.123470442895319,0.7345975458558532
13,35,Leeds,United,2025,5,29,1.4900168740629407,0.4183077876000719
13,35,Liverpool,United,2025,5,29,2.2891472863166062,0.8235335037820437
13,35,Southampton,United,2025,5,29,1.4420203408897327,0.8623532360172748
13,35,Aston,United,2025,5,29,2.4971524371877805,0.5277047289972775
13,35,Islington,United,2025,5,29,1.5847672146968388,0.5959123857006668
13,35,Chelsea,United,2025,5,29,1.2703247757874834,1.2454807817388687
13,35,Tottenham,United,2025,5,29,1.0338356777272673,0.29958612289882197
13,35,City,Newcastle,2025,5,29,1.029850015388878,0.45183492938914227
13,35,Wolverhampton,Newcastle,2025,5,29,1.2083109753438168,0.6547443647639176
13,35,Norwich,Newcastle,2025,5,29,2.038942644181561,-0.06028607759792206
13,35,Leeds,Newcastle,2025,5,29,1.4345131970615088,0.5056779047552173
13,35,Liverpool,Newcastle,2025,5,29,1.9934498891319639,0.17384376309283828
13,35,Southampton,Newcastle,2025,5,29,1.5138185549407215,0.5390588588887356
13,35,Aston,Newcastle,2025,5,29,1.899743844715347,0.5951211408199741
13,35,Islington,Newcastle,2025,5,29,1.4273396149777557,0.20251468521568017
13,35,Chelsea,Newcastle,2025,5,29,1.772837007374617,1.9327458588314352
13,35,Tottenham,Newcastle,2025,5,29,1.0440924835954675,0.7286081422652152
13,35,Wolverhampton,City,2025,5,29,1.4210102737959593,1.332642842675432
13,35,Norwich,City,2025,5,29,0.8525717848660048,2.239911390184521
13,35,Leeds,City,2025,5,29,1.6688638766107275,1.4390564629402303
13,35,Liverpool,City,2025,5,29,1.2536912016917567,1.6059183582833325
13,35,Southampton,City,2025,5,29,1.5236377476560303,1.813280148661622
13,35,Aston,City,2025,5,29,1.8357099299461554,2.0052767207606657
13,35,Islington,City,2025,5,29,1.0474324246600595,1.4612310998365219
13,35,Chelsea,City,2025,5,29,1.0466778679979254,1.3941949935633005
13,35,Tottenham,City,2025,5,29,0.7374714318451321,1.0610433650803945
13,35,Norwich,Wolverhampton,2025,5,29,1.0585442538598095,0.42762307065010424
13,35,Leeds,Wolverhampton,2025,5,29,1.6518025274078627,1.2258394884185073
13,35,Liverpool,Wolverhampton,2025,5,29,1.7741478385009026,0.5036131712358203
13,35,Southampton,Wolverhampton,2025,5,29,1.4875018409833887,1.2845844867907321
13,35,Aston,Wolverhampton,2025,5,29,1.948319154317857,0.9417891886386526
13,35,Islington,Wolverhampton,2025,5,29,1.153150937794774,0.7348882701683559
13,35,Chelsea,Wolverhampton,2025,5,29,1.2717465835463662,1.2460704591917708
13,35,Tottenham,Wolverhampton,2025,5,29,0.353132352773822,0.18354263279967412
13,35,Leeds,Norwich,2025,5,29,1.586935454792639,0.918454150528655
13,35,Liverpool,Norwich,2025,5,29,0.5467047393357436,0.061754672197503656
13,35,Southampton,Norwich,2025,5,29,1.1101791053406123,1.358367949013438
13,35,Aston,Norwich,2025,5,29,0.5272496260998425,0.3941374669440647
13,35,Islington,Norwich,2025,5,29,0.6747277286034122,0.0017451083087307207
13,35,Chelsea,Norwich,2025,5,29,1.1170563218110603,1.2029798861888017
13,35,Tottenham,Norwich,2025,5,29,0.4128740234273209,0.39456203408966484
13,35,Liverpool,Leeds,2025,5,29,-0.015200710784876127,3.441601661791542
13,35,Southampton,Leeds,2025,5,29,0.11057073909577547,1.5140241881990677
13,35,Aston,Leeds,2025,5,29,0.7147154162696908,0.9349731124737634
13,35,Islington,Leeds,2025,5,29,-0.003730738066342283,0.21683446393910177
13,35,Chelsea,Leeds,2025,5,29,0.36234593015706273,0.8699506874657077
13,35,Tottenham,Leeds,2025,5,29,0.11683609728446395,1.0143415437952081
13,35,Southampton,Liverpool,2025,5,29,1.8291097778007426,1.2439563155102469
13,35,Aston,Liverpool,2025,5,29,1.7177765175523712,1.5354292636670328
13,35,Islington,Liverpool,2025,5,29,1.4622827537249008,2.0575330279037414
13,35,Chelsea,Liverpool,2025,5,29,0.925926219086095,1.5922729405214138
13,35,Tottenham,Liverpool,2025,5,29,0.3791838686169493,3.1851067782836275
13,35,Aston,Southampton,2025,5,29,1.6019852306614324,2.697367965624105
13,35,Islington,Southampton,2025,5,29,0.6420902932883346,1.7039082325415187
13,35,Chelsea,Southampton,2025,5,29,0.39220521399955877,1.314622983706872
13,35,Tottenham,Southampton,2025,5,29,0.36055274822966116,2.056405287282589
13,35,Islington,Aston,2025,5,29,0.08699925608064764,1.1452076926900925
13,35,Chelsea,Aston,2025,5,29,0.676618534094386,1.1665482614695262
13,35,Tottenham,Aston,2025,5,29,0.189653301564431,0.6251508275785106
13,35,Chelsea,Islington,2025,5,29,0.9267651243591554,1.007134408767693
13,35,Tottenham,Islington,2025,5,29,0.7385707476688921,0.8160888782312279
13,35,Tottenham,Chelsea,2025,5,29,0.4950761479418681,0.9307430414619877
13,38,Brighton,Leicester,2025,5,29,1.221835651127233,1.8137714747376692
13,38,Palace,Leicester,2025,5,29,0.8186471300487547,0.6311736491043815
13,38,Everton,Leicester,2025,5,29,1.0985910754013934,0.9468052333011033
13,38,Watford,Leicester,2025,5,29,2.4502688421143297,0.27666077518529514
13,38,Burnley,Leicester,2025,5,29,1.289594156938721,0.7446087353909374
13,38,Brentford,Leicester,2025,5,29,0.5696081088524966,0.13001465225740572
13,38,West Ham,Leicester,2025,5,29,2.176455240315265,0.33822053787052875
13,38,United,Leicester,2025,5,29,1.5756225292587203,0.9006269474299167
13,38,Newcastle,Leicester,2025,5,29,2.885708555147061,0.9045376367611554
13,38,City,Leicester,2025,5,29,1.334017928017208,0.3512163491635642
13,38,Wolverhampton,Leicester,2025,5,29,1.6688018524864052,0.04143843998271466
13,38,Norwich,Leicester,2025,5,29,1.135932629137321,0.31018924426863237
13,38,Leeds,Leicester,2025,5,29,1.9728771261668365,0.5688948725225617
13,38,Liverpool,Leicester,2025,5,29,1.1906804128354678,0.20349969069585305
13,38,Southampton,Leicester,2025,5,29,1.3531403154733654,0.7077804755245093
13,38,Aston,Leicester,2025,5,29,1.5530464946552942,0.8418480233565232
13,38,Islington,Leicester,2025,5,29,1.2489823837266796,0.4763477269010176
13,38,Chelsea,Leicester,2025,5,29,0.6892108827669099,1.3661822441263596
13,38,Tottenham,Leicester,2025,5,29,0.44880897575402096,0.6908956653110531
13,38,Palace,Brighton,2025,5,29,0.6850831824363415,1.597208017479443
13,38,Everton,Brighton,2025,5,29,1.4972928294893737,1.144367578541271
13,38,Watford,Brighton,2025,5,29,0.5799549331268382,1.5331531980475623
13,38,Burnley,Brighton,2025,5,29,0.8431865970645424,1.6952476007626054
13,38,Brentford,Brighton,2025,5,29,1.1257238630094206,1.4005885159124793
13,38,West Ham,Brighton,2025,5,29,1.5196896982894896,2.043740797328994
13,38,United,Brighton,2025,5,29,0.8569944433147145,1.8564511592434363
13,38,Newcastle,Brighton,2025,5,29,1.07207561059845,2.6630921427501764
13,38,City,Brighton,2025,5,29,1.3537648688432484,2.984169441465046
13,38,Wolverhampton,Brighton,2025,5,29,1.374335127810074,3.022475926360572
13,38,Norwich,Brighton,2025,5,29,0.4641763539769239,3.2980441177281192
13,38,Leeds,Brighton,2025,5,29,1.1847810351979926,1.919707087838037
13,38,Liverpool,Brighton,2025,5,29,0.70712207530609,3.3345114535265665
13,38,Southampton,Brighton,2025,5,29,0.7250982067645451,2.0700320424999195
13,38,Aston,Brighton,2025,5,29,1.0190376755822383,3.215636341746849
13,38,Islington,Brighton,2025,5,29,0.640119830508646,1.767423127085129
13,38,Chelsea,Brighton,2025,5,29,1.030750761910775,1.5802913942282775
13,38,Tottenham,Brighton,2025,5,29,0.5221441309892455,2.237625164328886
13,38,Everton,Palace,2025,5,29,0.9382017055768993,0.789740898682899
13,38,Watford,Palace,2025,5,29,2.5809589084794404,1.1567138617044899
13,38,Burnley,Palace,2025,5,29,1.468110460290066,1.9421136057190316
13,38,Brentford,Palace,2025,5,29,2.123006311099852,0.791370641775537
13,38,West Ham,Palace,2025,5,29,2.512766942641037,0.772391720064489
13,38,United,Palace,2025,5,29,2.111223824076272,1.5134994570484812
13,38,Newcastle,Palace,2025,5,29,2.9322321770944733,0.955543460215981
13,38,City,Palace,2025,5,29,0.4558485403932939,1.4166294908293648
13,38,Wolverhampton,Palace,2025,5,29,2.3992592002430095,2.1892738048191744
13,38,Norwich,Palace,2025,5,29,3.016580324157209,0.8595866192318841
13,38,Leeds,Palace,2025,5,29,1.510594921718235,1.5721633551910497
13,38,Liverpool,Palace,2025,5,29,2.3922625253011143,1.5031212220986412
13,38,Southampton,Palace,2025,5,29,1.2668448176325573,0.9278551304381629
13,38,Aston,Palace,2025,5,29,2.633715267397609,1.333612562942103
13,38,Islington,Palace,2025,5,29,1.1374939747011428,0.3001476643313608
13,38,Chelsea,Palace,2025,5,29,0.7545511632497832,1.315960953363237
13,38,Tottenham,Palace,2025,5,29,0.6034714380293036,1.4987873952250026
13,38,Watford,Everton,2025,5,29,0.771691718976601,0.27365499609019833
13,38,Burnley,Everton,2025,5,29,0.6307658026575105,0.7471384563682085
13,38,Brentford,Everton,2025,5,29,0.2664336951422559,0.30509467415372915
13,38,West Ham,Everton,2025,5,29,1.2810395601741742,0.4208866722919444
13,38,United,Everton,2025,5,29,1.0232489294249305,0.7299635398895428
13,38,Newcastle,Everton,2025,5,29,1.7119369412994798,0.34240619519137044
13,38,City,Everton,2025,5,29,1.3137762845897702,0.6015697337740302
13,38,Wolverhampton,Everton,2025,5,29,2.084457577921132,0.6141309400931731
13,38,Norwich,Everton,2025,5,29,-0.2765567897513967,0.23005135288664375
13,38,Leeds,Everton,2025,5,29,1.045429895003083,0.2392790651268375
13,38,Liverpool,Everton,2025,5,29,0.18196796790338596,0.2383093257756252
13,38,Southampton,Everton,2025,5,29,-0.06501982849704176,0.15419263127677768
13,38,Aston,Everton,2025,5,29,1.4262316072276373,0.56374494529987
13,38,Islington,Everton,2025,5,29,0.020742404595352978,0.2564903300376972
13,38,Chelsea,Everton,2025,5,29,0.28241819874075436,1.4096680009183329
13,38,Tottenham,Everton,2025,5,29,0.016336232377052926,0.6180230765536249
13,38,Burnley,Watford,2025,5,29,1.9519608012013894,1.3909802782540888
13,38,Brentford,Watford,2025,5,29,2.247649275424443,0.7633470599887391
13,38,West Ham,Watford,2025,5,29,2.5389097493720194,1.021678873062179
13,38,United,Watford,2025,5,29,2.3232795962734545,1.133220768175261
13,38,Newcastle,Watford,2025,5,29,2.888897729450119,1.200893854022028
13,38,City,Watford,2025,5,29,1.107884804838669,1.105138953562781
13,38,Wolverhampton,Watford,2025,5,29,2.698752676468731,1.870719669774624
13,38,Norwich,Watford,2025,5,29,2.868189452484306,1.088993843374113
13,38,Leeds,Watford,2025,5,29,1.9984816600042457,0.7280007582379925
13,38,Liverpool,Watford,2025,5,29,2.4455738603980186,1.1484775575045103
13,38,Southampton,Watford,2025,5,29,1.7177131868769286,1.1239408916662783
13,38,Aston,Watford,2025,5,29,2.6960789287756355,1.3960506612752595
13,38,Islington,Watford,2025,5,29,1.6904776247591122,0.6183284206742037
13,38,Chelsea,Watford,2025,5,29,1.229337360349753,1.584372486003241
13,38,Tottenham,Watford,2025,5,29,1.2218227580810854,1.5409211719754288
13,38,Brentford,Burnley,2025,5,29,1.787861043808937,0.7796020104291012
13,38,West Ham,Burnley,2025,5,29,1.8870378068816018,1.0643707853001292
13,38,United,Burnley,2025,5,29,1.603853094603394,1.684069968554957
13,38,Newcastle,Burnley,2025,5,29,2.675301555398666,1.427363092159704
13,38,City,Burnley,2025,5,29,0.1140937349265334,1.8740158910386475
13,38,Wolverhampton,Burnley,2025,5,29,1.6130335544530365,2.6637700915458837
13,38,Norwich,Burnley,2025,5,29,1.1580141962565813,1.6909772531856413
13,38,Leeds,Burnley,2025,5,29,0.4171105400438869,2.099698324527564
13,38,Liverpool,Burnley,2025,5,29,1.662928852855994,1.522410127988354
13,38,Southampton,Burnley,2025,5,29,0.30291912360190704,0.9765887969567134
13,38,Aston,Burnley,2025,5,29,1.7772162646088197,1.414749929563651
13,38,Islington,Burnley,2025,5,29,0.5256680241647588,0.9614759008074087
13,38,Chelsea,Burnley,2025,5,29,0.6701174443597171,1.8232244557292783
13,38,Tottenham,Burnley,2025,5,29,0.09288631476430247,1.874931254984732
13,38,West Ham,Brentford,2025,5,29,1.7910776620112434,0.5701925282973196
13,38,United,Brentford,2025,5,29,1.2230787019833382,1.1188075907966397
13,38,Newcastle,Brentford,2025,5,29,2.131165088334252,0.8931112093738364
13,38,City,Brentford,2025,5,29,1.2266643106360078,0.970724319191998
13,38,Wolverhampton,Brentford,2025,5,29,1.8153055134343872,1.6112240273451606
13,38,Norwich,Brentford,2025,5,29,0.020006683940171986,0.2320931747564978
13,38,Leeds,Brentford,2025,5,29,1.378668845039331,0.6737075112932026
13,38,Liverpool,Brentford,2025,5,29,0.7523924813567902,0.2542537469331964
13,38,Southampton,Brentford,2025,5,29,0.3308611522514961,0.30558349476323315
13,38,Aston,Brentford,2025,5,29,1.6828135613136315,1.084847032896522
13,38,Islington,Brentford,2025,5,29,0.3558670356844672,0.5429489073032125
13,38,Chelsea,Brentford,2025,5,29,0.716783011852323,1.723898399897342
13,38,Tottenham,Brentford,2025,5,29,0.06119221322082784,1.27447980912299
13,38,United,West Ham,2025,5,29,1.4629535453192835,1.6212834045026745
13,38,Newcastle,West Ham,2025,5,29,3.009409892347575,0.8382799269358524
13,38,City,West Ham,2025,5,29,1.2264790102168923,1.7919957491845266
13,38,Wolverhampton,West Ham,2025,5,29,1.5347435424468823,2.890281907871792
13,38,Norwich,West Ham,2025,5,29,0.5002660415504588,1.7420131157458427
13,38,Leeds,West Ham,2025,5,29,1.49730261195419,1.642958737913637
13,38,Liverpool,West Ham,2025,5,29,1.1684056184633964,2.2794098656455164
13,38,Southampton,West Ham,2025,5,29,0.7884153288527663,1.0450161260509991
13,38,Aston,West Ham,2025,5,29,1.615477035601349,1.350674757149532
13,38,Islington,West Ham,2025,5,29,0.6507255890240708,1.299514448782696
13,38,Chelsea,West Ham,2025,5,29,1.0265115678680428,0.9384531276919483
13,38,Tottenham,West Ham,2025,5,29,0.2603784267835025,1.4263860110276498
13,38,Newcastle,United,2025,5,29,2.315832034370187,0.5341809458138418
13,38,City,United,2025,5,29,0.7861340866041497,0.5656043049382866
13,38,Wolverhampton,United,2025,5,29,2.145013599872677,0.643815884048814
13,38,Norwich,United,2025,5,29,2.0019838691897225,0.7198805438977322
13,38,Leeds,United,2025,5,29,1.3594734032602296,0.5909708939366594
13,38,Liverpool,United,2025,5,29,2.09325123428112,0.731257498993251
13,38,Southampton,United,2025,5,29,1.1787576902190835,0.9793769939165609
13,38,Aston,United,2025,5,29,2.381557138236361,0.6303683289458656
13,38,Islington,United,2025,5,29,1.3935924746349664,0.7128040152070043
13,38,Chelsea,United,2025,5,29,0.9125757917884955,1.251788065676879
13,38,Tottenham,United,2025,5,29,0.68010654920802,0.3078041495145372
13,38,City,Newcastle,2025,5,29,0.7447564390313788,0.41427359655725005
13,38,Wolverhampton,Newcastle,2025,5,29,1.005132715545488,0.6296062883731691
13,38,Norwich,Newcastle,2025,5,29,1.7559225630416166,-0.06874189941427662
13,38,Leeds,Newcastle,2025,5,29,1.2395951431012175,0.4876624361590591
13,38,Liverpool,Newcastle,2025,5,29,1.670172813839734,0.07914743833645192
13,38,Southampton,Newcastle,2025,5,29,1.191974088533943,0.5328406901335497
13,38,Aston,Newcastle,2025,5,29,1.7184919158190874,0.5703770796054372
13,38,Islington,Newcastle,2025,5,29,1.160887198775746,0.18754772888234447
13,38,Chelsea,Newcastle,2025,5,29,1.3836914836151535,1.8930673597505592
13,38,Tottenham,Newcastle,2025,5,29,0.7565838060773245,0.7026419990299225
13,38,Wolverhampton,City,2025,5,29,1.720965130365104,1.320646356359248
13,38,Norwich,City,2025,5,29,0.745910840988194,2.2019453434135094
13,38,Leeds,City,2025,5,29,1.5229148147417408,1.598879194507625
13,38,Liverpool,City,2025,5,29,1.122226765445684,1.5024717315397158
13,38,Southampton,City,2025,5,29,1.3674445605235594,1.9196565490797604
13,38,Aston,City,2025,5,29,1.8246915535430381,2.1015758503330626
13,38,Islington,City,2025,5,29,0.9071601708856092,1.5888622066609033
13,38,Chelsea,City,2025,5,29,0.9031579584879982,1.3797688689583063
13,38,Tottenham,City,2025,5,29,0.593195838165414,1.0526923514323214
13,38,Norwich,Wolverhampton,2025,5,29,0.7753588591610553,0.42586452405506686
13,38,Leeds,Wolverhampton,2025,5,29,1.2781563940210436,1.208781378763049
13,38,Liverpool,Wolverhampton,2025,5,29,1.408581943946918,0.33283053395534723
13,38,Southampton,Wolverhampton,2025,5,29,1.2343403734887446,1.3013614138214453
13,38,Aston,Wolverhampton,2025,5,29,1.740838784456459,0.937449865299827
13,38,Islington,Wolverhampton,2025,5,29,0.9670282505502831,0.7619067139467688
13,38,Chelsea,Wolverhampton,2025,5,29,0.9359480772270642,1.235646455249234
13,38,Tottenham,Wolverhampton,2025,5,29,0.10520330328109688,0.17453109822397367
13,38,Leeds,Norwich,2025,5,29,1.3189105868969384,0.9620862949320056
13,38,Liverpool,Norwich,2025,5,29,0.32665039439917987,0.006770146096999548
13,38,Southampton,Norwich,2025,5,29,0.8883655638166016,1.380495688812994
13,38,Aston,Norwich,2025,5,29,0.5175810683874963,0.41156555797934635
13,38,Islington,Norwich,2025,5,29,0.5168177957377927,0.011473672973489366
13,38,Chelsea,Norwich,2025,5,29,0.8743319092259773,1.282658786085838
13,38,Tottenham,Norwich,2025,5,29,0.2216213255243755,0.40683431483476007
13,38,Liverpool,Leeds,2025,5,29,-0.15387047939047807,3.586297095342225
13,38,Southampton,Leeds,2025,5,29,-0.036623048952451706,1.8962028323391735
13,38,Aston,Leeds,2025,5,29,0.6950018546567743,1.3111553413004577
13,38,Islington,Leeds,2025,5,29,-0.13728688762097885,0.3945248559654349
13,38,Chelsea,Leeds,2025,5,29,0.23063746543012661,0.8963427422234689
13,38,Tottenham,Leeds,2025,5,29,-0.02371728849301705,1.0343372737505525
13,38,Southampton,Liverpool,2025,5,29,1.8183848620556031,1.423503682456528
13,38,Aston,Liverpool,2025,5,29,1.8547070354265802,1.7120750221274212
13,38,Islington,Liverpool,2025,5,29,1.549017503153142,2.2171763513013967
13,38,Chelsea,Liverpool,2025,5,29,0.8743107406332972,1.6611261846748713
13,38,Tottenham,Liverpool,2025,5,29,0.39782710844393926,3.2024343706024614
13,38,Aston,Southampton,2025,5,29,1.3861117853123854,2.8270266184510273
13,38,Islington,Southampton,2025,5,29,0.4427650256575249,1.7018391833395445
13,38,Chelsea,Southampton,2025,5,29,0.11334121322978831,1.287749409243513
13,38,Tottenham,Southampton,2025,5,29,0.14640125300173223,2.023055483556384
13,38,Islington,Aston,2025,5,29,-0.07621346985999723,1.2004867205066927
13,38,Chelsea,Aston,2025,5,29,0.44524095064258573,1.2344735659449653
13,38,Tottenham,Aston,2025,5,29,-0.003969854885454934,0.6364986733614383
13,38,Chelsea,Islington,2025,5,29,0.6320186214194154,1.0566748635050716
13,38,Tottenham,Islington,2025,5,29,0.47910123558321993,0.8293286435053387
13,38,Tottenham,Chelsea,2025,5,29,0.09358594661076736,0.9381410978494622
13,41,Brighton,Leicester,2025,5,29,1.254288292713745,2.029290490396793
13,41,Palace,Leicester,2025,5,29,0.817850398078625,0.9748776204629337
13,41,Everton,Leicester,2025,5,29,1.0977943434312636,1.7327972620154275
13,41,Watford,Leicester,2025,5,29,2.4505228830924346,0.40297301175523814
13,41,Burnley,Leicester,2025,5,29,1.2887974249685914,1.3234500573963839
13,41,Brentford,Leicester,2025,5,29,0.5688113768823669,0.4292202687129233
13,41,West Ham,Leicester,2025,5,29,2.1815736663786423,0.716216704399342
13,41,United,Leicester,2025,5,29,1.5748257972885906,1.0730892883403886
13,41,Newcastle,Leicester,2025,5,29,2.885708555147061,1.5294855575719668
13,41,City,Leicester,2025,5,29,1.3391363540805854,0.9560356247560329
13,41,Wolverhampton,Leicester,2025,5,29,1.7004577621027877,0.6562418724188216
13,41,Norwich,Leicester,2025,5,29,1.1351358971671912,0.4162740535305397
13,41,Leeds,Leicester,2025,5,29,1.977995552230214,0.6111069071493437
13,41,Liverpool,Leicester,2025,5,29,1.1898836808653381,1.1142252314899614
13,41,Southampton,Leicester,2025,5,29,1.3523435835032358,1.188781319419634
13,41,Aston,Leicester,2025,5,29,1.5522497626851646,0.9783783283326731
13,41,Islington,Leicester,2025,5,29,1.2484396927346548,1.020729637476545
13,41,Chelsea,Leicester,2025,5,29,0.6937866178382623,1.5026332535501592
13,41,Tottenham,Leicester,2025,5,29,0.45313066984726863,0.9865994997801972
13,41,Palace,Brighton,2025,5,29,0.64858009171052,2.1883727331431855
13,41,Everton,Brighton,2025,5,29,1.476951217979301,1.7524316573038887
13,41,Watford,Brighton,2025,5,29,0.5300543390124131,1.625276687927893
13,41,Burnley,Brighton,2025,5,29,0.8108157926464462,1.9827352020603792
13,41,Brentford,Brighton,2025,5,29,1.133323241776229,1.673769600428262
13,41,West Ham,Brighton,2025,5,29,1.5659215117239058,2.404922113474598
13,41,United,Brighton,2025,5,29,0.8366528318046417,2.1182812840655663
13,41,Newcastle,Brighton,2025,5,29,1.036369251842758,3.6739669933126633
13,41,City,Brighton,2025,5,29,1.3999966822776646,3.5245069691194058
13,41,Wolverhampton,Brighton,2025,5,29,1.4394930550841472,3.4435874391240144
13,41,Norwich,Brighton,2025,5,29,0.4167040703198864,3.539492397371913
13,41,Leeds,Brighton,2025,5,29,1.2268805623246835,2.027830189564856
13,41,Liverpool,Brighton,2025,5,29,0.6747512708879936,4.211266521514068
13,41,Southampton,Brighton,2025,5,29,0.6776259231075077,2.6131472620307203
13,41,Aston,Brighton,2025,5,29,1.0062117507040855,3.4083775206054576
13,41,Islington,Brighton,2025,5,29,0.5929015878297131,2.576056402254533
13,41,Chelsea,Brighton,2025,5,29,1.0388055803877503,1.657494484403483
13,41,Tottenham,Brighton,2025,5,29,0.49673649363492406,2.4277526257271456
13,41,Everton,Palace,2025,5,29,0.9435148411192593,1.4927409017944169
13,41,Watford,Palace,2025,5,29,2.5812129494575453,1.2582644588525185
13,41,Burnley,Palace,2025,5,29,1.473423595832426,2.269305734032731
13,41,Brentford,Palace,2025,5,29,2.131722957282544,1.0518068607243316
13,41,West Ham,Palace,2025,5,29,2.518080078183397,1.0899137685417624
13,41,United,Palace,2025,5,29,2.119940470258964,1.723039388849457
13,41,Newcastle,Palace,2025,5,29,2.933413026329108,1.6736483042461103
13,41,City,Palace,2025,5,29,0.46116167593565394,1.8277236817858942
13,41,Wolverhampton,Palace,2025,5,29,2.395126913935284,2.6160201789712008
13,41,Norwich,Palace,2025,5,29,3.021893459699569,0.9689883569898075
13,41,Leeds,Palace,2025,5,29,1.5151792815932017,1.586405482522624
13,41,Liverpool,Palace,2025,5,29,2.3975756608434744,2.3614086297174053
13,41,Southampton,Palace,2025,5,29,1.2721579531749172,1.5403064227792658
13,41,Aston,Palace,2025,5,29,2.633715267397609,1.487540356693105
13,41,Islington,Palace,2025,5,29,1.1430611512216076,0.9605583098393523
13,41,Chelsea,Palace,2025,5,29,0.760118339770248,1.3771666342284745
13,41,Tottenham,Palace,2025,5,29,0.6087845735716636,1.7058434203205362
13,41,Watford,Everton,2025,5,29,0.7217911248621754,0.28989357406054544
13,41,Burnley,Everton,2025,5,29,0.5965713345322566,1.2014745360874348
13,41,Brentford,Everton,2025,5,29,0.28015104781506667,0.5330317687265889
13,41,West Ham,Everton,2025,5,29,1.3299858368742605,0.5474509739835326
13,41,United,Everton,2025,5,29,1.0044871648480316,0.819544384139356
13,41,Newcastle,Everton,2025,5,29,1.6744069188366302,0.8058458257157248
13,41,City,Everton,2025,5,29,1.3663802771337517,1.0844491366465452
13,41,Wolverhampton,Everton,2025,5,29,2.1541536321680326,1.0774052176874247
13,41,Norwich,Everton,2025,5,29,-0.325852737115592,0.12526340586957407
13,41,Leeds,Everton,2025,5,29,1.097305111879671,0.17230740966053038
13,41,Liverpool,Everton,2025,5,29,0.14777349977813228,1.0653696501262755
13,41,Southampton,Everton,2025,5,29,-0.11431577586123698,0.4202289339661962
13,41,Aston,Everton,2025,5,29,1.4097479665055892,0.6044907813696339
13,41,Islington,Everton,2025,5,29,-0.02829950179073725,0.6661809743748839
13,41,Chelsea,Everton,2025,5,29,0.2886493535105718,1.3700373417873402
13,41,Tottenham,Everton,2025,5,29,-0.0026992258677030765,0.7451652582861449
13,41,Burnley,Watford,2025,5,29,1.9488521054101744,1.7679115350119865
13,41,Brentford,Watford,2025,5,29,2.24794409027356,1.0346881350344341
13,41,West Ham,Watford,2025,5,29,2.535801053580805,1.4471286416906033
13,41,United,Watford,2025,5,29,2.323574411122572,1.3847979110106092
13,41,Newcastle,Watford,2025,5,29,2.881656747351179,1.803414579076588
13,41,City,Watford,2025,5,29,1.108433824891349,1.6011208302131008
13,41,Wolverhampton,Watford,2025,5,29,2.6946203901610057,2.3385243340869706
13,41,Norwich,Watford,2025,5,29,2.8650807566930916,1.3214340073587523
13,41,Leeds,Watford,2025,5,29,1.9983019043895323,0.8443803870941385
13,41,Liverpool,Watford,2025,5,29,2.442465164606804,1.7657172334812534
13,41,Southampton,Watford,2025,5,29,1.7146044910857137,1.4183218124176666
13,41,Aston,Watford,2025,5,29,2.689491149578798,1.649177485435188
13,41,Islington,Watford,2025,5,29,1.6905530332989447,1.1594221122390727
13,41,Chelsea,Watford,2025,5,29,1.226482705536643,1.762548010593404
13,41,Tottenham,Watford,2025,5,29,1.2223717781337655,1.8925493707552046
13,41,Brentford,Burnley,2025,5,29,1.7947436378548918,0.9992160403998794
13,41,West Ham,Burnley,2025,5,29,1.8905168902872245,1.3096478757857026
13,41,United,Burnley,2025,5,29,1.5981454080399233,1.7915455013268173
13,41,Newcastle,Burnley,2025,5,29,2.6746483524965634,1.9332778083528697
13,41,City,Burnley,2025,5,29,0.0882300444053753,2.1654577225475924
13,41,Wolverhampton,Burnley,2025,5,29,1.5963109875358859,2.9782921479508855
13,41,Norwich,Burnley,2025,5,29,1.1489029990527782,1.7479420658047113
13,41,Leeds,Burnley,2025,5,29,0.41986084778211635,2.1210705500383757
13,41,Liverpool,Burnley,2025,5,29,1.6496554429442614,2.1578748893811657
13,41,Southampton,Burnley,2025,5,29,0.3063982070075296,1.404089963126754
13,41,Aston,Burnley,2025,5,29,1.7604637712914644,1.5081875087611842
13,41,Islington,Burnley,2025,5,29,0.5168108679390606,1.43002956480867
13,41,Chelsea,Burnley,2025,5,29,0.6738505687434445,1.840280104879031
13,41,Tottenham,Burnley,2025,5,29,0.08377511756049942,2.0602136908309405
13,41,West Ham,Brentford,2025,5,29,1.8418476024184876,0.7409736172359859
13,41,United,Brentford,2025,5,29,1.1909435418339693,1.1992566449650837
13,41,Newcastle,Brentford,2025,5,29,2.0954587295785605,1.5529701372586548
13,41,City,Brentford,2025,5,29,1.2480914771164708,1.2424353192106545
13,41,Wolverhampton,Brentford,2025,5,29,1.8732080190419926,1.8926943246982144
13,41,Norwich,Brentford,2025,5,29,-0.03925914835616146,0.14152528511796483
13,41,Leeds,Brentford,2025,5,29,1.4253064991388498,0.6003874299597753
13,41,Liverpool,Brentford,2025,5,29,0.7040659155914686,1.0501575832713723
13,41,Southampton,Brentford,2025,5,29,0.2841856005645882,0.7336475827412647
13,41,Aston,Brentford,2025,5,29,1.6540318750882528,1.1127859478057125
13,41,Islington,Brentford,2025,5,29,0.29685524436623845,1.1176974092841827
13,41,Chelsea,Brentford,2025,5,29,0.7256345622994278,1.6680862849420806
13,41,Tottenham,Brentford,2025,5,29,0.028529154200038417,1.4246888159175226
13,41,United,West Ham,2025,5,29,1.4687096431679798,1.9647682863558615
13,41,Newcastle,West Ham,2025,5,29,3.0016641830908117,1.6685866222724768
13,41,City,West Ham,2025,5,29,1.212875836078031,2.2230350581697746
13,41,Wolverhampton,West Ham,2025,5,29,1.5339468104767526,3.266775277609796
13,41,Norwich,West Ham,2025,5,29,0.502618628758823,1.8814789206699056
13,41,Leeds,West Ham,2025,5,29,1.4929604133377583,1.7476749546840669
13,41,Liverpool,West Ham,2025,5,29,1.1540057123544054,3.0451826949805527
13,41,Southampton,West Ham,2025,5,29,0.7798728876258728,1.5188914334627581
13,41,Aston,West Ham,2025,5,29,1.597927810313864,1.607438166997785
13,41,Islington,West Ham,2025,5,29,0.6533322172105396,1.9510179835719461
13,41,Chelsea,West Ham,2025,5,29,1.0182231676192544,0.9553391025454386
13,41,Tottenham,West Ham,2025,5,29,0.26273101399186655,1.6238393994041718
13,41,Newcastle,United,2025,5,29,2.317012883604822,1.1261215795688995
13,41,City,United,2025,5,29,0.7914472221465098,1.0425979402770271
13,41,Wolverhampton,United,2025,5,29,2.1408813135649516,1.1257582466788478
13,41,Norwich,United,2025,5,29,2.0072970047320826,0.7729370344194846
13,41,Leeds,United,2025,5,29,1.3640577631351962,0.5778632533476487
13,41,Liverpool,United,2025,5,29,2.09856436982348,1.5238475018940814
13,41,Southampton,United,2025,5,29,1.1840708257614434,1.4379765350873035
13,41,Aston,United,2025,5,29,2.381557138236361,0.7422365389231812
13,41,Islington,United,2025,5,29,1.3991596511554312,1.254118508177431
13,41,Chelsea,United,2025,5,29,0.9181429683089603,1.319061982951847
13,41,Tottenham,United,2025,5,29,0.6854196847503801,0.5486541936310673
13,41,City,Newcastle,2025,5,29,0.7174669730668864,1.0707370637694191
13,41,Wolverhampton,Newcastle,2025,5,29,0.9884101486283372,1.304540408609813
13,41,Norwich,Newcastle,2025,5,29,1.74538559039448,0.045257051546984145
13,41,Leeds,Newcastle,2025,5,29,1.226621136320523,0.5446189844183068
13,41,Liverpool,Newcastle,2025,5,29,1.6554736284846674,1.0047342641174568
13,41,Southampton,Newcastle,2025,5,29,1.1831323680609738,0.9967854475643569
13,41,Aston,Newcastle,2025,5,29,1.6988093591487896,0.7544662735529903
13,41,Islington,Newcastle,2025,5,29,1.1535343304596568,0.7651890438638235
13,41,Chelsea,Newcastle,2025,5,29,1.3751038041202897,2.0188634254501507
13,41,Tottenham,Newcastle,2025,5,29,0.7460468334301872,1.0308584165618149
13,41,Wolverhampton,City,2025,5,29,1.790661184612005,1.6900438642752884
13,41,Norwich,City,2025,5,29,0.7191600827195563,2.249778353232479
13,41,Leeds,City,2025,5,29,1.5665468327230267,1.6404489863728609
13,41,Liverpool,City,2025,5,29,1.095476007177046,2.3510126490523224
13,41,Southampton,City,2025,5,29,1.3406938022549215,2.453923249316944
13,41,Aston,City,2025,5,29,1.820964758219966,2.1985423092678587
13,41,Islington,City,2025,5,29,0.8835935169480186,2.234181418670651
13,41,Chelsea,City,2025,5,29,0.904803630206408,1.3661137868198194
13,41,Tottenham,City,2025,5,29,0.5810186602642967,1.2025410224069857
13,41,Norwich,Wolverhampton,2025,5,29,0.7806719947034153,0.6445105967649332
13,41,Leeds,Wolverhampton,2025,5,29,1.2827407538960103,1.4165048881833664
13,41,Liverpool,Wolverhampton,2025,5,29,1.3971425861719227,1.1108153605081683
13,41,Southampton,Wolverhampton,2025,5,29,1.2396535090311045,1.7996279134475917
13,41,Aston,Wolverhampton,2025,5,29,1.7240862911391037,1.2131459466014336
13,41,Islington,Wolverhampton,2025,5,29,0.972595427070748,1.2969922147814565
13,41,Chelsea,Wolverhampton,2025,5,29,0.9415152537475291,1.4080302698419433
13,41,Tottenham,Wolverhampton,2025,5,29,0.1105164388234569,0.5553465951986426
13,41,Leeds,Norwich,2025,5,29,1.3550228841383123,1.0601998110493525
13,41,Liverpool,Norwich,2025,5,29,0.2957838778906924,0.9985641486966236
13,41,Southampton,Norwich,2025,5,29,0.8466040188728564,2.0183989545795966
13,41,Aston,Norwich,2025,5,29,0.504755143509343,0.6398501109568484
13,41,Islington,Norwich,2025,5,29,0.47361503959798484,0.6383482442540162
13,41,Chelsea,Norwich,2025,5,29,0.8729959871773032,1.416550958322443
13,41,Tottenham,Norwich,2025,5,29,0.2002291747091784,0.7392170857588447
13,41,Liverpool,Leeds,2025,5,29,-0.1844072316718368,4.503873332194143
13,41,Southampton,Leeds,2025,5,29,-0.06715980123381052,2.3568922671314207
13,41,Aston,Leeds,2025,5,29,0.6821759297786211,1.6043466462713094
13,41,Islington,Leeds,2025,5,29,-0.16756959892423276,1.0573204860174026
13,41,Chelsea,Leeds,2025,5,29,0.24052633604383905,1.0703426383329986
13,41,Tottenham,Leeds,2025,5,29,-0.027651267498831678,1.389965319417127
13,41,Southampton,Liverpool,2025,5,29,1.823697997597963,2.0628575552537844
13,41,Aston,Liverpool,2025,5,29,1.8547070354265802,1.8939982911912387
13,41,Islington,Liverpool,2025,5,29,1.5545846796736067,3.0170547725413233
13,41,Chelsea,Liverpool,2025,5,29,0.879877917153762,1.8128493816680504
13,41,Tottenham,Liverpool,2025,5,29,0.4031402439862993,3.4283507047046315
13,41,Aston,Southampton,2025,5,29,1.3853150533422558,2.9667261280100488
13,41,Islington,Southampton,2025,5,29,0.44753547020786016,2.321431150387576
13,41,Chelsea,Southampton,2025,5,29,0.11811165778012346,1.2162118609680312
13,41,Tottenham,Southampton,2025,5,29,0.15583468390527808,2.1122803482596524
13,41,Islington,Aston,2025,5,29,-0.13784565685551314,1.8698809184036576
13,41,Chelsea,Aston,2025,5,29,0.451472105412403,1.3146300994803106
13,41,Tottenham,Aston,2025,5,29,-0.035595593739636666,0.908757784023131
13,41,Chelsea,Islington,2025,5,29,0.622236321690598,1.1811946836296565
13,41,Tottenham,Islington,2025,5,29,0.4710273585460244,1.1039175495468974
13,41,Tottenham,Chelsea,2025,5,29,0.08116681880731898,1.139720094496581
13,44,Brighton,Leicester,2025,5,29,1.3033317436874636,1.9484064031537425
13,44,Palace,Leicester,2025,5,29,1.5832089535916918,0.8232203823890317
13,44,Everton,Leicester,2025,5,29,2.078136976106446,1.6104807940699295
13,44,Watford,Leicester,2025,5,29,3.37410187658372,0.3661302377449479
13,44,Burnley,Leicester,2025,5,29,2.0428891550356467,1.4076429405205397
13,44,Brentford,Leicester,2025,5,29,1.9382745052769472,0.3162401171324729
13,44,West Ham,Leicester,2025,5,29,2.6841298791331254,0.5864691342701258
13,44,United,Leicester,2025,5,29,2.532338944008487,0.9756390125487728
13,44,Newcastle,Leicester,2025,5,29,3.2370644308628203,1.3932206775773839
13,44,City,Leicester,2025,5,29,1.624231020558298,0.9853745704547172
13,44,Wolverhampton,Leicester,2025,5,29,2.645664104365332,0.695062639457508
13,44,Norwich,Leicester,2025,5,29,2.1854426906834807,0.3784364607547223
13,44,Leeds,Leicester,2025,5,29,2.3585884661695564,0.5544059280945929
13,44,Liverpool,Leicester,2025,5,29,1.826369484579186,0.957207197139797
13,44,Southampton,Leicester,2025,5,29,2.0645524981410768,1.0667245737757738
13,44,Aston,Leicester,2025,5,29,2.1114452231198237,0.8739623755683024
13,44,Islington,Leicester,2025,5,29,2.439951753309229,0.8978072101869881
13,44,Chelsea,Leicester,2025,5,29,1.5381720733520585,1.4660231068971443
13,44,Tottenham,Leicester,2025,5,29,1.1161434349329664,1.0323143359400244
13,44,Palace,Brighton,2025,5,29,0.9286863366761442,1.9160292186853618
13,44,Everton,Brighton,2025,5,29,2.0315897331281163,1.6002344640121815
13,44,Watford,Brighton,2025,5,29,0.762380531045803,1.477596241384374
13,44,Burnley,Brighton,2025,5,29,1.1389172438844133,1.8760793768640327
13,44,Brentford,Brighton,2025,5,29,1.7126133748708365,1.5541350149467972
13,44,West Ham,Brighton,2025,5,29,1.7715120875768573,2.135767976859071
13,44,United,Brighton,2025,5,29,1.4308450893024798,1.8971485288711232
13,44,Newcastle,Brighton,2025,5,29,1.2828201057910706,3.4255850236330043
13,44,City,Brighton,2025,5,29,1.5904516869637024,3.369173427181415
13,44,Wolverhampton,Brighton,2025,5,29,1.9149161283572265,3.282437973744606
13,44,Norwich,Brighton,2025,5,29,0.8415385499929975,3.4571480134331827
13,44,Leeds,Brighton,2025,5,29,1.2124571072885755,1.849245228546146
13,44,Liverpool,Brighton,2025,5,29,0.9074706098929644,4.040300716949527
13,44,Southampton,Brighton,2025,5,29,0.9244810628408505,2.3641260795921455
13,44,Aston,Brighton,2025,5,29,1.3098583931179617,3.1976453843783794
13,44,Islington,Brighton,2025,5,29,1.033820707662786,2.3137274084786648
13,44,Chelsea,Brighton,2025,5,29,1.4626354065578941,1.5991501703705393
13,44,Tottenham,Brighton,2025,5,29,0.7857260092495489,2.280578797238943
13,44,Everton,Palace,2025,5,29,1.1903405614209568,1.3698094610450118
13,44,Watford,Palace,2025,5,29,2.897262077724137,1.2197453234129325
13,44,Burnley,Palace,2025,5,29,1.9505154248057395,2.178588674272997
13,44,Brentford,Palace,2025,5,29,2.8391491803218134,0.9510160664658868
13,44,West Ham,Palace,2025,5,29,2.839935128685808,0.9620783395875977
13,44,United,Palace,2025,5,29,2.4937099618261063,1.6323223290897222
13,44,Newcastle,Palace,2025,5,29,2.985527573998073,1.5367684514476208
13,44,City,Palace,2025,5,29,0.5867112210605774,1.7041862816924298
13,44,Wolverhampton,Palace,2025,5,29,2.5841756489051475,2.4921058775645615
13,44,Norwich,Palace,2025,5,29,3.0077511517092175,0.9305357914100832
13,44,Leeds,Palace,2025,5,29,1.9465869047241138,1.531157208372578
13,44,Liverpool,Palace,2025,5,29,2.406876323139868,2.205213844584597
13,44,Southampton,Palace,2025,5,29,1.4640073568486398,1.4304390344574114
13,44,Aston,Palace,2025,5,29,2.6635782372356926,1.3840614243236604
13,44,Islington,Palace,2025,5,29,1.5747728340218798,0.8370209097458883
13,44,Chelsea,Palace,2025,5,29,0.8249557583243031,1.3260757960202512
13,44,Tottenham,Palace,2025,5,29,0.7437322562461285,1.5855957664749425
13,44,Watford,Everton,2025,5,29,1.0329180188596614,0.25780427491086366
13,44,Burnley,Everton,2025,5,29,1.0332904927112792,1.2560093134559773
13,44,Brentford,Everton,2025,5,29,1.0356046675783765,0.38543145449719124
13,44,West Ham,Everton,2025,5,29,1.503142203165778,0.4003644534273946
13,44,United,Everton,2025,5,29,1.6124240778007883,0.682004693014285
13,44,Newcastle,Everton,2025,5,29,1.7789797723374035,0.6825787284715435
13,44,City,Everton,2025,5,29,1.5127427660651962,1.1031338120045575
13,44,Wolverhampton,Everton,2025,5,29,2.7736608362111057,1.1358674271810936
13,44,Norwich,Everton,2025,5,29,0.1961186905194782,0.07008686266683489
13,44,Leeds,Everton,2025,5,29,1.0182738124209791,0.0800239744382414
13,44,Liverpool,Everton,2025,5,29,0.4283667409153349,0.9441868510678465
13,44,Southampton,Everton,2025,5,29,0.18646924380307583,0.29322324695017177
13,44,Aston,Everton,2025,5,29,1.670911224331846,0.4627256433952219
13,44,Islington,Everton,2025,5,29,0.534042320467071,0.5478107707438061
13,44,Chelsea,Everton,2025,5,29,0.8567575794896475,1.3378466791990353
13,44,Tottenham,Everton,2025,5,29,0.3900870538859207,0.7625726605817014
13,44,Burnley,Watford,2025,5,29,2.3204902798693046,1.6715117556612067
13,44,Brentford,Watford,2025,5,29,2.817277418338076,0.9006492102502756
13,44,West Ham,Watford,2025,5,29,2.7837432400963107,1.2906562025801378
13,44,United,Watford,2025,5,29,2.5843203256847955,1.250172082301139
13,44,Newcastle,Watford,2025,5,29,2.946179027220809,1.6681319257895038
13,44,City,Watford,2025,5,29,1.1957702053133512,1.4326553700200129
13,44,Wolverhampton,Watford,2025,5,29,2.7817021747854738,2.203576795015138
13,44,Norwich,Watford,2025,5,29,2.836966960521681,1.251288515676432
13,44,Leeds,Watford,2025,5,29,2.3558156492768134,0.7582044625244528
13,44,Liverpool,Watford,2025,5,29,2.42626332794626,1.6069385720191915
13,44,Southampton,Watford,2025,5,29,1.848442161472333,1.2606979542829344
13,44,Aston,Watford,2025,5,29,2.6744120481262437,1.5062249958652256
13,44,Islington,Watford,2025,5,29,1.9810897097869644,1.031754678075815
13,44,Chelsea,Watford,2025,5,29,1.2485678592839156,1.7287499109403186
13,44,Tottenham,Watford,2025,5,29,1.3142400877185638,1.7733125458836876
13,44,Brentford,Burnley,2025,5,29,2.4972091099259885,0.9039394244117298
13,44,West Ham,Burnley,2025,5,29,2.1715144967611058,1.230641213717146
13,44,United,Burnley,2025,5,29,2.020090101692638,1.7088697338163348
13,44,Newcastle,Burnley,2025,5,29,2.681711379161733,1.8447666186533684
13,44,City,Burnley,2025,5,29,0.20001617578269693,2.0810836221667257
13,44,Wolverhampton,Burnley,2025,5,29,1.8627908582903696,2.898526031512338
13,44,Norwich,Burnley,2025,5,29,1.2645952544583259,1.7559413928847936
13,44,Leeds,Burnley,2025,5,29,0.7397931040023669,2.07463010113539
13,44,Liverpool,Burnley,2025,5,29,1.7240471598677682,2.03939733819519
13,44,Southampton,Burnley,2025,5,29,0.5176156430803899,1.3384271651186828
13,44,Aston,Burnley,2025,5,29,1.9355710756698092,1.4085244217916515
13,44,Islington,Burnley,2025,5,29,0.8860992879803566,1.3514099999668565
13,44,Chelsea,Burnley,2025,5,29,0.8338450900753781,1.8163817686350483
13,44,Tottenham,Burnley,2025,5,29,0.2229852781714425,1.951329837028739
13,44,West Ham,Brentford,2025,5,29,1.883497488953135,0.6558896318789956
13,44,United,Brentford,2025,5,29,1.7031449199429525,1.106285201908484
13,44,Newcastle,Brentford,2025,5,29,2.064589439873514,1.457307670649185
13,44,City,Brentford,2025,5,29,1.3439810183923544,1.154360769767158
13,44,Wolverhampton,Brentford,2025,5,29,2.267180968580515,1.8057769313496992
13,44,Norwich,Brentford,2025,5,29,0.34334674045726926,0.14582416313541544
13,44,Leeds,Brentford,2025,5,29,1.2614085245957303,0.5466732132178849
13,44,Liverpool,Brentford,2025,5,29,0.7740583333931828,0.9316800320853976
13,44,Southampton,Brentford,2025,5,29,0.5624552111687798,0.6607771024775336
13,44,Aston,Brentford,2025,5,29,1.8128325616989638,1.0093070154362684
13,44,Islington,Brentford,2025,5,29,0.7509176380194805,1.0353773953797378
13,44,Chelsea,Brentford,2025,5,29,1.0753442086487883,1.6370366717881293
13,44,Tottenham,Brentford,2025,5,29,0.33704699328598375,1.3094753717222714
13,44,United,West Ham,2025,5,29,2.208498574146968,1.7193354375500483
13,44,Newcastle,West Ham,2025,5,29,3.143186630521954,1.3955843948084568
13,44,City,West Ham,2025,5,29,1.4879120966437345,2.030063433043116
13,44,Wolverhampton,West Ham,2025,5,29,2.188411837079183,3.093475971746338
13,44,Norwich,West Ham,2025,5,29,1.3075452945515997,1.772913088336493
13,44,Leeds,West Ham,2025,5,29,1.7704120600719482,1.554800423472514
13,44,Liverpool,West Ham,2025,5,29,1.5842847064210726,2.869891184879185
13,44,Southampton,West Ham,2025,5,29,1.435118945153068,1.2378788994794305
13,44,Aston,West Ham,2025,5,29,2.232934576244034,1.366691356010591
13,44,Islington,West Ham,2025,5,29,1.5351501240416494,1.6843587154867956
13,44,Chelsea,West Ham,2025,5,29,1.6738697926635333,0.8763501712976411
13,44,Tottenham,West Ham,2025,5,29,0.9309011169742184,1.459788670398176
13,44,Newcastle,United,2025,5,29,2.4611477810437257,0.9892417267704104
13,44,City,United,2025,5,29,0.9100316073637623,1.077076448710856
13,44,Wolverhampton,United,2025,5,29,2.43540012609763,1.1558528577013774
13,44,Norwich,United,2025,5,29,2.078421805541161,0.7344844688397604
13,44,Leeds,United,2025,5,29,1.8330077524088109,0.5220992946878241
13,44,Liverpool,United,2025,5,29,2.1938355890411736,1.3619852342354004
13,44,Southampton,United,2025,5,29,1.4809256740891816,1.3179189836316731
13,44,Aston,United,2025,5,29,2.4378916003428093,0.6387576065537367
13,44,Islington,United,2025,5,29,1.7846937071562543,1.1305811080839663
13,44,Chelsea,United,2025,5,29,0.9698221187640683,1.2679711447436237
13,44,Tottenham,United,2025,5,29,0.7860484763688633,0.5824154522146429
13,44,City,Newcastle,2025,5,29,0.8345978568976137,1.0833243981178469
13,44,Wolverhampton,Newcastle,2025,5,29,1.0489961667976648,1.3337048750851443
13,44,Norwich,Newcastle,2025,5,29,1.6373827713611817,-0.01601683266534015
13,44,Leeds,Newcastle,2025,5,29,1.514061172861847,0.4669638516730808
13,44,Liverpool,Newcastle,2025,5,29,1.6276207126539166,0.8476093344374512
13,44,Southampton,Newcastle,2025,5,29,1.3722405096350792,0.8605042045491981
13,44,Aston,Newcastle,2025,5,29,1.6540561937288731,0.6290961670981442
13,44,Islington,Newcastle,2025,5,29,1.3373667174236923,0.6407214992231609
13,44,Chelsea,Newcastle,2025,5,29,1.4426248269729265,1.9668424426947293
13,44,Tottenham,Newcastle,2025,5,29,0.8432170913784388,1.0417983565127906
13,44,Wolverhampton,City,2025,5,29,2.3445669962909332,1.6682566382380217
13,44,Norwich,City,2025,5,29,1.360824596245364,2.194805865954993
13,44,Leeds,City,2025,5,29,1.7139273841730605,1.5895890159177966
13,44,Liverpool,City,2025,5,29,1.4834858802553537,2.1726304596958803
13,44,Southampton,City,2025,5,29,1.8597161650584604,2.3222379587159425
13,44,Aston,City,2025,5,29,2.178824842097228,2.088536643263351
13,44,Islington,City,2025,5,29,1.5668428230257696,2.1006508305144886
13,44,Chelsea,City,2025,5,29,1.6079473125388712,1.3188954793001995
13,44,Tottenham,City,2025,5,29,1.1489646293309386,1.199317620198222
13,44,Norwich,Wolverhampton,2025,5,29,1.257679211846592,0.6039809802385009
13,44,Leeds,Wolverhampton,2025,5,29,1.4741843428570405,1.3635678667815943
13,44,Liverpool,Wolverhampton,2025,5,29,1.404931323668437,0.9489530928494866
13,44,Southampton,Wolverhampton,2025,5,29,1.668579796176839,1.6831986400137613
13,44,Aston,Wolverhampton,2025,5,29,1.8968608063111778,1.1060559058771255
13,44,Islington,Wolverhampton,2025,5,29,1.5232996509134482,1.1698437063331286
13,44,Chelsea,Wolverhampton,2025,5,29,1.1611236492017056,1.3708051503850214
13,44,Tottenham,Wolverhampton,2025,5,29,0.43673934774338136,0.6151169471149427
13,44,Leeds,Norwich,2025,5,29,1.401770620475428,1.0083467840234848
13,44,Liverpool,Norwich,2025,5,29,0.7229965648940365,0.8306515502810548
13,44,Southampton,Norwich,2025,5,29,1.3243607106075341,1.8891077712917244
13,44,Aston,Norwich,2025,5,29,0.8665624241819612,0.5338440646084458
13,44,Islington,Norwich,2025,5,29,1.099069086292784,0.5025632728009883
13,44,Chelsea,Norwich,2025,5,29,1.5168335521239502,1.3710211248117672
13,44,Tottenham,Norwich,2025,5,29,0.6485128171331387,0.7964504648347484
13,44,Liverpool,Leeds,2025,5,29,0.16431383293013768,4.333709227575142
13,44,Southampton,Leeds,2025,5,29,0.35718929782383374,2.1729743087235813
13,44,Aston,Leeds,2025,5,29,0.9717294896621202,1.4649387475532534
13,44,Islington,Leeds,2025,5,29,0.4353514886097242,0.8864519879530105
13,44,Chelsea,Leeds,2025,5,29,0.8015390137751082,1.013572222341609
13,44,Tottenham,Leeds,2025,5,29,0.44864967297473346,1.37731190842282
13,44,Southampton,Liverpool,2025,5,29,2.5199269705684917,1.9587722469993
13,44,Aston,Liverpool,2025,5,29,2.4424216650154102,1.8000864644374917
13,44,Islington,Liverpool,2025,5,29,2.7684359472136957,2.910567702759818
13,44,Chelsea,Liverpool,2025,5,29,1.7277658028398233,1.7822597016191242
13,44,Tottenham,Liverpool,2025,5,29,1.0585651907432305,3.323707315405231
13,44,Aston,Southampton,2025,5,29,1.7502769877701259,2.7496047401511317
13,44,Islington,Southampton,2025,5,29,1.1953723448430822,2.0532664781821786
13,44,Chelsea,Southampton,2025,5,29,0.8537977602730654,1.1577240878795312
13,44,Tottenham,Southampton,2025,5,29,0.713502432606766,1.9806890180919248
13,44,Islington,Aston,2025,5,29,0.523529724768857,1.7619477828563865
13,44,Chelsea,Aston,2025,5,29,1.0313074694690245,1.2979061381826855
13,44,Tottenham,Aston,2025,5,29,0.42594296530336806,0.971989025904201
13,44,Chelsea,Islington,2025,5,29,0.9695615780126419,1.1373359500822737
13,44,Tottenham,Islington,2025,5,29,0.7176997723110586,0.9843678902850618
13,44,Tottenham,Chelsea,2025,5,29,0.2968283706209057,1.1781774894803938
13,47,Brighton,Leicester,2025,5,29,1.232457563769757,1.7688088750591837
13,47,Palace,Leicester,2025,5,29,1.5616022448248186,0.6404542623314118
13,47,Everton,Leicester,2025,5,29,2.1387747164805324,1.4454864210917944
13,47,Watford,Leicester,2025,5,29,3.43268521585593,0.10057397588323672
13,47,Burnley,Leicester,2025,5,29,2.1211530820158058,1.1174591415209747
13,47,Brentford,Leicester,2025,5,29,2.065805903407942,0.061901125387740015
13,47,West Ham,Leicester,2025,5,29,2.63264040235642,0.39721793544231904
13,47,United,Leicester,2025,5,29,2.48114535179873,0.7022100003881987
13,47,Newcastle,Leicester,2025,5,29,3.1855749540861145,1.3375317239894455
13,47,City,Leicester,2025,5,29,1.558331121447898,0.788225721721861
13,47,Wolverhampton,Leicester,2025,5,29,2.557163737841552,0.42268748889606955
13,47,Norwich,Leicester,2025,5,29,2.261780496604717,0.4227764856811178
13,47,Leeds,Leicester,2025,5,29,2.3247251759989234,0.4071922324352761
13,47,Liverpool,Leicester,2025,5,29,1.8830267027924723,0.6552275768248688
13,47,Southampton,Leicester,2025,5,29,2.0943127754185613,0.7906742674089934
13,47,Aston,Leicester,2025,5,29,2.0377268190907256,0.628505974655702
13,47,Islington,Leicester,2025,5,29,2.4553559342894298,0.7150485238081211
13,47,Chelsea,Leicester,2025,5,29,1.5948292915653448,1.376244451437546
13,47,Tottenham,Leicester,2025,5,29,1.1142173138740425,0.7630596685933063
13,47,Palace,Brighton,2025,5,29,0.8317861663099081,1.7147972404053435
13,47,Everton,Brighton,2025,5,29,2.0623645200041825,1.4915351842312878
13,47,Watford,Brighton,2025,5,29,0.7121220623271803,1.3430382263751302
13,47,Burnley,Brighton,2025,5,29,1.1788704494044173,1.6007779825913997
13,47,Brentford,Brighton,2025,5,29,1.75413070780094,1.3680939793244267
13,47,West Ham,Brighton,2025,5,29,1.7393389460567195,1.9458121224478249
13,47,United,Brighton,2025,5,29,1.399258024955775,1.6765962665494978
13,47,Newcastle,Brighton,2025,5,29,1.258552078945323,3.353609118403611
13,47,City,Brighton,2025,5,29,1.5498307774814286,3.084094076234235
13,47,Wolverhampton,Brighton,2025,5,29,1.8162744815486227,2.980324203453549
13,47,Norwich,Brighton,2025,5,29,0.8320225831606551,3.4985263689517594
13,47,Leeds,Brighton,2025,5,29,1.1612352083466841,1.76321687837712
13,47,Liverpool,Brighton,2025,5,29,0.8844758870167626,3.7066856876175143
13,47,Southampton,Brighton,2025,5,29,0.8729479647407744,2.250301009243539
13,47,Aston,Brighton,2025,5,29,1.2563158950930609,3.0110681687914522
13,47,Islington,Brighton,2025,5,29,0.9645950886277533,2.0931751461570376
13,47,Chelsea,Brighton,2025,5,29,1.4632301554933924,1.5004348638991893
13,47,Tottenham,Brighton,2025,5,29,0.7174640008750176,2.0980387978967525
13,47,Everton,Palace,2025,5,29,1.2153522734991613,1.1355989309878851
13,47,Watford,Palace,2025,5,29,3.395856098380389,0.9653504936872548
13,47,Burnley,Palace,2025,5,29,2.513806223061428,1.7803774745950347
13,47,Brentford,Palace,2025,5,29,3.4024399785775,0.6208106964491509
13,47,West Ham,Palace,2025,5,29,3.333439109182069,0.7304067528030829
13,47,United,Palace,2025,5,29,2.9504932451817782,1.3719511236822914
13,47,Newcastle,Palace,2025,5,29,3.4635474077647883,1.466689335505693
13,47,City,Palace,2025,5,29,0.5618932579313601,1.4217083756161517
13,47,Wolverhampton,Palace,2025,5,29,3.019658892075079,2.065185512580708
13,47,Norwich,Palace,2025,5,29,3.4998912152031427,0.9748758163364776
13,47,Leeds,Palace,2025,5,29,1.9510454492813818,1.4034131258302813
13,47,Liverpool,Palace,2025,5,29,2.900380303636129,1.7456741149525448
13,47,Southampton,Palace,2025,5,29,1.442329716261343,1.1882485035616412
13,47,Aston,Palace,2025,5,29,3.1152424505097267,1.1580746365280807
13,47,Islington,Palace,2025,5,29,1.5354026724996266,0.6190700922951651
13,47,Chelsea,Palace,2025,5,29,0.8187310207447538,1.082452916008787
13,47,Tottenham,Palace,2025,5,29,0.682193595976322,1.2771842923196015
13,47,Watford,Everton,2025,5,29,0.792622778286136,-0.0766431773691383
13,47,Burnley,Everton,2025,5,29,1.0132298248710532,0.8984517644296443
13,47,Brentford,Everton,2025,5,29,1.07325923885112,0.06220127233416695
13,47,West Ham,Everton,2025,5,29,1.3168205406945261,0.21003158965132362
13,47,United,Everton,2025,5,29,1.4009924921918886,0.3866920471875807
13,47,Newcastle,Everton,2025,5,29,1.5589172993407914,0.6485836290546448
13,47,City,Everton,2025,5,29,1.3179733356318082,0.9064207387149604
13,47,Wolverhampton,Everton,2025,5,29,2.5439416860018333,0.796118526592886
13,47,Norwich,Everton,2025,5,29,0.07604672170628103,0.13612074176427014
13,47,Leeds,Everton,2025,5,29,0.7880825184495078,-0.06827138616933905
13,47,Liverpool,Everton,2025,5,29,0.3879671961262763,0.5748334807261498
13,47,Southampton,Everton,2025,5,29,0.05122092682618537,-0.009499808998803436
13,47,Aston,Everton,2025,5,29,1.4862912229062784,0.21577820665720565
13,47,Islington,Everton,2025,5,29,0.3827058761271175,0.36548785980819914
13,47,Chelsea,Everton,2025,5,29,0.8235379708446845,1.2014962424305355
13,47,Tottenham,Everton,2025,5,29,0.2787242232874517,0.44674621192608266
13,47,Burnley,Watford,2025,5,29,2.8413195533439035,1.52256543747494
13,47,Brentford,Watford,2025,5,29,3.338106691812675,0.7625343850392243
13,47,West Ham,Watford,2025,5,29,3.254646753179192,1.145611663685503
13,47,United,Watford,2025,5,29,3.0285877728851514,1.0219307057924432
13,47,Newcastle,Watford,2025,5,29,3.3692215000511205,1.5957495364686878
13,47,City,Watford,2025,5,29,1.1483517747707548,1.2806941569390355
13,47,Wolverhampton,Watford,2025,5,29,3.2035357383652623,2.0347182924788214
13,47,Norwich,Watford,2025,5,29,3.286645499234518,1.293325267223939
13,47,Leeds,Watford,2025,5,29,2.3376737264207006,0.6447499095708444
13,47,Liverpool,Watford,2025,5,29,2.897166841029141,1.4064416805533835
13,47,Southampton,Watford,2025,5,29,1.784302996103948,1.119607506453376
13,47,Aston,Watford,2025,5,29,3.1124265818101358,1.287623423123988
13,47,Islington,Watford,2025,5,29,1.8867421873283063,0.879793464994838
13,47,Chelsea,Watford,2025,5,29,1.1998815969232786,1.7043188411397108
13,47,Tottenham,Watford,2025,5,29,1.2401855912934416,1.641576521958988
13,47,Brentford,Burnley,2025,5,29,3.020472808972219,0.5605250498024528
13,47,West Ham,Burnley,2025,5,29,2.6251718477076698,1.003069455158766
13,47,United,Burnley,2025,5,29,2.431011342895482,1.4565410017615654
13,47,Newcastle,Burnley,2025,5,29,3.1016279195829366,1.782729976064102
13,47,City,Burnley,2025,5,29,0.12690381514164675,1.806648189443109
13,47,Wolverhampton,Burnley,2025,5,29,2.27418456493374,2.463206252938262
13,47,Norwich,Burnley,2025,5,29,1.6135777581197732,1.80832389116385
13,47,Leeds,Burnley,2025,5,29,0.6429092009036456,1.9501189009434363
13,47,Liverpool,Burnley,2025,5,29,2.1692567428521956,1.5673583667467805
13,47,Southampton,Burnley,2025,5,29,0.3330998549526652,1.0491987931787299
13,47,Aston,Burnley,2025,5,29,2.3715935203794207,1.1814185003427373
13,47,Islington,Burnley,2025,5,29,0.6854953724895696,1.1415016558687952
13,47,Chelsea,Burnley,2025,5,29,0.7679126655784231,1.5563170016807
13,47,Tottenham,Burnley,2025,5,29,0.06235497642213996,1.6304191210570407
13,47,West Ham,Brentford,2025,5,29,1.734491944062508,0.503380874521521
13,47,United,Brentford,2025,5,29,1.5207838257882105,0.8463443357826074
13,47,Newcastle,Brentford,2025,5,29,1.8802386908856306,1.4316196048593477
13,47,City,Brentford,2025,5,29,1.1570916656181418,1.0155727817434756
13,47,Wolverhampton,Brentford,2025,5,29,2.0437375024585243,1.4654232141809818
13,47,Norwich,Brentford,2025,5,29,0.23559752285626379,0.23210291149613324
13,47,Leeds,Brentford,2025,5,29,1.0457385408380064,0.41454987895482476
13,47,Liverpool,Brentford,2025,5,29,0.762536195115157,0.5506644769158198
13,47,Southampton,Brentford,2025,5,29,0.43952964540408057,0.36679829406139386
13,47,Aston,Brentford,2025,5,29,1.654438827616162,0.7789409759199244
13,47,Islington,Brentford,2025,5,29,0.5959434550225402,0.8965894073560553
13,47,Chelsea,Brentford,2025,5,29,1.093796813881735,1.4469441436387376
13,47,Tottenham,Brentford,2025,5,29,0.2154051914759543,1.0150609834038489
13,47,United,West Ham,2025,5,29,2.0755833953194593,1.5073238596025131
13,47,Newcastle,West Ham,2025,5,29,3.0585125114215157,1.3346126323395442
13,47,City,West Ham,2025,5,29,1.3589488968829264,1.8143831559352992
13,47,Wolverhampton,West Ham,2025,5,29,2.016413981275577,2.818642799078202
13,47,Norwich,West Ham,2025,5,29,1.262981946895795,1.8252955866155491
13,47,Leeds,West Ham,2025,5,29,1.6204374191067512,1.4695414972674412
13,47,Liverpool,West Ham,2025,5,29,1.6160873807205391,2.5554610543305416
13,47,Southampton,West Ham,2025,5,29,1.3484823083977697,1.1282543477700626
13,47,Aston,West Ham,2025,5,29,2.125986452479616,1.1842546046725893
13,47,Islington,West Ham,2025,5,29,1.4305850997813194,1.5147675254959685
13,47,Chelsea,West Ham,2025,5,29,1.7555082678416802,0.7386029478831005
13,47,Tottenham,West Ham,2025,5,29,0.8094377593405904,1.278048793817678
13,47,Newcastle,United,2025,5,29,2.920275821093048,0.9191626108284825
13,47,City,United,2025,5,29,0.842932589113216,0.8338385128610101
13,47,Wolverhampton,United,2025,5,29,2.8512027815596106,0.7952169183196157
13,47,Norwich,United,2025,5,29,2.5465297889471756,0.7788244937661553
13,47,Leeds,United,2025,5,29,1.7703643677662837,0.3381760275651286
13,47,Liverpool,United,2025,5,29,2.6450585144161054,0.9717448251001497
13,47,Southampton,United,2025,5,29,1.3886945826019852,1.0195492681555045
13,47,Aston,United,2025,5,29,2.872719450020286,0.35659163417775674
13,47,Islington,United,2025,5,29,1.6747700947341013,0.9334322593511103
13,47,Chelsea,United,2025,5,29,0.9178648043630856,1.089931700463702
13,47,Tottenham,United,2025,5,29,0.6996889420205907,0.2709890831645916
13,47,City,Newcastle,2025,5,29,0.7588567307314346,0.8192844935501342
13,47,Wolverhampton,Newcastle,2025,5,29,1.4335562469306342,0.9935109184570324
13,47,Norwich,Newcastle,2025,5,29,2.1553076360952113,0.028323192261055178
13,47,Leeds,Newcastle,2025,5,29,1.4820069767158475,0.2974307469043742
13,47,Liverpool,Newcastle,2025,5,29,2.125864989679997,0.47873865828766693
13,47,Southampton,Newcastle,2025,5,29,1.309812999092133,0.5621344890730287
13,47,Aston,Newcastle,2025,5,29,2.0860398192949616,0.3573777119496274
13,47,Islington,Newcastle,2025,5,29,1.242890589648504,0.4371608441264272
13,47,Chelsea,Newcastle,2025,5,29,1.4537897357025398,1.8300469498863257
13,47,Tottenham,Newcastle,2025,5,29,0.7504358557796197,0.7755585840607837
13,47,Wolverhampton,City,2025,5,29,2.095461728119858,1.3743153776145507
13,47,Norwich,City,2025,5,29,1.304188934775355,2.272383744934118
13,47,Leeds,City,2025,5,29,1.5281095627060788,1.4950827874282293
13,47,Liverpool,City,2025,5,29,1.3851442866757953,1.8530273744454475
13,47,Southampton,City,2025,5,29,1.7610633723207179,2.113285281872901
13,47,Aston,City,2025,5,29,1.997613530076735,1.8918450643939744
13,47,Islington,City,2025,5,29,1.4379816731977544,1.9159378671164962
13,47,Chelsea,City,2025,5,29,1.5559899981378884,1.2082517036491174
13,47,Tottenham,City,2025,5,29,1.0436675575768037,0.9633008069042344
13,47,Norwich,Wolverhampton,2025,5,29,1.21447932928814,0.6570218745464891
13,47,Leeds,Wolverhampton,2025,5,29,1.3134853590662574,1.2494930192931206
13,47,Liverpool,Wolverhampton,2025,5,29,1.4116535588450334,0.6069772328768311
13,47,Southampton,Wolverhampton,2025,5,29,1.5633494819668907,1.4619392618919003
13,47,Aston,Wolverhampton,2025,5,29,1.7396009156632022,0.889795708008844
13,47,Islington,Wolverhampton,2025,5,29,1.400376815768543,0.9728240416563156
13,47,Chelsea,Wolverhampton,2025,5,29,1.1678458843783022,1.2377886000117158
13,47,Tottenham,Wolverhampton,2025,5,29,0.322152637329419,0.35629863247170535
13,47,Leeds,Norwich,2025,5,29,1.3931863199329213,0.9892515492118402
13,47,Liverpool,Norwich,2025,5,29,0.7855273705442405,0.5772773450357386
13,47,Southampton,Norwich,2025,5,29,1.3596833761637541,1.7484378434927037
13,47,Aston,Norwich,2025,5,29,0.840903622561618,0.4165061245435185
13,47,Islington,Norwich,2025,5,29,1.102343134616763,0.37890480156216316
13,47,Chelsea,Norwich,2025,5,29,1.6029538295858539,1.2916788220556488
13,47,Tottenham,Norwich,2025,5,29,0.6084779848242974,0.5758012125576434
13,47,Liverpool,Leeds,2025,5,29,0.18372795302380668,3.814997563384913
13,47,Southampton,Leeds,2025,5,29,0.3065303000952557,1.8757034634309657
13,47,Aston,Leeds,2025,5,29,0.9326890003301379,1.2504625744640991
13,47,Islington,Leeds,2025,5,29,0.36860436351808373,0.6783903418177958
13,47,Chelsea,Leeds,2025,5,29,0.824681548312768,0.7107241822850794
13,47,Tottenham,Leeds,2025,5,29,0.3954656143650558,1.0096752742224162
13,47,Southampton,Liverpool,2025,5,29,2.48092545729101,1.7585927331830857
13,47,Aston,Liverpool,2025,5,29,2.2594578677245076,1.6181415079895367
13,47,Islington,Liverpool,2025,5,29,2.7150783376389294,2.692616885309095
13,47,Chelsea,Liverpool,2025,5,29,1.715661230498142,1.653324239350902
13,47,Tottenham,Liverpool,2025,5,29,0.9878772791293389,3.0152958412498916
13,47,Aston,Southampton,2025,5,29,1.6092582618578015,2.595905154080018
13,47,Islington,Southampton,2025,5,29,1.221503317058373,1.8680441720941339
13,47,Chelsea,Southampton,2025,5,29,0.9627749616262806,1.1574783796699033
13,47,Tottenham,Southampton,2025,5,29,0.7227350714487583,1.8310266482655466
13,47,Islington,Aston,2025,5,29,0.5143984285481068,1.5647989341235304
13,47,Chelsea,Aston,2025,5,29,1.1157462933068027,1.207199732491271
13,47,Tottenham,Aston,2025,5,29,0.38014402100437145,0.7057492534521952
13,47,Chelsea,Islington,2025,5,29,1.01242284589066,0.9719789777427736
13,47,Tottenham,Islington,2025,5,29,0.6561611120412522,0.7106673425259901
13,47,Tottenham,Chelsea,2025,5,29,0.15716167298905584,0.9273548073847315
13,50,Brighton,Leicester,2025,5,29,1.3716750110228932,1.754468673480021
13,50,Palace,Leicester,2025,5,29,1.8450980825322445,0.5782244872280345
13,50,Everton,Leicester,2025,5,29,2.5065107207030923,1.450976821582945
13,50,Watford,Leicester,2025,5,29,3.794403705122387,0.04008580731496251
13,50,Burnley,Leicester,2025,5,29,2.2684037104115125,1.0786250891904086
13,50,Brentford,Leicester,2025,5,29,2.4559742647320615,0.014224724082939384
13,50,West Ham,Leicester,2025,5,29,2.8044489348282617,0.3233202330248663
13,50,United,Leicester,2025,5,29,2.6117054253037955,0.6185129200074725
13,50,Newcastle,Leicester,2025,5,29,3.312731605863724,1.2508329815782435
13,50,City,Leicester,2025,5,29,1.7514756112914334,0.7241262145572329
13,50,Wolverhampton,Leicester,2025,5,29,2.708847421250401,0.38361438314731583
13,50,Norwich,Leicester,2025,5,29,2.588296364839057,0.3932225217784383
13,50,Leeds,Leicester,2025,5,29,2.431242431585445,0.33120208249059163
13,50,Liverpool,Leicester,2025,5,29,2.041620256226972,0.5508438093810435
13,50,Southampton,Leicester,2025,5,29,2.2595922998135722,0.7283386358128502
13,50,Aston,Leicester,2025,5,29,2.1194226234153324,0.5478220763283446
13,50,Islington,Leicester,2025,5,29,2.7618164357941484,0.6640958940180395
13,50,Chelsea,Leicester,2025,5,29,1.8068167881060928,1.3409547306392735
13,50,Tottenham,Leicester,2025,5,29,1.401203523054578,0.6827359426101997
13,50,Palace,Brighton,2025,5,29,1.0180644352231023,1.6618587288328792
13,50,Everton,Brighton,2025,5,29,2.2413583666355925,1.494148822932973
13,50,Watford,Brighton,2025,5,29,0.9245587199326781,1.3288488395342397
13,50,Burnley,Brighton,2025,5,29,1.2725944432517722,1.3214500787260772
13,50,Brentford,Brighton,2025,5,29,1.9711965552439008,1.3086857924507773
13,50,West Ham,Brighton,2025,5,29,1.8379024609425858,1.9163214489811609
13,50,United,Brighton,2025,5,29,1.4798534805570722,1.608364605116706
13,50,Newcastle,Brighton,2025,5,29,1.3652571331058934,3.272945699799384
13,50,City,Brighton,2025,5,29,1.6549431453965089,2.7951032767473447
13,50,Wolverhampton,Brighton,2025,5,29,1.9226721997965563,2.6950352742296837
13,50,Norwich,Brighton,2025,5,29,0.983227557953294,3.269028219526281
13,50,Leeds,Brighton,2025,5,29,1.2291562445318374,1.5112283612614814
13,50,Liverpool,Brighton,2025,5,29,1.0063313710036685,3.382760147548445
13,50,Southampton,Brighton,2025,5,29,0.9740822346267028,2.2333218747078054
13,50,Aston,Brighton,2025,5,29,1.3167866111715956,2.9520611536536228
13,50,Islington,Brighton,2025,5,29,1.1730553025368256,2.0136881622885774
13,50,Chelsea,Brighton,2025,5,29,1.5816000164959378,1.489078000391586
13,50,Tottenham,Brighton,2025,5,29,0.8342089594961312,1.8174196584931637
13,50,Everton,Palace,2025,5,29,1.3158215440424905,1.1463946465676118
13,50,Watford,Palace,2025,5,29,3.483842253283224,0.8889114715167837
13,50,Burnley,Palace,2025,5,29,2.5521653370207082,1.473135685438896
13,50,Brentford,Palace,2025,5,29,3.490426133480335,0.5219400005105681
13,50,West Ham,Palace,2025,5,29,3.393670745371744,0.6414590994828528
13,50,United,Palace,2025,5,29,3.024939586649941,1.25177681935578
13,50,Newcastle,Palace,2025,5,29,3.4783496113212293,1.348023798702648
13,50,City,Palace,2025,5,29,0.6411568627907438,1.0987341501374888
13,50,Wolverhampton,Palace,2025,5,29,3.089794864309529,1.76600390560372
13,50,Norwich,Palace,2025,5,29,3.506587750734762,0.7219972709565671
13,50,Leeds,Palace,2025,5,29,1.9969485649201908,1.0851579041840997
13,50,Liverpool,Palace,2025,5,29,2.970236768712859,1.3798504693014855
13,50,Southampton,Palace,2025,5,29,1.5204174149331364,1.1246290788476203
13,50,Aston,Palace,2025,5,29,3.151209871069215,1.0307867899205096
13,50,Islington,Palace,2025,5,29,1.6068615195339166,0.5361506681132406
13,50,Chelsea,Palace,2025,5,29,0.9137337709984793,1.0374442427345658
13,50,Tottenham,Palace,2025,5,29,0.7043712777458356,0.9565407642957406
13,50,Watford,Everton,2025,5,29,1.083473972920609,-0.11399293658203367
13,50,Burnley,Everton,2025,5,29,1.0216307025101314,0.8450934817959752
13,50,Brentford,Everton,2025,5,29,1.3535337810162218,0.015544029946307688
13,50,West Ham,Everton,2025,5,29,1.3691058659172257,0.13896902555189966
13,50,United,Everton,2025,5,29,1.4779667087759634,0.3007012804696804
13,50,Newcastle,Everton,2025,5,29,1.5281921255438278,0.5214031351587778
13,50,City,Everton,2025,5,29,1.3604674213725665,0.8119150149042385
13,50,Wolverhampton,Everton,2025,5,29,2.5608695520664493,0.7311478108299385
13,50,Norwich,Everton,2025,5,29,0.27943035882138906,0.090042873417064
13,50,Leeds,Everton,2025,5,29,0.8132216749087553,-0.11387568046957001
13,50,Liverpool,Everton,2025,5,29,0.40394667663884487,0.4507504628667389
13,50,Southampton,Everton,2025,5,29,0.12032509473270396,-0.08668828785736869
13,50,Aston,Everton,2025,5,29,1.4373404802118803,0.12661600951976765
13,50,Islington,Everton,2025,5,29,0.5762584625154572,0.28139408495273477
13,50,Chelsea,Everton,2025,5,29,0.8861572139459314,1.1729523508730249
13,50,Tottenham,Everton,2025,5,29,0.44106992741817386,0.40028822870428027
13,50,Burnley,Watford,2025,5,29,2.805065606547164,1.5182678693224263
13,50,Brentford,Watford,2025,5,29,3.355930158417289,0.7613598152829107
13,50,West Ham,Watford,2025,5,29,3.2386251616344066,1.104869260099485
13,50,United,Watford,2025,5,29,3.0293210829295703,0.9724171630203297
13,50,Newcastle,Watford,2025,5,29,3.328212645629944,1.5210829729614792
13,50,City,Watford,2025,5,29,1.1380636868989065,1.239633542523353
13,50,Wolverhampton,Watford,2025,5,29,3.1841200178684805,2.0262901621473706
13,50,Norwich,Watford,2025,5,29,3.2394715097592464,1.2671133244339672
13,50,Leeds,Watford,2025,5,29,2.319074314087319,0.6022430913070699
13,50,Liverpool,Watford,2025,5,29,2.898979080344253,1.3351980942452342
13,50,Southampton,Watford,2025,5,29,1.7925611261294445,1.077737306320265
13,50,Aston,Watford,2025,5,29,3.0758385309969043,1.2484901609249635
13,50,Islington,Watford,2025,5,29,1.8803705723837771,0.8525751557856502
13,50,Chelsea,Watford,2025,5,29,1.2080686349666414,1.7157142820795301
13,50,Tottenham,Watford,2025,5,29,1.1980395624704285,1.6137204050732585
13,50,Brentford,Burnley,2025,5,29,3.1081299582999575,0.5251208595080753
13,50,West Ham,Burnley,2025,5,29,2.6579121066879274,0.9199256138010022
13,50,United,Burnley,2025,5,29,2.4930076531767376,1.3768703562109668
13,50,Newcastle,Burnley,2025,5,29,3.0409728406464693,1.6945117015642657
13,50,City,Burnley,2025,5,29,0.15441999457958697,1.5083705210738763
13,50,Wolverhampton,Burnley,2025,5,29,2.2696951784737625,2.1990005812510427
13,50,Norwich,Burnley,2025,5,29,1.6230898524552786,1.55007541441159
13,50,Leeds,Burnley,2025,5,29,0.6847810427740728,1.6479518180989634
13,50,Liverpool,Burnley,2025,5,29,2.2196548062402943,1.2274475802530374
13,50,Southampton,Burnley,2025,5,29,0.42623776683765147,0.9930150963600414
13,50,Aston,Burnley,2025,5,29,2.3387383218551094,1.0974207900944724
13,50,Islington,Burnley,2025,5,29,0.7246746830620945,1.0822628111657677
13,50,Chelsea,Burnley,2025,5,29,0.8278173704335275,1.5228677942216262
13,50,Tottenham,Burnley,2025,5,29,0.052528223285742276,1.3256818218101294
13,50,West Ham,Brentford,2025,5,29,1.806647399014351,0.44326217117276495
13,50,United,Brentford,2025,5,29,1.6110797353875144,0.7465410225387874
13,50,Newcastle,Brentford,2025,5,29,1.8856948458261487,1.3372015194735374
13,50,City,Brentford,2025,5,29,1.2321939286545553,0.9208859746387865
13,50,Wolverhampton,Brentford,2025,5,29,2.0887063858791737,1.3868110788777848
13,50,Norwich,Brentford,2025,5,29,0.47479918998248616,0.20833321670281255
13,50,Leeds,Brentford,2025,5,29,1.11105813337783,0.3589307200928318
13,50,Liverpool,Brentford,2025,5,29,0.8244991659903702,0.4380453082392546
13,50,Southampton,Brentford,2025,5,29,0.519361030181263,0.31824166153394723
13,50,Aston,Brentford,2025,5,29,1.6548634839288254,0.6905559780505784
13,50,Islington,Brentford,2025,5,29,0.8093661711400226,0.799187093175122
13,50,Chelsea,Brentford,2025,5,29,1.1863907739103536,1.4116201390934375
13,50,Tottenham,Brentford,2025,5,29,0.4188945338335448,0.9609700185473001
13,50,United,West Ham,2025,5,29,2.192550653412673,1.3944125699100813
13,50,Newcastle,West Ham,2025,5,29,3.1340098900197666,1.2112298204078351
13,50,City,West Ham,2025,5,29,1.4782579600459986,1.480487757593576
13,50,Wolverhampton,West Ham,2025,5,29,2.093776517053959,2.50719116139284
13,50,Norwich,West Ham,2025,5,29,1.5347672107839756,1.552883995893181
13,50,Leeds,West Ham,2025,5,29,1.7352592593441378,1.1585492902553394
13,50,Liverpool,West Ham,2025,5,29,1.743302158461254,2.1921831481848977
13,50,Southampton,West Ham,2025,5,29,1.4993934593198843,1.046450735558902
13,50,Aston,West Ham,2025,5,29,2.1654668784064888,1.0642297726990977
13,50,Islington,West Ham,2025,5,29,1.7042819863186427,1.4195780706056702
13,50,Chelsea,West Ham,2025,5,29,1.9008532672294067,0.6813242439005052
13,50,Tottenham,West Ham,2025,5,29,1.059866000382789,0.9599510052992333
13,50,Newcastle,United,2025,5,29,2.923486852818341,0.8198203704329097
13,50,City,United,2025,5,29,0.9016190798993298,0.7567329600948439
13,50,Wolverhampton,United,2025,5,29,2.90619723883739,0.7458822964363385
13,50,Norwich,United,2025,5,29,2.5605584052538597,0.7512157995242191
13,50,Leeds,United,2025,5,29,1.8162674834050936,0.25230818772744246
13,50,Liverpool,United,2025,5,29,2.6924413837611,0.8502462080715056
13,50,Southampton,United,2025,5,29,1.4703326243993011,0.954971846218159
13,50,Aston,United,2025,5,29,2.8935453556231034,0.2518318198908526
13,50,Islington,United,2025,5,29,1.7516757665523799,0.8698361315766583
13,50,Chelsea,United,2025,5,29,0.9939443020105981,1.0455188619125313
13,50,Tottenham,United,2025,5,29,0.7237631054485701,0.18273293694922657
13,50,City,Newcastle,2025,5,29,0.8997540822097431,0.7394134566592353
13,50,Wolverhampton,Newcastle,2025,5,29,1.5989419324110097,0.9328120294040816
13,50,Norwich,Newcastle,2025,5,29,2.3397929944835214,0.01903638746674377
13,50,Leeds,Newcastle,2025,5,29,1.5780835842857097,0.22988479651431265
13,50,Liverpool,Newcastle,2025,5,29,2.2909881436404254,0.36492879209046153
13,50,Southampton,Newcastle,2025,5,29,1.4904540031849465,0.5214716383381373
13,50,Aston,Newcastle,2025,5,29,2.2211200371619784,0.2651682016955038
13,50,Islington,Newcastle,2025,5,29,1.4841355861487733,0.3573388959809596
13,50,Chelsea,Newcastle,2025,5,29,1.607539497669158,1.7960883462913262
13,50,Tottenham,Newcastle,2025,5,29,0.9167992392165,0.7092079474613863
13,50,Wolverhampton,City,2025,5,29,2.192799848917704,1.1344251746837013
13,50,Norwich,City,2025,5,29,1.5677309390027532,2.0755918676871463
13,50,Leeds,City,2025,5,29,1.6034786553864973,1.2497009571277764
13,50,Liverpool,City,2025,5,29,1.4800050946202477,1.5644791043743065
13,50,Southampton,City,2025,5,29,1.87152152510713,2.04194427647343
13,50,Aston,City,2025,5,29,2.0251424887870915,1.7830777418571113
13,50,Islington,City,2025,5,29,1.7013221253437203,1.8182026727207823
13,50,Chelsea,City,2025,5,29,1.6970967536149932,1.1543307521688055
13,50,Tottenham,City,2025,5,29,1.266061637918972,0.7325746266407297
13,50,Norwich,Wolverhampton,2025,5,29,1.5095592788962449,0.6342747335058946
13,50,Leeds,Wolverhampton,2025,5,29,1.419636534615646,1.1684867326567765
13,50,Liverpool,Wolverhampton,2025,5,29,1.5358699712883208,0.517374951899768
13,50,Southampton,Wolverhampton,2025,5,29,1.7207667275308383,1.4078160749107262
13,50,Aston,Wolverhampton,2025,5,29,1.7623270975268277,0.8206030854542227
13,50,Islington,Wolverhampton,2025,5,29,1.6668239181818785,0.9269141575634336
13,50,Chelsea,Wolverhampton,2025,5,29,1.3422997118583428,1.2050206939373564
13,50,Tottenham,Wolverhampton,2025,5,29,0.574921890827809,0.2899479958723076
13,50,Leeds,Norwich,2025,5,29,1.5277755093089427,0.941846372525435
13,50,Liverpool,Norwich,2025,5,29,0.9689768373302016,0.5011354003049584
13,50,Southampton,Norwich,2025,5,29,1.5555270520865991,1.7146969811790465
13,50,Aston,Norwich,2025,5,29,0.9476748105565145,0.37281233279554554
13,50,Islington,Norwich,2025,5,29,1.4585007311387959,0.3329949174692813
13,50,Chelsea,Norwich,2025,5,29,1.8086126823741555,1.2790516896849455
13,50,Tottenham,Norwich,2025,5,29,0.899678251169283,0.529591349661902
13,50,Liverpool,Leeds,2025,5,29,0.26030607937305505,3.495536834340751
13,50,Southampton,Leeds,2025,5,29,0.3733257227542961,1.8400107136183976
13,50,Aston,Leeds,2025,5,29,0.9660316588624088,1.1884380161468648
13,50,Islington,Leeds,2025,5,29,0.5907513972869252,0.5841994639116107
13,50,Chelsea,Leeds,2025,5,29,0.9037502525990382,0.6787757179484203
13,50,Tottenham,Leeds,2025,5,29,0.586553639285556,0.711829029543767
13,50,Southampton,Liverpool,2025,5,29,2.5941113879003614,1.7224257625038089
13,50,Aston,Liverpool,2025,5,29,2.2858129784148282,1.5160998153250167
13,50,Islington,Liverpool,2025,5,29,2.9493491952337934,2.6025634525899384
13,50,Chelsea,Liverpool,2025,5,29,1.8801497670655705,1.621231832433354
13,50,Tottenham,Liverpool,2025,5,29,1.2215682927925695,2.701654765405349
13,50,Aston,Southampton,2025,5,29,1.6974001363033264,2.519335545128905
13,50,Islington,Southampton,2025,5,29,1.49701469496522,1.7630904943678953
13,50,Chelsea,Southampton,2025,5,29,1.186676003885579,1.1142206419824128
13,50,Tottenham,Southampton,2025,5,29,0.9077653434021341,1.5336602337695449
13,50,Islington,Aston,2025,5,29,0.7881574805480827,1.4793783017397455
13,50,Chelsea,Aston,2025,5,29,1.2973201863648471,1.1781440417194056
13,50,Tottenham,Aston,2025,5,29,0.5410172053134433,0.6269186905630378
13,50,Chelsea,Islington,2025,5,29,1.1469941996837807,0.963096912764599
13,50,Tottenham,Islington,2025,5,29,0.7442346056063248,0.6579419698836217
13,50,Tottenham,Chelsea,2025,5,29,0.3515565902468495,0.8445919561484847
13,53,Brighton,Leicester,2025,5,29,1.3677050366880872,1.7764912179100723
13,53,Palace,Leicester,2025,5,29,1.9058835757525303,0.7548493135573374
13,53,Everton,Leicester,2025,5,29,2.571266188258184,1.5022161666568448
13,53,Watford,Leicester,2025,5,29,3.794403705122387,0.11898648193093544
13,53,Burnley,Leicester,2025,5,29,2.333159177966605,1.0942872300156323
13,53,Brentford,Leicester,2025,5,29,2.5568497633542218,0.04734868412545656
13,53,West Ham,Leicester,2025,5,29,2.8044489348282617,0.502639302528537
13,53,United,Leicester,2025,5,29,2.6117054253037955,0.8008821683015653
13,53,Newcastle,Leicester,2025,5,29,3.3087616315289177,1.383358658960534
13,53,City,Leicester,2025,5,29,1.7514756112914334,0.848785561717099
13,53,Wolverhampton,Leicester,2025,5,29,2.7449674523174683,0.4015387666417449
13,53,Norwich,Leicester,2025,5,29,2.6852018891264104,0.5652879795536302
13,53,Leeds,Leicester,2025,5,29,2.463392488317706,0.4568619006492058
13,53,Liverpool,Leicester,2025,5,29,2.1024057494472568,0.6998005593037084
13,53,Southampton,Leicester,2025,5,29,2.324347767368665,0.9056126733522908
13,53,Aston,Leicester,2025,5,29,2.115452649080526,0.7098710494801508
13,53,Islington,Leicester,2025,5,29,2.8265719033492407,0.764078693199669
13,53,Chelsea,Leicester,2025,5,29,1.8715722556611856,1.3518837851298238
13,53,Tottenham,Leicester,2025,5,29,1.4619890162748639,0.7268352437921413
13,53,Palace,Brighton,2025,5,29,1.0658758494327516,1.6877113549467324
13,53,Everton,Brighton,2025,5,29,2.2612040773832134,1.5132262917791914
13,53,Watford,Brighton,2025,5,29,0.9509007493501888,1.352279944464093
13,53,Burnley,Brighton,2025,5,29,1.257811232978809,1.328800503342518
13,53,Brentford,Brighton,2025,5,29,1.9481991837707484,1.3329002330550883
13,53,West Ham,Brighton,2025,5,29,1.8202326537005344,1.9426247507489054
13,53,United,Brighton,2025,5,29,1.4502846773138043,1.6255898553766874
13,53,Newcastle,Brighton,2025,5,29,1.3756500914560768,3.2810504484366976
13,53,City,Brighton,2025,5,29,1.625374342153241,2.8063356973705607
13,53,Wolverhampton,Brighton,2025,5,29,1.890456686672286,2.706865498082324
13,53,Norwich,Brighton,2025,5,29,1.0392573165156573,3.2945947873808876
13,53,Leeds,Brighton,2025,5,29,1.1929707570727606,1.5330518637930275
13,53,Liverpool,Brighton,2025,5,29,1.0083133898031131,3.3911509544450054
13,53,Southampton,Brighton,2025,5,29,1.0524727096697275,2.25967177823687
13,53,Aston,Brighton,2025,5,29,1.2768361881801873,2.963509739205686
13,53,Islington,Brighton,2025,5,29,1.2443483888012972,2.0249205829117938
13,53,Chelsea,Brighton,2025,5,29,1.654193083853396,1.493912895240347
13,53,Tottenham,Brighton,2025,5,29,0.8782554381734492,1.8246454914146901
13,53,Everton,Palace,2025,5,29,1.319852518900307,1.1840971060423884
13,53,Watford,Palace,2025,5,29,3.5418463022015048,0.94833047525648
13,53,Burnley,Palace,2025,5,29,2.613501839185209,1.4822501310093263
13,53,Brentford,Palace,2025,5,29,3.539783538912315,0.5415270749539622
13,53,West Ham,Palace,2025,5,29,3.440297157038894,0.8125796523540192
13,53,United,Palace,2025,5,29,3.0596670023158743,1.4388815266388522
13,53,Newcastle,Palace,2025,5,29,3.520404589172183,1.480549476084939
13,53,City,Palace,2025,5,29,0.6444893160369639,1.228128956286334
13,53,Wolverhampton,Palace,2025,5,29,3.1218755700944603,1.7714358085662014
13,53,Norwich,Palace,2025,5,29,3.5493284719509335,0.8858642120992537
13,53,Leeds,Palace,2025,5,29,1.9936643339506024,1.2085639909873636
13,53,Liverpool,Palace,2025,5,29,3.015704300541337,1.5288072192241504
13,53,Southampton,Palace,2025,5,29,1.5503589546779242,1.2996493850317108
13,53,Aston,Palace,2025,5,29,3.17932060251934,1.197571222061295
13,53,Islington,Palace,2025,5,29,1.6334706060324842,0.6349241410066964
13,53,Chelsea,Palace,2025,5,29,0.9416428385900331,1.0358808166931688
13,53,Tottenham,Palace,2025,5,29,0.7037337566572491,0.9881475849457351
13,53,Watford,Everton,2025,5,29,1.1123095787675317,-0.05209447005221155
13,53,Burnley,Everton,2025,5,29,1.0788424844104103,0.8496981998122024
13,53,Brentford,Everton,2025,5,29,1.417823108256026,0.03761056717982792
13,53,West Ham,Everton,2025,5,29,1.3547486684823684,0.28347568674494894
13,53,United,Everton,2025,5,29,1.4517105153398893,0.4594660406409627
13,53,Newcastle,Everton,2025,5,29,1.5592544071418843,0.6293587572611137
13,53,City,Everton,2025,5,29,1.3342112279364924,0.9077067390306373
13,53,Wolverhampton,Everton,2025,5,29,2.531966648749373,0.7268068513275602
13,53,Norwich,Everton,2025,5,29,0.3688563060002313,0.23753827591230073
13,53,Leeds,Everton,2025,5,29,0.7803487972568721,-0.011820350433766419
13,53,Liverpool,Everton,2025,5,29,0.47792368761153253,0.5471640084426049
13,53,Southampton,Everton,2025,5,29,0.2172486213809393,0.07872033473475566
13,53,Aston,Everton,2025,5,29,1.397390057220472,0.26506049454876335
13,53,Islington,Everton,2025,5,29,0.6627719905779474,0.346564475823743
13,53,Chelsea,Everton,2025,5,29,0.9739707231014078,1.1668791972774244
13,53,Tottenham,Everton,2025,5,29,0.5011558812712911,0.42738532180007066
13,53,Burnley,Watford,2025,5,29,2.854447865459342,1.5172118350494814
13,53,Brentford,Watford,2025,5,29,3.393333320596946,0.7550704582199791
13,53,West Ham,Watford,2025,5,29,3.2732973300492336,1.1902324997548777
13,53,United,Watford,2025,5,29,3.0579840338288813,1.0545879153513273
13,53,Newcastle,Watford,2025,5,29,3.360345852381809,1.6047326322872242
13,53,City,Watford,2025,5,29,1.1353316753785043,1.3039651923078324
13,53,Wolverhampton,Watford,2025,5,29,3.210136258886789,2.0354949042127912
13,53,Norwich,Watford,2025,5,29,3.270257987723095,1.3548675021621257
13,53,Leeds,Watford,2025,5,29,2.309725618351108,0.6649119206810682
13,53,Liverpool,Watford,2025,5,29,2.9383821474061085,1.4066932693425536
13,53,Southampton,Watford,2025,5,29,1.810548422621909,1.171483399487129
13,53,Aston,Watford,2025,5,29,3.0978847976804067,1.3173129092804383
13,53,Islington,Watford,2025,5,29,1.8970578877832556,0.8620487522026903
13,53,Chelsea,Watford,2025,5,29,1.226055931459106,1.700408145301267
13,53,Tottenham,Watford,2025,5,29,1.1913375766152199,1.6142225952719431
13,53,Brentford,Burnley,2025,5,29,3.189759789547526,0.5328360449753395
13,53,West Ham,Burnley,2025,5,29,2.696567807498546,1.1206772818673139
13,53,United,Burnley,2025,5,29,2.5478401359717746,1.5559412207184375
13,53,Newcastle,Burnley,2025,5,29,3.075658567122282,1.8178065009432325
13,53,City,Burnley,2025,5,29,0.17785751495491078,1.617659146560055
13,53,Wolverhampton,Burnley,2025,5,29,2.360647692335867,2.208031570711884
13,53,Norwich,Burnley,2025,5,29,1.6826028789938643,1.7648453973265539
13,53,Leeds,Burnley,2025,5,29,0.7514379049163076,1.7794129961312364
13,53,Liverpool,Burnley,2025,5,29,2.2745090543956503,1.416151924359678
13,53,Southampton,Burnley,2025,5,29,0.46074457224762566,1.2136909378001868
13,53,Aston,Burnley,2025,5,29,2.3935925700104654,1.2690829454322992
13,53,Islington,Burnley,2025,5,29,0.7206426904487061,1.1821960111334084
13,53,Chelsea,Burnley,2025,5,29,0.8552466305039763,1.511044155418545
13,53,Tottenham,Burnley,2025,5,29,0.044526256337547365,1.3803208441977335
13,53,West Ham,Brentford,2025,5,29,1.783538063419036,0.6022924144256049
13,53,United,Brentford,2025,5,29,1.5981379642611018,0.891888995901946
13,53,Newcastle,Brentford,2025,5,29,1.8906482758230683,1.4234586024470275
13,53,City,Brentford,2025,5,29,1.219252157528143,0.9931368837194885
13,53,Wolverhampton,Brentford,2025,5,29,2.0731179048717583,1.3870601989950073
13,53,Norwich,Brentford,2025,5,29,0.5249391700591477,0.3813817748043042
13,53,Leeds,Brentford,2025,5,29,1.1025689630702593,0.44788713763717464
13,53,Liverpool,Brentford,2025,5,29,0.857942437473652,0.5897119359404184
13,53,Southampton,Brentford,2025,5,29,0.6195580438900918,0.4964127424861616
13,53,Aston,Brentford,2025,5,29,1.6463743136212547,0.8284952422440942
13,53,Islington,Brentford,2025,5,29,0.8747694789187939,0.862082576737286
13,53,Chelsea,Brentford,2025,5,29,1.2845553154659481,1.4038946612259788
13,53,Tottenham,Brentford,2025,5,29,0.4629410125108624,1.0109253325269085
13,53,United,West Ham,2025,5,29,2.21294262106186,1.5386922965028533
13,53,Newcastle,West Ham,2025,5,29,3.1528550654505816,1.3293486469291502
13,53,City,West Ham,2025,5,29,1.4986499276951855,1.5806193486017042
13,53,Wolverhampton,West Ham,2025,5,29,2.150288515770214,2.5046887838720355
13,53,Norwich,West Ham,2025,5,29,1.6342332239963828,1.7077585096245202
13,53,Leeds,West Ham,2025,5,29,1.8028405430950427,1.2510014023885407
13,53,Liverpool,West Ham,2025,5,29,1.7814149436465103,2.311834366871275
13,53,Southampton,West Ham,2025,5,29,1.6061797908815816,1.219238469387128
13,53,Aston,West Ham,2025,5,29,2.196928131090326,1.2016688750658961
13,53,Islington,West Ham,2025,5,29,1.7796070651965028,1.4890883283584078
13,53,Chelsea,West Ham,2025,5,29,2.0076395987911035,0.6617881208232388
13,53,Tottenham,West Ham,2025,5,29,1.108581992762081,0.9823669982569755
13,53,Newcastle,United,2025,5,29,2.994191275114268,0.9763607858230824
13,53,City,United,2025,5,29,0.9120290784850751,0.9085104597898467
13,53,Wolverhampton,United,2025,5,29,2.981475521028914,0.752946243860545
13,53,Norwich,United,2025,5,29,2.6567758709777785,0.9473384559349264
13,53,Leeds,United,2025,5,29,1.8672501138767483,0.3985631243654961
13,53,Liverpool,United,2025,5,29,2.7481591672464467,1.0133424901078671
13,53,Southampton,United,2025,5,29,1.5176019611404827,1.1570392879060207
13,53,Aston,United,2025,5,29,2.9327253721078788,0.44783956980376927
13,53,Islington,United,2025,5,29,1.7774658196731656,0.9931002555617755
13,53,Chelsea,United,2025,5,29,1.032103621259021,1.0455874803328593
13,53,Tottenham,United,2025,5,29,0.7231255843599838,0.21597180206094552
13,53,City,Newcastle,2025,5,29,0.9068316275492684,0.846839606891881
13,53,Wolverhampton,Newcastle,2025,5,29,1.6735344712373157,0.940473780057711
13,53,Norwich,Newcastle,2025,5,29,2.403338013635496,0.22098733495485295
13,53,Leeds,Newcastle,2025,5,29,1.6283804713921464,0.3471186929808296
13,53,Liverpool,Newcastle,2025,5,29,2.329482416759983,0.5204897069225553
13,53,Southampton,Newcastle,2025,5,29,1.508600833559122,0.7234225858262473
13,53,Aston,Newcastle,2025,5,29,2.259614310281536,0.4374627824448212
13,53,Islington,Newcastle,2025,5,29,1.4841355861487733,0.4582207865478571
13,53,Chelsea,Newcastle,2025,5,29,1.6186087827038085,1.7967547679410771
13,53,Tottenham,Newcastle,2025,5,29,0.9128292648816935,0.7584711433400878
13,53,Wolverhampton,City,2025,5,29,2.2020164971278495,1.1605199044629968
13,53,Norwich,City,2025,5,29,1.6733471840473164,2.206217696131559
13,53,Leeds,City,2025,5,29,1.619794614296487,1.3660693023539638
13,53,Liverpool,City,2025,5,29,1.4942368855367156,1.681885501128042
13,53,Southampton,City,2025,5,29,1.95958460358867,2.1777786846820915
13,53,Aston,City,2025,5,29,1.998260871290489,1.9088666778456136
13,53,Islington,City,2025,5,29,1.769938392358098,1.8854257924453073
13,53,Chelsea,City,2025,5,29,1.7780822867570079,1.1605501226649817
13,53,Tottenham,City,2025,5,29,1.3121076370564442,0.7499668045532896
13,53,Norwich,Wolverhampton,2025,5,29,1.59523112763068,0.8710684882430353
13,53,Leeds,Wolverhampton,2025,5,29,1.4510590242175654,1.3302334984875528
13,53,Liverpool,Wolverhampton,2025,5,29,1.5601084912643015,0.697202898803367
13,53,Southampton,Wolverhampton,2025,5,29,1.8057497722168494,1.6498184094121155
13,53,Aston,Wolverhampton,2025,5,29,1.7619899760903086,1.0253619944433423
13,53,Islington,Wolverhampton,2025,5,29,1.715539910561171,1.0633609985888772
13,53,Chelsea,Wolverhampton,2025,5,29,1.4252502843911201,1.2169702698308802
13,53,Tottenham,Wolverhampton,2025,5,29,0.6244737084951765,0.3639117348989655
13,53,Leeds,Norwich,2025,5,29,1.5303958769542854,1.1132198640137518
13,53,Liverpool,Norwich,2025,5,29,1.078447093600114,0.6951028793222557
13,53,Southampton,Norwich,2025,5,29,1.6879438240320601,1.974386219159829
13,53,Aston,Norwich,2025,5,29,0.9432176328623315,0.5843868015894158
13,53,Islington,Norwich,2025,5,29,1.5490462518146741,0.4694417584947251
13,53,Chelsea,Norwich,2025,5,29,1.9319194368268573,1.2887714178873215
13,53,Tottenham,Norwich,2025,5,29,0.9637961976357885,0.6063715422843869
13,53,Liverpool,Leeds,2025,5,29,0.3390720980583299,3.5079146502961716
13,53,Southampton,Leeds,2025,5,29,0.46775567297311954,1.8648352605168608
13,53,Aston,Leeds,2025,5,29,0.9300512102058069,1.2151141091794337
13,53,Islington,Leeds,2025,5,29,0.6780839587271973,0.611257195244756
13,53,Chelsea,Leeds,2025,5,29,0.992382795132298,0.6869998186266179
13,53,Tottenham,Leeds,2025,5,29,0.6506095674734802,0.7230418715241523
13,53,Southampton,Liverpool,2025,5,29,2.6636726550783356,1.8544635584185274
13,53,Aston,Liverpool,2025,5,29,2.2866488037029034,1.6178834412715213
13,53,Islington,Liverpool,2025,5,29,3.0141046627888857,2.632748855908987
13,53,Chelsea,Liverpool,2025,5,29,1.9476785620903108,1.621300450853682
13,53,Tottenham,Liverpool,2025,5,29,1.287159585635737,2.7047121251278647
13,53,Aston,Southampton,2025,5,29,1.680641021552427,2.53215631520423
13,53,Islington,Southampton,2025,5,29,1.5736691585215294,1.7828064438156015
13,53,Chelsea,Southampton,2025,5,29,1.2771730799461862,1.1223629679050278
13,53,Tottenham,Southampton,2025,5,29,0.9773266105801083,1.5422705423384862
13,53,Islington,Aston,2025,5,29,0.8787030012239613,1.5397452104479972
13,53,Chelsea,Aston,2025,5,29,1.4002349731683623,1.1920165730393681
13,53,Tottenham,Aston,2025,5,29,0.6051351517799497,0.6714407099185298
13,53,Chelsea,Islington,2025,5,29,1.2070188329580511,0.9679364173420697
13,53,Tottenham,Islington,2025,5,29,0.7450704308943996,0.6934309624966216
13,53,Tottenham,Chelsea,2025,5,29,0.3523924155349243,0.8751663126147833
13,56,Brighton,Leicester,2025,5,29,1.3677050366880872,1.7764912179100723
13,56,Palace,Leicester,2025,5,29,1.9058835757525303,0.8039275590612366
13,56,Everton,Leicester,2025,5,29,2.571266188258184,1.5713270181377355
13,56,Watford,Leicester,2025,5,29,3.794403705122387,0.16423664812811894
13,56,Burnley,Leicester,2025,5,29,2.333159177966605,1.0942872300156323
13,56,Brentford,Leicester,2025,5,29,2.5568497633542218,0.11645953560634732
13,56,West Ham,Leicester,2025,5,29,2.8044489348282617,0.5517175480324362
13,56,United,Leicester,2025,5,29,2.6117054253037955,0.8461323344987487
13,56,Newcastle,Leicester,2025,5,29,3.3087616315289177,1.4324369044644332
13,56,City,Leicester,2025,5,29,1.7514756112914334,0.848785561717099
13,56,Wolverhampton,Leicester,2025,5,29,2.7449674523174683,0.4015387666417449
13,56,Norwich,Leicester,2025,5,29,2.6852018891264104,0.6143662250575294
13,56,Leeds,Leicester,2025,5,29,2.463392488317706,0.5021120668463891
13,56,Liverpool,Leicester,2025,5,29,2.1024057494472568,0.6998005593037084
13,56,Southampton,Leicester,2025,5,29,2.324347767368665,0.9508628395494738
13,56,Aston,Leicester,2025,5,29,2.115452649080526,0.75894929498405
13,56,Islington,Leicester,2025,5,29,2.8265719033492407,0.83318954468056
13,56,Chelsea,Leicester,2025,5,29,1.8715722556611856,1.3518837851298238
13,56,Tottenham,Leicester,2025,5,29,1.4619890162748639,0.7268352437921413
13,56,Palace,Brighton,2025,5,29,1.0749898943798457,1.7130216283418973
13,56,Everton,Brighton,2025,5,29,2.2939036160962925,1.522856686338895
13,56,Watford,Brighton,2025,5,29,0.9490816406539173,1.3619103390237965
13,56,Burnley,Brighton,2025,5,29,1.2753472838145605,1.328800503342518
13,56,Brentford,Brighton,2025,5,29,1.9660999138224264,1.342530627614792
13,56,West Ham,Brighton,2025,5,29,1.8502347732604678,1.952255145308609
13,56,United,Brighton,2025,5,29,1.4882353040012464,1.6509001287718523
13,56,Newcastle,Brighton,2025,5,29,1.4020729397558849,3.306360721831863
13,56,City,Brighton,2025,5,29,1.6574840586505786,2.8063356973705607
13,56,Wolverhampton,Brighton,2025,5,29,1.8973119926197957,2.706865498082324
13,56,Norwich,Brighton,2025,5,29,1.0694731041110126,3.3042251819405912
13,56,Leeds,Brighton,2025,5,29,1.220494055747691,1.5583621371881924
13,56,Liverpool,Brighton,2025,5,29,1.0266951225253091,3.3911509544450054
13,56,Southampton,Brighton,2025,5,29,1.071285852671356,2.2693021727965736
13,56,Aston,Brighton,2025,5,29,1.2859502331272812,2.9731401337653898
13,56,Islington,Brighton,2025,5,29,1.2494021598177478,2.034550977471498
13,56,Chelsea,Brighton,2025,5,29,1.6727851000932343,1.493912895240347
13,56,Tottenham,Brighton,2025,5,29,0.901097466895685,1.8246454914146901
13,56,Everton,Palace,2025,5,29,1.358682335582214,1.253207957523279
13,56,Watford,Palace,2025,5,29,3.540027193505233,0.9935806414536641
13,56,Burnley,Palace,2025,5,29,2.63716816798979,1.4822501310093263
13,56,Brentford,Palace,2025,5,29,3.5638145469328224,0.6106379264348529
13,56,West Ham,Palace,2025,5,29,3.475240326095644,0.8616578978579181
13,56,United,Palace,2025,5,29,3.1037479069721456,1.4841316928360357
13,56,Newcastle,Palace,2025,5,29,3.5517684869688075,1.529627721588838
13,56,City,Palace,2025,5,29,0.6778532391222855,1.228128956286334
13,56,Wolverhampton,Palace,2025,5,29,3.1299850826299536,1.7714358085662014
13,56,Norwich,Palace,2025,5,29,3.585674537515117,0.9349424576031524
13,56,Leeds,Palace,2025,5,29,2.0273179105943617,1.2538141571845471
13,56,Liverpool,Palace,2025,5,29,3.0402163112323617,1.5288072192241504
13,56,Southampton,Palace,2025,5,29,1.5753023756483815,1.3448995512288944
13,56,Aston,Palace,2025,5,29,3.1945649254352624,1.2466494675651942
13,56,Islington,Palace,2025,5,29,1.643465426545751,0.704034992487587
13,56,Chelsea,Palace,2025,5,29,0.9651759043266879,1.0358808166931688
13,56,Tottenham,Palace,2025,5,29,0.7278299919674686,0.9881475849457351
13,56,Watford,Everton,2025,5,29,1.1279399141488629,-0.006844303855027969
13,56,Burnley,Everton,2025,5,29,1.1135147247042367,0.8496981998122024
13,56,Brentford,Everton,2025,5,29,1.4528600277657786,0.10672141866071853
13,56,West Ham,Everton,2025,5,29,1.4018869775003762,0.33255393224884805
13,56,United,Everton,2025,5,29,1.506797331485406,0.5047162068381457
13,56,Newcastle,Everton,2025,5,29,1.602813444899767,0.678437002765013
13,56,City,Everton,2025,5,29,1.3834571338919046,0.9077067390306373
13,56,Wolverhampton,Everton,2025,5,29,2.5559581441549577,0.7268068513275602
13,56,Norwich,Everton,2025,5,29,0.4162082830536608,0.28661652141620003
13,56,Leeds,Everton,2025,5,29,0.8250082853898772,0.0334298157634172
13,56,Liverpool,Everton,2025,5,29,0.5134416097918033,0.5471640084426049
13,56,Southampton,Everton,2025,5,29,0.2531979538406428,0.12397050093193913
13,56,Aston,Everton,2025,5,29,1.4236402916256405,0.31413874005266246
13,56,Islington,Everton,2025,5,29,0.6849619510524727,0.41567532730463375
13,56,Chelsea,Everton,2025,5,29,1.009698928799321,1.1668791972774244
13,56,Tottenham,Everton,2025,5,29,0.5411340994516016,0.42738532180007066
13,56,Burnley,Watford,2025,5,29,2.869776985421624,1.5172118350494814
13,56,Brentford,Watford,2025,5,29,3.4090271197751547,0.7647008527796827
13,56,West Ham,Watford,2025,5,29,3.3010925187356976,1.1998628943145813
13,56,United,Watford,2025,5,29,3.0957018201826956,1.0798981887464922
13,56,Newcastle,Watford,2025,5,29,3.392895503338908,1.630042905682389
13,56,City,Watford,2025,5,29,1.1652344610023722,1.3039651923078324
13,56,Wolverhampton,Watford,2025,5,29,3.2186699672273,2.0354949042127912
13,56,Norwich,Watford,2025,5,29,3.3066005779757406,1.3644978967218289
13,56,Leeds,Watford,2025,5,29,2.335041986152569,0.6902221940762331
13,56,Liverpool,Watford,2025,5,29,2.9577929548456363,1.4066932693425536
13,56,Southampton,Watford,2025,5,29,1.832864950065318,1.1811137940468326
13,56,Aston,Watford,2025,5,29,3.110502227069281,1.3269433038401417
13,56,Islington,Watford,2025,5,29,1.908238461456997,0.8716791467623937
13,56,Chelsea,Watford,2025,5,29,1.2507747503562354,1.700408145301267
13,56,Tottenham,Watford,2025,5,29,1.2119726744639854,1.6142225952719431
13,56,Brentford,Burnley,2025,5,29,3.208998831906358,0.6019468964562305
13,56,West Ham,Burnley,2025,5,29,2.726719010893621,1.1697555273712126
13,56,United,Burnley,2025,5,29,2.589327914776491,1.6011913869156211
13,56,Newcastle,Burnley,2025,5,29,3.1040320341882897,1.8668847464471316
13,56,City,Burnley,2025,5,29,0.20642947237855644,1.617659146560055
13,56,Wolverhampton,Burnley,2025,5,29,2.363965239209685,2.208031570711884
13,56,Norwich,Burnley,2025,5,29,1.7163558187064931,1.813923642830453
13,56,Leeds,Burnley,2025,5,29,0.7824983557085124,1.82466316232842
13,56,Liverpool,Burnley,2025,5,29,2.29642793923512,1.416151924359678
13,56,Southampton,Burnley,2025,5,29,0.4808960275564077,1.2589411039973704
13,56,Aston,Burnley,2025,5,29,2.406243767074833,1.3181611909361983
13,56,Islington,Burnley,2025,5,29,0.7276470802313564,1.251306862614299
13,56,Chelsea,Burnley,2025,5,29,0.8761865703890764,1.511044155418545
13,56,Tottenham,Burnley,2025,5,29,0.06383052598609087,1.3803208441977335
13,56,West Ham,Brentford,2025,5,29,1.8172270258878018,0.6513706599295038
13,56,United,Brentford,2025,5,29,1.6409646623293892,0.9371391620991294
13,56,Newcastle,Brentford,2025,5,29,1.9207579670317092,1.4725368479509258
13,56,City,Brentford,2025,5,29,1.2513618740254806,0.9931368837194885
13,56,Wolverhampton,Brentford,2025,5,29,2.0799732108192686,1.3870601989950073
13,56,Norwich,Brentford,2025,5,29,0.5600310290353481,0.4304600203082036
13,56,Leeds,Brentford,2025,5,29,1.1349683331260352,0.4931373038343584
13,56,Liverpool,Brentford,2025,5,29,0.8812002415766939,0.5897119359404184
13,56,Southampton,Brentford,2025,5,29,0.6432472582725663,0.5416629086833457
13,56,Aston,Brentford,2025,5,29,1.660364429949194,0.8775734877479932
13,56,Islington,Brentford,2025,5,29,0.8835100928440773,0.9311934282181767
13,56,Chelsea,Brentford,2025,5,29,1.3068341746146193,1.4038946612259788
13,56,Tottenham,Brentford,2025,5,29,0.4857830412330987,1.0109253325269085
13,56,United,West Ham,2025,5,29,2.240367525692757,1.5554202791934344
13,56,Newcastle,West Ham,2025,5,29,3.16716565834277,1.3784268924330494
13,56,City,West Ham,2025,5,29,1.513159010945011,1.5806193486017042
13,56,Wolverhampton,West Ham,2025,5,29,2.1395431884702125,2.5046887838720355
13,56,Norwich,West Ham,2025,5,29,1.6539232895351916,1.7568367551284199
13,56,Leeds,West Ham,2025,5,29,1.8198381197134277,1.267729385079122
13,56,Liverpool,West Ham,2025,5,29,1.789270954312161,2.311834366871275
13,56,Southampton,West Ham,2025,5,29,1.6122683720165436,1.2359664520777094
13,56,Aston,West Ham,2025,5,29,2.195516453980874,1.2507471205697953
13,56,Islington,West Ham,2025,5,29,1.7725485808053332,1.5581991798392985
13,56,Chelsea,West Ham,2025,5,29,2.014516664502384,0.6617881208232388
13,56,Tottenham,West Ham,2025,5,29,1.1138233882368043,0.9823669982569755
13,56,Newcastle,United,2025,5,29,3.0243009663229095,1.0016710592182472
13,56,City,United,2025,5,29,0.9441387949824133,0.9085104597898467
13,56,Wolverhampton,United,2025,5,29,2.988330826976424,0.752946243860545
13,56,Norwich,United,2025,5,29,2.691867729953979,0.9569688504946302
13,56,Leeds,United,2025,5,29,1.8996494839325244,0.4238733977606609
13,56,Liverpool,United,2025,5,29,2.7714169713494883,1.0133424901078671
13,56,Southampton,United,2025,5,29,1.5412911755229568,1.166669682465724
13,56,Aston,United,2025,5,29,2.946715488435818,0.45746996436347265
13,56,Islington,United,2025,5,29,1.786206433598449,1.0027306501214792
13,56,Chelsea,United,2025,5,29,1.0543824804076927,1.0455874803328593
13,56,Tottenham,United,2025,5,29,0.7459676130822196,0.21597180206094552
13,56,City,Newcastle,2025,5,29,0.905012518852997,0.846839606891881
13,56,Wolverhampton,Newcastle,2025,5,29,1.6717153625410441,0.940473780057711
13,56,Norwich,Newcastle,2025,5,29,2.4063949763200694,0.27006558045875206
13,56,Leeds,Newcastle,2025,5,29,1.6314374340767208,0.3923688591780132
13,56,Liverpool,Newcastle,2025,5,29,2.3325393794445564,0.5204897069225553
13,56,Southampton,Newcastle,2025,5,29,1.5116577962436963,0.7686727520234307
13,56,Aston,Newcastle,2025,5,29,2.2626712729661094,0.48654102794872
13,56,Islington,Newcastle,2025,5,29,1.486003320361335,0.5273316380287478
13,56,Chelsea,Newcastle,2025,5,29,1.6204765169163697,1.7967547679410771
13,56,Tottenham,Newcastle,2025,5,29,0.9110101561854224,0.7584711433400878
13,56,Wolverhampton,City,2025,5,29,2.2263212471529625,1.1605199044629968
13,56,Norwich,City,2025,5,29,1.725888487101119,2.2158480906912628
13,56,Leeds,City,2025,5,29,1.6696434284298656,1.3913795757491287
13,56,Liverpool,City,2025,5,29,1.53494413371736,1.681885501128042
13,56,Southampton,City,2025,5,29,2.0007232620487465,2.187409079241795
13,56,Aston,City,2025,5,29,2.029700431696031,1.9184970724053172
13,56,Islington,City,2025,5,29,1.796128450360984,1.8950561870050109
13,56,Chelsea,City,2025,5,29,1.8178105899832817,1.1605501226649817
13,56,Tottenham,City,2025,5,29,1.352399109856282,0.7499668045532896
13,56,Norwich,Wolverhampton,2025,5,29,1.6480512600299648,0.9201467337469329
13,56,Leeds,Wolverhampton,2025,5,29,1.4762192503677762,1.3469614811781339
13,56,Liverpool,Wolverhampton,2025,5,29,1.5934469741231918,0.697202898803367
13,56,Southampton,Wolverhampton,2025,5,29,1.8421046187010133,1.6665463921026966
13,56,Aston,Wolverhampton,2025,5,29,1.7910849476258222,1.0744402399472412
13,56,Islington,Wolverhampton,2025,5,29,1.7370197080763778,1.1324718500697672
13,56,Chelsea,Wolverhampton,2025,5,29,1.4652574169628758,1.2169702698308802
13,56,Tottenham,Wolverhampton,2025,5,29,0.6533845400954437,0.3639117348989655
13,56,Leeds,Norwich,2025,5,29,1.5814988976756472,1.1299478467043327
13,56,Liverpool,Norwich,2025,5,29,1.1204085483687416,0.6951028793222557
13,56,Southampton,Norwich,2025,5,29,1.7289137195570148,1.9911142018504102
13,56,Aston,Norwich,2025,5,29,0.975911399855857,0.633465047093315
13,56,Islington,Norwich,2025,5,29,1.5750675468824382,0.538552609975616
13,56,Chelsea,Norwich,2025,5,29,1.9729019466411144,1.2887714178873215
13,56,Tottenham,Norwich,2025,5,29,1.0039189075005055,0.6063715422843869
13,56,Liverpool,Leeds,2025,5,29,0.3663896048797743,3.5079146502961716
13,56,Southampton,Leeds,2025,5,29,0.5005287665257222,1.8815632432074416
13,56,Aston,Leeds,2025,5,29,0.9531252057038744,1.264192354683333
13,56,Islington,Leeds,2025,5,29,0.6959820033108419,0.6803680467256468
13,56,Chelsea,Leeds,2025,5,29,1.0263689516666086,0.6869998186266179
13,56,Tottenham,Leeds,2025,5,29,0.6775112989141188,0.7230418715241523
13,56,Southampton,Liverpool,2025,5,29,2.685938899937705,1.864093952978231
13,56,Aston,Liverpool,2025,5,29,2.3014147903178586,1.6275138358312249
13,56,Islington,Liverpool,2025,5,29,3.021422307191065,2.6423792504686916
13,56,Chelsea,Liverpool,2025,5,29,1.9707332915259974,1.621300450853682
13,56,Tottenham,Liverpool,2025,5,29,1.3085786448348669,2.7047121251278647
13,56,Aston,Southampton,2025,5,29,1.727185437165543,2.5812345607081295
13,56,Islington,Southampton,2025,5,29,1.6125984001143387,1.8519172952964922
13,56,Chelsea,Southampton,2025,5,29,1.3346296565955447,1.1223629679050278
13,56,Tottenham,Southampton,2025,5,29,1.0236868862579789,1.5422705423384862
13,56,Islington,Aston,2025,5,29,0.9001827987391677,1.5493756050077008
13,56,Chelsea,Aston,2025,5,29,1.440242105740118,1.1920165730393681
13,56,Tottenham,Aston,2025,5,29,0.6340459833802171,0.6714407099185298
13,56,Chelsea,Islington,2025,5,29,1.2632212030194263,0.9679364173420697
13,56,Tottenham,Islington,2025,5,29,0.7901764999842862,0.6934309624966216
13,56,Tottenham,Chelsea,2025,5,29,0.39688808273757176,0.8751663126147833
13,59,Brighton,Leicester,2025,5,29,1.3677050366880872,1.7764912179100723
13,59,Palace,Leicester,2025,5,29,1.9058835757525303,0.8039275590612366
13,59,Everton,Leicester,2025,5,29,2.571266188258184,1.5713270181377355
13,59,Watford,Leicester,2025,5,29,3.794403705122387,0.16423664812811894
13,59,Burnley,Leicester,2025,5,29,2.333159177966605,1.0942872300156323
13,59,Brentford,Leicester,2025,5,29,2.5568497633542218,0.11645953560634732
13,59,West Ham,Leicester,2025,5,29,2.8044489348282617,0.5517175480324362
13,59,United,Leicester,2025,5,29,2.6117054253037955,0.8461323344987487
13,59,Newcastle,Leicester,2025,5,29,3.3087616315289177,1.4324369044644332
13,59,City,Leicester,2025,5,29,1.7514756112914334,0.848785561717099
13,59,Wolverhampton,Leicester,2025,5,29,2.7449674523174683,0.4015387666417449
13,59,Norwich,Leicester,2025,5,29,2.6852018891264104,0.6143662250575294
13,59,Leeds,Leicester,2025,5,29,2.463392488317706,0.5021120668463891
13,59,Liverpool,Leicester,2025,5,29,2.1024057494472568,0.6998005593037084
13,59,Southampton,Leicester,2025,5,29,2.324347767368665,0.9508628395494738
13,59,Aston,Leicester,2025,5,29,2.115452649080526,0.75894929498405
13,59,Islington,Leicester,2025,5,29,2.8265719033492407,0.83318954468056
13,59,Chelsea,Leicester,2025,5,29,1.8715722556611856,1.3518837851298238
13,59,Tottenham,Leicester,2025,5,29,1.4619890162748639,0.7268352437921413
13,59,Palace,Brighton,2025,5,29,1.0749898943798457,1.7130216283418973
13,59,Everton,Brighton,2025,5,29,2.2939036160962925,1.522856686338895
13,59,Watford,Brighton,2025,5,29,0.9490816406539173,1.3619103390237965
13,59,Burnley,Brighton,2025,5,29,1.2753472838145605,1.328800503342518
13,59,Brentford,Brighton,2025,5,29,1.9660999138224264,1.342530627614792
13,59,West Ham,Brighton,2025,5,29,1.8502347732604678,1.952255145308609
13,59,United,Brighton,2025,5,29,1.4882353040012464,1.6509001287718523
13,59,Newcastle,Brighton,2025,5,29,1.4020729397558849,3.306360721831863
13,59,City,Brighton,2025,5,29,1.6574840586505786,2.8063356973705607
13,59,Wolverhampton,Brighton,2025,5,29,1.8973119926197957,2.706865498082324
13,59,Norwich,Brighton,2025,5,29,1.0694731041110126,3.3042251819405912
13,59,Leeds,Brighton,2025,5,29,1.220494055747691,1.5583621371881924
13,59,Liverpool,Brighton,2025,5,29,1.0266951225253091,3.3911509544450054
13,59,Southampton,Brighton,2025,5,29,1.071285852671356,2.2693021727965736
13,59,Aston,Brighton,2025,5,29,1.2859502331272812,2.9731401337653898
13,59,Islington,Brighton,2025,5,29,1.2494021598177478,2.034550977471498
13,59,Chelsea,Brighton,2025,5,29,1.6727851000932343,1.493912895240347
13,59,Tottenham,Brighton,2025,5,29,0.901097466895685,1.8246454914146901
13,59,Everton,Palace,2025,5,29,1.358682335582214,1.253207957523279
13,59,Watford,Palace,2025,5,29,3.540027193505233,0.9935806414536641
13,59,Burnley,Palace,2025,5,29,2.63716816798979,1.4822501310093263
13,59,Brentford,Palace,2025,5,29,3.5638145469328224,0.6106379264348529
13,59,West Ham,Palace,2025,5,29,3.475240326095644,0.8616578978579181
13,59,United,Palace,2025,5,29,3.1037479069721456,1.4841316928360357
13,59,Newcastle,Palace,2025,5,29,3.5517684869688075,1.529627721588838
13,59,City,Palace,2025,5,29,0.6778532391222855,1.228128956286334
13,59,Wolverhampton,Palace,2025,5,29,3.1299850826299536,1.7714358085662014
13,59,Norwich,Palace,2025,5,29,3.585674537515117,0.9349424576031524
13,59,Leeds,Palace,2025,5,29,2.0273179105943617,1.2538141571845471
13,59,Liverpool,Palace,2025,5,29,3.0402163112323617,1.5288072192241504
13,59,Southampton,Palace,2025,5,29,1.5753023756483815,1.3448995512288944
13,59,Aston,Palace,2025,5,29,3.1945649254352624,1.2466494675651942
13,59,Islington,Palace,2025,5,29,1.643465426545751,0.704034992487587
13,59,Chelsea,Palace,2025,5,29,0.9651759043266879,1.0358808166931688
13,59,Tottenham,Palace,2025,5,29,0.7278299919674686,0.9881475849457351
13,59,Watford,Everton,2025,5,29,1.1279399141488629,-0.006844303855027969
13,59,Burnley,Everton,2025,5,29,1.1135147247042367,0.8496981998122024
13,59,Brentford,Everton,2025,5,29,1.4528600277657786,0.10672141866071853
13,59,West Ham,Everton,2025,5,29,1.4018869775003762,0.33255393224884805
13,59,United,Everton,2025,5,29,1.506797331485406,0.5047162068381457
13,59,Newcastle,Everton,2025,5,29,1.602813444899767,0.678437002765013
13,59,City,Everton,2025,5,29,1.3834571338919046,0.9077067390306373
13,59,Wolverhampton,Everton,2025,5,29,2.5559581441549577,0.7268068513275602
13,59,Norwich,Everton,2025,5,29,0.4162082830536608,0.28661652141620003
13,59,Leeds,Everton,2025,5,29,0.8250082853898772,0.0334298157634172
13,59,Liverpool,Everton,2025,5,29,0.5134416097918033,0.5471640084426049
13,59,Southampton,Everton,2025,5,29,0.2531979538406428,0.12397050093193913
13,59,Aston,Everton,2025,5,29,1.4236402916256405,0.31413874005266246
13,59,Islington,Everton,2025,5,29,0.6849619510524727,0.41567532730463375
13,59,Chelsea,Everton,2025,5,29,1.009698928799321,1.1668791972774244
13,59,Tottenham,Everton,2025,5,29,0.5411340994516016,0.42738532180007066
13,59,Burnley,Watford,2025,5,29,2.869776985421624,1.5172118350494814
13,59,Brentford,Watford,2025,5,29,3.4090271197751547,0.7647008527796827
13,59,West Ham,Watford,2025,5,29,3.3010925187356976,1.1998628943145813
13,59,United,Watford,2025,5,29,3.0957018201826956,1.0798981887464922
13,59,Newcastle,Watford,2025,5,29,3.392895503338908,1.630042905682389
13,59,City,Watford,2025,5,29,1.1652344610023722,1.3039651923078324
13,59,Wolverhampton,Watford,2025,5,29,3.2186699672273,2.0354949042127912
13,59,Norwich,Watford,2025,5,29,3.3066005779757406,1.3644978967218289
13,59,Leeds,Watford,2025,5,29,2.335041986152569,0.6902221940762331
13,59,Liverpool,Watford,2025,5,29,2.9577929548456363,1.4066932693425536
13,59,Southampton,Watford,2025,5,29,1.832864950065318,1.1811137940468326
13,59,Aston,Watford,2025,5,29,3.110502227069281,1.3269433038401417
13,59,Islington,Watford,2025,5,29,1.908238461456997,0.8716791467623937
13,59,Chelsea,Watford,2025,5,29,1.2507747503562354,1.700408145301267
13,59,Tottenham,Watford,2025,5,29,1.2119726744639854,1.6142225952719431
13,59,Brentford,Burnley,2025,5,29,3.208998831906358,0.6019468964562305
13,59,West Ham,Burnley,2025,5,29,2.726719010893621,1.1697555273712126
13,59,United,Burnley,2025,5,29,2.589327914776491,1.6011913869156211
13,59,Newcastle,Burnley,2025,5,29,3.1040320341882897,1.8668847464471316
13,59,City,Burnley,2025,5,29,0.20642947237855644,1.617659146560055
13,59,Wolverhampton,Burnley,2025,5,29,2.363965239209685,2.208031570711884
13,59,Norwich,Burnley,2025,5,29,1.7163558187064931,1.813923642830453
13,59,Leeds,Burnley,2025,5,29,0.7824983557085124,1.82466316232842
13,59,Liverpool,Burnley,2025,5,29,2.29642793923512,1.416151924359678
13,59,Southampton,Burnley,2025,5,29,0.4808960275564077,1.2589411039973704
13,59,Aston,Burnley,2025,5,29,2.406243767074833,1.3181611909361983
13,59,Islington,Burnley,2025,5,29,0.7276470802313564,1.251306862614299
13,59,Chelsea,Burnley,2025,5,29,0.8761865703890764,1.511044155418545
13,59,Tottenham,Burnley,2025,5,29,0.06383052598609087,1.3803208441977335
13,59,West Ham,Brentford,2025,5,29,1.8172270258878018,0.6513706599295038
13,59,United,Brentford,2025,5,29,1.6409646623293892,0.9371391620991294
13,59,Newcastle,Brentford,2025,5,29,1.9207579670317092,1.4725368479509258
13,59,City,Brentford,2025,5,29,1.2513618740254806,0.9931368837194885
13,59,Wolverhampton,Brentford,2025,5,29,2.0799732108192686,1.3870601989950073
13,59,Norwich,Brentford,2025,5,29,0.5600310290353481,0.4304600203082036
13,59,Leeds,Brentford,2025,5,29,1.1349683331260352,0.4931373038343584
13,59,Liverpool,Brentford,2025,5,29,0.8812002415766939,0.5897119359404184
13,59,Southampton,Brentford,2025,5,29,0.6432472582725663,0.5416629086833457
13,59,Aston,Brentford,2025,5,29,1.660364429949194,0.8775734877479932
13,59,Islington,Brentford,2025,5,29,0.8835100928440773,0.9311934282181767
13,59,Chelsea,Brentford,2025,5,29,1.3068341746146193,1.4038946612259788
13,59,Tottenham,Brentford,2025,5,29,0.4857830412330987,1.0109253325269085
13,59,United,West Ham,2025,5,29,2.240367525692757,1.5554202791934344
13,59,Newcastle,West Ham,2025,5,29,3.16716565834277,1.3784268924330494
13,59,City,West Ham,2025,5,29,1.513159010945011,1.5806193486017042
13,59,Wolverhampton,West Ham,2025,5,29,2.1395431884702125,2.5046887838720355
13,59,Norwich,West Ham,2025,5,29,1.6539232895351916,1.7568367551284199
13,59,Leeds,West Ham,2025,5,29,1.8198381197134277,1.267729385079122
13,59,Liverpool,West Ham,2025,5,29,1.789270954312161,2.311834366871275
13,59,Southampton,West Ham,2025,5,29,1.6122683720165436,1.2359664520777094
13,59,Aston,West Ham,2025,5,29,2.195516453980874,1.2507471205697953
13,59,Islington,West Ham,2025,5,29,1.7725485808053332,1.5581991798392985
13,59,Chelsea,West Ham,2025,5,29,2.014516664502384,0.6617881208232388
13,59,Tottenham,West Ham,2025,5,29,1.1138233882368043,0.9823669982569755
13,59,Newcastle,United,2025,5,29,3.0243009663229095,1.0016710592182472
13,59,City,United,2025,5,29,0.9441387949824133,0.9085104597898467
13,59,Wolverhampton,United,2025,5,29,2.988330826976424,0.752946243860545
13,59,Norwich,United,2025,5,29,2.691867729953979,0.9569688504946302
13,59,Leeds,United,2025,5,29,1.8996494839325244,0.4238733977606609
13,59,Liverpool,United,2025,5,29,2.7714169713494883,1.0133424901078671
13,59,Southampton,United,2025,5,29,1.5412911755229568,1.166669682465724
13,59,Aston,United,2025,5,29,2.946715488435818,0.45746996436347265
13,59,Islington,United,2025,5,29,1.786206433598449,1.0027306501214792
13,59,Chelsea,United,2025,5,29,1.0543824804076927,1.0455874803328593
13,59,Tottenham,United,2025,5,29,0.7459676130822196,0.21597180206094552
13,59,City,Newcastle,2025,5,29,0.905012518852997,0.846839606891881
13,59,Wolverhampton,Newcastle,2025,5,29,1.6717153625410441,0.940473780057711
13,59,Norwich,Newcastle,2025,5,29,2.4063949763200694,0.27006558045875206
13,59,Leeds,Newcastle,2025,5,29,1.6314374340767208,0.3923688591780132
13,59,Liverpool,Newcastle,2025,5,29,2.3325393794445564,0.5204897069225553
13,59,Southampton,Newcastle,2025,5,29,1.5116577962436963,0.7686727520234307
13,59,Aston,Newcastle,2025,5,29,2.2626712729661094,0.48654102794872
13,59,Islington,Newcastle,2025,5,29,1.486003320361335,0.5273316380287478
13,59,Chelsea,Newcastle,2025,5,29,1.6204765169163697,1.7967547679410771
13,59,Tottenham,Newcastle,2025,5,29,0.9110101561854224,0.7584711433400878
13,59,Wolverhampton,City,2025,5,29,2.2263212471529625,1.1605199044629968
13,59,Norwich,City,2025,5,29,1.725888487101119,2.2158480906912628
13,59,Leeds,City,2025,5,29,1.6696434284298656,1.3913795757491287
13,59,Liverpool,City,2025,5,29,1.53494413371736,1.681885501128042
13,59,Southampton,City,2025,5,29,2.0007232620487465,2.187409079241795
13,59,Aston,City,2025,5,29,2.029700431696031,1.9184970724053172
13,59,Islington,City,2025,5,29,1.796128450360984,1.8950561870050109
13,59,Chelsea,City,2025,5,29,1.8178105899832817,1.1605501226649817
13,59,Tottenham,City,2025,5,29,1.352399109856282,0.7499668045532896
13,59,Norwich,Wolverhampton,2025,5,29,1.6480512600299648,0.9201467337469329
13,59,Leeds,Wolverhampton,2025,5,29,1.4762192503677762,1.3469614811781339
13,59,Liverpool,Wolverhampton,2025,5,29,1.5934469741231918,0.697202898803367
13,59,Southampton,Wolverhampton,2025,5,29,1.8421046187010133,1.6665463921026966
13,59,Aston,Wolverhampton,2025,5,29,1.7910849476258222,1.0744402399472412
13,59,Islington,Wolverhampton,2025,5,29,1.7370197080763778,1.1324718500697672
13,59,Chelsea,Wolverhampton,2025,5,29,1.4652574169628758,1.2169702698308802
13,59,Tottenham,Wolverhampton,2025,5,29,0.6533845400954437,0.3639117348989655
13,59,Leeds,Norwich,2025,5,29,1.5814988976756472,1.1299478467043327
13,59,Liverpool,Norwich,2025,5,29,1.1204085483687416,0.6951028793222557
13,59,Southampton,Norwich,2025,5,29,1.7289137195570148,1.9911142018504102
13,59,Aston,Norwich,2025,5,29,0.975911399855857,0.633465047093315
13,59,Islington,Norwich,2025,5,29,1.5750675468824382,0.538552609975616
13,59,Chelsea,Norwich,2025,5,29,1.9729019466411144,1.2887714178873215
13,59,Tottenham,Norwich,2025,5,29,1.0039189075005055,0.6063715422843869
13,59,Liverpool,Leeds,2025,5,29,0.3663896048797743,3.5079146502961716
13,59,Southampton,Leeds,2025,5,29,0.5005287665257222,1.8815632432074416
13,59,Aston,Leeds,2025,5,29,0.9531252057038744,1.264192354683333
13,59,Islington,Leeds,2025,5,29,0.6959820033108419,0.6803680467256468
13,59,Chelsea,Leeds,2025,5,29,1.0263689516666086,0.6869998186266179
13,59,Tottenham,Leeds,2025,5,29,0.6775112989141188,0.7230418715241523
13,59,Southampton,Liverpool,2025,5,29,2.685938899937705,1.864093952978231
13,59,Aston,Liverpool,2025,5,29,2.3014147903178586,1.6275138358312249
13,59,Islington,Liverpool,2025,5,29,3.021422307191065,2.6423792504686916
13,59,Chelsea,Liverpool,2025,5,29,1.9707332915259974,1.621300450853682
13,59,Tottenham,Liverpool,2025,5,29,1.3085786448348669,2.7047121251278647
13,59,Aston,Southampton,2025,5,29,1.727185437165543,2.5812345607081295
13,59,Islington,Southampton,2025,5,29,1.6125984001143387,1.8519172952964922
13,59,Chelsea,Southampton,2025,5,29,1.3346296565955447,1.1223629679050278
13,59,Tottenham,Southampton,2025,5,29,1.0236868862579789,1.5422705423384862
13,59,Islington,Aston,2025,5,29,0.9001827987391677,1.5493756050077008
13,59,Chelsea,Aston,2025,5,29,1.440242105740118,1.1920165730393681
13,59,Tottenham,Aston,2025,5,29,0.6340459833802171,0.6714407099185298
13,59,Chelsea,Islington,2025,5,29,1.2632212030194263,0.9679364173420697
13,59,Tottenham,Islington,2025,5,29,0.7901764999842862,0.6934309624966216
13,59,Tottenham,Chelsea,2025,5,29,0.39688808273757176,0.8751663126147833
14,2,Brighton,Leicester,2025,5,29,0.8707632006583595,1.5936951140325473
14,2,Palace,Leicester,2025,5,29,0.9281322738114524,0.7523169348778376
14,2,Everton,Leicester,2025,5,29,0.7719406397861235,0.387942240314328
14,2,Watford,Leicester,2025,5,29,2.1169049471583268,0.5245279698632221
14,2,Burnley,Leicester,2025,5,29,1.1440870334371296,0.7380657580211267
14,2,Brentford,Leicester,2025,5,29,0.6997736557268857,0.6199480722202029
14,2,West Ham,Leicester,2025,5,29,2.122878082331804,0.4824843698862832
14,2,United,Leicester,2025,5,29,1.1780860700135691,0.6905717500500093
14,2,Newcastle,Leicester,2025,5,29,2.197420888254524,0.3332621203102149
14,2,City,Leicester,2025,5,29,1.0234988774270417,0.17062275483467398
14,2,Wolverhampton,Leicester,2025,5,29,1.0187941055430472,0.1491883128547197
14,2,Norwich,Leicester,2025,5,29,1.574577569148235,0.48478605675400793
14,2,Leeds,Leicester,2025,5,29,1.8396601819079956,0.5827723931201063
14,2,Liverpool,Leicester,2025,5,29,1.3143102468931522,0.0346273805004915
14,2,Southampton,Leicester,2025,5,29,1.5268877585494414,0.4027034343368699
14,2,Aston,Leicester,2025,5,29,0.9202704538753292,0.5736174637379623
14,2,Islington,Leicester,2025,5,29,1.352491400671511,0.306956465491908
14,2,Chelsea,Leicester,2025,5,29,1.1162498744129354,1.0647020245827294
14,2,Tottenham,Leicester,2025,5,29,0.6566034078690471,0.5831848587919114
14,2,Palace,Brighton,2025,5,29,0.008456044165084881,0.44656964544478184
14,2,Everton,Brighton,2025,5,29,0.663425523762745,0.5789212420151623
14,2,Watford,Brighton,2025,5,29,0.03716419814636894,0.7524637185223573
14,2,Burnley,Brighton,2025,5,29,0.5401363383137734,2.800948451343283
14,2,Brentford,Brighton,2025,5,29,0.7027715891036094,0.6380862431440996
14,2,West Ham,Brighton,2025,5,29,1.0445317368681302,0.8811362777519945
14,2,United,Brighton,2025,5,29,0.07987015821708757,1.1121675153846435
14,2,Newcastle,Brighton,2025,5,29,0.06621726742892355,1.1554441912143092
14,2,City,Brighton,2025,5,29,0.7689860752835292,4.220414820723912
14,2,Wolverhampton,Brighton,2025,5,29,0.12759958202150848,3.812391288383887
14,2,Norwich,Brighton,2025,5,29,0.18844896778188586,2.8546024570967394
14,2,Leeds,Brighton,2025,5,29,0.685108830276778,1.0017855266821363
14,2,Liverpool,Brighton,2025,5,29,0.48807687676127165,2.744740679965954
14,2,Southampton,Brighton,2025,5,29,0.36977421474732736,0.8863180275891467
14,2,Aston,Brighton,2025,5,29,-0.012132342121873708,2.1660668772404774
14,2,Islington,Brighton,2025,5,29,0.26731171013163324,0.5524734529961127
14,2,Chelsea,Brighton,2025,5,29,0.8973972366128073,2.2126349014448836
14,2,Tottenham,Brighton,2025,5,29,0.058591192222841856,2.897575492413559
14,2,Everton,Palace,2025,5,29,1.121636106687022,0.6846886401644138
14,2,Watford,Palace,2025,5,29,2.1257829342868133,0.8503377305278259
14,2,Burnley,Palace,2025,5,29,1.0627255304141132,3.205889767259325
14,2,Brentford,Palace,2025,5,29,1.6380024079720572,0.7017243817312998
14,2,West Ham,Palace,2025,5,29,2.2416156199580533,0.353799001902727
14,2,United,Palace,2025,5,29,1.5295750981037,1.001801540532572
14,2,Newcastle,Palace,2025,5,29,2.9454802769086537,0.27924470247824446
14,2,City,Palace,2025,5,29,0.4125918270355916,2.6245371953274375
14,2,Wolverhampton,Palace,2025,5,29,2.1334857221473777,2.957567270621597
14,2,Norwich,Palace,2025,5,29,3.2305829852388293,0.8388088609954784
14,2,Leeds,Palace,2025,5,29,1.3631691469454894,1.1436430833608395
14,2,Liverpool,Palace,2025,5,29,2.328778478308252,1.384865212278634
14,2,Southampton,Palace,2025,5,29,1.316187219202329,0.18240834887862115
14,2,Aston,Palace,2025,5,29,1.8485190367101363,0.6643036735725496
14,2,Islington,Palace,2025,5,29,0.7393523578893236,-0.14187668503774617
14,2,Chelsea,Palace,2025,5,29,1.1049943453226427,2.1938480458928167
14,2,Tottenham,Palace,2025,5,29,0.3826121507848734,2.455967291675412
14,2,Watford,Everton,2025,5,29,0.06732482611813619,0.49435922040333535
14,2,Burnley,Everton,2025,5,29,0.4475154910873578,0.63915197031196
14,2,Brentford,Everton,2025,5,29,0.04632057962201667,0.6997216058067118
14,2,West Ham,Everton,2025,5,29,0.37480673500360917,0.7281492886849232
14,2,United,Everton,2025,5,29,0.041360790622836145,0.7467003845785382
14,2,Newcastle,Everton,2025,5,29,0.48578104025249347,-0.02755922113274632
14,2,City,Everton,2025,5,29,0.33825443697673196,0.5346619372424571
14,2,Wolverhampton,Everton,2025,5,29,0.3941689660870711,0.7382383847069101
14,2,Norwich,Everton,2025,5,29,-0.16652646922664643,0.48411510546497627
14,2,Leeds,Everton,2025,5,29,0.20940331804513015,0.42055838540151813
14,2,Liverpool,Everton,2025,5,29,0.32924906292853134,-0.043990779974723164
14,2,Southampton,Everton,2025,5,29,-0.06054902045101382,0.016537465934759916
14,2,Aston,Everton,2025,5,29,0.16524298140211396,0.411461559785303
14,2,Islington,Everton,2025,5,29,0.04831277235112165,0.25895545411143117
14,2,Chelsea,Everton,2025,5,29,0.47608722385836927,1.0456148468814175
14,2,Tottenham,Everton,2025,5,29,-0.24624311707873317,0.42840863061419654
14,2,Burnley,Watford,2025,5,29,1.3833045817925562,2.438011448705012
14,2,Brentford,Watford,2025,5,29,1.6236205687606728,0.7025213622508165
14,2,West Ham,Watford,2025,5,29,2.2024620340428336,0.6120883973742395
14,2,United,Watford,2025,5,29,1.6898976653983593,0.6299616611134214
14,2,Newcastle,Watford,2025,5,29,2.8337571611362207,0.43226809832776064
14,2,City,Watford,2025,5,29,1.3904123404364408,2.2501513328100757
14,2,Wolverhampton,Watford,2025,5,29,2.264177855398298,2.6946105642583364
14,2,Norwich,Watford,2025,5,29,2.9487361179216367,1.3379244817960028
14,2,Leeds,Watford,2025,5,29,2.1160802116979753,0.46424576600573875
14,2,Liverpool,Watford,2025,5,29,2.275236176722508,0.7313385186250363
14,2,Southampton,Watford,2025,5,29,2.1771570723984413,0.23907586528565392
14,2,Aston,Watford,2025,5,29,1.872402109259414,0.7326431299515702
14,2,Islington,Watford,2025,5,29,1.7985677133197788,0.12169660818405079
14,2,Chelsea,Watford,2025,5,29,1.8848200374424742,2.1654773820878606
14,2,Tottenham,Watford,2025,5,29,1.4361223397946006,2.0082488277424964
14,2,Brentford,Burnley,2025,5,29,1.262663388627804,1.098049037306392
14,2,West Ham,Burnley,2025,5,29,1.4257769000791205,0.8756460950572946
14,2,United,Burnley,2025,5,29,1.058051879451319,1.2871034092059397
14,2,Newcastle,Burnley,2025,5,29,2.618714283538551,0.6930113980335383
14,2,City,Burnley,2025,5,29,-0.009695693656276705,3.1834741795390245
14,2,Wolverhampton,Burnley,2025,5,29,1.1935336245625519,3.81429661278208
14,2,Norwich,Burnley,2025,5,29,1.1032746539516647,1.6509745325823524
14,2,Leeds,Burnley,2025,5,29,0.24958403337899288,1.6695100833099987
14,2,Liverpool,Burnley,2025,5,29,1.454578454452271,1.7916534898361034
14,2,Southampton,Burnley,2025,5,29,0.09751001989334687,0.19659084538507074
14,2,Aston,Burnley,2025,5,29,1.082548631965677,0.8519407108703323
14,2,Islington,Burnley,2025,5,29,0.1490332799577233,0.6022908102024488
14,2,Chelsea,Burnley,2025,5,29,0.9525233484725902,2.957825216343284
14,2,Tottenham,Burnley,2025,5,29,-0.17060392700759613,3.181395951676727
14,2,West Ham,Brentford,2025,5,29,1.470566660893885,0.598718618985791
14,2,United,Brentford,2025,5,29,0.5785198716098988,0.7805017109715723
14,2,Newcastle,Brentford,2025,5,29,1.5202927831362507,0.22382041828983348
14,2,City,Brentford,2025,5,29,0.7896831675585652,1.8849631974924905
14,2,Wolverhampton,Brentford,2025,5,29,0.6271913072026394,2.3382235732666574
14,2,Norwich,Brentford,2025,5,29,0.21356799277622904,0.4272104042744162
14,2,Leeds,Brentford,2025,5,29,0.9868321050017347,0.5837960215742483
14,2,Liverpool,Brentford,2025,5,29,1.1204500972615454,0.24880579570065509
14,2,Southampton,Brentford,2025,5,29,0.3735888146934493,-0.2935124440194848
14,2,Aston,Brentford,2025,5,29,0.8395364097622766,0.6531404315866839
14,2,Islington,Brentford,2025,5,29,0.1757327608197188,0.2534916478559209
14,2,Chelsea,Brentford,2025,5,29,1.1947688702174009,2.498376199748907
14,2,Tottenham,Brentford,2025,5,29,-0.012307919683738056,2.0683828075455875
14,2,United,West Ham,2025,5,29,1.702407534370507,1.2973696815490956
14,2,Newcastle,West Ham,2025,5,29,3.297933026863079,-0.09930070185933902
14,2,City,West Ham,2025,5,29,1.3130045837676718,3.366297624490426
14,2,Wolverhampton,West Ham,2025,5,29,1.2637785045373555,3.913031072174952
14,2,Norwich,West Ham,2025,5,29,1.1888845414774594,1.6969398815614503
14,2,Leeds,West Ham,2025,5,29,1.8113014310461002,1.1674565089323021
14,2,Liverpool,West Ham,2025,5,29,1.9231797174951244,2.179476382956298
14,2,Southampton,West Ham,2025,5,29,1.233319054870768,0.27198479620746663
14,2,Aston,West Ham,2025,5,29,1.62128205188734,0.7881884023128862
14,2,Islington,West Ham,2025,5,29,0.8553668222904862,0.6466427726154267
14,2,Chelsea,West Ham,2025,5,29,1.899900009863822,2.258247883393066
14,2,Tottenham,West Ham,2025,5,29,0.5460751383116695,2.4827584914073233
14,2,Newcastle,United,2025,5,29,2.002111354085645,0.025312958960596425
14,2,City,United,2025,5,29,0.8352452373645476,0.5554266680880469
14,2,Wolverhampton,United,2025,5,29,1.40245705972179,0.7573245982579714
14,2,Norwich,United,2025,5,29,1.860801819103922,0.7575942526803823
14,2,Leeds,United,2025,5,29,1.1965054262199397,0.5567074432229829
14,2,Liverpool,United,2025,5,29,1.6736908427724584,0.49229728336951484
14,2,Southampton,United,2025,5,29,1.3348243873057974,0.45981125594550143
14,2,Aston,United,2025,5,29,1.2999739794056102,0.2695697462867301
14,2,Islington,United,2025,5,29,1.2716420439971066,0.4445429759151987
14,2,Chelsea,United,2025,5,29,1.4332524086114307,0.9737474120588808
14,2,Tottenham,United,2025,5,29,0.6497693152013916,0.09452880111104729
14,2,City,Newcastle,2025,5,29,0.9784445991466941,0.26644497785602356
14,2,Wolverhampton,Newcastle,2025,5,29,0.4085309557117098,0.6781433601299732
14,2,Norwich,Newcastle,2025,5,29,1.6155025205838758,0.07011731099496628
14,2,Leeds,Newcastle,2025,5,29,1.2883096166398915,0.4328553619361961
14,2,Liverpool,Newcastle,2025,5,29,1.5181607032091737,-0.1980366019261258
14,2,Southampton,Newcastle,2025,5,29,1.4297862658466878,0.08457252533130087
14,2,Aston,Newcastle,2025,5,29,0.9950225377755866,0.1340200553391644
14,2,Islington,Newcastle,2025,5,29,1.2523375911162522,0.025282351876469687
14,2,Chelsea,Newcastle,2025,5,29,1.9496094920767992,1.4601199489641157
14,2,Tottenham,Newcastle,2025,5,29,0.7588581108203907,0.44595124625325483
14,2,Wolverhampton,City,2025,5,29,0.1874874828223867,1.6742066281102144
14,2,Norwich,City,2025,5,29,0.4315164761131928,1.61661801643511
14,2,Leeds,City,2025,5,29,0.6865763119030801,0.5867542640912231
14,2,Liverpool,City,2025,5,29,0.7607633670454018,1.2348595862794207
14,2,Southampton,City,2025,5,29,0.9366932171026376,0.6366815778784753
14,2,Aston,City,2025,5,29,0.4780237097932752,0.5742718582785135
14,2,Islington,City,2025,5,29,0.48970714197495435,0.23654419275530017
14,2,Chelsea,City,2025,5,29,0.647689467012333,1.3720091450619336
14,2,Tottenham,City,2025,5,29,0.04035346075204742,1.367278382467507
14,2,Norwich,Wolverhampton,2025,5,29,0.9309648887070038,0.0648425066966515
14,2,Leeds,Wolverhampton,2025,5,29,1.0032506025780068,0.9372114701357855
14,2,Liverpool,Wolverhampton,2025,5,29,1.7456076709041852,0.41931178164571015
14,2,Southampton,Wolverhampton,2025,5,29,1.1299244220174074,0.5570034892145165
14,2,Aston,Wolverhampton,2025,5,29,1.2320580464264985,0.40244567182672397
14,2,Islington,Wolverhampton,2025,5,29,0.6806497350643084,0.17308871900474881
14,2,Chelsea,Wolverhampton,2025,5,29,1.3271062798848212,1.1600857174642059
14,2,Tottenham,Wolverhampton,2025,5,29,-0.13563334783812073,0.16927950221233887
14,2,Leeds,Norwich,2025,5,29,1.3820889872436668,0.7484141510062792
14,2,Liverpool,Norwich,2025,5,29,0.7440975284757364,-0.3102202847272751
14,2,Southampton,Norwich,2025,5,29,1.1530838383311133,0.8458441747324265
14,2,Aston,Norwich,2025,5,29,0.1293586418820043,0.05133927568155399
14,2,Islington,Norwich,2025,5,29,0.671103238624417,-0.23188888588768317
14,2,Chelsea,Norwich,2025,5,29,1.312768184761078,0.8736515448179141
14,2,Tottenham,Norwich,2025,5,29,0.3061803819002414,0.09898754911484252
14,2,Liverpool,Leeds,2025,5,29,0.18157269410920834,2.8370636889425986
14,2,Southampton,Leeds,2025,5,29,0.1890750230145199,0.7507684289525115
14,2,Aston,Leeds,2025,5,29,0.04381414987211117,0.454087376126805
14,2,Islington,Leeds,2025,5,29,0.13907499947710264,-0.23797539683849353
14,2,Chelsea,Leeds,2025,5,29,0.5467647044266898,1.041913090641736
14,2,Tottenham,Leeds,2025,5,29,0.02337564159389241,1.028788287520025
14,2,Southampton,Liverpool,2025,5,29,1.9698474360895624,-0.20462776956218084
14,2,Aston,Liverpool,2025,5,29,1.0720116931934724,0.022175310889557286
14,2,Islington,Liverpool,2025,5,29,1.5465777586393914,0.6040816846143555
14,2,Chelsea,Liverpool,2025,5,29,1.2773766044735413,1.6840730356452984
14,2,Tottenham,Liverpool,2025,5,29,0.47999804254550676,2.7068250495714303
14,2,Aston,Southampton,2025,5,29,0.5841635538319311,1.8764057545426671
14,2,Islington,Southampton,2025,5,29,0.5020198723257298,0.6245233796399691
14,2,Chelsea,Southampton,2025,5,29,0.5460519198679086,1.7174429556354978
14,2,Tottenham,Southampton,2025,5,29,0.19882425830866982,2.5465975781492576
14,2,Islington,Aston,2025,5,29,0.191781756898339,0.5259262794171341
14,2,Chelsea,Aston,2025,5,29,0.8291843967998225,0.9598509442295092
14,2,Tottenham,Aston,2025,5,29,0.08981362093589376,0.4893602500833057
14,2,Chelsea,Islington,2025,5,29,0.9924562920920155,1.6208952098660767
14,2,Tottenham,Islington,2025,5,29,0.39745048240999725,1.3617302150261519
14,2,Tottenham,Chelsea,2025,5,29,0.044915936295659944,0.5469278657543016
14,5,Brighton,Leicester,2025,5,29,0.8707632006583595,1.5761422231088926
14,5,Palace,Leicester,2025,5,29,0.9415693687321693,0.8486458578904887
14,5,Everton,Leicester,2025,5,29,0.7853777347068405,0.3748116374945681
14,5,Watford,Leicester,2025,5,29,2.130342042079043,0.5154235145452144
14,5,Burnley,Leicester,2025,5,29,1.1440870334371296,0.7200163129184318
14,5,Brentford,Leicester,2025,5,29,0.7132107506476026,0.6111798971749447
14,5,West Ham,Leicester,2025,5,29,2.122878082331804,0.5985541642319728
14,5,United,Leicester,2025,5,29,1.191523164934286,0.7869006730626604
14,5,Newcastle,Leicester,2025,5,29,2.197420888254524,0.420626879847562
14,5,City,Leicester,2025,5,29,1.0234988774270417,0.2866925491803637
14,5,Wolverhampton,Leicester,2025,5,29,1.032231200463764,0.14737428944654177
14,5,Norwich,Leicester,2025,5,29,1.5880146640689523,0.5728268180673032
14,5,Leeds,Leicester,2025,5,29,1.8396601819079956,0.6545984351926257
14,5,Liverpool,Leicester,2025,5,29,1.3143102468931522,0.028450929317812037
14,5,Southampton,Leicester,2025,5,29,1.5403248534701586,0.48748708320523637
14,5,Aston,Leicester,2025,5,29,0.9337075487960462,0.6984719739620481
14,5,Islington,Leicester,2025,5,29,1.365928495592228,0.381534505333297
14,5,Chelsea,Leicester,2025,5,29,1.1296869693336526,1.0471491336590748
14,5,Tottenham,Leicester,2025,5,29,0.6700405027897641,0.5984271721283472
14,5,Palace,Brighton,2025,5,29,0.04078387195988621,0.4776435031416572
14,5,Everton,Brighton,2025,5,29,0.7244443816982381,0.6019006868903631
14,5,Watford,Brighton,2025,5,29,0.05356146535068759,0.7663669096348923
14,5,Burnley,Brighton,2025,5,29,0.5576594809467549,2.8060669265774223
14,5,Brentford,Brighton,2025,5,29,0.7474304740302699,0.6519894342566348
14,5,West Ham,Brighton,2025,5,29,1.0938402453203149,0.9034254195704745
14,5,United,Brighton,2025,5,29,0.11707744665703833,1.1432413730815192
14,5,Newcastle,Brighton,2025,5,29,0.09743905743486739,1.169638920211114
14,5,City,Brighton,2025,5,29,0.8081913531814308,4.249547268855688
14,5,Wolverhampton,Brighton,2025,5,29,0.18024195484012695,3.8346804302023667
14,5,Norwich,Brighton,2025,5,29,0.22713251970660606,2.8768915989152193
14,5,Leeds,Brighton,2025,5,29,0.724304416606382,1.032859384379012
14,5,Liverpool,Brighton,2025,5,29,0.512215917045108,2.7589354089627585
14,5,Southampton,Brighton,2025,5,29,0.414604572416267,0.9024541661510519
14,5,Aston,Brighton,2025,5,29,0.026801691755485045,2.1971407349373537
14,5,Islington,Brighton,2025,5,29,0.31386881323798094,0.5666681819929174
14,5,Chelsea,Brighton,2025,5,29,0.9524292171829842,2.241767349576659
14,5,Tottenham,Brighton,2025,5,29,0.10700727514216393,2.919864634232039
14,5,Everton,Palace,2025,5,29,1.184349992354337,0.671558037344654
14,5,Watford,Palace,2025,5,29,2.14823080562422,0.852305120749328
14,5,Burnley,Palace,2025,5,29,1.1226282108019363,3.1989121676961405
14,5,Brentford,Palace,2025,5,29,1.6979050883598803,0.7040280522255514
14,5,West Ham,Palace,2025,5,29,2.319605018792117,0.4366761870610153
14,5,United,Palace,2025,5,29,1.5821760616484346,1.093463441569256
14,5,Newcastle,Palace,2025,5,29,2.996232276329246,0.3380838748041568
14,5,City,Palace,2025,5,29,0.4669292275860315,2.707414380485727
14,5,Wolverhampton,Palace,2025,5,29,2.185975140789567,2.951086225237453
14,5,Norwich,Palace,2025,5,29,3.2890582990304438,0.9221826003328079
14,5,Leeds,Palace,2025,5,29,1.4310456236569726,1.2265409709728687
14,5,Liverpool,Palace,2025,5,29,2.3861463753797,1.362949893580478
14,5,Southampton,Palace,2025,5,29,1.3764112519760525,0.23866641053555326
14,5,Aston,Palace,2025,5,29,1.9072448324543898,0.7559655746092343
14,5,Islington,Palace,2025,5,29,0.7983117188211973,-0.08303751271183349
14,5,Chelsea,Palace,2025,5,29,1.1525706726574112,2.1873670005086723
14,5,Tottenham,Palace,2025,5,29,0.4161830764274179,2.466542583035882
14,5,Watford,Everton,2025,5,29,0.08372209332245505,0.4806985884331456
14,5,Burnley,Everton,2025,5,29,0.4609129824501811,0.6253310644354793
14,5,Brentford,Everton,2025,5,29,0.08685381327851922,0.6863972541092717
14,5,West Ham,Everton,2025,5,29,0.40987667006305506,0.747620141247573
14,5,United,Everton,2025,5,29,0.07444242779262882,0.766171237141188
14,5,Newcastle,Everton,2025,5,29,0.5128771789882788,-0.03192164890724782
14,5,City,Everton,2025,5,29,0.36671816595362056,0.5609760961184028
14,5,Wolverhampton,Everton,2025,5,29,0.43230271773955115,0.7406529005249461
14,5,Norwich,Everton,2025,5,29,-0.1420814906946645,0.5040825122066664
14,5,Leeds,Everton,2025,5,29,0.24447325310457604,0.42462665072144123
14,5,Liverpool,Everton,2025,5,29,0.34264655429135465,-0.0501672311574026
14,5,Southampton,Everton,2025,5,29,-0.02995723617481227,0.005331731846962659
14,5,Aston,Everton,2025,5,29,0.20005136400931484,0.43093241234795276
14,5,Islington,Everton,2025,5,29,0.08063130206473135,0.270331893852406
14,5,Chelsea,Everton,2025,5,29,0.5203776555075319,1.0391338014972724
14,5,Tottenham,Everton,2025,5,29,-0.20195268542956937,0.44787948317684645
14,5,Burnley,Watford,2025,5,29,1.4385508839095733,2.420851939610243
14,5,Brentford,Watford,2025,5,29,1.67886687087769,0.6858584073350872
14,5,West Ham,Watford,2025,5,29,2.2656821324835112,0.6296524457874644
14,5,United,Watford,2025,5,29,1.7513910184016286,0.6475257095266463
14,5,Newcastle,Watford,2025,5,29,2.869668470686052,0.4459662731455247
14,5,City,Watford,2025,5,29,1.4470262327945604,2.2677153812233013
14,5,Wolverhampton,Watford,2025,5,29,2.318943765848167,2.695118275926948
14,5,Norwich,Watford,2025,5,29,2.9822578197199094,1.3559850843882684
14,5,Leeds,Watford,2025,5,29,2.179300310138653,0.4821460946917131
14,5,Liverpool,Watford,2025,5,29,2.3111474862723393,0.7274838025191457
14,5,Southampton,Watford,2025,5,29,2.2361605725081195,0.25277404010341786
14,5,Aston,Watford,2025,5,29,1.9162872151329058,0.7502071783647951
14,5,Islington,Watford,2025,5,29,1.8427577738582668,0.13539478300181487
14,5,Chelsea,Watford,2025,5,29,1.924488544984967,2.165985093756472
14,5,Tottenham,Watford,2025,5,29,1.4785856548956804,2.025812876155722
14,5,Brentford,Burnley,2025,5,29,1.2732594543844098,1.1067192568351514
14,5,West Ham,Burnley,2025,5,29,1.4418569092657956,1.005109470019283
14,5,United,Burnley,2025,5,29,1.06919339355782,1.3968259128348894
14,5,Newcastle,Burnley,2025,5,29,2.6201596683279265,0.7984367601631512
14,5,City,Burnley,2025,5,29,0.001445820450224232,3.3129375545010142
14,5,Wolverhampton,Burnley,2025,5,29,1.2028271567608022,3.825876169990201
14,5,Norwich,Burnley,2025,5,29,1.1047200387410403,1.7524088745119466
14,5,Leeds,Burnley,2025,5,29,0.2656640425656679,1.7704685735142935
14,5,Liverpool,Burnley,2025,5,29,1.4560238392416467,1.7877987737302123
14,5,Southampton,Burnley,2025,5,29,0.1086515339998478,0.29943509684570263
14,5,Aston,Burnley,2025,5,29,1.0894779601851219,0.990188801710717
14,5,Islington,Burnley,2025,5,29,0.16511328914439824,0.6791905851206269
14,5,Chelsea,Burnley,2025,5,29,0.9545141816118607,2.969404773551405
14,5,Tottenham,Burnley,2025,5,29,-0.15946241290109522,3.2100318456294623
14,5,West Ham,Brentford,2025,5,29,1.5461029705341003,0.6815958041440794
14,5,United,Brentford,2025,5,29,0.6407446686683278,0.8633788961298606
14,5,Newcastle,Brentford,2025,5,29,1.567513132307486,0.28265959061574625
14,5,City,Brentford,2025,5,29,0.8521695170692402,1.9678403826507795
14,5,Wolverhampton,Brentford,2025,5,29,0.7012667697257803,2.331742527882513
14,5,Norwich,Brentford,2025,5,29,0.2640238139669436,0.5105841436117446
14,5,Leeds,Brentford,2025,5,29,1.0588713901702242,0.6579091933078812
14,5,Liverpool,Brentford,2025,5,29,1.1539717990598182,0.2268904770024992
14,5,Southampton,Brentford,2025,5,29,0.43931063622360406,-0.24603909824094958
14,5,Aston,Brentford,2025,5,29,0.8919791499113346,0.7360176167449722
14,5,Islington,Brentford,2025,5,29,0.2344673329990898,0.31233082018183356
14,5,Chelsea,Brentford,2025,5,29,1.2513573220816065,2.4918951543647627
14,5,Tottenham,Brentford,2025,5,29,0.04707533973905513,2.078958098906057
14,5,United,West Ham,2025,5,29,1.7499117794393917,1.3079449729095645
14,5,Newcastle,West Ham,2025,5,29,3.3417917467479263,-0.10366312963384051
14,5,City,West Ham,2025,5,29,1.3470717339158398,3.3768729158508957
14,5,Wolverhampton,West Ham,2025,5,29,1.3094347676979894,3.9065500267908075
14,5,Norwich,West Ham,2025,5,29,1.2496773807547494,1.7080117271009598
14,5,Leeds,West Ham,2025,5,29,1.8606440943610172,1.1783680805655208
14,5,Liverpool,West Ham,2025,5,29,1.9670384373799723,2.1575610642581426
14,5,Southampton,West Ham,2025,5,29,1.2843203244113777,0.2676223684329651
14,5,Aston,West Ham,2025,5,29,1.6840618101229738,0.7987636936733554
14,5,Islington,West Ham,2025,5,29,0.905103419989246,0.6422803448409252
14,5,Chelsea,West Ham,2025,5,29,1.9474042549327066,2.2517668380089217
14,5,Tottenham,West Ham,2025,5,29,0.5770391983719553,2.493333782767793
14,5,Newcastle,United,2025,5,29,2.0256262683360053,0.020950531186094898
14,5,City,United,2025,5,29,0.8762509847804302,0.5970536624929142
14,5,Wolverhampton,United,2025,5,29,1.4416148252294227,0.7486672685364976
14,5,Norwich,United,2025,5,29,1.8819271256027246,0.792874494950994
14,5,Leeds,United,2025,5,29,1.247329129361147,0.5497038630033962
14,5,Liverpool,United,2025,5,29,1.6972057570228196,0.4861208321868351
14,5,Southampton,United,2025,5,29,1.3782197424732396,0.4749902029261354
14,5,Aston,United,2025,5,29,1.3314626899796318,0.3043534343783014
14,5,Islington,United,2025,5,29,1.3034357092361242,0.45591941565617317
14,5,Chelsea,United,2025,5,29,1.4573127712116871,0.9561945211352265
14,5,Tottenham,United,2025,5,29,0.6766244853602346,0.10292780813418738
14,5,City,Newcastle,2025,5,29,1.001309773993435,0.3002444479637655
14,5,Wolverhampton,Newcastle,2025,5,29,0.4276290583133255,0.687546633000765
14,5,Norwich,Newcastle,2025,5,29,1.6332860066911319,0.09707347478941251
14,5,Leeds,Newcastle,2025,5,29,1.320727727144447,0.44407265821516567
14,5,Liverpool,Newcastle,2025,5,29,1.5359441893164298,-0.185655896337499
14,5,Southampton,Newcastle,2025,5,29,1.4526514406934279,0.09192394801480985
14,5,Aston,Newcastle,2025,5,29,1.0182899673129122,0.16097621913361054
14,5,Islington,Newcastle,2025,5,29,1.268215516612209,0.05521594838875084
14,5,Chelsea,Newcastle,2025,5,29,1.9633239859563096,1.460627660632727
14,5,Tottenham,Newcastle,2025,5,29,0.7651831006585327,0.4729074100477008
14,5,Wolverhampton,City,2025,5,29,0.20106742897412322,1.6857861853183354
14,5,Norwich,City,2025,5,29,0.44342477275266057,1.697586238119922
14,5,Leeds,City,2025,5,29,0.6954109176970498,0.641177530801313
14,5,Liverpool,City,2025,5,29,0.7616241765157111,1.2310048701735303
14,5,Southampton,City,2025,5,29,0.9515365698435589,0.7307411134607102
14,5,Aston,City,2025,5,29,0.500295410507962,0.6832691129957199
14,5,Islington,City,2025,5,29,0.5094889897960496,0.2756934600576697
14,5,Chelsea,City,2025,5,29,0.6625328197532544,1.3835887022700541
14,5,Tottenham,City,2025,5,29,0.05519681349296927,1.3959142764202415
14,5,Norwich,Wolverhampton,2025,5,29,1.0047963877562098,0.1205888692120458
14,5,Leeds,Wolverhampton,2025,5,29,1.08323048122632,0.967958397532008
14,5,Liverpool,Wolverhampton,2025,5,29,1.8048946583125074,0.41313533046303036
14,5,Southampton,Wolverhampton,2025,5,29,1.2156889516486775,0.5721824361951506
14,5,Aston,Wolverhampton,2025,5,29,1.3061400274283428,0.45769548016307765
14,5,Islington,Wolverhampton,2025,5,29,0.7651495928537289,0.22221566636153256
14,5,Chelsea,Wolverhampton,2025,5,29,1.3900387924771802,1.1425328265405512
14,5,Tottenham,Wolverhampton,2025,5,29,-0.07652192533802915,0.1776785092354787
14,5,Leeds,Norwich,2025,5,29,1.4181344601884067,0.7484141510062792
14,5,Liverpool,Norwich,2025,5,29,0.7867588990713316,-0.3159001817309139
14,5,Southampton,Norwich,2025,5,29,1.2126793283191504,0.8683629822053974
14,5,Aston,Norwich,2025,5,29,0.17884120974746123,0.09346282426546183
14,5,Islington,Norwich,2025,5,29,0.7141585436038552,-0.22001589196766771
14,5,Chelsea,Norwich,2025,5,29,1.36886665027739,0.8560986538942593
14,5,Tottenham,Norwich,2025,5,29,0.3391227647570999,0.11472641663031886
14,5,Liverpool,Leeds,2025,5,29,0.19897368858811643,2.833208972836709
14,5,Southampton,Leeds,2025,5,29,0.2204585607640402,0.7830743899415851
14,5,Aston,Leeds,2025,5,29,0.08262603559539666,0.49025921071133893
14,5,Islington,Leeds,2025,5,29,0.15885684729819846,-0.1988261295361239
14,5,Chelsea,Leeds,2025,5,29,0.5781482421762101,1.0424208023103472
14,5,Tottenham,Leeds,2025,5,29,0.0382189943348141,1.039509029619954
14,5,Southampton,Liverpool,2025,5,29,2.0235236782900956,-0.10128696392250842
14,5,Aston,Liverpool,2025,5,29,1.1113628273843694,0.16091995590898278
14,5,Islington,Liverpool,2025,5,29,1.605192495920099,0.6814780137115743
14,5,Chelsea,Liverpool,2025,5,29,1.318405141235119,1.6956525928534192
14,5,Tottenham,Liverpool,2025,5,29,0.5235613626234596,2.7359574977032057
14,5,Aston,Southampton,2025,5,29,0.6242098986815195,1.9138263643737978
14,5,Islington,Southampton,2025,5,29,0.5255260321667197,0.6382215544577331
14,5,Chelsea,Southampton,2025,5,29,0.5811597696373232,1.746575403767273
14,5,Tottenham,Southampton,2025,5,29,0.2173919230694859,2.575233472101993
14,5,Islington,Aston,2025,5,29,0.22801454257746231,0.5627538116427142
14,5,Chelsea,Aston,2025,5,29,0.8638403166851593,0.9422980533058546
14,5,Tottenham,Aston,2025,5,29,0.1244695408212306,0.5046025634197417
14,5,Chelsea,Islington,2025,5,29,1.0144358892903216,1.6324747670741977
14,5,Tottenham,Islington,2025,5,29,0.40288989459970476,1.4066015306734032
14,5,Tottenham,Chelsea,2025,5,29,0.04543206555811804,0.5732420246302472
14,8,Brighton,Leicester,2025,5,29,0.9497380807343411,1.5569941952431665
14,8,Palace,Leicester,2025,5,29,0.8357610593832714,0.843583638364517
14,8,Everton,Leicester,2025,5,29,0.6732679393463321,0.39401402904670857
14,8,Watford,Leicester,2025,5,29,2.141675143872523,0.5440187430859244
14,8,Burnley,Leicester,2025,5,29,1.1700530833301017,0.7543633273101674
14,8,Brentford,Leicester,2025,5,29,0.5788738104222211,0.5795495694153675
14,8,West Ham,Leicester,2025,5,29,2.254847832364843,0.6305809678942575
14,8,United,Leicester,2025,5,29,1.14689445726146,0.8344956018298866
14,8,Newcastle,Leicester,2025,5,29,2.3036699590356267,0.47124000500062385
14,8,City,Leicester,2025,5,29,1.0776626702883554,0.317824516279848
14,8,Wolverhampton,Leicester,2025,5,29,1.0627985704955056,0.11200318880335806
14,8,Norwich,Leicester,2025,5,29,1.555302819848669,0.5686005252044246
14,8,Leeds,Leicester,2025,5,29,1.9716299319410353,0.6239727436769023
14,8,Liverpool,Leicester,2025,5,29,1.3136882906008924,0.05058008495832339
14,8,Southampton,Leicester,2025,5,29,1.4858149917119754,0.5059931371195119
14,8,Aston,Leicester,2025,5,29,0.8736695860360799,0.74157540723124
14,8,Islington,Leicester,2025,5,29,1.2465362612409605,0.4262434296042613
14,8,Chelsea,Leicester,2025,5,29,0.9800309340274542,1.0683536773736895
14,8,Tottenham,Leicester,2025,5,29,0.667167011063582,0.6207205027819159
14,8,Palace,Brighton,2025,5,29,-0.07822382407861063,0.6793088243408781
14,8,Everton,Brighton,2025,5,29,0.640770142509074,0.8125038952010122
14,8,Watford,Brighton,2025,5,29,0.09158264864350961,0.9486427073952278
14,8,Burnley,Brighton,2025,5,29,0.6634721463369488,2.877052303998473
14,8,Brentford,Brighton,2025,5,29,0.7169296639218927,0.7696146860770992
14,8,West Ham,Brighton,2025,5,29,1.237377686935325,1.1369276799268735
14,8,United,Brighton,2025,5,29,0.04779302501601641,1.3216292610582185
14,8,Newcastle,Brighton,2025,5,29,0.24343243617095858,1.3627460581806887
14,8,City,Brighton,2025,5,29,0.862124213433968,4.3248451826044745
14,8,Wolverhampton,Brighton,2025,5,29,0.13233716835172926,3.8850822429179748
14,8,Norwich,Brighton,2025,5,29,0.2513781558605876,2.944227714552574
14,8,Leeds,Brighton,2025,5,29,0.88474932088915,1.1835800147410802
14,8,Liverpool,Brighton,2025,5,29,0.5187379500876094,2.9198642239837787
14,8,Southampton,Brighton,2025,5,29,0.4405615809681871,1.0912137148318541
14,8,Aston,Brighton,2025,5,29,-0.0805562927811144,2.4848001240493076
14,8,Islington,Brighton,2025,5,29,0.2788298197727874,0.7560542073201332
14,8,Chelsea,Brighton,2025,5,29,0.9225110604756523,2.4187868503189316
14,8,Tottenham,Brighton,2025,5,29,0.06965706986101598,3.065274495963317
14,8,Everton,Palace,2025,5,29,1.3064973474571961,0.7740267137933317
14,8,Watford,Palace,2025,5,29,2.2982838162388988,0.9803830282054359
14,8,Burnley,Palace,2025,5,29,1.3581252776221426,3.2261581791801572
14,8,Brentford,Palace,2025,5,29,1.917262234764701,0.7400148721887471
14,8,West Ham,Palace,2025,5,29,2.6708990299515087,0.5892036163146002
14,8,United,Palace,2025,5,29,1.7919665151675541,1.2029233332100724
14,8,Newcastle,Palace,2025,5,29,3.2845401025256677,0.438676949098732
14,8,City,Palace,2025,5,29,0.5908124818407006,2.7371634539593725
14,8,Wolverhampton,Palace,2025,5,29,2.382656806562925,2.905175598076906
14,8,Norwich,Palace,2025,5,29,3.5955740250052393,0.9133198694725254
14,8,Leeds,Palace,2025,5,29,1.776309994566623,1.2685476857097249
14,8,Liverpool,Palace,2025,5,29,2.626123849760439,1.4622007724955137
14,8,Southampton,Palace,2025,5,29,1.6063012006698627,0.3533890308317741
14,8,Aston,Palace,2025,5,29,2.024841595796964,0.9211769931218778
14,8,Islington,Palace,2025,5,29,0.9847999299273447,0.03675952603992827
14,8,Chelsea,Palace,2025,5,29,1.2784486453093382,2.284125975802851
14,8,Tottenham,Palace,2025,5,29,0.6037612116511227,2.4790760250584425
14,8,Watford,Everton,2025,5,29,0.1302683350093441,0.5066863694164743
14,8,Burnley,Everton,2025,5,29,0.5112038183142091,0.6581489910525704
14,8,Brentford,Everton,2025,5,29,0.030757426477174304,0.6515684770708058
14,8,West Ham,Everton,2025,5,29,0.5320129172389326,0.7865190256995043
14,8,United,Everton,2025,5,29,-0.030797886931332567,0.8234385631988604
14,8,Newcastle,Everton,2025,5,29,0.6374693632852391,0.02564486089960212
14,8,City,Everton,2025,5,29,0.3992498317670267,0.5987936326602292
14,8,Wolverhampton,Everton,2025,5,29,0.3544716784179549,0.6987553071725554
14,8,Norwich,Everton,2025,5,29,-0.1733576840668489,0.5153763453035487
14,8,Leeds,Everton,2025,5,29,0.3774873226984722,0.39406552827433416
14,8,Liverpool,Everton,2025,5,29,0.287617117557949,-0.025019731585023793
14,8,Southampton,Everton,2025,5,29,-0.06555169739879926,0.02085749291289097
14,8,Aston,Everton,2025,5,29,0.09872301972245619,0.4824364614239452
14,8,Islington,Everton,2025,5,29,0.02602637215631094,0.3263368108529788
14,8,Chelsea,Everton,2025,5,29,0.4648639221072333,1.054586620081906
14,8,Tottenham,Everton,2025,5,29,-0.30334977863094964,0.45979143295559566
14,8,Burnley,Watford,2025,5,29,1.6740479507297794,2.4549664171821384
14,8,Brentford,Watford,2025,5,29,1.8982240172825104,0.7126249761988164
14,8,West Ham,Watford,2025,5,29,2.616976143642903,0.7984163748572405
14,8,United,Watford,2025,5,29,1.9661056219318778,0.7847512027212469
14,8,Newcastle,Watford,2025,5,29,3.1579762968824734,0.5266568431389076
14,8,City,Watford,2025,5,29,1.5758336370603598,2.313597719978084
14,8,Wolverhampton,Watford,2025,5,29,2.520549581632655,2.635907398019087
14,8,Norwich,Watford,2025,5,29,3.288773545694705,1.3716203985757165
14,8,Leeds,Watford,2025,5,29,2.524564681048304,0.5275402231370545
14,8,Liverpool,Watford,2025,5,29,2.556049110664208,0.8573692671711736
14,8,Southampton,Watford,2025,5,29,2.4660505212019306,0.38878281535723236
14,8,Aston,Watford,2025,5,29,2.038808128486611,0.9541831893876688
14,8,Islington,Watford,2025,5,29,2.029245984964413,0.23403845737154452
14,8,Chelsea,Watford,2025,5,29,2.0503665176368933,2.2699498447874036
14,8,Tottenham,Watford,2025,5,29,1.6710879401305156,2.0698743089517477
14,8,Brentford,Burnley,2025,5,29,1.4538447941776385,1.1176297326820952
14,8,West Ham,Burnley,2025,5,29,1.6981555079652566,1.1375113295470487
14,8,United,Burnley,2025,5,29,1.2378676472662105,1.5146323298614741
14,8,Newcastle,Burnley,2025,5,29,2.8303795447321765,0.9153753523206561
14,8,City,Burnley,2025,5,29,0.08902710204986417,3.3558671505446678
14,8,Wolverhampton,Burnley,2025,5,29,1.3083325544031843,3.7884333361239872
14,8,Norwich,Burnley,2025,5,29,1.3162403522559052,1.7962250923856207
14,8,Leeds,Burnley,2025,5,29,0.5328404636831474,1.819314511619579
14,8,Liverpool,Burnley,2025,5,29,1.609184879984432,1.8922554565873204
14,8,Southampton,Burnley,2025,5,29,0.23066117734663877,0.40968049964739417
14,8,Aston,Burnley,2025,5,29,1.1518543484796597,1.1431431072293246
14,8,Islington,Burnley,2025,5,29,0.2970389433169021,0.7885884944428966
14,8,Chelsea,Burnley,2025,5,29,1.0545052405392845,3.0720672145639276
14,8,Tottenham,Burnley,2025,5,29,-0.032813797590840105,3.232378157452034
14,8,West Ham,Brentford,2025,5,29,1.7409967683987386,0.7161133212498874
14,8,United,Brentford,2025,5,29,0.6797222743197074,0.9118359684147058
14,8,Newcastle,Brentford,2025,5,29,1.7163282078769122,0.33147456366183586
14,8,City,Brentford,2025,5,29,0.9482758570629469,2.0023862312709757
14,8,Wolverhampton,Brentford,2025,5,29,0.7016101237001369,2.2917331473002056
14,8,Norwich,Brentford,2025,5,29,0.3543725378188637,0.5127926991766656
14,8,Leeds,Brentford,2025,5,29,1.26464301045288,0.6282084047211213
14,8,Liverpool,Brentford,2025,5,29,1.2194304655005634,0.2482769589605459
14,8,Southampton,Brentford,2025,5,29,0.5519750088557618,-0.22111988274541852
14,8,Aston,Brentford,2025,5,29,0.8863340665835232,0.7799831935317832
14,8,Islington,Brentford,2025,5,29,0.3151512567375393,0.3579018879704167
14,8,Chelsea,Brentford,2025,5,29,1.3174685059054123,2.5108421652009243
14,8,Tottenham,Brentford,2025,5,29,0.07681659417551284,2.097024026048043
14,8,United,West Ham,2025,5,29,1.7501697999384875,1.407529219489007
14,8,Newcastle,West Ham,2025,5,29,3.563703287445968,-0.033425169292421286
14,8,City,West Ham,2025,5,29,1.4305993075761925,3.411838290596901
14,8,Wolverhampton,West Ham,2025,5,29,1.3371020635994506,3.854859877690526
14,8,Norwich,West Ham,2025,5,29,1.3498411788706808,1.7154330288476098
14,8,Leeds,West Ham,2025,5,29,2.090977520355994,1.2105352130149314
14,8,Liverpool,West Ham,2025,5,29,2.051627970956658,2.262876805976199
14,8,Southampton,West Ham,2025,5,29,1.3430252826298312,0.36123455002672805
14,8,Aston,West Ham,2025,5,29,1.615135335930559,0.9391777717907775
14,8,Islington,West Ham,2025,5,29,0.8914801611098909,0.7285170228014409
14,8,Chelsea,West Ham,2025,5,29,1.9502340478919078,2.311619779887456
14,8,Tottenham,West Ham,2025,5,29,0.5978992201502313,2.504894886331812
14,8,Newcastle,United,2025,5,29,2.291659311297956,0.06431651163261863
14,8,City,United,2025,5,29,0.9990287487964892,0.6264729139042474
14,8,Wolverhampton,United,2025,5,29,1.5911535022245917,0.7014619583267409
14,8,Norwich,United,2025,5,29,2.149260605675291,0.7954370860168752
14,8,Leeds,United,2025,5,29,1.576348357286068,0.5101494662122968
14,8,Liverpool,United,2025,5,29,1.9089547757622003,0.5082341332105018
14,8,Southampton,United,2025,5,29,1.5620721926274728,0.4945018485668811
14,8,Aston,United,2025,5,29,1.4019164645440174,0.3409561402144986
14,8,Islington,United,2025,5,29,1.4378567815529542,0.49542470213195305
14,8,Chelsea,United,2025,5,29,1.583190743863614,0.9636831740268522
14,8,Tottenham,United,2025,5,29,0.8299445246928405,0.1102314318266659
14,8,City,Newcastle,2025,5,29,1.1040082262710418,0.38026315487951146
14,8,Wolverhampton,Newcastle,2025,5,29,0.5735615281773115,0.7412351417013754
14,8,Norwich,Newcastle,2025,5,29,1.8322513319125138,0.17265595136361767
14,8,Leeds,Newcastle,2025,5,29,1.5888915796917467,0.5093027408613711
14,8,Liverpool,Newcastle,2025,5,29,1.6900926614890361,-0.10266746025306313
14,8,Southampton,Newcastle,2025,5,29,1.5719843141482748,0.19415248735997426
14,8,Aston,Newcastle,2025,5,29,1.091125972048283,0.29608485742356283
14,8,Islington,Newcastle,2025,5,29,1.3402568713800234,0.17291014629243823
14,8,Chelsea,Newcastle,2025,5,29,2.0283465832306145,1.5573638802075775
14,8,Tottenham,Newcastle,2025,5,29,0.911048354708159,0.567201410751667
14,8,Wolverhampton,City,2025,5,29,0.11720674940278597,1.6358446924872465
14,8,Norwich,City,2025,5,29,0.39248775702089794,1.7162122819302859
14,8,Leeds,City,2025,5,29,0.8016427167450468,0.6851911519391383
14,8,Liverpool,City,2025,5,29,0.6967199319041658,1.3561844371850529
14,8,Southampton,City,2025,5,29,0.9159421086195725,0.8510317045456192
14,8,Aston,City,2025,5,29,0.3929374259713626,0.8916795077984966
14,8,Islington,City,2025,5,29,0.4389796117597487,0.3688808222878869
14,8,Chelsea,City,2025,5,29,0.5933879042431178,1.4566878843055582
14,8,Tottenham,City,2025,5,29,-0.06210472783629202,1.4577802123271968
14,8,Norwich,Wolverhampton,2025,5,29,1.1682415767367451,0.1132155553377126
14,8,Leeds,Wolverhampton,2025,5,29,1.3696113461111536,0.9211336136276526
14,8,Liverpool,Wolverhampton,2025,5,29,1.9509625693554309,0.4410480160464617
14,8,Southampton,Wolverhampton,2025,5,29,1.3643092173637754,0.5969188409750646
14,8,Aston,Wolverhampton,2025,5,29,1.3004949441005311,0.49604591721201524
14,8,Islington,Wolverhampton,2025,5,29,0.845833516592178,0.24673119091096232
14,8,Chelsea,Wolverhampton,2025,5,29,1.463662755774548,1.1447820465108012
14,8,Tottenham,Wolverhampton,2025,5,29,0.02631579422704364,0.18156871038468902
14,8,Leeds,Norwich,2025,5,29,1.5775660840800345,0.7950055842558207
14,8,Liverpool,Norwich,2025,5,29,0.7727642850817033,-0.2450332255721565
14,8,Southampton,Norwich,2025,5,29,1.179605110693213,0.9550449057834663
14,8,Aston,Norwich,2025,5,29,0.09341592226161478,0.20180650363098585
14,8,Islington,Norwich,2025,5,29,0.5884087174348807,-0.11906416026938683
14,8,Chelsea,Norwich,2025,5,29,1.2731122956702754,0.9501280207633765
14,8,Tottenham,Norwich,2025,5,29,0.31598393304680317,0.1920895534947771
14,8,Liverpool,Leeds,2025,5,29,0.24618775826692174,2.892401534607895
14,8,Southampton,Leeds,2025,5,29,0.2450428838954588,0.8335714690434535
14,8,Aston,Leeds,2025,5,29,0.004415092342392893,0.6202607295351648
14,8,Islington,Leeds,2025,5,29,0.10508331308206782,-0.13264394078295827
14,8,Chelsea,Leeds,2025,5,29,0.5468574000483769,1.0503166349673878
14,8,Tottenham,Leeds,2025,5,29,0.015673911965467753,1.0998462813934393
14,8,Southampton,Liverpool,2025,5,29,1.969013816531913,0.0716605092541377
14,8,Aston,Liverpool,2025,5,29,1.0408968945282846,0.4246853203837267
14,8,Islington,Liverpool,2025,5,29,1.485247099350854,0.8516160177461484
14,8,Chelsea,Liverpool,2025,5,29,1.1643983355215073,1.8420880845667131
14,8,Tottenham,Liverpool,2025,5,29,0.5365923190251585,2.8512165355612575
14,8,Aston,Southampton,2025,5,29,0.5492537842393626,2.110068883262119
14,8,Islington,Southampton,2025,5,29,0.45527939334332085,0.7659321167256088
14,8,Chelsea,Southampton,2025,5,29,0.535991263384513,1.856702122330549
14,8,Tottenham,Southampton,2025,5,29,0.1981016695109864,2.6447089204792413
14,8,Islington,Aston,2025,5,29,0.1855188338588122,0.5826712372014868
14,8,Chelsea,Aston,2025,5,29,0.8513400795283687,0.9231910674605002
14,8,Tottenham,Aston,2025,5,29,0.13545134419796828,0.5021511566107476
14,8,Chelsea,Islington,2025,5,29,1.0626455404943393,1.7189546447830337
14,8,Tottenham,Islington,2025,5,29,0.5040690673848333,1.4859313039964248
14,8,Tottenham,Chelsea,2025,5,29,0.15264087859298847,0.6528857114539603
14,11,Brighton,Leicester,2025,5,29,0.9497380807343411,1.551921417291292
14,11,Palace,Leicester,2025,5,29,0.6962472811772156,0.8404130524863518
14,11,Everton,Leicester,2025,5,29,0.6439803713545471,0.3930529978319881
14,11,Watford,Leicester,2025,5,29,2.141675143872523,0.5461390564225341
14,11,Burnley,Leicester,2025,5,29,1.1407655153383163,0.7542740859833323
14,11,Brentford,Leicester,2025,5,29,0.43936003221616515,0.5756178075607111
14,11,West Ham,Leicester,2025,5,29,2.2651500217310194,0.6197379426978923
14,11,United,Leicester,2025,5,29,1.1515853510076257,0.8313250159517214
14,11,Newcastle,Leicester,2025,5,29,2.3186630421479686,0.4567208031500771
14,11,City,Leicester,2025,5,29,1.0776626702883554,0.3146539304016828
14,11,Wolverhampton,Leicester,2025,5,29,1.0627985704955056,0.10807142694870163
14,11,Norwich,Leicester,2025,5,29,1.4157890416426135,0.5654299393262594
14,11,Leeds,Leicester,2025,5,29,1.9819321213072114,0.6234097958866918
14,11,Liverpool,Leicester,2025,5,29,1.1985677272860797,0.03359475734791726
14,11,Southampton,Leicester,2025,5,29,1.3809966177633388,0.4945552798202954
14,11,Aston,Leicester,2025,5,29,0.8736695860360799,0.7301375499320235
14,11,Islington,Leicester,2025,5,29,1.117324672401081,0.42421385982331417
14,11,Chelsea,Leicester,2025,5,29,0.8452080495675645,1.068533662256187
14,11,Tottenham,Leicester,2025,5,29,0.5276532328575264,0.618452605208337
14,11,Palace,Brighton,2025,5,29,-0.08885366097975612,0.7482899238603937
14,11,Everton,Brighton,2025,5,29,0.6308322659036008,0.8865427848020987
14,11,Watford,Brighton,2025,5,29,0.0738859369732744,1.0199435959477965
14,11,Burnley,Brighton,2025,5,29,0.6457146002793529,2.966739325768366
14,11,Brentford,Brighton,2025,5,29,0.6794697967192195,0.8405668101140676
14,11,West Ham,Brighton,2025,5,29,1.2214220227265977,1.2115973825438873
14,11,United,Brighton,2025,5,29,0.056989743690467526,1.3925813850951871
14,11,Newcastle,Brighton,2025,5,29,0.23036578385952844,1.4403106975587143
14,11,City,Brighton,2025,5,29,0.8632765825523504,4.4125611798569135
14,11,Wolverhampton,Brighton,2025,5,29,0.1369038276673755,3.9587723680034608
14,11,Norwich,Brighton,2025,5,29,0.2184849479735607,2.9637735879865117
14,11,Leeds,Brighton,2025,5,29,0.8715584341472004,1.2540691381771958
14,11,Liverpool,Brighton,2025,5,29,0.5056712977761793,3.003259455412388
14,11,Southampton,Brighton,2025,5,29,0.4274949286567569,1.0918905693185348
14,11,Aston,Brighton,2025,5,29,-0.07424858600396007,2.5557522480862764
14,11,Islington,Brighton,2025,5,29,0.24136995257011415,0.821563999048659
14,11,Chelsea,Brighton,2025,5,29,0.8897420870191447,2.517457816175492
14,11,Tottenham,Brighton,2025,5,29,0.057225351111001695,3.1443044596307024
14,11,Everton,Palace,2025,5,29,1.2942530486299169,0.8317746181395089
14,11,Watford,Palace,2025,5,29,2.2778223271018865,1.002581804267379
14,11,Burnley,Palace,2025,5,29,1.3380613093427407,3.3125889005276297
14,11,Brentford,Palace,2025,5,29,1.897198266485299,0.7717675854287633
14,11,West Ham,Palace,2025,5,29,2.6526369435209753,0.6118355115494627
14,11,United,Palace,2025,5,29,1.7941659178740335,1.23543722242658
14,11,Newcastle,Palace,2025,5,29,3.2644761342462654,0.4342407498928923
14,11,City,Palace,2025,5,29,0.5896584287372768,2.805145348532168
14,11,Wolverhampton,Palace,2025,5,29,2.3844586884117938,2.97239631667321
14,11,Norwich,Palace,2025,5,29,3.577311938574706,0.9018863178851949
14,11,Leeds,Palace,2025,5,29,1.75804790813609,1.2679847379195144
14,11,Liverpool,Palace,2025,5,29,2.6060598814810367,1.5183389498535222
14,11,Southampton,Palace,2025,5,29,1.5862372323904608,0.3622681664038828
14,11,Aston,Palace,2025,5,29,2.028842880352312,0.945423610917334
14,11,Islington,Palace,2025,5,29,0.9647359616479426,0.0367009807764342
14,11,Chelsea,Palace,2025,5,29,1.2583846770299363,2.37356587934419
14,11,Tottenham,Palace,2025,5,29,0.6059606143576021,2.5633280901591706
14,11,Watford,Everton,2025,5,29,0.11499199851657237,0.5211049507795715
14,11,Burnley,Everton,2025,5,29,0.46415870426482814,0.6619781920685323
14,11,Brentford,Everton,2025,5,29,-0.12651389778647698,0.6515551575589463
14,11,West Ham,Everton,2025,5,29,0.5160572530302056,0.7681933339664535
14,11,United,Everton,2025,5,29,-0.021601168256881447,0.8127853107840098
14,11,Newcastle,Everton,2025,5,29,0.6268230861512722,-0.0012229091421246435
14,11,City,Everton,2025,5,29,0.40040220088540907,0.5829272615141329
14,11,Wolverhampton,Everton,2025,5,29,0.36145871291106463,0.6935288689294503
14,11,Norwich,Everton,2025,5,29,-0.32606234901485404,0.501828215751656
14,11,Leeds,Everton,2025,5,29,0.36429643595652217,0.38080679521619254
14,11,Liverpool,Everton,2025,5,29,0.15473900818554054,-0.041328711066425564
14,11,Southampton,Everton,2025,5,29,-0.19842980677120794,-0.014898069551739756
14,11,Aston,Everton,2025,5,29,0.10503072649961051,0.46027384337425076
14,11,Islington,Everton,2025,5,29,-0.13124495210734033,0.3135824803215537
14,11,Chelsea,Everton,2025,5,29,0.31228349158974755,1.0570612398664985
14,11,Tottenham,Everton,2025,5,29,-0.4355929544419423,0.4614419777248138
14,11,Burnley,Watford,2025,5,29,1.6562904046721836,2.5411519982483672
14,11,Brentford,Watford,2025,5,29,1.8804664712249146,0.7220896720500543
14,11,West Ham,Watford,2025,5,29,2.601020479434176,0.8024082220898634
14,11,United,Watford,2025,5,29,1.9753023406063288,0.7997843033365156
14,11,Newcastle,Watford,2025,5,29,3.147330019748506,0.5172920871526515
14,11,City,Watford,2025,5,29,1.5769860061787422,2.386386843338419
14,11,Wolverhampton,Watford,2025,5,29,2.5275366161257646,2.703128116615391
14,11,Norwich,Watford,2025,5,29,3.2755826589527555,1.3736042585618418
14,11,Leeds,Watford,2025,5,29,2.5113737943063543,0.5236084612823981
14,11,Liverpool,Watford,2025,5,29,2.5429824583527774,0.911536420011728
14,11,Southampton,Watford,2025,5,29,2.4529838688905,0.3790708422942256
14,11,Aston,Watford,2025,5,29,2.0451158352637653,0.9578676740305561
14,11,Islington,Watford,2025,5,29,2.0114884389068175,0.2320088875905974
14,11,Chelsea,Watford,2025,5,29,2.037299865325463,2.341629527197613
14,11,Tottenham,Watford,2025,5,29,1.6783585425255785,2.148786535470577
14,11,Brentford,Burnley,2025,5,29,1.4337808258982365,1.154831400471365
14,11,West Ham,Burnley,2025,5,29,1.6798934215347234,1.1787279745422392
14,11,United,Burnley,2025,5,29,1.2447579437188554,1.5574024024147748
14,11,Newcastle,Burnley,2025,5,29,2.817426845376403,0.9519209740277061
14,11,City,Burnley,2025,5,29,0.08787304894644034,3.446943097968186
14,11,Wolverhampton,Burnley,2025,5,29,1.3125548114295165,3.856220168479688
14,11,Norwich,Burnley,2025,5,29,1.297978265825372,1.8154360778538032
14,11,Leeds,Burnley,2025,5,29,0.5145783772526141,1.8328201157952653
14,11,Liverpool,Burnley,2025,5,29,1.5938118054511956,1.9584475735292615
14,11,Southampton,Burnley,2025,5,29,0.2152881028134023,0.4340342971764786
14,11,Aston,Burnley,2025,5,29,1.1558556330350078,1.1826710855688323
14,11,Islington,Burnley,2025,5,29,0.27697497503750007,0.7890960629387991
14,11,Chelsea,Burnley,2025,5,29,1.0391321660060484,3.1807012948760147
14,11,Tottenham,Burnley,2025,5,29,-0.030614394884360845,3.303673158755612
14,11,West Ham,Brentford,2025,5,29,1.7250411041900118,0.7380646927331301
14,11,United,Brentford,2025,5,29,0.684228099247993,0.9301111632437672
14,11,Newcastle,Brentford,2025,5,29,1.6985706618193164,0.33311120657121024
14,11,City,Brentford,2025,5,29,0.9494282261813295,2.078870192768144
14,11,Wolverhampton,Brentford,2025,5,29,0.7045301990803209,2.3589538658965092
14,11,Norwich,Brentford,2025,5,29,0.22930885692718145,0.5144293420860401
14,11,Leeds,Brentford,2025,5,29,1.249805539775468,0.6313402950677436
14,11,Liverpool,Brentford,2025,5,29,1.1111490303737745,0.3137927277734812
14,11,Southampton,Brentford,2025,5,29,0.44369357372897356,-0.21578840169921096
14,11,Aston,Brentford,2025,5,29,0.8926417733606776,0.795016294147052
14,11,Islington,Brentford,2025,5,29,0.1871675004656725,0.35587231818946957
14,11,Chelsea,Brentford,2025,5,29,1.1894847496335452,2.585416724748175
14,11,Tottenham,Brentford,2025,5,29,-0.027785597579156933,2.1825471608451106
14,11,United,West Ham,2025,5,29,1.7593665186129386,1.438115197983844
14,11,Newcastle,West Ham,2025,5,29,3.560938824500714,-0.014084513139207663
14,11,City,West Ham,2025,5,29,1.431751676694575,3.4611591668246624
14,11,Wolverhampton,West Ham,2025,5,29,1.340022138979635,3.9226467100462266
14,11,Norwich,West Ham,2025,5,29,1.2247774979789987,1.6843787665127965
14,11,Leeds,West Ham,2025,5,29,2.086442239044758,1.2370608106623378
14,11,Liverpool,West Ham,2025,5,29,1.9480374295760352,2.3270978984006856
14,11,Southampton,West Ham,2025,5,29,1.2497369306153843,0.33855348777068833
14,11,Aston,West Ham,2025,5,29,1.621443042707713,0.9697637502856149
14,11,Islington,West Ham,2025,5,29,0.7737985942042012,0.7554367886059568
14,11,Chelsea,West Ham,2025,5,29,1.826941185366208,2.3816575688324657
14,11,Tottenham,West Ham,2025,5,29,0.49329702839556205,2.57434558296859
14,11,Newcastle,United,2025,5,29,2.2785926589865255,0.028162210675971352
14,11,City,United,2025,5,29,1.0001811179148716,0.6119012191465998
14,11,Wolverhampton,United,2025,5,29,1.5940735776047756,0.6975301964720845
14,11,Norwich,United,2025,5,29,2.1344231349978795,0.7726024255500623
14,11,Leeds,United,2025,5,29,1.561510886608656,0.4981854095426038
14,11,Liverpool,United,2025,5,29,1.89588812345077,0.49321983011754855
14,11,Southampton,United,2025,5,29,1.5490055403160425,0.46004096249069876
14,11,Aston,United,2025,5,29,1.4082241713211716,0.32008819855325266
14,11,Islington,United,2025,5,29,1.4200992354953583,0.48396504798897677
14,11,Chelsea,United,2025,5,29,1.5701240915521837,0.9671052531231427
14,11,Tottenham,United,2025,5,29,0.8355685431524412,0.1131766529843328
14,11,City,Newcastle,2025,5,29,1.110315933048196,0.3695389004867097
14,11,Wolverhampton,Newcastle,2025,5,29,0.5753634100261804,0.7419119961880561
14,11,Norwich,Newcastle,2025,5,29,1.838559038689668,0.15204492382094864
14,11,Leeds,Newcastle,2025,5,29,1.605501475835077,0.5019473005330152
14,11,Liverpool,Newcastle,2025,5,29,1.6992893801634872,-0.10374434976524845
14,11,Southampton,Newcastle,2025,5,29,1.5914832221889017,0.1604576970973079
14,11,Aston,Newcastle,2025,5,29,1.0974336788254373,0.2740119870583798
14,11,Islington,Newcastle,2025,5,29,1.3550648856744851,0.17178076387315183
14,11,Chelsea,Newcastle,2025,5,29,2.0375433019050653,1.5734344726217617
14,11,Tottenham,Newcastle,2025,5,29,0.9155541796364446,0.574489173516586
14,11,Wolverhampton,City,2025,5,29,0.1217734087184322,1.7030654110835506
14,11,Norwich,City,2025,5,29,0.3595945491338711,1.7167478673171896
14,11,Leeds,City,2025,5,29,0.7884518300030972,0.7442875605849963
14,11,Liverpool,City,2025,5,29,0.6789623858465699,1.4123226145430603
14,11,Southampton,City,2025,5,29,0.8981845625619765,0.8395938472464026
14,11,Aston,City,2025,5,29,0.3992451327485169,0.9586373032231418
14,11,Islington,City,2025,5,29,0.4015197445570757,0.4318504475249073
14,11,Chelsea,City,2025,5,29,0.5559280370404447,1.5316096609295597
14,11,Tottenham,City,2025,5,29,-0.07453644658630632,1.5419055575772727
14,11,Norwich,Wolverhampton,2025,5,29,1.1302771691611353,0.07549327406751487
14,11,Leeds,Wolverhampton,2025,5,29,1.3616514490467966,0.8928841466075819
14,11,Liverpool,Wolverhampton,2025,5,29,1.9355894948221946,0.4227680120476067
14,11,Southampton,Wolverhampton,2025,5,29,1.359238332196715,0.5611632785104338
14,11,Aston,Wolverhampton,2025,5,29,1.3044962286558792,0.4602903547473846
14,11,Islington,Wolverhampton,2025,5,29,0.8163694165338748,0.22038391596460086
14,11,Chelsea,Wolverhampton,2025,5,29,1.4285873600962344,1.14366735500485
14,11,Tottenham,Wolverhampton,2025,5,29,0.0088128757884456,0.1746373223582156
14,11,Leeds,Norwich,2025,5,29,1.5929877515328739,0.7879761679998522
14,11,Liverpool,Norwich,2025,5,29,0.750367013542563,-0.24611011508434188
14,11,Southampton,Norwich,2025,5,29,1.167510028520249,0.9250449536576327
14,11,Aston,Norwich,2025,5,29,0.09741720681696286,0.17973363326580272
14,11,Islington,Norwich,2025,5,29,0.5519204203706738,-0.12019354268867317
14,11,Chelsea,Norwich,2025,5,29,1.2310127029860578,0.9619913731251174
14,11,Tottenham,Norwich,2025,5,29,0.2703116401477352,0.19435803388300277
14,11,Liverpool,Leeds,2025,5,29,0.11330964889451318,2.973825741519052
14,11,Southampton,Leeds,2025,5,29,0.1121647745230503,0.8545653164014597
14,11,Aston,Leeds,2025,5,29,0.010722799119547212,0.6679137010726124
14,11,Islington,Leeds,2025,5,29,-0.05218801118158354,-0.11075029442527885
14,11,Chelsea,Leeds,2025,5,29,0.3942769695308926,1.1713022790842709
14,11,Tottenham,Leeds,2025,5,29,-0.11821584778098693,1.1766948987077743
14,11,Southampton,Liverpool,2025,5,29,1.8641954425832767,0.0926543566121438
14,11,Aston,Liverpool,2025,5,29,1.0426987763771536,0.5293508949979148
14,11,Islington,Liverpool,2025,5,29,1.3560355105109747,0.9171258094746739
14,11,Chelsea,Liverpool,2025,5,29,1.0295754510616169,1.964318137508392
14,11,Tottenham,Liverpool,2025,5,29,0.3981967343504189,2.9468850511483295
14,11,Aston,Southampton,2025,5,29,0.5537596091676481,2.1658359666370433
14,11,Islington,Southampton,2025,5,29,0.3134655961046176,0.8159851456766972
14,11,Chelsea,Southampton,2025,5,29,0.3885661705258001,1.9277724508259058
14,11,Tottenham,Southampton,2025,5,29,0.06585849369999336,2.7275395893408683
14,11,Islington,Aston,2025,5,29,0.036243276739530636,0.592939935447027
14,11,Chelsea,Aston,2025,5,29,0.6917623330429109,0.9253184701683418
14,11,Tottenham,Aston,2025,5,29,0.0009017461651693371,0.5171981590858598
14,11,Chelsea,Islington,2025,5,29,1.058867252057896,1.7994313923824923
14,11,Tottenham,Islington,2025,5,29,0.5113396697798962,1.5616955667579084
14,11,Tottenham,Chelsea,2025,5,29,0.1576050587662452,0.6492200243333885
14,14,Brighton,Leicester,2025,5,29,0.7891014401629671,1.4793473471909042
14,14,Palace,Leicester,2025,5,29,0.5470214027534219,0.5888882255715508
14,14,Everton,Leicester,2025,5,29,0.5140612686171004,0.3396565338664993
14,14,Watford,Leicester,2025,5,29,2.0858650363462017,0.16978117649459876
14,14,Burnley,Leicester,2025,5,29,0.9722947012848712,0.5346579432771966
14,14,Brentford,Leicester,2025,5,29,0.3134109711101865,0.18340638010684263
14,14,West Ham,Leicester,2025,5,29,2.1844632838615943,0.37482005465471324
14,14,United,Leicester,2025,5,29,1.0283252043580964,0.7726365850045105
14,14,Newcastle,Leicester,2025,5,29,2.2348631776032826,0.44802741789430944
14,14,City,Leicester,2025,5,29,0.9611637426258152,0.22742278170728908
14,14,Wolverhampton,Leicester,2025,5,29,0.9395384238459754,-0.09149494009787427
14,14,Norwich,Leicester,2025,5,29,1.241768917116493,0.31360836419885996
14,14,Leeds,Leicester,2025,5,29,1.9012453834377865,0.3471392242149555
14,14,Liverpool,Leicester,2025,5,29,1.0218279598953726,-0.23789629394236508
14,14,Southampton,Leicester,2025,5,29,1.2290979718191777,0.3525004000246692
14,14,Aston,Leicester,2025,5,29,0.776464268479818,0.6635515380691943
14,14,Islington,Leicester,2025,5,29,0.9913756112951015,0.20149144063776708
14,14,Chelsea,Leicester,2025,5,29,0.7126030137296804,0.9952096649301637
14,14,Tottenham,Leicester,2025,5,29,0.30834005668671594,0.46000039694821226
14,14,Palace,Brighton,2025,5,29,-0.11548125538713529,0.733688865218882
14,14,Everton,Brighton,2025,5,29,0.5483879021523846,1.169185972821005
14,14,Watford,Brighton,2025,5,29,0.11087911267226642,0.9969718076190089
14,14,Burnley,Brighton,2025,5,29,0.540843504308796,3.296510741128382
14,14,Brentford,Brighton,2025,5,29,0.5765763680890941,0.8305685003603366
14,14,West Ham,Brighton,2025,5,29,1.1633524529558166,1.2112880042662597
14,14,United,Brighton,2025,5,29,-0.048451916550411034,1.4152720836380677
14,14,Newcastle,Brighton,2025,5,29,0.14691189724684495,1.472241745441782
14,14,City,Brighton,2025,5,29,0.826041376533958,4.717846096137098
14,14,Wolverhampton,Brighton,2025,5,29,0.0856174278988738,4.254544497009959
14,14,Norwich,Brighton,2025,5,29,0.1060076489514109,2.9812230425313557
14,14,Leeds,Brighton,2025,5,29,0.781816888083575,1.2425060855788452
14,14,Liverpool,Brighton,2025,5,29,0.39491280399781137,3.308798836480288
14,14,Southampton,Brighton,2025,5,29,0.34633596300857267,1.078452250053316
14,14,Aston,Brighton,2025,5,29,-0.11864651761623471,2.5942993698376604
14,14,Islington,Brighton,2025,5,29,0.1483803951012253,0.8149109848362146
14,14,Chelsea,Brighton,2025,5,29,0.7857987078985794,2.8082431659716693
14,14,Tottenham,Brighton,2025,5,29,0.008454377629443614,3.478933088666214
14,14,Everton,Palace,2025,5,29,0.8948987272101425,1.076496902701962
14,14,Watford,Palace,2025,5,29,1.9405819353545142,0.9501897035237883
14,14,Burnley,Palace,2025,5,29,0.39387803071752525,3.6563014976967825
14,14,Brentford,Palace,2025,5,29,1.2606663130126237,0.7356015618587958
14,14,West Ham,Palace,2025,5,29,2.025591022199913,0.5838287566259219
14,14,United,Palace,2025,5,29,1.177174942334553,1.276524893101964
14,14,Newcastle,Palace,2025,5,29,2.4934012897248654,0.4655027852158344
14,14,City,Palace,2025,5,29,0.3797338370585161,3.106688617191938
14,14,Wolverhampton,Palace,2025,5,29,1.6514625527651752,3.276081895732145
14,14,Norwich,Palace,2025,5,29,2.657420271775135,0.9102126256352338
14,14,Leeds,Palace,2025,5,29,1.2308436422213633,1.2694002189023657
14,14,Liverpool,Palace,2025,5,29,1.7744350127057522,1.831544607684108
14,14,Southampton,Palace,2025,5,29,1.2425806828420407,0.34460156352201515
14,14,Aston,Palace,2025,5,29,1.3003240661723432,0.9822057909069594
14,14,Islington,Palace,2025,5,29,0.9137609301856661,0.02399745482947599
14,14,Chelsea,Palace,2025,5,29,0.9497600276881362,2.6763157050908464
14,14,Tottenham,Palace,2025,5,29,0.41991728853184535,2.919580781242892
14,14,Watford,Everton,2025,5,29,0.14664697789039333,0.2455170372658001
14,14,Burnley,Everton,2025,5,29,0.40534218915261655,0.5200823011823784
14,14,Brentford,Everton,2025,5,29,-0.29467675341504357,0.35824047647710094
14,14,West Ham,Everton,2025,5,29,0.5307140253953834,0.5354111189015631
14,14,United,Everton,2025,5,29,-0.09565725362237537,0.7635979684534964
14,14,Newcastle,Everton,2025,5,29,0.5856305632101872,-0.005156145958541717
14,14,City,Everton,2025,5,29,0.42491016817740507,0.5078317857980276
14,14,Wolverhampton,Everton,2025,5,29,0.3893039977326095,0.5752242024061344
14,14,Norwich,Everton,2025,5,29,-0.4791789703674951,0.27048117799655796
14,14,Leeds,Everton,2025,5,29,0.3419447374671831,0.15188876381100178
14,14,Liverpool,Everton,2025,5,29,0.012673703497969582,-0.2750522509492083
14,14,Southampton,Everton,2025,5,29,-0.32371113223440523,-0.15608365091670498
14,14,Aston,Everton,2025,5,29,0.07457821673359372,0.40162417728349925
14,14,Islington,Everton,2025,5,29,-0.29683884677400596,0.0905675173180643
14,14,Chelsea,Everton,2025,5,29,0.185882592227307,1.0250359954929027
14,14,Tottenham,Everton,2025,5,29,-0.496716205335585,0.36573322157227783
14,14,Burnley,Watford,2025,5,29,0.9207907225734474,2.8366589774231787
14,14,Brentford,Watford,2025,5,29,1.3298816875456294,0.4705359075157261
14,14,West Ham,Watford,2025,5,29,2.09144276415978,0.634432606110716
14,14,United,Watford,2025,5,29,1.4895792504837084,0.8269300615354274
14,14,Newcastle,Watford,2025,5,29,2.4803115305413166,0.570771163256145
14,14,City,Watford,2025,5,29,1.4247370081692332,2.671588042211249
14,14,Wolverhampton,Watford,2025,5,29,1.99644179884518,2.9631279172210148
14,14,Norwich,Watford,2025,5,29,2.472291293926312,1.2103674983965067
14,14,Leeds,Watford,2025,5,29,2.04440610882145,0.33141324593204563
14,14,Liverpool,Watford,2025,5,29,1.816955638041199,1.0679465862663164
14,14,Southampton,Watford,2025,5,29,2.125252018713429,0.25389716960540415
14,14,Aston,Watford,2025,5,29,1.5121060831849997,0.9993834763202176
14,14,Islington,Watford,2025,5,29,1.9080264886609808,0.06209144431693178
14,14,Chelsea,Watford,2025,5,29,1.7179038746856028,2.6132141275021024
14,14,Tottenham,Watford,2025,5,29,1.510623010093363,2.4516029636322494
14,14,Brentford,Burnley,2025,5,29,1.1031844648668307,0.9210682828459236
14,14,West Ham,Burnley,2025,5,29,1.403445797424012,1.1511343392904922
14,14,United,Burnley,2025,5,29,0.9442010105448606,1.5577509026400804
14,14,Newcastle,Burnley,2025,5,29,2.426202451517538,0.959559640179146
14,14,City,Burnley,2025,5,29,-0.015819136580381296,3.7522280142483724
14,14,Wolverhampton,Burnley,2025,5,29,0.8779082373041326,3.987146266399244
14,14,Norwich,Burnley,2025,5,29,0.6917160246211462,1.789583286507525
14,14,Leeds,Burnley,2025,5,29,0.2613867978899349,1.8292051507675493
14,14,Liverpool,Burnley,2025,5,29,1.1009150763033013,2.1355564426838796
14,14,Southampton,Burnley,2025,5,29,0.1385040241464209,0.43372491889885095
14,14,Aston,Burnley,2025,5,29,0.7604951906087263,1.1828434847332885
14,14,Islington,Burnley,2025,5,29,0.18518267376239747,0.7711913160215882
14,14,Chelsea,Burnley,2025,5,29,0.7793620244035272,3.3655619077428938
14,14,Tottenham,Burnley,2025,5,29,-0.1796755007862577,3.463499589137991
14,14,West Ham,Brentford,2025,5,29,1.5879845639076215,0.546143544585687
14,14,United,Brentford,2025,5,29,0.5822546925298048,0.9222484956357545
14,14,Newcastle,Brentford,2025,5,29,1.42897812307775,0.3419625514904942
14,14,City,Brentford,2025,5,29,0.8775791331706815,2.34465414599787
14,14,Wolverhampton,Brentford,2025,5,29,0.5500116153065531,2.6363929167990867
14,14,Norwich,Brentford,2025,5,29,-0.12291808750849008,0.33282835026730095
14,14,Leeds,Brentford,2025,5,29,1.1062153364717904,0.4639841691511988
14,14,Liverpool,Brentford,2025,5,29,0.7757463089088529,0.48746009911819693
14,14,Southampton,Brentford,2025,5,29,0.2583149549615374,-0.3645713475936811
14,14,Aston,Brentford,2025,5,29,0.6922951439230965,0.7831026006409953
14,14,Islington,Brentford,2025,5,29,0.019381479493477283,0.20206576291202208
14,14,Chelsea,Brentford,2025,5,29,0.8377083611704087,2.8916286030297966
14,14,Tottenham,Brentford,2025,5,29,-0.1784948151666108,2.4658400092696495
14,14,United,West Ham,2025,5,29,1.5011408869703535,1.4467683251503314
14,14,Newcastle,West Ham,2025,5,29,3.250321122090863,-0.015257021325162377
14,14,City,West Ham,2025,5,29,1.2058346114218508,3.7627024354844325
14,14,Wolverhampton,West Ham,2025,5,29,1.0823801646964797,4.168936716424513
14,14,Norwich,West Ham,2025,5,29,0.8544512800145009,1.6858139438225894
14,14,Leeds,West Ham,2025,5,29,1.7790712903250108,1.238476291645189
14,14,Liverpool,West Ham,2025,5,29,1.6451262496199144,2.5829079835506175
14,14,Southampton,West Ham,2025,5,29,1.020531223070181,0.3208868848888208
14,14,Aston,West Ham,2025,5,29,1.38405559628022,0.9741113867663438
14,14,Islington,West Ham,2025,5,29,0.6554832034312928,0.7682766757276491
14,14,Chelsea,West Ham,2025,5,29,1.5798676431761454,2.627011821898469
14,14,Tottenham,West Ham,2025,5,29,0.3087936054414977,2.8407681578627613
14,14,Newcastle,United,2025,5,29,1.7329965910812992,0.030836760632253008
14,14,City,United,2025,5,29,0.8551656445260987,0.6249902147069744
14,14,Wolverhampton,United,2025,5,29,1.1306807119611424,0.7012853362837738
14,14,Norwich,United,2025,5,29,1.4878407557980924,0.7634819797647567
14,14,Leeds,United,2025,5,29,1.2426422342914838,0.4168800607761648
14,14,Liverpool,United,2025,5,29,1.2725988682730418,0.5291385335609398
14,14,Southampton,United,2025,5,29,1.3693727233067041,0.430925454905158
14,14,Aston,United,2025,5,29,0.964213963994245,0.30878199644883486
14,14,Islington,United,2025,5,29,1.326469945289093,0.5120073977777421
14,14,Chelsea,United,2025,5,29,1.2647119324691043,0.9732841439363606
14,14,Tottenham,United,2025,5,29,0.6802784077065746,0.12278559031798354
14,14,City,Newcastle,2025,5,29,0.9089402298042343,0.34860266445629096
14,14,Wolverhampton,Newcastle,2025,5,29,-0.0042013049935001046,0.6289707063554953
14,14,Norwich,Newcastle,2025,5,29,1.1492329747701446,-0.037532764540519084
14,14,Leeds,Newcastle,2025,5,29,1.277646731634683,0.2617197338864965
14,14,Liverpool,Newcastle,2025,5,29,1.0733845301673468,-0.31132318520553476
14,14,Southampton,Newcastle,2025,5,29,1.4492212324306093,0.009061051810731078
14,14,Aston,Newcastle,2025,5,29,0.5792257166507767,0.2500017723572996
14,14,Islington,Newcastle,2025,5,29,1.311099348547313,-0.012013470333470925
14,14,Chelsea,Newcastle,2025,5,29,1.7486443227501622,1.5640865087475866
14,14,Tottenham,Newcastle,2025,5,29,0.7474045313740088,0.46977261182805696
14,14,Wolverhampton,City,2025,5,29,0.13666321103523696,1.9060580406636578
14,14,Norwich,City,2025,5,29,0.33668907568773326,1.7131557770873298
14,14,Leeds,City,2025,5,29,0.7761128194788127,0.7373898836050484
14,14,Liverpool,City,2025,5,29,0.6490894650920653,1.638784976511677
14,14,Southampton,City,2025,5,29,0.8818268963656549,0.826763666037641
14,14,Aston,City,2025,5,29,0.4106071029317978,0.9522084398861804
14,14,Islington,City,2025,5,29,0.40539838609258455,0.43007756492738175
14,14,Chelsea,City,2025,5,29,0.5632828983606061,1.7885368054569892
14,14,Tottenham,City,2025,5,29,-0.010590189349495424,1.7737985196202029
14,14,Norwich,Wolverhampton,2025,5,29,0.7065331977635477,-0.07842273414416931
14,14,Leeds,Wolverhampton,2025,5,29,1.1091620888900844,0.7107505075777981
14,14,Liverpool,Wolverhampton,2025,5,29,1.565324411698645,0.31968773650865173
14,14,Southampton,Wolverhampton,2025,5,29,1.1687367718358146,0.532047770924893
14,14,Aston,Wolverhampton,2025,5,29,0.9671981707866635,0.36648937172339263
14,14,Islington,Wolverhampton,2025,5,29,0.7127104443040431,0.12987839327387252
14,14,Chelsea,Wolverhampton,2025,5,29,1.1551799397097349,1.1073402541030548
14,14,Tottenham,Wolverhampton,2025,5,29,-0.16487364097049226,-0.0018133730128495947
14,14,Leeds,Norwich,2025,5,29,1.3382248335259397,0.6667605212257219
14,14,Liverpool,Norwich,2025,5,29,0.41865224295297426,-0.3597947389136279
14,14,Southampton,Norwich,2025,5,29,0.8799638151994946,0.9148284718409777
14,14,Aston,Norwich,2025,5,29,-0.17009836065865278,0.12041959817254234
14,14,Islington,Norwich,2025,5,29,0.38585145623705025,-0.183082187027983
14,14,Chelsea,Norwich,2025,5,29,0.9959799413380609,0.8997078413737214
14,14,Tottenham,Norwich,2025,5,29,0.07110517232633756,0.0591223525415134
14,14,Liverpool,Leeds,2025,5,29,-0.24120573032878795,3.28130027586563
14,14,Southampton,Leeds,2025,5,29,-0.19213686668486146,0.8468058170586192
14,14,Aston,Leeds,2025,5,29,-0.18786802923198753,0.6615812280591835
14,14,Islington,Leeds,2025,5,29,-0.28134099825623704,-0.13787334765919915
14,14,Chelsea,Leeds,2025,5,29,0.13577704775755753,1.462615244852252
14,14,Tottenham,Leeds,2025,5,29,-0.3476845764963235,1.475750542699588
14,14,Southampton,Liverpool,2025,5,29,1.739792048533293,0.07675269549203452
14,14,Aston,Liverpool,2025,5,29,0.8925268744287449,0.5678980167492995
14,14,Islington,Liverpool,2025,5,29,1.2476643489230193,0.926583683258448
14,14,Chelsea,Liverpool,2025,5,29,0.9134983642513166,1.8801545026049469
14,14,Tottenham,Liverpool,2025,5,29,0.17840883430002635,2.9347425299976226
14,14,Aston,Southampton,2025,5,29,0.4412292644855063,2.19686520266668
14,14,Islington,Southampton,2025,5,29,0.18194193737474218,0.8254430194604712
14,14,Chelsea,Southampton,2025,5,29,0.18435849659621936,2.225109322677025
14,14,Tottenham,Southampton,2025,5,29,-0.1154570327479495,3.057311004700884
14,14,Islington,Aston,2025,5,29,-0.25140607314407015,0.5206252237413244
14,14,Chelsea,Aston,2025,5,29,0.4130972534182564,0.8411810522133606
14,14,Tottenham,Aston,2025,5,29,-0.2688348234063895,0.3114553950772784
14,14,Chelsea,Islington,2025,5,29,0.9614779782914251,1.9877062538180588
14,14,Tottenham,Islington,2025,5,29,0.348252147368211,1.6401204157783733
14,14,Tottenham,Chelsea,2025,5,29,-0.01771177052736264,0.6407580763802724
14,17,Brighton,Leicester,2025,5,29,0.8349667337042621,1.4830321086232674
14,17,Palace,Leicester,2025,5,29,0.6448067802067777,0.6205746337421499
14,17,Everton,Leicester,2025,5,29,0.574354177796148,0.36125614570145903
14,17,Watford,Leicester,2025,5,29,2.1414797367988188,0.14263386063096117
14,17,Burnley,Leicester,2025,5,29,1.0338174575826593,0.4774389532487941
14,17,Brentford,Leicester,2025,5,29,0.40733391203960134,0.19452009589536845
14,17,West Ham,Leicester,2025,5,29,2.1699653334369025,0.3941034969667353
14,17,United,Leicester,2025,5,29,1.0923522827904737,0.7872616587402235
14,17,Newcastle,Leicester,2025,5,29,2.2637385308631495,0.5250940660997993
14,17,City,Leicester,2025,5,29,0.979313195239043,0.17535249638384642
14,17,Wolverhampton,Leicester,2025,5,29,1.0373238012993324,-0.1712961097069085
14,17,Norwich,Leicester,2025,5,29,1.2835245557275532,0.31254892700654885
14,17,Leeds,Leicester,2025,5,29,1.914463273941161,0.34131863554361225
14,17,Liverpool,Leicester,2025,5,29,1.0831034977868672,-0.20931444115586734
14,17,Southampton,Leicester,2025,5,29,1.2528810414363636,0.3411227334126123
14,17,Aston,Leicester,2025,5,29,0.8742496459331738,0.6821611834789898
14,17,Islington,Leicester,2025,5,29,1.0793904963793473,0.2785580888432571
14,17,Chelsea,Leicester,2025,5,29,0.7776858598962398,1.0027042801915202
14,17,Tottenham,Leicester,2025,5,29,0.3627521304555125,0.40042895313669025
14,17,Palace,Brighton,2025,5,29,-0.03281434158312024,0.7244556939029794
14,17,Everton,Brighton,2025,5,29,0.6512775190884925,1.15010670418064
14,17,Watford,Brighton,2025,5,29,0.14091564985183477,0.9735734158487284
14,17,Burnley,Brighton,2025,5,29,0.6067056433035793,3.080815079240633
14,17,Brentford,Brighton,2025,5,29,0.6340288068068518,0.809154095846222
14,17,West Ham,Brighton,2025,5,29,1.1966138615040403,1.2101776031379108
14,17,United,Brighton,2025,5,29,0.0532872133947833,1.3995281438359966
14,17,Newcastle,Brighton,2025,5,29,0.19195424082779106,1.4859380428787208
14,17,City,Brighton,2025,5,29,0.8398303797819386,4.5118412039092
14,17,Wolverhampton,Brighton,2025,5,29,0.13244853311498472,4.140366157566671
14,17,Norwich,Brighton,2025,5,29,0.188530279331363,2.967905492774394
14,17,Leeds,Brighton,2025,5,29,0.8427941375598655,1.2115621252997295
14,17,Liverpool,Brighton,2025,5,29,0.5010095192986684,3.3168028883557805
14,17,Southampton,Brighton,2025,5,29,0.4317543956389107,1.0506517114714797
14,17,Aston,Brighton,2025,5,29,-0.023199517940941643,2.579665831163939
14,17,Islington,Brighton,2025,5,29,0.23079584804521683,0.8286072822731534
14,17,Chelsea,Brighton,2025,5,29,0.8480691713834784,2.5949410002834767
14,17,Tottenham,Brighton,2025,5,29,0.057850663873801174,3.3663548348037384
14,17,Everton,Palace,2025,5,29,0.9121114292864139,1.081422634223113
14,17,Watford,Palace,2025,5,29,1.9697851703271265,0.9293611986763323
14,17,Burnley,Palace,2025,5,29,0.4797937456622374,3.4763701057927343
14,17,Brentford,Palace,2025,5,29,1.316423379921358,0.7453681090828623
14,17,West Ham,Palace,2025,5,29,2.003860650432107,0.6057915917625509
14,17,United,Palace,2025,5,29,1.2123749993683912,1.2863126806860141
14,17,Newcastle,Palace,2025,5,29,2.5002983305749615,0.5337329998199788
14,17,City,Palace,2025,5,29,0.3665042078922215,2.9319059299928494
14,17,Wolverhampton,Palace,2025,5,29,1.7109428494472898,3.1691419637248983
14,17,Norwich,Palace,2025,5,29,2.6467666877761875,0.9118325812675293
14,17,Leeds,Palace,2025,5,29,1.2530417344023426,1.269898441247203
14,17,Liverpool,Palace,2025,5,29,1.7926303434944704,1.8531300186838624
14,17,Southampton,Palace,2025,5,29,1.2380294364231081,0.32802688150018666
14,17,Aston,Palace,2025,5,29,1.3699309965402173,0.9959781501650924
14,17,Islington,Palace,2025,5,29,0.979155519311793,0.08954827660901347
14,17,Chelsea,Palace,2025,5,29,0.9624336512446876,2.488683192242147
14,17,Tottenham,Palace,2025,5,29,0.42676271891020906,2.820663044285856
14,17,Watford,Everton,2025,5,29,0.23356446312594725,0.22603570098280237
14,17,Burnley,Everton,2025,5,29,0.5200770651318826,0.46286331115397594
14,17,Brentford,Everton,2025,5,29,-0.20948111826026172,0.36935419226562677
14,17,West Ham,Everton,2025,5,29,0.5429028359227128,0.5390958803339264
14,17,United,Everton,2025,5,29,-0.024984945054219818,0.7520590288452526
14,17,Newcastle,Everton,2025,5,29,0.6868025050047908,0.02985495077430608
14,17,City,Everton,2025,5,29,0.4182720455134999,0.45129305240910156
14,17,Wolverhampton,Everton,2025,5,29,0.501463949538669,0.5065532656112757
14,17,Norwich,Everton,2025,5,29,-0.4454447789365045,0.2538230599245882
14,17,Leeds,Everton,2025,5,29,0.35567963184189094,0.13240742752800422
14,17,Liverpool,Everton,2025,5,29,0.14651361523585116,-0.2609062757805452
14,17,Southampton,Everton,2025,5,29,-0.2480419714413516,-0.16492548134881083
14,17,Aston,Everton,2025,5,29,0.20879891747288223,0.4153965365416323
14,17,Islington,Everton,2025,5,29,-0.15908852962140718,0.1255786140509122
14,17,Chelsea,Everton,2025,5,29,0.20906841455296973,1.0325306107542591
14,17,Tottenham,Everton,2025,5,29,-0.4642638271717353,0.3138277573413959
14,17,Burnley,Watford,2025,5,29,0.9918652047977691,2.696204942835794
14,17,Brentford,Watford,2025,5,29,1.3858842364335333,0.4773517134567986
14,17,West Ham,Watford,2025,5,29,2.064210012293724,0.6381173675430792
14,17,United,Watford,2025,5,29,1.5229427981037502,0.8154499497583542
14,17,Newcastle,Watford,2025,5,29,2.498484557997553,0.611611166130481
14,17,City,Watford,2025,5,29,1.425520486761246,2.518553445240401
14,17,Wolverhampton,Watford,2025,5,29,2.0631789567564685,2.843042309667446
14,17,Norwich,Watford,2025,5,29,2.46565683530433,1.1915641791735208
14,17,Leeds,Watford,2025,5,29,2.062647904751557,0.30224113998919655
14,17,Liverpool,Watford,2025,5,29,1.8353964508090868,1.0805189089831109
14,17,Southampton,Watford,2025,5,29,2.1114247487984485,0.24902559709041494
14,17,Aston,Watford,2025,5,29,1.5836501475368736,1.0083023520701613
14,17,Islington,Watford,2025,5,29,1.9705109614320577,0.10293144719126798
14,17,Chelsea,Watford,2025,5,29,1.7308229802213244,2.472363264748799
14,17,Tottenham,Watford,2025,5,29,1.5349647660614127,2.3507914966321537
14,17,Brentford,Burnley,2025,5,29,1.158451964206987,0.9238716882536918
14,17,West Ham,Burnley,2025,5,29,1.4065502656394782,1.1511343392904922
14,17,United,Burnley,2025,5,29,0.9360428055250476,1.590724133425872
14,17,Newcastle,Burnley,2025,5,29,2.492500455484666,1.0279957172227772
14,17,City,Burnley,2025,5,29,-0.030806552008402904,3.5549821918710043
14,17,Wolverhampton,Burnley,2025,5,29,0.9146352170867568,3.792010422948833
14,17,Norwich,Burnley,2025,5,29,0.6820438762013445,1.7939065826551093
14,17,Leeds,Burnley,2025,5,29,0.21967091000045352,1.8437843420375648
14,17,Liverpool,Burnley,2025,5,29,1.126434152874928,2.0843228843421144
14,17,Southampton,Burnley,2025,5,29,0.18232323621754787,0.4491327152534161
14,17,Aston,Burnley,2025,5,29,0.7863950561817604,1.1895776769874264
14,17,Islington,Burnley,2025,5,29,0.22152853628517996,0.8396273930652196
14,17,Chelsea,Burnley,2025,5,29,0.7213018925359959,3.1715652406372246
14,17,Tottenham,Burnley,2025,5,29,-0.2322264110900522,3.2871573377680146
14,17,West Ham,Brentford,2025,5,29,1.6085223414616605,0.5525076988426572
14,17,United,Brentford,2025,5,29,0.667314255768507,0.9326252984115799
14,17,Newcastle,Brentford,2025,5,29,1.5282129308883539,0.3929770408574442
14,17,City,Brentford,2025,5,29,0.883491755763526,2.19568942495395
14,17,Wolverhampton,Brentford,2025,5,29,0.6510351847523215,2.4458920723040065
14,17,Norwich,Brentford,2025,5,29,-0.06198440806834253,0.31452632887235327
14,17,Leeds,Brentford,2025,5,29,1.1267531140258293,0.4544421333992982
14,17,Liverpool,Brentford,2025,5,29,0.9186795912897057,0.40826887239292314
14,17,Southampton,Brentford,2025,5,29,0.333555980922347,-0.38904108656123165
14,17,Aston,Brentford,2025,5,29,0.8245787106783846,0.7925516637515438
14,17,Islington,Brentford,2025,5,29,0.1417936360557444,0.25040085945436524
14,17,Chelsea,Brentford,2025,5,29,0.8918673149030251,2.7551217857790773
14,17,Tottenham,Brentford,2025,5,29,-0.13697490957738925,2.285932585600773
14,17,United,West Ham,2025,5,29,1.5739846417815184,1.4594302832801154
14,17,Newcastle,West Ham,2025,5,29,3.204406775333059,0.009799814283532115
14,17,City,West Ham,2025,5,29,1.1926049822555562,3.581264010165422
14,17,Wolverhampton,West Ham,2025,5,29,1.0797539713821136,4.078298099228848
14,17,Norwich,West Ham,2025,5,29,0.8794721193614903,1.6960361163132538
14,17,Leeds,West Ham,2025,5,29,1.7520822409453811,1.235293106083469
14,17,Liverpool,West Ham,2025,5,29,1.6079212719362497,2.5989480575587995
14,17,Southampton,West Ham,2025,5,29,1.029597343685109,0.32084712102438034
14,17,Aston,West Ham,2025,5,29,1.4089119338012748,0.9878837460244768
14,17,Islington,West Ham,2025,5,29,0.6485172947770222,0.7906541185117367
14,17,Chelsea,West Ham,2025,5,29,1.5833065408475417,2.4382689079214206
14,17,Tottenham,West Ham,2025,5,29,0.30313007122039676,2.7341844413250853
14,17,Newcastle,United,2025,5,29,1.7453700480295957,0.07421844422942972
14,17,City,United,2025,5,29,0.851274867981945,0.5741836139544881
14,17,Wolverhampton,United,2025,5,29,1.1903911226808903,0.6404648743109288
14,17,Norwich,United,2025,5,29,1.4865260244212861,0.7495032545173934
14,17,Leeds,United,2025,5,29,1.2665430991728661,0.3897327449125279
14,17,Liverpool,United,2025,5,29,1.292496971762163,0.5589840709183943
14,17,Southampton,United,2025,5,29,1.3665242495881746,0.4195477882931014
14,17,Aston,United,2025,5,29,1.0293098835251195,0.3273916418586307
14,17,Islington,United,2025,5,29,1.396605659289852,0.5527096885503119
14,17,Chelsea,United,2025,5,29,1.2790883287260593,0.9834581520223239
14,17,Tottenham,United,2025,5,29,0.6888266107853414,0.06321414650646168
14,17,City,Newcastle,2025,5,29,0.8957106006379397,0.29175096131883266
14,17,Wolverhampton,Newcastle,2025,5,29,-0.00947926017096473,0.5578704431986173
14,17,Norwich,Newcastle,2025,5,29,1.178363469047369,-0.055751117879753856
14,17,Leeds,Newcastle,2025,5,29,1.3169159445854448,0.24223839760349883
14,17,Liverpool,Newcastle,2025,5,29,1.0813359201210673,-0.29236003638471525
14,17,Southampton,Newcastle,2025,5,29,1.4623970079757715,0.005349364779314008
14,17,Aston,Newcastle,2025,5,29,0.6014302923087337,0.26221389634816794
14,17,Islington,Newcastle,2025,5,29,1.3127799679685663,0.031479845872160364
14,17,Chelsea,Newcastle,2025,5,29,1.7607297484970823,1.571581124008943
14,17,Tottenham,Newcastle,2025,5,29,0.7503875252284313,0.41848500732647886
14,17,Wolverhampton,City,2025,5,29,0.24750216576187203,1.8434509885579575
14,17,Norwich,City,2025,5,29,0.4192117060676854,1.7362972376330466
14,17,Leeds,City,2025,5,29,0.8307756618446378,0.7432198461884276
14,17,Liverpool,City,2025,5,29,0.7920227474729185,1.6625209139394306
14,17,Southampton,City,2025,5,29,0.9570679223264646,0.8357370503182996
14,17,Aston,City,2025,5,29,0.5494989566032034,0.9659807991443135
14,17,Islington,City,2025,5,29,0.5350674038840258,0.4686147392301612
14,17,Chelsea,City,2025,5,29,0.628760460210254,1.7949210195899967
14,17,Tottenham,City,2025,5,29,0.041388702987870035,1.721893055389321
14,17,Norwich,Wolverhampton,2025,5,29,0.7376186510183683,-0.05542509898487327
14,17,Leeds,Wolverhampton,2025,5,29,1.1273150916940473,0.7379071973534714
14,17,Liverpool,Wolverhampton,2025,5,29,1.62139634321719,0.35990667365787354
14,17,Southampton,Wolverhampton,2025,5,29,1.192540620671493,0.5525369816315038
14,17,Aston,Wolverhampton,2025,5,29,1.064694274949166,0.38227579892216085
14,17,Islington,Wolverhampton,2025,5,29,0.8103990925973803,0.2046828739073679
14,17,Chelsea,Wolverhampton,2025,5,29,1.205730163996114,1.1147392083826917
14,17,Tottenham,Wolverhampton,2025,5,29,-0.1154773547261347,-0.05602861313616768
14,17,Leeds,Norwich,2025,5,29,1.3395953382671189,0.6725904838091011
14,17,Liverpool,Norwich,2025,5,29,0.45381377627156777,-0.3596630530168785
14,17,Southampton,Norwich,2025,5,29,0.9203497341095296,0.9249122572499853
14,17,Aston,Norwich,2025,5,29,-0.1331226212587435,0.13902924358233806
14,17,Islington,Norwich,2025,5,29,0.4023032394002554,-0.15579243290453593
14,17,Chelsea,Norwich,2025,5,29,1.0146278868255894,0.9098818494596846
14,17,Tottenham,Norwich,2025,5,29,0.09951258189562198,0.007216888310631707
14,17,Liverpool,Leeds,2025,5,29,-0.19670534438805365,3.3048315586762387
14,17,Southampton,Leeds,2025,5,29,-0.13289058967746967,0.8470303372014465
14,17,Aston,Leeds,2025,5,29,-0.14298685428984592,0.6460654711782083
14,17,Islington,Leeds,2025,5,29,-0.23869546837784242,-0.10501255782728175
14,17,Chelsea,Leeds,2025,5,29,0.1718753556195101,1.3478034221702895
14,17,Tottenham,Leeds,2025,5,29,-0.2948050724205876,1.4110470000101236
14,17,Southampton,Liverpool,2025,5,29,1.7635751181504786,0.05638905912575572
14,17,Aston,Liverpool,2025,5,29,0.9790139619434797,0.5489411819279932
14,17,Islington,Liverpool,2025,5,29,1.3356792340072645,0.9594286128911127
14,17,Chelsea,Liverpool,2025,5,29,0.9370335487727461,1.6688221039032396
14,17,Tottenham,Liverpool,2025,5,29,0.20551164616423817,2.8312658310286816
14,17,Aston,Southampton,2025,5,29,0.5668094801348152,2.2048075993414344
14,17,Islington,Southampton,2025,5,29,0.3137694739478081,0.8503836717356923
14,17,Chelsea,Southampton,2025,5,29,0.23689767413945975,2.084917743993942
14,17,Tottenham,Southampton,2025,5,29,-0.0660607465035923,2.8813847991802843
14,17,Islington,Aston,2025,5,29,-0.24027401722603992,0.543002666525412
14,17,Chelsea,Aston,2025,5,29,0.44764947743283057,0.848675667474717
14,17,Tottenham,Aston,2025,5,29,-0.22411279229819853,0.25188395126575674
14,17,Chelsea,Islington,2025,5,29,0.9074271346859505,1.8996950332063012
14,17,Tottenham,Islington,2025,5,29,0.29311863097140844,1.5407290227387016
14,17,Tottenham,Chelsea,2025,5,29,-0.020148440698633825,0.5888526121493904
14,20,Brighton,Leicester,2025,5,29,0.8195132054932541,1.4976481744762407
14,20,Palace,Leicester,2025,5,29,0.692411760200811,0.6420381902965517
14,20,Everton,Leicester,2025,5,29,0.6374126860011889,0.3800515515738684
14,20,Watford,Leicester,2025,5,29,2.2119889827927373,0.25738683813631136
14,20,Burnley,Leicester,2025,5,29,1.0968759657877005,0.4758004731312915
14,20,Brentford,Leicester,2025,5,29,0.4278291654230627,0.19861951031741673
14,20,West Ham,Leicester,2025,5,29,2.1545118052258942,0.39941768163216324
14,20,United,Leicester,2025,5,29,1.1399572627845076,0.8874621659180432
14,20,Newcastle,Leicester,2025,5,29,2.253228049336949,0.6326463399909811
14,20,City,Leicester,2025,5,29,0.963859667028035,0.18063224979840584
14,20,Wolverhampton,Leicester,2025,5,29,0.9408505455682042,-0.15578032947733256
14,20,Norwich,Leicester,2025,5,29,1.2230000815908955,0.3189370049673653
14,20,Leeds,Leicester,2025,5,29,1.899009745730153,0.4361410716439352
14,20,Liverpool,Leicester,2025,5,29,1.1035987511703285,-0.2150584208878244
14,20,Southampton,Leicester,2025,5,29,1.2733762948198248,0.43661511787288243
14,20,Aston,Leicester,2025,5,29,0.921854625927207,0.7715863060425204
14,20,Islington,Leicester,2025,5,29,1.142449004584389,0.27203730708941976
14,20,Chelsea,Leicester,2025,5,29,0.7776858598962398,1.0214996860639298
14,20,Tottenham,Leicester,2025,5,29,0.34729860224450443,0.38439318053590193
14,20,Palace,Brighton,2025,5,29,0.07922510021699639,0.7340262244724893
14,20,Everton,Brighton,2025,5,29,0.7682641511198514,1.1620279075109925
14,20,Watford,Brighton,2025,5,29,0.23572106142087465,0.9772113206531824
14,20,Burnley,Brighton,2025,5,29,0.70840560220824,3.088995318737859
14,20,Brentford,Brighton,2025,5,29,0.7102438656313116,0.8062494622199433
14,20,West Ham,Brighton,2025,5,29,1.2359341279970757,1.2207408939149613
14,20,United,Brighton,2025,5,29,0.12090482473705107,1.4126688022637686
14,20,Newcastle,Brighton,2025,5,29,0.27719410593338406,1.5034963922572964
14,20,City,Brighton,2025,5,29,0.8673438062409656,4.523328689606841
14,20,Wolverhampton,Brighton,2025,5,29,0.16612132383271958,4.1546704121768485
14,20,Norwich,Brighton,2025,5,29,0.2371617205151691,2.981600331607606
14,20,Leeds,Brighton,2025,5,29,0.900078474787926,1.203191181600092
14,20,Liverpool,Brighton,2025,5,29,0.5402248621156532,3.3341904017594923
14,20,Southampton,Brighton,2025,5,29,0.48482126923277113,1.0353202029120392
14,20,Aston,Brighton,2025,5,29,0.06455127468040224,2.597013769116535
14,20,Islington,Brighton,2025,5,29,0.37270633245738477,0.8424246678186025
14,20,Chelsea,Brighton,2025,5,29,0.8743623387692321,2.6143284400764415
14,20,Tottenham,Brighton,2025,5,29,0.09931277745559733,3.3655379922804554
14,20,Everton,Palace,2025,5,29,1.009607537375071,1.159436392405281
14,20,Watford,Palace,2025,5,29,2.0089828114800024,1.1140175604360731
14,20,Burnley,Palace,2025,5,29,0.5582732339501202,3.537220278040613
14,20,Brentford,Palace,2025,5,29,1.3238974774116905,0.8238069291367202
14,20,West Ham,Palace,2025,5,29,1.9793331757849661,0.6020506279294243
14,20,United,Palace,2025,5,29,1.187134558388982,1.4020940835342812
14,20,Newcastle,Palace,2025,5,29,2.4800882154115595,0.6406821395092371
14,20,City,Palace,2025,5,29,0.365466761991948,2.9292388594551113
14,20,Wolverhampton,Palace,2025,5,29,1.6643231850724944,3.2471557219070664
14,20,Norwich,Palace,2025,5,29,2.624063316186836,0.9094257192699059
14,20,Leeds,Palace,2025,5,29,1.2390677403703863,1.3757082878719167
14,20,Liverpool,Palace,2025,5,29,1.8489411911782592,1.8531300186838624
14,20,Southampton,Palace,2025,5,29,1.2808269355524853,0.43666865199421384
14,20,Aston,Palace,2025,5,29,1.4274854849520453,1.0914691775521188
14,20,Islington,Palace,2025,5,29,1.0662930771717842,0.08268456919336788
14,20,Chelsea,Palace,2025,5,29,1.0626117951984457,2.566696950424315
14,20,Tottenham,Palace,2025,5,29,0.4646268807081667,2.8744689393880343
14,20,Watford,Everton,2025,5,29,0.27616323105361407,0.24722798133310586
14,20,Burnley,Everton,2025,5,29,0.5604229928736081,0.4859108794743489
14,20,Brentford,Everton,2025,5,29,-0.09139157750828594,0.39639067271416495
14,20,West Ham,Everton,2025,5,29,0.6331779916880894,0.5437394511862019
14,20,United,Everton,2025,5,29,-0.002587612319737959,0.7656457915917217
14,20,Newcastle,Everton,2025,5,29,0.7408584459154003,0.07137941668821249
14,20,City,Everton,2025,5,29,0.4910319903518884,0.4559021920105085
14,20,Wolverhampton,Everton,2025,5,29,0.585805771172608,0.5213984320276992
14,20,Norwich,Everton,2025,5,29,-0.4334268588019486,0.2598007326123668
14,20,Leeds,Everton,2025,5,29,0.4756648216600772,0.12859898408364806
14,20,Liverpool,Everton,2025,5,29,0.17535146328190357,-0.2548939943924929
14,20,Southampton,Everton,2025,5,29,-0.22978420949892062,-0.16873392479316698
14,20,Aston,Everton,2025,5,29,0.20950148947331354,0.4624603340604177
14,20,Islington,Everton,2025,5,29,-0.06591062441957542,0.13107430195719877
14,20,Chelsea,Everton,2025,5,29,0.2558818474010805,1.0630822777466777
14,20,Tottenham,Everton,2025,5,29,-0.385194712438607,0.29712137092745505
14,20,Burnley,Watford,2025,5,29,1.0607710291087078,2.7509404115274387
14,20,Brentford,Watford,2025,5,29,1.3925884291650472,0.541971199116952
14,20,West Ham,Watford,2025,5,29,2.0342902997565506,0.6401243060080917
14,20,United,Watford,2025,5,29,1.4923101192343096,0.8855237212489041
14,20,Newcastle,Watford,2025,5,29,2.4812509945516035,0.6977991712650348
14,20,City,Watford,2025,5,29,1.424048284333869,2.5164895089045856
14,20,Wolverhampton,Watford,2025,5,29,2.019970600626228,2.925695645601496
14,20,Norwich,Watford,2025,5,29,2.4375612258249473,1.1843324490296008
14,20,Leeds,Watford,2025,5,29,2.0386654902155517,0.3705977532197923
14,20,Liverpool,Watford,2025,5,29,1.8863150606028438,1.0811220431850337
14,20,Southampton,Watford,2025,5,29,2.1442138274237768,0.31334576677105136
14,20,Aston,Watford,2025,5,29,1.631196215444655,1.0882703578638628
14,20,Islington,Watford,2025,5,29,2.0425975300906574,0.0966708739775452
14,20,Chelsea,Watford,2025,5,29,1.8256088862850512,2.5561249252291063
14,20,Tottenham,Watford,2025,5,29,1.5577717881407809,2.4004166284784505
14,20,Brentford,Burnley,2025,5,29,1.1765570437905117,0.9820669491626626
14,20,West Ham,Burnley,2025,5,29,1.3632687057946715,1.1616301504563131
14,20,United,Burnley,2025,5,29,0.8920482793479716,1.707799074088459
14,20,Newcastle,Burnley,2025,5,29,2.475266892038716,1.1660354623571956
14,20,City,Burnley,2025,5,29,-0.045640601743414604,3.5701489410742426
14,20,Wolverhampton,Burnley,2025,5,29,0.8580650136488818,3.874810497297707
14,20,Norwich,Burnley,2025,5,29,0.6405864194143279,1.7971108698074536
14,20,Leeds,Burnley,2025,5,29,0.20708938231646082,1.9518443045587819
14,20,Liverpool,Burnley,2025,5,29,1.188753649520696,2.084255404730885
14,20,Southampton,Burnley,2025,5,29,0.20175046753524295,0.5425986246228434
14,20,Aston,Burnley,2025,5,29,0.8205792767819069,1.3187071799609382
14,20,Islington,Burnley,2025,5,29,0.31468089362434953,0.8485839123582646
14,20,Chelsea,Burnley,2025,5,29,0.8027259512920881,3.247021625235724
14,20,Tottenham,Burnley,2025,5,29,-0.21311633448976103,3.3500524175256237
14,20,West Ham,Brentford,2025,5,29,1.6965238597373833,0.5488749747940012
14,20,United,Brentford,2025,5,29,0.7564337572195446,1.0207598035683676
14,20,Newcastle,Brentford,2025,5,29,1.690674368421758,0.47042847825521056
14,20,City,Brentford,2025,5,29,0.9623684698703431,2.196727638942711
14,20,Wolverhampton,Brentford,2025,5,29,0.8033462972407751,2.508216497504523
14,20,Norwich,Brentford,2025,5,29,0.043056020446763314,0.35345491865753537
14,20,Leeds,Brentford,2025,5,29,1.262428737089387,0.5250935340985711
14,20,Liverpool,Brentford,2025,5,29,1.0390666555976358,0.3906498649431797
14,20,Southampton,Brentford,2025,5,29,0.38058883937377014,-0.2714126223188714
14,20,Aston,Brentford,2025,5,29,0.9714205264961299,0.8813716714145738
14,20,Islington,Brentford,2025,5,29,0.3051148753502218,0.2432816989374772
14,20,Chelsea,Brentford,2025,5,29,1.0097347106295518,2.87226470667882
14,20,Tottenham,Brentford,2025,5,29,-0.0468315442129049,2.333135913667829
14,20,United,West Ham,2025,5,29,1.576401552354954,1.4689352830866507
14,20,Newcastle,West Ham,2025,5,29,3.2304409182386484,0.03736316421692573
14,20,City,West Ham,2025,5,29,1.1888855004901817,3.5841961222695176
14,20,Wolverhampton,West Ham,2025,5,29,1.0787729559036878,4.162984933348239
14,20,Norwich,West Ham,2025,5,29,0.905466114598044,1.7011755815529197
14,20,Leeds,West Ham,2025,5,29,1.7685600059720956,1.23088152843719
14,20,Liverpool,West Ham,2025,5,29,1.6244991688059822,2.5982774437456473
14,20,Southampton,West Ham,2025,5,29,1.0554105887177008,0.31926746724741467
14,20,Aston,West Ham,2025,5,29,1.4262402338671498,1.025622709577558
14,20,Islington,West Ham,2025,5,29,0.7159885626751284,0.7850669418783945
14,20,Chelsea,West Ham,2025,5,29,1.601044275086529,2.5156120522904364
14,20,Tottenham,West Ham,2025,5,29,0.3360367516554263,2.7873197226141113
14,20,Newcastle,United,2025,5,29,1.7294674571023327,0.07669703739708802
14,20,City,United,2025,5,29,0.8238449141569962,0.5689119514016214
14,20,Wolverhampton,United,2025,5,29,1.1184031149738287,0.671576089219549
14,20,Norwich,United,2025,5,29,1.438409961545501,0.7894952475128209
14,20,Leeds,United,2025,5,29,1.2413656673989366,0.3760434993138979
14,20,Liverpool,United,2025,5,29,1.3422205643179939,0.5551155501521728
14,20,Southampton,United,2025,5,29,1.373355576815933,0.4623435625701397
14,20,Aston,United,2025,5,29,1.0502925908627079,0.3495091823994261
14,20,Islington,United,2025,5,29,1.4686922279484524,0.5480643657622102
14,20,Chelsea,United,2025,5,29,1.3479164833922146,1.0849826144764023
14,20,Tottenham,United,2025,5,29,0.6856758814671373,0.06277380858471758
14,20,City,Newcastle,2025,5,29,0.8578567024044021,0.29036604394112714
14,20,Wolverhampton,Newcastle,2025,5,29,-0.016066464500654017,0.610717114944435
14,20,Norwich,Newcastle,2025,5,29,1.1997216615734811,-0.015287744080597408
14,20,Leeds,Newcastle,2025,5,29,1.290746521308477,0.33161237780528413
14,20,Liverpool,Newcastle,2025,5,29,1.1333941448079934,-0.2912679186803869
14,20,Southampton,Newcastle,2025,5,29,1.4631172843888371,0.1493338968161741
14,20,Aston,Newcastle,2025,5,29,0.6136199129665277,0.40132765273662035
14,20,Islington,Newcastle,2025,5,29,1.3778319290345997,0.03047768374680664
14,20,Chelsea,Newcastle,2025,5,29,1.8212676931810825,1.6959493678464765
14,20,Tottenham,Newcastle,2025,5,29,0.7512935236217317,0.45142668448103235
14,20,Wolverhampton,City,2025,5,29,0.2898694423080235,1.8524517963700668
14,20,Norwich,City,2025,5,29,0.4744367738450212,1.773068581415825
14,20,Leeds,City,2025,5,29,0.892732090209769,0.7327708479948607
14,20,Liverpool,City,2025,5,29,0.8452423070032736,1.6586523931732087
14,20,Southampton,City,2025,5,29,1.0345577841919054,0.8798986039598071
14,20,Aston,City,2025,5,29,0.6423872316062951,1.0022442426295846
14,20,Islington,City,2025,5,29,0.6833988560935582,0.4661767695776301
14,20,Chelsea,City,2025,5,29,0.6626446037264024,1.8754433994938213
14,20,Tottenham,City,2025,5,29,0.1102105642541375,1.6905219693633013
14,20,Norwich,Wolverhampton,2025,5,29,0.8521035976000041,-0.06611279498551412
14,20,Leeds,Wolverhampton,2025,5,29,1.1635723903117896,0.8405465468205158
14,20,Liverpool,Wolverhampton,2025,5,29,1.7205278934308361,0.35288894591084125
14,20,Southampton,Wolverhampton,2025,5,29,1.2381333992951136,0.6539718114179016
14,20,Aston,Wolverhampton,2025,5,29,1.16919241097297,0.4800587627506063
14,20,Islington,Wolverhampton,2025,5,29,0.8988449113244406,0.19714855267856987
14,20,Chelsea,Wolverhampton,2025,5,29,1.306021551579015,1.1351889852437282
14,20,Tottenham,Wolverhampton,2025,5,29,-0.06740732331409288,-0.07812203120983531
14,20,Leeds,Norwich,2025,5,29,1.376925090855503,0.7603563542801361
14,20,Liverpool,Norwich,2025,5,29,0.463608704262406,-0.37160094444763464
14,20,Southampton,Norwich,2025,5,29,0.9461629791421218,1.0691631475966876
14,20,Aston,Norwich,2025,5,29,-0.11989525420666122,0.2589145717763809
14,20,Islington,Norwich,2025,5,29,0.46567357428456907,-0.17320755628760776
14,20,Chelsea,Norwich,2025,5,29,1.0350476569296783,0.9722294521322083
14,20,Tottenham,Norwich,2025,5,29,0.13241926233065146,-0.016805557546434546
14,20,Liverpool,Leeds,2025,5,29,-0.17434663116351032,3.3172584336094006
14,20,Southampton,Leeds,2025,5,29,-0.1260592624497117,0.947100053076581
14,20,Aston,Leeds,2025,5,29,-0.14876341711092375,0.7701038276549761
14,20,Islington,Leeds,2025,5,29,-0.1666088997192417,-0.09632664672724661
14,20,Chelsea,Leeds,2025,5,29,0.20579641306313579,1.360230297103451
14,20,Tottenham,Leeds,2025,5,29,-0.23829323492050242,1.407306036176997
14,20,Southampton,Liverpool,2025,5,29,1.7808853735185848,0.04105755056631524
14,20,Aston,Liverpool,2025,5,29,1.00138625480352,0.5790853691767757
14,20,Islington,Liverpool,2025,5,29,1.3896049435435402,0.977955365418706
14,20,Chelsea,Liverpool,2025,5,29,0.9551990931918831,1.749812278186327
14,20,Tottenham,Liverpool,2025,5,29,0.21563425249220813,2.8960881665454807
14,20,Aston,Southampton,2025,5,29,0.571195989355986,2.2168259568521296
14,20,Islington,Southampton,2025,5,29,0.3954297065833523,0.8590021032244979
14,20,Chelsea,Southampton,2025,5,29,0.24448802503956807,2.0972771393158745
14,20,Tottenham,Southampton,2025,5,29,-0.06305897722094174,2.877576355735928
14,20,Islington,Aston,2025,5,29,-0.15366648469733174,0.5384072074725952
14,20,Chelsea,Aston,2025,5,29,0.4929412568223594,0.9599944279753351
14,20,Tottenham,Aston,2025,5,29,-0.15623023285220974,0.2553456893864908
14,20,Chelsea,Islington,2025,5,29,0.9053932235738839,1.9367718639444502
14,20,Tottenham,Islington,2025,5,29,0.2961610400704421,1.531656124616748
14,20,Tottenham,Chelsea,2025,5,29,0.018081423183510668,0.5722137053466793
14,23,Brighton,Leicester,2025,5,29,0.9369036052628303,1.5061262116685292
14,23,Palace,Leicester,2025,5,29,0.6856903086483611,0.6410498343415238
14,23,Everton,Leicester,2025,5,29,0.7468439633110727,0.3988547244976129
14,23,Watford,Leicester,2025,5,29,2.2119889827927373,0.273187258879033
14,23,Burnley,Leicester,2025,5,29,1.209292631111792,0.47881493654878854
14,23,Brentford,Leicester,2025,5,29,0.45701158250857465,0.21804226059517282
14,23,West Ham,Leicester,2025,5,29,2.1545118052258942,0.39880099930878943
14,23,United,Leicester,2025,5,29,1.13954073373926,0.8801552391750608
14,23,Newcastle,Leicester,2025,5,29,2.1854952188886276,0.6163397528360836
14,23,City,Leicester,2025,5,29,1.073290944337919,0.18601635272411854
14,23,Wolverhampton,Leicester,2025,5,29,0.9341290940157544,-0.13326842140041043
14,23,Norwich,Leicester,2025,5,29,1.1461343220321352,0.3136786147696441
14,23,Leeds,Leicester,2025,5,29,1.892288294177703,0.442104546209665
14,23,Liverpool,Leicester,2025,5,29,1.1545024116576135,-0.23148259594701082
14,23,Southampton,Leicester,2025,5,29,1.3808227589087116,0.42974753077562217
14,23,Aston,Leicester,2025,5,29,1.0019407035000052,0.7665493721603066
14,23,Islington,Leicester,2025,5,29,1.142449004584389,0.25970867117910434
14,23,Chelsea,Leicester,2025,5,29,0.8440172367094211,1.0441698993388981
14,23,Tottenham,Leicester,2025,5,29,0.43507992059157635,0.4126550227060825
14,23,Palace,Brighton,2025,5,29,0.09245077930716913,0.6914720741238598
14,23,Everton,Brighton,2025,5,29,0.8171188426967712,0.7010733306873469
14,23,Watford,Brighton,2025,5,29,0.2739760629529526,0.9256795165912306
14,23,Burnley,Brighton,2025,5,29,0.6795942533988484,2.0652608716674257
14,23,Brentford,Brighton,2025,5,29,0.7255331049956583,0.7351696595126292
14,23,West Ham,Brighton,2025,5,29,1.266202223456417,1.1497458755194871
14,23,United,Brighton,2025,5,29,0.14172753373336625,1.3323915069186543
14,23,Newcastle,Brighton,2025,5,29,0.28201808714066706,1.4794012260642473
14,23,City,Brighton,2025,5,29,0.8918584877255373,3.5036685100400633
14,23,Wolverhampton,Brighton,2025,5,29,0.23521277581392053,3.63421830098932
14,23,Norwich,Brighton,2025,5,29,0.17614501794635246,2.910830225961676
14,23,Leeds,Brighton,2025,5,29,0.88032565675626,1.1560512428088539
14,23,Liverpool,Brighton,2025,5,29,0.525687443208704,2.865498378319817
14,23,Southampton,Brighton,2025,5,29,0.45427938062218876,1.010874774096742
14,23,Aston,Brighton,2025,5,29,0.13031302442369438,2.523184250397886
14,23,Islington,Brighton,2025,5,29,0.3552542195845027,0.7902601603129054
14,23,Chelsea,Brighton,2025,5,29,0.8430605715517401,1.7776346397241847
14,23,Tottenham,Brighton,2025,5,29,0.07243789325406179,2.4528055088987677
14,23,Everton,Palace,2025,5,29,1.1669673862391992,0.72204181912323
14,23,Watford,Palace,2025,5,29,1.9770437021135945,1.1155079045279872
14,23,Burnley,Palace,2025,5,29,0.7400712648682854,2.5738328431173603
14,23,Brentford,Palace,2025,5,29,1.2929722850765264,0.8290876605536941
14,23,West Ham,Palace,2025,5,29,1.802159609975214,0.5940676427385038
14,23,United,Palace,2025,5,29,1.2047851371671632,1.37773219192606
14,23,Newcastle,Palace,2025,5,29,2.2214644890267174,0.6194095863349984
14,23,City,Palace,2025,5,29,0.5434734807439796,1.973851963992238
14,23,Wolverhampton,Palace,2025,5,29,1.6062617308165286,2.80403569307476
14,23,Norwich,Palace,2025,5,29,2.355300672830924,0.9077124819614603
14,23,Leeds,Palace,2025,5,29,1.186521355494072,1.3816717624376464
14,23,Liverpool,Palace,2025,5,29,1.8899558908807534,1.378017680498708
14,23,Southampton,Palace,2025,5,29,1.3489775913623687,0.42128994598833613
14,23,Aston,Palace,2025,5,29,1.5921370109075113,1.0814662776505635
14,23,Islington,Palace,2025,5,29,1.0552676108794201,0.05553324747599335
14,23,Chelsea,Palace,2025,5,29,1.1597039196764296,1.8145746524615352
14,23,Tottenham,Palace,2025,5,29,0.6452299552325484,2.0430235284169482
14,23,Watford,Everton,2025,5,29,0.30852359762364523,0.22841362805337545
14,23,Burnley,Everton,2025,5,29,0.5180202913935283,0.41796007640799654
14,23,Brentford,Everton,2025,5,29,-0.08519525867909267,0.3824587863036515
14,23,West Ham,Everton,2025,5,29,0.670881191711087,0.4727703949461856
14,23,United,Everton,2025,5,29,-0.005190494639893723,0.6927388837831064
14,23,Newcastle,Everton,2025,5,29,0.7301605330996982,0.047552443003102365
14,23,City,Everton,2025,5,29,0.5363078941961652,0.39664734713967215
14,23,Wolverhampton,Everton,2025,5,29,0.6333701490116931,0.4767196429003811
14,23,Norwich,Everton,2025,5,29,-0.47978649510477733,0.1862180482956744
14,23,Leeds,Everton,2025,5,29,0.47852078401504605,0.10540441383213288
14,23,Liverpool,Everton,2025,5,29,0.15549129243889706,-0.284133699171658
14,23,Southampton,Everton,2025,5,29,-0.23794584284103648,-0.1755411662708737
14,23,Aston,Everton,2025,5,29,0.25442291877811124,0.39748354702926386
14,23,Islington,Everton,2025,5,29,-0.09356480464630867,0.1001998661817614
14,23,Chelsea,Everton,2025,5,29,0.19613138440650058,1.0242486675098224
14,23,Tottenham,Everton,2025,5,29,-0.3869456246738664,0.262734573544742
14,23,Burnley,Watford,2025,5,29,1.226502362316371,1.892276167152464
14,23,Brentford,Watford,2025,5,29,1.3587994114457946,0.549575182554791
14,23,West Ham,Watford,2025,5,29,1.8495652187446379,0.6268758773595102
14,23,United,Watford,2025,5,29,1.5234311958604025,0.870189241753525
14,23,Newcastle,Watford,2025,5,29,2.2065605704562583,0.6803820648013971
14,23,City,Watford,2025,5,29,1.6038303149358781,1.668493300244276
14,23,Wolverhampton,Watford,2025,5,29,1.9619091463702634,2.6275213439284975
14,23,Norwich,Watford,2025,5,29,2.178085682722847,1.17770643412228
14,23,Leeds,Watford,2025,5,29,1.9995896031871483,0.38311430847417643
14,23,Liverpool,Watford,2025,5,29,1.932074310259842,0.7615099836138098
14,23,Southampton,Watford,2025,5,29,2.1999560162042804,0.30229772717703945
14,23,Aston,Watford,2025,5,29,1.7972403128429426,1.078368295706384
14,23,Islington,Watford,2025,5,29,2.0190104643999605,0.09271342480034078
14,23,Chelsea,Watford,2025,5,29,1.9226833186665742,1.918830365601274
14,23,Tottenham,Watford,2025,5,29,1.7342703599093605,1.7969752881097911
14,23,Brentford,Burnley,2025,5,29,0.9508792375042548,0.933544129484126
14,23,West Ham,Burnley,2025,5,29,1.0982122627916515,1.0863472844313995
14,23,United,Burnley,2025,5,29,0.7421414084040396,1.6216658959178136
14,23,Newcastle,Burnley,2025,5,29,2.042042711042835,1.1362421099503512
14,23,City,Burnley,2025,5,29,-0.06851757257452575,2.513115863918532
14,23,Wolverhampton,Burnley,2025,5,29,0.7282523162350263,3.331672804867021
14,23,Norwich,Burnley,2025,5,29,0.35195579303676466,1.732703814592192
14,23,Leeds,Burnley,2025,5,29,-0.003875522414222457,1.911965682108086
14,23,Liverpool,Burnley,2025,5,29,1.1458850091205623,1.5809792081289809
14,23,Southampton,Burnley,2025,5,29,0.2132339667654384,0.5231920978712978
14,23,Aston,Burnley,2025,5,29,0.7895604652687845,1.2436665470448864
14,23,Islington,Burnley,2025,5,29,0.28315251415448023,0.8111562544404913
14,23,Chelsea,Burnley,2025,5,29,0.7543998461332644,2.4146721863873153
14,23,Tottenham,Burnley,2025,5,29,-0.1934560375895655,2.438587562215748
14,23,West Ham,Brentford,2025,5,29,1.6009462210765237,0.47564254008511336
14,23,United,Brentford,2025,5,29,0.652210642312315,0.9411524621987728
14,23,Newcastle,Brentford,2025,5,29,1.4991944108844149,0.4498451496137625
14,23,City,Brentford,2025,5,29,0.9377314009543433,1.2730031015968566
14,23,Wolverhampton,Brentford,2025,5,29,0.8164014045733227,1.9718009417010451
14,23,Norwich,Brentford,2025,5,29,-0.04095048171657883,0.2866501772288694
14,23,Leeds,Brentford,2025,5,29,1.1465527013553654,0.48910294508501184
14,23,Liverpool,Brentford,2025,5,29,0.9643033205963867,-0.10706416513760096
14,23,Southampton,Brentford,2025,5,29,0.3037044700214143,-0.2827345237622543
14,23,Aston,Brentford,2025,5,29,0.9323724395154044,0.8161233217516445
14,23,Islington,Brentford,2025,5,29,0.2705906545940337,0.19824289573079665
14,23,Chelsea,Brentford,2025,5,29,0.8926075019075952,2.1672081515646235
14,23,Tottenham,Brentford,2025,5,29,-0.08939027724183612,1.5000970645767815
14,23,United,West Ham,2025,5,29,1.4085042292717105,1.4410381033705446
14,23,Newcastle,West Ham,2025,5,29,2.8594674018605626,0.01689219138905348
14,23,City,West Ham,2025,5,29,1.144547473378237,2.6309236809841074
14,23,Wolverhampton,West Ham,2025,5,29,1.0320854556957404,3.8847771511839864
14,23,Norwich,West Ham,2025,5,29,0.6860436945050785,1.6777144346116597
14,23,Leeds,West Ham,2025,5,29,1.5901056606141477,1.2368450030029199
14,23,Liverpool,West Ham,2025,5,29,1.551651317098066,2.292414220682805
14,23,Southampton,West Ham,2025,5,29,0.9969374806683894,0.29853101153259953
14,23,Aston,West Ham,2025,5,29,1.3147411995341978,1.0120845215681182
14,23,Islington,West Ham,2025,5,29,0.6912822246194632,0.7427269932592456
14,23,Chelsea,West Ham,2025,5,29,1.473296140616011,1.7592096028544368
14,23,Tottenham,West Ham,2025,5,29,0.3188958448659801,2.1207865583110825
14,23,Newcastle,United,2025,5,29,1.4057926820867708,0.06262272930037022
14,23,City,United,2025,5,29,0.9021324844163702,0.5426795219181644
14,23,Wolverhampton,United,2025,5,29,1.0603416607178626,0.6624714648873014
14,23,Norwich,United,2025,5,29,1.1578357732661217,0.7366399824391795
14,23,Leeds,United,2025,5,29,1.1512180153871454,0.34859199157180426
14,23,Liverpool,United,2025,5,29,1.3765891207975458,0.5404898249916398
14,23,Southampton,United,2025,5,29,1.4280450177514403,0.4554759754728793
14,23,Aston,United,2025,5,29,1.1074040631627344,0.31328954526756897
14,23,Islington,United,2025,5,29,1.4451051622577558,0.5197553873851448
14,23,Chelsea,United,2025,5,29,1.3453412441075072,1.0742378454435473
14,23,Tottenham,United,2025,5,29,0.7629996243938117,0.05762066844707492
14,23,City,Newcastle,2025,5,29,0.8683839575316248,0.2682910541776222
14,23,Wolverhampton,Newcastle,2025,5,29,-0.010872271236130458,0.5902341243197271
14,23,Norwich,Newcastle,2025,5,29,1.0315416149255354,-0.015343592543564115
14,23,Leeds,Newcastle,2025,5,29,1.1907261269447191,0.3227937865342265
14,23,Liverpool,Newcastle,2025,5,29,1.1074519554624616,-0.3197130379613694
14,23,Southampton,Newcastle,2025,5,29,1.4632915738751433,0.1383059521218507
14,23,Aston,Newcastle,2025,5,29,0.6217164274548362,0.3927585593099254
14,23,Islington,Newcastle,2025,5,29,1.3498527176755901,-0.0026997151335330155
14,23,Chelsea,Newcastle,2025,5,29,1.781394034717831,1.682657997984171
14,23,Tottenham,Newcastle,2025,5,29,0.7710655324947058,0.4466438983506324
14,23,Wolverhampton,City,2025,5,29,0.3589608942892244,1.3804774125477386
14,23,Norwich,City,2025,5,29,0.4325434952648809,1.751591016491266
14,23,Leeds,City,2025,5,29,0.9280702138765845,0.7403481670638463
14,23,Liverpool,City,2025,5,29,0.8558374304234087,1.1654100243771104
14,23,Southampton,City,2025,5,29,1.0498273903008075,0.8619371505861606
14,23,Aston,City,2025,5,29,0.7188915132962536,0.9883457215291641
14,23,Islington,City,2025,5,29,0.6716252636710985,0.4384069165783566
14,23,Chelsea,City,2025,5,29,0.6420853684555771,1.1235125822591183
14,23,Tottenham,City,2025,5,29,0.11851543026192371,0.8544191668926345
14,23,Norwich,Wolverhampton,2025,5,29,0.785090773495948,-0.0662599549967517
14,23,Leeds,Wolverhampton,2025,5,29,1.0649801299418058,0.8465100213862454
14,23,Liverpool,Wolverhampton,2025,5,29,1.6633223087437852,0.2983093998167511
14,23,Southampton,Wolverhampton,2025,5,29,1.1972486404489053,0.6471042243206414
14,23,Aston,Wolverhampton,2025,5,29,1.124734259246195,0.47833460915622267
14,23,Islington,Wolverhampton,2025,5,29,0.8763666678480512,0.17766044249844667
14,23,Chelsea,Wolverhampton,2025,5,29,1.1967200602632158,1.1578591985186966
14,23,Tottenham,Wolverhampton,2025,5,29,-0.09632038656425589,-0.04986018903965491
14,23,Leeds,Norwich,2025,5,29,1.2324660077478988,0.7648924221787115
14,23,Liverpool,Norwich,2025,5,29,0.39431444560418283,-0.3835380474904295
14,23,Southampton,Norwich,2025,5,29,0.850801340223222,1.060868153832273
14,23,Aston,Norwich,2025,5,29,-0.17558252275358738,0.25014290517547805
14,23,Islington,Norwich,2025,5,29,0.4372516473507929,-0.18539938767014086
14,23,Chelsea,Norwich,2025,5,29,0.9698327397976367,0.9917001199443991
14,23,Tottenham,Norwich,2025,5,29,0.07043073793753807,0.004035189687861345
14,23,Liverpool,Leeds,2025,5,29,-0.22316638146846432,3.0191756161893397
14,23,Southampton,Leeds,2025,5,29,-0.1909260546250585,0.929288803265075
14,23,Aston,Leeds,2025,5,29,-0.12207865045294156,0.7575181803856517
14,23,Islington,Leeds,2025,5,29,-0.20408096264649792,-0.11923910091910334
14,23,Chelsea,Leeds,2025,5,29,0.16159759734874662,0.5866876095368777
14,23,Tottenham,Leeds,2025,5,29,-0.2661493598885381,0.7204972983112484
14,23,Southampton,Liverpool,2025,5,29,1.9037984433607138,0.015466196694532315
14,23,Aston,Liverpool,2025,5,29,1.0814723323763171,0.5606922830103677
14,23,Islington,Liverpool,2025,5,29,1.405071549296782,0.9251756878911387
14,23,Chelsea,Liverpool,2025,5,29,1.0215304700050643,1.475675535798433
14,23,Tottenham,Liverpool,2025,5,29,0.30341557083928006,2.9022525533044843
14,23,Aston,Southampton,2025,5,29,0.550104468409862,2.141785323936076
14,23,Islington,Southampton,2025,5,29,0.37196100370931623,0.8033618237817945
14,23,Chelsea,Southampton,2025,5,29,0.19708957302494745,1.3844734932497618
14,23,Tottenham,Southampton,2025,5,29,-0.08501383656261201,2.0389300296307673
14,23,Islington,Aston,2025,5,29,-0.17698516288881666,0.520004908871456
14,23,Chelsea,Aston,2025,5,29,0.4452726166346384,0.9736866288592035
14,23,Tottenham,Aston,2025,5,29,-0.2015594040871458,0.26863583089684145
14,23,Chelsea,Islington,2025,5,29,1.0239789566285418,1.2307014234817928
14,23,Tottenham,Islington,2025,5,29,0.4856342440434999,0.8315581288955199
14,23,Tottenham,Chelsea,2025,5,29,-0.002580666068483453,0.5934515504837995
14,26,Brighton,Leicester,2025,5,29,0.9969730558205894,1.4859300595542895
14,26,Palace,Leicester,2025,5,29,0.8048986117517257,0.7346123409918761
14,26,Everton,Leicester,2025,5,29,0.8776864437645063,0.384847966864941
14,26,Watford,Leicester,2025,5,29,2.230837563141409,0.26867149618440195
14,26,Burnley,Leicester,2025,5,29,1.2882106620182219,0.4570042297610497
14,26,Brentford,Leicester,2025,5,29,0.48749434020731536,0.22682727256716168
14,26,West Ham,Leicester,2025,5,29,2.1505846305808753,0.44109002712348655
14,26,United,Leicester,2025,5,29,1.1583058727861992,0.9438945837230773
14,26,Newcastle,Leicester,2025,5,29,2.204343799237299,0.6946642396976025
14,26,City,Leicester,2025,5,29,1.2041334247913524,0.2592715140614161
14,26,Wolverhampton,Leicester,2025,5,29,0.9412600557126244,-0.11885785820798452
14,26,Norwich,Leicester,2025,5,29,1.1461343220321352,0.37580152808933054
14,26,Leeds,Leicester,2025,5,29,1.869512539184012,0.4846585838712092
14,26,Liverpool,Leicester,2025,5,29,1.1317266566639224,-0.1815775539917953
14,26,Southampton,Leicester,2025,5,29,1.3580470039150205,0.4438827562223886
14,26,Aston,Leicester,2025,5,29,1.050696000539238,0.8121911096989648
14,26,Islington,Leicester,2025,5,29,1.2320706148287353,0.34065566809708914
14,26,Chelsea,Leicester,2025,5,29,0.944953000472294,1.0424038098918311
14,26,Tottenham,Leicester,2025,5,29,0.5357596671778122,0.4230939841819246
14,26,Palace,Brighton,2025,5,29,0.07289478176160877,0.7490506546177025
14,26,Everton,Brighton,2025,5,29,0.7994569350277034,0.7408030898031283
14,26,Watford,Brighton,2025,5,29,0.2763541361678163,0.9316554474896628
14,26,Burnley,Brighton,2025,5,29,0.6606878770432041,2.0601913117736896
14,26,Brentford,Brighton,2025,5,29,0.7214683571730018,0.7465978689512112
14,26,West Ham,Brighton,2025,5,29,1.2116395553759582,1.17704715704323
14,26,United,Brighton,2025,5,29,0.1247438900636895,1.3426484191781163
14,26,Newcastle,Brighton,2025,5,29,0.20382486005798192,1.5363100819621058
14,26,City,Brighton,2025,5,29,0.8594735859317297,3.5427025706184563
14,26,Wolverhampton,Brighton,2025,5,29,0.24951109663930232,3.6312265838226603
14,26,Norwich,Brighton,2025,5,29,0.14893611660703174,2.89472234677581
14,26,Leeds,Brighton,2025,5,29,0.8159979027393942,1.14803306950683
14,26,Liverpool,Brighton,2025,5,29,0.4827285442612732,2.902183436868901
14,26,Southampton,Brighton,2025,5,29,0.4548272304724451,1.0273673557963117
14,26,Aston,Brighton,2025,5,29,0.10026461457983733,2.522254933519725
14,26,Islington,Brighton,2025,5,29,0.3658270059998048,0.8282512861572796
14,26,Chelsea,Brighton,2025,5,29,0.8430605715517401,1.8130869429912833
14,26,Tottenham,Brighton,2025,5,29,0.08264777821461647,2.435291662546311
14,26,Everton,Palace,2025,5,29,1.2042610818032669,0.7567985845484608
14,26,Watford,Palace,2025,5,29,2.006829181070638,1.1247576814344677
14,26,Burnley,Palace,2025,5,29,0.8189892957747157,2.5651595814357604
14,26,Brentford,Palace,2025,5,29,1.3129996800298922,0.8574507344045503
14,26,West Ham,Palace,2025,5,29,1.779582359384381,0.6438853353964507
14,26,United,Palace,2025,5,29,1.2130949134687272,1.3956035939733595
14,26,Newcastle,Palace,2025,5,29,2.2198144427785023,0.640619954812797
14,26,City,Palace,2025,5,29,0.5625291992560976,1.975474582790323
14,26,Wolverhampton,Palace,2025,5,29,1.6037490921069495,2.8099443117384624
14,26,Norwich,Palace,2025,5,29,2.336650596885111,0.9439228817516081
14,26,Leeds,Palace,2025,5,29,1.1418587195424623,1.3793726907062698
14,26,Liverpool,Palace,2025,5,29,1.8671801358870626,1.3757186087673314
14,26,Southampton,Palace,2025,5,29,1.3428651792470618,0.4586342256979612
14,26,Aston,Palace,2025,5,29,1.6222422320009307,1.0868796894597414
14,26,Islington,Palace,2025,5,29,1.0704720480432102,0.09262680251936772
14,26,Chelsea,Palace,2025,5,29,1.1670908985499366,1.8292083982431597
14,26,Tottenham,Palace,2025,5,29,0.6523609169294184,2.06311605642622
14,26,Watford,Everton,2025,5,29,0.33702295375049246,0.22389786535874434
14,26,Burnley,Everton,2025,5,29,0.48061332018494396,0.3862453081027413
14,26,Brentford,Everton,2025,5,29,-0.08066196283840124,0.39504537364158226
14,26,West Ham,Everton,2025,5,29,0.6672197743513398,0.4729779012204791
14,26,United,Everton,2025,5,29,-0.026034060072175444,0.7135812510870291
14,26,Newcastle,Everton,2025,5,29,0.6796298399840414,0.05863264436750049
14,26,City,Everton,2025,5,29,0.5208031505567232,0.4268309228030712
14,26,Wolverhampton,Everton,2025,5,29,0.6178672507485387,0.4795313771104337
14,26,Norwich,Everton,2025,5,29,-0.5069953964440981,0.18863699656633628
14,26,Leeds,Everton,2025,5,29,0.44636344383933996,0.10610162761819943
14,26,Liverpool,Everton,2025,5,29,0.13381627284602673,-0.25949156233421217
14,26,Southampton,Everton,2025,5,29,-0.23292772504969156,-0.2158569449570807
14,26,Aston,Everton,2025,5,29,0.23574119583482755,0.41734512085225517
14,26,Islington,Everton,2025,5,29,-0.05994890756692601,0.11384505977030769
14,26,Chelsea,Everton,2025,5,29,0.19975335609199352,1.0130682655956509
14,26,Tottenham,Everton,2025,5,29,-0.37003559577991607,0.25935266687790604
14,26,Burnley,Watford,2025,5,29,1.256665096183569,1.885228070364943
14,26,Brentford,Watford,2025,5,29,1.3599782260504887,0.5473487387740068
14,26,West Ham,Watford,2025,5,29,1.808139387805133,0.6535854277120103
14,26,United,Watford,2025,5,29,1.5018342554714055,0.8640995495202123
14,26,Newcastle,Watford,2025,5,29,2.1961052077108834,0.6924248386023052
14,26,City,Watford,2025,5,29,1.6996495377462155,1.6778069227574255
14,26,Wolverhampton,Watford,2025,5,29,1.9401178373820764,2.619806541757416
14,26,Norwich,Watford,2025,5,29,2.1594356067770337,1.1555615240312833
14,26,Leeds,Watford,2025,5,29,1.9555117497959797,0.37197875177809353
14,26,Liverpool,Watford,2025,5,29,1.909298555266151,0.7651371271073567
14,26,Southampton,Watford,2025,5,29,2.1938436040889733,0.30990180358623065
14,26,Aston,Watford,2025,5,29,1.7785902368971291,1.058566722112631
14,26,Islington,Watford,2025,5,29,2.108915106104444,0.07743279241867027
14,26,Chelsea,Watford,2025,5,29,2.0236190824294455,1.9526289706225695
14,26,Tottenham,Watford,2025,5,29,1.8081215620529385,1.7710827183443538
14,26,Brentford,Burnley,2025,5,29,0.9468144896815983,0.9382597520964475
14,26,West Ham,Burnley,2025,5,29,1.043649594711193,1.1375063893836495
14,26,United,Burnley,2025,5,29,0.7251577647343629,1.672800352612006
14,26,Newcastle,Burnley,2025,5,29,1.9490084416735687,1.1742753703055409
14,26,City,Burnley,2025,5,29,-0.02039308452762733,2.5255142918480376
14,26,Wolverhampton,Burnley,2025,5,29,0.6854137716685862,3.3252158224806876
14,26,Norwich,Burnley,2025,5,29,0.3370044879271476,1.8030592096003257
14,26,Leeds,Burnley,2025,5,29,-0.08116079906181423,1.947463982996852
14,26,Liverpool,Burnley,2025,5,29,1.1282231014514945,1.570708653238066
14,26,Southampton,Burnley,2025,5,29,0.22603941284539822,0.5678463026178608
14,26,Aston,Burnley,2025,5,29,0.7643821083986696,1.2688945238823752
14,26,Islington,Burnley,2025,5,29,0.41591731079732513,0.8563401531625723
14,26,Chelsea,Burnley,2025,5,29,0.8479486310226304,2.3999219282261173
14,26,Tottenham,Burnley,2025,5,29,-0.08969736773964482,2.4652898471923197
14,26,West Ham,Brentford,2025,5,29,1.565232133344737,0.49142438558965246
14,26,United,Brentford,2025,5,29,0.6395397602386397,0.956647750724623
14,26,Newcastle,Brentford,2025,5,29,1.4156241293748522,0.45828872208736016
14,26,City,Brentford,2025,5,29,0.8996159969050251,1.2779796102344136
14,26,Wolverhampton,Brentford,2025,5,29,0.7967127556250763,1.981358753618798
14,26,Norwich,Brentford,2025,5,29,-0.06815938305589936,0.2664347104671649
14,26,Leeds,Brentford,2025,5,29,1.0982961475249227,0.4749370696299815
14,26,Liverpool,Brentford,2025,5,29,0.9385734508372079,-0.09964998548927465
14,26,Southampton,Brentford,2025,5,29,0.3074072524658425,-0.3099595859201299
14,26,Aston,Brentford,2025,5,29,0.9254853716162204,0.8206262055286391
14,26,Islington,Brentford,2025,5,29,0.31608322154442986,0.1981259160828799
14,26,Chelsea,Brentford,2025,5,29,0.8926075019075952,2.1277189697639085
14,26,Tottenham,Brentford,2025,5,29,-0.07486763068528006,1.5076403824756912
14,26,United,West Ham,2025,5,29,1.412816990867712,1.4505799602429899
14,26,Newcastle,West Ham,2025,5,29,2.8153047515583007,0.033563634343248584
14,26,City,West Ham,2025,5,29,1.2165523989940985,2.655437011702103
14,26,Wolverhampton,West Ham,2025,5,29,1.0158418433698895,3.90817232300695
14,26,Norwich,West Ham,2025,5,29,0.6854056489392606,1.6930968288306762
14,26,Leeds,West Ham,2025,5,29,1.5427615502669594,1.2286276433750623
14,26,Liverpool,West Ham,2025,5,29,1.5383021710249996,2.31560107786468
14,26,Southampton,West Ham,2025,5,29,1.0136008235467733,0.3104908559228586
14,26,Aston,West Ham,2025,5,29,1.3297078282784325,1.0099055411337545
14,26,Islington,West Ham,2025,5,29,0.83036786930093,0.7875377592785203
14,26,Chelsea,West Ham,2025,5,29,1.5668449255053767,1.752002077816071
14,26,Tottenham,West Ham,2025,5,29,0.4243140589859682,2.142398487566138
14,26,Newcastle,United,2025,5,29,1.4105306225065046,0.062038884177601464
14,26,City,United,2025,5,29,0.9709150113294848,0.538383852819768
14,26,Wolverhampton,United,2025,5,29,1.0475160134469257,0.660421667546137
14,26,Norwich,United,2025,5,29,1.1391856973203083,0.6940362467959537
14,26,Leeds,United,2025,5,29,1.1357191210971762,0.3440220445026626
14,26,Liverpool,United,2025,5,29,1.3895053883897965,0.535919877922498
14,26,Southampton,United,2025,5,29,1.4447083606298246,0.41923339724356723
14,26,Aston,United,2025,5,29,1.101074286641291,0.31278466918026604
14,26,Islington,United,2025,5,29,1.5928966409566672,0.5041884970671036
14,26,Chelsea,United,2025,5,29,1.4388900289968733,1.0384674199568413
14,26,Tottenham,United,2025,5,29,0.8500201283588762,0.050437186414296994
14,26,City,Newcastle,2025,5,29,0.9363718984175726,0.26738307853379695
14,26,Wolverhampton,Newcastle,2025,5,29,-0.010094958507046753,0.5791844854681159
14,26,Norwich,Newcastle,2025,5,29,0.9998521439310627,-0.04842809789127134
14,26,Leeds,Newcastle,2025,5,29,1.1263571178893785,0.30853132888110407
14,26,Liverpool,Newcastle,2025,5,29,1.1027063153856445,-0.3060663125813663
14,26,Southampton,Newcastle,2025,5,29,1.466915521704868,0.10964888543720873
14,26,Aston,Newcastle,2025,5,29,0.6452933676239537,0.41240407442261595
14,26,Islington,Newcastle,2025,5,29,1.494297962314688,-0.01285982698046906
14,26,Chelsea,Newcastle,2025,5,29,1.874942819607197,1.6567624791191813
14,26,Tottenham,Newcastle,2025,5,29,0.8879927531503318,0.4346677794773411
14,26,Wolverhampton,City,2025,5,29,0.37059252844299173,1.396901036617666
14,26,Norwich,City,2025,5,29,0.421450086953688,1.7792255676074802
14,26,Leeds,City,2025,5,29,0.9093382655128376,0.8009004534601076
14,26,Liverpool,City,2025,5,29,0.8558374304234087,1.2120609663546194
14,26,Southampton,City,2025,5,29,1.0673390294347869,0.8395730504820695
14,26,Aston,City,2025,5,29,0.7395169560037327,1.0392546199230304
14,26,Islington,City,2025,5,29,0.7180104197187953,0.5074464604132543
14,26,Chelsea,City,2025,5,29,0.6420853684555771,1.1074644553409188
14,26,Tottenham,City,2025,5,29,0.12607209789654414,0.8686597037344187
14,26,Norwich,Wolverhampton,2025,5,29,0.7534013025014747,0.015181812678426828
14,26,Leeds,Wolverhampton,2025,5,29,1.0236074454288595,0.8854046304817069
14,26,Liverpool,Wolverhampton,2025,5,29,1.6633223087437852,0.2942764871936519
14,26,Southampton,Wolverhampton,2025,5,29,1.2042627204886946,0.6930351810462514
14,26,Aston,Wolverhampton,2025,5,29,1.1483111994153128,0.5141035472540577
14,26,Islington,Wolverhampton,2025,5,29,0.92108322627541,0.21218462966779292
14,26,Chelsea,Wolverhampton,2025,5,29,1.1967200602632158,1.1388265321582567
14,26,Tottenham,Wolverhampton,2025,5,29,-0.07294195079799641,-0.037545134265172725
14,26,Leeds,Norwich,2025,5,29,1.1966508248355139,0.7744815624409348
14,26,Liverpool,Norwich,2025,5,29,0.3690174543258197,-0.38810799455957123
14,26,Southampton,Norwich,2025,5,29,0.8398610554846664,1.0281228473440829
14,26,Aston,Norwich,2025,5,29,-0.194264245696871,0.24731087325917653
14,26,Islington,Norwich,2025,5,29,0.4551848795259545,-0.18931013238529423
14,26,Chelsea,Norwich,2025,5,29,0.9698327397976367,0.9388730977382747
14,26,Tottenham,Norwich,2025,5,29,0.07145912464785692,0.005370401810265143
14,26,Liverpool,Leeds,2025,5,29,-0.2484633727468276,3.0552689435671807
14,26,Southampton,Leeds,2025,5,29,-0.19955970302503778,0.9664891786766295
14,26,Aston,Leeds,2025,5,29,-0.15960895374489661,0.7714591215380834
14,26,Islington,Leeds,2025,5,29,-0.2069001080562384,-0.06671670255272658
14,26,Chelsea,Leeds,2025,5,29,0.16159759734874662,0.5968148733546405
14,26,Tottenham,Leeds,2025,5,29,-0.2726776408128398,0.7091658503315205
14,26,Southampton,Liverpool,2025,5,29,1.881022688367023,0.03295856334563764
14,26,Aston,Liverpool,2025,5,29,1.111577553469736,0.57388908498154
14,26,Islington,Liverpool,2025,5,29,1.4946931595411288,0.9979386909919166
14,26,Chelsea,Liverpool,2025,5,29,1.122466233767937,1.5066359986376288
14,26,Tottenham,Liverpool,2025,5,29,0.40409531742551597,2.9131833566196725
14,26,Aston,Southampton,2025,5,29,0.5519694050888567,2.1623423936536876
14,26,Islington,Southampton,2025,5,29,0.42050692897022024,0.850504433793219
14,26,Chelsea,Southampton,2025,5,29,0.19708957302494745,1.4231211015003964
14,26,Tottenham,Southampton,2025,5,29,-0.09154211748691357,2.0455597342318557
14,26,Islington,Aston,2025,5,29,-0.1502002295708422,0.5315969071969446
14,26,Chelsea,Aston,2025,5,29,0.44889458832013135,0.9670528144081086
14,26,Tottenham,Aston,2025,5,29,-0.1895181118474295,0.26145234886406354
14,26,Chelsea,Islington,2025,5,29,1.0461294848311629,1.2303477807978642
14,26,Tottenham,Islington,2025,5,29,0.5367637512240124,0.8484045983148832
14,26,Tottenham,Chelsea,2025,5,29,0.10787814771483302,0.5956421361486
14,29,Brighton,Leicester,2025,5,29,1.023660195117372,1.3393056974324338
14,29,Palace,Leicester,2025,5,29,0.8465110855268917,0.5257046181720602
14,29,Everton,Leicester,2025,5,29,0.904373583061289,0.35109769473064983
14,29,Watford,Leicester,2025,5,29,2.284918435041078,0.1968040762688775
14,29,Burnley,Leicester,2025,5,29,1.2883404155311529,0.2941817657831841
14,29,Brentford,Leicester,2025,5,29,0.5549234145390788,-0.02619163674234684
14,29,West Ham,Leicester,2025,5,29,2.182906609505828,0.2628454244282784
14,29,United,Leicester,2025,5,29,1.2261987652571835,0.8976761315998719
14,29,Newcastle,Leicester,2025,5,29,2.2330471414144872,0.5582017455593228
14,29,City,Leicester,2025,5,29,1.2223541509344606,0.18754298099646394
14,29,Wolverhampton,Leicester,2025,5,29,0.9351196069450786,-0.23292281161078032
14,29,Norwich,Leicester,2025,5,29,1.0994358075072244,0.3471263237455468
14,29,Leeds,Leicester,2025,5,29,1.8880414199864761,0.4032308761676117
14,29,Liverpool,Leicester,2025,5,29,1.1199668856686358,-0.1363026956162772
14,29,Southampton,Leicester,2025,5,29,1.3273583066241543,0.47662960150154776
14,29,Aston,Leicester,2025,5,29,1.088803874568282,0.7363981575082689
14,29,Islington,Leicester,2025,5,29,1.2826139113954738,0.09320010269693234
14,29,Chelsea,Leicester,2025,5,29,0.9347151934282097,0.9415806392104996
14,29,Tottenham,Leicester,2025,5,29,0.5159298857320076,0.27435536062215365
14,29,Palace,Brighton,2025,5,29,0.09223593767862008,0.7530973011739213
14,29,Everton,Brighton,2025,5,29,0.8685440671489487,0.5251739181238378
14,29,Watford,Brighton,2025,5,29,0.31583025167767603,0.9272674083748829
14,29,Burnley,Brighton,2025,5,29,0.6790836859134729,1.4140958388259268
14,29,Brentford,Brighton,2025,5,29,0.8041057322938289,0.7523900788482629
14,29,West Ham,Brighton,2025,5,29,1.3002168021340965,1.186543639225729
14,29,United,Brighton,2025,5,29,0.19934832818839646,1.3488596143594702
14,29,Newcastle,Brighton,2025,5,29,0.30089937989608245,1.439702715559766
14,29,City,Brighton,2025,5,29,0.8742300782526303,2.7262234847438056
14,29,Wolverhampton,Brighton,2025,5,29,0.27969084403132416,2.886504174467466
14,29,Norwich,Brighton,2025,5,29,0.17374823511894244,2.5974267340322252
14,29,Leeds,Brighton,2025,5,29,0.8474962610051612,1.1607254275913814
14,29,Liverpool,Brighton,2025,5,29,0.48061684909208735,2.9014574524226076
14,29,Southampton,Brighton,2025,5,29,0.4750505883822546,1.084461154545551
14,29,Aston,Brighton,2025,5,29,0.2066975234308609,2.3641657292533647
14,29,Islington,Brighton,2025,5,29,0.4514978986615151,0.8950244205973191
14,29,Chelsea,Brighton,2025,5,29,0.9320928901089286,1.1753442739824715
14,29,Tottenham,Brighton,2025,5,29,0.13429185147440345,1.8578849719181296
14,29,Everton,Palace,2025,5,29,1.2271173625575036,0.37334554387033275
14,29,Watford,Palace,2025,5,29,2.3036278550008205,0.9782017605266691
14,29,Burnley,Palace,2025,5,29,1.1484988760548178,1.7359925231044073
14,29,Brentford,Palace,2025,5,29,1.7389855665832592,0.5884890932711248
14,29,West Ham,Palace,2025,5,29,2.0493995293787464,0.5495590632254812
14,29,United,Palace,2025,5,29,1.5456961940473932,1.390685996968501
14,29,Newcastle,Palace,2025,5,29,2.4635141371419187,0.6286104444131266
14,29,City,Palace,2025,5,29,0.6052864976366716,1.3086435412602997
14,29,Wolverhampton,Palace,2025,5,29,1.7950393228492054,2.0884166071515873
14,29,Norwich,Palace,2025,5,29,2.5851373053598583,0.794385829133306
14,29,Leeds,Palace,2025,5,29,1.3290973036239693,1.3576518373114654
14,29,Liverpool,Palace,2025,5,29,2.1480682860449782,1.4169668288848174
14,29,Southampton,Palace,2025,5,29,1.5048175142819926,0.5422594019711884
14,29,Aston,Palace,2025,5,29,1.9160056308722695,1.1163649472752937
14,29,Islington,Palace,2025,5,29,1.2969247716131218,-0.05173565862418873
14,29,Chelsea,Palace,2025,5,29,1.2002914581993651,1.1471475526457473
14,29,Tottenham,Palace,2025,5,29,0.7539343109810486,1.316696289834874
14,29,Watford,Everton,2025,5,29,0.37943437463809926,0.1576001004993744
14,29,Burnley,Everton,2025,5,29,0.5436018199527468,0.2227349434377015
14,29,Brentford,Everton,2025,5,29,0.04043567619469424,0.12536195113853282
14,29,West Ham,Everton,2025,5,29,0.7984569042513734,0.2651290061483053
14,29,United,Everton,2025,5,29,0.08402111436264828,0.6627205481769637
14,29,Newcastle,Everton,2025,5,29,0.7929240020939231,-0.029321715152968192
14,29,City,Everton,2025,5,29,0.5592170571620418,0.34606422866952524
14,29,Wolverhampton,Everton,2025,5,29,0.6500956716119703,0.351965475564224
14,29,Norwich,Everton,2025,5,29,-0.44862088261310057,0.164898459612842
14,29,Leeds,Everton,2025,5,29,0.5025217732501608,0.09893456598872953
14,29,Liverpool,Everton,2025,5,29,0.17588334451785093,-0.16230882107838696
14,29,Southampton,Everton,2025,5,29,-0.1772091640651568,-0.11245849671203663
14,29,Aston,Everton,2025,5,29,0.3667849911239477,0.376460264192234
14,29,Islington,Everton,2025,5,29,0.05098729367533486,-0.14652259350346566
14,29,Chelsea,Everton,2025,5,29,0.3192584267486561,0.9069902889210578
14,29,Tottenham,Everton,2025,5,29,-0.2976955967931164,0.0960740821804555
14,29,Burnley,Watford,2025,5,29,1.6113705765205155,1.0506997687328823
14,29,Brentford,Watford,2025,5,29,1.8145681929657227,0.23271653898421998
14,29,West Ham,Watford,2025,5,29,2.1200999855141363,0.516726225502752
14,29,United,Watford,2025,5,29,1.8593087667101038,0.8561288692648849
14,29,Newcastle,Watford,2025,5,29,2.476213598774716,0.4646861104058705
14,29,City,Watford,2025,5,29,1.7736970697403462,0.853341357681936
14,29,Wolverhampton,Watford,2025,5,29,2.1399484891747083,1.7409505794683833
14,29,Norwich,Watford,2025,5,29,2.447654494897467,0.8046223975444787
14,29,Leeds,Watford,2025,5,29,2.1668938495952834,0.3761749038475928
14,29,Liverpool,Watford,2025,5,29,2.231028861079764,0.8815788681398801
14,29,Southampton,Watford,2025,5,29,2.3722785031979945,0.40494865486859616
14,29,Aston,Watford,2025,5,29,2.0941411673253927,0.909556229586815
14,29,Islington,Watford,2025,5,29,2.3592450440645925,-0.12541268794467844
14,29,Chelsea,Watford,2025,5,29,2.1023258266020988,1.1592492691945324
14,29,Tottenham,Watford,2025,5,29,1.9363313094288264,1.0156489643621345
14,29,Brentford,Burnley,2025,5,29,1.211176124756594,0.6967597899945166
14,29,West Ham,Burnley,2025,5,29,1.226221518953321,0.9650684816083863
14,29,United,Burnley,2025,5,29,0.8952757640421739,1.6629934569115663
14,29,Newcastle,Burnley,2025,5,29,2.0663325976107387,1.0631072598284732
14,29,City,Burnley,2025,5,29,0.03798248654587256,1.8225498930801978
14,29,Wolverhampton,Burnley,2025,5,29,0.7803573943788978,2.611877390484712
14,29,Norwich,Burnley,2025,5,29,0.5301130963671041,1.6148920441900156
14,29,Leeds,Burnley,2025,5,29,0.013190006643908717,1.9335360003300308
14,29,Liverpool,Burnley,2025,5,29,1.297266054731076,1.5444256917969073
14,29,Southampton,Burnley,2025,5,29,0.2818522059942905,0.6072088577947545
14,29,Aston,Burnley,2025,5,29,0.9139205799738744,1.1927566272635906
14,29,Islington,Burnley,2025,5,29,0.5918313616758467,0.7314332616395298
14,29,Chelsea,Burnley,2025,5,29,0.8894926267981532,1.7756383598166512
14,29,Tottenham,Burnley,2025,5,29,0.00260429571533596,1.775823583332336
14,29,West Ham,Brentford,2025,5,29,1.6581315075898753,0.33237185108425604
14,29,United,Brentford,2025,5,29,0.7100183358956484,0.9373305292896432
14,29,Newcastle,Brentford,2025,5,29,1.4787862658101965,0.43468573822391166
14,29,City,Brentford,2025,5,29,0.9506625475416346,0.7922675075238726
14,29,Wolverhampton,Brentford,2025,5,29,0.8406613484836911,1.5082053980340568
14,29,Norwich,Brentford,2025,5,29,-0.04643526511926541,0.1978190095169398
14,29,Leeds,Brentford,2025,5,29,1.1644433211873566,0.5233532487054089
14,29,Liverpool,Brentford,2025,5,29,0.9253862432799504,0.03140270684500941
14,29,Southampton,Brentford,2025,5,29,0.3204611517523351,-0.21676960525257194
14,29,Aston,Brentford,2025,5,29,1.0012049599526522,0.8346614361374491
14,29,Islington,Brentford,2025,5,29,0.41441411135714334,0.08067439411963404
14,29,Chelsea,Brentford,2025,5,29,0.9275715877837443,1.4897824190632643
14,29,Tottenham,Brentford,2025,5,29,-0.011501222053556092,0.9675700244607509
14,29,United,West Ham,2025,5,29,1.4887663329661376,1.4386615028794392
14,29,Newcastle,West Ham,2025,5,29,2.8417277862508388,0.004317913199029382
14,29,City,West Ham,2025,5,29,1.2137001783725971,1.8115577605960513
14,29,Wolverhampton,West Ham,2025,5,29,1.012097011556515,2.995654585618323
14,29,Norwich,West Ham,2025,5,29,0.6724468815455175,1.419474942933067
14,29,Leeds,West Ham,2025,5,29,1.603635998133247,1.2406602144757481
14,29,Liverpool,West Ham,2025,5,29,1.5047813157470176,2.363396281170296
14,29,Southampton,West Ham,2025,5,29,1.0052747696549207,0.43493594266159163
14,29,Aston,West Ham,2025,5,29,1.3874213749602802,0.9190214632426873
14,29,Islington,West Ham,2025,5,29,0.952067001022182,0.7216352306071131
14,29,Chelsea,West Ham,2025,5,29,1.5532692566633381,0.921655377041207
14,29,Tottenham,West Ham,2025,5,29,0.4680746475417179,1.3655703275915916
14,29,Newcastle,United,2025,5,29,1.5561492067114322,0.002022940222420646
14,29,City,United,2025,5,29,1.0271279619170703,0.4802952926263962
14,29,Wolverhampton,United,2025,5,29,1.1387266354950227,0.508380306231295
14,29,Norwich,United,2025,5,29,1.321866487399423,0.657817423455156
14,29,Leeds,United,2025,5,29,1.2402468244018625,0.3313997238663358
14,29,Liverpool,United,2025,5,29,1.5676483995216983,0.5645816746001532
14,29,Southampton,United,2025,5,29,1.5187691850352198,0.44889706017229225
14,29,Aston,United,2025,5,29,1.2905774475836396,0.30255129957625565
14,29,Islington,United,2025,5,29,1.8081528197282808,0.30892075438170724
14,29,Chelsea,United,2025,5,29,1.4737563447543698,0.874547141281191
14,29,Tottenham,United,2025,5,29,0.9597171711167616,-0.09414807183398335
14,29,City,Newcastle,2025,5,29,0.9894743439340896,0.2644113717707393
14,29,Wolverhampton,Newcastle,2025,5,29,0.08918441405167479,0.4979199544561819
14,29,Norwich,Newcastle,2025,5,29,1.1921905449301187,-0.08464692123206938
14,29,Leeds,Newcastle,2025,5,29,1.2405424321140066,0.33998621628335196
14,29,Liverpool,Newcastle,2025,5,29,1.2835801163232712,-0.19790934669577462
14,29,Southampton,Newcastle,2025,5,29,1.5269814360050546,0.20157693480390257
14,29,Aston,Newcastle,2025,5,29,0.834798731956366,0.44646291008085576
14,29,Islington,Newcastle,2025,5,29,1.6869387478796722,-0.11926237461923606
14,29,Chelsea,Newcastle,2025,5,29,1.9419899071836444,1.5635220978481825
14,29,Tottenham,Newcastle,2025,5,29,1.0122695020812607,0.31946156351536376
14,29,Wolverhampton,City,2025,5,29,0.4297736374764193,1.201029346676622
14,29,Norwich,City,2025,5,29,0.47284945775044557,1.6048119741720406
14,29,Leeds,City,2025,5,29,0.9794227720906019,0.7684218721536362
14,29,Liverpool,City,2025,5,29,0.914228038128151,1.3402896328444867
14,29,Southampton,City,2025,5,29,1.10589947814247,0.8802799317714853
14,29,Aston,City,2025,5,29,0.8853089984960765,1.0708918257493312
14,29,Islington,City,2025,5,29,0.8561502758553597,0.4732612990187678
14,29,Chelsea,City,2025,5,29,0.773300431859006,0.9840404980470431
14,29,Tottenham,City,2025,5,29,0.22363805709029486,0.6189903645705918
14,29,Norwich,Wolverhampton,2025,5,29,0.7970011681809854,0.02331341483093254
14,29,Leeds,Wolverhampton,2025,5,29,1.102603939816414,0.8495374544758424
14,29,Liverpool,Wolverhampton,2025,5,29,1.7032157873630691,0.4136877248820976
14,29,Southampton,Wolverhampton,2025,5,29,1.2574815278948885,0.7532903340016814
14,29,Aston,Wolverhampton,2025,5,29,1.2356793206834393,0.5501365686529571
14,29,Islington,Wolverhampton,2025,5,29,1.0800153305644604,0.1732958946838396
14,29,Chelsea,Wolverhampton,2025,5,29,1.2518946964509177,1.0712859675773863
14,29,Tottenham,Wolverhampton,2025,5,29,0.04998992117201389,-0.125142282521373
14,29,Leeds,Norwich,2025,5,29,1.2461088407122551,0.7479218528670384
14,29,Liverpool,Norwich,2025,5,29,0.3710180013667116,-0.26255561419233264
14,29,Southampton,Norwich,2025,5,29,0.8263739116507494,1.0859049077375305
14,29,Aston,Norwich,2025,5,29,-0.09117355576564147,0.26854316497482444
14,29,Islington,Norwich,2025,5,29,0.5423750144343029,-0.33398150879023597
14,29,Chelsea,Norwich,2025,5,29,1.024184199501562,0.8033264200534529
14,29,Tottenham,Norwich,2025,5,29,0.12675496197581795,-0.10017841526234349
14,29,Liverpool,Leeds,2025,5,29,-0.23571499579288077,3.0334011233531903
14,29,Southampton,Leeds,2025,5,29,-0.1665489694598003,1.008652336839526
14,29,Aston,Leeds,2025,5,29,-0.09213563643591671,0.7523181650246348
14,29,Islington,Leeds,2025,5,29,-0.1058761176628916,-0.12303124619272525
14,29,Chelsea,Leeds,2025,5,29,0.21719049145381822,0.5253250430371963
14,29,Tottenham,Leeds,2025,5,29,-0.21631412714357884,0.637487976267961
14,29,Southampton,Liverpool,2025,5,29,1.8531760607273735,0.16599213890119835
14,29,Aston,Liverpool,2025,5,29,1.1814465288505533,0.6397051357975152
14,29,Islington,Liverpool,2025,5,29,1.5790104305071235,1.0647118254319572
14,29,Chelsea,Liverpool,2025,5,29,1.11507049637507,1.189561525796516
14,29,Tottenham,Liverpool,2025,5,29,0.3875720152688265,2.541876377712555
14,29,Aston,Southampton,2025,5,29,0.6373414880237375,2.0112507152177184
14,29,Islington,Southampton,2025,5,29,0.5165871567525029,0.9134407691246123
14,29,Chelsea,Southampton,2025,5,29,0.22562293219193866,1.0512619312225384
14,29,Tottenham,Southampton,2025,5,29,-0.03748035765167988,1.745662732083001
14,29,Islington,Aston,2025,5,29,-0.06117692745013142,0.49406250939076835
14,29,Chelsea,Aston,2025,5,29,0.4840623921568507,0.7924000149482154
14,29,Tottenham,Aston,2025,5,29,-0.15366501860878082,0.108826416669556
14,29,Chelsea,Islington,2025,5,29,1.1032626020291305,0.9011038039100406
14,29,Tottenham,Islington,2025,5,29,0.6171073293116445,0.5566163986435123
14,29,Tottenham,Chelsea,2025,5,29,0.22191863170414644,0.4697121713101411
14,32,Brighton,Leicester,2025,5,29,1.001008090157258,1.5345747464098434
14,32,Palace,Leicester,2025,5,29,0.8083079155033817,0.52133890835608
14,32,Everton,Leicester,2025,5,29,0.887027051256482,0.5580201509671051
14,32,Watford,Leicester,2025,5,29,2.3584242782065936,0.1791230855960588
14,32,Burnley,Leicester,2025,5,29,1.2967223064055926,0.3575039754417893
14,32,Brentford,Leicester,2025,5,29,0.5160561389640086,-0.019446144975339467
14,32,West Ham,Leicester,2025,5,29,2.0880467166392815,0.25409241111924585
14,32,United,Leicester,2025,5,29,1.340846047320333,0.8849530108788978
14,32,Newcastle,Leicester,2025,5,29,2.2897164027852313,0.5832903755435616
14,32,City,Leicester,2025,5,29,1.2969162740072349,0.18085751434001035
14,32,Wolverhampton,Leicester,2025,5,29,1.0103458355694137,-0.24002183340121766
14,32,Norwich,Leicester,2025,5,29,1.0612326374837147,0.3372534452509285
14,32,Leeds,Leicester,2025,5,29,1.889731649601258,0.4145418721639624
14,32,Liverpool,Leicester,2025,5,29,1.1342952670084845,-0.1158139704833412
14,32,Southampton,Leicester,2025,5,29,1.2630719713602347,0.4923768968140267
14,32,Aston,Leicester,2025,5,29,1.2073395950176313,0.7473551897407754
14,32,Islington,Leicester,2025,5,29,1.2615401809274347,0.1046899439697147
14,32,Chelsea,Leicester,2025,5,29,0.8834574737166769,1.1441031096591372
14,32,Tottenham,Leicester,2025,5,29,0.4770626101569378,0.3444891896042695
14,32,Palace,Brighton,2025,5,29,0.1462468525749648,0.8419745652829725
14,32,Everton,Brighton,2025,5,29,0.9023200155621907,0.5435744805900213
14,32,Watford,Brighton,2025,5,29,0.457229865358475,0.9745548547953468
14,32,Burnley,Brighton,2025,5,29,0.7354175082398547,1.4112970531539228
14,32,Brentford,Brighton,2025,5,29,0.8202686297689639,0.8212493968107119
14,32,West Ham,Brighton,2025,5,29,1.2313091002350036,1.2625921382071787
14,32,United,Brighton,2025,5,29,0.33883014497259856,1.4275071824189083
14,32,Newcastle,Brighton,2025,5,29,0.3934366008638463,1.5259935279340973
14,32,City,Brighton,2025,5,29,0.9804962581801347,2.728833658236923
14,32,Wolverhampton,Brighton,2025,5,29,0.400916399705504,2.9228422609697113
14,32,Norwich,Brighton,2025,5,29,0.2138237280047453,2.6955369831659657
14,32,Leeds,Brighton,2025,5,29,0.9014652713365845,1.2507664150390563
14,32,Liverpool,Brighton,2025,5,29,0.5300598120450895,2.925653676167283
14,32,Southampton,Brighton,2025,5,29,0.4947856341312456,1.1471194868962078
14,32,Aston,Brighton,2025,5,29,0.38785067792627503,2.4356628636795525
14,32,Islington,Brighton,2025,5,29,0.5382388703885844,0.9945396753468508
14,32,Chelsea,Brighton,2025,5,29,0.9489159889068692,1.2024404003257991
14,32,Tottenham,Brighton,2025,5,29,0.17371089083044247,1.9097810339067995
14,32,Everton,Palace,2025,5,29,1.2947576504814504,0.3999860501003418
14,32,Watford,Palace,2025,5,29,2.7251273701508443,0.9660844480854194
14,32,Burnley,Palace,2025,5,29,1.5830371592670456,1.7190085838230924
14,32,Brentford,Palace,2025,5,29,2.1749247275190773,0.5980407069983378
14,32,West Ham,Palace,2025,5,29,2.480847352355375,0.5497259081732216
14,32,United,Palace,2025,5,29,2.018513742141427,1.3780754565622102
14,32,Newcastle,Palace,2025,5,29,2.8923859811208574,0.6605163325067903
14,32,City,Palace,2025,5,29,0.63075492355442,1.307625382161536
14,32,Wolverhampton,Palace,2025,5,29,2.2566059322288368,2.0822593660408244
14,32,Norwich,Palace,2025,5,29,3.023338072158651,0.8077331501542645
14,32,Leeds,Palace,2025,5,29,1.4636626242404882,1.3608811264045964
14,32,Liverpool,Palace,2025,5,29,2.6154857770882876,1.4294774764406553
14,32,Southampton,Palace,2025,5,29,1.5186440826572727,0.5574080735298261
14,32,Aston,Palace,2025,5,29,2.4061504759418484,1.1260011983438314
14,32,Islington,Palace,2025,5,29,1.4144158269686538,-0.0462955390221326
14,32,Chelsea,Palace,2025,5,29,1.21120882930355,1.1755503750733476
14,32,Tottenham,Palace,2025,5,29,0.7823016289894086,1.3383537947227095
14,32,Watford,Everton,2025,5,29,0.7466187440903282,0.1565594613815266
14,32,Burnley,Everton,2025,5,29,0.6061463007882233,0.2943927193997977
14,32,Brentford,Everton,2025,5,29,0.07693768821795435,0.1318801097088029
14,32,West Ham,Everton,2025,5,29,0.9077043137677521,0.25614865964253564
14,32,United,Everton,2025,5,29,0.4281465094594553,0.6653226600608609
14,32,Newcastle,Everton,2025,5,29,1.065483979759774,-0.013998036299531476
14,32,City,Everton,2025,5,29,0.824109835415262,0.3576386910234412
14,32,Wolverhampton,Everton,2025,5,29,0.952296593686011,0.3045651945176042
14,32,Norwich,Everton,2025,5,29,-0.37448743188009803,0.15913184428484115
14,32,Leeds,Everton,2025,5,29,0.7444965312997528,0.10255919276337984
14,32,Liverpool,Everton,2025,5,29,0.23843559316114354,-0.0722394936827271
14,32,Southampton,Everton,2025,5,29,-0.112036402919856,-0.031155412388551726
14,32,Aston,Everton,2025,5,29,0.6965847333417279,0.3938880624738394
14,32,Islington,Everton,2025,5,29,0.1927815154947074,-0.1443798565453873
14,32,Chelsea,Everton,2025,5,29,0.3403495853346984,1.110030030608767
14,32,Tottenham,Everton,2025,5,29,-0.22128310138144552,0.17060220365295498
14,32,Burnley,Watford,2025,5,29,2.0355344665076562,0.9860251839308262
14,32,Brentford,Watford,2025,5,29,2.240132960676454,0.2614672362747338
14,32,West Ham,Watford,2025,5,29,2.544649181309569,0.5150405820209225
14,32,United,Watford,2025,5,29,2.3324915915309656,0.8563742707248089
14,32,Newcastle,Watford,2025,5,29,2.8966397475826815,0.49408152549845963
14,32,City,Watford,2025,5,29,1.457013788782848,0.8621647224872344
14,32,Wolverhampton,Watford,2025,5,29,2.581756374974477,1.7015877533278199
14,32,Norwich,Watford,2025,5,29,2.8789566345150646,0.8152365043564814
14,32,Leeds,Watford,2025,5,29,1.9474890447622353,0.3953929450272983
14,32,Liverpool,Watford,2025,5,29,2.6984463521230735,0.9369666268735287
14,32,Southampton,Watford,2025,5,29,2.0378509288774724,0.45297987401312084
14,32,Aston,Watford,2025,5,29,2.573911619169884,0.9301687573533844
14,32,Islington,Watford,2025,5,29,2.0999122612466574,-0.1020538065701115
14,32,Chelsea,Watford,2025,5,29,1.7838958457059901,1.1316728415934456
14,32,Tottenham,Watford,2025,5,29,1.6060700915162982,1.047468119539827
14,32,Brentford,Burnley,2025,5,29,1.6773602935643424,0.7171908879636788
14,32,West Ham,Burnley,2025,5,29,1.6827176089893352,0.9632860456704742
14,32,United,Burnley,2025,5,29,1.4135335558003264,1.6727885243704925
14,32,Newcastle,Burnley,2025,5,29,2.5094489569361658,1.094966444637425
14,32,City,Burnley,2025,5,29,0.04988856486056464,1.8406289132579179
14,32,Wolverhampton,Burnley,2025,5,29,1.2274044002047662,2.6148021480769112
14,32,Norwich,Burnley,2025,5,29,1.0221730682860874,1.6403419285347662
14,32,Leeds,Burnley,2025,5,29,0.17812552211494964,1.9406660771869761
14,32,Liverpool,Burnley,2025,5,29,1.7739409348412436,1.587033934087271
14,32,Southampton,Burnley,2025,5,29,0.36612504870155294,0.6423618931681039
14,32,Aston,Burnley,2025,5,29,1.3968854901126626,1.2199704618199136
14,32,Islington,Burnley,2025,5,29,0.7747546416207514,0.7389823705420684
14,32,Chelsea,Burnley,2025,5,29,0.9150896216572776,1.7977553440346619
14,32,Tottenham,Burnley,2025,5,29,0.08497585611824775,1.804501325686599
14,32,West Ham,Brentford,2025,5,29,1.7819221950071416,0.34122314958146627
14,32,United,Brentford,2025,5,29,1.001465987020129,0.9396728223139559
14,32,Newcastle,Brentford,2025,5,29,1.7399082329479039,0.47543925639888773
14,32,City,Brentford,2025,5,29,1.211016502123056,0.8075659915440005
14,32,Wolverhampton,Brentford,2025,5,29,1.109883032825653,1.4654412995015325
14,32,Norwich,Brentford,2025,5,29,0.03548851969246053,0.22402708863495163
14,32,Leeds,Brentford,2025,5,29,1.3994544965329196,0.5297425247575129
14,32,Liverpool,Brentford,2025,5,29,0.9371774997148048,0.12585654689609488
14,32,Southampton,Brentford,2025,5,29,0.39794407135992504,-0.12318696091175305
14,32,Aston,Brentford,2025,5,29,1.2843016617647032,0.8646779562621538
14,32,Islington,Brentford,2025,5,29,0.5581423318357163,0.09847136351606864
14,32,Chelsea,Brentford,2025,5,29,0.9590743103366248,1.533524856980821
14,32,Tottenham,Brentford,2025,5,29,0.07650094525219614,1.0100193049349733
14,32,United,West Ham,2025,5,29,1.676977282194444,1.4700591562824417
14,32,Newcastle,West Ham,2025,5,29,2.998739764666741,0.07790664562933973
14,32,City,West Ham,2025,5,29,1.3663205986783862,1.8039369736061481
14,32,Wolverhampton,West Ham,2025,5,29,1.1806141354773239,2.9204497305280466
14,32,Norwich,West Ham,2025,5,29,0.6956251141008052,1.4651449241281693
14,32,Leeds,West Ham,2025,5,29,1.7696060122512176,1.2813869675153309
14,32,Liverpool,West Ham,2025,5,29,1.4574283003844604,2.3946528304934596
14,32,Southampton,West Ham,2025,5,29,1.0298696371580764,0.516514419345178
14,32,Aston,West Ham,2025,5,29,1.5635572966582008,0.9623101066379001
14,32,Islington,West Ham,2025,5,29,1.0512740803133631,0.7683178686400862
14,32,Chelsea,West Ham,2025,5,29,1.5221237745267884,0.8837681417606554
14,32,Tottenham,West Ham,2025,5,29,0.49733126259103216,1.3693799968588678
14,32,Newcastle,United,2025,5,29,1.9939223261348697,0.04283973558429526
14,32,City,United,2025,5,29,0.710770782720983,0.42797499001738776
14,32,Wolverhampton,United,2025,5,29,1.6005415449059788,0.4177470513311003
14,32,Norwich,United,2025,5,29,1.7811866000757146,0.6136491596726691
14,32,Leeds,United,2025,5,29,1.0501280129058628,0.2767672734039613
14,32,Liverpool,United,2025,5,29,2.045176914006311,0.5736670665490594
14,32,Southampton,United,2025,5,29,1.210151838007856,0.5101957806810653
14,32,Aston,United,2025,5,29,1.7982035494020407,0.2800364136421722
14,32,Islington,United,2025,5,29,1.5979071773196971,0.26103374757254677
14,32,Chelsea,United,2025,5,29,1.154194366595638,1.1016521753585065
14,32,Tottenham,United,2025,5,29,0.6604382760514156,-0.06285292421505949
14,32,City,Newcastle,2025,5,29,0.6698269926502769,0.2816085765976333
14,32,Wolverhampton,Newcastle,2025,5,29,0.5296296629450317,0.47766304245648633
14,32,Norwich,Newcastle,2025,5,29,1.6340853516181717,-0.05594927095547447
14,32,Leeds,Newcastle,2025,5,29,0.971964297204456,0.3538585754848346
14,32,Liverpool,Newcastle,2025,5,29,1.7360799349713307,-0.09548586521238413
14,32,Southampton,Newcastle,2025,5,29,1.1919218184180629,0.29564613742764756
14,32,Aston,Newcastle,2025,5,29,1.3192938219794343,0.4934655315826746
14,32,Islington,Newcastle,2025,5,29,1.4090101738162315,-0.09950340722913606
14,32,Chelsea,Newcastle,2025,5,29,1.6092925237246647,1.793089515513956
14,32,Tottenham,Newcastle,2025,5,29,0.7056232137991985,0.424041702019333
14,32,Wolverhampton,City,2025,5,29,0.7437895079430674,1.1868873136231837
14,32,Norwich,City,2025,5,29,0.49561459172868283,1.6879631132661665
14,32,Leeds,City,2025,5,29,1.211399347230867,0.8370191039811734
14,32,Liverpool,City,2025,5,29,0.9558630138131051,1.3659895481847975
14,32,Southampton,City,2025,5,29,1.111333102165592,0.9484543392198548
14,32,Aston,City,2025,5,29,1.2096647009506758,1.1648648529193026
14,32,Islington,City,2025,5,29,0.9156743170447776,0.5456417021422797
14,32,Chelsea,City,2025,5,29,0.7917227121248427,1.0487867839097977
14,32,Tottenham,City,2025,5,29,0.24523532128336697,0.6782618360042828
14,32,Norwich,Wolverhampton,2025,5,29,0.8608430970490422,0.07834358018853786
14,32,Leeds,Wolverhampton,2025,5,29,1.3757320004330624,0.8961817507457612
14,32,Liverpool,Wolverhampton,2025,5,29,1.7526464252741036,0.4696872200087145
14,32,Southampton,Wolverhampton,2025,5,29,1.3261370735007725,0.857007604617447
14,32,Aston,Wolverhampton,2025,5,29,1.55962270255049,0.6150519433227591
14,32,Islington,Wolverhampton,2025,5,29,1.218522878843887,0.2239280783356093
14,32,Chelsea,Wolverhampton,2025,5,29,1.285618558380901,1.2811225748626212
14,32,Tottenham,Wolverhampton,2025,5,29,0.12683291304182165,-0.04767174547843168
14,32,Leeds,Norwich,2025,5,29,1.260762515035127,0.763419709359773
14,32,Liverpool,Norwich,2025,5,29,0.40071162221638795,-0.24018741656801898
14,32,Southampton,Norwich,2025,5,29,0.8066819515271179,1.104409759321372
14,32,Aston,Norwich,2025,5,29,0.062054764523234024,0.30230402988564786
14,32,Islington,Norwich,2025,5,29,0.5812253771149162,-0.3141158209643218
14,32,Chelsea,Norwich,2025,5,29,1.023709961398934,1.013628619796958
14,32,Tottenham,Norwich,2025,5,29,0.13933075604835699,-0.003053893105527046
14,32,Liverpool,Leeds,2025,5,29,-0.19008166250198355,3.1041659056068682
14,32,Southampton,Leeds,2025,5,29,-0.1333502391511163,1.0772605683965883
14,32,Aston,Leeds,2025,5,29,0.07334203179878757,0.7695168712345457
14,32,Islington,Leeds,2025,5,29,-0.011703814310490767,-0.07552046328839802
14,32,Chelsea,Leeds,2025,5,29,0.221362734687465,0.6689147689463992
14,32,Tottenham,Leeds,2025,5,29,-0.17033003040904182,0.6851872088342228
14,32,Southampton,Liverpool,2025,5,29,1.8357353187615943,0.26369291391025024
14,32,Aston,Liverpool,2025,5,29,1.453532564152811,0.7224883118094966
14,32,Islington,Liverpool,2025,5,29,1.6046362467193314,1.139624256264895
14,32,Chelsea,Liverpool,2025,5,29,1.1138372876352982,1.232019781826012
14,32,Tottenham,Liverpool,2025,5,29,0.38520479134686775,2.629720668575887
14,32,Aston,Southampton,2025,5,29,0.9967885445682221,2.074474939141058
14,32,Islington,Southampton,2025,5,29,0.6163328540222517,0.9893005605759908
14,32,Chelsea,Southampton,2025,5,29,0.24714930247991454,1.0941468346405903
14,32,Tottenham,Southampton,2025,5,29,0.0009489720361453098,1.7975778632175516
14,32,Islington,Aston,2025,5,29,0.030044483019795818,0.5394076864741915
14,32,Chelsea,Aston,2025,5,29,0.5086694101809206,1.064805041793354
14,32,Tottenham,Aston,2025,5,29,-0.1051221569089157,0.20159452938109493
14,32,Chelsea,Islington,2025,5,29,0.7773103464406874,0.9159779259381785
14,32,Tottenham,Islington,2025,5,29,0.31668995439119146,0.590256398198382
14,32,Tottenham,Chelsea,2025,5,29,0.3245527081571898,0.4798364544243732
14,35,Brighton,Leicester,2025,5,29,0.947179811754081,1.5666891390142708
14,35,Palace,Leicester,2025,5,29,0.5810430803854365,0.5883772393693194
14,35,Everton,Leicester,2025,5,29,0.7027155070021858,0.5855069349035872
14,35,Watford,Leicester,2025,5,29,2.3729077038211055,0.20557429487090667
14,35,Burnley,Leicester,2025,5,29,1.3146149689512878,0.4591881804874593
14,35,Brentford,Leicester,2025,5,29,0.4530089845754668,0.05960929006713611
14,35,West Ham,Leicester,2025,5,29,1.974392693881805,0.2581060576228706
14,35,United,Leicester,2025,5,29,1.2535098417156882,0.970982317789136
14,35,Newcastle,Leicester,2025,5,29,2.281291248178095,0.631252567372453
14,35,City,Leicester,2025,5,29,1.0927270365588975,0.3118879681595788
14,35,Wolverhampton,Leicester,2025,5,29,0.911355964265802,-0.06654700886004389
14,35,Norwich,Leicester,2025,5,29,0.9981854830951717,0.3523054482105229
14,35,Leeds,Leicester,2025,5,29,1.776077626843782,0.45631769719046067
14,35,Liverpool,Leicester,2025,5,29,1.090159129214604,0.09302439649589385
14,35,Southampton,Leicester,2025,5,29,1.235803041005496,0.5221886705130783
14,35,Aston,Leicester,2025,5,29,1.1083497237140207,0.8002956461494802
14,35,Islington,Leicester,2025,5,29,1.1511578796587951,0.21079245199466953
14,35,Chelsea,Leicester,2025,5,29,0.727913579547603,1.1620881142631736
14,35,Tottenham,Leicester,2025,5,29,0.23513362358512727,0.48777950589129493
14,35,Palace,Brighton,2025,5,29,0.11609405061342971,1.273081399892014
14,35,Everton,Brighton,2025,5,29,0.7814211889339004,0.5589290958903131
14,35,Watford,Brighton,2025,5,29,0.3858736193770355,1.1179324365716863
14,35,Burnley,Brighton,2025,5,29,0.6861437845860205,1.4706050781234894
14,35,Brentford,Brighton,2025,5,29,0.8073214408516622,1.0239238136205449
14,35,West Ham,Brighton,2025,5,29,1.0416648900274486,1.4600882921063543
14,35,United,Brighton,2025,5,29,0.1991008915637398,1.621564695626479
14,35,Newcastle,Brighton,2025,5,29,0.31638702349089826,2.002575924714172
14,35,City,Brighton,2025,5,29,0.8398591149070724,2.757716513708467
14,35,Wolverhampton,Brighton,2025,5,29,0.27024429270575645,2.9542396304199463
14,35,Norwich,Brighton,2025,5,29,0.1833322280055885,3.065416825851813
14,35,Leeds,Brighton,2025,5,29,0.739846407246037,1.6654579355274148
14,35,Liverpool,Brighton,2025,5,29,0.6185465321825174,2.9900972124810266
14,35,Southampton,Brighton,2025,5,29,0.5363960139114803,1.326843386994784
14,35,Aston,Brighton,2025,5,29,0.2658868397323577,2.6593327661781125
14,35,Islington,Brighton,2025,5,29,0.5725493245979011,1.21856856026317
14,35,Chelsea,Brighton,2025,5,29,0.9695065527858365,1.227792107932988
14,35,Tottenham,Brighton,2025,5,29,0.1447652900667543,1.9632276878812456
14,35,Everton,Palace,2025,5,29,1.1829008678459587,0.44408140825303366
14,35,Watford,Palace,2025,5,29,2.6977112020449354,0.9834346197792798
14,35,Burnley,Palace,2025,5,29,1.578831718896775,1.7923201131760036
14,35,Brentford,Palace,2025,5,29,2.108277292012368,0.661871211369108
14,35,West Ham,Palace,2025,5,29,2.3125130072631364,0.5337291809531323
14,35,United,Palace,2025,5,29,1.9014842773161262,1.4312880550298446
14,35,Newcastle,Palace,2025,5,29,2.8514564200218926,0.7217850622045114
14,35,City,Palace,2025,5,29,0.5128177520779372,1.347054598166229
14,35,Wolverhampton,Palace,2025,5,29,2.1349760524349097,2.132340885399266
14,35,Norwich,Palace,2025,5,29,2.9298366014872714,0.814620722887752
14,35,Leeds,Palace,2025,5,29,1.30195045053307,1.3862878560027319
14,35,Liverpool,Palace,2025,5,29,2.5614551868896216,1.5171931204829858
14,35,Southampton,Palace,2025,5,29,1.4324267703606275,0.5942176461186945
14,35,Aston,Palace,2025,5,29,2.2970624690511707,1.152381424543317
14,35,Islington,Palace,2025,5,29,1.3921462654260321,0.049995276299995714
14,35,Chelsea,Palace,2025,5,29,1.1367713410031166,1.2046035490565605
14,35,Tottenham,Palace,2025,5,29,0.6544943719489011,1.3755906851584887
14,35,Watford,Everton,2025,5,29,0.6752624981088888,0.19728492080466942
14,35,Burnley,Everton,2025,5,29,0.5378808277584886,0.46052497956525706
14,35,Brentford,Everton,2025,5,29,-0.09524079294484634,0.24762064965283545
14,35,West Ham,Everton,2025,5,29,0.7024519782907137,0.2763657135677031
14,35,United,Everton,2025,5,29,0.27914895300280695,0.7669557528023584
14,35,Newcastle,Everton,2025,5,29,0.9674385741191306,0.08895901749202262
14,35,City,Everton,2025,5,29,0.669976359440654,0.5412564854759516
14,35,Wolverhampton,Everton,2025,5,29,0.810369572163582,0.4977275071759529
14,35,Norwich,Everton,2025,5,29,-0.5479998625471215,0.21688181170515478
14,35,Leeds,Everton,2025,5,29,0.5672695419397229,0.18017382091642703
14,35,Liverpool,Everton,2025,5,29,0.17193651812372968,0.14961777394658718
14,35,Southampton,Everton,2025,5,29,-0.23166139427691354,-0.0027164540391853747
14,35,Aston,Everton,2025,5,29,0.567594010278886,0.5045461460943063
14,35,Islington,Everton,2025,5,29,0.07982554196550103,0.0038209943500036366
14,35,Chelsea,Everton,2025,5,29,0.20170885696816657,1.172586736700377
14,35,Tottenham,Everton,2025,5,29,-0.3954735835749627,0.3905436276609842
14,35,Burnley,Watford,2025,5,29,2.040318628868809,1.0871708361350343
14,35,Brentford,Watford,2025,5,29,2.1900633895278765,0.325465431859673
14,35,West Ham,Watford,2025,5,29,2.3928927005754623,0.4880019074648816
14,35,United,Watford,2025,5,29,2.218404927559248,0.8952662195753348
14,35,Newcastle,Watford,2025,5,29,2.8667038681069332,0.6427868849610675
14,35,City,Watford,2025,5,29,1.234726634632606,0.8901251722833186
14,35,Wolverhampton,Watford,2025,5,29,2.4599694717884115,1.7264598504360043
14,35,Norwich,Watford,2025,5,29,2.8040371070936105,0.8637523385125697
14,35,Leeds,Watford,2025,5,29,1.7964649569272497,0.4367187735608213
14,35,Liverpool,Watford,2025,5,29,2.6397703011512825,0.9843542741855514
14,35,Southampton,Watford,2025,5,29,1.9702155598307556,0.48963879106978925
14,35,Aston,Watford,2025,5,29,2.4697704920245838,1.0416086888301663
14,35,Islington,Watford,2025,5,29,1.978320283860636,-0.017867571555693115
14,35,Chelsea,Watford,2025,5,29,1.6162590797471532,1.1801520888822885
14,35,Tottenham,Watford,2025,5,29,1.3657856347252417,1.194681312265572
14,35,Brentford,Burnley,2025,5,29,1.5566023301307659,0.6993075359784477
14,35,West Ham,Burnley,2025,5,29,1.506223273061414,0.8970563954238118
14,35,United,Burnley,2025,5,29,1.2670717407594339,1.6689006108866344
14,35,Newcastle,Burnley,2025,5,29,2.419082730664342,1.1463822223389055
14,35,City,Burnley,2025,5,29,-0.20814999931711978,1.879298173733855
14,35,Wolverhampton,Burnley,2025,5,29,1.0760921085540303,2.651835306576308
14,35,Norwich,Burnley,2025,5,29,0.8695044728364572,1.6568082549043552
14,35,Leeds,Burnley,2025,5,29,0.014009070086829655,1.979192700277988
14,35,Liverpool,Burnley,2025,5,29,1.6883047266921947,1.652777881211829
14,35,Southampton,Burnley,2025,5,29,0.26411862439215034,0.6768048139732006
14,35,Aston,Burnley,2025,5,29,1.2563314912302348,1.2564061565858033
14,35,Islington,Burnley,2025,5,29,0.5755185613413546,0.7442708816785368
14,35,Chelsea,Burnley,2025,5,29,0.7122707727649026,1.7432555929631797
14,35,Tottenham,Burnley,2025,5,29,-0.173062708059437,1.8499530791303764
14,35,West Ham,Brentford,2025,5,29,1.5972918898015274,0.32816211123483247
14,35,United,Brentford,2025,5,29,0.8531155751086621,1.0266144155944876
14,35,Newcastle,Brentford,2025,5,29,1.6614426056566132,0.5472960458549823
14,35,City,Brentford,2025,5,29,1.064417653966087,0.8660785952651971
14,35,Wolverhampton,Brentford,2025,5,29,0.9732492209419988,1.5567520030879212
14,35,Norwich,Brentford,2025,5,29,-0.1306294958890389,0.22843426580303142
14,35,Leeds,Brentford,2025,5,29,1.236959758958612,0.5849442317654282
14,35,Liverpool,Brentford,2025,5,29,0.8746190606304015,0.24037102825198461
14,35,Southampton,Brentford,2025,5,29,0.30857431034316,-0.08783207953633479
14,35,Aston,Brentford,2025,5,29,1.147286710147895,0.9212447118436592
14,35,Islington,Brentford,2025,5,29,0.4614726452480337,0.1704823565850243
14,35,Chelsea,Brentford,2025,5,29,0.8422547784983092,1.5490808323750493
14,35,Tottenham,Brentford,2025,5,29,-0.09618398632928012,1.0859588531632274
14,35,United,West Ham,2025,5,29,1.572038225982259,1.6259815585985493
14,35,Newcastle,West Ham,2025,5,29,2.9303178345040606,0.5726227162172565
14,35,City,West Ham,2025,5,29,1.1351406418755434,1.8802796758780145
14,35,Wolverhampton,West Ham,2025,5,29,1.0703264455331367,2.976667398003899
14,35,Norwich,West Ham,2025,5,29,0.5634199554766214,1.8434926246496632
14,35,Leeds,West Ham,2025,5,29,1.6247190464208634,1.7309959077659323
14,35,Liverpool,West Ham,2025,5,29,1.419744805984403,2.4861598667290217
14,35,Southampton,West Ham,2025,5,29,0.9580417054913984,0.7044679053540477
14,35,Aston,West Ham,2025,5,29,1.4704578544026055,1.1768705557021764
14,35,Islington,West Ham,2025,5,29,0.8660714819391276,0.9897293425639496
14,35,Chelsea,West Ham,2025,5,29,1.3397683624598595,0.8522610823132534
14,35,Tottenham,West Ham,2025,5,29,0.25000629505062727,1.4440747699076653
14,35,Newcastle,United,2025,5,29,1.9424834009714824,0.1264948629882225
14,35,City,United,2025,5,29,0.48376010228632926,0.5370595103889277
14,35,Wolverhampton,United,2025,5,29,1.4856847811344653,0.5810538895642117
14,35,Norwich,United,2025,5,29,1.656044990371244,0.6107090523712412
14,35,Leeds,United,2025,5,29,0.9094103234436962,0.31182969385373704
14,35,Liverpool,United,2025,5,29,2.0043955230340504,0.7697824999734989
14,35,Southampton,United,2025,5,29,1.1366693466175313,0.5442958415072319
14,35,Aston,United,2025,5,29,1.6941050783988354,0.32880303754786394
14,35,Islington,United,2025,5,29,1.4318977991424258,0.32675491250054883
14,35,Chelsea,United,2025,5,29,0.9882987399199038,1.1158634286156262
14,35,Tottenham,United,2025,5,29,0.42430343136605325,0.09035856115203048
14,35,City,Newcastle,2025,5,29,0.4268918689743727,0.4431129444684205
14,35,Wolverhampton,Newcastle,2025,5,29,0.3777057198088711,0.6547446386035081
14,35,Norwich,Newcastle,2025,5,29,1.4955232494964026,-0.006329818714339182
14,35,Leeds,Newcastle,2025,5,29,0.8208371440090378,0.41584199679334327
14,35,Liverpool,Newcastle,2025,5,29,1.6503302324590154,0.11564195212255717
14,35,Southampton,Newcastle,2025,5,29,1.1022518639407928,0.3337141788963246
14,35,Aston,Newcastle,2025,5,29,1.16698873911012,0.5701724549933137
14,35,Islington,Newcastle,2025,5,29,1.2086636519996492,0.02858156902128082
14,35,Chelsea,Newcastle,2025,5,29,1.4104376828326075,1.797271125765947
14,35,Tottenham,Newcastle,2025,5,29,0.46169114294937486,0.6009988148043691
14,35,Wolverhampton,City,2025,5,29,0.6324061856537196,1.2702299612123242
14,35,Norwich,City,2025,5,29,0.4968103598862937,2.0864571041914863
14,35,Leeds,City,2025,5,29,1.063530650445721,1.2817817023282507
14,35,Liverpool,City,2025,5,29,1.0505116396292258,1.4924733313134866
14,35,Southampton,City,2025,5,29,1.1828471699676542,1.286323178956685
14,35,Aston,City,2025,5,29,1.1043301938484578,1.553180920996606
14,35,Islington,City,2025,5,29,0.9723001976492125,0.9370922997245978
14,35,Chelsea,City,2025,5,29,0.8346287023989284,1.1171300926011198
14,35,Tottenham,City,2025,5,29,0.24117950353956455,0.824602103194911
14,35,Norwich,Wolverhampton,2025,5,29,0.8613723939574321,0.5050793783648286
14,35,Leeds,Wolverhampton,2025,5,29,1.2496528495999955,1.358719441864389
14,35,Liverpool,Wolverhampton,2025,5,29,1.8452870611897065,0.6853274927821411
14,35,Southampton,Wolverhampton,2025,5,29,1.4001660750771576,1.228819663361816
14,35,Aston,Wolverhampton,2025,5,29,1.463355580825567,0.9877167102439716
14,35,Islington,Wolverhampton,2025,5,29,1.2704280742416794,0.6509274771152731
14,35,Chelsea,Wolverhampton,2025,5,29,1.3329338534478405,1.3220907767848782
14,35,Tottenham,Wolverhampton,2025,5,29,0.12217704272018999,0.15100256915485924
14,35,Leeds,Norwich,2025,5,29,1.0836036260069537,0.8314155833832636
14,35,Liverpool,Norwich,2025,5,29,0.48057718385120785,-0.0316049801716948
14,35,Southampton,Norwich,2025,5,29,0.8508439635840787,1.14697058033988
14,35,Aston,Norwich,2025,5,29,-0.05826648994256594,0.38806022520104644
14,35,Islington,Norwich,2025,5,29,0.6180874636009591,-0.22473374837377855
14,35,Chelsea,Norwich,2025,5,29,1.0468521575546281,1.034627456943708
14,35,Tottenham,Norwich,2025,5,29,0.09823946104268014,0.17722038749160204
14,35,Liverpool,Leeds,2025,5,29,-0.2885298034014593,3.159110655639665
14,35,Southampton,Leeds,2025,5,29,-0.2785876036854333,1.0931056447487368
14,35,Aston,Leeds,2025,5,29,-0.08609183535648193,0.8094366162795836
14,35,Islington,Leeds,2025,5,29,-0.16281989051206508,-0.06398607224873648
14,35,Chelsea,Leeds,2025,5,29,0.05510555425188048,0.5935483498966684
14,35,Tottenham,Leeds,2025,5,29,-0.39173042578727907,0.7076410760612631
14,35,Southampton,Liverpool,2025,5,29,1.7996225382913766,0.6145713297479124
14,35,Aston,Liverpool,2025,5,29,1.3625269956976636,1.1289795421287618
14,35,Islington,Liverpool,2025,5,29,1.5012836247750114,1.4635308690175899
14,35,Chelsea,Liverpool,2025,5,29,0.9382485388690214,1.2292195373076897
14,35,Tottenham,Liverpool,2025,5,29,0.13053677858189772,2.753424312064944
14,35,Aston,Southampton,2025,5,29,0.8549486333490157,2.4566899154331887
14,35,Islington,Southampton,2025,5,29,0.48231257663458255,1.3815249970396573
14,35,Chelsea,Southampton,2025,5,29,0.11053737790439766,1.1177867918378497
14,35,Tottenham,Southampton,2025,5,29,-0.20477511088079284,1.8856862182969105
14,35,Islington,Aston,2025,5,29,-0.09189711365305897,0.7952366473103416
14,35,Chelsea,Aston,2025,5,29,0.38113514025450757,1.1322120352311713
14,35,Tottenham,Aston,2025,5,29,-0.3042651099170196,0.4393513351717429
14,35,Chelsea,Islington,2025,5,29,0.7220376339668586,0.9608263449625539
14,35,Tottenham,Islington,2025,5,29,0.17920808178429204,0.7050995505370005
14,35,Tottenham,Chelsea,2025,5,29,0.09514569739118682,0.7032257614137625
14,38,Brighton,Leicester,2025,5,29,0.8990158108592283,1.5520398721742605
14,38,Palace,Leicester,2025,5,29,0.508952941717367,0.573609767560298
14,38,Everton,Leicester,2025,5,29,0.9052029035705483,0.671849545423811
14,38,Watford,Leicester,2025,5,29,2.4267173681019947,0.27712608755872986
14,38,Burnley,Leicester,2025,5,29,1.2112606351402706,0.5584622764063157
14,38,Brentford,Leicester,2025,5,29,0.4254035815744973,0.05495291159772718
14,38,West Ham,Leicester,2025,5,29,1.9504810335662635,0.26471977667327823
14,38,United,Leicester,2025,5,29,1.2429588029173093,0.9380553583043328
14,38,Newcastle,Leicester,2025,5,29,2.7776720320301127,0.636470095744116
14,38,City,Leicester,2025,5,29,1.0338146334050486,0.3153223701920079
14,38,Wolverhampton,Leicester,2025,5,29,1.334457170332559,0.014901448943516526
14,38,Norwich,Leicester,2025,5,29,1.0180334372426028,0.35365226846729375
14,38,Leeds,Leicester,2025,5,29,1.726780067027023,0.4766628739681841
14,38,Liverpool,Leicester,2025,5,29,1.0515839465823285,0.10180590590643214
14,38,Southampton,Leicester,2025,5,29,1.2196249112867437,0.5142010812076154
14,38,Aston,Leicester,2025,5,29,1.2440362746627036,0.7867955378406738
14,38,Islington,Leicester,2025,5,29,1.202049650961821,0.24560765651737104
14,38,Chelsea,Leicester,2025,5,29,0.5646765679880335,1.249335582561993
14,38,Tottenham,Leicester,2025,5,29,0.1438388470365421,0.511761053627355
14,38,Palace,Brighton,2025,5,29,-0.083806259147811,1.3097725859432567
14,38,Everton,Brighton,2025,5,29,1.0060510000632092,0.5569295821823828
14,38,Watford,Brighton,2025,5,29,0.2202041559977054,1.0982677811932093
14,38,Burnley,Brighton,2025,5,29,0.5150790544087228,1.4606499430999056
14,38,Brentford,Brighton,2025,5,29,0.6660517675317766,1.0135144045624707
14,38,West Ham,Brighton,2025,5,29,0.9379532973690384,1.4693211441054634
14,38,United,Brighton,2025,5,29,-0.0016960168752889661,1.6538581184767216
14,38,Newcastle,Brighton,2025,5,29,0.6503094966222785,2.2045632810118967
14,38,City,Brighton,2025,5,29,0.7146755357099847,2.888836598040378
14,38,Wolverhampton,Brighton,2025,5,29,0.5217256068668218,2.9413449313551627
14,38,Norwich,Brighton,2025,5,29,0.05208597007904698,3.0606709784074777
14,38,Leeds,Brighton,2025,5,29,0.5776419234302247,1.7148240006353157
14,38,Liverpool,Brighton,2025,5,29,0.4660065285207702,3.1167827126849126
14,38,Southampton,Brighton,2025,5,29,0.3309125977740709,1.4665263636661348
14,38,Aston,Brighton,2025,5,29,0.22021915675117026,2.780294268098433
14,38,Islington,Brighton,2025,5,29,0.41101669568529337,1.2455146276059452
14,38,Chelsea,Brighton,2025,5,29,0.7695665601926913,1.2010306104358783
14,38,Tottenham,Brighton,2025,5,29,-0.05813869980002759,1.972962296542908
14,38,Everton,Palace,2025,5,29,0.8039855254188445,0.4583122046352915
14,38,Watford,Palace,2025,5,29,2.5038132282022985,1.001387641476947
14,38,Burnley,Palace,2025,5,29,1.4593476028691774,1.7899588527576287
14,38,Brentford,Palace,2025,5,29,1.9603232983726802,0.6585805232867368
14,38,West Ham,Palace,2025,5,29,2.192453478487955,0.5202884826019268
14,38,United,Palace,2025,5,29,1.7244211006350387,1.4402816260073934
14,38,Newcastle,Palace,2025,5,29,2.7464258675918427,0.6935098608688871
14,38,City,Palace,2025,5,29,0.19106810750491443,1.3054324006395843
14,38,Wolverhampton,Palace,2025,5,29,2.0023342434254334,2.1072962445200565
14,38,Norwich,Palace,2025,5,29,2.776901483400876,0.8264896014068287
14,38,Leeds,Palace,2025,5,29,1.2010070044185723,1.414160427214466
14,38,Liverpool,Palace,2025,5,29,2.387443449854456,1.424565129613761
14,38,Southampton,Palace,2025,5,29,1.2366458749902598,0.6116417310932405
14,38,Aston,Palace,2025,5,29,2.2072588039229806,1.174187600401671
14,38,Islington,Palace,2025,5,29,1.214986206529525,0.06205854747738282
14,38,Chelsea,Palace,2025,5,29,0.7828209369878782,1.1825798128077187
14,38,Tottenham,Palace,2025,5,29,0.3397603708803869,1.377984650692813
14,38,Watford,Everton,2025,5,29,0.5343391582477134,0.2906315568022697
14,38,Burnley,Everton,2025,5,29,0.4109663122265939,0.5689246812741066
14,38,Brentford,Everton,2025,5,29,-0.1891713243906047,0.27098347470724066
14,38,West Ham,Everton,2025,5,29,0.697668434730554,0.3061376277917032
14,38,United,Everton,2025,5,29,0.14905949106750943,0.7854945955056666
14,38,Newcastle,Everton,2025,5,29,1.3476387160647885,0.11610729565450252
14,38,City,Everton,2025,5,29,0.6416036800360496,0.5687040267876
14,38,Wolverhampton,Everton,2025,5,29,1.1205160830996577,0.5772026004609905
14,38,Norwich,Everton,2025,5,29,-0.6635900945593367,0.24642424743928196
14,38,Leeds,Everton,2025,5,29,0.4402782143321358,0.21775254106771552
14,38,Liverpool,Everton,2025,5,29,0.0233120260092264,0.15782064228681114
14,38,Southampton,Everton,2025,5,29,-0.4097756143646179,0.00041071252479498474
14,38,Aston,Everton,2025,5,29,0.5635163916499712,0.5223898252682614
14,38,Islington,Everton,2025,5,29,-0.0663441254260407,0.06362184256543794
14,38,Chelsea,Everton,2025,5,29,0.03531574744944973,1.2750504776836376
14,38,Tottenham,Everton,2025,5,29,-0.5690041529559877,0.42604642270229626
14,38,Burnley,Watford,2025,5,29,1.9361866063643884,1.096940453804446
14,38,Brentford,Watford,2025,5,29,2.0771438925913475,0.3167628848251589
14,38,West Ham,Watford,2025,5,29,2.282578399672957,0.47488196852229797
14,38,United,Watford,2025,5,29,1.9741686158532874,0.898540179507027
14,38,Newcastle,Watford,2025,5,29,2.7691622850770727,0.6777481144476435
14,38,City,Watford,2025,5,29,0.8874264339955837,0.8992575339693318
14,38,Wolverhampton,Watford,2025,5,29,2.3046263396594586,1.7264768558688985
14,38,Norwich,Watford,2025,5,29,2.691258935513172,0.874605702814942
14,38,Leeds,Watford,2025,5,29,1.693128781181468,0.4918405919167766
14,38,Liverpool,Watford,2025,5,29,2.4412815861128982,0.8826675069822884
14,38,Southampton,Watford,2025,5,29,1.7157708869861248,0.48664540649063787
14,38,Aston,Watford,2025,5,29,2.3405351642806065,0.9938354342211989
14,38,Islington,Watford,2025,5,29,1.7922646712698593,0.0001981623071445639
14,38,Chelsea,Watford,2025,5,29,1.2559174327452678,1.1788181721602489
14,38,Tottenham,Watford,2025,5,29,0.9951309041877795,1.2063270079879382
14,38,Brentford,Burnley,2025,5,29,1.402181878492052,0.6852690216979396
14,38,West Ham,Burnley,2025,5,29,1.3732916100104464,0.919543088835967
14,38,United,Burnley,2025,5,29,1.029112964570343,1.7005191748302173
14,38,Newcastle,Burnley,2025,5,29,2.2914131100545356,1.2328393793498726
14,38,City,Burnley,2025,5,29,-0.43614731920485794,1.8567860911759468
14,38,Wolverhampton,Burnley,2025,5,29,0.9013845145763819,2.639971512563761
14,38,Norwich,Burnley,2025,5,29,0.6932474850536806,1.723760998309262
14,38,Leeds,Burnley,2025,5,29,-0.06810507398819443,2.016856651428586
14,38,Liverpool,Burnley,2025,5,29,1.4388391691358142,1.566040671435023
14,38,Southampton,Burnley,2025,5,29,0.008361065777616045,0.8002867384841337
14,38,Aston,Burnley,2025,5,29,1.141459749493644,1.3585365423293503
14,38,Islington,Burnley,2025,5,29,0.37465105756109596,0.763844100318174
14,38,Chelsea,Burnley,2025,5,29,0.4267824729090215,1.7527737113913933
14,38,Tottenham,Burnley,2025,5,29,-0.41729966798629015,1.8435288912516554
14,38,West Ham,Brentford,2025,5,29,1.379067128824104,0.31148668538364954
14,38,United,Brentford,2025,5,29,0.5913539711584896,0.9837624028916272
14,38,Newcastle,Brentford,2025,5,29,1.8840748595300234,0.5257423016755389
14,38,City,Brentford,2025,5,29,0.8110107694860048,0.838354122975977
14,38,Wolverhampton,Brentford,2025,5,29,1.109464643131221,1.5223220906605894
14,38,Norwich,Brentford,2025,5,29,-0.32224974617359026,0.22767879416777334
14,38,Leeds,Brentford,2025,5,29,0.9804553202554188,0.5633211848848363
14,38,Liverpool,Brentford,2025,5,29,0.6732009983456358,0.14882705582739955
14,38,Southampton,Brentford,2025,5,29,0.08622974486190126,-0.09908657998419168
14,38,Aston,Brentford,2025,5,29,1.007985636552634,0.8822814433748919
14,38,Islington,Brentford,2025,5,29,0.27661920051849476,0.15332197896306649
14,38,Chelsea,Brentford,2025,5,29,0.5969902914218653,1.4999877845309082
14,38,Tottenham,Brentford,2025,5,29,-0.32734494668239067,1.066002854894731
14,38,United,West Ham,2025,5,29,1.2195041642265574,1.645942253324646
14,38,Newcastle,West Ham,2025,5,29,3.0901442071193737,0.647590567259291
14,38,City,West Ham,2025,5,29,0.9695570836796689,1.8767560825738658
14,38,Wolverhampton,West Ham,2025,5,29,1.234263315084038,2.9738531998518636
14,38,Norwich,West Ham,2025,5,29,0.35344097466081215,1.8679044848184652
14,38,Leeds,West Ham,2025,5,29,1.3396591737548584,1.7175213809890078
14,38,Liverpool,West Ham,2025,5,29,1.1986997585185761,2.4333788913216527
14,38,Southampton,West Ham,2025,5,29,0.756191120331552,0.7724275490187462
14,38,Aston,West Ham,2025,5,29,1.331617000409096,1.2511247454734875
14,38,Islington,West Ham,2025,5,29,0.7045805957364711,1.0454794252073523
14,38,Chelsea,West Ham,2025,5,29,1.0493697216947222,0.8768354210210154
14,38,Tottenham,West Ham,2025,5,29,0.03387937878978883,1.445791259425226
14,38,Newcastle,United,2025,5,29,1.860724949648329,0.27460177438936445
14,38,City,United,2025,5,29,0.1472807238666276,0.5113664891136134
14,38,Wolverhampton,United,2025,5,29,1.3149691239451875,0.5994360923970277
14,38,Norwich,United,2025,5,29,1.5216853996242607,0.6041771991147044
14,38,Leeds,United,2025,5,29,0.7862363021253693,0.488617150412998
14,38,Liverpool,United,2025,5,29,1.809055310111997,0.700385909336518
14,38,Southampton,United,2025,5,29,0.8426192164068629,0.6654439496291915
14,38,Aston,United,2025,5,29,1.5410616809930668,0.4325933044554208
14,38,Islington,United,2025,5,29,1.2228067481686236,0.44551265447471533
14,38,Chelsea,United,2025,5,29,0.6063756737514734,1.1326140990100657
14,38,Tottenham,United,2025,5,29,0.039739601763032095,0.10788840342830011
14,38,City,Newcastle,2025,5,29,0.12491087197241388,0.4101317195642948
14,38,Wolverhampton,Newcastle,2025,5,29,0.12522245731470136,0.6276957414856892
14,38,Norwich,Newcastle,2025,5,29,1.2001109390042242,0.0009357899252603076
14,38,Leeds,Newcastle,2025,5,29,0.6356124150814306,0.40505690236087943
14,38,Liverpool,Newcastle,2025,5,29,1.339699611978591,0.04079140804479825
14,38,Southampton,Newcastle,2025,5,29,0.7590661667944056,0.3316203603638122
14,38,Aston,Newcastle,2025,5,29,0.9537282934919667,0.5496610846787685
14,38,Islington,Newcastle,2025,5,29,0.9174813145147598,0.018586749096794957
14,38,Chelsea,Newcastle,2025,5,29,1.00920869260207,1.7755722948958699
14,38,Tottenham,Newcastle,2025,5,29,0.14382855203660952,0.5887747450429793
14,38,Wolverhampton,City,2025,5,29,0.8896694368975969,1.2563226541690702
14,38,Norwich,City,2025,5,29,0.37046278859614584,2.0691441305158857
14,38,Leeds,City,2025,5,29,0.9181374276901705,1.4488348080593403
14,38,Liverpool,City,2025,5,29,0.9196030424965891,1.4138041278879543
14,38,Southampton,City,2025,5,29,1.0024799006657399,1.3968239295974962
14,38,Aston,City,2025,5,29,1.055663505990616,1.653712741468997
14,38,Islington,City,2025,5,29,0.8072980225918824,1.0696955429578285
14,38,Chelsea,City,2025,5,29,0.6669347107195575,1.1256152788463818
14,38,Tottenham,City,2025,5,29,0.059255598405121845,0.8349248056601978
14,38,Norwich,Wolverhampton,2025,5,29,0.5657947699064433,0.5171052445135812
14,38,Leeds,Wolverhampton,2025,5,29,0.8812125864887536,1.3408964572490323
14,38,Liverpool,Wolverhampton,2025,5,29,1.4878801666904207,0.5381343085131141
14,38,Southampton,Wolverhampton,2025,5,29,1.1211759220857982,1.2448317154326307
14,38,Aston,Wolverhampton,2025,5,29,1.2238666942422747,0.9833773869051462
14,38,Islington,Wolverhampton,2025,5,29,1.0595754657143093,0.6786853664025441
14,38,Chelsea,Wolverhampton,2025,5,29,0.9805644259003579,1.3239468651173754
14,38,Tottenham,Wolverhampton,2025,5,29,-0.15610592016715832,0.15427112685419236
14,38,Leeds,Norwich,2025,5,29,0.8161345972246885,0.8797251928147523
14,38,Liverpool,Norwich,2025,5,29,0.26107867802807894,-0.06164429918767647
14,38,Southampton,Norwich,2025,5,29,0.5982429425200505,1.1737757851675745
14,38,Aston,Norwich,2025,5,29,-0.1121967564802117,0.40661498319529826
14,38,Islington,Norwich,2025,5,29,0.4354476094524607,-0.21313907124119127
14,38,Chelsea,Norwich,2025,5,29,0.7799536628001013,1.1288729715041053
14,38,Tottenham,Norwich,2025,5,29,-0.13066154831498983,0.20087027682996159
14,38,Liverpool,Leeds,2025,5,29,-0.42664373289362634,3.308246638248704
14,38,Southampton,Leeds,2025,5,29,-0.45656887127367907,1.4786762492803998
14,38,Aston,Leeds,2025,5,29,-0.14325349542374882,1.1887248690473002
14,38,Islington,Leeds,2025,5,29,-0.3142923509786316,0.11588663108110868
14,38,Chelsea,Leeds,2025,5,29,-0.10077699264449994,0.6234506704117806
14,38,Tottenham,Leeds,2025,5,29,-0.5631185126485356,0.7276368060166076
14,38,Southampton,Liverpool,2025,5,29,1.7777967704185555,0.7931949840566835
14,38,Aston,Liverpool,2025,5,29,1.4863460736920013,1.3087313245301717
14,38,Islington,Liverpool,2025,5,29,1.594831984574202,1.6253565037187567
14,38,Chelsea,Liverpool,2025,5,29,0.8821456056591166,1.297267374189432
14,38,Tottenham,Liverpool,2025,5,29,0.14268197589959083,2.7707519043837783
14,38,Aston,Southampton,2025,5,29,0.5997722732179732,2.5894545922011325
14,38,Islington,Southampton,2025,5,29,0.2582573877208934,1.3833014172875624
14,38,Chelsea,Southampton,2025,5,29,-0.18754191099151316,1.1138245282247472
14,38,Tottenham,Southampton,2025,5,29,-0.4565749175634464,1.8698834637250963
14,38,Islington,Aston,2025,5,29,-0.25510983959370365,0.8523817875947699
14,38,Chelsea,Aston,2025,5,29,0.15031339591614137,1.2179134759751062
14,38,Tottenham,Aston,2025,5,29,-0.5108066565387513,0.46734374642729143
14,38,Chelsea,Islington,2025,5,29,0.43729321894096446,1.0272572363847448
14,38,Tottenham,Islington,2025,5,29,-0.0817161789401356,0.7321237285549015
14,38,Tottenham,Chelsea,2025,5,29,-0.33669841733453715,0.7102461642914509
14,41,Brighton,Leicester,2025,5,29,0.9314684524457402,1.7800291258440684
14,41,Palace,Leicester,2025,5,29,0.5081562097472374,0.9305836844735462
14,41,Everton,Leicester,2025,5,29,0.9044061716004185,1.5147243887117285
14,41,Watford,Leicester,2025,5,29,2.4269714090800996,0.42802661216357435
14,41,Burnley,Leicester,2025,5,29,1.210463903170141,1.1377081862137532
14,41,Brentford,Leicester,2025,5,29,0.4246068496043677,0.36662876606392647
14,41,West Ham,Leicester,2025,5,29,1.9555994596296409,0.6402451622404002
14,41,United,Leicester,2025,5,29,1.2421620709471797,1.1163748403225735
14,41,Newcastle,Leicester,2025,5,29,2.7776720320301127,1.2791244170104776
14,41,City,Leicester,2025,5,29,1.0389330594684265,0.9272417429284956
14,41,Wolverhampton,Leicester,2025,5,29,1.3661130799489414,0.637772673020256
14,41,Norwich,Leicester,2025,5,29,1.0172367052724731,0.4895275196781658
14,41,Leeds,Leicester,2025,5,29,1.7318984930904004,0.5528241549347255
14,41,Liverpool,Leicester,2025,5,29,1.0507872146121988,0.9729937668248612
14,41,Southampton,Leicester,2025,5,29,1.2188281793166136,1.0142101524701264
14,41,Aston,Leicester,2025,5,29,1.243239542692574,0.9299826914686062
14,41,Islington,Leicester,2025,5,29,1.2015069599697963,0.8197277637727527
14,41,Chelsea,Leicester,2025,5,29,0.5692523030593859,1.3871588742843959
14,41,Tottenham,Leicester,2025,5,29,0.14816054112978977,0.7786336359697585
14,41,Palace,Brighton,2025,5,29,-0.12263904522774376,1.8282460633102426
14,41,Everton,Brighton,2025,5,29,0.9670314409131617,1.2085419721009127
14,41,Watford,Brighton,2025,5,29,0.16755576289311322,1.197518343972151
14,41,Burnley,Brighton,2025,5,29,0.464030302350652,1.7178933145364759
14,41,Brentford,Brighton,2025,5,29,0.6596600540215942,1.2940218984428988
14,41,West Ham,Brighton,2025,5,29,0.9777231291416182,1.799457348570132
14,41,United,Brighton,2025,5,29,-0.036028720662352604,1.837933944902899
14,41,Newcastle,Brighton,2025,5,29,0.6047443318973212,3.1455670851808017
14,41,City,Brighton,2025,5,29,0.7497585121195801,3.4230866203118535
14,41,Wolverhampton,Brighton,2025,5,29,0.5845538387867839,3.357110321011706
14,41,Norwich,Brighton,2025,5,29,-0.0037873516126442487,3.299889096675986
14,41,Leeds,Brighton,2025,5,29,0.617411755202804,1.7785081491740584
14,41,Liverpool,Brighton,2025,5,29,0.4196446318256829,3.912238167550588
14,41,Southampton,Brighton,2025,5,29,0.26944922184004266,2.0042021915636874
14,41,Aston,Brighton,2025,5,29,0.2009312502111803,2.9762460230038164
14,41,Islington,Brighton,2025,5,29,0.3498073607293698,2.0479484339686924
14,41,Chelsea,Brighton,2025,5,29,0.7636302863926756,1.2510316521904434
14,41,Tottenham,Brighton,2025,5,29,-0.09753742943133963,2.116797290678136
14,41,Everton,Palace,2025,5,29,0.7906207133212299,1.222321734039012
14,41,Watford,Palace,2025,5,29,2.5013194701902366,1.132911522302087
14,41,Burnley,Palace,2025,5,29,1.445982790771563,2.1115937726903513
14,41,Brentford,Palace,2025,5,29,1.9550488522783813,0.9368719758884223
14,41,West Ham,Palace,2025,5,29,2.191304632368478,0.8332726271951563
14,41,United,Palace,2025,5,29,1.7191466545407401,1.647649779810816
14,41,Newcastle,Palace,2025,5,29,2.7377479108572116,1.432648109529162
14,41,City,Palace,2025,5,29,0.18523240602245386,1.7155977696348117
14,41,Wolverhampton,Palace,2025,5,29,1.9958722617635964,2.5340814912073935
14,41,Norwich,Palace,2025,5,29,2.7738135809085818,0.9702670692119134
14,41,Leeds,Palace,2025,5,29,1.2032616689394275,1.4718635082466194
14,41,Liverpool,Palace,2025,5,29,2.378765493119825,2.2373530611738772
14,41,Southampton,Palace,2025,5,29,1.227967918255629,1.2451608395979863
14,41,Aston,Palace,2025,5,29,2.2007968222611436,1.3393575309026502
14,41,Islington,Palace,2025,5,29,1.206562290772999,0.7400533561699396
14,41,Chelsea,Palace,2025,5,29,0.7743970212313522,1.252609894536123
14,41,Tottenham,Palace,2025,5,29,0.33108241414575607,1.5636615422261686
14,41,Watford,Everton,2025,5,29,0.48169076514312104,0.3186097469260584
14,41,Burnley,Everton,2025,5,29,0.3580938964613654,1.0221430906896143
14,41,Brentford,Everton,2025,5,29,-0.1894450639947847,0.511390807290782
14,41,West Ham,Everton,2025,5,29,0.7401527297688039,0.4695029764404297
14,41,United,Everton,2025,5,29,0.11630663421362031,0.8675186661157175
14,41,Newcastle,Everton,2025,5,29,1.3002498876326734,0.6059023509842807
14,41,City,Everton,2025,5,29,0.6830588355552104,1.0571612686984264
14,41,Wolverhampton,Everton,2025,5,29,1.1878824419924476,1.0470224115901652
14,41,Norwich,Everton,2025,5,29,-0.7212870799581861,0.1645872520858658
14,41,Leeds,Everton,2025,5,29,0.489823735854613,0.1659989850140337
14,41,Liverpool,Everton,2025,5,29,-0.02487353439301824,0.944708256159438
14,41,Southampton,Everton,2025,5,29,-0.4730626540058039,0.3059959235732959
14,41,Aston,Everton,2025,5,29,0.5405707692660863,0.569792509989808
14,41,Islington,Everton,2025,5,29,-0.1293771240891218,0.5101774498266434
14,41,Chelsea,Everton,2025,5,29,0.0275558099422763,1.2486837574930705
14,41,Tottenham,Everton,2025,5,29,-0.6020307034777346,0.5371362364532624
14,41,Burnley,Watford,2025,5,29,1.9208619445950357,1.4631858571281755
14,41,Brentford,Watford,2025,5,29,2.0699095968253105,0.6015748309150044
14,41,West Ham,Watford,2025,5,29,2.2794697038817424,0.883887912601609
14,41,United,Watford,2025,5,29,1.9669343200872502,1.156975096483611
14,41,Newcastle,Watford,2025,5,29,2.758524478670704,1.2926993414115895
14,41,City,Watford,2025,5,29,0.88328859868528,1.408710281663802
14,41,Wolverhampton,Watford,2025,5,29,2.3046263396594586,2.2033499448553426
14,41,Norwich,Watford,2025,5,29,2.6862111833491404,1.108462903518756
14,41,Leeds,Watford,2025,5,29,1.69708131187448,0.6298355967284703
14,41,Liverpool,Watford,2025,5,29,2.4306437797065295,1.438165946264239
14,41,Southampton,Watford,2025,5,29,1.7051330805797558,0.7901882227406003
14,41,Aston,Watford,2025,5,29,2.333947385083769,1.2538200325223627
14,41,Islington,Watford,2025,5,29,1.7848109691945377,0.5657541520057034
14,41,Chelsea,Watford,2025,5,29,1.2455336673170037,1.33079228136324
14,41,Tottenham,Watford,2025,5,29,0.9881508136253054,1.5126633725381518
14,41,Brentford,Burnley,2025,5,29,1.394139570585219,0.9173532896793994
14,41,West Ham,Burnley,2025,5,29,1.3693749020784356,1.1751282825050366
14,41,United,Burnley,2025,5,29,1.0084803760540844,1.8138518487098452
14,41,Newcastle,Burnley,2025,5,29,2.2799672915073708,1.75376510214812
14,41,City,Burnley,2025,5,29,-0.46669786508899996,2.155328019828907
14,41,Wolverhampton,Burnley,2025,5,29,0.8887942339669566,2.9625613606093943
14,41,Norwich,Burnley,2025,5,29,0.6821972314770607,1.7934826619911914
14,41,Leeds,Burnley,2025,5,29,-0.0686182712798732,2.055006289242474
14,41,Liverpool,Burnley,2025,5,29,1.410640857271294,2.1747466370973374
14,41,Southampton,Burnley,2025,5,29,-0.003084752769548971,1.2424031821300658
14,41,Aston,Burnley,2025,5,29,1.1173114648386553,1.460328526219693
14,41,Islington,Burnley,2025,5,29,0.35086899938261,1.2594405671488218
14,41,Chelsea,Burnley,2025,5,29,0.41559069533996135,1.7712016428397497
14,41,Tottenham,Burnley,2025,5,29,-0.44133576714288075,2.012758959116308
14,41,West Ham,Brentford,2025,5,29,1.415979296231878,0.491688650002447
14,41,United,Brentford,2025,5,29,0.5378319273944969,1.064106801984871
14,41,Newcastle,Brentford,2025,5,29,1.8311139034674322,1.2025079224718942
14,41,City,Brentford,2025,5,29,0.8212890989416471,1.123095080597507
14,41,Wolverhampton,Brentford,2025,5,29,1.1650374533847145,1.81779004011313
14,41,Norwich,Brentford,2025,5,29,-0.3899166165045776,0.18544541414057644
14,41,Leeds,Brentford,2025,5,29,1.0173674876631924,0.5314024684557316
14,41,Liverpool,Brentford,2025,5,29,0.6034875489656901,0.899231416106929
14,41,Southampton,Brentford,2025,5,29,0.018167309560369146,0.3598773920030485
14,41,Aston,Brentford,2025,5,29,0.9653461773277862,0.9235296179564123
14,41,Islington,Brentford,2025,5,29,0.19622052558564193,0.7554867119741685
14,41,Chelsea,Brentford,2025,5,29,0.5844549582543458,1.4648917270806354
14,41,Tottenham,Brentford,2025,5,29,-0.38139488931780435,1.1948327281270852
14,41,United,West Ham,2025,5,29,1.2038733784606297,1.897666115639327
14,41,Newcastle,West Ham,2025,5,29,3.0610116142479855,1.4120451322348049
14,41,City,West Ham,2025,5,29,0.9494919278789706,2.2995928216754953
14,41,Wolverhampton,West Ham,2025,5,29,1.2270046014520717,3.342885381982236
14,41,Norwich,West Ham,2025,5,29,0.34933158020733956,2.011170691617591
14,41,Leeds,West Ham,2025,5,29,1.3214592021389566,1.7583952799193558
14,41,Liverpool,West Ham,2025,5,29,1.162912968794961,3.1399749527230125
14,41,Southampton,West Ham,2025,5,29,0.7262617954900342,1.2564044705902273
14,41,Aston,West Ham,2025,5,29,1.300210002122141,1.4953944541849324
14,41,Islington,West Ham,2025,5,29,0.6858003403083156,1.704626940941888
14,41,Chelsea,West Ham,2025,5,29,1.0196944378313098,0.8950457365947299
14,41,Tottenham,West Ham,2025,5,29,0.014845082383528637,1.607961910143913
14,41,Newcastle,United,2025,5,29,1.8585089745755348,0.8536048385458705
14,41,City,United,2025,5,29,0.14790700404600368,0.9820463068488416
14,41,Wolverhampton,United,2025,5,29,1.3149691239451875,1.0760323319201635
14,41,Norwich,United,2025,5,29,1.5250594787938037,0.6563801615313196
14,41,Leeds,United,2025,5,29,0.7949529483080614,0.49072760923661274
14,41,Liverpool,United,2025,5,29,1.806839335039203,1.4289112020311854
14,41,Southampton,United,2025,5,29,0.8404032413340687,1.113207455657233
14,41,Aston,United,2025,5,29,1.5410616809930668,0.550318655540506
14,41,Islington,United,2025,5,29,1.2208448140739343,0.9725074593233636
14,41,Chelsea,United,2025,5,29,0.604413739656784,1.1901471830006838
14,41,Tottenham,United,2025,5,29,0.03752362669023794,0.31990719541808976
14,41,City,Newcastle,2025,5,29,0.09293455064493768,1.055137540526917
14,41,Wolverhampton,Newcastle,2025,5,29,0.11263217670527574,1.2972837386154337
14,41,Norwich,Newcastle,2025,5,29,1.18763490998427,0.12005049971830291
14,41,Leeds,Newcastle,2025,5,29,0.6193749032708279,0.47723155003275286
14,41,Liverpool,Newcastle,2025,5,29,1.310075524670737,0.9082828105565584
14,41,Southampton,Newcastle,2025,5,29,0.7352995443686486,0.7958421982348727
14,41,Aston,Newcastle,2025,5,29,0.9266499454840357,0.7344635910880541
14,41,Islington,Newcastle,2025,5,29,0.8952035442458827,0.5878776628934137
14,41,Chelsea,Newcastle,2025,5,29,0.9856961111544181,1.9027406428940654
14,41,Tottenham,Newcastle,2025,5,29,0.11836667743668487,0.8881599104481306
14,41,Wolverhampton,City,2025,5,29,0.9570357957903876,1.6322656956200337
14,41,Norwich,City,2025,5,29,0.33531099229285416,2.158659238925644
14,41,Leeds,City,2025,5,29,0.9520439589797116,1.4608594630446345
14,41,Liverpool,City,2025,5,29,0.8714654006133264,2.2147635916440116
14,41,Southampton,City,2025,5,29,0.9543422587824776,1.963549826734339
14,41,Aston,City,2025,5,29,1.0380789376680741,1.7573360490555734
14,41,Islington,City,2025,5,29,0.7623444850396676,1.7501601472988373
14,41,Chelsea,City,2025,5,29,0.647193498823343,1.1252241356483206
14,41,Tottenham,City,2025,5,29,0.025691536889380417,0.9559422245081206
14,41,Norwich,Wolverhampton,2025,5,29,0.5691688490759862,0.7289274778350281
14,41,Leeds,Wolverhampton,2025,5,29,0.882533441333812,1.486844771751621
14,41,Liverpool,Wolverhampton,2025,5,29,1.4615159069626378,1.2515722262655966
14,41,Southampton,Wolverhampton,2025,5,29,1.1115641556753706,1.7433752954990298
14,41,Aston,Wolverhampton,2025,5,29,1.199718409587286,1.2478471824482849
14,41,Islington,Wolverhampton,2025,5,29,1.0502177402819866,1.2054204660523724
14,41,Chelsea,Wolverhampton,2025,5,29,0.9712067004680355,1.4857633637884873
14,41,Tottenham,Wolverhampton,2025,5,29,-0.16571768657758587,0.49980388617102667
14,41,Leeds,Norwich,2025,5,29,0.8425214077743176,0.9930568083447245
14,41,Liverpool,Norwich,2025,5,29,0.20882527790496708,0.8797252201739418
14,41,Southampton,Norwich,2025,5,29,0.5350945139616812,1.8008430157914748
14,41,Aston,Norwich,2025,5,29,-0.13888045435783491,0.6356128486345325
14,41,Islington,Norwich,2025,5,29,0.3708579696980282,0.4130560388857144
14,41,Chelsea,Norwich,2025,5,29,0.7572308571368029,1.2530243104563603
14,41,Tottenham,Norwich,2025,5,29,-0.17344058274481128,0.5044217956273062
14,41,Liverpool,Leeds,2025,5,29,-0.46470959579013943,4.158302779157451
14,41,Southampton,Leeds,2025,5,29,-0.49463473417019194,1.9503402617124852
14,41,Aston,Leeds,2025,5,29,-0.15607942030190186,1.4781420068242455
14,41,Islington,Leeds,2025,5,29,-0.3521041728970398,0.7863994980144643
14,41,Chelsea,Leeds,2025,5,29,-0.0984172326459416,0.7776526950868531
14,41,Tottenham,Leeds,2025,5,29,-0.5745816022695044,1.050751901598805
14,41,Southampton,Liverpool,2025,5,29,1.7617230223462912,1.43576163764727
14,41,Aston,Liverpool,2025,5,29,1.4724883006925311,1.499275448121227
14,41,Islington,Liverpool,2025,5,29,1.5790122774800426,2.4311339011836104
14,41,Chelsea,Liverpool,2025,5,29,0.8663258985649571,1.423752528637427
14,41,Tottenham,Liverpool,2025,5,29,0.12660822782732647,2.970606773932666
14,41,Aston,Southampton,2025,5,29,0.5989755412478436,2.7350112428679223
14,41,Islington,Southampton,2025,5,29,0.26302783227122867,2.030309615365724
14,41,Chelsea,Southampton,2025,5,29,-0.18277146644117803,1.0555509188896908
14,41,Tottenham,Southampton,2025,5,29,-0.44714148665990056,1.9302770763016233
14,41,Islington,Aston,2025,5,29,-0.32427113720437384,1.5540174925718846
14,41,Chelsea,Aston,2025,5,29,0.14901544007080453,1.2994422918090553
14,41,Tottenham,Aston,2025,5,29,-0.5499615060080875,0.7107716049622437
14,41,Chelsea,Islington,2025,5,29,0.4125860172593598,1.1531493388079332
14,41,Tottenham,Islington,2025,5,29,-0.1047149579301186,0.9778813824697195
14,41,Tottenham,Chelsea,2025,5,29,-0.37050442875260986,0.8957727929570145
14,44,Brighton,Leicester,2025,5,29,0.8763962525545715,1.6991450386010152
14,44,Palace,Leicester,2025,5,29,1.1788249219614113,0.7789264463996443
14,44,Everton,Leicester,2025,5,29,1.5396140844489217,1.3924079207662305
14,44,Watford,Leicester,2025,5,29,3.005415682744709,0.3906876884701495
14,44,Burnley,Leicester,2025,5,29,1.7367739068614134,1.2214049196547743
14,44,Brentford,Leicester,2025,5,29,1.5662882516231664,0.253648614483476
14,44,West Ham,Leicester,2025,5,29,2.2272589542634504,0.510497592111184
14,44,United,Leicester,2025,5,29,1.863966305406392,1.0184284148478229
14,44,Newcastle,Leicester,2025,5,29,2.9254151275264575,1.142859537015896
14,44,City,Leicester,2025,5,29,1.1056718071363523,0.9560845389440452
14,44,Wolverhampton,Leicester,2025,5,29,1.9661847023848074,0.6765934400589427
14,44,Norwich,Leicester,2025,5,29,1.8366467806680895,0.45168992690234844
14,44,Leeds,Leicester,2025,5,29,2.0178015637308486,0.49612317587997473
14,44,Liverpool,Leicester,2025,5,29,1.5831573674611588,0.8159757324746966
14,44,Southampton,Leicester,2025,5,29,1.7507503033192915,0.8916572571431315
14,44,Aston,Leicester,2025,5,29,1.6588579579593248,0.8255667387042352
14,44,Islington,Leicester,2025,5,29,2.165237294168588,0.6968053364831953
14,44,Chelsea,Leicester,2025,5,29,1.2131399700986583,1.350548727631381
14,44,Tottenham,Leicester,2025,5,29,0.7070576553505993,0.8243484721295844
14,44,Palace,Brighton,2025,5,29,-0.10156387194569469,1.5559025488524199
14,44,Everton,Brighton,2025,5,29,1.1096419458247067,1.056344778809206
14,44,Watford,Brighton,2025,5,29,-0.014291303718425854,1.0493417477454978
14,44,Burnley,Brighton,2025,5,29,0.45056232017430287,1.6107413396569947
14,44,Brentford,Brighton,2025,5,29,0.8857355323496474,1.171163166724606
14,44,West Ham,Brighton,2025,5,29,0.8242261928289419,1.5303032119546038
14,44,United,Brighton,2025,5,29,0.15168481786249663,1.6130808937884946
14,44,Newcastle,Brighton,2025,5,29,0.5073077819385453,2.8971851155011423
14,44,City,Brighton,2025,5,29,0.5936668039508779,3.264032782453901
14,44,Wolverhampton,Brighton,2025,5,29,0.6257120070925509,3.192736709395471
14,44,Norwich,Brighton,2025,5,29,0.06195961589483928,3.217544712737256
14,44,Leeds,Brighton,2025,5,29,0.36285851842100786,1.5999231881553497
14,44,Liverpool,Brighton,2025,5,29,0.4118502125798065,3.7412723629860456
14,44,Southampton,Brighton,2025,5,29,0.1953620597195423,1.7546848594419775
14,44,Aston,Brighton,2025,5,29,0.2155609090103538,2.7622897405399107
14,44,Islington,Brighton,2025,5,29,0.4058670110086719,1.785619440192823
14,44,Chelsea,Brighton,2025,5,29,0.842117791732194,1.1926873381574998
14,44,Tottenham,Brighton,2025,5,29,-0.04906167206756186,1.9696234621899338
14,44,Everton,Palace,2025,5,29,0.9065476919424449,1.099390293289607
14,44,Watford,Palace,2025,5,29,2.659779081891934,1.0938962371793663
14,44,Burnley,Palace,2025,5,29,1.8038210994166342,2.0203805632474827
14,44,Brentford,Palace,2025,5,29,2.517557377865121,0.8360811816299781
14,44,West Ham,Palace,2025,5,29,2.418198492414371,0.7054371982409914
14,44,United,Palace,2025,5,29,1.9654526548457727,1.5564365703679466
14,44,Newcastle,Palace,2025,5,29,2.744650586713107,1.2957682567306725
14,44,City,Palace,2025,5,29,0.2158207606908598,1.5915642198582127
14,44,Wolverhampton,Palace,2025,5,29,2.021258789618229,2.410167189800754
14,44,Norwich,Palace,2025,5,29,2.678729038233759,0.9318145036321891
14,44,Leeds,Palace,2025,5,29,1.5494160702727497,1.4166152340965734
14,44,Liverpool,Palace,2025,5,29,2.3045429979593783,2.0811582760410694
14,44,Southampton,Palace,2025,5,29,1.27020361235362,1.1347973015929973
14,44,Aston,Palace,2025,5,29,2.1594255260736834,1.2358785985332057
14,44,Islington,Palace,2025,5,29,1.472238032038233,0.6165159560764749
14,44,Chelsea,Palace,2025,5,29,0.7472648573584235,1.2015190563278997
14,44,Tottenham,Palace,2025,5,29,0.3684879835913333,1.443413888380575
14,44,Watford,Everton,2025,5,29,0.45247614766052924,0.2865204477763767
14,44,Burnley,Everton,2025,5,29,0.5633781116410643,1.0766778680581575
14,44,Brentford,Everton,2025,5,29,0.3128482117974278,0.3637904930613844
14,44,West Ham,Everton,2025,5,29,0.6787591613161047,0.3224164558842917
14,44,United,Everton,2025,5,29,0.36315601731037855,0.7299789749906466
14,44,Newcastle,Everton,2025,5,29,1.2095066033555901,0.4826352537400992
14,44,City,Everton,2025,5,29,0.6074121890533251,1.0758459440564385
14,44,Wolverhampton,Everton,2025,5,29,1.4368763086135272,1.105484621083834
14,44,Norwich,Everton,2025,5,29,-0.4338655870673331,0.10941070888312655
14,44,Leeds,Everton,2025,5,29,0.2881632104818299,0.07371554979174508
14,44,Liverpool,Everton,2025,5,29,0.12882998802322157,0.8235254571010087
14,44,Southampton,Everton,2025,5,29,-0.37794304257196726,0.17899023655727117
14,44,Aston,Everton,2025,5,29,0.6612883096068721,0.4280273720153957
14,44,Islington,Everton,2025,5,29,0.20152975516936084,0.3918072461955656
14,44,Chelsea,Everton,2025,5,29,0.39501646491824377,1.2164930949047656
14,44,Tottenham,Everton,2025,5,29,-0.33613414244507395,0.5545436387488192
14,44,Burnley,Watford,2025,5,29,2.2261813968313837,1.3662899280942613
14,44,Brentford,Watford,2025,5,29,2.537179845923226,0.4643117598940189
14,44,West Ham,Watford,2025,5,29,2.4295561336511082,0.7274154734911438
14,44,United,Watford,2025,5,29,2.1206398762424468,1.0186289718541783
14,44,Newcastle,Watford,2025,5,29,2.7579134999197388,1.1574166881245054
14,44,City,Watford,2025,5,29,0.8853100216720297,1.2365245255507515
14,44,Wolverhampton,Watford,2025,5,29,2.270900535654625,2.0651782595466828
14,44,Norwich,Watford,2025,5,29,2.574260586203637,1.0383174118364358
14,44,Leeds,Watford,2025,5,29,1.9828183269208832,0.5436596721587845
14,44,Liverpool,Watford,2025,5,29,2.356300192471996,1.2793872848021772
14,44,Southampton,Watford,2025,5,29,1.7216850891718671,0.6320682149227337
14,44,Aston,Watford,2025,5,29,2.261110509562384,1.1076433967155728
14,44,Islington,Watford,2025,5,29,1.951719931548274,0.43808671784244585
14,44,Chelsea,Watford,2025,5,29,1.2010306455201434,1.2969941817101545
14,44,Tottenham,Watford,2025,5,29,1.0078584168640674,1.3934265476666348
14,44,Brentford,Burnley,2025,5,29,1.9801388766832924,0.8220766736912498
14,44,West Ham,Burnley,2025,5,29,1.5759415727086583,1.0961216204364799
14,44,United,Burnley,2025,5,29,1.3234918330575511,1.7311760811993626
14,44,Newcastle,Burnley,2025,5,29,2.2453218804544295,1.6652539124486188
14,44,City,Burnley,2025,5,29,-0.42934266955533296,2.0709539194480415
14,44,Wolverhampton,Burnley,2025,5,29,1.034268706900403,2.882795244170847
14,44,Norwich,Burnley,2025,5,29,0.7374775068110007,1.8014819890712737
14,44,Leeds,Burnley,2025,5,29,0.16956419723774538,2.0085658403394917
14,44,Liverpool,Burnley,2025,5,29,1.412934127699565,2.0562690859113633
14,44,Southampton,Burnley,2025,5,29,0.08697050520708843,1.1767403841219946
14,44,Aston,Burnley,2025,5,29,1.2246879372864152,1.3606654392501603
14,44,Islington,Burnley,2025,5,29,0.5967782871830614,1.1808210023070074
14,44,Chelsea,Burnley,2025,5,29,0.4950403452065157,1.747303306595767
14,44,Tottenham,Burnley,2025,5,29,-0.38824300879922036,1.9038751053141074
14,44,West Ham,Brentford,2025,5,29,1.0639924602159885,0.40660466464545714
14,44,United,Brentford,2025,5,29,0.6090053761455809,0.9706392092451358
14,44,Newcastle,Brentford,2025,5,29,1.4563572098552975,1.106845455862424
14,44,City,Brentford,2025,5,29,0.5360827169778805,1.034524381470876
14,44,Wolverhampton,Brentford,2025,5,29,1.1042152433430612,1.7308726467646147
14,44,Norwich,Brentford,2025,5,29,-0.3869284944696378,0.189744292158027
14,44,Leeds,Brentford,2025,5,29,0.599320775602338,0.4776882517138416
14,44,Liverpool,Brentford,2025,5,29,0.43296620851655676,0.780753864920954
14,44,Southampton,Brentford,2025,5,29,-0.059054592074192794,0.2865107620561827
14,44,Aston,Brentford,2025,5,29,0.835129880323793,0.8200506855869677
14,44,Islington,Brentford,2025,5,29,0.23087423930020357,0.6731666980697235
14,44,Chelsea,Brentford,2025,5,29,0.5888222837730797,1.4338421139266841
14,44,Tottenham,Brentford,2025,5,29,-0.3274097642547536,1.079619283931834
14,44,United,West Ham,2025,5,29,1.5953246354531905,1.6522332668335138
14,44,Newcastle,West Ham,2025,5,29,2.913678428182128,1.1390429047707857
14,44,City,West Ham,2025,5,29,0.9124829913871603,2.1066211965488373
14,44,Wolverhampton,West Ham,2025,5,29,1.4909426810673312,3.1695860761187777
14,44,Norwich,West Ham,2025,5,29,0.8296722496317128,1.9026048592841782
14,44,Leeds,West Ham,2025,5,29,1.375545659597845,1.565520748707803
14,44,Liverpool,West Ham,2025,5,29,1.3655662807794537,2.9646834426216446
14,44,Southampton,West Ham,2025,5,29,1.0529233727191958,0.9753919366068997
14,44,Aston,West Ham,2025,5,29,1.6629643769079925,1.2546476431977385
14,44,Islington,West Ham,2025,5,29,1.2133837770811682,1.4379676728567374
14,44,Chelsea,West Ham,2025,5,29,1.3811539961533386,0.8160568053469333
14,44,Tottenham,West Ham,2025,5,29,0.4553895032837054,1.4439111811379173
14,44,Newcastle,United,2025,5,29,1.957432000201368,0.7167249857473811
14,44,City,United,2025,5,29,0.1715301988067384,1.0160286655995365
14,44,Wolverhampton,United,2025,5,29,1.4679522840439656,1.1061269429426928
14,44,Norwich,United,2025,5,29,1.5152420449184105,0.6179275959515956
14,44,Leeds,United,2025,5,29,1.178649715784086,0.4349636505767883
14,44,Liverpool,United,2025,5,29,1.8265086736667027,1.2670489343725044
14,44,Southampton,United,2025,5,29,0.9955656569527224,0.9926537545184676
14,44,Aston,United,2025,5,29,1.5261618770739707,0.44683972317106063
14,44,Islington,United,2025,5,29,1.4624694832210499,0.8489700592298993
14,44,Chelsea,United,2025,5,29,0.5720445845515543,1.1390563447924604
14,44,Tottenham,United,2025,5,29,0.04853158194647989,0.3536684540016651
14,44,City,Newcastle,2025,5,29,0.11510424401914686,1.0672287251922106
14,44,Wolverhampton,Newcastle,2025,5,29,0.03188035163243925,1.3264482050907656
14,44,Norwich,Newcastle,2025,5,29,0.9986898562665013,0.05877661550597854
14,44,Leeds,Newcastle,2025,5,29,0.8215617180145617,0.3995764172875264
14,44,Liverpool,Newcastle,2025,5,29,1.2104972445515056,0.7511578808765522
14,44,Southampton,Newcastle,2025,5,29,0.7865917695353838,0.659064805536579
14,44,Aston,Newcastle,2025,5,29,0.8106625140385763,0.6090934846332078
14,44,Islington,Newcastle,2025,5,29,0.9247977828432415,0.46341011825275047
14,44,Chelsea,Newcastle,2025,5,29,0.9730453447484321,1.850719660138644
14,44,Tottenham,Newcastle,2025,5,29,0.12979261532440842,0.8990998503991066
14,44,Wolverhampton,City,2025,5,29,1.1726727759503779,1.610478469582767
14,44,Norwich,City,2025,5,29,0.6975428336259634,2.1036867516481577
14,44,Leeds,City,2025,5,29,0.8974012805062626,1.4099994925895702
14,44,Liverpool,City,2025,5,29,1.0519027525038698,2.0363814022875704
14,44,Southampton,City,2025,5,29,1.2101512152408425,1.831368386450206
14,44,Aston,City,2025,5,29,1.1450285897528407,1.6473303830510657
14,44,Islington,City,2025,5,29,1.1450851736597816,1.616629559142675
14,44,Chelsea,City,2025,5,29,1.0846497002981093,1.0780058281287006
14,44,Tottenham,City,2025,5,29,0.38606498476825746,0.952718822299357
14,44,Norwich,Wolverhampton,2025,5,29,0.7457046877450905,0.6883978613085958
14,44,Leeds,Wolverhampton,2025,5,29,0.9024781151764852,1.433907750349849
14,44,Liverpool,Wolverhampton,2025,5,29,1.3114407086076827,1.0897099586069157
14,44,Southampton,Wolverhampton,2025,5,29,1.2587611513904424,1.6269460220651994
14,44,Aston,Wolverhampton,2025,5,29,1.1661257635440352,1.1407571417239772
14,44,Islington,Wolverhampton,2025,5,29,1.2795609624283135,1.0782719576040452
14,44,Chelsea,Wolverhampton,2025,5,29,0.9281225974909619,1.4485382443315653
14,44,Tottenham,Wolverhampton,2025,5,29,-0.011377669281177888,0.5595742380873265
14,44,Leeds,Norwich,2025,5,29,0.6975737095124557,0.9412037813188568
14,44,Liverpool,Norwich,2025,5,29,0.43216076063581504,0.7118126217583729
14,44,Southampton,Norwich,2025,5,29,0.7507285665272124,1.6710556828204695
14,44,Aston,Norwich,2025,5,29,0.013414900144425193,0.5296068022861299
14,44,Islington,Norwich,2025,5,29,0.6803523891432856,0.27727106743268654
14,44,Chelsea,Norwich,2025,5,29,1.1234333655288087,1.207494476945685
14,44,Tottenham,Norwich,2025,5,29,0.07096585540665327,0.5616551747032096
14,44,Liverpool,Leeds,2025,5,29,-0.2913125970558393,3.988138674538447
14,44,Southampton,Leeds,2025,5,29,-0.31549778889844715,1.7659261536215098
14,44,Aston,Leeds,2025,5,29,-0.055298803292806585,1.335509961869362
14,44,Islington,Leeds,2025,5,29,-0.0441071290342251,0.6155309999500719
14,44,Chelsea,Leeds,2025,5,29,0.21351352693550907,0.7208822790954634
14,44,Tottenham,Leeds,2025,5,29,-0.27360472766361327,1.0380984906044979
14,44,Southampton,Liverpool,2025,5,29,2.109377657804957,1.3311801797096505
14,44,Aston,Liverpool,2025,5,29,1.7712930684244386,1.402139475130652
14,44,Islington,Liverpool,2025,5,29,2.408439493119885,2.324646831402105
14,44,Chelsea,Liverpool,2025,5,29,1.3570736702520316,1.3931628485885008
14,44,Tottenham,Liverpool,2025,5,29,0.5297216231650486,2.8659633846332655
14,44,Aston,Southampton,2025,5,29,0.7512942218229194,2.5178898550090048
14,44,Islington,Southampton,2025,5,29,0.7131972760242928,1.7621449431603275
14,44,Chelsea,Southampton,2025,5,29,0.28722715519406855,0.9970631458011907
14,44,Tottenham,Southampton,2025,5,29,-0.05877908120647321,1.7986857461338972
14,44,Islington,Aston,2025,5,29,-0.06746598392514846,1.4460843570246136
14,44,Chelsea,Aston,2025,5,29,0.37963196699508595,1.2827183305114302
14,44,Tottenham,Aston,2025,5,29,-0.33281322151764303,0.7740028468433138
14,44,Chelsea,Islington,2025,5,29,0.7555178079939958,1.1092906052605505
14,44,Tottenham,Islington,2025,5,29,0.13756399024750848,0.858331723207884
14,44,Tottenham,Chelsea,2025,5,29,-0.15923634252643015,0.9342301879408276
14,47,Brighton,Leicester,2025,5,29,0.8055220726368645,1.5195475105064564
14,47,Palace,Leicester,2025,5,29,1.1572182131945379,0.5961603263420244
14,47,Everton,Leicester,2025,5,29,1.6002518248230078,1.2274135477880954
14,47,Watford,Leicester,2025,5,29,3.0639990220169184,0.12513142660843835
14,47,Burnley,Leicester,2025,5,29,1.8150378338415722,0.9312211206552089
14,47,Brentford,Leicester,2025,5,29,1.6938196497541587,-0.0006903772612569087
14,47,West Ham,Leicester,2025,5,29,2.175769477486745,0.321246393283377
14,47,United,Leicester,2025,5,29,1.8127727131966347,0.7449994026872485
14,47,Newcastle,Leicester,2025,5,29,2.8739256507497513,1.0871705834279577
14,47,City,Leicester,2025,5,29,1.0397719080259515,0.7589356902111889
14,47,Wolverhampton,Leicester,2025,5,29,1.877684335861028,0.4042182894975036
14,47,Norwich,Leicester,2025,5,29,1.912984586589325,0.49602995182874404
14,47,Leeds,Leicester,2025,5,29,1.9839382735602158,0.34890948022065743
14,47,Liverpool,Leicester,2025,5,29,1.6398145856744446,0.5139961121597683
14,47,Southampton,Leicester,2025,5,29,1.7805105805967771,0.6156069507763516
14,47,Aston,Leicester,2025,5,29,1.587983778041618,0.5801103377916347
14,47,Islington,Leicester,2025,5,29,2.1806414751487884,0.5140466501043278
14,47,Chelsea,Leicester,2025,5,29,1.2697971883119439,1.2607700721717832
14,47,Tottenham,Leicester,2025,5,29,0.7051315342916754,0.5550938047828675
14,47,Palace,Brighton,2025,5,29,-0.1984640423119304,1.3546705705724016
14,47,Everton,Brighton,2025,5,29,1.1404167327007744,0.9476454990283116
14,47,Watford,Brighton,2025,5,29,-0.06454977243704839,0.9147837327362539
14,47,Burnley,Brighton,2025,5,29,0.4905155256943066,1.3354399453843617
14,47,Brentford,Brighton,2025,5,29,0.9272528652797508,0.9851221311022365
14,47,West Ham,Brighton,2025,5,29,0.7920530513088041,1.3403473575433593
14,47,United,Brighton,2025,5,29,0.12009775351579166,1.3925286314668692
14,47,Newcastle,Brighton,2025,5,29,0.4830397550927975,2.82520921027175
14,47,City,Brighton,2025,5,29,0.553045894468604,2.9789534315067203
14,47,Wolverhampton,Brighton,2025,5,29,0.5270703602839477,2.8906229391044134
14,47,Norwich,Brighton,2025,5,29,0.05244364906249738,3.2589230682558323
14,47,Leeds,Brighton,2025,5,29,0.31163661947911636,1.5138948379863242
14,47,Liverpool,Brighton,2025,5,29,0.3888554897036048,3.4076573336540332
14,47,Southampton,Brighton,2025,5,29,0.1438289616194662,1.6408597890933716
14,47,Aston,Brighton,2025,5,29,0.1620184109854527,2.575712524952984
14,47,Islington,Brighton,2025,5,29,0.3366413919736396,1.5650671778711975
14,47,Chelsea,Brighton,2025,5,29,0.8427125406676916,1.0939720316861499
14,47,Tottenham,Brighton,2025,5,29,-0.11732368044209308,1.7870834628477423
14,47,Everton,Palace,2025,5,29,0.9315594040206494,0.8651797632324788
14,47,Watford,Palace,2025,5,29,3.158373102548186,0.839501407453688
14,47,Burnley,Palace,2025,5,29,2.367111897672323,1.6221693635695205
14,47,Brentford,Palace,2025,5,29,3.0808481761208077,0.5058758116132419
14,47,West Ham,Palace,2025,5,29,2.911702472910632,0.47376561145647633
14,47,United,Palace,2025,5,29,2.4222359382014442,1.2960653649605158
14,47,Newcastle,Palace,2025,5,29,3.2226704204798224,1.2256891407887447
14,47,City,Palace,2025,5,29,0.19100279756164265,1.3090863137819346
14,47,Wolverhampton,Palace,2025,5,29,2.4567420327881604,1.983246824816901
14,47,Norwich,Palace,2025,5,29,3.170869101727684,0.976154528558584
14,47,Leeds,Palace,2025,5,29,1.5538746148300178,1.2888711515542768
14,47,Liverpool,Palace,2025,5,29,2.798046978455639,1.6216185464090174
14,47,Southampton,Palace,2025,5,29,1.2485259717663233,0.8926067706972257
14,47,Aston,Palace,2025,5,29,2.6139339634591092,1.0098918107376256
14,47,Islington,Palace,2025,5,29,1.4328678705159796,0.39856513862575205
14,47,Chelsea,Palace,2025,5,29,0.7410401197788741,0.9578961763164349
14,47,Tottenham,Palace,2025,5,29,0.30694932332152686,1.135002414225234
14,47,Watford,Everton,2025,5,29,0.21218090708700416,-0.04792700450362532
14,47,Burnley,Everton,2025,5,29,0.5433174438008382,0.7191203190318239
14,47,Brentford,Everton,2025,5,29,0.3505027830701718,0.0405603108983599
14,47,West Ham,Everton,2025,5,29,0.49243749884485283,0.132083592108221
14,47,United,Everton,2025,5,29,0.1517244317014789,0.4346663291639421
14,47,Newcastle,Everton,2025,5,29,0.9894441303589782,0.44864015432320087
14,47,City,Everton,2025,5,29,0.41264275861993727,0.8791328707668412
14,47,Wolverhampton,Everton,2025,5,29,1.2071571584042566,0.7657357204956273
14,47,Norwich,Everton,2025,5,29,-0.5539375558805304,0.17544458798056162
14,47,Leeds,Everton,2025,5,29,0.05797191651035851,-0.07457981081583553
14,47,Liverpool,Everton,2025,5,29,0.08843044323416288,0.4541720867593117
14,47,Southampton,Everton,2025,5,29,-0.5131913595488578,-0.12373281939170391
14,47,Aston,Everton,2025,5,29,0.47666830818130335,0.18107993527737953
14,47,Islington,Everton,2025,5,29,0.050193310829407575,0.2094843352599585
14,47,Chelsea,Everton,2025,5,29,0.3617968562732809,1.0801426581362659
14,47,Tottenham,Everton,2025,5,29,-0.4474969730435429,0.23871719009319992
14,47,Burnley,Watford,2025,5,29,2.7470106703059827,1.2173436099079944
14,47,Brentford,Watford,2025,5,29,3.058009119397825,0.32619693468296745
14,47,West Ham,Watford,2025,5,29,2.9004596467339896,0.5823709345965082
14,47,United,Watford,2025,5,29,2.5649073234428026,0.7903875953454833
14,47,Newcastle,Watford,2025,5,29,3.1809559727500503,1.0850342988036898
14,47,City,Watford,2025,5,29,0.8378915911294329,1.0845633124697742
14,47,Wolverhampton,Watford,2025,5,29,2.6927340992344133,1.8963197570103678
14,47,Norwich,Watford,2025,5,29,3.023939124916474,1.0803541633839417
14,47,Leeds,Watford,2025,5,29,1.9646764040647715,0.4302051192051763
14,47,Liverpool,Watford,2025,5,29,2.827203705554877,1.078890393336369
14,47,Southampton,Watford,2025,5,29,1.6575459238034822,0.4909777670931746
14,47,Aston,Watford,2025,5,29,2.7019692673576676,0.8890418239743354
14,47,Islington,Watford,2025,5,29,1.8573724090896166,0.2861255047614684
14,47,Chelsea,Watford,2025,5,29,1.152344383159506,1.272563111909547
14,47,Tottenham,Watford,2025,5,29,0.9338039204389441,1.2616905237419351
14,47,Brentford,Burnley,2025,5,29,2.5034025757295226,0.4786622990819733
14,47,West Ham,Burnley,2025,5,29,2.029598923655223,0.8685498618780986
14,47,United,Burnley,2025,5,29,1.7344130742603956,1.4788473491445933
14,47,Newcastle,Burnley,2025,5,29,2.6652384208756335,1.6032172698593523
14,47,City,Burnley,2025,5,29,-0.5024550301963836,1.796518486724427
14,47,Wolverhampton,Burnley,2025,5,29,1.4456624135437741,2.4474754655967708
14,47,Norwich,Burnley,2025,5,29,1.086460010472448,1.85386448735033
14,47,Leeds,Burnley,2025,5,29,0.0726802941390237,1.8840546401475384
14,47,Liverpool,Burnley,2025,5,29,1.8581437106839929,1.5842301144629558
14,47,Southampton,Burnley,2025,5,29,-0.09754528292063591,0.88751201218204
14,47,Aston,Burnley,2025,5,29,1.663554606107417,1.1335595178012456
14,47,Islington,Burnley,2025,5,29,0.3961743716922746,0.9709126582089463
14,47,Chelsea,Burnley,2025,5,29,0.4291079207095608,1.4872385396414185
14,47,Tottenham,Burnley,2025,5,29,-0.5488733105485235,1.582964389342409
14,47,West Ham,Brentford,2025,5,29,0.9149869153253604,0.254095907287982
14,47,United,Brentford,2025,5,29,0.4266442819908383,0.7106983431192592
14,47,Newcastle,Brentford,2025,5,29,1.272006460867416,1.0811573900725868
14,47,City,Brentford,2025,5,29,0.34919336420366764,0.8957363934471927
14,47,Wolverhampton,Brentford,2025,5,29,0.8807717772210718,1.3905189295958968
14,47,Norwich,Brentford,2025,5,29,-0.49467771207064354,0.276023040518745
14,47,Leeds,Brentford,2025,5,29,0.38365079184461426,0.3455649174507812
14,47,Liverpool,Brentford,2025,5,29,0.4214440702385314,0.3997383097513761
14,47,Southampton,Brentford,2025,5,29,-0.18198015783889188,-0.007468046359957476
14,47,Aston,Brentford,2025,5,29,0.6795803703523833,0.5896846460706237
14,47,Islington,Brentford,2025,5,29,0.07590005630326292,0.5343787100460407
14,47,Chelsea,Brentford,2025,5,29,0.6072748890060262,1.2437495857772929
14,47,Tottenham,Brentford,2025,5,29,-0.44905156606478297,0.7852048956134108
14,47,United,West Ham,2025,5,29,1.4624094566256831,1.4402216888859787
14,47,Newcastle,West Ham,2025,5,29,2.82900430908169,1.0780711423018732
14,47,City,West Ham,2025,5,29,0.7835197916263521,1.8909409194410212
14,47,Wolverhampton,West Ham,2025,5,29,1.3189448252637261,2.894752903450642
14,47,Norwich,West Ham,2025,5,29,0.7851089019759078,1.954987357563235
14,47,Leeds,West Ham,2025,5,29,1.2255710186326476,1.4802618225027302
14,47,Liverpool,West Ham,2025,5,29,1.3973689550789203,2.6502533120730014
14,47,Southampton,West Ham,2025,5,29,0.966286735963896,0.8657673848975316
14,47,Aston,West Ham,2025,5,29,1.5588604772549661,1.0722108918597368
14,47,Islington,West Ham,2025,5,29,1.1088187528208377,1.2683764828659103
14,47,Chelsea,West Ham,2025,5,29,1.4627924713314855,0.6783095819323924
14,47,Tottenham,West Ham,2025,5,29,0.3339261456500772,1.262171304557419
14,47,Newcastle,United,2025,5,29,2.4165600402506904,0.6466458698054532
14,47,City,United,2025,5,29,0.10443118055619233,0.7727907297496909
14,47,Wolverhampton,United,2025,5,29,1.883754939505945,0.7454910035609311
14,47,Norwich,United,2025,5,29,1.9833500283244236,0.6622676208779906
14,47,Leeds,United,2025,5,29,1.116006331141559,0.2510403834540924
14,47,Liverpool,United,2025,5,29,2.2777315990416342,0.8768085252372535
14,47,Southampton,United,2025,5,29,0.9033345654655253,0.6942840390422994
14,47,Aston,United,2025,5,29,1.960989726751446,0.16467375079508126
14,47,Islington,United,2025,5,29,1.3525458707988969,0.651821210497043
14,47,Chelsea,United,2025,5,29,0.5200872701505713,0.9610169005125382
14,47,Tottenham,United,2025,5,29,-0.037827952401792694,0.04224208495161355
14,47,City,Newcastle,2025,5,29,0.039363117852967804,0.8031888206244976
14,47,Wolverhampton,Newcastle,2025,5,29,0.4164404317654088,0.9862542484626547
14,47,Norwich,Newcastle,2025,5,29,1.5166147210005296,0.10311664043237388
14,47,Leeds,Newcastle,2025,5,29,0.789507521868562,0.23004331251881982
14,47,Liverpool,Newcastle,2025,5,29,1.708741521577586,0.3822872047267681
14,47,Southampton,Newcastle,2025,5,29,0.7241642589924363,0.3606950900604093
14,47,Aston,Newcastle,2025,5,29,1.2454903637160537,0.33737502948469106
14,47,Islington,Newcastle,2025,5,29,0.8303216550680527,0.25984946315601737
14,47,Chelsea,Newcastle,2025,5,29,0.9842102534780449,1.7139241673302403
14,47,Tottenham,Newcastle,2025,5,29,0.0370113797255894,0.6328600779470996
14,47,Wolverhampton,City,2025,5,29,0.9235675077793036,1.316537208959296
14,47,Norwich,City,2025,5,29,0.640907172155954,2.181264630627283
14,47,Leeds,City,2025,5,29,0.7115834590392802,1.315493264100003
14,47,Liverpool,City,2025,5,29,0.953561158924312,1.7167783170371385
14,47,Southampton,City,2025,5,29,1.1114984225031,1.6224157096071652
14,47,Aston,City,2025,5,29,0.9638172777323457,1.4506388041816887
14,47,Islington,City,2025,5,29,1.0162240238317652,1.4319165957446816
14,47,Chelsea,City,2025,5,29,1.032692385897126,0.9673620524776183
14,47,Tottenham,City,2025,5,29,0.28076791301412235,0.7167020090053697
14,47,Norwich,Wolverhampton,2025,5,29,0.7025048051866385,0.741438755616584
14,47,Leeds,Wolverhampton,2025,5,29,0.7417791313857017,1.3198329028613753
14,47,Liverpool,Wolverhampton,2025,5,29,1.318162943784279,0.7477340986342587
14,47,Southampton,Wolverhampton,2025,5,29,1.1535308371804942,1.4056866439433384
14,47,Aston,Wolverhampton,2025,5,29,1.011710097007451,0.9244969438556946
14,47,Islington,Wolverhampton,2025,5,29,1.156638127283408,0.8812522929272307
14,47,Chelsea,Wolverhampton,2025,5,29,0.9348448326675585,1.3155216939582597
14,47,Tottenham,Wolverhampton,2025,5,29,-0.1259643796951403,0.30075592344408897
14,47,Leeds,Norwich,2025,5,29,0.6889894089699488,0.9221085465072131
14,47,Liverpool,Norwich,2025,5,29,0.4946915662860192,0.458438416513057
14,47,Southampton,Norwich,2025,5,29,0.7860512320834323,1.5303857550214488
14,47,Aston,Norwich,2025,5,29,-0.009399677364526286,0.4122688622212027
14,47,Islington,Norwich,2025,5,29,0.6836264374672641,0.15361259619386147
14,47,Chelsea,Norwich,2025,5,29,1.2095536429907123,1.1281521741895661
14,47,Tottenham,Norwich,2025,5,29,0.03093102309781191,0.3410059224261043
14,47,Liverpool,Leeds,2025,5,29,-0.2718984769621701,3.4694270103482205
14,47,Southampton,Leeds,2025,5,29,-0.3661567866270252,1.4686553083288956
14,47,Aston,Leeds,2025,5,29,-0.09149506851339709,1.1210337887802078
14,47,Islington,Leeds,2025,5,29,-0.1108542541258656,0.4074693538148569
14,47,Chelsea,Leeds,2025,5,29,0.23665606147316895,0.4180342390389348
14,47,Tottenham,Leeds,2025,5,29,-0.32678878627329117,0.6704618564040945
14,47,Southampton,Liverpool,2025,5,29,2.0703761445274758,1.1310006658934357
14,47,Aston,Liverpool,2025,5,29,1.5911734952449281,1.2201945186826975
14,47,Islington,Liverpool,2025,5,29,2.355081883545118,2.106696013951383
14,47,Chelsea,Liverpool,2025,5,29,1.3449690979103504,1.2642273863202786
14,47,Tottenham,Liverpool,2025,5,29,0.45903371155115785,2.5575519104779247
14,47,Aston,Southampton,2025,5,29,0.6102754959105948,2.3641902689378913
14,47,Islington,Southampton,2025,5,29,0.7393282482395833,1.576922637072283
14,47,Chelsea,Southampton,2025,5,29,0.39620435654728425,0.9968174375915633
14,47,Tottenham,Southampton,2025,5,29,-0.04954644236448082,1.6490233763075184
14,47,Islington,Aston,2025,5,29,-0.07659728014589887,1.2489355082917575
14,47,Chelsea,Aston,2025,5,29,0.46407079083286334,1.1920119248200158
14,47,Tottenham,Aston,2025,5,29,-0.37861216581664014,0.5077630743913077
14,47,Chelsea,Islington,2025,5,29,0.7983790758720132,0.943933632921049
14,47,Tottenham,Islington,2025,5,29,0.076025329977702,0.5846311754488123
14,47,Tottenham,Chelsea,2025,5,29,-0.2989030401582806,0.6834075058451659
14,50,Brighton,Leicester,2025,5,29,0.930146374343329,1.5052073089272937
14,50,Palace,Leicester,2025,5,29,1.4261209053552917,0.5339305512386471
14,50,Everton,Leicester,2025,5,29,1.9251375137184994,1.232903948279246
14,50,Watford,Leicester,2025,5,29,3.3828671959563095,0.06464325804016427
14,50,Burnley,Leicester,2025,5,29,1.9225341423177698,0.8923870683246428
14,50,Brentford,Leicester,2025,5,29,2.041137695751211,-0.049557476086697486
14,50,West Ham,Leicester,2025,5,29,2.307823690039079,0.26647174995844103
14,50,United,Leicester,2025,5,29,1.9004824713746329,0.6613023223065221
14,50,Newcastle,Leicester,2025,5,29,2.9603844714390264,1.0195949001092715
14,50,City,Leicester,2025,5,29,1.1931620779499779,0.6948361830465609
14,50,Wolverhampton,Leicester,2025,5,29,1.9896136993503672,0.3651451837487496
14,50,Norwich,Leicester,2025,5,29,2.1997461349041547,0.46647598792606465
14,50,Leeds,Leicester,2025,5,29,2.080244480646995,0.2740655553212057
14,50,Liverpool,Leicester,2025,5,29,1.7838149935622707,0.42754470628781965
14,50,Southampton,Leicester,2025,5,29,1.9365225676608708,0.5723943782727253
14,50,Aston,Leicester,2025,5,29,1.6625645292740403,0.49942643946427745
14,50,Islington,Leicester,2025,5,29,2.447347656733998,0.48221707940676306
14,50,Chelsea,Leicester,2025,5,29,1.4379908583567982,1.2254358788981032
14,50,Tottenham,Leicester,2025,5,29,0.9806205933330974,0.4938931378922777
14,50,Palace,Brighton,2025,5,29,-0.02990152945830319,1.3017320589999373
14,50,Everton,Brighton,2025,5,29,1.2734376534922218,0.9502591377299973
14,50,Watford,Brighton,2025,5,29,0.10191395932848572,0.9005943458953634
14,50,Burnley,Brighton,2025,5,29,0.5382665937016974,1.0561120415190393
14,50,Brentford,Brighton,2025,5,29,1.098345786882748,0.9257139442285871
14,50,West Ham,Brighton,2025,5,29,0.8446436403547066,1.3341152540070527
14,50,United,Brighton,2025,5,29,0.15472028327712498,1.3242969700340774
14,50,Newcastle,Brighton,2025,5,29,0.5490469781650321,2.7636688507600398
14,50,City,Brighton,2025,5,29,0.6121853365437201,2.6899626320198293
14,50,Wolverhampton,Brighton,2025,5,29,0.5937137586123716,2.6053340098805484
14,50,Norwich,Brighton,2025,5,29,0.1638943039356266,3.029424918830354
14,50,Leeds,Brighton,2025,5,29,0.3662239966516307,1.263052545915918
14,50,Liverpool,Brighton,2025,5,29,0.499213823551398,3.102854852677481
14,50,Southampton,Brighton,2025,5,29,0.23257308366158214,1.6430037136501532
14,50,Aston,Brighton,2025,5,29,0.21537407397180264,2.5208410206529943
14,50,Islington,Brighton,2025,5,29,0.49912868004274746,1.5047032530952542
14,50,Chelsea,Brighton,2025,5,29,0.9141659646614477,1.083761393223779
14,50,Tottenham,Brighton,2025,5,29,-0.012075871960092728,1.5297228933745128
14,50,Everton,Palace,2025,5,29,1.0281629415033853,0.8759754788122056
14,50,Watford,Palace,2025,5,29,3.242493524390429,0.7630623852832179
14,50,Burnley,Palace,2025,5,29,2.401605278571011,1.3149275744133817
14,50,Brentford,Palace,2025,5,29,3.1649685979630506,0.40581441815401986
14,50,West Ham,Palace,2025,5,29,2.968068376039715,0.40394101722876297
14,50,United,Palace,2025,5,29,2.492816546609015,1.1758910606340043
14,50,Newcastle,Palace,2025,5,29,3.2303575709440793,1.1261466630782166
14,50,City,Palace,2025,5,29,0.26640066936043383,0.9861120883032715
14,50,Wolverhampton,Palace,2025,5,29,2.5207064630992524,1.684065217839914
14,50,Norwich,Palace,2025,5,29,3.171394095335945,0.7232759831786729
14,50,Leeds,Palace,2025,5,29,1.5949684862394091,0.9717621549533271
14,50,Liverpool,Palace,2025,5,29,2.8564062933932566,1.273727262329835
14,50,Southampton,Palace,2025,5,29,1.322747937377524,0.8481104050757224
14,50,Aston,Palace,2025,5,29,2.6427863309264135,0.8826039641300542
14,50,Islington,Palace,2025,5,29,1.500460984489677,0.3347687735363449
14,50,Chelsea,Palace,2025,5,29,0.8312336258031813,0.9128430305668062
14,50,Tottenham,Palace,2025,5,29,0.31762985495192736,0.8334819452938902
14,50,Watford,Everton,2025,5,29,0.44213265409831953,-0.08527676371652063
14,50,Burnley,Everton,2025,5,29,0.48632620927471437,0.665762036398155
14,50,Brentford,Everton,2025,5,29,0.5850837199189508,-0.006096931489499378
14,50,West Ham,Everton,2025,5,29,0.49453655420918485,0.08427959793915421
14,50,United,Everton,2025,5,29,0.18300504296923062,0.3486755624460421
14,50,Newcastle,Everton,2025,5,29,0.9106089748878096,0.3405827195198509
14,50,City,Everton,2025,5,29,0.397939926170914,0.7846271469561191
14,50,Wolverhampton,Everton,2025,5,29,1.1715929457477408,0.7007650047326798
14,50,Norwich,Everton,2025,5,29,-0.4182518397933899,0.1293667196333556
14,50,Leeds,Everton,2025,5,29,0.0601765003895288,-0.11903788007083363
14,50,Liverpool,Everton,2025,5,29,0.0747874452569589,0.3492121279924179
14,50,Southampton,Everton,2025,5,29,-0.4714038612693458,-0.18179823915775253
14,50,Aston,Everton,2025,5,29,0.41319036180885155,0.09605324897778203
14,50,Islington,Everton,2025,5,29,0.1783537850525451,0.14451361949701103
14,50,Chelsea,Everton,2025,5,29,0.3678987487982994,1.0527449916239877
14,50,Tottenham,Everton,2025,5,29,-0.31926641194463806,0.2155177768017546
14,50,Burnley,Watford,2025,5,29,2.7023484256224486,1.213046041755481
14,50,Brentford,Watford,2025,5,29,3.071966852941847,0.32383166740601405
14,50,West Ham,Watford,2025,5,29,2.8760297573024096,0.5648871009408474
14,50,United,Watford,2025,5,29,2.5617749004266295,0.7408740525733684
14,50,Newcastle,Watford,2025,5,29,3.133615108626241,1.0294907943889982
14,50,City,Watford,2025,5,29,0.8191952053707885,1.0435026980540918
14,50,Wolverhampton,Watford,2025,5,29,2.6626042719880707,1.8878916266789165
14,50,Norwich,Watford,2025,5,29,2.9660510286916413,1.0541422205939708
14,50,Leeds,Watford,2025,5,29,1.9465933557177275,0.3888445259866344
14,50,Liverpool,Watford,2025,5,29,2.8228444029466306,1.0255791686000966
14,50,Southampton,Watford,2025,5,29,1.661938320768386,0.4682306260525802
14,50,Aston,Watford,2025,5,29,2.6590492068418037,0.8540440726131509
14,50,Islington,Watford,2025,5,29,1.8425924962582918,0.27803025464479736
14,50,Chelsea,Watford,2025,5,29,1.161047785189205,1.2839140803739593
14,50,Tottenham,Watford,2025,5,29,0.880943784866369,1.2570929767865626
14,50,Brentford,Burnley,2025,5,29,2.5759212217578447,0.4420674112669558
14,50,West Ham,Burnley,2025,5,29,2.0457356907732653,0.8086645904506923
14,50,United,Burnley,2025,5,29,1.781270881242235,1.3991767035939946
14,50,Newcastle,Burnley,2025,5,29,2.590056138261113,1.5341220544520329
14,50,City,Burnley,2025,5,29,-0.5015806669313198,1.4982408183551943
14,50,Wolverhampton,Burnley,2025,5,29,1.4222637263588156,2.183269793909551
14,50,Norwich,Burnley,2025,5,29,1.0618569617761362,1.5956160105980701
14,50,Leeds,Burnley,2025,5,29,0.08858988745012764,1.583033782348298
14,50,Liverpool,Burnley,2025,5,29,1.875891619603074,1.2622516895410896
14,50,Southampton,Burnley,2025,5,29,-0.03475171664190195,0.8504513744558692
14,50,Aston,Burnley,2025,5,29,1.6161722039050532,1.0536973183908211
14,50,Islington,Burnley,2025,5,29,0.40354434809574835,0.9307968725984358
14,50,Chelsea,Burnley,2025,5,29,0.4630503770053416,1.4537448597069373
14,50,Tottenham,Burnley,2025,5,29,-0.5928152067167383,1.3014856600258549
14,50,West Ham,Brentford,2025,5,29,0.9369561004188355,0.2131002630317426
14,50,United,Brentford,2025,5,29,0.4764640045541529,0.6108950298754392
14,50,Newcastle,Brentford,2025,5,29,1.2240270259179749,1.0058623637792932
14,50,City,Brentford,2025,5,29,0.36407103307105404,0.8010495863425041
14,50,Wolverhampton,Brentford,2025,5,29,0.8732485819205893,1.3119067942926999
14,50,Norwich,Brentford,2025,5,29,-0.3231739659723893,0.25225334572542435
14,50,Leeds,Brentford,2025,5,29,0.4259276218689384,0.29109198363402095
14,50,Liverpool,Brentford,2025,5,29,0.45367637268855004,0.30505150264668757
14,50,Southampton,Brentford,2025,5,29,-0.12424802440838262,-0.036901619794887236
14,50,Aston,Brentford,2025,5,29,0.6601522147712385,0.5012996482012775
14,50,Islington,Brentford,2025,5,29,0.22393066025554417,0.45609945495762444
14,50,Chelsea,Brentford,2025,5,29,0.643243308522994,1.2083811087565854
14,50,Tottenham,Brentford,2025,5,29,-0.28500297495476423,0.7502369898493795
14,50,United,West Ham,2025,5,29,1.530655433423329,1.3273103991935469
14,50,Newcastle,West Ham,2025,5,29,2.851066097789982,0.9738113894626809
14,50,City,West Ham,2025,5,29,0.8578101029272318,1.557045521099298
14,50,Wolverhampton,West Ham,2025,5,29,1.343815282320976,2.58330126576528
14,50,Norwich,West Ham,2025,5,29,1.004402087142957,1.6825757668408676
14,50,Leeds,West Ham,2025,5,29,1.3243108444017908,1.170415840535861
14,50,Liverpool,West Ham,2025,5,29,1.5018138124416969,2.3049077674992344
14,50,Southampton,West Ham,2025,5,29,1.1020593835865944,0.8030868317788875
14,50,Aston,West Ham,2025,5,29,1.5784880912880315,0.9521860598862455
14,50,Islington,West Ham,2025,5,29,1.3323293694997946,1.192310087068129
14,50,Chelsea,West Ham,2025,5,29,1.558472678254818,0.6209864054743898
14,50,Tottenham,West Ham,2025,5,29,0.5601194777515367,0.9631965751314913
14,50,Newcastle,United,2025,5,29,2.412656018883799,0.5664266885023971
14,50,City,United,2025,5,29,0.15925193828171358,0.6956851769835245
14,50,Wolverhampton,United,2025,5,29,1.9325778548603663,0.696156381677654
14,50,Norwich,United,2025,5,29,1.9912071027077496,0.6346589266360544
14,50,Leeds,United,2025,5,29,1.1571002025509503,0.16631876866163878
14,50,Liverpool,United,2025,5,29,2.313617318247516,0.7744329673011259
14,50,Southampton,United,2025,5,29,0.9811068742022486,0.6488296761974707
14,50,Aston,United,2025,5,29,1.9747005792620793,0.0599139365081771
14,50,Islington,United,2025,5,29,1.4255858095565828,0.6073481418151078
14,50,Chelsea,United,2025,5,29,0.5913575235686657,0.9177502870066001
14,50,Tottenham,United,2025,5,29,-0.02525093911292647,-0.02689100217123456
14,50,City,Newcastle,2025,5,29,0.17408892740791712,0.7233177837335988
14,50,Wolverhampton,Newcastle,2025,5,29,0.5756545753224259,0.9255553594097036
14,50,Norwich,Newcastle,2025,5,29,1.694928537465481,0.09382983563806249
14,50,Leeds,Newcastle,2025,5,29,0.8784690763462396,0.16364358717399125
14,50,Liverpool,Newcastle,2025,5,29,1.8623675253989016,0.28760039762207945
14,50,Southampton,Newcastle,2025,5,29,0.8986337211618919,0.3391552984180352
14,50,Aston,Newcastle,2025,5,29,1.373455528490886,0.24516551923056745
14,50,Islington,Newcastle,2025,5,29,1.0653951096449643,0.1991505741030667
14,50,Chelsea,Newcastle,2025,5,29,1.130844962352479,1.6811117887804734
14,50,Tottenham,Newcastle,2025,5,29,0.19187761302335624,0.5856325004402188
14,50,Wolverhampton,City,2025,5,29,0.9684135498560172,1.0766470060284465
14,50,Norwich,City,2025,5,29,0.8519570976622188,1.9844727533803133
14,50,Leeds,City,2025,5,29,0.7821433074902803,1.0712576588447826
14,50,Liverpool,City,2025,5,29,1.0369248167296512,1.4473531060585143
14,50,Southampton,City,2025,5,29,1.2180908422289194,1.5701977633002104
14,50,Aston,City,2025,5,29,0.9714934245488948,1.3418714816448256
14,50,Islington,City,2025,5,29,1.2293782061193648,1.3533044604414846
14,50,Chelsea,City,2025,5,29,1.1354071191486617,0.914587326042539
14,50,Tottenham,City,2025,5,29,0.47892708441555387,0.5050988878343807
14,50,Norwich,Wolverhampton,2025,5,29,0.9450926760736108,0.7186916145759895
14,50,Leeds,Wolverhampton,2025,5,29,0.8348680918198349,1.2399728412702637
14,50,Liverpool,Wolverhampton,2025,5,29,1.424935044065383,0.6760641792290722
14,50,Southampton,Wolverhampton,2025,5,29,1.293503770582258,1.3706865160546813
14,50,Aston,Wolverhampton,2025,5,29,1.0199090751930229,0.8553043213010733
14,50,Islington,Wolverhampton,2025,5,29,1.3705931509756104,0.8544654679268656
14,50,Chelsea,Wolverhampton,2025,5,29,1.0626536670361937,1.282709315408493
14,50,Tottenham,Wolverhampton,2025,5,29,0.10789557307826887,0.2535283459372081
14,50,Leeds,Norwich,2025,5,29,0.8065833111627053,0.8758495948660405
14,50,Liverpool,Norwich,2025,5,29,0.6567636488417864,0.4002288333541532
14,50,Southampton,Norwich,2025,5,29,0.9605175237760833,1.5157679518003087
14,50,Aston,Norwich,2025,5,29,0.09558206575394024,0.36857507047322974
14,50,Islington,Norwich,2025,5,29,0.9848238717629528,0.12682577119349625
14,50,Chelsea,Norwich,2025,5,29,1.364634430599598,1.1154805693434555
14,50,Tottenham,Norwich,2025,5,29,0.3007539052126042,0.3139191186228797
14,50,Liverpool,Leeds,2025,5,29,-0.22202334305886962,3.169089340396574
14,50,Southampton,Leeds,2025,5,29,-0.31843293933541217,1.4520856176088446
14,50,Aston,Leeds,2025,5,29,-0.06526746307331077,1.0631447413008137
14,50,Islington,Leeds,2025,5,29,0.05863842627939827,0.3324015350011886
14,50,Chelsea,Leeds,2025,5,29,0.26212690122703536,0.3872319997475081
14,50,Tottenham,Leeds,2025,5,29,-0.16240375379873911,0.3958741816558023
14,50,Southampton,Liverpool,2025,5,29,2.166022828440993,1.113956754306676
14,50,Aston,Liverpool,2025,5,29,1.605870988016861,1.1222883368560168
14,50,Islington,Liverpool,2025,5,29,2.5388372504738177,2.0357656403247435
14,50,Chelsea,Liverpool,2025,5,29,1.4573920986169693,1.233281204447963
14,50,Tottenham,Liverpool,2025,5,29,0.6766850102490708,2.2671694045637403
14,50,Aston,Southampton,2025,5,29,0.6913023172639358,2.2876206599867785
14,50,Islington,Southampton,2025,5,29,0.962185272782852,1.4910920184385614
14,50,Chelsea,Southampton,2025,5,29,0.5634798582949304,0.9547059249493051
14,50,Tottenham,Southampton,2025,5,29,0.10878083714294644,1.3707800209040335
14,50,Islington,Aston,2025,5,29,0.15740745193456782,1.1826379350004894
14,50,Chelsea,Aston,2025,5,29,0.6049468528025719,1.1641024590933828
14,50,Tottenham,Aston,2025,5,29,-0.2292361316466806,0.44805557059466755
14,50,Chelsea,Islington,2025,5,29,0.9258353765729499,0.9361977929881078
14,50,Tottenham,Islington,2025,5,29,0.15260167340366154,0.5510288618989605
14,50,Tottenham,Chelsea,2025,5,29,-0.1287430318412233,0.6197677137014354
14,53,Brighton,Leicester,2025,5,29,0.9261764000085223,1.527229853357345
14,53,Palace,Leicester,2025,5,29,1.4869063985755777,0.7105553775679502
14,53,Everton,Leicester,2025,5,29,1.989892981273592,1.2871320346553337
14,53,Watford,Leicester,2025,5,29,3.3828671959563095,0.1435439326561371
14,53,Burnley,Leicester,2025,5,29,1.9872896098728623,0.908049209149867
14,53,Brentford,Leicester,2025,5,29,2.142013194373371,-0.016433516044180314
14,53,West Ham,Leicester,2025,5,29,2.307823690039079,0.4487795607642997
14,53,United,Leicester,2025,5,29,1.9004824713746329,0.8436715706006152
14,53,Newcastle,Leicester,2025,5,29,2.95641449710422,1.152120577491562
14,53,City,Leicester,2025,5,29,1.1931620779499779,0.819495530206427
14,53,Wolverhampton,Leicester,2025,5,29,2.0257337304174348,0.3830695672431789
14,53,Norwich,Leicester,2025,5,29,2.296651659191509,0.6385414457012567
14,53,Leeds,Leicester,2025,5,29,2.1123945373792563,0.4027141147820075
14,53,Liverpool,Leicester,2025,5,29,1.8446004867825572,0.5765014562104847
14,53,Southampton,Leicester,2025,5,29,2.001278035215963,0.7496684158121659
14,53,Aston,Leicester,2025,5,29,1.6585945549392338,0.6614754126160837
14,53,Islington,Leicester,2025,5,29,2.5121031242890908,0.5821998785883932
14,53,Chelsea,Leicester,2025,5,29,1.5027463259118907,1.2393536746908413
14,53,Tottenham,Leicester,2025,5,29,1.0414060865533825,0.5379924390742192
14,53,Palace,Brighton,2025,5,29,0.016094925658845884,1.3275846851137905
14,53,Everton,Brighton,2025,5,29,1.2895184287075112,0.9723253478784035
14,53,Watford,Brighton,2025,5,29,0.12449105321366492,0.9240254508252165
14,53,Burnley,Brighton,2025,5,29,0.5254333598685651,1.0634624661354801
14,53,Brentford,Brighton,2025,5,29,1.0735334563170953,0.9499283848328983
14,53,West Ham,Brighton,2025,5,29,0.825158874020155,1.363407297076985
14,53,United,Brighton,2025,5,29,0.12333652094135686,1.3415222202940589
14,53,Newcastle,Brighton,2025,5,29,0.5556750009828842,2.7717735993973527
14,53,City,Brighton,2025,5,29,0.5808015742079519,2.7011950526430466
14,53,Wolverhampton,Brighton,2025,5,29,0.5596832863956009,2.6171642337331886
14,53,Norwich,Brighton,2025,5,29,0.2218740389378201,3.054991486684961
14,53,Leeds,Brighton,2025,5,29,0.32822355010005305,1.287864789749652
14,53,Liverpool,Brighton,2025,5,29,0.5031458187906739,3.1112456595740405
14,53,Southampton,Brighton,2025,5,29,0.3091485996121054,1.6693536171792174
14,53,Aston,Brighton,2025,5,29,0.1773736274202254,2.5322896062050577
14,53,Islington,Brighton,2025,5,29,0.5704217663072194,1.515935673718471
14,53,Chelsea,Brighton,2025,5,29,0.9867590320189065,1.091585029374728
14,53,Tottenham,Brighton,2025,5,29,0.033920583157056323,1.5369487262960388
14,53,Everton,Palace,2025,5,29,1.0321939163612017,0.9166666795891706
14,53,Watford,Palace,2025,5,29,3.30049757330871,0.8224813890229137
14,53,Burnley,Palace,2025,5,29,2.464891757175343,1.324042019983812
14,53,Brentford,Palace,2025,5,29,3.2162759798348617,0.4254014925974136
14,53,West Ham,Palace,2025,5,29,3.016644764146696,0.578050311402117
14,53,United,Palace,2025,5,29,2.5294939387147792,1.3629957679170766
14,53,Newcastle,Palace,2025,5,29,3.272412548795033,1.2586723404605076
14,53,City,Palace,2025,5,29,0.2716830990464852,1.115506894452117
14,53,Wolverhampton,Palace,2025,5,29,2.5547371453240144,1.6894971208023954
14,53,Norwich,Palace,2025,5,29,3.2160847929919476,0.8871429243213597
14,53,Leeds,Palace,2025,5,29,1.5936342317096517,1.0981569830587794
14,53,Liverpool,Palace,2025,5,29,2.9038238016615656,1.4226840122525
14,53,Southampton,Palace,2025,5,29,1.3546394535621429,1.0231307112598136
14,53,Aston,Palace,2025,5,29,2.672847038816369,1.0493883962708404
14,53,Islington,Palace,2025,5,29,1.5270700709882445,0.43354224642979977
14,53,Chelsea,Palace,2025,5,29,0.859142693394735,0.9142683458275971
14,53,Tottenham,Palace,2025,5,29,0.3189423103031721,0.865088765943884
14,53,Watford,Everton,2025,5,29,0.46389071460571707,-0.023378297186698503
14,53,Burnley,Everton,2025,5,29,0.545487967614825,0.6703667544143822
14,53,Brentford,Everton,2025,5,29,0.644245478259061,0.01596960574402087
14,53,West Ham,Everton,2025,5,29,0.4750517878746335,0.23177500043439084
14,53,United,Everton,2025,5,29,0.1516212806334625,0.5074403226173237
14,53,Newcastle,Everton,2025,5,29,0.934593711146341,0.4485383416221862
14,53,City,Everton,2025,5,29,0.36655616383514555,0.8804188710825179
14,53,Wolverhampton,Everton,2025,5,29,1.1375624735309702,0.6964240452303013
14,53,Norwich,Everton,2025,5,29,-0.32687591617471673,0.27686212212859257
14,53,Leeds,Everton,2025,5,29,0.0221760538379517,-0.013993808732842457
14,53,Liverpool,Everton,2025,5,29,0.1507144326694771,0.4456256735682834
14,53,Southampton,Everton,2025,5,29,-0.37960790352080437,-0.01638961656562814
14,53,Aston,Everton,2025,5,29,0.3751899152572745,0.2344977340067776
14,53,Islington,Everton,2025,5,29,0.2648673131150351,0.20968401036801917
14,53,Chelsea,Everton,2025,5,29,0.4557122579537756,1.049660579330575
14,53,Tottenham,Everton,2025,5,29,-0.2572304816516887,0.24261486989754513
14,53,Burnley,Watford,2025,5,29,2.7517306845346265,1.211990007482536
14,53,Brentford,Watford,2025,5,29,3.1093700151215042,0.3175423103430822
14,53,West Ham,Watford,2025,5,29,2.9107019257172366,0.6532390818984288
14,53,United,Watford,2025,5,29,2.5904378513259405,0.8230448049043664
14,53,Newcastle,Watford,2025,5,29,3.165748315378106,1.1131404537147425
14,53,City,Watford,2025,5,29,0.8164631938503863,1.107834347838571
14,53,Wolverhampton,Watford,2025,5,29,2.6886205130063794,1.897096368744337
14,53,Norwich,Watford,2025,5,29,2.9968375066554898,1.1418963983221282
14,53,Leeds,Watford,2025,5,29,1.9372446599815165,0.4545020966628205
14,53,Liverpool,Watford,2025,5,29,2.8622474700084863,1.097074343697416
14,53,Southampton,Watford,2025,5,29,1.6799256172608505,0.5619767192194454
14,53,Aston,Watford,2025,5,29,2.681095473525306,0.9228668209686257
14,53,Islington,Watford,2025,5,29,1.8592798116577702,0.2875038510618372
14,53,Chelsea,Watford,2025,5,29,1.17903508168167,1.271596684897884
14,53,Tottenham,Watford,2025,5,29,0.8742417990111604,1.2575951669852472
14,53,Brentford,Burnley,2025,5,29,2.650473507665888,0.44978259673422005
14,53,West Ham,Burnley,2025,5,29,2.0773138462443588,1.0124049998191929
14,53,United,Burnley,2025,5,29,1.8290258186977455,1.5782475681014654
14,53,Newcastle,Burnley,2025,5,29,2.6176643193974,1.657416853831
14,53,City,Burnley,2025,5,29,-0.4852206918955211,1.607529443841373
14,53,Wolverhampton,Burnley,2025,5,29,1.5061386948813942,2.1923007833703925
14,53,Norwich,Burnley,2025,5,29,1.1213699883147221,1.810385993513034
14,53,Leeds,Burnley,2025,5,29,0.14816920425283764,1.7174837016827589
14,53,Liverpool,Burnley,2025,5,29,1.9307458677584295,1.4509560336477303
14,53,Southampton,Burnley,2025,5,29,-0.0073224565714530565,1.0711272158960154
14,53,Aston,Burnley,2025,5,29,1.6710264520604083,1.2253594737286484
14,53,Islington,Burnley,2025,5,29,0.3995123554823599,1.0307300725660762
14,53,Chelsea,Burnley,2025,5,29,0.4904796370757903,1.444909962206044
14,53,Tottenham,Burnley,2025,5,29,-0.6008171736649333,1.356124682413459
14,53,West Ham,Brentford,2025,5,29,0.9157967412633521,0.3751192475867701
14,53,United,Brentford,2025,5,29,0.46547220986757143,0.7562430032385978
14,53,Newcastle,Brentford,2025,5,29,1.2289804559148945,1.0921194467527833
14,53,City,Brentford,2025,5,29,0.3530792383844722,0.8733004954232061
14,53,Wolverhampton,Brentford,2025,5,29,0.8596100773530054,1.3121559144099224
14,53,Norwich,Brentford,2025,5,29,-0.2710840094558962,0.4253019038269159
14,53,Leeds,Brentford,2025,5,29,0.41938842800119813,0.38303714248055154
14,53,Liverpool,Brentford,2025,5,29,0.4890696206116628,0.45671813034785164
14,53,Southampton,Brentford,2025,5,29,-0.022101034259722943,0.14126946115732708
14,53,Aston,Brentford,2025,5,29,0.6536130209034985,0.6392389123947937
14,53,Islington,Brentford,2025,5,29,0.28933396803431527,0.5189949385197881
14,53,Chelsea,Brentford,2025,5,29,0.7414078500785887,1.2036443721913146
14,53,Tottenham,Brentford,2025,5,29,-0.23900651983761523,0.8001923038289881
14,53,United,West Ham,2025,5,29,1.551047401072516,1.4715901257863189
14,53,Newcastle,West Ham,2025,5,29,2.869911273220797,1.0919302159839959
14,53,City,West Ham,2025,5,29,0.8782020705764184,1.6571771121074261
14,53,Wolverhampton,West Ham,2025,5,29,1.4003272810372307,2.5807988882444755
14,53,Norwich,West Ham,2025,5,29,1.1038681003553648,1.8374502805722068
14,53,Leeds,West Ham,2025,5,29,1.3918921281526961,1.2658566939712501
14,53,Liverpool,West Ham,2025,5,29,1.5399265976269532,2.424558986185611
14,53,Southampton,West Ham,2025,5,29,1.2088457151482914,0.9758745656071144
14,53,Aston,West Ham,2025,5,29,1.6099493439718686,1.0896251622530433
14,53,Islington,West Ham,2025,5,29,1.4076544483776552,1.2618203448208665
14,53,Chelsea,West Ham,2025,5,29,1.6652590098165154,0.6044390236993111
14,53,Tottenham,West Ham,2025,5,29,0.6088354701308291,0.9856125680892341
14,53,Newcastle,United,2025,5,29,2.476282895840201,0.7229671038925699
14,53,City,United,2025,5,29,0.16453436796776488,0.8474626766785275
14,53,Wolverhampton,United,2025,5,29,2.002728568152195,0.7032203291018607
14,53,Norwich,United,2025,5,29,2.0893745448714993,0.8307815830467623
14,53,Leeds,United,2025,5,29,1.2029552641229109,0.3155624466018805
14,53,Liverpool,United,2025,5,29,2.371285078172694,0.9375292493374878
14,53,Southampton,United,2025,5,29,1.0232486420437366,0.8508971178853327
14,53,Aston,United,2025,5,29,2.015830572186686,0.25592168642109336
14,53,Islington,United,2025,5,29,1.4513758626773685,0.7306122658002253
14,53,Chelsea,United,2025,5,29,0.6295168428170881,0.9208076467291157
14,53,Tottenham,United,2025,5,29,-0.023938483761681773,0.006347862940484601
14,53,City,Newcastle,2025,5,29,0.17408892740791712,0.8307439339662442
14,53,Wolverhampton,Newcastle,2025,5,29,0.6431695688092068,0.933217110063333
14,53,Norwich,Newcastle,2025,5,29,1.7584735566174556,0.29578078312617123
14,53,Leeds,Newcastle,2025,5,29,0.9216884181131516,0.28386622494269576
14,53,Liverpool,Newcastle,2025,5,29,1.9008617985184593,0.4431613124541731
14,53,Southampton,Newcastle,2025,5,29,0.909703006196542,0.5411062459061452
14,53,Aston,Newcastle,2025,5,29,1.4119498016104433,0.4174600999798849
14,53,Islington,Newcastle,2025,5,29,1.0653951096449643,0.3000324646699642
14,53,Chelsea,Newcastle,2025,5,29,1.141914247387129,1.6847669517324122
14,53,Tottenham,Newcastle,2025,5,29,0.18790763868854968,0.634895696318921
14,53,Wolverhampton,City,2025,5,29,0.9705526527266375,1.102741735807742
14,53,Norwich,City,2025,5,29,0.9575733427067825,2.1150985818247245
14,53,Leeds,City,2025,5,29,0.7913817210607444,1.190614745373158
14,53,Liverpool,City,2025,5,29,1.0511566076461192,1.5647595028122498
14,53,Southampton,City,2025,5,29,1.299076375370934,1.7060321715088724
14,53,Aston,City,2025,5,29,0.9446118070522906,1.4676604176333279
14,53,Islington,City,2025,5,29,1.2979944731337425,1.4205275801660096
14,53,Chelsea,City,2025,5,29,1.2163926522906763,0.9237954378409035
14,53,Tottenham,City,2025,5,29,0.5249730835530255,0.5224910657469406
14,53,Norwich,Wolverhampton,2025,5,29,1.0327145012478782,0.9554853693131302
14,53,Leeds,Wolverhampton,2025,5,29,0.8682405578615856,1.404708348403228
14,53,Liverpool,Wolverhampton,2025,5,29,1.4511235404811949,0.8558921261326713
14,53,Southampton,Wolverhampton,2025,5,29,1.3804367917081004,1.6126888505560706
14,53,Aston,Wolverhampton,2025,5,29,1.021521930196335,1.0600632302901947
14,53,Islington,Wolverhampton,2025,5,29,1.419309143354903,0.9909123089523094
14,53,Chelsea,Wolverhampton,2025,5,29,1.1456042395689718,1.2976476326042046
14,53,Tottenham,Wolverhampton,2025,5,29,0.1593973671854673,0.3274920849638659
14,53,Leeds,Norwich,2025,5,29,0.8040761099083537,1.0502118276565449
14,53,Liverpool,Norwich,2025,5,29,0.76818388155153,0.5941963123714505
14,53,Southampton,Norwich,2025,5,29,1.0878067268218505,1.7754571897810911
14,53,Aston,Norwich,2025,5,29,0.09307486449958843,0.5801495392671003
14,53,Islington,Norwich,2025,5,29,1.0753693924388312,0.2632726122189404
14,53,Chelsea,Norwich,2025,5,29,1.4879411850522999,1.1281890388480194
14,53,Tottenham,Norwich,2025,5,29,0.36682182811894193,0.3906993112453643
14,53,Liverpool,Leeds,2025,5,29,-0.14130734793376343,3.181467156351994
14,53,Southampton,Leeds,2025,5,29,-0.22581794820908888,1.4769101645073073
14,53,Aston,Leeds,2025,5,29,-0.09929793529008142,1.0898208343333826
14,53,Islington,Leeds,2025,5,29,0.14597098771967001,0.3594592663343338
14,53,Chelsea,Leeds,2025,5,29,0.3507594437602935,0.3984448417278934
14,53,Tottenham,Leeds,2025,5,29,-0.09639784917098346,0.40708702363618765
14,53,Southampton,Liverpool,2025,5,29,2.237534072058798,1.2459945502213945
14,53,Aston,Liverpool,2025,5,29,1.6086567897447672,1.2240719628025218
14,53,Islington,Liverpool,2025,5,29,2.6035927180289105,2.0659510436437927
14,53,Chelsea,Liverpool,2025,5,29,1.5249208936417096,1.236338564170479
14,53,Tottenham,Liverpool,2025,5,29,0.7442262795320693,2.2702267642862557
14,53,Aston,Southampton,2025,5,29,0.6764931789528674,2.3004414300621034
14,53,Islington,Southampton,2025,5,29,1.0388397363391615,1.5108079678862676
14,53,Chelsea,Southampton,2025,5,29,0.6539769343555375,0.9633162335182464
14,53,Tottenham,Southampton,2025,5,29,0.18029208076075132,1.3793903294729748
14,53,Islington,Aston,2025,5,29,0.24795297261044622,1.243004843708741
14,53,Chelsea,Aston,2025,5,29,0.7078616396060867,1.1784429730596717
14,53,Tottenham,Aston,2025,5,29,-0.16316820874034343,0.49257758995015916
14,53,Chelsea,Islington,2025,5,29,0.9858600098472206,0.9415052802119046
14,53,Tottenham,Islington,2025,5,29,0.1553874751315676,0.5865178545119605
14,53,Tottenham,Chelsea,2025,5,29,-0.1259572301133174,0.650342070167734
14,56,Brighton,Leicester,2025,5,29,0.9261764000085223,1.527229853357345
14,56,Palace,Leicester,2025,5,29,1.4869063985755777,0.7596336230718491
14,56,Everton,Leicester,2025,5,29,1.989892981273592,1.3562428861362243
14,56,Watford,Leicester,2025,5,29,3.3828671959563095,0.18879409885332066
14,56,Burnley,Leicester,2025,5,29,1.9872896098728623,0.908049209149867
14,56,Brentford,Leicester,2025,5,29,2.142013194373371,0.052677335436710285
14,56,West Ham,Leicester,2025,5,29,2.307823690039079,0.4978578062681986
14,56,United,Leicester,2025,5,29,1.9004824713746329,0.8889217367977985
14,56,Newcastle,Leicester,2025,5,29,2.95641449710422,1.201198822995461
14,56,City,Leicester,2025,5,29,1.1931620779499779,0.819495530206427
14,56,Wolverhampton,Leicester,2025,5,29,2.0257337304174348,0.3830695672431789
14,56,Norwich,Leicester,2025,5,29,2.296651659191509,0.6876196912051556
14,56,Leeds,Leicester,2025,5,29,2.1123945373792563,0.4479642809791912
14,56,Liverpool,Leicester,2025,5,29,1.8446004867825572,0.5765014562104847
14,56,Southampton,Leicester,2025,5,29,2.001278035215963,0.7949185820093495
14,56,Aston,Leicester,2025,5,29,1.6585945549392338,0.7105536581199826
14,56,Islington,Leicester,2025,5,29,2.5121031242890908,0.6513107300692841
14,56,Chelsea,Leicester,2025,5,29,1.5027463259118907,1.2393536746908413
14,56,Tottenham,Leicester,2025,5,29,1.0414060865533825,0.5379924390742192
14,56,Palace,Brighton,2025,5,29,0.04017599947349536,1.3528949585089554
14,56,Everton,Brighton,2025,5,29,1.3371849962881452,1.0234867416044129
14,56,Watford,Brighton,2025,5,29,0.14012138859499632,0.975186844551226
14,56,Burnley,Brighton,2025,5,29,0.5579364395718726,1.0634624661354801
14,56,Brentford,Brighton,2025,5,29,1.1064012152363287,1.0010897785589068
14,56,West Ham,Brighton,2025,5,29,0.870128022447644,1.4145686908029946
14,56,United,Brighton,2025,5,29,0.17625417649635466,1.3668324936892238
14,56,Newcastle,Brighton,2025,5,29,0.5970648781502482,2.797083872792518
14,56,City,Brighton,2025,5,29,0.6278783195728456,2.7011950526430466
14,56,Wolverhampton,Brighton,2025,5,29,0.5815056212106662,2.6171642337331886
14,56,Norwich,Brighton,2025,5,29,0.26705685540073026,3.10615288041097
14,56,Leeds,Brighton,2025,5,29,0.3707138776425395,1.313175063144817
14,56,Liverpool,Brighton,2025,5,29,0.5364945803804257,3.1112456595740405
14,56,Southampton,Brighton,2025,5,29,0.3429287714812898,1.720515010905227
14,56,Aston,Brighton,2025,5,29,0.2014547012348749,2.583450999931067
14,56,Islington,Brighton,2025,5,29,0.5904425661912256,1.5670970674444806
14,56,Chelsea,Brighton,2025,5,29,1.0203180771263007,1.091585029374728
14,56,Tottenham,Brighton,2025,5,29,0.07172964074684757,1.5369487262960388
14,56,Everton,Palace,2025,5,29,1.0859907619106646,0.9857775310700618
14,56,Watford,Palace,2025,5,29,3.316127908690041,0.8677315552200964
14,56,Burnley,Palace,2025,5,29,2.5035251148474793,1.324042019983812
14,56,Brentford,Palace,2025,5,29,3.2552740167229244,0.4945123440783045
14,56,West Ham,Palace,2025,5,29,3.0665549620710015,0.6271285569060162
14,56,United,Palace,2025,5,29,2.588541872238606,1.4082459341142601
14,56,Newcastle,Palace,2025,5,29,3.318743475459213,1.3077505859644067
14,56,City,Palace,2025,5,29,0.320014050999362,1.115506894452117
14,56,Wolverhampton,Palace,2025,5,29,2.577813686727063,1.6894971208023954
14,56,Norwich,Palace,2025,5,29,3.2673978874236864,0.9362211698252582
14,56,Leeds,Palace,2025,5,29,1.6422548372209664,1.143407149255963
14,56,Liverpool,Palace,2025,5,29,2.9433028412201456,1.4226840122525
14,56,Southampton,Palace,2025,5,29,1.3945499034001556,1.0683808774569972
14,56,Aston,Palace,2025,5,29,2.703058390599847,1.0984666417747395
14,56,Islington,Palace,2025,5,29,1.5520319203690667,0.502653097910691
14,56,Chelsea,Palace,2025,5,29,0.8976427879989454,0.9142683458275971
14,56,Tottenham,Palace,2025,5,29,0.35800557448094666,0.865088765943884
14,56,Watford,Everton,2025,5,29,0.47952104998704836,0.02187186901048513
14,56,Burnley,Everton,2025,5,29,0.5819438932907703,0.6703667544143822
14,56,Brentford,Everton,2025,5,29,0.6810660831509326,0.08508045722491146
14,56,West Ham,Everton,2025,5,29,0.5239737822747604,0.2808532459382901
14,56,United,Everton,2025,5,29,0.20849178216109854,0.5526904888145073
14,56,Newcastle,Everton,2025,5,29,0.9799364342863431,0.4976165871260853
14,56,City,Everton,2025,5,29,0.41758575517267726,0.8804188710825179
14,56,Wolverhampton,Everton,2025,5,29,1.1633376543186733,0.6964240452303013
14,56,Norwich,Everton,2025,5,29,-0.2777402537391682,0.3259403676324918
14,56,Leeds,Everton,2025,5,29,0.06861922735307606,0.03125635746434119
14,56,Liverpool,Everton,2025,5,29,0.18801604023186697,0.4456256735682834
14,56,Southampton,Everton,2025,5,29,-0.3418748856789818,0.028860549631555363
14,56,Aston,Everton,2025,5,29,0.4032238350445623,0.28357597951067676
14,56,Islington,Everton,2025,5,29,0.28884095897167955,0.27879486184891017
14,56,Chelsea,Everton,2025,5,29,0.493224149033808,1.049660579330575
14,56,Tottenham,Everton,2025,5,29,-0.2154685780892594,0.24261486989754513
14,56,Burnley,Watford,2025,5,29,2.7862929339566307,1.211990007482536
14,56,Brentford,Watford,2025,5,29,3.144296943759435,0.3687037040690914
14,56,West Ham,Watford,2025,5,29,2.9577302438634225,0.7044004756244382
14,56,United,Watford,2025,5,29,2.6473887671394767,0.8483550782995313
14,56,Newcastle,Watford,2025,5,29,3.2175310957949272,1.138450727109908
14,56,City,Watford,2025,5,29,0.8655991089339764,1.107834347838571
14,56,Wolverhampton,Watford,2025,5,29,2.716387350806612,1.897096368744337
14,56,Norwich,Watford,2025,5,29,3.0524132263678574,1.1930577920481376
14,56,Leeds,Watford,2025,5,29,1.9817941572426983,0.4798123700579854
14,56,Liverpool,Watford,2025,5,29,2.900891406907736,1.097074343697416
14,56,Southampton,Watford,2025,5,29,1.7214752741639807,0.6131381129454547
14,56,Aston,Watford,2025,5,29,2.7129460323739023,0.9740282146946351
14,56,Islington,Watford,2025,5,29,1.889693514791233,0.33866524478784654
14,56,Chelsea,Watford,2025,5,29,1.2229870300385206,1.271596684897884
14,56,Tottenham,Watford,2025,5,29,0.9141100263196481,1.2575951669852472
14,56,Brentford,Burnley,2025,5,29,2.6889456794844415,0.5188934482151103
14,56,West Ham,Burnley,2025,5,29,2.1266981790991553,1.0614832453230918
14,56,United,Burnley,2025,5,29,1.8897467269621833,1.623497734298649
14,56,Newcastle,Burnley,2025,5,29,2.66527091592313,1.706495099334899
14,56,City,Burnley,2025,5,29,-0.4374156050121535,1.607529443841373
14,56,Wolverhampton,Burnley,2025,5,29,1.5286893712149332,2.1923007833703925
14,56,Norwich,Burnley,2025,5,29,1.1743560574870724,1.8594642390169331
14,56,Leeds,Burnley,2025,5,29,0.19846278450476407,1.7627338678799425
14,56,Liverpool,Burnley,2025,5,29,1.9718978820576214,1.4509560336477303
14,56,Southampton,Burnley,2025,5,29,0.032062128197050795,1.116377382093199
14,56,Aston,Burnley,2025,5,29,1.702910778584498,1.2744377192325473
14,56,Islington,Burnley,2025,5,29,0.42574987472473197,1.0998409240469669
14,56,Chelsea,Burnley,2025,5,29,0.5306527064206118,1.444909962206044
14,56,Tottenham,Burnley,2025,5,29,-0.5622797745566679,1.356124682413459
14,56,West Ham,Brentford,2025,5,29,0.9644527325996737,0.42419749309066945
14,56,United,Brentford,2025,5,29,0.5232659368034146,0.8014931694357813
14,56,Newcastle,Brentford,2025,5,29,1.2740571759910908,1.141197692256682
14,56,City,Brentford,2025,5,29,0.40015598374936573,0.8733004954232061
14,56,Wolverhampton,Brentford,2025,5,29,0.8814324121680707,1.3121559144099224
14,56,Norwich,Brentford,2025,5,29,-0.22102512161214058,0.47438014933081524
14,56,Leeds,Brentford,2025,5,29,0.4667548269245301,0.428287308677735
14,56,Liverpool,Brentford,2025,5,29,0.52729445358226,0.45671813034785164
14,56,Southampton,Brentford,2025,5,29,0.016555208990306818,0.1865196273545104
14,56,Aston,Brentford,2025,5,29,0.6825701660989933,0.6883171578986927
14,56,Islington,Brentford,2025,5,29,0.31304161082715426,0.5881057900006788
14,56,Chelsea,Brentford,2025,5,29,0.7786537380948156,1.2036443721913146
14,56,Tottenham,Brentford,2025,5,29,-0.201197462247824,0.8001923038289881
14,56,United,West Ham,2025,5,29,1.5934393345709676,1.4883181084769
14,56,Newcastle,West Ham,2025,5,29,2.899188894980541,1.1410084614878944
14,56,City,West Ham,2025,5,29,0.9076781826938001,1.6571771121074261
14,56,Wolverhampton,West Ham,2025,5,29,1.4045489826047837,2.5807988882444755
14,56,Norwich,West Ham,2025,5,29,1.138525194761729,1.886528526076106
14,56,Leeds,West Ham,2025,5,29,1.4238567336386363,1.2825846766618314
14,56,Liverpool,West Ham,2025,5,29,1.562749637160159,2.424558986185611
14,56,Southampton,West Ham,2025,5,29,1.2299013251508089,0.9926025482976958
14,56,Aston,West Ham,2025,5,29,1.6235046957299721,1.1387034077569427
14,56,Islington,West Ham,2025,5,29,1.415562992854041,1.3309311963017572
14,56,Chelsea,West Ham,2025,5,29,1.6871031043953508,0.6044390236993111
14,56,Tottenham,West Ham,2025,5,29,0.6290438944731084,0.9856125680892341
14,56,Newcastle,United,2025,5,29,2.521359615916398,0.7482773772877348
14,56,City,United,2025,5,29,0.21161111333265833,0.8474626766785275
14,56,Wolverhampton,United,2025,5,29,2.0245509029672606,0.7032203291018607
14,56,Norwich,United,2025,5,29,2.139433432715255,0.8819429767727719
14,56,Leeds,United,2025,5,29,1.2503216630462424,0.3408727199970453
14,56,Liverpool,United,2025,5,29,2.409509911143291,0.9375292493374878
14,56,Southampton,United,2025,5,29,1.061904885293766,0.9020585116113417
14,56,Aston,United,2025,5,29,2.0447877173821807,0.3070830801471029
14,56,Islington,United,2025,5,29,1.4750835054702074,0.781773659526234
14,56,Chelsea,United,2025,5,29,0.666762730833315,0.9208076467291157
14,56,Tottenham,United,2025,5,29,0.013870573828109484,0.006347862940484601
14,56,City,Newcastle,2025,5,29,0.18971926278924842,0.8307439339662442
14,56,Wolverhampton,Newcastle,2025,5,29,0.658799904190538,0.933217110063333
14,56,Norwich,Newcastle,2025,5,29,1.7789799633796324,0.34485902863007034
14,56,Leeds,Newcastle,2025,5,29,0.9421948248753281,0.3291163911398792
14,56,Liverpool,Newcastle,2025,5,29,1.921368205280636,0.4431613124541731
14,56,Southampton,Newcastle,2025,5,29,0.9302094129587185,0.5863564121033286
14,56,Aston,Newcastle,2025,5,29,1.43245620837262,0.4665383454837839
14,56,Islington,Newcastle,2025,5,29,1.0847122879351283,0.3691433161508548
14,56,Chelsea,Newcastle,2025,5,29,1.161231425677293,1.6847669517324122
14,56,Tottenham,Newcastle,2025,5,29,0.2035379740698808,0.634895696318921
14,56,Wolverhampton,City,2025,5,29,0.9923749875417026,1.102741735807742
14,56,Norwich,City,2025,5,29,1.0076322305505383,2.1662599755507346
14,56,Leeds,City,2025,5,29,0.838748119984076,1.2159250187683228
14,56,Liverpool,City,2025,5,29,1.0893814406167164,1.5647595028122498
14,56,Southampton,City,2025,5,29,1.3377326186209635,1.7571935652348818
14,56,Aston,City,2025,5,29,0.9735689522477855,1.5188218113593372
14,56,Islington,City,2025,5,29,1.3217021159265814,1.4716889738920191
14,56,Chelsea,City,2025,5,29,1.253638540306903,0.9237954378409035
14,56,Tottenham,City,2025,5,29,0.5627821411428169,0.5224910657469406
14,56,Norwich,Wolverhampton,2025,5,29,1.1047677631068844,1.004563614817028
14,56,Leeds,Wolverhampton,2025,5,29,0.9126339134715185,1.421436331093809
14,56,Liverpool,Wolverhampton,2025,5,29,1.5036951527998066,0.8558921261326713
14,56,Southampton,Wolverhampton,2025,5,29,1.436024767651986,1.6294168332466517
14,56,Aston,Wolverhampton,2025,5,29,1.06985003119157,1.1091414757940927
14,56,Islington,Wolverhampton,2025,5,29,1.4600220703298312,1.0600231604332007
14,56,Chelsea,Wolverhampton,2025,5,29,1.2048445016004492,1.2976476326042046
14,56,Tottenham,Wolverhampton,2025,5,29,0.20754132824545596,0.3274920849638659
14,56,Leeds,Norwich,2025,5,29,0.8526967154196685,1.0669398103471261
14,56,Liverpool,Norwich,2025,5,29,0.8076629211101105,0.5941963123714505
14,56,Southampton,Norwich,2025,5,29,1.126294207136758,1.7921851724716724
14,56,Aston,Norwich,2025,5,29,0.1232862162830666,0.6292277847709993
14,56,Islington,Norwich,2025,5,29,1.0989082722965482,0.332383463699831
14,56,Chelsea,Norwich,2025,5,29,1.5264412796565099,1.1281890388480194
14,56,Tottenham,Norwich,2025,5,29,0.4044621227736114,0.3906993112453643
14,56,Liverpool,Leeds,2025,5,29,-0.09475671165259741,3.181467156351994
14,56,Southampton,Leeds,2025,5,29,-0.17381172519676477,1.4936381471978886
14,56,Aston,Leeds,2025,5,29,-0.05699081033229222,1.1388990798372822
14,56,Islington,Leeds,2025,5,29,0.18310216176303654,0.4285701178152245
14,56,Chelsea,Leeds,2025,5,29,0.4039787297543254,0.3984448417278934
14,56,Tottenham,Leeds,2025,5,29,-0.050262988270623435,0.40708702363618765
14,56,Southampton,Liverpool,2025,5,29,2.274767345785723,1.297155943947404
14,56,Aston,Liverpool,2025,5,29,1.6383898052272776,1.2752333565285314
14,56,Islington,Liverpool,2025,5,29,2.6258773912986446,2.1171124373698014
14,56,Chelsea,Liverpool,2025,5,29,1.5629426519449519,1.236338564170479
14,56,Tottenham,Liverpool,2025,5,29,0.7806123675987556,2.2702267642862557
14,56,Aston,Southampton,2025,5,29,0.7248212799481026,2.349519675566002
14,56,Islington,Southampton,2025,5,29,1.0795526633140897,1.5799188193671583
14,56,Chelsea,Southampton,2025,5,29,0.7132171963870153,0.9633162335182464
14,56,Tottenham,Southampton,2025,5,29,0.22843604182074015,1.3793903294729748
14,56,Islington,Aston,2025,5,29,0.28866589958537453,1.2941662374347502
14,56,Chelsea,Aston,2025,5,29,0.7671019016375645,1.1784429730596717
14,56,Tottenham,Aston,2025,5,29,-0.11502424768035471,0.49257758995015916
14,56,Chelsea,Islington,2025,5,29,1.0438460652907149,0.9415052802119046
14,56,Tottenham,Islington,2025,5,29,0.202277229603573,0.5865178545119605
14,56,Tottenham,Chelsea,2025,5,29,-0.08394397812071737,0.650342070167734
14,59,Brighton,Leicester,2025,5,29,0.9261764000085223,1.527229853357345
14,59,Palace,Leicester,2025,5,29,1.4869063985755777,0.7596336230718491
14,59,Everton,Leicester,2025,5,29,1.989892981273592,1.3562428861362243
14,59,Watford,Leicester,2025,5,29,3.3828671959563095,0.18879409885332066
14,59,Burnley,Leicester,2025,5,29,1.9872896098728623,0.908049209149867
14,59,Brentford,Leicester,2025,5,29,2.142013194373371,0.052677335436710285
14,59,West Ham,Leicester,2025,5,29,2.307823690039079,0.4978578062681986
14,59,United,Leicester,2025,5,29,1.9004824713746329,0.8889217367977985
14,59,Newcastle,Leicester,2025,5,29,2.95641449710422,1.201198822995461
14,59,City,Leicester,2025,5,29,1.1931620779499779,0.819495530206427
14,59,Wolverhampton,Leicester,2025,5,29,2.0257337304174348,0.3830695672431789
14,59,Norwich,Leicester,2025,5,29,2.296651659191509,0.6876196912051556
14,59,Leeds,Leicester,2025,5,29,2.1123945373792563,0.4479642809791912
14,59,Liverpool,Leicester,2025,5,29,1.8446004867825572,0.5765014562104847
14,59,Southampton,Leicester,2025,5,29,2.001278035215963,0.7949185820093495
14,59,Aston,Leicester,2025,5,29,1.6585945549392338,0.7105536581199826
14,59,Islington,Leicester,2025,5,29,2.5121031242890908,0.6513107300692841
14,59,Chelsea,Leicester,2025,5,29,1.5027463259118907,1.2393536746908413
14,59,Tottenham,Leicester,2025,5,29,1.0414060865533825,0.5379924390742192
14,59,Palace,Brighton,2025,5,29,0.04017599947349536,1.3528949585089554
14,59,Everton,Brighton,2025,5,29,1.3371849962881452,1.0234867416044129
14,59,Watford,Brighton,2025,5,29,0.14012138859499632,0.975186844551226
14,59,Burnley,Brighton,2025,5,29,0.5579364395718726,1.0634624661354801
14,59,Brentford,Brighton,2025,5,29,1.1064012152363287,1.0010897785589068
14,59,West Ham,Brighton,2025,5,29,0.870128022447644,1.4145686908029946
14,59,United,Brighton,2025,5,29,0.17625417649635466,1.3668324936892238
14,59,Newcastle,Brighton,2025,5,29,0.5970648781502482,2.797083872792518
14,59,City,Brighton,2025,5,29,0.6278783195728456,2.7011950526430466
14,59,Wolverhampton,Brighton,2025,5,29,0.5815056212106662,2.6171642337331886
14,59,Norwich,Brighton,2025,5,29,0.26705685540073026,3.10615288041097
14,59,Leeds,Brighton,2025,5,29,0.3707138776425395,1.313175063144817
14,59,Liverpool,Brighton,2025,5,29,0.5364945803804257,3.1112456595740405
14,59,Southampton,Brighton,2025,5,29,0.3429287714812898,1.720515010905227
14,59,Aston,Brighton,2025,5,29,0.2014547012348749,2.583450999931067
14,59,Islington,Brighton,2025,5,29,0.5904425661912256,1.5670970674444806
14,59,Chelsea,Brighton,2025,5,29,1.0203180771263007,1.091585029374728
14,59,Tottenham,Brighton,2025,5,29,0.07172964074684757,1.5369487262960388
14,59,Everton,Palace,2025,5,29,1.0859907619106646,0.9857775310700618
14,59,Watford,Palace,2025,5,29,3.316127908690041,0.8677315552200964
14,59,Burnley,Palace,2025,5,29,2.5035251148474793,1.324042019983812
14,59,Brentford,Palace,2025,5,29,3.2552740167229244,0.4945123440783045
14,59,West Ham,Palace,2025,5,29,3.0665549620710015,0.6271285569060162
14,59,United,Palace,2025,5,29,2.588541872238606,1.4082459341142601
14,59,Newcastle,Palace,2025,5,29,3.318743475459213,1.3077505859644067
14,59,City,Palace,2025,5,29,0.320014050999362,1.115506894452117
14,59,Wolverhampton,Palace,2025,5,29,2.577813686727063,1.6894971208023954
14,59,Norwich,Palace,2025,5,29,3.2673978874236864,0.9362211698252582
14,59,Leeds,Palace,2025,5,29,1.6422548372209664,1.143407149255963
14,59,Liverpool,Palace,2025,5,29,2.9433028412201456,1.4226840122525
14,59,Southampton,Palace,2025,5,29,1.3945499034001556,1.0683808774569972
14,59,Aston,Palace,2025,5,29,2.703058390599847,1.0984666417747395
14,59,Islington,Palace,2025,5,29,1.5520319203690667,0.502653097910691
14,59,Chelsea,Palace,2025,5,29,0.8976427879989454,0.9142683458275971
14,59,Tottenham,Palace,2025,5,29,0.35800557448094666,0.865088765943884
14,59,Watford,Everton,2025,5,29,0.47952104998704836,0.02187186901048513
14,59,Burnley,Everton,2025,5,29,0.5819438932907703,0.6703667544143822
14,59,Brentford,Everton,2025,5,29,0.6810660831509326,0.08508045722491146
14,59,West Ham,Everton,2025,5,29,0.5239737822747604,0.2808532459382901
14,59,United,Everton,2025,5,29,0.20849178216109854,0.5526904888145073
14,59,Newcastle,Everton,2025,5,29,0.9799364342863431,0.4976165871260853
14,59,City,Everton,2025,5,29,0.41758575517267726,0.8804188710825179
14,59,Wolverhampton,Everton,2025,5,29,1.1633376543186733,0.6964240452303013
14,59,Norwich,Everton,2025,5,29,-0.2777402537391682,0.3259403676324918
14,59,Leeds,Everton,2025,5,29,0.06861922735307606,0.03125635746434119
14,59,Liverpool,Everton,2025,5,29,0.18801604023186697,0.4456256735682834
14,59,Southampton,Everton,2025,5,29,-0.3418748856789818,0.028860549631555363
14,59,Aston,Everton,2025,5,29,0.4032238350445623,0.28357597951067676
14,59,Islington,Everton,2025,5,29,0.28884095897167955,0.27879486184891017
14,59,Chelsea,Everton,2025,5,29,0.493224149033808,1.049660579330575
14,59,Tottenham,Everton,2025,5,29,-0.2154685780892594,0.24261486989754513
14,59,Burnley,Watford,2025,5,29,2.7862929339566307,1.211990007482536
14,59,Brentford,Watford,2025,5,29,3.144296943759435,0.3687037040690914
14,59,West Ham,Watford,2025,5,29,2.9577302438634225,0.7044004756244382
14,59,United,Watford,2025,5,29,2.6473887671394767,0.8483550782995313
14,59,Newcastle,Watford,2025,5,29,3.2175310957949272,1.138450727109908
14,59,City,Watford,2025,5,29,0.8655991089339764,1.107834347838571
14,59,Wolverhampton,Watford,2025,5,29,2.716387350806612,1.897096368744337
14,59,Norwich,Watford,2025,5,29,3.0524132263678574,1.1930577920481376
14,59,Leeds,Watford,2025,5,29,1.9817941572426983,0.4798123700579854
14,59,Liverpool,Watford,2025,5,29,2.900891406907736,1.097074343697416
14,59,Southampton,Watford,2025,5,29,1.7214752741639807,0.6131381129454547
14,59,Aston,Watford,2025,5,29,2.7129460323739023,0.9740282146946351
14,59,Islington,Watford,2025,5,29,1.889693514791233,0.33866524478784654
14,59,Chelsea,Watford,2025,5,29,1.2229870300385206,1.271596684897884
14,59,Tottenham,Watford,2025,5,29,0.9141100263196481,1.2575951669852472
14,59,Brentford,Burnley,2025,5,29,2.6889456794844415,0.5188934482151103
14,59,West Ham,Burnley,2025,5,29,2.1266981790991553,1.0614832453230918
14,59,United,Burnley,2025,5,29,1.8897467269621833,1.623497734298649
14,59,Newcastle,Burnley,2025,5,29,2.66527091592313,1.706495099334899
14,59,City,Burnley,2025,5,29,-0.4374156050121535,1.607529443841373
14,59,Wolverhampton,Burnley,2025,5,29,1.5286893712149332,2.1923007833703925
14,59,Norwich,Burnley,2025,5,29,1.1743560574870724,1.8594642390169331
14,59,Leeds,Burnley,2025,5,29,0.19846278450476407,1.7627338678799425
14,59,Liverpool,Burnley,2025,5,29,1.9718978820576214,1.4509560336477303
14,59,Southampton,Burnley,2025,5,29,0.032062128197050795,1.116377382093199
14,59,Aston,Burnley,2025,5,29,1.702910778584498,1.2744377192325473
14,59,Islington,Burnley,2025,5,29,0.42574987472473197,1.0998409240469669
14,59,Chelsea,Burnley,2025,5,29,0.5306527064206118,1.444909962206044
14,59,Tottenham,Burnley,2025,5,29,-0.5622797745566679,1.356124682413459
14,59,West Ham,Brentford,2025,5,29,0.9644527325996737,0.42419749309066945
14,59,United,Brentford,2025,5,29,0.5232659368034146,0.8014931694357813
14,59,Newcastle,Brentford,2025,5,29,1.2740571759910908,1.141197692256682
14,59,City,Brentford,2025,5,29,0.40015598374936573,0.8733004954232061
14,59,Wolverhampton,Brentford,2025,5,29,0.8814324121680707,1.3121559144099224
14,59,Norwich,Brentford,2025,5,29,-0.22102512161214058,0.47438014933081524
14,59,Leeds,Brentford,2025,5,29,0.4667548269245301,0.428287308677735
14,59,Liverpool,Brentford,2025,5,29,0.52729445358226,0.45671813034785164
14,59,Southampton,Brentford,2025,5,29,0.016555208990306818,0.1865196273545104
14,59,Aston,Brentford,2025,5,29,0.6825701660989933,0.6883171578986927
14,59,Islington,Brentford,2025,5,29,0.31304161082715426,0.5881057900006788
14,59,Chelsea,Brentford,2025,5,29,0.7786537380948156,1.2036443721913146
14,59,Tottenham,Brentford,2025,5,29,-0.201197462247824,0.8001923038289881
14,59,United,West Ham,2025,5,29,1.5934393345709676,1.4883181084769
14,59,Newcastle,West Ham,2025,5,29,2.899188894980541,1.1410084614878944
14,59,City,West Ham,2025,5,29,0.9076781826938001,1.6571771121074261
14,59,Wolverhampton,West Ham,2025,5,29,1.4045489826047837,2.5807988882444755
14,59,Norwich,West Ham,2025,5,29,1.138525194761729,1.886528526076106
14,59,Leeds,West Ham,2025,5,29,1.4238567336386363,1.2825846766618314
14,59,Liverpool,West Ham,2025,5,29,1.562749637160159,2.424558986185611
14,59,Southampton,West Ham,2025,5,29,1.2299013251508089,0.9926025482976958
14,59,Aston,West Ham,2025,5,29,1.6235046957299721,1.1387034077569427
14,59,Islington,West Ham,2025,5,29,1.415562992854041,1.3309311963017572
14,59,Chelsea,West Ham,2025,5,29,1.6871031043953508,0.6044390236993111
14,59,Tottenham,West Ham,2025,5,29,0.6290438944731084,0.9856125680892341
14,59,Newcastle,United,2025,5,29,2.521359615916398,0.7482773772877348
14,59,City,United,2025,5,29,0.21161111333265833,0.8474626766785275
14,59,Wolverhampton,United,2025,5,29,2.0245509029672606,0.7032203291018607
14,59,Norwich,United,2025,5,29,2.139433432715255,0.8819429767727719
14,59,Leeds,United,2025,5,29,1.2503216630462424,0.3408727199970453
14,59,Liverpool,United,2025,5,29,2.409509911143291,0.9375292493374878
14,59,Southampton,United,2025,5,29,1.061904885293766,0.9020585116113417
14,59,Aston,United,2025,5,29,2.0447877173821807,0.3070830801471029
14,59,Islington,United,2025,5,29,1.4750835054702074,0.781773659526234
14,59,Chelsea,United,2025,5,29,0.666762730833315,0.9208076467291157
14,59,Tottenham,United,2025,5,29,0.013870573828109484,0.006347862940484601
14,59,City,Newcastle,2025,5,29,0.18971926278924842,0.8307439339662442
14,59,Wolverhampton,Newcastle,2025,5,29,0.658799904190538,0.933217110063333
14,59,Norwich,Newcastle,2025,5,29,1.7789799633796324,0.34485902863007034
14,59,Leeds,Newcastle,2025,5,29,0.9421948248753281,0.3291163911398792
14,59,Liverpool,Newcastle,2025,5,29,1.921368205280636,0.4431613124541731
14,59,Southampton,Newcastle,2025,5,29,0.9302094129587185,0.5863564121033286
14,59,Aston,Newcastle,2025,5,29,1.43245620837262,0.4665383454837839
14,59,Islington,Newcastle,2025,5,29,1.0847122879351283,0.3691433161508548
14,59,Chelsea,Newcastle,2025,5,29,1.161231425677293,1.6847669517324122
14,59,Tottenham,Newcastle,2025,5,29,0.2035379740698808,0.634895696318921
14,59,Wolverhampton,City,2025,5,29,0.9923749875417026,1.102741735807742
14,59,Norwich,City,2025,5,29,1.0076322305505383,2.1662599755507346
14,59,Leeds,City,2025,5,29,0.838748119984076,1.2159250187683228
14,59,Liverpool,City,2025,5,29,1.0893814406167164,1.5647595028122498
14,59,Southampton,City,2025,5,29,1.3377326186209635,1.7571935652348818
14,59,Aston,City,2025,5,29,0.9735689522477855,1.5188218113593372
14,59,Islington,City,2025,5,29,1.3217021159265814,1.4716889738920191
14,59,Chelsea,City,2025,5,29,1.253638540306903,0.9237954378409035
14,59,Tottenham,City,2025,5,29,0.5627821411428169,0.5224910657469406
14,59,Norwich,Wolverhampton,2025,5,29,1.1047677631068844,1.004563614817028
14,59,Leeds,Wolverhampton,2025,5,29,0.9126339134715185,1.421436331093809
14,59,Liverpool,Wolverhampton,2025,5,29,1.5036951527998066,0.8558921261326713
14,59,Southampton,Wolverhampton,2025,5,29,1.436024767651986,1.6294168332466517
14,59,Aston,Wolverhampton,2025,5,29,1.06985003119157,1.1091414757940927
14,59,Islington,Wolverhampton,2025,5,29,1.4600220703298312,1.0600231604332007
14,59,Chelsea,Wolverhampton,2025,5,29,1.2048445016004492,1.2976476326042046
14,59,Tottenham,Wolverhampton,2025,5,29,0.20754132824545596,0.3274920849638659
14,59,Leeds,Norwich,2025,5,29,0.8526967154196685,1.0669398103471261
14,59,Liverpool,Norwich,2025,5,29,0.8076629211101105,0.5941963123714505
14,59,Southampton,Norwich,2025,5,29,1.126294207136758,1.7921851724716724
14,59,Aston,Norwich,2025,5,29,0.1232862162830666,0.6292277847709993
14,59,Islington,Norwich,2025,5,29,1.0989082722965482,0.332383463699831
14,59,Chelsea,Norwich,2025,5,29,1.5264412796565099,1.1281890388480194
14,59,Tottenham,Norwich,2025,5,29,0.4044621227736114,0.3906993112453643
14,59,Liverpool,Leeds,2025,5,29,-0.09475671165259741,3.181467156351994
14,59,Southampton,Leeds,2025,5,29,-0.17381172519676477,1.4936381471978886
14,59,Aston,Leeds,2025,5,29,-0.05699081033229222,1.1388990798372822
14,59,Islington,Leeds,2025,5,29,0.18310216176303654,0.4285701178152245
14,59,Chelsea,Leeds,2025,5,29,0.4039787297543254,0.3984448417278934
14,59,Tottenham,Leeds,2025,5,29,-0.050262988270623435,0.40708702363618765
14,59,Southampton,Liverpool,2025,5,29,2.274767345785723,1.297155943947404
14,59,Aston,Liverpool,2025,5,29,1.6383898052272776,1.2752333565285314
14,59,Islington,Liverpool,2025,5,29,2.6258773912986446,2.1171124373698014
14,59,Chelsea,Liverpool,2025,5,29,1.5629426519449519,1.236338564170479
14,59,Tottenham,Liverpool,2025,5,29,0.7806123675987556,2.2702267642862557
14,59,Aston,Southampton,2025,5,29,0.7248212799481026,2.349519675566002
14,59,Islington,Southampton,2025,5,29,1.0795526633140897,1.5799188193671583
14,59,Chelsea,Southampton,2025,5,29,0.7132171963870153,0.9633162335182464
14,59,Tottenham,Southampton,2025,5,29,0.22843604182074015,1.3793903294729748
14,59,Islington,Aston,2025,5,29,0.28866589958537453,1.2941662374347502
14,59,Chelsea,Aston,2025,5,29,0.7671019016375645,1.1784429730596717
14,59,Tottenham,Aston,2025,5,29,-0.11502424768035471,0.49257758995015916
14,59,Chelsea,Islington,2025,5,29,1.0438460652907149,0.9415052802119046
14,59,Tottenham,Islington,2025,5,29,0.202277229603573,0.5865178545119605
14,59,Tottenham,Chelsea,2025,5,29,-0.08394397812071737,0.650342070167734
15,2,Brighton,Leicester,2025,5,29,0.8707632006583595,1.5936951140325473
15,2,Palace,Leicester,2025,5,29,0.9281322738114524,0.7523169348778376
15,2,Everton,Leicester,2025,5,29,0.7719406397861235,0.387942240314328
15,2,Watford,Leicester,2025,5,29,2.1169049471583268,0.5245279698632221
15,2,Burnley,Leicester,2025,5,29,1.1440870334371296,0.7380657580211267
15,2,Brentford,Leicester,2025,5,29,0.6997736557268857,0.6199480722202029
15,2,West Ham,Leicester,2025,5,29,2.122878082331804,0.4824843698862832
15,2,United,Leicester,2025,5,29,1.1780860700135691,0.6905717500500093
15,2,Newcastle,Leicester,2025,5,29,2.197420888254524,0.3332621203102149
15,2,City,Leicester,2025,5,29,1.0234988774270417,0.17062275483467398
15,2,Wolverhampton,Leicester,2025,5,29,1.0187941055430472,0.1491883128547197
15,2,Norwich,Leicester,2025,5,29,1.574577569148235,0.48478605675400793
15,2,Leeds,Leicester,2025,5,29,1.8396601819079956,0.5827723931201063
15,2,Liverpool,Leicester,2025,5,29,1.3143102468931522,0.0346273805004915
15,2,Southampton,Leicester,2025,5,29,1.5268877585494414,0.4027034343368699
15,2,Aston,Leicester,2025,5,29,0.9202704538753292,0.5736174637379623
15,2,Islington,Leicester,2025,5,29,1.352491400671511,0.306956465491908
15,2,Chelsea,Leicester,2025,5,29,1.1162498744129354,1.0647020245827294
15,2,Tottenham,Leicester,2025,5,29,0.6566034078690471,0.5831848587919114
15,2,Palace,Brighton,2025,5,29,0.008456044165084881,0.44656964544478184
15,2,Everton,Brighton,2025,5,29,0.663425523762745,0.5789212420151623
15,2,Watford,Brighton,2025,5,29,0.03716419814636894,0.7524637185223573
15,2,Burnley,Brighton,2025,5,29,0.5401363383137734,2.800948451343283
15,2,Brentford,Brighton,2025,5,29,0.7027715891036094,0.6380862431440996
15,2,West Ham,Brighton,2025,5,29,1.0445317368681302,0.8811362777519945
15,2,United,Brighton,2025,5,29,0.07987015821708757,1.1121675153846435
15,2,Newcastle,Brighton,2025,5,29,0.06621726742892355,1.1554441912143092
15,2,City,Brighton,2025,5,29,0.7689860752835292,4.220414820723912
15,2,Wolverhampton,Brighton,2025,5,29,0.12759958202150848,3.812391288383887
15,2,Norwich,Brighton,2025,5,29,0.18844896778188586,2.8546024570967394
15,2,Leeds,Brighton,2025,5,29,0.685108830276778,1.0017855266821363
15,2,Liverpool,Brighton,2025,5,29,0.48807687676127165,2.744740679965954
15,2,Southampton,Brighton,2025,5,29,0.36977421474732736,0.8863180275891467
15,2,Aston,Brighton,2025,5,29,-0.012132342121873708,2.1660668772404774
15,2,Islington,Brighton,2025,5,29,0.26731171013163324,0.5524734529961127
15,2,Chelsea,Brighton,2025,5,29,0.8973972366128073,2.2126349014448836
15,2,Tottenham,Brighton,2025,5,29,0.058591192222841856,2.897575492413559
15,2,Everton,Palace,2025,5,29,1.121636106687022,0.6846886401644138
15,2,Watford,Palace,2025,5,29,2.1257829342868133,0.8503377305278259
15,2,Burnley,Palace,2025,5,29,1.0627255304141132,3.205889767259325
15,2,Brentford,Palace,2025,5,29,1.6380024079720572,0.7017243817312998
15,2,West Ham,Palace,2025,5,29,2.2416156199580533,0.353799001902727
15,2,United,Palace,2025,5,29,1.5295750981037,1.001801540532572
15,2,Newcastle,Palace,2025,5,29,2.9454802769086537,0.27924470247824446
15,2,City,Palace,2025,5,29,0.4125918270355916,2.6245371953274375
15,2,Wolverhampton,Palace,2025,5,29,2.1334857221473777,2.957567270621597
15,2,Norwich,Palace,2025,5,29,3.2305829852388293,0.8388088609954784
15,2,Leeds,Palace,2025,5,29,1.3631691469454894,1.1436430833608395
15,2,Liverpool,Palace,2025,5,29,2.328778478308252,1.384865212278634
15,2,Southampton,Palace,2025,5,29,1.316187219202329,0.18240834887862115
15,2,Aston,Palace,2025,5,29,1.8485190367101363,0.6643036735725496
15,2,Islington,Palace,2025,5,29,0.7393523578893236,-0.14187668503774617
15,2,Chelsea,Palace,2025,5,29,1.1049943453226427,2.1938480458928167
15,2,Tottenham,Palace,2025,5,29,0.3826121507848734,2.455967291675412
15,2,Watford,Everton,2025,5,29,0.06732482611813619,0.49435922040333535
15,2,Burnley,Everton,2025,5,29,0.4475154910873578,0.63915197031196
15,2,Brentford,Everton,2025,5,29,0.04632057962201667,0.6997216058067118
15,2,West Ham,Everton,2025,5,29,0.37480673500360917,0.7281492886849232
15,2,United,Everton,2025,5,29,0.041360790622836145,0.7467003845785382
15,2,Newcastle,Everton,2025,5,29,0.48578104025249347,-0.02755922113274632
15,2,City,Everton,2025,5,29,0.33825443697673196,0.5346619372424571
15,2,Wolverhampton,Everton,2025,5,29,0.3941689660870711,0.7382383847069101
15,2,Norwich,Everton,2025,5,29,-0.16652646922664643,0.48411510546497627
15,2,Leeds,Everton,2025,5,29,0.20940331804513015,0.42055838540151813
15,2,Liverpool,Everton,2025,5,29,0.32924906292853134,-0.043990779974723164
15,2,Southampton,Everton,2025,5,29,-0.06054902045101382,0.016537465934759916
15,2,Aston,Everton,2025,5,29,0.16524298140211396,0.411461559785303
15,2,Islington,Everton,2025,5,29,0.04831277235112165,0.25895545411143117
15,2,Chelsea,Everton,2025,5,29,0.47608722385836927,1.0456148468814175
15,2,Tottenham,Everton,2025,5,29,-0.24624311707873317,0.42840863061419654
15,2,Burnley,Watford,2025,5,29,1.3833045817925562,2.438011448705012
15,2,Brentford,Watford,2025,5,29,1.6236205687606728,0.7025213622508165
15,2,West Ham,Watford,2025,5,29,2.2024620340428336,0.6120883973742395
15,2,United,Watford,2025,5,29,1.6898976653983593,0.6299616611134214
15,2,Newcastle,Watford,2025,5,29,2.8337571611362207,0.43226809832776064
15,2,City,Watford,2025,5,29,1.3904123404364408,2.2501513328100757
15,2,Wolverhampton,Watford,2025,5,29,2.264177855398298,2.6946105642583364
15,2,Norwich,Watford,2025,5,29,2.9487361179216367,1.3379244817960028
15,2,Leeds,Watford,2025,5,29,2.1160802116979753,0.46424576600573875
15,2,Liverpool,Watford,2025,5,29,2.275236176722508,0.7313385186250363
15,2,Southampton,Watford,2025,5,29,2.1771570723984413,0.23907586528565392
15,2,Aston,Watford,2025,5,29,1.872402109259414,0.7326431299515702
15,2,Islington,Watford,2025,5,29,1.7985677133197788,0.12169660818405079
15,2,Chelsea,Watford,2025,5,29,1.8848200374424742,2.1654773820878606
15,2,Tottenham,Watford,2025,5,29,1.4361223397946006,2.0082488277424964
15,2,Brentford,Burnley,2025,5,29,1.262663388627804,1.098049037306392
15,2,West Ham,Burnley,2025,5,29,1.4257769000791205,0.8756460950572946
15,2,United,Burnley,2025,5,29,1.058051879451319,1.2871034092059397
15,2,Newcastle,Burnley,2025,5,29,2.618714283538551,0.6930113980335383
15,2,City,Burnley,2025,5,29,-0.009695693656276705,3.1834741795390245
15,2,Wolverhampton,Burnley,2025,5,29,1.1935336245625519,3.81429661278208
15,2,Norwich,Burnley,2025,5,29,1.1032746539516647,1.6509745325823524
15,2,Leeds,Burnley,2025,5,29,0.24958403337899288,1.6695100833099987
15,2,Liverpool,Burnley,2025,5,29,1.454578454452271,1.7916534898361034
15,2,Southampton,Burnley,2025,5,29,0.09751001989334687,0.19659084538507074
15,2,Aston,Burnley,2025,5,29,1.082548631965677,0.8519407108703323
15,2,Islington,Burnley,2025,5,29,0.1490332799577233,0.6022908102024488
15,2,Chelsea,Burnley,2025,5,29,0.9525233484725902,2.957825216343284
15,2,Tottenham,Burnley,2025,5,29,-0.17060392700759613,3.181395951676727
15,2,West Ham,Brentford,2025,5,29,1.470566660893885,0.598718618985791
15,2,United,Brentford,2025,5,29,0.5785198716098988,0.7805017109715723
15,2,Newcastle,Brentford,2025,5,29,1.5202927831362507,0.22382041828983348
15,2,City,Brentford,2025,5,29,0.7896831675585652,1.8849631974924905
15,2,Wolverhampton,Brentford,2025,5,29,0.6271913072026394,2.3382235732666574
15,2,Norwich,Brentford,2025,5,29,0.21356799277622904,0.4272104042744162
15,2,Leeds,Brentford,2025,5,29,0.9868321050017347,0.5837960215742483
15,2,Liverpool,Brentford,2025,5,29,1.1204500972615454,0.24880579570065509
15,2,Southampton,Brentford,2025,5,29,0.3735888146934493,-0.2935124440194848
15,2,Aston,Brentford,2025,5,29,0.8395364097622766,0.6531404315866839
15,2,Islington,Brentford,2025,5,29,0.1757327608197188,0.2534916478559209
15,2,Chelsea,Brentford,2025,5,29,1.1947688702174009,2.498376199748907
15,2,Tottenham,Brentford,2025,5,29,-0.012307919683738056,2.0683828075455875
15,2,United,West Ham,2025,5,29,1.702407534370507,1.2973696815490956
15,2,Newcastle,West Ham,2025,5,29,3.297933026863079,-0.09930070185933902
15,2,City,West Ham,2025,5,29,1.3130045837676718,3.366297624490426
15,2,Wolverhampton,West Ham,2025,5,29,1.2637785045373555,3.913031072174952
15,2,Norwich,West Ham,2025,5,29,1.1888845414774594,1.6969398815614503
15,2,Leeds,West Ham,2025,5,29,1.8113014310461002,1.1674565089323021
15,2,Liverpool,West Ham,2025,5,29,1.9231797174951244,2.179476382956298
15,2,Southampton,West Ham,2025,5,29,1.233319054870768,0.27198479620746663
15,2,Aston,West Ham,2025,5,29,1.62128205188734,0.7881884023128862
15,2,Islington,West Ham,2025,5,29,0.8553668222904862,0.6466427726154267
15,2,Chelsea,West Ham,2025,5,29,1.899900009863822,2.258247883393066
15,2,Tottenham,West Ham,2025,5,29,0.5460751383116695,2.4827584914073233
15,2,Newcastle,United,2025,5,29,2.002111354085645,0.025312958960596425
15,2,City,United,2025,5,29,0.8352452373645476,0.5554266680880469
15,2,Wolverhampton,United,2025,5,29,1.40245705972179,0.7573245982579714
15,2,Norwich,United,2025,5,29,1.860801819103922,0.7575942526803823
15,2,Leeds,United,2025,5,29,1.1965054262199397,0.5567074432229829
15,2,Liverpool,United,2025,5,29,1.6736908427724584,0.49229728336951484
15,2,Southampton,United,2025,5,29,1.3348243873057974,0.45981125594550143
15,2,Aston,United,2025,5,29,1.2999739794056102,0.2695697462867301
15,2,Islington,United,2025,5,29,1.2716420439971066,0.4445429759151987
15,2,Chelsea,United,2025,5,29,1.4332524086114307,0.9737474120588808
15,2,Tottenham,United,2025,5,29,0.6497693152013916,0.09452880111104729
15,2,City,Newcastle,2025,5,29,0.9784445991466941,0.26644497785602356
15,2,Wolverhampton,Newcastle,2025,5,29,0.4085309557117098,0.6781433601299732
15,2,Norwich,Newcastle,2025,5,29,1.6155025205838758,0.07011731099496628
15,2,Leeds,Newcastle,2025,5,29,1.2883096166398915,0.4328553619361961
15,2,Liverpool,Newcastle,2025,5,29,1.5181607032091737,-0.1980366019261258
15,2,Southampton,Newcastle,2025,5,29,1.4297862658466878,0.08457252533130087
15,2,Aston,Newcastle,2025,5,29,0.9950225377755866,0.1340200553391644
15,2,Islington,Newcastle,2025,5,29,1.2523375911162522,0.025282351876469687
15,2,Chelsea,Newcastle,2025,5,29,1.9496094920767992,1.4601199489641157
15,2,Tottenham,Newcastle,2025,5,29,0.7588581108203907,0.44595124625325483
15,2,Wolverhampton,City,2025,5,29,0.1874874828223867,1.6742066281102144
15,2,Norwich,City,2025,5,29,0.4315164761131928,1.61661801643511
15,2,Leeds,City,2025,5,29,0.6865763119030801,0.5867542640912231
15,2,Liverpool,City,2025,5,29,0.7607633670454018,1.2348595862794207
15,2,Southampton,City,2025,5,29,0.9366932171026376,0.6366815778784753
15,2,Aston,City,2025,5,29,0.4780237097932752,0.5742718582785135
15,2,Islington,City,2025,5,29,0.48970714197495435,0.23654419275530017
15,2,Chelsea,City,2025,5,29,0.647689467012333,1.3720091450619336
15,2,Tottenham,City,2025,5,29,0.04035346075204742,1.367278382467507
15,2,Norwich,Wolverhampton,2025,5,29,0.9309648887070038,0.0648425066966515
15,2,Leeds,Wolverhampton,2025,5,29,1.0032506025780068,0.9372114701357855
15,2,Liverpool,Wolverhampton,2025,5,29,1.7456076709041852,0.41931178164571015
15,2,Southampton,Wolverhampton,2025,5,29,1.1299244220174074,0.5570034892145165
15,2,Aston,Wolverhampton,2025,5,29,1.2320580464264985,0.40244567182672397
15,2,Islington,Wolverhampton,2025,5,29,0.6806497350643084,0.17308871900474881
15,2,Chelsea,Wolverhampton,2025,5,29,1.3271062798848212,1.1600857174642059
15,2,Tottenham,Wolverhampton,2025,5,29,-0.13563334783812073,0.16927950221233887
15,2,Leeds,Norwich,2025,5,29,1.3820889872436668,0.7484141510062792
15,2,Liverpool,Norwich,2025,5,29,0.7440975284757364,-0.3102202847272751
15,2,Southampton,Norwich,2025,5,29,1.1530838383311133,0.8458441747324265
15,2,Aston,Norwich,2025,5,29,0.1293586418820043,0.05133927568155399
15,2,Islington,Norwich,2025,5,29,0.671103238624417,-0.23188888588768317
15,2,Chelsea,Norwich,2025,5,29,1.312768184761078,0.8736515448179141
15,2,Tottenham,Norwich,2025,5,29,0.3061803819002414,0.09898754911484252
15,2,Liverpool,Leeds,2025,5,29,0.18157269410920834,2.8370636889425986
15,2,Southampton,Leeds,2025,5,29,0.1890750230145199,0.7507684289525115
15,2,Aston,Leeds,2025,5,29,0.04381414987211117,0.454087376126805
15,2,Islington,Leeds,2025,5,29,0.13907499947710264,-0.23797539683849353
15,2,Chelsea,Leeds,2025,5,29,0.5467647044266898,1.041913090641736
15,2,Tottenham,Leeds,2025,5,29,0.02337564159389241,1.028788287520025
15,2,Southampton,Liverpool,2025,5,29,1.9698474360895624,-0.20462776956218084
15,2,Aston,Liverpool,2025,5,29,1.0720116931934724,0.022175310889557286
15,2,Islington,Liverpool,2025,5,29,1.5465777586393914,0.6040816846143555
15,2,Chelsea,Liverpool,2025,5,29,1.2773766044735413,1.6840730356452984
15,2,Tottenham,Liverpool,2025,5,29,0.47999804254550676,2.7068250495714303
15,2,Aston,Southampton,2025,5,29,0.5841635538319311,1.8764057545426671
15,2,Islington,Southampton,2025,5,29,0.5020198723257298,0.6245233796399691
15,2,Chelsea,Southampton,2025,5,29,0.5460519198679086,1.7174429556354978
15,2,Tottenham,Southampton,2025,5,29,0.19882425830866982,2.5465975781492576
15,2,Islington,Aston,2025,5,29,0.191781756898339,0.5259262794171341
15,2,Chelsea,Aston,2025,5,29,0.8291843967998225,0.9598509442295092
15,2,Tottenham,Aston,2025,5,29,0.08981362093589376,0.4893602500833057
15,2,Chelsea,Islington,2025,5,29,0.9924562920920155,1.6208952098660767
15,2,Tottenham,Islington,2025,5,29,0.39745048240999725,1.3617302150261519
15,2,Tottenham,Chelsea,2025,5,29,0.044915936295659944,0.5469278657543016
15,5,Brighton,Leicester,2025,5,29,0.8707632006583595,1.5761422231088926
15,5,Palace,Leicester,2025,5,29,0.9415693687321693,0.8486458578904887
15,5,Everton,Leicester,2025,5,29,0.7853777347068405,0.3748116374945681
15,5,Watford,Leicester,2025,5,29,2.130342042079043,0.5154235145452144
15,5,Burnley,Leicester,2025,5,29,1.1440870334371296,0.7200163129184318
15,5,Brentford,Leicester,2025,5,29,0.7132107506476026,0.6111798971749447
15,5,West Ham,Leicester,2025,5,29,2.122878082331804,0.5985541642319728
15,5,United,Leicester,2025,5,29,1.191523164934286,0.7869006730626604
15,5,Newcastle,Leicester,2025,5,29,2.197420888254524,0.420626879847562
15,5,City,Leicester,2025,5,29,1.0234988774270417,0.2866925491803637
15,5,Wolverhampton,Leicester,2025,5,29,1.032231200463764,0.14737428944654177
15,5,Norwich,Leicester,2025,5,29,1.5880146640689523,0.5728268180673032
15,5,Leeds,Leicester,2025,5,29,1.8396601819079956,0.6545984351926257
15,5,Liverpool,Leicester,2025,5,29,1.3143102468931522,0.028450929317812037
15,5,Southampton,Leicester,2025,5,29,1.5403248534701586,0.48748708320523637
15,5,Aston,Leicester,2025,5,29,0.9337075487960462,0.6984719739620481
15,5,Islington,Leicester,2025,5,29,1.365928495592228,0.381534505333297
15,5,Chelsea,Leicester,2025,5,29,1.1296869693336526,1.0471491336590748
15,5,Tottenham,Leicester,2025,5,29,0.6700405027897641,0.5984271721283472
15,5,Palace,Brighton,2025,5,29,0.04078387195988621,0.4776435031416572
15,5,Everton,Brighton,2025,5,29,0.7244443816982381,0.6019006868903631
15,5,Watford,Brighton,2025,5,29,0.05356146535068759,0.7663669096348923
15,5,Burnley,Brighton,2025,5,29,0.5576594809467549,2.8060669265774223
15,5,Brentford,Brighton,2025,5,29,0.7474304740302699,0.6519894342566348
15,5,West Ham,Brighton,2025,5,29,1.0938402453203149,0.9034254195704745
15,5,United,Brighton,2025,5,29,0.11707744665703833,1.1432413730815192
15,5,Newcastle,Brighton,2025,5,29,0.09743905743486739,1.169638920211114
15,5,City,Brighton,2025,5,29,0.8081913531814308,4.249547268855688
15,5,Wolverhampton,Brighton,2025,5,29,0.18024195484012695,3.8346804302023667
15,5,Norwich,Brighton,2025,5,29,0.22713251970660606,2.8768915989152193
15,5,Leeds,Brighton,2025,5,29,0.724304416606382,1.032859384379012
15,5,Liverpool,Brighton,2025,5,29,0.512215917045108,2.7589354089627585
15,5,Southampton,Brighton,2025,5,29,0.414604572416267,0.9024541661510519
15,5,Aston,Brighton,2025,5,29,0.026801691755485045,2.1971407349373537
15,5,Islington,Brighton,2025,5,29,0.31386881323798094,0.5666681819929174
15,5,Chelsea,Brighton,2025,5,29,0.9524292171829842,2.241767349576659
15,5,Tottenham,Brighton,2025,5,29,0.10700727514216393,2.919864634232039
15,5,Everton,Palace,2025,5,29,1.184349992354337,0.671558037344654
15,5,Watford,Palace,2025,5,29,2.14823080562422,0.852305120749328
15,5,Burnley,Palace,2025,5,29,1.1226282108019363,3.1989121676961405
15,5,Brentford,Palace,2025,5,29,1.6979050883598803,0.7040280522255514
15,5,West Ham,Palace,2025,5,29,2.319605018792117,0.4366761870610153
15,5,United,Palace,2025,5,29,1.5821760616484346,1.093463441569256
15,5,Newcastle,Palace,2025,5,29,2.996232276329246,0.3380838748041568
15,5,City,Palace,2025,5,29,0.4669292275860315,2.707414380485727
15,5,Wolverhampton,Palace,2025,5,29,2.185975140789567,2.951086225237453
15,5,Norwich,Palace,2025,5,29,3.2890582990304438,0.9221826003328079
15,5,Leeds,Palace,2025,5,29,1.4310456236569726,1.2265409709728687
15,5,Liverpool,Palace,2025,5,29,2.3861463753797,1.362949893580478
15,5,Southampton,Palace,2025,5,29,1.3764112519760525,0.23866641053555326
15,5,Aston,Palace,2025,5,29,1.9072448324543898,0.7559655746092343
15,5,Islington,Palace,2025,5,29,0.7983117188211973,-0.08303751271183349
15,5,Chelsea,Palace,2025,5,29,1.1525706726574112,2.1873670005086723
15,5,Tottenham,Palace,2025,5,29,0.4161830764274179,2.466542583035882
15,5,Watford,Everton,2025,5,29,0.08372209332245505,0.4806985884331456
15,5,Burnley,Everton,2025,5,29,0.4609129824501811,0.6253310644354793
15,5,Brentford,Everton,2025,5,29,0.08685381327851922,0.6863972541092717
15,5,West Ham,Everton,2025,5,29,0.40987667006305506,0.747620141247573
15,5,United,Everton,2025,5,29,0.07444242779262882,0.766171237141188
15,5,Newcastle,Everton,2025,5,29,0.5128771789882788,-0.03192164890724782
15,5,City,Everton,2025,5,29,0.36671816595362056,0.5609760961184028
15,5,Wolverhampton,Everton,2025,5,29,0.43230271773955115,0.7406529005249461
15,5,Norwich,Everton,2025,5,29,-0.1420814906946645,0.5040825122066664
15,5,Leeds,Everton,2025,5,29,0.24447325310457604,0.42462665072144123
15,5,Liverpool,Everton,2025,5,29,0.34264655429135465,-0.0501672311574026
15,5,Southampton,Everton,2025,5,29,-0.02995723617481227,0.005331731846962659
15,5,Aston,Everton,2025,5,29,0.20005136400931484,0.43093241234795276
15,5,Islington,Everton,2025,5,29,0.08063130206473135,0.270331893852406
15,5,Chelsea,Everton,2025,5,29,0.5203776555075319,1.0391338014972724
15,5,Tottenham,Everton,2025,5,29,-0.20195268542956937,0.44787948317684645
15,5,Burnley,Watford,2025,5,29,1.4385508839095733,2.420851939610243
15,5,Brentford,Watford,2025,5,29,1.67886687087769,0.6858584073350872
15,5,West Ham,Watford,2025,5,29,2.2656821324835112,0.6296524457874644
15,5,United,Watford,2025,5,29,1.7513910184016286,0.6475257095266463
15,5,Newcastle,Watford,2025,5,29,2.869668470686052,0.4459662731455247
15,5,City,Watford,2025,5,29,1.4470262327945604,2.2677153812233013
15,5,Wolverhampton,Watford,2025,5,29,2.318943765848167,2.695118275926948
15,5,Norwich,Watford,2025,5,29,2.9822578197199094,1.3559850843882684
15,5,Leeds,Watford,2025,5,29,2.179300310138653,0.4821460946917131
15,5,Liverpool,Watford,2025,5,29,2.3111474862723393,0.7274838025191457
15,5,Southampton,Watford,2025,5,29,2.2361605725081195,0.25277404010341786
15,5,Aston,Watford,2025,5,29,1.9162872151329058,0.7502071783647951
15,5,Islington,Watford,2025,5,29,1.8427577738582668,0.13539478300181487
15,5,Chelsea,Watford,2025,5,29,1.924488544984967,2.165985093756472
15,5,Tottenham,Watford,2025,5,29,1.4785856548956804,2.025812876155722
15,5,Brentford,Burnley,2025,5,29,1.2732594543844098,1.1067192568351514
15,5,West Ham,Burnley,2025,5,29,1.4418569092657956,1.005109470019283
15,5,United,Burnley,2025,5,29,1.06919339355782,1.3968259128348894
15,5,Newcastle,Burnley,2025,5,29,2.6201596683279265,0.7984367601631512
15,5,City,Burnley,2025,5,29,0.001445820450224232,3.3129375545010142
15,5,Wolverhampton,Burnley,2025,5,29,1.2028271567608022,3.825876169990201
15,5,Norwich,Burnley,2025,5,29,1.1047200387410403,1.7524088745119466
15,5,Leeds,Burnley,2025,5,29,0.2656640425656679,1.7704685735142935
15,5,Liverpool,Burnley,2025,5,29,1.4560238392416467,1.7877987737302123
15,5,Southampton,Burnley,2025,5,29,0.1086515339998478,0.29943509684570263
15,5,Aston,Burnley,2025,5,29,1.0894779601851219,0.990188801710717
15,5,Islington,Burnley,2025,5,29,0.16511328914439824,0.6791905851206269
15,5,Chelsea,Burnley,2025,5,29,0.9545141816118607,2.969404773551405
15,5,Tottenham,Burnley,2025,5,29,-0.15946241290109522,3.2100318456294623
15,5,West Ham,Brentford,2025,5,29,1.5461029705341003,0.6815958041440794
15,5,United,Brentford,2025,5,29,0.6407446686683278,0.8633788961298606
15,5,Newcastle,Brentford,2025,5,29,1.567513132307486,0.28265959061574625
15,5,City,Brentford,2025,5,29,0.8521695170692402,1.9678403826507795
15,5,Wolverhampton,Brentford,2025,5,29,0.7012667697257803,2.331742527882513
15,5,Norwich,Brentford,2025,5,29,0.2640238139669436,0.5105841436117446
15,5,Leeds,Brentford,2025,5,29,1.0588713901702242,0.6579091933078812
15,5,Liverpool,Brentford,2025,5,29,1.1539717990598182,0.2268904770024992
15,5,Southampton,Brentford,2025,5,29,0.43931063622360406,-0.24603909824094958
15,5,Aston,Brentford,2025,5,29,0.8919791499113346,0.7360176167449722
15,5,Islington,Brentford,2025,5,29,0.2344673329990898,0.31233082018183356
15,5,Chelsea,Brentford,2025,5,29,1.2513573220816065,2.4918951543647627
15,5,Tottenham,Brentford,2025,5,29,0.04707533973905513,2.078958098906057
15,5,United,West Ham,2025,5,29,1.7499117794393917,1.3079449729095645
15,5,Newcastle,West Ham,2025,5,29,3.3417917467479263,-0.10366312963384051
15,5,City,West Ham,2025,5,29,1.3470717339158398,3.3768729158508957
15,5,Wolverhampton,West Ham,2025,5,29,1.3094347676979894,3.9065500267908075
15,5,Norwich,West Ham,2025,5,29,1.2496773807547494,1.7080117271009598
15,5,Leeds,West Ham,2025,5,29,1.8606440943610172,1.1783680805655208
15,5,Liverpool,West Ham,2025,5,29,1.9670384373799723,2.1575610642581426
15,5,Southampton,West Ham,2025,5,29,1.2843203244113777,0.2676223684329651
15,5,Aston,West Ham,2025,5,29,1.6840618101229738,0.7987636936733554
15,5,Islington,West Ham,2025,5,29,0.905103419989246,0.6422803448409252
15,5,Chelsea,West Ham,2025,5,29,1.9474042549327066,2.2517668380089217
15,5,Tottenham,West Ham,2025,5,29,0.5770391983719553,2.493333782767793
15,5,Newcastle,United,2025,5,29,2.0256262683360053,0.020950531186094898
15,5,City,United,2025,5,29,0.8762509847804302,0.5970536624929142
15,5,Wolverhampton,United,2025,5,29,1.4416148252294227,0.7486672685364976
15,5,Norwich,United,2025,5,29,1.8819271256027246,0.792874494950994
15,5,Leeds,United,2025,5,29,1.247329129361147,0.5497038630033962
15,5,Liverpool,United,2025,5,29,1.6972057570228196,0.4861208321868351
15,5,Southampton,United,2025,5,29,1.3782197424732396,0.4749902029261354
15,5,Aston,United,2025,5,29,1.3314626899796318,0.3043534343783014
15,5,Islington,United,2025,5,29,1.3034357092361242,0.45591941565617317
15,5,Chelsea,United,2025,5,29,1.4573127712116871,0.9561945211352265
15,5,Tottenham,United,2025,5,29,0.6766244853602346,0.10292780813418738
15,5,City,Newcastle,2025,5,29,1.001309773993435,0.3002444479637655
15,5,Wolverhampton,Newcastle,2025,5,29,0.4276290583133255,0.687546633000765
15,5,Norwich,Newcastle,2025,5,29,1.6332860066911319,0.09707347478941251
15,5,Leeds,Newcastle,2025,5,29,1.320727727144447,0.44407265821516567
15,5,Liverpool,Newcastle,2025,5,29,1.5359441893164298,-0.185655896337499
15,5,Southampton,Newcastle,2025,5,29,1.4526514406934279,0.09192394801480985
15,5,Aston,Newcastle,2025,5,29,1.0182899673129122,0.16097621913361054
15,5,Islington,Newcastle,2025,5,29,1.268215516612209,0.05521594838875084
15,5,Chelsea,Newcastle,2025,5,29,1.9633239859563096,1.460627660632727
15,5,Tottenham,Newcastle,2025,5,29,0.7651831006585327,0.4729074100477008
15,5,Wolverhampton,City,2025,5,29,0.20106742897412322,1.6857861853183354
15,5,Norwich,City,2025,5,29,0.44342477275266057,1.697586238119922
15,5,Leeds,City,2025,5,29,0.6954109176970498,0.641177530801313
15,5,Liverpool,City,2025,5,29,0.7616241765157111,1.2310048701735303
15,5,Southampton,City,2025,5,29,0.9515365698435589,0.7307411134607102
15,5,Aston,City,2025,5,29,0.500295410507962,0.6832691129957199
15,5,Islington,City,2025,5,29,0.5094889897960496,0.2756934600576697
15,5,Chelsea,City,2025,5,29,0.6625328197532544,1.3835887022700541
15,5,Tottenham,City,2025,5,29,0.05519681349296927,1.3959142764202415
15,5,Norwich,Wolverhampton,2025,5,29,1.0047963877562098,0.1205888692120458
15,5,Leeds,Wolverhampton,2025,5,29,1.08323048122632,0.967958397532008
15,5,Liverpool,Wolverhampton,2025,5,29,1.8048946583125074,0.41313533046303036
15,5,Southampton,Wolverhampton,2025,5,29,1.2156889516486775,0.5721824361951506
15,5,Aston,Wolverhampton,2025,5,29,1.3061400274283428,0.45769548016307765
15,5,Islington,Wolverhampton,2025,5,29,0.7651495928537289,0.22221566636153256
15,5,Chelsea,Wolverhampton,2025,5,29,1.3900387924771802,1.1425328265405512
15,5,Tottenham,Wolverhampton,2025,5,29,-0.07652192533802915,0.1776785092354787
15,5,Leeds,Norwich,2025,5,29,1.4181344601884067,0.7484141510062792
15,5,Liverpool,Norwich,2025,5,29,0.7867588990713316,-0.3159001817309139
15,5,Southampton,Norwich,2025,5,29,1.2126793283191504,0.8683629822053974
15,5,Aston,Norwich,2025,5,29,0.17884120974746123,0.09346282426546183
15,5,Islington,Norwich,2025,5,29,0.7141585436038552,-0.22001589196766771
15,5,Chelsea,Norwich,2025,5,29,1.36886665027739,0.8560986538942593
15,5,Tottenham,Norwich,2025,5,29,0.3391227647570999,0.11472641663031886
15,5,Liverpool,Leeds,2025,5,29,0.19897368858811643,2.833208972836709
15,5,Southampton,Leeds,2025,5,29,0.2204585607640402,0.7830743899415851
15,5,Aston,Leeds,2025,5,29,0.08262603559539666,0.49025921071133893
15,5,Islington,Leeds,2025,5,29,0.15885684729819846,-0.1988261295361239
15,5,Chelsea,Leeds,2025,5,29,0.5781482421762101,1.0424208023103472
15,5,Tottenham,Leeds,2025,5,29,0.0382189943348141,1.039509029619954
15,5,Southampton,Liverpool,2025,5,29,2.0235236782900956,-0.10128696392250842
15,5,Aston,Liverpool,2025,5,29,1.1113628273843694,0.16091995590898278
15,5,Islington,Liverpool,2025,5,29,1.605192495920099,0.6814780137115743
15,5,Chelsea,Liverpool,2025,5,29,1.318405141235119,1.6956525928534192
15,5,Tottenham,Liverpool,2025,5,29,0.5235613626234596,2.7359574977032057
15,5,Aston,Southampton,2025,5,29,0.6242098986815195,1.9138263643737978
15,5,Islington,Southampton,2025,5,29,0.5255260321667197,0.6382215544577331
15,5,Chelsea,Southampton,2025,5,29,0.5811597696373232,1.746575403767273
15,5,Tottenham,Southampton,2025,5,29,0.2173919230694859,2.575233472101993
15,5,Islington,Aston,2025,5,29,0.22801454257746231,0.5627538116427142
15,5,Chelsea,Aston,2025,5,29,0.8638403166851593,0.9422980533058546
15,5,Tottenham,Aston,2025,5,29,0.1244695408212306,0.5046025634197417
15,5,Chelsea,Islington,2025,5,29,1.0144358892903216,1.6324747670741977
15,5,Tottenham,Islington,2025,5,29,0.40288989459970476,1.4066015306734032
15,5,Tottenham,Chelsea,2025,5,29,0.04543206555811804,0.5732420246302472
15,8,Brighton,Leicester,2025,5,29,0.9497380807343411,1.5569941952431665
15,8,Palace,Leicester,2025,5,29,0.8357610593832714,0.843583638364517
15,8,Everton,Leicester,2025,5,29,0.6732679393463321,0.39401402904670857
15,8,Watford,Leicester,2025,5,29,2.141675143872523,0.5440187430859244
15,8,Burnley,Leicester,2025,5,29,1.1700530833301017,0.7543633273101674
15,8,Brentford,Leicester,2025,5,29,0.5788738104222211,0.5795495694153675
15,8,West Ham,Leicester,2025,5,29,2.254847832364843,0.6305809678942575
15,8,United,Leicester,2025,5,29,1.14689445726146,0.8344956018298866
15,8,Newcastle,Leicester,2025,5,29,2.3036699590356267,0.47124000500062385
15,8,City,Leicester,2025,5,29,1.0776626702883554,0.317824516279848
15,8,Wolverhampton,Leicester,2025,5,29,1.0627985704955056,0.11200318880335806
15,8,Norwich,Leicester,2025,5,29,1.555302819848669,0.5686005252044246
15,8,Leeds,Leicester,2025,5,29,1.9716299319410353,0.6239727436769023
15,8,Liverpool,Leicester,2025,5,29,1.3136882906008924,0.05058008495832339
15,8,Southampton,Leicester,2025,5,29,1.4858149917119754,0.5059931371195119
15,8,Aston,Leicester,2025,5,29,0.8736695860360799,0.74157540723124
15,8,Islington,Leicester,2025,5,29,1.2465362612409605,0.4262434296042613
15,8,Chelsea,Leicester,2025,5,29,0.9800309340274542,1.0683536773736895
15,8,Tottenham,Leicester,2025,5,29,0.667167011063582,0.6207205027819159
15,8,Palace,Brighton,2025,5,29,-0.07822382407861063,0.6793088243408781
15,8,Everton,Brighton,2025,5,29,0.640770142509074,0.8125038952010122
15,8,Watford,Brighton,2025,5,29,0.09158264864350961,0.9486427073952278
15,8,Burnley,Brighton,2025,5,29,0.6634721463369488,2.877052303998473
15,8,Brentford,Brighton,2025,5,29,0.7169296639218927,0.7696146860770992
15,8,West Ham,Brighton,2025,5,29,1.237377686935325,1.1369276799268735
15,8,United,Brighton,2025,5,29,0.04779302501601641,1.3216292610582185
15,8,Newcastle,Brighton,2025,5,29,0.24343243617095858,1.3627460581806887
15,8,City,Brighton,2025,5,29,0.862124213433968,4.3248451826044745
15,8,Wolverhampton,Brighton,2025,5,29,0.13233716835172926,3.8850822429179748
15,8,Norwich,Brighton,2025,5,29,0.2513781558605876,2.944227714552574
15,8,Leeds,Brighton,2025,5,29,0.88474932088915,1.1835800147410802
15,8,Liverpool,Brighton,2025,5,29,0.5187379500876094,2.9198642239837787
15,8,Southampton,Brighton,2025,5,29,0.4405615809681871,1.0912137148318541
15,8,Aston,Brighton,2025,5,29,-0.0805562927811144,2.4848001240493076
15,8,Islington,Brighton,2025,5,29,0.2788298197727874,0.7560542073201332
15,8,Chelsea,Brighton,2025,5,29,0.9225110604756523,2.4187868503189316
15,8,Tottenham,Brighton,2025,5,29,0.06965706986101598,3.065274495963317
15,8,Everton,Palace,2025,5,29,1.3064973474571961,0.7740267137933317
15,8,Watford,Palace,2025,5,29,2.2982838162388988,0.9803830282054359
15,8,Burnley,Palace,2025,5,29,1.3581252776221426,3.2261581791801572
15,8,Brentford,Palace,2025,5,29,1.917262234764701,0.7400148721887471
15,8,West Ham,Palace,2025,5,29,2.6708990299515087,0.5892036163146002
15,8,United,Palace,2025,5,29,1.7919665151675541,1.2029233332100724
15,8,Newcastle,Palace,2025,5,29,3.2845401025256677,0.438676949098732
15,8,City,Palace,2025,5,29,0.5908124818407006,2.7371634539593725
15,8,Wolverhampton,Palace,2025,5,29,2.382656806562925,2.905175598076906
15,8,Norwich,Palace,2025,5,29,3.5955740250052393,0.9133198694725254
15,8,Leeds,Palace,2025,5,29,1.776309994566623,1.2685476857097249
15,8,Liverpool,Palace,2025,5,29,2.626123849760439,1.4622007724955137
15,8,Southampton,Palace,2025,5,29,1.6063012006698627,0.3533890308317741
15,8,Aston,Palace,2025,5,29,2.024841595796964,0.9211769931218778
15,8,Islington,Palace,2025,5,29,0.9847999299273447,0.03675952603992827
15,8,Chelsea,Palace,2025,5,29,1.2784486453093382,2.284125975802851
15,8,Tottenham,Palace,2025,5,29,0.6037612116511227,2.4790760250584425
15,8,Watford,Everton,2025,5,29,0.1302683350093441,0.5066863694164743
15,8,Burnley,Everton,2025,5,29,0.5112038183142091,0.6581489910525704
15,8,Brentford,Everton,2025,5,29,0.030757426477174304,0.6515684770708058
15,8,West Ham,Everton,2025,5,29,0.5320129172389326,0.7865190256995043
15,8,United,Everton,2025,5,29,-0.030797886931332567,0.8234385631988604
15,8,Newcastle,Everton,2025,5,29,0.6374693632852391,0.02564486089960212
15,8,City,Everton,2025,5,29,0.3992498317670267,0.5987936326602292
15,8,Wolverhampton,Everton,2025,5,29,0.3544716784179549,0.6987553071725554
15,8,Norwich,Everton,2025,5,29,-0.1733576840668489,0.5153763453035487
15,8,Leeds,Everton,2025,5,29,0.3774873226984722,0.39406552827433416
15,8,Liverpool,Everton,2025,5,29,0.287617117557949,-0.025019731585023793
15,8,Southampton,Everton,2025,5,29,-0.06555169739879926,0.02085749291289097
15,8,Aston,Everton,2025,5,29,0.09872301972245619,0.4824364614239452
15,8,Islington,Everton,2025,5,29,0.02602637215631094,0.3263368108529788
15,8,Chelsea,Everton,2025,5,29,0.4648639221072333,1.054586620081906
15,8,Tottenham,Everton,2025,5,29,-0.30334977863094964,0.45979143295559566
15,8,Burnley,Watford,2025,5,29,1.6740479507297794,2.4549664171821384
15,8,Brentford,Watford,2025,5,29,1.8982240172825104,0.7126249761988164
15,8,West Ham,Watford,2025,5,29,2.616976143642903,0.7984163748572405
15,8,United,Watford,2025,5,29,1.9661056219318778,0.7847512027212469
15,8,Newcastle,Watford,2025,5,29,3.1579762968824734,0.5266568431389076
15,8,City,Watford,2025,5,29,1.5758336370603598,2.313597719978084
15,8,Wolverhampton,Watford,2025,5,29,2.520549581632655,2.635907398019087
15,8,Norwich,Watford,2025,5,29,3.288773545694705,1.3716203985757165
15,8,Leeds,Watford,2025,5,29,2.524564681048304,0.5275402231370545
15,8,Liverpool,Watford,2025,5,29,2.556049110664208,0.8573692671711736
15,8,Southampton,Watford,2025,5,29,2.4660505212019306,0.38878281535723236
15,8,Aston,Watford,2025,5,29,2.038808128486611,0.9541831893876688
15,8,Islington,Watford,2025,5,29,2.029245984964413,0.23403845737154452
15,8,Chelsea,Watford,2025,5,29,2.0503665176368933,2.2699498447874036
15,8,Tottenham,Watford,2025,5,29,1.6710879401305156,2.0698743089517477
15,8,Brentford,Burnley,2025,5,29,1.4538447941776385,1.1176297326820952
15,8,West Ham,Burnley,2025,5,29,1.6981555079652566,1.1375113295470487
15,8,United,Burnley,2025,5,29,1.2378676472662105,1.5146323298614741
15,8,Newcastle,Burnley,2025,5,29,2.8303795447321765,0.9153753523206561
15,8,City,Burnley,2025,5,29,0.08902710204986417,3.3558671505446678
15,8,Wolverhampton,Burnley,2025,5,29,1.3083325544031843,3.7884333361239872
15,8,Norwich,Burnley,2025,5,29,1.3162403522559052,1.7962250923856207
15,8,Leeds,Burnley,2025,5,29,0.5328404636831474,1.819314511619579
15,8,Liverpool,Burnley,2025,5,29,1.609184879984432,1.8922554565873204
15,8,Southampton,Burnley,2025,5,29,0.23066117734663877,0.40968049964739417
15,8,Aston,Burnley,2025,5,29,1.1518543484796597,1.1431431072293246
15,8,Islington,Burnley,2025,5,29,0.2970389433169021,0.7885884944428966
15,8,Chelsea,Burnley,2025,5,29,1.0545052405392845,3.0720672145639276
15,8,Tottenham,Burnley,2025,5,29,-0.032813797590840105,3.232378157452034
15,8,West Ham,Brentford,2025,5,29,1.7409967683987386,0.7161133212498874
15,8,United,Brentford,2025,5,29,0.6797222743197074,0.9118359684147058
15,8,Newcastle,Brentford,2025,5,29,1.7163282078769122,0.33147456366183586
15,8,City,Brentford,2025,5,29,0.9482758570629469,2.0023862312709757
15,8,Wolverhampton,Brentford,2025,5,29,0.7016101237001369,2.2917331473002056
15,8,Norwich,Brentford,2025,5,29,0.3543725378188637,0.5127926991766656
15,8,Leeds,Brentford,2025,5,29,1.26464301045288,0.6282084047211213
15,8,Liverpool,Brentford,2025,5,29,1.2194304655005634,0.2482769589605459
15,8,Southampton,Brentford,2025,5,29,0.5519750088557618,-0.22111988274541852
15,8,Aston,Brentford,2025,5,29,0.8863340665835232,0.7799831935317832
15,8,Islington,Brentford,2025,5,29,0.3151512567375393,0.3579018879704167
15,8,Chelsea,Brentford,2025,5,29,1.3174685059054123,2.5108421652009243
15,8,Tottenham,Brentford,2025,5,29,0.07681659417551284,2.097024026048043
15,8,United,West Ham,2025,5,29,1.7501697999384875,1.407529219489007
15,8,Newcastle,West Ham,2025,5,29,3.563703287445968,-0.033425169292421286
15,8,City,West Ham,2025,5,29,1.4305993075761925,3.411838290596901
15,8,Wolverhampton,West Ham,2025,5,29,1.3371020635994506,3.854859877690526
15,8,Norwich,West Ham,2025,5,29,1.3498411788706808,1.7154330288476098
15,8,Leeds,West Ham,2025,5,29,2.090977520355994,1.2105352130149314
15,8,Liverpool,West Ham,2025,5,29,2.051627970956658,2.262876805976199
15,8,Southampton,West Ham,2025,5,29,1.3430252826298312,0.36123455002672805
15,8,Aston,West Ham,2025,5,29,1.615135335930559,0.9391777717907775
15,8,Islington,West Ham,2025,5,29,0.8914801611098909,0.7285170228014409
15,8,Chelsea,West Ham,2025,5,29,1.9502340478919078,2.311619779887456
15,8,Tottenham,West Ham,2025,5,29,0.5978992201502313,2.504894886331812
15,8,Newcastle,United,2025,5,29,2.291659311297956,0.06431651163261863
15,8,City,United,2025,5,29,0.9990287487964892,0.6264729139042474
15,8,Wolverhampton,United,2025,5,29,1.5911535022245917,0.7014619583267409
15,8,Norwich,United,2025,5,29,2.149260605675291,0.7954370860168752
15,8,Leeds,United,2025,5,29,1.576348357286068,0.5101494662122968
15,8,Liverpool,United,2025,5,29,1.9089547757622003,0.5082341332105018
15,8,Southampton,United,2025,5,29,1.5620721926274728,0.4945018485668811
15,8,Aston,United,2025,5,29,1.4019164645440174,0.3409561402144986
15,8,Islington,United,2025,5,29,1.4378567815529542,0.49542470213195305
15,8,Chelsea,United,2025,5,29,1.583190743863614,0.9636831740268522
15,8,Tottenham,United,2025,5,29,0.8299445246928405,0.1102314318266659
15,8,City,Newcastle,2025,5,29,1.1040082262710418,0.38026315487951146
15,8,Wolverhampton,Newcastle,2025,5,29,0.5735615281773115,0.7412351417013754
15,8,Norwich,Newcastle,2025,5,29,1.8322513319125138,0.17265595136361767
15,8,Leeds,Newcastle,2025,5,29,1.5888915796917467,0.5093027408613711
15,8,Liverpool,Newcastle,2025,5,29,1.6900926614890361,-0.10266746025306313
15,8,Southampton,Newcastle,2025,5,29,1.5719843141482748,0.19415248735997426
15,8,Aston,Newcastle,2025,5,29,1.091125972048283,0.29608485742356283
15,8,Islington,Newcastle,2025,5,29,1.3402568713800234,0.17291014629243823
15,8,Chelsea,Newcastle,2025,5,29,2.0283465832306145,1.5573638802075775
15,8,Tottenham,Newcastle,2025,5,29,0.911048354708159,0.567201410751667
15,8,Wolverhampton,City,2025,5,29,0.11720674940278597,1.6358446924872465
15,8,Norwich,City,2025,5,29,0.39248775702089794,1.7162122819302859
15,8,Leeds,City,2025,5,29,0.8016427167450468,0.6851911519391383
15,8,Liverpool,City,2025,5,29,0.6967199319041658,1.3561844371850529
15,8,Southampton,City,2025,5,29,0.9159421086195725,0.8510317045456192
15,8,Aston,City,2025,5,29,0.3929374259713626,0.8916795077984966
15,8,Islington,City,2025,5,29,0.4389796117597487,0.3688808222878869
15,8,Chelsea,City,2025,5,29,0.5933879042431178,1.4566878843055582
15,8,Tottenham,City,2025,5,29,-0.06210472783629202,1.4577802123271968
15,8,Norwich,Wolverhampton,2025,5,29,1.1682415767367451,0.1132155553377126
15,8,Leeds,Wolverhampton,2025,5,29,1.3696113461111536,0.9211336136276526
15,8,Liverpool,Wolverhampton,2025,5,29,1.9509625693554309,0.4410480160464617
15,8,Southampton,Wolverhampton,2025,5,29,1.3643092173637754,0.5969188409750646
15,8,Aston,Wolverhampton,2025,5,29,1.3004949441005311,0.49604591721201524
15,8,Islington,Wolverhampton,2025,5,29,0.845833516592178,0.24673119091096232
15,8,Chelsea,Wolverhampton,2025,5,29,1.463662755774548,1.1447820465108012
15,8,Tottenham,Wolverhampton,2025,5,29,0.02631579422704364,0.18156871038468902
15,8,Leeds,Norwich,2025,5,29,1.5775660840800345,0.7950055842558207
15,8,Liverpool,Norwich,2025,5,29,0.7727642850817033,-0.2450332255721565
15,8,Southampton,Norwich,2025,5,29,1.179605110693213,0.9550449057834663
15,8,Aston,Norwich,2025,5,29,0.09341592226161478,0.20180650363098585
15,8,Islington,Norwich,2025,5,29,0.5884087174348807,-0.11906416026938683
15,8,Chelsea,Norwich,2025,5,29,1.2731122956702754,0.9501280207633765
15,8,Tottenham,Norwich,2025,5,29,0.31598393304680317,0.1920895534947771
15,8,Liverpool,Leeds,2025,5,29,0.24618775826692174,2.892401534607895
15,8,Southampton,Leeds,2025,5,29,0.2450428838954588,0.8335714690434535
15,8,Aston,Leeds,2025,5,29,0.004415092342392893,0.6202607295351648
15,8,Islington,Leeds,2025,5,29,0.10508331308206782,-0.13264394078295827
15,8,Chelsea,Leeds,2025,5,29,0.5468574000483769,1.0503166349673878
15,8,Tottenham,Leeds,2025,5,29,0.015673911965467753,1.0998462813934393
15,8,Southampton,Liverpool,2025,5,29,1.969013816531913,0.0716605092541377
15,8,Aston,Liverpool,2025,5,29,1.0408968945282846,0.4246853203837267
15,8,Islington,Liverpool,2025,5,29,1.485247099350854,0.8516160177461484
15,8,Chelsea,Liverpool,2025,5,29,1.1643983355215073,1.8420880845667131
15,8,Tottenham,Liverpool,2025,5,29,0.5365923190251585,2.8512165355612575
15,8,Aston,Southampton,2025,5,29,0.5492537842393626,2.110068883262119
15,8,Islington,Southampton,2025,5,29,0.45527939334332085,0.7659321167256088
15,8,Chelsea,Southampton,2025,5,29,0.535991263384513,1.856702122330549
15,8,Tottenham,Southampton,2025,5,29,0.1981016695109864,2.6447089204792413
15,8,Islington,Aston,2025,5,29,0.1855188338588122,0.5826712372014868
15,8,Chelsea,Aston,2025,5,29,0.8513400795283687,0.9231910674605002
15,8,Tottenham,Aston,2025,5,29,0.13545134419796828,0.5021511566107476
15,8,Chelsea,Islington,2025,5,29,1.0626455404943393,1.7189546447830337
15,8,Tottenham,Islington,2025,5,29,0.5040690673848333,1.4859313039964248
15,8,Tottenham,Chelsea,2025,5,29,0.15264087859298847,0.6528857114539603
15,11,Brighton,Leicester,2025,5,29,0.9497380807343411,1.551921417291292
15,11,Palace,Leicester,2025,5,29,0.6962472811772156,0.8404130524863518
15,11,Everton,Leicester,2025,5,29,0.6439803713545471,0.3930529978319881
15,11,Watford,Leicester,2025,5,29,2.141675143872523,0.5461390564225341
15,11,Burnley,Leicester,2025,5,29,1.1407655153383163,0.7542740859833323
15,11,Brentford,Leicester,2025,5,29,0.43936003221616515,0.5756178075607111
15,11,West Ham,Leicester,2025,5,29,2.2651500217310194,0.6197379426978923
15,11,United,Leicester,2025,5,29,1.1515853510076257,0.8313250159517214
15,11,Newcastle,Leicester,2025,5,29,2.3186630421479686,0.4567208031500771
15,11,City,Leicester,2025,5,29,1.0776626702883554,0.3146539304016828
15,11,Wolverhampton,Leicester,2025,5,29,1.0627985704955056,0.10807142694870163
15,11,Norwich,Leicester,2025,5,29,1.4157890416426135,0.5654299393262594
15,11,Leeds,Leicester,2025,5,29,1.9819321213072114,0.6234097958866918
15,11,Liverpool,Leicester,2025,5,29,1.1985677272860797,0.03359475734791726
15,11,Southampton,Leicester,2025,5,29,1.3809966177633388,0.4945552798202954
15,11,Aston,Leicester,2025,5,29,0.8736695860360799,0.7301375499320235
15,11,Islington,Leicester,2025,5,29,1.117324672401081,0.42421385982331417
15,11,Chelsea,Leicester,2025,5,29,0.8452080495675645,1.068533662256187
15,11,Tottenham,Leicester,2025,5,29,0.5276532328575264,0.618452605208337
15,11,Palace,Brighton,2025,5,29,-0.08885366097975612,0.7482899238603937
15,11,Everton,Brighton,2025,5,29,0.6308322659036008,0.8865427848020987
15,11,Watford,Brighton,2025,5,29,0.0738859369732744,1.0199435959477965
15,11,Burnley,Brighton,2025,5,29,0.6457146002793529,2.966739325768366
15,11,Brentford,Brighton,2025,5,29,0.6794697967192195,0.8405668101140676
15,11,West Ham,Brighton,2025,5,29,1.2214220227265977,1.2115973825438873
15,11,United,Brighton,2025,5,29,0.056989743690467526,1.3925813850951871
15,11,Newcastle,Brighton,2025,5,29,0.23036578385952844,1.4403106975587143
15,11,City,Brighton,2025,5,29,0.8632765825523504,4.4125611798569135
15,11,Wolverhampton,Brighton,2025,5,29,0.1369038276673755,3.9587723680034608
15,11,Norwich,Brighton,2025,5,29,0.2184849479735607,2.9637735879865117
15,11,Leeds,Brighton,2025,5,29,0.8715584341472004,1.2540691381771958
15,11,Liverpool,Brighton,2025,5,29,0.5056712977761793,3.003259455412388
15,11,Southampton,Brighton,2025,5,29,0.4274949286567569,1.0918905693185348
15,11,Aston,Brighton,2025,5,29,-0.07424858600396007,2.5557522480862764
15,11,Islington,Brighton,2025,5,29,0.24136995257011415,0.821563999048659
15,11,Chelsea,Brighton,2025,5,29,0.8897420870191447,2.517457816175492
15,11,Tottenham,Brighton,2025,5,29,0.057225351111001695,3.1443044596307024
15,11,Everton,Palace,2025,5,29,1.2942530486299169,0.8317746181395089
15,11,Watford,Palace,2025,5,29,2.2778223271018865,1.002581804267379
15,11,Burnley,Palace,2025,5,29,1.3380613093427407,3.3125889005276297
15,11,Brentford,Palace,2025,5,29,1.897198266485299,0.7717675854287633
15,11,West Ham,Palace,2025,5,29,2.6526369435209753,0.6118355115494627
15,11,United,Palace,2025,5,29,1.7941659178740335,1.23543722242658
15,11,Newcastle,Palace,2025,5,29,3.2644761342462654,0.4342407498928923
15,11,City,Palace,2025,5,29,0.5896584287372768,2.805145348532168
15,11,Wolverhampton,Palace,2025,5,29,2.3844586884117938,2.97239631667321
15,11,Norwich,Palace,2025,5,29,3.577311938574706,0.9018863178851949
15,11,Leeds,Palace,2025,5,29,1.75804790813609,1.2679847379195144
15,11,Liverpool,Palace,2025,5,29,2.6060598814810367,1.5183389498535222
15,11,Southampton,Palace,2025,5,29,1.5862372323904608,0.3622681664038828
15,11,Aston,Palace,2025,5,29,2.028842880352312,0.945423610917334
15,11,Islington,Palace,2025,5,29,0.9647359616479426,0.0367009807764342
15,11,Chelsea,Palace,2025,5,29,1.2583846770299363,2.37356587934419
15,11,Tottenham,Palace,2025,5,29,0.6059606143576021,2.5633280901591706
15,11,Watford,Everton,2025,5,29,0.11499199851657237,0.5211049507795715
15,11,Burnley,Everton,2025,5,29,0.46415870426482814,0.6619781920685323
15,11,Brentford,Everton,2025,5,29,-0.12651389778647698,0.6515551575589463
15,11,West Ham,Everton,2025,5,29,0.5160572530302056,0.7681933339664535
15,11,United,Everton,2025,5,29,-0.021601168256881447,0.8127853107840098
15,11,Newcastle,Everton,2025,5,29,0.6268230861512722,-0.0012229091421246435
15,11,City,Everton,2025,5,29,0.40040220088540907,0.5829272615141329
15,11,Wolverhampton,Everton,2025,5,29,0.36145871291106463,0.6935288689294503
15,11,Norwich,Everton,2025,5,29,-0.32606234901485404,0.501828215751656
15,11,Leeds,Everton,2025,5,29,0.36429643595652217,0.38080679521619254
15,11,Liverpool,Everton,2025,5,29,0.15473900818554054,-0.041328711066425564
15,11,Southampton,Everton,2025,5,29,-0.19842980677120794,-0.014898069551739756
15,11,Aston,Everton,2025,5,29,0.10503072649961051,0.46027384337425076
15,11,Islington,Everton,2025,5,29,-0.13124495210734033,0.3135824803215537
15,11,Chelsea,Everton,2025,5,29,0.31228349158974755,1.0570612398664985
15,11,Tottenham,Everton,2025,5,29,-0.4355929544419423,0.4614419777248138
15,11,Burnley,Watford,2025,5,29,1.6562904046721836,2.5411519982483672
15,11,Brentford,Watford,2025,5,29,1.8804664712249146,0.7220896720500543
15,11,West Ham,Watford,2025,5,29,2.601020479434176,0.8024082220898634
15,11,United,Watford,2025,5,29,1.9753023406063288,0.7997843033365156
15,11,Newcastle,Watford,2025,5,29,3.147330019748506,0.5172920871526515
15,11,City,Watford,2025,5,29,1.5769860061787422,2.386386843338419
15,11,Wolverhampton,Watford,2025,5,29,2.5275366161257646,2.703128116615391
15,11,Norwich,Watford,2025,5,29,3.2755826589527555,1.3736042585618418
15,11,Leeds,Watford,2025,5,29,2.5113737943063543,0.5236084612823981
15,11,Liverpool,Watford,2025,5,29,2.5429824583527774,0.911536420011728
15,11,Southampton,Watford,2025,5,29,2.4529838688905,0.3790708422942256
15,11,Aston,Watford,2025,5,29,2.0451158352637653,0.9578676740305561
15,11,Islington,Watford,2025,5,29,2.0114884389068175,0.2320088875905974
15,11,Chelsea,Watford,2025,5,29,2.037299865325463,2.341629527197613
15,11,Tottenham,Watford,2025,5,29,1.6783585425255785,2.148786535470577
15,11,Brentford,Burnley,2025,5,29,1.4337808258982365,1.154831400471365
15,11,West Ham,Burnley,2025,5,29,1.6798934215347234,1.1787279745422392
15,11,United,Burnley,2025,5,29,1.2447579437188554,1.5574024024147748
15,11,Newcastle,Burnley,2025,5,29,2.817426845376403,0.9519209740277061
15,11,City,Burnley,2025,5,29,0.08787304894644034,3.446943097968186
15,11,Wolverhampton,Burnley,2025,5,29,1.3125548114295165,3.856220168479688
15,11,Norwich,Burnley,2025,5,29,1.297978265825372,1.8154360778538032
15,11,Leeds,Burnley,2025,5,29,0.5145783772526141,1.8328201157952653
15,11,Liverpool,Burnley,2025,5,29,1.5938118054511956,1.9584475735292615
15,11,Southampton,Burnley,2025,5,29,0.2152881028134023,0.4340342971764786
15,11,Aston,Burnley,2025,5,29,1.1558556330350078,1.1826710855688323
15,11,Islington,Burnley,2025,5,29,0.27697497503750007,0.7890960629387991
15,11,Chelsea,Burnley,2025,5,29,1.0391321660060484,3.1807012948760147
15,11,Tottenham,Burnley,2025,5,29,-0.030614394884360845,3.303673158755612
15,11,West Ham,Brentford,2025,5,29,1.7250411041900118,0.7380646927331301
15,11,United,Brentford,2025,5,29,0.684228099247993,0.9301111632437672
15,11,Newcastle,Brentford,2025,5,29,1.6985706618193164,0.33311120657121024
15,11,City,Brentford,2025,5,29,0.9494282261813295,2.078870192768144
15,11,Wolverhampton,Brentford,2025,5,29,0.7045301990803209,2.3589538658965092
15,11,Norwich,Brentford,2025,5,29,0.22930885692718145,0.5144293420860401
15,11,Leeds,Brentford,2025,5,29,1.249805539775468,0.6313402950677436
15,11,Liverpool,Brentford,2025,5,29,1.1111490303737745,0.3137927277734812
15,11,Southampton,Brentford,2025,5,29,0.44369357372897356,-0.21578840169921096
15,11,Aston,Brentford,2025,5,29,0.8926417733606776,0.795016294147052
15,11,Islington,Brentford,2025,5,29,0.1871675004656725,0.35587231818946957
15,11,Chelsea,Brentford,2025,5,29,1.1894847496335452,2.585416724748175
15,11,Tottenham,Brentford,2025,5,29,-0.027785597579156933,2.1825471608451106
15,11,United,West Ham,2025,5,29,1.7593665186129386,1.438115197983844
15,11,Newcastle,West Ham,2025,5,29,3.560938824500714,-0.014084513139207663
15,11,City,West Ham,2025,5,29,1.431751676694575,3.4611591668246624
15,11,Wolverhampton,West Ham,2025,5,29,1.340022138979635,3.9226467100462266
15,11,Norwich,West Ham,2025,5,29,1.2247774979789987,1.6843787665127965
15,11,Leeds,West Ham,2025,5,29,2.086442239044758,1.2370608106623378
15,11,Liverpool,West Ham,2025,5,29,1.9480374295760352,2.3270978984006856
15,11,Southampton,West Ham,2025,5,29,1.2497369306153843,0.33855348777068833
15,11,Aston,West Ham,2025,5,29,1.621443042707713,0.9697637502856149
15,11,Islington,West Ham,2025,5,29,0.7737985942042012,0.7554367886059568
15,11,Chelsea,West Ham,2025,5,29,1.826941185366208,2.3816575688324657
15,11,Tottenham,West Ham,2025,5,29,0.49329702839556205,2.57434558296859
15,11,Newcastle,United,2025,5,29,2.2785926589865255,0.028162210675971352
15,11,City,United,2025,5,29,1.0001811179148716,0.6119012191465998
15,11,Wolverhampton,United,2025,5,29,1.5940735776047756,0.6975301964720845
15,11,Norwich,United,2025,5,29,2.1344231349978795,0.7726024255500623
15,11,Leeds,United,2025,5,29,1.561510886608656,0.4981854095426038
15,11,Liverpool,United,2025,5,29,1.89588812345077,0.49321983011754855
15,11,Southampton,United,2025,5,29,1.5490055403160425,0.46004096249069876
15,11,Aston,United,2025,5,29,1.4082241713211716,0.32008819855325266
15,11,Islington,United,2025,5,29,1.4200992354953583,0.48396504798897677
15,11,Chelsea,United,2025,5,29,1.5701240915521837,0.9671052531231427
15,11,Tottenham,United,2025,5,29,0.8355685431524412,0.1131766529843328
15,11,City,Newcastle,2025,5,29,1.110315933048196,0.3695389004867097
15,11,Wolverhampton,Newcastle,2025,5,29,0.5753634100261804,0.7419119961880561
15,11,Norwich,Newcastle,2025,5,29,1.838559038689668,0.15204492382094864
15,11,Leeds,Newcastle,2025,5,29,1.605501475835077,0.5019473005330152
15,11,Liverpool,Newcastle,2025,5,29,1.6992893801634872,-0.10374434976524845
15,11,Southampton,Newcastle,2025,5,29,1.5914832221889017,0.1604576970973079
15,11,Aston,Newcastle,2025,5,29,1.0974336788254373,0.2740119870583798
15,11,Islington,Newcastle,2025,5,29,1.3550648856744851,0.17178076387315183
15,11,Chelsea,Newcastle,2025,5,29,2.0375433019050653,1.5734344726217617
15,11,Tottenham,Newcastle,2025,5,29,0.9155541796364446,0.574489173516586
15,11,Wolverhampton,City,2025,5,29,0.1217734087184322,1.7030654110835506
15,11,Norwich,City,2025,5,29,0.3595945491338711,1.7167478673171896
15,11,Leeds,City,2025,5,29,0.7884518300030972,0.7442875605849963
15,11,Liverpool,City,2025,5,29,0.6789623858465699,1.4123226145430603
15,11,Southampton,City,2025,5,29,0.8981845625619765,0.8395938472464026
15,11,Aston,City,2025,5,29,0.3992451327485169,0.9586373032231418
15,11,Islington,City,2025,5,29,0.4015197445570757,0.4318504475249073
15,11,Chelsea,City,2025,5,29,0.5559280370404447,1.5316096609295597
15,11,Tottenham,City,2025,5,29,-0.07453644658630632,1.5419055575772727
15,11,Norwich,Wolverhampton,2025,5,29,1.1302771691611353,0.07549327406751487
15,11,Leeds,Wolverhampton,2025,5,29,1.3616514490467966,0.8928841466075819
15,11,Liverpool,Wolverhampton,2025,5,29,1.9355894948221946,0.4227680120476067
15,11,Southampton,Wolverhampton,2025,5,29,1.359238332196715,0.5611632785104338
15,11,Aston,Wolverhampton,2025,5,29,1.3044962286558792,0.4602903547473846
15,11,Islington,Wolverhampton,2025,5,29,0.8163694165338748,0.22038391596460086
15,11,Chelsea,Wolverhampton,2025,5,29,1.4285873600962344,1.14366735500485
15,11,Tottenham,Wolverhampton,2025,5,29,0.0088128757884456,0.1746373223582156
15,11,Leeds,Norwich,2025,5,29,1.5929877515328739,0.7879761679998522
15,11,Liverpool,Norwich,2025,5,29,0.750367013542563,-0.24611011508434188
15,11,Southampton,Norwich,2025,5,29,1.167510028520249,0.9250449536576327
15,11,Aston,Norwich,2025,5,29,0.09741720681696286,0.17973363326580272
15,11,Islington,Norwich,2025,5,29,0.5519204203706738,-0.12019354268867317
15,11,Chelsea,Norwich,2025,5,29,1.2310127029860578,0.9619913731251174
15,11,Tottenham,Norwich,2025,5,29,0.2703116401477352,0.19435803388300277
15,11,Liverpool,Leeds,2025,5,29,0.11330964889451318,2.973825741519052
15,11,Southampton,Leeds,2025,5,29,0.1121647745230503,0.8545653164014597
15,11,Aston,Leeds,2025,5,29,0.010722799119547212,0.6679137010726124
15,11,Islington,Leeds,2025,5,29,-0.05218801118158354,-0.11075029442527885
15,11,Chelsea,Leeds,2025,5,29,0.3942769695308926,1.1713022790842709
15,11,Tottenham,Leeds,2025,5,29,-0.11821584778098693,1.1766948987077743
15,11,Southampton,Liverpool,2025,5,29,1.8641954425832767,0.0926543566121438
15,11,Aston,Liverpool,2025,5,29,1.0426987763771536,0.5293508949979148
15,11,Islington,Liverpool,2025,5,29,1.3560355105109747,0.9171258094746739
15,11,Chelsea,Liverpool,2025,5,29,1.0295754510616169,1.964318137508392
15,11,Tottenham,Liverpool,2025,5,29,0.3981967343504189,2.9468850511483295
15,11,Aston,Southampton,2025,5,29,0.5537596091676481,2.1658359666370433
15,11,Islington,Southampton,2025,5,29,0.3134655961046176,0.8159851456766972
15,11,Chelsea,Southampton,2025,5,29,0.3885661705258001,1.9277724508259058
15,11,Tottenham,Southampton,2025,5,29,0.06585849369999336,2.7275395893408683
15,11,Islington,Aston,2025,5,29,0.036243276739530636,0.592939935447027
15,11,Chelsea,Aston,2025,5,29,0.6917623330429109,0.9253184701683418
15,11,Tottenham,Aston,2025,5,29,0.0009017461651693371,0.5171981590858598
15,11,Chelsea,Islington,2025,5,29,1.058867252057896,1.7994313923824923
15,11,Tottenham,Islington,2025,5,29,0.5113396697798962,1.5616955667579084
15,11,Tottenham,Chelsea,2025,5,29,0.1576050587662452,0.6492200243333885
15,14,Brighton,Leicester,2025,5,29,0.7891014401629671,1.4793473471909042
15,14,Palace,Leicester,2025,5,29,0.5470214027534219,0.5888882255715508
15,14,Everton,Leicester,2025,5,29,0.5140612686171004,0.3396565338664993
15,14,Watford,Leicester,2025,5,29,2.0858650363462017,0.16978117649459876
15,14,Burnley,Leicester,2025,5,29,0.9722947012848712,0.5346579432771966
15,14,Brentford,Leicester,2025,5,29,0.3134109711101865,0.18340638010684263
15,14,West Ham,Leicester,2025,5,29,2.1844632838615943,0.37482005465471324
15,14,United,Leicester,2025,5,29,1.0283252043580964,0.7726365850045105
15,14,Newcastle,Leicester,2025,5,29,2.2348631776032826,0.44802741789430944
15,14,City,Leicester,2025,5,29,0.9611637426258152,0.22742278170728908
15,14,Wolverhampton,Leicester,2025,5,29,0.9395384238459754,-0.09149494009787427
15,14,Norwich,Leicester,2025,5,29,1.241768917116493,0.31360836419885996
15,14,Leeds,Leicester,2025,5,29,1.9012453834377865,0.3471392242149555
15,14,Liverpool,Leicester,2025,5,29,1.0218279598953726,-0.23789629394236508
15,14,Southampton,Leicester,2025,5,29,1.2290979718191777,0.3525004000246692
15,14,Aston,Leicester,2025,5,29,0.776464268479818,0.6635515380691943
15,14,Islington,Leicester,2025,5,29,0.9913756112951015,0.20149144063776708
15,14,Chelsea,Leicester,2025,5,29,0.7126030137296804,0.9952096649301637
15,14,Tottenham,Leicester,2025,5,29,0.30834005668671594,0.46000039694821226
15,14,Palace,Brighton,2025,5,29,-0.11548125538713529,0.733688865218882
15,14,Everton,Brighton,2025,5,29,0.5483879021523846,1.169185972821005
15,14,Watford,Brighton,2025,5,29,0.11087911267226642,0.9969718076190089
15,14,Burnley,Brighton,2025,5,29,0.540843504308796,3.296510741128382
15,14,Brentford,Brighton,2025,5,29,0.5765763680890941,0.8305685003603366
15,14,West Ham,Brighton,2025,5,29,1.1633524529558166,1.2112880042662597
15,14,United,Brighton,2025,5,29,-0.048451916550411034,1.4152720836380677
15,14,Newcastle,Brighton,2025,5,29,0.14691189724684495,1.472241745441782
15,14,City,Brighton,2025,5,29,0.826041376533958,4.717846096137098
15,14,Wolverhampton,Brighton,2025,5,29,0.0856174278988738,4.254544497009959
15,14,Norwich,Brighton,2025,5,29,0.1060076489514109,2.9812230425313557
15,14,Leeds,Brighton,2025,5,29,0.781816888083575,1.2425060855788452
15,14,Liverpool,Brighton,2025,5,29,0.39491280399781137,3.308798836480288
15,14,Southampton,Brighton,2025,5,29,0.34633596300857267,1.078452250053316
15,14,Aston,Brighton,2025,5,29,-0.11864651761623471,2.5942993698376604
15,14,Islington,Brighton,2025,5,29,0.1483803951012253,0.8149109848362146
15,14,Chelsea,Brighton,2025,5,29,0.7857987078985794,2.8082431659716693
15,14,Tottenham,Brighton,2025,5,29,0.008454377629443614,3.478933088666214
15,14,Everton,Palace,2025,5,29,0.8948987272101425,1.076496902701962
15,14,Watford,Palace,2025,5,29,1.9405819353545142,0.9501897035237883
15,14,Burnley,Palace,2025,5,29,0.39387803071752525,3.6563014976967825
15,14,Brentford,Palace,2025,5,29,1.2606663130126237,0.7356015618587958
15,14,West Ham,Palace,2025,5,29,2.025591022199913,0.5838287566259219
15,14,United,Palace,2025,5,29,1.177174942334553,1.276524893101964
15,14,Newcastle,Palace,2025,5,29,2.4934012897248654,0.4655027852158344
15,14,City,Palace,2025,5,29,0.3797338370585161,3.106688617191938
15,14,Wolverhampton,Palace,2025,5,29,1.6514625527651752,3.276081895732145
15,14,Norwich,Palace,2025,5,29,2.657420271775135,0.9102126256352338
15,14,Leeds,Palace,2025,5,29,1.2308436422213633,1.2694002189023657
15,14,Liverpool,Palace,2025,5,29,1.7744350127057522,1.831544607684108
15,14,Southampton,Palace,2025,5,29,1.2425806828420407,0.34460156352201515
15,14,Aston,Palace,2025,5,29,1.3003240661723432,0.9822057909069594
15,14,Islington,Palace,2025,5,29,0.9137609301856661,0.02399745482947599
15,14,Chelsea,Palace,2025,5,29,0.9497600276881362,2.6763157050908464
15,14,Tottenham,Palace,2025,5,29,0.41991728853184535,2.919580781242892
15,14,Watford,Everton,2025,5,29,0.14664697789039333,0.2455170372658001
15,14,Burnley,Everton,2025,5,29,0.40534218915261655,0.5200823011823784
15,14,Brentford,Everton,2025,5,29,-0.29467675341504357,0.35824047647710094
15,14,West Ham,Everton,2025,5,29,0.5307140253953834,0.5354111189015631
15,14,United,Everton,2025,5,29,-0.09565725362237537,0.7635979684534964
15,14,Newcastle,Everton,2025,5,29,0.5856305632101872,-0.005156145958541717
15,14,City,Everton,2025,5,29,0.42491016817740507,0.5078317857980276
15,14,Wolverhampton,Everton,2025,5,29,0.3893039977326095,0.5752242024061344
15,14,Norwich,Everton,2025,5,29,-0.4791789703674951,0.27048117799655796
15,14,Leeds,Everton,2025,5,29,0.3419447374671831,0.15188876381100178
15,14,Liverpool,Everton,2025,5,29,0.012673703497969582,-0.2750522509492083
15,14,Southampton,Everton,2025,5,29,-0.32371113223440523,-0.15608365091670498
15,14,Aston,Everton,2025,5,29,0.07457821673359372,0.40162417728349925
15,14,Islington,Everton,2025,5,29,-0.29683884677400596,0.0905675173180643
15,14,Chelsea,Everton,2025,5,29,0.185882592227307,1.0250359954929027
15,14,Tottenham,Everton,2025,5,29,-0.496716205335585,0.36573322157227783
15,14,Burnley,Watford,2025,5,29,0.9207907225734474,2.8366589774231787
15,14,Brentford,Watford,2025,5,29,1.3298816875456294,0.4705359075157261
15,14,West Ham,Watford,2025,5,29,2.09144276415978,0.634432606110716
15,14,United,Watford,2025,5,29,1.4895792504837084,0.8269300615354274
15,14,Newcastle,Watford,2025,5,29,2.4803115305413166,0.570771163256145
15,14,City,Watford,2025,5,29,1.4247370081692332,2.671588042211249
15,14,Wolverhampton,Watford,2025,5,29,1.99644179884518,2.9631279172210148
15,14,Norwich,Watford,2025,5,29,2.472291293926312,1.2103674983965067
15,14,Leeds,Watford,2025,5,29,2.04440610882145,0.33141324593204563
15,14,Liverpool,Watford,2025,5,29,1.816955638041199,1.0679465862663164
15,14,Southampton,Watford,2025,5,29,2.125252018713429,0.25389716960540415
15,14,Aston,Watford,2025,5,29,1.5121060831849997,0.9993834763202176
15,14,Islington,Watford,2025,5,29,1.9080264886609808,0.06209144431693178
15,14,Chelsea,Watford,2025,5,29,1.7179038746856028,2.6132141275021024
15,14,Tottenham,Watford,2025,5,29,1.510623010093363,2.4516029636322494
15,14,Brentford,Burnley,2025,5,29,1.1031844648668307,0.9210682828459236
15,14,West Ham,Burnley,2025,5,29,1.403445797424012,1.1511343392904922
15,14,United,Burnley,2025,5,29,0.9442010105448606,1.5577509026400804
15,14,Newcastle,Burnley,2025,5,29,2.426202451517538,0.959559640179146
15,14,City,Burnley,2025,5,29,-0.015819136580381296,3.7522280142483724
15,14,Wolverhampton,Burnley,2025,5,29,0.8779082373041326,3.987146266399244
15,14,Norwich,Burnley,2025,5,29,0.6917160246211462,1.789583286507525
15,14,Leeds,Burnley,2025,5,29,0.2613867978899349,1.8292051507675493
15,14,Liverpool,Burnley,2025,5,29,1.1009150763033013,2.1355564426838796
15,14,Southampton,Burnley,2025,5,29,0.1385040241464209,0.43372491889885095
15,14,Aston,Burnley,2025,5,29,0.7604951906087263,1.1828434847332885
15,14,Islington,Burnley,2025,5,29,0.18518267376239747,0.7711913160215882
15,14,Chelsea,Burnley,2025,5,29,0.7793620244035272,3.3655619077428938
15,14,Tottenham,Burnley,2025,5,29,-0.1796755007862577,3.463499589137991
15,14,West Ham,Brentford,2025,5,29,1.5879845639076215,0.546143544585687
15,14,United,Brentford,2025,5,29,0.5822546925298048,0.9222484956357545
15,14,Newcastle,Brentford,2025,5,29,1.42897812307775,0.3419625514904942
15,14,City,Brentford,2025,5,29,0.8775791331706815,2.34465414599787
15,14,Wolverhampton,Brentford,2025,5,29,0.5500116153065531,2.6363929167990867
15,14,Norwich,Brentford,2025,5,29,-0.12291808750849008,0.33282835026730095
15,14,Leeds,Brentford,2025,5,29,1.1062153364717904,0.4639841691511988
15,14,Liverpool,Brentford,2025,5,29,0.7757463089088529,0.48746009911819693
15,14,Southampton,Brentford,2025,5,29,0.2583149549615374,-0.3645713475936811
15,14,Aston,Brentford,2025,5,29,0.6922951439230965,0.7831026006409953
15,14,Islington,Brentford,2025,5,29,0.019381479493477283,0.20206576291202208
15,14,Chelsea,Brentford,2025,5,29,0.8377083611704087,2.8916286030297966
15,14,Tottenham,Brentford,2025,5,29,-0.1784948151666108,2.4658400092696495
15,14,United,West Ham,2025,5,29,1.5011408869703535,1.4467683251503314
15,14,Newcastle,West Ham,2025,5,29,3.250321122090863,-0.015257021325162377
15,14,City,West Ham,2025,5,29,1.2058346114218508,3.7627024354844325
15,14,Wolverhampton,West Ham,2025,5,29,1.0823801646964797,4.168936716424513
15,14,Norwich,West Ham,2025,5,29,0.8544512800145009,1.6858139438225894
15,14,Leeds,West Ham,2025,5,29,1.7790712903250108,1.238476291645189
15,14,Liverpool,West Ham,2025,5,29,1.6451262496199144,2.5829079835506175
15,14,Southampton,West Ham,2025,5,29,1.020531223070181,0.3208868848888208
15,14,Aston,West Ham,2025,5,29,1.38405559628022,0.9741113867663438
15,14,Islington,West Ham,2025,5,29,0.6554832034312928,0.7682766757276491
15,14,Chelsea,West Ham,2025,5,29,1.5798676431761454,2.627011821898469
15,14,Tottenham,West Ham,2025,5,29,0.3087936054414977,2.8407681578627613
15,14,Newcastle,United,2025,5,29,1.7329965910812992,0.030836760632253008
15,14,City,United,2025,5,29,0.8551656445260987,0.6249902147069744
15,14,Wolverhampton,United,2025,5,29,1.1306807119611424,0.7012853362837738
15,14,Norwich,United,2025,5,29,1.4878407557980924,0.7634819797647567
15,14,Leeds,United,2025,5,29,1.2426422342914838,0.4168800607761648
15,14,Liverpool,United,2025,5,29,1.2725988682730418,0.5291385335609398
15,14,Southampton,United,2025,5,29,1.3693727233067041,0.430925454905158
15,14,Aston,United,2025,5,29,0.964213963994245,0.30878199644883486
15,14,Islington,United,2025,5,29,1.326469945289093,0.5120073977777421
15,14,Chelsea,United,2025,5,29,1.2647119324691043,0.9732841439363606
15,14,Tottenham,United,2025,5,29,0.6802784077065746,0.12278559031798354
15,14,City,Newcastle,2025,5,29,0.9089402298042343,0.34860266445629096
15,14,Wolverhampton,Newcastle,2025,5,29,-0.0042013049935001046,0.6289707063554953
15,14,Norwich,Newcastle,2025,5,29,1.1492329747701446,-0.037532764540519084
15,14,Leeds,Newcastle,2025,5,29,1.277646731634683,0.2617197338864965
15,14,Liverpool,Newcastle,2025,5,29,1.0733845301673468,-0.31132318520553476
15,14,Southampton,Newcastle,2025,5,29,1.4492212324306093,0.009061051810731078
15,14,Aston,Newcastle,2025,5,29,0.5792257166507767,0.2500017723572996
15,14,Islington,Newcastle,2025,5,29,1.311099348547313,-0.012013470333470925
15,14,Chelsea,Newcastle,2025,5,29,1.7486443227501622,1.5640865087475866
15,14,Tottenham,Newcastle,2025,5,29,0.7474045313740088,0.46977261182805696
15,14,Wolverhampton,City,2025,5,29,0.13666321103523696,1.9060580406636578
15,14,Norwich,City,2025,5,29,0.33668907568773326,1.7131557770873298
15,14,Leeds,City,2025,5,29,0.7761128194788127,0.7373898836050484
15,14,Liverpool,City,2025,5,29,0.6490894650920653,1.638784976511677
15,14,Southampton,City,2025,5,29,0.8818268963656549,0.826763666037641
15,14,Aston,City,2025,5,29,0.4106071029317978,0.9522084398861804
15,14,Islington,City,2025,5,29,0.40539838609258455,0.43007756492738175
15,14,Chelsea,City,2025,5,29,0.5632828983606061,1.7885368054569892
15,14,Tottenham,City,2025,5,29,-0.010590189349495424,1.7737985196202029
15,14,Norwich,Wolverhampton,2025,5,29,0.7065331977635477,-0.07842273414416931
15,14,Leeds,Wolverhampton,2025,5,29,1.1091620888900844,0.7107505075777981
15,14,Liverpool,Wolverhampton,2025,5,29,1.565324411698645,0.31968773650865173
15,14,Southampton,Wolverhampton,2025,5,29,1.1687367718358146,0.532047770924893
15,14,Aston,Wolverhampton,2025,5,29,0.9671981707866635,0.36648937172339263
15,14,Islington,Wolverhampton,2025,5,29,0.7127104443040431,0.12987839327387252
15,14,Chelsea,Wolverhampton,2025,5,29,1.1551799397097349,1.1073402541030548
15,14,Tottenham,Wolverhampton,2025,5,29,-0.16487364097049226,-0.0018133730128495947
15,14,Leeds,Norwich,2025,5,29,1.3382248335259397,0.6667605212257219
15,14,Liverpool,Norwich,2025,5,29,0.41865224295297426,-0.3597947389136279
15,14,Southampton,Norwich,2025,5,29,0.8799638151994946,0.9148284718409777
15,14,Aston,Norwich,2025,5,29,-0.17009836065865278,0.12041959817254234
15,14,Islington,Norwich,2025,5,29,0.38585145623705025,-0.183082187027983
15,14,Chelsea,Norwich,2025,5,29,0.9959799413380609,0.8997078413737214
15,14,Tottenham,Norwich,2025,5,29,0.07110517232633756,0.0591223525415134
15,14,Liverpool,Leeds,2025,5,29,-0.24120573032878795,3.28130027586563
15,14,Southampton,Leeds,2025,5,29,-0.19213686668486146,0.8468058170586192
15,14,Aston,Leeds,2025,5,29,-0.18786802923198753,0.6615812280591835
15,14,Islington,Leeds,2025,5,29,-0.28134099825623704,-0.13787334765919915
15,14,Chelsea,Leeds,2025,5,29,0.13577704775755753,1.462615244852252
15,14,Tottenham,Leeds,2025,5,29,-0.3476845764963235,1.475750542699588
15,14,Southampton,Liverpool,2025,5,29,1.739792048533293,0.07675269549203452
15,14,Aston,Liverpool,2025,5,29,0.8925268744287449,0.5678980167492995
15,14,Islington,Liverpool,2025,5,29,1.2476643489230193,0.926583683258448
15,14,Chelsea,Liverpool,2025,5,29,0.9134983642513166,1.8801545026049469
15,14,Tottenham,Liverpool,2025,5,29,0.17840883430002635,2.9347425299976226
15,14,Aston,Southampton,2025,5,29,0.4412292644855063,2.19686520266668
15,14,Islington,Southampton,2025,5,29,0.18194193737474218,0.8254430194604712
15,14,Chelsea,Southampton,2025,5,29,0.18435849659621936,2.225109322677025
15,14,Tottenham,Southampton,2025,5,29,-0.1154570327479495,3.057311004700884
15,14,Islington,Aston,2025,5,29,-0.25140607314407015,0.5206252237413244
15,14,Chelsea,Aston,2025,5,29,0.4130972534182564,0.8411810522133606
15,14,Tottenham,Aston,2025,5,29,-0.2688348234063895,0.3114553950772784
15,14,Chelsea,Islington,2025,5,29,0.9614779782914251,1.9877062538180588
15,14,Tottenham,Islington,2025,5,29,0.348252147368211,1.6401204157783733
15,14,Tottenham,Chelsea,2025,5,29,-0.01771177052736264,0.6407580763802724
15,17,Brighton,Leicester,2025,5,29,0.8349667337042621,1.4830321086232674
15,17,Palace,Leicester,2025,5,29,0.6448067802067777,0.6205746337421499
15,17,Everton,Leicester,2025,5,29,0.574354177796148,0.36125614570145903
15,17,Watford,Leicester,2025,5,29,2.1414797367988188,0.14263386063096117
15,17,Burnley,Leicester,2025,5,29,1.0338174575826593,0.4774389532487941
15,17,Brentford,Leicester,2025,5,29,0.40733391203960134,0.19452009589536845
15,17,West Ham,Leicester,2025,5,29,2.1699653334369025,0.3941034969667353
15,17,United,Leicester,2025,5,29,1.0923522827904737,0.7872616587402235
15,17,Newcastle,Leicester,2025,5,29,2.2637385308631495,0.5250940660997993
15,17,City,Leicester,2025,5,29,0.979313195239043,0.17535249638384642
15,17,Wolverhampton,Leicester,2025,5,29,1.0373238012993324,-0.1712961097069085
15,17,Norwich,Leicester,2025,5,29,1.2835245557275532,0.31254892700654885
15,17,Leeds,Leicester,2025,5,29,1.914463273941161,0.34131863554361225
15,17,Liverpool,Leicester,2025,5,29,1.0831034977868672,-0.20931444115586734
15,17,Southampton,Leicester,2025,5,29,1.2528810414363636,0.3411227334126123
15,17,Aston,Leicester,2025,5,29,0.8742496459331738,0.6821611834789898
15,17,Islington,Leicester,2025,5,29,1.0793904963793473,0.2785580888432571
15,17,Chelsea,Leicester,2025,5,29,0.7776858598962398,1.0027042801915202
15,17,Tottenham,Leicester,2025,5,29,0.3627521304555125,0.40042895313669025
15,17,Palace,Brighton,2025,5,29,-0.03281434158312024,0.7244556939029794
15,17,Everton,Brighton,2025,5,29,0.6512775190884925,1.15010670418064
15,17,Watford,Brighton,2025,5,29,0.14091564985183477,0.9735734158487284
15,17,Burnley,Brighton,2025,5,29,0.6067056433035793,3.080815079240633
15,17,Brentford,Brighton,2025,5,29,0.6340288068068518,0.809154095846222
15,17,West Ham,Brighton,2025,5,29,1.1966138615040403,1.2101776031379108
15,17,United,Brighton,2025,5,29,0.0532872133947833,1.3995281438359966
15,17,Newcastle,Brighton,2025,5,29,0.19195424082779106,1.4859380428787208
15,17,City,Brighton,2025,5,29,0.8398303797819386,4.5118412039092
15,17,Wolverhampton,Brighton,2025,5,29,0.13244853311498472,4.140366157566671
15,17,Norwich,Brighton,2025,5,29,0.188530279331363,2.967905492774394
15,17,Leeds,Brighton,2025,5,29,0.8427941375598655,1.2115621252997295
15,17,Liverpool,Brighton,2025,5,29,0.5010095192986684,3.3168028883557805
15,17,Southampton,Brighton,2025,5,29,0.4317543956389107,1.0506517114714797
15,17,Aston,Brighton,2025,5,29,-0.023199517940941643,2.579665831163939
15,17,Islington,Brighton,2025,5,29,0.23079584804521683,0.8286072822731534
15,17,Chelsea,Brighton,2025,5,29,0.8480691713834784,2.5949410002834767
15,17,Tottenham,Brighton,2025,5,29,0.057850663873801174,3.3663548348037384
15,17,Everton,Palace,2025,5,29,0.9121114292864139,1.081422634223113
15,17,Watford,Palace,2025,5,29,1.9697851703271265,0.9293611986763323
15,17,Burnley,Palace,2025,5,29,0.4797937456622374,3.4763701057927343
15,17,Brentford,Palace,2025,5,29,1.316423379921358,0.7453681090828623
15,17,West Ham,Palace,2025,5,29,2.003860650432107,0.6057915917625509
15,17,United,Palace,2025,5,29,1.2123749993683912,1.2863126806860141
15,17,Newcastle,Palace,2025,5,29,2.5002983305749615,0.5337329998199788
15,17,City,Palace,2025,5,29,0.3665042078922215,2.9319059299928494
15,17,Wolverhampton,Palace,2025,5,29,1.7109428494472898,3.1691419637248983
15,17,Norwich,Palace,2025,5,29,2.6467666877761875,0.9118325812675293
15,17,Leeds,Palace,2025,5,29,1.2530417344023426,1.269898441247203
15,17,Liverpool,Palace,2025,5,29,1.7926303434944704,1.8531300186838624
15,17,Southampton,Palace,2025,5,29,1.2380294364231081,0.32802688150018666
15,17,Aston,Palace,2025,5,29,1.3699309965402173,0.9959781501650924
15,17,Islington,Palace,2025,5,29,0.979155519311793,0.08954827660901347
15,17,Chelsea,Palace,2025,5,29,0.9624336512446876,2.488683192242147
15,17,Tottenham,Palace,2025,5,29,0.42676271891020906,2.820663044285856
15,17,Watford,Everton,2025,5,29,0.23356446312594725,0.22603570098280237
15,17,Burnley,Everton,2025,5,29,0.5200770651318826,0.46286331115397594
15,17,Brentford,Everton,2025,5,29,-0.20948111826026172,0.36935419226562677
15,17,West Ham,Everton,2025,5,29,0.5429028359227128,0.5390958803339264
15,17,United,Everton,2025,5,29,-0.024984945054219818,0.7520590288452526
15,17,Newcastle,Everton,2025,5,29,0.6868025050047908,0.02985495077430608
15,17,City,Everton,2025,5,29,0.4182720455134999,0.45129305240910156
15,17,Wolverhampton,Everton,2025,5,29,0.501463949538669,0.5065532656112757
15,17,Norwich,Everton,2025,5,29,-0.4454447789365045,0.2538230599245882
15,17,Leeds,Everton,2025,5,29,0.35567963184189094,0.13240742752800422
15,17,Liverpool,Everton,2025,5,29,0.14651361523585116,-0.2609062757805452
15,17,Southampton,Everton,2025,5,29,-0.2480419714413516,-0.16492548134881083
15,17,Aston,Everton,2025,5,29,0.20879891747288223,0.4153965365416323
15,17,Islington,Everton,2025,5,29,-0.15908852962140718,0.1255786140509122
15,17,Chelsea,Everton,2025,5,29,0.20906841455296973,1.0325306107542591
15,17,Tottenham,Everton,2025,5,29,-0.4642638271717353,0.3138277573413959
15,17,Burnley,Watford,2025,5,29,0.9918652047977691,2.696204942835794
15,17,Brentford,Watford,2025,5,29,1.3858842364335333,0.4773517134567986
15,17,West Ham,Watford,2025,5,29,2.064210012293724,0.6381173675430792
15,17,United,Watford,2025,5,29,1.5229427981037502,0.8154499497583542
15,17,Newcastle,Watford,2025,5,29,2.498484557997553,0.611611166130481
15,17,City,Watford,2025,5,29,1.425520486761246,2.518553445240401
15,17,Wolverhampton,Watford,2025,5,29,2.0631789567564685,2.843042309667446
15,17,Norwich,Watford,2025,5,29,2.46565683530433,1.1915641791735208
15,17,Leeds,Watford,2025,5,29,2.062647904751557,0.30224113998919655
15,17,Liverpool,Watford,2025,5,29,1.8353964508090868,1.0805189089831109
15,17,Southampton,Watford,2025,5,29,2.1114247487984485,0.24902559709041494
15,17,Aston,Watford,2025,5,29,1.5836501475368736,1.0083023520701613
15,17,Islington,Watford,2025,5,29,1.9705109614320577,0.10293144719126798
15,17,Chelsea,Watford,2025,5,29,1.7308229802213244,2.472363264748799
15,17,Tottenham,Watford,2025,5,29,1.5349647660614127,2.3507914966321537
15,17,Brentford,Burnley,2025,5,29,1.158451964206987,0.9238716882536918
15,17,West Ham,Burnley,2025,5,29,1.4065502656394782,1.1511343392904922
15,17,United,Burnley,2025,5,29,0.9360428055250476,1.590724133425872
15,17,Newcastle,Burnley,2025,5,29,2.492500455484666,1.0279957172227772
15,17,City,Burnley,2025,5,29,-0.030806552008402904,3.5549821918710043
15,17,Wolverhampton,Burnley,2025,5,29,0.9146352170867568,3.792010422948833
15,17,Norwich,Burnley,2025,5,29,0.6820438762013445,1.7939065826551093
15,17,Leeds,Burnley,2025,5,29,0.21967091000045352,1.8437843420375648
15,17,Liverpool,Burnley,2025,5,29,1.126434152874928,2.0843228843421144
15,17,Southampton,Burnley,2025,5,29,0.18232323621754787,0.4491327152534161
15,17,Aston,Burnley,2025,5,29,0.7863950561817604,1.1895776769874264
15,17,Islington,Burnley,2025,5,29,0.22152853628517996,0.8396273930652196
15,17,Chelsea,Burnley,2025,5,29,0.7213018925359959,3.1715652406372246
15,17,Tottenham,Burnley,2025,5,29,-0.2322264110900522,3.2871573377680146
15,17,West Ham,Brentford,2025,5,29,1.6085223414616605,0.5525076988426572
15,17,United,Brentford,2025,5,29,0.667314255768507,0.9326252984115799
15,17,Newcastle,Brentford,2025,5,29,1.5282129308883539,0.3929770408574442
15,17,City,Brentford,2025,5,29,0.883491755763526,2.19568942495395
15,17,Wolverhampton,Brentford,2025,5,29,0.6510351847523215,2.4458920723040065
15,17,Norwich,Brentford,2025,5,29,-0.06198440806834253,0.31452632887235327
15,17,Leeds,Brentford,2025,5,29,1.1267531140258293,0.4544421333992982
15,17,Liverpool,Brentford,2025,5,29,0.9186795912897057,0.40826887239292314
15,17,Southampton,Brentford,2025,5,29,0.333555980922347,-0.38904108656123165
15,17,Aston,Brentford,2025,5,29,0.8245787106783846,0.7925516637515438
15,17,Islington,Brentford,2025,5,29,0.1417936360557444,0.25040085945436524
15,17,Chelsea,Brentford,2025,5,29,0.8918673149030251,2.7551217857790773
15,17,Tottenham,Brentford,2025,5,29,-0.13697490957738925,2.285932585600773
15,17,United,West Ham,2025,5,29,1.5739846417815184,1.4594302832801154
15,17,Newcastle,West Ham,2025,5,29,3.204406775333059,0.009799814283532115
15,17,City,West Ham,2025,5,29,1.1926049822555562,3.581264010165422
15,17,Wolverhampton,West Ham,2025,5,29,1.0797539713821136,4.078298099228848
15,17,Norwich,West Ham,2025,5,29,0.8794721193614903,1.6960361163132538
15,17,Leeds,West Ham,2025,5,29,1.7520822409453811,1.235293106083469
15,17,Liverpool,West Ham,2025,5,29,1.6079212719362497,2.5989480575587995
15,17,Southampton,West Ham,2025,5,29,1.029597343685109,0.32084712102438034
15,17,Aston,West Ham,2025,5,29,1.4089119338012748,0.9878837460244768
15,17,Islington,West Ham,2025,5,29,0.6485172947770222,0.7906541185117367
15,17,Chelsea,West Ham,2025,5,29,1.5833065408475417,2.4382689079214206
15,17,Tottenham,West Ham,2025,5,29,0.30313007122039676,2.7341844413250853
15,17,Newcastle,United,2025,5,29,1.7453700480295957,0.07421844422942972
15,17,City,United,2025,5,29,0.851274867981945,0.5741836139544881
15,17,Wolverhampton,United,2025,5,29,1.1903911226808903,0.6404648743109288
15,17,Norwich,United,2025,5,29,1.4865260244212861,0.7495032545173934
15,17,Leeds,United,2025,5,29,1.2665430991728661,0.3897327449125279
15,17,Liverpool,United,2025,5,29,1.292496971762163,0.5589840709183943
15,17,Southampton,United,2025,5,29,1.3665242495881746,0.4195477882931014
15,17,Aston,United,2025,5,29,1.0293098835251195,0.3273916418586307
15,17,Islington,United,2025,5,29,1.396605659289852,0.5527096885503119
15,17,Chelsea,United,2025,5,29,1.2790883287260593,0.9834581520223239
15,17,Tottenham,United,2025,5,29,0.6888266107853414,0.06321414650646168
15,17,City,Newcastle,2025,5,29,0.8957106006379397,0.29175096131883266
15,17,Wolverhampton,Newcastle,2025,5,29,-0.00947926017096473,0.5578704431986173
15,17,Norwich,Newcastle,2025,5,29,1.178363469047369,-0.055751117879753856
15,17,Leeds,Newcastle,2025,5,29,1.3169159445854448,0.24223839760349883
15,17,Liverpool,Newcastle,2025,5,29,1.0813359201210673,-0.29236003638471525
15,17,Southampton,Newcastle,2025,5,29,1.4623970079757715,0.005349364779314008
15,17,Aston,Newcastle,2025,5,29,0.6014302923087337,0.26221389634816794
15,17,Islington,Newcastle,2025,5,29,1.3127799679685663,0.031479845872160364
15,17,Chelsea,Newcastle,2025,5,29,1.7607297484970823,1.571581124008943
15,17,Tottenham,Newcastle,2025,5,29,0.7503875252284313,0.41848500732647886
15,17,Wolverhampton,City,2025,5,29,0.24750216576187203,1.8434509885579575
15,17,Norwich,City,2025,5,29,0.4192117060676854,1.7362972376330466
15,17,Leeds,City,2025,5,29,0.8307756618446378,0.7432198461884276
15,17,Liverpool,City,2025,5,29,0.7920227474729185,1.6625209139394306
15,17,Southampton,City,2025,5,29,0.9570679223264646,0.8357370503182996
15,17,Aston,City,2025,5,29,0.5494989566032034,0.9659807991443135
15,17,Islington,City,2025,5,29,0.5350674038840258,0.4686147392301612
15,17,Chelsea,City,2025,5,29,0.628760460210254,1.7949210195899967
15,17,Tottenham,City,2025,5,29,0.041388702987870035,1.721893055389321
15,17,Norwich,Wolverhampton,2025,5,29,0.7376186510183683,-0.05542509898487327
15,17,Leeds,Wolverhampton,2025,5,29,1.1273150916940473,0.7379071973534714
15,17,Liverpool,Wolverhampton,2025,5,29,1.62139634321719,0.35990667365787354
15,17,Southampton,Wolverhampton,2025,5,29,1.192540620671493,0.5525369816315038
15,17,Aston,Wolverhampton,2025,5,29,1.064694274949166,0.38227579892216085
15,17,Islington,Wolverhampton,2025,5,29,0.8103990925973803,0.2046828739073679
15,17,Chelsea,Wolverhampton,2025,5,29,1.205730163996114,1.1147392083826917
15,17,Tottenham,Wolverhampton,2025,5,29,-0.1154773547261347,-0.05602861313616768
15,17,Leeds,Norwich,2025,5,29,1.3395953382671189,0.6725904838091011
15,17,Liverpool,Norwich,2025,5,29,0.45381377627156777,-0.3596630530168785
15,17,Southampton,Norwich,2025,5,29,0.9203497341095296,0.9249122572499853
15,17,Aston,Norwich,2025,5,29,-0.1331226212587435,0.13902924358233806
15,17,Islington,Norwich,2025,5,29,0.4023032394002554,-0.15579243290453593
15,17,Chelsea,Norwich,2025,5,29,1.0146278868255894,0.9098818494596846
15,17,Tottenham,Norwich,2025,5,29,0.09951258189562198,0.007216888310631707
15,17,Liverpool,Leeds,2025,5,29,-0.19670534438805365,3.3048315586762387
15,17,Southampton,Leeds,2025,5,29,-0.13289058967746967,0.8470303372014465
15,17,Aston,Leeds,2025,5,29,-0.14298685428984592,0.6460654711782083
15,17,Islington,Leeds,2025,5,29,-0.23869546837784242,-0.10501255782728175
15,17,Chelsea,Leeds,2025,5,29,0.1718753556195101,1.3478034221702895
15,17,Tottenham,Leeds,2025,5,29,-0.2948050724205876,1.4110470000101236
15,17,Southampton,Liverpool,2025,5,29,1.7635751181504786,0.05638905912575572
15,17,Aston,Liverpool,2025,5,29,0.9790139619434797,0.5489411819279932
15,17,Islington,Liverpool,2025,5,29,1.3356792340072645,0.9594286128911127
15,17,Chelsea,Liverpool,2025,5,29,0.9370335487727461,1.6688221039032396
15,17,Tottenham,Liverpool,2025,5,29,0.20551164616423817,2.8312658310286816
15,17,Aston,Southampton,2025,5,29,0.5668094801348152,2.2048075993414344
15,17,Islington,Southampton,2025,5,29,0.3137694739478081,0.8503836717356923
15,17,Chelsea,Southampton,2025,5,29,0.23689767413945975,2.084917743993942
15,17,Tottenham,Southampton,2025,5,29,-0.0660607465035923,2.8813847991802843
15,17,Islington,Aston,2025,5,29,-0.24027401722603992,0.543002666525412
15,17,Chelsea,Aston,2025,5,29,0.44764947743283057,0.848675667474717
15,17,Tottenham,Aston,2025,5,29,-0.22411279229819853,0.25188395126575674
15,17,Chelsea,Islington,2025,5,29,0.9074271346859505,1.8996950332063012
15,17,Tottenham,Islington,2025,5,29,0.29311863097140844,1.5407290227387016
15,17,Tottenham,Chelsea,2025,5,29,-0.020148440698633825,0.5888526121493904
15,20,Brighton,Leicester,2025,5,29,0.8195132054932541,1.4976481744762407
15,20,Palace,Leicester,2025,5,29,0.692411760200811,0.6420381902965517
15,20,Everton,Leicester,2025,5,29,0.6374126860011889,0.3800515515738684
15,20,Watford,Leicester,2025,5,29,2.2119889827927373,0.25738683813631136
15,20,Burnley,Leicester,2025,5,29,1.0968759657877005,0.4758004731312915
15,20,Brentford,Leicester,2025,5,29,0.4278291654230627,0.19861951031741673
15,20,West Ham,Leicester,2025,5,29,2.1545118052258942,0.39941768163216324
15,20,United,Leicester,2025,5,29,1.1399572627845076,0.8874621659180432
15,20,Newcastle,Leicester,2025,5,29,2.253228049336949,0.6326463399909811
15,20,City,Leicester,2025,5,29,0.963859667028035,0.18063224979840584
15,20,Wolverhampton,Leicester,2025,5,29,0.9408505455682042,-0.15578032947733256
15,20,Norwich,Leicester,2025,5,29,1.2230000815908955,0.3189370049673653
15,20,Leeds,Leicester,2025,5,29,1.899009745730153,0.4361410716439352
15,20,Liverpool,Leicester,2025,5,29,1.1035987511703285,-0.2150584208878244
15,20,Southampton,Leicester,2025,5,29,1.2733762948198248,0.43661511787288243
15,20,Aston,Leicester,2025,5,29,0.921854625927207,0.7715863060425204
15,20,Islington,Leicester,2025,5,29,1.142449004584389,0.27203730708941976
15,20,Chelsea,Leicester,2025,5,29,0.7776858598962398,1.0214996860639298
15,20,Tottenham,Leicester,2025,5,29,0.34729860224450443,0.38439318053590193
15,20,Palace,Brighton,2025,5,29,0.07922510021699639,0.7340262244724893
15,20,Everton,Brighton,2025,5,29,0.7682641511198514,1.1620279075109925
15,20,Watford,Brighton,2025,5,29,0.23572106142087465,0.9772113206531824
15,20,Burnley,Brighton,2025,5,29,0.70840560220824,3.088995318737859
15,20,Brentford,Brighton,2025,5,29,0.7102438656313116,0.8062494622199433
15,20,West Ham,Brighton,2025,5,29,1.2359341279970757,1.2207408939149613
15,20,United,Brighton,2025,5,29,0.12090482473705107,1.4126688022637686
15,20,Newcastle,Brighton,2025,5,29,0.27719410593338406,1.5034963922572964
15,20,City,Brighton,2025,5,29,0.8673438062409656,4.523328689606841
15,20,Wolverhampton,Brighton,2025,5,29,0.16612132383271958,4.1546704121768485
15,20,Norwich,Brighton,2025,5,29,0.2371617205151691,2.981600331607606
15,20,Leeds,Brighton,2025,5,29,0.900078474787926,1.203191181600092
15,20,Liverpool,Brighton,2025,5,29,0.5402248621156532,3.3341904017594923
15,20,Southampton,Brighton,2025,5,29,0.48482126923277113,1.0353202029120392
15,20,Aston,Brighton,2025,5,29,0.06455127468040224,2.597013769116535
15,20,Islington,Brighton,2025,5,29,0.37270633245738477,0.8424246678186025
15,20,Chelsea,Brighton,2025,5,29,0.8743623387692321,2.6143284400764415
15,20,Tottenham,Brighton,2025,5,29,0.09931277745559733,3.3655379922804554
15,20,Everton,Palace,2025,5,29,1.009607537375071,1.159436392405281
15,20,Watford,Palace,2025,5,29,2.0089828114800024,1.1140175604360731
15,20,Burnley,Palace,2025,5,29,0.5582732339501202,3.537220278040613
15,20,Brentford,Palace,2025,5,29,1.3238974774116905,0.8238069291367202
15,20,West Ham,Palace,2025,5,29,1.9793331757849661,0.6020506279294243
15,20,United,Palace,2025,5,29,1.187134558388982,1.4020940835342812
15,20,Newcastle,Palace,2025,5,29,2.4800882154115595,0.6406821395092371
15,20,City,Palace,2025,5,29,0.365466761991948,2.9292388594551113
15,20,Wolverhampton,Palace,2025,5,29,1.6643231850724944,3.2471557219070664
15,20,Norwich,Palace,2025,5,29,2.624063316186836,0.9094257192699059
15,20,Leeds,Palace,2025,5,29,1.2390677403703863,1.3757082878719167
15,20,Liverpool,Palace,2025,5,29,1.8489411911782592,1.8531300186838624
15,20,Southampton,Palace,2025,5,29,1.2808269355524853,0.43666865199421384
15,20,Aston,Palace,2025,5,29,1.4274854849520453,1.0914691775521188
15,20,Islington,Palace,2025,5,29,1.0662930771717842,0.08268456919336788
15,20,Chelsea,Palace,2025,5,29,1.0626117951984457,2.566696950424315
15,20,Tottenham,Palace,2025,5,29,0.4646268807081667,2.8744689393880343
15,20,Watford,Everton,2025,5,29,0.27616323105361407,0.24722798133310586
15,20,Burnley,Everton,2025,5,29,0.5604229928736081,0.4859108794743489
15,20,Brentford,Everton,2025,5,29,-0.09139157750828594,0.39639067271416495
15,20,West Ham,Everton,2025,5,29,0.6331779916880894,0.5437394511862019
15,20,United,Everton,2025,5,29,-0.002587612319737959,0.7656457915917217
15,20,Newcastle,Everton,2025,5,29,0.7408584459154003,0.07137941668821249
15,20,City,Everton,2025,5,29,0.4910319903518884,0.4559021920105085
15,20,Wolverhampton,Everton,2025,5,29,0.585805771172608,0.5213984320276992
15,20,Norwich,Everton,2025,5,29,-0.4334268588019486,0.2598007326123668
15,20,Leeds,Everton,2025,5,29,0.4756648216600772,0.12859898408364806
15,20,Liverpool,Everton,2025,5,29,0.17535146328190357,-0.2548939943924929
15,20,Southampton,Everton,2025,5,29,-0.22978420949892062,-0.16873392479316698
15,20,Aston,Everton,2025,5,29,0.20950148947331354,0.4624603340604177
15,20,Islington,Everton,2025,5,29,-0.06591062441957542,0.13107430195719877
15,20,Chelsea,Everton,2025,5,29,0.2558818474010805,1.0630822777466777
15,20,Tottenham,Everton,2025,5,29,-0.385194712438607,0.29712137092745505
15,20,Burnley,Watford,2025,5,29,1.0607710291087078,2.7509404115274387
15,20,Brentford,Watford,2025,5,29,1.3925884291650472,0.541971199116952
15,20,West Ham,Watford,2025,5,29,2.0342902997565506,0.6401243060080917
15,20,United,Watford,2025,5,29,1.4923101192343096,0.8855237212489041
15,20,Newcastle,Watford,2025,5,29,2.4812509945516035,0.6977991712650348
15,20,City,Watford,2025,5,29,1.424048284333869,2.5164895089045856
15,20,Wolverhampton,Watford,2025,5,29,2.019970600626228,2.925695645601496
15,20,Norwich,Watford,2025,5,29,2.4375612258249473,1.1843324490296008
15,20,Leeds,Watford,2025,5,29,2.0386654902155517,0.3705977532197923
15,20,Liverpool,Watford,2025,5,29,1.8863150606028438,1.0811220431850337
15,20,Southampton,Watford,2025,5,29,2.1442138274237768,0.31334576677105136
15,20,Aston,Watford,2025,5,29,1.631196215444655,1.0882703578638628
15,20,Islington,Watford,2025,5,29,2.0425975300906574,0.0966708739775452
15,20,Chelsea,Watford,2025,5,29,1.8256088862850512,2.5561249252291063
15,20,Tottenham,Watford,2025,5,29,1.5577717881407809,2.4004166284784505
15,20,Brentford,Burnley,2025,5,29,1.1765570437905117,0.9820669491626626
15,20,West Ham,Burnley,2025,5,29,1.3632687057946715,1.1616301504563131
15,20,United,Burnley,2025,5,29,0.8920482793479716,1.707799074088459
15,20,Newcastle,Burnley,2025,5,29,2.475266892038716,1.1660354623571956
15,20,City,Burnley,2025,5,29,-0.045640601743414604,3.5701489410742426
15,20,Wolverhampton,Burnley,2025,5,29,0.8580650136488818,3.874810497297707
15,20,Norwich,Burnley,2025,5,29,0.6405864194143279,1.7971108698074536
15,20,Leeds,Burnley,2025,5,29,0.20708938231646082,1.9518443045587819
15,20,Liverpool,Burnley,2025,5,29,1.188753649520696,2.084255404730885
15,20,Southampton,Burnley,2025,5,29,0.20175046753524295,0.5425986246228434
15,20,Aston,Burnley,2025,5,29,0.8205792767819069,1.3187071799609382
15,20,Islington,Burnley,2025,5,29,0.31468089362434953,0.8485839123582646
15,20,Chelsea,Burnley,2025,5,29,0.8027259512920881,3.247021625235724
15,20,Tottenham,Burnley,2025,5,29,-0.21311633448976103,3.3500524175256237
15,20,West Ham,Brentford,2025,5,29,1.6965238597373833,0.5488749747940012
15,20,United,Brentford,2025,5,29,0.7564337572195446,1.0207598035683676
15,20,Newcastle,Brentford,2025,5,29,1.690674368421758,0.47042847825521056
15,20,City,Brentford,2025,5,29,0.9623684698703431,2.196727638942711
15,20,Wolverhampton,Brentford,2025,5,29,0.8033462972407751,2.508216497504523
15,20,Norwich,Brentford,2025,5,29,0.043056020446763314,0.35345491865753537
15,20,Leeds,Brentford,2025,5,29,1.262428737089387,0.5250935340985711
15,20,Liverpool,Brentford,2025,5,29,1.0390666555976358,0.3906498649431797
15,20,Southampton,Brentford,2025,5,29,0.38058883937377014,-0.2714126223188714
15,20,Aston,Brentford,2025,5,29,0.9714205264961299,0.8813716714145738
15,20,Islington,Brentford,2025,5,29,0.3051148753502218,0.2432816989374772
15,20,Chelsea,Brentford,2025,5,29,1.0097347106295518,2.87226470667882
15,20,Tottenham,Brentford,2025,5,29,-0.0468315442129049,2.333135913667829
15,20,United,West Ham,2025,5,29,1.576401552354954,1.4689352830866507
15,20,Newcastle,West Ham,2025,5,29,3.2304409182386484,0.03736316421692573
15,20,City,West Ham,2025,5,29,1.1888855004901817,3.5841961222695176
15,20,Wolverhampton,West Ham,2025,5,29,1.0787729559036878,4.162984933348239
15,20,Norwich,West Ham,2025,5,29,0.905466114598044,1.7011755815529197
15,20,Leeds,West Ham,2025,5,29,1.7685600059720956,1.23088152843719
15,20,Liverpool,West Ham,2025,5,29,1.6244991688059822,2.5982774437456473
15,20,Southampton,West Ham,2025,5,29,1.0554105887177008,0.31926746724741467
15,20,Aston,West Ham,2025,5,29,1.4262402338671498,1.025622709577558
15,20,Islington,West Ham,2025,5,29,0.7159885626751284,0.7850669418783945
15,20,Chelsea,West Ham,2025,5,29,1.601044275086529,2.5156120522904364
15,20,Tottenham,West Ham,2025,5,29,0.3360367516554263,2.7873197226141113
15,20,Newcastle,United,2025,5,29,1.7294674571023327,0.07669703739708802
15,20,City,United,2025,5,29,0.8238449141569962,0.5689119514016214
15,20,Wolverhampton,United,2025,5,29,1.1184031149738287,0.671576089219549
15,20,Norwich,United,2025,5,29,1.438409961545501,0.7894952475128209
15,20,Leeds,United,2025,5,29,1.2413656673989366,0.3760434993138979
15,20,Liverpool,United,2025,5,29,1.3422205643179939,0.5551155501521728
15,20,Southampton,United,2025,5,29,1.373355576815933,0.4623435625701397
15,20,Aston,United,2025,5,29,1.0502925908627079,0.3495091823994261
15,20,Islington,United,2025,5,29,1.4686922279484524,0.5480643657622102
15,20,Chelsea,United,2025,5,29,1.3479164833922146,1.0849826144764023
15,20,Tottenham,United,2025,5,29,0.6856758814671373,0.06277380858471758
15,20,City,Newcastle,2025,5,29,0.8578567024044021,0.29036604394112714
15,20,Wolverhampton,Newcastle,2025,5,29,-0.016066464500654017,0.610717114944435
15,20,Norwich,Newcastle,2025,5,29,1.1997216615734811,-0.015287744080597408
15,20,Leeds,Newcastle,2025,5,29,1.290746521308477,0.33161237780528413
15,20,Liverpool,Newcastle,2025,5,29,1.1333941448079934,-0.2912679186803869
15,20,Southampton,Newcastle,2025,5,29,1.4631172843888371,0.1493338968161741
15,20,Aston,Newcastle,2025,5,29,0.6136199129665277,0.40132765273662035
15,20,Islington,Newcastle,2025,5,29,1.3778319290345997,0.03047768374680664
15,20,Chelsea,Newcastle,2025,5,29,1.8212676931810825,1.6959493678464765
15,20,Tottenham,Newcastle,2025,5,29,0.7512935236217317,0.45142668448103235
15,20,Wolverhampton,City,2025,5,29,0.2898694423080235,1.8524517963700668
15,20,Norwich,City,2025,5,29,0.4744367738450212,1.773068581415825
15,20,Leeds,City,2025,5,29,0.892732090209769,0.7327708479948607
15,20,Liverpool,City,2025,5,29,0.8452423070032736,1.6586523931732087
15,20,Southampton,City,2025,5,29,1.0345577841919054,0.8798986039598071
15,20,Aston,City,2025,5,29,0.6423872316062951,1.0022442426295846
15,20,Islington,City,2025,5,29,0.6833988560935582,0.4661767695776301
15,20,Chelsea,City,2025,5,29,0.6626446037264024,1.8754433994938213
15,20,Tottenham,City,2025,5,29,0.1102105642541375,1.6905219693633013
15,20,Norwich,Wolverhampton,2025,5,29,0.8521035976000041,-0.06611279498551412
15,20,Leeds,Wolverhampton,2025,5,29,1.1635723903117896,0.8405465468205158
15,20,Liverpool,Wolverhampton,2025,5,29,1.7205278934308361,0.35288894591084125
15,20,Southampton,Wolverhampton,2025,5,29,1.2381333992951136,0.6539718114179016
15,20,Aston,Wolverhampton,2025,5,29,1.16919241097297,0.4800587627506063
15,20,Islington,Wolverhampton,2025,5,29,0.8988449113244406,0.19714855267856987
15,20,Chelsea,Wolverhampton,2025,5,29,1.306021551579015,1.1351889852437282
15,20,Tottenham,Wolverhampton,2025,5,29,-0.06740732331409288,-0.07812203120983531
15,20,Leeds,Norwich,2025,5,29,1.376925090855503,0.7603563542801361
15,20,Liverpool,Norwich,2025,5,29,0.463608704262406,-0.37160094444763464
15,20,Southampton,Norwich,2025,5,29,0.9461629791421218,1.0691631475966876
15,20,Aston,Norwich,2025,5,29,-0.11989525420666122,0.2589145717763809
15,20,Islington,Norwich,2025,5,29,0.46567357428456907,-0.17320755628760776
15,20,Chelsea,Norwich,2025,5,29,1.0350476569296783,0.9722294521322083
15,20,Tottenham,Norwich,2025,5,29,0.13241926233065146,-0.016805557546434546
15,20,Liverpool,Leeds,2025,5,29,-0.17434663116351032,3.3172584336094006
15,20,Southampton,Leeds,2025,5,29,-0.1260592624497117,0.947100053076581
15,20,Aston,Leeds,2025,5,29,-0.14876341711092375,0.7701038276549761
15,20,Islington,Leeds,2025,5,29,-0.1666088997192417,-0.09632664672724661
15,20,Chelsea,Leeds,2025,5,29,0.20579641306313579,1.360230297103451
15,20,Tottenham,Leeds,2025,5,29,-0.23829323492050242,1.407306036176997
15,20,Southampton,Liverpool,2025,5,29,1.7808853735185848,0.04105755056631524
15,20,Aston,Liverpool,2025,5,29,1.00138625480352,0.5790853691767757
15,20,Islington,Liverpool,2025,5,29,1.3896049435435402,0.977955365418706
15,20,Chelsea,Liverpool,2025,5,29,0.9551990931918831,1.749812278186327
15,20,Tottenham,Liverpool,2025,5,29,0.21563425249220813,2.8960881665454807
15,20,Aston,Southampton,2025,5,29,0.571195989355986,2.2168259568521296
15,20,Islington,Southampton,2025,5,29,0.3954297065833523,0.8590021032244979
15,20,Chelsea,Southampton,2025,5,29,0.24448802503956807,2.0972771393158745
15,20,Tottenham,Southampton,2025,5,29,-0.06305897722094174,2.877576355735928
15,20,Islington,Aston,2025,5,29,-0.15366648469733174,0.5384072074725952
15,20,Chelsea,Aston,2025,5,29,0.4929412568223594,0.9599944279753351
15,20,Tottenham,Aston,2025,5,29,-0.15623023285220974,0.2553456893864908
15,20,Chelsea,Islington,2025,5,29,0.9053932235738839,1.9367718639444502
15,20,Tottenham,Islington,2025,5,29,0.2961610400704421,1.531656124616748
15,20,Tottenham,Chelsea,2025,5,29,0.018081423183510668,0.5722137053466793
15,23,Brighton,Leicester,2025,5,29,0.9369036052628303,1.5061262116685292
15,23,Palace,Leicester,2025,5,29,0.6856903086483611,0.6410498343415238
15,23,Everton,Leicester,2025,5,29,0.7468439633110727,0.3988547244976129
15,23,Watford,Leicester,2025,5,29,2.2119889827927373,0.273187258879033
15,23,Burnley,Leicester,2025,5,29,1.209292631111792,0.47881493654878854
15,23,Brentford,Leicester,2025,5,29,0.45701158250857465,0.21804226059517282
15,23,West Ham,Leicester,2025,5,29,2.1545118052258942,0.39880099930878943
15,23,United,Leicester,2025,5,29,1.13954073373926,0.8801552391750608
15,23,Newcastle,Leicester,2025,5,29,2.1854952188886276,0.6163397528360836
15,23,City,Leicester,2025,5,29,1.073290944337919,0.18601635272411854
15,23,Wolverhampton,Leicester,2025,5,29,0.9341290940157544,-0.13326842140041043
15,23,Norwich,Leicester,2025,5,29,1.1461343220321352,0.3136786147696441
15,23,Leeds,Leicester,2025,5,29,1.892288294177703,0.442104546209665
15,23,Liverpool,Leicester,2025,5,29,1.1545024116576135,-0.23148259594701082
15,23,Southampton,Leicester,2025,5,29,1.3808227589087116,0.42974753077562217
15,23,Aston,Leicester,2025,5,29,1.0019407035000052,0.7665493721603066
15,23,Islington,Leicester,2025,5,29,1.142449004584389,0.25970867117910434
15,23,Chelsea,Leicester,2025,5,29,0.8440172367094211,1.0441698993388981
15,23,Tottenham,Leicester,2025,5,29,0.43507992059157635,0.4126550227060825
15,23,Palace,Brighton,2025,5,29,0.09245077930716913,0.6914720741238598
15,23,Everton,Brighton,2025,5,29,0.8171188426967712,0.7010733306873469
15,23,Watford,Brighton,2025,5,29,0.2739760629529526,0.9256795165912306
15,23,Burnley,Brighton,2025,5,29,0.6795942533988484,2.0652608716674257
15,23,Brentford,Brighton,2025,5,29,0.7255331049956583,0.7351696595126292
15,23,West Ham,Brighton,2025,5,29,1.266202223456417,1.1497458755194871
15,23,United,Brighton,2025,5,29,0.14172753373336625,1.3323915069186543
15,23,Newcastle,Brighton,2025,5,29,0.28201808714066706,1.4794012260642473
15,23,City,Brighton,2025,5,29,0.8918584877255373,3.5036685100400633
15,23,Wolverhampton,Brighton,2025,5,29,0.23521277581392053,3.63421830098932
15,23,Norwich,Brighton,2025,5,29,0.17614501794635246,2.910830225961676
15,23,Leeds,Brighton,2025,5,29,0.88032565675626,1.1560512428088539
15,23,Liverpool,Brighton,2025,5,29,0.525687443208704,2.865498378319817
15,23,Southampton,Brighton,2025,5,29,0.45427938062218876,1.010874774096742
15,23,Aston,Brighton,2025,5,29,0.13031302442369438,2.523184250397886
15,23,Islington,Brighton,2025,5,29,0.3552542195845027,0.7902601603129054
15,23,Chelsea,Brighton,2025,5,29,0.8430605715517401,1.7776346397241847
15,23,Tottenham,Brighton,2025,5,29,0.07243789325406179,2.4528055088987677
15,23,Everton,Palace,2025,5,29,1.1669673862391992,0.72204181912323
15,23,Watford,Palace,2025,5,29,1.9770437021135945,1.1155079045279872
15,23,Burnley,Palace,2025,5,29,0.7400712648682854,2.5738328431173603
15,23,Brentford,Palace,2025,5,29,1.2929722850765264,0.8290876605536941
15,23,West Ham,Palace,2025,5,29,1.802159609975214,0.5940676427385038
15,23,United,Palace,2025,5,29,1.2047851371671632,1.37773219192606
15,23,Newcastle,Palace,2025,5,29,2.2214644890267174,0.6194095863349984
15,23,City,Palace,2025,5,29,0.5434734807439796,1.973851963992238
15,23,Wolverhampton,Palace,2025,5,29,1.6062617308165286,2.80403569307476
15,23,Norwich,Palace,2025,5,29,2.355300672830924,0.9077124819614603
15,23,Leeds,Palace,2025,5,29,1.186521355494072,1.3816717624376464
15,23,Liverpool,Palace,2025,5,29,1.8899558908807534,1.378017680498708
15,23,Southampton,Palace,2025,5,29,1.3489775913623687,0.42128994598833613
15,23,Aston,Palace,2025,5,29,1.5921370109075113,1.0814662776505635
15,23,Islington,Palace,2025,5,29,1.0552676108794201,0.05553324747599335
15,23,Chelsea,Palace,2025,5,29,1.1597039196764296,1.8145746524615352
15,23,Tottenham,Palace,2025,5,29,0.6452299552325484,2.0430235284169482
15,23,Watford,Everton,2025,5,29,0.30852359762364523,0.22841362805337545
15,23,Burnley,Everton,2025,5,29,0.5180202913935283,0.41796007640799654
15,23,Brentford,Everton,2025,5,29,-0.08519525867909267,0.3824587863036515
15,23,West Ham,Everton,2025,5,29,0.670881191711087,0.4727703949461856
15,23,United,Everton,2025,5,29,-0.005190494639893723,0.6927388837831064
15,23,Newcastle,Everton,2025,5,29,0.7301605330996982,0.047552443003102365
15,23,City,Everton,2025,5,29,0.5363078941961652,0.39664734713967215
15,23,Wolverhampton,Everton,2025,5,29,0.6333701490116931,0.4767196429003811
15,23,Norwich,Everton,2025,5,29,-0.47978649510477733,0.1862180482956744
15,23,Leeds,Everton,2025,5,29,0.47852078401504605,0.10540441383213288
15,23,Liverpool,Everton,2025,5,29,0.15549129243889706,-0.284133699171658
15,23,Southampton,Everton,2025,5,29,-0.23794584284103648,-0.1755411662708737
15,23,Aston,Everton,2025,5,29,0.25442291877811124,0.39748354702926386
15,23,Islington,Everton,2025,5,29,-0.09356480464630867,0.1001998661817614
15,23,Chelsea,Everton,2025,5,29,0.19613138440650058,1.0242486675098224
15,23,Tottenham,Everton,2025,5,29,-0.3869456246738664,0.262734573544742
15,23,Burnley,Watford,2025,5,29,1.226502362316371,1.892276167152464
15,23,Brentford,Watford,2025,5,29,1.3587994114457946,0.549575182554791
15,23,West Ham,Watford,2025,5,29,1.8495652187446379,0.6268758773595102
15,23,United,Watford,2025,5,29,1.5234311958604025,0.870189241753525
15,23,Newcastle,Watford,2025,5,29,2.2065605704562583,0.6803820648013971
15,23,City,Watford,2025,5,29,1.6038303149358781,1.668493300244276
15,23,Wolverhampton,Watford,2025,5,29,1.9619091463702634,2.6275213439284975
15,23,Norwich,Watford,2025,5,29,2.178085682722847,1.17770643412228
15,23,Leeds,Watford,2025,5,29,1.9995896031871483,0.38311430847417643
15,23,Liverpool,Watford,2025,5,29,1.932074310259842,0.7615099836138098
15,23,Southampton,Watford,2025,5,29,2.1999560162042804,0.30229772717703945
15,23,Aston,Watford,2025,5,29,1.7972403128429426,1.078368295706384
15,23,Islington,Watford,2025,5,29,2.0190104643999605,0.09271342480034078
15,23,Chelsea,Watford,2025,5,29,1.9226833186665742,1.918830365601274
15,23,Tottenham,Watford,2025,5,29,1.7342703599093605,1.7969752881097911
15,23,Brentford,Burnley,2025,5,29,0.9508792375042548,0.933544129484126
15,23,West Ham,Burnley,2025,5,29,1.0982122627916515,1.0863472844313995
15,23,United,Burnley,2025,5,29,0.7421414084040396,1.6216658959178136
15,23,Newcastle,Burnley,2025,5,29,2.042042711042835,1.1362421099503512
15,23,City,Burnley,2025,5,29,-0.06851757257452575,2.513115863918532
15,23,Wolverhampton,Burnley,2025,5,29,0.7282523162350263,3.331672804867021
15,23,Norwich,Burnley,2025,5,29,0.35195579303676466,1.732703814592192
15,23,Leeds,Burnley,2025,5,29,-0.003875522414222457,1.911965682108086
15,23,Liverpool,Burnley,2025,5,29,1.1458850091205623,1.5809792081289809
15,23,Southampton,Burnley,2025,5,29,0.2132339667654384,0.5231920978712978
15,23,Aston,Burnley,2025,5,29,0.7895604652687845,1.2436665470448864
15,23,Islington,Burnley,2025,5,29,0.28315251415448023,0.8111562544404913
15,23,Chelsea,Burnley,2025,5,29,0.7543998461332644,2.4146721863873153
15,23,Tottenham,Burnley,2025,5,29,-0.1934560375895655,2.438587562215748
15,23,West Ham,Brentford,2025,5,29,1.6009462210765237,0.47564254008511336
15,23,United,Brentford,2025,5,29,0.652210642312315,0.9411524621987728
15,23,Newcastle,Brentford,2025,5,29,1.4991944108844149,0.4498451496137625
15,23,City,Brentford,2025,5,29,0.9377314009543433,1.2730031015968566
15,23,Wolverhampton,Brentford,2025,5,29,0.8164014045733227,1.9718009417010451
15,23,Norwich,Brentford,2025,5,29,-0.04095048171657883,0.2866501772288694
15,23,Leeds,Brentford,2025,5,29,1.1465527013553654,0.48910294508501184
15,23,Liverpool,Brentford,2025,5,29,0.9643033205963867,-0.10706416513760096
15,23,Southampton,Brentford,2025,5,29,0.3037044700214143,-0.2827345237622543
15,23,Aston,Brentford,2025,5,29,0.9323724395154044,0.8161233217516445
15,23,Islington,Brentford,2025,5,29,0.2705906545940337,0.19824289573079665
15,23,Chelsea,Brentford,2025,5,29,0.8926075019075952,2.1672081515646235
15,23,Tottenham,Brentford,2025,5,29,-0.08939027724183612,1.5000970645767815
15,23,United,West Ham,2025,5,29,1.4085042292717105,1.4410381033705446
15,23,Newcastle,West Ham,2025,5,29,2.8594674018605626,0.01689219138905348
15,23,City,West Ham,2025,5,29,1.144547473378237,2.6309236809841074
15,23,Wolverhampton,West Ham,2025,5,29,1.0320854556957404,3.8847771511839864
15,23,Norwich,West Ham,2025,5,29,0.6860436945050785,1.6777144346116597
15,23,Leeds,West Ham,2025,5,29,1.5901056606141477,1.2368450030029199
15,23,Liverpool,West Ham,2025,5,29,1.551651317098066,2.292414220682805
15,23,Southampton,West Ham,2025,5,29,0.9969374806683894,0.29853101153259953
15,23,Aston,West Ham,2025,5,29,1.3147411995341978,1.0120845215681182
15,23,Islington,West Ham,2025,5,29,0.6912822246194632,0.7427269932592456
15,23,Chelsea,West Ham,2025,5,29,1.473296140616011,1.7592096028544368
15,23,Tottenham,West Ham,2025,5,29,0.3188958448659801,2.1207865583110825
15,23,Newcastle,United,2025,5,29,1.4057926820867708,0.06262272930037022
15,23,City,United,2025,5,29,0.9021324844163702,0.5426795219181644
15,23,Wolverhampton,United,2025,5,29,1.0603416607178626,0.6624714648873014
15,23,Norwich,United,2025,5,29,1.1578357732661217,0.7366399824391795
15,23,Leeds,United,2025,5,29,1.1512180153871454,0.34859199157180426
15,23,Liverpool,United,2025,5,29,1.3765891207975458,0.5404898249916398
15,23,Southampton,United,2025,5,29,1.4280450177514403,0.4554759754728793
15,23,Aston,United,2025,5,29,1.1074040631627344,0.31328954526756897
15,23,Islington,United,2025,5,29,1.4451051622577558,0.5197553873851448
15,23,Chelsea,United,2025,5,29,1.3453412441075072,1.0742378454435473
15,23,Tottenham,United,2025,5,29,0.7629996243938117,0.05762066844707492
15,23,City,Newcastle,2025,5,29,0.8683839575316248,0.2682910541776222
15,23,Wolverhampton,Newcastle,2025,5,29,-0.010872271236130458,0.5902341243197271
15,23,Norwich,Newcastle,2025,5,29,1.0315416149255354,-0.015343592543564115
15,23,Leeds,Newcastle,2025,5,29,1.1907261269447191,0.3227937865342265
15,23,Liverpool,Newcastle,2025,5,29,1.1074519554624616,-0.3197130379613694
15,23,Southampton,Newcastle,2025,5,29,1.4632915738751433,0.1383059521218507
15,23,Aston,Newcastle,2025,5,29,0.6217164274548362,0.3927585593099254
15,23,Islington,Newcastle,2025,5,29,1.3498527176755901,-0.0026997151335330155
15,23,Chelsea,Newcastle,2025,5,29,1.781394034717831,1.682657997984171
15,23,Tottenham,Newcastle,2025,5,29,0.7710655324947058,0.4466438983506324
15,23,Wolverhampton,City,2025,5,29,0.3589608942892244,1.3804774125477386
15,23,Norwich,City,2025,5,29,0.4325434952648809,1.751591016491266
15,23,Leeds,City,2025,5,29,0.9280702138765845,0.7403481670638463
15,23,Liverpool,City,2025,5,29,0.8558374304234087,1.1654100243771104
15,23,Southampton,City,2025,5,29,1.0498273903008075,0.8619371505861606
15,23,Aston,City,2025,5,29,0.7188915132962536,0.9883457215291641
15,23,Islington,City,2025,5,29,0.6716252636710985,0.4384069165783566
15,23,Chelsea,City,2025,5,29,0.6420853684555771,1.1235125822591183
15,23,Tottenham,City,2025,5,29,0.11851543026192371,0.8544191668926345
15,23,Norwich,Wolverhampton,2025,5,29,0.785090773495948,-0.0662599549967517
15,23,Leeds,Wolverhampton,2025,5,29,1.0649801299418058,0.8465100213862454
15,23,Liverpool,Wolverhampton,2025,5,29,1.6633223087437852,0.2983093998167511
15,23,Southampton,Wolverhampton,2025,5,29,1.1972486404489053,0.6471042243206414
15,23,Aston,Wolverhampton,2025,5,29,1.124734259246195,0.47833460915622267
15,23,Islington,Wolverhampton,2025,5,29,0.8763666678480512,0.17766044249844667
15,23,Chelsea,Wolverhampton,2025,5,29,1.1967200602632158,1.1578591985186966
15,23,Tottenham,Wolverhampton,2025,5,29,-0.09632038656425589,-0.04986018903965491
15,23,Leeds,Norwich,2025,5,29,1.2324660077478988,0.7648924221787115
15,23,Liverpool,Norwich,2025,5,29,0.39431444560418283,-0.3835380474904295
15,23,Southampton,Norwich,2025,5,29,0.850801340223222,1.060868153832273
15,23,Aston,Norwich,2025,5,29,-0.17558252275358738,0.25014290517547805
15,23,Islington,Norwich,2025,5,29,0.4372516473507929,-0.18539938767014086
15,23,Chelsea,Norwich,2025,5,29,0.9698327397976367,0.9917001199443991
15,23,Tottenham,Norwich,2025,5,29,0.07043073793753807,0.004035189687861345
15,23,Liverpool,Leeds,2025,5,29,-0.22316638146846432,3.0191756161893397
15,23,Southampton,Leeds,2025,5,29,-0.1909260546250585,0.929288803265075
15,23,Aston,Leeds,2025,5,29,-0.12207865045294156,0.7575181803856517
15,23,Islington,Leeds,2025,5,29,-0.20408096264649792,-0.11923910091910334
15,23,Chelsea,Leeds,2025,5,29,0.16159759734874662,0.5866876095368777
15,23,Tottenham,Leeds,2025,5,29,-0.2661493598885381,0.7204972983112484
15,23,Southampton,Liverpool,2025,5,29,1.9037984433607138,0.015466196694532315
15,23,Aston,Liverpool,2025,5,29,1.0814723323763171,0.5606922830103677
15,23,Islington,Liverpool,2025,5,29,1.405071549296782,0.9251756878911387
15,23,Chelsea,Liverpool,2025,5,29,1.0215304700050643,1.475675535798433
15,23,Tottenham,Liverpool,2025,5,29,0.30341557083928006,2.9022525533044843
15,23,Aston,Southampton,2025,5,29,0.550104468409862,2.141785323936076
15,23,Islington,Southampton,2025,5,29,0.37196100370931623,0.8033618237817945
15,23,Chelsea,Southampton,2025,5,29,0.19708957302494745,1.3844734932497618
15,23,Tottenham,Southampton,2025,5,29,-0.08501383656261201,2.0389300296307673
15,23,Islington,Aston,2025,5,29,-0.17698516288881666,0.520004908871456
15,23,Chelsea,Aston,2025,5,29,0.4452726166346384,0.9736866288592035
15,23,Tottenham,Aston,2025,5,29,-0.2015594040871458,0.26863583089684145
15,23,Chelsea,Islington,2025,5,29,1.0239789566285418,1.2307014234817928
15,23,Tottenham,Islington,2025,5,29,0.4856342440434999,0.8315581288955199
15,23,Tottenham,Chelsea,2025,5,29,-0.002580666068483453,0.5934515504837995
15,26,Brighton,Leicester,2025,5,29,0.9969730558205894,1.4859300595542895
15,26,Palace,Leicester,2025,5,29,0.8048986117517257,0.7346123409918761
15,26,Everton,Leicester,2025,5,29,0.8776864437645063,0.384847966864941
15,26,Watford,Leicester,2025,5,29,2.230837563141409,0.26867149618440195
15,26,Burnley,Leicester,2025,5,29,1.2882106620182219,0.4570042297610497
15,26,Brentford,Leicester,2025,5,29,0.48749434020731536,0.22682727256716168
15,26,West Ham,Leicester,2025,5,29,2.1505846305808753,0.44109002712348655
15,26,United,Leicester,2025,5,29,1.1583058727861992,0.9438945837230773
15,26,Newcastle,Leicester,2025,5,29,2.204343799237299,0.6946642396976025
15,26,City,Leicester,2025,5,29,1.2041334247913524,0.2592715140614161
15,26,Wolverhampton,Leicester,2025,5,29,0.9412600557126244,-0.11885785820798452
15,26,Norwich,Leicester,2025,5,29,1.1461343220321352,0.37580152808933054
15,26,Leeds,Leicester,2025,5,29,1.869512539184012,0.4846585838712092
15,26,Liverpool,Leicester,2025,5,29,1.1317266566639224,-0.1815775539917953
15,26,Southampton,Leicester,2025,5,29,1.3580470039150205,0.4438827562223886
15,26,Aston,Leicester,2025,5,29,1.050696000539238,0.8121911096989648
15,26,Islington,Leicester,2025,5,29,1.2320706148287353,0.34065566809708914
15,26,Chelsea,Leicester,2025,5,29,0.944953000472294,1.0424038098918311
15,26,Tottenham,Leicester,2025,5,29,0.5357596671778122,0.4230939841819246
15,26,Palace,Brighton,2025,5,29,0.07289478176160877,0.7490506546177025
15,26,Everton,Brighton,2025,5,29,0.7994569350277034,0.7408030898031283
15,26,Watford,Brighton,2025,5,29,0.2763541361678163,0.9316554474896628
15,26,Burnley,Brighton,2025,5,29,0.6606878770432041,2.0601913117736896
15,26,Brentford,Brighton,2025,5,29,0.7214683571730018,0.7465978689512112
15,26,West Ham,Brighton,2025,5,29,1.2116395553759582,1.17704715704323
15,26,United,Brighton,2025,5,29,0.1247438900636895,1.3426484191781163
15,26,Newcastle,Brighton,2025,5,29,0.20382486005798192,1.5363100819621058
15,26,City,Brighton,2025,5,29,0.8594735859317297,3.5427025706184563
15,26,Wolverhampton,Brighton,2025,5,29,0.24951109663930232,3.6312265838226603
15,26,Norwich,Brighton,2025,5,29,0.14893611660703174,2.89472234677581
15,26,Leeds,Brighton,2025,5,29,0.8159979027393942,1.14803306950683
15,26,Liverpool,Brighton,2025,5,29,0.4827285442612732,2.902183436868901
15,26,Southampton,Brighton,2025,5,29,0.4548272304724451,1.0273673557963117
15,26,Aston,Brighton,2025,5,29,0.10026461457983733,2.522254933519725
15,26,Islington,Brighton,2025,5,29,0.3658270059998048,0.8282512861572796
15,26,Chelsea,Brighton,2025,5,29,0.8430605715517401,1.8130869429912833
15,26,Tottenham,Brighton,2025,5,29,0.08264777821461647,2.435291662546311
15,26,Everton,Palace,2025,5,29,1.2042610818032669,0.7567985845484608
15,26,Watford,Palace,2025,5,29,2.006829181070638,1.1247576814344677
15,26,Burnley,Palace,2025,5,29,0.8189892957747157,2.5651595814357604
15,26,Brentford,Palace,2025,5,29,1.3129996800298922,0.8574507344045503
15,26,West Ham,Palace,2025,5,29,1.779582359384381,0.6438853353964507
15,26,United,Palace,2025,5,29,1.2130949134687272,1.3956035939733595
15,26,Newcastle,Palace,2025,5,29,2.2198144427785023,0.640619954812797
15,26,City,Palace,2025,5,29,0.5625291992560976,1.975474582790323
15,26,Wolverhampton,Palace,2025,5,29,1.6037490921069495,2.8099443117384624
15,26,Norwich,Palace,2025,5,29,2.336650596885111,0.9439228817516081
15,26,Leeds,Palace,2025,5,29,1.1418587195424623,1.3793726907062698
15,26,Liverpool,Palace,2025,5,29,1.8671801358870626,1.3757186087673314
15,26,Southampton,Palace,2025,5,29,1.3428651792470618,0.4586342256979612
15,26,Aston,Palace,2025,5,29,1.6222422320009307,1.0868796894597414
15,26,Islington,Palace,2025,5,29,1.0704720480432102,0.09262680251936772
15,26,Chelsea,Palace,2025,5,29,1.1670908985499366,1.8292083982431597
15,26,Tottenham,Palace,2025,5,29,0.6523609169294184,2.06311605642622
15,26,Watford,Everton,2025,5,29,0.33702295375049246,0.22389786535874434
15,26,Burnley,Everton,2025,5,29,0.48061332018494396,0.3862453081027413
15,26,Brentford,Everton,2025,5,29,-0.08066196283840124,0.39504537364158226
15,26,West Ham,Everton,2025,5,29,0.6672197743513398,0.4729779012204791
15,26,United,Everton,2025,5,29,-0.026034060072175444,0.7135812510870291
15,26,Newcastle,Everton,2025,5,29,0.6796298399840414,0.05863264436750049
15,26,City,Everton,2025,5,29,0.5208031505567232,0.4268309228030712
15,26,Wolverhampton,Everton,2025,5,29,0.6178672507485387,0.4795313771104337
15,26,Norwich,Everton,2025,5,29,-0.5069953964440981,0.18863699656633628
15,26,Leeds,Everton,2025,5,29,0.44636344383933996,0.10610162761819943
15,26,Liverpool,Everton,2025,5,29,0.13381627284602673,-0.25949156233421217
15,26,Southampton,Everton,2025,5,29,-0.23292772504969156,-0.2158569449570807
15,26,Aston,Everton,2025,5,29,0.23574119583482755,0.41734512085225517
15,26,Islington,Everton,2025,5,29,-0.05994890756692601,0.11384505977030769
15,26,Chelsea,Everton,2025,5,29,0.19975335609199352,1.0130682655956509
15,26,Tottenham,Everton,2025,5,29,-0.37003559577991607,0.25935266687790604
15,26,Burnley,Watford,2025,5,29,1.256665096183569,1.885228070364943
15,26,Brentford,Watford,2025,5,29,1.3599782260504887,0.5473487387740068
15,26,West Ham,Watford,2025,5,29,1.808139387805133,0.6535854277120103
15,26,United,Watford,2025,5,29,1.5018342554714055,0.8640995495202123
15,26,Newcastle,Watford,2025,5,29,2.1961052077108834,0.6924248386023052
15,26,City,Watford,2025,5,29,1.6996495377462155,1.6778069227574255
15,26,Wolverhampton,Watford,2025,5,29,1.9401178373820764,2.619806541757416
15,26,Norwich,Watford,2025,5,29,2.1594356067770337,1.1555615240312833
15,26,Leeds,Watford,2025,5,29,1.9555117497959797,0.37197875177809353
15,26,Liverpool,Watford,2025,5,29,1.909298555266151,0.7651371271073567
15,26,Southampton,Watford,2025,5,29,2.1938436040889733,0.30990180358623065
15,26,Aston,Watford,2025,5,29,1.7785902368971291,1.058566722112631
15,26,Islington,Watford,2025,5,29,2.108915106104444,0.07743279241867027
15,26,Chelsea,Watford,2025,5,29,2.0236190824294455,1.9526289706225695
15,26,Tottenham,Watford,2025,5,29,1.8081215620529385,1.7710827183443538
15,26,Brentford,Burnley,2025,5,29,0.9468144896815983,0.9382597520964475
15,26,West Ham,Burnley,2025,5,29,1.043649594711193,1.1375063893836495
15,26,United,Burnley,2025,5,29,0.7251577647343629,1.672800352612006
15,26,Newcastle,Burnley,2025,5,29,1.9490084416735687,1.1742753703055409
15,26,City,Burnley,2025,5,29,-0.02039308452762733,2.5255142918480376
15,26,Wolverhampton,Burnley,2025,5,29,0.6854137716685862,3.3252158224806876
15,26,Norwich,Burnley,2025,5,29,0.3370044879271476,1.8030592096003257
15,26,Leeds,Burnley,2025,5,29,-0.08116079906181423,1.947463982996852
15,26,Liverpool,Burnley,2025,5,29,1.1282231014514945,1.570708653238066
15,26,Southampton,Burnley,2025,5,29,0.22603941284539822,0.5678463026178608
15,26,Aston,Burnley,2025,5,29,0.7643821083986696,1.2688945238823752
15,26,Islington,Burnley,2025,5,29,0.41591731079732513,0.8563401531625723
15,26,Chelsea,Burnley,2025,5,29,0.8479486310226304,2.3999219282261173
15,26,Tottenham,Burnley,2025,5,29,-0.08969736773964482,2.4652898471923197
15,26,West Ham,Brentford,2025,5,29,1.565232133344737,0.49142438558965246
15,26,United,Brentford,2025,5,29,0.6395397602386397,0.956647750724623
15,26,Newcastle,Brentford,2025,5,29,1.4156241293748522,0.45828872208736016
15,26,City,Brentford,2025,5,29,0.8996159969050251,1.2779796102344136
15,26,Wolverhampton,Brentford,2025,5,29,0.7967127556250763,1.981358753618798
15,26,Norwich,Brentford,2025,5,29,-0.06815938305589936,0.2664347104671649
15,26,Leeds,Brentford,2025,5,29,1.0982961475249227,0.4749370696299815
15,26,Liverpool,Brentford,2025,5,29,0.9385734508372079,-0.09964998548927465
15,26,Southampton,Brentford,2025,5,29,0.3074072524658425,-0.3099595859201299
15,26,Aston,Brentford,2025,5,29,0.9254853716162204,0.8206262055286391
15,26,Islington,Brentford,2025,5,29,0.31608322154442986,0.1981259160828799
15,26,Chelsea,Brentford,2025,5,29,0.8926075019075952,2.1277189697639085
15,26,Tottenham,Brentford,2025,5,29,-0.07486763068528006,1.5076403824756912
15,26,United,West Ham,2025,5,29,1.412816990867712,1.4505799602429899
15,26,Newcastle,West Ham,2025,5,29,2.8153047515583007,0.033563634343248584
15,26,City,West Ham,2025,5,29,1.2165523989940985,2.655437011702103
15,26,Wolverhampton,West Ham,2025,5,29,1.0158418433698895,3.90817232300695
15,26,Norwich,West Ham,2025,5,29,0.6854056489392606,1.6930968288306762
15,26,Leeds,West Ham,2025,5,29,1.5427615502669594,1.2286276433750623
15,26,Liverpool,West Ham,2025,5,29,1.5383021710249996,2.31560107786468
15,26,Southampton,West Ham,2025,5,29,1.0136008235467733,0.3104908559228586
15,26,Aston,West Ham,2025,5,29,1.3297078282784325,1.0099055411337545
15,26,Islington,West Ham,2025,5,29,0.83036786930093,0.7875377592785203
15,26,Chelsea,West Ham,2025,5,29,1.5668449255053767,1.752002077816071
15,26,Tottenham,West Ham,2025,5,29,0.4243140589859682,2.142398487566138
15,26,Newcastle,United,2025,5,29,1.4105306225065046,0.062038884177601464
15,26,City,United,2025,5,29,0.9709150113294848,0.538383852819768
15,26,Wolverhampton,United,2025,5,29,1.0475160134469257,0.660421667546137
15,26,Norwich,United,2025,5,29,1.1391856973203083,0.6940362467959537
15,26,Leeds,United,2025,5,29,1.1357191210971762,0.3440220445026626
15,26,Liverpool,United,2025,5,29,1.3895053883897965,0.535919877922498
15,26,Southampton,United,2025,5,29,1.4447083606298246,0.41923339724356723
15,26,Aston,United,2025,5,29,1.101074286641291,0.31278466918026604
15,26,Islington,United,2025,5,29,1.5928966409566672,0.5041884970671036
15,26,Chelsea,United,2025,5,29,1.4388900289968733,1.0384674199568413
15,26,Tottenham,United,2025,5,29,0.8500201283588762,0.050437186414296994
15,26,City,Newcastle,2025,5,29,0.9363718984175726,0.26738307853379695
15,26,Wolverhampton,Newcastle,2025,5,29,-0.010094958507046753,0.5791844854681159
15,26,Norwich,Newcastle,2025,5,29,0.9998521439310627,-0.04842809789127134
15,26,Leeds,Newcastle,2025,5,29,1.1263571178893785,0.30853132888110407
15,26,Liverpool,Newcastle,2025,5,29,1.1027063153856445,-0.3060663125813663
15,26,Southampton,Newcastle,2025,5,29,1.466915521704868,0.10964888543720873
15,26,Aston,Newcastle,2025,5,29,0.6452933676239537,0.41240407442261595
15,26,Islington,Newcastle,2025,5,29,1.494297962314688,-0.01285982698046906
15,26,Chelsea,Newcastle,2025,5,29,1.874942819607197,1.6567624791191813
15,26,Tottenham,Newcastle,2025,5,29,0.8879927531503318,0.4346677794773411
15,26,Wolverhampton,City,2025,5,29,0.37059252844299173,1.396901036617666
15,26,Norwich,City,2025,5,29,0.421450086953688,1.7792255676074802
15,26,Leeds,City,2025,5,29,0.9093382655128376,0.8009004534601076
15,26,Liverpool,City,2025,5,29,0.8558374304234087,1.2120609663546194
15,26,Southampton,City,2025,5,29,1.0673390294347869,0.8395730504820695
15,26,Aston,City,2025,5,29,0.7395169560037327,1.0392546199230304
15,26,Islington,City,2025,5,29,0.7180104197187953,0.5074464604132543
15,26,Chelsea,City,2025,5,29,0.6420853684555771,1.1074644553409188
15,26,Tottenham,City,2025,5,29,0.12607209789654414,0.8686597037344187
15,26,Norwich,Wolverhampton,2025,5,29,0.7534013025014747,0.015181812678426828
15,26,Leeds,Wolverhampton,2025,5,29,1.0236074454288595,0.8854046304817069
15,26,Liverpool,Wolverhampton,2025,5,29,1.6633223087437852,0.2942764871936519
15,26,Southampton,Wolverhampton,2025,5,29,1.2042627204886946,0.6930351810462514
15,26,Aston,Wolverhampton,2025,5,29,1.1483111994153128,0.5141035472540577
15,26,Islington,Wolverhampton,2025,5,29,0.92108322627541,0.21218462966779292
15,26,Chelsea,Wolverhampton,2025,5,29,1.1967200602632158,1.1388265321582567
15,26,Tottenham,Wolverhampton,2025,5,29,-0.07294195079799641,-0.037545134265172725
15,26,Leeds,Norwich,2025,5,29,1.1966508248355139,0.7744815624409348
15,26,Liverpool,Norwich,2025,5,29,0.3690174543258197,-0.38810799455957123
15,26,Southampton,Norwich,2025,5,29,0.8398610554846664,1.0281228473440829
15,26,Aston,Norwich,2025,5,29,-0.194264245696871,0.24731087325917653
15,26,Islington,Norwich,2025,5,29,0.4551848795259545,-0.18931013238529423
15,26,Chelsea,Norwich,2025,5,29,0.9698327397976367,0.9388730977382747
15,26,Tottenham,Norwich,2025,5,29,0.07145912464785692,0.005370401810265143
15,26,Liverpool,Leeds,2025,5,29,-0.2484633727468276,3.0552689435671807
15,26,Southampton,Leeds,2025,5,29,-0.19955970302503778,0.9664891786766295
15,26,Aston,Leeds,2025,5,29,-0.15960895374489661,0.7714591215380834
15,26,Islington,Leeds,2025,5,29,-0.2069001080562384,-0.06671670255272658
15,26,Chelsea,Leeds,2025,5,29,0.16159759734874662,0.5968148733546405
15,26,Tottenham,Leeds,2025,5,29,-0.2726776408128398,0.7091658503315205
15,26,Southampton,Liverpool,2025,5,29,1.881022688367023,0.03295856334563764
15,26,Aston,Liverpool,2025,5,29,1.111577553469736,0.57388908498154
15,26,Islington,Liverpool,2025,5,29,1.4946931595411288,0.9979386909919166
15,26,Chelsea,Liverpool,2025,5,29,1.122466233767937,1.5066359986376288
15,26,Tottenham,Liverpool,2025,5,29,0.40409531742551597,2.9131833566196725
15,26,Aston,Southampton,2025,5,29,0.5519694050888567,2.1623423936536876
15,26,Islington,Southampton,2025,5,29,0.42050692897022024,0.850504433793219
15,26,Chelsea,Southampton,2025,5,29,0.19708957302494745,1.4231211015003964
15,26,Tottenham,Southampton,2025,5,29,-0.09154211748691357,2.0455597342318557
15,26,Islington,Aston,2025,5,29,-0.1502002295708422,0.5315969071969446
15,26,Chelsea,Aston,2025,5,29,0.44889458832013135,0.9670528144081086
15,26,Tottenham,Aston,2025,5,29,-0.1895181118474295,0.26145234886406354
15,26,Chelsea,Islington,2025,5,29,1.0461294848311629,1.2303477807978642
15,26,Tottenham,Islington,2025,5,29,0.5367637512240124,0.8484045983148832
15,26,Tottenham,Chelsea,2025,5,29,0.10787814771483302,0.5956421361486
15,29,Brighton,Leicester,2025,5,29,1.023660195117372,1.3393056974324338
15,29,Palace,Leicester,2025,5,29,0.8465110855268917,0.5257046181720602
15,29,Everton,Leicester,2025,5,29,0.904373583061289,0.35109769473064983
15,29,Watford,Leicester,2025,5,29,2.284918435041078,0.1968040762688775
15,29,Burnley,Leicester,2025,5,29,1.2883404155311529,0.2941817657831841
15,29,Brentford,Leicester,2025,5,29,0.5549234145390788,-0.02619163674234684
15,29,West Ham,Leicester,2025,5,29,2.182906609505828,0.2628454244282784
15,29,United,Leicester,2025,5,29,1.2261987652571835,0.8976761315998719
15,29,Newcastle,Leicester,2025,5,29,2.2330471414144872,0.5582017455593228
15,29,City,Leicester,2025,5,29,1.2223541509344606,0.18754298099646394
15,29,Wolverhampton,Leicester,2025,5,29,0.9351196069450786,-0.23292281161078032
15,29,Norwich,Leicester,2025,5,29,1.0994358075072244,0.3471263237455468
15,29,Leeds,Leicester,2025,5,29,1.8880414199864761,0.4032308761676117
15,29,Liverpool,Leicester,2025,5,29,1.1199668856686358,-0.1363026956162772
15,29,Southampton,Leicester,2025,5,29,1.3273583066241543,0.47662960150154776
15,29,Aston,Leicester,2025,5,29,1.088803874568282,0.7363981575082689
15,29,Islington,Leicester,2025,5,29,1.2826139113954738,0.09320010269693234
15,29,Chelsea,Leicester,2025,5,29,0.9347151934282097,0.9415806392104996
15,29,Tottenham,Leicester,2025,5,29,0.5159298857320076,0.27435536062215365
15,29,Palace,Brighton,2025,5,29,0.09223593767862008,0.7530973011739213
15,29,Everton,Brighton,2025,5,29,0.8685440671489487,0.5251739181238378
15,29,Watford,Brighton,2025,5,29,0.31583025167767603,0.9272674083748829
15,29,Burnley,Brighton,2025,5,29,0.6790836859134729,1.4140958388259268
15,29,Brentford,Brighton,2025,5,29,0.8041057322938289,0.7523900788482629
15,29,West Ham,Brighton,2025,5,29,1.3002168021340965,1.186543639225729
15,29,United,Brighton,2025,5,29,0.19934832818839646,1.3488596143594702
15,29,Newcastle,Brighton,2025,5,29,0.30089937989608245,1.439702715559766
15,29,City,Brighton,2025,5,29,0.8742300782526303,2.7262234847438056
15,29,Wolverhampton,Brighton,2025,5,29,0.27969084403132416,2.886504174467466
15,29,Norwich,Brighton,2025,5,29,0.17374823511894244,2.5974267340322252
15,29,Leeds,Brighton,2025,5,29,0.8474962610051612,1.1607254275913814
15,29,Liverpool,Brighton,2025,5,29,0.48061684909208735,2.9014574524226076
15,29,Southampton,Brighton,2025,5,29,0.4750505883822546,1.084461154545551
15,29,Aston,Brighton,2025,5,29,0.2066975234308609,2.3641657292533647
15,29,Islington,Brighton,2025,5,29,0.4514978986615151,0.8950244205973191
15,29,Chelsea,Brighton,2025,5,29,0.9320928901089286,1.1753442739824715
15,29,Tottenham,Brighton,2025,5,29,0.13429185147440345,1.8578849719181296
15,29,Everton,Palace,2025,5,29,1.2271173625575036,0.37334554387033275
15,29,Watford,Palace,2025,5,29,2.3036278550008205,0.9782017605266691
15,29,Burnley,Palace,2025,5,29,1.1484988760548178,1.7359925231044073
15,29,Brentford,Palace,2025,5,29,1.7389855665832592,0.5884890932711248
15,29,West Ham,Palace,2025,5,29,2.0493995293787464,0.5495590632254812
15,29,United,Palace,2025,5,29,1.5456961940473932,1.390685996968501
15,29,Newcastle,Palace,2025,5,29,2.4635141371419187,0.6286104444131266
15,29,City,Palace,2025,5,29,0.6052864976366716,1.3086435412602997
15,29,Wolverhampton,Palace,2025,5,29,1.7950393228492054,2.0884166071515873
15,29,Norwich,Palace,2025,5,29,2.5851373053598583,0.794385829133306
15,29,Leeds,Palace,2025,5,29,1.3290973036239693,1.3576518373114654
15,29,Liverpool,Palace,2025,5,29,2.1480682860449782,1.4169668288848174
15,29,Southampton,Palace,2025,5,29,1.5048175142819926,0.5422594019711884
15,29,Aston,Palace,2025,5,29,1.9160056308722695,1.1163649472752937
15,29,Islington,Palace,2025,5,29,1.2969247716131218,-0.05173565862418873
15,29,Chelsea,Palace,2025,5,29,1.2002914581993651,1.1471475526457473
15,29,Tottenham,Palace,2025,5,29,0.7539343109810486,1.316696289834874
15,29,Watford,Everton,2025,5,29,0.37943437463809926,0.1576001004993744
15,29,Burnley,Everton,2025,5,29,0.5436018199527468,0.2227349434377015
15,29,Brentford,Everton,2025,5,29,0.04043567619469424,0.12536195113853282
15,29,West Ham,Everton,2025,5,29,0.7984569042513734,0.2651290061483053
15,29,United,Everton,2025,5,29,0.08402111436264828,0.6627205481769637
15,29,Newcastle,Everton,2025,5,29,0.7929240020939231,-0.029321715152968192
15,29,City,Everton,2025,5,29,0.5592170571620418,0.34606422866952524
15,29,Wolverhampton,Everton,2025,5,29,0.6500956716119703,0.351965475564224
15,29,Norwich,Everton,2025,5,29,-0.44862088261310057,0.164898459612842
15,29,Leeds,Everton,2025,5,29,0.5025217732501608,0.09893456598872953
15,29,Liverpool,Everton,2025,5,29,0.17588334451785093,-0.16230882107838696
15,29,Southampton,Everton,2025,5,29,-0.1772091640651568,-0.11245849671203663
15,29,Aston,Everton,2025,5,29,0.3667849911239477,0.376460264192234
15,29,Islington,Everton,2025,5,29,0.05098729367533486,-0.14652259350346566
15,29,Chelsea,Everton,2025,5,29,0.3192584267486561,0.9069902889210578
15,29,Tottenham,Everton,2025,5,29,-0.2976955967931164,0.0960740821804555
15,29,Burnley,Watford,2025,5,29,1.6113705765205155,1.0506997687328823
15,29,Brentford,Watford,2025,5,29,1.8145681929657227,0.23271653898421998
15,29,West Ham,Watford,2025,5,29,2.1200999855141363,0.516726225502752
15,29,United,Watford,2025,5,29,1.8593087667101038,0.8561288692648849
15,29,Newcastle,Watford,2025,5,29,2.476213598774716,0.4646861104058705
15,29,City,Watford,2025,5,29,1.7736970697403462,0.853341357681936
15,29,Wolverhampton,Watford,2025,5,29,2.1399484891747083,1.7409505794683833
15,29,Norwich,Watford,2025,5,29,2.447654494897467,0.8046223975444787
15,29,Leeds,Watford,2025,5,29,2.1668938495952834,0.3761749038475928
15,29,Liverpool,Watford,2025,5,29,2.231028861079764,0.8815788681398801
15,29,Southampton,Watford,2025,5,29,2.3722785031979945,0.40494865486859616
15,29,Aston,Watford,2025,5,29,2.0941411673253927,0.909556229586815
15,29,Islington,Watford,2025,5,29,2.3592450440645925,-0.12541268794467844
15,29,Chelsea,Watford,2025,5,29,2.1023258266020988,1.1592492691945324
15,29,Tottenham,Watford,2025,5,29,1.9363313094288264,1.0156489643621345
15,29,Brentford,Burnley,2025,5,29,1.211176124756594,0.6967597899945166
15,29,West Ham,Burnley,2025,5,29,1.226221518953321,0.9650684816083863
15,29,United,Burnley,2025,5,29,0.8952757640421739,1.6629934569115663
15,29,Newcastle,Burnley,2025,5,29,2.0663325976107387,1.0631072598284732
15,29,City,Burnley,2025,5,29,0.03798248654587256,1.8225498930801978
15,29,Wolverhampton,Burnley,2025,5,29,0.7803573943788978,2.611877390484712
15,29,Norwich,Burnley,2025,5,29,0.5301130963671041,1.6148920441900156
15,29,Leeds,Burnley,2025,5,29,0.013190006643908717,1.9335360003300308
15,29,Liverpool,Burnley,2025,5,29,1.297266054731076,1.5444256917969073
15,29,Southampton,Burnley,2025,5,29,0.2818522059942905,0.6072088577947545
15,29,Aston,Burnley,2025,5,29,0.9139205799738744,1.1927566272635906
15,29,Islington,Burnley,2025,5,29,0.5918313616758467,0.7314332616395298
15,29,Chelsea,Burnley,2025,5,29,0.8894926267981532,1.7756383598166512
15,29,Tottenham,Burnley,2025,5,29,0.00260429571533596,1.775823583332336
15,29,West Ham,Brentford,2025,5,29,1.6581315075898753,0.33237185108425604
15,29,United,Brentford,2025,5,29,0.7100183358956484,0.9373305292896432
15,29,Newcastle,Brentford,2025,5,29,1.4787862658101965,0.43468573822391166
15,29,City,Brentford,2025,5,29,0.9506625475416346,0.7922675075238726
15,29,Wolverhampton,Brentford,2025,5,29,0.8406613484836911,1.5082053980340568
15,29,Norwich,Brentford,2025,5,29,-0.04643526511926541,0.1978190095169398
15,29,Leeds,Brentford,2025,5,29,1.1644433211873566,0.5233532487054089
15,29,Liverpool,Brentford,2025,5,29,0.9253862432799504,0.03140270684500941
15,29,Southampton,Brentford,2025,5,29,0.3204611517523351,-0.21676960525257194
15,29,Aston,Brentford,2025,5,29,1.0012049599526522,0.8346614361374491
15,29,Islington,Brentford,2025,5,29,0.41441411135714334,0.08067439411963404
15,29,Chelsea,Brentford,2025,5,29,0.9275715877837443,1.4897824190632643
15,29,Tottenham,Brentford,2025,5,29,-0.011501222053556092,0.9675700244607509
15,29,United,West Ham,2025,5,29,1.4887663329661376,1.4386615028794392
15,29,Newcastle,West Ham,2025,5,29,2.8417277862508388,0.004317913199029382
15,29,City,West Ham,2025,5,29,1.2137001783725971,1.8115577605960513
15,29,Wolverhampton,West Ham,2025,5,29,1.012097011556515,2.995654585618323
15,29,Norwich,West Ham,2025,5,29,0.6724468815455175,1.419474942933067
15,29,Leeds,West Ham,2025,5,29,1.603635998133247,1.2406602144757481
15,29,Liverpool,West Ham,2025,5,29,1.5047813157470176,2.363396281170296
15,29,Southampton,West Ham,2025,5,29,1.0052747696549207,0.43493594266159163
15,29,Aston,West Ham,2025,5,29,1.3874213749602802,0.9190214632426873
15,29,Islington,West Ham,2025,5,29,0.952067001022182,0.7216352306071131
15,29,Chelsea,West Ham,2025,5,29,1.5532692566633381,0.921655377041207
15,29,Tottenham,West Ham,2025,5,29,0.4680746475417179,1.3655703275915916
15,29,Newcastle,United,2025,5,29,1.5561492067114322,0.002022940222420646
15,29,City,United,2025,5,29,1.0271279619170703,0.4802952926263962
15,29,Wolverhampton,United,2025,5,29,1.1387266354950227,0.508380306231295
15,29,Norwich,United,2025,5,29,1.321866487399423,0.657817423455156
15,29,Leeds,United,2025,5,29,1.2402468244018625,0.3313997238663358
15,29,Liverpool,United,2025,5,29,1.5676483995216983,0.5645816746001532
15,29,Southampton,United,2025,5,29,1.5187691850352198,0.44889706017229225
15,29,Aston,United,2025,5,29,1.2905774475836396,0.30255129957625565
15,29,Islington,United,2025,5,29,1.8081528197282808,0.30892075438170724
15,29,Chelsea,United,2025,5,29,1.4737563447543698,0.874547141281191
15,29,Tottenham,United,2025,5,29,0.9597171711167616,-0.09414807183398335
15,29,City,Newcastle,2025,5,29,0.9894743439340896,0.2644113717707393
15,29,Wolverhampton,Newcastle,2025,5,29,0.08918441405167479,0.4979199544561819
15,29,Norwich,Newcastle,2025,5,29,1.1921905449301187,-0.08464692123206938
15,29,Leeds,Newcastle,2025,5,29,1.2405424321140066,0.33998621628335196
15,29,Liverpool,Newcastle,2025,5,29,1.2835801163232712,-0.19790934669577462
15,29,Southampton,Newcastle,2025,5,29,1.5269814360050546,0.20157693480390257
15,29,Aston,Newcastle,2025,5,29,0.834798731956366,0.44646291008085576
15,29,Islington,Newcastle,2025,5,29,1.6869387478796722,-0.11926237461923606
15,29,Chelsea,Newcastle,2025,5,29,1.9419899071836444,1.5635220978481825
15,29,Tottenham,Newcastle,2025,5,29,1.0122695020812607,0.31946156351536376
15,29,Wolverhampton,City,2025,5,29,0.4297736374764193,1.201029346676622
15,29,Norwich,City,2025,5,29,0.47284945775044557,1.6048119741720406
15,29,Leeds,City,2025,5,29,0.9794227720906019,0.7684218721536362
15,29,Liverpool,City,2025,5,29,0.914228038128151,1.3402896328444867
15,29,Southampton,City,2025,5,29,1.10589947814247,0.8802799317714853
15,29,Aston,City,2025,5,29,0.8853089984960765,1.0708918257493312
15,29,Islington,City,2025,5,29,0.8561502758553597,0.4732612990187678
15,29,Chelsea,City,2025,5,29,0.773300431859006,0.9840404980470431
15,29,Tottenham,City,2025,5,29,0.22363805709029486,0.6189903645705918
15,29,Norwich,Wolverhampton,2025,5,29,0.7970011681809854,0.02331341483093254
15,29,Leeds,Wolverhampton,2025,5,29,1.102603939816414,0.8495374544758424
15,29,Liverpool,Wolverhampton,2025,5,29,1.7032157873630691,0.4136877248820976
15,29,Southampton,Wolverhampton,2025,5,29,1.2574815278948885,0.7532903340016814
15,29,Aston,Wolverhampton,2025,5,29,1.2356793206834393,0.5501365686529571
15,29,Islington,Wolverhampton,2025,5,29,1.0800153305644604,0.1732958946838396
15,29,Chelsea,Wolverhampton,2025,5,29,1.2518946964509177,1.0712859675773863
15,29,Tottenham,Wolverhampton,2025,5,29,0.04998992117201389,-0.125142282521373
15,29,Leeds,Norwich,2025,5,29,1.2461088407122551,0.7479218528670384
15,29,Liverpool,Norwich,2025,5,29,0.3710180013667116,-0.26255561419233264
15,29,Southampton,Norwich,2025,5,29,0.8263739116507494,1.0859049077375305
15,29,Aston,Norwich,2025,5,29,-0.09117355576564147,0.26854316497482444
15,29,Islington,Norwich,2025,5,29,0.5423750144343029,-0.33398150879023597
15,29,Chelsea,Norwich,2025,5,29,1.024184199501562,0.8033264200534529
15,29,Tottenham,Norwich,2025,5,29,0.12675496197581795,-0.10017841526234349
15,29,Liverpool,Leeds,2025,5,29,-0.23571499579288077,3.0334011233531903
15,29,Southampton,Leeds,2025,5,29,-0.1665489694598003,1.008652336839526
15,29,Aston,Leeds,2025,5,29,-0.09213563643591671,0.7523181650246348
15,29,Islington,Leeds,2025,5,29,-0.1058761176628916,-0.12303124619272525
15,29,Chelsea,Leeds,2025,5,29,0.21719049145381822,0.5253250430371963
15,29,Tottenham,Leeds,2025,5,29,-0.21631412714357884,0.637487976267961
15,29,Southampton,Liverpool,2025,5,29,1.8531760607273735,0.16599213890119835
15,29,Aston,Liverpool,2025,5,29,1.1814465288505533,0.6397051357975152
15,29,Islington,Liverpool,2025,5,29,1.5790104305071235,1.0647118254319572
15,29,Chelsea,Liverpool,2025,5,29,1.11507049637507,1.189561525796516
15,29,Tottenham,Liverpool,2025,5,29,0.3875720152688265,2.541876377712555
15,29,Aston,Southampton,2025,5,29,0.6373414880237375,2.0112507152177184
15,29,Islington,Southampton,2025,5,29,0.5165871567525029,0.9134407691246123
15,29,Chelsea,Southampton,2025,5,29,0.22562293219193866,1.0512619312225384
15,29,Tottenham,Southampton,2025,5,29,-0.03748035765167988,1.745662732083001
15,29,Islington,Aston,2025,5,29,-0.06117692745013142,0.49406250939076835
15,29,Chelsea,Aston,2025,5,29,0.4840623921568507,0.7924000149482154
15,29,Tottenham,Aston,2025,5,29,-0.15366501860878082,0.108826416669556
15,29,Chelsea,Islington,2025,5,29,1.1032626020291305,0.9011038039100406
15,29,Tottenham,Islington,2025,5,29,0.6171073293116445,0.5566163986435123
15,29,Tottenham,Chelsea,2025,5,29,0.22191863170414644,0.4697121713101411
15,32,Brighton,Leicester,2025,5,29,1.001008090157258,1.5345747464098434
15,32,Palace,Leicester,2025,5,29,0.8083079155033817,0.52133890835608
15,32,Everton,Leicester,2025,5,29,0.887027051256482,0.5580201509671051
15,32,Watford,Leicester,2025,5,29,2.3584242782065936,0.1791230855960588
15,32,Burnley,Leicester,2025,5,29,1.2967223064055926,0.3575039754417893
15,32,Brentford,Leicester,2025,5,29,0.5160561389640086,-0.019446144975339467
15,32,West Ham,Leicester,2025,5,29,2.0880467166392815,0.25409241111924585
15,32,United,Leicester,2025,5,29,1.340846047320333,0.8849530108788978
15,32,Newcastle,Leicester,2025,5,29,2.2897164027852313,0.5832903755435616
15,32,City,Leicester,2025,5,29,1.2969162740072349,0.18085751434001035
15,32,Wolverhampton,Leicester,2025,5,29,1.0103458355694137,-0.24002183340121766
15,32,Norwich,Leicester,2025,5,29,1.0612326374837147,0.3372534452509285
15,32,Leeds,Leicester,2025,5,29,1.889731649601258,0.4145418721639624
15,32,Liverpool,Leicester,2025,5,29,1.1342952670084845,-0.1158139704833412
15,32,Southampton,Leicester,2025,5,29,1.2630719713602347,0.4923768968140267
15,32,Aston,Leicester,2025,5,29,1.2073395950176313,0.7473551897407754
15,32,Islington,Leicester,2025,5,29,1.2615401809274347,0.1046899439697147
15,32,Chelsea,Leicester,2025,5,29,0.8834574737166769,1.1441031096591372
15,32,Tottenham,Leicester,2025,5,29,0.4770626101569378,0.3444891896042695
15,32,Palace,Brighton,2025,5,29,0.1462468525749648,0.8419745652829725
15,32,Everton,Brighton,2025,5,29,0.9023200155621907,0.5435744805900213
15,32,Watford,Brighton,2025,5,29,0.457229865358475,0.9745548547953468
15,32,Burnley,Brighton,2025,5,29,0.7354175082398547,1.4112970531539228
15,32,Brentford,Brighton,2025,5,29,0.8202686297689639,0.8212493968107119
15,32,West Ham,Brighton,2025,5,29,1.2313091002350036,1.2625921382071787
15,32,United,Brighton,2025,5,29,0.33883014497259856,1.4275071824189083
15,32,Newcastle,Brighton,2025,5,29,0.3934366008638463,1.5259935279340973
15,32,City,Brighton,2025,5,29,0.9804962581801347,2.728833658236923
15,32,Wolverhampton,Brighton,2025,5,29,0.400916399705504,2.9228422609697113
15,32,Norwich,Brighton,2025,5,29,0.2138237280047453,2.6955369831659657
15,32,Leeds,Brighton,2025,5,29,0.9014652713365845,1.2507664150390563
15,32,Liverpool,Brighton,2025,5,29,0.5300598120450895,2.925653676167283
15,32,Southampton,Brighton,2025,5,29,0.4947856341312456,1.1471194868962078
15,32,Aston,Brighton,2025,5,29,0.38785067792627503,2.4356628636795525
15,32,Islington,Brighton,2025,5,29,0.5382388703885844,0.9945396753468508
15,32,Chelsea,Brighton,2025,5,29,0.9489159889068692,1.2024404003257991
15,32,Tottenham,Brighton,2025,5,29,0.17371089083044247,1.9097810339067995
15,32,Everton,Palace,2025,5,29,1.2947576504814504,0.3999860501003418
15,32,Watford,Palace,2025,5,29,2.7251273701508443,0.9660844480854194
15,32,Burnley,Palace,2025,5,29,1.5830371592670456,1.7190085838230924
15,32,Brentford,Palace,2025,5,29,2.1749247275190773,0.5980407069983378
15,32,West Ham,Palace,2025,5,29,2.480847352355375,0.5497259081732216
15,32,United,Palace,2025,5,29,2.018513742141427,1.3780754565622102
15,32,Newcastle,Palace,2025,5,29,2.8923859811208574,0.6605163325067903
15,32,City,Palace,2025,5,29,0.63075492355442,1.307625382161536
15,32,Wolverhampton,Palace,2025,5,29,2.2566059322288368,2.0822593660408244
15,32,Norwich,Palace,2025,5,29,3.023338072158651,0.8077331501542645
15,32,Leeds,Palace,2025,5,29,1.4636626242404882,1.3608811264045964
15,32,Liverpool,Palace,2025,5,29,2.6154857770882876,1.4294774764406553
15,32,Southampton,Palace,2025,5,29,1.5186440826572727,0.5574080735298261
15,32,Aston,Palace,2025,5,29,2.4061504759418484,1.1260011983438314
15,32,Islington,Palace,2025,5,29,1.4144158269686538,-0.0462955390221326
15,32,Chelsea,Palace,2025,5,29,1.21120882930355,1.1755503750733476
15,32,Tottenham,Palace,2025,5,29,0.7823016289894086,1.3383537947227095
15,32,Watford,Everton,2025,5,29,0.7466187440903282,0.1565594613815266
15,32,Burnley,Everton,2025,5,29,0.6061463007882233,0.2943927193997977
15,32,Brentford,Everton,2025,5,29,0.07693768821795435,0.1318801097088029
15,32,West Ham,Everton,2025,5,29,0.9077043137677521,0.25614865964253564
15,32,United,Everton,2025,5,29,0.4281465094594553,0.6653226600608609
15,32,Newcastle,Everton,2025,5,29,1.065483979759774,-0.013998036299531476
15,32,City,Everton,2025,5,29,0.824109835415262,0.3576386910234412
15,32,Wolverhampton,Everton,2025,5,29,0.952296593686011,0.3045651945176042
15,32,Norwich,Everton,2025,5,29,-0.37448743188009803,0.15913184428484115
15,32,Leeds,Everton,2025,5,29,0.7444965312997528,0.10255919276337984
15,32,Liverpool,Everton,2025,5,29,0.23843559316114354,-0.0722394936827271
15,32,Southampton,Everton,2025,5,29,-0.112036402919856,-0.031155412388551726
15,32,Aston,Everton,2025,5,29,0.6965847333417279,0.3938880624738394
15,32,Islington,Everton,2025,5,29,0.1927815154947074,-0.1443798565453873
15,32,Chelsea,Everton,2025,5,29,0.3403495853346984,1.110030030608767
15,32,Tottenham,Everton,2025,5,29,-0.22128310138144552,0.17060220365295498
15,32,Burnley,Watford,2025,5,29,2.0355344665076562,0.9860251839308262
15,32,Brentford,Watford,2025,5,29,2.240132960676454,0.2614672362747338
15,32,West Ham,Watford,2025,5,29,2.544649181309569,0.5150405820209225
15,32,United,Watford,2025,5,29,2.3324915915309656,0.8563742707248089
15,32,Newcastle,Watford,2025,5,29,2.8966397475826815,0.49408152549845963
15,32,City,Watford,2025,5,29,1.457013788782848,0.8621647224872344
15,32,Wolverhampton,Watford,2025,5,29,2.581756374974477,1.7015877533278199
15,32,Norwich,Watford,2025,5,29,2.8789566345150646,0.8152365043564814
15,32,Leeds,Watford,2025,5,29,1.9474890447622353,0.3953929450272983
15,32,Liverpool,Watford,2025,5,29,2.6984463521230735,0.9369666268735287
15,32,Southampton,Watford,2025,5,29,2.0378509288774724,0.45297987401312084
15,32,Aston,Watford,2025,5,29,2.573911619169884,0.9301687573533844
15,32,Islington,Watford,2025,5,29,2.0999122612466574,-0.1020538065701115
15,32,Chelsea,Watford,2025,5,29,1.7838958457059901,1.1316728415934456
15,32,Tottenham,Watford,2025,5,29,1.6060700915162982,1.047468119539827
15,32,Brentford,Burnley,2025,5,29,1.6773602935643424,0.7171908879636788
15,32,West Ham,Burnley,2025,5,29,1.6827176089893352,0.9632860456704742
15,32,United,Burnley,2025,5,29,1.4135335558003264,1.6727885243704925
15,32,Newcastle,Burnley,2025,5,29,2.5094489569361658,1.094966444637425
15,32,City,Burnley,2025,5,29,0.04988856486056464,1.8406289132579179
15,32,Wolverhampton,Burnley,2025,5,29,1.2274044002047662,2.6148021480769112
15,32,Norwich,Burnley,2025,5,29,1.0221730682860874,1.6403419285347662
15,32,Leeds,Burnley,2025,5,29,0.17812552211494964,1.9406660771869761
15,32,Liverpool,Burnley,2025,5,29,1.7739409348412436,1.587033934087271
15,32,Southampton,Burnley,2025,5,29,0.36612504870155294,0.6423618931681039
15,32,Aston,Burnley,2025,5,29,1.3968854901126626,1.2199704618199136
15,32,Islington,Burnley,2025,5,29,0.7747546416207514,0.7389823705420684
15,32,Chelsea,Burnley,2025,5,29,0.9150896216572776,1.7977553440346619
15,32,Tottenham,Burnley,2025,5,29,0.08497585611824775,1.804501325686599
15,32,West Ham,Brentford,2025,5,29,1.7819221950071416,0.34122314958146627
15,32,United,Brentford,2025,5,29,1.001465987020129,0.9396728223139559
15,32,Newcastle,Brentford,2025,5,29,1.7399082329479039,0.47543925639888773
15,32,City,Brentford,2025,5,29,1.211016502123056,0.8075659915440005
15,32,Wolverhampton,Brentford,2025,5,29,1.109883032825653,1.4654412995015325
15,32,Norwich,Brentford,2025,5,29,0.03548851969246053,0.22402708863495163
15,32,Leeds,Brentford,2025,5,29,1.3994544965329196,0.5297425247575129
15,32,Liverpool,Brentford,2025,5,29,0.9371774997148048,0.12585654689609488
15,32,Southampton,Brentford,2025,5,29,0.39794407135992504,-0.12318696091175305
15,32,Aston,Brentford,2025,5,29,1.2843016617647032,0.8646779562621538
15,32,Islington,Brentford,2025,5,29,0.5581423318357163,0.09847136351606864
15,32,Chelsea,Brentford,2025,5,29,0.9590743103366248,1.533524856980821
15,32,Tottenham,Brentford,2025,5,29,0.07650094525219614,1.0100193049349733
15,32,United,West Ham,2025,5,29,1.676977282194444,1.4700591562824417
15,32,Newcastle,West Ham,2025,5,29,2.998739764666741,0.07790664562933973
15,32,City,West Ham,2025,5,29,1.3663205986783862,1.8039369736061481
15,32,Wolverhampton,West Ham,2025,5,29,1.1806141354773239,2.9204497305280466
15,32,Norwich,West Ham,2025,5,29,0.6956251141008052,1.4651449241281693
15,32,Leeds,West Ham,2025,5,29,1.7696060122512176,1.2813869675153309
15,32,Liverpool,West Ham,2025,5,29,1.4574283003844604,2.3946528304934596
15,32,Southampton,West Ham,2025,5,29,1.0298696371580764,0.516514419345178
15,32,Aston,West Ham,2025,5,29,1.5635572966582008,0.9623101066379001
15,32,Islington,West Ham,2025,5,29,1.0512740803133631,0.7683178686400862
15,32,Chelsea,West Ham,2025,5,29,1.5221237745267884,0.8837681417606554
15,32,Tottenham,West Ham,2025,5,29,0.49733126259103216,1.3693799968588678
15,32,Newcastle,United,2025,5,29,1.9939223261348697,0.04283973558429526
15,32,City,United,2025,5,29,0.710770782720983,0.42797499001738776
15,32,Wolverhampton,United,2025,5,29,1.6005415449059788,0.4177470513311003
15,32,Norwich,United,2025,5,29,1.7811866000757146,0.6136491596726691
15,32,Leeds,United,2025,5,29,1.0501280129058628,0.2767672734039613
15,32,Liverpool,United,2025,5,29,2.045176914006311,0.5736670665490594
15,32,Southampton,United,2025,5,29,1.210151838007856,0.5101957806810653
15,32,Aston,United,2025,5,29,1.7982035494020407,0.2800364136421722
15,32,Islington,United,2025,5,29,1.5979071773196971,0.26103374757254677
15,32,Chelsea,United,2025,5,29,1.154194366595638,1.1016521753585065
15,32,Tottenham,United,2025,5,29,0.6604382760514156,-0.06285292421505949
15,32,City,Newcastle,2025,5,29,0.6698269926502769,0.2816085765976333
15,32,Wolverhampton,Newcastle,2025,5,29,0.5296296629450317,0.47766304245648633
15,32,Norwich,Newcastle,2025,5,29,1.6340853516181717,-0.05594927095547447
15,32,Leeds,Newcastle,2025,5,29,0.971964297204456,0.3538585754848346
15,32,Liverpool,Newcastle,2025,5,29,1.7360799349713307,-0.09548586521238413
15,32,Southampton,Newcastle,2025,5,29,1.1919218184180629,0.29564613742764756
15,32,Aston,Newcastle,2025,5,29,1.3192938219794343,0.4934655315826746
15,32,Islington,Newcastle,2025,5,29,1.4090101738162315,-0.09950340722913606
15,32,Chelsea,Newcastle,2025,5,29,1.6092925237246647,1.793089515513956
15,32,Tottenham,Newcastle,2025,5,29,0.7056232137991985,0.424041702019333
15,32,Wolverhampton,City,2025,5,29,0.7437895079430674,1.1868873136231837
15,32,Norwich,City,2025,5,29,0.49561459172868283,1.6879631132661665
15,32,Leeds,City,2025,5,29,1.211399347230867,0.8370191039811734
15,32,Liverpool,City,2025,5,29,0.9558630138131051,1.3659895481847975
15,32,Southampton,City,2025,5,29,1.111333102165592,0.9484543392198548
15,32,Aston,City,2025,5,29,1.2096647009506758,1.1648648529193026
15,32,Islington,City,2025,5,29,0.9156743170447776,0.5456417021422797
15,32,Chelsea,City,2025,5,29,0.7917227121248427,1.0487867839097977
15,32,Tottenham,City,2025,5,29,0.24523532128336697,0.6782618360042828
15,32,Norwich,Wolverhampton,2025,5,29,0.8608430970490422,0.07834358018853786
15,32,Leeds,Wolverhampton,2025,5,29,1.3757320004330624,0.8961817507457612
15,32,Liverpool,Wolverhampton,2025,5,29,1.7526464252741036,0.4696872200087145
15,32,Southampton,Wolverhampton,2025,5,29,1.3261370735007725,0.857007604617447
15,32,Aston,Wolverhampton,2025,5,29,1.55962270255049,0.6150519433227591
15,32,Islington,Wolverhampton,2025,5,29,1.218522878843887,0.2239280783356093
15,32,Chelsea,Wolverhampton,2025,5,29,1.285618558380901,1.2811225748626212
15,32,Tottenham,Wolverhampton,2025,5,29,0.12683291304182165,-0.04767174547843168
15,32,Leeds,Norwich,2025,5,29,1.260762515035127,0.763419709359773
15,32,Liverpool,Norwich,2025,5,29,0.40071162221638795,-0.24018741656801898
15,32,Southampton,Norwich,2025,5,29,0.8066819515271179,1.104409759321372
15,32,Aston,Norwich,2025,5,29,0.062054764523234024,0.30230402988564786
15,32,Islington,Norwich,2025,5,29,0.5812253771149162,-0.3141158209643218
15,32,Chelsea,Norwich,2025,5,29,1.023709961398934,1.013628619796958
15,32,Tottenham,Norwich,2025,5,29,0.13933075604835699,-0.003053893105527046
15,32,Liverpool,Leeds,2025,5,29,-0.19008166250198355,3.1041659056068682
15,32,Southampton,Leeds,2025,5,29,-0.1333502391511163,1.0772605683965883
15,32,Aston,Leeds,2025,5,29,0.07334203179878757,0.7695168712345457
15,32,Islington,Leeds,2025,5,29,-0.011703814310490767,-0.07552046328839802
15,32,Chelsea,Leeds,2025,5,29,0.221362734687465,0.6689147689463992
15,32,Tottenham,Leeds,2025,5,29,-0.17033003040904182,0.6851872088342228
15,32,Southampton,Liverpool,2025,5,29,1.8357353187615943,0.26369291391025024
15,32,Aston,Liverpool,2025,5,29,1.453532564152811,0.7224883118094966
15,32,Islington,Liverpool,2025,5,29,1.6046362467193314,1.139624256264895
15,32,Chelsea,Liverpool,2025,5,29,1.1138372876352982,1.232019781826012
15,32,Tottenham,Liverpool,2025,5,29,0.38520479134686775,2.629720668575887
15,32,Aston,Southampton,2025,5,29,0.9967885445682221,2.074474939141058
15,32,Islington,Southampton,2025,5,29,0.6163328540222517,0.9893005605759908
15,32,Chelsea,Southampton,2025,5,29,0.24714930247991454,1.0941468346405903
15,32,Tottenham,Southampton,2025,5,29,0.0009489720361453098,1.7975778632175516
15,32,Islington,Aston,2025,5,29,0.030044483019795818,0.5394076864741915
15,32,Chelsea,Aston,2025,5,29,0.5086694101809206,1.064805041793354
15,32,Tottenham,Aston,2025,5,29,-0.1051221569089157,0.20159452938109493
15,32,Chelsea,Islington,2025,5,29,0.7773103464406874,0.9159779259381785
15,32,Tottenham,Islington,2025,5,29,0.31668995439119146,0.590256398198382
15,32,Tottenham,Chelsea,2025,5,29,0.3245527081571898,0.4798364544243732
15,35,Brighton,Leicester,2025,5,29,0.947179811754081,1.5666891390142708
15,35,Palace,Leicester,2025,5,29,0.5810430803854365,0.5883772393693194
15,35,Everton,Leicester,2025,5,29,0.7027155070021858,0.5855069349035872
15,35,Watford,Leicester,2025,5,29,2.3729077038211055,0.20557429487090667
15,35,Burnley,Leicester,2025,5,29,1.3146149689512878,0.4591881804874593
15,35,Brentford,Leicester,2025,5,29,0.4530089845754668,0.05960929006713611
15,35,West Ham,Leicester,2025,5,29,1.974392693881805,0.2581060576228706
15,35,United,Leicester,2025,5,29,1.2535098417156882,0.970982317789136
15,35,Newcastle,Leicester,2025,5,29,2.281291248178095,0.631252567372453
15,35,City,Leicester,2025,5,29,1.0927270365588975,0.3118879681595788
15,35,Wolverhampton,Leicester,2025,5,29,0.911355964265802,-0.06654700886004389
15,35,Norwich,Leicester,2025,5,29,0.9981854830951717,0.3523054482105229
15,35,Leeds,Leicester,2025,5,29,1.776077626843782,0.45631769719046067
15,35,Liverpool,Leicester,2025,5,29,1.090159129214604,0.09302439649589385
15,35,Southampton,Leicester,2025,5,29,1.235803041005496,0.5221886705130783
15,35,Aston,Leicester,2025,5,29,1.1083497237140207,0.8002956461494802
15,35,Islington,Leicester,2025,5,29,1.1511578796587951,0.21079245199466953
15,35,Chelsea,Leicester,2025,5,29,0.727913579547603,1.1620881142631736
15,35,Tottenham,Leicester,2025,5,29,0.23513362358512727,0.48777950589129493
15,35,Palace,Brighton,2025,5,29,0.11609405061342971,1.273081399892014
15,35,Everton,Brighton,2025,5,29,0.7814211889339004,0.5589290958903131
15,35,Watford,Brighton,2025,5,29,0.3858736193770355,1.1179324365716863
15,35,Burnley,Brighton,2025,5,29,0.6861437845860205,1.4706050781234894
15,35,Brentford,Brighton,2025,5,29,0.8073214408516622,1.0239238136205449
15,35,West Ham,Brighton,2025,5,29,1.0416648900274486,1.4600882921063543
15,35,United,Brighton,2025,5,29,0.1991008915637398,1.621564695626479
15,35,Newcastle,Brighton,2025,5,29,0.31638702349089826,2.002575924714172
15,35,City,Brighton,2025,5,29,0.8398591149070724,2.757716513708467
15,35,Wolverhampton,Brighton,2025,5,29,0.27024429270575645,2.9542396304199463
15,35,Norwich,Brighton,2025,5,29,0.1833322280055885,3.065416825851813
15,35,Leeds,Brighton,2025,5,29,0.739846407246037,1.6654579355274148
15,35,Liverpool,Brighton,2025,5,29,0.6185465321825174,2.9900972124810266
15,35,Southampton,Brighton,2025,5,29,0.5363960139114803,1.326843386994784
15,35,Aston,Brighton,2025,5,29,0.2658868397323577,2.6593327661781125
15,35,Islington,Brighton,2025,5,29,0.5725493245979011,1.21856856026317
15,35,Chelsea,Brighton,2025,5,29,0.9695065527858365,1.227792107932988
15,35,Tottenham,Brighton,2025,5,29,0.1447652900667543,1.9632276878812456
15,35,Everton,Palace,2025,5,29,1.1829008678459587,0.44408140825303366
15,35,Watford,Palace,2025,5,29,2.6977112020449354,0.9834346197792798
15,35,Burnley,Palace,2025,5,29,1.578831718896775,1.7923201131760036
15,35,Brentford,Palace,2025,5,29,2.108277292012368,0.661871211369108
15,35,West Ham,Palace,2025,5,29,2.3125130072631364,0.5337291809531323
15,35,United,Palace,2025,5,29,1.9014842773161262,1.4312880550298446
15,35,Newcastle,Palace,2025,5,29,2.8514564200218926,0.7217850622045114
15,35,City,Palace,2025,5,29,0.5128177520779372,1.347054598166229
15,35,Wolverhampton,Palace,2025,5,29,2.1349760524349097,2.132340885399266
15,35,Norwich,Palace,2025,5,29,2.9298366014872714,0.814620722887752
15,35,Leeds,Palace,2025,5,29,1.30195045053307,1.3862878560027319
15,35,Liverpool,Palace,2025,5,29,2.5614551868896216,1.5171931204829858
15,35,Southampton,Palace,2025,5,29,1.4324267703606275,0.5942176461186945
15,35,Aston,Palace,2025,5,29,2.2970624690511707,1.152381424543317
15,35,Islington,Palace,2025,5,29,1.3921462654260321,0.049995276299995714
15,35,Chelsea,Palace,2025,5,29,1.1367713410031166,1.2046035490565605
15,35,Tottenham,Palace,2025,5,29,0.6544943719489011,1.3755906851584887
15,35,Watford,Everton,2025,5,29,0.6752624981088888,0.19728492080466942
15,35,Burnley,Everton,2025,5,29,0.5378808277584886,0.46052497956525706
15,35,Brentford,Everton,2025,5,29,-0.09524079294484634,0.24762064965283545
15,35,West Ham,Everton,2025,5,29,0.7024519782907137,0.2763657135677031
15,35,United,Everton,2025,5,29,0.27914895300280695,0.7669557528023584
15,35,Newcastle,Everton,2025,5,29,0.9674385741191306,0.08895901749202262
15,35,City,Everton,2025,5,29,0.669976359440654,0.5412564854759516
15,35,Wolverhampton,Everton,2025,5,29,0.810369572163582,0.4977275071759529
15,35,Norwich,Everton,2025,5,29,-0.5479998625471215,0.21688181170515478
15,35,Leeds,Everton,2025,5,29,0.5672695419397229,0.18017382091642703
15,35,Liverpool,Everton,2025,5,29,0.17193651812372968,0.14961777394658718
15,35,Southampton,Everton,2025,5,29,-0.23166139427691354,-0.0027164540391853747
15,35,Aston,Everton,2025,5,29,0.567594010278886,0.5045461460943063
15,35,Islington,Everton,2025,5,29,0.07982554196550103,0.0038209943500036366
15,35,Chelsea,Everton,2025,5,29,0.20170885696816657,1.172586736700377
15,35,Tottenham,Everton,2025,5,29,-0.3954735835749627,0.3905436276609842
15,35,Burnley,Watford,2025,5,29,2.040318628868809,1.0871708361350343
15,35,Brentford,Watford,2025,5,29,2.1900633895278765,0.325465431859673
15,35,West Ham,Watford,2025,5,29,2.3928927005754623,0.4880019074648816
15,35,United,Watford,2025,5,29,2.218404927559248,0.8952662195753348
15,35,Newcastle,Watford,2025,5,29,2.8667038681069332,0.6427868849610675
15,35,City,Watford,2025,5,29,1.234726634632606,0.8901251722833186
15,35,Wolverhampton,Watford,2025,5,29,2.4599694717884115,1.7264598504360043
15,35,Norwich,Watford,2025,5,29,2.8040371070936105,0.8637523385125697
15,35,Leeds,Watford,2025,5,29,1.7964649569272497,0.4367187735608213
15,35,Liverpool,Watford,2025,5,29,2.6397703011512825,0.9843542741855514
15,35,Southampton,Watford,2025,5,29,1.9702155598307556,0.48963879106978925
15,35,Aston,Watford,2025,5,29,2.4697704920245838,1.0416086888301663
15,35,Islington,Watford,2025,5,29,1.978320283860636,-0.017867571555693115
15,35,Chelsea,Watford,2025,5,29,1.6162590797471532,1.1801520888822885
15,35,Tottenham,Watford,2025,5,29,1.3657856347252417,1.194681312265572
15,35,Brentford,Burnley,2025,5,29,1.5566023301307659,0.6993075359784477
15,35,West Ham,Burnley,2025,5,29,1.506223273061414,0.8970563954238118
15,35,United,Burnley,2025,5,29,1.2670717407594339,1.6689006108866344
15,35,Newcastle,Burnley,2025,5,29,2.419082730664342,1.1463822223389055
15,35,City,Burnley,2025,5,29,-0.20814999931711978,1.879298173733855
15,35,Wolverhampton,Burnley,2025,5,29,1.0760921085540303,2.651835306576308
15,35,Norwich,Burnley,2025,5,29,0.8695044728364572,1.6568082549043552
15,35,Leeds,Burnley,2025,5,29,0.014009070086829655,1.979192700277988
15,35,Liverpool,Burnley,2025,5,29,1.6883047266921947,1.652777881211829
15,35,Southampton,Burnley,2025,5,29,0.26411862439215034,0.6768048139732006
15,35,Aston,Burnley,2025,5,29,1.2563314912302348,1.2564061565858033
15,35,Islington,Burnley,2025,5,29,0.5755185613413546,0.7442708816785368
15,35,Chelsea,Burnley,2025,5,29,0.7122707727649026,1.7432555929631797
15,35,Tottenham,Burnley,2025,5,29,-0.173062708059437,1.8499530791303764
15,35,West Ham,Brentford,2025,5,29,1.5972918898015274,0.32816211123483247
15,35,United,Brentford,2025,5,29,0.8531155751086621,1.0266144155944876
15,35,Newcastle,Brentford,2025,5,29,1.6614426056566132,0.5472960458549823
15,35,City,Brentford,2025,5,29,1.064417653966087,0.8660785952651971
15,35,Wolverhampton,Brentford,2025,5,29,0.9732492209419988,1.5567520030879212
15,35,Norwich,Brentford,2025,5,29,-0.1306294958890389,0.22843426580303142
15,35,Leeds,Brentford,2025,5,29,1.236959758958612,0.5849442317654282
15,35,Liverpool,Brentford,2025,5,29,0.8746190606304015,0.24037102825198461
15,35,Southampton,Brentford,2025,5,29,0.30857431034316,-0.08783207953633479
15,35,Aston,Brentford,2025,5,29,1.147286710147895,0.9212447118436592
15,35,Islington,Brentford,2025,5,29,0.4614726452480337,0.1704823565850243
15,35,Chelsea,Brentford,2025,5,29,0.8422547784983092,1.5490808323750493
15,35,Tottenham,Brentford,2025,5,29,-0.09618398632928012,1.0859588531632274
15,35,United,West Ham,2025,5,29,1.572038225982259,1.6259815585985493
15,35,Newcastle,West Ham,2025,5,29,2.9303178345040606,0.5726227162172565
15,35,City,West Ham,2025,5,29,1.1351406418755434,1.8802796758780145
15,35,Wolverhampton,West Ham,2025,5,29,1.0703264455331367,2.976667398003899
15,35,Norwich,West Ham,2025,5,29,0.5634199554766214,1.8434926246496632
15,35,Leeds,West Ham,2025,5,29,1.6247190464208634,1.7309959077659323
15,35,Liverpool,West Ham,2025,5,29,1.419744805984403,2.4861598667290217
15,35,Southampton,West Ham,2025,5,29,0.9580417054913984,0.7044679053540477
15,35,Aston,West Ham,2025,5,29,1.4704578544026055,1.1768705557021764
15,35,Islington,West Ham,2025,5,29,0.8660714819391276,0.9897293425639496
15,35,Chelsea,West Ham,2025,5,29,1.3397683624598595,0.8522610823132534
15,35,Tottenham,West Ham,2025,5,29,0.25000629505062727,1.4440747699076653
15,35,Newcastle,United,2025,5,29,1.9424834009714824,0.1264948629882225
15,35,City,United,2025,5,29,0.48376010228632926,0.5370595103889277
15,35,Wolverhampton,United,2025,5,29,1.4856847811344653,0.5810538895642117
15,35,Norwich,United,2025,5,29,1.656044990371244,0.6107090523712412
15,35,Leeds,United,2025,5,29,0.9094103234436962,0.31182969385373704
15,35,Liverpool,United,2025,5,29,2.0043955230340504,0.7697824999734989
15,35,Southampton,United,2025,5,29,1.1366693466175313,0.5442958415072319
15,35,Aston,United,2025,5,29,1.6941050783988354,0.32880303754786394
15,35,Islington,United,2025,5,29,1.4318977991424258,0.32675491250054883
15,35,Chelsea,United,2025,5,29,0.9882987399199038,1.1158634286156262
15,35,Tottenham,United,2025,5,29,0.42430343136605325,0.09035856115203048
15,35,City,Newcastle,2025,5,29,0.4268918689743727,0.4431129444684205
15,35,Wolverhampton,Newcastle,2025,5,29,0.3777057198088711,0.6547446386035081
15,35,Norwich,Newcastle,2025,5,29,1.4955232494964026,-0.006329818714339182
15,35,Leeds,Newcastle,2025,5,29,0.8208371440090378,0.41584199679334327
15,35,Liverpool,Newcastle,2025,5,29,1.6503302324590154,0.11564195212255717
15,35,Southampton,Newcastle,2025,5,29,1.1022518639407928,0.3337141788963246
15,35,Aston,Newcastle,2025,5,29,1.16698873911012,0.5701724549933137
15,35,Islington,Newcastle,2025,5,29,1.2086636519996492,0.02858156902128082
15,35,Chelsea,Newcastle,2025,5,29,1.4104376828326075,1.797271125765947
15,35,Tottenham,Newcastle,2025,5,29,0.46169114294937486,0.6009988148043691
15,35,Wolverhampton,City,2025,5,29,0.6324061856537196,1.2702299612123242
15,35,Norwich,City,2025,5,29,0.4968103598862937,2.0864571041914863
15,35,Leeds,City,2025,5,29,1.063530650445721,1.2817817023282507
15,35,Liverpool,City,2025,5,29,1.0505116396292258,1.4924733313134866
15,35,Southampton,City,2025,5,29,1.1828471699676542,1.286323178956685
15,35,Aston,City,2025,5,29,1.1043301938484578,1.553180920996606
15,35,Islington,City,2025,5,29,0.9723001976492125,0.9370922997245978
15,35,Chelsea,City,2025,5,29,0.8346287023989284,1.1171300926011198
15,35,Tottenham,City,2025,5,29,0.24117950353956455,0.824602103194911
15,35,Norwich,Wolverhampton,2025,5,29,0.8613723939574321,0.5050793783648286
15,35,Leeds,Wolverhampton,2025,5,29,1.2496528495999955,1.358719441864389
15,35,Liverpool,Wolverhampton,2025,5,29,1.8452870611897065,0.6853274927821411
15,35,Southampton,Wolverhampton,2025,5,29,1.4001660750771576,1.228819663361816
15,35,Aston,Wolverhampton,2025,5,29,1.463355580825567,0.9877167102439716
15,35,Islington,Wolverhampton,2025,5,29,1.2704280742416794,0.6509274771152731
15,35,Chelsea,Wolverhampton,2025,5,29,1.3329338534478405,1.3220907767848782
15,35,Tottenham,Wolverhampton,2025,5,29,0.12217704272018999,0.15100256915485924
15,35,Leeds,Norwich,2025,5,29,1.0836036260069537,0.8314155833832636
15,35,Liverpool,Norwich,2025,5,29,0.48057718385120785,-0.0316049801716948
15,35,Southampton,Norwich,2025,5,29,0.8508439635840787,1.14697058033988
15,35,Aston,Norwich,2025,5,29,-0.05826648994256594,0.38806022520104644
15,35,Islington,Norwich,2025,5,29,0.6180874636009591,-0.22473374837377855
15,35,Chelsea,Norwich,2025,5,29,1.0468521575546281,1.034627456943708
15,35,Tottenham,Norwich,2025,5,29,0.09823946104268014,0.17722038749160204
15,35,Liverpool,Leeds,2025,5,29,-0.2885298034014593,3.159110655639665
15,35,Southampton,Leeds,2025,5,29,-0.2785876036854333,1.0931056447487368
15,35,Aston,Leeds,2025,5,29,-0.08609183535648193,0.8094366162795836
15,35,Islington,Leeds,2025,5,29,-0.16281989051206508,-0.06398607224873648
15,35,Chelsea,Leeds,2025,5,29,0.05510555425188048,0.5935483498966684
15,35,Tottenham,Leeds,2025,5,29,-0.39173042578727907,0.7076410760612631
15,35,Southampton,Liverpool,2025,5,29,1.7996225382913766,0.6145713297479124
15,35,Aston,Liverpool,2025,5,29,1.3625269956976636,1.1289795421287618
15,35,Islington,Liverpool,2025,5,29,1.5012836247750114,1.4635308690175899
15,35,Chelsea,Liverpool,2025,5,29,0.9382485388690214,1.2292195373076897
15,35,Tottenham,Liverpool,2025,5,29,0.13053677858189772,2.753424312064944
15,35,Aston,Southampton,2025,5,29,0.8549486333490157,2.4566899154331887
15,35,Islington,Southampton,2025,5,29,0.48231257663458255,1.3815249970396573
15,35,Chelsea,Southampton,2025,5,29,0.11053737790439766,1.1177867918378497
15,35,Tottenham,Southampton,2025,5,29,-0.20477511088079284,1.8856862182969105
15,35,Islington,Aston,2025,5,29,-0.09189711365305897,0.7952366473103416
15,35,Chelsea,Aston,2025,5,29,0.38113514025450757,1.1322120352311713
15,35,Tottenham,Aston,2025,5,29,-0.3042651099170196,0.4393513351717429
15,35,Chelsea,Islington,2025,5,29,0.7220376339668586,0.9608263449625539
15,35,Tottenham,Islington,2025,5,29,0.17920808178429204,0.7050995505370005
15,35,Tottenham,Chelsea,2025,5,29,0.09514569739118682,0.7032257614137625
15,38,Brighton,Leicester,2025,5,29,0.8990158108592283,1.5520398721742605
15,38,Palace,Leicester,2025,5,29,0.508952941717367,0.573609767560298
15,38,Everton,Leicester,2025,5,29,0.9052029035705483,0.671849545423811
15,38,Watford,Leicester,2025,5,29,2.4267173681019947,0.27712608755872986
15,38,Burnley,Leicester,2025,5,29,1.2112606351402706,0.5584622764063157
15,38,Brentford,Leicester,2025,5,29,0.4254035815744973,0.05495291159772718
15,38,West Ham,Leicester,2025,5,29,1.9504810335662635,0.26471977667327823
15,38,United,Leicester,2025,5,29,1.2429588029173093,0.9380553583043328
15,38,Newcastle,Leicester,2025,5,29,2.7776720320301127,0.636470095744116
15,38,City,Leicester,2025,5,29,1.0338146334050486,0.3153223701920079
15,38,Wolverhampton,Leicester,2025,5,29,1.334457170332559,0.014901448943516526
15,38,Norwich,Leicester,2025,5,29,1.0180334372426028,0.35365226846729375
15,38,Leeds,Leicester,2025,5,29,1.726780067027023,0.4766628739681841
15,38,Liverpool,Leicester,2025,5,29,1.0515839465823285,0.10180590590643214
15,38,Southampton,Leicester,2025,5,29,1.2196249112867437,0.5142010812076154
15,38,Aston,Leicester,2025,5,29,1.2440362746627036,0.7867955378406738
15,38,Islington,Leicester,2025,5,29,1.202049650961821,0.24560765651737104
15,38,Chelsea,Leicester,2025,5,29,0.5646765679880335,1.249335582561993
15,38,Tottenham,Leicester,2025,5,29,0.1438388470365421,0.511761053627355
15,38,Palace,Brighton,2025,5,29,-0.083806259147811,1.3097725859432567
15,38,Everton,Brighton,2025,5,29,1.0060510000632092,0.5569295821823828
15,38,Watford,Brighton,2025,5,29,0.2202041559977054,1.0982677811932093
15,38,Burnley,Brighton,2025,5,29,0.5150790544087228,1.4606499430999056
15,38,Brentford,Brighton,2025,5,29,0.6660517675317766,1.0135144045624707
15,38,West Ham,Brighton,2025,5,29,0.9379532973690384,1.4693211441054634
15,38,United,Brighton,2025,5,29,-0.0016960168752889661,1.6538581184767216
15,38,Newcastle,Brighton,2025,5,29,0.6503094966222785,2.2045632810118967
15,38,City,Brighton,2025,5,29,0.7146755357099847,2.888836598040378
15,38,Wolverhampton,Brighton,2025,5,29,0.5217256068668218,2.9413449313551627
15,38,Norwich,Brighton,2025,5,29,0.05208597007904698,3.0606709784074777
15,38,Leeds,Brighton,2025,5,29,0.5776419234302247,1.7148240006353157
15,38,Liverpool,Brighton,2025,5,29,0.4660065285207702,3.1167827126849126
15,38,Southampton,Brighton,2025,5,29,0.3309125977740709,1.4665263636661348
15,38,Aston,Brighton,2025,5,29,0.22021915675117026,2.780294268098433
15,38,Islington,Brighton,2025,5,29,0.41101669568529337,1.2455146276059452
15,38,Chelsea,Brighton,2025,5,29,0.7695665601926913,1.2010306104358783
15,38,Tottenham,Brighton,2025,5,29,-0.05813869980002759,1.972962296542908
15,38,Everton,Palace,2025,5,29,0.8039855254188445,0.4583122046352915
15,38,Watford,Palace,2025,5,29,2.5038132282022985,1.001387641476947
15,38,Burnley,Palace,2025,5,29,1.4593476028691774,1.7899588527576287
15,38,Brentford,Palace,2025,5,29,1.9603232983726802,0.6585805232867368
15,38,West Ham,Palace,2025,5,29,2.192453478487955,0.5202884826019268
15,38,United,Palace,2025,5,29,1.7244211006350387,1.4402816260073934
15,38,Newcastle,Palace,2025,5,29,2.7464258675918427,0.6935098608688871
15,38,City,Palace,2025,5,29,0.19106810750491443,1.3054324006395843
15,38,Wolverhampton,Palace,2025,5,29,2.0023342434254334,2.1072962445200565
15,38,Norwich,Palace,2025,5,29,2.776901483400876,0.8264896014068287
15,38,Leeds,Palace,2025,5,29,1.2010070044185723,1.414160427214466
15,38,Liverpool,Palace,2025,5,29,2.387443449854456,1.424565129613761
15,38,Southampton,Palace,2025,5,29,1.2366458749902598,0.6116417310932405
15,38,Aston,Palace,2025,5,29,2.2072588039229806,1.174187600401671
15,38,Islington,Palace,2025,5,29,1.214986206529525,0.06205854747738282
15,38,Chelsea,Palace,2025,5,29,0.7828209369878782,1.1825798128077187
15,38,Tottenham,Palace,2025,5,29,0.3397603708803869,1.377984650692813
15,38,Watford,Everton,2025,5,29,0.5343391582477134,0.2906315568022697
15,38,Burnley,Everton,2025,5,29,0.4109663122265939,0.5689246812741066
15,38,Brentford,Everton,2025,5,29,-0.1891713243906047,0.27098347470724066
15,38,West Ham,Everton,2025,5,29,0.697668434730554,0.3061376277917032
15,38,United,Everton,2025,5,29,0.14905949106750943,0.7854945955056666
15,38,Newcastle,Everton,2025,5,29,1.3476387160647885,0.11610729565450252
15,38,City,Everton,2025,5,29,0.6416036800360496,0.5687040267876
15,38,Wolverhampton,Everton,2025,5,29,1.1205160830996577,0.5772026004609905
15,38,Norwich,Everton,2025,5,29,-0.6635900945593367,0.24642424743928196
15,38,Leeds,Everton,2025,5,29,0.4402782143321358,0.21775254106771552
15,38,Liverpool,Everton,2025,5,29,0.0233120260092264,0.15782064228681114
15,38,Southampton,Everton,2025,5,29,-0.4097756143646179,0.00041071252479498474
15,38,Aston,Everton,2025,5,29,0.5635163916499712,0.5223898252682614
15,38,Islington,Everton,2025,5,29,-0.0663441254260407,0.06362184256543794
15,38,Chelsea,Everton,2025,5,29,0.03531574744944973,1.2750504776836376
15,38,Tottenham,Everton,2025,5,29,-0.5690041529559877,0.42604642270229626
15,38,Burnley,Watford,2025,5,29,1.9361866063643884,1.096940453804446
15,38,Brentford,Watford,2025,5,29,2.0771438925913475,0.3167628848251589
15,38,West Ham,Watford,2025,5,29,2.282578399672957,0.47488196852229797
15,38,United,Watford,2025,5,29,1.9741686158532874,0.898540179507027
15,38,Newcastle,Watford,2025,5,29,2.7691622850770727,0.6777481144476435
15,38,City,Watford,2025,5,29,0.8874264339955837,0.8992575339693318
15,38,Wolverhampton,Watford,2025,5,29,2.3046263396594586,1.7264768558688985
15,38,Norwich,Watford,2025,5,29,2.691258935513172,0.874605702814942
15,38,Leeds,Watford,2025,5,29,1.693128781181468,0.4918405919167766
15,38,Liverpool,Watford,2025,5,29,2.4412815861128982,0.8826675069822884
15,38,Southampton,Watford,2025,5,29,1.7157708869861248,0.48664540649063787
15,38,Aston,Watford,2025,5,29,2.3405351642806065,0.9938354342211989
15,38,Islington,Watford,2025,5,29,1.7922646712698593,0.0001981623071445639
15,38,Chelsea,Watford,2025,5,29,1.2559174327452678,1.1788181721602489
15,38,Tottenham,Watford,2025,5,29,0.9951309041877795,1.2063270079879382
15,38,Brentford,Burnley,2025,5,29,1.402181878492052,0.6852690216979396
15,38,West Ham,Burnley,2025,5,29,1.3732916100104464,0.919543088835967
15,38,United,Burnley,2025,5,29,1.029112964570343,1.7005191748302173
15,38,Newcastle,Burnley,2025,5,29,2.2914131100545356,1.2328393793498726
15,38,City,Burnley,2025,5,29,-0.43614731920485794,1.8567860911759468
15,38,Wolverhampton,Burnley,2025,5,29,0.9013845145763819,2.639971512563761
15,38,Norwich,Burnley,2025,5,29,0.6932474850536806,1.723760998309262
15,38,Leeds,Burnley,2025,5,29,-0.06810507398819443,2.016856651428586
15,38,Liverpool,Burnley,2025,5,29,1.4388391691358142,1.566040671435023
15,38,Southampton,Burnley,2025,5,29,0.008361065777616045,0.8002867384841337
15,38,Aston,Burnley,2025,5,29,1.141459749493644,1.3585365423293503
15,38,Islington,Burnley,2025,5,29,0.37465105756109596,0.763844100318174
15,38,Chelsea,Burnley,2025,5,29,0.4267824729090215,1.7527737113913933
15,38,Tottenham,Burnley,2025,5,29,-0.41729966798629015,1.8435288912516554
15,38,West Ham,Brentford,2025,5,29,1.379067128824104,0.31148668538364954
15,38,United,Brentford,2025,5,29,0.5913539711584896,0.9837624028916272
15,38,Newcastle,Brentford,2025,5,29,1.8840748595300234,0.5257423016755389
15,38,City,Brentford,2025,5,29,0.8110107694860048,0.838354122975977
15,38,Wolverhampton,Brentford,2025,5,29,1.109464643131221,1.5223220906605894
15,38,Norwich,Brentford,2025,5,29,-0.32224974617359026,0.22767879416777334
15,38,Leeds,Brentford,2025,5,29,0.9804553202554188,0.5633211848848363
15,38,Liverpool,Brentford,2025,5,29,0.6732009983456358,0.14882705582739955
15,38,Southampton,Brentford,2025,5,29,0.08622974486190126,-0.09908657998419168
15,38,Aston,Brentford,2025,5,29,1.007985636552634,0.8822814433748919
15,38,Islington,Brentford,2025,5,29,0.27661920051849476,0.15332197896306649
15,38,Chelsea,Brentford,2025,5,29,0.5969902914218653,1.4999877845309082
15,38,Tottenham,Brentford,2025,5,29,-0.32734494668239067,1.066002854894731
15,38,United,West Ham,2025,5,29,1.2195041642265574,1.645942253324646
15,38,Newcastle,West Ham,2025,5,29,3.0901442071193737,0.647590567259291
15,38,City,West Ham,2025,5,29,0.9695570836796689,1.8767560825738658
15,38,Wolverhampton,West Ham,2025,5,29,1.234263315084038,2.9738531998518636
15,38,Norwich,West Ham,2025,5,29,0.35344097466081215,1.8679044848184652
15,38,Leeds,West Ham,2025,5,29,1.3396591737548584,1.7175213809890078
15,38,Liverpool,West Ham,2025,5,29,1.1986997585185761,2.4333788913216527
15,38,Southampton,West Ham,2025,5,29,0.756191120331552,0.7724275490187462
15,38,Aston,West Ham,2025,5,29,1.331617000409096,1.2511247454734875
15,38,Islington,West Ham,2025,5,29,0.7045805957364711,1.0454794252073523
15,38,Chelsea,West Ham,2025,5,29,1.0493697216947222,0.8768354210210154
15,38,Tottenham,West Ham,2025,5,29,0.03387937878978883,1.445791259425226
15,38,Newcastle,United,2025,5,29,1.860724949648329,0.27460177438936445
15,38,City,United,2025,5,29,0.1472807238666276,0.5113664891136134
15,38,Wolverhampton,United,2025,5,29,1.3149691239451875,0.5994360923970277
15,38,Norwich,United,2025,5,29,1.5216853996242607,0.6041771991147044
15,38,Leeds,United,2025,5,29,0.7862363021253693,0.488617150412998
15,38,Liverpool,United,2025,5,29,1.809055310111997,0.700385909336518
15,38,Southampton,United,2025,5,29,0.8426192164068629,0.6654439496291915
15,38,Aston,United,2025,5,29,1.5410616809930668,0.4325933044554208
15,38,Islington,United,2025,5,29,1.2228067481686236,0.44551265447471533
15,38,Chelsea,United,2025,5,29,0.6063756737514734,1.1326140990100657
15,38,Tottenham,United,2025,5,29,0.039739601763032095,0.10788840342830011
15,38,City,Newcastle,2025,5,29,0.12491087197241388,0.4101317195642948
15,38,Wolverhampton,Newcastle,2025,5,29,0.12522245731470136,0.6276957414856892
15,38,Norwich,Newcastle,2025,5,29,1.2001109390042242,0.0009357899252603076
15,38,Leeds,Newcastle,2025,5,29,0.6356124150814306,0.40505690236087943
15,38,Liverpool,Newcastle,2025,5,29,1.339699611978591,0.04079140804479825
15,38,Southampton,Newcastle,2025,5,29,0.7590661667944056,0.3316203603638122
15,38,Aston,Newcastle,2025,5,29,0.9537282934919667,0.5496610846787685
15,38,Islington,Newcastle,2025,5,29,0.9174813145147598,0.018586749096794957
15,38,Chelsea,Newcastle,2025,5,29,1.00920869260207,1.7755722948958699
15,38,Tottenham,Newcastle,2025,5,29,0.14382855203660952,0.5887747450429793
15,38,Wolverhampton,City,2025,5,29,0.8896694368975969,1.2563226541690702
15,38,Norwich,City,2025,5,29,0.37046278859614584,2.0691441305158857
15,38,Leeds,City,2025,5,29,0.9181374276901705,1.4488348080593403
15,38,Liverpool,City,2025,5,29,0.9196030424965891,1.4138041278879543
15,38,Southampton,City,2025,5,29,1.0024799006657399,1.3968239295974962
15,38,Aston,City,2025,5,29,1.055663505990616,1.653712741468997
15,38,Islington,City,2025,5,29,0.8072980225918824,1.0696955429578285
15,38,Chelsea,City,2025,5,29,0.6669347107195575,1.1256152788463818
15,38,Tottenham,City,2025,5,29,0.059255598405121845,0.8349248056601978
15,38,Norwich,Wolverhampton,2025,5,29,0.5657947699064433,0.5171052445135812
15,38,Leeds,Wolverhampton,2025,5,29,0.8812125864887536,1.3408964572490323
15,38,Liverpool,Wolverhampton,2025,5,29,1.4878801666904207,0.5381343085131141
15,38,Southampton,Wolverhampton,2025,5,29,1.1211759220857982,1.2448317154326307
15,38,Aston,Wolverhampton,2025,5,29,1.2238666942422747,0.9833773869051462
15,38,Islington,Wolverhampton,2025,5,29,1.0595754657143093,0.6786853664025441
15,38,Chelsea,Wolverhampton,2025,5,29,0.9805644259003579,1.3239468651173754
15,38,Tottenham,Wolverhampton,2025,5,29,-0.15610592016715832,0.15427112685419236
15,38,Leeds,Norwich,2025,5,29,0.8161345972246885,0.8797251928147523
15,38,Liverpool,Norwich,2025,5,29,0.26107867802807894,-0.06164429918767647
15,38,Southampton,Norwich,2025,5,29,0.5982429425200505,1.1737757851675745
15,38,Aston,Norwich,2025,5,29,-0.1121967564802117,0.40661498319529826
15,38,Islington,Norwich,2025,5,29,0.4354476094524607,-0.21313907124119127
15,38,Chelsea,Norwich,2025,5,29,0.7799536628001013,1.1288729715041053
15,38,Tottenham,Norwich,2025,5,29,-0.13066154831498983,0.20087027682996159
15,38,Liverpool,Leeds,2025,5,29,-0.42664373289362634,3.308246638248704
15,38,Southampton,Leeds,2025,5,29,-0.45656887127367907,1.4786762492803998
15,38,Aston,Leeds,2025,5,29,-0.14325349542374882,1.1887248690473002
15,38,Islington,Leeds,2025,5,29,-0.3142923509786316,0.11588663108110868
15,38,Chelsea,Leeds,2025,5,29,-0.10077699264449994,0.6234506704117806
15,38,Tottenham,Leeds,2025,5,29,-0.5631185126485356,0.7276368060166076
15,38,Southampton,Liverpool,2025,5,29,1.7777967704185555,0.7931949840566835
15,38,Aston,Liverpool,2025,5,29,1.4863460736920013,1.3087313245301717
15,38,Islington,Liverpool,2025,5,29,1.594831984574202,1.6253565037187567
15,38,Chelsea,Liverpool,2025,5,29,0.8821456056591166,1.297267374189432
15,38,Tottenham,Liverpool,2025,5,29,0.14268197589959083,2.7707519043837783
15,38,Aston,Southampton,2025,5,29,0.5997722732179732,2.5894545922011325
15,38,Islington,Southampton,2025,5,29,0.2582573877208934,1.3833014172875624
15,38,Chelsea,Southampton,2025,5,29,-0.18754191099151316,1.1138245282247472
15,38,Tottenham,Southampton,2025,5,29,-0.4565749175634464,1.8698834637250963
15,38,Islington,Aston,2025,5,29,-0.25510983959370365,0.8523817875947699
15,38,Chelsea,Aston,2025,5,29,0.15031339591614137,1.2179134759751062
15,38,Tottenham,Aston,2025,5,29,-0.5108066565387513,0.46734374642729143
15,38,Chelsea,Islington,2025,5,29,0.43729321894096446,1.0272572363847448
15,38,Tottenham,Islington,2025,5,29,-0.0817161789401356,0.7321237285549015
15,38,Tottenham,Chelsea,2025,5,29,-0.33669841733453715,0.7102461642914509
15,41,Brighton,Leicester,2025,5,29,0.9314684524457402,1.7800291258440684
15,41,Palace,Leicester,2025,5,29,0.5081562097472374,0.9305836844735462
15,41,Everton,Leicester,2025,5,29,0.9044061716004185,1.5147243887117285
15,41,Watford,Leicester,2025,5,29,2.4269714090800996,0.42802661216357435
15,41,Burnley,Leicester,2025,5,29,1.210463903170141,1.1377081862137532
15,41,Brentford,Leicester,2025,5,29,0.4246068496043677,0.36662876606392647
15,41,West Ham,Leicester,2025,5,29,1.9555994596296409,0.6402451622404002
15,41,United,Leicester,2025,5,29,1.2421620709471797,1.1163748403225735
15,41,Newcastle,Leicester,2025,5,29,2.7776720320301127,1.2791244170104776
15,41,City,Leicester,2025,5,29,1.0389330594684265,0.9272417429284956
15,41,Wolverhampton,Leicester,2025,5,29,1.3661130799489414,0.637772673020256
15,41,Norwich,Leicester,2025,5,29,1.0172367052724731,0.4895275196781658
15,41,Leeds,Leicester,2025,5,29,1.7318984930904004,0.5528241549347255
15,41,Liverpool,Leicester,2025,5,29,1.0507872146121988,0.9729937668248612
15,41,Southampton,Leicester,2025,5,29,1.2188281793166136,1.0142101524701264
15,41,Aston,Leicester,2025,5,29,1.243239542692574,0.9299826914686062
15,41,Islington,Leicester,2025,5,29,1.2015069599697963,0.8197277637727527
15,41,Chelsea,Leicester,2025,5,29,0.5692523030593859,1.3871588742843959
15,41,Tottenham,Leicester,2025,5,29,0.14816054112978977,0.7786336359697585
15,41,Palace,Brighton,2025,5,29,-0.12263904522774376,1.8282460633102426
15,41,Everton,Brighton,2025,5,29,0.9670314409131617,1.2085419721009127
15,41,Watford,Brighton,2025,5,29,0.16755576289311322,1.197518343972151
15,41,Burnley,Brighton,2025,5,29,0.464030302350652,1.7178933145364759
15,41,Brentford,Brighton,2025,5,29,0.6596600540215942,1.2940218984428988
15,41,West Ham,Brighton,2025,5,29,0.9777231291416182,1.799457348570132
15,41,United,Brighton,2025,5,29,-0.036028720662352604,1.837933944902899
15,41,Newcastle,Brighton,2025,5,29,0.6047443318973212,3.1455670851808017
15,41,City,Brighton,2025,5,29,0.7497585121195801,3.4230866203118535
15,41,Wolverhampton,Brighton,2025,5,29,0.5845538387867839,3.357110321011706
15,41,Norwich,Brighton,2025,5,29,-0.0037873516126442487,3.299889096675986
15,41,Leeds,Brighton,2025,5,29,0.617411755202804,1.7785081491740584
15,41,Liverpool,Brighton,2025,5,29,0.4196446318256829,3.912238167550588
15,41,Southampton,Brighton,2025,5,29,0.26944922184004266,2.0042021915636874
15,41,Aston,Brighton,2025,5,29,0.2009312502111803,2.9762460230038164
15,41,Islington,Brighton,2025,5,29,0.3498073607293698,2.0479484339686924
15,41,Chelsea,Brighton,2025,5,29,0.7636302863926756,1.2510316521904434
15,41,Tottenham,Brighton,2025,5,29,-0.09753742943133963,2.116797290678136
15,41,Everton,Palace,2025,5,29,0.7906207133212299,1.222321734039012
15,41,Watford,Palace,2025,5,29,2.5013194701902366,1.132911522302087
15,41,Burnley,Palace,2025,5,29,1.445982790771563,2.1115937726903513
15,41,Brentford,Palace,2025,5,29,1.9550488522783813,0.9368719758884223
15,41,West Ham,Palace,2025,5,29,2.191304632368478,0.8332726271951563
15,41,United,Palace,2025,5,29,1.7191466545407401,1.647649779810816
15,41,Newcastle,Palace,2025,5,29,2.7377479108572116,1.432648109529162
15,41,City,Palace,2025,5,29,0.18523240602245386,1.7155977696348117
15,41,Wolverhampton,Palace,2025,5,29,1.9958722617635964,2.5340814912073935
15,41,Norwich,Palace,2025,5,29,2.7738135809085818,0.9702670692119134
15,41,Leeds,Palace,2025,5,29,1.2032616689394275,1.4718635082466194
15,41,Liverpool,Palace,2025,5,29,2.378765493119825,2.2373530611738772
15,41,Southampton,Palace,2025,5,29,1.227967918255629,1.2451608395979863
15,41,Aston,Palace,2025,5,29,2.2007968222611436,1.3393575309026502
15,41,Islington,Palace,2025,5,29,1.206562290772999,0.7400533561699396
15,41,Chelsea,Palace,2025,5,29,0.7743970212313522,1.252609894536123
15,41,Tottenham,Palace,2025,5,29,0.33108241414575607,1.5636615422261686
15,41,Watford,Everton,2025,5,29,0.48169076514312104,0.3186097469260584
15,41,Burnley,Everton,2025,5,29,0.3580938964613654,1.0221430906896143
15,41,Brentford,Everton,2025,5,29,-0.1894450639947847,0.511390807290782
15,41,West Ham,Everton,2025,5,29,0.7401527297688039,0.4695029764404297
15,41,United,Everton,2025,5,29,0.11630663421362031,0.8675186661157175
15,41,Newcastle,Everton,2025,5,29,1.3002498876326734,0.6059023509842807
15,41,City,Everton,2025,5,29,0.6830588355552104,1.0571612686984264
15,41,Wolverhampton,Everton,2025,5,29,1.1878824419924476,1.0470224115901652
15,41,Norwich,Everton,2025,5,29,-0.7212870799581861,0.1645872520858658
15,41,Leeds,Everton,2025,5,29,0.489823735854613,0.1659989850140337
15,41,Liverpool,Everton,2025,5,29,-0.02487353439301824,0.944708256159438
15,41,Southampton,Everton,2025,5,29,-0.4730626540058039,0.3059959235732959
15,41,Aston,Everton,2025,5,29,0.5405707692660863,0.569792509989808
15,41,Islington,Everton,2025,5,29,-0.1293771240891218,0.5101774498266434
15,41,Chelsea,Everton,2025,5,29,0.0275558099422763,1.2486837574930705
15,41,Tottenham,Everton,2025,5,29,-0.6020307034777346,0.5371362364532624
15,41,Burnley,Watford,2025,5,29,1.9208619445950357,1.4631858571281755
15,41,Brentford,Watford,2025,5,29,2.0699095968253105,0.6015748309150044
15,41,West Ham,Watford,2025,5,29,2.2794697038817424,0.883887912601609
15,41,United,Watford,2025,5,29,1.9669343200872502,1.156975096483611
15,41,Newcastle,Watford,2025,5,29,2.758524478670704,1.2926993414115895
15,41,City,Watford,2025,5,29,0.88328859868528,1.408710281663802
15,41,Wolverhampton,Watford,2025,5,29,2.3046263396594586,2.2033499448553426
15,41,Norwich,Watford,2025,5,29,2.6862111833491404,1.108462903518756
15,41,Leeds,Watford,2025,5,29,1.69708131187448,0.6298355967284703
15,41,Liverpool,Watford,2025,5,29,2.4306437797065295,1.438165946264239
15,41,Southampton,Watford,2025,5,29,1.7051330805797558,0.7901882227406003
15,41,Aston,Watford,2025,5,29,2.333947385083769,1.2538200325223627
15,41,Islington,Watford,2025,5,29,1.7848109691945377,0.5657541520057034
15,41,Chelsea,Watford,2025,5,29,1.2455336673170037,1.33079228136324
15,41,Tottenham,Watford,2025,5,29,0.9881508136253054,1.5126633725381518
15,41,Brentford,Burnley,2025,5,29,1.394139570585219,0.9173532896793994
15,41,West Ham,Burnley,2025,5,29,1.3693749020784356,1.1751282825050366
15,41,United,Burnley,2025,5,29,1.0084803760540844,1.8138518487098452
15,41,Newcastle,Burnley,2025,5,29,2.2799672915073708,1.75376510214812
15,41,City,Burnley,2025,5,29,-0.46669786508899996,2.155328019828907
15,41,Wolverhampton,Burnley,2025,5,29,0.8887942339669566,2.9625613606093943
15,41,Norwich,Burnley,2025,5,29,0.6821972314770607,1.7934826619911914
15,41,Leeds,Burnley,2025,5,29,-0.0686182712798732,2.055006289242474
15,41,Liverpool,Burnley,2025,5,29,1.410640857271294,2.1747466370973374
15,41,Southampton,Burnley,2025,5,29,-0.003084752769548971,1.2424031821300658
15,41,Aston,Burnley,2025,5,29,1.1173114648386553,1.460328526219693
15,41,Islington,Burnley,2025,5,29,0.35086899938261,1.2594405671488218
15,41,Chelsea,Burnley,2025,5,29,0.41559069533996135,1.7712016428397497
15,41,Tottenham,Burnley,2025,5,29,-0.44133576714288075,2.012758959116308
15,41,West Ham,Brentford,2025,5,29,1.415979296231878,0.491688650002447
15,41,United,Brentford,2025,5,29,0.5378319273944969,1.064106801984871
15,41,Newcastle,Brentford,2025,5,29,1.8311139034674322,1.2025079224718942
15,41,City,Brentford,2025,5,29,0.8212890989416471,1.123095080597507
15,41,Wolverhampton,Brentford,2025,5,29,1.1650374533847145,1.81779004011313
15,41,Norwich,Brentford,2025,5,29,-0.3899166165045776,0.18544541414057644
15,41,Leeds,Brentford,2025,5,29,1.0173674876631924,0.5314024684557316
15,41,Liverpool,Brentford,2025,5,29,0.6034875489656901,0.899231416106929
15,41,Southampton,Brentford,2025,5,29,0.018167309560369146,0.3598773920030485
15,41,Aston,Brentford,2025,5,29,0.9653461773277862,0.9235296179564123
15,41,Islington,Brentford,2025,5,29,0.19622052558564193,0.7554867119741685
15,41,Chelsea,Brentford,2025,5,29,0.5844549582543458,1.4648917270806354
15,41,Tottenham,Brentford,2025,5,29,-0.38139488931780435,1.1948327281270852
15,41,United,West Ham,2025,5,29,1.2038733784606297,1.897666115639327
15,41,Newcastle,West Ham,2025,5,29,3.0610116142479855,1.4120451322348049
15,41,City,West Ham,2025,5,29,0.9494919278789706,2.2995928216754953
15,41,Wolverhampton,West Ham,2025,5,29,1.2270046014520717,3.342885381982236
15,41,Norwich,West Ham,2025,5,29,0.34933158020733956,2.011170691617591
15,41,Leeds,West Ham,2025,5,29,1.3214592021389566,1.7583952799193558
15,41,Liverpool,West Ham,2025,5,29,1.162912968794961,3.1399749527230125
15,41,Southampton,West Ham,2025,5,29,0.7262617954900342,1.2564044705902273
15,41,Aston,West Ham,2025,5,29,1.300210002122141,1.4953944541849324
15,41,Islington,West Ham,2025,5,29,0.6858003403083156,1.704626940941888
15,41,Chelsea,West Ham,2025,5,29,1.0196944378313098,0.8950457365947299
15,41,Tottenham,West Ham,2025,5,29,0.014845082383528637,1.607961910143913
15,41,Newcastle,United,2025,5,29,1.8585089745755348,0.8536048385458705
15,41,City,United,2025,5,29,0.14790700404600368,0.9820463068488416
15,41,Wolverhampton,United,2025,5,29,1.3149691239451875,1.0760323319201635
15,41,Norwich,United,2025,5,29,1.5250594787938037,0.6563801615313196
15,41,Leeds,United,2025,5,29,0.7949529483080614,0.49072760923661274
15,41,Liverpool,United,2025,5,29,1.806839335039203,1.4289112020311854
15,41,Southampton,United,2025,5,29,0.8404032413340687,1.113207455657233
15,41,Aston,United,2025,5,29,1.5410616809930668,0.550318655540506
15,41,Islington,United,2025,5,29,1.2208448140739343,0.9725074593233636
15,41,Chelsea,United,2025,5,29,0.604413739656784,1.1901471830006838
15,41,Tottenham,United,2025,5,29,0.03752362669023794,0.31990719541808976
15,41,City,Newcastle,2025,5,29,0.09293455064493768,1.055137540526917
15,41,Wolverhampton,Newcastle,2025,5,29,0.11263217670527574,1.2972837386154337
15,41,Norwich,Newcastle,2025,5,29,1.18763490998427,0.12005049971830291
15,41,Leeds,Newcastle,2025,5,29,0.6193749032708279,0.47723155003275286
15,41,Liverpool,Newcastle,2025,5,29,1.310075524670737,0.9082828105565584
15,41,Southampton,Newcastle,2025,5,29,0.7352995443686486,0.7958421982348727
15,41,Aston,Newcastle,2025,5,29,0.9266499454840357,0.7344635910880541
15,41,Islington,Newcastle,2025,5,29,0.8952035442458827,0.5878776628934137
15,41,Chelsea,Newcastle,2025,5,29,0.9856961111544181,1.9027406428940654
15,41,Tottenham,Newcastle,2025,5,29,0.11836667743668487,0.8881599104481306
15,41,Wolverhampton,City,2025,5,29,0.9570357957903876,1.6322656956200337
15,41,Norwich,City,2025,5,29,0.33531099229285416,2.158659238925644
15,41,Leeds,City,2025,5,29,0.9520439589797116,1.4608594630446345
15,41,Liverpool,City,2025,5,29,0.8714654006133264,2.2147635916440116
15,41,Southampton,City,2025,5,29,0.9543422587824776,1.963549826734339
15,41,Aston,City,2025,5,29,1.0380789376680741,1.7573360490555734
15,41,Islington,City,2025,5,29,0.7623444850396676,1.7501601472988373
15,41,Chelsea,City,2025,5,29,0.647193498823343,1.1252241356483206
15,41,Tottenham,City,2025,5,29,0.025691536889380417,0.9559422245081206
15,41,Norwich,Wolverhampton,2025,5,29,0.5691688490759862,0.7289274778350281
15,41,Leeds,Wolverhampton,2025,5,29,0.882533441333812,1.486844771751621
15,41,Liverpool,Wolverhampton,2025,5,29,1.4615159069626378,1.2515722262655966
15,41,Southampton,Wolverhampton,2025,5,29,1.1115641556753706,1.7433752954990298
15,41,Aston,Wolverhampton,2025,5,29,1.199718409587286,1.2478471824482849
15,41,Islington,Wolverhampton,2025,5,29,1.0502177402819866,1.2054204660523724
15,41,Chelsea,Wolverhampton,2025,5,29,0.9712067004680355,1.4857633637884873
15,41,Tottenham,Wolverhampton,2025,5,29,-0.16571768657758587,0.49980388617102667
15,41,Leeds,Norwich,2025,5,29,0.8425214077743176,0.9930568083447245
15,41,Liverpool,Norwich,2025,5,29,0.20882527790496708,0.8797252201739418
15,41,Southampton,Norwich,2025,5,29,0.5350945139616812,1.8008430157914748
15,41,Aston,Norwich,2025,5,29,-0.13888045435783491,0.6356128486345325
15,41,Islington,Norwich,2025,5,29,0.3708579696980282,0.4130560388857144
15,41,Chelsea,Norwich,2025,5,29,0.7572308571368029,1.2530243104563603
15,41,Tottenham,Norwich,2025,5,29,-0.17344058274481128,0.5044217956273062
15,41,Liverpool,Leeds,2025,5,29,-0.46470959579013943,4.158302779157451
15,41,Southampton,Leeds,2025,5,29,-0.49463473417019194,1.9503402617124852
15,41,Aston,Leeds,2025,5,29,-0.15607942030190186,1.4781420068242455
15,41,Islington,Leeds,2025,5,29,-0.3521041728970398,0.7863994980144643
15,41,Chelsea,Leeds,2025,5,29,-0.0984172326459416,0.7776526950868531
15,41,Tottenham,Leeds,2025,5,29,-0.5745816022695044,1.050751901598805
15,41,Southampton,Liverpool,2025,5,29,1.7617230223462912,1.43576163764727
15,41,Aston,Liverpool,2025,5,29,1.4724883006925311,1.499275448121227
15,41,Islington,Liverpool,2025,5,29,1.5790122774800426,2.4311339011836104
15,41,Chelsea,Liverpool,2025,5,29,0.8663258985649571,1.423752528637427
15,41,Tottenham,Liverpool,2025,5,29,0.12660822782732647,2.970606773932666
15,41,Aston,Southampton,2025,5,29,0.5989755412478436,2.7350112428679223
15,41,Islington,Southampton,2025,5,29,0.26302783227122867,2.030309615365724
15,41,Chelsea,Southampton,2025,5,29,-0.18277146644117803,1.0555509188896908
15,41,Tottenham,Southampton,2025,5,29,-0.44714148665990056,1.9302770763016233
15,41,Islington,Aston,2025,5,29,-0.32427113720437384,1.5540174925718846
15,41,Chelsea,Aston,2025,5,29,0.14901544007080453,1.2994422918090553
15,41,Tottenham,Aston,2025,5,29,-0.5499615060080875,0.7107716049622437
15,41,Chelsea,Islington,2025,5,29,0.4125860172593598,1.1531493388079332
15,41,Tottenham,Islington,2025,5,29,-0.1047149579301186,0.9778813824697195
15,41,Tottenham,Chelsea,2025,5,29,-0.37050442875260986,0.8957727929570145
15,44,Brighton,Leicester,2025,5,29,0.8763962525545715,1.6991450386010152
15,44,Palace,Leicester,2025,5,29,1.1788249219614113,0.7789264463996443
15,44,Everton,Leicester,2025,5,29,1.5396140844489217,1.3924079207662305
15,44,Watford,Leicester,2025,5,29,3.005415682744709,0.3906876884701495
15,44,Burnley,Leicester,2025,5,29,1.7367739068614134,1.2214049196547743
15,44,Brentford,Leicester,2025,5,29,1.5662882516231664,0.253648614483476
15,44,West Ham,Leicester,2025,5,29,2.2272589542634504,0.510497592111184
15,44,United,Leicester,2025,5,29,1.863966305406392,1.0184284148478229
15,44,Newcastle,Leicester,2025,5,29,2.9254151275264575,1.142859537015896
15,44,City,Leicester,2025,5,29,1.1056718071363523,0.9560845389440452
15,44,Wolverhampton,Leicester,2025,5,29,1.9661847023848074,0.6765934400589427
15,44,Norwich,Leicester,2025,5,29,1.8366467806680895,0.45168992690234844
15,44,Leeds,Leicester,2025,5,29,2.0178015637308486,0.49612317587997473
15,44,Liverpool,Leicester,2025,5,29,1.5831573674611588,0.8159757324746966
15,44,Southampton,Leicester,2025,5,29,1.7507503033192915,0.8916572571431315
15,44,Aston,Leicester,2025,5,29,1.6588579579593248,0.8255667387042352
15,44,Islington,Leicester,2025,5,29,2.165237294168588,0.6968053364831953
15,44,Chelsea,Leicester,2025,5,29,1.2131399700986583,1.350548727631381
15,44,Tottenham,Leicester,2025,5,29,0.7070576553505993,0.8243484721295844
15,44,Palace,Brighton,2025,5,29,-0.10156387194569469,1.5559025488524199
15,44,Everton,Brighton,2025,5,29,1.1096419458247067,1.056344778809206
15,44,Watford,Brighton,2025,5,29,-0.014291303718425854,1.0493417477454978
15,44,Burnley,Brighton,2025,5,29,0.45056232017430287,1.6107413396569947
15,44,Brentford,Brighton,2025,5,29,0.8857355323496474,1.171163166724606
15,44,West Ham,Brighton,2025,5,29,0.8242261928289419,1.5303032119546038
15,44,United,Brighton,2025,5,29,0.15168481786249663,1.6130808937884946
15,44,Newcastle,Brighton,2025,5,29,0.5073077819385453,2.8971851155011423
15,44,City,Brighton,2025,5,29,0.5936668039508779,3.264032782453901
15,44,Wolverhampton,Brighton,2025,5,29,0.6257120070925509,3.192736709395471
15,44,Norwich,Brighton,2025,5,29,0.06195961589483928,3.217544712737256
15,44,Leeds,Brighton,2025,5,29,0.36285851842100786,1.5999231881553497
15,44,Liverpool,Brighton,2025,5,29,0.4118502125798065,3.7412723629860456
15,44,Southampton,Brighton,2025,5,29,0.1953620597195423,1.7546848594419775
15,44,Aston,Brighton,2025,5,29,0.2155609090103538,2.7622897405399107
15,44,Islington,Brighton,2025,5,29,0.4058670110086719,1.785619440192823
15,44,Chelsea,Brighton,2025,5,29,0.842117791732194,1.1926873381574998
15,44,Tottenham,Brighton,2025,5,29,-0.04906167206756186,1.9696234621899338
15,44,Everton,Palace,2025,5,29,0.9065476919424449,1.099390293289607
15,44,Watford,Palace,2025,5,29,2.659779081891934,1.0938962371793663
15,44,Burnley,Palace,2025,5,29,1.8038210994166342,2.0203805632474827
15,44,Brentford,Palace,2025,5,29,2.517557377865121,0.8360811816299781
15,44,West Ham,Palace,2025,5,29,2.418198492414371,0.7054371982409914
15,44,United,Palace,2025,5,29,1.9654526548457727,1.5564365703679466
15,44,Newcastle,Palace,2025,5,29,2.744650586713107,1.2957682567306725
15,44,City,Palace,2025,5,29,0.2158207606908598,1.5915642198582127
15,44,Wolverhampton,Palace,2025,5,29,2.021258789618229,2.410167189800754
15,44,Norwich,Palace,2025,5,29,2.678729038233759,0.9318145036321891
15,44,Leeds,Palace,2025,5,29,1.5494160702727497,1.4166152340965734
15,44,Liverpool,Palace,2025,5,29,2.3045429979593783,2.0811582760410694
15,44,Southampton,Palace,2025,5,29,1.27020361235362,1.1347973015929973
15,44,Aston,Palace,2025,5,29,2.1594255260736834,1.2358785985332057
15,44,Islington,Palace,2025,5,29,1.472238032038233,0.6165159560764749
15,44,Chelsea,Palace,2025,5,29,0.7472648573584235,1.2015190563278997
15,44,Tottenham,Palace,2025,5,29,0.3684879835913333,1.443413888380575
15,44,Watford,Everton,2025,5,29,0.45247614766052924,0.2865204477763767
15,44,Burnley,Everton,2025,5,29,0.5633781116410643,1.0766778680581575
15,44,Brentford,Everton,2025,5,29,0.3128482117974278,0.3637904930613844
15,44,West Ham,Everton,2025,5,29,0.6787591613161047,0.3224164558842917
15,44,United,Everton,2025,5,29,0.36315601731037855,0.7299789749906466
15,44,Newcastle,Everton,2025,5,29,1.2095066033555901,0.4826352537400992
15,44,City,Everton,2025,5,29,0.6074121890533251,1.0758459440564385
15,44,Wolverhampton,Everton,2025,5,29,1.4368763086135272,1.105484621083834
15,44,Norwich,Everton,2025,5,29,-0.4338655870673331,0.10941070888312655
15,44,Leeds,Everton,2025,5,29,0.2881632104818299,0.07371554979174508
15,44,Liverpool,Everton,2025,5,29,0.12882998802322157,0.8235254571010087
15,44,Southampton,Everton,2025,5,29,-0.37794304257196726,0.17899023655727117
15,44,Aston,Everton,2025,5,29,0.6612883096068721,0.4280273720153957
15,44,Islington,Everton,2025,5,29,0.20152975516936084,0.3918072461955656
15,44,Chelsea,Everton,2025,5,29,0.39501646491824377,1.2164930949047656
15,44,Tottenham,Everton,2025,5,29,-0.33613414244507395,0.5545436387488192
15,44,Burnley,Watford,2025,5,29,2.2261813968313837,1.3662899280942613
15,44,Brentford,Watford,2025,5,29,2.537179845923226,0.4643117598940189
15,44,West Ham,Watford,2025,5,29,2.4295561336511082,0.7274154734911438
15,44,United,Watford,2025,5,29,2.1206398762424468,1.0186289718541783
15,44,Newcastle,Watford,2025,5,29,2.7579134999197388,1.1574166881245054
15,44,City,Watford,2025,5,29,0.8853100216720297,1.2365245255507515
15,44,Wolverhampton,Watford,2025,5,29,2.270900535654625,2.0651782595466828
15,44,Norwich,Watford,2025,5,29,2.574260586203637,1.0383174118364358
15,44,Leeds,Watford,2025,5,29,1.9828183269208832,0.5436596721587845
15,44,Liverpool,Watford,2025,5,29,2.356300192471996,1.2793872848021772
15,44,Southampton,Watford,2025,5,29,1.7216850891718671,0.6320682149227337
15,44,Aston,Watford,2025,5,29,2.261110509562384,1.1076433967155728
15,44,Islington,Watford,2025,5,29,1.951719931548274,0.43808671784244585
15,44,Chelsea,Watford,2025,5,29,1.2010306455201434,1.2969941817101545
15,44,Tottenham,Watford,2025,5,29,1.0078584168640674,1.3934265476666348
15,44,Brentford,Burnley,2025,5,29,1.9801388766832924,0.8220766736912498
15,44,West Ham,Burnley,2025,5,29,1.5759415727086583,1.0961216204364799
15,44,United,Burnley,2025,5,29,1.3234918330575511,1.7311760811993626
15,44,Newcastle,Burnley,2025,5,29,2.2453218804544295,1.6652539124486188
15,44,City,Burnley,2025,5,29,-0.42934266955533296,2.0709539194480415
15,44,Wolverhampton,Burnley,2025,5,29,1.034268706900403,2.882795244170847
15,44,Norwich,Burnley,2025,5,29,0.7374775068110007,1.8014819890712737
15,44,Leeds,Burnley,2025,5,29,0.16956419723774538,2.0085658403394917
15,44,Liverpool,Burnley,2025,5,29,1.412934127699565,2.0562690859113633
15,44,Southampton,Burnley,2025,5,29,0.08697050520708843,1.1767403841219946
15,44,Aston,Burnley,2025,5,29,1.2246879372864152,1.3606654392501603
15,44,Islington,Burnley,2025,5,29,0.5967782871830614,1.1808210023070074
15,44,Chelsea,Burnley,2025,5,29,0.4950403452065157,1.747303306595767
15,44,Tottenham,Burnley,2025,5,29,-0.38824300879922036,1.9038751053141074
15,44,West Ham,Brentford,2025,5,29,1.0639924602159885,0.40660466464545714
15,44,United,Brentford,2025,5,29,0.6090053761455809,0.9706392092451358
15,44,Newcastle,Brentford,2025,5,29,1.4563572098552975,1.106845455862424
15,44,City,Brentford,2025,5,29,0.5360827169778805,1.034524381470876
15,44,Wolverhampton,Brentford,2025,5,29,1.1042152433430612,1.7308726467646147
15,44,Norwich,Brentford,2025,5,29,-0.3869284944696378,0.189744292158027
15,44,Leeds,Brentford,2025,5,29,0.599320775602338,0.4776882517138416
15,44,Liverpool,Brentford,2025,5,29,0.43296620851655676,0.780753864920954
15,44,Southampton,Brentford,2025,5,29,-0.059054592074192794,0.2865107620561827
15,44,Aston,Brentford,2025,5,29,0.835129880323793,0.8200506855869677
15,44,Islington,Brentford,2025,5,29,0.23087423930020357,0.6731666980697235
15,44,Chelsea,Brentford,2025,5,29,0.5888222837730797,1.4338421139266841
15,44,Tottenham,Brentford,2025,5,29,-0.3274097642547536,1.079619283931834
15,44,United,West Ham,2025,5,29,1.5953246354531905,1.6522332668335138
15,44,Newcastle,West Ham,2025,5,29,2.913678428182128,1.1390429047707857
15,44,City,West Ham,2025,5,29,0.9124829913871603,2.1066211965488373
15,44,Wolverhampton,West Ham,2025,5,29,1.4909426810673312,3.1695860761187777
15,44,Norwich,West Ham,2025,5,29,0.8296722496317128,1.9026048592841782
15,44,Leeds,West Ham,2025,5,29,1.375545659597845,1.565520748707803
15,44,Liverpool,West Ham,2025,5,29,1.3655662807794537,2.9646834426216446
15,44,Southampton,West Ham,2025,5,29,1.0529233727191958,0.9753919366068997
15,44,Aston,West Ham,2025,5,29,1.6629643769079925,1.2546476431977385
15,44,Islington,West Ham,2025,5,29,1.2133837770811682,1.4379676728567374
15,44,Chelsea,West Ham,2025,5,29,1.3811539961533386,0.8160568053469333
15,44,Tottenham,West Ham,2025,5,29,0.4553895032837054,1.4439111811379173
15,44,Newcastle,United,2025,5,29,1.957432000201368,0.7167249857473811
15,44,City,United,2025,5,29,0.1715301988067384,1.0160286655995365
15,44,Wolverhampton,United,2025,5,29,1.4679522840439656,1.1061269429426928
15,44,Norwich,United,2025,5,29,1.5152420449184105,0.6179275959515956
15,44,Leeds,United,2025,5,29,1.178649715784086,0.4349636505767883
15,44,Liverpool,United,2025,5,29,1.8265086736667027,1.2670489343725044
15,44,Southampton,United,2025,5,29,0.9955656569527224,0.9926537545184676
15,44,Aston,United,2025,5,29,1.5261618770739707,0.44683972317106063
15,44,Islington,United,2025,5,29,1.4624694832210499,0.8489700592298993
15,44,Chelsea,United,2025,5,29,0.5720445845515543,1.1390563447924604
15,44,Tottenham,United,2025,5,29,0.04853158194647989,0.3536684540016651
15,44,City,Newcastle,2025,5,29,0.11510424401914686,1.0672287251922106
15,44,Wolverhampton,Newcastle,2025,5,29,0.03188035163243925,1.3264482050907656
15,44,Norwich,Newcastle,2025,5,29,0.9986898562665013,0.05877661550597854
15,44,Leeds,Newcastle,2025,5,29,0.8215617180145617,0.3995764172875264
15,44,Liverpool,Newcastle,2025,5,29,1.2104972445515056,0.7511578808765522
15,44,Southampton,Newcastle,2025,5,29,0.7865917695353838,0.659064805536579
15,44,Aston,Newcastle,2025,5,29,0.8106625140385763,0.6090934846332078
15,44,Islington,Newcastle,2025,5,29,0.9247977828432415,0.46341011825275047
15,44,Chelsea,Newcastle,2025,5,29,0.9730453447484321,1.850719660138644
15,44,Tottenham,Newcastle,2025,5,29,0.12979261532440842,0.8990998503991066
15,44,Wolverhampton,City,2025,5,29,1.1726727759503779,1.610478469582767
15,44,Norwich,City,2025,5,29,0.6975428336259634,2.1036867516481577
15,44,Leeds,City,2025,5,29,0.8974012805062626,1.4099994925895702
15,44,Liverpool,City,2025,5,29,1.0519027525038698,2.0363814022875704
15,44,Southampton,City,2025,5,29,1.2101512152408425,1.831368386450206
15,44,Aston,City,2025,5,29,1.1450285897528407,1.6473303830510657
15,44,Islington,City,2025,5,29,1.1450851736597816,1.616629559142675
15,44,Chelsea,City,2025,5,29,1.0846497002981093,1.0780058281287006
15,44,Tottenham,City,2025,5,29,0.38606498476825746,0.952718822299357
15,44,Norwich,Wolverhampton,2025,5,29,0.7457046877450905,0.6883978613085958
15,44,Leeds,Wolverhampton,2025,5,29,0.9024781151764852,1.433907750349849
15,44,Liverpool,Wolverhampton,2025,5,29,1.3114407086076827,1.0897099586069157
15,44,Southampton,Wolverhampton,2025,5,29,1.2587611513904424,1.6269460220651994
15,44,Aston,Wolverhampton,2025,5,29,1.1661257635440352,1.1407571417239772
15,44,Islington,Wolverhampton,2025,5,29,1.2795609624283135,1.0782719576040452
15,44,Chelsea,Wolverhampton,2025,5,29,0.9281225974909619,1.4485382443315653
15,44,Tottenham,Wolverhampton,2025,5,29,-0.011377669281177888,0.5595742380873265
15,44,Leeds,Norwich,2025,5,29,0.6975737095124557,0.9412037813188568
15,44,Liverpool,Norwich,2025,5,29,0.43216076063581504,0.7118126217583729
15,44,Southampton,Norwich,2025,5,29,0.7507285665272124,1.6710556828204695
15,44,Aston,Norwich,2025,5,29,0.013414900144425193,0.5296068022861299
15,44,Islington,Norwich,2025,5,29,0.6803523891432856,0.27727106743268654
15,44,Chelsea,Norwich,2025,5,29,1.1234333655288087,1.207494476945685
15,44,Tottenham,Norwich,2025,5,29,0.07096585540665327,0.5616551747032096
15,44,Liverpool,Leeds,2025,5,29,-0.2913125970558393,3.988138674538447
15,44,Southampton,Leeds,2025,5,29,-0.31549778889844715,1.7659261536215098
15,44,Aston,Leeds,2025,5,29,-0.055298803292806585,1.335509961869362
15,44,Islington,Leeds,2025,5,29,-0.0441071290342251,0.6155309999500719
15,44,Chelsea,Leeds,2025,5,29,0.21351352693550907,0.7208822790954634
15,44,Tottenham,Leeds,2025,5,29,-0.27360472766361327,1.0380984906044979
15,44,Southampton,Liverpool,2025,5,29,2.109377657804957,1.3311801797096505
15,44,Aston,Liverpool,2025,5,29,1.7712930684244386,1.402139475130652
15,44,Islington,Liverpool,2025,5,29,2.408439493119885,2.324646831402105
15,44,Chelsea,Liverpool,2025,5,29,1.3570736702520316,1.3931628485885008
15,44,Tottenham,Liverpool,2025,5,29,0.5297216231650486,2.8659633846332655
15,44,Aston,Southampton,2025,5,29,0.7512942218229194,2.5178898550090048
15,44,Islington,Southampton,2025,5,29,0.7131972760242928,1.7621449431603275
15,44,Chelsea,Southampton,2025,5,29,0.28722715519406855,0.9970631458011907
15,44,Tottenham,Southampton,2025,5,29,-0.05877908120647321,1.7986857461338972
15,44,Islington,Aston,2025,5,29,-0.06746598392514846,1.4460843570246136
15,44,Chelsea,Aston,2025,5,29,0.37963196699508595,1.2827183305114302
15,44,Tottenham,Aston,2025,5,29,-0.33281322151764303,0.7740028468433138
15,44,Chelsea,Islington,2025,5,29,0.7555178079939958,1.1092906052605505
15,44,Tottenham,Islington,2025,5,29,0.13756399024750848,0.858331723207884
15,44,Tottenham,Chelsea,2025,5,29,-0.15923634252643015,0.9342301879408276
15,47,Brighton,Leicester,2025,5,29,0.8055220726368645,1.5195475105064564
15,47,Palace,Leicester,2025,5,29,1.1572182131945379,0.5961603263420244
15,47,Everton,Leicester,2025,5,29,1.6002518248230078,1.2274135477880954
15,47,Watford,Leicester,2025,5,29,3.0639990220169184,0.12513142660843835
15,47,Burnley,Leicester,2025,5,29,1.8150378338415722,0.9312211206552089
15,47,Brentford,Leicester,2025,5,29,1.6938196497541587,-0.0006903772612569087
15,47,West Ham,Leicester,2025,5,29,2.175769477486745,0.321246393283377
15,47,United,Leicester,2025,5,29,1.8127727131966347,0.7449994026872485
15,47,Newcastle,Leicester,2025,5,29,2.8739256507497513,1.0871705834279577
15,47,City,Leicester,2025,5,29,1.0397719080259515,0.7589356902111889
15,47,Wolverhampton,Leicester,2025,5,29,1.877684335861028,0.4042182894975036
15,47,Norwich,Leicester,2025,5,29,1.912984586589325,0.49602995182874404
15,47,Leeds,Leicester,2025,5,29,1.9839382735602158,0.34890948022065743
15,47,Liverpool,Leicester,2025,5,29,1.6398145856744446,0.5139961121597683
15,47,Southampton,Leicester,2025,5,29,1.7805105805967771,0.6156069507763516
15,47,Aston,Leicester,2025,5,29,1.587983778041618,0.5801103377916347
15,47,Islington,Leicester,2025,5,29,2.1806414751487884,0.5140466501043278
15,47,Chelsea,Leicester,2025,5,29,1.2697971883119439,1.2607700721717832
15,47,Tottenham,Leicester,2025,5,29,0.7051315342916754,0.5550938047828675
15,47,Palace,Brighton,2025,5,29,-0.1984640423119304,1.3546705705724016
15,47,Everton,Brighton,2025,5,29,1.1404167327007744,0.9476454990283116
15,47,Watford,Brighton,2025,5,29,-0.06454977243704839,0.9147837327362539
15,47,Burnley,Brighton,2025,5,29,0.4905155256943066,1.3354399453843617
15,47,Brentford,Brighton,2025,5,29,0.9272528652797508,0.9851221311022365
15,47,West Ham,Brighton,2025,5,29,0.7920530513088041,1.3403473575433593
15,47,United,Brighton,2025,5,29,0.12009775351579166,1.3925286314668692
15,47,Newcastle,Brighton,2025,5,29,0.4830397550927975,2.82520921027175
15,47,City,Brighton,2025,5,29,0.553045894468604,2.9789534315067203
15,47,Wolverhampton,Brighton,2025,5,29,0.5270703602839477,2.8906229391044134
15,47,Norwich,Brighton,2025,5,29,0.05244364906249738,3.2589230682558323
15,47,Leeds,Brighton,2025,5,29,0.31163661947911636,1.5138948379863242
15,47,Liverpool,Brighton,2025,5,29,0.3888554897036048,3.4076573336540332
15,47,Southampton,Brighton,2025,5,29,0.1438289616194662,1.6408597890933716
15,47,Aston,Brighton,2025,5,29,0.1620184109854527,2.575712524952984
15,47,Islington,Brighton,2025,5,29,0.3366413919736396,1.5650671778711975
15,47,Chelsea,Brighton,2025,5,29,0.8427125406676916,1.0939720316861499
15,47,Tottenham,Brighton,2025,5,29,-0.11732368044209308,1.7870834628477423
15,47,Everton,Palace,2025,5,29,0.9315594040206494,0.8651797632324788
15,47,Watford,Palace,2025,5,29,3.158373102548186,0.839501407453688
15,47,Burnley,Palace,2025,5,29,2.367111897672323,1.6221693635695205
15,47,Brentford,Palace,2025,5,29,3.0808481761208077,0.5058758116132419
15,47,West Ham,Palace,2025,5,29,2.911702472910632,0.47376561145647633
15,47,United,Palace,2025,5,29,2.4222359382014442,1.2960653649605158
15,47,Newcastle,Palace,2025,5,29,3.2226704204798224,1.2256891407887447
15,47,City,Palace,2025,5,29,0.19100279756164265,1.3090863137819346
15,47,Wolverhampton,Palace,2025,5,29,2.4567420327881604,1.983246824816901
15,47,Norwich,Palace,2025,5,29,3.170869101727684,0.976154528558584
15,47,Leeds,Palace,2025,5,29,1.5538746148300178,1.2888711515542768
15,47,Liverpool,Palace,2025,5,29,2.798046978455639,1.6216185464090174
15,47,Southampton,Palace,2025,5,29,1.2485259717663233,0.8926067706972257
15,47,Aston,Palace,2025,5,29,2.6139339634591092,1.0098918107376256
15,47,Islington,Palace,2025,5,29,1.4328678705159796,0.39856513862575205
15,47,Chelsea,Palace,2025,5,29,0.7410401197788741,0.9578961763164349
15,47,Tottenham,Palace,2025,5,29,0.30694932332152686,1.135002414225234
15,47,Watford,Everton,2025,5,29,0.21218090708700416,-0.04792700450362532
15,47,Burnley,Everton,2025,5,29,0.5433174438008382,0.7191203190318239
15,47,Brentford,Everton,2025,5,29,0.3505027830701718,0.0405603108983599
15,47,West Ham,Everton,2025,5,29,0.49243749884485283,0.132083592108221
15,47,United,Everton,2025,5,29,0.1517244317014789,0.4346663291639421
15,47,Newcastle,Everton,2025,5,29,0.9894441303589782,0.44864015432320087
15,47,City,Everton,2025,5,29,0.41264275861993727,0.8791328707668412
15,47,Wolverhampton,Everton,2025,5,29,1.2071571584042566,0.7657357204956273
15,47,Norwich,Everton,2025,5,29,-0.5539375558805304,0.17544458798056162
15,47,Leeds,Everton,2025,5,29,0.05797191651035851,-0.07457981081583553
15,47,Liverpool,Everton,2025,5,29,0.08843044323416288,0.4541720867593117
15,47,Southampton,Everton,2025,5,29,-0.5131913595488578,-0.12373281939170391
15,47,Aston,Everton,2025,5,29,0.47666830818130335,0.18107993527737953
15,47,Islington,Everton,2025,5,29,0.050193310829407575,0.2094843352599585
15,47,Chelsea,Everton,2025,5,29,0.3617968562732809,1.0801426581362659
15,47,Tottenham,Everton,2025,5,29,-0.4474969730435429,0.23871719009319992
15,47,Burnley,Watford,2025,5,29,2.7470106703059827,1.2173436099079944
15,47,Brentford,Watford,2025,5,29,3.058009119397825,0.32619693468296745
15,47,West Ham,Watford,2025,5,29,2.9004596467339896,0.5823709345965082
15,47,United,Watford,2025,5,29,2.5649073234428026,0.7903875953454833
15,47,Newcastle,Watford,2025,5,29,3.1809559727500503,1.0850342988036898
15,47,City,Watford,2025,5,29,0.8378915911294329,1.0845633124697742
15,47,Wolverhampton,Watford,2025,5,29,2.6927340992344133,1.8963197570103678
15,47,Norwich,Watford,2025,5,29,3.023939124916474,1.0803541633839417
15,47,Leeds,Watford,2025,5,29,1.9646764040647715,0.4302051192051763
15,47,Liverpool,Watford,2025,5,29,2.827203705554877,1.078890393336369
15,47,Southampton,Watford,2025,5,29,1.6575459238034822,0.4909777670931746
15,47,Aston,Watford,2025,5,29,2.7019692673576676,0.8890418239743354
15,47,Islington,Watford,2025,5,29,1.8573724090896166,0.2861255047614684
15,47,Chelsea,Watford,2025,5,29,1.152344383159506,1.272563111909547
15,47,Tottenham,Watford,2025,5,29,0.9338039204389441,1.2616905237419351
15,47,Brentford,Burnley,2025,5,29,2.5034025757295226,0.4786622990819733
15,47,West Ham,Burnley,2025,5,29,2.029598923655223,0.8685498618780986
15,47,United,Burnley,2025,5,29,1.7344130742603956,1.4788473491445933
15,47,Newcastle,Burnley,2025,5,29,2.6652384208756335,1.6032172698593523
15,47,City,Burnley,2025,5,29,-0.5024550301963836,1.796518486724427
15,47,Wolverhampton,Burnley,2025,5,29,1.4456624135437741,2.4474754655967708
15,47,Norwich,Burnley,2025,5,29,1.086460010472448,1.85386448735033
15,47,Leeds,Burnley,2025,5,29,0.0726802941390237,1.8840546401475384
15,47,Liverpool,Burnley,2025,5,29,1.8581437106839929,1.5842301144629558
15,47,Southampton,Burnley,2025,5,29,-0.09754528292063591,0.88751201218204
15,47,Aston,Burnley,2025,5,29,1.663554606107417,1.1335595178012456
15,47,Islington,Burnley,2025,5,29,0.3961743716922746,0.9709126582089463
15,47,Chelsea,Burnley,2025,5,29,0.4291079207095608,1.4872385396414185
15,47,Tottenham,Burnley,2025,5,29,-0.5488733105485235,1.582964389342409
15,47,West Ham,Brentford,2025,5,29,0.9149869153253604,0.254095907287982
15,47,United,Brentford,2025,5,29,0.4266442819908383,0.7106983431192592
15,47,Newcastle,Brentford,2025,5,29,1.272006460867416,1.0811573900725868
15,47,City,Brentford,2025,5,29,0.34919336420366764,0.8957363934471927
15,47,Wolverhampton,Brentford,2025,5,29,0.8807717772210718,1.3905189295958968
15,47,Norwich,Brentford,2025,5,29,-0.49467771207064354,0.276023040518745
15,47,Leeds,Brentford,2025,5,29,0.38365079184461426,0.3455649174507812
15,47,Liverpool,Brentford,2025,5,29,0.4214440702385314,0.3997383097513761
15,47,Southampton,Brentford,2025,5,29,-0.18198015783889188,-0.007468046359957476
15,47,Aston,Brentford,2025,5,29,0.6795803703523833,0.5896846460706237
15,47,Islington,Brentford,2025,5,29,0.07590005630326292,0.5343787100460407
15,47,Chelsea,Brentford,2025,5,29,0.6072748890060262,1.2437495857772929
15,47,Tottenham,Brentford,2025,5,29,-0.44905156606478297,0.7852048956134108
15,47,United,West Ham,2025,5,29,1.4624094566256831,1.4402216888859787
15,47,Newcastle,West Ham,2025,5,29,2.82900430908169,1.0780711423018732
15,47,City,West Ham,2025,5,29,0.7835197916263521,1.8909409194410212
15,47,Wolverhampton,West Ham,2025,5,29,1.3189448252637261,2.894752903450642
15,47,Norwich,West Ham,2025,5,29,0.7851089019759078,1.954987357563235
15,47,Leeds,West Ham,2025,5,29,1.2255710186326476,1.4802618225027302
15,47,Liverpool,West Ham,2025,5,29,1.3973689550789203,2.6502533120730014
15,47,Southampton,West Ham,2025,5,29,0.966286735963896,0.8657673848975316
15,47,Aston,West Ham,2025,5,29,1.5588604772549661,1.0722108918597368
15,47,Islington,West Ham,2025,5,29,1.1088187528208377,1.2683764828659103
15,47,Chelsea,West Ham,2025,5,29,1.4627924713314855,0.6783095819323924
15,47,Tottenham,West Ham,2025,5,29,0.3339261456500772,1.262171304557419
15,47,Newcastle,United,2025,5,29,2.4165600402506904,0.6466458698054532
15,47,City,United,2025,5,29,0.10443118055619233,0.7727907297496909
15,47,Wolverhampton,United,2025,5,29,1.883754939505945,0.7454910035609311
15,47,Norwich,United,2025,5,29,1.9833500283244236,0.6622676208779906
15,47,Leeds,United,2025,5,29,1.116006331141559,0.2510403834540924
15,47,Liverpool,United,2025,5,29,2.2777315990416342,0.8768085252372535
15,47,Southampton,United,2025,5,29,0.9033345654655253,0.6942840390422994
15,47,Aston,United,2025,5,29,1.960989726751446,0.16467375079508126
15,47,Islington,United,2025,5,29,1.3525458707988969,0.651821210497043
15,47,Chelsea,United,2025,5,29,0.5200872701505713,0.9610169005125382
15,47,Tottenham,United,2025,5,29,-0.037827952401792694,0.04224208495161355
15,47,City,Newcastle,2025,5,29,0.039363117852967804,0.8031888206244976
15,47,Wolverhampton,Newcastle,2025,5,29,0.4164404317654088,0.9862542484626547
15,47,Norwich,Newcastle,2025,5,29,1.5166147210005296,0.10311664043237388
15,47,Leeds,Newcastle,2025,5,29,0.789507521868562,0.23004331251881982
15,47,Liverpool,Newcastle,2025,5,29,1.708741521577586,0.3822872047267681
15,47,Southampton,Newcastle,2025,5,29,0.7241642589924363,0.3606950900604093
15,47,Aston,Newcastle,2025,5,29,1.2454903637160537,0.33737502948469106
15,47,Islington,Newcastle,2025,5,29,0.8303216550680527,0.25984946315601737
15,47,Chelsea,Newcastle,2025,5,29,0.9842102534780449,1.7139241673302403
15,47,Tottenham,Newcastle,2025,5,29,0.0370113797255894,0.6328600779470996
15,47,Wolverhampton,City,2025,5,29,0.9235675077793036,1.316537208959296
15,47,Norwich,City,2025,5,29,0.640907172155954,2.181264630627283
15,47,Leeds,City,2025,5,29,0.7115834590392802,1.315493264100003
15,47,Liverpool,City,2025,5,29,0.953561158924312,1.7167783170371385
15,47,Southampton,City,2025,5,29,1.1114984225031,1.6224157096071652
15,47,Aston,City,2025,5,29,0.9638172777323457,1.4506388041816887
15,47,Islington,City,2025,5,29,1.0162240238317652,1.4319165957446816
15,47,Chelsea,City,2025,5,29,1.032692385897126,0.9673620524776183
15,47,Tottenham,City,2025,5,29,0.28076791301412235,0.7167020090053697
15,47,Norwich,Wolverhampton,2025,5,29,0.7025048051866385,0.741438755616584
15,47,Leeds,Wolverhampton,2025,5,29,0.7417791313857017,1.3198329028613753
15,47,Liverpool,Wolverhampton,2025,5,29,1.318162943784279,0.7477340986342587
15,47,Southampton,Wolverhampton,2025,5,29,1.1535308371804942,1.4056866439433384
15,47,Aston,Wolverhampton,2025,5,29,1.011710097007451,0.9244969438556946
15,47,Islington,Wolverhampton,2025,5,29,1.156638127283408,0.8812522929272307
15,47,Chelsea,Wolverhampton,2025,5,29,0.9348448326675585,1.3155216939582597
15,47,Tottenham,Wolverhampton,2025,5,29,-0.1259643796951403,0.30075592344408897
15,47,Leeds,Norwich,2025,5,29,0.6889894089699488,0.9221085465072131
15,47,Liverpool,Norwich,2025,5,29,0.4946915662860192,0.458438416513057
15,47,Southampton,Norwich,2025,5,29,0.7860512320834323,1.5303857550214488
15,47,Aston,Norwich,2025,5,29,-0.009399677364526286,0.4122688622212027
15,47,Islington,Norwich,2025,5,29,0.6836264374672641,0.15361259619386147
15,47,Chelsea,Norwich,2025,5,29,1.2095536429907123,1.1281521741895661
15,47,Tottenham,Norwich,2025,5,29,0.03093102309781191,0.3410059224261043
15,47,Liverpool,Leeds,2025,5,29,-0.2718984769621701,3.4694270103482205
15,47,Southampton,Leeds,2025,5,29,-0.3661567866270252,1.4686553083288956
15,47,Aston,Leeds,2025,5,29,-0.09149506851339709,1.1210337887802078
15,47,Islington,Leeds,2025,5,29,-0.1108542541258656,0.4074693538148569
15,47,Chelsea,Leeds,2025,5,29,0.23665606147316895,0.4180342390389348
15,47,Tottenham,Leeds,2025,5,29,-0.32678878627329117,0.6704618564040945
15,47,Southampton,Liverpool,2025,5,29,2.0703761445274758,1.1310006658934357
15,47,Aston,Liverpool,2025,5,29,1.5911734952449281,1.2201945186826975
15,47,Islington,Liverpool,2025,5,29,2.355081883545118,2.106696013951383
15,47,Chelsea,Liverpool,2025,5,29,1.3449690979103504,1.2642273863202786
15,47,Tottenham,Liverpool,2025,5,29,0.45903371155115785,2.5575519104779247
15,47,Aston,Southampton,2025,5,29,0.6102754959105948,2.3641902689378913
15,47,Islington,Southampton,2025,5,29,0.7393282482395833,1.576922637072283
15,47,Chelsea,Southampton,2025,5,29,0.39620435654728425,0.9968174375915633
15,47,Tottenham,Southampton,2025,5,29,-0.04954644236448082,1.6490233763075184
15,47,Islington,Aston,2025,5,29,-0.07659728014589887,1.2489355082917575
15,47,Chelsea,Aston,2025,5,29,0.46407079083286334,1.1920119248200158
15,47,Tottenham,Aston,2025,5,29,-0.37861216581664014,0.5077630743913077
15,47,Chelsea,Islington,2025,5,29,0.7983790758720132,0.943933632921049
15,47,Tottenham,Islington,2025,5,29,0.076025329977702,0.5846311754488123
15,47,Tottenham,Chelsea,2025,5,29,-0.2989030401582806,0.6834075058451659
15,50,Brighton,Leicester,2025,5,29,0.930146374343329,1.5052073089272937
15,50,Palace,Leicester,2025,5,29,1.4261209053552917,0.5339305512386471
15,50,Everton,Leicester,2025,5,29,1.9251375137184994,1.232903948279246
15,50,Watford,Leicester,2025,5,29,3.3828671959563095,0.06464325804016427
15,50,Burnley,Leicester,2025,5,29,1.9225341423177698,0.8923870683246428
15,50,Brentford,Leicester,2025,5,29,2.041137695751211,-0.049557476086697486
15,50,West Ham,Leicester,2025,5,29,2.307823690039079,0.26647174995844103
15,50,United,Leicester,2025,5,29,1.9004824713746329,0.6613023223065221
15,50,Newcastle,Leicester,2025,5,29,2.9603844714390264,1.0195949001092715
15,50,City,Leicester,2025,5,29,1.1931620779499779,0.6948361830465609
15,50,Wolverhampton,Leicester,2025,5,29,1.9896136993503672,0.3651451837487496
15,50,Norwich,Leicester,2025,5,29,2.1997461349041547,0.46647598792606465
15,50,Leeds,Leicester,2025,5,29,2.080244480646995,0.2740655553212057
15,50,Liverpool,Leicester,2025,5,29,1.7838149935622707,0.42754470628781965
15,50,Southampton,Leicester,2025,5,29,1.9365225676608708,0.5723943782727253
15,50,Aston,Leicester,2025,5,29,1.6625645292740403,0.49942643946427745
15,50,Islington,Leicester,2025,5,29,2.447347656733998,0.48221707940676306
15,50,Chelsea,Leicester,2025,5,29,1.4379908583567982,1.2254358788981032
15,50,Tottenham,Leicester,2025,5,29,0.9806205933330974,0.4938931378922777
15,50,Palace,Brighton,2025,5,29,-0.02990152945830319,1.3017320589999373
15,50,Everton,Brighton,2025,5,29,1.2734376534922218,0.9502591377299973
15,50,Watford,Brighton,2025,5,29,0.10191395932848572,0.9005943458953634
15,50,Burnley,Brighton,2025,5,29,0.5382665937016974,1.0561120415190393
15,50,Brentford,Brighton,2025,5,29,1.098345786882748,0.9257139442285871
15,50,West Ham,Brighton,2025,5,29,0.8446436403547066,1.3341152540070527
15,50,United,Brighton,2025,5,29,0.15472028327712498,1.3242969700340774
15,50,Newcastle,Brighton,2025,5,29,0.5490469781650321,2.7636688507600398
15,50,City,Brighton,2025,5,29,0.6121853365437201,2.6899626320198293
15,50,Wolverhampton,Brighton,2025,5,29,0.5937137586123716,2.6053340098805484
15,50,Norwich,Brighton,2025,5,29,0.1638943039356266,3.029424918830354
15,50,Leeds,Brighton,2025,5,29,0.3662239966516307,1.263052545915918
15,50,Liverpool,Brighton,2025,5,29,0.499213823551398,3.102854852677481
15,50,Southampton,Brighton,2025,5,29,0.23257308366158214,1.6430037136501532
15,50,Aston,Brighton,2025,5,29,0.21537407397180264,2.5208410206529943
15,50,Islington,Brighton,2025,5,29,0.49912868004274746,1.5047032530952542
15,50,Chelsea,Brighton,2025,5,29,0.9141659646614477,1.083761393223779
15,50,Tottenham,Brighton,2025,5,29,-0.012075871960092728,1.5297228933745128
15,50,Everton,Palace,2025,5,29,1.0281629415033853,0.8759754788122056
15,50,Watford,Palace,2025,5,29,3.242493524390429,0.7630623852832179
15,50,Burnley,Palace,2025,5,29,2.401605278571011,1.3149275744133817
15,50,Brentford,Palace,2025,5,29,3.1649685979630506,0.40581441815401986
15,50,West Ham,Palace,2025,5,29,2.968068376039715,0.40394101722876297
15,50,United,Palace,2025,5,29,2.492816546609015,1.1758910606340043
15,50,Newcastle,Palace,2025,5,29,3.2303575709440793,1.1261466630782166
15,50,City,Palace,2025,5,29,0.26640066936043383,0.9861120883032715
15,50,Wolverhampton,Palace,2025,5,29,2.5207064630992524,1.684065217839914
15,50,Norwich,Palace,2025,5,29,3.171394095335945,0.7232759831786729
15,50,Leeds,Palace,2025,5,29,1.5949684862394091,0.9717621549533271
15,50,Liverpool,Palace,2025,5,29,2.8564062933932566,1.273727262329835
15,50,Southampton,Palace,2025,5,29,1.322747937377524,0.8481104050757224
15,50,Aston,Palace,2025,5,29,2.6427863309264135,0.8826039641300542
15,50,Islington,Palace,2025,5,29,1.500460984489677,0.3347687735363449
15,50,Chelsea,Palace,2025,5,29,0.8312336258031813,0.9128430305668062
15,50,Tottenham,Palace,2025,5,29,0.31762985495192736,0.8334819452938902
15,50,Watford,Everton,2025,5,29,0.44213265409831953,-0.08527676371652063
15,50,Burnley,Everton,2025,5,29,0.48632620927471437,0.665762036398155
15,50,Brentford,Everton,2025,5,29,0.5850837199189508,-0.006096931489499378
15,50,West Ham,Everton,2025,5,29,0.49453655420918485,0.08427959793915421
15,50,United,Everton,2025,5,29,0.18300504296923062,0.3486755624460421
15,50,Newcastle,Everton,2025,5,29,0.9106089748878096,0.3405827195198509
15,50,City,Everton,2025,5,29,0.397939926170914,0.7846271469561191
15,50,Wolverhampton,Everton,2025,5,29,1.1715929457477408,0.7007650047326798
15,50,Norwich,Everton,2025,5,29,-0.4182518397933899,0.1293667196333556
15,50,Leeds,Everton,2025,5,29,0.0601765003895288,-0.11903788007083363
15,50,Liverpool,Everton,2025,5,29,0.0747874452569589,0.3492121279924179
15,50,Southampton,Everton,2025,5,29,-0.4714038612693458,-0.18179823915775253
15,50,Aston,Everton,2025,5,29,0.41319036180885155,0.09605324897778203
15,50,Islington,Everton,2025,5,29,0.1783537850525451,0.14451361949701103
15,50,Chelsea,Everton,2025,5,29,0.3678987487982994,1.0527449916239877
15,50,Tottenham,Everton,2025,5,29,-0.31926641194463806,0.2155177768017546
15,50,Burnley,Watford,2025,5,29,2.7023484256224486,1.213046041755481
15,50,Brentford,Watford,2025,5,29,3.071966852941847,0.32383166740601405
15,50,West Ham,Watford,2025,5,29,2.8760297573024096,0.5648871009408474
15,50,United,Watford,2025,5,29,2.5617749004266295,0.7408740525733684
15,50,Newcastle,Watford,2025,5,29,3.133615108626241,1.0294907943889982
15,50,City,Watford,2025,5,29,0.8191952053707885,1.0435026980540918
15,50,Wolverhampton,Watford,2025,5,29,2.6626042719880707,1.8878916266789165
15,50,Norwich,Watford,2025,5,29,2.9660510286916413,1.0541422205939708
15,50,Leeds,Watford,2025,5,29,1.9465933557177275,0.3888445259866344
15,50,Liverpool,Watford,2025,5,29,2.8228444029466306,1.0255791686000966
15,50,Southampton,Watford,2025,5,29,1.661938320768386,0.4682306260525802
15,50,Aston,Watford,2025,5,29,2.6590492068418037,0.8540440726131509
15,50,Islington,Watford,2025,5,29,1.8425924962582918,0.27803025464479736
15,50,Chelsea,Watford,2025,5,29,1.161047785189205,1.2839140803739593
15,50,Tottenham,Watford,2025,5,29,0.880943784866369,1.2570929767865626
15,50,Brentford,Burnley,2025,5,29,2.5759212217578447,0.4420674112669558
15,50,West Ham,Burnley,2025,5,29,2.0457356907732653,0.8086645904506923
15,50,United,Burnley,2025,5,29,1.781270881242235,1.3991767035939946
15,50,Newcastle,Burnley,2025,5,29,2.590056138261113,1.5341220544520329
15,50,City,Burnley,2025,5,29,-0.5015806669313198,1.4982408183551943
15,50,Wolverhampton,Burnley,2025,5,29,1.4222637263588156,2.183269793909551
15,50,Norwich,Burnley,2025,5,29,1.0618569617761362,1.5956160105980701
15,50,Leeds,Burnley,2025,5,29,0.08858988745012764,1.583033782348298
15,50,Liverpool,Burnley,2025,5,29,1.875891619603074,1.2622516895410896
15,50,Southampton,Burnley,2025,5,29,-0.03475171664190195,0.8504513744558692
15,50,Aston,Burnley,2025,5,29,1.6161722039050532,1.0536973183908211
15,50,Islington,Burnley,2025,5,29,0.40354434809574835,0.9307968725984358
15,50,Chelsea,Burnley,2025,5,29,0.4630503770053416,1.4537448597069373
15,50,Tottenham,Burnley,2025,5,29,-0.5928152067167383,1.3014856600258549
15,50,West Ham,Brentford,2025,5,29,0.9369561004188355,0.2131002630317426
15,50,United,Brentford,2025,5,29,0.4764640045541529,0.6108950298754392
15,50,Newcastle,Brentford,2025,5,29,1.2240270259179749,1.0058623637792932
15,50,City,Brentford,2025,5,29,0.36407103307105404,0.8010495863425041
15,50,Wolverhampton,Brentford,2025,5,29,0.8732485819205893,1.3119067942926999
15,50,Norwich,Brentford,2025,5,29,-0.3231739659723893,0.25225334572542435
15,50,Leeds,Brentford,2025,5,29,0.4259276218689384,0.29109198363402095
15,50,Liverpool,Brentford,2025,5,29,0.45367637268855004,0.30505150264668757
15,50,Southampton,Brentford,2025,5,29,-0.12424802440838262,-0.036901619794887236
15,50,Aston,Brentford,2025,5,29,0.6601522147712385,0.5012996482012775
15,50,Islington,Brentford,2025,5,29,0.22393066025554417,0.45609945495762444
15,50,Chelsea,Brentford,2025,5,29,0.643243308522994,1.2083811087565854
15,50,Tottenham,Brentford,2025,5,29,-0.28500297495476423,0.7502369898493795
15,50,United,West Ham,2025,5,29,1.530655433423329,1.3273103991935469
15,50,Newcastle,West Ham,2025,5,29,2.851066097789982,0.9738113894626809
15,50,City,West Ham,2025,5,29,0.8578101029272318,1.557045521099298
15,50,Wolverhampton,West Ham,2025,5,29,1.343815282320976,2.58330126576528
15,50,Norwich,West Ham,2025,5,29,1.004402087142957,1.6825757668408676
15,50,Leeds,West Ham,2025,5,29,1.3243108444017908,1.170415840535861
15,50,Liverpool,West Ham,2025,5,29,1.5018138124416969,2.3049077674992344
15,50,Southampton,West Ham,2025,5,29,1.1020593835865944,0.8030868317788875
15,50,Aston,West Ham,2025,5,29,1.5784880912880315,0.9521860598862455
15,50,Islington,West Ham,2025,5,29,1.3323293694997946,1.192310087068129
15,50,Chelsea,West Ham,2025,5,29,1.558472678254818,0.6209864054743898
15,50,Tottenham,West Ham,2025,5,29,0.5601194777515367,0.9631965751314913
15,50,Newcastle,United,2025,5,29,2.412656018883799,0.5664266885023971
15,50,City,United,2025,5,29,0.15925193828171358,0.6956851769835245
15,50,Wolverhampton,United,2025,5,29,1.9325778548603663,0.696156381677654
15,50,Norwich,United,2025,5,29,1.9912071027077496,0.6346589266360544
15,50,Leeds,United,2025,5,29,1.1571002025509503,0.16631876866163878
15,50,Liverpool,United,2025,5,29,2.313617318247516,0.7744329673011259
15,50,Southampton,United,2025,5,29,0.9811068742022486,0.6488296761974707
15,50,Aston,United,2025,5,29,1.9747005792620793,0.0599139365081771
15,50,Islington,United,2025,5,29,1.4255858095565828,0.6073481418151078
15,50,Chelsea,United,2025,5,29,0.5913575235686657,0.9177502870066001
15,50,Tottenham,United,2025,5,29,-0.02525093911292647,-0.02689100217123456
15,50,City,Newcastle,2025,5,29,0.17408892740791712,0.7233177837335988
15,50,Wolverhampton,Newcastle,2025,5,29,0.5756545753224259,0.9255553594097036
15,50,Norwich,Newcastle,2025,5,29,1.694928537465481,0.09382983563806249
15,50,Leeds,Newcastle,2025,5,29,0.8784690763462396,0.16364358717399125
15,50,Liverpool,Newcastle,2025,5,29,1.8623675253989016,0.28760039762207945
15,50,Southampton,Newcastle,2025,5,29,0.8986337211618919,0.3391552984180352
15,50,Aston,Newcastle,2025,5,29,1.373455528490886,0.24516551923056745
15,50,Islington,Newcastle,2025,5,29,1.0653951096449643,0.1991505741030667
15,50,Chelsea,Newcastle,2025,5,29,1.130844962352479,1.6811117887804734
15,50,Tottenham,Newcastle,2025,5,29,0.19187761302335624,0.5856325004402188
15,50,Wolverhampton,City,2025,5,29,0.9684135498560172,1.0766470060284465
15,50,Norwich,City,2025,5,29,0.8519570976622188,1.9844727533803133
15,50,Leeds,City,2025,5,29,0.7821433074902803,1.0712576588447826
15,50,Liverpool,City,2025,5,29,1.0369248167296512,1.4473531060585143
15,50,Southampton,City,2025,5,29,1.2180908422289194,1.5701977633002104
15,50,Aston,City,2025,5,29,0.9714934245488948,1.3418714816448256
15,50,Islington,City,2025,5,29,1.2293782061193648,1.3533044604414846
15,50,Chelsea,City,2025,5,29,1.1354071191486617,0.914587326042539
15,50,Tottenham,City,2025,5,29,0.47892708441555387,0.5050988878343807
15,50,Norwich,Wolverhampton,2025,5,29,0.9450926760736108,0.7186916145759895
15,50,Leeds,Wolverhampton,2025,5,29,0.8348680918198349,1.2399728412702637
15,50,Liverpool,Wolverhampton,2025,5,29,1.424935044065383,0.6760641792290722
15,50,Southampton,Wolverhampton,2025,5,29,1.293503770582258,1.3706865160546813
15,50,Aston,Wolverhampton,2025,5,29,1.0199090751930229,0.8553043213010733
15,50,Islington,Wolverhampton,2025,5,29,1.3705931509756104,0.8544654679268656
15,50,Chelsea,Wolverhampton,2025,5,29,1.0626536670361937,1.282709315408493
15,50,Tottenham,Wolverhampton,2025,5,29,0.10789557307826887,0.2535283459372081
15,50,Leeds,Norwich,2025,5,29,0.8065833111627053,0.8758495948660405
15,50,Liverpool,Norwich,2025,5,29,0.6567636488417864,0.4002288333541532
15,50,Southampton,Norwich,2025,5,29,0.9605175237760833,1.5157679518003087
15,50,Aston,Norwich,2025,5,29,0.09558206575394024,0.36857507047322974
15,50,Islington,Norwich,2025,5,29,0.9848238717629528,0.12682577119349625
15,50,Chelsea,Norwich,2025,5,29,1.364634430599598,1.1154805693434555
15,50,Tottenham,Norwich,2025,5,29,0.3007539052126042,0.3139191186228797
15,50,Liverpool,Leeds,2025,5,29,-0.22202334305886962,3.169089340396574
15,50,Southampton,Leeds,2025,5,29,-0.31843293933541217,1.4520856176088446
15,50,Aston,Leeds,2025,5,29,-0.06526746307331077,1.0631447413008137
15,50,Islington,Leeds,2025,5,29,0.05863842627939827,0.3324015350011886
15,50,Chelsea,Leeds,2025,5,29,0.26212690122703536,0.3872319997475081
15,50,Tottenham,Leeds,2025,5,29,-0.16240375379873911,0.3958741816558023
15,50,Southampton,Liverpool,2025,5,29,2.166022828440993,1.113956754306676
15,50,Aston,Liverpool,2025,5,29,1.605870988016861,1.1222883368560168
15,50,Islington,Liverpool,2025,5,29,2.5388372504738177,2.0357656403247435
15,50,Chelsea,Liverpool,2025,5,29,1.4573920986169693,1.233281204447963
15,50,Tottenham,Liverpool,2025,5,29,0.6766850102490708,2.2671694045637403
15,50,Aston,Southampton,2025,5,29,0.6913023172639358,2.2876206599867785
15,50,Islington,Southampton,2025,5,29,0.962185272782852,1.4910920184385614
15,50,Chelsea,Southampton,2025,5,29,0.5634798582949304,0.9547059249493051
15,50,Tottenham,Southampton,2025,5,29,0.10878083714294644,1.3707800209040335
15,50,Islington,Aston,2025,5,29,0.15740745193456782,1.1826379350004894
15,50,Chelsea,Aston,2025,5,29,0.6049468528025719,1.1641024590933828
15,50,Tottenham,Aston,2025,5,29,-0.2292361316466806,0.44805557059466755
15,50,Chelsea,Islington,2025,5,29,0.9258353765729499,0.9361977929881078
15,50,Tottenham,Islington,2025,5,29,0.15260167340366154,0.5510288618989605
15,50,Tottenham,Chelsea,2025,5,29,-0.1287430318412233,0.6197677137014354
15,53,Brighton,Leicester,2025,5,29,0.9261764000085223,1.527229853357345
15,53,Palace,Leicester,2025,5,29,1.4869063985755777,0.7105553775679502
15,53,Everton,Leicester,2025,5,29,1.989892981273592,1.2871320346553337
15,53,Watford,Leicester,2025,5,29,3.3828671959563095,0.1435439326561371
15,53,Burnley,Leicester,2025,5,29,1.9872896098728623,0.908049209149867
15,53,Brentford,Leicester,2025,5,29,2.142013194373371,-0.016433516044180314
15,53,West Ham,Leicester,2025,5,29,2.307823690039079,0.4487795607642997
15,53,United,Leicester,2025,5,29,1.9004824713746329,0.8436715706006152
15,53,Newcastle,Leicester,2025,5,29,2.95641449710422,1.152120577491562
15,53,City,Leicester,2025,5,29,1.1931620779499779,0.819495530206427
15,53,Wolverhampton,Leicester,2025,5,29,2.0257337304174348,0.3830695672431789
15,53,Norwich,Leicester,2025,5,29,2.296651659191509,0.6385414457012567
15,53,Leeds,Leicester,2025,5,29,2.1123945373792563,0.4027141147820075
15,53,Liverpool,Leicester,2025,5,29,1.8446004867825572,0.5765014562104847
15,53,Southampton,Leicester,2025,5,29,2.001278035215963,0.7496684158121659
15,53,Aston,Leicester,2025,5,29,1.6585945549392338,0.6614754126160837
15,53,Islington,Leicester,2025,5,29,2.5121031242890908,0.5821998785883932
15,53,Chelsea,Leicester,2025,5,29,1.5027463259118907,1.2393536746908413
15,53,Tottenham,Leicester,2025,5,29,1.0414060865533825,0.5379924390742192
15,53,Palace,Brighton,2025,5,29,0.016094925658845884,1.3275846851137905
15,53,Everton,Brighton,2025,5,29,1.2895184287075112,0.9723253478784035
15,53,Watford,Brighton,2025,5,29,0.12449105321366492,0.9240254508252165
15,53,Burnley,Brighton,2025,5,29,0.5254333598685651,1.0634624661354801
15,53,Brentford,Brighton,2025,5,29,1.0735334563170953,0.9499283848328983
15,53,West Ham,Brighton,2025,5,29,0.825158874020155,1.363407297076985
15,53,United,Brighton,2025,5,29,0.12333652094135686,1.3415222202940589
15,53,Newcastle,Brighton,2025,5,29,0.5556750009828842,2.7717735993973527
15,53,City,Brighton,2025,5,29,0.5808015742079519,2.7011950526430466
15,53,Wolverhampton,Brighton,2025,5,29,0.5596832863956009,2.6171642337331886
15,53,Norwich,Brighton,2025,5,29,0.2218740389378201,3.054991486684961
15,53,Leeds,Brighton,2025,5,29,0.32822355010005305,1.287864789749652
15,53,Liverpool,Brighton,2025,5,29,0.5031458187906739,3.1112456595740405
15,53,Southampton,Brighton,2025,5,29,0.3091485996121054,1.6693536171792174
15,53,Aston,Brighton,2025,5,29,0.1773736274202254,2.5322896062050577
15,53,Islington,Brighton,2025,5,29,0.5704217663072194,1.515935673718471
15,53,Chelsea,Brighton,2025,5,29,0.9867590320189065,1.091585029374728
15,53,Tottenham,Brighton,2025,5,29,0.033920583157056323,1.5369487262960388
15,53,Everton,Palace,2025,5,29,1.0321939163612017,0.9166666795891706
15,53,Watford,Palace,2025,5,29,3.30049757330871,0.8224813890229137
15,53,Burnley,Palace,2025,5,29,2.464891757175343,1.324042019983812
15,53,Brentford,Palace,2025,5,29,3.2162759798348617,0.4254014925974136
15,53,West Ham,Palace,2025,5,29,3.016644764146696,0.578050311402117
15,53,United,Palace,2025,5,29,2.5294939387147792,1.3629957679170766
15,53,Newcastle,Palace,2025,5,29,3.272412548795033,1.2586723404605076
15,53,City,Palace,2025,5,29,0.2716830990464852,1.115506894452117
15,53,Wolverhampton,Palace,2025,5,29,2.5547371453240144,1.6894971208023954
15,53,Norwich,Palace,2025,5,29,3.2160847929919476,0.8871429243213597
15,53,Leeds,Palace,2025,5,29,1.5936342317096517,1.0981569830587794
15,53,Liverpool,Palace,2025,5,29,2.9038238016615656,1.4226840122525
15,53,Southampton,Palace,2025,5,29,1.3546394535621429,1.0231307112598136
15,53,Aston,Palace,2025,5,29,2.672847038816369,1.0493883962708404
15,53,Islington,Palace,2025,5,29,1.5270700709882445,0.43354224642979977
15,53,Chelsea,Palace,2025,5,29,0.859142693394735,0.9142683458275971
15,53,Tottenham,Palace,2025,5,29,0.3189423103031721,0.865088765943884
15,53,Watford,Everton,2025,5,29,0.46389071460571707,-0.023378297186698503
15,53,Burnley,Everton,2025,5,29,0.545487967614825,0.6703667544143822
15,53,Brentford,Everton,2025,5,29,0.644245478259061,0.01596960574402087
15,53,West Ham,Everton,2025,5,29,0.4750517878746335,0.23177500043439084
15,53,United,Everton,2025,5,29,0.1516212806334625,0.5074403226173237
15,53,Newcastle,Everton,2025,5,29,0.934593711146341,0.4485383416221862
15,53,City,Everton,2025,5,29,0.36655616383514555,0.8804188710825179
15,53,Wolverhampton,Everton,2025,5,29,1.1375624735309702,0.6964240452303013
15,53,Norwich,Everton,2025,5,29,-0.32687591617471673,0.27686212212859257
15,53,Leeds,Everton,2025,5,29,0.0221760538379517,-0.013993808732842457
15,53,Liverpool,Everton,2025,5,29,0.1507144326694771,0.4456256735682834
15,53,Southampton,Everton,2025,5,29,-0.37960790352080437,-0.01638961656562814
15,53,Aston,Everton,2025,5,29,0.3751899152572745,0.2344977340067776
15,53,Islington,Everton,2025,5,29,0.2648673131150351,0.20968401036801917
15,53,Chelsea,Everton,2025,5,29,0.4557122579537756,1.049660579330575
15,53,Tottenham,Everton,2025,5,29,-0.2572304816516887,0.24261486989754513
15,53,Burnley,Watford,2025,5,29,2.7517306845346265,1.211990007482536
15,53,Brentford,Watford,2025,5,29,3.1093700151215042,0.3175423103430822
15,53,West Ham,Watford,2025,5,29,2.9107019257172366,0.6532390818984288
15,53,United,Watford,2025,5,29,2.5904378513259405,0.8230448049043664
15,53,Newcastle,Watford,2025,5,29,3.165748315378106,1.1131404537147425
15,53,City,Watford,2025,5,29,0.8164631938503863,1.107834347838571
15,53,Wolverhampton,Watford,2025,5,29,2.6886205130063794,1.897096368744337
15,53,Norwich,Watford,2025,5,29,2.9968375066554898,1.1418963983221282
15,53,Leeds,Watford,2025,5,29,1.9372446599815165,0.4545020966628205
15,53,Liverpool,Watford,2025,5,29,2.8622474700084863,1.097074343697416
15,53,Southampton,Watford,2025,5,29,1.6799256172608505,0.5619767192194454
15,53,Aston,Watford,2025,5,29,2.681095473525306,0.9228668209686257
15,53,Islington,Watford,2025,5,29,1.8592798116577702,0.2875038510618372
15,53,Chelsea,Watford,2025,5,29,1.17903508168167,1.271596684897884
15,53,Tottenham,Watford,2025,5,29,0.8742417990111604,1.2575951669852472
15,53,Brentford,Burnley,2025,5,29,2.650473507665888,0.44978259673422005
15,53,West Ham,Burnley,2025,5,29,2.0773138462443588,1.0124049998191929
15,53,United,Burnley,2025,5,29,1.8290258186977455,1.5782475681014654
15,53,Newcastle,Burnley,2025,5,29,2.6176643193974,1.657416853831
15,53,City,Burnley,2025,5,29,-0.4852206918955211,1.607529443841373
15,53,Wolverhampton,Burnley,2025,5,29,1.5061386948813942,2.1923007833703925
15,53,Norwich,Burnley,2025,5,29,1.1213699883147221,1.810385993513034
15,53,Leeds,Burnley,2025,5,29,0.14816920425283764,1.7174837016827589
15,53,Liverpool,Burnley,2025,5,29,1.9307458677584295,1.4509560336477303
15,53,Southampton,Burnley,2025,5,29,-0.0073224565714530565,1.0711272158960154
15,53,Aston,Burnley,2025,5,29,1.6710264520604083,1.2253594737286484
15,53,Islington,Burnley,2025,5,29,0.3995123554823599,1.0307300725660762
15,53,Chelsea,Burnley,2025,5,29,0.4904796370757903,1.444909962206044
15,53,Tottenham,Burnley,2025,5,29,-0.6008171736649333,1.356124682413459
15,53,West Ham,Brentford,2025,5,29,0.9157967412633521,0.3751192475867701
15,53,United,Brentford,2025,5,29,0.46547220986757143,0.7562430032385978
15,53,Newcastle,Brentford,2025,5,29,1.2289804559148945,1.0921194467527833
15,53,City,Brentford,2025,5,29,0.3530792383844722,0.8733004954232061
15,53,Wolverhampton,Brentford,2025,5,29,0.8596100773530054,1.3121559144099224
15,53,Norwich,Brentford,2025,5,29,-0.2710840094558962,0.4253019038269159
15,53,Leeds,Brentford,2025,5,29,0.41938842800119813,0.38303714248055154
15,53,Liverpool,Brentford,2025,5,29,0.4890696206116628,0.45671813034785164
15,53,Southampton,Brentford,2025,5,29,-0.022101034259722943,0.14126946115732708
15,53,Aston,Brentford,2025,5,29,0.6536130209034985,0.6392389123947937
15,53,Islington,Brentford,2025,5,29,0.28933396803431527,0.5189949385197881
15,53,Chelsea,Brentford,2025,5,29,0.7414078500785887,1.2036443721913146
15,53,Tottenham,Brentford,2025,5,29,-0.23900651983761523,0.8001923038289881
15,53,United,West Ham,2025,5,29,1.551047401072516,1.4715901257863189
15,53,Newcastle,West Ham,2025,5,29,2.869911273220797,1.0919302159839959
15,53,City,West Ham,2025,5,29,0.8782020705764184,1.6571771121074261
15,53,Wolverhampton,West Ham,2025,5,29,1.4003272810372307,2.5807988882444755
15,53,Norwich,West Ham,2025,5,29,1.1038681003553648,1.8374502805722068
15,53,Leeds,West Ham,2025,5,29,1.3918921281526961,1.2658566939712501
15,53,Liverpool,West Ham,2025,5,29,1.5399265976269532,2.424558986185611
15,53,Southampton,West Ham,2025,5,29,1.2088457151482914,0.9758745656071144
15,53,Aston,West Ham,2025,5,29,1.6099493439718686,1.0896251622530433
15,53,Islington,West Ham,2025,5,29,1.4076544483776552,1.2618203448208665
15,53,Chelsea,West Ham,2025,5,29,1.6652590098165154,0.6044390236993111
15,53,Tottenham,West Ham,2025,5,29,0.6088354701308291,0.9856125680892341
15,53,Newcastle,United,2025,5,29,2.476282895840201,0.7229671038925699
15,53,City,United,2025,5,29,0.16453436796776488,0.8474626766785275
15,53,Wolverhampton,United,2025,5,29,2.002728568152195,0.7032203291018607
15,53,Norwich,United,2025,5,29,2.0893745448714993,0.8307815830467623
15,53,Leeds,United,2025,5,29,1.2029552641229109,0.3155624466018805
15,53,Liverpool,United,2025,5,29,2.371285078172694,0.9375292493374878
15,53,Southampton,United,2025,5,29,1.0232486420437366,0.8508971178853327
15,53,Aston,United,2025,5,29,2.015830572186686,0.25592168642109336
15,53,Islington,United,2025,5,29,1.4513758626773685,0.7306122658002253
15,53,Chelsea,United,2025,5,29,0.6295168428170881,0.9208076467291157
15,53,Tottenham,United,2025,5,29,-0.023938483761681773,0.006347862940484601
15,53,City,Newcastle,2025,5,29,0.17408892740791712,0.8307439339662442
15,53,Wolverhampton,Newcastle,2025,5,29,0.6431695688092068,0.933217110063333
15,53,Norwich,Newcastle,2025,5,29,1.7584735566174556,0.29578078312617123
15,53,Leeds,Newcastle,2025,5,29,0.9216884181131516,0.28386622494269576
15,53,Liverpool,Newcastle,2025,5,29,1.9008617985184593,0.4431613124541731
15,53,Southampton,Newcastle,2025,5,29,0.909703006196542,0.5411062459061452
15,53,Aston,Newcastle,2025,5,29,1.4119498016104433,0.4174600999798849
15,53,Islington,Newcastle,2025,5,29,1.0653951096449643,0.3000324646699642
15,53,Chelsea,Newcastle,2025,5,29,1.141914247387129,1.6847669517324122
15,53,Tottenham,Newcastle,2025,5,29,0.18790763868854968,0.634895696318921
15,53,Wolverhampton,City,2025,5,29,0.9705526527266375,1.102741735807742
15,53,Norwich,City,2025,5,29,0.9575733427067825,2.1150985818247245
15,53,Leeds,City,2025,5,29,0.7913817210607444,1.190614745373158
15,53,Liverpool,City,2025,5,29,1.0511566076461192,1.5647595028122498
15,53,Southampton,City,2025,5,29,1.299076375370934,1.7060321715088724
15,53,Aston,City,2025,5,29,0.9446118070522906,1.4676604176333279
15,53,Islington,City,2025,5,29,1.2979944731337425,1.4205275801660096
15,53,Chelsea,City,2025,5,29,1.2163926522906763,0.9237954378409035
15,53,Tottenham,City,2025,5,29,0.5249730835530255,0.5224910657469406
15,53,Norwich,Wolverhampton,2025,5,29,1.0327145012478782,0.9554853693131302
15,53,Leeds,Wolverhampton,2025,5,29,0.8682405578615856,1.404708348403228
15,53,Liverpool,Wolverhampton,2025,5,29,1.4511235404811949,0.8558921261326713
15,53,Southampton,Wolverhampton,2025,5,29,1.3804367917081004,1.6126888505560706
15,53,Aston,Wolverhampton,2025,5,29,1.021521930196335,1.0600632302901947
15,53,Islington,Wolverhampton,2025,5,29,1.419309143354903,0.9909123089523094
15,53,Chelsea,Wolverhampton,2025,5,29,1.1456042395689718,1.2976476326042046
15,53,Tottenham,Wolverhampton,2025,5,29,0.1593973671854673,0.3274920849638659
15,53,Leeds,Norwich,2025,5,29,0.8040761099083537,1.0502118276565449
15,53,Liverpool,Norwich,2025,5,29,0.76818388155153,0.5941963123714505
15,53,Southampton,Norwich,2025,5,29,1.0878067268218505,1.7754571897810911
15,53,Aston,Norwich,2025,5,29,0.09307486449958843,0.5801495392671003
15,53,Islington,Norwich,2025,5,29,1.0753693924388312,0.2632726122189404
15,53,Chelsea,Norwich,2025,5,29,1.4879411850522999,1.1281890388480194
15,53,Tottenham,Norwich,2025,5,29,0.36682182811894193,0.3906993112453643
15,53,Liverpool,Leeds,2025,5,29,-0.14130734793376343,3.181467156351994
15,53,Southampton,Leeds,2025,5,29,-0.22581794820908888,1.4769101645073073
15,53,Aston,Leeds,2025,5,29,-0.09929793529008142,1.0898208343333826
15,53,Islington,Leeds,2025,5,29,0.14597098771967001,0.3594592663343338
15,53,Chelsea,Leeds,2025,5,29,0.3507594437602935,0.3984448417278934
15,53,Tottenham,Leeds,2025,5,29,-0.09639784917098346,0.40708702363618765
15,53,Southampton,Liverpool,2025,5,29,2.237534072058798,1.2459945502213945
15,53,Aston,Liverpool,2025,5,29,1.6086567897447672,1.2240719628025218
15,53,Islington,Liverpool,2025,5,29,2.6035927180289105,2.0659510436437927
15,53,Chelsea,Liverpool,2025,5,29,1.5249208936417096,1.236338564170479
15,53,Tottenham,Liverpool,2025,5,29,0.7442262795320693,2.2702267642862557
15,53,Aston,Southampton,2025,5,29,0.6764931789528674,2.3004414300621034
15,53,Islington,Southampton,2025,5,29,1.0388397363391615,1.5108079678862676
15,53,Chelsea,Southampton,2025,5,29,0.6539769343555375,0.9633162335182464
15,53,Tottenham,Southampton,2025,5,29,0.18029208076075132,1.3793903294729748
15,53,Islington,Aston,2025,5,29,0.24795297261044622,1.243004843708741
15,53,Chelsea,Aston,2025,5,29,0.7078616396060867,1.1784429730596717
15,53,Tottenham,Aston,2025,5,29,-0.16316820874034343,0.49257758995015916
15,53,Chelsea,Islington,2025,5,29,0.9858600098472206,0.9415052802119046
15,53,Tottenham,Islington,2025,5,29,0.1553874751315676,0.5865178545119605
15,53,Tottenham,Chelsea,2025,5,29,-0.1259572301133174,0.650342070167734
15,56,Brighton,Leicester,2025,5,29,0.9261764000085223,1.527229853357345
15,56,Palace,Leicester,2025,5,29,1.4869063985755777,0.7596336230718491
15,56,Everton,Leicester,2025,5,29,1.989892981273592,1.3562428861362243
15,56,Watford,Leicester,2025,5,29,3.3828671959563095,0.18879409885332066
15,56,Burnley,Leicester,2025,5,29,1.9872896098728623,0.908049209149867
15,56,Brentford,Leicester,2025,5,29,2.142013194373371,0.052677335436710285
15,56,West Ham,Leicester,2025,5,29,2.307823690039079,0.4978578062681986
15,56,United,Leicester,2025,5,29,1.9004824713746329,0.8889217367977985
15,56,Newcastle,Leicester,2025,5,29,2.95641449710422,1.201198822995461
15,56,City,Leicester,2025,5,29,1.1931620779499779,0.819495530206427
15,56,Wolverhampton,Leicester,2025,5,29,2.0257337304174348,0.3830695672431789
15,56,Norwich,Leicester,2025,5,29,2.296651659191509,0.6876196912051556
15,56,Leeds,Leicester,2025,5,29,2.1123945373792563,0.4479642809791912
15,56,Liverpool,Leicester,2025,5,29,1.8446004867825572,0.5765014562104847
15,56,Southampton,Leicester,2025,5,29,2.001278035215963,0.7949185820093495
15,56,Aston,Leicester,2025,5,29,1.6585945549392338,0.7105536581199826
15,56,Islington,Leicester,2025,5,29,2.5121031242890908,0.6513107300692841
15,56,Chelsea,Leicester,2025,5,29,1.5027463259118907,1.2393536746908413
15,56,Tottenham,Leicester,2025,5,29,1.0414060865533825,0.5379924390742192
15,56,Palace,Brighton,2025,5,29,0.04017599947349536,1.3528949585089554
15,56,Everton,Brighton,2025,5,29,1.3371849962881452,1.0234867416044129
15,56,Watford,Brighton,2025,5,29,0.14012138859499632,0.975186844551226
15,56,Burnley,Brighton,2025,5,29,0.5579364395718726,1.0634624661354801
15,56,Brentford,Brighton,2025,5,29,1.1064012152363287,1.0010897785589068
15,56,West Ham,Brighton,2025,5,29,0.870128022447644,1.4145686908029946
15,56,United,Brighton,2025,5,29,0.17625417649635466,1.3668324936892238
15,56,Newcastle,Brighton,2025,5,29,0.5970648781502482,2.797083872792518
15,56,City,Brighton,2025,5,29,0.6278783195728456,2.7011950526430466
15,56,Wolverhampton,Brighton,2025,5,29,0.5815056212106662,2.6171642337331886
15,56,Norwich,Brighton,2025,5,29,0.26705685540073026,3.10615288041097
15,56,Leeds,Brighton,2025,5,29,0.3707138776425395,1.313175063144817
15,56,Liverpool,Brighton,2025,5,29,0.5364945803804257,3.1112456595740405
15,56,Southampton,Brighton,2025,5,29,0.3429287714812898,1.720515010905227
15,56,Aston,Brighton,2025,5,29,0.2014547012348749,2.583450999931067
15,56,Islington,Brighton,2025,5,29,0.5904425661912256,1.5670970674444806
15,56,Chelsea,Brighton,2025,5,29,1.0203180771263007,1.091585029374728
15,56,Tottenham,Brighton,2025,5,29,0.07172964074684757,1.5369487262960388
15,56,Everton,Palace,2025,5,29,1.0859907619106646,0.9857775310700618
15,56,Watford,Palace,2025,5,29,3.316127908690041,0.8677315552200964
15,56,Burnley,Palace,2025,5,29,2.5035251148474793,1.324042019983812
15,56,Brentford,Palace,2025,5,29,3.2552740167229244,0.4945123440783045
15,56,West Ham,Palace,2025,5,29,3.0665549620710015,0.6271285569060162
15,56,United,Palace,2025,5,29,2.588541872238606,1.4082459341142601
15,56,Newcastle,Palace,2025,5,29,3.318743475459213,1.3077505859644067
15,56,City,Palace,2025,5,29,0.320014050999362,1.115506894452117
15,56,Wolverhampton,Palace,2025,5,29,2.577813686727063,1.6894971208023954
15,56,Norwich,Palace,2025,5,29,3.2673978874236864,0.9362211698252582
15,56,Leeds,Palace,2025,5,29,1.6422548372209664,1.143407149255963
15,56,Liverpool,Palace,2025,5,29,2.9433028412201456,1.4226840122525
15,56,Southampton,Palace,2025,5,29,1.3945499034001556,1.0683808774569972
15,56,Aston,Palace,2025,5,29,2.703058390599847,1.0984666417747395
15,56,Islington,Palace,2025,5,29,1.5520319203690667,0.502653097910691
15,56,Chelsea,Palace,2025,5,29,0.8976427879989454,0.9142683458275971
15,56,Tottenham,Palace,2025,5,29,0.35800557448094666,0.865088765943884
15,56,Watford,Everton,2025,5,29,0.47952104998704836,0.02187186901048513
15,56,Burnley,Everton,2025,5,29,0.5819438932907703,0.6703667544143822
15,56,Brentford,Everton,2025,5,29,0.6810660831509326,0.08508045722491146
15,56,West Ham,Everton,2025,5,29,0.5239737822747604,0.2808532459382901
15,56,United,Everton,2025,5,29,0.20849178216109854,0.5526904888145073
15,56,Newcastle,Everton,2025,5,29,0.9799364342863431,0.4976165871260853
15,56,City,Everton,2025,5,29,0.41758575517267726,0.8804188710825179
15,56,Wolverhampton,Everton,2025,5,29,1.1633376543186733,0.6964240452303013
15,56,Norwich,Everton,2025,5,29,-0.2777402537391682,0.3259403676324918
15,56,Leeds,Everton,2025,5,29,0.06861922735307606,0.03125635746434119
15,56,Liverpool,Everton,2025,5,29,0.18801604023186697,0.4456256735682834
15,56,Southampton,Everton,2025,5,29,-0.3418748856789818,0.028860549631555363
15,56,Aston,Everton,2025,5,29,0.4032238350445623,0.28357597951067676
15,56,Islington,Everton,2025,5,29,0.28884095897167955,0.27879486184891017
15,56,Chelsea,Everton,2025,5,29,0.493224149033808,1.049660579330575
15,56,Tottenham,Everton,2025,5,29,-0.2154685780892594,0.24261486989754513
15,56,Burnley,Watford,2025,5,29,2.7862929339566307,1.211990007482536
15,56,Brentford,Watford,2025,5,29,3.144296943759435,0.3687037040690914
15,56,West Ham,Watford,2025,5,29,2.9577302438634225,0.7044004756244382
15,56,United,Watford,2025,5,29,2.6473887671394767,0.8483550782995313
15,56,Newcastle,Watford,2025,5,29,3.2175310957949272,1.138450727109908
15,56,City,Watford,2025,5,29,0.8655991089339764,1.107834347838571
15,56,Wolverhampton,Watford,2025,5,29,2.716387350806612,1.897096368744337
15,56,Norwich,Watford,2025,5,29,3.0524132263678574,1.1930577920481376
15,56,Leeds,Watford,2025,5,29,1.9817941572426983,0.4798123700579854
15,56,Liverpool,Watford,2025,5,29,2.900891406907736,1.097074343697416
15,56,Southampton,Watford,2025,5,29,1.7214752741639807,0.6131381129454547
15,56,Aston,Watford,2025,5,29,2.7129460323739023,0.9740282146946351
15,56,Islington,Watford,2025,5,29,1.889693514791233,0.33866524478784654
15,56,Chelsea,Watford,2025,5,29,1.2229870300385206,1.271596684897884
15,56,Tottenham,Watford,2025,5,29,0.9141100263196481,1.2575951669852472
15,56,Brentford,Burnley,2025,5,29,2.6889456794844415,0.5188934482151103
15,56,West Ham,Burnley,2025,5,29,2.1266981790991553,1.0614832453230918
15,56,United,Burnley,2025,5,29,1.8897467269621833,1.623497734298649
15,56,Newcastle,Burnley,2025,5,29,2.66527091592313,1.706495099334899
15,56,City,Burnley,2025,5,29,-0.4374156050121535,1.607529443841373
15,56,Wolverhampton,Burnley,2025,5,29,1.5286893712149332,2.1923007833703925
15,56,Norwich,Burnley,2025,5,29,1.1743560574870724,1.8594642390169331
15,56,Leeds,Burnley,2025,5,29,0.19846278450476407,1.7627338678799425
15,56,Liverpool,Burnley,2025,5,29,1.9718978820576214,1.4509560336477303
15,56,Southampton,Burnley,2025,5,29,0.032062128197050795,1.116377382093199
15,56,Aston,Burnley,2025,5,29,1.702910778584498,1.2744377192325473
15,56,Islington,Burnley,2025,5,29,0.42574987472473197,1.0998409240469669
15,56,Chelsea,Burnley,2025,5,29,0.5306527064206118,1.444909962206044
15,56,Tottenham,Burnley,2025,5,29,-0.5622797745566679,1.356124682413459
15,56,West Ham,Brentford,2025,5,29,0.9644527325996737,0.42419749309066945
15,56,United,Brentford,2025,5,29,0.5232659368034146,0.8014931694357813
15,56,Newcastle,Brentford,2025,5,29,1.2740571759910908,1.141197692256682
15,56,City,Brentford,2025,5,29,0.40015598374936573,0.8733004954232061
15,56,Wolverhampton,Brentford,2025,5,29,0.8814324121680707,1.3121559144099224
15,56,Norwich,Brentford,2025,5,29,-0.22102512161214058,0.47438014933081524
15,56,Leeds,Brentford,2025,5,29,0.4667548269245301,0.428287308677735
15,56,Liverpool,Brentford,2025,5,29,0.52729445358226,0.45671813034785164
15,56,Southampton,Brentford,2025,5,29,0.016555208990306818,0.1865196273545104
15,56,Aston,Brentford,2025,5,29,0.6825701660989933,0.6883171578986927
15,56,Islington,Brentford,2025,5,29,0.31304161082715426,0.5881057900006788
15,56,Chelsea,Brentford,2025,5,29,0.7786537380948156,1.2036443721913146
15,56,Tottenham,Brentford,2025,5,29,-0.201197462247824,0.8001923038289881
15,56,United,West Ham,2025,5,29,1.5934393345709676,1.4883181084769
15,56,Newcastle,West Ham,2025,5,29,2.899188894980541,1.1410084614878944
15,56,City,West Ham,2025,5,29,0.9076781826938001,1.6571771121074261
15,56,Wolverhampton,West Ham,2025,5,29,1.4045489826047837,2.5807988882444755
15,56,Norwich,West Ham,2025,5,29,1.138525194761729,1.886528526076106
15,56,Leeds,West Ham,2025,5,29,1.4238567336386363,1.2825846766618314
15,56,Liverpool,West Ham,2025,5,29,1.562749637160159,2.424558986185611
15,56,Southampton,West Ham,2025,5,29,1.2299013251508089,0.9926025482976958
15,56,Aston,West Ham,2025,5,29,1.6235046957299721,1.1387034077569427
15,56,Islington,West Ham,2025,5,29,1.415562992854041,1.3309311963017572
15,56,Chelsea,West Ham,2025,5,29,1.6871031043953508,0.6044390236993111
15,56,Tottenham,West Ham,2025,5,29,0.6290438944731084,0.9856125680892341
15,56,Newcastle,United,2025,5,29,2.521359615916398,0.7482773772877348
15,56,City,United,2025,5,29,0.21161111333265833,0.8474626766785275
15,56,Wolverhampton,United,2025,5,29,2.0245509029672606,0.7032203291018607
15,56,Norwich,United,2025,5,29,2.139433432715255,0.8819429767727719
15,56,Leeds,United,2025,5,29,1.2503216630462424,0.3408727199970453
15,56,Liverpool,United,2025,5,29,2.409509911143291,0.9375292493374878
15,56,Southampton,United,2025,5,29,1.061904885293766,0.9020585116113417
15,56,Aston,United,2025,5,29,2.0447877173821807,0.3070830801471029
15,56,Islington,United,2025,5,29,1.4750835054702074,0.781773659526234
15,56,Chelsea,United,2025,5,29,0.666762730833315,0.9208076467291157
15,56,Tottenham,United,2025,5,29,0.013870573828109484,0.006347862940484601
15,56,City,Newcastle,2025,5,29,0.18971926278924842,0.8307439339662442
15,56,Wolverhampton,Newcastle,2025,5,29,0.658799904190538,0.933217110063333
15,56,Norwich,Newcastle,2025,5,29,1.7789799633796324,0.34485902863007034
15,56,Leeds,Newcastle,2025,5,29,0.9421948248753281,0.3291163911398792
15,56,Liverpool,Newcastle,2025,5,29,1.921368205280636,0.4431613124541731
15,56,Southampton,Newcastle,2025,5,29,0.9302094129587185,0.5863564121033286
15,56,Aston,Newcastle,2025,5,29,1.43245620837262,0.4665383454837839
15,56,Islington,Newcastle,2025,5,29,1.0847122879351283,0.3691433161508548
15,56,Chelsea,Newcastle,2025,5,29,1.161231425677293,1.6847669517324122
15,56,Tottenham,Newcastle,2025,5,29,0.2035379740698808,0.634895696318921
15,56,Wolverhampton,City,2025,5,29,0.9923749875417026,1.102741735807742
15,56,Norwich,City,2025,5,29,1.0076322305505383,2.1662599755507346
15,56,Leeds,City,2025,5,29,0.838748119984076,1.2159250187683228
15,56,Liverpool,City,2025,5,29,1.0893814406167164,1.5647595028122498
15,56,Southampton,City,2025,5,29,1.3377326186209635,1.7571935652348818
15,56,Aston,City,2025,5,29,0.9735689522477855,1.5188218113593372
15,56,Islington,City,2025,5,29,1.3217021159265814,1.4716889738920191
15,56,Chelsea,City,2025,5,29,1.253638540306903,0.9237954378409035
15,56,Tottenham,City,2025,5,29,0.5627821411428169,0.5224910657469406
15,56,Norwich,Wolverhampton,2025,5,29,1.1047677631068844,1.004563614817028
15,56,Leeds,Wolverhampton,2025,5,29,0.9126339134715185,1.421436331093809
15,56,Liverpool,Wolverhampton,2025,5,29,1.5036951527998066,0.8558921261326713
15,56,Southampton,Wolverhampton,2025,5,29,1.436024767651986,1.6294168332466517
15,56,Aston,Wolverhampton,2025,5,29,1.06985003119157,1.1091414757940927
15,56,Islington,Wolverhampton,2025,5,29,1.4600220703298312,1.0600231604332007
15,56,Chelsea,Wolverhampton,2025,5,29,1.2048445016004492,1.2976476326042046
15,56,Tottenham,Wolverhampton,2025,5,29,0.20754132824545596,0.3274920849638659
15,56,Leeds,Norwich,2025,5,29,0.8526967154196685,1.0669398103471261
15,56,Liverpool,Norwich,2025,5,29,0.8076629211101105,0.5941963123714505
15,56,Southampton,Norwich,2025,5,29,1.126294207136758,1.7921851724716724
15,56,Aston,Norwich,2025,5,29,0.1232862162830666,0.6292277847709993
15,56,Islington,Norwich,2025,5,29,1.0989082722965482,0.332383463699831
15,56,Chelsea,Norwich,2025,5,29,1.5264412796565099,1.1281890388480194
15,56,Tottenham,Norwich,2025,5,29,0.4044621227736114,0.3906993112453643
15,56,Liverpool,Leeds,2025,5,29,-0.09475671165259741,3.181467156351994
15,56,Southampton,Leeds,2025,5,29,-0.17381172519676477,1.4936381471978886
15,56,Aston,Leeds,2025,5,29,-0.05699081033229222,1.1388990798372822
15,56,Islington,Leeds,2025,5,29,0.18310216176303654,0.4285701178152245
15,56,Chelsea,Leeds,2025,5,29,0.4039787297543254,0.3984448417278934
15,56,Tottenham,Leeds,2025,5,29,-0.050262988270623435,0.40708702363618765
15,56,Southampton,Liverpool,2025,5,29,2.274767345785723,1.297155943947404
15,56,Aston,Liverpool,2025,5,29,1.6383898052272776,1.2752333565285314
15,56,Islington,Liverpool,2025,5,29,2.6258773912986446,2.1171124373698014
15,56,Chelsea,Liverpool,2025,5,29,1.5629426519449519,1.236338564170479
15,56,Tottenham,Liverpool,2025,5,29,0.7806123675987556,2.2702267642862557
15,56,Aston,Southampton,2025,5,29,0.7248212799481026,2.349519675566002
15,56,Islington,Southampton,2025,5,29,1.0795526633140897,1.5799188193671583
15,56,Chelsea,Southampton,2025,5,29,0.7132171963870153,0.9633162335182464
15,56,Tottenham,Southampton,2025,5,29,0.22843604182074015,1.3793903294729748
15,56,Islington,Aston,2025,5,29,0.28866589958537453,1.2941662374347502
15,56,Chelsea,Aston,2025,5,29,0.7671019016375645,1.1784429730596717
15,56,Tottenham,Aston,2025,5,29,-0.11502424768035471,0.49257758995015916
15,56,Chelsea,Islington,2025,5,29,1.0438460652907149,0.9415052802119046
15,56,Tottenham,Islington,2025,5,29,0.202277229603573,0.5865178545119605
15,56,Tottenham,Chelsea,2025,5,29,-0.08394397812071737,0.650342070167734
15,59,Brighton,Leicester,2025,5,29,0.9261764000085223,1.527229853357345
15,59,Palace,Leicester,2025,5,29,1.4869063985755777,0.7596336230718491
15,59,Everton,Leicester,2025,5,29,1.989892981273592,1.3562428861362243
15,59,Watford,Leicester,2025,5,29,3.3828671959563095,0.18879409885332066
15,59,Burnley,Leicester,2025,5,29,1.9872896098728623,0.908049209149867
15,59,Brentford,Leicester,2025,5,29,2.142013194373371,0.052677335436710285
15,59,West Ham,Leicester,2025,5,29,2.307823690039079,0.4978578062681986
15,59,United,Leicester,2025,5,29,1.9004824713746329,0.8889217367977985
15,59,Newcastle,Leicester,2025,5,29,2.95641449710422,1.201198822995461
15,59,City,Leicester,2025,5,29,1.1931620779499779,0.819495530206427
15,59,Wolverhampton,Leicester,2025,5,29,2.0257337304174348,0.3830695672431789
15,59,Norwich,Leicester,2025,5,29,2.296651659191509,0.6876196912051556
15,59,Leeds,Leicester,2025,5,29,2.1123945373792563,0.4479642809791912
15,59,Liverpool,Leicester,2025,5,29,1.8446004867825572,0.5765014562104847
15,59,Southampton,Leicester,2025,5,29,2.001278035215963,0.7949185820093495
15,59,Aston,Leicester,2025,5,29,1.6585945549392338,0.7105536581199826
15,59,Islington,Leicester,2025,5,29,2.5121031242890908,0.6513107300692841
15,59,Chelsea,Leicester,2025,5,29,1.5027463259118907,1.2393536746908413
15,59,Tottenham,Leicester,2025,5,29,1.0414060865533825,0.5379924390742192
15,59,Palace,Brighton,2025,5,29,0.04017599947349536,1.3528949585089554
15,59,Everton,Brighton,2025,5,29,1.3371849962881452,1.0234867416044129
15,59,Watford,Brighton,2025,5,29,0.14012138859499632,0.975186844551226
15,59,Burnley,Brighton,2025,5,29,0.5579364395718726,1.0634624661354801
15,59,Brentford,Brighton,2025,5,29,1.1064012152363287,1.0010897785589068
15,59,West Ham,Brighton,2025,5,29,0.870128022447644,1.4145686908029946
15,59,United,Brighton,2025,5,29,0.17625417649635466,1.3668324936892238
15,59,Newcastle,Brighton,2025,5,29,0.5970648781502482,2.797083872792518
15,59,City,Brighton,2025,5,29,0.6278783195728456,2.7011950526430466
15,59,Wolverhampton,Brighton,2025,5,29,0.5815056212106662,2.6171642337331886
15,59,Norwich,Brighton,2025,5,29,0.26705685540073026,3.10615288041097
15,59,Leeds,Brighton,2025,5,29,0.3707138776425395,1.313175063144817
15,59,Liverpool,Brighton,2025,5,29,0.5364945803804257,3.1112456595740405
15,59,Southampton,Brighton,2025,5,29,0.3429287714812898,1.720515010905227
15,59,Aston,Brighton,2025,5,29,0.2014547012348749,2.583450999931067
15,59,Islington,Brighton,2025,5,29,0.5904425661912256,1.5670970674444806
15,59,Chelsea,Brighton,2025,5,29,1.0203180771263007,1.091585029374728
15,59,Tottenham,Brighton,2025,5,29,0.07172964074684757,1.5369487262960388
15,59,Everton,Palace,2025,5,29,1.0859907619106646,0.9857775310700618
15,59,Watford,Palace,2025,5,29,3.316127908690041,0.8677315552200964
15,59,Burnley,Palace,2025,5,29,2.5035251148474793,1.324042019983812
15,59,Brentford,Palace,2025,5,29,3.2552740167229244,0.4945123440783045
15,59,West Ham,Palace,2025,5,29,3.0665549620710015,0.6271285569060162
15,59,United,Palace,2025,5,29,2.588541872238606,1.4082459341142601
15,59,Newcastle,Palace,2025,5,29,3.318743475459213,1.3077505859644067
15,59,City,Palace,2025,5,29,0.320014050999362,1.115506894452117
15,59,Wolverhampton,Palace,2025,5,29,2.577813686727063,1.6894971208023954
15,59,Norwich,Palace,2025,5,29,3.2673978874236864,0.9362211698252582
15,59,Leeds,Palace,2025,5,29,1.6422548372209664,1.143407149255963
15,59,Liverpool,Palace,2025,5,29,2.9433028412201456,1.4226840122525
15,59,Southampton,Palace,2025,5,29,1.3945499034001556,1.0683808774569972
15,59,Aston,Palace,2025,5,29,2.703058390599847,1.0984666417747395
15,59,Islington,Palace,2025,5,29,1.5520319203690667,0.502653097910691
15,59,Chelsea,Palace,2025,5,29,0.8976427879989454,0.9142683458275971
15,59,Tottenham,Palace,2025,5,29,0.35800557448094666,0.865088765943884
15,59,Watford,Everton,2025,5,29,0.47952104998704836,0.02187186901048513
15,59,Burnley,Everton,2025,5,29,0.5819438932907703,0.6703667544143822
15,59,Brentford,Everton,2025,5,29,0.6810660831509326,0.08508045722491146
15,59,West Ham,Everton,2025,5,29,0.5239737822747604,0.2808532459382901
15,59,United,Everton,2025,5,29,0.20849178216109854,0.5526904888145073
15,59,Newcastle,Everton,2025,5,29,0.9799364342863431,0.4976165871260853
15,59,City,Everton,2025,5,29,0.41758575517267726,0.8804188710825179
15,59,Wolverhampton,Everton,2025,5,29,1.1633376543186733,0.6964240452303013
15,59,Norwich,Everton,2025,5,29,-0.2777402537391682,0.3259403676324918
15,59,Leeds,Everton,2025,5,29,0.06861922735307606,0.03125635746434119
15,59,Liverpool,Everton,2025,5,29,0.18801604023186697,0.4456256735682834
15,59,Southampton,Everton,2025,5,29,-0.3418748856789818,0.028860549631555363
15,59,Aston,Everton,2025,5,29,0.4032238350445623,0.28357597951067676
15,59,Islington,Everton,2025,5,29,0.28884095897167955,0.27879486184891017
15,59,Chelsea,Everton,2025,5,29,0.493224149033808,1.049660579330575
15,59,Tottenham,Everton,2025,5,29,-0.2154685780892594,0.24261486989754513
15,59,Burnley,Watford,2025,5,29,2.7862929339566307,1.211990007482536
15,59,Brentford,Watford,2025,5,29,3.144296943759435,0.3687037040690914
15,59,West Ham,Watford,2025,5,29,2.9577302438634225,0.7044004756244382
15,59,United,Watford,2025,5,29,2.6473887671394767,0.8483550782995313
15,59,Newcastle,Watford,2025,5,29,3.2175310957949272,1.138450727109908
15,59,City,Watford,2025,5,29,0.8655991089339764,1.107834347838571
15,59,Wolverhampton,Watford,2025,5,29,2.716387350806612,1.897096368744337
15,59,Norwich,Watford,2025,5,29,3.0524132263678574,1.1930577920481376
15,59,Leeds,Watford,2025,5,29,1.9817941572426983,0.4798123700579854
15,59,Liverpool,Watford,2025,5,29,2.900891406907736,1.097074343697416
15,59,Southampton,Watford,2025,5,29,1.7214752741639807,0.6131381129454547
15,59,Aston,Watford,2025,5,29,2.7129460323739023,0.9740282146946351
15,59,Islington,Watford,2025,5,29,1.889693514791233,0.33866524478784654
15,59,Chelsea,Watford,2025,5,29,1.2229870300385206,1.271596684897884
15,59,Tottenham,Watford,2025,5,29,0.9141100263196481,1.2575951669852472
15,59,Brentford,Burnley,2025,5,29,2.6889456794844415,0.5188934482151103
15,59,West Ham,Burnley,2025,5,29,2.1266981790991553,1.0614832453230918
15,59,United,Burnley,2025,5,29,1.8897467269621833,1.623497734298649
15,59,Newcastle,Burnley,2025,5,29,2.66527091592313,1.706495099334899
15,59,City,Burnley,2025,5,29,-0.4374156050121535,1.607529443841373
15,59,Wolverhampton,Burnley,2025,5,29,1.5286893712149332,2.1923007833703925
15,59,Norwich,Burnley,2025,5,29,1.1743560574870724,1.8594642390169331
15,59,Leeds,Burnley,2025,5,29,0.19846278450476407,1.7627338678799425
15,59,Liverpool,Burnley,2025,5,29,1.9718978820576214,1.4509560336477303
15,59,Southampton,Burnley,2025,5,29,0.032062128197050795,1.116377382093199
15,59,Aston,Burnley,2025,5,29,1.702910778584498,1.2744377192325473
15,59,Islington,Burnley,2025,5,29,0.42574987472473197,1.0998409240469669
15,59,Chelsea,Burnley,2025,5,29,0.5306527064206118,1.444909962206044
15,59,Tottenham,Burnley,2025,5,29,-0.5622797745566679,1.356124682413459
15,59,West Ham,Brentford,2025,5,29,0.9644527325996737,0.42419749309066945
15,59,United,Brentford,2025,5,29,0.5232659368034146,0.8014931694357813
15,59,Newcastle,Brentford,2025,5,29,1.2740571759910908,1.141197692256682
15,59,City,Brentford,2025,5,29,0.40015598374936573,0.8733004954232061
15,59,Wolverhampton,Brentford,2025,5,29,0.8814324121680707,1.3121559144099224
15,59,Norwich,Brentford,2025,5,29,-0.22102512161214058,0.47438014933081524
15,59,Leeds,Brentford,2025,5,29,0.4667548269245301,0.428287308677735
15,59,Liverpool,Brentford,2025,5,29,0.52729445358226,0.45671813034785164
15,59,Southampton,Brentford,2025,5,29,0.016555208990306818,0.1865196273545104
15,59,Aston,Brentford,2025,5,29,0.6825701660989933,0.6883171578986927
15,59,Islington,Brentford,2025,5,29,0.31304161082715426,0.5881057900006788
15,59,Chelsea,Brentford,2025,5,29,0.7786537380948156,1.2036443721913146
15,59,Tottenham,Brentford,2025,5,29,-0.201197462247824,0.8001923038289881
15,59,United,West Ham,2025,5,29,1.5934393345709676,1.4883181084769
15,59,Newcastle,West Ham,2025,5,29,2.899188894980541,1.1410084614878944
15,59,City,West Ham,2025,5,29,0.9076781826938001,1.6571771121074261
15,59,Wolverhampton,West Ham,2025,5,29,1.4045489826047837,2.5807988882444755
15,59,Norwich,West Ham,2025,5,29,1.138525194761729,1.886528526076106
15,59,Leeds,West Ham,2025,5,29,1.4238567336386363,1.2825846766618314
15,59,Liverpool,West Ham,2025,5,29,1.562749637160159,2.424558986185611
15,59,Southampton,West Ham,2025,5,29,1.2299013251508089,0.9926025482976958
15,59,Aston,West Ham,2025,5,29,1.6235046957299721,1.1387034077569427
15,59,Islington,West Ham,2025,5,29,1.415562992854041,1.3309311963017572
15,59,Chelsea,West Ham,2025,5,29,1.6871031043953508,0.6044390236993111
15,59,Tottenham,West Ham,2025,5,29,0.6290438944731084,0.9856125680892341
15,59,Newcastle,United,2025,5,29,2.521359615916398,0.7482773772877348
15,59,City,United,2025,5,29,0.21161111333265833,0.8474626766785275
15,59,Wolverhampton,United,2025,5,29,2.0245509029672606,0.7032203291018607
15,59,Norwich,United,2025,5,29,2.139433432715255,0.8819429767727719
15,59,Leeds,United,2025,5,29,1.2503216630462424,0.3408727199970453
15,59,Liverpool,United,2025,5,29,2.409509911143291,0.9375292493374878
15,59,Southampton,United,2025,5,29,1.061904885293766,0.9020585116113417
15,59,Aston,United,2025,5,29,2.0447877173821807,0.3070830801471029
15,59,Islington,United,2025,5,29,1.4750835054702074,0.781773659526234
15,59,Chelsea,United,2025,5,29,0.666762730833315,0.9208076467291157
15,59,Tottenham,United,2025,5,29,0.013870573828109484,0.006347862940484601
15,59,City,Newcastle,2025,5,29,0.18971926278924842,0.8307439339662442
15,59,Wolverhampton,Newcastle,2025,5,29,0.658799904190538,0.933217110063333
15,59,Norwich,Newcastle,2025,5,29,1.7789799633796324,0.34485902863007034
15,59,Leeds,Newcastle,2025,5,29,0.9421948248753281,0.3291163911398792
15,59,Liverpool,Newcastle,2025,5,29,1.921368205280636,0.4431613124541731
15,59,Southampton,Newcastle,2025,5,29,0.9302094129587185,0.5863564121033286
15,59,Aston,Newcastle,2025,5,29,1.43245620837262,0.4665383454837839
15,59,Islington,Newcastle,2025,5,29,1.0847122879351283,0.3691433161508548
15,59,Chelsea,Newcastle,2025,5,29,1.161231425677293,1.6847669517324122
15,59,Tottenham,Newcastle,2025,5,29,0.2035379740698808,0.634895696318921
15,59,Wolverhampton,City,2025,5,29,0.9923749875417026,1.102741735807742
15,59,Norwich,City,2025,5,29,1.0076322305505383,2.1662599755507346
15,59,Leeds,City,2025,5,29,0.838748119984076,1.2159250187683228
15,59,Liverpool,City,2025,5,29,1.0893814406167164,1.5647595028122498
15,59,Southampton,City,2025,5,29,1.3377326186209635,1.7571935652348818
15,59,Aston,City,2025,5,29,0.9735689522477855,1.5188218113593372
15,59,Islington,City,2025,5,29,1.3217021159265814,1.4716889738920191
15,59,Chelsea,City,2025,5,29,1.253638540306903,0.9237954378409035
15,59,Tottenham,City,2025,5,29,0.5627821411428169,0.5224910657469406
15,59,Norwich,Wolverhampton,2025,5,29,1.1047677631068844,1.004563614817028
15,59,Leeds,Wolverhampton,2025,5,29,0.9126339134715185,1.421436331093809
15,59,Liverpool,Wolverhampton,2025,5,29,1.5036951527998066,0.8558921261326713
15,59,Southampton,Wolverhampton,2025,5,29,1.436024767651986,1.6294168332466517
15,59,Aston,Wolverhampton,2025,5,29,1.06985003119157,1.1091414757940927
15,59,Islington,Wolverhampton,2025,5,29,1.4600220703298312,1.0600231604332007
15,59,Chelsea,Wolverhampton,2025,5,29,1.2048445016004492,1.2976476326042046
15,59,Tottenham,Wolverhampton,2025,5,29,0.20754132824545596,0.3274920849638659
15,59,Leeds,Norwich,2025,5,29,0.8526967154196685,1.0669398103471261
15,59,Liverpool,Norwich,2025,5,29,0.8076629211101105,0.5941963123714505
15,59,Southampton,Norwich,2025,5,29,1.126294207136758,1.7921851724716724
15,59,Aston,Norwich,2025,5,29,0.1232862162830666,0.6292277847709993
15,59,Islington,Norwich,2025,5,29,1.0989082722965482,0.332383463699831
15,59,Chelsea,Norwich,2025,5,29,1.5264412796565099,1.1281890388480194
15,59,Tottenham,Norwich,2025,5,29,0.4044621227736114,0.3906993112453643
15,59,Liverpool,Leeds,2025,5,29,-0.09475671165259741,3.181467156351994
15,59,Southampton,Leeds,2025,5,29,-0.17381172519676477,1.4936381471978886
15,59,Aston,Leeds,2025,5,29,-0.05699081033229222,1.1388990798372822
15,59,Islington,Leeds,2025,5,29,0.18310216176303654,0.4285701178152245
15,59,Chelsea,Leeds,2025,5,29,0.4039787297543254,0.3984448417278934
15,59,Tottenham,Leeds,2025,5,29,-0.050262988270623435,0.40708702363618765
15,59,Southampton,Liverpool,2025,5,29,2.274767345785723,1.297155943947404
15,59,Aston,Liverpool,2025,5,29,1.6383898052272776,1.2752333565285314
15,59,Islington,Liverpool,2025,5,29,2.6258773912986446,2.1171124373698014
15,59,Chelsea,Liverpool,2025,5,29,1.5629426519449519,1.236338564170479
15,59,Tottenham,Liverpool,2025,5,29,0.7806123675987556,2.2702267642862557
15,59,Aston,Southampton,2025,5,29,0.7248212799481026,2.349519675566002
15,59,Islington,Southampton,2025,5,29,1.0795526633140897,1.5799188193671583
15,59,Chelsea,Southampton,2025,5,29,0.7132171963870153,0.9633162335182464
15,59,Tottenham,Southampton,2025,5,29,0.22843604182074015,1.3793903294729748
15,59,Islington,Aston,2025,5,29,0.28866589958537453,1.2941662374347502
15,59,Chelsea,Aston,2025,5,29,0.7671019016375645,1.1784429730596717
15,59,Tottenham,Aston,2025,5,29,-0.11502424768035471,0.49257758995015916
15,59,Chelsea,Islington,2025,5,29,1.0438460652907149,0.9415052802119046
15,59,Tottenham,Islington,2025,5,29,0.202277229603573,0.5865178545119605
15,59,Tottenham,Chelsea,2025,5,29,-0.08394397812071737,0.650342070167734
