HORA,COLUNA,Time_Contra,Time_Casa
13,2,Marrocos,Argentina
13,2,País de Gales,Argentina
13,2,Alemanha,Argentina
13,2,Portugal,Argentina
13,2,Suíça,Argentina
13,2,Uruguai,Argentina
13,2,Gana,Argentina
13,2,Irã,Argentina
13,2,Austrália,Argentina
13,2,Bélgica,Argentina
13,2,Equador,Argentina
13,2,Países Baixos,Argentina
13,2,Costa Rica,Argentina
13,2,Espanha,Argentina
13,2,Tunísia,Argentina
13,2,Polônia,Argentina
13,2,França,Argentina
13,2,Coreia do Sul,Argentina
13,2,Dinamarca,Argentina
13,2,Sérvia,Argentina
13,2,México,Argentina
13,2,Arábia Saudita,Argentina
13,2,Qatar,Argentina
13,2,Senegal,Argentina
13,2,Japão,Argentina
13,2,Camarões,Argentina
13,2,Canadá,Argentina
13,2,Inglaterra,Argentina
13,2,EUA,Argentina
13,2,Brasil,Argentina
13,2,Croácia,Argentina
13,2,País de Gales,Marrocos
13,2,Alemanha,Marrocos
13,2,Portugal,Marrocos
13,2,Suíça,Marrocos
13,2,Uruguai,Marrocos
13,2,Gana,Marrocos
13,2,Irã,Marrocos
13,2,Austrália,Marrocos
13,2,Bélgica,Marrocos
13,2,Equador,Marrocos
13,2,Países Baixos,Marrocos
13,2,Costa Rica,Marrocos
13,2,Espanha,Marrocos
13,2,Tunísia,Marrocos
13,2,Polônia,Marrocos
13,2,França,Marrocos
13,2,Coreia do Sul,Marrocos
13,2,Dinamarca,Marrocos
13,2,Sérvia,Marrocos
13,2,México,Marrocos
13,2,Arábia Saudita,Marrocos
13,2,Qatar,Marrocos
13,2,Senegal,Marrocos
13,2,Japão,Marrocos
13,2,Camarões,Marrocos
13,2,Canadá,Marrocos
13,2,Inglaterra,Marrocos
13,2,EUA,Marrocos
13,2,Brasil,Marrocos
13,2,Croácia,Marrocos
13,2,Alemanha,País de Gales
13,2,Portugal,País de Gales
13,2,Suíça,País de Gales
13,2,Uruguai,País de Gales
13,2,Gana,País de Gales
13,2,Irã,País de Gales
13,2,Austrália,País de Gales
13,2,Bélgica,País de Gales
13,2,Equador,País de Gales
13,2,Países Baixos,País de Gales
13,2,Costa Rica,País de Gales
13,2,Espanha,País de Gales
13,2,Tunísia,País de Gales
13,2,Polônia,País de Gales
13,2,França,País de Gales
13,2,Coreia do Sul,País de Gales
13,2,Dinamarca,País de Gales
13,2,Sérvia,País de Gales
13,2,México,País de Gales
13,2,Arábia Saudita,País de Gales
13,2,Qatar,País de Gales
13,2,Senegal,País de Gales
13,2,Japão,País de Gales
13,2,Camarões,País de Gales
13,2,Canadá,País de Gales
13,2,Inglaterra,País de Gales
13,2,EUA,País de Gales
13,2,Brasil,País de Gales
13,2,Croácia,País de Gales
13,2,Portugal,Alemanha
13,2,Suíça,Alemanha
13,2,Uruguai,Alemanha
13,2,Gana,Alemanha
13,2,Irã,Alemanha
13,2,Austrália,Alemanha
13,2,Bélgica,Alemanha
13,2,Equador,Alemanha
13,2,Países Baixos,Alemanha
13,2,Costa Rica,Alemanha
13,2,Espanha,Alemanha
13,2,Tunísia,Alemanha
13,2,Polônia,Alemanha
13,2,França,Alemanha
13,2,Coreia do Sul,Alemanha
13,2,Dinamarca,Alemanha
13,2,Sérvia,Alemanha
13,2,México,Alemanha
13,2,Arábia Saudita,Alemanha
13,2,Qatar,Alemanha
13,2,Senegal,Alemanha
13,2,Japão,Alemanha
13,2,Camarões,Alemanha
13,2,Canadá,Alemanha
13,2,Inglaterra,Alemanha
13,2,EUA,Alemanha
13,2,Brasil,Alemanha
13,2,Croácia,Alemanha
13,2,Suíça,Portugal
13,2,Uruguai,Portugal
13,2,Gana,Portugal
13,2,Irã,Portugal
13,2,Austrália,Portugal
13,2,Bélgica,Portugal
13,2,Equador,Portugal
13,2,Países Baixos,Portugal
13,2,Costa Rica,Portugal
13,2,Espanha,Portugal
13,2,Tunísia,Portugal
13,2,Polônia,Portugal
13,2,França,Portugal
13,2,Coreia do Sul,Portugal
13,2,Dinamarca,Portugal
13,2,Sérvia,Portugal
13,2,México,Portugal
13,2,Arábia Saudita,Portugal
13,2,Qatar,Portugal
13,2,Senegal,Portugal
13,2,Japão,Portugal
13,2,Camarões,Portugal
13,2,Canadá,Portugal
13,2,Inglaterra,Portugal
13,2,EUA,Portugal
13,2,Brasil,Portugal
13,2,Croácia,Portugal
13,2,Uruguai,Suíça
13,2,Gana,Suíça
13,2,Irã,Suíça
13,2,Austrália,Suíça
13,2,Bélgica,Suíça
13,2,Equador,Suíça
13,2,Países Baixos,Suíça
13,2,Costa Rica,Suíça
13,2,Espanha,Suíça
13,2,Tunísia,Suíça
13,2,Polônia,Suíça
13,2,França,Suíça
13,2,Coreia do Sul,Suíça
13,2,Dinamarca,Suíça
13,2,Sérvia,Suíça
13,2,México,Suíça
13,2,Arábia Saudita,Suíça
13,2,Qatar,Suíça
13,2,Senegal,Suíça
13,2,Japão,Suíça
13,2,Camarões,Suíça
13,2,Canadá,Suíça
13,2,Inglaterra,Suíça
13,2,EUA,Suíça
13,2,Brasil,Suíça
13,2,Croácia,Suíça
13,2,Gana,Uruguai
13,2,Irã,Uruguai
13,2,Austrália,Uruguai
13,2,Bélgica,Uruguai
13,2,Equador,Uruguai
13,2,Países Baixos,Uruguai
13,2,Costa Rica,Uruguai
13,2,Espanha,Uruguai
13,2,Tunísia,Uruguai
13,2,Polônia,Uruguai
13,2,França,Uruguai
13,2,Coreia do Sul,Uruguai
13,2,Dinamarca,Uruguai
13,2,Sérvia,Uruguai
13,2,México,Uruguai
13,2,Arábia Saudita,Uruguai
13,2,Qatar,Uruguai
13,2,Senegal,Uruguai
13,2,Japão,Uruguai
13,2,Camarões,Uruguai
13,2,Canadá,Uruguai
13,2,Inglaterra,Uruguai
13,2,EUA,Uruguai
13,2,Brasil,Uruguai
13,2,Croácia,Uruguai
13,2,Irã,Gana
13,2,Austrália,Gana
13,2,Bélgica,Gana
13,2,Equador,Gana
13,2,Países Baixos,Gana
13,2,Costa Rica,Gana
13,2,Espanha,Gana
13,2,Tunísia,Gana
13,2,Polônia,Gana
13,2,França,Gana
13,2,Coreia do Sul,Gana
13,2,Dinamarca,Gana
13,2,Sérvia,Gana
13,2,México,Gana
13,2,Arábia Saudita,Gana
13,2,Qatar,Gana
13,2,Senegal,Gana
13,2,Japão,Gana
13,2,Camarões,Gana
13,2,Canadá,Gana
13,2,Inglaterra,Gana
13,2,EUA,Gana
13,2,Brasil,Gana
13,2,Croácia,Gana
13,2,Austrália,Irã
13,2,Bélgica,Irã
13,2,Equador,Irã
13,2,Países Baixos,Irã
13,2,Costa Rica,Irã
13,2,Espanha,Irã
13,2,Tunísia,Irã
13,2,Polônia,Irã
13,2,França,Irã
13,2,Coreia do Sul,Irã
13,2,Dinamarca,Irã
13,2,Sérvia,Irã
13,2,México,Irã
13,2,Arábia Saudita,Irã
13,2,Qatar,Irã
13,2,Senegal,Irã
13,2,Japão,Irã
13,2,Camarões,Irã
13,2,Canadá,Irã
13,2,Inglaterra,Irã
13,2,EUA,Irã
13,2,Brasil,Irã
13,2,Croácia,Irã
13,2,Bélgica,Austrália
13,2,Equador,Austrália
13,2,Países Baixos,Austrália
13,2,Costa Rica,Austrália
13,2,Espanha,Austrália
13,2,Tunísia,Austrália
13,2,Polônia,Austrália
13,2,França,Austrália
13,2,Coreia do Sul,Austrália
13,2,Dinamarca,Austrália
13,2,Sérvia,Austrália
13,2,México,Austrália
13,2,Arábia Saudita,Austrália
13,2,Qatar,Austrália
13,2,Senegal,Austrália
13,2,Japão,Austrália
13,2,Camarões,Austrália
13,2,Canadá,Austrália
13,2,Inglaterra,Austrália
13,2,EUA,Austrália
13,2,Brasil,Austrália
13,2,Croácia,Austrália
13,2,Equador,Bélgica
13,2,Países Baixos,Bélgica
13,2,Costa Rica,Bélgica
13,2,Espanha,Bélgica
13,2,Tunísia,Bélgica
13,2,Polônia,Bélgica
13,2,França,Bélgica
13,2,Coreia do Sul,Bélgica
13,2,Dinamarca,Bélgica
13,2,Sérvia,Bélgica
13,2,México,Bélgica
13,2,Arábia Saudita,Bélgica
13,2,Qatar,Bélgica
13,2,Senegal,Bélgica
13,2,Japão,Bélgica
13,2,Camarões,Bélgica
13,2,Canadá,Bélgica
13,2,Inglaterra,Bélgica
13,2,EUA,Bélgica
13,2,Brasil,Bélgica
13,2,Croácia,Bélgica
13,2,Países Baixos,Equador
13,2,Costa Rica,Equador
13,2,Espanha,Equador
13,2,Tunísia,Equador
13,2,Polônia,Equador
13,2,França,Equador
13,2,Coreia do Sul,Equador
13,2,Dinamarca,Equador
13,2,Sérvia,Equador
13,2,México,Equador
13,2,Arábia Saudita,Equador
13,2,Qatar,Equador
13,2,Senegal,Equador
13,2,Japão,Equador
13,2,Camarões,Equador
13,2,Canadá,Equador
13,2,Inglaterra,Equador
13,2,EUA,Equador
13,2,Brasil,Equador
13,2,Croácia,Equador
13,2,Costa Rica,Países Baixos
13,2,Espanha,Países Baixos
13,2,Tunísia,Países Baixos
13,2,Polônia,Países Baixos
13,2,França,Países Baixos
13,2,Coreia do Sul,Países Baixos
13,2,Dinamarca,Países Baixos
13,2,Sérvia,Países Baixos
13,2,México,Países Baixos
13,2,Arábia Saudita,Países Baixos
13,2,Qatar,Países Baixos
13,2,Senegal,Países Baixos
13,2,Japão,Países Baixos
13,2,Camarões,Países Baixos
13,2,Canadá,Países Baixos
13,2,Inglaterra,Países Baixos
13,2,EUA,Países Baixos
13,2,Brasil,Países Baixos
13,2,Croácia,Países Baixos
13,2,Espanha,Costa Rica
13,2,Tunísia,Costa Rica
13,2,Polônia,Costa Rica
13,2,França,Costa Rica
13,2,Coreia do Sul,Costa Rica
13,2,Dinamarca,Costa Rica
13,2,Sérvia,Costa Rica
13,2,México,Costa Rica
13,2,Arábia Saudita,Costa Rica
13,2,Qatar,Costa Rica
13,2,Senegal,Costa Rica
13,2,Japão,Costa Rica
13,2,Camarões,Costa Rica
13,2,Canadá,Costa Rica
13,2,Inglaterra,Costa Rica
13,2,EUA,Costa Rica
13,2,Brasil,Costa Rica
13,2,Croácia,Costa Rica
13,2,Tunísia,Espanha
13,2,Polônia,Espanha
13,2,França,Espanha
13,2,Coreia do Sul,Espanha
13,2,Dinamarca,Espanha
13,2,Sérvia,Espanha
13,2,México,Espanha
13,2,Arábia Saudita,Espanha
13,2,Qatar,Espanha
13,2,Senegal,Espanha
13,2,Japão,Espanha
13,2,Camarões,Espanha
13,2,Canadá,Espanha
13,2,Inglaterra,Espanha
13,2,EUA,Espanha
13,2,Brasil,Espanha
13,2,Croácia,Espanha
13,2,Polônia,Tunísia
13,2,França,Tunísia
13,2,Coreia do Sul,Tunísia
13,2,Dinamarca,Tunísia
13,2,Sérvia,Tunísia
13,2,México,Tunísia
13,2,Arábia Saudita,Tunísia
13,2,Qatar,Tunísia
13,2,Senegal,Tunísia
13,2,Japão,Tunísia
13,2,Camarões,Tunísia
13,2,Canadá,Tunísia
13,2,Inglaterra,Tunísia
13,2,EUA,Tunísia
13,2,Brasil,Tunísia
13,2,Croácia,Tunísia
13,2,França,Polônia
13,2,Coreia do Sul,Polônia
13,2,Dinamarca,Polônia
13,2,Sérvia,Polônia
13,2,México,Polônia
13,2,Arábia Saudita,Polônia
13,2,Qatar,Polônia
13,2,Senegal,Polônia
13,2,Japão,Polônia
13,2,Camarões,Polônia
13,2,Canadá,Polônia
13,2,Inglaterra,Polônia
13,2,EUA,Polônia
13,2,Brasil,Polônia
13,2,Croácia,Polônia
13,2,Coreia do Sul,França
13,2,Dinamarca,França
13,2,Sérvia,França
13,2,México,França
13,2,Arábia Saudita,França
13,2,Qatar,França
13,2,Senegal,França
13,2,Japão,França
13,2,Camarões,França
13,2,Canadá,França
13,2,Inglaterra,França
13,2,EUA,França
13,2,Brasil,França
13,2,Croácia,França
13,2,Dinamarca,Coreia do Sul
13,2,Sérvia,Coreia do Sul
13,2,México,Coreia do Sul
13,2,Arábia Saudita,Coreia do Sul
13,2,Qatar,Coreia do Sul
13,2,Senegal,Coreia do Sul
13,2,Japão,Coreia do Sul
13,2,Camarões,Coreia do Sul
13,2,Canadá,Coreia do Sul
13,2,Inglaterra,Coreia do Sul
13,2,EUA,Coreia do Sul
13,2,Brasil,Coreia do Sul
13,2,Croácia,Coreia do Sul
13,2,Sérvia,Dinamarca
13,2,México,Dinamarca
13,2,Arábia Saudita,Dinamarca
13,2,Qatar,Dinamarca
13,2,Senegal,Dinamarca
13,2,Japão,Dinamarca
13,2,Camarões,Dinamarca
13,2,Canadá,Dinamarca
13,2,Inglaterra,Dinamarca
13,2,EUA,Dinamarca
13,2,Brasil,Dinamarca
13,2,Croácia,Dinamarca
13,2,México,Sérvia
13,2,Arábia Saudita,Sérvia
13,2,Qatar,Sérvia
13,2,Senegal,Sérvia
13,2,Japão,Sérvia
13,2,Camarões,Sérvia
13,2,Canadá,Sérvia
13,2,Inglaterra,Sérvia
13,2,EUA,Sérvia
13,2,Brasil,Sérvia
13,2,Croácia,Sérvia
13,2,Arábia Saudita,México
13,2,Qatar,México
13,2,Senegal,México
13,2,Japão,México
13,2,Camarões,México
13,2,Canadá,México
13,2,Inglaterra,México
13,2,EUA,México
13,2,Brasil,México
13,2,Croácia,México
13,2,Qatar,Arábia Saudita
13,2,Senegal,Arábia Saudita
13,2,Japão,Arábia Saudita
13,2,Camarões,Arábia Saudita
13,2,Canadá,Arábia Saudita
13,2,Inglaterra,Arábia Saudita
13,2,EUA,Arábia Saudita
13,2,Brasil,Arábia Saudita
13,2,Croácia,Arábia Saudita
13,2,Senegal,Qatar
13,2,Japão,Qatar
13,2,Camarões,Qatar
13,2,Canadá,Qatar
13,2,Inglaterra,Qatar
13,2,EUA,Qatar
13,2,Brasil,Qatar
13,2,Croácia,Qatar
13,2,Japão,Senegal
13,2,Camarões,Senegal
13,2,Canadá,Senegal
13,2,Inglaterra,Senegal
13,2,EUA,Senegal
13,2,Brasil,Senegal
13,2,Croácia,Senegal
13,2,Camarões,Japão
13,2,Canadá,Japão
13,2,Inglaterra,Japão
13,2,EUA,Japão
13,2,Brasil,Japão
13,2,Croácia,Japão
13,2,Canadá,Camarões
13,2,Inglaterra,Camarões
13,2,EUA,Camarões
13,2,Brasil,Camarões
13,2,Croácia,Camarões
13,2,Inglaterra,Canadá
13,2,EUA,Canadá
13,2,Brasil,Canadá
13,2,Croácia,Canadá
13,2,EUA,Inglaterra
13,2,Brasil,Inglaterra
13,2,Croácia,Inglaterra
13,2,Brasil,EUA
13,2,Croácia,EUA
13,2,Croácia,Brasil
13,5,Marrocos,Argentina
13,5,País de Gales,Argentina
13,5,Alemanha,Argentina
13,5,Portugal,Argentina
13,5,Suíça,Argentina
13,5,Uruguai,Argentina
13,5,Gana,Argentina
13,5,Irã,Argentina
13,5,Austrália,Argentina
13,5,Bélgica,Argentina
13,5,Equador,Argentina
13,5,Países Baixos,Argentina
13,5,Costa Rica,Argentina
13,5,Espanha,Argentina
13,5,Tunísia,Argentina
13,5,Polônia,Argentina
13,5,França,Argentina
13,5,Coreia do Sul,Argentina
13,5,Dinamarca,Argentina
13,5,Sérvia,Argentina
13,5,México,Argentina
13,5,Arábia Saudita,Argentina
13,5,Qatar,Argentina
13,5,Senegal,Argentina
13,5,Japão,Argentina
13,5,Camarões,Argentina
13,5,Canadá,Argentina
13,5,Inglaterra,Argentina
13,5,EUA,Argentina
13,5,Brasil,Argentina
13,5,Croácia,Argentina
13,5,País de Gales,Marrocos
13,5,Alemanha,Marrocos
13,5,Portugal,Marrocos
13,5,Suíça,Marrocos
13,5,Uruguai,Marrocos
13,5,Gana,Marrocos
13,5,Irã,Marrocos
13,5,Austrália,Marrocos
13,5,Bélgica,Marrocos
13,5,Equador,Marrocos
13,5,Países Baixos,Marrocos
13,5,Costa Rica,Marrocos
13,5,Espanha,Marrocos
13,5,Tunísia,Marrocos
13,5,Polônia,Marrocos
13,5,França,Marrocos
13,5,Coreia do Sul,Marrocos
13,5,Dinamarca,Marrocos
13,5,Sérvia,Marrocos
13,5,México,Marrocos
13,5,Arábia Saudita,Marrocos
13,5,Qatar,Marrocos
13,5,Senegal,Marrocos
13,5,Japão,Marrocos
13,5,Camarões,Marrocos
13,5,Canadá,Marrocos
13,5,Inglaterra,Marrocos
13,5,EUA,Marrocos
13,5,Brasil,Marrocos
13,5,Croácia,Marrocos
13,5,Alemanha,País de Gales
13,5,Portugal,País de Gales
13,5,Suíça,País de Gales
13,5,Uruguai,País de Gales
13,5,Gana,País de Gales
13,5,Irã,País de Gales
13,5,Austrália,País de Gales
13,5,Bélgica,País de Gales
13,5,Equador,País de Gales
13,5,Países Baixos,País de Gales
13,5,Costa Rica,País de Gales
13,5,Espanha,País de Gales
13,5,Tunísia,País de Gales
13,5,Polônia,País de Gales
13,5,França,País de Gales
13,5,Coreia do Sul,País de Gales
13,5,Dinamarca,País de Gales
13,5,Sérvia,País de Gales
13,5,México,País de Gales
13,5,Arábia Saudita,País de Gales
13,5,Qatar,País de Gales
13,5,Senegal,País de Gales
13,5,Japão,País de Gales
13,5,Camarões,País de Gales
13,5,Canadá,País de Gales
13,5,Inglaterra,País de Gales
13,5,EUA,País de Gales
13,5,Brasil,País de Gales
13,5,Croácia,País de Gales
13,5,Portugal,Alemanha
13,5,Suíça,Alemanha
13,5,Uruguai,Alemanha
13,5,Gana,Alemanha
13,5,Irã,Alemanha
13,5,Austrália,Alemanha
13,5,Bélgica,Alemanha
13,5,Equador,Alemanha
13,5,Países Baixos,Alemanha
13,5,Costa Rica,Alemanha
13,5,Espanha,Alemanha
13,5,Tunísia,Alemanha
13,5,Polônia,Alemanha
13,5,França,Alemanha
13,5,Coreia do Sul,Alemanha
13,5,Dinamarca,Alemanha
13,5,Sérvia,Alemanha
13,5,México,Alemanha
13,5,Arábia Saudita,Alemanha
13,5,Qatar,Alemanha
13,5,Senegal,Alemanha
13,5,Japão,Alemanha
13,5,Camarões,Alemanha
13,5,Canadá,Alemanha
13,5,Inglaterra,Alemanha
13,5,EUA,Alemanha
13,5,Brasil,Alemanha
13,5,Croácia,Alemanha
13,5,Suíça,Portugal
13,5,Uruguai,Portugal
13,5,Gana,Portugal
13,5,Irã,Portugal
13,5,Austrália,Portugal
13,5,Bélgica,Portugal
13,5,Equador,Portugal
13,5,Países Baixos,Portugal
13,5,Costa Rica,Portugal
13,5,Espanha,Portugal
13,5,Tunísia,Portugal
13,5,Polônia,Portugal
13,5,França,Portugal
13,5,Coreia do Sul,Portugal
13,5,Dinamarca,Portugal
13,5,Sérvia,Portugal
13,5,México,Portugal
13,5,Arábia Saudita,Portugal
13,5,Qatar,Portugal
13,5,Senegal,Portugal
13,5,Japão,Portugal
13,5,Camarões,Portugal
13,5,Canadá,Portugal
13,5,Inglaterra,Portugal
13,5,EUA,Portugal
13,5,Brasil,Portugal
13,5,Croácia,Portugal
13,5,Uruguai,Suíça
13,5,Gana,Suíça
13,5,Irã,Suíça
13,5,Austrália,Suíça
13,5,Bélgica,Suíça
13,5,Equador,Suíça
13,5,Países Baixos,Suíça
13,5,Costa Rica,Suíça
13,5,Espanha,Suíça
13,5,Tunísia,Suíça
13,5,Polônia,Suíça
13,5,França,Suíça
13,5,Coreia do Sul,Suíça
13,5,Dinamarca,Suíça
13,5,Sérvia,Suíça
13,5,México,Suíça
13,5,Arábia Saudita,Suíça
13,5,Qatar,Suíça
13,5,Senegal,Suíça
13,5,Japão,Suíça
13,5,Camarões,Suíça
13,5,Canadá,Suíça
13,5,Inglaterra,Suíça
13,5,EUA,Suíça
13,5,Brasil,Suíça
13,5,Croácia,Suíça
13,5,Gana,Uruguai
13,5,Irã,Uruguai
13,5,Austrália,Uruguai
13,5,Bélgica,Uruguai
13,5,Equador,Uruguai
13,5,Países Baixos,Uruguai
13,5,Costa Rica,Uruguai
13,5,Espanha,Uruguai
13,5,Tunísia,Uruguai
13,5,Polônia,Uruguai
13,5,França,Uruguai
13,5,Coreia do Sul,Uruguai
13,5,Dinamarca,Uruguai
13,5,Sérvia,Uruguai
13,5,México,Uruguai
13,5,Arábia Saudita,Uruguai
13,5,Qatar,Uruguai
13,5,Senegal,Uruguai
13,5,Japão,Uruguai
13,5,Camarões,Uruguai
13,5,Canadá,Uruguai
13,5,Inglaterra,Uruguai
13,5,EUA,Uruguai
13,5,Brasil,Uruguai
13,5,Croácia,Uruguai
13,5,Irã,Gana
13,5,Austrália,Gana
13,5,Bélgica,Gana
13,5,Equador,Gana
13,5,Países Baixos,Gana
13,5,Costa Rica,Gana
13,5,Espanha,Gana
13,5,Tunísia,Gana
13,5,Polônia,Gana
13,5,França,Gana
13,5,Coreia do Sul,Gana
13,5,Dinamarca,Gana
13,5,Sérvia,Gana
13,5,México,Gana
13,5,Arábia Saudita,Gana
13,5,Qatar,Gana
13,5,Senegal,Gana
13,5,Japão,Gana
13,5,Camarões,Gana
13,5,Canadá,Gana
13,5,Inglaterra,Gana
13,5,EUA,Gana
13,5,Brasil,Gana
13,5,Croácia,Gana
13,5,Austrália,Irã
13,5,Bélgica,Irã
13,5,Equador,Irã
13,5,Países Baixos,Irã
13,5,Costa Rica,Irã
13,5,Espanha,Irã
13,5,Tunísia,Irã
13,5,Polônia,Irã
13,5,França,Irã
13,5,Coreia do Sul,Irã
13,5,Dinamarca,Irã
13,5,Sérvia,Irã
13,5,México,Irã
13,5,Arábia Saudita,Irã
13,5,Qatar,Irã
13,5,Senegal,Irã
13,5,Japão,Irã
13,5,Camarões,Irã
13,5,Canadá,Irã
13,5,Inglaterra,Irã
13,5,EUA,Irã
13,5,Brasil,Irã
13,5,Croácia,Irã
13,5,Bélgica,Austrália
13,5,Equador,Austrália
13,5,Países Baixos,Austrália
13,5,Costa Rica,Austrália
13,5,Espanha,Austrália
13,5,Tunísia,Austrália
13,5,Polônia,Austrália
13,5,França,Austrália
13,5,Coreia do Sul,Austrália
13,5,Dinamarca,Austrália
13,5,Sérvia,Austrália
13,5,México,Austrália
13,5,Arábia Saudita,Austrália
13,5,Qatar,Austrália
13,5,Senegal,Austrália
13,5,Japão,Austrália
13,5,Camarões,Austrália
13,5,Canadá,Austrália
13,5,Inglaterra,Austrália
13,5,EUA,Austrália
13,5,Brasil,Austrália
13,5,Croácia,Austrália
13,5,Equador,Bélgica
13,5,Países Baixos,Bélgica
13,5,Costa Rica,Bélgica
13,5,Espanha,Bélgica
13,5,Tunísia,Bélgica
13,5,Polônia,Bélgica
13,5,França,Bélgica
13,5,Coreia do Sul,Bélgica
13,5,Dinamarca,Bélgica
13,5,Sérvia,Bélgica
13,5,México,Bélgica
13,5,Arábia Saudita,Bélgica
13,5,Qatar,Bélgica
13,5,Senegal,Bélgica
13,5,Japão,Bélgica
13,5,Camarões,Bélgica
13,5,Canadá,Bélgica
13,5,Inglaterra,Bélgica
13,5,EUA,Bélgica
13,5,Brasil,Bélgica
13,5,Croácia,Bélgica
13,5,Países Baixos,Equador
13,5,Costa Rica,Equador
13,5,Espanha,Equador
13,5,Tunísia,Equador
13,5,Polônia,Equador
13,5,França,Equador
13,5,Coreia do Sul,Equador
13,5,Dinamarca,Equador
13,5,Sérvia,Equador
13,5,México,Equador
13,5,Arábia Saudita,Equador
13,5,Qatar,Equador
13,5,Senegal,Equador
13,5,Japão,Equador
13,5,Camarões,Equador
13,5,Canadá,Equador
13,5,Inglaterra,Equador
13,5,EUA,Equador
13,5,Brasil,Equador
13,5,Croácia,Equador
13,5,Costa Rica,Países Baixos
13,5,Espanha,Países Baixos
13,5,Tunísia,Países Baixos
13,5,Polônia,Países Baixos
13,5,França,Países Baixos
13,5,Coreia do Sul,Países Baixos
13,5,Dinamarca,Países Baixos
13,5,Sérvia,Países Baixos
13,5,México,Países Baixos
13,5,Arábia Saudita,Países Baixos
13,5,Qatar,Países Baixos
13,5,Senegal,Países Baixos
13,5,Japão,Países Baixos
13,5,Camarões,Países Baixos
13,5,Canadá,Países Baixos
13,5,Inglaterra,Países Baixos
13,5,EUA,Países Baixos
13,5,Brasil,Países Baixos
13,5,Croácia,Países Baixos
13,5,Espanha,Costa Rica
13,5,Tunísia,Costa Rica
13,5,Polônia,Costa Rica
13,5,França,Costa Rica
13,5,Coreia do Sul,Costa Rica
13,5,Dinamarca,Costa Rica
13,5,Sérvia,Costa Rica
13,5,México,Costa Rica
13,5,Arábia Saudita,Costa Rica
13,5,Qatar,Costa Rica
13,5,Senegal,Costa Rica
13,5,Japão,Costa Rica
13,5,Camarões,Costa Rica
13,5,Canadá,Costa Rica
13,5,Inglaterra,Costa Rica
13,5,EUA,Costa Rica
13,5,Brasil,Costa Rica
13,5,Croácia,Costa Rica
13,5,Tunísia,Espanha
13,5,Polônia,Espanha
13,5,França,Espanha
13,5,Coreia do Sul,Espanha
13,5,Dinamarca,Espanha
13,5,Sérvia,Espanha
13,5,México,Espanha
13,5,Arábia Saudita,Espanha
13,5,Qatar,Espanha
13,5,Senegal,Espanha
13,5,Japão,Espanha
13,5,Camarões,Espanha
13,5,Canadá,Espanha
13,5,Inglaterra,Espanha
13,5,EUA,Espanha
13,5,Brasil,Espanha
13,5,Croácia,Espanha
13,5,Polônia,Tunísia
13,5,França,Tunísia
13,5,Coreia do Sul,Tunísia
13,5,Dinamarca,Tunísia
13,5,Sérvia,Tunísia
13,5,México,Tunísia
13,5,Arábia Saudita,Tunísia
13,5,Qatar,Tunísia
13,5,Senegal,Tunísia
13,5,Japão,Tunísia
13,5,Camarões,Tunísia
13,5,Canadá,Tunísia
13,5,Inglaterra,Tunísia
13,5,EUA,Tunísia
13,5,Brasil,Tunísia
13,5,Croácia,Tunísia
13,5,França,Polônia
13,5,Coreia do Sul,Polônia
13,5,Dinamarca,Polônia
13,5,Sérvia,Polônia
13,5,México,Polônia
13,5,Arábia Saudita,Polônia
13,5,Qatar,Polônia
13,5,Senegal,Polônia
13,5,Japão,Polônia
13,5,Camarões,Polônia
13,5,Canadá,Polônia
13,5,Inglaterra,Polônia
13,5,EUA,Polônia
13,5,Brasil,Polônia
13,5,Croácia,Polônia
13,5,Coreia do Sul,França
13,5,Dinamarca,França
13,5,Sérvia,França
13,5,México,França
13,5,Arábia Saudita,França
13,5,Qatar,França
13,5,Senegal,França
13,5,Japão,França
13,5,Camarões,França
13,5,Canadá,França
13,5,Inglaterra,França
13,5,EUA,França
13,5,Brasil,França
13,5,Croácia,França
13,5,Dinamarca,Coreia do Sul
13,5,Sérvia,Coreia do Sul
13,5,México,Coreia do Sul
13,5,Arábia Saudita,Coreia do Sul
13,5,Qatar,Coreia do Sul
13,5,Senegal,Coreia do Sul
13,5,Japão,Coreia do Sul
13,5,Camarões,Coreia do Sul
13,5,Canadá,Coreia do Sul
13,5,Inglaterra,Coreia do Sul
13,5,EUA,Coreia do Sul
13,5,Brasil,Coreia do Sul
13,5,Croácia,Coreia do Sul
13,5,Sérvia,Dinamarca
13,5,México,Dinamarca
13,5,Arábia Saudita,Dinamarca
13,5,Qatar,Dinamarca
13,5,Senegal,Dinamarca
13,5,Japão,Dinamarca
13,5,Camarões,Dinamarca
13,5,Canadá,Dinamarca
13,5,Inglaterra,Dinamarca
13,5,EUA,Dinamarca
13,5,Brasil,Dinamarca
13,5,Croácia,Dinamarca
13,5,México,Sérvia
13,5,Arábia Saudita,Sérvia
13,5,Qatar,Sérvia
13,5,Senegal,Sérvia
13,5,Japão,Sérvia
13,5,Camarões,Sérvia
13,5,Canadá,Sérvia
13,5,Inglaterra,Sérvia
13,5,EUA,Sérvia
13,5,Brasil,Sérvia
13,5,Croácia,Sérvia
13,5,Arábia Saudita,México
13,5,Qatar,México
13,5,Senegal,México
13,5,Japão,México
13,5,Camarões,México
13,5,Canadá,México
13,5,Inglaterra,México
13,5,EUA,México
13,5,Brasil,México
13,5,Croácia,México
13,5,Qatar,Arábia Saudita
13,5,Senegal,Arábia Saudita
13,5,Japão,Arábia Saudita
13,5,Camarões,Arábia Saudita
13,5,Canadá,Arábia Saudita
13,5,Inglaterra,Arábia Saudita
13,5,EUA,Arábia Saudita
13,5,Brasil,Arábia Saudita
13,5,Croácia,Arábia Saudita
13,5,Senegal,Qatar
13,5,Japão,Qatar
13,5,Camarões,Qatar
13,5,Canadá,Qatar
13,5,Inglaterra,Qatar
13,5,EUA,Qatar
13,5,Brasil,Qatar
13,5,Croácia,Qatar
13,5,Japão,Senegal
13,5,Camarões,Senegal
13,5,Canadá,Senegal
13,5,Inglaterra,Senegal
13,5,EUA,Senegal
13,5,Brasil,Senegal
13,5,Croácia,Senegal
13,5,Camarões,Japão
13,5,Canadá,Japão
13,5,Inglaterra,Japão
13,5,EUA,Japão
13,5,Brasil,Japão
13,5,Croácia,Japão
13,5,Canadá,Camarões
13,5,Inglaterra,Camarões
13,5,EUA,Camarões
13,5,Brasil,Camarões
13,5,Croácia,Camarões
13,5,Inglaterra,Canadá
13,5,EUA,Canadá
13,5,Brasil,Canadá
13,5,Croácia,Canadá
13,5,EUA,Inglaterra
13,5,Brasil,Inglaterra
13,5,Croácia,Inglaterra
13,5,Brasil,EUA
13,5,Croácia,EUA
13,5,Croácia,Brasil
13,8,Marrocos,Argentina
13,8,País de Gales,Argentina
13,8,Alemanha,Argentina
13,8,Portugal,Argentina
13,8,Suíça,Argentina
13,8,Uruguai,Argentina
13,8,Gana,Argentina
13,8,Irã,Argentina
13,8,Austrália,Argentina
13,8,Bélgica,Argentina
13,8,Equador,Argentina
13,8,Países Baixos,Argentina
13,8,Costa Rica,Argentina
13,8,Espanha,Argentina
13,8,Tunísia,Argentina
13,8,Polônia,Argentina
13,8,França,Argentina
13,8,Coreia do Sul,Argentina
13,8,Dinamarca,Argentina
13,8,Sérvia,Argentina
13,8,México,Argentina
13,8,Arábia Saudita,Argentina
13,8,Qatar,Argentina
13,8,Senegal,Argentina
13,8,Japão,Argentina
13,8,Camarões,Argentina
13,8,Canadá,Argentina
13,8,Inglaterra,Argentina
13,8,EUA,Argentina
13,8,Brasil,Argentina
13,8,Croácia,Argentina
13,8,País de Gales,Marrocos
13,8,Alemanha,Marrocos
13,8,Portugal,Marrocos
13,8,Suíça,Marrocos
13,8,Uruguai,Marrocos
13,8,Gana,Marrocos
13,8,Irã,Marrocos
13,8,Austrália,Marrocos
13,8,Bélgica,Marrocos
13,8,Equador,Marrocos
13,8,Países Baixos,Marrocos
13,8,Costa Rica,Marrocos
13,8,Espanha,Marrocos
13,8,Tunísia,Marrocos
13,8,Polônia,Marrocos
13,8,França,Marrocos
13,8,Coreia do Sul,Marrocos
13,8,Dinamarca,Marrocos
13,8,Sérvia,Marrocos
13,8,México,Marrocos
13,8,Arábia Saudita,Marrocos
13,8,Qatar,Marrocos
13,8,Senegal,Marrocos
13,8,Japão,Marrocos
13,8,Camarões,Marrocos
13,8,Canadá,Marrocos
13,8,Inglaterra,Marrocos
13,8,EUA,Marrocos
13,8,Brasil,Marrocos
13,8,Croácia,Marrocos
13,8,Alemanha,País de Gales
13,8,Portugal,País de Gales
13,8,Suíça,País de Gales
13,8,Uruguai,País de Gales
13,8,Gana,País de Gales
13,8,Irã,País de Gales
13,8,Austrália,País de Gales
13,8,Bélgica,País de Gales
13,8,Equador,País de Gales
13,8,Países Baixos,País de Gales
13,8,Costa Rica,País de Gales
13,8,Espanha,País de Gales
13,8,Tunísia,País de Gales
13,8,Polônia,País de Gales
13,8,França,País de Gales
13,8,Coreia do Sul,País de Gales
13,8,Dinamarca,País de Gales
13,8,Sérvia,País de Gales
13,8,México,País de Gales
13,8,Arábia Saudita,País de Gales
13,8,Qatar,País de Gales
13,8,Senegal,País de Gales
13,8,Japão,País de Gales
13,8,Camarões,País de Gales
13,8,Canadá,País de Gales
13,8,Inglaterra,País de Gales
13,8,EUA,País de Gales
13,8,Brasil,País de Gales
13,8,Croácia,País de Gales
13,8,Portugal,Alemanha
13,8,Suíça,Alemanha
13,8,Uruguai,Alemanha
13,8,Gana,Alemanha
13,8,Irã,Alemanha
13,8,Austrália,Alemanha
13,8,Bélgica,Alemanha
13,8,Equador,Alemanha
13,8,Países Baixos,Alemanha
13,8,Costa Rica,Alemanha
13,8,Espanha,Alemanha
13,8,Tunísia,Alemanha
13,8,Polônia,Alemanha
13,8,França,Alemanha
13,8,Coreia do Sul,Alemanha
13,8,Dinamarca,Alemanha
13,8,Sérvia,Alemanha
13,8,México,Alemanha
13,8,Arábia Saudita,Alemanha
13,8,Qatar,Alemanha
13,8,Senegal,Alemanha
13,8,Japão,Alemanha
13,8,Camarões,Alemanha
13,8,Canadá,Alemanha
13,8,Inglaterra,Alemanha
13,8,EUA,Alemanha
13,8,Brasil,Alemanha
13,8,Croácia,Alemanha
13,8,Suíça,Portugal
13,8,Uruguai,Portugal
13,8,Gana,Portugal
13,8,Irã,Portugal
13,8,Austrália,Portugal
13,8,Bélgica,Portugal
13,8,Equador,Portugal
13,8,Países Baixos,Portugal
13,8,Costa Rica,Portugal
13,8,Espanha,Portugal
13,8,Tunísia,Portugal
13,8,Polônia,Portugal
13,8,França,Portugal
13,8,Coreia do Sul,Portugal
13,8,Dinamarca,Portugal
13,8,Sérvia,Portugal
13,8,México,Portugal
13,8,Arábia Saudita,Portugal
13,8,Qatar,Portugal
13,8,Senegal,Portugal
13,8,Japão,Portugal
13,8,Camarões,Portugal
13,8,Canadá,Portugal
13,8,Inglaterra,Portugal
13,8,EUA,Portugal
13,8,Brasil,Portugal
13,8,Croácia,Portugal
13,8,Uruguai,Suíça
13,8,Gana,Suíça
13,8,Irã,Suíça
13,8,Austrália,Suíça
13,8,Bélgica,Suíça
13,8,Equador,Suíça
13,8,Países Baixos,Suíça
13,8,Costa Rica,Suíça
13,8,Espanha,Suíça
13,8,Tunísia,Suíça
13,8,Polônia,Suíça
13,8,França,Suíça
13,8,Coreia do Sul,Suíça
13,8,Dinamarca,Suíça
13,8,Sérvia,Suíça
13,8,México,Suíça
13,8,Arábia Saudita,Suíça
13,8,Qatar,Suíça
13,8,Senegal,Suíça
13,8,Japão,Suíça
13,8,Camarões,Suíça
13,8,Canadá,Suíça
13,8,Inglaterra,Suíça
13,8,EUA,Suíça
13,8,Brasil,Suíça
13,8,Croácia,Suíça
13,8,Gana,Uruguai
13,8,Irã,Uruguai
13,8,Austrália,Uruguai
13,8,Bélgica,Uruguai
13,8,Equador,Uruguai
13,8,Países Baixos,Uruguai
13,8,Costa Rica,Uruguai
13,8,Espanha,Uruguai
13,8,Tunísia,Uruguai
13,8,Polônia,Uruguai
13,8,França,Uruguai
13,8,Coreia do Sul,Uruguai
13,8,Dinamarca,Uruguai
13,8,Sérvia,Uruguai
13,8,México,Uruguai
13,8,Arábia Saudita,Uruguai
13,8,Qatar,Uruguai
13,8,Senegal,Uruguai
13,8,Japão,Uruguai
13,8,Camarões,Uruguai
13,8,Canadá,Uruguai
13,8,Inglaterra,Uruguai
13,8,EUA,Uruguai
13,8,Brasil,Uruguai
13,8,Croácia,Uruguai
13,8,Irã,Gana
13,8,Austrália,Gana
13,8,Bélgica,Gana
13,8,Equador,Gana
13,8,Países Baixos,Gana
13,8,Costa Rica,Gana
13,8,Espanha,Gana
13,8,Tunísia,Gana
13,8,Polônia,Gana
13,8,França,Gana
13,8,Coreia do Sul,Gana
13,8,Dinamarca,Gana
13,8,Sérvia,Gana
13,8,México,Gana
13,8,Arábia Saudita,Gana
13,8,Qatar,Gana
13,8,Senegal,Gana
13,8,Japão,Gana
13,8,Camarões,Gana
13,8,Canadá,Gana
13,8,Inglaterra,Gana
13,8,EUA,Gana
13,8,Brasil,Gana
13,8,Croácia,Gana
13,8,Austrália,Irã
13,8,Bélgica,Irã
13,8,Equador,Irã
13,8,Países Baixos,Irã
13,8,Costa Rica,Irã
13,8,Espanha,Irã
13,8,Tunísia,Irã
13,8,Polônia,Irã
13,8,França,Irã
13,8,Coreia do Sul,Irã
13,8,Dinamarca,Irã
13,8,Sérvia,Irã
13,8,México,Irã
13,8,Arábia Saudita,Irã
13,8,Qatar,Irã
13,8,Senegal,Irã
13,8,Japão,Irã
13,8,Camarões,Irã
13,8,Canadá,Irã
13,8,Inglaterra,Irã
13,8,EUA,Irã
13,8,Brasil,Irã
13,8,Croácia,Irã
13,8,Bélgica,Austrália
13,8,Equador,Austrália
13,8,Países Baixos,Austrália
13,8,Costa Rica,Austrália
13,8,Espanha,Austrália
13,8,Tunísia,Austrália
13,8,Polônia,Austrália
13,8,França,Austrália
13,8,Coreia do Sul,Austrália
13,8,Dinamarca,Austrália
13,8,Sérvia,Austrália
13,8,México,Austrália
13,8,Arábia Saudita,Austrália
13,8,Qatar,Austrália
13,8,Senegal,Austrália
13,8,Japão,Austrália
13,8,Camarões,Austrália
13,8,Canadá,Austrália
13,8,Inglaterra,Austrália
13,8,EUA,Austrália
13,8,Brasil,Austrália
13,8,Croácia,Austrália
13,8,Equador,Bélgica
13,8,Países Baixos,Bélgica
13,8,Costa Rica,Bélgica
13,8,Espanha,Bélgica
13,8,Tunísia,Bélgica
13,8,Polônia,Bélgica
13,8,França,Bélgica
13,8,Coreia do Sul,Bélgica
13,8,Dinamarca,Bélgica
13,8,Sérvia,Bélgica
13,8,México,Bélgica
13,8,Arábia Saudita,Bélgica
13,8,Qatar,Bélgica
13,8,Senegal,Bélgica
13,8,Japão,Bélgica
13,8,Camarões,Bélgica
13,8,Canadá,Bélgica
13,8,Inglaterra,Bélgica
13,8,EUA,Bélgica
13,8,Brasil,Bélgica
13,8,Croácia,Bélgica
13,8,Países Baixos,Equador
13,8,Costa Rica,Equador
13,8,Espanha,Equador
13,8,Tunísia,Equador
13,8,Polônia,Equador
13,8,França,Equador
13,8,Coreia do Sul,Equador
13,8,Dinamarca,Equador
13,8,Sérvia,Equador
13,8,México,Equador
13,8,Arábia Saudita,Equador
13,8,Qatar,Equador
13,8,Senegal,Equador
13,8,Japão,Equador
13,8,Camarões,Equador
13,8,Canadá,Equador
13,8,Inglaterra,Equador
13,8,EUA,Equador
13,8,Brasil,Equador
13,8,Croácia,Equador
13,8,Costa Rica,Países Baixos
13,8,Espanha,Países Baixos
13,8,Tunísia,Países Baixos
13,8,Polônia,Países Baixos
13,8,França,Países Baixos
13,8,Coreia do Sul,Países Baixos
13,8,Dinamarca,Países Baixos
13,8,Sérvia,Países Baixos
13,8,México,Países Baixos
13,8,Arábia Saudita,Países Baixos
13,8,Qatar,Países Baixos
13,8,Senegal,Países Baixos
13,8,Japão,Países Baixos
13,8,Camarões,Países Baixos
13,8,Canadá,Países Baixos
13,8,Inglaterra,Países Baixos
13,8,EUA,Países Baixos
13,8,Brasil,Países Baixos
13,8,Croácia,Países Baixos
13,8,Espanha,Costa Rica
13,8,Tunísia,Costa Rica
13,8,Polônia,Costa Rica
13,8,França,Costa Rica
13,8,Coreia do Sul,Costa Rica
13,8,Dinamarca,Costa Rica
13,8,Sérvia,Costa Rica
13,8,México,Costa Rica
13,8,Arábia Saudita,Costa Rica
13,8,Qatar,Costa Rica
13,8,Senegal,Costa Rica
13,8,Japão,Costa Rica
13,8,Camarões,Costa Rica
13,8,Canadá,Costa Rica
13,8,Inglaterra,Costa Rica
13,8,EUA,Costa Rica
13,8,Brasil,Costa Rica
13,8,Croácia,Costa Rica
13,8,Tunísia,Espanha
13,8,Polônia,Espanha
13,8,França,Espanha
13,8,Coreia do Sul,Espanha
13,8,Dinamarca,Espanha
13,8,Sérvia,Espanha
13,8,México,Espanha
13,8,Arábia Saudita,Espanha
13,8,Qatar,Espanha
13,8,Senegal,Espanha
13,8,Japão,Espanha
13,8,Camarões,Espanha
13,8,Canadá,Espanha
13,8,Inglaterra,Espanha
13,8,EUA,Espanha
13,8,Brasil,Espanha
13,8,Croácia,Espanha
13,8,Polônia,Tunísia
13,8,França,Tunísia
13,8,Coreia do Sul,Tunísia
13,8,Dinamarca,Tunísia
13,8,Sérvia,Tunísia
13,8,México,Tunísia
13,8,Arábia Saudita,Tunísia
13,8,Qatar,Tunísia
13,8,Senegal,Tunísia
13,8,Japão,Tunísia
13,8,Camarões,Tunísia
13,8,Canadá,Tunísia
13,8,Inglaterra,Tunísia
13,8,EUA,Tunísia
13,8,Brasil,Tunísia
13,8,Croácia,Tunísia
13,8,França,Polônia
13,8,Coreia do Sul,Polônia
13,8,Dinamarca,Polônia
13,8,Sérvia,Polônia
13,8,México,Polônia
13,8,Arábia Saudita,Polônia
13,8,Qatar,Polônia
13,8,Senegal,Polônia
13,8,Japão,Polônia
13,8,Camarões,Polônia
13,8,Canadá,Polônia
13,8,Inglaterra,Polônia
13,8,EUA,Polônia
13,8,Brasil,Polônia
13,8,Croácia,Polônia
13,8,Coreia do Sul,França
13,8,Dinamarca,França
13,8,Sérvia,França
13,8,México,França
13,8,Arábia Saudita,França
13,8,Qatar,França
13,8,Senegal,França
13,8,Japão,França
13,8,Camarões,França
13,8,Canadá,França
13,8,Inglaterra,França
13,8,EUA,França
13,8,Brasil,França
13,8,Croácia,França
13,8,Dinamarca,Coreia do Sul
13,8,Sérvia,Coreia do Sul
13,8,México,Coreia do Sul
13,8,Arábia Saudita,Coreia do Sul
13,8,Qatar,Coreia do Sul
13,8,Senegal,Coreia do Sul
13,8,Japão,Coreia do Sul
13,8,Camarões,Coreia do Sul
13,8,Canadá,Coreia do Sul
13,8,Inglaterra,Coreia do Sul
13,8,EUA,Coreia do Sul
13,8,Brasil,Coreia do Sul
13,8,Croácia,Coreia do Sul
13,8,Sérvia,Dinamarca
13,8,México,Dinamarca
13,8,Arábia Saudita,Dinamarca
13,8,Qatar,Dinamarca
13,8,Senegal,Dinamarca
13,8,Japão,Dinamarca
13,8,Camarões,Dinamarca
13,8,Canadá,Dinamarca
13,8,Inglaterra,Dinamarca
13,8,EUA,Dinamarca
13,8,Brasil,Dinamarca
13,8,Croácia,Dinamarca
13,8,México,Sérvia
13,8,Arábia Saudita,Sérvia
13,8,Qatar,Sérvia
13,8,Senegal,Sérvia
13,8,Japão,Sérvia
13,8,Camarões,Sérvia
13,8,Canadá,Sérvia
13,8,Inglaterra,Sérvia
13,8,EUA,Sérvia
13,8,Brasil,Sérvia
13,8,Croácia,Sérvia
13,8,Arábia Saudita,México
13,8,Qatar,México
13,8,Senegal,México
13,8,Japão,México
13,8,Camarões,México
13,8,Canadá,México
13,8,Inglaterra,México
13,8,EUA,México
13,8,Brasil,México
13,8,Croácia,México
13,8,Qatar,Arábia Saudita
13,8,Senegal,Arábia Saudita
13,8,Japão,Arábia Saudita
13,8,Camarões,Arábia Saudita
13,8,Canadá,Arábia Saudita
13,8,Inglaterra,Arábia Saudita
13,8,EUA,Arábia Saudita
13,8,Brasil,Arábia Saudita
13,8,Croácia,Arábia Saudita
13,8,Senegal,Qatar
13,8,Japão,Qatar
13,8,Camarões,Qatar
13,8,Canadá,Qatar
13,8,Inglaterra,Qatar
13,8,EUA,Qatar
13,8,Brasil,Qatar
13,8,Croácia,Qatar
13,8,Japão,Senegal
13,8,Camarões,Senegal
13,8,Canadá,Senegal
13,8,Inglaterra,Senegal
13,8,EUA,Senegal
13,8,Brasil,Senegal
13,8,Croácia,Senegal
13,8,Camarões,Japão
13,8,Canadá,Japão
13,8,Inglaterra,Japão
13,8,EUA,Japão
13,8,Brasil,Japão
13,8,Croácia,Japão
13,8,Canadá,Camarões
13,8,Inglaterra,Camarões
13,8,EUA,Camarões
13,8,Brasil,Camarões
13,8,Croácia,Camarões
13,8,Inglaterra,Canadá
13,8,EUA,Canadá
13,8,Brasil,Canadá
13,8,Croácia,Canadá
13,8,EUA,Inglaterra
13,8,Brasil,Inglaterra
13,8,Croácia,Inglaterra
13,8,Brasil,EUA
13,8,Croácia,EUA
13,8,Croácia,Brasil
13,11,Marrocos,Argentina
13,11,País de Gales,Argentina
13,11,Alemanha,Argentina
13,11,Portugal,Argentina
13,11,Suíça,Argentina
13,11,Uruguai,Argentina
13,11,Gana,Argentina
13,11,Irã,Argentina
13,11,Austrália,Argentina
13,11,Bélgica,Argentina
13,11,Equador,Argentina
13,11,Países Baixos,Argentina
13,11,Costa Rica,Argentina
13,11,Espanha,Argentina
13,11,Tunísia,Argentina
13,11,Polônia,Argentina
13,11,França,Argentina
13,11,Coreia do Sul,Argentina
13,11,Dinamarca,Argentina
13,11,Sérvia,Argentina
13,11,México,Argentina
13,11,Arábia Saudita,Argentina
13,11,Qatar,Argentina
13,11,Senegal,Argentina
13,11,Japão,Argentina
13,11,Camarões,Argentina
13,11,Canadá,Argentina
13,11,Inglaterra,Argentina
13,11,EUA,Argentina
13,11,Brasil,Argentina
13,11,Croácia,Argentina
13,11,País de Gales,Marrocos
13,11,Alemanha,Marrocos
13,11,Portugal,Marrocos
13,11,Suíça,Marrocos
13,11,Uruguai,Marrocos
13,11,Gana,Marrocos
13,11,Irã,Marrocos
13,11,Austrália,Marrocos
13,11,Bélgica,Marrocos
13,11,Equador,Marrocos
13,11,Países Baixos,Marrocos
13,11,Costa Rica,Marrocos
13,11,Espanha,Marrocos
13,11,Tunísia,Marrocos
13,11,Polônia,Marrocos
13,11,França,Marrocos
13,11,Coreia do Sul,Marrocos
13,11,Dinamarca,Marrocos
13,11,Sérvia,Marrocos
13,11,México,Marrocos
13,11,Arábia Saudita,Marrocos
13,11,Qatar,Marrocos
13,11,Senegal,Marrocos
13,11,Japão,Marrocos
13,11,Camarões,Marrocos
13,11,Canadá,Marrocos
13,11,Inglaterra,Marrocos
13,11,EUA,Marrocos
13,11,Brasil,Marrocos
13,11,Croácia,Marrocos
13,11,Alemanha,País de Gales
13,11,Portugal,País de Gales
13,11,Suíça,País de Gales
13,11,Uruguai,País de Gales
13,11,Gana,País de Gales
13,11,Irã,País de Gales
13,11,Austrália,País de Gales
13,11,Bélgica,País de Gales
13,11,Equador,País de Gales
13,11,Países Baixos,País de Gales
13,11,Costa Rica,País de Gales
13,11,Espanha,País de Gales
13,11,Tunísia,País de Gales
13,11,Polônia,País de Gales
13,11,França,País de Gales
13,11,Coreia do Sul,País de Gales
13,11,Dinamarca,País de Gales
13,11,Sérvia,País de Gales
13,11,México,País de Gales
13,11,Arábia Saudita,País de Gales
13,11,Qatar,País de Gales
13,11,Senegal,País de Gales
13,11,Japão,País de Gales
13,11,Camarões,País de Gales
13,11,Canadá,País de Gales
13,11,Inglaterra,País de Gales
13,11,EUA,País de Gales
13,11,Brasil,País de Gales
13,11,Croácia,País de Gales
13,11,Portugal,Alemanha
13,11,Suíça,Alemanha
13,11,Uruguai,Alemanha
13,11,Gana,Alemanha
13,11,Irã,Alemanha
13,11,Austrália,Alemanha
13,11,Bélgica,Alemanha
13,11,Equador,Alemanha
13,11,Países Baixos,Alemanha
13,11,Costa Rica,Alemanha
13,11,Espanha,Alemanha
13,11,Tunísia,Alemanha
13,11,Polônia,Alemanha
13,11,França,Alemanha
13,11,Coreia do Sul,Alemanha
13,11,Dinamarca,Alemanha
13,11,Sérvia,Alemanha
13,11,México,Alemanha
13,11,Arábia Saudita,Alemanha
13,11,Qatar,Alemanha
13,11,Senegal,Alemanha
13,11,Japão,Alemanha
13,11,Camarões,Alemanha
13,11,Canadá,Alemanha
13,11,Inglaterra,Alemanha
13,11,EUA,Alemanha
13,11,Brasil,Alemanha
13,11,Croácia,Alemanha
13,11,Suíça,Portugal
13,11,Uruguai,Portugal
13,11,Gana,Portugal
13,11,Irã,Portugal
13,11,Austrália,Portugal
13,11,Bélgica,Portugal
13,11,Equador,Portugal
13,11,Países Baixos,Portugal
13,11,Costa Rica,Portugal
13,11,Espanha,Portugal
13,11,Tunísia,Portugal
13,11,Polônia,Portugal
13,11,França,Portugal
13,11,Coreia do Sul,Portugal
13,11,Dinamarca,Portugal
13,11,Sérvia,Portugal
13,11,México,Portugal
13,11,Arábia Saudita,Portugal
13,11,Qatar,Portugal
13,11,Senegal,Portugal
13,11,Japão,Portugal
13,11,Camarões,Portugal
13,11,Canadá,Portugal
13,11,Inglaterra,Portugal
13,11,EUA,Portugal
13,11,Brasil,Portugal
13,11,Croácia,Portugal
13,11,Uruguai,Suíça
13,11,Gana,Suíça
13,11,Irã,Suíça
13,11,Austrália,Suíça
13,11,Bélgica,Suíça
13,11,Equador,Suíça
13,11,Países Baixos,Suíça
13,11,Costa Rica,Suíça
13,11,Espanha,Suíça
13,11,Tunísia,Suíça
13,11,Polônia,Suíça
13,11,França,Suíça
13,11,Coreia do Sul,Suíça
13,11,Dinamarca,Suíça
13,11,Sérvia,Suíça
13,11,México,Suíça
13,11,Arábia Saudita,Suíça
13,11,Qatar,Suíça
13,11,Senegal,Suíça
13,11,Japão,Suíça
13,11,Camarões,Suíça
13,11,Canadá,Suíça
13,11,Inglaterra,Suíça
13,11,EUA,Suíça
13,11,Brasil,Suíça
13,11,Croácia,Suíça
13,11,Gana,Uruguai
13,11,Irã,Uruguai
13,11,Austrália,Uruguai
13,11,Bélgica,Uruguai
13,11,Equador,Uruguai
13,11,Países Baixos,Uruguai
13,11,Costa Rica,Uruguai
13,11,Espanha,Uruguai
13,11,Tunísia,Uruguai
13,11,Polônia,Uruguai
13,11,França,Uruguai
13,11,Coreia do Sul,Uruguai
13,11,Dinamarca,Uruguai
13,11,Sérvia,Uruguai
13,11,México,Uruguai
13,11,Arábia Saudita,Uruguai
13,11,Qatar,Uruguai
13,11,Senegal,Uruguai
13,11,Japão,Uruguai
13,11,Camarões,Uruguai
13,11,Canadá,Uruguai
13,11,Inglaterra,Uruguai
13,11,EUA,Uruguai
13,11,Brasil,Uruguai
13,11,Croácia,Uruguai
13,11,Irã,Gana
13,11,Austrália,Gana
13,11,Bélgica,Gana
13,11,Equador,Gana
13,11,Países Baixos,Gana
13,11,Costa Rica,Gana
13,11,Espanha,Gana
13,11,Tunísia,Gana
13,11,Polônia,Gana
13,11,França,Gana
13,11,Coreia do Sul,Gana
13,11,Dinamarca,Gana
13,11,Sérvia,Gana
13,11,México,Gana
13,11,Arábia Saudita,Gana
13,11,Qatar,Gana
13,11,Senegal,Gana
13,11,Japão,Gana
13,11,Camarões,Gana
13,11,Canadá,Gana
13,11,Inglaterra,Gana
13,11,EUA,Gana
13,11,Brasil,Gana
13,11,Croácia,Gana
13,11,Austrália,Irã
13,11,Bélgica,Irã
13,11,Equador,Irã
13,11,Países Baixos,Irã
13,11,Costa Rica,Irã
13,11,Espanha,Irã
13,11,Tunísia,Irã
13,11,Polônia,Irã
13,11,França,Irã
13,11,Coreia do Sul,Irã
13,11,Dinamarca,Irã
13,11,Sérvia,Irã
13,11,México,Irã
13,11,Arábia Saudita,Irã
13,11,Qatar,Irã
13,11,Senegal,Irã
13,11,Japão,Irã
13,11,Camarões,Irã
13,11,Canadá,Irã
13,11,Inglaterra,Irã
13,11,EUA,Irã
13,11,Brasil,Irã
13,11,Croácia,Irã
13,11,Bélgica,Austrália
13,11,Equador,Austrália
13,11,Países Baixos,Austrália
13,11,Costa Rica,Austrália
13,11,Espanha,Austrália
13,11,Tunísia,Austrália
13,11,Polônia,Austrália
13,11,França,Austrália
13,11,Coreia do Sul,Austrália
13,11,Dinamarca,Austrália
13,11,Sérvia,Austrália
13,11,México,Austrália
13,11,Arábia Saudita,Austrália
13,11,Qatar,Austrália
13,11,Senegal,Austrália
13,11,Japão,Austrália
13,11,Camarões,Austrália
13,11,Canadá,Austrália
13,11,Inglaterra,Austrália
13,11,EUA,Austrália
13,11,Brasil,Austrália
13,11,Croácia,Austrália
13,11,Equador,Bélgica
13,11,Países Baixos,Bélgica
13,11,Costa Rica,Bélgica
13,11,Espanha,Bélgica
13,11,Tunísia,Bélgica
13,11,Polônia,Bélgica
13,11,França,Bélgica
13,11,Coreia do Sul,Bélgica
13,11,Dinamarca,Bélgica
13,11,Sérvia,Bélgica
13,11,México,Bélgica
13,11,Arábia Saudita,Bélgica
13,11,Qatar,Bélgica
13,11,Senegal,Bélgica
13,11,Japão,Bélgica
13,11,Camarões,Bélgica
13,11,Canadá,Bélgica
13,11,Inglaterra,Bélgica
13,11,EUA,Bélgica
13,11,Brasil,Bélgica
13,11,Croácia,Bélgica
13,11,Países Baixos,Equador
13,11,Costa Rica,Equador
13,11,Espanha,Equador
13,11,Tunísia,Equador
13,11,Polônia,Equador
13,11,França,Equador
13,11,Coreia do Sul,Equador
13,11,Dinamarca,Equador
13,11,Sérvia,Equador
13,11,México,Equador
13,11,Arábia Saudita,Equador
13,11,Qatar,Equador
13,11,Senegal,Equador
13,11,Japão,Equador
13,11,Camarões,Equador
13,11,Canadá,Equador
13,11,Inglaterra,Equador
13,11,EUA,Equador
13,11,Brasil,Equador
13,11,Croácia,Equador
13,11,Costa Rica,Países Baixos
13,11,Espanha,Países Baixos
13,11,Tunísia,Países Baixos
13,11,Polônia,Países Baixos
13,11,França,Países Baixos
13,11,Coreia do Sul,Países Baixos
13,11,Dinamarca,Países Baixos
13,11,Sérvia,Países Baixos
13,11,México,Países Baixos
13,11,Arábia Saudita,Países Baixos
13,11,Qatar,Países Baixos
13,11,Senegal,Países Baixos
13,11,Japão,Países Baixos
13,11,Camarões,Países Baixos
13,11,Canadá,Países Baixos
13,11,Inglaterra,Países Baixos
13,11,EUA,Países Baixos
13,11,Brasil,Países Baixos
13,11,Croácia,Países Baixos
13,11,Espanha,Costa Rica
13,11,Tunísia,Costa Rica
13,11,Polônia,Costa Rica
13,11,França,Costa Rica
13,11,Coreia do Sul,Costa Rica
13,11,Dinamarca,Costa Rica
13,11,Sérvia,Costa Rica
13,11,México,Costa Rica
13,11,Arábia Saudita,Costa Rica
13,11,Qatar,Costa Rica
13,11,Senegal,Costa Rica
13,11,Japão,Costa Rica
13,11,Camarões,Costa Rica
13,11,Canadá,Costa Rica
13,11,Inglaterra,Costa Rica
13,11,EUA,Costa Rica
13,11,Brasil,Costa Rica
13,11,Croácia,Costa Rica
13,11,Tunísia,Espanha
13,11,Polônia,Espanha
13,11,França,Espanha
13,11,Coreia do Sul,Espanha
13,11,Dinamarca,Espanha
13,11,Sérvia,Espanha
13,11,México,Espanha
13,11,Arábia Saudita,Espanha
13,11,Qatar,Espanha
13,11,Senegal,Espanha
13,11,Japão,Espanha
13,11,Camarões,Espanha
13,11,Canadá,Espanha
13,11,Inglaterra,Espanha
13,11,EUA,Espanha
13,11,Brasil,Espanha
13,11,Croácia,Espanha
13,11,Polônia,Tunísia
13,11,França,Tunísia
13,11,Coreia do Sul,Tunísia
13,11,Dinamarca,Tunísia
13,11,Sérvia,Tunísia
13,11,México,Tunísia
13,11,Arábia Saudita,Tunísia
13,11,Qatar,Tunísia
13,11,Senegal,Tunísia
13,11,Japão,Tunísia
13,11,Camarões,Tunísia
13,11,Canadá,Tunísia
13,11,Inglaterra,Tunísia
13,11,EUA,Tunísia
13,11,Brasil,Tunísia
13,11,Croácia,Tunísia
13,11,França,Polônia
13,11,Coreia do Sul,Polônia
13,11,Dinamarca,Polônia
13,11,Sérvia,Polônia
13,11,México,Polônia
13,11,Arábia Saudita,Polônia
13,11,Qatar,Polônia
13,11,Senegal,Polônia
13,11,Japão,Polônia
13,11,Camarões,Polônia
13,11,Canadá,Polônia
13,11,Inglaterra,Polônia
13,11,EUA,Polônia
13,11,Brasil,Polônia
13,11,Croácia,Polônia
13,11,Coreia do Sul,França
13,11,Dinamarca,França
13,11,Sérvia,França
13,11,México,França
13,11,Arábia Saudita,França
13,11,Qatar,França
13,11,Senegal,França
13,11,Japão,França
13,11,Camarões,França
13,11,Canadá,França
13,11,Inglaterra,França
13,11,EUA,França
13,11,Brasil,França
13,11,Croácia,França
13,11,Dinamarca,Coreia do Sul
13,11,Sérvia,Coreia do Sul
13,11,México,Coreia do Sul
13,11,Arábia Saudita,Coreia do Sul
13,11,Qatar,Coreia do Sul
13,11,Senegal,Coreia do Sul
13,11,Japão,Coreia do Sul
13,11,Camarões,Coreia do Sul
13,11,Canadá,Coreia do Sul
13,11,Inglaterra,Coreia do Sul
13,11,EUA,Coreia do Sul
13,11,Brasil,Coreia do Sul
13,11,Croácia,Coreia do Sul
13,11,Sérvia,Dinamarca
13,11,México,Dinamarca
13,11,Arábia Saudita,Dinamarca
13,11,Qatar,Dinamarca
13,11,Senegal,Dinamarca
13,11,Japão,Dinamarca
13,11,Camarões,Dinamarca
13,11,Canadá,Dinamarca
13,11,Inglaterra,Dinamarca
13,11,EUA,Dinamarca
13,11,Brasil,Dinamarca
13,11,Croácia,Dinamarca
13,11,México,Sérvia
13,11,Arábia Saudita,Sérvia
13,11,Qatar,Sérvia
13,11,Senegal,Sérvia
13,11,Japão,Sérvia
13,11,Camarões,Sérvia
13,11,Canadá,Sérvia
13,11,Inglaterra,Sérvia
13,11,EUA,Sérvia
13,11,Brasil,Sérvia
13,11,Croácia,Sérvia
13,11,Arábia Saudita,México
13,11,Qatar,México
13,11,Senegal,México
13,11,Japão,México
13,11,Camarões,México
13,11,Canadá,México
13,11,Inglaterra,México
13,11,EUA,México
13,11,Brasil,México
13,11,Croácia,México
13,11,Qatar,Arábia Saudita
13,11,Senegal,Arábia Saudita
13,11,Japão,Arábia Saudita
13,11,Camarões,Arábia Saudita
13,11,Canadá,Arábia Saudita
13,11,Inglaterra,Arábia Saudita
13,11,EUA,Arábia Saudita
13,11,Brasil,Arábia Saudita
13,11,Croácia,Arábia Saudita
13,11,Senegal,Qatar
13,11,Japão,Qatar
13,11,Camarões,Qatar
13,11,Canadá,Qatar
13,11,Inglaterra,Qatar
13,11,EUA,Qatar
13,11,Brasil,Qatar
13,11,Croácia,Qatar
13,11,Japão,Senegal
13,11,Camarões,Senegal
13,11,Canadá,Senegal
13,11,Inglaterra,Senegal
13,11,EUA,Senegal
13,11,Brasil,Senegal
13,11,Croácia,Senegal
13,11,Camarões,Japão
13,11,Canadá,Japão
13,11,Inglaterra,Japão
13,11,EUA,Japão
13,11,Brasil,Japão
13,11,Croácia,Japão
13,11,Canadá,Camarões
13,11,Inglaterra,Camarões
13,11,EUA,Camarões
13,11,Brasil,Camarões
13,11,Croácia,Camarões
13,11,Inglaterra,Canadá
13,11,EUA,Canadá
13,11,Brasil,Canadá
13,11,Croácia,Canadá
13,11,EUA,Inglaterra
13,11,Brasil,Inglaterra
13,11,Croácia,Inglaterra
13,11,Brasil,EUA
13,11,Croácia,EUA
13,11,Croácia,Brasil
13,14,Marrocos,Argentina
13,14,País de Gales,Argentina
13,14,Alemanha,Argentina
13,14,Portugal,Argentina
13,14,Suíça,Argentina
13,14,Uruguai,Argentina
13,14,Gana,Argentina
13,14,Irã,Argentina
13,14,Austrália,Argentina
13,14,Bélgica,Argentina
13,14,Equador,Argentina
13,14,Países Baixos,Argentina
13,14,Costa Rica,Argentina
13,14,Espanha,Argentina
13,14,Tunísia,Argentina
13,14,Polônia,Argentina
13,14,França,Argentina
13,14,Coreia do Sul,Argentina
13,14,Dinamarca,Argentina
13,14,Sérvia,Argentina
13,14,México,Argentina
13,14,Arábia Saudita,Argentina
13,14,Qatar,Argentina
13,14,Senegal,Argentina
13,14,Japão,Argentina
13,14,Camarões,Argentina
13,14,Canadá,Argentina
13,14,Inglaterra,Argentina
13,14,EUA,Argentina
13,14,Brasil,Argentina
13,14,Croácia,Argentina
13,14,País de Gales,Marrocos
13,14,Alemanha,Marrocos
13,14,Portugal,Marrocos
13,14,Suíça,Marrocos
13,14,Uruguai,Marrocos
13,14,Gana,Marrocos
13,14,Irã,Marrocos
13,14,Austrália,Marrocos
13,14,Bélgica,Marrocos
13,14,Equador,Marrocos
13,14,Países Baixos,Marrocos
13,14,Costa Rica,Marrocos
13,14,Espanha,Marrocos
13,14,Tunísia,Marrocos
13,14,Polônia,Marrocos
13,14,França,Marrocos
13,14,Coreia do Sul,Marrocos
13,14,Dinamarca,Marrocos
13,14,Sérvia,Marrocos
13,14,México,Marrocos
13,14,Arábia Saudita,Marrocos
13,14,Qatar,Marrocos
13,14,Senegal,Marrocos
13,14,Japão,Marrocos
13,14,Camarões,Marrocos
13,14,Canadá,Marrocos
13,14,Inglaterra,Marrocos
13,14,EUA,Marrocos
13,14,Brasil,Marrocos
13,14,Croácia,Marrocos
13,14,Alemanha,País de Gales
13,14,Portugal,País de Gales
13,14,Suíça,País de Gales
13,14,Uruguai,País de Gales
13,14,Gana,País de Gales
13,14,Irã,País de Gales
13,14,Austrália,País de Gales
13,14,Bélgica,País de Gales
13,14,Equador,País de Gales
13,14,Países Baixos,País de Gales
13,14,Costa Rica,País de Gales
13,14,Espanha,País de Gales
13,14,Tunísia,País de Gales
13,14,Polônia,País de Gales
13,14,França,País de Gales
13,14,Coreia do Sul,País de Gales
13,14,Dinamarca,País de Gales
13,14,Sérvia,País de Gales
13,14,México,País de Gales
13,14,Arábia Saudita,País de Gales
13,14,Qatar,País de Gales
13,14,Senegal,País de Gales
13,14,Japão,País de Gales
13,14,Camarões,País de Gales
13,14,Canadá,País de Gales
13,14,Inglaterra,País de Gales
13,14,EUA,País de Gales
13,14,Brasil,País de Gales
13,14,Croácia,País de Gales
13,14,Portugal,Alemanha
13,14,Suíça,Alemanha
13,14,Uruguai,Alemanha
13,14,Gana,Alemanha
13,14,Irã,Alemanha
13,14,Austrália,Alemanha
13,14,Bélgica,Alemanha
13,14,Equador,Alemanha
13,14,Países Baixos,Alemanha
13,14,Costa Rica,Alemanha
13,14,Espanha,Alemanha
13,14,Tunísia,Alemanha
13,14,Polônia,Alemanha
13,14,França,Alemanha
13,14,Coreia do Sul,Alemanha
13,14,Dinamarca,Alemanha
13,14,Sérvia,Alemanha
13,14,México,Alemanha
13,14,Arábia Saudita,Alemanha
13,14,Qatar,Alemanha
13,14,Senegal,Alemanha
13,14,Japão,Alemanha
13,14,Camarões,Alemanha
13,14,Canadá,Alemanha
13,14,Inglaterra,Alemanha
13,14,EUA,Alemanha
13,14,Brasil,Alemanha
13,14,Croácia,Alemanha
13,14,Suíça,Portugal
13,14,Uruguai,Portugal
13,14,Gana,Portugal
13,14,Irã,Portugal
13,14,Austrália,Portugal
13,14,Bélgica,Portugal
13,14,Equador,Portugal
13,14,Países Baixos,Portugal
13,14,Costa Rica,Portugal
13,14,Espanha,Portugal
13,14,Tunísia,Portugal
13,14,Polônia,Portugal
13,14,França,Portugal
13,14,Coreia do Sul,Portugal
13,14,Dinamarca,Portugal
13,14,Sérvia,Portugal
13,14,México,Portugal
13,14,Arábia Saudita,Portugal
13,14,Qatar,Portugal
13,14,Senegal,Portugal
13,14,Japão,Portugal
13,14,Camarões,Portugal
13,14,Canadá,Portugal
13,14,Inglaterra,Portugal
13,14,EUA,Portugal
13,14,Brasil,Portugal
13,14,Croácia,Portugal
13,14,Uruguai,Suíça
13,14,Gana,Suíça
13,14,Irã,Suíça
13,14,Austrália,Suíça
13,14,Bélgica,Suíça
13,14,Equador,Suíça
13,14,Países Baixos,Suíça
13,14,Costa Rica,Suíça
13,14,Espanha,Suíça
13,14,Tunísia,Suíça
13,14,Polônia,Suíça
13,14,França,Suíça
13,14,Coreia do Sul,Suíça
13,14,Dinamarca,Suíça
13,14,Sérvia,Suíça
13,14,México,Suíça
13,14,Arábia Saudita,Suíça
13,14,Qatar,Suíça
13,14,Senegal,Suíça
13,14,Japão,Suíça
13,14,Camarões,Suíça
13,14,Canadá,Suíça
13,14,Inglaterra,Suíça
13,14,EUA,Suíça
13,14,Brasil,Suíça
13,14,Croácia,Suíça
13,14,Gana,Uruguai
13,14,Irã,Uruguai
13,14,Austrália,Uruguai
13,14,Bélgica,Uruguai
13,14,Equador,Uruguai
13,14,Países Baixos,Uruguai
13,14,Costa Rica,Uruguai
13,14,Espanha,Uruguai
13,14,Tunísia,Uruguai
13,14,Polônia,Uruguai
13,14,França,Uruguai
13,14,Coreia do Sul,Uruguai
13,14,Dinamarca,Uruguai
13,14,Sérvia,Uruguai
13,14,México,Uruguai
13,14,Arábia Saudita,Uruguai
13,14,Qatar,Uruguai
13,14,Senegal,Uruguai
13,14,Japão,Uruguai
13,14,Camarões,Uruguai
13,14,Canadá,Uruguai
13,14,Inglaterra,Uruguai
13,14,EUA,Uruguai
13,14,Brasil,Uruguai
13,14,Croácia,Uruguai
13,14,Irã,Gana
13,14,Austrália,Gana
13,14,Bélgica,Gana
13,14,Equador,Gana
13,14,Países Baixos,Gana
13,14,Costa Rica,Gana
13,14,Espanha,Gana
13,14,Tunísia,Gana
13,14,Polônia,Gana
13,14,França,Gana
13,14,Coreia do Sul,Gana
13,14,Dinamarca,Gana
13,14,Sérvia,Gana
13,14,México,Gana
13,14,Arábia Saudita,Gana
13,14,Qatar,Gana
13,14,Senegal,Gana
13,14,Japão,Gana
13,14,Camarões,Gana
13,14,Canadá,Gana
13,14,Inglaterra,Gana
13,14,EUA,Gana
13,14,Brasil,Gana
13,14,Croácia,Gana
13,14,Austrália,Irã
13,14,Bélgica,Irã
13,14,Equador,Irã
13,14,Países Baixos,Irã
13,14,Costa Rica,Irã
13,14,Espanha,Irã
13,14,Tunísia,Irã
13,14,Polônia,Irã
13,14,França,Irã
13,14,Coreia do Sul,Irã
13,14,Dinamarca,Irã
13,14,Sérvia,Irã
13,14,México,Irã
13,14,Arábia Saudita,Irã
13,14,Qatar,Irã
13,14,Senegal,Irã
13,14,Japão,Irã
13,14,Camarões,Irã
13,14,Canadá,Irã
13,14,Inglaterra,Irã
13,14,EUA,Irã
13,14,Brasil,Irã
13,14,Croácia,Irã
13,14,Bélgica,Austrália
13,14,Equador,Austrália
13,14,Países Baixos,Austrália
13,14,Costa Rica,Austrália
13,14,Espanha,Austrália
13,14,Tunísia,Austrália
13,14,Polônia,Austrália
13,14,França,Austrália
13,14,Coreia do Sul,Austrália
13,14,Dinamarca,Austrália
13,14,Sérvia,Austrália
13,14,México,Austrália
13,14,Arábia Saudita,Austrália
13,14,Qatar,Austrália
13,14,Senegal,Austrália
13,14,Japão,Austrália
13,14,Camarões,Austrália
13,14,Canadá,Austrália
13,14,Inglaterra,Austrália
13,14,EUA,Austrália
13,14,Brasil,Austrália
13,14,Croácia,Austrália
13,14,Equador,Bélgica
13,14,Países Baixos,Bélgica
13,14,Costa Rica,Bélgica
13,14,Espanha,Bélgica
13,14,Tunísia,Bélgica
13,14,Polônia,Bélgica
13,14,França,Bélgica
13,14,Coreia do Sul,Bélgica
13,14,Dinamarca,Bélgica
13,14,Sérvia,Bélgica
13,14,México,Bélgica
13,14,Arábia Saudita,Bélgica
13,14,Qatar,Bélgica
13,14,Senegal,Bélgica
13,14,Japão,Bélgica
13,14,Camarões,Bélgica
13,14,Canadá,Bélgica
13,14,Inglaterra,Bélgica
13,14,EUA,Bélgica
13,14,Brasil,Bélgica
13,14,Croácia,Bélgica
13,14,Países Baixos,Equador
13,14,Costa Rica,Equador
13,14,Espanha,Equador
13,14,Tunísia,Equador
13,14,Polônia,Equador
13,14,França,Equador
13,14,Coreia do Sul,Equador
13,14,Dinamarca,Equador
13,14,Sérvia,Equador
13,14,México,Equador
13,14,Arábia Saudita,Equador
13,14,Qatar,Equador
13,14,Senegal,Equador
13,14,Japão,Equador
13,14,Camarões,Equador
13,14,Canadá,Equador
13,14,Inglaterra,Equador
13,14,EUA,Equador
13,14,Brasil,Equador
13,14,Croácia,Equador
13,14,Costa Rica,Países Baixos
13,14,Espanha,Países Baixos
13,14,Tunísia,Países Baixos
13,14,Polônia,Países Baixos
13,14,França,Países Baixos
13,14,Coreia do Sul,Países Baixos
13,14,Dinamarca,Países Baixos
13,14,Sérvia,Países Baixos
13,14,México,Países Baixos
13,14,Arábia Saudita,Países Baixos
13,14,Qatar,Países Baixos
13,14,Senegal,Países Baixos
13,14,Japão,Países Baixos
13,14,Camarões,Países Baixos
13,14,Canadá,Países Baixos
13,14,Inglaterra,Países Baixos
13,14,EUA,Países Baixos
13,14,Brasil,Países Baixos
13,14,Croácia,Países Baixos
13,14,Espanha,Costa Rica
13,14,Tunísia,Costa Rica
13,14,Polônia,Costa Rica
13,14,França,Costa Rica
13,14,Coreia do Sul,Costa Rica
13,14,Dinamarca,Costa Rica
13,14,Sérvia,Costa Rica
13,14,México,Costa Rica
13,14,Arábia Saudita,Costa Rica
13,14,Qatar,Costa Rica
13,14,Senegal,Costa Rica
13,14,Japão,Costa Rica
13,14,Camarões,Costa Rica
13,14,Canadá,Costa Rica
13,14,Inglaterra,Costa Rica
13,14,EUA,Costa Rica
13,14,Brasil,Costa Rica
13,14,Croácia,Costa Rica
13,14,Tunísia,Espanha
13,14,Polônia,Espanha
13,14,França,Espanha
13,14,Coreia do Sul,Espanha
13,14,Dinamarca,Espanha
13,14,Sérvia,Espanha
13,14,México,Espanha
13,14,Arábia Saudita,Espanha
13,14,Qatar,Espanha
13,14,Senegal,Espanha
13,14,Japão,Espanha
13,14,Camarões,Espanha
13,14,Canadá,Espanha
13,14,Inglaterra,Espanha
13,14,EUA,Espanha
13,14,Brasil,Espanha
13,14,Croácia,Espanha
13,14,Polônia,Tunísia
13,14,França,Tunísia
13,14,Coreia do Sul,Tunísia
13,14,Dinamarca,Tunísia
13,14,Sérvia,Tunísia
13,14,México,Tunísia
13,14,Arábia Saudita,Tunísia
13,14,Qatar,Tunísia
13,14,Senegal,Tunísia
13,14,Japão,Tunísia
13,14,Camarões,Tunísia
13,14,Canadá,Tunísia
13,14,Inglaterra,Tunísia
13,14,EUA,Tunísia
13,14,Brasil,Tunísia
13,14,Croácia,Tunísia
13,14,França,Polônia
13,14,Coreia do Sul,Polônia
13,14,Dinamarca,Polônia
13,14,Sérvia,Polônia
13,14,México,Polônia
13,14,Arábia Saudita,Polônia
13,14,Qatar,Polônia
13,14,Senegal,Polônia
13,14,Japão,Polônia
13,14,Camarões,Polônia
13,14,Canadá,Polônia
13,14,Inglaterra,Polônia
13,14,EUA,Polônia
13,14,Brasil,Polônia
13,14,Croácia,Polônia
13,14,Coreia do Sul,França
13,14,Dinamarca,França
13,14,Sérvia,França
13,14,México,França
13,14,Arábia Saudita,França
13,14,Qatar,França
13,14,Senegal,França
13,14,Japão,França
13,14,Camarões,França
13,14,Canadá,França
13,14,Inglaterra,França
13,14,EUA,França
13,14,Brasil,França
13,14,Croácia,França
13,14,Dinamarca,Coreia do Sul
13,14,Sérvia,Coreia do Sul
13,14,México,Coreia do Sul
13,14,Arábia Saudita,Coreia do Sul
13,14,Qatar,Coreia do Sul
13,14,Senegal,Coreia do Sul
13,14,Japão,Coreia do Sul
13,14,Camarões,Coreia do Sul
13,14,Canadá,Coreia do Sul
13,14,Inglaterra,Coreia do Sul
13,14,EUA,Coreia do Sul
13,14,Brasil,Coreia do Sul
13,14,Croácia,Coreia do Sul
13,14,Sérvia,Dinamarca
13,14,México,Dinamarca
13,14,Arábia Saudita,Dinamarca
13,14,Qatar,Dinamarca
13,14,Senegal,Dinamarca
13,14,Japão,Dinamarca
13,14,Camarões,Dinamarca
13,14,Canadá,Dinamarca
13,14,Inglaterra,Dinamarca
13,14,EUA,Dinamarca
13,14,Brasil,Dinamarca
13,14,Croácia,Dinamarca
13,14,México,Sérvia
13,14,Arábia Saudita,Sérvia
13,14,Qatar,Sérvia
13,14,Senegal,Sérvia
13,14,Japão,Sérvia
13,14,Camarões,Sérvia
13,14,Canadá,Sérvia
13,14,Inglaterra,Sérvia
13,14,EUA,Sérvia
13,14,Brasil,Sérvia
13,14,Croácia,Sérvia
13,14,Arábia Saudita,México
13,14,Qatar,México
13,14,Senegal,México
13,14,Japão,México
13,14,Camarões,México
13,14,Canadá,México
13,14,Inglaterra,México
13,14,EUA,México
13,14,Brasil,México
13,14,Croácia,México
13,14,Qatar,Arábia Saudita
13,14,Senegal,Arábia Saudita
13,14,Japão,Arábia Saudita
13,14,Camarões,Arábia Saudita
13,14,Canadá,Arábia Saudita
13,14,Inglaterra,Arábia Saudita
13,14,EUA,Arábia Saudita
13,14,Brasil,Arábia Saudita
13,14,Croácia,Arábia Saudita
13,14,Senegal,Qatar
13,14,Japão,Qatar
13,14,Camarões,Qatar
13,14,Canadá,Qatar
13,14,Inglaterra,Qatar
13,14,EUA,Qatar
13,14,Brasil,Qatar
13,14,Croácia,Qatar
13,14,Japão,Senegal
13,14,Camarões,Senegal
13,14,Canadá,Senegal
13,14,Inglaterra,Senegal
13,14,EUA,Senegal
13,14,Brasil,Senegal
13,14,Croácia,Senegal
13,14,Camarões,Japão
13,14,Canadá,Japão
13,14,Inglaterra,Japão
13,14,EUA,Japão
13,14,Brasil,Japão
13,14,Croácia,Japão
13,14,Canadá,Camarões
13,14,Inglaterra,Camarões
13,14,EUA,Camarões
13,14,Brasil,Camarões
13,14,Croácia,Camarões
13,14,Inglaterra,Canadá
13,14,EUA,Canadá
13,14,Brasil,Canadá
13,14,Croácia,Canadá
13,14,EUA,Inglaterra
13,14,Brasil,Inglaterra
13,14,Croácia,Inglaterra
13,14,Brasil,EUA
13,14,Croácia,EUA
13,14,Croácia,Brasil
13,17,Marrocos,Argentina
13,17,País de Gales,Argentina
13,17,Alemanha,Argentina
13,17,Portugal,Argentina
13,17,Suíça,Argentina
13,17,Uruguai,Argentina
13,17,Gana,Argentina
13,17,Irã,Argentina
13,17,Austrália,Argentina
13,17,Bélgica,Argentina
13,17,Equador,Argentina
13,17,Países Baixos,Argentina
13,17,Costa Rica,Argentina
13,17,Espanha,Argentina
13,17,Tunísia,Argentina
13,17,Polônia,Argentina
13,17,França,Argentina
13,17,Coreia do Sul,Argentina
13,17,Dinamarca,Argentina
13,17,Sérvia,Argentina
13,17,México,Argentina
13,17,Arábia Saudita,Argentina
13,17,Qatar,Argentina
13,17,Senegal,Argentina
13,17,Japão,Argentina
13,17,Camarões,Argentina
13,17,Canadá,Argentina
13,17,Inglaterra,Argentina
13,17,EUA,Argentina
13,17,Brasil,Argentina
13,17,Croácia,Argentina
13,17,País de Gales,Marrocos
13,17,Alemanha,Marrocos
13,17,Portugal,Marrocos
13,17,Suíça,Marrocos
13,17,Uruguai,Marrocos
13,17,Gana,Marrocos
13,17,Irã,Marrocos
13,17,Austrália,Marrocos
13,17,Bélgica,Marrocos
13,17,Equador,Marrocos
13,17,Países Baixos,Marrocos
13,17,Costa Rica,Marrocos
13,17,Espanha,Marrocos
13,17,Tunísia,Marrocos
13,17,Polônia,Marrocos
13,17,França,Marrocos
13,17,Coreia do Sul,Marrocos
13,17,Dinamarca,Marrocos
13,17,Sérvia,Marrocos
13,17,México,Marrocos
13,17,Arábia Saudita,Marrocos
13,17,Qatar,Marrocos
13,17,Senegal,Marrocos
13,17,Japão,Marrocos
13,17,Camarões,Marrocos
13,17,Canadá,Marrocos
13,17,Inglaterra,Marrocos
13,17,EUA,Marrocos
13,17,Brasil,Marrocos
13,17,Croácia,Marrocos
13,17,Alemanha,País de Gales
13,17,Portugal,País de Gales
13,17,Suíça,País de Gales
13,17,Uruguai,País de Gales
13,17,Gana,País de Gales
13,17,Irã,País de Gales
13,17,Austrália,País de Gales
13,17,Bélgica,País de Gales
13,17,Equador,País de Gales
13,17,Países Baixos,País de Gales
13,17,Costa Rica,País de Gales
13,17,Espanha,País de Gales
13,17,Tunísia,País de Gales
13,17,Polônia,País de Gales
13,17,França,País de Gales
13,17,Coreia do Sul,País de Gales
13,17,Dinamarca,País de Gales
13,17,Sérvia,País de Gales
13,17,México,País de Gales
13,17,Arábia Saudita,País de Gales
13,17,Qatar,País de Gales
13,17,Senegal,País de Gales
13,17,Japão,País de Gales
13,17,Camarões,País de Gales
13,17,Canadá,País de Gales
13,17,Inglaterra,País de Gales
13,17,EUA,País de Gales
13,17,Brasil,País de Gales
13,17,Croácia,País de Gales
13,17,Portugal,Alemanha
13,17,Suíça,Alemanha
13,17,Uruguai,Alemanha
13,17,Gana,Alemanha
13,17,Irã,Alemanha
13,17,Austrália,Alemanha
13,17,Bélgica,Alemanha
13,17,Equador,Alemanha
13,17,Países Baixos,Alemanha
13,17,Costa Rica,Alemanha
13,17,Espanha,Alemanha
13,17,Tunísia,Alemanha
13,17,Polônia,Alemanha
13,17,França,Alemanha
13,17,Coreia do Sul,Alemanha
13,17,Dinamarca,Alemanha
13,17,Sérvia,Alemanha
13,17,México,Alemanha
13,17,Arábia Saudita,Alemanha
13,17,Qatar,Alemanha
13,17,Senegal,Alemanha
13,17,Japão,Alemanha
13,17,Camarões,Alemanha
13,17,Canadá,Alemanha
13,17,Inglaterra,Alemanha
13,17,EUA,Alemanha
13,17,Brasil,Alemanha
13,17,Croácia,Alemanha
13,17,Suíça,Portugal
13,17,Uruguai,Portugal
13,17,Gana,Portugal
13,17,Irã,Portugal
13,17,Austrália,Portugal
13,17,Bélgica,Portugal
13,17,Equador,Portugal
13,17,Países Baixos,Portugal
13,17,Costa Rica,Portugal
13,17,Espanha,Portugal
13,17,Tunísia,Portugal
13,17,Polônia,Portugal
13,17,França,Portugal
13,17,Coreia do Sul,Portugal
13,17,Dinamarca,Portugal
13,17,Sérvia,Portugal
13,17,México,Portugal
13,17,Arábia Saudita,Portugal
13,17,Qatar,Portugal
13,17,Senegal,Portugal
13,17,Japão,Portugal
13,17,Camarões,Portugal
13,17,Canadá,Portugal
13,17,Inglaterra,Portugal
13,17,EUA,Portugal
13,17,Brasil,Portugal
13,17,Croácia,Portugal
13,17,Uruguai,Suíça
13,17,Gana,Suíça
13,17,Irã,Suíça
13,17,Austrália,Suíça
13,17,Bélgica,Suíça
13,17,Equador,Suíça
13,17,Países Baixos,Suíça
13,17,Costa Rica,Suíça
13,17,Espanha,Suíça
13,17,Tunísia,Suíça
13,17,Polônia,Suíça
13,17,França,Suíça
13,17,Coreia do Sul,Suíça
13,17,Dinamarca,Suíça
13,17,Sérvia,Suíça
13,17,México,Suíça
13,17,Arábia Saudita,Suíça
13,17,Qatar,Suíça
13,17,Senegal,Suíça
13,17,Japão,Suíça
13,17,Camarões,Suíça
13,17,Canadá,Suíça
13,17,Inglaterra,Suíça
13,17,EUA,Suíça
13,17,Brasil,Suíça
13,17,Croácia,Suíça
13,17,Gana,Uruguai
13,17,Irã,Uruguai
13,17,Austrália,Uruguai
13,17,Bélgica,Uruguai
13,17,Equador,Uruguai
13,17,Países Baixos,Uruguai
13,17,Costa Rica,Uruguai
13,17,Espanha,Uruguai
13,17,Tunísia,Uruguai
13,17,Polônia,Uruguai
13,17,França,Uruguai
13,17,Coreia do Sul,Uruguai
13,17,Dinamarca,Uruguai
13,17,Sérvia,Uruguai
13,17,México,Uruguai
13,17,Arábia Saudita,Uruguai
13,17,Qatar,Uruguai
13,17,Senegal,Uruguai
13,17,Japão,Uruguai
13,17,Camarões,Uruguai
13,17,Canadá,Uruguai
13,17,Inglaterra,Uruguai
13,17,EUA,Uruguai
13,17,Brasil,Uruguai
13,17,Croácia,Uruguai
13,17,Irã,Gana
13,17,Austrália,Gana
13,17,Bélgica,Gana
13,17,Equador,Gana
13,17,Países Baixos,Gana
13,17,Costa Rica,Gana
13,17,Espanha,Gana
13,17,Tunísia,Gana
13,17,Polônia,Gana
13,17,França,Gana
13,17,Coreia do Sul,Gana
13,17,Dinamarca,Gana
13,17,Sérvia,Gana
13,17,México,Gana
13,17,Arábia Saudita,Gana
13,17,Qatar,Gana
13,17,Senegal,Gana
13,17,Japão,Gana
13,17,Camarões,Gana
13,17,Canadá,Gana
13,17,Inglaterra,Gana
13,17,EUA,Gana
13,17,Brasil,Gana
13,17,Croácia,Gana
13,17,Austrália,Irã
13,17,Bélgica,Irã
13,17,Equador,Irã
13,17,Países Baixos,Irã
13,17,Costa Rica,Irã
13,17,Espanha,Irã
13,17,Tunísia,Irã
13,17,Polônia,Irã
13,17,França,Irã
13,17,Coreia do Sul,Irã
13,17,Dinamarca,Irã
13,17,Sérvia,Irã
13,17,México,Irã
13,17,Arábia Saudita,Irã
13,17,Qatar,Irã
13,17,Senegal,Irã
13,17,Japão,Irã
13,17,Camarões,Irã
13,17,Canadá,Irã
13,17,Inglaterra,Irã
13,17,EUA,Irã
13,17,Brasil,Irã
13,17,Croácia,Irã
13,17,Bélgica,Austrália
13,17,Equador,Austrália
13,17,Países Baixos,Austrália
13,17,Costa Rica,Austrália
13,17,Espanha,Austrália
13,17,Tunísia,Austrália
13,17,Polônia,Austrália
13,17,França,Austrália
13,17,Coreia do Sul,Austrália
13,17,Dinamarca,Austrália
13,17,Sérvia,Austrália
13,17,México,Austrália
13,17,Arábia Saudita,Austrália
13,17,Qatar,Austrália
13,17,Senegal,Austrália
13,17,Japão,Austrália
13,17,Camarões,Austrália
13,17,Canadá,Austrália
13,17,Inglaterra,Austrália
13,17,EUA,Austrália
13,17,Brasil,Austrália
13,17,Croácia,Austrália
13,17,Equador,Bélgica
13,17,Países Baixos,Bélgica
13,17,Costa Rica,Bélgica
13,17,Espanha,Bélgica
13,17,Tunísia,Bélgica
13,17,Polônia,Bélgica
13,17,França,Bélgica
13,17,Coreia do Sul,Bélgica
13,17,Dinamarca,Bélgica
13,17,Sérvia,Bélgica
13,17,México,Bélgica
13,17,Arábia Saudita,Bélgica
13,17,Qatar,Bélgica
13,17,Senegal,Bélgica
13,17,Japão,Bélgica
13,17,Camarões,Bélgica
13,17,Canadá,Bélgica
13,17,Inglaterra,Bélgica
13,17,EUA,Bélgica
13,17,Brasil,Bélgica
13,17,Croácia,Bélgica
13,17,Países Baixos,Equador
13,17,Costa Rica,Equador
13,17,Espanha,Equador
13,17,Tunísia,Equador
13,17,Polônia,Equador
13,17,França,Equador
13,17,Coreia do Sul,Equador
13,17,Dinamarca,Equador
13,17,Sérvia,Equador
13,17,México,Equador
13,17,Arábia Saudita,Equador
13,17,Qatar,Equador
13,17,Senegal,Equador
13,17,Japão,Equador
13,17,Camarões,Equador
13,17,Canadá,Equador
13,17,Inglaterra,Equador
13,17,EUA,Equador
13,17,Brasil,Equador
13,17,Croácia,Equador
13,17,Costa Rica,Países Baixos
13,17,Espanha,Países Baixos
13,17,Tunísia,Países Baixos
13,17,Polônia,Países Baixos
13,17,França,Países Baixos
13,17,Coreia do Sul,Países Baixos
13,17,Dinamarca,Países Baixos
13,17,Sérvia,Países Baixos
13,17,México,Países Baixos
13,17,Arábia Saudita,Países Baixos
13,17,Qatar,Países Baixos
13,17,Senegal,Países Baixos
13,17,Japão,Países Baixos
13,17,Camarões,Países Baixos
13,17,Canadá,Países Baixos
13,17,Inglaterra,Países Baixos
13,17,EUA,Países Baixos
13,17,Brasil,Países Baixos
13,17,Croácia,Países Baixos
13,17,Espanha,Costa Rica
13,17,Tunísia,Costa Rica
13,17,Polônia,Costa Rica
13,17,França,Costa Rica
13,17,Coreia do Sul,Costa Rica
13,17,Dinamarca,Costa Rica
13,17,Sérvia,Costa Rica
13,17,México,Costa Rica
13,17,Arábia Saudita,Costa Rica
13,17,Qatar,Costa Rica
13,17,Senegal,Costa Rica
13,17,Japão,Costa Rica
13,17,Camarões,Costa Rica
13,17,Canadá,Costa Rica
13,17,Inglaterra,Costa Rica
13,17,EUA,Costa Rica
13,17,Brasil,Costa Rica
13,17,Croácia,Costa Rica
13,17,Tunísia,Espanha
13,17,Polônia,Espanha
13,17,França,Espanha
13,17,Coreia do Sul,Espanha
13,17,Dinamarca,Espanha
13,17,Sérvia,Espanha
13,17,México,Espanha
13,17,Arábia Saudita,Espanha
13,17,Qatar,Espanha
13,17,Senegal,Espanha
13,17,Japão,Espanha
13,17,Camarões,Espanha
13,17,Canadá,Espanha
13,17,Inglaterra,Espanha
13,17,EUA,Espanha
13,17,Brasil,Espanha
13,17,Croácia,Espanha
13,17,Polônia,Tunísia
13,17,França,Tunísia
13,17,Coreia do Sul,Tunísia
13,17,Dinamarca,Tunísia
13,17,Sérvia,Tunísia
13,17,México,Tunísia
13,17,Arábia Saudita,Tunísia
13,17,Qatar,Tunísia
13,17,Senegal,Tunísia
13,17,Japão,Tunísia
13,17,Camarões,Tunísia
13,17,Canadá,Tunísia
13,17,Inglaterra,Tunísia
13,17,EUA,Tunísia
13,17,Brasil,Tunísia
13,17,Croácia,Tunísia
13,17,França,Polônia
13,17,Coreia do Sul,Polônia
13,17,Dinamarca,Polônia
13,17,Sérvia,Polônia
13,17,México,Polônia
13,17,Arábia Saudita,Polônia
13,17,Qatar,Polônia
13,17,Senegal,Polônia
13,17,Japão,Polônia
13,17,Camarões,Polônia
13,17,Canadá,Polônia
13,17,Inglaterra,Polônia
13,17,EUA,Polônia
13,17,Brasil,Polônia
13,17,Croácia,Polônia
13,17,Coreia do Sul,França
13,17,Dinamarca,França
13,17,Sérvia,França
13,17,México,França
13,17,Arábia Saudita,França
13,17,Qatar,França
13,17,Senegal,França
13,17,Japão,França
13,17,Camarões,França
13,17,Canadá,França
13,17,Inglaterra,França
13,17,EUA,França
13,17,Brasil,França
13,17,Croácia,França
13,17,Dinamarca,Coreia do Sul
13,17,Sérvia,Coreia do Sul
13,17,México,Coreia do Sul
13,17,Arábia Saudita,Coreia do Sul
13,17,Qatar,Coreia do Sul
13,17,Senegal,Coreia do Sul
13,17,Japão,Coreia do Sul
13,17,Camarões,Coreia do Sul
13,17,Canadá,Coreia do Sul
13,17,Inglaterra,Coreia do Sul
13,17,EUA,Coreia do Sul
13,17,Brasil,Coreia do Sul
13,17,Croácia,Coreia do Sul
13,17,Sérvia,Dinamarca
13,17,México,Dinamarca
13,17,Arábia Saudita,Dinamarca
13,17,Qatar,Dinamarca
13,17,Senegal,Dinamarca
13,17,Japão,Dinamarca
13,17,Camarões,Dinamarca
13,17,Canadá,Dinamarca
13,17,Inglaterra,Dinamarca
13,17,EUA,Dinamarca
13,17,Brasil,Dinamarca
13,17,Croácia,Dinamarca
13,17,México,Sérvia
13,17,Arábia Saudita,Sérvia
13,17,Qatar,Sérvia
13,17,Senegal,Sérvia
13,17,Japão,Sérvia
13,17,Camarões,Sérvia
13,17,Canadá,Sérvia
13,17,Inglaterra,Sérvia
13,17,EUA,Sérvia
13,17,Brasil,Sérvia
13,17,Croácia,Sérvia
13,17,Arábia Saudita,México
13,17,Qatar,México
13,17,Senegal,México
13,17,Japão,México
13,17,Camarões,México
13,17,Canadá,México
13,17,Inglaterra,México
13,17,EUA,México
13,17,Brasil,México
13,17,Croácia,México
13,17,Qatar,Arábia Saudita
13,17,Senegal,Arábia Saudita
13,17,Japão,Arábia Saudita
13,17,Camarões,Arábia Saudita
13,17,Canadá,Arábia Saudita
13,17,Inglaterra,Arábia Saudita
13,17,EUA,Arábia Saudita
13,17,Brasil,Arábia Saudita
13,17,Croácia,Arábia Saudita
13,17,Senegal,Qatar
13,17,Japão,Qatar
13,17,Camarões,Qatar
13,17,Canadá,Qatar
13,17,Inglaterra,Qatar
13,17,EUA,Qatar
13,17,Brasil,Qatar
13,17,Croácia,Qatar
13,17,Japão,Senegal
13,17,Camarões,Senegal
13,17,Canadá,Senegal
13,17,Inglaterra,Senegal
13,17,EUA,Senegal
13,17,Brasil,Senegal
13,17,Croácia,Senegal
13,17,Camarões,Japão
13,17,Canadá,Japão
13,17,Inglaterra,Japão
13,17,EUA,Japão
13,17,Brasil,Japão
13,17,Croácia,Japão
13,17,Canadá,Camarões
13,17,Inglaterra,Camarões
13,17,EUA,Camarões
13,17,Brasil,Camarões
13,17,Croácia,Camarões
13,17,Inglaterra,Canadá
13,17,EUA,Canadá
13,17,Brasil,Canadá
13,17,Croácia,Canadá
13,17,EUA,Inglaterra
13,17,Brasil,Inglaterra
13,17,Croácia,Inglaterra
13,17,Brasil,EUA
13,17,Croácia,EUA
13,17,Croácia,Brasil
13,20,Marrocos,Argentina
13,20,País de Gales,Argentina
13,20,Alemanha,Argentina
13,20,Portugal,Argentina
13,20,Suíça,Argentina
13,20,Uruguai,Argentina
13,20,Gana,Argentina
13,20,Irã,Argentina
13,20,Austrália,Argentina
13,20,Bélgica,Argentina
13,20,Equador,Argentina
13,20,Países Baixos,Argentina
13,20,Costa Rica,Argentina
13,20,Espanha,Argentina
13,20,Tunísia,Argentina
13,20,Polônia,Argentina
13,20,França,Argentina
13,20,Coreia do Sul,Argentina
13,20,Dinamarca,Argentina
13,20,Sérvia,Argentina
13,20,México,Argentina
13,20,Arábia Saudita,Argentina
13,20,Qatar,Argentina
13,20,Senegal,Argentina
13,20,Japão,Argentina
13,20,Camarões,Argentina
13,20,Canadá,Argentina
13,20,Inglaterra,Argentina
13,20,EUA,Argentina
13,20,Brasil,Argentina
13,20,Croácia,Argentina
13,20,País de Gales,Marrocos
13,20,Alemanha,Marrocos
13,20,Portugal,Marrocos
13,20,Suíça,Marrocos
13,20,Uruguai,Marrocos
13,20,Gana,Marrocos
13,20,Irã,Marrocos
13,20,Austrália,Marrocos
13,20,Bélgica,Marrocos
13,20,Equador,Marrocos
13,20,Países Baixos,Marrocos
13,20,Costa Rica,Marrocos
13,20,Espanha,Marrocos
13,20,Tunísia,Marrocos
13,20,Polônia,Marrocos
13,20,França,Marrocos
13,20,Coreia do Sul,Marrocos
13,20,Dinamarca,Marrocos
13,20,Sérvia,Marrocos
13,20,México,Marrocos
13,20,Arábia Saudita,Marrocos
13,20,Qatar,Marrocos
13,20,Senegal,Marrocos
13,20,Japão,Marrocos
13,20,Camarões,Marrocos
13,20,Canadá,Marrocos
13,20,Inglaterra,Marrocos
13,20,EUA,Marrocos
13,20,Brasil,Marrocos
13,20,Croácia,Marrocos
13,20,Alemanha,País de Gales
13,20,Portugal,País de Gales
13,20,Suíça,País de Gales
13,20,Uruguai,País de Gales
13,20,Gana,País de Gales
13,20,Irã,País de Gales
13,20,Austrália,País de Gales
13,20,Bélgica,País de Gales
13,20,Equador,País de Gales
13,20,Países Baixos,País de Gales
13,20,Costa Rica,País de Gales
13,20,Espanha,País de Gales
13,20,Tunísia,País de Gales
13,20,Polônia,País de Gales
13,20,França,País de Gales
13,20,Coreia do Sul,País de Gales
13,20,Dinamarca,País de Gales
13,20,Sérvia,País de Gales
13,20,México,País de Gales
13,20,Arábia Saudita,País de Gales
13,20,Qatar,País de Gales
13,20,Senegal,País de Gales
13,20,Japão,País de Gales
13,20,Camarões,País de Gales
13,20,Canadá,País de Gales
13,20,Inglaterra,País de Gales
13,20,EUA,País de Gales
13,20,Brasil,País de Gales
13,20,Croácia,País de Gales
13,20,Portugal,Alemanha
13,20,Suíça,Alemanha
13,20,Uruguai,Alemanha
13,20,Gana,Alemanha
13,20,Irã,Alemanha
13,20,Austrália,Alemanha
13,20,Bélgica,Alemanha
13,20,Equador,Alemanha
13,20,Países Baixos,Alemanha
13,20,Costa Rica,Alemanha
13,20,Espanha,Alemanha
13,20,Tunísia,Alemanha
13,20,Polônia,Alemanha
13,20,França,Alemanha
13,20,Coreia do Sul,Alemanha
13,20,Dinamarca,Alemanha
13,20,Sérvia,Alemanha
13,20,México,Alemanha
13,20,Arábia Saudita,Alemanha
13,20,Qatar,Alemanha
13,20,Senegal,Alemanha
13,20,Japão,Alemanha
13,20,Camarões,Alemanha
13,20,Canadá,Alemanha
13,20,Inglaterra,Alemanha
13,20,EUA,Alemanha
13,20,Brasil,Alemanha
13,20,Croácia,Alemanha
13,20,Suíça,Portugal
13,20,Uruguai,Portugal
13,20,Gana,Portugal
13,20,Irã,Portugal
13,20,Austrália,Portugal
13,20,Bélgica,Portugal
13,20,Equador,Portugal
13,20,Países Baixos,Portugal
13,20,Costa Rica,Portugal
13,20,Espanha,Portugal
13,20,Tunísia,Portugal
13,20,Polônia,Portugal
13,20,França,Portugal
13,20,Coreia do Sul,Portugal
13,20,Dinamarca,Portugal
13,20,Sérvia,Portugal
13,20,México,Portugal
13,20,Arábia Saudita,Portugal
13,20,Qatar,Portugal
13,20,Senegal,Portugal
13,20,Japão,Portugal
13,20,Camarões,Portugal
13,20,Canadá,Portugal
13,20,Inglaterra,Portugal
13,20,EUA,Portugal
13,20,Brasil,Portugal
13,20,Croácia,Portugal
13,20,Uruguai,Suíça
13,20,Gana,Suíça
13,20,Irã,Suíça
13,20,Austrália,Suíça
13,20,Bélgica,Suíça
13,20,Equador,Suíça
13,20,Países Baixos,Suíça
13,20,Costa Rica,Suíça
13,20,Espanha,Suíça
13,20,Tunísia,Suíça
13,20,Polônia,Suíça
13,20,França,Suíça
13,20,Coreia do Sul,Suíça
13,20,Dinamarca,Suíça
13,20,Sérvia,Suíça
13,20,México,Suíça
13,20,Arábia Saudita,Suíça
13,20,Qatar,Suíça
13,20,Senegal,Suíça
13,20,Japão,Suíça
13,20,Camarões,Suíça
13,20,Canadá,Suíça
13,20,Inglaterra,Suíça
13,20,EUA,Suíça
13,20,Brasil,Suíça
13,20,Croácia,Suíça
13,20,Gana,Uruguai
13,20,Irã,Uruguai
13,20,Austrália,Uruguai
13,20,Bélgica,Uruguai
13,20,Equador,Uruguai
13,20,Países Baixos,Uruguai
13,20,Costa Rica,Uruguai
13,20,Espanha,Uruguai
13,20,Tunísia,Uruguai
13,20,Polônia,Uruguai
13,20,França,Uruguai
13,20,Coreia do Sul,Uruguai
13,20,Dinamarca,Uruguai
13,20,Sérvia,Uruguai
13,20,México,Uruguai
13,20,Arábia Saudita,Uruguai
13,20,Qatar,Uruguai
13,20,Senegal,Uruguai
13,20,Japão,Uruguai
13,20,Camarões,Uruguai
13,20,Canadá,Uruguai
13,20,Inglaterra,Uruguai
13,20,EUA,Uruguai
13,20,Brasil,Uruguai
13,20,Croácia,Uruguai
13,20,Irã,Gana
13,20,Austrália,Gana
13,20,Bélgica,Gana
13,20,Equador,Gana
13,20,Países Baixos,Gana
13,20,Costa Rica,Gana
13,20,Espanha,Gana
13,20,Tunísia,Gana
13,20,Polônia,Gana
13,20,França,Gana
13,20,Coreia do Sul,Gana
13,20,Dinamarca,Gana
13,20,Sérvia,Gana
13,20,México,Gana
13,20,Arábia Saudita,Gana
13,20,Qatar,Gana
13,20,Senegal,Gana
13,20,Japão,Gana
13,20,Camarões,Gana
13,20,Canadá,Gana
13,20,Inglaterra,Gana
13,20,EUA,Gana
13,20,Brasil,Gana
13,20,Croácia,Gana
13,20,Austrália,Irã
13,20,Bélgica,Irã
13,20,Equador,Irã
13,20,Países Baixos,Irã
13,20,Costa Rica,Irã
13,20,Espanha,Irã
13,20,Tunísia,Irã
13,20,Polônia,Irã
13,20,França,Irã
13,20,Coreia do Sul,Irã
13,20,Dinamarca,Irã
13,20,Sérvia,Irã
13,20,México,Irã
13,20,Arábia Saudita,Irã
13,20,Qatar,Irã
13,20,Senegal,Irã
13,20,Japão,Irã
13,20,Camarões,Irã
13,20,Canadá,Irã
13,20,Inglaterra,Irã
13,20,EUA,Irã
13,20,Brasil,Irã
13,20,Croácia,Irã
13,20,Bélgica,Austrália
13,20,Equador,Austrália
13,20,Países Baixos,Austrália
13,20,Costa Rica,Austrália
13,20,Espanha,Austrália
13,20,Tunísia,Austrália
13,20,Polônia,Austrália
13,20,França,Austrália
13,20,Coreia do Sul,Austrália
13,20,Dinamarca,Austrália
13,20,Sérvia,Austrália
13,20,México,Austrália
13,20,Arábia Saudita,Austrália
13,20,Qatar,Austrália
13,20,Senegal,Austrália
13,20,Japão,Austrália
13,20,Camarões,Austrália
13,20,Canadá,Austrália
13,20,Inglaterra,Austrália
13,20,EUA,Austrália
13,20,Brasil,Austrália
13,20,Croácia,Austrália
13,20,Equador,Bélgica
13,20,Países Baixos,Bélgica
13,20,Costa Rica,Bélgica
13,20,Espanha,Bélgica
13,20,Tunísia,Bélgica
13,20,Polônia,Bélgica
13,20,França,Bélgica
13,20,Coreia do Sul,Bélgica
13,20,Dinamarca,Bélgica
13,20,Sérvia,Bélgica
13,20,México,Bélgica
13,20,Arábia Saudita,Bélgica
13,20,Qatar,Bélgica
13,20,Senegal,Bélgica
13,20,Japão,Bélgica
13,20,Camarões,Bélgica
13,20,Canadá,Bélgica
13,20,Inglaterra,Bélgica
13,20,EUA,Bélgica
13,20,Brasil,Bélgica
13,20,Croácia,Bélgica
13,20,Países Baixos,Equador
13,20,Costa Rica,Equador
13,20,Espanha,Equador
13,20,Tunísia,Equador
13,20,Polônia,Equador
13,20,França,Equador
13,20,Coreia do Sul,Equador
13,20,Dinamarca,Equador
13,20,Sérvia,Equador
13,20,México,Equador
13,20,Arábia Saudita,Equador
13,20,Qatar,Equador
13,20,Senegal,Equador
13,20,Japão,Equador
13,20,Camarões,Equador
13,20,Canadá,Equador
13,20,Inglaterra,Equador
13,20,EUA,Equador
13,20,Brasil,Equador
13,20,Croácia,Equador
13,20,Costa Rica,Países Baixos
13,20,Espanha,Países Baixos
13,20,Tunísia,Países Baixos
13,20,Polônia,Países Baixos
13,20,França,Países Baixos
13,20,Coreia do Sul,Países Baixos
13,20,Dinamarca,Países Baixos
13,20,Sérvia,Países Baixos
13,20,México,Países Baixos
13,20,Arábia Saudita,Países Baixos
13,20,Qatar,Países Baixos
13,20,Senegal,Países Baixos
13,20,Japão,Países Baixos
13,20,Camarões,Países Baixos
13,20,Canadá,Países Baixos
13,20,Inglaterra,Países Baixos
13,20,EUA,Países Baixos
13,20,Brasil,Países Baixos
13,20,Croácia,Países Baixos
13,20,Espanha,Costa Rica
13,20,Tunísia,Costa Rica
13,20,Polônia,Costa Rica
13,20,França,Costa Rica
13,20,Coreia do Sul,Costa Rica
13,20,Dinamarca,Costa Rica
13,20,Sérvia,Costa Rica
13,20,México,Costa Rica
13,20,Arábia Saudita,Costa Rica
13,20,Qatar,Costa Rica
13,20,Senegal,Costa Rica
13,20,Japão,Costa Rica
13,20,Camarões,Costa Rica
13,20,Canadá,Costa Rica
13,20,Inglaterra,Costa Rica
13,20,EUA,Costa Rica
13,20,Brasil,Costa Rica
13,20,Croácia,Costa Rica
13,20,Tunísia,Espanha
13,20,Polônia,Espanha
13,20,França,Espanha
13,20,Coreia do Sul,Espanha
13,20,Dinamarca,Espanha
13,20,Sérvia,Espanha
13,20,México,Espanha
13,20,Arábia Saudita,Espanha
13,20,Qatar,Espanha
13,20,Senegal,Espanha
13,20,Japão,Espanha
13,20,Camarões,Espanha
13,20,Canadá,Espanha
13,20,Inglaterra,Espanha
13,20,EUA,Espanha
13,20,Brasil,Espanha
13,20,Croácia,Espanha
13,20,Polônia,Tunísia
13,20,França,Tunísia
13,20,Coreia do Sul,Tunísia
13,20,Dinamarca,Tunísia
13,20,Sérvia,Tunísia
13,20,México,Tunísia
13,20,Arábia Saudita,Tunísia
13,20,Qatar,Tunísia
13,20,Senegal,Tunísia
13,20,Japão,Tunísia
13,20,Camarões,Tunísia
13,20,Canadá,Tunísia
13,20,Inglaterra,Tunísia
13,20,EUA,Tunísia
13,20,Brasil,Tunísia
13,20,Croácia,Tunísia
13,20,França,Polônia
13,20,Coreia do Sul,Polônia
13,20,Dinamarca,Polônia
13,20,Sérvia,Polônia
13,20,México,Polônia
13,20,Arábia Saudita,Polônia
13,20,Qatar,Polônia
13,20,Senegal,Polônia
13,20,Japão,Polônia
13,20,Camarões,Polônia
13,20,Canadá,Polônia
13,20,Inglaterra,Polônia
13,20,EUA,Polônia
13,20,Brasil,Polônia
13,20,Croácia,Polônia
13,20,Coreia do Sul,França
13,20,Dinamarca,França
13,20,Sérvia,França
13,20,México,França
13,20,Arábia Saudita,França
13,20,Qatar,França
13,20,Senegal,França
13,20,Japão,França
13,20,Camarões,França
13,20,Canadá,França
13,20,Inglaterra,França
13,20,EUA,França
13,20,Brasil,França
13,20,Croácia,França
13,20,Dinamarca,Coreia do Sul
13,20,Sérvia,Coreia do Sul
13,20,México,Coreia do Sul
13,20,Arábia Saudita,Coreia do Sul
13,20,Qatar,Coreia do Sul
13,20,Senegal,Coreia do Sul
13,20,Japão,Coreia do Sul
13,20,Camarões,Coreia do Sul
13,20,Canadá,Coreia do Sul
13,20,Inglaterra,Coreia do Sul
13,20,EUA,Coreia do Sul
13,20,Brasil,Coreia do Sul
13,20,Croácia,Coreia do Sul
13,20,Sérvia,Dinamarca
13,20,México,Dinamarca
13,20,Arábia Saudita,Dinamarca
13,20,Qatar,Dinamarca
13,20,Senegal,Dinamarca
13,20,Japão,Dinamarca
13,20,Camarões,Dinamarca
13,20,Canadá,Dinamarca
13,20,Inglaterra,Dinamarca
13,20,EUA,Dinamarca
13,20,Brasil,Dinamarca
13,20,Croácia,Dinamarca
13,20,México,Sérvia
13,20,Arábia Saudita,Sérvia
13,20,Qatar,Sérvia
13,20,Senegal,Sérvia
13,20,Japão,Sérvia
13,20,Camarões,Sérvia
13,20,Canadá,Sérvia
13,20,Inglaterra,Sérvia
13,20,EUA,Sérvia
13,20,Brasil,Sérvia
13,20,Croácia,Sérvia
13,20,Arábia Saudita,México
13,20,Qatar,México
13,20,Senegal,México
13,20,Japão,México
13,20,Camarões,México
13,20,Canadá,México
13,20,Inglaterra,México
13,20,EUA,México
13,20,Brasil,México
13,20,Croácia,México
13,20,Qatar,Arábia Saudita
13,20,Senegal,Arábia Saudita
13,20,Japão,Arábia Saudita
13,20,Camarões,Arábia Saudita
13,20,Canadá,Arábia Saudita
13,20,Inglaterra,Arábia Saudita
13,20,EUA,Arábia Saudita
13,20,Brasil,Arábia Saudita
13,20,Croácia,Arábia Saudita
13,20,Senegal,Qatar
13,20,Japão,Qatar
13,20,Camarões,Qatar
13,20,Canadá,Qatar
13,20,Inglaterra,Qatar
13,20,EUA,Qatar
13,20,Brasil,Qatar
13,20,Croácia,Qatar
13,20,Japão,Senegal
13,20,Camarões,Senegal
13,20,Canadá,Senegal
13,20,Inglaterra,Senegal
13,20,EUA,Senegal
13,20,Brasil,Senegal
13,20,Croácia,Senegal
13,20,Camarões,Japão
13,20,Canadá,Japão
13,20,Inglaterra,Japão
13,20,EUA,Japão
13,20,Brasil,Japão
13,20,Croácia,Japão
13,20,Canadá,Camarões
13,20,Inglaterra,Camarões
13,20,EUA,Camarões
13,20,Brasil,Camarões
13,20,Croácia,Camarões
13,20,Inglaterra,Canadá
13,20,EUA,Canadá
13,20,Brasil,Canadá
13,20,Croácia,Canadá
13,20,EUA,Inglaterra
13,20,Brasil,Inglaterra
13,20,Croácia,Inglaterra
13,20,Brasil,EUA
13,20,Croácia,EUA
13,20,Croácia,Brasil
13,23,Marrocos,Argentina
13,23,País de Gales,Argentina
13,23,Alemanha,Argentina
13,23,Portugal,Argentina
13,23,Suíça,Argentina
13,23,Uruguai,Argentina
13,23,Gana,Argentina
13,23,Irã,Argentina
13,23,Austrália,Argentina
13,23,Bélgica,Argentina
13,23,Equador,Argentina
13,23,Países Baixos,Argentina
13,23,Costa Rica,Argentina
13,23,Espanha,Argentina
13,23,Tunísia,Argentina
13,23,Polônia,Argentina
13,23,França,Argentina
13,23,Coreia do Sul,Argentina
13,23,Dinamarca,Argentina
13,23,Sérvia,Argentina
13,23,México,Argentina
13,23,Arábia Saudita,Argentina
13,23,Qatar,Argentina
13,23,Senegal,Argentina
13,23,Japão,Argentina
13,23,Camarões,Argentina
13,23,Canadá,Argentina
13,23,Inglaterra,Argentina
13,23,EUA,Argentina
13,23,Brasil,Argentina
13,23,Croácia,Argentina
13,23,País de Gales,Marrocos
13,23,Alemanha,Marrocos
13,23,Portugal,Marrocos
13,23,Suíça,Marrocos
13,23,Uruguai,Marrocos
13,23,Gana,Marrocos
13,23,Irã,Marrocos
13,23,Austrália,Marrocos
13,23,Bélgica,Marrocos
13,23,Equador,Marrocos
13,23,Países Baixos,Marrocos
13,23,Costa Rica,Marrocos
13,23,Espanha,Marrocos
13,23,Tunísia,Marrocos
13,23,Polônia,Marrocos
13,23,França,Marrocos
13,23,Coreia do Sul,Marrocos
13,23,Dinamarca,Marrocos
13,23,Sérvia,Marrocos
13,23,México,Marrocos
13,23,Arábia Saudita,Marrocos
13,23,Qatar,Marrocos
13,23,Senegal,Marrocos
13,23,Japão,Marrocos
13,23,Camarões,Marrocos
13,23,Canadá,Marrocos
13,23,Inglaterra,Marrocos
13,23,EUA,Marrocos
13,23,Brasil,Marrocos
13,23,Croácia,Marrocos
13,23,Alemanha,País de Gales
13,23,Portugal,País de Gales
13,23,Suíça,País de Gales
13,23,Uruguai,País de Gales
13,23,Gana,País de Gales
13,23,Irã,País de Gales
13,23,Austrália,País de Gales
13,23,Bélgica,País de Gales
13,23,Equador,País de Gales
13,23,Países Baixos,País de Gales
13,23,Costa Rica,País de Gales
13,23,Espanha,País de Gales
13,23,Tunísia,País de Gales
13,23,Polônia,País de Gales
13,23,França,País de Gales
13,23,Coreia do Sul,País de Gales
13,23,Dinamarca,País de Gales
13,23,Sérvia,País de Gales
13,23,México,País de Gales
13,23,Arábia Saudita,País de Gales
13,23,Qatar,País de Gales
13,23,Senegal,País de Gales
13,23,Japão,País de Gales
13,23,Camarões,País de Gales
13,23,Canadá,País de Gales
13,23,Inglaterra,País de Gales
13,23,EUA,País de Gales
13,23,Brasil,País de Gales
13,23,Croácia,País de Gales
13,23,Portugal,Alemanha
13,23,Suíça,Alemanha
13,23,Uruguai,Alemanha
13,23,Gana,Alemanha
13,23,Irã,Alemanha
13,23,Austrália,Alemanha
13,23,Bélgica,Alemanha
13,23,Equador,Alemanha
13,23,Países Baixos,Alemanha
13,23,Costa Rica,Alemanha
13,23,Espanha,Alemanha
13,23,Tunísia,Alemanha
13,23,Polônia,Alemanha
13,23,França,Alemanha
13,23,Coreia do Sul,Alemanha
13,23,Dinamarca,Alemanha
13,23,Sérvia,Alemanha
13,23,México,Alemanha
13,23,Arábia Saudita,Alemanha
13,23,Qatar,Alemanha
13,23,Senegal,Alemanha
13,23,Japão,Alemanha
13,23,Camarões,Alemanha
13,23,Canadá,Alemanha
13,23,Inglaterra,Alemanha
13,23,EUA,Alemanha
13,23,Brasil,Alemanha
13,23,Croácia,Alemanha
13,23,Suíça,Portugal
13,23,Uruguai,Portugal
13,23,Gana,Portugal
13,23,Irã,Portugal
13,23,Austrália,Portugal
13,23,Bélgica,Portugal
13,23,Equador,Portugal
13,23,Países Baixos,Portugal
13,23,Costa Rica,Portugal
13,23,Espanha,Portugal
13,23,Tunísia,Portugal
13,23,Polônia,Portugal
13,23,França,Portugal
13,23,Coreia do Sul,Portugal
13,23,Dinamarca,Portugal
13,23,Sérvia,Portugal
13,23,México,Portugal
13,23,Arábia Saudita,Portugal
13,23,Qatar,Portugal
13,23,Senegal,Portugal
13,23,Japão,Portugal
13,23,Camarões,Portugal
13,23,Canadá,Portugal
13,23,Inglaterra,Portugal
13,23,EUA,Portugal
13,23,Brasil,Portugal
13,23,Croácia,Portugal
13,23,Uruguai,Suíça
13,23,Gana,Suíça
13,23,Irã,Suíça
13,23,Austrália,Suíça
13,23,Bélgica,Suíça
13,23,Equador,Suíça
13,23,Países Baixos,Suíça
13,23,Costa Rica,Suíça
13,23,Espanha,Suíça
13,23,Tunísia,Suíça
13,23,Polônia,Suíça
13,23,França,Suíça
13,23,Coreia do Sul,Suíça
13,23,Dinamarca,Suíça
13,23,Sérvia,Suíça
13,23,México,Suíça
13,23,Arábia Saudita,Suíça
13,23,Qatar,Suíça
13,23,Senegal,Suíça
13,23,Japão,Suíça
13,23,Camarões,Suíça
13,23,Canadá,Suíça
13,23,Inglaterra,Suíça
13,23,EUA,Suíça
13,23,Brasil,Suíça
13,23,Croácia,Suíça
13,23,Gana,Uruguai
13,23,Irã,Uruguai
13,23,Austrália,Uruguai
13,23,Bélgica,Uruguai
13,23,Equador,Uruguai
13,23,Países Baixos,Uruguai
13,23,Costa Rica,Uruguai
13,23,Espanha,Uruguai
13,23,Tunísia,Uruguai
13,23,Polônia,Uruguai
13,23,França,Uruguai
13,23,Coreia do Sul,Uruguai
13,23,Dinamarca,Uruguai
13,23,Sérvia,Uruguai
13,23,México,Uruguai
13,23,Arábia Saudita,Uruguai
13,23,Qatar,Uruguai
13,23,Senegal,Uruguai
13,23,Japão,Uruguai
13,23,Camarões,Uruguai
13,23,Canadá,Uruguai
13,23,Inglaterra,Uruguai
13,23,EUA,Uruguai
13,23,Brasil,Uruguai
13,23,Croácia,Uruguai
13,23,Irã,Gana
13,23,Austrália,Gana
13,23,Bélgica,Gana
13,23,Equador,Gana
13,23,Países Baixos,Gana
13,23,Costa Rica,Gana
13,23,Espanha,Gana
13,23,Tunísia,Gana
13,23,Polônia,Gana
13,23,França,Gana
13,23,Coreia do Sul,Gana
13,23,Dinamarca,Gana
13,23,Sérvia,Gana
13,23,México,Gana
13,23,Arábia Saudita,Gana
13,23,Qatar,Gana
13,23,Senegal,Gana
13,23,Japão,Gana
13,23,Camarões,Gana
13,23,Canadá,Gana
13,23,Inglaterra,Gana
13,23,EUA,Gana
13,23,Brasil,Gana
13,23,Croácia,Gana
13,23,Austrália,Irã
13,23,Bélgica,Irã
13,23,Equador,Irã
13,23,Países Baixos,Irã
13,23,Costa Rica,Irã
13,23,Espanha,Irã
13,23,Tunísia,Irã
13,23,Polônia,Irã
13,23,França,Irã
13,23,Coreia do Sul,Irã
13,23,Dinamarca,Irã
13,23,Sérvia,Irã
13,23,México,Irã
13,23,Arábia Saudita,Irã
13,23,Qatar,Irã
13,23,Senegal,Irã
13,23,Japão,Irã
13,23,Camarões,Irã
13,23,Canadá,Irã
13,23,Inglaterra,Irã
13,23,EUA,Irã
13,23,Brasil,Irã
13,23,Croácia,Irã
13,23,Bélgica,Austrália
13,23,Equador,Austrália
13,23,Países Baixos,Austrália
13,23,Costa Rica,Austrália
13,23,Espanha,Austrália
13,23,Tunísia,Austrália
13,23,Polônia,Austrália
13,23,França,Austrália
13,23,Coreia do Sul,Austrália
13,23,Dinamarca,Austrália
13,23,Sérvia,Austrália
13,23,México,Austrália
13,23,Arábia Saudita,Austrália
13,23,Qatar,Austrália
13,23,Senegal,Austrália
13,23,Japão,Austrália
13,23,Camarões,Austrália
13,23,Canadá,Austrália
13,23,Inglaterra,Austrália
13,23,EUA,Austrália
13,23,Brasil,Austrália
13,23,Croácia,Austrália
13,23,Equador,Bélgica
13,23,Países Baixos,Bélgica
13,23,Costa Rica,Bélgica
13,23,Espanha,Bélgica
13,23,Tunísia,Bélgica
13,23,Polônia,Bélgica
13,23,França,Bélgica
13,23,Coreia do Sul,Bélgica
13,23,Dinamarca,Bélgica
13,23,Sérvia,Bélgica
13,23,México,Bélgica
13,23,Arábia Saudita,Bélgica
13,23,Qatar,Bélgica
13,23,Senegal,Bélgica
13,23,Japão,Bélgica
13,23,Camarões,Bélgica
13,23,Canadá,Bélgica
13,23,Inglaterra,Bélgica
13,23,EUA,Bélgica
13,23,Brasil,Bélgica
13,23,Croácia,Bélgica
13,23,Países Baixos,Equador
13,23,Costa Rica,Equador
13,23,Espanha,Equador
13,23,Tunísia,Equador
13,23,Polônia,Equador
13,23,França,Equador
13,23,Coreia do Sul,Equador
13,23,Dinamarca,Equador
13,23,Sérvia,Equador
13,23,México,Equador
13,23,Arábia Saudita,Equador
13,23,Qatar,Equador
13,23,Senegal,Equador
13,23,Japão,Equador
13,23,Camarões,Equador
13,23,Canadá,Equador
13,23,Inglaterra,Equador
13,23,EUA,Equador
13,23,Brasil,Equador
13,23,Croácia,Equador
13,23,Costa Rica,Países Baixos
13,23,Espanha,Países Baixos
13,23,Tunísia,Países Baixos
13,23,Polônia,Países Baixos
13,23,França,Países Baixos
13,23,Coreia do Sul,Países Baixos
13,23,Dinamarca,Países Baixos
13,23,Sérvia,Países Baixos
13,23,México,Países Baixos
13,23,Arábia Saudita,Países Baixos
13,23,Qatar,Países Baixos
13,23,Senegal,Países Baixos
13,23,Japão,Países Baixos
13,23,Camarões,Países Baixos
13,23,Canadá,Países Baixos
13,23,Inglaterra,Países Baixos
13,23,EUA,Países Baixos
13,23,Brasil,Países Baixos
13,23,Croácia,Países Baixos
13,23,Espanha,Costa Rica
13,23,Tunísia,Costa Rica
13,23,Polônia,Costa Rica
13,23,França,Costa Rica
13,23,Coreia do Sul,Costa Rica
13,23,Dinamarca,Costa Rica
13,23,Sérvia,Costa Rica
13,23,México,Costa Rica
13,23,Arábia Saudita,Costa Rica
13,23,Qatar,Costa Rica
13,23,Senegal,Costa Rica
13,23,Japão,Costa Rica
13,23,Camarões,Costa Rica
13,23,Canadá,Costa Rica
13,23,Inglaterra,Costa Rica
13,23,EUA,Costa Rica
13,23,Brasil,Costa Rica
13,23,Croácia,Costa Rica
13,23,Tunísia,Espanha
13,23,Polônia,Espanha
13,23,França,Espanha
13,23,Coreia do Sul,Espanha
13,23,Dinamarca,Espanha
13,23,Sérvia,Espanha
13,23,México,Espanha
13,23,Arábia Saudita,Espanha
13,23,Qatar,Espanha
13,23,Senegal,Espanha
13,23,Japão,Espanha
13,23,Camarões,Espanha
13,23,Canadá,Espanha
13,23,Inglaterra,Espanha
13,23,EUA,Espanha
13,23,Brasil,Espanha
13,23,Croácia,Espanha
13,23,Polônia,Tunísia
13,23,França,Tunísia
13,23,Coreia do Sul,Tunísia
13,23,Dinamarca,Tunísia
13,23,Sérvia,Tunísia
13,23,México,Tunísia
13,23,Arábia Saudita,Tunísia
13,23,Qatar,Tunísia
13,23,Senegal,Tunísia
13,23,Japão,Tunísia
13,23,Camarões,Tunísia
13,23,Canadá,Tunísia
13,23,Inglaterra,Tunísia
13,23,EUA,Tunísia
13,23,Brasil,Tunísia
13,23,Croácia,Tunísia
13,23,França,Polônia
13,23,Coreia do Sul,Polônia
13,23,Dinamarca,Polônia
13,23,Sérvia,Polônia
13,23,México,Polônia
13,23,Arábia Saudita,Polônia
13,23,Qatar,Polônia
13,23,Senegal,Polônia
13,23,Japão,Polônia
13,23,Camarões,Polônia
13,23,Canadá,Polônia
13,23,Inglaterra,Polônia
13,23,EUA,Polônia
13,23,Brasil,Polônia
13,23,Croácia,Polônia
13,23,Coreia do Sul,França
13,23,Dinamarca,França
13,23,Sérvia,França
13,23,México,França
13,23,Arábia Saudita,França
13,23,Qatar,França
13,23,Senegal,França
13,23,Japão,França
13,23,Camarões,França
13,23,Canadá,França
13,23,Inglaterra,França
13,23,EUA,França
13,23,Brasil,França
13,23,Croácia,França
13,23,Dinamarca,Coreia do Sul
13,23,Sérvia,Coreia do Sul
13,23,México,Coreia do Sul
13,23,Arábia Saudita,Coreia do Sul
13,23,Qatar,Coreia do Sul
13,23,Senegal,Coreia do Sul
13,23,Japão,Coreia do Sul
13,23,Camarões,Coreia do Sul
13,23,Canadá,Coreia do Sul
13,23,Inglaterra,Coreia do Sul
13,23,EUA,Coreia do Sul
13,23,Brasil,Coreia do Sul
13,23,Croácia,Coreia do Sul
13,23,Sérvia,Dinamarca
13,23,México,Dinamarca
13,23,Arábia Saudita,Dinamarca
13,23,Qatar,Dinamarca
13,23,Senegal,Dinamarca
13,23,Japão,Dinamarca
13,23,Camarões,Dinamarca
13,23,Canadá,Dinamarca
13,23,Inglaterra,Dinamarca
13,23,EUA,Dinamarca
13,23,Brasil,Dinamarca
13,23,Croácia,Dinamarca
13,23,México,Sérvia
13,23,Arábia Saudita,Sérvia
13,23,Qatar,Sérvia
13,23,Senegal,Sérvia
13,23,Japão,Sérvia
13,23,Camarões,Sérvia
13,23,Canadá,Sérvia
13,23,Inglaterra,Sérvia
13,23,EUA,Sérvia
13,23,Brasil,Sérvia
13,23,Croácia,Sérvia
13,23,Arábia Saudita,México
13,23,Qatar,México
13,23,Senegal,México
13,23,Japão,México
13,23,Camarões,México
13,23,Canadá,México
13,23,Inglaterra,México
13,23,EUA,México
13,23,Brasil,México
13,23,Croácia,México
13,23,Qatar,Arábia Saudita
13,23,Senegal,Arábia Saudita
13,23,Japão,Arábia Saudita
13,23,Camarões,Arábia Saudita
13,23,Canadá,Arábia Saudita
13,23,Inglaterra,Arábia Saudita
13,23,EUA,Arábia Saudita
13,23,Brasil,Arábia Saudita
13,23,Croácia,Arábia Saudita
13,23,Senegal,Qatar
13,23,Japão,Qatar
13,23,Camarões,Qatar
13,23,Canadá,Qatar
13,23,Inglaterra,Qatar
13,23,EUA,Qatar
13,23,Brasil,Qatar
13,23,Croácia,Qatar
13,23,Japão,Senegal
13,23,Camarões,Senegal
13,23,Canadá,Senegal
13,23,Inglaterra,Senegal
13,23,EUA,Senegal
13,23,Brasil,Senegal
13,23,Croácia,Senegal
13,23,Camarões,Japão
13,23,Canadá,Japão
13,23,Inglaterra,Japão
13,23,EUA,Japão
13,23,Brasil,Japão
13,23,Croácia,Japão
13,23,Canadá,Camarões
13,23,Inglaterra,Camarões
13,23,EUA,Camarões
13,23,Brasil,Camarões
13,23,Croácia,Camarões
13,23,Inglaterra,Canadá
13,23,EUA,Canadá
13,23,Brasil,Canadá
13,23,Croácia,Canadá
13,23,EUA,Inglaterra
13,23,Brasil,Inglaterra
13,23,Croácia,Inglaterra
13,23,Brasil,EUA
13,23,Croácia,EUA
13,23,Croácia,Brasil
13,26,Marrocos,Argentina
13,26,País de Gales,Argentina
13,26,Alemanha,Argentina
13,26,Portugal,Argentina
13,26,Suíça,Argentina
13,26,Uruguai,Argentina
13,26,Gana,Argentina
13,26,Irã,Argentina
13,26,Austrália,Argentina
13,26,Bélgica,Argentina
13,26,Equador,Argentina
13,26,Países Baixos,Argentina
13,26,Costa Rica,Argentina
13,26,Espanha,Argentina
13,26,Tunísia,Argentina
13,26,Polônia,Argentina
13,26,França,Argentina
13,26,Coreia do Sul,Argentina
13,26,Dinamarca,Argentina
13,26,Sérvia,Argentina
13,26,México,Argentina
13,26,Arábia Saudita,Argentina
13,26,Qatar,Argentina
13,26,Senegal,Argentina
13,26,Japão,Argentina
13,26,Camarões,Argentina
13,26,Canadá,Argentina
13,26,Inglaterra,Argentina
13,26,EUA,Argentina
13,26,Brasil,Argentina
13,26,Croácia,Argentina
13,26,País de Gales,Marrocos
13,26,Alemanha,Marrocos
13,26,Portugal,Marrocos
13,26,Suíça,Marrocos
13,26,Uruguai,Marrocos
13,26,Gana,Marrocos
13,26,Irã,Marrocos
13,26,Austrália,Marrocos
13,26,Bélgica,Marrocos
13,26,Equador,Marrocos
13,26,Países Baixos,Marrocos
13,26,Costa Rica,Marrocos
13,26,Espanha,Marrocos
13,26,Tunísia,Marrocos
13,26,Polônia,Marrocos
13,26,França,Marrocos
13,26,Coreia do Sul,Marrocos
13,26,Dinamarca,Marrocos
13,26,Sérvia,Marrocos
13,26,México,Marrocos
13,26,Arábia Saudita,Marrocos
13,26,Qatar,Marrocos
13,26,Senegal,Marrocos
13,26,Japão,Marrocos
13,26,Camarões,Marrocos
13,26,Canadá,Marrocos
13,26,Inglaterra,Marrocos
13,26,EUA,Marrocos
13,26,Brasil,Marrocos
13,26,Croácia,Marrocos
13,26,Alemanha,País de Gales
13,26,Portugal,País de Gales
13,26,Suíça,País de Gales
13,26,Uruguai,País de Gales
13,26,Gana,País de Gales
13,26,Irã,País de Gales
13,26,Austrália,País de Gales
13,26,Bélgica,País de Gales
13,26,Equador,País de Gales
13,26,Países Baixos,País de Gales
13,26,Costa Rica,País de Gales
13,26,Espanha,País de Gales
13,26,Tunísia,País de Gales
13,26,Polônia,País de Gales
13,26,França,País de Gales
13,26,Coreia do Sul,País de Gales
13,26,Dinamarca,País de Gales
13,26,Sérvia,País de Gales
13,26,México,País de Gales
13,26,Arábia Saudita,País de Gales
13,26,Qatar,País de Gales
13,26,Senegal,País de Gales
13,26,Japão,País de Gales
13,26,Camarões,País de Gales
13,26,Canadá,País de Gales
13,26,Inglaterra,País de Gales
13,26,EUA,País de Gales
13,26,Brasil,País de Gales
13,26,Croácia,País de Gales
13,26,Portugal,Alemanha
13,26,Suíça,Alemanha
13,26,Uruguai,Alemanha
13,26,Gana,Alemanha
13,26,Irã,Alemanha
13,26,Austrália,Alemanha
13,26,Bélgica,Alemanha
13,26,Equador,Alemanha
13,26,Países Baixos,Alemanha
13,26,Costa Rica,Alemanha
13,26,Espanha,Alemanha
13,26,Tunísia,Alemanha
13,26,Polônia,Alemanha
13,26,França,Alemanha
13,26,Coreia do Sul,Alemanha
13,26,Dinamarca,Alemanha
13,26,Sérvia,Alemanha
13,26,México,Alemanha
13,26,Arábia Saudita,Alemanha
13,26,Qatar,Alemanha
13,26,Senegal,Alemanha
13,26,Japão,Alemanha
13,26,Camarões,Alemanha
13,26,Canadá,Alemanha
13,26,Inglaterra,Alemanha
13,26,EUA,Alemanha
13,26,Brasil,Alemanha
13,26,Croácia,Alemanha
13,26,Suíça,Portugal
13,26,Uruguai,Portugal
13,26,Gana,Portugal
13,26,Irã,Portugal
13,26,Austrália,Portugal
13,26,Bélgica,Portugal
13,26,Equador,Portugal
13,26,Países Baixos,Portugal
13,26,Costa Rica,Portugal
13,26,Espanha,Portugal
13,26,Tunísia,Portugal
13,26,Polônia,Portugal
13,26,França,Portugal
13,26,Coreia do Sul,Portugal
13,26,Dinamarca,Portugal
13,26,Sérvia,Portugal
13,26,México,Portugal
13,26,Arábia Saudita,Portugal
13,26,Qatar,Portugal
13,26,Senegal,Portugal
13,26,Japão,Portugal
13,26,Camarões,Portugal
13,26,Canadá,Portugal
13,26,Inglaterra,Portugal
13,26,EUA,Portugal
13,26,Brasil,Portugal
13,26,Croácia,Portugal
13,26,Uruguai,Suíça
13,26,Gana,Suíça
13,26,Irã,Suíça
13,26,Austrália,Suíça
13,26,Bélgica,Suíça
13,26,Equador,Suíça
13,26,Países Baixos,Suíça
13,26,Costa Rica,Suíça
13,26,Espanha,Suíça
13,26,Tunísia,Suíça
13,26,Polônia,Suíça
13,26,França,Suíça
13,26,Coreia do Sul,Suíça
13,26,Dinamarca,Suíça
13,26,Sérvia,Suíça
13,26,México,Suíça
13,26,Arábia Saudita,Suíça
13,26,Qatar,Suíça
13,26,Senegal,Suíça
13,26,Japão,Suíça
13,26,Camarões,Suíça
13,26,Canadá,Suíça
13,26,Inglaterra,Suíça
13,26,EUA,Suíça
13,26,Brasil,Suíça
13,26,Croácia,Suíça
13,26,Gana,Uruguai
13,26,Irã,Uruguai
13,26,Austrália,Uruguai
13,26,Bélgica,Uruguai
13,26,Equador,Uruguai
13,26,Países Baixos,Uruguai
13,26,Costa Rica,Uruguai
13,26,Espanha,Uruguai
13,26,Tunísia,Uruguai
13,26,Polônia,Uruguai
13,26,França,Uruguai
13,26,Coreia do Sul,Uruguai
13,26,Dinamarca,Uruguai
13,26,Sérvia,Uruguai
13,26,México,Uruguai
13,26,Arábia Saudita,Uruguai
13,26,Qatar,Uruguai
13,26,Senegal,Uruguai
13,26,Japão,Uruguai
13,26,Camarões,Uruguai
13,26,Canadá,Uruguai
13,26,Inglaterra,Uruguai
13,26,EUA,Uruguai
13,26,Brasil,Uruguai
13,26,Croácia,Uruguai
13,26,Irã,Gana
13,26,Austrália,Gana
13,26,Bélgica,Gana
13,26,Equador,Gana
13,26,Países Baixos,Gana
13,26,Costa Rica,Gana
13,26,Espanha,Gana
13,26,Tunísia,Gana
13,26,Polônia,Gana
13,26,França,Gana
13,26,Coreia do Sul,Gana
13,26,Dinamarca,Gana
13,26,Sérvia,Gana
13,26,México,Gana
13,26,Arábia Saudita,Gana
13,26,Qatar,Gana
13,26,Senegal,Gana
13,26,Japão,Gana
13,26,Camarões,Gana
13,26,Canadá,Gana
13,26,Inglaterra,Gana
13,26,EUA,Gana
13,26,Brasil,Gana
13,26,Croácia,Gana
13,26,Austrália,Irã
13,26,Bélgica,Irã
13,26,Equador,Irã
13,26,Países Baixos,Irã
13,26,Costa Rica,Irã
13,26,Espanha,Irã
13,26,Tunísia,Irã
13,26,Polônia,Irã
13,26,França,Irã
13,26,Coreia do Sul,Irã
13,26,Dinamarca,Irã
13,26,Sérvia,Irã
13,26,México,Irã
13,26,Arábia Saudita,Irã
13,26,Qatar,Irã
13,26,Senegal,Irã
13,26,Japão,Irã
13,26,Camarões,Irã
13,26,Canadá,Irã
13,26,Inglaterra,Irã
13,26,EUA,Irã
13,26,Brasil,Irã
13,26,Croácia,Irã
13,26,Bélgica,Austrália
13,26,Equador,Austrália
13,26,Países Baixos,Austrália
13,26,Costa Rica,Austrália
13,26,Espanha,Austrália
13,26,Tunísia,Austrália
13,26,Polônia,Austrália
13,26,França,Austrália
13,26,Coreia do Sul,Austrália
13,26,Dinamarca,Austrália
13,26,Sérvia,Austrália
13,26,México,Austrália
13,26,Arábia Saudita,Austrália
13,26,Qatar,Austrália
13,26,Senegal,Austrália
13,26,Japão,Austrália
13,26,Camarões,Austrália
13,26,Canadá,Austrália
13,26,Inglaterra,Austrália
13,26,EUA,Austrália
13,26,Brasil,Austrália
13,26,Croácia,Austrália
13,26,Equador,Bélgica
13,26,Países Baixos,Bélgica
13,26,Costa Rica,Bélgica
13,26,Espanha,Bélgica
13,26,Tunísia,Bélgica
13,26,Polônia,Bélgica
13,26,França,Bélgica
13,26,Coreia do Sul,Bélgica
13,26,Dinamarca,Bélgica
13,26,Sérvia,Bélgica
13,26,México,Bélgica
13,26,Arábia Saudita,Bélgica
13,26,Qatar,Bélgica
13,26,Senegal,Bélgica
13,26,Japão,Bélgica
13,26,Camarões,Bélgica
13,26,Canadá,Bélgica
13,26,Inglaterra,Bélgica
13,26,EUA,Bélgica
13,26,Brasil,Bélgica
13,26,Croácia,Bélgica
13,26,Países Baixos,Equador
13,26,Costa Rica,Equador
13,26,Espanha,Equador
13,26,Tunísia,Equador
13,26,Polônia,Equador
13,26,França,Equador
13,26,Coreia do Sul,Equador
13,26,Dinamarca,Equador
13,26,Sérvia,Equador
13,26,México,Equador
13,26,Arábia Saudita,Equador
13,26,Qatar,Equador
13,26,Senegal,Equador
13,26,Japão,Equador
13,26,Camarões,Equador
13,26,Canadá,Equador
13,26,Inglaterra,Equador
13,26,EUA,Equador
13,26,Brasil,Equador
13,26,Croácia,Equador
13,26,Costa Rica,Países Baixos
13,26,Espanha,Países Baixos
13,26,Tunísia,Países Baixos
13,26,Polônia,Países Baixos
13,26,França,Países Baixos
13,26,Coreia do Sul,Países Baixos
13,26,Dinamarca,Países Baixos
13,26,Sérvia,Países Baixos
13,26,México,Países Baixos
13,26,Arábia Saudita,Países Baixos
13,26,Qatar,Países Baixos
13,26,Senegal,Países Baixos
13,26,Japão,Países Baixos
13,26,Camarões,Países Baixos
13,26,Canadá,Países Baixos
13,26,Inglaterra,Países Baixos
13,26,EUA,Países Baixos
13,26,Brasil,Países Baixos
13,26,Croácia,Países Baixos
13,26,Espanha,Costa Rica
13,26,Tunísia,Costa Rica
13,26,Polônia,Costa Rica
13,26,França,Costa Rica
13,26,Coreia do Sul,Costa Rica
13,26,Dinamarca,Costa Rica
13,26,Sérvia,Costa Rica
13,26,México,Costa Rica
13,26,Arábia Saudita,Costa Rica
13,26,Qatar,Costa Rica
13,26,Senegal,Costa Rica
13,26,Japão,Costa Rica
13,26,Camarões,Costa Rica
13,26,Canadá,Costa Rica
13,26,Inglaterra,Costa Rica
13,26,EUA,Costa Rica
13,26,Brasil,Costa Rica
13,26,Croácia,Costa Rica
13,26,Tunísia,Espanha
13,26,Polônia,Espanha
13,26,França,Espanha
13,26,Coreia do Sul,Espanha
13,26,Dinamarca,Espanha
13,26,Sérvia,Espanha
13,26,México,Espanha
13,26,Arábia Saudita,Espanha
13,26,Qatar,Espanha
13,26,Senegal,Espanha
13,26,Japão,Espanha
13,26,Camarões,Espanha
13,26,Canadá,Espanha
13,26,Inglaterra,Espanha
13,26,EUA,Espanha
13,26,Brasil,Espanha
13,26,Croácia,Espanha
13,26,Polônia,Tunísia
13,26,França,Tunísia
13,26,Coreia do Sul,Tunísia
13,26,Dinamarca,Tunísia
13,26,Sérvia,Tunísia
13,26,México,Tunísia
13,26,Arábia Saudita,Tunísia
13,26,Qatar,Tunísia
13,26,Senegal,Tunísia
13,26,Japão,Tunísia
13,26,Camarões,Tunísia
13,26,Canadá,Tunísia
13,26,Inglaterra,Tunísia
13,26,EUA,Tunísia
13,26,Brasil,Tunísia
13,26,Croácia,Tunísia
13,26,França,Polônia
13,26,Coreia do Sul,Polônia
13,26,Dinamarca,Polônia
13,26,Sérvia,Polônia
13,26,México,Polônia
13,26,Arábia Saudita,Polônia
13,26,Qatar,Polônia
13,26,Senegal,Polônia
13,26,Japão,Polônia
13,26,Camarões,Polônia
13,26,Canadá,Polônia
13,26,Inglaterra,Polônia
13,26,EUA,Polônia
13,26,Brasil,Polônia
13,26,Croácia,Polônia
13,26,Coreia do Sul,França
13,26,Dinamarca,França
13,26,Sérvia,França
13,26,México,França
13,26,Arábia Saudita,França
13,26,Qatar,França
13,26,Senegal,França
13,26,Japão,França
13,26,Camarões,França
13,26,Canadá,França
13,26,Inglaterra,França
13,26,EUA,França
13,26,Brasil,França
13,26,Croácia,França
13,26,Dinamarca,Coreia do Sul
13,26,Sérvia,Coreia do Sul
13,26,México,Coreia do Sul
13,26,Arábia Saudita,Coreia do Sul
13,26,Qatar,Coreia do Sul
13,26,Senegal,Coreia do Sul
13,26,Japão,Coreia do Sul
13,26,Camarões,Coreia do Sul
13,26,Canadá,Coreia do Sul
13,26,Inglaterra,Coreia do Sul
13,26,EUA,Coreia do Sul
13,26,Brasil,Coreia do Sul
13,26,Croácia,Coreia do Sul
13,26,Sérvia,Dinamarca
13,26,México,Dinamarca
13,26,Arábia Saudita,Dinamarca
13,26,Qatar,Dinamarca
13,26,Senegal,Dinamarca
13,26,Japão,Dinamarca
13,26,Camarões,Dinamarca
13,26,Canadá,Dinamarca
13,26,Inglaterra,Dinamarca
13,26,EUA,Dinamarca
13,26,Brasil,Dinamarca
13,26,Croácia,Dinamarca
13,26,México,Sérvia
13,26,Arábia Saudita,Sérvia
13,26,Qatar,Sérvia
13,26,Senegal,Sérvia
13,26,Japão,Sérvia
13,26,Camarões,Sérvia
13,26,Canadá,Sérvia
13,26,Inglaterra,Sérvia
13,26,EUA,Sérvia
13,26,Brasil,Sérvia
13,26,Croácia,Sérvia
13,26,Arábia Saudita,México
13,26,Qatar,México
13,26,Senegal,México
13,26,Japão,México
13,26,Camarões,México
13,26,Canadá,México
13,26,Inglaterra,México
13,26,EUA,México
13,26,Brasil,México
13,26,Croácia,México
13,26,Qatar,Arábia Saudita
13,26,Senegal,Arábia Saudita
13,26,Japão,Arábia Saudita
13,26,Camarões,Arábia Saudita
13,26,Canadá,Arábia Saudita
13,26,Inglaterra,Arábia Saudita
13,26,EUA,Arábia Saudita
13,26,Brasil,Arábia Saudita
13,26,Croácia,Arábia Saudita
13,26,Senegal,Qatar
13,26,Japão,Qatar
13,26,Camarões,Qatar
13,26,Canadá,Qatar
13,26,Inglaterra,Qatar
13,26,EUA,Qatar
13,26,Brasil,Qatar
13,26,Croácia,Qatar
13,26,Japão,Senegal
13,26,Camarões,Senegal
13,26,Canadá,Senegal
13,26,Inglaterra,Senegal
13,26,EUA,Senegal
13,26,Brasil,Senegal
13,26,Croácia,Senegal
13,26,Camarões,Japão
13,26,Canadá,Japão
13,26,Inglaterra,Japão
13,26,EUA,Japão
13,26,Brasil,Japão
13,26,Croácia,Japão
13,26,Canadá,Camarões
13,26,Inglaterra,Camarões
13,26,EUA,Camarões
13,26,Brasil,Camarões
13,26,Croácia,Camarões
13,26,Inglaterra,Canadá
13,26,EUA,Canadá
13,26,Brasil,Canadá
13,26,Croácia,Canadá
13,26,EUA,Inglaterra
13,26,Brasil,Inglaterra
13,26,Croácia,Inglaterra
13,26,Brasil,EUA
13,26,Croácia,EUA
13,26,Croácia,Brasil
13,29,Marrocos,Argentina
13,29,País de Gales,Argentina
13,29,Alemanha,Argentina
13,29,Portugal,Argentina
13,29,Suíça,Argentina
13,29,Uruguai,Argentina
13,29,Gana,Argentina
13,29,Irã,Argentina
13,29,Austrália,Argentina
13,29,Bélgica,Argentina
13,29,Equador,Argentina
13,29,Países Baixos,Argentina
13,29,Costa Rica,Argentina
13,29,Espanha,Argentina
13,29,Tunísia,Argentina
13,29,Polônia,Argentina
13,29,França,Argentina
13,29,Coreia do Sul,Argentina
13,29,Dinamarca,Argentina
13,29,Sérvia,Argentina
13,29,México,Argentina
13,29,Arábia Saudita,Argentina
13,29,Qatar,Argentina
13,29,Senegal,Argentina
13,29,Japão,Argentina
13,29,Camarões,Argentina
13,29,Canadá,Argentina
13,29,Inglaterra,Argentina
13,29,EUA,Argentina
13,29,Brasil,Argentina
13,29,Croácia,Argentina
13,29,País de Gales,Marrocos
13,29,Alemanha,Marrocos
13,29,Portugal,Marrocos
13,29,Suíça,Marrocos
13,29,Uruguai,Marrocos
13,29,Gana,Marrocos
13,29,Irã,Marrocos
13,29,Austrália,Marrocos
13,29,Bélgica,Marrocos
13,29,Equador,Marrocos
13,29,Países Baixos,Marrocos
13,29,Costa Rica,Marrocos
13,29,Espanha,Marrocos
13,29,Tunísia,Marrocos
13,29,Polônia,Marrocos
13,29,França,Marrocos
13,29,Coreia do Sul,Marrocos
13,29,Dinamarca,Marrocos
13,29,Sérvia,Marrocos
13,29,México,Marrocos
13,29,Arábia Saudita,Marrocos
13,29,Qatar,Marrocos
13,29,Senegal,Marrocos
13,29,Japão,Marrocos
13,29,Camarões,Marrocos
13,29,Canadá,Marrocos
13,29,Inglaterra,Marrocos
13,29,EUA,Marrocos
13,29,Brasil,Marrocos
13,29,Croácia,Marrocos
13,29,Alemanha,País de Gales
13,29,Portugal,País de Gales
13,29,Suíça,País de Gales
13,29,Uruguai,País de Gales
13,29,Gana,País de Gales
13,29,Irã,País de Gales
13,29,Austrália,País de Gales
13,29,Bélgica,País de Gales
13,29,Equador,País de Gales
13,29,Países Baixos,País de Gales
13,29,Costa Rica,País de Gales
13,29,Espanha,País de Gales
13,29,Tunísia,País de Gales
13,29,Polônia,País de Gales
13,29,França,País de Gales
13,29,Coreia do Sul,País de Gales
13,29,Dinamarca,País de Gales
13,29,Sérvia,País de Gales
13,29,México,País de Gales
13,29,Arábia Saudita,País de Gales
13,29,Qatar,País de Gales
13,29,Senegal,País de Gales
13,29,Japão,País de Gales
13,29,Camarões,País de Gales
13,29,Canadá,País de Gales
13,29,Inglaterra,País de Gales
13,29,EUA,País de Gales
13,29,Brasil,País de Gales
13,29,Croácia,País de Gales
13,29,Portugal,Alemanha
13,29,Suíça,Alemanha
13,29,Uruguai,Alemanha
13,29,Gana,Alemanha
13,29,Irã,Alemanha
13,29,Austrália,Alemanha
13,29,Bélgica,Alemanha
13,29,Equador,Alemanha
13,29,Países Baixos,Alemanha
13,29,Costa Rica,Alemanha
13,29,Espanha,Alemanha
13,29,Tunísia,Alemanha
13,29,Polônia,Alemanha
13,29,França,Alemanha
13,29,Coreia do Sul,Alemanha
13,29,Dinamarca,Alemanha
13,29,Sérvia,Alemanha
13,29,México,Alemanha
13,29,Arábia Saudita,Alemanha
13,29,Qatar,Alemanha
13,29,Senegal,Alemanha
13,29,Japão,Alemanha
13,29,Camarões,Alemanha
13,29,Canadá,Alemanha
13,29,Inglaterra,Alemanha
13,29,EUA,Alemanha
13,29,Brasil,Alemanha
13,29,Croácia,Alemanha
13,29,Suíça,Portugal
13,29,Uruguai,Portugal
13,29,Gana,Portugal
13,29,Irã,Portugal
13,29,Austrália,Portugal
13,29,Bélgica,Portugal
13,29,Equador,Portugal
13,29,Países Baixos,Portugal
13,29,Costa Rica,Portugal
13,29,Espanha,Portugal
13,29,Tunísia,Portugal
13,29,Polônia,Portugal
13,29,França,Portugal
13,29,Coreia do Sul,Portugal
13,29,Dinamarca,Portugal
13,29,Sérvia,Portugal
13,29,México,Portugal
13,29,Arábia Saudita,Portugal
13,29,Qatar,Portugal
13,29,Senegal,Portugal
13,29,Japão,Portugal
13,29,Camarões,Portugal
13,29,Canadá,Portugal
13,29,Inglaterra,Portugal
13,29,EUA,Portugal
13,29,Brasil,Portugal
13,29,Croácia,Portugal
13,29,Uruguai,Suíça
13,29,Gana,Suíça
13,29,Irã,Suíça
13,29,Austrália,Suíça
13,29,Bélgica,Suíça
13,29,Equador,Suíça
13,29,Países Baixos,Suíça
13,29,Costa Rica,Suíça
13,29,Espanha,Suíça
13,29,Tunísia,Suíça
13,29,Polônia,Suíça
13,29,França,Suíça
13,29,Coreia do Sul,Suíça
13,29,Dinamarca,Suíça
13,29,Sérvia,Suíça
13,29,México,Suíça
13,29,Arábia Saudita,Suíça
13,29,Qatar,Suíça
13,29,Senegal,Suíça
13,29,Japão,Suíça
13,29,Camarões,Suíça
13,29,Canadá,Suíça
13,29,Inglaterra,Suíça
13,29,EUA,Suíça
13,29,Brasil,Suíça
13,29,Croácia,Suíça
13,29,Gana,Uruguai
13,29,Irã,Uruguai
13,29,Austrália,Uruguai
13,29,Bélgica,Uruguai
13,29,Equador,Uruguai
13,29,Países Baixos,Uruguai
13,29,Costa Rica,Uruguai
13,29,Espanha,Uruguai
13,29,Tunísia,Uruguai
13,29,Polônia,Uruguai
13,29,França,Uruguai
13,29,Coreia do Sul,Uruguai
13,29,Dinamarca,Uruguai
13,29,Sérvia,Uruguai
13,29,México,Uruguai
13,29,Arábia Saudita,Uruguai
13,29,Qatar,Uruguai
13,29,Senegal,Uruguai
13,29,Japão,Uruguai
13,29,Camarões,Uruguai
13,29,Canadá,Uruguai
13,29,Inglaterra,Uruguai
13,29,EUA,Uruguai
13,29,Brasil,Uruguai
13,29,Croácia,Uruguai
13,29,Irã,Gana
13,29,Austrália,Gana
13,29,Bélgica,Gana
13,29,Equador,Gana
13,29,Países Baixos,Gana
13,29,Costa Rica,Gana
13,29,Espanha,Gana
13,29,Tunísia,Gana
13,29,Polônia,Gana
13,29,França,Gana
13,29,Coreia do Sul,Gana
13,29,Dinamarca,Gana
13,29,Sérvia,Gana
13,29,México,Gana
13,29,Arábia Saudita,Gana
13,29,Qatar,Gana
13,29,Senegal,Gana
13,29,Japão,Gana
13,29,Camarões,Gana
13,29,Canadá,Gana
13,29,Inglaterra,Gana
13,29,EUA,Gana
13,29,Brasil,Gana
13,29,Croácia,Gana
13,29,Austrália,Irã
13,29,Bélgica,Irã
13,29,Equador,Irã
13,29,Países Baixos,Irã
13,29,Costa Rica,Irã
13,29,Espanha,Irã
13,29,Tunísia,Irã
13,29,Polônia,Irã
13,29,França,Irã
13,29,Coreia do Sul,Irã
13,29,Dinamarca,Irã
13,29,Sérvia,Irã
13,29,México,Irã
13,29,Arábia Saudita,Irã
13,29,Qatar,Irã
13,29,Senegal,Irã
13,29,Japão,Irã
13,29,Camarões,Irã
13,29,Canadá,Irã
13,29,Inglaterra,Irã
13,29,EUA,Irã
13,29,Brasil,Irã
13,29,Croácia,Irã
13,29,Bélgica,Austrália
13,29,Equador,Austrália
13,29,Países Baixos,Austrália
13,29,Costa Rica,Austrália
13,29,Espanha,Austrália
13,29,Tunísia,Austrália
13,29,Polônia,Austrália
13,29,França,Austrália
13,29,Coreia do Sul,Austrália
13,29,Dinamarca,Austrália
13,29,Sérvia,Austrália
13,29,México,Austrália
13,29,Arábia Saudita,Austrália
13,29,Qatar,Austrália
13,29,Senegal,Austrália
13,29,Japão,Austrália
13,29,Camarões,Austrália
13,29,Canadá,Austrália
13,29,Inglaterra,Austrália
13,29,EUA,Austrália
13,29,Brasil,Austrália
13,29,Croácia,Austrália
13,29,Equador,Bélgica
13,29,Países Baixos,Bélgica
13,29,Costa Rica,Bélgica
13,29,Espanha,Bélgica
13,29,Tunísia,Bélgica
13,29,Polônia,Bélgica
13,29,França,Bélgica
13,29,Coreia do Sul,Bélgica
13,29,Dinamarca,Bélgica
13,29,Sérvia,Bélgica
13,29,México,Bélgica
13,29,Arábia Saudita,Bélgica
13,29,Qatar,Bélgica
13,29,Senegal,Bélgica
13,29,Japão,Bélgica
13,29,Camarões,Bélgica
13,29,Canadá,Bélgica
13,29,Inglaterra,Bélgica
13,29,EUA,Bélgica
13,29,Brasil,Bélgica
13,29,Croácia,Bélgica
13,29,Países Baixos,Equador
13,29,Costa Rica,Equador
13,29,Espanha,Equador
13,29,Tunísia,Equador
13,29,Polônia,Equador
13,29,França,Equador
13,29,Coreia do Sul,Equador
13,29,Dinamarca,Equador
13,29,Sérvia,Equador
13,29,México,Equador
13,29,Arábia Saudita,Equador
13,29,Qatar,Equador
13,29,Senegal,Equador
13,29,Japão,Equador
13,29,Camarões,Equador
13,29,Canadá,Equador
13,29,Inglaterra,Equador
13,29,EUA,Equador
13,29,Brasil,Equador
13,29,Croácia,Equador
13,29,Costa Rica,Países Baixos
13,29,Espanha,Países Baixos
13,29,Tunísia,Países Baixos
13,29,Polônia,Países Baixos
13,29,França,Países Baixos
13,29,Coreia do Sul,Países Baixos
13,29,Dinamarca,Países Baixos
13,29,Sérvia,Países Baixos
13,29,México,Países Baixos
13,29,Arábia Saudita,Países Baixos
13,29,Qatar,Países Baixos
13,29,Senegal,Países Baixos
13,29,Japão,Países Baixos
13,29,Camarões,Países Baixos
13,29,Canadá,Países Baixos
13,29,Inglaterra,Países Baixos
13,29,EUA,Países Baixos
13,29,Brasil,Países Baixos
13,29,Croácia,Países Baixos
13,29,Espanha,Costa Rica
13,29,Tunísia,Costa Rica
13,29,Polônia,Costa Rica
13,29,França,Costa Rica
13,29,Coreia do Sul,Costa Rica
13,29,Dinamarca,Costa Rica
13,29,Sérvia,Costa Rica
13,29,México,Costa Rica
13,29,Arábia Saudita,Costa Rica
13,29,Qatar,Costa Rica
13,29,Senegal,Costa Rica
13,29,Japão,Costa Rica
13,29,Camarões,Costa Rica
13,29,Canadá,Costa Rica
13,29,Inglaterra,Costa Rica
13,29,EUA,Costa Rica
13,29,Brasil,Costa Rica
13,29,Croácia,Costa Rica
13,29,Tunísia,Espanha
13,29,Polônia,Espanha
13,29,França,Espanha
13,29,Coreia do Sul,Espanha
13,29,Dinamarca,Espanha
13,29,Sérvia,Espanha
13,29,México,Espanha
13,29,Arábia Saudita,Espanha
13,29,Qatar,Espanha
13,29,Senegal,Espanha
13,29,Japão,Espanha
13,29,Camarões,Espanha
13,29,Canadá,Espanha
13,29,Inglaterra,Espanha
13,29,EUA,Espanha
13,29,Brasil,Espanha
13,29,Croácia,Espanha
13,29,Polônia,Tunísia
13,29,França,Tunísia
13,29,Coreia do Sul,Tunísia
13,29,Dinamarca,Tunísia
13,29,Sérvia,Tunísia
13,29,México,Tunísia
13,29,Arábia Saudita,Tunísia
13,29,Qatar,Tunísia
13,29,Senegal,Tunísia
13,29,Japão,Tunísia
13,29,Camarões,Tunísia
13,29,Canadá,Tunísia
13,29,Inglaterra,Tunísia
13,29,EUA,Tunísia
13,29,Brasil,Tunísia
13,29,Croácia,Tunísia
13,29,França,Polônia
13,29,Coreia do Sul,Polônia
13,29,Dinamarca,Polônia
13,29,Sérvia,Polônia
13,29,México,Polônia
13,29,Arábia Saudita,Polônia
13,29,Qatar,Polônia
13,29,Senegal,Polônia
13,29,Japão,Polônia
13,29,Camarões,Polônia
13,29,Canadá,Polônia
13,29,Inglaterra,Polônia
13,29,EUA,Polônia
13,29,Brasil,Polônia
13,29,Croácia,Polônia
13,29,Coreia do Sul,França
13,29,Dinamarca,França
13,29,Sérvia,França
13,29,México,França
13,29,Arábia Saudita,França
13,29,Qatar,França
13,29,Senegal,França
13,29,Japão,França
13,29,Camarões,França
13,29,Canadá,França
13,29,Inglaterra,França
13,29,EUA,França
13,29,Brasil,França
13,29,Croácia,França
13,29,Dinamarca,Coreia do Sul
13,29,Sérvia,Coreia do Sul
13,29,México,Coreia do Sul
13,29,Arábia Saudita,Coreia do Sul
13,29,Qatar,Coreia do Sul
13,29,Senegal,Coreia do Sul
13,29,Japão,Coreia do Sul
13,29,Camarões,Coreia do Sul
13,29,Canadá,Coreia do Sul
13,29,Inglaterra,Coreia do Sul
13,29,EUA,Coreia do Sul
13,29,Brasil,Coreia do Sul
13,29,Croácia,Coreia do Sul
13,29,Sérvia,Dinamarca
13,29,México,Dinamarca
13,29,Arábia Saudita,Dinamarca
13,29,Qatar,Dinamarca
13,29,Senegal,Dinamarca
13,29,Japão,Dinamarca
13,29,Camarões,Dinamarca
13,29,Canadá,Dinamarca
13,29,Inglaterra,Dinamarca
13,29,EUA,Dinamarca
13,29,Brasil,Dinamarca
13,29,Croácia,Dinamarca
13,29,México,Sérvia
13,29,Arábia Saudita,Sérvia
13,29,Qatar,Sérvia
13,29,Senegal,Sérvia
13,29,Japão,Sérvia
13,29,Camarões,Sérvia
13,29,Canadá,Sérvia
13,29,Inglaterra,Sérvia
13,29,EUA,Sérvia
13,29,Brasil,Sérvia
13,29,Croácia,Sérvia
13,29,Arábia Saudita,México
13,29,Qatar,México
13,29,Senegal,México
13,29,Japão,México
13,29,Camarões,México
13,29,Canadá,México
13,29,Inglaterra,México
13,29,EUA,México
13,29,Brasil,México
13,29,Croácia,México
13,29,Qatar,Arábia Saudita
13,29,Senegal,Arábia Saudita
13,29,Japão,Arábia Saudita
13,29,Camarões,Arábia Saudita
13,29,Canadá,Arábia Saudita
13,29,Inglaterra,Arábia Saudita
13,29,EUA,Arábia Saudita
13,29,Brasil,Arábia Saudita
13,29,Croácia,Arábia Saudita
13,29,Senegal,Qatar
13,29,Japão,Qatar
13,29,Camarões,Qatar
13,29,Canadá,Qatar
13,29,Inglaterra,Qatar
13,29,EUA,Qatar
13,29,Brasil,Qatar
13,29,Croácia,Qatar
13,29,Japão,Senegal
13,29,Camarões,Senegal
13,29,Canadá,Senegal
13,29,Inglaterra,Senegal
13,29,EUA,Senegal
13,29,Brasil,Senegal
13,29,Croácia,Senegal
13,29,Camarões,Japão
13,29,Canadá,Japão
13,29,Inglaterra,Japão
13,29,EUA,Japão
13,29,Brasil,Japão
13,29,Croácia,Japão
13,29,Canadá,Camarões
13,29,Inglaterra,Camarões
13,29,EUA,Camarões
13,29,Brasil,Camarões
13,29,Croácia,Camarões
13,29,Inglaterra,Canadá
13,29,EUA,Canadá
13,29,Brasil,Canadá
13,29,Croácia,Canadá
13,29,EUA,Inglaterra
13,29,Brasil,Inglaterra
13,29,Croácia,Inglaterra
13,29,Brasil,EUA
13,29,Croácia,EUA
13,29,Croácia,Brasil
13,32,Marrocos,Argentina
13,32,País de Gales,Argentina
13,32,Alemanha,Argentina
13,32,Portugal,Argentina
13,32,Suíça,Argentina
13,32,Uruguai,Argentina
13,32,Gana,Argentina
13,32,Irã,Argentina
13,32,Austrália,Argentina
13,32,Bélgica,Argentina
13,32,Equador,Argentina
13,32,Países Baixos,Argentina
13,32,Costa Rica,Argentina
13,32,Espanha,Argentina
13,32,Tunísia,Argentina
13,32,Polônia,Argentina
13,32,França,Argentina
13,32,Coreia do Sul,Argentina
13,32,Dinamarca,Argentina
13,32,Sérvia,Argentina
13,32,México,Argentina
13,32,Arábia Saudita,Argentina
13,32,Qatar,Argentina
13,32,Senegal,Argentina
13,32,Japão,Argentina
13,32,Camarões,Argentina
13,32,Canadá,Argentina
13,32,Inglaterra,Argentina
13,32,EUA,Argentina
13,32,Brasil,Argentina
13,32,Croácia,Argentina
13,32,País de Gales,Marrocos
13,32,Alemanha,Marrocos
13,32,Portugal,Marrocos
13,32,Suíça,Marrocos
13,32,Uruguai,Marrocos
13,32,Gana,Marrocos
13,32,Irã,Marrocos
13,32,Austrália,Marrocos
13,32,Bélgica,Marrocos
13,32,Equador,Marrocos
13,32,Países Baixos,Marrocos
13,32,Costa Rica,Marrocos
13,32,Espanha,Marrocos
13,32,Tunísia,Marrocos
13,32,Polônia,Marrocos
13,32,França,Marrocos
13,32,Coreia do Sul,Marrocos
13,32,Dinamarca,Marrocos
13,32,Sérvia,Marrocos
13,32,México,Marrocos
13,32,Arábia Saudita,Marrocos
13,32,Qatar,Marrocos
13,32,Senegal,Marrocos
13,32,Japão,Marrocos
13,32,Camarões,Marrocos
13,32,Canadá,Marrocos
13,32,Inglaterra,Marrocos
13,32,EUA,Marrocos
13,32,Brasil,Marrocos
13,32,Croácia,Marrocos
13,32,Alemanha,País de Gales
13,32,Portugal,País de Gales
13,32,Suíça,País de Gales
13,32,Uruguai,País de Gales
13,32,Gana,País de Gales
13,32,Irã,País de Gales
13,32,Austrália,País de Gales
13,32,Bélgica,País de Gales
13,32,Equador,País de Gales
13,32,Países Baixos,País de Gales
13,32,Costa Rica,País de Gales
13,32,Espanha,País de Gales
13,32,Tunísia,País de Gales
13,32,Polônia,País de Gales
13,32,França,País de Gales
13,32,Coreia do Sul,País de Gales
13,32,Dinamarca,País de Gales
13,32,Sérvia,País de Gales
13,32,México,País de Gales
13,32,Arábia Saudita,País de Gales
13,32,Qatar,País de Gales
13,32,Senegal,País de Gales
13,32,Japão,País de Gales
13,32,Camarões,País de Gales
13,32,Canadá,País de Gales
13,32,Inglaterra,País de Gales
13,32,EUA,País de Gales
13,32,Brasil,País de Gales
13,32,Croácia,País de Gales
13,32,Portugal,Alemanha
13,32,Suíça,Alemanha
13,32,Uruguai,Alemanha
13,32,Gana,Alemanha
13,32,Irã,Alemanha
13,32,Austrália,Alemanha
13,32,Bélgica,Alemanha
13,32,Equador,Alemanha
13,32,Países Baixos,Alemanha
13,32,Costa Rica,Alemanha
13,32,Espanha,Alemanha
13,32,Tunísia,Alemanha
13,32,Polônia,Alemanha
13,32,França,Alemanha
13,32,Coreia do Sul,Alemanha
13,32,Dinamarca,Alemanha
13,32,Sérvia,Alemanha
13,32,México,Alemanha
13,32,Arábia Saudita,Alemanha
13,32,Qatar,Alemanha
13,32,Senegal,Alemanha
13,32,Japão,Alemanha
13,32,Camarões,Alemanha
13,32,Canadá,Alemanha
13,32,Inglaterra,Alemanha
13,32,EUA,Alemanha
13,32,Brasil,Alemanha
13,32,Croácia,Alemanha
13,32,Suíça,Portugal
13,32,Uruguai,Portugal
13,32,Gana,Portugal
13,32,Irã,Portugal
13,32,Austrália,Portugal
13,32,Bélgica,Portugal
13,32,Equador,Portugal
13,32,Países Baixos,Portugal
13,32,Costa Rica,Portugal
13,32,Espanha,Portugal
13,32,Tunísia,Portugal
13,32,Polônia,Portugal
13,32,França,Portugal
13,32,Coreia do Sul,Portugal
13,32,Dinamarca,Portugal
13,32,Sérvia,Portugal
13,32,México,Portugal
13,32,Arábia Saudita,Portugal
13,32,Qatar,Portugal
13,32,Senegal,Portugal
13,32,Japão,Portugal
13,32,Camarões,Portugal
13,32,Canadá,Portugal
13,32,Inglaterra,Portugal
13,32,EUA,Portugal
13,32,Brasil,Portugal
13,32,Croácia,Portugal
13,32,Uruguai,Suíça
13,32,Gana,Suíça
13,32,Irã,Suíça
13,32,Austrália,Suíça
13,32,Bélgica,Suíça
13,32,Equador,Suíça
13,32,Países Baixos,Suíça
13,32,Costa Rica,Suíça
13,32,Espanha,Suíça
13,32,Tunísia,Suíça
13,32,Polônia,Suíça
13,32,França,Suíça
13,32,Coreia do Sul,Suíça
13,32,Dinamarca,Suíça
13,32,Sérvia,Suíça
13,32,México,Suíça
13,32,Arábia Saudita,Suíça
13,32,Qatar,Suíça
13,32,Senegal,Suíça
13,32,Japão,Suíça
13,32,Camarões,Suíça
13,32,Canadá,Suíça
13,32,Inglaterra,Suíça
13,32,EUA,Suíça
13,32,Brasil,Suíça
13,32,Croácia,Suíça
13,32,Gana,Uruguai
13,32,Irã,Uruguai
13,32,Austrália,Uruguai
13,32,Bélgica,Uruguai
13,32,Equador,Uruguai
13,32,Países Baixos,Uruguai
13,32,Costa Rica,Uruguai
13,32,Espanha,Uruguai
13,32,Tunísia,Uruguai
13,32,Polônia,Uruguai
13,32,França,Uruguai
13,32,Coreia do Sul,Uruguai
13,32,Dinamarca,Uruguai
13,32,Sérvia,Uruguai
13,32,México,Uruguai
13,32,Arábia Saudita,Uruguai
13,32,Qatar,Uruguai
13,32,Senegal,Uruguai
13,32,Japão,Uruguai
13,32,Camarões,Uruguai
13,32,Canadá,Uruguai
13,32,Inglaterra,Uruguai
13,32,EUA,Uruguai
13,32,Brasil,Uruguai
13,32,Croácia,Uruguai
13,32,Irã,Gana
13,32,Austrália,Gana
13,32,Bélgica,Gana
13,32,Equador,Gana
13,32,Países Baixos,Gana
13,32,Costa Rica,Gana
13,32,Espanha,Gana
13,32,Tunísia,Gana
13,32,Polônia,Gana
13,32,França,Gana
13,32,Coreia do Sul,Gana
13,32,Dinamarca,Gana
13,32,Sérvia,Gana
13,32,México,Gana
13,32,Arábia Saudita,Gana
13,32,Qatar,Gana
13,32,Senegal,Gana
13,32,Japão,Gana
13,32,Camarões,Gana
13,32,Canadá,Gana
13,32,Inglaterra,Gana
13,32,EUA,Gana
13,32,Brasil,Gana
13,32,Croácia,Gana
13,32,Austrália,Irã
13,32,Bélgica,Irã
13,32,Equador,Irã
13,32,Países Baixos,Irã
13,32,Costa Rica,Irã
13,32,Espanha,Irã
13,32,Tunísia,Irã
13,32,Polônia,Irã
13,32,França,Irã
13,32,Coreia do Sul,Irã
13,32,Dinamarca,Irã
13,32,Sérvia,Irã
13,32,México,Irã
13,32,Arábia Saudita,Irã
13,32,Qatar,Irã
13,32,Senegal,Irã
13,32,Japão,Irã
13,32,Camarões,Irã
13,32,Canadá,Irã
13,32,Inglaterra,Irã
13,32,EUA,Irã
13,32,Brasil,Irã
13,32,Croácia,Irã
13,32,Bélgica,Austrália
13,32,Equador,Austrália
13,32,Países Baixos,Austrália
13,32,Costa Rica,Austrália
13,32,Espanha,Austrália
13,32,Tunísia,Austrália
13,32,Polônia,Austrália
13,32,França,Austrália
13,32,Coreia do Sul,Austrália
13,32,Dinamarca,Austrália
13,32,Sérvia,Austrália
13,32,México,Austrália
13,32,Arábia Saudita,Austrália
13,32,Qatar,Austrália
13,32,Senegal,Austrália
13,32,Japão,Austrália
13,32,Camarões,Austrália
13,32,Canadá,Austrália
13,32,Inglaterra,Austrália
13,32,EUA,Austrália
13,32,Brasil,Austrália
13,32,Croácia,Austrália
13,32,Equador,Bélgica
13,32,Países Baixos,Bélgica
13,32,Costa Rica,Bélgica
13,32,Espanha,Bélgica
13,32,Tunísia,Bélgica
13,32,Polônia,Bélgica
13,32,França,Bélgica
13,32,Coreia do Sul,Bélgica
13,32,Dinamarca,Bélgica
13,32,Sérvia,Bélgica
13,32,México,Bélgica
13,32,Arábia Saudita,Bélgica
13,32,Qatar,Bélgica
13,32,Senegal,Bélgica
13,32,Japão,Bélgica
13,32,Camarões,Bélgica
13,32,Canadá,Bélgica
13,32,Inglaterra,Bélgica
13,32,EUA,Bélgica
13,32,Brasil,Bélgica
13,32,Croácia,Bélgica
13,32,Países Baixos,Equador
13,32,Costa Rica,Equador
13,32,Espanha,Equador
13,32,Tunísia,Equador
13,32,Polônia,Equador
13,32,França,Equador
13,32,Coreia do Sul,Equador
13,32,Dinamarca,Equador
13,32,Sérvia,Equador
13,32,México,Equador
13,32,Arábia Saudita,Equador
13,32,Qatar,Equador
13,32,Senegal,Equador
13,32,Japão,Equador
13,32,Camarões,Equador
13,32,Canadá,Equador
13,32,Inglaterra,Equador
13,32,EUA,Equador
13,32,Brasil,Equador
13,32,Croácia,Equador
13,32,Costa Rica,Países Baixos
13,32,Espanha,Países Baixos
13,32,Tunísia,Países Baixos
13,32,Polônia,Países Baixos
13,32,França,Países Baixos
13,32,Coreia do Sul,Países Baixos
13,32,Dinamarca,Países Baixos
13,32,Sérvia,Países Baixos
13,32,México,Países Baixos
13,32,Arábia Saudita,Países Baixos
13,32,Qatar,Países Baixos
13,32,Senegal,Países Baixos
13,32,Japão,Países Baixos
13,32,Camarões,Países Baixos
13,32,Canadá,Países Baixos
13,32,Inglaterra,Países Baixos
13,32,EUA,Países Baixos
13,32,Brasil,Países Baixos
13,32,Croácia,Países Baixos
13,32,Espanha,Costa Rica
13,32,Tunísia,Costa Rica
13,32,Polônia,Costa Rica
13,32,França,Costa Rica
13,32,Coreia do Sul,Costa Rica
13,32,Dinamarca,Costa Rica
13,32,Sérvia,Costa Rica
13,32,México,Costa Rica
13,32,Arábia Saudita,Costa Rica
13,32,Qatar,Costa Rica
13,32,Senegal,Costa Rica
13,32,Japão,Costa Rica
13,32,Camarões,Costa Rica
13,32,Canadá,Costa Rica
13,32,Inglaterra,Costa Rica
13,32,EUA,Costa Rica
13,32,Brasil,Costa Rica
13,32,Croácia,Costa Rica
13,32,Tunísia,Espanha
13,32,Polônia,Espanha
13,32,França,Espanha
13,32,Coreia do Sul,Espanha
13,32,Dinamarca,Espanha
13,32,Sérvia,Espanha
13,32,México,Espanha
13,32,Arábia Saudita,Espanha
13,32,Qatar,Espanha
13,32,Senegal,Espanha
13,32,Japão,Espanha
13,32,Camarões,Espanha
13,32,Canadá,Espanha
13,32,Inglaterra,Espanha
13,32,EUA,Espanha
13,32,Brasil,Espanha
13,32,Croácia,Espanha
13,32,Polônia,Tunísia
13,32,França,Tunísia
13,32,Coreia do Sul,Tunísia
13,32,Dinamarca,Tunísia
13,32,Sérvia,Tunísia
13,32,México,Tunísia
13,32,Arábia Saudita,Tunísia
13,32,Qatar,Tunísia
13,32,Senegal,Tunísia
13,32,Japão,Tunísia
13,32,Camarões,Tunísia
13,32,Canadá,Tunísia
13,32,Inglaterra,Tunísia
13,32,EUA,Tunísia
13,32,Brasil,Tunísia
13,32,Croácia,Tunísia
13,32,França,Polônia
13,32,Coreia do Sul,Polônia
13,32,Dinamarca,Polônia
13,32,Sérvia,Polônia
13,32,México,Polônia
13,32,Arábia Saudita,Polônia
13,32,Qatar,Polônia
13,32,Senegal,Polônia
13,32,Japão,Polônia
13,32,Camarões,Polônia
13,32,Canadá,Polônia
13,32,Inglaterra,Polônia
13,32,EUA,Polônia
13,32,Brasil,Polônia
13,32,Croácia,Polônia
13,32,Coreia do Sul,França
13,32,Dinamarca,França
13,32,Sérvia,França
13,32,México,França
13,32,Arábia Saudita,França
13,32,Qatar,França
13,32,Senegal,França
13,32,Japão,França
13,32,Camarões,França
13,32,Canadá,França
13,32,Inglaterra,França
13,32,EUA,França
13,32,Brasil,França
13,32,Croácia,França
13,32,Dinamarca,Coreia do Sul
13,32,Sérvia,Coreia do Sul
13,32,México,Coreia do Sul
13,32,Arábia Saudita,Coreia do Sul
13,32,Qatar,Coreia do Sul
13,32,Senegal,Coreia do Sul
13,32,Japão,Coreia do Sul
13,32,Camarões,Coreia do Sul
13,32,Canadá,Coreia do Sul
13,32,Inglaterra,Coreia do Sul
13,32,EUA,Coreia do Sul
13,32,Brasil,Coreia do Sul
13,32,Croácia,Coreia do Sul
13,32,Sérvia,Dinamarca
13,32,México,Dinamarca
13,32,Arábia Saudita,Dinamarca
13,32,Qatar,Dinamarca
13,32,Senegal,Dinamarca
13,32,Japão,Dinamarca
13,32,Camarões,Dinamarca
13,32,Canadá,Dinamarca
13,32,Inglaterra,Dinamarca
13,32,EUA,Dinamarca
13,32,Brasil,Dinamarca
13,32,Croácia,Dinamarca
13,32,México,Sérvia
13,32,Arábia Saudita,Sérvia
13,32,Qatar,Sérvia
13,32,Senegal,Sérvia
13,32,Japão,Sérvia
13,32,Camarões,Sérvia
13,32,Canadá,Sérvia
13,32,Inglaterra,Sérvia
13,32,EUA,Sérvia
13,32,Brasil,Sérvia
13,32,Croácia,Sérvia
13,32,Arábia Saudita,México
13,32,Qatar,México
13,32,Senegal,México
13,32,Japão,México
13,32,Camarões,México
13,32,Canadá,México
13,32,Inglaterra,México
13,32,EUA,México
13,32,Brasil,México
13,32,Croácia,México
13,32,Qatar,Arábia Saudita
13,32,Senegal,Arábia Saudita
13,32,Japão,Arábia Saudita
13,32,Camarões,Arábia Saudita
13,32,Canadá,Arábia Saudita
13,32,Inglaterra,Arábia Saudita
13,32,EUA,Arábia Saudita
13,32,Brasil,Arábia Saudita
13,32,Croácia,Arábia Saudita
13,32,Senegal,Qatar
13,32,Japão,Qatar
13,32,Camarões,Qatar
13,32,Canadá,Qatar
13,32,Inglaterra,Qatar
13,32,EUA,Qatar
13,32,Brasil,Qatar
13,32,Croácia,Qatar
13,32,Japão,Senegal
13,32,Camarões,Senegal
13,32,Canadá,Senegal
13,32,Inglaterra,Senegal
13,32,EUA,Senegal
13,32,Brasil,Senegal
13,32,Croácia,Senegal
13,32,Camarões,Japão
13,32,Canadá,Japão
13,32,Inglaterra,Japão
13,32,EUA,Japão
13,32,Brasil,Japão
13,32,Croácia,Japão
13,32,Canadá,Camarões
13,32,Inglaterra,Camarões
13,32,EUA,Camarões
13,32,Brasil,Camarões
13,32,Croácia,Camarões
13,32,Inglaterra,Canadá
13,32,EUA,Canadá
13,32,Brasil,Canadá
13,32,Croácia,Canadá
13,32,EUA,Inglaterra
13,32,Brasil,Inglaterra
13,32,Croácia,Inglaterra
13,32,Brasil,EUA
13,32,Croácia,EUA
13,32,Croácia,Brasil
13,35,Marrocos,Argentina
13,35,País de Gales,Argentina
13,35,Alemanha,Argentina
13,35,Portugal,Argentina
13,35,Suíça,Argentina
13,35,Uruguai,Argentina
13,35,Gana,Argentina
13,35,Irã,Argentina
13,35,Austrália,Argentina
13,35,Bélgica,Argentina
13,35,Equador,Argentina
13,35,Países Baixos,Argentina
13,35,Costa Rica,Argentina
13,35,Espanha,Argentina
13,35,Tunísia,Argentina
13,35,Polônia,Argentina
13,35,França,Argentina
13,35,Coreia do Sul,Argentina
13,35,Dinamarca,Argentina
13,35,Sérvia,Argentina
13,35,México,Argentina
13,35,Arábia Saudita,Argentina
13,35,Qatar,Argentina
13,35,Senegal,Argentina
13,35,Japão,Argentina
13,35,Camarões,Argentina
13,35,Canadá,Argentina
13,35,Inglaterra,Argentina
13,35,EUA,Argentina
13,35,Brasil,Argentina
13,35,Croácia,Argentina
13,35,País de Gales,Marrocos
13,35,Alemanha,Marrocos
13,35,Portugal,Marrocos
13,35,Suíça,Marrocos
13,35,Uruguai,Marrocos
13,35,Gana,Marrocos
13,35,Irã,Marrocos
13,35,Austrália,Marrocos
13,35,Bélgica,Marrocos
13,35,Equador,Marrocos
13,35,Países Baixos,Marrocos
13,35,Costa Rica,Marrocos
13,35,Espanha,Marrocos
13,35,Tunísia,Marrocos
13,35,Polônia,Marrocos
13,35,França,Marrocos
13,35,Coreia do Sul,Marrocos
13,35,Dinamarca,Marrocos
13,35,Sérvia,Marrocos
13,35,México,Marrocos
13,35,Arábia Saudita,Marrocos
13,35,Qatar,Marrocos
13,35,Senegal,Marrocos
13,35,Japão,Marrocos
13,35,Camarões,Marrocos
13,35,Canadá,Marrocos
13,35,Inglaterra,Marrocos
13,35,EUA,Marrocos
13,35,Brasil,Marrocos
13,35,Croácia,Marrocos
13,35,Alemanha,País de Gales
13,35,Portugal,País de Gales
13,35,Suíça,País de Gales
13,35,Uruguai,País de Gales
13,35,Gana,País de Gales
13,35,Irã,País de Gales
13,35,Austrália,País de Gales
13,35,Bélgica,País de Gales
13,35,Equador,País de Gales
13,35,Países Baixos,País de Gales
13,35,Costa Rica,País de Gales
13,35,Espanha,País de Gales
13,35,Tunísia,País de Gales
13,35,Polônia,País de Gales
13,35,França,País de Gales
13,35,Coreia do Sul,País de Gales
13,35,Dinamarca,País de Gales
13,35,Sérvia,País de Gales
13,35,México,País de Gales
13,35,Arábia Saudita,País de Gales
13,35,Qatar,País de Gales
13,35,Senegal,País de Gales
13,35,Japão,País de Gales
13,35,Camarões,País de Gales
13,35,Canadá,País de Gales
13,35,Inglaterra,País de Gales
13,35,EUA,País de Gales
13,35,Brasil,País de Gales
13,35,Croácia,País de Gales
13,35,Portugal,Alemanha
13,35,Suíça,Alemanha
13,35,Uruguai,Alemanha
13,35,Gana,Alemanha
13,35,Irã,Alemanha
13,35,Austrália,Alemanha
13,35,Bélgica,Alemanha
13,35,Equador,Alemanha
13,35,Países Baixos,Alemanha
13,35,Costa Rica,Alemanha
13,35,Espanha,Alemanha
13,35,Tunísia,Alemanha
13,35,Polônia,Alemanha
13,35,França,Alemanha
13,35,Coreia do Sul,Alemanha
13,35,Dinamarca,Alemanha
13,35,Sérvia,Alemanha
13,35,México,Alemanha
13,35,Arábia Saudita,Alemanha
13,35,Qatar,Alemanha
13,35,Senegal,Alemanha
13,35,Japão,Alemanha
13,35,Camarões,Alemanha
13,35,Canadá,Alemanha
13,35,Inglaterra,Alemanha
13,35,EUA,Alemanha
13,35,Brasil,Alemanha
13,35,Croácia,Alemanha
13,35,Suíça,Portugal
13,35,Uruguai,Portugal
13,35,Gana,Portugal
13,35,Irã,Portugal
13,35,Austrália,Portugal
13,35,Bélgica,Portugal
13,35,Equador,Portugal
13,35,Países Baixos,Portugal
13,35,Costa Rica,Portugal
13,35,Espanha,Portugal
13,35,Tunísia,Portugal
13,35,Polônia,Portugal
13,35,França,Portugal
13,35,Coreia do Sul,Portugal
13,35,Dinamarca,Portugal
13,35,Sérvia,Portugal
13,35,México,Portugal
13,35,Arábia Saudita,Portugal
13,35,Qatar,Portugal
13,35,Senegal,Portugal
13,35,Japão,Portugal
13,35,Camarões,Portugal
13,35,Canadá,Portugal
13,35,Inglaterra,Portugal
13,35,EUA,Portugal
13,35,Brasil,Portugal
13,35,Croácia,Portugal
13,35,Uruguai,Suíça
13,35,Gana,Suíça
13,35,Irã,Suíça
13,35,Austrália,Suíça
13,35,Bélgica,Suíça
13,35,Equador,Suíça
13,35,Países Baixos,Suíça
13,35,Costa Rica,Suíça
13,35,Espanha,Suíça
13,35,Tunísia,Suíça
13,35,Polônia,Suíça
13,35,França,Suíça
13,35,Coreia do Sul,Suíça
13,35,Dinamarca,Suíça
13,35,Sérvia,Suíça
13,35,México,Suíça
13,35,Arábia Saudita,Suíça
13,35,Qatar,Suíça
13,35,Senegal,Suíça
13,35,Japão,Suíça
13,35,Camarões,Suíça
13,35,Canadá,Suíça
13,35,Inglaterra,Suíça
13,35,EUA,Suíça
13,35,Brasil,Suíça
13,35,Croácia,Suíça
13,35,Gana,Uruguai
13,35,Irã,Uruguai
13,35,Austrália,Uruguai
13,35,Bélgica,Uruguai
13,35,Equador,Uruguai
13,35,Países Baixos,Uruguai
13,35,Costa Rica,Uruguai
13,35,Espanha,Uruguai
13,35,Tunísia,Uruguai
13,35,Polônia,Uruguai
13,35,França,Uruguai
13,35,Coreia do Sul,Uruguai
13,35,Dinamarca,Uruguai
13,35,Sérvia,Uruguai
13,35,México,Uruguai
13,35,Arábia Saudita,Uruguai
13,35,Qatar,Uruguai
13,35,Senegal,Uruguai
13,35,Japão,Uruguai
13,35,Camarões,Uruguai
13,35,Canadá,Uruguai
13,35,Inglaterra,Uruguai
13,35,EUA,Uruguai
13,35,Brasil,Uruguai
13,35,Croácia,Uruguai
13,35,Irã,Gana
13,35,Austrália,Gana
13,35,Bélgica,Gana
13,35,Equador,Gana
13,35,Países Baixos,Gana
13,35,Costa Rica,Gana
13,35,Espanha,Gana
13,35,Tunísia,Gana
13,35,Polônia,Gana
13,35,França,Gana
13,35,Coreia do Sul,Gana
13,35,Dinamarca,Gana
13,35,Sérvia,Gana
13,35,México,Gana
13,35,Arábia Saudita,Gana
13,35,Qatar,Gana
13,35,Senegal,Gana
13,35,Japão,Gana
13,35,Camarões,Gana
13,35,Canadá,Gana
13,35,Inglaterra,Gana
13,35,EUA,Gana
13,35,Brasil,Gana
13,35,Croácia,Gana
13,35,Austrália,Irã
13,35,Bélgica,Irã
13,35,Equador,Irã
13,35,Países Baixos,Irã
13,35,Costa Rica,Irã
13,35,Espanha,Irã
13,35,Tunísia,Irã
13,35,Polônia,Irã
13,35,França,Irã
13,35,Coreia do Sul,Irã
13,35,Dinamarca,Irã
13,35,Sérvia,Irã
13,35,México,Irã
13,35,Arábia Saudita,Irã
13,35,Qatar,Irã
13,35,Senegal,Irã
13,35,Japão,Irã
13,35,Camarões,Irã
13,35,Canadá,Irã
13,35,Inglaterra,Irã
13,35,EUA,Irã
13,35,Brasil,Irã
13,35,Croácia,Irã
13,35,Bélgica,Austrália
13,35,Equador,Austrália
13,35,Países Baixos,Austrália
13,35,Costa Rica,Austrália
13,35,Espanha,Austrália
13,35,Tunísia,Austrália
13,35,Polônia,Austrália
13,35,França,Austrália
13,35,Coreia do Sul,Austrália
13,35,Dinamarca,Austrália
13,35,Sérvia,Austrália
13,35,México,Austrália
13,35,Arábia Saudita,Austrália
13,35,Qatar,Austrália
13,35,Senegal,Austrália
13,35,Japão,Austrália
13,35,Camarões,Austrália
13,35,Canadá,Austrália
13,35,Inglaterra,Austrália
13,35,EUA,Austrália
13,35,Brasil,Austrália
13,35,Croácia,Austrália
13,35,Equador,Bélgica
13,35,Países Baixos,Bélgica
13,35,Costa Rica,Bélgica
13,35,Espanha,Bélgica
13,35,Tunísia,Bélgica
13,35,Polônia,Bélgica
13,35,França,Bélgica
13,35,Coreia do Sul,Bélgica
13,35,Dinamarca,Bélgica
13,35,Sérvia,Bélgica
13,35,México,Bélgica
13,35,Arábia Saudita,Bélgica
13,35,Qatar,Bélgica
13,35,Senegal,Bélgica
13,35,Japão,Bélgica
13,35,Camarões,Bélgica
13,35,Canadá,Bélgica
13,35,Inglaterra,Bélgica
13,35,EUA,Bélgica
13,35,Brasil,Bélgica
13,35,Croácia,Bélgica
13,35,Países Baixos,Equador
13,35,Costa Rica,Equador
13,35,Espanha,Equador
13,35,Tunísia,Equador
13,35,Polônia,Equador
13,35,França,Equador
13,35,Coreia do Sul,Equador
13,35,Dinamarca,Equador
13,35,Sérvia,Equador
13,35,México,Equador
13,35,Arábia Saudita,Equador
13,35,Qatar,Equador
13,35,Senegal,Equador
13,35,Japão,Equador
13,35,Camarões,Equador
13,35,Canadá,Equador
13,35,Inglaterra,Equador
13,35,EUA,Equador
13,35,Brasil,Equador
13,35,Croácia,Equador
13,35,Costa Rica,Países Baixos
13,35,Espanha,Países Baixos
13,35,Tunísia,Países Baixos
13,35,Polônia,Países Baixos
13,35,França,Países Baixos
13,35,Coreia do Sul,Países Baixos
13,35,Dinamarca,Países Baixos
13,35,Sérvia,Países Baixos
13,35,México,Países Baixos
13,35,Arábia Saudita,Países Baixos
13,35,Qatar,Países Baixos
13,35,Senegal,Países Baixos
13,35,Japão,Países Baixos
13,35,Camarões,Países Baixos
13,35,Canadá,Países Baixos
13,35,Inglaterra,Países Baixos
13,35,EUA,Países Baixos
13,35,Brasil,Países Baixos
13,35,Croácia,Países Baixos
13,35,Espanha,Costa Rica
13,35,Tunísia,Costa Rica
13,35,Polônia,Costa Rica
13,35,França,Costa Rica
13,35,Coreia do Sul,Costa Rica
13,35,Dinamarca,Costa Rica
13,35,Sérvia,Costa Rica
13,35,México,Costa Rica
13,35,Arábia Saudita,Costa Rica
13,35,Qatar,Costa Rica
13,35,Senegal,Costa Rica
13,35,Japão,Costa Rica
13,35,Camarões,Costa Rica
13,35,Canadá,Costa Rica
13,35,Inglaterra,Costa Rica
13,35,EUA,Costa Rica
13,35,Brasil,Costa Rica
13,35,Croácia,Costa Rica
13,35,Tunísia,Espanha
13,35,Polônia,Espanha
13,35,França,Espanha
13,35,Coreia do Sul,Espanha
13,35,Dinamarca,Espanha
13,35,Sérvia,Espanha
13,35,México,Espanha
13,35,Arábia Saudita,Espanha
13,35,Qatar,Espanha
13,35,Senegal,Espanha
13,35,Japão,Espanha
13,35,Camarões,Espanha
13,35,Canadá,Espanha
13,35,Inglaterra,Espanha
13,35,EUA,Espanha
13,35,Brasil,Espanha
13,35,Croácia,Espanha
13,35,Polônia,Tunísia
13,35,França,Tunísia
13,35,Coreia do Sul,Tunísia
13,35,Dinamarca,Tunísia
13,35,Sérvia,Tunísia
13,35,México,Tunísia
13,35,Arábia Saudita,Tunísia
13,35,Qatar,Tunísia
13,35,Senegal,Tunísia
13,35,Japão,Tunísia
13,35,Camarões,Tunísia
13,35,Canadá,Tunísia
13,35,Inglaterra,Tunísia
13,35,EUA,Tunísia
13,35,Brasil,Tunísia
13,35,Croácia,Tunísia
13,35,França,Polônia
13,35,Coreia do Sul,Polônia
13,35,Dinamarca,Polônia
13,35,Sérvia,Polônia
13,35,México,Polônia
13,35,Arábia Saudita,Polônia
13,35,Qatar,Polônia
13,35,Senegal,Polônia
13,35,Japão,Polônia
13,35,Camarões,Polônia
13,35,Canadá,Polônia
13,35,Inglaterra,Polônia
13,35,EUA,Polônia
13,35,Brasil,Polônia
13,35,Croácia,Polônia
13,35,Coreia do Sul,França
13,35,Dinamarca,França
13,35,Sérvia,França
13,35,México,França
13,35,Arábia Saudita,França
13,35,Qatar,França
13,35,Senegal,França
13,35,Japão,França
13,35,Camarões,França
13,35,Canadá,França
13,35,Inglaterra,França
13,35,EUA,França
13,35,Brasil,França
13,35,Croácia,França
13,35,Dinamarca,Coreia do Sul
13,35,Sérvia,Coreia do Sul
13,35,México,Coreia do Sul
13,35,Arábia Saudita,Coreia do Sul
13,35,Qatar,Coreia do Sul
13,35,Senegal,Coreia do Sul
13,35,Japão,Coreia do Sul
13,35,Camarões,Coreia do Sul
13,35,Canadá,Coreia do Sul
13,35,Inglaterra,Coreia do Sul
13,35,EUA,Coreia do Sul
13,35,Brasil,Coreia do Sul
13,35,Croácia,Coreia do Sul
13,35,Sérvia,Dinamarca
13,35,México,Dinamarca
13,35,Arábia Saudita,Dinamarca
13,35,Qatar,Dinamarca
13,35,Senegal,Dinamarca
13,35,Japão,Dinamarca
13,35,Camarões,Dinamarca
13,35,Canadá,Dinamarca
13,35,Inglaterra,Dinamarca
13,35,EUA,Dinamarca
13,35,Brasil,Dinamarca
13,35,Croácia,Dinamarca
13,35,México,Sérvia
13,35,Arábia Saudita,Sérvia
13,35,Qatar,Sérvia
13,35,Senegal,Sérvia
13,35,Japão,Sérvia
13,35,Camarões,Sérvia
13,35,Canadá,Sérvia
13,35,Inglaterra,Sérvia
13,35,EUA,Sérvia
13,35,Brasil,Sérvia
13,35,Croácia,Sérvia
13,35,Arábia Saudita,México
13,35,Qatar,México
13,35,Senegal,México
13,35,Japão,México
13,35,Camarões,México
13,35,Canadá,México
13,35,Inglaterra,México
13,35,EUA,México
13,35,Brasil,México
13,35,Croácia,México
13,35,Qatar,Arábia Saudita
13,35,Senegal,Arábia Saudita
13,35,Japão,Arábia Saudita
13,35,Camarões,Arábia Saudita
13,35,Canadá,Arábia Saudita
13,35,Inglaterra,Arábia Saudita
13,35,EUA,Arábia Saudita
13,35,Brasil,Arábia Saudita
13,35,Croácia,Arábia Saudita
13,35,Senegal,Qatar
13,35,Japão,Qatar
13,35,Camarões,Qatar
13,35,Canadá,Qatar
13,35,Inglaterra,Qatar
13,35,EUA,Qatar
13,35,Brasil,Qatar
13,35,Croácia,Qatar
13,35,Japão,Senegal
13,35,Camarões,Senegal
13,35,Canadá,Senegal
13,35,Inglaterra,Senegal
13,35,EUA,Senegal
13,35,Brasil,Senegal
13,35,Croácia,Senegal
13,35,Camarões,Japão
13,35,Canadá,Japão
13,35,Inglaterra,Japão
13,35,EUA,Japão
13,35,Brasil,Japão
13,35,Croácia,Japão
13,35,Canadá,Camarões
13,35,Inglaterra,Camarões
13,35,EUA,Camarões
13,35,Brasil,Camarões
13,35,Croácia,Camarões
13,35,Inglaterra,Canadá
13,35,EUA,Canadá
13,35,Brasil,Canadá
13,35,Croácia,Canadá
13,35,EUA,Inglaterra
13,35,Brasil,Inglaterra
13,35,Croácia,Inglaterra
13,35,Brasil,EUA
13,35,Croácia,EUA
13,35,Croácia,Brasil
13,38,Marrocos,Argentina
13,38,País de Gales,Argentina
13,38,Alemanha,Argentina
13,38,Portugal,Argentina
13,38,Suíça,Argentina
13,38,Uruguai,Argentina
13,38,Gana,Argentina
13,38,Irã,Argentina
13,38,Austrália,Argentina
13,38,Bélgica,Argentina
13,38,Equador,Argentina
13,38,Países Baixos,Argentina
13,38,Costa Rica,Argentina
13,38,Espanha,Argentina
13,38,Tunísia,Argentina
13,38,Polônia,Argentina
13,38,França,Argentina
13,38,Coreia do Sul,Argentina
13,38,Dinamarca,Argentina
13,38,Sérvia,Argentina
13,38,México,Argentina
13,38,Arábia Saudita,Argentina
13,38,Qatar,Argentina
13,38,Senegal,Argentina
13,38,Japão,Argentina
13,38,Camarões,Argentina
13,38,Canadá,Argentina
13,38,Inglaterra,Argentina
13,38,EUA,Argentina
13,38,Brasil,Argentina
13,38,Croácia,Argentina
13,38,País de Gales,Marrocos
13,38,Alemanha,Marrocos
13,38,Portugal,Marrocos
13,38,Suíça,Marrocos
13,38,Uruguai,Marrocos
13,38,Gana,Marrocos
13,38,Irã,Marrocos
13,38,Austrália,Marrocos
13,38,Bélgica,Marrocos
13,38,Equador,Marrocos
13,38,Países Baixos,Marrocos
13,38,Costa Rica,Marrocos
13,38,Espanha,Marrocos
13,38,Tunísia,Marrocos
13,38,Polônia,Marrocos
13,38,França,Marrocos
13,38,Coreia do Sul,Marrocos
13,38,Dinamarca,Marrocos
13,38,Sérvia,Marrocos
13,38,México,Marrocos
13,38,Arábia Saudita,Marrocos
13,38,Qatar,Marrocos
13,38,Senegal,Marrocos
13,38,Japão,Marrocos
13,38,Camarões,Marrocos
13,38,Canadá,Marrocos
13,38,Inglaterra,Marrocos
13,38,EUA,Marrocos
13,38,Brasil,Marrocos
13,38,Croácia,Marrocos
13,38,Alemanha,País de Gales
13,38,Portugal,País de Gales
13,38,Suíça,País de Gales
13,38,Uruguai,País de Gales
13,38,Gana,País de Gales
13,38,Irã,País de Gales
13,38,Austrália,País de Gales
13,38,Bélgica,País de Gales
13,38,Equador,País de Gales
13,38,Países Baixos,País de Gales
13,38,Costa Rica,País de Gales
13,38,Espanha,País de Gales
13,38,Tunísia,País de Gales
13,38,Polônia,País de Gales
13,38,França,País de Gales
13,38,Coreia do Sul,País de Gales
13,38,Dinamarca,País de Gales
13,38,Sérvia,País de Gales
13,38,México,País de Gales
13,38,Arábia Saudita,País de Gales
13,38,Qatar,País de Gales
13,38,Senegal,País de Gales
13,38,Japão,País de Gales
13,38,Camarões,País de Gales
13,38,Canadá,País de Gales
13,38,Inglaterra,País de Gales
13,38,EUA,País de Gales
13,38,Brasil,País de Gales
13,38,Croácia,País de Gales
13,38,Portugal,Alemanha
13,38,Suíça,Alemanha
13,38,Uruguai,Alemanha
13,38,Gana,Alemanha
13,38,Irã,Alemanha
13,38,Austrália,Alemanha
13,38,Bélgica,Alemanha
13,38,Equador,Alemanha
13,38,Países Baixos,Alemanha
13,38,Costa Rica,Alemanha
13,38,Espanha,Alemanha
13,38,Tunísia,Alemanha
13,38,Polônia,Alemanha
13,38,França,Alemanha
13,38,Coreia do Sul,Alemanha
13,38,Dinamarca,Alemanha
13,38,Sérvia,Alemanha
13,38,México,Alemanha
13,38,Arábia Saudita,Alemanha
13,38,Qatar,Alemanha
13,38,Senegal,Alemanha
13,38,Japão,Alemanha
13,38,Camarões,Alemanha
13,38,Canadá,Alemanha
13,38,Inglaterra,Alemanha
13,38,EUA,Alemanha
13,38,Brasil,Alemanha
13,38,Croácia,Alemanha
13,38,Suíça,Portugal
13,38,Uruguai,Portugal
13,38,Gana,Portugal
13,38,Irã,Portugal
13,38,Austrália,Portugal
13,38,Bélgica,Portugal
13,38,Equador,Portugal
13,38,Países Baixos,Portugal
13,38,Costa Rica,Portugal
13,38,Espanha,Portugal
13,38,Tunísia,Portugal
13,38,Polônia,Portugal
13,38,França,Portugal
13,38,Coreia do Sul,Portugal
13,38,Dinamarca,Portugal
13,38,Sérvia,Portugal
13,38,México,Portugal
13,38,Arábia Saudita,Portugal
13,38,Qatar,Portugal
13,38,Senegal,Portugal
13,38,Japão,Portugal
13,38,Camarões,Portugal
13,38,Canadá,Portugal
13,38,Inglaterra,Portugal
13,38,EUA,Portugal
13,38,Brasil,Portugal
13,38,Croácia,Portugal
13,38,Uruguai,Suíça
13,38,Gana,Suíça
13,38,Irã,Suíça
13,38,Austrália,Suíça
13,38,Bélgica,Suíça
13,38,Equador,Suíça
13,38,Países Baixos,Suíça
13,38,Costa Rica,Suíça
13,38,Espanha,Suíça
13,38,Tunísia,Suíça
13,38,Polônia,Suíça
13,38,França,Suíça
13,38,Coreia do Sul,Suíça
13,38,Dinamarca,Suíça
13,38,Sérvia,Suíça
13,38,México,Suíça
13,38,Arábia Saudita,Suíça
13,38,Qatar,Suíça
13,38,Senegal,Suíça
13,38,Japão,Suíça
13,38,Camarões,Suíça
13,38,Canadá,Suíça
13,38,Inglaterra,Suíça
13,38,EUA,Suíça
13,38,Brasil,Suíça
13,38,Croácia,Suíça
13,38,Gana,Uruguai
13,38,Irã,Uruguai
13,38,Austrália,Uruguai
13,38,Bélgica,Uruguai
13,38,Equador,Uruguai
13,38,Países Baixos,Uruguai
13,38,Costa Rica,Uruguai
13,38,Espanha,Uruguai
13,38,Tunísia,Uruguai
13,38,Polônia,Uruguai
13,38,França,Uruguai
13,38,Coreia do Sul,Uruguai
13,38,Dinamarca,Uruguai
13,38,Sérvia,Uruguai
13,38,México,Uruguai
13,38,Arábia Saudita,Uruguai
13,38,Qatar,Uruguai
13,38,Senegal,Uruguai
13,38,Japão,Uruguai
13,38,Camarões,Uruguai
13,38,Canadá,Uruguai
13,38,Inglaterra,Uruguai
13,38,EUA,Uruguai
13,38,Brasil,Uruguai
13,38,Croácia,Uruguai
13,38,Irã,Gana
13,38,Austrália,Gana
13,38,Bélgica,Gana
13,38,Equador,Gana
13,38,Países Baixos,Gana
13,38,Costa Rica,Gana
13,38,Espanha,Gana
13,38,Tunísia,Gana
13,38,Polônia,Gana
13,38,França,Gana
13,38,Coreia do Sul,Gana
13,38,Dinamarca,Gana
13,38,Sérvia,Gana
13,38,México,Gana
13,38,Arábia Saudita,Gana
13,38,Qatar,Gana
13,38,Senegal,Gana
13,38,Japão,Gana
13,38,Camarões,Gana
13,38,Canadá,Gana
13,38,Inglaterra,Gana
13,38,EUA,Gana
13,38,Brasil,Gana
13,38,Croácia,Gana
13,38,Austrália,Irã
13,38,Bélgica,Irã
13,38,Equador,Irã
13,38,Países Baixos,Irã
13,38,Costa Rica,Irã
13,38,Espanha,Irã
13,38,Tunísia,Irã
13,38,Polônia,Irã
13,38,França,Irã
13,38,Coreia do Sul,Irã
13,38,Dinamarca,Irã
13,38,Sérvia,Irã
13,38,México,Irã
13,38,Arábia Saudita,Irã
13,38,Qatar,Irã
13,38,Senegal,Irã
13,38,Japão,Irã
13,38,Camarões,Irã
13,38,Canadá,Irã
13,38,Inglaterra,Irã
13,38,EUA,Irã
13,38,Brasil,Irã
13,38,Croácia,Irã
13,38,Bélgica,Austrália
13,38,Equador,Austrália
13,38,Países Baixos,Austrália
13,38,Costa Rica,Austrália
13,38,Espanha,Austrália
13,38,Tunísia,Austrália
13,38,Polônia,Austrália
13,38,França,Austrália
13,38,Coreia do Sul,Austrália
13,38,Dinamarca,Austrália
13,38,Sérvia,Austrália
13,38,México,Austrália
13,38,Arábia Saudita,Austrália
13,38,Qatar,Austrália
13,38,Senegal,Austrália
13,38,Japão,Austrália
13,38,Camarões,Austrália
13,38,Canadá,Austrália
13,38,Inglaterra,Austrália
13,38,EUA,Austrália
13,38,Brasil,Austrália
13,38,Croácia,Austrália
13,38,Equador,Bélgica
13,38,Países Baixos,Bélgica
13,38,Costa Rica,Bélgica
13,38,Espanha,Bélgica
13,38,Tunísia,Bélgica
13,38,Polônia,Bélgica
13,38,França,Bélgica
13,38,Coreia do Sul,Bélgica
13,38,Dinamarca,Bélgica
13,38,Sérvia,Bélgica
13,38,México,Bélgica
13,38,Arábia Saudita,Bélgica
13,38,Qatar,Bélgica
13,38,Senegal,Bélgica
13,38,Japão,Bélgica
13,38,Camarões,Bélgica
13,38,Canadá,Bélgica
13,38,Inglaterra,Bélgica
13,38,EUA,Bélgica
13,38,Brasil,Bélgica
13,38,Croácia,Bélgica
13,38,Países Baixos,Equador
13,38,Costa Rica,Equador
13,38,Espanha,Equador
13,38,Tunísia,Equador
13,38,Polônia,Equador
13,38,França,Equador
13,38,Coreia do Sul,Equador
13,38,Dinamarca,Equador
13,38,Sérvia,Equador
13,38,México,Equador
13,38,Arábia Saudita,Equador
13,38,Qatar,Equador
13,38,Senegal,Equador
13,38,Japão,Equador
13,38,Camarões,Equador
13,38,Canadá,Equador
13,38,Inglaterra,Equador
13,38,EUA,Equador
13,38,Brasil,Equador
13,38,Croácia,Equador
13,38,Costa Rica,Países Baixos
13,38,Espanha,Países Baixos
13,38,Tunísia,Países Baixos
13,38,Polônia,Países Baixos
13,38,França,Países Baixos
13,38,Coreia do Sul,Países Baixos
13,38,Dinamarca,Países Baixos
13,38,Sérvia,Países Baixos
13,38,México,Países Baixos
13,38,Arábia Saudita,Países Baixos
13,38,Qatar,Países Baixos
13,38,Senegal,Países Baixos
13,38,Japão,Países Baixos
13,38,Camarões,Países Baixos
13,38,Canadá,Países Baixos
13,38,Inglaterra,Países Baixos
13,38,EUA,Países Baixos
13,38,Brasil,Países Baixos
13,38,Croácia,Países Baixos
13,38,Espanha,Costa Rica
13,38,Tunísia,Costa Rica
13,38,Polônia,Costa Rica
13,38,França,Costa Rica
13,38,Coreia do Sul,Costa Rica
13,38,Dinamarca,Costa Rica
13,38,Sérvia,Costa Rica
13,38,México,Costa Rica
13,38,Arábia Saudita,Costa Rica
13,38,Qatar,Costa Rica
13,38,Senegal,Costa Rica
13,38,Japão,Costa Rica
13,38,Camarões,Costa Rica
13,38,Canadá,Costa Rica
13,38,Inglaterra,Costa Rica
13,38,EUA,Costa Rica
13,38,Brasil,Costa Rica
13,38,Croácia,Costa Rica
13,38,Tunísia,Espanha
13,38,Polônia,Espanha
13,38,França,Espanha
13,38,Coreia do Sul,Espanha
13,38,Dinamarca,Espanha
13,38,Sérvia,Espanha
13,38,México,Espanha
13,38,Arábia Saudita,Espanha
13,38,Qatar,Espanha
13,38,Senegal,Espanha
13,38,Japão,Espanha
13,38,Camarões,Espanha
13,38,Canadá,Espanha
13,38,Inglaterra,Espanha
13,38,EUA,Espanha
13,38,Brasil,Espanha
13,38,Croácia,Espanha
13,38,Polônia,Tunísia
13,38,França,Tunísia
13,38,Coreia do Sul,Tunísia
13,38,Dinamarca,Tunísia
13,38,Sérvia,Tunísia
13,38,México,Tunísia
13,38,Arábia Saudita,Tunísia
13,38,Qatar,Tunísia
13,38,Senegal,Tunísia
13,38,Japão,Tunísia
13,38,Camarões,Tunísia
13,38,Canadá,Tunísia
13,38,Inglaterra,Tunísia
13,38,EUA,Tunísia
13,38,Brasil,Tunísia
13,38,Croácia,Tunísia
13,38,França,Polônia
13,38,Coreia do Sul,Polônia
13,38,Dinamarca,Polônia
13,38,Sérvia,Polônia
13,38,México,Polônia
13,38,Arábia Saudita,Polônia
13,38,Qatar,Polônia
13,38,Senegal,Polônia
13,38,Japão,Polônia
13,38,Camarões,Polônia
13,38,Canadá,Polônia
13,38,Inglaterra,Polônia
13,38,EUA,Polônia
13,38,Brasil,Polônia
13,38,Croácia,Polônia
13,38,Coreia do Sul,França
13,38,Dinamarca,França
13,38,Sérvia,França
13,38,México,França
13,38,Arábia Saudita,França
13,38,Qatar,França
13,38,Senegal,França
13,38,Japão,França
13,38,Camarões,França
13,38,Canadá,França
13,38,Inglaterra,França
13,38,EUA,França
13,38,Brasil,França
13,38,Croácia,França
13,38,Dinamarca,Coreia do Sul
13,38,Sérvia,Coreia do Sul
13,38,México,Coreia do Sul
13,38,Arábia Saudita,Coreia do Sul
13,38,Qatar,Coreia do Sul
13,38,Senegal,Coreia do Sul
13,38,Japão,Coreia do Sul
13,38,Camarões,Coreia do Sul
13,38,Canadá,Coreia do Sul
13,38,Inglaterra,Coreia do Sul
13,38,EUA,Coreia do Sul
13,38,Brasil,Coreia do Sul
13,38,Croácia,Coreia do Sul
13,38,Sérvia,Dinamarca
13,38,México,Dinamarca
13,38,Arábia Saudita,Dinamarca
13,38,Qatar,Dinamarca
13,38,Senegal,Dinamarca
13,38,Japão,Dinamarca
13,38,Camarões,Dinamarca
13,38,Canadá,Dinamarca
13,38,Inglaterra,Dinamarca
13,38,EUA,Dinamarca
13,38,Brasil,Dinamarca
13,38,Croácia,Dinamarca
13,38,México,Sérvia
13,38,Arábia Saudita,Sérvia
13,38,Qatar,Sérvia
13,38,Senegal,Sérvia
13,38,Japão,Sérvia
13,38,Camarões,Sérvia
13,38,Canadá,Sérvia
13,38,Inglaterra,Sérvia
13,38,EUA,Sérvia
13,38,Brasil,Sérvia
13,38,Croácia,Sérvia
13,38,Arábia Saudita,México
13,38,Qatar,México
13,38,Senegal,México
13,38,Japão,México
13,38,Camarões,México
13,38,Canadá,México
13,38,Inglaterra,México
13,38,EUA,México
13,38,Brasil,México
13,38,Croácia,México
13,38,Qatar,Arábia Saudita
13,38,Senegal,Arábia Saudita
13,38,Japão,Arábia Saudita
13,38,Camarões,Arábia Saudita
13,38,Canadá,Arábia Saudita
13,38,Inglaterra,Arábia Saudita
13,38,EUA,Arábia Saudita
13,38,Brasil,Arábia Saudita
13,38,Croácia,Arábia Saudita
13,38,Senegal,Qatar
13,38,Japão,Qatar
13,38,Camarões,Qatar
13,38,Canadá,Qatar
13,38,Inglaterra,Qatar
13,38,EUA,Qatar
13,38,Brasil,Qatar
13,38,Croácia,Qatar
13,38,Japão,Senegal
13,38,Camarões,Senegal
13,38,Canadá,Senegal
13,38,Inglaterra,Senegal
13,38,EUA,Senegal
13,38,Brasil,Senegal
13,38,Croácia,Senegal
13,38,Camarões,Japão
13,38,Canadá,Japão
13,38,Inglaterra,Japão
13,38,EUA,Japão
13,38,Brasil,Japão
13,38,Croácia,Japão
13,38,Canadá,Camarões
13,38,Inglaterra,Camarões
13,38,EUA,Camarões
13,38,Brasil,Camarões
13,38,Croácia,Camarões
13,38,Inglaterra,Canadá
13,38,EUA,Canadá
13,38,Brasil,Canadá
13,38,Croácia,Canadá
13,38,EUA,Inglaterra
13,38,Brasil,Inglaterra
13,38,Croácia,Inglaterra
13,38,Brasil,EUA
13,38,Croácia,EUA
13,38,Croácia,Brasil
13,41,Marrocos,Argentina
13,41,País de Gales,Argentina
13,41,Alemanha,Argentina
13,41,Portugal,Argentina
13,41,Suíça,Argentina
13,41,Uruguai,Argentina
13,41,Gana,Argentina
13,41,Irã,Argentina
13,41,Austrália,Argentina
13,41,Bélgica,Argentina
13,41,Equador,Argentina
13,41,Países Baixos,Argentina
13,41,Costa Rica,Argentina
13,41,Espanha,Argentina
13,41,Tunísia,Argentina
13,41,Polônia,Argentina
13,41,França,Argentina
13,41,Coreia do Sul,Argentina
13,41,Dinamarca,Argentina
13,41,Sérvia,Argentina
13,41,México,Argentina
13,41,Arábia Saudita,Argentina
13,41,Qatar,Argentina
13,41,Senegal,Argentina
13,41,Japão,Argentina
13,41,Camarões,Argentina
13,41,Canadá,Argentina
13,41,Inglaterra,Argentina
13,41,EUA,Argentina
13,41,Brasil,Argentina
13,41,Croácia,Argentina
13,41,País de Gales,Marrocos
13,41,Alemanha,Marrocos
13,41,Portugal,Marrocos
13,41,Suíça,Marrocos
13,41,Uruguai,Marrocos
13,41,Gana,Marrocos
13,41,Irã,Marrocos
13,41,Austrália,Marrocos
13,41,Bélgica,Marrocos
13,41,Equador,Marrocos
13,41,Países Baixos,Marrocos
13,41,Costa Rica,Marrocos
13,41,Espanha,Marrocos
13,41,Tunísia,Marrocos
13,41,Polônia,Marrocos
13,41,França,Marrocos
13,41,Coreia do Sul,Marrocos
13,41,Dinamarca,Marrocos
13,41,Sérvia,Marrocos
13,41,México,Marrocos
13,41,Arábia Saudita,Marrocos
13,41,Qatar,Marrocos
13,41,Senegal,Marrocos
13,41,Japão,Marrocos
13,41,Camarões,Marrocos
13,41,Canadá,Marrocos
13,41,Inglaterra,Marrocos
13,41,EUA,Marrocos
13,41,Brasil,Marrocos
13,41,Croácia,Marrocos
13,41,Alemanha,País de Gales
13,41,Portugal,País de Gales
13,41,Suíça,País de Gales
13,41,Uruguai,País de Gales
13,41,Gana,País de Gales
13,41,Irã,País de Gales
13,41,Austrália,País de Gales
13,41,Bélgica,País de Gales
13,41,Equador,País de Gales
13,41,Países Baixos,País de Gales
13,41,Costa Rica,País de Gales
13,41,Espanha,País de Gales
13,41,Tunísia,País de Gales
13,41,Polônia,País de Gales
13,41,França,País de Gales
13,41,Coreia do Sul,País de Gales
13,41,Dinamarca,País de Gales
13,41,Sérvia,País de Gales
13,41,México,País de Gales
13,41,Arábia Saudita,País de Gales
13,41,Qatar,País de Gales
13,41,Senegal,País de Gales
13,41,Japão,País de Gales
13,41,Camarões,País de Gales
13,41,Canadá,País de Gales
13,41,Inglaterra,País de Gales
13,41,EUA,País de Gales
13,41,Brasil,País de Gales
13,41,Croácia,País de Gales
13,41,Portugal,Alemanha
13,41,Suíça,Alemanha
13,41,Uruguai,Alemanha
13,41,Gana,Alemanha
13,41,Irã,Alemanha
13,41,Austrália,Alemanha
13,41,Bélgica,Alemanha
13,41,Equador,Alemanha
13,41,Países Baixos,Alemanha
13,41,Costa Rica,Alemanha
13,41,Espanha,Alemanha
13,41,Tunísia,Alemanha
13,41,Polônia,Alemanha
13,41,França,Alemanha
13,41,Coreia do Sul,Alemanha
13,41,Dinamarca,Alemanha
13,41,Sérvia,Alemanha
13,41,México,Alemanha
13,41,Arábia Saudita,Alemanha
13,41,Qatar,Alemanha
13,41,Senegal,Alemanha
13,41,Japão,Alemanha
13,41,Camarões,Alemanha
13,41,Canadá,Alemanha
13,41,Inglaterra,Alemanha
13,41,EUA,Alemanha
13,41,Brasil,Alemanha
13,41,Croácia,Alemanha
13,41,Suíça,Portugal
13,41,Uruguai,Portugal
13,41,Gana,Portugal
13,41,Irã,Portugal
13,41,Austrália,Portugal
13,41,Bélgica,Portugal
13,41,Equador,Portugal
13,41,Países Baixos,Portugal
13,41,Costa Rica,Portugal
13,41,Espanha,Portugal
13,41,Tunísia,Portugal
13,41,Polônia,Portugal
13,41,França,Portugal
13,41,Coreia do Sul,Portugal
13,41,Dinamarca,Portugal
13,41,Sérvia,Portugal
13,41,México,Portugal
13,41,Arábia Saudita,Portugal
13,41,Qatar,Portugal
13,41,Senegal,Portugal
13,41,Japão,Portugal
13,41,Camarões,Portugal
13,41,Canadá,Portugal
13,41,Inglaterra,Portugal
13,41,EUA,Portugal
13,41,Brasil,Portugal
13,41,Croácia,Portugal
13,41,Uruguai,Suíça
13,41,Gana,Suíça
13,41,Irã,Suíça
13,41,Austrália,Suíça
13,41,Bélgica,Suíça
13,41,Equador,Suíça
13,41,Países Baixos,Suíça
13,41,Costa Rica,Suíça
13,41,Espanha,Suíça
13,41,Tunísia,Suíça
13,41,Polônia,Suíça
13,41,França,Suíça
13,41,Coreia do Sul,Suíça
13,41,Dinamarca,Suíça
13,41,Sérvia,Suíça
13,41,México,Suíça
13,41,Arábia Saudita,Suíça
13,41,Qatar,Suíça
13,41,Senegal,Suíça
13,41,Japão,Suíça
13,41,Camarões,Suíça
13,41,Canadá,Suíça
13,41,Inglaterra,Suíça
13,41,EUA,Suíça
13,41,Brasil,Suíça
13,41,Croácia,Suíça
13,41,Gana,Uruguai
13,41,Irã,Uruguai
13,41,Austrália,Uruguai
13,41,Bélgica,Uruguai
13,41,Equador,Uruguai
13,41,Países Baixos,Uruguai
13,41,Costa Rica,Uruguai
13,41,Espanha,Uruguai
13,41,Tunísia,Uruguai
13,41,Polônia,Uruguai
13,41,França,Uruguai
13,41,Coreia do Sul,Uruguai
13,41,Dinamarca,Uruguai
13,41,Sérvia,Uruguai
13,41,México,Uruguai
13,41,Arábia Saudita,Uruguai
13,41,Qatar,Uruguai
13,41,Senegal,Uruguai
13,41,Japão,Uruguai
13,41,Camarões,Uruguai
13,41,Canadá,Uruguai
13,41,Inglaterra,Uruguai
13,41,EUA,Uruguai
13,41,Brasil,Uruguai
13,41,Croácia,Uruguai
13,41,Irã,Gana
13,41,Austrália,Gana
13,41,Bélgica,Gana
13,41,Equador,Gana
13,41,Países Baixos,Gana
13,41,Costa Rica,Gana
13,41,Espanha,Gana
13,41,Tunísia,Gana
13,41,Polônia,Gana
13,41,França,Gana
13,41,Coreia do Sul,Gana
13,41,Dinamarca,Gana
13,41,Sérvia,Gana
13,41,México,Gana
13,41,Arábia Saudita,Gana
13,41,Qatar,Gana
13,41,Senegal,Gana
13,41,Japão,Gana
13,41,Camarões,Gana
13,41,Canadá,Gana
13,41,Inglaterra,Gana
13,41,EUA,Gana
13,41,Brasil,Gana
13,41,Croácia,Gana
13,41,Austrália,Irã
13,41,Bélgica,Irã
13,41,Equador,Irã
13,41,Países Baixos,Irã
13,41,Costa Rica,Irã
13,41,Espanha,Irã
13,41,Tunísia,Irã
13,41,Polônia,Irã
13,41,França,Irã
13,41,Coreia do Sul,Irã
13,41,Dinamarca,Irã
13,41,Sérvia,Irã
13,41,México,Irã
13,41,Arábia Saudita,Irã
13,41,Qatar,Irã
13,41,Senegal,Irã
13,41,Japão,Irã
13,41,Camarões,Irã
13,41,Canadá,Irã
13,41,Inglaterra,Irã
13,41,EUA,Irã
13,41,Brasil,Irã
13,41,Croácia,Irã
13,41,Bélgica,Austrália
13,41,Equador,Austrália
13,41,Países Baixos,Austrália
13,41,Costa Rica,Austrália
13,41,Espanha,Austrália
13,41,Tunísia,Austrália
13,41,Polônia,Austrália
13,41,França,Austrália
13,41,Coreia do Sul,Austrália
13,41,Dinamarca,Austrália
13,41,Sérvia,Austrália
13,41,México,Austrália
13,41,Arábia Saudita,Austrália
13,41,Qatar,Austrália
13,41,Senegal,Austrália
13,41,Japão,Austrália
13,41,Camarões,Austrália
13,41,Canadá,Austrália
13,41,Inglaterra,Austrália
13,41,EUA,Austrália
13,41,Brasil,Austrália
13,41,Croácia,Austrália
13,41,Equador,Bélgica
13,41,Países Baixos,Bélgica
13,41,Costa Rica,Bélgica
13,41,Espanha,Bélgica
13,41,Tunísia,Bélgica
13,41,Polônia,Bélgica
13,41,França,Bélgica
13,41,Coreia do Sul,Bélgica
13,41,Dinamarca,Bélgica
13,41,Sérvia,Bélgica
13,41,México,Bélgica
13,41,Arábia Saudita,Bélgica
13,41,Qatar,Bélgica
13,41,Senegal,Bélgica
13,41,Japão,Bélgica
13,41,Camarões,Bélgica
13,41,Canadá,Bélgica
13,41,Inglaterra,Bélgica
13,41,EUA,Bélgica
13,41,Brasil,Bélgica
13,41,Croácia,Bélgica
13,41,Países Baixos,Equador
13,41,Costa Rica,Equador
13,41,Espanha,Equador
13,41,Tunísia,Equador
13,41,Polônia,Equador
13,41,França,Equador
13,41,Coreia do Sul,Equador
13,41,Dinamarca,Equador
13,41,Sérvia,Equador
13,41,México,Equador
13,41,Arábia Saudita,Equador
13,41,Qatar,Equador
13,41,Senegal,Equador
13,41,Japão,Equador
13,41,Camarões,Equador
13,41,Canadá,Equador
13,41,Inglaterra,Equador
13,41,EUA,Equador
13,41,Brasil,Equador
13,41,Croácia,Equador
13,41,Costa Rica,Países Baixos
13,41,Espanha,Países Baixos
13,41,Tunísia,Países Baixos
13,41,Polônia,Países Baixos
13,41,França,Países Baixos
13,41,Coreia do Sul,Países Baixos
13,41,Dinamarca,Países Baixos
13,41,Sérvia,Países Baixos
13,41,México,Países Baixos
13,41,Arábia Saudita,Países Baixos
13,41,Qatar,Países Baixos
13,41,Senegal,Países Baixos
13,41,Japão,Países Baixos
13,41,Camarões,Países Baixos
13,41,Canadá,Países Baixos
13,41,Inglaterra,Países Baixos
13,41,EUA,Países Baixos
13,41,Brasil,Países Baixos
13,41,Croácia,Países Baixos
13,41,Espanha,Costa Rica
13,41,Tunísia,Costa Rica
13,41,Polônia,Costa Rica
13,41,França,Costa Rica
13,41,Coreia do Sul,Costa Rica
13,41,Dinamarca,Costa Rica
13,41,Sérvia,Costa Rica
13,41,México,Costa Rica
13,41,Arábia Saudita,Costa Rica
13,41,Qatar,Costa Rica
13,41,Senegal,Costa Rica
13,41,Japão,Costa Rica
13,41,Camarões,Costa Rica
13,41,Canadá,Costa Rica
13,41,Inglaterra,Costa Rica
13,41,EUA,Costa Rica
13,41,Brasil,Costa Rica
13,41,Croácia,Costa Rica
13,41,Tunísia,Espanha
13,41,Polônia,Espanha
13,41,França,Espanha
13,41,Coreia do Sul,Espanha
13,41,Dinamarca,Espanha
13,41,Sérvia,Espanha
13,41,México,Espanha
13,41,Arábia Saudita,Espanha
13,41,Qatar,Espanha
13,41,Senegal,Espanha
13,41,Japão,Espanha
13,41,Camarões,Espanha
13,41,Canadá,Espanha
13,41,Inglaterra,Espanha
13,41,EUA,Espanha
13,41,Brasil,Espanha
13,41,Croácia,Espanha
13,41,Polônia,Tunísia
13,41,França,Tunísia
13,41,Coreia do Sul,Tunísia
13,41,Dinamarca,Tunísia
13,41,Sérvia,Tunísia
13,41,México,Tunísia
13,41,Arábia Saudita,Tunísia
13,41,Qatar,Tunísia
13,41,Senegal,Tunísia
13,41,Japão,Tunísia
13,41,Camarões,Tunísia
13,41,Canadá,Tunísia
13,41,Inglaterra,Tunísia
13,41,EUA,Tunísia
13,41,Brasil,Tunísia
13,41,Croácia,Tunísia
13,41,França,Polônia
13,41,Coreia do Sul,Polônia
13,41,Dinamarca,Polônia
13,41,Sérvia,Polônia
13,41,México,Polônia
13,41,Arábia Saudita,Polônia
13,41,Qatar,Polônia
13,41,Senegal,Polônia
13,41,Japão,Polônia
13,41,Camarões,Polônia
13,41,Canadá,Polônia
13,41,Inglaterra,Polônia
13,41,EUA,Polônia
13,41,Brasil,Polônia
13,41,Croácia,Polônia
13,41,Coreia do Sul,França
13,41,Dinamarca,França
13,41,Sérvia,França
13,41,México,França
13,41,Arábia Saudita,França
13,41,Qatar,França
13,41,Senegal,França
13,41,Japão,França
13,41,Camarões,França
13,41,Canadá,França
13,41,Inglaterra,França
13,41,EUA,França
13,41,Brasil,França
13,41,Croácia,França
13,41,Dinamarca,Coreia do Sul
13,41,Sérvia,Coreia do Sul
13,41,México,Coreia do Sul
13,41,Arábia Saudita,Coreia do Sul
13,41,Qatar,Coreia do Sul
13,41,Senegal,Coreia do Sul
13,41,Japão,Coreia do Sul
13,41,Camarões,Coreia do Sul
13,41,Canadá,Coreia do Sul
13,41,Inglaterra,Coreia do Sul
13,41,EUA,Coreia do Sul
13,41,Brasil,Coreia do Sul
13,41,Croácia,Coreia do Sul
13,41,Sérvia,Dinamarca
13,41,México,Dinamarca
13,41,Arábia Saudita,Dinamarca
13,41,Qatar,Dinamarca
13,41,Senegal,Dinamarca
13,41,Japão,Dinamarca
13,41,Camarões,Dinamarca
13,41,Canadá,Dinamarca
13,41,Inglaterra,Dinamarca
13,41,EUA,Dinamarca
13,41,Brasil,Dinamarca
13,41,Croácia,Dinamarca
13,41,México,Sérvia
13,41,Arábia Saudita,Sérvia
13,41,Qatar,Sérvia
13,41,Senegal,Sérvia
13,41,Japão,Sérvia
13,41,Camarões,Sérvia
13,41,Canadá,Sérvia
13,41,Inglaterra,Sérvia
13,41,EUA,Sérvia
13,41,Brasil,Sérvia
13,41,Croácia,Sérvia
13,41,Arábia Saudita,México
13,41,Qatar,México
13,41,Senegal,México
13,41,Japão,México
13,41,Camarões,México
13,41,Canadá,México
13,41,Inglaterra,México
13,41,EUA,México
13,41,Brasil,México
13,41,Croácia,México
13,41,Qatar,Arábia Saudita
13,41,Senegal,Arábia Saudita
13,41,Japão,Arábia Saudita
13,41,Camarões,Arábia Saudita
13,41,Canadá,Arábia Saudita
13,41,Inglaterra,Arábia Saudita
13,41,EUA,Arábia Saudita
13,41,Brasil,Arábia Saudita
13,41,Croácia,Arábia Saudita
13,41,Senegal,Qatar
13,41,Japão,Qatar
13,41,Camarões,Qatar
13,41,Canadá,Qatar
13,41,Inglaterra,Qatar
13,41,EUA,Qatar
13,41,Brasil,Qatar
13,41,Croácia,Qatar
13,41,Japão,Senegal
13,41,Camarões,Senegal
13,41,Canadá,Senegal
13,41,Inglaterra,Senegal
13,41,EUA,Senegal
13,41,Brasil,Senegal
13,41,Croácia,Senegal
13,41,Camarões,Japão
13,41,Canadá,Japão
13,41,Inglaterra,Japão
13,41,EUA,Japão
13,41,Brasil,Japão
13,41,Croácia,Japão
13,41,Canadá,Camarões
13,41,Inglaterra,Camarões
13,41,EUA,Camarões
13,41,Brasil,Camarões
13,41,Croácia,Camarões
13,41,Inglaterra,Canadá
13,41,EUA,Canadá
13,41,Brasil,Canadá
13,41,Croácia,Canadá
13,41,EUA,Inglaterra
13,41,Brasil,Inglaterra
13,41,Croácia,Inglaterra
13,41,Brasil,EUA
13,41,Croácia,EUA
13,41,Croácia,Brasil
13,44,Marrocos,Argentina
13,44,País de Gales,Argentina
13,44,Alemanha,Argentina
13,44,Portugal,Argentina
13,44,Suíça,Argentina
13,44,Uruguai,Argentina
13,44,Gana,Argentina
13,44,Irã,Argentina
13,44,Austrália,Argentina
13,44,Bélgica,Argentina
13,44,Equador,Argentina
13,44,Países Baixos,Argentina
13,44,Costa Rica,Argentina
13,44,Espanha,Argentina
13,44,Tunísia,Argentina
13,44,Polônia,Argentina
13,44,França,Argentina
13,44,Coreia do Sul,Argentina
13,44,Dinamarca,Argentina
13,44,Sérvia,Argentina
13,44,México,Argentina
13,44,Arábia Saudita,Argentina
13,44,Qatar,Argentina
13,44,Senegal,Argentina
13,44,Japão,Argentina
13,44,Camarões,Argentina
13,44,Canadá,Argentina
13,44,Inglaterra,Argentina
13,44,EUA,Argentina
13,44,Brasil,Argentina
13,44,Croácia,Argentina
13,44,País de Gales,Marrocos
13,44,Alemanha,Marrocos
13,44,Portugal,Marrocos
13,44,Suíça,Marrocos
13,44,Uruguai,Marrocos
13,44,Gana,Marrocos
13,44,Irã,Marrocos
13,44,Austrália,Marrocos
13,44,Bélgica,Marrocos
13,44,Equador,Marrocos
13,44,Países Baixos,Marrocos
13,44,Costa Rica,Marrocos
13,44,Espanha,Marrocos
13,44,Tunísia,Marrocos
13,44,Polônia,Marrocos
13,44,França,Marrocos
13,44,Coreia do Sul,Marrocos
13,44,Dinamarca,Marrocos
13,44,Sérvia,Marrocos
13,44,México,Marrocos
13,44,Arábia Saudita,Marrocos
13,44,Qatar,Marrocos
13,44,Senegal,Marrocos
13,44,Japão,Marrocos
13,44,Camarões,Marrocos
13,44,Canadá,Marrocos
13,44,Inglaterra,Marrocos
13,44,EUA,Marrocos
13,44,Brasil,Marrocos
13,44,Croácia,Marrocos
13,44,Alemanha,País de Gales
13,44,Portugal,País de Gales
13,44,Suíça,País de Gales
13,44,Uruguai,País de Gales
13,44,Gana,País de Gales
13,44,Irã,País de Gales
13,44,Austrália,País de Gales
13,44,Bélgica,País de Gales
13,44,Equador,País de Gales
13,44,Países Baixos,País de Gales
13,44,Costa Rica,País de Gales
13,44,Espanha,País de Gales
13,44,Tunísia,País de Gales
13,44,Polônia,País de Gales
13,44,França,País de Gales
13,44,Coreia do Sul,País de Gales
13,44,Dinamarca,País de Gales
13,44,Sérvia,País de Gales
13,44,México,País de Gales
13,44,Arábia Saudita,País de Gales
13,44,Qatar,País de Gales
13,44,Senegal,País de Gales
13,44,Japão,País de Gales
13,44,Camarões,País de Gales
13,44,Canadá,País de Gales
13,44,Inglaterra,País de Gales
13,44,EUA,País de Gales
13,44,Brasil,País de Gales
13,44,Croácia,País de Gales
13,44,Portugal,Alemanha
13,44,Suíça,Alemanha
13,44,Uruguai,Alemanha
13,44,Gana,Alemanha
13,44,Irã,Alemanha
13,44,Austrália,Alemanha
13,44,Bélgica,Alemanha
13,44,Equador,Alemanha
13,44,Países Baixos,Alemanha
13,44,Costa Rica,Alemanha
13,44,Espanha,Alemanha
13,44,Tunísia,Alemanha
13,44,Polônia,Alemanha
13,44,França,Alemanha
13,44,Coreia do Sul,Alemanha
13,44,Dinamarca,Alemanha
13,44,Sérvia,Alemanha
13,44,México,Alemanha
13,44,Arábia Saudita,Alemanha
13,44,Qatar,Alemanha
13,44,Senegal,Alemanha
13,44,Japão,Alemanha
13,44,Camarões,Alemanha
13,44,Canadá,Alemanha
13,44,Inglaterra,Alemanha
13,44,EUA,Alemanha
13,44,Brasil,Alemanha
13,44,Croácia,Alemanha
13,44,Suíça,Portugal
13,44,Uruguai,Portugal
13,44,Gana,Portugal
13,44,Irã,Portugal
13,44,Austrália,Portugal
13,44,Bélgica,Portugal
13,44,Equador,Portugal
13,44,Países Baixos,Portugal
13,44,Costa Rica,Portugal
13,44,Espanha,Portugal
13,44,Tunísia,Portugal
13,44,Polônia,Portugal
13,44,França,Portugal
13,44,Coreia do Sul,Portugal
13,44,Dinamarca,Portugal
13,44,Sérvia,Portugal
13,44,México,Portugal
13,44,Arábia Saudita,Portugal
13,44,Qatar,Portugal
13,44,Senegal,Portugal
13,44,Japão,Portugal
13,44,Camarões,Portugal
13,44,Canadá,Portugal
13,44,Inglaterra,Portugal
13,44,EUA,Portugal
13,44,Brasil,Portugal
13,44,Croácia,Portugal
13,44,Uruguai,Suíça
13,44,Gana,Suíça
13,44,Irã,Suíça
13,44,Austrália,Suíça
13,44,Bélgica,Suíça
13,44,Equador,Suíça
13,44,Países Baixos,Suíça
13,44,Costa Rica,Suíça
13,44,Espanha,Suíça
13,44,Tunísia,Suíça
13,44,Polônia,Suíça
13,44,França,Suíça
13,44,Coreia do Sul,Suíça
13,44,Dinamarca,Suíça
13,44,Sérvia,Suíça
13,44,México,Suíça
13,44,Arábia Saudita,Suíça
13,44,Qatar,Suíça
13,44,Senegal,Suíça
13,44,Japão,Suíça
13,44,Camarões,Suíça
13,44,Canadá,Suíça
13,44,Inglaterra,Suíça
13,44,EUA,Suíça
13,44,Brasil,Suíça
13,44,Croácia,Suíça
13,44,Gana,Uruguai
13,44,Irã,Uruguai
13,44,Austrália,Uruguai
13,44,Bélgica,Uruguai
13,44,Equador,Uruguai
13,44,Países Baixos,Uruguai
13,44,Costa Rica,Uruguai
13,44,Espanha,Uruguai
13,44,Tunísia,Uruguai
13,44,Polônia,Uruguai
13,44,França,Uruguai
13,44,Coreia do Sul,Uruguai
13,44,Dinamarca,Uruguai
13,44,Sérvia,Uruguai
13,44,México,Uruguai
13,44,Arábia Saudita,Uruguai
13,44,Qatar,Uruguai
13,44,Senegal,Uruguai
13,44,Japão,Uruguai
13,44,Camarões,Uruguai
13,44,Canadá,Uruguai
13,44,Inglaterra,Uruguai
13,44,EUA,Uruguai
13,44,Brasil,Uruguai
13,44,Croácia,Uruguai
13,44,Irã,Gana
13,44,Austrália,Gana
13,44,Bélgica,Gana
13,44,Equador,Gana
13,44,Países Baixos,Gana
13,44,Costa Rica,Gana
13,44,Espanha,Gana
13,44,Tunísia,Gana
13,44,Polônia,Gana
13,44,França,Gana
13,44,Coreia do Sul,Gana
13,44,Dinamarca,Gana
13,44,Sérvia,Gana
13,44,México,Gana
13,44,Arábia Saudita,Gana
13,44,Qatar,Gana
13,44,Senegal,Gana
13,44,Japão,Gana
13,44,Camarões,Gana
13,44,Canadá,Gana
13,44,Inglaterra,Gana
13,44,EUA,Gana
13,44,Brasil,Gana
13,44,Croácia,Gana
13,44,Austrália,Irã
13,44,Bélgica,Irã
13,44,Equador,Irã
13,44,Países Baixos,Irã
13,44,Costa Rica,Irã
13,44,Espanha,Irã
13,44,Tunísia,Irã
13,44,Polônia,Irã
13,44,França,Irã
13,44,Coreia do Sul,Irã
13,44,Dinamarca,Irã
13,44,Sérvia,Irã
13,44,México,Irã
13,44,Arábia Saudita,Irã
13,44,Qatar,Irã
13,44,Senegal,Irã
13,44,Japão,Irã
13,44,Camarões,Irã
13,44,Canadá,Irã
13,44,Inglaterra,Irã
13,44,EUA,Irã
13,44,Brasil,Irã
13,44,Croácia,Irã
13,44,Bélgica,Austrália
13,44,Equador,Austrália
13,44,Países Baixos,Austrália
13,44,Costa Rica,Austrália
13,44,Espanha,Austrália
13,44,Tunísia,Austrália
13,44,Polônia,Austrália
13,44,França,Austrália
13,44,Coreia do Sul,Austrália
13,44,Dinamarca,Austrália
13,44,Sérvia,Austrália
13,44,México,Austrália
13,44,Arábia Saudita,Austrália
13,44,Qatar,Austrália
13,44,Senegal,Austrália
13,44,Japão,Austrália
13,44,Camarões,Austrália
13,44,Canadá,Austrália
13,44,Inglaterra,Austrália
13,44,EUA,Austrália
13,44,Brasil,Austrália
13,44,Croácia,Austrália
13,44,Equador,Bélgica
13,44,Países Baixos,Bélgica
13,44,Costa Rica,Bélgica
13,44,Espanha,Bélgica
13,44,Tunísia,Bélgica
13,44,Polônia,Bélgica
13,44,França,Bélgica
13,44,Coreia do Sul,Bélgica
13,44,Dinamarca,Bélgica
13,44,Sérvia,Bélgica
13,44,México,Bélgica
13,44,Arábia Saudita,Bélgica
13,44,Qatar,Bélgica
13,44,Senegal,Bélgica
13,44,Japão,Bélgica
13,44,Camarões,Bélgica
13,44,Canadá,Bélgica
13,44,Inglaterra,Bélgica
13,44,EUA,Bélgica
13,44,Brasil,Bélgica
13,44,Croácia,Bélgica
13,44,Países Baixos,Equador
13,44,Costa Rica,Equador
13,44,Espanha,Equador
13,44,Tunísia,Equador
13,44,Polônia,Equador
13,44,França,Equador
13,44,Coreia do Sul,Equador
13,44,Dinamarca,Equador
13,44,Sérvia,Equador
13,44,México,Equador
13,44,Arábia Saudita,Equador
13,44,Qatar,Equador
13,44,Senegal,Equador
13,44,Japão,Equador
13,44,Camarões,Equador
13,44,Canadá,Equador
13,44,Inglaterra,Equador
13,44,EUA,Equador
13,44,Brasil,Equador
13,44,Croácia,Equador
13,44,Costa Rica,Países Baixos
13,44,Espanha,Países Baixos
13,44,Tunísia,Países Baixos
13,44,Polônia,Países Baixos
13,44,França,Países Baixos
13,44,Coreia do Sul,Países Baixos
13,44,Dinamarca,Países Baixos
13,44,Sérvia,Países Baixos
13,44,México,Países Baixos
13,44,Arábia Saudita,Países Baixos
13,44,Qatar,Países Baixos
13,44,Senegal,Países Baixos
13,44,Japão,Países Baixos
13,44,Camarões,Países Baixos
13,44,Canadá,Países Baixos
13,44,Inglaterra,Países Baixos
13,44,EUA,Países Baixos
13,44,Brasil,Países Baixos
13,44,Croácia,Países Baixos
13,44,Espanha,Costa Rica
13,44,Tunísia,Costa Rica
13,44,Polônia,Costa Rica
13,44,França,Costa Rica
13,44,Coreia do Sul,Costa Rica
13,44,Dinamarca,Costa Rica
13,44,Sérvia,Costa Rica
13,44,México,Costa Rica
13,44,Arábia Saudita,Costa Rica
13,44,Qatar,Costa Rica
13,44,Senegal,Costa Rica
13,44,Japão,Costa Rica
13,44,Camarões,Costa Rica
13,44,Canadá,Costa Rica
13,44,Inglaterra,Costa Rica
13,44,EUA,Costa Rica
13,44,Brasil,Costa Rica
13,44,Croácia,Costa Rica
13,44,Tunísia,Espanha
13,44,Polônia,Espanha
13,44,França,Espanha
13,44,Coreia do Sul,Espanha
13,44,Dinamarca,Espanha
13,44,Sérvia,Espanha
13,44,México,Espanha
13,44,Arábia Saudita,Espanha
13,44,Qatar,Espanha
13,44,Senegal,Espanha
13,44,Japão,Espanha
13,44,Camarões,Espanha
13,44,Canadá,Espanha
13,44,Inglaterra,Espanha
13,44,EUA,Espanha
13,44,Brasil,Espanha
13,44,Croácia,Espanha
13,44,Polônia,Tunísia
13,44,França,Tunísia
13,44,Coreia do Sul,Tunísia
13,44,Dinamarca,Tunísia
13,44,Sérvia,Tunísia
13,44,México,Tunísia
13,44,Arábia Saudita,Tunísia
13,44,Qatar,Tunísia
13,44,Senegal,Tunísia
13,44,Japão,Tunísia
13,44,Camarões,Tunísia
13,44,Canadá,Tunísia
13,44,Inglaterra,Tunísia
13,44,EUA,Tunísia
13,44,Brasil,Tunísia
13,44,Croácia,Tunísia
13,44,França,Polônia
13,44,Coreia do Sul,Polônia
13,44,Dinamarca,Polônia
13,44,Sérvia,Polônia
13,44,México,Polônia
13,44,Arábia Saudita,Polônia
13,44,Qatar,Polônia
13,44,Senegal,Polônia
13,44,Japão,Polônia
13,44,Camarões,Polônia
13,44,Canadá,Polônia
13,44,Inglaterra,Polônia
13,44,EUA,Polônia
13,44,Brasil,Polônia
13,44,Croácia,Polônia
13,44,Coreia do Sul,França
13,44,Dinamarca,França
13,44,Sérvia,França
13,44,México,França
13,44,Arábia Saudita,França
13,44,Qatar,França
13,44,Senegal,França
13,44,Japão,França
13,44,Camarões,França
13,44,Canadá,França
13,44,Inglaterra,França
13,44,EUA,França
13,44,Brasil,França
13,44,Croácia,França
13,44,Dinamarca,Coreia do Sul
13,44,Sérvia,Coreia do Sul
13,44,México,Coreia do Sul
13,44,Arábia Saudita,Coreia do Sul
13,44,Qatar,Coreia do Sul
13,44,Senegal,Coreia do Sul
13,44,Japão,Coreia do Sul
13,44,Camarões,Coreia do Sul
13,44,Canadá,Coreia do Sul
13,44,Inglaterra,Coreia do Sul
13,44,EUA,Coreia do Sul
13,44,Brasil,Coreia do Sul
13,44,Croácia,Coreia do Sul
13,44,Sérvia,Dinamarca
13,44,México,Dinamarca
13,44,Arábia Saudita,Dinamarca
13,44,Qatar,Dinamarca
13,44,Senegal,Dinamarca
13,44,Japão,Dinamarca
13,44,Camarões,Dinamarca
13,44,Canadá,Dinamarca
13,44,Inglaterra,Dinamarca
13,44,EUA,Dinamarca
13,44,Brasil,Dinamarca
13,44,Croácia,Dinamarca
13,44,México,Sérvia
13,44,Arábia Saudita,Sérvia
13,44,Qatar,Sérvia
13,44,Senegal,Sérvia
13,44,Japão,Sérvia
13,44,Camarões,Sérvia
13,44,Canadá,Sérvia
13,44,Inglaterra,Sérvia
13,44,EUA,Sérvia
13,44,Brasil,Sérvia
13,44,Croácia,Sérvia
13,44,Arábia Saudita,México
13,44,Qatar,México
13,44,Senegal,México
13,44,Japão,México
13,44,Camarões,México
13,44,Canadá,México
13,44,Inglaterra,México
13,44,EUA,México
13,44,Brasil,México
13,44,Croácia,México
13,44,Qatar,Arábia Saudita
13,44,Senegal,Arábia Saudita
13,44,Japão,Arábia Saudita
13,44,Camarões,Arábia Saudita
13,44,Canadá,Arábia Saudita
13,44,Inglaterra,Arábia Saudita
13,44,EUA,Arábia Saudita
13,44,Brasil,Arábia Saudita
13,44,Croácia,Arábia Saudita
13,44,Senegal,Qatar
13,44,Japão,Qatar
13,44,Camarões,Qatar
13,44,Canadá,Qatar
13,44,Inglaterra,Qatar
13,44,EUA,Qatar
13,44,Brasil,Qatar
13,44,Croácia,Qatar
13,44,Japão,Senegal
13,44,Camarões,Senegal
13,44,Canadá,Senegal
13,44,Inglaterra,Senegal
13,44,EUA,Senegal
13,44,Brasil,Senegal
13,44,Croácia,Senegal
13,44,Camarões,Japão
13,44,Canadá,Japão
13,44,Inglaterra,Japão
13,44,EUA,Japão
13,44,Brasil,Japão
13,44,Croácia,Japão
13,44,Canadá,Camarões
13,44,Inglaterra,Camarões
13,44,EUA,Camarões
13,44,Brasil,Camarões
13,44,Croácia,Camarões
13,44,Inglaterra,Canadá
13,44,EUA,Canadá
13,44,Brasil,Canadá
13,44,Croácia,Canadá
13,44,EUA,Inglaterra
13,44,Brasil,Inglaterra
13,44,Croácia,Inglaterra
13,44,Brasil,EUA
13,44,Croácia,EUA
13,44,Croácia,Brasil
13,47,Marrocos,Argentina
13,47,País de Gales,Argentina
13,47,Alemanha,Argentina
13,47,Portugal,Argentina
13,47,Suíça,Argentina
13,47,Uruguai,Argentina
13,47,Gana,Argentina
13,47,Irã,Argentina
13,47,Austrália,Argentina
13,47,Bélgica,Argentina
13,47,Equador,Argentina
13,47,Países Baixos,Argentina
13,47,Costa Rica,Argentina
13,47,Espanha,Argentina
13,47,Tunísia,Argentina
13,47,Polônia,Argentina
13,47,França,Argentina
13,47,Coreia do Sul,Argentina
13,47,Dinamarca,Argentina
13,47,Sérvia,Argentina
13,47,México,Argentina
13,47,Arábia Saudita,Argentina
13,47,Qatar,Argentina
13,47,Senegal,Argentina
13,47,Japão,Argentina
13,47,Camarões,Argentina
13,47,Canadá,Argentina
13,47,Inglaterra,Argentina
13,47,EUA,Argentina
13,47,Brasil,Argentina
13,47,Croácia,Argentina
13,47,País de Gales,Marrocos
13,47,Alemanha,Marrocos
13,47,Portugal,Marrocos
13,47,Suíça,Marrocos
13,47,Uruguai,Marrocos
13,47,Gana,Marrocos
13,47,Irã,Marrocos
13,47,Austrália,Marrocos
13,47,Bélgica,Marrocos
13,47,Equador,Marrocos
13,47,Países Baixos,Marrocos
13,47,Costa Rica,Marrocos
13,47,Espanha,Marrocos
13,47,Tunísia,Marrocos
13,47,Polônia,Marrocos
13,47,França,Marrocos
13,47,Coreia do Sul,Marrocos
13,47,Dinamarca,Marrocos
13,47,Sérvia,Marrocos
13,47,México,Marrocos
13,47,Arábia Saudita,Marrocos
13,47,Qatar,Marrocos
13,47,Senegal,Marrocos
13,47,Japão,Marrocos
13,47,Camarões,Marrocos
13,47,Canadá,Marrocos
13,47,Inglaterra,Marrocos
13,47,EUA,Marrocos
13,47,Brasil,Marrocos
13,47,Croácia,Marrocos
13,47,Alemanha,País de Gales
13,47,Portugal,País de Gales
13,47,Suíça,País de Gales
13,47,Uruguai,País de Gales
13,47,Gana,País de Gales
13,47,Irã,País de Gales
13,47,Austrália,País de Gales
13,47,Bélgica,País de Gales
13,47,Equador,País de Gales
13,47,Países Baixos,País de Gales
13,47,Costa Rica,País de Gales
13,47,Espanha,País de Gales
13,47,Tunísia,País de Gales
13,47,Polônia,País de Gales
13,47,França,País de Gales
13,47,Coreia do Sul,País de Gales
13,47,Dinamarca,País de Gales
13,47,Sérvia,País de Gales
13,47,México,País de Gales
13,47,Arábia Saudita,País de Gales
13,47,Qatar,País de Gales
13,47,Senegal,País de Gales
13,47,Japão,País de Gales
13,47,Camarões,País de Gales
13,47,Canadá,País de Gales
13,47,Inglaterra,País de Gales
13,47,EUA,País de Gales
13,47,Brasil,País de Gales
13,47,Croácia,País de Gales
13,47,Portugal,Alemanha
13,47,Suíça,Alemanha
13,47,Uruguai,Alemanha
13,47,Gana,Alemanha
13,47,Irã,Alemanha
13,47,Austrália,Alemanha
13,47,Bélgica,Alemanha
13,47,Equador,Alemanha
13,47,Países Baixos,Alemanha
13,47,Costa Rica,Alemanha
13,47,Espanha,Alemanha
13,47,Tunísia,Alemanha
13,47,Polônia,Alemanha
13,47,França,Alemanha
13,47,Coreia do Sul,Alemanha
13,47,Dinamarca,Alemanha
13,47,Sérvia,Alemanha
13,47,México,Alemanha
13,47,Arábia Saudita,Alemanha
13,47,Qatar,Alemanha
13,47,Senegal,Alemanha
13,47,Japão,Alemanha
13,47,Camarões,Alemanha
13,47,Canadá,Alemanha
13,47,Inglaterra,Alemanha
13,47,EUA,Alemanha
13,47,Brasil,Alemanha
13,47,Croácia,Alemanha
13,47,Suíça,Portugal
13,47,Uruguai,Portugal
13,47,Gana,Portugal
13,47,Irã,Portugal
13,47,Austrália,Portugal
13,47,Bélgica,Portugal
13,47,Equador,Portugal
13,47,Países Baixos,Portugal
13,47,Costa Rica,Portugal
13,47,Espanha,Portugal
13,47,Tunísia,Portugal
13,47,Polônia,Portugal
13,47,França,Portugal
13,47,Coreia do Sul,Portugal
13,47,Dinamarca,Portugal
13,47,Sérvia,Portugal
13,47,México,Portugal
13,47,Arábia Saudita,Portugal
13,47,Qatar,Portugal
13,47,Senegal,Portugal
13,47,Japão,Portugal
13,47,Camarões,Portugal
13,47,Canadá,Portugal
13,47,Inglaterra,Portugal
13,47,EUA,Portugal
13,47,Brasil,Portugal
13,47,Croácia,Portugal
13,47,Uruguai,Suíça
13,47,Gana,Suíça
13,47,Irã,Suíça
13,47,Austrália,Suíça
13,47,Bélgica,Suíça
13,47,Equador,Suíça
13,47,Países Baixos,Suíça
13,47,Costa Rica,Suíça
13,47,Espanha,Suíça
13,47,Tunísia,Suíça
13,47,Polônia,Suíça
13,47,França,Suíça
13,47,Coreia do Sul,Suíça
13,47,Dinamarca,Suíça
13,47,Sérvia,Suíça
13,47,México,Suíça
13,47,Arábia Saudita,Suíça
13,47,Qatar,Suíça
13,47,Senegal,Suíça
13,47,Japão,Suíça
13,47,Camarões,Suíça
13,47,Canadá,Suíça
13,47,Inglaterra,Suíça
13,47,EUA,Suíça
13,47,Brasil,Suíça
13,47,Croácia,Suíça
13,47,Gana,Uruguai
13,47,Irã,Uruguai
13,47,Austrália,Uruguai
13,47,Bélgica,Uruguai
13,47,Equador,Uruguai
13,47,Países Baixos,Uruguai
13,47,Costa Rica,Uruguai
13,47,Espanha,Uruguai
13,47,Tunísia,Uruguai
13,47,Polônia,Uruguai
13,47,França,Uruguai
13,47,Coreia do Sul,Uruguai
13,47,Dinamarca,Uruguai
13,47,Sérvia,Uruguai
13,47,México,Uruguai
13,47,Arábia Saudita,Uruguai
13,47,Qatar,Uruguai
13,47,Senegal,Uruguai
13,47,Japão,Uruguai
13,47,Camarões,Uruguai
13,47,Canadá,Uruguai
13,47,Inglaterra,Uruguai
13,47,EUA,Uruguai
13,47,Brasil,Uruguai
13,47,Croácia,Uruguai
13,47,Irã,Gana
13,47,Austrália,Gana
13,47,Bélgica,Gana
13,47,Equador,Gana
13,47,Países Baixos,Gana
13,47,Costa Rica,Gana
13,47,Espanha,Gana
13,47,Tunísia,Gana
13,47,Polônia,Gana
13,47,França,Gana
13,47,Coreia do Sul,Gana
13,47,Dinamarca,Gana
13,47,Sérvia,Gana
13,47,México,Gana
13,47,Arábia Saudita,Gana
13,47,Qatar,Gana
13,47,Senegal,Gana
13,47,Japão,Gana
13,47,Camarões,Gana
13,47,Canadá,Gana
13,47,Inglaterra,Gana
13,47,EUA,Gana
13,47,Brasil,Gana
13,47,Croácia,Gana
13,47,Austrália,Irã
13,47,Bélgica,Irã
13,47,Equador,Irã
13,47,Países Baixos,Irã
13,47,Costa Rica,Irã
13,47,Espanha,Irã
13,47,Tunísia,Irã
13,47,Polônia,Irã
13,47,França,Irã
13,47,Coreia do Sul,Irã
13,47,Dinamarca,Irã
13,47,Sérvia,Irã
13,47,México,Irã
13,47,Arábia Saudita,Irã
13,47,Qatar,Irã
13,47,Senegal,Irã
13,47,Japão,Irã
13,47,Camarões,Irã
13,47,Canadá,Irã
13,47,Inglaterra,Irã
13,47,EUA,Irã
13,47,Brasil,Irã
13,47,Croácia,Irã
13,47,Bélgica,Austrália
13,47,Equador,Austrália
13,47,Países Baixos,Austrália
13,47,Costa Rica,Austrália
13,47,Espanha,Austrália
13,47,Tunísia,Austrália
13,47,Polônia,Austrália
13,47,França,Austrália
13,47,Coreia do Sul,Austrália
13,47,Dinamarca,Austrália
13,47,Sérvia,Austrália
13,47,México,Austrália
13,47,Arábia Saudita,Austrália
13,47,Qatar,Austrália
13,47,Senegal,Austrália
13,47,Japão,Austrália
13,47,Camarões,Austrália
13,47,Canadá,Austrália
13,47,Inglaterra,Austrália
13,47,EUA,Austrália
13,47,Brasil,Austrália
13,47,Croácia,Austrália
13,47,Equador,Bélgica
13,47,Países Baixos,Bélgica
13,47,Costa Rica,Bélgica
13,47,Espanha,Bélgica
13,47,Tunísia,Bélgica
13,47,Polônia,Bélgica
13,47,França,Bélgica
13,47,Coreia do Sul,Bélgica
13,47,Dinamarca,Bélgica
13,47,Sérvia,Bélgica
13,47,México,Bélgica
13,47,Arábia Saudita,Bélgica
13,47,Qatar,Bélgica
13,47,Senegal,Bélgica
13,47,Japão,Bélgica
13,47,Camarões,Bélgica
13,47,Canadá,Bélgica
13,47,Inglaterra,Bélgica
13,47,EUA,Bélgica
13,47,Brasil,Bélgica
13,47,Croácia,Bélgica
13,47,Países Baixos,Equador
13,47,Costa Rica,Equador
13,47,Espanha,Equador
13,47,Tunísia,Equador
13,47,Polônia,Equador
13,47,França,Equador
13,47,Coreia do Sul,Equador
13,47,Dinamarca,Equador
13,47,Sérvia,Equador
13,47,México,Equador
13,47,Arábia Saudita,Equador
13,47,Qatar,Equador
13,47,Senegal,Equador
13,47,Japão,Equador
13,47,Camarões,Equador
13,47,Canadá,Equador
13,47,Inglaterra,Equador
13,47,EUA,Equador
13,47,Brasil,Equador
13,47,Croácia,Equador
13,47,Costa Rica,Países Baixos
13,47,Espanha,Países Baixos
13,47,Tunísia,Países Baixos
13,47,Polônia,Países Baixos
13,47,França,Países Baixos
13,47,Coreia do Sul,Países Baixos
13,47,Dinamarca,Países Baixos
13,47,Sérvia,Países Baixos
13,47,México,Países Baixos
13,47,Arábia Saudita,Países Baixos
13,47,Qatar,Países Baixos
13,47,Senegal,Países Baixos
13,47,Japão,Países Baixos
13,47,Camarões,Países Baixos
13,47,Canadá,Países Baixos
13,47,Inglaterra,Países Baixos
13,47,EUA,Países Baixos
13,47,Brasil,Países Baixos
13,47,Croácia,Países Baixos
13,47,Espanha,Costa Rica
13,47,Tunísia,Costa Rica
13,47,Polônia,Costa Rica
13,47,França,Costa Rica
13,47,Coreia do Sul,Costa Rica
13,47,Dinamarca,Costa Rica
13,47,Sérvia,Costa Rica
13,47,México,Costa Rica
13,47,Arábia Saudita,Costa Rica
13,47,Qatar,Costa Rica
13,47,Senegal,Costa Rica
13,47,Japão,Costa Rica
13,47,Camarões,Costa Rica
13,47,Canadá,Costa Rica
13,47,Inglaterra,Costa Rica
13,47,EUA,Costa Rica
13,47,Brasil,Costa Rica
13,47,Croácia,Costa Rica
13,47,Tunísia,Espanha
13,47,Polônia,Espanha
13,47,França,Espanha
13,47,Coreia do Sul,Espanha
13,47,Dinamarca,Espanha
13,47,Sérvia,Espanha
13,47,México,Espanha
13,47,Arábia Saudita,Espanha
13,47,Qatar,Espanha
13,47,Senegal,Espanha
13,47,Japão,Espanha
13,47,Camarões,Espanha
13,47,Canadá,Espanha
13,47,Inglaterra,Espanha
13,47,EUA,Espanha
13,47,Brasil,Espanha
13,47,Croácia,Espanha
13,47,Polônia,Tunísia
13,47,França,Tunísia
13,47,Coreia do Sul,Tunísia
13,47,Dinamarca,Tunísia
13,47,Sérvia,Tunísia
13,47,México,Tunísia
13,47,Arábia Saudita,Tunísia
13,47,Qatar,Tunísia
13,47,Senegal,Tunísia
13,47,Japão,Tunísia
13,47,Camarões,Tunísia
13,47,Canadá,Tunísia
13,47,Inglaterra,Tunísia
13,47,EUA,Tunísia
13,47,Brasil,Tunísia
13,47,Croácia,Tunísia
13,47,França,Polônia
13,47,Coreia do Sul,Polônia
13,47,Dinamarca,Polônia
13,47,Sérvia,Polônia
13,47,México,Polônia
13,47,Arábia Saudita,Polônia
13,47,Qatar,Polônia
13,47,Senegal,Polônia
13,47,Japão,Polônia
13,47,Camarões,Polônia
13,47,Canadá,Polônia
13,47,Inglaterra,Polônia
13,47,EUA,Polônia
13,47,Brasil,Polônia
13,47,Croácia,Polônia
13,47,Coreia do Sul,França
13,47,Dinamarca,França
13,47,Sérvia,França
13,47,México,França
13,47,Arábia Saudita,França
13,47,Qatar,França
13,47,Senegal,França
13,47,Japão,França
13,47,Camarões,França
13,47,Canadá,França
13,47,Inglaterra,França
13,47,EUA,França
13,47,Brasil,França
13,47,Croácia,França
13,47,Dinamarca,Coreia do Sul
13,47,Sérvia,Coreia do Sul
13,47,México,Coreia do Sul
13,47,Arábia Saudita,Coreia do Sul
13,47,Qatar,Coreia do Sul
13,47,Senegal,Coreia do Sul
13,47,Japão,Coreia do Sul
13,47,Camarões,Coreia do Sul
13,47,Canadá,Coreia do Sul
13,47,Inglaterra,Coreia do Sul
13,47,EUA,Coreia do Sul
13,47,Brasil,Coreia do Sul
13,47,Croácia,Coreia do Sul
13,47,Sérvia,Dinamarca
13,47,México,Dinamarca
13,47,Arábia Saudita,Dinamarca
13,47,Qatar,Dinamarca
13,47,Senegal,Dinamarca
13,47,Japão,Dinamarca
13,47,Camarões,Dinamarca
13,47,Canadá,Dinamarca
13,47,Inglaterra,Dinamarca
13,47,EUA,Dinamarca
13,47,Brasil,Dinamarca
13,47,Croácia,Dinamarca
13,47,México,Sérvia
13,47,Arábia Saudita,Sérvia
13,47,Qatar,Sérvia
13,47,Senegal,Sérvia
13,47,Japão,Sérvia
13,47,Camarões,Sérvia
13,47,Canadá,Sérvia
13,47,Inglaterra,Sérvia
13,47,EUA,Sérvia
13,47,Brasil,Sérvia
13,47,Croácia,Sérvia
13,47,Arábia Saudita,México
13,47,Qatar,México
13,47,Senegal,México
13,47,Japão,México
13,47,Camarões,México
13,47,Canadá,México
13,47,Inglaterra,México
13,47,EUA,México
13,47,Brasil,México
13,47,Croácia,México
13,47,Qatar,Arábia Saudita
13,47,Senegal,Arábia Saudita
13,47,Japão,Arábia Saudita
13,47,Camarões,Arábia Saudita
13,47,Canadá,Arábia Saudita
13,47,Inglaterra,Arábia Saudita
13,47,EUA,Arábia Saudita
13,47,Brasil,Arábia Saudita
13,47,Croácia,Arábia Saudita
13,47,Senegal,Qatar
13,47,Japão,Qatar
13,47,Camarões,Qatar
13,47,Canadá,Qatar
13,47,Inglaterra,Qatar
13,47,EUA,Qatar
13,47,Brasil,Qatar
13,47,Croácia,Qatar
13,47,Japão,Senegal
13,47,Camarões,Senegal
13,47,Canadá,Senegal
13,47,Inglaterra,Senegal
13,47,EUA,Senegal
13,47,Brasil,Senegal
13,47,Croácia,Senegal
13,47,Camarões,Japão
13,47,Canadá,Japão
13,47,Inglaterra,Japão
13,47,EUA,Japão
13,47,Brasil,Japão
13,47,Croácia,Japão
13,47,Canadá,Camarões
13,47,Inglaterra,Camarões
13,47,EUA,Camarões
13,47,Brasil,Camarões
13,47,Croácia,Camarões
13,47,Inglaterra,Canadá
13,47,EUA,Canadá
13,47,Brasil,Canadá
13,47,Croácia,Canadá
13,47,EUA,Inglaterra
13,47,Brasil,Inglaterra
13,47,Croácia,Inglaterra
13,47,Brasil,EUA
13,47,Croácia,EUA
13,47,Croácia,Brasil
13,50,Marrocos,Argentina
13,50,País de Gales,Argentina
13,50,Alemanha,Argentina
13,50,Portugal,Argentina
13,50,Suíça,Argentina
13,50,Uruguai,Argentina
13,50,Gana,Argentina
13,50,Irã,Argentina
13,50,Austrália,Argentina
13,50,Bélgica,Argentina
13,50,Equador,Argentina
13,50,Países Baixos,Argentina
13,50,Costa Rica,Argentina
13,50,Espanha,Argentina
13,50,Tunísia,Argentina
13,50,Polônia,Argentina
13,50,França,Argentina
13,50,Coreia do Sul,Argentina
13,50,Dinamarca,Argentina
13,50,Sérvia,Argentina
13,50,México,Argentina
13,50,Arábia Saudita,Argentina
13,50,Qatar,Argentina
13,50,Senegal,Argentina
13,50,Japão,Argentina
13,50,Camarões,Argentina
13,50,Canadá,Argentina
13,50,Inglaterra,Argentina
13,50,EUA,Argentina
13,50,Brasil,Argentina
13,50,Croácia,Argentina
13,50,País de Gales,Marrocos
13,50,Alemanha,Marrocos
13,50,Portugal,Marrocos
13,50,Suíça,Marrocos
13,50,Uruguai,Marrocos
13,50,Gana,Marrocos
13,50,Irã,Marrocos
13,50,Austrália,Marrocos
13,50,Bélgica,Marrocos
13,50,Equador,Marrocos
13,50,Países Baixos,Marrocos
13,50,Costa Rica,Marrocos
13,50,Espanha,Marrocos
13,50,Tunísia,Marrocos
13,50,Polônia,Marrocos
13,50,França,Marrocos
13,50,Coreia do Sul,Marrocos
13,50,Dinamarca,Marrocos
13,50,Sérvia,Marrocos
13,50,México,Marrocos
13,50,Arábia Saudita,Marrocos
13,50,Qatar,Marrocos
13,50,Senegal,Marrocos
13,50,Japão,Marrocos
13,50,Camarões,Marrocos
13,50,Canadá,Marrocos
13,50,Inglaterra,Marrocos
13,50,EUA,Marrocos
13,50,Brasil,Marrocos
13,50,Croácia,Marrocos
13,50,Alemanha,País de Gales
13,50,Portugal,País de Gales
13,50,Suíça,País de Gales
13,50,Uruguai,País de Gales
13,50,Gana,País de Gales
13,50,Irã,País de Gales
13,50,Austrália,País de Gales
13,50,Bélgica,País de Gales
13,50,Equador,País de Gales
13,50,Países Baixos,País de Gales
13,50,Costa Rica,País de Gales
13,50,Espanha,País de Gales
13,50,Tunísia,País de Gales
13,50,Polônia,País de Gales
13,50,França,País de Gales
13,50,Coreia do Sul,País de Gales
13,50,Dinamarca,País de Gales
13,50,Sérvia,País de Gales
13,50,México,País de Gales
13,50,Arábia Saudita,País de Gales
13,50,Qatar,País de Gales
13,50,Senegal,País de Gales
13,50,Japão,País de Gales
13,50,Camarões,País de Gales
13,50,Canadá,País de Gales
13,50,Inglaterra,País de Gales
13,50,EUA,País de Gales
13,50,Brasil,País de Gales
13,50,Croácia,País de Gales
13,50,Portugal,Alemanha
13,50,Suíça,Alemanha
13,50,Uruguai,Alemanha
13,50,Gana,Alemanha
13,50,Irã,Alemanha
13,50,Austrália,Alemanha
13,50,Bélgica,Alemanha
13,50,Equador,Alemanha
13,50,Países Baixos,Alemanha
13,50,Costa Rica,Alemanha
13,50,Espanha,Alemanha
13,50,Tunísia,Alemanha
13,50,Polônia,Alemanha
13,50,França,Alemanha
13,50,Coreia do Sul,Alemanha
13,50,Dinamarca,Alemanha
13,50,Sérvia,Alemanha
13,50,México,Alemanha
13,50,Arábia Saudita,Alemanha
13,50,Qatar,Alemanha
13,50,Senegal,Alemanha
13,50,Japão,Alemanha
13,50,Camarões,Alemanha
13,50,Canadá,Alemanha
13,50,Inglaterra,Alemanha
13,50,EUA,Alemanha
13,50,Brasil,Alemanha
13,50,Croácia,Alemanha
13,50,Suíça,Portugal
13,50,Uruguai,Portugal
13,50,Gana,Portugal
13,50,Irã,Portugal
13,50,Austrália,Portugal
13,50,Bélgica,Portugal
13,50,Equador,Portugal
13,50,Países Baixos,Portugal
13,50,Costa Rica,Portugal
13,50,Espanha,Portugal
13,50,Tunísia,Portugal
13,50,Polônia,Portugal
13,50,França,Portugal
13,50,Coreia do Sul,Portugal
13,50,Dinamarca,Portugal
13,50,Sérvia,Portugal
13,50,México,Portugal
13,50,Arábia Saudita,Portugal
13,50,Qatar,Portugal
13,50,Senegal,Portugal
13,50,Japão,Portugal
13,50,Camarões,Portugal
13,50,Canadá,Portugal
13,50,Inglaterra,Portugal
13,50,EUA,Portugal
13,50,Brasil,Portugal
13,50,Croácia,Portugal
13,50,Uruguai,Suíça
13,50,Gana,Suíça
13,50,Irã,Suíça
13,50,Austrália,Suíça
13,50,Bélgica,Suíça
13,50,Equador,Suíça
13,50,Países Baixos,Suíça
13,50,Costa Rica,Suíça
13,50,Espanha,Suíça
13,50,Tunísia,Suíça
13,50,Polônia,Suíça
13,50,França,Suíça
13,50,Coreia do Sul,Suíça
13,50,Dinamarca,Suíça
13,50,Sérvia,Suíça
13,50,México,Suíça
13,50,Arábia Saudita,Suíça
13,50,Qatar,Suíça
13,50,Senegal,Suíça
13,50,Japão,Suíça
13,50,Camarões,Suíça
13,50,Canadá,Suíça
13,50,Inglaterra,Suíça
13,50,EUA,Suíça
13,50,Brasil,Suíça
13,50,Croácia,Suíça
13,50,Gana,Uruguai
13,50,Irã,Uruguai
13,50,Austrália,Uruguai
13,50,Bélgica,Uruguai
13,50,Equador,Uruguai
13,50,Países Baixos,Uruguai
13,50,Costa Rica,Uruguai
13,50,Espanha,Uruguai
13,50,Tunísia,Uruguai
13,50,Polônia,Uruguai
13,50,França,Uruguai
13,50,Coreia do Sul,Uruguai
13,50,Dinamarca,Uruguai
13,50,Sérvia,Uruguai
13,50,México,Uruguai
13,50,Arábia Saudita,Uruguai
13,50,Qatar,Uruguai
13,50,Senegal,Uruguai
13,50,Japão,Uruguai
13,50,Camarões,Uruguai
13,50,Canadá,Uruguai
13,50,Inglaterra,Uruguai
13,50,EUA,Uruguai
13,50,Brasil,Uruguai
13,50,Croácia,Uruguai
13,50,Irã,Gana
13,50,Austrália,Gana
13,50,Bélgica,Gana
13,50,Equador,Gana
13,50,Países Baixos,Gana
13,50,Costa Rica,Gana
13,50,Espanha,Gana
13,50,Tunísia,Gana
13,50,Polônia,Gana
13,50,França,Gana
13,50,Coreia do Sul,Gana
13,50,Dinamarca,Gana
13,50,Sérvia,Gana
13,50,México,Gana
13,50,Arábia Saudita,Gana
13,50,Qatar,Gana
13,50,Senegal,Gana
13,50,Japão,Gana
13,50,Camarões,Gana
13,50,Canadá,Gana
13,50,Inglaterra,Gana
13,50,EUA,Gana
13,50,Brasil,Gana
13,50,Croácia,Gana
13,50,Austrália,Irã
13,50,Bélgica,Irã
13,50,Equador,Irã
13,50,Países Baixos,Irã
13,50,Costa Rica,Irã
13,50,Espanha,Irã
13,50,Tunísia,Irã
13,50,Polônia,Irã
13,50,França,Irã
13,50,Coreia do Sul,Irã
13,50,Dinamarca,Irã
13,50,Sérvia,Irã
13,50,México,Irã
13,50,Arábia Saudita,Irã
13,50,Qatar,Irã
13,50,Senegal,Irã
13,50,Japão,Irã
13,50,Camarões,Irã
13,50,Canadá,Irã
13,50,Inglaterra,Irã
13,50,EUA,Irã
13,50,Brasil,Irã
13,50,Croácia,Irã
13,50,Bélgica,Austrália
13,50,Equador,Austrália
13,50,Países Baixos,Austrália
13,50,Costa Rica,Austrália
13,50,Espanha,Austrália
13,50,Tunísia,Austrália
13,50,Polônia,Austrália
13,50,França,Austrália
13,50,Coreia do Sul,Austrália
13,50,Dinamarca,Austrália
13,50,Sérvia,Austrália
13,50,México,Austrália
13,50,Arábia Saudita,Austrália
13,50,Qatar,Austrália
13,50,Senegal,Austrália
13,50,Japão,Austrália
13,50,Camarões,Austrália
13,50,Canadá,Austrália
13,50,Inglaterra,Austrália
13,50,EUA,Austrália
13,50,Brasil,Austrália
13,50,Croácia,Austrália
13,50,Equador,Bélgica
13,50,Países Baixos,Bélgica
13,50,Costa Rica,Bélgica
13,50,Espanha,Bélgica
13,50,Tunísia,Bélgica
13,50,Polônia,Bélgica
13,50,França,Bélgica
13,50,Coreia do Sul,Bélgica
13,50,Dinamarca,Bélgica
13,50,Sérvia,Bélgica
13,50,México,Bélgica
13,50,Arábia Saudita,Bélgica
13,50,Qatar,Bélgica
13,50,Senegal,Bélgica
13,50,Japão,Bélgica
13,50,Camarões,Bélgica
13,50,Canadá,Bélgica
13,50,Inglaterra,Bélgica
13,50,EUA,Bélgica
13,50,Brasil,Bélgica
13,50,Croácia,Bélgica
13,50,Países Baixos,Equador
13,50,Costa Rica,Equador
13,50,Espanha,Equador
13,50,Tunísia,Equador
13,50,Polônia,Equador
13,50,França,Equador
13,50,Coreia do Sul,Equador
13,50,Dinamarca,Equador
13,50,Sérvia,Equador
13,50,México,Equador
13,50,Arábia Saudita,Equador
13,50,Qatar,Equador
13,50,Senegal,Equador
13,50,Japão,Equador
13,50,Camarões,Equador
13,50,Canadá,Equador
13,50,Inglaterra,Equador
13,50,EUA,Equador
13,50,Brasil,Equador
13,50,Croácia,Equador
13,50,Costa Rica,Países Baixos
13,50,Espanha,Países Baixos
13,50,Tunísia,Países Baixos
13,50,Polônia,Países Baixos
13,50,França,Países Baixos
13,50,Coreia do Sul,Países Baixos
13,50,Dinamarca,Países Baixos
13,50,Sérvia,Países Baixos
13,50,México,Países Baixos
13,50,Arábia Saudita,Países Baixos
13,50,Qatar,Países Baixos
13,50,Senegal,Países Baixos
13,50,Japão,Países Baixos
13,50,Camarões,Países Baixos
13,50,Canadá,Países Baixos
13,50,Inglaterra,Países Baixos
13,50,EUA,Países Baixos
13,50,Brasil,Países Baixos
13,50,Croácia,Países Baixos
13,50,Espanha,Costa Rica
13,50,Tunísia,Costa Rica
13,50,Polônia,Costa Rica
13,50,França,Costa Rica
13,50,Coreia do Sul,Costa Rica
13,50,Dinamarca,Costa Rica
13,50,Sérvia,Costa Rica
13,50,México,Costa Rica
13,50,Arábia Saudita,Costa Rica
13,50,Qatar,Costa Rica
13,50,Senegal,Costa Rica
13,50,Japão,Costa Rica
13,50,Camarões,Costa Rica
13,50,Canadá,Costa Rica
13,50,Inglaterra,Costa Rica
13,50,EUA,Costa Rica
13,50,Brasil,Costa Rica
13,50,Croácia,Costa Rica
13,50,Tunísia,Espanha
13,50,Polônia,Espanha
13,50,França,Espanha
13,50,Coreia do Sul,Espanha
13,50,Dinamarca,Espanha
13,50,Sérvia,Espanha
13,50,México,Espanha
13,50,Arábia Saudita,Espanha
13,50,Qatar,Espanha
13,50,Senegal,Espanha
13,50,Japão,Espanha
13,50,Camarões,Espanha
13,50,Canadá,Espanha
13,50,Inglaterra,Espanha
13,50,EUA,Espanha
13,50,Brasil,Espanha
13,50,Croácia,Espanha
13,50,Polônia,Tunísia
13,50,França,Tunísia
13,50,Coreia do Sul,Tunísia
13,50,Dinamarca,Tunísia
13,50,Sérvia,Tunísia
13,50,México,Tunísia
13,50,Arábia Saudita,Tunísia
13,50,Qatar,Tunísia
13,50,Senegal,Tunísia
13,50,Japão,Tunísia
13,50,Camarões,Tunísia
13,50,Canadá,Tunísia
13,50,Inglaterra,Tunísia
13,50,EUA,Tunísia
13,50,Brasil,Tunísia
13,50,Croácia,Tunísia
13,50,França,Polônia
13,50,Coreia do Sul,Polônia
13,50,Dinamarca,Polônia
13,50,Sérvia,Polônia
13,50,México,Polônia
13,50,Arábia Saudita,Polônia
13,50,Qatar,Polônia
13,50,Senegal,Polônia
13,50,Japão,Polônia
13,50,Camarões,Polônia
13,50,Canadá,Polônia
13,50,Inglaterra,Polônia
13,50,EUA,Polônia
13,50,Brasil,Polônia
13,50,Croácia,Polônia
13,50,Coreia do Sul,França
13,50,Dinamarca,França
13,50,Sérvia,França
13,50,México,França
13,50,Arábia Saudita,França
13,50,Qatar,França
13,50,Senegal,França
13,50,Japão,França
13,50,Camarões,França
13,50,Canadá,França
13,50,Inglaterra,França
13,50,EUA,França
13,50,Brasil,França
13,50,Croácia,França
13,50,Dinamarca,Coreia do Sul
13,50,Sérvia,Coreia do Sul
13,50,México,Coreia do Sul
13,50,Arábia Saudita,Coreia do Sul
13,50,Qatar,Coreia do Sul
13,50,Senegal,Coreia do Sul
13,50,Japão,Coreia do Sul
13,50,Camarões,Coreia do Sul
13,50,Canadá,Coreia do Sul
13,50,Inglaterra,Coreia do Sul
13,50,EUA,Coreia do Sul
13,50,Brasil,Coreia do Sul
13,50,Croácia,Coreia do Sul
13,50,Sérvia,Dinamarca
13,50,México,Dinamarca
13,50,Arábia Saudita,Dinamarca
13,50,Qatar,Dinamarca
13,50,Senegal,Dinamarca
13,50,Japão,Dinamarca
13,50,Camarões,Dinamarca
13,50,Canadá,Dinamarca
13,50,Inglaterra,Dinamarca
13,50,EUA,Dinamarca
13,50,Brasil,Dinamarca
13,50,Croácia,Dinamarca
13,50,México,Sérvia
13,50,Arábia Saudita,Sérvia
13,50,Qatar,Sérvia
13,50,Senegal,Sérvia
13,50,Japão,Sérvia
13,50,Camarões,Sérvia
13,50,Canadá,Sérvia
13,50,Inglaterra,Sérvia
13,50,EUA,Sérvia
13,50,Brasil,Sérvia
13,50,Croácia,Sérvia
13,50,Arábia Saudita,México
13,50,Qatar,México
13,50,Senegal,México
13,50,Japão,México
13,50,Camarões,México
13,50,Canadá,México
13,50,Inglaterra,México
13,50,EUA,México
13,50,Brasil,México
13,50,Croácia,México
13,50,Qatar,Arábia Saudita
13,50,Senegal,Arábia Saudita
13,50,Japão,Arábia Saudita
13,50,Camarões,Arábia Saudita
13,50,Canadá,Arábia Saudita
13,50,Inglaterra,Arábia Saudita
13,50,EUA,Arábia Saudita
13,50,Brasil,Arábia Saudita
13,50,Croácia,Arábia Saudita
13,50,Senegal,Qatar
13,50,Japão,Qatar
13,50,Camarões,Qatar
13,50,Canadá,Qatar
13,50,Inglaterra,Qatar
13,50,EUA,Qatar
13,50,Brasil,Qatar
13,50,Croácia,Qatar
13,50,Japão,Senegal
13,50,Camarões,Senegal
13,50,Canadá,Senegal
13,50,Inglaterra,Senegal
13,50,EUA,Senegal
13,50,Brasil,Senegal
13,50,Croácia,Senegal
13,50,Camarões,Japão
13,50,Canadá,Japão
13,50,Inglaterra,Japão
13,50,EUA,Japão
13,50,Brasil,Japão
13,50,Croácia,Japão
13,50,Canadá,Camarões
13,50,Inglaterra,Camarões
13,50,EUA,Camarões
13,50,Brasil,Camarões
13,50,Croácia,Camarões
13,50,Inglaterra,Canadá
13,50,EUA,Canadá
13,50,Brasil,Canadá
13,50,Croácia,Canadá
13,50,EUA,Inglaterra
13,50,Brasil,Inglaterra
13,50,Croácia,Inglaterra
13,50,Brasil,EUA
13,50,Croácia,EUA
13,50,Croácia,Brasil
13,53,Marrocos,Argentina
13,53,País de Gales,Argentina
13,53,Alemanha,Argentina
13,53,Portugal,Argentina
13,53,Suíça,Argentina
13,53,Uruguai,Argentina
13,53,Gana,Argentina
13,53,Irã,Argentina
13,53,Austrália,Argentina
13,53,Bélgica,Argentina
13,53,Equador,Argentina
13,53,Países Baixos,Argentina
13,53,Costa Rica,Argentina
13,53,Espanha,Argentina
13,53,Tunísia,Argentina
13,53,Polônia,Argentina
13,53,França,Argentina
13,53,Coreia do Sul,Argentina
13,53,Dinamarca,Argentina
13,53,Sérvia,Argentina
13,53,México,Argentina
13,53,Arábia Saudita,Argentina
13,53,Qatar,Argentina
13,53,Senegal,Argentina
13,53,Japão,Argentina
13,53,Camarões,Argentina
13,53,Canadá,Argentina
13,53,Inglaterra,Argentina
13,53,EUA,Argentina
13,53,Brasil,Argentina
13,53,Croácia,Argentina
13,53,País de Gales,Marrocos
13,53,Alemanha,Marrocos
13,53,Portugal,Marrocos
13,53,Suíça,Marrocos
13,53,Uruguai,Marrocos
13,53,Gana,Marrocos
13,53,Irã,Marrocos
13,53,Austrália,Marrocos
13,53,Bélgica,Marrocos
13,53,Equador,Marrocos
13,53,Países Baixos,Marrocos
13,53,Costa Rica,Marrocos
13,53,Espanha,Marrocos
13,53,Tunísia,Marrocos
13,53,Polônia,Marrocos
13,53,França,Marrocos
13,53,Coreia do Sul,Marrocos
13,53,Dinamarca,Marrocos
13,53,Sérvia,Marrocos
13,53,México,Marrocos
13,53,Arábia Saudita,Marrocos
13,53,Qatar,Marrocos
13,53,Senegal,Marrocos
13,53,Japão,Marrocos
13,53,Camarões,Marrocos
13,53,Canadá,Marrocos
13,53,Inglaterra,Marrocos
13,53,EUA,Marrocos
13,53,Brasil,Marrocos
13,53,Croácia,Marrocos
13,53,Alemanha,País de Gales
13,53,Portugal,País de Gales
13,53,Suíça,País de Gales
13,53,Uruguai,País de Gales
13,53,Gana,País de Gales
13,53,Irã,País de Gales
13,53,Austrália,País de Gales
13,53,Bélgica,País de Gales
13,53,Equador,País de Gales
13,53,Países Baixos,País de Gales
13,53,Costa Rica,País de Gales
13,53,Espanha,País de Gales
13,53,Tunísia,País de Gales
13,53,Polônia,País de Gales
13,53,França,País de Gales
13,53,Coreia do Sul,País de Gales
13,53,Dinamarca,País de Gales
13,53,Sérvia,País de Gales
13,53,México,País de Gales
13,53,Arábia Saudita,País de Gales
13,53,Qatar,País de Gales
13,53,Senegal,País de Gales
13,53,Japão,País de Gales
13,53,Camarões,País de Gales
13,53,Canadá,País de Gales
13,53,Inglaterra,País de Gales
13,53,EUA,País de Gales
13,53,Brasil,País de Gales
13,53,Croácia,País de Gales
13,53,Portugal,Alemanha
13,53,Suíça,Alemanha
13,53,Uruguai,Alemanha
13,53,Gana,Alemanha
13,53,Irã,Alemanha
13,53,Austrália,Alemanha
13,53,Bélgica,Alemanha
13,53,Equador,Alemanha
13,53,Países Baixos,Alemanha
13,53,Costa Rica,Alemanha
13,53,Espanha,Alemanha
13,53,Tunísia,Alemanha
13,53,Polônia,Alemanha
13,53,França,Alemanha
13,53,Coreia do Sul,Alemanha
13,53,Dinamarca,Alemanha
13,53,Sérvia,Alemanha
13,53,México,Alemanha
13,53,Arábia Saudita,Alemanha
13,53,Qatar,Alemanha
13,53,Senegal,Alemanha
13,53,Japão,Alemanha
13,53,Camarões,Alemanha
13,53,Canadá,Alemanha
13,53,Inglaterra,Alemanha
13,53,EUA,Alemanha
13,53,Brasil,Alemanha
13,53,Croácia,Alemanha
13,53,Suíça,Portugal
13,53,Uruguai,Portugal
13,53,Gana,Portugal
13,53,Irã,Portugal
13,53,Austrália,Portugal
13,53,Bélgica,Portugal
13,53,Equador,Portugal
13,53,Países Baixos,Portugal
13,53,Costa Rica,Portugal
13,53,Espanha,Portugal
13,53,Tunísia,Portugal
13,53,Polônia,Portugal
13,53,França,Portugal
13,53,Coreia do Sul,Portugal
13,53,Dinamarca,Portugal
13,53,Sérvia,Portugal
13,53,México,Portugal
13,53,Arábia Saudita,Portugal
13,53,Qatar,Portugal
13,53,Senegal,Portugal
13,53,Japão,Portugal
13,53,Camarões,Portugal
13,53,Canadá,Portugal
13,53,Inglaterra,Portugal
13,53,EUA,Portugal
13,53,Brasil,Portugal
13,53,Croácia,Portugal
13,53,Uruguai,Suíça
13,53,Gana,Suíça
13,53,Irã,Suíça
13,53,Austrália,Suíça
13,53,Bélgica,Suíça
13,53,Equador,Suíça
13,53,Países Baixos,Suíça
13,53,Costa Rica,Suíça
13,53,Espanha,Suíça
13,53,Tunísia,Suíça
13,53,Polônia,Suíça
13,53,França,Suíça
13,53,Coreia do Sul,Suíça
13,53,Dinamarca,Suíça
13,53,Sérvia,Suíça
13,53,México,Suíça
13,53,Arábia Saudita,Suíça
13,53,Qatar,Suíça
13,53,Senegal,Suíça
13,53,Japão,Suíça
13,53,Camarões,Suíça
13,53,Canadá,Suíça
13,53,Inglaterra,Suíça
13,53,EUA,Suíça
13,53,Brasil,Suíça
13,53,Croácia,Suíça
13,53,Gana,Uruguai
13,53,Irã,Uruguai
13,53,Austrália,Uruguai
13,53,Bélgica,Uruguai
13,53,Equador,Uruguai
13,53,Países Baixos,Uruguai
13,53,Costa Rica,Uruguai
13,53,Espanha,Uruguai
13,53,Tunísia,Uruguai
13,53,Polônia,Uruguai
13,53,França,Uruguai
13,53,Coreia do Sul,Uruguai
13,53,Dinamarca,Uruguai
13,53,Sérvia,Uruguai
13,53,México,Uruguai
13,53,Arábia Saudita,Uruguai
13,53,Qatar,Uruguai
13,53,Senegal,Uruguai
13,53,Japão,Uruguai
13,53,Camarões,Uruguai
13,53,Canadá,Uruguai
13,53,Inglaterra,Uruguai
13,53,EUA,Uruguai
13,53,Brasil,Uruguai
13,53,Croácia,Uruguai
13,53,Irã,Gana
13,53,Austrália,Gana
13,53,Bélgica,Gana
13,53,Equador,Gana
13,53,Países Baixos,Gana
13,53,Costa Rica,Gana
13,53,Espanha,Gana
13,53,Tunísia,Gana
13,53,Polônia,Gana
13,53,França,Gana
13,53,Coreia do Sul,Gana
13,53,Dinamarca,Gana
13,53,Sérvia,Gana
13,53,México,Gana
13,53,Arábia Saudita,Gana
13,53,Qatar,Gana
13,53,Senegal,Gana
13,53,Japão,Gana
13,53,Camarões,Gana
13,53,Canadá,Gana
13,53,Inglaterra,Gana
13,53,EUA,Gana
13,53,Brasil,Gana
13,53,Croácia,Gana
13,53,Austrália,Irã
13,53,Bélgica,Irã
13,53,Equador,Irã
13,53,Países Baixos,Irã
13,53,Costa Rica,Irã
13,53,Espanha,Irã
13,53,Tunísia,Irã
13,53,Polônia,Irã
13,53,França,Irã
13,53,Coreia do Sul,Irã
13,53,Dinamarca,Irã
13,53,Sérvia,Irã
13,53,México,Irã
13,53,Arábia Saudita,Irã
13,53,Qatar,Irã
13,53,Senegal,Irã
13,53,Japão,Irã
13,53,Camarões,Irã
13,53,Canadá,Irã
13,53,Inglaterra,Irã
13,53,EUA,Irã
13,53,Brasil,Irã
13,53,Croácia,Irã
13,53,Bélgica,Austrália
13,53,Equador,Austrália
13,53,Países Baixos,Austrália
13,53,Costa Rica,Austrália
13,53,Espanha,Austrália
13,53,Tunísia,Austrália
13,53,Polônia,Austrália
13,53,França,Austrália
13,53,Coreia do Sul,Austrália
13,53,Dinamarca,Austrália
13,53,Sérvia,Austrália
13,53,México,Austrália
13,53,Arábia Saudita,Austrália
13,53,Qatar,Austrália
13,53,Senegal,Austrália
13,53,Japão,Austrália
13,53,Camarões,Austrália
13,53,Canadá,Austrália
13,53,Inglaterra,Austrália
13,53,EUA,Austrália
13,53,Brasil,Austrália
13,53,Croácia,Austrália
13,53,Equador,Bélgica
13,53,Países Baixos,Bélgica
13,53,Costa Rica,Bélgica
13,53,Espanha,Bélgica
13,53,Tunísia,Bélgica
13,53,Polônia,Bélgica
13,53,França,Bélgica
13,53,Coreia do Sul,Bélgica
13,53,Dinamarca,Bélgica
13,53,Sérvia,Bélgica
13,53,México,Bélgica
13,53,Arábia Saudita,Bélgica
13,53,Qatar,Bélgica
13,53,Senegal,Bélgica
13,53,Japão,Bélgica
13,53,Camarões,Bélgica
13,53,Canadá,Bélgica
13,53,Inglaterra,Bélgica
13,53,EUA,Bélgica
13,53,Brasil,Bélgica
13,53,Croácia,Bélgica
13,53,Países Baixos,Equador
13,53,Costa Rica,Equador
13,53,Espanha,Equador
13,53,Tunísia,Equador
13,53,Polônia,Equador
13,53,França,Equador
13,53,Coreia do Sul,Equador
13,53,Dinamarca,Equador
13,53,Sérvia,Equador
13,53,México,Equador
13,53,Arábia Saudita,Equador
13,53,Qatar,Equador
13,53,Senegal,Equador
13,53,Japão,Equador
13,53,Camarões,Equador
13,53,Canadá,Equador
13,53,Inglaterra,Equador
13,53,EUA,Equador
13,53,Brasil,Equador
13,53,Croácia,Equador
13,53,Costa Rica,Países Baixos
13,53,Espanha,Países Baixos
13,53,Tunísia,Países Baixos
13,53,Polônia,Países Baixos
13,53,França,Países Baixos
13,53,Coreia do Sul,Países Baixos
13,53,Dinamarca,Países Baixos
13,53,Sérvia,Países Baixos
13,53,México,Países Baixos
13,53,Arábia Saudita,Países Baixos
13,53,Qatar,Países Baixos
13,53,Senegal,Países Baixos
13,53,Japão,Países Baixos
13,53,Camarões,Países Baixos
13,53,Canadá,Países Baixos
13,53,Inglaterra,Países Baixos
13,53,EUA,Países Baixos
13,53,Brasil,Países Baixos
13,53,Croácia,Países Baixos
13,53,Espanha,Costa Rica
13,53,Tunísia,Costa Rica
13,53,Polônia,Costa Rica
13,53,França,Costa Rica
13,53,Coreia do Sul,Costa Rica
13,53,Dinamarca,Costa Rica
13,53,Sérvia,Costa Rica
13,53,México,Costa Rica
13,53,Arábia Saudita,Costa Rica
13,53,Qatar,Costa Rica
13,53,Senegal,Costa Rica
13,53,Japão,Costa Rica
13,53,Camarões,Costa Rica
13,53,Canadá,Costa Rica
13,53,Inglaterra,Costa Rica
13,53,EUA,Costa Rica
13,53,Brasil,Costa Rica
13,53,Croácia,Costa Rica
13,53,Tunísia,Espanha
13,53,Polônia,Espanha
13,53,França,Espanha
13,53,Coreia do Sul,Espanha
13,53,Dinamarca,Espanha
13,53,Sérvia,Espanha
13,53,México,Espanha
13,53,Arábia Saudita,Espanha
13,53,Qatar,Espanha
13,53,Senegal,Espanha
13,53,Japão,Espanha
13,53,Camarões,Espanha
13,53,Canadá,Espanha
13,53,Inglaterra,Espanha
13,53,EUA,Espanha
13,53,Brasil,Espanha
13,53,Croácia,Espanha
13,53,Polônia,Tunísia
13,53,França,Tunísia
13,53,Coreia do Sul,Tunísia
13,53,Dinamarca,Tunísia
13,53,Sérvia,Tunísia
13,53,México,Tunísia
13,53,Arábia Saudita,Tunísia
13,53,Qatar,Tunísia
13,53,Senegal,Tunísia
13,53,Japão,Tunísia
13,53,Camarões,Tunísia
13,53,Canadá,Tunísia
13,53,Inglaterra,Tunísia
13,53,EUA,Tunísia
13,53,Brasil,Tunísia
13,53,Croácia,Tunísia
13,53,França,Polônia
13,53,Coreia do Sul,Polônia
13,53,Dinamarca,Polônia
13,53,Sérvia,Polônia
13,53,México,Polônia
13,53,Arábia Saudita,Polônia
13,53,Qatar,Polônia
13,53,Senegal,Polônia
13,53,Japão,Polônia
13,53,Camarões,Polônia
13,53,Canadá,Polônia
13,53,Inglaterra,Polônia
13,53,EUA,Polônia
13,53,Brasil,Polônia
13,53,Croácia,Polônia
13,53,Coreia do Sul,França
13,53,Dinamarca,França
13,53,Sérvia,França
13,53,México,França
13,53,Arábia Saudita,França
13,53,Qatar,França
13,53,Senegal,França
13,53,Japão,França
13,53,Camarões,França
13,53,Canadá,França
13,53,Inglaterra,França
13,53,EUA,França
13,53,Brasil,França
13,53,Croácia,França
13,53,Dinamarca,Coreia do Sul
13,53,Sérvia,Coreia do Sul
13,53,México,Coreia do Sul
13,53,Arábia Saudita,Coreia do Sul
13,53,Qatar,Coreia do Sul
13,53,Senegal,Coreia do Sul
13,53,Japão,Coreia do Sul
13,53,Camarões,Coreia do Sul
13,53,Canadá,Coreia do Sul
13,53,Inglaterra,Coreia do Sul
13,53,EUA,Coreia do Sul
13,53,Brasil,Coreia do Sul
13,53,Croácia,Coreia do Sul
13,53,Sérvia,Dinamarca
13,53,México,Dinamarca
13,53,Arábia Saudita,Dinamarca
13,53,Qatar,Dinamarca
13,53,Senegal,Dinamarca
13,53,Japão,Dinamarca
13,53,Camarões,Dinamarca
13,53,Canadá,Dinamarca
13,53,Inglaterra,Dinamarca
13,53,EUA,Dinamarca
13,53,Brasil,Dinamarca
13,53,Croácia,Dinamarca
13,53,México,Sérvia
13,53,Arábia Saudita,Sérvia
13,53,Qatar,Sérvia
13,53,Senegal,Sérvia
13,53,Japão,Sérvia
13,53,Camarões,Sérvia
13,53,Canadá,Sérvia
13,53,Inglaterra,Sérvia
13,53,EUA,Sérvia
13,53,Brasil,Sérvia
13,53,Croácia,Sérvia
13,53,Arábia Saudita,México
13,53,Qatar,México
13,53,Senegal,México
13,53,Japão,México
13,53,Camarões,México
13,53,Canadá,México
13,53,Inglaterra,México
13,53,EUA,México
13,53,Brasil,México
13,53,Croácia,México
13,53,Qatar,Arábia Saudita
13,53,Senegal,Arábia Saudita
13,53,Japão,Arábia Saudita
13,53,Camarões,Arábia Saudita
13,53,Canadá,Arábia Saudita
13,53,Inglaterra,Arábia Saudita
13,53,EUA,Arábia Saudita
13,53,Brasil,Arábia Saudita
13,53,Croácia,Arábia Saudita
13,53,Senegal,Qatar
13,53,Japão,Qatar
13,53,Camarões,Qatar
13,53,Canadá,Qatar
13,53,Inglaterra,Qatar
13,53,EUA,Qatar
13,53,Brasil,Qatar
13,53,Croácia,Qatar
13,53,Japão,Senegal
13,53,Camarões,Senegal
13,53,Canadá,Senegal
13,53,Inglaterra,Senegal
13,53,EUA,Senegal
13,53,Brasil,Senegal
13,53,Croácia,Senegal
13,53,Camarões,Japão
13,53,Canadá,Japão
13,53,Inglaterra,Japão
13,53,EUA,Japão
13,53,Brasil,Japão
13,53,Croácia,Japão
13,53,Canadá,Camarões
13,53,Inglaterra,Camarões
13,53,EUA,Camarões
13,53,Brasil,Camarões
13,53,Croácia,Camarões
13,53,Inglaterra,Canadá
13,53,EUA,Canadá
13,53,Brasil,Canadá
13,53,Croácia,Canadá
13,53,EUA,Inglaterra
13,53,Brasil,Inglaterra
13,53,Croácia,Inglaterra
13,53,Brasil,EUA
13,53,Croácia,EUA
13,53,Croácia,Brasil
13,56,Marrocos,Argentina
13,56,País de Gales,Argentina
13,56,Alemanha,Argentina
13,56,Portugal,Argentina
13,56,Suíça,Argentina
13,56,Uruguai,Argentina
13,56,Gana,Argentina
13,56,Irã,Argentina
13,56,Austrália,Argentina
13,56,Bélgica,Argentina
13,56,Equador,Argentina
13,56,Países Baixos,Argentina
13,56,Costa Rica,Argentina
13,56,Espanha,Argentina
13,56,Tunísia,Argentina
13,56,Polônia,Argentina
13,56,França,Argentina
13,56,Coreia do Sul,Argentina
13,56,Dinamarca,Argentina
13,56,Sérvia,Argentina
13,56,México,Argentina
13,56,Arábia Saudita,Argentina
13,56,Qatar,Argentina
13,56,Senegal,Argentina
13,56,Japão,Argentina
13,56,Camarões,Argentina
13,56,Canadá,Argentina
13,56,Inglaterra,Argentina
13,56,EUA,Argentina
13,56,Brasil,Argentina
13,56,Croácia,Argentina
13,56,País de Gales,Marrocos
13,56,Alemanha,Marrocos
13,56,Portugal,Marrocos
13,56,Suíça,Marrocos
13,56,Uruguai,Marrocos
13,56,Gana,Marrocos
13,56,Irã,Marrocos
13,56,Austrália,Marrocos
13,56,Bélgica,Marrocos
13,56,Equador,Marrocos
13,56,Países Baixos,Marrocos
13,56,Costa Rica,Marrocos
13,56,Espanha,Marrocos
13,56,Tunísia,Marrocos
13,56,Polônia,Marrocos
13,56,França,Marrocos
13,56,Coreia do Sul,Marrocos
13,56,Dinamarca,Marrocos
13,56,Sérvia,Marrocos
13,56,México,Marrocos
13,56,Arábia Saudita,Marrocos
13,56,Qatar,Marrocos
13,56,Senegal,Marrocos
13,56,Japão,Marrocos
13,56,Camarões,Marrocos
13,56,Canadá,Marrocos
13,56,Inglaterra,Marrocos
13,56,EUA,Marrocos
13,56,Brasil,Marrocos
13,56,Croácia,Marrocos
13,56,Alemanha,País de Gales
13,56,Portugal,País de Gales
13,56,Suíça,País de Gales
13,56,Uruguai,País de Gales
13,56,Gana,País de Gales
13,56,Irã,País de Gales
13,56,Austrália,País de Gales
13,56,Bélgica,País de Gales
13,56,Equador,País de Gales
13,56,Países Baixos,País de Gales
13,56,Costa Rica,País de Gales
13,56,Espanha,País de Gales
13,56,Tunísia,País de Gales
13,56,Polônia,País de Gales
13,56,França,País de Gales
13,56,Coreia do Sul,País de Gales
13,56,Dinamarca,País de Gales
13,56,Sérvia,País de Gales
13,56,México,País de Gales
13,56,Arábia Saudita,País de Gales
13,56,Qatar,País de Gales
13,56,Senegal,País de Gales
13,56,Japão,País de Gales
13,56,Camarões,País de Gales
13,56,Canadá,País de Gales
13,56,Inglaterra,País de Gales
13,56,EUA,País de Gales
13,56,Brasil,País de Gales
13,56,Croácia,País de Gales
13,56,Portugal,Alemanha
13,56,Suíça,Alemanha
13,56,Uruguai,Alemanha
13,56,Gana,Alemanha
13,56,Irã,Alemanha
13,56,Austrália,Alemanha
13,56,Bélgica,Alemanha
13,56,Equador,Alemanha
13,56,Países Baixos,Alemanha
13,56,Costa Rica,Alemanha
13,56,Espanha,Alemanha
13,56,Tunísia,Alemanha
13,56,Polônia,Alemanha
13,56,França,Alemanha
13,56,Coreia do Sul,Alemanha
13,56,Dinamarca,Alemanha
13,56,Sérvia,Alemanha
13,56,México,Alemanha
13,56,Arábia Saudita,Alemanha
13,56,Qatar,Alemanha
13,56,Senegal,Alemanha
13,56,Japão,Alemanha
13,56,Camarões,Alemanha
13,56,Canadá,Alemanha
13,56,Inglaterra,Alemanha
13,56,EUA,Alemanha
13,56,Brasil,Alemanha
13,56,Croácia,Alemanha
13,56,Suíça,Portugal
13,56,Uruguai,Portugal
13,56,Gana,Portugal
13,56,Irã,Portugal
13,56,Austrália,Portugal
13,56,Bélgica,Portugal
13,56,Equador,Portugal
13,56,Países Baixos,Portugal
13,56,Costa Rica,Portugal
13,56,Espanha,Portugal
13,56,Tunísia,Portugal
13,56,Polônia,Portugal
13,56,França,Portugal
13,56,Coreia do Sul,Portugal
13,56,Dinamarca,Portugal
13,56,Sérvia,Portugal
13,56,México,Portugal
13,56,Arábia Saudita,Portugal
13,56,Qatar,Portugal
13,56,Senegal,Portugal
13,56,Japão,Portugal
13,56,Camarões,Portugal
13,56,Canadá,Portugal
13,56,Inglaterra,Portugal
13,56,EUA,Portugal
13,56,Brasil,Portugal
13,56,Croácia,Portugal
13,56,Uruguai,Suíça
13,56,Gana,Suíça
13,56,Irã,Suíça
13,56,Austrália,Suíça
13,56,Bélgica,Suíça
13,56,Equador,Suíça
13,56,Países Baixos,Suíça
13,56,Costa Rica,Suíça
13,56,Espanha,Suíça
13,56,Tunísia,Suíça
13,56,Polônia,Suíça
13,56,França,Suíça
13,56,Coreia do Sul,Suíça
13,56,Dinamarca,Suíça
13,56,Sérvia,Suíça
13,56,México,Suíça
13,56,Arábia Saudita,Suíça
13,56,Qatar,Suíça
13,56,Senegal,Suíça
13,56,Japão,Suíça
13,56,Camarões,Suíça
13,56,Canadá,Suíça
13,56,Inglaterra,Suíça
13,56,EUA,Suíça
13,56,Brasil,Suíça
13,56,Croácia,Suíça
13,56,Gana,Uruguai
13,56,Irã,Uruguai
13,56,Austrália,Uruguai
13,56,Bélgica,Uruguai
13,56,Equador,Uruguai
13,56,Países Baixos,Uruguai
13,56,Costa Rica,Uruguai
13,56,Espanha,Uruguai
13,56,Tunísia,Uruguai
13,56,Polônia,Uruguai
13,56,França,Uruguai
13,56,Coreia do Sul,Uruguai
13,56,Dinamarca,Uruguai
13,56,Sérvia,Uruguai
13,56,México,Uruguai
13,56,Arábia Saudita,Uruguai
13,56,Qatar,Uruguai
13,56,Senegal,Uruguai
13,56,Japão,Uruguai
13,56,Camarões,Uruguai
13,56,Canadá,Uruguai
13,56,Inglaterra,Uruguai
13,56,EUA,Uruguai
13,56,Brasil,Uruguai
13,56,Croácia,Uruguai
13,56,Irã,Gana
13,56,Austrália,Gana
13,56,Bélgica,Gana
13,56,Equador,Gana
13,56,Países Baixos,Gana
13,56,Costa Rica,Gana
13,56,Espanha,Gana
13,56,Tunísia,Gana
13,56,Polônia,Gana
13,56,França,Gana
13,56,Coreia do Sul,Gana
13,56,Dinamarca,Gana
13,56,Sérvia,Gana
13,56,México,Gana
13,56,Arábia Saudita,Gana
13,56,Qatar,Gana
13,56,Senegal,Gana
13,56,Japão,Gana
13,56,Camarões,Gana
13,56,Canadá,Gana
13,56,Inglaterra,Gana
13,56,EUA,Gana
13,56,Brasil,Gana
13,56,Croácia,Gana
13,56,Austrália,Irã
13,56,Bélgica,Irã
13,56,Equador,Irã
13,56,Países Baixos,Irã
13,56,Costa Rica,Irã
13,56,Espanha,Irã
13,56,Tunísia,Irã
13,56,Polônia,Irã
13,56,França,Irã
13,56,Coreia do Sul,Irã
13,56,Dinamarca,Irã
13,56,Sérvia,Irã
13,56,México,Irã
13,56,Arábia Saudita,Irã
13,56,Qatar,Irã
13,56,Senegal,Irã
13,56,Japão,Irã
13,56,Camarões,Irã
13,56,Canadá,Irã
13,56,Inglaterra,Irã
13,56,EUA,Irã
13,56,Brasil,Irã
13,56,Croácia,Irã
13,56,Bélgica,Austrália
13,56,Equador,Austrália
13,56,Países Baixos,Austrália
13,56,Costa Rica,Austrália
13,56,Espanha,Austrália
13,56,Tunísia,Austrália
13,56,Polônia,Austrália
13,56,França,Austrália
13,56,Coreia do Sul,Austrália
13,56,Dinamarca,Austrália
13,56,Sérvia,Austrália
13,56,México,Austrália
13,56,Arábia Saudita,Austrália
13,56,Qatar,Austrália
13,56,Senegal,Austrália
13,56,Japão,Austrália
13,56,Camarões,Austrália
13,56,Canadá,Austrália
13,56,Inglaterra,Austrália
13,56,EUA,Austrália
13,56,Brasil,Austrália
13,56,Croácia,Austrália
13,56,Equador,Bélgica
13,56,Países Baixos,Bélgica
13,56,Costa Rica,Bélgica
13,56,Espanha,Bélgica
13,56,Tunísia,Bélgica
13,56,Polônia,Bélgica
13,56,França,Bélgica
13,56,Coreia do Sul,Bélgica
13,56,Dinamarca,Bélgica
13,56,Sérvia,Bélgica
13,56,México,Bélgica
13,56,Arábia Saudita,Bélgica
13,56,Qatar,Bélgica
13,56,Senegal,Bélgica
13,56,Japão,Bélgica
13,56,Camarões,Bélgica
13,56,Canadá,Bélgica
13,56,Inglaterra,Bélgica
13,56,EUA,Bélgica
13,56,Brasil,Bélgica
13,56,Croácia,Bélgica
13,56,Países Baixos,Equador
13,56,Costa Rica,Equador
13,56,Espanha,Equador
13,56,Tunísia,Equador
13,56,Polônia,Equador
13,56,França,Equador
13,56,Coreia do Sul,Equador
13,56,Dinamarca,Equador
13,56,Sérvia,Equador
13,56,México,Equador
13,56,Arábia Saudita,Equador
13,56,Qatar,Equador
13,56,Senegal,Equador
13,56,Japão,Equador
13,56,Camarões,Equador
13,56,Canadá,Equador
13,56,Inglaterra,Equador
13,56,EUA,Equador
13,56,Brasil,Equador
13,56,Croácia,Equador
13,56,Costa Rica,Países Baixos
13,56,Espanha,Países Baixos
13,56,Tunísia,Países Baixos
13,56,Polônia,Países Baixos
13,56,França,Países Baixos
13,56,Coreia do Sul,Países Baixos
13,56,Dinamarca,Países Baixos
13,56,Sérvia,Países Baixos
13,56,México,Países Baixos
13,56,Arábia Saudita,Países Baixos
13,56,Qatar,Países Baixos
13,56,Senegal,Países Baixos
13,56,Japão,Países Baixos
13,56,Camarões,Países Baixos
13,56,Canadá,Países Baixos
13,56,Inglaterra,Países Baixos
13,56,EUA,Países Baixos
13,56,Brasil,Países Baixos
13,56,Croácia,Países Baixos
13,56,Espanha,Costa Rica
13,56,Tunísia,Costa Rica
13,56,Polônia,Costa Rica
13,56,França,Costa Rica
13,56,Coreia do Sul,Costa Rica
13,56,Dinamarca,Costa Rica
13,56,Sérvia,Costa Rica
13,56,México,Costa Rica
13,56,Arábia Saudita,Costa Rica
13,56,Qatar,Costa Rica
13,56,Senegal,Costa Rica
13,56,Japão,Costa Rica
13,56,Camarões,Costa Rica
13,56,Canadá,Costa Rica
13,56,Inglaterra,Costa Rica
13,56,EUA,Costa Rica
13,56,Brasil,Costa Rica
13,56,Croácia,Costa Rica
13,56,Tunísia,Espanha
13,56,Polônia,Espanha
13,56,França,Espanha
13,56,Coreia do Sul,Espanha
13,56,Dinamarca,Espanha
13,56,Sérvia,Espanha
13,56,México,Espanha
13,56,Arábia Saudita,Espanha
13,56,Qatar,Espanha
13,56,Senegal,Espanha
13,56,Japão,Espanha
13,56,Camarões,Espanha
13,56,Canadá,Espanha
13,56,Inglaterra,Espanha
13,56,EUA,Espanha
13,56,Brasil,Espanha
13,56,Croácia,Espanha
13,56,Polônia,Tunísia
13,56,França,Tunísia
13,56,Coreia do Sul,Tunísia
13,56,Dinamarca,Tunísia
13,56,Sérvia,Tunísia
13,56,México,Tunísia
13,56,Arábia Saudita,Tunísia
13,56,Qatar,Tunísia
13,56,Senegal,Tunísia
13,56,Japão,Tunísia
13,56,Camarões,Tunísia
13,56,Canadá,Tunísia
13,56,Inglaterra,Tunísia
13,56,EUA,Tunísia
13,56,Brasil,Tunísia
13,56,Croácia,Tunísia
13,56,França,Polônia
13,56,Coreia do Sul,Polônia
13,56,Dinamarca,Polônia
13,56,Sérvia,Polônia
13,56,México,Polônia
13,56,Arábia Saudita,Polônia
13,56,Qatar,Polônia
13,56,Senegal,Polônia
13,56,Japão,Polônia
13,56,Camarões,Polônia
13,56,Canadá,Polônia
13,56,Inglaterra,Polônia
13,56,EUA,Polônia
13,56,Brasil,Polônia
13,56,Croácia,Polônia
13,56,Coreia do Sul,França
13,56,Dinamarca,França
13,56,Sérvia,França
13,56,México,França
13,56,Arábia Saudita,França
13,56,Qatar,França
13,56,Senegal,França
13,56,Japão,França
13,56,Camarões,França
13,56,Canadá,França
13,56,Inglaterra,França
13,56,EUA,França
13,56,Brasil,França
13,56,Croácia,França
13,56,Dinamarca,Coreia do Sul
13,56,Sérvia,Coreia do Sul
13,56,México,Coreia do Sul
13,56,Arábia Saudita,Coreia do Sul
13,56,Qatar,Coreia do Sul
13,56,Senegal,Coreia do Sul
13,56,Japão,Coreia do Sul
13,56,Camarões,Coreia do Sul
13,56,Canadá,Coreia do Sul
13,56,Inglaterra,Coreia do Sul
13,56,EUA,Coreia do Sul
13,56,Brasil,Coreia do Sul
13,56,Croácia,Coreia do Sul
13,56,Sérvia,Dinamarca
13,56,México,Dinamarca
13,56,Arábia Saudita,Dinamarca
13,56,Qatar,Dinamarca
13,56,Senegal,Dinamarca
13,56,Japão,Dinamarca
13,56,Camarões,Dinamarca
13,56,Canadá,Dinamarca
13,56,Inglaterra,Dinamarca
13,56,EUA,Dinamarca
13,56,Brasil,Dinamarca
13,56,Croácia,Dinamarca
13,56,México,Sérvia
13,56,Arábia Saudita,Sérvia
13,56,Qatar,Sérvia
13,56,Senegal,Sérvia
13,56,Japão,Sérvia
13,56,Camarões,Sérvia
13,56,Canadá,Sérvia
13,56,Inglaterra,Sérvia
13,56,EUA,Sérvia
13,56,Brasil,Sérvia
13,56,Croácia,Sérvia
13,56,Arábia Saudita,México
13,56,Qatar,México
13,56,Senegal,México
13,56,Japão,México
13,56,Camarões,México
13,56,Canadá,México
13,56,Inglaterra,México
13,56,EUA,México
13,56,Brasil,México
13,56,Croácia,México
13,56,Qatar,Arábia Saudita
13,56,Senegal,Arábia Saudita
13,56,Japão,Arábia Saudita
13,56,Camarões,Arábia Saudita
13,56,Canadá,Arábia Saudita
13,56,Inglaterra,Arábia Saudita
13,56,EUA,Arábia Saudita
13,56,Brasil,Arábia Saudita
13,56,Croácia,Arábia Saudita
13,56,Senegal,Qatar
13,56,Japão,Qatar
13,56,Camarões,Qatar
13,56,Canadá,Qatar
13,56,Inglaterra,Qatar
13,56,EUA,Qatar
13,56,Brasil,Qatar
13,56,Croácia,Qatar
13,56,Japão,Senegal
13,56,Camarões,Senegal
13,56,Canadá,Senegal
13,56,Inglaterra,Senegal
13,56,EUA,Senegal
13,56,Brasil,Senegal
13,56,Croácia,Senegal
13,56,Camarões,Japão
13,56,Canadá,Japão
13,56,Inglaterra,Japão
13,56,EUA,Japão
13,56,Brasil,Japão
13,56,Croácia,Japão
13,56,Canadá,Camarões
13,56,Inglaterra,Camarões
13,56,EUA,Camarões
13,56,Brasil,Camarões
13,56,Croácia,Camarões
13,56,Inglaterra,Canadá
13,56,EUA,Canadá
13,56,Brasil,Canadá
13,56,Croácia,Canadá
13,56,EUA,Inglaterra
13,56,Brasil,Inglaterra
13,56,Croácia,Inglaterra
13,56,Brasil,EUA
13,56,Croácia,EUA
13,56,Croácia,Brasil
13,59,Marrocos,Argentina
13,59,País de Gales,Argentina
13,59,Alemanha,Argentina
13,59,Portugal,Argentina
13,59,Suíça,Argentina
13,59,Uruguai,Argentina
13,59,Gana,Argentina
13,59,Irã,Argentina
13,59,Austrália,Argentina
13,59,Bélgica,Argentina
13,59,Equador,Argentina
13,59,Países Baixos,Argentina
13,59,Costa Rica,Argentina
13,59,Espanha,Argentina
13,59,Tunísia,Argentina
13,59,Polônia,Argentina
13,59,França,Argentina
13,59,Coreia do Sul,Argentina
13,59,Dinamarca,Argentina
13,59,Sérvia,Argentina
13,59,México,Argentina
13,59,Arábia Saudita,Argentina
13,59,Qatar,Argentina
13,59,Senegal,Argentina
13,59,Japão,Argentina
13,59,Camarões,Argentina
13,59,Canadá,Argentina
13,59,Inglaterra,Argentina
13,59,EUA,Argentina
13,59,Brasil,Argentina
13,59,Croácia,Argentina
13,59,País de Gales,Marrocos
13,59,Alemanha,Marrocos
13,59,Portugal,Marrocos
13,59,Suíça,Marrocos
13,59,Uruguai,Marrocos
13,59,Gana,Marrocos
13,59,Irã,Marrocos
13,59,Austrália,Marrocos
13,59,Bélgica,Marrocos
13,59,Equador,Marrocos
13,59,Países Baixos,Marrocos
13,59,Costa Rica,Marrocos
13,59,Espanha,Marrocos
13,59,Tunísia,Marrocos
13,59,Polônia,Marrocos
13,59,França,Marrocos
13,59,Coreia do Sul,Marrocos
13,59,Dinamarca,Marrocos
13,59,Sérvia,Marrocos
13,59,México,Marrocos
13,59,Arábia Saudita,Marrocos
13,59,Qatar,Marrocos
13,59,Senegal,Marrocos
13,59,Japão,Marrocos
13,59,Camarões,Marrocos
13,59,Canadá,Marrocos
13,59,Inglaterra,Marrocos
13,59,EUA,Marrocos
13,59,Brasil,Marrocos
13,59,Croácia,Marrocos
13,59,Alemanha,País de Gales
13,59,Portugal,País de Gales
13,59,Suíça,País de Gales
13,59,Uruguai,País de Gales
13,59,Gana,País de Gales
13,59,Irã,País de Gales
13,59,Austrália,País de Gales
13,59,Bélgica,País de Gales
13,59,Equador,País de Gales
13,59,Países Baixos,País de Gales
13,59,Costa Rica,País de Gales
13,59,Espanha,País de Gales
13,59,Tunísia,País de Gales
13,59,Polônia,País de Gales
13,59,França,País de Gales
13,59,Coreia do Sul,País de Gales
13,59,Dinamarca,País de Gales
13,59,Sérvia,País de Gales
13,59,México,País de Gales
13,59,Arábia Saudita,País de Gales
13,59,Qatar,País de Gales
13,59,Senegal,País de Gales
13,59,Japão,País de Gales
13,59,Camarões,País de Gales
13,59,Canadá,País de Gales
13,59,Inglaterra,País de Gales
13,59,EUA,País de Gales
13,59,Brasil,País de Gales
13,59,Croácia,País de Gales
13,59,Portugal,Alemanha
13,59,Suíça,Alemanha
13,59,Uruguai,Alemanha
13,59,Gana,Alemanha
13,59,Irã,Alemanha
13,59,Austrália,Alemanha
13,59,Bélgica,Alemanha
13,59,Equador,Alemanha
13,59,Países Baixos,Alemanha
13,59,Costa Rica,Alemanha
13,59,Espanha,Alemanha
13,59,Tunísia,Alemanha
13,59,Polônia,Alemanha
13,59,França,Alemanha
13,59,Coreia do Sul,Alemanha
13,59,Dinamarca,Alemanha
13,59,Sérvia,Alemanha
13,59,México,Alemanha
13,59,Arábia Saudita,Alemanha
13,59,Qatar,Alemanha
13,59,Senegal,Alemanha
13,59,Japão,Alemanha
13,59,Camarões,Alemanha
13,59,Canadá,Alemanha
13,59,Inglaterra,Alemanha
13,59,EUA,Alemanha
13,59,Brasil,Alemanha
13,59,Croácia,Alemanha
13,59,Suíça,Portugal
13,59,Uruguai,Portugal
13,59,Gana,Portugal
13,59,Irã,Portugal
13,59,Austrália,Portugal
13,59,Bélgica,Portugal
13,59,Equador,Portugal
13,59,Países Baixos,Portugal
13,59,Costa Rica,Portugal
13,59,Espanha,Portugal
13,59,Tunísia,Portugal
13,59,Polônia,Portugal
13,59,França,Portugal
13,59,Coreia do Sul,Portugal
13,59,Dinamarca,Portugal
13,59,Sérvia,Portugal
13,59,México,Portugal
13,59,Arábia Saudita,Portugal
13,59,Qatar,Portugal
13,59,Senegal,Portugal
13,59,Japão,Portugal
13,59,Camarões,Portugal
13,59,Canadá,Portugal
13,59,Inglaterra,Portugal
13,59,EUA,Portugal
13,59,Brasil,Portugal
13,59,Croácia,Portugal
13,59,Uruguai,Suíça
13,59,Gana,Suíça
13,59,Irã,Suíça
13,59,Austrália,Suíça
13,59,Bélgica,Suíça
13,59,Equador,Suíça
13,59,Países Baixos,Suíça
13,59,Costa Rica,Suíça
13,59,Espanha,Suíça
13,59,Tunísia,Suíça
13,59,Polônia,Suíça
13,59,França,Suíça
13,59,Coreia do Sul,Suíça
13,59,Dinamarca,Suíça
13,59,Sérvia,Suíça
13,59,México,Suíça
13,59,Arábia Saudita,Suíça
13,59,Qatar,Suíça
13,59,Senegal,Suíça
13,59,Japão,Suíça
13,59,Camarões,Suíça
13,59,Canadá,Suíça
13,59,Inglaterra,Suíça
13,59,EUA,Suíça
13,59,Brasil,Suíça
13,59,Croácia,Suíça
13,59,Gana,Uruguai
13,59,Irã,Uruguai
13,59,Austrália,Uruguai
13,59,Bélgica,Uruguai
13,59,Equador,Uruguai
13,59,Países Baixos,Uruguai
13,59,Costa Rica,Uruguai
13,59,Espanha,Uruguai
13,59,Tunísia,Uruguai
13,59,Polônia,Uruguai
13,59,França,Uruguai
13,59,Coreia do Sul,Uruguai
13,59,Dinamarca,Uruguai
13,59,Sérvia,Uruguai
13,59,México,Uruguai
13,59,Arábia Saudita,Uruguai
13,59,Qatar,Uruguai
13,59,Senegal,Uruguai
13,59,Japão,Uruguai
13,59,Camarões,Uruguai
13,59,Canadá,Uruguai
13,59,Inglaterra,Uruguai
13,59,EUA,Uruguai
13,59,Brasil,Uruguai
13,59,Croácia,Uruguai
13,59,Irã,Gana
13,59,Austrália,Gana
13,59,Bélgica,Gana
13,59,Equador,Gana
13,59,Países Baixos,Gana
13,59,Costa Rica,Gana
13,59,Espanha,Gana
13,59,Tunísia,Gana
13,59,Polônia,Gana
13,59,França,Gana
13,59,Coreia do Sul,Gana
13,59,Dinamarca,Gana
13,59,Sérvia,Gana
13,59,México,Gana
13,59,Arábia Saudita,Gana
13,59,Qatar,Gana
13,59,Senegal,Gana
13,59,Japão,Gana
13,59,Camarões,Gana
13,59,Canadá,Gana
13,59,Inglaterra,Gana
13,59,EUA,Gana
13,59,Brasil,Gana
13,59,Croácia,Gana
13,59,Austrália,Irã
13,59,Bélgica,Irã
13,59,Equador,Irã
13,59,Países Baixos,Irã
13,59,Costa Rica,Irã
13,59,Espanha,Irã
13,59,Tunísia,Irã
13,59,Polônia,Irã
13,59,França,Irã
13,59,Coreia do Sul,Irã
13,59,Dinamarca,Irã
13,59,Sérvia,Irã
13,59,México,Irã
13,59,Arábia Saudita,Irã
13,59,Qatar,Irã
13,59,Senegal,Irã
13,59,Japão,Irã
13,59,Camarões,Irã
13,59,Canadá,Irã
13,59,Inglaterra,Irã
13,59,EUA,Irã
13,59,Brasil,Irã
13,59,Croácia,Irã
13,59,Bélgica,Austrália
13,59,Equador,Austrália
13,59,Países Baixos,Austrália
13,59,Costa Rica,Austrália
13,59,Espanha,Austrália
13,59,Tunísia,Austrália
13,59,Polônia,Austrália
13,59,França,Austrália
13,59,Coreia do Sul,Austrália
13,59,Dinamarca,Austrália
13,59,Sérvia,Austrália
13,59,México,Austrália
13,59,Arábia Saudita,Austrália
13,59,Qatar,Austrália
13,59,Senegal,Austrália
13,59,Japão,Austrália
13,59,Camarões,Austrália
13,59,Canadá,Austrália
13,59,Inglaterra,Austrália
13,59,EUA,Austrália
13,59,Brasil,Austrália
13,59,Croácia,Austrália
13,59,Equador,Bélgica
13,59,Países Baixos,Bélgica
13,59,Costa Rica,Bélgica
13,59,Espanha,Bélgica
13,59,Tunísia,Bélgica
13,59,Polônia,Bélgica
13,59,França,Bélgica
13,59,Coreia do Sul,Bélgica
13,59,Dinamarca,Bélgica
13,59,Sérvia,Bélgica
13,59,México,Bélgica
13,59,Arábia Saudita,Bélgica
13,59,Qatar,Bélgica
13,59,Senegal,Bélgica
13,59,Japão,Bélgica
13,59,Camarões,Bélgica
13,59,Canadá,Bélgica
13,59,Inglaterra,Bélgica
13,59,EUA,Bélgica
13,59,Brasil,Bélgica
13,59,Croácia,Bélgica
13,59,Países Baixos,Equador
13,59,Costa Rica,Equador
13,59,Espanha,Equador
13,59,Tunísia,Equador
13,59,Polônia,Equador
13,59,França,Equador
13,59,Coreia do Sul,Equador
13,59,Dinamarca,Equador
13,59,Sérvia,Equador
13,59,México,Equador
13,59,Arábia Saudita,Equador
13,59,Qatar,Equador
13,59,Senegal,Equador
13,59,Japão,Equador
13,59,Camarões,Equador
13,59,Canadá,Equador
13,59,Inglaterra,Equador
13,59,EUA,Equador
13,59,Brasil,Equador
13,59,Croácia,Equador
13,59,Costa Rica,Países Baixos
13,59,Espanha,Países Baixos
13,59,Tunísia,Países Baixos
13,59,Polônia,Países Baixos
13,59,França,Países Baixos
13,59,Coreia do Sul,Países Baixos
13,59,Dinamarca,Países Baixos
13,59,Sérvia,Países Baixos
13,59,México,Países Baixos
13,59,Arábia Saudita,Países Baixos
13,59,Qatar,Países Baixos
13,59,Senegal,Países Baixos
13,59,Japão,Países Baixos
13,59,Camarões,Países Baixos
13,59,Canadá,Países Baixos
13,59,Inglaterra,Países Baixos
13,59,EUA,Países Baixos
13,59,Brasil,Países Baixos
13,59,Croácia,Países Baixos
13,59,Espanha,Costa Rica
13,59,Tunísia,Costa Rica
13,59,Polônia,Costa Rica
13,59,França,Costa Rica
13,59,Coreia do Sul,Costa Rica
13,59,Dinamarca,Costa Rica
13,59,Sérvia,Costa Rica
13,59,México,Costa Rica
13,59,Arábia Saudita,Costa Rica
13,59,Qatar,Costa Rica
13,59,Senegal,Costa Rica
13,59,Japão,Costa Rica
13,59,Camarões,Costa Rica
13,59,Canadá,Costa Rica
13,59,Inglaterra,Costa Rica
13,59,EUA,Costa Rica
13,59,Brasil,Costa Rica
13,59,Croácia,Costa Rica
13,59,Tunísia,Espanha
13,59,Polônia,Espanha
13,59,França,Espanha
13,59,Coreia do Sul,Espanha
13,59,Dinamarca,Espanha
13,59,Sérvia,Espanha
13,59,México,Espanha
13,59,Arábia Saudita,Espanha
13,59,Qatar,Espanha
13,59,Senegal,Espanha
13,59,Japão,Espanha
13,59,Camarões,Espanha
13,59,Canadá,Espanha
13,59,Inglaterra,Espanha
13,59,EUA,Espanha
13,59,Brasil,Espanha
13,59,Croácia,Espanha
13,59,Polônia,Tunísia
13,59,França,Tunísia
13,59,Coreia do Sul,Tunísia
13,59,Dinamarca,Tunísia
13,59,Sérvia,Tunísia
13,59,México,Tunísia
13,59,Arábia Saudita,Tunísia
13,59,Qatar,Tunísia
13,59,Senegal,Tunísia
13,59,Japão,Tunísia
13,59,Camarões,Tunísia
13,59,Canadá,Tunísia
13,59,Inglaterra,Tunísia
13,59,EUA,Tunísia
13,59,Brasil,Tunísia
13,59,Croácia,Tunísia
13,59,França,Polônia
13,59,Coreia do Sul,Polônia
13,59,Dinamarca,Polônia
13,59,Sérvia,Polônia
13,59,México,Polônia
13,59,Arábia Saudita,Polônia
13,59,Qatar,Polônia
13,59,Senegal,Polônia
13,59,Japão,Polônia
13,59,Camarões,Polônia
13,59,Canadá,Polônia
13,59,Inglaterra,Polônia
13,59,EUA,Polônia
13,59,Brasil,Polônia
13,59,Croácia,Polônia
13,59,Coreia do Sul,França
13,59,Dinamarca,França
13,59,Sérvia,França
13,59,México,França
13,59,Arábia Saudita,França
13,59,Qatar,França
13,59,Senegal,França
13,59,Japão,França
13,59,Camarões,França
13,59,Canadá,França
13,59,Inglaterra,França
13,59,EUA,França
13,59,Brasil,França
13,59,Croácia,França
13,59,Dinamarca,Coreia do Sul
13,59,Sérvia,Coreia do Sul
13,59,México,Coreia do Sul
13,59,Arábia Saudita,Coreia do Sul
13,59,Qatar,Coreia do Sul
13,59,Senegal,Coreia do Sul
13,59,Japão,Coreia do Sul
13,59,Camarões,Coreia do Sul
13,59,Canadá,Coreia do Sul
13,59,Inglaterra,Coreia do Sul
13,59,EUA,Coreia do Sul
13,59,Brasil,Coreia do Sul
13,59,Croácia,Coreia do Sul
13,59,Sérvia,Dinamarca
13,59,México,Dinamarca
13,59,Arábia Saudita,Dinamarca
13,59,Qatar,Dinamarca
13,59,Senegal,Dinamarca
13,59,Japão,Dinamarca
13,59,Camarões,Dinamarca
13,59,Canadá,Dinamarca
13,59,Inglaterra,Dinamarca
13,59,EUA,Dinamarca
13,59,Brasil,Dinamarca
13,59,Croácia,Dinamarca
13,59,México,Sérvia
13,59,Arábia Saudita,Sérvia
13,59,Qatar,Sérvia
13,59,Senegal,Sérvia
13,59,Japão,Sérvia
13,59,Camarões,Sérvia
13,59,Canadá,Sérvia
13,59,Inglaterra,Sérvia
13,59,EUA,Sérvia
13,59,Brasil,Sérvia
13,59,Croácia,Sérvia
13,59,Arábia Saudita,México
13,59,Qatar,México
13,59,Senegal,México
13,59,Japão,México
13,59,Camarões,México
13,59,Canadá,México
13,59,Inglaterra,México
13,59,EUA,México
13,59,Brasil,México
13,59,Croácia,México
13,59,Qatar,Arábia Saudita
13,59,Senegal,Arábia Saudita
13,59,Japão,Arábia Saudita
13,59,Camarões,Arábia Saudita
13,59,Canadá,Arábia Saudita
13,59,Inglaterra,Arábia Saudita
13,59,EUA,Arábia Saudita
13,59,Brasil,Arábia Saudita
13,59,Croácia,Arábia Saudita
13,59,Senegal,Qatar
13,59,Japão,Qatar
13,59,Camarões,Qatar
13,59,Canadá,Qatar
13,59,Inglaterra,Qatar
13,59,EUA,Qatar
13,59,Brasil,Qatar
13,59,Croácia,Qatar
13,59,Japão,Senegal
13,59,Camarões,Senegal
13,59,Canadá,Senegal
13,59,Inglaterra,Senegal
13,59,EUA,Senegal
13,59,Brasil,Senegal
13,59,Croácia,Senegal
13,59,Camarões,Japão
13,59,Canadá,Japão
13,59,Inglaterra,Japão
13,59,EUA,Japão
13,59,Brasil,Japão
13,59,Croácia,Japão
13,59,Canadá,Camarões
13,59,Inglaterra,Camarões
13,59,EUA,Camarões
13,59,Brasil,Camarões
13,59,Croácia,Camarões
13,59,Inglaterra,Canadá
13,59,EUA,Canadá
13,59,Brasil,Canadá
13,59,Croácia,Canadá
13,59,EUA,Inglaterra
13,59,Brasil,Inglaterra
13,59,Croácia,Inglaterra
13,59,Brasil,EUA
13,59,Croácia,EUA
13,59,Croácia,Brasil
14,2,Marrocos,Argentina
14,2,País de Gales,Argentina
14,2,Alemanha,Argentina
14,2,Portugal,Argentina
14,2,Suíça,Argentina
14,2,Uruguai,Argentina
14,2,Gana,Argentina
14,2,Irã,Argentina
14,2,Austrália,Argentina
14,2,Bélgica,Argentina
14,2,Equador,Argentina
14,2,Países Baixos,Argentina
14,2,Costa Rica,Argentina
14,2,Espanha,Argentina
14,2,Tunísia,Argentina
14,2,Polônia,Argentina
14,2,França,Argentina
14,2,Coreia do Sul,Argentina
14,2,Dinamarca,Argentina
14,2,Sérvia,Argentina
14,2,México,Argentina
14,2,Arábia Saudita,Argentina
14,2,Qatar,Argentina
14,2,Senegal,Argentina
14,2,Japão,Argentina
14,2,Camarões,Argentina
14,2,Canadá,Argentina
14,2,Inglaterra,Argentina
14,2,EUA,Argentina
14,2,Brasil,Argentina
14,2,Croácia,Argentina
14,2,País de Gales,Marrocos
14,2,Alemanha,Marrocos
14,2,Portugal,Marrocos
14,2,Suíça,Marrocos
14,2,Uruguai,Marrocos
14,2,Gana,Marrocos
14,2,Irã,Marrocos
14,2,Austrália,Marrocos
14,2,Bélgica,Marrocos
14,2,Equador,Marrocos
14,2,Países Baixos,Marrocos
14,2,Costa Rica,Marrocos
14,2,Espanha,Marrocos
14,2,Tunísia,Marrocos
14,2,Polônia,Marrocos
14,2,França,Marrocos
14,2,Coreia do Sul,Marrocos
14,2,Dinamarca,Marrocos
14,2,Sérvia,Marrocos
14,2,México,Marrocos
14,2,Arábia Saudita,Marrocos
14,2,Qatar,Marrocos
14,2,Senegal,Marrocos
14,2,Japão,Marrocos
14,2,Camarões,Marrocos
14,2,Canadá,Marrocos
14,2,Inglaterra,Marrocos
14,2,EUA,Marrocos
14,2,Brasil,Marrocos
14,2,Croácia,Marrocos
14,2,Alemanha,País de Gales
14,2,Portugal,País de Gales
14,2,Suíça,País de Gales
14,2,Uruguai,País de Gales
14,2,Gana,País de Gales
14,2,Irã,País de Gales
14,2,Austrália,País de Gales
14,2,Bélgica,País de Gales
14,2,Equador,País de Gales
14,2,Países Baixos,País de Gales
14,2,Costa Rica,País de Gales
14,2,Espanha,País de Gales
14,2,Tunísia,País de Gales
14,2,Polônia,País de Gales
14,2,França,País de Gales
14,2,Coreia do Sul,País de Gales
14,2,Dinamarca,País de Gales
14,2,Sérvia,País de Gales
14,2,México,País de Gales
14,2,Arábia Saudita,País de Gales
14,2,Qatar,País de Gales
14,2,Senegal,País de Gales
14,2,Japão,País de Gales
14,2,Camarões,País de Gales
14,2,Canadá,País de Gales
14,2,Inglaterra,País de Gales
14,2,EUA,País de Gales
14,2,Brasil,País de Gales
14,2,Croácia,País de Gales
14,2,Portugal,Alemanha
14,2,Suíça,Alemanha
14,2,Uruguai,Alemanha
14,2,Gana,Alemanha
14,2,Irã,Alemanha
14,2,Austrália,Alemanha
14,2,Bélgica,Alemanha
14,2,Equador,Alemanha
14,2,Países Baixos,Alemanha
14,2,Costa Rica,Alemanha
14,2,Espanha,Alemanha
14,2,Tunísia,Alemanha
14,2,Polônia,Alemanha
14,2,França,Alemanha
14,2,Coreia do Sul,Alemanha
14,2,Dinamarca,Alemanha
14,2,Sérvia,Alemanha
14,2,México,Alemanha
14,2,Arábia Saudita,Alemanha
14,2,Qatar,Alemanha
14,2,Senegal,Alemanha
14,2,Japão,Alemanha
14,2,Camarões,Alemanha
14,2,Canadá,Alemanha
14,2,Inglaterra,Alemanha
14,2,EUA,Alemanha
14,2,Brasil,Alemanha
14,2,Croácia,Alemanha
14,2,Suíça,Portugal
14,2,Uruguai,Portugal
14,2,Gana,Portugal
14,2,Irã,Portugal
14,2,Austrália,Portugal
14,2,Bélgica,Portugal
14,2,Equador,Portugal
14,2,Países Baixos,Portugal
14,2,Costa Rica,Portugal
14,2,Espanha,Portugal
14,2,Tunísia,Portugal
14,2,Polônia,Portugal
14,2,França,Portugal
14,2,Coreia do Sul,Portugal
14,2,Dinamarca,Portugal
14,2,Sérvia,Portugal
14,2,México,Portugal
14,2,Arábia Saudita,Portugal
14,2,Qatar,Portugal
14,2,Senegal,Portugal
14,2,Japão,Portugal
14,2,Camarões,Portugal
14,2,Canadá,Portugal
14,2,Inglaterra,Portugal
14,2,EUA,Portugal
14,2,Brasil,Portugal
14,2,Croácia,Portugal
14,2,Uruguai,Suíça
14,2,Gana,Suíça
14,2,Irã,Suíça
14,2,Austrália,Suíça
14,2,Bélgica,Suíça
14,2,Equador,Suíça
14,2,Países Baixos,Suíça
14,2,Costa Rica,Suíça
14,2,Espanha,Suíça
14,2,Tunísia,Suíça
14,2,Polônia,Suíça
14,2,França,Suíça
14,2,Coreia do Sul,Suíça
14,2,Dinamarca,Suíça
14,2,Sérvia,Suíça
14,2,México,Suíça
14,2,Arábia Saudita,Suíça
14,2,Qatar,Suíça
14,2,Senegal,Suíça
14,2,Japão,Suíça
14,2,Camarões,Suíça
14,2,Canadá,Suíça
14,2,Inglaterra,Suíça
14,2,EUA,Suíça
14,2,Brasil,Suíça
14,2,Croácia,Suíça
14,2,Gana,Uruguai
14,2,Irã,Uruguai
14,2,Austrália,Uruguai
14,2,Bélgica,Uruguai
14,2,Equador,Uruguai
14,2,Países Baixos,Uruguai
14,2,Costa Rica,Uruguai
14,2,Espanha,Uruguai
14,2,Tunísia,Uruguai
14,2,Polônia,Uruguai
14,2,França,Uruguai
14,2,Coreia do Sul,Uruguai
14,2,Dinamarca,Uruguai
14,2,Sérvia,Uruguai
14,2,México,Uruguai
14,2,Arábia Saudita,Uruguai
14,2,Qatar,Uruguai
14,2,Senegal,Uruguai
14,2,Japão,Uruguai
14,2,Camarões,Uruguai
14,2,Canadá,Uruguai
14,2,Inglaterra,Uruguai
14,2,EUA,Uruguai
14,2,Brasil,Uruguai
14,2,Croácia,Uruguai
14,2,Irã,Gana
14,2,Austrália,Gana
14,2,Bélgica,Gana
14,2,Equador,Gana
14,2,Países Baixos,Gana
14,2,Costa Rica,Gana
14,2,Espanha,Gana
14,2,Tunísia,Gana
14,2,Polônia,Gana
14,2,França,Gana
14,2,Coreia do Sul,Gana
14,2,Dinamarca,Gana
14,2,Sérvia,Gana
14,2,México,Gana
14,2,Arábia Saudita,Gana
14,2,Qatar,Gana
14,2,Senegal,Gana
14,2,Japão,Gana
14,2,Camarões,Gana
14,2,Canadá,Gana
14,2,Inglaterra,Gana
14,2,EUA,Gana
14,2,Brasil,Gana
14,2,Croácia,Gana
14,2,Austrália,Irã
14,2,Bélgica,Irã
14,2,Equador,Irã
14,2,Países Baixos,Irã
14,2,Costa Rica,Irã
14,2,Espanha,Irã
14,2,Tunísia,Irã
14,2,Polônia,Irã
14,2,França,Irã
14,2,Coreia do Sul,Irã
14,2,Dinamarca,Irã
14,2,Sérvia,Irã
14,2,México,Irã
14,2,Arábia Saudita,Irã
14,2,Qatar,Irã
14,2,Senegal,Irã
14,2,Japão,Irã
14,2,Camarões,Irã
14,2,Canadá,Irã
14,2,Inglaterra,Irã
14,2,EUA,Irã
14,2,Brasil,Irã
14,2,Croácia,Irã
14,2,Bélgica,Austrália
14,2,Equador,Austrália
14,2,Países Baixos,Austrália
14,2,Costa Rica,Austrália
14,2,Espanha,Austrália
14,2,Tunísia,Austrália
14,2,Polônia,Austrália
14,2,França,Austrália
14,2,Coreia do Sul,Austrália
14,2,Dinamarca,Austrália
14,2,Sérvia,Austrália
14,2,México,Austrália
14,2,Arábia Saudita,Austrália
14,2,Qatar,Austrália
14,2,Senegal,Austrália
14,2,Japão,Austrália
14,2,Camarões,Austrália
14,2,Canadá,Austrália
14,2,Inglaterra,Austrália
14,2,EUA,Austrália
14,2,Brasil,Austrália
14,2,Croácia,Austrália
14,2,Equador,Bélgica
14,2,Países Baixos,Bélgica
14,2,Costa Rica,Bélgica
14,2,Espanha,Bélgica
14,2,Tunísia,Bélgica
14,2,Polônia,Bélgica
14,2,França,Bélgica
14,2,Coreia do Sul,Bélgica
14,2,Dinamarca,Bélgica
14,2,Sérvia,Bélgica
14,2,México,Bélgica
14,2,Arábia Saudita,Bélgica
14,2,Qatar,Bélgica
14,2,Senegal,Bélgica
14,2,Japão,Bélgica
14,2,Camarões,Bélgica
14,2,Canadá,Bélgica
14,2,Inglaterra,Bélgica
14,2,EUA,Bélgica
14,2,Brasil,Bélgica
14,2,Croácia,Bélgica
14,2,Países Baixos,Equador
14,2,Costa Rica,Equador
14,2,Espanha,Equador
14,2,Tunísia,Equador
14,2,Polônia,Equador
14,2,França,Equador
14,2,Coreia do Sul,Equador
14,2,Dinamarca,Equador
14,2,Sérvia,Equador
14,2,México,Equador
14,2,Arábia Saudita,Equador
14,2,Qatar,Equador
14,2,Senegal,Equador
14,2,Japão,Equador
14,2,Camarões,Equador
14,2,Canadá,Equador
14,2,Inglaterra,Equador
14,2,EUA,Equador
14,2,Brasil,Equador
14,2,Croácia,Equador
14,2,Costa Rica,Países Baixos
14,2,Espanha,Países Baixos
14,2,Tunísia,Países Baixos
14,2,Polônia,Países Baixos
14,2,França,Países Baixos
14,2,Coreia do Sul,Países Baixos
14,2,Dinamarca,Países Baixos
14,2,Sérvia,Países Baixos
14,2,México,Países Baixos
14,2,Arábia Saudita,Países Baixos
14,2,Qatar,Países Baixos
14,2,Senegal,Países Baixos
14,2,Japão,Países Baixos
14,2,Camarões,Países Baixos
14,2,Canadá,Países Baixos
14,2,Inglaterra,Países Baixos
14,2,EUA,Países Baixos
14,2,Brasil,Países Baixos
14,2,Croácia,Países Baixos
14,2,Espanha,Costa Rica
14,2,Tunísia,Costa Rica
14,2,Polônia,Costa Rica
14,2,França,Costa Rica
14,2,Coreia do Sul,Costa Rica
14,2,Dinamarca,Costa Rica
14,2,Sérvia,Costa Rica
14,2,México,Costa Rica
14,2,Arábia Saudita,Costa Rica
14,2,Qatar,Costa Rica
14,2,Senegal,Costa Rica
14,2,Japão,Costa Rica
14,2,Camarões,Costa Rica
14,2,Canadá,Costa Rica
14,2,Inglaterra,Costa Rica
14,2,EUA,Costa Rica
14,2,Brasil,Costa Rica
14,2,Croácia,Costa Rica
14,2,Tunísia,Espanha
14,2,Polônia,Espanha
14,2,França,Espanha
14,2,Coreia do Sul,Espanha
14,2,Dinamarca,Espanha
14,2,Sérvia,Espanha
14,2,México,Espanha
14,2,Arábia Saudita,Espanha
14,2,Qatar,Espanha
14,2,Senegal,Espanha
14,2,Japão,Espanha
14,2,Camarões,Espanha
14,2,Canadá,Espanha
14,2,Inglaterra,Espanha
14,2,EUA,Espanha
14,2,Brasil,Espanha
14,2,Croácia,Espanha
14,2,Polônia,Tunísia
14,2,França,Tunísia
14,2,Coreia do Sul,Tunísia
14,2,Dinamarca,Tunísia
14,2,Sérvia,Tunísia
14,2,México,Tunísia
14,2,Arábia Saudita,Tunísia
14,2,Qatar,Tunísia
14,2,Senegal,Tunísia
14,2,Japão,Tunísia
14,2,Camarões,Tunísia
14,2,Canadá,Tunísia
14,2,Inglaterra,Tunísia
14,2,EUA,Tunísia
14,2,Brasil,Tunísia
14,2,Croácia,Tunísia
14,2,França,Polônia
14,2,Coreia do Sul,Polônia
14,2,Dinamarca,Polônia
14,2,Sérvia,Polônia
14,2,México,Polônia
14,2,Arábia Saudita,Polônia
14,2,Qatar,Polônia
14,2,Senegal,Polônia
14,2,Japão,Polônia
14,2,Camarões,Polônia
14,2,Canadá,Polônia
14,2,Inglaterra,Polônia
14,2,EUA,Polônia
14,2,Brasil,Polônia
14,2,Croácia,Polônia
14,2,Coreia do Sul,França
14,2,Dinamarca,França
14,2,Sérvia,França
14,2,México,França
14,2,Arábia Saudita,França
14,2,Qatar,França
14,2,Senegal,França
14,2,Japão,França
14,2,Camarões,França
14,2,Canadá,França
14,2,Inglaterra,França
14,2,EUA,França
14,2,Brasil,França
14,2,Croácia,França
14,2,Dinamarca,Coreia do Sul
14,2,Sérvia,Coreia do Sul
14,2,México,Coreia do Sul
14,2,Arábia Saudita,Coreia do Sul
14,2,Qatar,Coreia do Sul
14,2,Senegal,Coreia do Sul
14,2,Japão,Coreia do Sul
14,2,Camarões,Coreia do Sul
14,2,Canadá,Coreia do Sul
14,2,Inglaterra,Coreia do Sul
14,2,EUA,Coreia do Sul
14,2,Brasil,Coreia do Sul
14,2,Croácia,Coreia do Sul
14,2,Sérvia,Dinamarca
14,2,México,Dinamarca
14,2,Arábia Saudita,Dinamarca
14,2,Qatar,Dinamarca
14,2,Senegal,Dinamarca
14,2,Japão,Dinamarca
14,2,Camarões,Dinamarca
14,2,Canadá,Dinamarca
14,2,Inglaterra,Dinamarca
14,2,EUA,Dinamarca
14,2,Brasil,Dinamarca
14,2,Croácia,Dinamarca
14,2,México,Sérvia
14,2,Arábia Saudita,Sérvia
14,2,Qatar,Sérvia
14,2,Senegal,Sérvia
14,2,Japão,Sérvia
14,2,Camarões,Sérvia
14,2,Canadá,Sérvia
14,2,Inglaterra,Sérvia
14,2,EUA,Sérvia
14,2,Brasil,Sérvia
14,2,Croácia,Sérvia
14,2,Arábia Saudita,México
14,2,Qatar,México
14,2,Senegal,México
14,2,Japão,México
14,2,Camarões,México
14,2,Canadá,México
14,2,Inglaterra,México
14,2,EUA,México
14,2,Brasil,México
14,2,Croácia,México
14,2,Qatar,Arábia Saudita
14,2,Senegal,Arábia Saudita
14,2,Japão,Arábia Saudita
14,2,Camarões,Arábia Saudita
14,2,Canadá,Arábia Saudita
14,2,Inglaterra,Arábia Saudita
14,2,EUA,Arábia Saudita
14,2,Brasil,Arábia Saudita
14,2,Croácia,Arábia Saudita
14,2,Senegal,Qatar
14,2,Japão,Qatar
14,2,Camarões,Qatar
14,2,Canadá,Qatar
14,2,Inglaterra,Qatar
14,2,EUA,Qatar
14,2,Brasil,Qatar
14,2,Croácia,Qatar
14,2,Japão,Senegal
14,2,Camarões,Senegal
14,2,Canadá,Senegal
14,2,Inglaterra,Senegal
14,2,EUA,Senegal
14,2,Brasil,Senegal
14,2,Croácia,Senegal
14,2,Camarões,Japão
14,2,Canadá,Japão
14,2,Inglaterra,Japão
14,2,EUA,Japão
14,2,Brasil,Japão
14,2,Croácia,Japão
14,2,Canadá,Camarões
14,2,Inglaterra,Camarões
14,2,EUA,Camarões
14,2,Brasil,Camarões
14,2,Croácia,Camarões
14,2,Inglaterra,Canadá
14,2,EUA,Canadá
14,2,Brasil,Canadá
14,2,Croácia,Canadá
14,2,EUA,Inglaterra
14,2,Brasil,Inglaterra
14,2,Croácia,Inglaterra
14,2,Brasil,EUA
14,2,Croácia,EUA
14,2,Croácia,Brasil
14,5,Marrocos,Argentina
14,5,País de Gales,Argentina
14,5,Alemanha,Argentina
14,5,Portugal,Argentina
14,5,Suíça,Argentina
14,5,Uruguai,Argentina
14,5,Gana,Argentina
14,5,Irã,Argentina
14,5,Austrália,Argentina
14,5,Bélgica,Argentina
14,5,Equador,Argentina
14,5,Países Baixos,Argentina
14,5,Costa Rica,Argentina
14,5,Espanha,Argentina
14,5,Tunísia,Argentina
14,5,Polônia,Argentina
14,5,França,Argentina
14,5,Coreia do Sul,Argentina
14,5,Dinamarca,Argentina
14,5,Sérvia,Argentina
14,5,México,Argentina
14,5,Arábia Saudita,Argentina
14,5,Qatar,Argentina
14,5,Senegal,Argentina
14,5,Japão,Argentina
14,5,Camarões,Argentina
14,5,Canadá,Argentina
14,5,Inglaterra,Argentina
14,5,EUA,Argentina
14,5,Brasil,Argentina
14,5,Croácia,Argentina
14,5,País de Gales,Marrocos
14,5,Alemanha,Marrocos
14,5,Portugal,Marrocos
14,5,Suíça,Marrocos
14,5,Uruguai,Marrocos
14,5,Gana,Marrocos
14,5,Irã,Marrocos
14,5,Austrália,Marrocos
14,5,Bélgica,Marrocos
14,5,Equador,Marrocos
14,5,Países Baixos,Marrocos
14,5,Costa Rica,Marrocos
14,5,Espanha,Marrocos
14,5,Tunísia,Marrocos
14,5,Polônia,Marrocos
14,5,França,Marrocos
14,5,Coreia do Sul,Marrocos
14,5,Dinamarca,Marrocos
14,5,Sérvia,Marrocos
14,5,México,Marrocos
14,5,Arábia Saudita,Marrocos
14,5,Qatar,Marrocos
14,5,Senegal,Marrocos
14,5,Japão,Marrocos
14,5,Camarões,Marrocos
14,5,Canadá,Marrocos
14,5,Inglaterra,Marrocos
14,5,EUA,Marrocos
14,5,Brasil,Marrocos
14,5,Croácia,Marrocos
14,5,Alemanha,País de Gales
14,5,Portugal,País de Gales
14,5,Suíça,País de Gales
14,5,Uruguai,País de Gales
14,5,Gana,País de Gales
14,5,Irã,País de Gales
14,5,Austrália,País de Gales
14,5,Bélgica,País de Gales
14,5,Equador,País de Gales
14,5,Países Baixos,País de Gales
14,5,Costa Rica,País de Gales
14,5,Espanha,País de Gales
14,5,Tunísia,País de Gales
14,5,Polônia,País de Gales
14,5,França,País de Gales
14,5,Coreia do Sul,País de Gales
14,5,Dinamarca,País de Gales
14,5,Sérvia,País de Gales
14,5,México,País de Gales
14,5,Arábia Saudita,País de Gales
14,5,Qatar,País de Gales
14,5,Senegal,País de Gales
14,5,Japão,País de Gales
14,5,Camarões,País de Gales
14,5,Canadá,País de Gales
14,5,Inglaterra,País de Gales
14,5,EUA,País de Gales
14,5,Brasil,País de Gales
14,5,Croácia,País de Gales
14,5,Portugal,Alemanha
14,5,Suíça,Alemanha
14,5,Uruguai,Alemanha
14,5,Gana,Alemanha
14,5,Irã,Alemanha
14,5,Austrália,Alemanha
14,5,Bélgica,Alemanha
14,5,Equador,Alemanha
14,5,Países Baixos,Alemanha
14,5,Costa Rica,Alemanha
14,5,Espanha,Alemanha
14,5,Tunísia,Alemanha
14,5,Polônia,Alemanha
14,5,França,Alemanha
14,5,Coreia do Sul,Alemanha
14,5,Dinamarca,Alemanha
14,5,Sérvia,Alemanha
14,5,México,Alemanha
14,5,Arábia Saudita,Alemanha
14,5,Qatar,Alemanha
14,5,Senegal,Alemanha
14,5,Japão,Alemanha
14,5,Camarões,Alemanha
14,5,Canadá,Alemanha
14,5,Inglaterra,Alemanha
14,5,EUA,Alemanha
14,5,Brasil,Alemanha
14,5,Croácia,Alemanha
14,5,Suíça,Portugal
14,5,Uruguai,Portugal
14,5,Gana,Portugal
14,5,Irã,Portugal
14,5,Austrália,Portugal
14,5,Bélgica,Portugal
14,5,Equador,Portugal
14,5,Países Baixos,Portugal
14,5,Costa Rica,Portugal
14,5,Espanha,Portugal
14,5,Tunísia,Portugal
14,5,Polônia,Portugal
14,5,França,Portugal
14,5,Coreia do Sul,Portugal
14,5,Dinamarca,Portugal
14,5,Sérvia,Portugal
14,5,México,Portugal
14,5,Arábia Saudita,Portugal
14,5,Qatar,Portugal
14,5,Senegal,Portugal
14,5,Japão,Portugal
14,5,Camarões,Portugal
14,5,Canadá,Portugal
14,5,Inglaterra,Portugal
14,5,EUA,Portugal
14,5,Brasil,Portugal
14,5,Croácia,Portugal
14,5,Uruguai,Suíça
14,5,Gana,Suíça
14,5,Irã,Suíça
14,5,Austrália,Suíça
14,5,Bélgica,Suíça
14,5,Equador,Suíça
14,5,Países Baixos,Suíça
14,5,Costa Rica,Suíça
14,5,Espanha,Suíça
14,5,Tunísia,Suíça
14,5,Polônia,Suíça
14,5,França,Suíça
14,5,Coreia do Sul,Suíça
14,5,Dinamarca,Suíça
14,5,Sérvia,Suíça
14,5,México,Suíça
14,5,Arábia Saudita,Suíça
14,5,Qatar,Suíça
14,5,Senegal,Suíça
14,5,Japão,Suíça
14,5,Camarões,Suíça
14,5,Canadá,Suíça
14,5,Inglaterra,Suíça
14,5,EUA,Suíça
14,5,Brasil,Suíça
14,5,Croácia,Suíça
14,5,Gana,Uruguai
14,5,Irã,Uruguai
14,5,Austrália,Uruguai
14,5,Bélgica,Uruguai
14,5,Equador,Uruguai
14,5,Países Baixos,Uruguai
14,5,Costa Rica,Uruguai
14,5,Espanha,Uruguai
14,5,Tunísia,Uruguai
14,5,Polônia,Uruguai
14,5,França,Uruguai
14,5,Coreia do Sul,Uruguai
14,5,Dinamarca,Uruguai
14,5,Sérvia,Uruguai
14,5,México,Uruguai
14,5,Arábia Saudita,Uruguai
14,5,Qatar,Uruguai
14,5,Senegal,Uruguai
14,5,Japão,Uruguai
14,5,Camarões,Uruguai
14,5,Canadá,Uruguai
14,5,Inglaterra,Uruguai
14,5,EUA,Uruguai
14,5,Brasil,Uruguai
14,5,Croácia,Uruguai
14,5,Irã,Gana
14,5,Austrália,Gana
14,5,Bélgica,Gana
14,5,Equador,Gana
14,5,Países Baixos,Gana
14,5,Costa Rica,Gana
14,5,Espanha,Gana
14,5,Tunísia,Gana
14,5,Polônia,Gana
14,5,França,Gana
14,5,Coreia do Sul,Gana
14,5,Dinamarca,Gana
14,5,Sérvia,Gana
14,5,México,Gana
14,5,Arábia Saudita,Gana
14,5,Qatar,Gana
14,5,Senegal,Gana
14,5,Japão,Gana
14,5,Camarões,Gana
14,5,Canadá,Gana
14,5,Inglaterra,Gana
14,5,EUA,Gana
14,5,Brasil,Gana
14,5,Croácia,Gana
14,5,Austrália,Irã
14,5,Bélgica,Irã
14,5,Equador,Irã
14,5,Países Baixos,Irã
14,5,Costa Rica,Irã
14,5,Espanha,Irã
14,5,Tunísia,Irã
14,5,Polônia,Irã
14,5,França,Irã
14,5,Coreia do Sul,Irã
14,5,Dinamarca,Irã
14,5,Sérvia,Irã
14,5,México,Irã
14,5,Arábia Saudita,Irã
14,5,Qatar,Irã
14,5,Senegal,Irã
14,5,Japão,Irã
14,5,Camarões,Irã
14,5,Canadá,Irã
14,5,Inglaterra,Irã
14,5,EUA,Irã
14,5,Brasil,Irã
14,5,Croácia,Irã
14,5,Bélgica,Austrália
14,5,Equador,Austrália
14,5,Países Baixos,Austrália
14,5,Costa Rica,Austrália
14,5,Espanha,Austrália
14,5,Tunísia,Austrália
14,5,Polônia,Austrália
14,5,França,Austrália
14,5,Coreia do Sul,Austrália
14,5,Dinamarca,Austrália
14,5,Sérvia,Austrália
14,5,México,Austrália
14,5,Arábia Saudita,Austrália
14,5,Qatar,Austrália
14,5,Senegal,Austrália
14,5,Japão,Austrália
14,5,Camarões,Austrália
14,5,Canadá,Austrália
14,5,Inglaterra,Austrália
14,5,EUA,Austrália
14,5,Brasil,Austrália
14,5,Croácia,Austrália
14,5,Equador,Bélgica
14,5,Países Baixos,Bélgica
14,5,Costa Rica,Bélgica
14,5,Espanha,Bélgica
14,5,Tunísia,Bélgica
14,5,Polônia,Bélgica
14,5,França,Bélgica
14,5,Coreia do Sul,Bélgica
14,5,Dinamarca,Bélgica
14,5,Sérvia,Bélgica
14,5,México,Bélgica
14,5,Arábia Saudita,Bélgica
14,5,Qatar,Bélgica
14,5,Senegal,Bélgica
14,5,Japão,Bélgica
14,5,Camarões,Bélgica
14,5,Canadá,Bélgica
14,5,Inglaterra,Bélgica
14,5,EUA,Bélgica
14,5,Brasil,Bélgica
14,5,Croácia,Bélgica
14,5,Países Baixos,Equador
14,5,Costa Rica,Equador
14,5,Espanha,Equador
14,5,Tunísia,Equador
14,5,Polônia,Equador
14,5,França,Equador
14,5,Coreia do Sul,Equador
14,5,Dinamarca,Equador
14,5,Sérvia,Equador
14,5,México,Equador
14,5,Arábia Saudita,Equador
14,5,Qatar,Equador
14,5,Senegal,Equador
14,5,Japão,Equador
14,5,Camarões,Equador
14,5,Canadá,Equador
14,5,Inglaterra,Equador
14,5,EUA,Equador
14,5,Brasil,Equador
14,5,Croácia,Equador
14,5,Costa Rica,Países Baixos
14,5,Espanha,Países Baixos
14,5,Tunísia,Países Baixos
14,5,Polônia,Países Baixos
14,5,França,Países Baixos
14,5,Coreia do Sul,Países Baixos
14,5,Dinamarca,Países Baixos
14,5,Sérvia,Países Baixos
14,5,México,Países Baixos
14,5,Arábia Saudita,Países Baixos
14,5,Qatar,Países Baixos
14,5,Senegal,Países Baixos
14,5,Japão,Países Baixos
14,5,Camarões,Países Baixos
14,5,Canadá,Países Baixos
14,5,Inglaterra,Países Baixos
14,5,EUA,Países Baixos
14,5,Brasil,Países Baixos
14,5,Croácia,Países Baixos
14,5,Espanha,Costa Rica
14,5,Tunísia,Costa Rica
14,5,Polônia,Costa Rica
14,5,França,Costa Rica
14,5,Coreia do Sul,Costa Rica
14,5,Dinamarca,Costa Rica
14,5,Sérvia,Costa Rica
14,5,México,Costa Rica
14,5,Arábia Saudita,Costa Rica
14,5,Qatar,Costa Rica
14,5,Senegal,Costa Rica
14,5,Japão,Costa Rica
14,5,Camarões,Costa Rica
14,5,Canadá,Costa Rica
14,5,Inglaterra,Costa Rica
14,5,EUA,Costa Rica
14,5,Brasil,Costa Rica
14,5,Croácia,Costa Rica
14,5,Tunísia,Espanha
14,5,Polônia,Espanha
14,5,França,Espanha
14,5,Coreia do Sul,Espanha
14,5,Dinamarca,Espanha
14,5,Sérvia,Espanha
14,5,México,Espanha
14,5,Arábia Saudita,Espanha
14,5,Qatar,Espanha
14,5,Senegal,Espanha
14,5,Japão,Espanha
14,5,Camarões,Espanha
14,5,Canadá,Espanha
14,5,Inglaterra,Espanha
14,5,EUA,Espanha
14,5,Brasil,Espanha
14,5,Croácia,Espanha
14,5,Polônia,Tunísia
14,5,França,Tunísia
14,5,Coreia do Sul,Tunísia
14,5,Dinamarca,Tunísia
14,5,Sérvia,Tunísia
14,5,México,Tunísia
14,5,Arábia Saudita,Tunísia
14,5,Qatar,Tunísia
14,5,Senegal,Tunísia
14,5,Japão,Tunísia
14,5,Camarões,Tunísia
14,5,Canadá,Tunísia
14,5,Inglaterra,Tunísia
14,5,EUA,Tunísia
14,5,Brasil,Tunísia
14,5,Croácia,Tunísia
14,5,França,Polônia
14,5,Coreia do Sul,Polônia
14,5,Dinamarca,Polônia
14,5,Sérvia,Polônia
14,5,México,Polônia
14,5,Arábia Saudita,Polônia
14,5,Qatar,Polônia
14,5,Senegal,Polônia
14,5,Japão,Polônia
14,5,Camarões,Polônia
14,5,Canadá,Polônia
14,5,Inglaterra,Polônia
14,5,EUA,Polônia
14,5,Brasil,Polônia
14,5,Croácia,Polônia
14,5,Coreia do Sul,França
14,5,Dinamarca,França
14,5,Sérvia,França
14,5,México,França
14,5,Arábia Saudita,França
14,5,Qatar,França
14,5,Senegal,França
14,5,Japão,França
14,5,Camarões,França
14,5,Canadá,França
14,5,Inglaterra,França
14,5,EUA,França
14,5,Brasil,França
14,5,Croácia,França
14,5,Dinamarca,Coreia do Sul
14,5,Sérvia,Coreia do Sul
14,5,México,Coreia do Sul
14,5,Arábia Saudita,Coreia do Sul
14,5,Qatar,Coreia do Sul
14,5,Senegal,Coreia do Sul
14,5,Japão,Coreia do Sul
14,5,Camarões,Coreia do Sul
14,5,Canadá,Coreia do Sul
14,5,Inglaterra,Coreia do Sul
14,5,EUA,Coreia do Sul
14,5,Brasil,Coreia do Sul
14,5,Croácia,Coreia do Sul
14,5,Sérvia,Dinamarca
14,5,México,Dinamarca
14,5,Arábia Saudita,Dinamarca
14,5,Qatar,Dinamarca
14,5,Senegal,Dinamarca
14,5,Japão,Dinamarca
14,5,Camarões,Dinamarca
14,5,Canadá,Dinamarca
14,5,Inglaterra,Dinamarca
14,5,EUA,Dinamarca
14,5,Brasil,Dinamarca
14,5,Croácia,Dinamarca
14,5,México,Sérvia
14,5,Arábia Saudita,Sérvia
14,5,Qatar,Sérvia
14,5,Senegal,Sérvia
14,5,Japão,Sérvia
14,5,Camarões,Sérvia
14,5,Canadá,Sérvia
14,5,Inglaterra,Sérvia
14,5,EUA,Sérvia
14,5,Brasil,Sérvia
14,5,Croácia,Sérvia
14,5,Arábia Saudita,México
14,5,Qatar,México
14,5,Senegal,México
14,5,Japão,México
14,5,Camarões,México
14,5,Canadá,México
14,5,Inglaterra,México
14,5,EUA,México
14,5,Brasil,México
14,5,Croácia,México
14,5,Qatar,Arábia Saudita
14,5,Senegal,Arábia Saudita
14,5,Japão,Arábia Saudita
14,5,Camarões,Arábia Saudita
14,5,Canadá,Arábia Saudita
14,5,Inglaterra,Arábia Saudita
14,5,EUA,Arábia Saudita
14,5,Brasil,Arábia Saudita
14,5,Croácia,Arábia Saudita
14,5,Senegal,Qatar
14,5,Japão,Qatar
14,5,Camarões,Qatar
14,5,Canadá,Qatar
14,5,Inglaterra,Qatar
14,5,EUA,Qatar
14,5,Brasil,Qatar
14,5,Croácia,Qatar
14,5,Japão,Senegal
14,5,Camarões,Senegal
14,5,Canadá,Senegal
14,5,Inglaterra,Senegal
14,5,EUA,Senegal
14,5,Brasil,Senegal
14,5,Croácia,Senegal
14,5,Camarões,Japão
14,5,Canadá,Japão
14,5,Inglaterra,Japão
14,5,EUA,Japão
14,5,Brasil,Japão
14,5,Croácia,Japão
14,5,Canadá,Camarões
14,5,Inglaterra,Camarões
14,5,EUA,Camarões
14,5,Brasil,Camarões
14,5,Croácia,Camarões
14,5,Inglaterra,Canadá
14,5,EUA,Canadá
14,5,Brasil,Canadá
14,5,Croácia,Canadá
14,5,EUA,Inglaterra
14,5,Brasil,Inglaterra
14,5,Croácia,Inglaterra
14,5,Brasil,EUA
14,5,Croácia,EUA
14,5,Croácia,Brasil
14,8,Marrocos,Argentina
14,8,País de Gales,Argentina
14,8,Alemanha,Argentina
14,8,Portugal,Argentina
14,8,Suíça,Argentina
14,8,Uruguai,Argentina
14,8,Gana,Argentina
14,8,Irã,Argentina
14,8,Austrália,Argentina
14,8,Bélgica,Argentina
14,8,Equador,Argentina
14,8,Países Baixos,Argentina
14,8,Costa Rica,Argentina
14,8,Espanha,Argentina
14,8,Tunísia,Argentina
14,8,Polônia,Argentina
14,8,França,Argentina
14,8,Coreia do Sul,Argentina
14,8,Dinamarca,Argentina
14,8,Sérvia,Argentina
14,8,México,Argentina
14,8,Arábia Saudita,Argentina
14,8,Qatar,Argentina
14,8,Senegal,Argentina
14,8,Japão,Argentina
14,8,Camarões,Argentina
14,8,Canadá,Argentina
14,8,Inglaterra,Argentina
14,8,EUA,Argentina
14,8,Brasil,Argentina
14,8,Croácia,Argentina
14,8,País de Gales,Marrocos
14,8,Alemanha,Marrocos
14,8,Portugal,Marrocos
14,8,Suíça,Marrocos
14,8,Uruguai,Marrocos
14,8,Gana,Marrocos
14,8,Irã,Marrocos
14,8,Austrália,Marrocos
14,8,Bélgica,Marrocos
14,8,Equador,Marrocos
14,8,Países Baixos,Marrocos
14,8,Costa Rica,Marrocos
14,8,Espanha,Marrocos
14,8,Tunísia,Marrocos
14,8,Polônia,Marrocos
14,8,França,Marrocos
14,8,Coreia do Sul,Marrocos
14,8,Dinamarca,Marrocos
14,8,Sérvia,Marrocos
14,8,México,Marrocos
14,8,Arábia Saudita,Marrocos
14,8,Qatar,Marrocos
14,8,Senegal,Marrocos
14,8,Japão,Marrocos
14,8,Camarões,Marrocos
14,8,Canadá,Marrocos
14,8,Inglaterra,Marrocos
14,8,EUA,Marrocos
14,8,Brasil,Marrocos
14,8,Croácia,Marrocos
14,8,Alemanha,País de Gales
14,8,Portugal,País de Gales
14,8,Suíça,País de Gales
14,8,Uruguai,País de Gales
14,8,Gana,País de Gales
14,8,Irã,País de Gales
14,8,Austrália,País de Gales
14,8,Bélgica,País de Gales
14,8,Equador,País de Gales
14,8,Países Baixos,País de Gales
14,8,Costa Rica,País de Gales
14,8,Espanha,País de Gales
14,8,Tunísia,País de Gales
14,8,Polônia,País de Gales
14,8,França,País de Gales
14,8,Coreia do Sul,País de Gales
14,8,Dinamarca,País de Gales
14,8,Sérvia,País de Gales
14,8,México,País de Gales
14,8,Arábia Saudita,País de Gales
14,8,Qatar,País de Gales
14,8,Senegal,País de Gales
14,8,Japão,País de Gales
14,8,Camarões,País de Gales
14,8,Canadá,País de Gales
14,8,Inglaterra,País de Gales
14,8,EUA,País de Gales
14,8,Brasil,País de Gales
14,8,Croácia,País de Gales
14,8,Portugal,Alemanha
14,8,Suíça,Alemanha
14,8,Uruguai,Alemanha
14,8,Gana,Alemanha
14,8,Irã,Alemanha
14,8,Austrália,Alemanha
14,8,Bélgica,Alemanha
14,8,Equador,Alemanha
14,8,Países Baixos,Alemanha
14,8,Costa Rica,Alemanha
14,8,Espanha,Alemanha
14,8,Tunísia,Alemanha
14,8,Polônia,Alemanha
14,8,França,Alemanha
14,8,Coreia do Sul,Alemanha
14,8,Dinamarca,Alemanha
14,8,Sérvia,Alemanha
14,8,México,Alemanha
14,8,Arábia Saudita,Alemanha
14,8,Qatar,Alemanha
14,8,Senegal,Alemanha
14,8,Japão,Alemanha
14,8,Camarões,Alemanha
14,8,Canadá,Alemanha
14,8,Inglaterra,Alemanha
14,8,EUA,Alemanha
14,8,Brasil,Alemanha
14,8,Croácia,Alemanha
14,8,Suíça,Portugal
14,8,Uruguai,Portugal
14,8,Gana,Portugal
14,8,Irã,Portugal
14,8,Austrália,Portugal
14,8,Bélgica,Portugal
14,8,Equador,Portugal
14,8,Países Baixos,Portugal
14,8,Costa Rica,Portugal
14,8,Espanha,Portugal
14,8,Tunísia,Portugal
14,8,Polônia,Portugal
14,8,França,Portugal
14,8,Coreia do Sul,Portugal
14,8,Dinamarca,Portugal
14,8,Sérvia,Portugal
14,8,México,Portugal
14,8,Arábia Saudita,Portugal
14,8,Qatar,Portugal
14,8,Senegal,Portugal
14,8,Japão,Portugal
14,8,Camarões,Portugal
14,8,Canadá,Portugal
14,8,Inglaterra,Portugal
14,8,EUA,Portugal
14,8,Brasil,Portugal
14,8,Croácia,Portugal
14,8,Uruguai,Suíça
14,8,Gana,Suíça
14,8,Irã,Suíça
14,8,Austrália,Suíça
14,8,Bélgica,Suíça
14,8,Equador,Suíça
14,8,Países Baixos,Suíça
14,8,Costa Rica,Suíça
14,8,Espanha,Suíça
14,8,Tunísia,Suíça
14,8,Polônia,Suíça
14,8,França,Suíça
14,8,Coreia do Sul,Suíça
14,8,Dinamarca,Suíça
14,8,Sérvia,Suíça
14,8,México,Suíça
14,8,Arábia Saudita,Suíça
14,8,Qatar,Suíça
14,8,Senegal,Suíça
14,8,Japão,Suíça
14,8,Camarões,Suíça
14,8,Canadá,Suíça
14,8,Inglaterra,Suíça
14,8,EUA,Suíça
14,8,Brasil,Suíça
14,8,Croácia,Suíça
14,8,Gana,Uruguai
14,8,Irã,Uruguai
14,8,Austrália,Uruguai
14,8,Bélgica,Uruguai
14,8,Equador,Uruguai
14,8,Países Baixos,Uruguai
14,8,Costa Rica,Uruguai
14,8,Espanha,Uruguai
14,8,Tunísia,Uruguai
14,8,Polônia,Uruguai
14,8,França,Uruguai
14,8,Coreia do Sul,Uruguai
14,8,Dinamarca,Uruguai
14,8,Sérvia,Uruguai
14,8,México,Uruguai
14,8,Arábia Saudita,Uruguai
14,8,Qatar,Uruguai
14,8,Senegal,Uruguai
14,8,Japão,Uruguai
14,8,Camarões,Uruguai
14,8,Canadá,Uruguai
14,8,Inglaterra,Uruguai
14,8,EUA,Uruguai
14,8,Brasil,Uruguai
14,8,Croácia,Uruguai
14,8,Irã,Gana
14,8,Austrália,Gana
14,8,Bélgica,Gana
14,8,Equador,Gana
14,8,Países Baixos,Gana
14,8,Costa Rica,Gana
14,8,Espanha,Gana
14,8,Tunísia,Gana
14,8,Polônia,Gana
14,8,França,Gana
14,8,Coreia do Sul,Gana
14,8,Dinamarca,Gana
14,8,Sérvia,Gana
14,8,México,Gana
14,8,Arábia Saudita,Gana
14,8,Qatar,Gana
14,8,Senegal,Gana
14,8,Japão,Gana
14,8,Camarões,Gana
14,8,Canadá,Gana
14,8,Inglaterra,Gana
14,8,EUA,Gana
14,8,Brasil,Gana
14,8,Croácia,Gana
14,8,Austrália,Irã
14,8,Bélgica,Irã
14,8,Equador,Irã
14,8,Países Baixos,Irã
14,8,Costa Rica,Irã
14,8,Espanha,Irã
14,8,Tunísia,Irã
14,8,Polônia,Irã
14,8,França,Irã
14,8,Coreia do Sul,Irã
14,8,Dinamarca,Irã
14,8,Sérvia,Irã
14,8,México,Irã
14,8,Arábia Saudita,Irã
14,8,Qatar,Irã
14,8,Senegal,Irã
14,8,Japão,Irã
14,8,Camarões,Irã
14,8,Canadá,Irã
14,8,Inglaterra,Irã
14,8,EUA,Irã
14,8,Brasil,Irã
14,8,Croácia,Irã
14,8,Bélgica,Austrália
14,8,Equador,Austrália
14,8,Países Baixos,Austrália
14,8,Costa Rica,Austrália
14,8,Espanha,Austrália
14,8,Tunísia,Austrália
14,8,Polônia,Austrália
14,8,França,Austrália
14,8,Coreia do Sul,Austrália
14,8,Dinamarca,Austrália
14,8,Sérvia,Austrália
14,8,México,Austrália
14,8,Arábia Saudita,Austrália
14,8,Qatar,Austrália
14,8,Senegal,Austrália
14,8,Japão,Austrália
14,8,Camarões,Austrália
14,8,Canadá,Austrália
14,8,Inglaterra,Austrália
14,8,EUA,Austrália
14,8,Brasil,Austrália
14,8,Croácia,Austrália
14,8,Equador,Bélgica
14,8,Países Baixos,Bélgica
14,8,Costa Rica,Bélgica
14,8,Espanha,Bélgica
14,8,Tunísia,Bélgica
14,8,Polônia,Bélgica
14,8,França,Bélgica
14,8,Coreia do Sul,Bélgica
14,8,Dinamarca,Bélgica
14,8,Sérvia,Bélgica
14,8,México,Bélgica
14,8,Arábia Saudita,Bélgica
14,8,Qatar,Bélgica
14,8,Senegal,Bélgica
14,8,Japão,Bélgica
14,8,Camarões,Bélgica
14,8,Canadá,Bélgica
14,8,Inglaterra,Bélgica
14,8,EUA,Bélgica
14,8,Brasil,Bélgica
14,8,Croácia,Bélgica
14,8,Países Baixos,Equador
14,8,Costa Rica,Equador
14,8,Espanha,Equador
14,8,Tunísia,Equador
14,8,Polônia,Equador
14,8,França,Equador
14,8,Coreia do Sul,Equador
14,8,Dinamarca,Equador
14,8,Sérvia,Equador
14,8,México,Equador
14,8,Arábia Saudita,Equador
14,8,Qatar,Equador
14,8,Senegal,Equador
14,8,Japão,Equador
14,8,Camarões,Equador
14,8,Canadá,Equador
14,8,Inglaterra,Equador
14,8,EUA,Equador
14,8,Brasil,Equador
14,8,Croácia,Equador
14,8,Costa Rica,Países Baixos
14,8,Espanha,Países Baixos
14,8,Tunísia,Países Baixos
14,8,Polônia,Países Baixos
14,8,França,Países Baixos
14,8,Coreia do Sul,Países Baixos
14,8,Dinamarca,Países Baixos
14,8,Sérvia,Países Baixos
14,8,México,Países Baixos
14,8,Arábia Saudita,Países Baixos
14,8,Qatar,Países Baixos
14,8,Senegal,Países Baixos
14,8,Japão,Países Baixos
14,8,Camarões,Países Baixos
14,8,Canadá,Países Baixos
14,8,Inglaterra,Países Baixos
14,8,EUA,Países Baixos
14,8,Brasil,Países Baixos
14,8,Croácia,Países Baixos
14,8,Espanha,Costa Rica
14,8,Tunísia,Costa Rica
14,8,Polônia,Costa Rica
14,8,França,Costa Rica
14,8,Coreia do Sul,Costa Rica
14,8,Dinamarca,Costa Rica
14,8,Sérvia,Costa Rica
14,8,México,Costa Rica
14,8,Arábia Saudita,Costa Rica
14,8,Qatar,Costa Rica
14,8,Senegal,Costa Rica
14,8,Japão,Costa Rica
14,8,Camarões,Costa Rica
14,8,Canadá,Costa Rica
14,8,Inglaterra,Costa Rica
14,8,EUA,Costa Rica
14,8,Brasil,Costa Rica
14,8,Croácia,Costa Rica
14,8,Tunísia,Espanha
14,8,Polônia,Espanha
14,8,França,Espanha
14,8,Coreia do Sul,Espanha
14,8,Dinamarca,Espanha
14,8,Sérvia,Espanha
14,8,México,Espanha
14,8,Arábia Saudita,Espanha
14,8,Qatar,Espanha
14,8,Senegal,Espanha
14,8,Japão,Espanha
14,8,Camarões,Espanha
14,8,Canadá,Espanha
14,8,Inglaterra,Espanha
14,8,EUA,Espanha
14,8,Brasil,Espanha
14,8,Croácia,Espanha
14,8,Polônia,Tunísia
14,8,França,Tunísia
14,8,Coreia do Sul,Tunísia
14,8,Dinamarca,Tunísia
14,8,Sérvia,Tunísia
14,8,México,Tunísia
14,8,Arábia Saudita,Tunísia
14,8,Qatar,Tunísia
14,8,Senegal,Tunísia
14,8,Japão,Tunísia
14,8,Camarões,Tunísia
14,8,Canadá,Tunísia
14,8,Inglaterra,Tunísia
14,8,EUA,Tunísia
14,8,Brasil,Tunísia
14,8,Croácia,Tunísia
14,8,França,Polônia
14,8,Coreia do Sul,Polônia
14,8,Dinamarca,Polônia
14,8,Sérvia,Polônia
14,8,México,Polônia
14,8,Arábia Saudita,Polônia
14,8,Qatar,Polônia
14,8,Senegal,Polônia
14,8,Japão,Polônia
14,8,Camarões,Polônia
14,8,Canadá,Polônia
14,8,Inglaterra,Polônia
14,8,EUA,Polônia
14,8,Brasil,Polônia
14,8,Croácia,Polônia
14,8,Coreia do Sul,França
14,8,Dinamarca,França
14,8,Sérvia,França
14,8,México,França
14,8,Arábia Saudita,França
14,8,Qatar,França
14,8,Senegal,França
14,8,Japão,França
14,8,Camarões,França
14,8,Canadá,França
14,8,Inglaterra,França
14,8,EUA,França
14,8,Brasil,França
14,8,Croácia,França
14,8,Dinamarca,Coreia do Sul
14,8,Sérvia,Coreia do Sul
14,8,México,Coreia do Sul
14,8,Arábia Saudita,Coreia do Sul
14,8,Qatar,Coreia do Sul
14,8,Senegal,Coreia do Sul
14,8,Japão,Coreia do Sul
14,8,Camarões,Coreia do Sul
14,8,Canadá,Coreia do Sul
14,8,Inglaterra,Coreia do Sul
14,8,EUA,Coreia do Sul
14,8,Brasil,Coreia do Sul
14,8,Croácia,Coreia do Sul
14,8,Sérvia,Dinamarca
14,8,México,Dinamarca
14,8,Arábia Saudita,Dinamarca
14,8,Qatar,Dinamarca
14,8,Senegal,Dinamarca
14,8,Japão,Dinamarca
14,8,Camarões,Dinamarca
14,8,Canadá,Dinamarca
14,8,Inglaterra,Dinamarca
14,8,EUA,Dinamarca
14,8,Brasil,Dinamarca
14,8,Croácia,Dinamarca
14,8,México,Sérvia
14,8,Arábia Saudita,Sérvia
14,8,Qatar,Sérvia
14,8,Senegal,Sérvia
14,8,Japão,Sérvia
14,8,Camarões,Sérvia
14,8,Canadá,Sérvia
14,8,Inglaterra,Sérvia
14,8,EUA,Sérvia
14,8,Brasil,Sérvia
14,8,Croácia,Sérvia
14,8,Arábia Saudita,México
14,8,Qatar,México
14,8,Senegal,México
14,8,Japão,México
14,8,Camarões,México
14,8,Canadá,México
14,8,Inglaterra,México
14,8,EUA,México
14,8,Brasil,México
14,8,Croácia,México
14,8,Qatar,Arábia Saudita
14,8,Senegal,Arábia Saudita
14,8,Japão,Arábia Saudita
14,8,Camarões,Arábia Saudita
14,8,Canadá,Arábia Saudita
14,8,Inglaterra,Arábia Saudita
14,8,EUA,Arábia Saudita
14,8,Brasil,Arábia Saudita
14,8,Croácia,Arábia Saudita
14,8,Senegal,Qatar
14,8,Japão,Qatar
14,8,Camarões,Qatar
14,8,Canadá,Qatar
14,8,Inglaterra,Qatar
14,8,EUA,Qatar
14,8,Brasil,Qatar
14,8,Croácia,Qatar
14,8,Japão,Senegal
14,8,Camarões,Senegal
14,8,Canadá,Senegal
14,8,Inglaterra,Senegal
14,8,EUA,Senegal
14,8,Brasil,Senegal
14,8,Croácia,Senegal
14,8,Camarões,Japão
14,8,Canadá,Japão
14,8,Inglaterra,Japão
14,8,EUA,Japão
14,8,Brasil,Japão
14,8,Croácia,Japão
14,8,Canadá,Camarões
14,8,Inglaterra,Camarões
14,8,EUA,Camarões
14,8,Brasil,Camarões
14,8,Croácia,Camarões
14,8,Inglaterra,Canadá
14,8,EUA,Canadá
14,8,Brasil,Canadá
14,8,Croácia,Canadá
14,8,EUA,Inglaterra
14,8,Brasil,Inglaterra
14,8,Croácia,Inglaterra
14,8,Brasil,EUA
14,8,Croácia,EUA
14,8,Croácia,Brasil
14,11,Marrocos,Argentina
14,11,País de Gales,Argentina
14,11,Alemanha,Argentina
14,11,Portugal,Argentina
14,11,Suíça,Argentina
14,11,Uruguai,Argentina
14,11,Gana,Argentina
14,11,Irã,Argentina
14,11,Austrália,Argentina
14,11,Bélgica,Argentina
14,11,Equador,Argentina
14,11,Países Baixos,Argentina
14,11,Costa Rica,Argentina
14,11,Espanha,Argentina
14,11,Tunísia,Argentina
14,11,Polônia,Argentina
14,11,França,Argentina
14,11,Coreia do Sul,Argentina
14,11,Dinamarca,Argentina
14,11,Sérvia,Argentina
14,11,México,Argentina
14,11,Arábia Saudita,Argentina
14,11,Qatar,Argentina
14,11,Senegal,Argentina
14,11,Japão,Argentina
14,11,Camarões,Argentina
14,11,Canadá,Argentina
14,11,Inglaterra,Argentina
14,11,EUA,Argentina
14,11,Brasil,Argentina
14,11,Croácia,Argentina
14,11,País de Gales,Marrocos
14,11,Alemanha,Marrocos
14,11,Portugal,Marrocos
14,11,Suíça,Marrocos
14,11,Uruguai,Marrocos
14,11,Gana,Marrocos
14,11,Irã,Marrocos
14,11,Austrália,Marrocos
14,11,Bélgica,Marrocos
14,11,Equador,Marrocos
14,11,Países Baixos,Marrocos
14,11,Costa Rica,Marrocos
14,11,Espanha,Marrocos
14,11,Tunísia,Marrocos
14,11,Polônia,Marrocos
14,11,França,Marrocos
14,11,Coreia do Sul,Marrocos
14,11,Dinamarca,Marrocos
14,11,Sérvia,Marrocos
14,11,México,Marrocos
14,11,Arábia Saudita,Marrocos
14,11,Qatar,Marrocos
14,11,Senegal,Marrocos
14,11,Japão,Marrocos
14,11,Camarões,Marrocos
14,11,Canadá,Marrocos
14,11,Inglaterra,Marrocos
14,11,EUA,Marrocos
14,11,Brasil,Marrocos
14,11,Croácia,Marrocos
14,11,Alemanha,País de Gales
14,11,Portugal,País de Gales
14,11,Suíça,País de Gales
14,11,Uruguai,País de Gales
14,11,Gana,País de Gales
14,11,Irã,País de Gales
14,11,Austrália,País de Gales
14,11,Bélgica,País de Gales
14,11,Equador,País de Gales
14,11,Países Baixos,País de Gales
14,11,Costa Rica,País de Gales
14,11,Espanha,País de Gales
14,11,Tunísia,País de Gales
14,11,Polônia,País de Gales
14,11,França,País de Gales
14,11,Coreia do Sul,País de Gales
14,11,Dinamarca,País de Gales
14,11,Sérvia,País de Gales
14,11,México,País de Gales
14,11,Arábia Saudita,País de Gales
14,11,Qatar,País de Gales
14,11,Senegal,País de Gales
14,11,Japão,País de Gales
14,11,Camarões,País de Gales
14,11,Canadá,País de Gales
14,11,Inglaterra,País de Gales
14,11,EUA,País de Gales
14,11,Brasil,País de Gales
14,11,Croácia,País de Gales
14,11,Portugal,Alemanha
14,11,Suíça,Alemanha
14,11,Uruguai,Alemanha
14,11,Gana,Alemanha
14,11,Irã,Alemanha
14,11,Austrália,Alemanha
14,11,Bélgica,Alemanha
14,11,Equador,Alemanha
14,11,Países Baixos,Alemanha
14,11,Costa Rica,Alemanha
14,11,Espanha,Alemanha
14,11,Tunísia,Alemanha
14,11,Polônia,Alemanha
14,11,França,Alemanha
14,11,Coreia do Sul,Alemanha
14,11,Dinamarca,Alemanha
14,11,Sérvia,Alemanha
14,11,México,Alemanha
14,11,Arábia Saudita,Alemanha
14,11,Qatar,Alemanha
14,11,Senegal,Alemanha
14,11,Japão,Alemanha
14,11,Camarões,Alemanha
14,11,Canadá,Alemanha
14,11,Inglaterra,Alemanha
14,11,EUA,Alemanha
14,11,Brasil,Alemanha
14,11,Croácia,Alemanha
14,11,Suíça,Portugal
14,11,Uruguai,Portugal
14,11,Gana,Portugal
14,11,Irã,Portugal
14,11,Austrália,Portugal
14,11,Bélgica,Portugal
14,11,Equador,Portugal
14,11,Países Baixos,Portugal
14,11,Costa Rica,Portugal
14,11,Espanha,Portugal
14,11,Tunísia,Portugal
14,11,Polônia,Portugal
14,11,França,Portugal
14,11,Coreia do Sul,Portugal
14,11,Dinamarca,Portugal
14,11,Sérvia,Portugal
14,11,México,Portugal
14,11,Arábia Saudita,Portugal
14,11,Qatar,Portugal
14,11,Senegal,Portugal
14,11,Japão,Portugal
14,11,Camarões,Portugal
14,11,Canadá,Portugal
14,11,Inglaterra,Portugal
14,11,EUA,Portugal
14,11,Brasil,Portugal
14,11,Croácia,Portugal
14,11,Uruguai,Suíça
14,11,Gana,Suíça
14,11,Irã,Suíça
14,11,Austrália,Suíça
14,11,Bélgica,Suíça
14,11,Equador,Suíça
14,11,Países Baixos,Suíça
14,11,Costa Rica,Suíça
14,11,Espanha,Suíça
14,11,Tunísia,Suíça
14,11,Polônia,Suíça
14,11,França,Suíça
14,11,Coreia do Sul,Suíça
14,11,Dinamarca,Suíça
14,11,Sérvia,Suíça
14,11,México,Suíça
14,11,Arábia Saudita,Suíça
14,11,Qatar,Suíça
14,11,Senegal,Suíça
14,11,Japão,Suíça
14,11,Camarões,Suíça
14,11,Canadá,Suíça
14,11,Inglaterra,Suíça
14,11,EUA,Suíça
14,11,Brasil,Suíça
14,11,Croácia,Suíça
14,11,Gana,Uruguai
14,11,Irã,Uruguai
14,11,Austrália,Uruguai
14,11,Bélgica,Uruguai
14,11,Equador,Uruguai
14,11,Países Baixos,Uruguai
14,11,Costa Rica,Uruguai
14,11,Espanha,Uruguai
14,11,Tunísia,Uruguai
14,11,Polônia,Uruguai
14,11,França,Uruguai
14,11,Coreia do Sul,Uruguai
14,11,Dinamarca,Uruguai
14,11,Sérvia,Uruguai
14,11,México,Uruguai
14,11,Arábia Saudita,Uruguai
14,11,Qatar,Uruguai
14,11,Senegal,Uruguai
14,11,Japão,Uruguai
14,11,Camarões,Uruguai
14,11,Canadá,Uruguai
14,11,Inglaterra,Uruguai
14,11,EUA,Uruguai
14,11,Brasil,Uruguai
14,11,Croácia,Uruguai
14,11,Irã,Gana
14,11,Austrália,Gana
14,11,Bélgica,Gana
14,11,Equador,Gana
14,11,Países Baixos,Gana
14,11,Costa Rica,Gana
14,11,Espanha,Gana
14,11,Tunísia,Gana
14,11,Polônia,Gana
14,11,França,Gana
14,11,Coreia do Sul,Gana
14,11,Dinamarca,Gana
14,11,Sérvia,Gana
14,11,México,Gana
14,11,Arábia Saudita,Gana
14,11,Qatar,Gana
14,11,Senegal,Gana
14,11,Japão,Gana
14,11,Camarões,Gana
14,11,Canadá,Gana
14,11,Inglaterra,Gana
14,11,EUA,Gana
14,11,Brasil,Gana
14,11,Croácia,Gana
14,11,Austrália,Irã
14,11,Bélgica,Irã
14,11,Equador,Irã
14,11,Países Baixos,Irã
14,11,Costa Rica,Irã
14,11,Espanha,Irã
14,11,Tunísia,Irã
14,11,Polônia,Irã
14,11,França,Irã
14,11,Coreia do Sul,Irã
14,11,Dinamarca,Irã
14,11,Sérvia,Irã
14,11,México,Irã
14,11,Arábia Saudita,Irã
14,11,Qatar,Irã
14,11,Senegal,Irã
14,11,Japão,Irã
14,11,Camarões,Irã
14,11,Canadá,Irã
14,11,Inglaterra,Irã
14,11,EUA,Irã
14,11,Brasil,Irã
14,11,Croácia,Irã
14,11,Bélgica,Austrália
14,11,Equador,Austrália
14,11,Países Baixos,Austrália
14,11,Costa Rica,Austrália
14,11,Espanha,Austrália
14,11,Tunísia,Austrália
14,11,Polônia,Austrália
14,11,França,Austrália
14,11,Coreia do Sul,Austrália
14,11,Dinamarca,Austrália
14,11,Sérvia,Austrália
14,11,México,Austrália
14,11,Arábia Saudita,Austrália
14,11,Qatar,Austrália
14,11,Senegal,Austrália
14,11,Japão,Austrália
14,11,Camarões,Austrália
14,11,Canadá,Austrália
14,11,Inglaterra,Austrália
14,11,EUA,Austrália
14,11,Brasil,Austrália
14,11,Croácia,Austrália
14,11,Equador,Bélgica
14,11,Países Baixos,Bélgica
14,11,Costa Rica,Bélgica
14,11,Espanha,Bélgica
14,11,Tunísia,Bélgica
14,11,Polônia,Bélgica
14,11,França,Bélgica
14,11,Coreia do Sul,Bélgica
14,11,Dinamarca,Bélgica
14,11,Sérvia,Bélgica
14,11,México,Bélgica
14,11,Arábia Saudita,Bélgica
14,11,Qatar,Bélgica
14,11,Senegal,Bélgica
14,11,Japão,Bélgica
14,11,Camarões,Bélgica
14,11,Canadá,Bélgica
14,11,Inglaterra,Bélgica
14,11,EUA,Bélgica
14,11,Brasil,Bélgica
14,11,Croácia,Bélgica
14,11,Países Baixos,Equador
14,11,Costa Rica,Equador
14,11,Espanha,Equador
14,11,Tunísia,Equador
14,11,Polônia,Equador
14,11,França,Equador
14,11,Coreia do Sul,Equador
14,11,Dinamarca,Equador
14,11,Sérvia,Equador
14,11,México,Equador
14,11,Arábia Saudita,Equador
14,11,Qatar,Equador
14,11,Senegal,Equador
14,11,Japão,Equador
14,11,Camarões,Equador
14,11,Canadá,Equador
14,11,Inglaterra,Equador
14,11,EUA,Equador
14,11,Brasil,Equador
14,11,Croácia,Equador
14,11,Costa Rica,Países Baixos
14,11,Espanha,Países Baixos
14,11,Tunísia,Países Baixos
14,11,Polônia,Países Baixos
14,11,França,Países Baixos
14,11,Coreia do Sul,Países Baixos
14,11,Dinamarca,Países Baixos
14,11,Sérvia,Países Baixos
14,11,México,Países Baixos
14,11,Arábia Saudita,Países Baixos
14,11,Qatar,Países Baixos
14,11,Senegal,Países Baixos
14,11,Japão,Países Baixos
14,11,Camarões,Países Baixos
14,11,Canadá,Países Baixos
14,11,Inglaterra,Países Baixos
14,11,EUA,Países Baixos
14,11,Brasil,Países Baixos
14,11,Croácia,Países Baixos
14,11,Espanha,Costa Rica
14,11,Tunísia,Costa Rica
14,11,Polônia,Costa Rica
14,11,França,Costa Rica
14,11,Coreia do Sul,Costa Rica
14,11,Dinamarca,Costa Rica
14,11,Sérvia,Costa Rica
14,11,México,Costa Rica
14,11,Arábia Saudita,Costa Rica
14,11,Qatar,Costa Rica
14,11,Senegal,Costa Rica
14,11,Japão,Costa Rica
14,11,Camarões,Costa Rica
14,11,Canadá,Costa Rica
14,11,Inglaterra,Costa Rica
14,11,EUA,Costa Rica
14,11,Brasil,Costa Rica
14,11,Croácia,Costa Rica
14,11,Tunísia,Espanha
14,11,Polônia,Espanha
14,11,França,Espanha
14,11,Coreia do Sul,Espanha
14,11,Dinamarca,Espanha
14,11,Sérvia,Espanha
14,11,México,Espanha
14,11,Arábia Saudita,Espanha
14,11,Qatar,Espanha
14,11,Senegal,Espanha
14,11,Japão,Espanha
14,11,Camarões,Espanha
14,11,Canadá,Espanha
14,11,Inglaterra,Espanha
14,11,EUA,Espanha
14,11,Brasil,Espanha
14,11,Croácia,Espanha
14,11,Polônia,Tunísia
14,11,França,Tunísia
14,11,Coreia do Sul,Tunísia
14,11,Dinamarca,Tunísia
14,11,Sérvia,Tunísia
14,11,México,Tunísia
14,11,Arábia Saudita,Tunísia
14,11,Qatar,Tunísia
14,11,Senegal,Tunísia
14,11,Japão,Tunísia
14,11,Camarões,Tunísia
14,11,Canadá,Tunísia
14,11,Inglaterra,Tunísia
14,11,EUA,Tunísia
14,11,Brasil,Tunísia
14,11,Croácia,Tunísia
14,11,França,Polônia
14,11,Coreia do Sul,Polônia
14,11,Dinamarca,Polônia
14,11,Sérvia,Polônia
14,11,México,Polônia
14,11,Arábia Saudita,Polônia
14,11,Qatar,Polônia
14,11,Senegal,Polônia
14,11,Japão,Polônia
14,11,Camarões,Polônia
14,11,Canadá,Polônia
14,11,Inglaterra,Polônia
14,11,EUA,Polônia
14,11,Brasil,Polônia
14,11,Croácia,Polônia
14,11,Coreia do Sul,França
14,11,Dinamarca,França
14,11,Sérvia,França
14,11,México,França
14,11,Arábia Saudita,França
14,11,Qatar,França
14,11,Senegal,França
14,11,Japão,França
14,11,Camarões,França
14,11,Canadá,França
14,11,Inglaterra,França
14,11,EUA,França
14,11,Brasil,França
14,11,Croácia,França
14,11,Dinamarca,Coreia do Sul
14,11,Sérvia,Coreia do Sul
14,11,México,Coreia do Sul
14,11,Arábia Saudita,Coreia do Sul
14,11,Qatar,Coreia do Sul
14,11,Senegal,Coreia do Sul
14,11,Japão,Coreia do Sul
14,11,Camarões,Coreia do Sul
14,11,Canadá,Coreia do Sul
14,11,Inglaterra,Coreia do Sul
14,11,EUA,Coreia do Sul
14,11,Brasil,Coreia do Sul
14,11,Croácia,Coreia do Sul
14,11,Sérvia,Dinamarca
14,11,México,Dinamarca
14,11,Arábia Saudita,Dinamarca
14,11,Qatar,Dinamarca
14,11,Senegal,Dinamarca
14,11,Japão,Dinamarca
14,11,Camarões,Dinamarca
14,11,Canadá,Dinamarca
14,11,Inglaterra,Dinamarca
14,11,EUA,Dinamarca
14,11,Brasil,Dinamarca
14,11,Croácia,Dinamarca
14,11,México,Sérvia
14,11,Arábia Saudita,Sérvia
14,11,Qatar,Sérvia
14,11,Senegal,Sérvia
14,11,Japão,Sérvia
14,11,Camarões,Sérvia
14,11,Canadá,Sérvia
14,11,Inglaterra,Sérvia
14,11,EUA,Sérvia
14,11,Brasil,Sérvia
14,11,Croácia,Sérvia
14,11,Arábia Saudita,México
14,11,Qatar,México
14,11,Senegal,México
14,11,Japão,México
14,11,Camarões,México
14,11,Canadá,México
14,11,Inglaterra,México
14,11,EUA,México
14,11,Brasil,México
14,11,Croácia,México
14,11,Qatar,Arábia Saudita
14,11,Senegal,Arábia Saudita
14,11,Japão,Arábia Saudita
14,11,Camarões,Arábia Saudita
14,11,Canadá,Arábia Saudita
14,11,Inglaterra,Arábia Saudita
14,11,EUA,Arábia Saudita
14,11,Brasil,Arábia Saudita
14,11,Croácia,Arábia Saudita
14,11,Senegal,Qatar
14,11,Japão,Qatar
14,11,Camarões,Qatar
14,11,Canadá,Qatar
14,11,Inglaterra,Qatar
14,11,EUA,Qatar
14,11,Brasil,Qatar
14,11,Croácia,Qatar
14,11,Japão,Senegal
14,11,Camarões,Senegal
14,11,Canadá,Senegal
14,11,Inglaterra,Senegal
14,11,EUA,Senegal
14,11,Brasil,Senegal
14,11,Croácia,Senegal
14,11,Camarões,Japão
14,11,Canadá,Japão
14,11,Inglaterra,Japão
14,11,EUA,Japão
14,11,Brasil,Japão
14,11,Croácia,Japão
14,11,Canadá,Camarões
14,11,Inglaterra,Camarões
14,11,EUA,Camarões
14,11,Brasil,Camarões
14,11,Croácia,Camarões
14,11,Inglaterra,Canadá
14,11,EUA,Canadá
14,11,Brasil,Canadá
14,11,Croácia,Canadá
14,11,EUA,Inglaterra
14,11,Brasil,Inglaterra
14,11,Croácia,Inglaterra
14,11,Brasil,EUA
14,11,Croácia,EUA
14,11,Croácia,Brasil
14,14,Marrocos,Argentina
14,14,País de Gales,Argentina
14,14,Alemanha,Argentina
14,14,Portugal,Argentina
14,14,Suíça,Argentina
14,14,Uruguai,Argentina
14,14,Gana,Argentina
14,14,Irã,Argentina
14,14,Austrália,Argentina
14,14,Bélgica,Argentina
14,14,Equador,Argentina
14,14,Países Baixos,Argentina
14,14,Costa Rica,Argentina
14,14,Espanha,Argentina
14,14,Tunísia,Argentina
14,14,Polônia,Argentina
14,14,França,Argentina
14,14,Coreia do Sul,Argentina
14,14,Dinamarca,Argentina
14,14,Sérvia,Argentina
14,14,México,Argentina
14,14,Arábia Saudita,Argentina
14,14,Qatar,Argentina
14,14,Senegal,Argentina
14,14,Japão,Argentina
14,14,Camarões,Argentina
14,14,Canadá,Argentina
14,14,Inglaterra,Argentina
14,14,EUA,Argentina
14,14,Brasil,Argentina
14,14,Croácia,Argentina
14,14,País de Gales,Marrocos
14,14,Alemanha,Marrocos
14,14,Portugal,Marrocos
14,14,Suíça,Marrocos
14,14,Uruguai,Marrocos
14,14,Gana,Marrocos
14,14,Irã,Marrocos
14,14,Austrália,Marrocos
14,14,Bélgica,Marrocos
14,14,Equador,Marrocos
14,14,Países Baixos,Marrocos
14,14,Costa Rica,Marrocos
14,14,Espanha,Marrocos
14,14,Tunísia,Marrocos
14,14,Polônia,Marrocos
14,14,França,Marrocos
14,14,Coreia do Sul,Marrocos
14,14,Dinamarca,Marrocos
14,14,Sérvia,Marrocos
14,14,México,Marrocos
14,14,Arábia Saudita,Marrocos
14,14,Qatar,Marrocos
14,14,Senegal,Marrocos
14,14,Japão,Marrocos
14,14,Camarões,Marrocos
14,14,Canadá,Marrocos
14,14,Inglaterra,Marrocos
14,14,EUA,Marrocos
14,14,Brasil,Marrocos
14,14,Croácia,Marrocos
14,14,Alemanha,País de Gales
14,14,Portugal,País de Gales
14,14,Suíça,País de Gales
14,14,Uruguai,País de Gales
14,14,Gana,País de Gales
14,14,Irã,País de Gales
14,14,Austrália,País de Gales
14,14,Bélgica,País de Gales
14,14,Equador,País de Gales
14,14,Países Baixos,País de Gales
14,14,Costa Rica,País de Gales
14,14,Espanha,País de Gales
14,14,Tunísia,País de Gales
14,14,Polônia,País de Gales
14,14,França,País de Gales
14,14,Coreia do Sul,País de Gales
14,14,Dinamarca,País de Gales
14,14,Sérvia,País de Gales
14,14,México,País de Gales
14,14,Arábia Saudita,País de Gales
14,14,Qatar,País de Gales
14,14,Senegal,País de Gales
14,14,Japão,País de Gales
14,14,Camarões,País de Gales
14,14,Canadá,País de Gales
14,14,Inglaterra,País de Gales
14,14,EUA,País de Gales
14,14,Brasil,País de Gales
14,14,Croácia,País de Gales
14,14,Portugal,Alemanha
14,14,Suíça,Alemanha
14,14,Uruguai,Alemanha
14,14,Gana,Alemanha
14,14,Irã,Alemanha
14,14,Austrália,Alemanha
14,14,Bélgica,Alemanha
14,14,Equador,Alemanha
14,14,Países Baixos,Alemanha
14,14,Costa Rica,Alemanha
14,14,Espanha,Alemanha
14,14,Tunísia,Alemanha
14,14,Polônia,Alemanha
14,14,França,Alemanha
14,14,Coreia do Sul,Alemanha
14,14,Dinamarca,Alemanha
14,14,Sérvia,Alemanha
14,14,México,Alemanha
14,14,Arábia Saudita,Alemanha
14,14,Qatar,Alemanha
14,14,Senegal,Alemanha
14,14,Japão,Alemanha
14,14,Camarões,Alemanha
14,14,Canadá,Alemanha
14,14,Inglaterra,Alemanha
14,14,EUA,Alemanha
14,14,Brasil,Alemanha
14,14,Croácia,Alemanha
14,14,Suíça,Portugal
14,14,Uruguai,Portugal
14,14,Gana,Portugal
14,14,Irã,Portugal
14,14,Austrália,Portugal
14,14,Bélgica,Portugal
14,14,Equador,Portugal
14,14,Países Baixos,Portugal
14,14,Costa Rica,Portugal
14,14,Espanha,Portugal
14,14,Tunísia,Portugal
14,14,Polônia,Portugal
14,14,França,Portugal
14,14,Coreia do Sul,Portugal
14,14,Dinamarca,Portugal
14,14,Sérvia,Portugal
14,14,México,Portugal
14,14,Arábia Saudita,Portugal
14,14,Qatar,Portugal
14,14,Senegal,Portugal
14,14,Japão,Portugal
14,14,Camarões,Portugal
14,14,Canadá,Portugal
14,14,Inglaterra,Portugal
14,14,EUA,Portugal
14,14,Brasil,Portugal
14,14,Croácia,Portugal
14,14,Uruguai,Suíça
14,14,Gana,Suíça
14,14,Irã,Suíça
14,14,Austrália,Suíça
14,14,Bélgica,Suíça
14,14,Equador,Suíça
14,14,Países Baixos,Suíça
14,14,Costa Rica,Suíça
14,14,Espanha,Suíça
14,14,Tunísia,Suíça
14,14,Polônia,Suíça
14,14,França,Suíça
14,14,Coreia do Sul,Suíça
14,14,Dinamarca,Suíça
14,14,Sérvia,Suíça
14,14,México,Suíça
14,14,Arábia Saudita,Suíça
14,14,Qatar,Suíça
14,14,Senegal,Suíça
14,14,Japão,Suíça
14,14,Camarões,Suíça
14,14,Canadá,Suíça
14,14,Inglaterra,Suíça
14,14,EUA,Suíça
14,14,Brasil,Suíça
14,14,Croácia,Suíça
14,14,Gana,Uruguai
14,14,Irã,Uruguai
14,14,Austrália,Uruguai
14,14,Bélgica,Uruguai
14,14,Equador,Uruguai
14,14,Países Baixos,Uruguai
14,14,Costa Rica,Uruguai
14,14,Espanha,Uruguai
14,14,Tunísia,Uruguai
14,14,Polônia,Uruguai
14,14,França,Uruguai
14,14,Coreia do Sul,Uruguai
14,14,Dinamarca,Uruguai
14,14,Sérvia,Uruguai
14,14,México,Uruguai
14,14,Arábia Saudita,Uruguai
14,14,Qatar,Uruguai
14,14,Senegal,Uruguai
14,14,Japão,Uruguai
14,14,Camarões,Uruguai
14,14,Canadá,Uruguai
14,14,Inglaterra,Uruguai
14,14,EUA,Uruguai
14,14,Brasil,Uruguai
14,14,Croácia,Uruguai
14,14,Irã,Gana
14,14,Austrália,Gana
14,14,Bélgica,Gana
14,14,Equador,Gana
14,14,Países Baixos,Gana
14,14,Costa Rica,Gana
14,14,Espanha,Gana
14,14,Tunísia,Gana
14,14,Polônia,Gana
14,14,França,Gana
14,14,Coreia do Sul,Gana
14,14,Dinamarca,Gana
14,14,Sérvia,Gana
14,14,México,Gana
14,14,Arábia Saudita,Gana
14,14,Qatar,Gana
14,14,Senegal,Gana
14,14,Japão,Gana
14,14,Camarões,Gana
14,14,Canadá,Gana
14,14,Inglaterra,Gana
14,14,EUA,Gana
14,14,Brasil,Gana
14,14,Croácia,Gana
14,14,Austrália,Irã
14,14,Bélgica,Irã
14,14,Equador,Irã
14,14,Países Baixos,Irã
14,14,Costa Rica,Irã
14,14,Espanha,Irã
14,14,Tunísia,Irã
14,14,Polônia,Irã
14,14,França,Irã
14,14,Coreia do Sul,Irã
14,14,Dinamarca,Irã
14,14,Sérvia,Irã
14,14,México,Irã
14,14,Arábia Saudita,Irã
14,14,Qatar,Irã
14,14,Senegal,Irã
14,14,Japão,Irã
14,14,Camarões,Irã
14,14,Canadá,Irã
14,14,Inglaterra,Irã
14,14,EUA,Irã
14,14,Brasil,Irã
14,14,Croácia,Irã
14,14,Bélgica,Austrália
14,14,Equador,Austrália
14,14,Países Baixos,Austrália
14,14,Costa Rica,Austrália
14,14,Espanha,Austrália
14,14,Tunísia,Austrália
14,14,Polônia,Austrália
14,14,França,Austrália
14,14,Coreia do Sul,Austrália
14,14,Dinamarca,Austrália
14,14,Sérvia,Austrália
14,14,México,Austrália
14,14,Arábia Saudita,Austrália
14,14,Qatar,Austrália
14,14,Senegal,Austrália
14,14,Japão,Austrália
14,14,Camarões,Austrália
14,14,Canadá,Austrália
14,14,Inglaterra,Austrália
14,14,EUA,Austrália
14,14,Brasil,Austrália
14,14,Croácia,Austrália
14,14,Equador,Bélgica
14,14,Países Baixos,Bélgica
14,14,Costa Rica,Bélgica
14,14,Espanha,Bélgica
14,14,Tunísia,Bélgica
14,14,Polônia,Bélgica
14,14,França,Bélgica
14,14,Coreia do Sul,Bélgica
14,14,Dinamarca,Bélgica
14,14,Sérvia,Bélgica
14,14,México,Bélgica
14,14,Arábia Saudita,Bélgica
14,14,Qatar,Bélgica
14,14,Senegal,Bélgica
14,14,Japão,Bélgica
14,14,Camarões,Bélgica
14,14,Canadá,Bélgica
14,14,Inglaterra,Bélgica
14,14,EUA,Bélgica
14,14,Brasil,Bélgica
14,14,Croácia,Bélgica
14,14,Países Baixos,Equador
14,14,Costa Rica,Equador
14,14,Espanha,Equador
14,14,Tunísia,Equador
14,14,Polônia,Equador
14,14,França,Equador
14,14,Coreia do Sul,Equador
14,14,Dinamarca,Equador
14,14,Sérvia,Equador
14,14,México,Equador
14,14,Arábia Saudita,Equador
14,14,Qatar,Equador
14,14,Senegal,Equador
14,14,Japão,Equador
14,14,Camarões,Equador
14,14,Canadá,Equador
14,14,Inglaterra,Equador
14,14,EUA,Equador
14,14,Brasil,Equador
14,14,Croácia,Equador
14,14,Costa Rica,Países Baixos
14,14,Espanha,Países Baixos
14,14,Tunísia,Países Baixos
14,14,Polônia,Países Baixos
14,14,França,Países Baixos
14,14,Coreia do Sul,Países Baixos
14,14,Dinamarca,Países Baixos
14,14,Sérvia,Países Baixos
14,14,México,Países Baixos
14,14,Arábia Saudita,Países Baixos
14,14,Qatar,Países Baixos
14,14,Senegal,Países Baixos
14,14,Japão,Países Baixos
14,14,Camarões,Países Baixos
14,14,Canadá,Países Baixos
14,14,Inglaterra,Países Baixos
14,14,EUA,Países Baixos
14,14,Brasil,Países Baixos
14,14,Croácia,Países Baixos
14,14,Espanha,Costa Rica
14,14,Tunísia,Costa Rica
14,14,Polônia,Costa Rica
14,14,França,Costa Rica
14,14,Coreia do Sul,Costa Rica
14,14,Dinamarca,Costa Rica
14,14,Sérvia,Costa Rica
14,14,México,Costa Rica
14,14,Arábia Saudita,Costa Rica
14,14,Qatar,Costa Rica
14,14,Senegal,Costa Rica
14,14,Japão,Costa Rica
14,14,Camarões,Costa Rica
14,14,Canadá,Costa Rica
14,14,Inglaterra,Costa Rica
14,14,EUA,Costa Rica
14,14,Brasil,Costa Rica
14,14,Croácia,Costa Rica
14,14,Tunísia,Espanha
14,14,Polônia,Espanha
14,14,França,Espanha
14,14,Coreia do Sul,Espanha
14,14,Dinamarca,Espanha
14,14,Sérvia,Espanha
14,14,México,Espanha
14,14,Arábia Saudita,Espanha
14,14,Qatar,Espanha
14,14,Senegal,Espanha
14,14,Japão,Espanha
14,14,Camarões,Espanha
14,14,Canadá,Espanha
14,14,Inglaterra,Espanha
14,14,EUA,Espanha
14,14,Brasil,Espanha
14,14,Croácia,Espanha
14,14,Polônia,Tunísia
14,14,França,Tunísia
14,14,Coreia do Sul,Tunísia
14,14,Dinamarca,Tunísia
14,14,Sérvia,Tunísia
14,14,México,Tunísia
14,14,Arábia Saudita,Tunísia
14,14,Qatar,Tunísia
14,14,Senegal,Tunísia
14,14,Japão,Tunísia
14,14,Camarões,Tunísia
14,14,Canadá,Tunísia
14,14,Inglaterra,Tunísia
14,14,EUA,Tunísia
14,14,Brasil,Tunísia
14,14,Croácia,Tunísia
14,14,França,Polônia
14,14,Coreia do Sul,Polônia
14,14,Dinamarca,Polônia
14,14,Sérvia,Polônia
14,14,México,Polônia
14,14,Arábia Saudita,Polônia
14,14,Qatar,Polônia
14,14,Senegal,Polônia
14,14,Japão,Polônia
14,14,Camarões,Polônia
14,14,Canadá,Polônia
14,14,Inglaterra,Polônia
14,14,EUA,Polônia
14,14,Brasil,Polônia
14,14,Croácia,Polônia
14,14,Coreia do Sul,França
14,14,Dinamarca,França
14,14,Sérvia,França
14,14,México,França
14,14,Arábia Saudita,França
14,14,Qatar,França
14,14,Senegal,França
14,14,Japão,França
14,14,Camarões,França
14,14,Canadá,França
14,14,Inglaterra,França
14,14,EUA,França
14,14,Brasil,França
14,14,Croácia,França
14,14,Dinamarca,Coreia do Sul
14,14,Sérvia,Coreia do Sul
14,14,México,Coreia do Sul
14,14,Arábia Saudita,Coreia do Sul
14,14,Qatar,Coreia do Sul
14,14,Senegal,Coreia do Sul
14,14,Japão,Coreia do Sul
14,14,Camarões,Coreia do Sul
14,14,Canadá,Coreia do Sul
14,14,Inglaterra,Coreia do Sul
14,14,EUA,Coreia do Sul
14,14,Brasil,Coreia do Sul
14,14,Croácia,Coreia do Sul
14,14,Sérvia,Dinamarca
14,14,México,Dinamarca
14,14,Arábia Saudita,Dinamarca
14,14,Qatar,Dinamarca
14,14,Senegal,Dinamarca
14,14,Japão,Dinamarca
14,14,Camarões,Dinamarca
14,14,Canadá,Dinamarca
14,14,Inglaterra,Dinamarca
14,14,EUA,Dinamarca
14,14,Brasil,Dinamarca
14,14,Croácia,Dinamarca
14,14,México,Sérvia
14,14,Arábia Saudita,Sérvia
14,14,Qatar,Sérvia
14,14,Senegal,Sérvia
14,14,Japão,Sérvia
14,14,Camarões,Sérvia
14,14,Canadá,Sérvia
14,14,Inglaterra,Sérvia
14,14,EUA,Sérvia
14,14,Brasil,Sérvia
14,14,Croácia,Sérvia
14,14,Arábia Saudita,México
14,14,Qatar,México
14,14,Senegal,México
14,14,Japão,México
14,14,Camarões,México
14,14,Canadá,México
14,14,Inglaterra,México
14,14,EUA,México
14,14,Brasil,México
14,14,Croácia,México
14,14,Qatar,Arábia Saudita
14,14,Senegal,Arábia Saudita
14,14,Japão,Arábia Saudita
14,14,Camarões,Arábia Saudita
14,14,Canadá,Arábia Saudita
14,14,Inglaterra,Arábia Saudita
14,14,EUA,Arábia Saudita
14,14,Brasil,Arábia Saudita
14,14,Croácia,Arábia Saudita
14,14,Senegal,Qatar
14,14,Japão,Qatar
14,14,Camarões,Qatar
14,14,Canadá,Qatar
14,14,Inglaterra,Qatar
14,14,EUA,Qatar
14,14,Brasil,Qatar
14,14,Croácia,Qatar
14,14,Japão,Senegal
14,14,Camarões,Senegal
14,14,Canadá,Senegal
14,14,Inglaterra,Senegal
14,14,EUA,Senegal
14,14,Brasil,Senegal
14,14,Croácia,Senegal
14,14,Camarões,Japão
14,14,Canadá,Japão
14,14,Inglaterra,Japão
14,14,EUA,Japão
14,14,Brasil,Japão
14,14,Croácia,Japão
14,14,Canadá,Camarões
14,14,Inglaterra,Camarões
14,14,EUA,Camarões
14,14,Brasil,Camarões
14,14,Croácia,Camarões
14,14,Inglaterra,Canadá
14,14,EUA,Canadá
14,14,Brasil,Canadá
14,14,Croácia,Canadá
14,14,EUA,Inglaterra
14,14,Brasil,Inglaterra
14,14,Croácia,Inglaterra
14,14,Brasil,EUA
14,14,Croácia,EUA
14,14,Croácia,Brasil
14,17,Marrocos,Argentina
14,17,País de Gales,Argentina
14,17,Alemanha,Argentina
14,17,Portugal,Argentina
14,17,Suíça,Argentina
14,17,Uruguai,Argentina
14,17,Gana,Argentina
14,17,Irã,Argentina
14,17,Austrália,Argentina
14,17,Bélgica,Argentina
14,17,Equador,Argentina
14,17,Países Baixos,Argentina
14,17,Costa Rica,Argentina
14,17,Espanha,Argentina
14,17,Tunísia,Argentina
14,17,Polônia,Argentina
14,17,França,Argentina
14,17,Coreia do Sul,Argentina
14,17,Dinamarca,Argentina
14,17,Sérvia,Argentina
14,17,México,Argentina
14,17,Arábia Saudita,Argentina
14,17,Qatar,Argentina
14,17,Senegal,Argentina
14,17,Japão,Argentina
14,17,Camarões,Argentina
14,17,Canadá,Argentina
14,17,Inglaterra,Argentina
14,17,EUA,Argentina
14,17,Brasil,Argentina
14,17,Croácia,Argentina
14,17,País de Gales,Marrocos
14,17,Alemanha,Marrocos
14,17,Portugal,Marrocos
14,17,Suíça,Marrocos
14,17,Uruguai,Marrocos
14,17,Gana,Marrocos
14,17,Irã,Marrocos
14,17,Austrália,Marrocos
14,17,Bélgica,Marrocos
14,17,Equador,Marrocos
14,17,Países Baixos,Marrocos
14,17,Costa Rica,Marrocos
14,17,Espanha,Marrocos
14,17,Tunísia,Marrocos
14,17,Polônia,Marrocos
14,17,França,Marrocos
14,17,Coreia do Sul,Marrocos
14,17,Dinamarca,Marrocos
14,17,Sérvia,Marrocos
14,17,México,Marrocos
14,17,Arábia Saudita,Marrocos
14,17,Qatar,Marrocos
14,17,Senegal,Marrocos
14,17,Japão,Marrocos
14,17,Camarões,Marrocos
14,17,Canadá,Marrocos
14,17,Inglaterra,Marrocos
14,17,EUA,Marrocos
14,17,Brasil,Marrocos
14,17,Croácia,Marrocos
14,17,Alemanha,País de Gales
14,17,Portugal,País de Gales
14,17,Suíça,País de Gales
14,17,Uruguai,País de Gales
14,17,Gana,País de Gales
14,17,Irã,País de Gales
14,17,Austrália,País de Gales
14,17,Bélgica,País de Gales
14,17,Equador,País de Gales
14,17,Países Baixos,País de Gales
14,17,Costa Rica,País de Gales
14,17,Espanha,País de Gales
14,17,Tunísia,País de Gales
14,17,Polônia,País de Gales
14,17,França,País de Gales
14,17,Coreia do Sul,País de Gales
14,17,Dinamarca,País de Gales
14,17,Sérvia,País de Gales
14,17,México,País de Gales
14,17,Arábia Saudita,País de Gales
14,17,Qatar,País de Gales
14,17,Senegal,País de Gales
14,17,Japão,País de Gales
14,17,Camarões,País de Gales
14,17,Canadá,País de Gales
14,17,Inglaterra,País de Gales
14,17,EUA,País de Gales
14,17,Brasil,País de Gales
14,17,Croácia,País de Gales
14,17,Portugal,Alemanha
14,17,Suíça,Alemanha
14,17,Uruguai,Alemanha
14,17,Gana,Alemanha
14,17,Irã,Alemanha
14,17,Austrália,Alemanha
14,17,Bélgica,Alemanha
14,17,Equador,Alemanha
14,17,Países Baixos,Alemanha
14,17,Costa Rica,Alemanha
14,17,Espanha,Alemanha
14,17,Tunísia,Alemanha
14,17,Polônia,Alemanha
14,17,França,Alemanha
14,17,Coreia do Sul,Alemanha
14,17,Dinamarca,Alemanha
14,17,Sérvia,Alemanha
14,17,México,Alemanha
14,17,Arábia Saudita,Alemanha
14,17,Qatar,Alemanha
14,17,Senegal,Alemanha
14,17,Japão,Alemanha
14,17,Camarões,Alemanha
14,17,Canadá,Alemanha
14,17,Inglaterra,Alemanha
14,17,EUA,Alemanha
14,17,Brasil,Alemanha
14,17,Croácia,Alemanha
14,17,Suíça,Portugal
14,17,Uruguai,Portugal
14,17,Gana,Portugal
14,17,Irã,Portugal
14,17,Austrália,Portugal
14,17,Bélgica,Portugal
14,17,Equador,Portugal
14,17,Países Baixos,Portugal
14,17,Costa Rica,Portugal
14,17,Espanha,Portugal
14,17,Tunísia,Portugal
14,17,Polônia,Portugal
14,17,França,Portugal
14,17,Coreia do Sul,Portugal
14,17,Dinamarca,Portugal
14,17,Sérvia,Portugal
14,17,México,Portugal
14,17,Arábia Saudita,Portugal
14,17,Qatar,Portugal
14,17,Senegal,Portugal
14,17,Japão,Portugal
14,17,Camarões,Portugal
14,17,Canadá,Portugal
14,17,Inglaterra,Portugal
14,17,EUA,Portugal
14,17,Brasil,Portugal
14,17,Croácia,Portugal
14,17,Uruguai,Suíça
14,17,Gana,Suíça
14,17,Irã,Suíça
14,17,Austrália,Suíça
14,17,Bélgica,Suíça
14,17,Equador,Suíça
14,17,Países Baixos,Suíça
14,17,Costa Rica,Suíça
14,17,Espanha,Suíça
14,17,Tunísia,Suíça
14,17,Polônia,Suíça
14,17,França,Suíça
14,17,Coreia do Sul,Suíça
14,17,Dinamarca,Suíça
14,17,Sérvia,Suíça
14,17,México,Suíça
14,17,Arábia Saudita,Suíça
14,17,Qatar,Suíça
14,17,Senegal,Suíça
14,17,Japão,Suíça
14,17,Camarões,Suíça
14,17,Canadá,Suíça
14,17,Inglaterra,Suíça
14,17,EUA,Suíça
14,17,Brasil,Suíça
14,17,Croácia,Suíça
14,17,Gana,Uruguai
14,17,Irã,Uruguai
14,17,Austrália,Uruguai
14,17,Bélgica,Uruguai
14,17,Equador,Uruguai
14,17,Países Baixos,Uruguai
14,17,Costa Rica,Uruguai
14,17,Espanha,Uruguai
14,17,Tunísia,Uruguai
14,17,Polônia,Uruguai
14,17,França,Uruguai
14,17,Coreia do Sul,Uruguai
14,17,Dinamarca,Uruguai
14,17,Sérvia,Uruguai
14,17,México,Uruguai
14,17,Arábia Saudita,Uruguai
14,17,Qatar,Uruguai
14,17,Senegal,Uruguai
14,17,Japão,Uruguai
14,17,Camarões,Uruguai
14,17,Canadá,Uruguai
14,17,Inglaterra,Uruguai
14,17,EUA,Uruguai
14,17,Brasil,Uruguai
14,17,Croácia,Uruguai
14,17,Irã,Gana
14,17,Austrália,Gana
14,17,Bélgica,Gana
14,17,Equador,Gana
14,17,Países Baixos,Gana
14,17,Costa Rica,Gana
14,17,Espanha,Gana
14,17,Tunísia,Gana
14,17,Polônia,Gana
14,17,França,Gana
14,17,Coreia do Sul,Gana
14,17,Dinamarca,Gana
14,17,Sérvia,Gana
14,17,México,Gana
14,17,Arábia Saudita,Gana
14,17,Qatar,Gana
14,17,Senegal,Gana
14,17,Japão,Gana
14,17,Camarões,Gana
14,17,Canadá,Gana
14,17,Inglaterra,Gana
14,17,EUA,Gana
14,17,Brasil,Gana
14,17,Croácia,Gana
14,17,Austrália,Irã
14,17,Bélgica,Irã
14,17,Equador,Irã
14,17,Países Baixos,Irã
14,17,Costa Rica,Irã
14,17,Espanha,Irã
14,17,Tunísia,Irã
14,17,Polônia,Irã
14,17,França,Irã
14,17,Coreia do Sul,Irã
14,17,Dinamarca,Irã
14,17,Sérvia,Irã
14,17,México,Irã
14,17,Arábia Saudita,Irã
14,17,Qatar,Irã
14,17,Senegal,Irã
14,17,Japão,Irã
14,17,Camarões,Irã
14,17,Canadá,Irã
14,17,Inglaterra,Irã
14,17,EUA,Irã
14,17,Brasil,Irã
14,17,Croácia,Irã
14,17,Bélgica,Austrália
14,17,Equador,Austrália
14,17,Países Baixos,Austrália
14,17,Costa Rica,Austrália
14,17,Espanha,Austrália
14,17,Tunísia,Austrália
14,17,Polônia,Austrália
14,17,França,Austrália
14,17,Coreia do Sul,Austrália
14,17,Dinamarca,Austrália
14,17,Sérvia,Austrália
14,17,México,Austrália
14,17,Arábia Saudita,Austrália
14,17,Qatar,Austrália
14,17,Senegal,Austrália
14,17,Japão,Austrália
14,17,Camarões,Austrália
14,17,Canadá,Austrália
14,17,Inglaterra,Austrália
14,17,EUA,Austrália
14,17,Brasil,Austrália
14,17,Croácia,Austrália
14,17,Equador,Bélgica
14,17,Países Baixos,Bélgica
14,17,Costa Rica,Bélgica
14,17,Espanha,Bélgica
14,17,Tunísia,Bélgica
14,17,Polônia,Bélgica
14,17,França,Bélgica
14,17,Coreia do Sul,Bélgica
14,17,Dinamarca,Bélgica
14,17,Sérvia,Bélgica
14,17,México,Bélgica
14,17,Arábia Saudita,Bélgica
14,17,Qatar,Bélgica
14,17,Senegal,Bélgica
14,17,Japão,Bélgica
14,17,Camarões,Bélgica
14,17,Canadá,Bélgica
14,17,Inglaterra,Bélgica
14,17,EUA,Bélgica
14,17,Brasil,Bélgica
14,17,Croácia,Bélgica
14,17,Países Baixos,Equador
14,17,Costa Rica,Equador
14,17,Espanha,Equador
14,17,Tunísia,Equador
14,17,Polônia,Equador
14,17,França,Equador
14,17,Coreia do Sul,Equador
14,17,Dinamarca,Equador
14,17,Sérvia,Equador
14,17,México,Equador
14,17,Arábia Saudita,Equador
14,17,Qatar,Equador
14,17,Senegal,Equador
14,17,Japão,Equador
14,17,Camarões,Equador
14,17,Canadá,Equador
14,17,Inglaterra,Equador
14,17,EUA,Equador
14,17,Brasil,Equador
14,17,Croácia,Equador
14,17,Costa Rica,Países Baixos
14,17,Espanha,Países Baixos
14,17,Tunísia,Países Baixos
14,17,Polônia,Países Baixos
14,17,França,Países Baixos
14,17,Coreia do Sul,Países Baixos
14,17,Dinamarca,Países Baixos
14,17,Sérvia,Países Baixos
14,17,México,Países Baixos
14,17,Arábia Saudita,Países Baixos
14,17,Qatar,Países Baixos
14,17,Senegal,Países Baixos
14,17,Japão,Países Baixos
14,17,Camarões,Países Baixos
14,17,Canadá,Países Baixos
14,17,Inglaterra,Países Baixos
14,17,EUA,Países Baixos
14,17,Brasil,Países Baixos
14,17,Croácia,Países Baixos
14,17,Espanha,Costa Rica
14,17,Tunísia,Costa Rica
14,17,Polônia,Costa Rica
14,17,França,Costa Rica
14,17,Coreia do Sul,Costa Rica
14,17,Dinamarca,Costa Rica
14,17,Sérvia,Costa Rica
14,17,México,Costa Rica
14,17,Arábia Saudita,Costa Rica
14,17,Qatar,Costa Rica
14,17,Senegal,Costa Rica
14,17,Japão,Costa Rica
14,17,Camarões,Costa Rica
14,17,Canadá,Costa Rica
14,17,Inglaterra,Costa Rica
14,17,EUA,Costa Rica
14,17,Brasil,Costa Rica
14,17,Croácia,Costa Rica
14,17,Tunísia,Espanha
14,17,Polônia,Espanha
14,17,França,Espanha
14,17,Coreia do Sul,Espanha
14,17,Dinamarca,Espanha
14,17,Sérvia,Espanha
14,17,México,Espanha
14,17,Arábia Saudita,Espanha
14,17,Qatar,Espanha
14,17,Senegal,Espanha
14,17,Japão,Espanha
14,17,Camarões,Espanha
14,17,Canadá,Espanha
14,17,Inglaterra,Espanha
14,17,EUA,Espanha
14,17,Brasil,Espanha
14,17,Croácia,Espanha
14,17,Polônia,Tunísia
14,17,França,Tunísia
14,17,Coreia do Sul,Tunísia
14,17,Dinamarca,Tunísia
14,17,Sérvia,Tunísia
14,17,México,Tunísia
14,17,Arábia Saudita,Tunísia
14,17,Qatar,Tunísia
14,17,Senegal,Tunísia
14,17,Japão,Tunísia
14,17,Camarões,Tunísia
14,17,Canadá,Tunísia
14,17,Inglaterra,Tunísia
14,17,EUA,Tunísia
14,17,Brasil,Tunísia
14,17,Croácia,Tunísia
14,17,França,Polônia
14,17,Coreia do Sul,Polônia
14,17,Dinamarca,Polônia
14,17,Sérvia,Polônia
14,17,México,Polônia
14,17,Arábia Saudita,Polônia
14,17,Qatar,Polônia
14,17,Senegal,Polônia
14,17,Japão,Polônia
14,17,Camarões,Polônia
14,17,Canadá,Polônia
14,17,Inglaterra,Polônia
14,17,EUA,Polônia
14,17,Brasil,Polônia
14,17,Croácia,Polônia
14,17,Coreia do Sul,França
14,17,Dinamarca,França
14,17,Sérvia,França
14,17,México,França
14,17,Arábia Saudita,França
14,17,Qatar,França
14,17,Senegal,França
14,17,Japão,França
14,17,Camarões,França
14,17,Canadá,França
14,17,Inglaterra,França
14,17,EUA,França
14,17,Brasil,França
14,17,Croácia,França
14,17,Dinamarca,Coreia do Sul
14,17,Sérvia,Coreia do Sul
14,17,México,Coreia do Sul
14,17,Arábia Saudita,Coreia do Sul
14,17,Qatar,Coreia do Sul
14,17,Senegal,Coreia do Sul
14,17,Japão,Coreia do Sul
14,17,Camarões,Coreia do Sul
14,17,Canadá,Coreia do Sul
14,17,Inglaterra,Coreia do Sul
14,17,EUA,Coreia do Sul
14,17,Brasil,Coreia do Sul
14,17,Croácia,Coreia do Sul
14,17,Sérvia,Dinamarca
14,17,México,Dinamarca
14,17,Arábia Saudita,Dinamarca
14,17,Qatar,Dinamarca
14,17,Senegal,Dinamarca
14,17,Japão,Dinamarca
14,17,Camarões,Dinamarca
14,17,Canadá,Dinamarca
14,17,Inglaterra,Dinamarca
14,17,EUA,Dinamarca
14,17,Brasil,Dinamarca
14,17,Croácia,Dinamarca
14,17,México,Sérvia
14,17,Arábia Saudita,Sérvia
14,17,Qatar,Sérvia
14,17,Senegal,Sérvia
14,17,Japão,Sérvia
14,17,Camarões,Sérvia
14,17,Canadá,Sérvia
14,17,Inglaterra,Sérvia
14,17,EUA,Sérvia
14,17,Brasil,Sérvia
14,17,Croácia,Sérvia
14,17,Arábia Saudita,México
14,17,Qatar,México
14,17,Senegal,México
14,17,Japão,México
14,17,Camarões,México
14,17,Canadá,México
14,17,Inglaterra,México
14,17,EUA,México
14,17,Brasil,México
14,17,Croácia,México
14,17,Qatar,Arábia Saudita
14,17,Senegal,Arábia Saudita
14,17,Japão,Arábia Saudita
14,17,Camarões,Arábia Saudita
14,17,Canadá,Arábia Saudita
14,17,Inglaterra,Arábia Saudita
14,17,EUA,Arábia Saudita
14,17,Brasil,Arábia Saudita
14,17,Croácia,Arábia Saudita
14,17,Senegal,Qatar
14,17,Japão,Qatar
14,17,Camarões,Qatar
14,17,Canadá,Qatar
14,17,Inglaterra,Qatar
14,17,EUA,Qatar
14,17,Brasil,Qatar
14,17,Croácia,Qatar
14,17,Japão,Senegal
14,17,Camarões,Senegal
14,17,Canadá,Senegal
14,17,Inglaterra,Senegal
14,17,EUA,Senegal
14,17,Brasil,Senegal
14,17,Croácia,Senegal
14,17,Camarões,Japão
14,17,Canadá,Japão
14,17,Inglaterra,Japão
14,17,EUA,Japão
14,17,Brasil,Japão
14,17,Croácia,Japão
14,17,Canadá,Camarões
14,17,Inglaterra,Camarões
14,17,EUA,Camarões
14,17,Brasil,Camarões
14,17,Croácia,Camarões
14,17,Inglaterra,Canadá
14,17,EUA,Canadá
14,17,Brasil,Canadá
14,17,Croácia,Canadá
14,17,EUA,Inglaterra
14,17,Brasil,Inglaterra
14,17,Croácia,Inglaterra
14,17,Brasil,EUA
14,17,Croácia,EUA
14,17,Croácia,Brasil
14,20,Marrocos,Argentina
14,20,País de Gales,Argentina
14,20,Alemanha,Argentina
14,20,Portugal,Argentina
14,20,Suíça,Argentina
14,20,Uruguai,Argentina
14,20,Gana,Argentina
14,20,Irã,Argentina
14,20,Austrália,Argentina
14,20,Bélgica,Argentina
14,20,Equador,Argentina
14,20,Países Baixos,Argentina
14,20,Costa Rica,Argentina
14,20,Espanha,Argentina
14,20,Tunísia,Argentina
14,20,Polônia,Argentina
14,20,França,Argentina
14,20,Coreia do Sul,Argentina
14,20,Dinamarca,Argentina
14,20,Sérvia,Argentina
14,20,México,Argentina
14,20,Arábia Saudita,Argentina
14,20,Qatar,Argentina
14,20,Senegal,Argentina
14,20,Japão,Argentina
14,20,Camarões,Argentina
14,20,Canadá,Argentina
14,20,Inglaterra,Argentina
14,20,EUA,Argentina
14,20,Brasil,Argentina
14,20,Croácia,Argentina
14,20,País de Gales,Marrocos
14,20,Alemanha,Marrocos
14,20,Portugal,Marrocos
14,20,Suíça,Marrocos
14,20,Uruguai,Marrocos
14,20,Gana,Marrocos
14,20,Irã,Marrocos
14,20,Austrália,Marrocos
14,20,Bélgica,Marrocos
14,20,Equador,Marrocos
14,20,Países Baixos,Marrocos
14,20,Costa Rica,Marrocos
14,20,Espanha,Marrocos
14,20,Tunísia,Marrocos
14,20,Polônia,Marrocos
14,20,França,Marrocos
14,20,Coreia do Sul,Marrocos
14,20,Dinamarca,Marrocos
14,20,Sérvia,Marrocos
14,20,México,Marrocos
14,20,Arábia Saudita,Marrocos
14,20,Qatar,Marrocos
14,20,Senegal,Marrocos
14,20,Japão,Marrocos
14,20,Camarões,Marrocos
14,20,Canadá,Marrocos
14,20,Inglaterra,Marrocos
14,20,EUA,Marrocos
14,20,Brasil,Marrocos
14,20,Croácia,Marrocos
14,20,Alemanha,País de Gales
14,20,Portugal,País de Gales
14,20,Suíça,País de Gales
14,20,Uruguai,País de Gales
14,20,Gana,País de Gales
14,20,Irã,País de Gales
14,20,Austrália,País de Gales
14,20,Bélgica,País de Gales
14,20,Equador,País de Gales
14,20,Países Baixos,País de Gales
14,20,Costa Rica,País de Gales
14,20,Espanha,País de Gales
14,20,Tunísia,País de Gales
14,20,Polônia,País de Gales
14,20,França,País de Gales
14,20,Coreia do Sul,País de Gales
14,20,Dinamarca,País de Gales
14,20,Sérvia,País de Gales
14,20,México,País de Gales
14,20,Arábia Saudita,País de Gales
14,20,Qatar,País de Gales
14,20,Senegal,País de Gales
14,20,Japão,País de Gales
14,20,Camarões,País de Gales
14,20,Canadá,País de Gales
14,20,Inglaterra,País de Gales
14,20,EUA,País de Gales
14,20,Brasil,País de Gales
14,20,Croácia,País de Gales
14,20,Portugal,Alemanha
14,20,Suíça,Alemanha
14,20,Uruguai,Alemanha
14,20,Gana,Alemanha
14,20,Irã,Alemanha
14,20,Austrália,Alemanha
14,20,Bélgica,Alemanha
14,20,Equador,Alemanha
14,20,Países Baixos,Alemanha
14,20,Costa Rica,Alemanha
14,20,Espanha,Alemanha
14,20,Tunísia,Alemanha
14,20,Polônia,Alemanha
14,20,França,Alemanha
14,20,Coreia do Sul,Alemanha
14,20,Dinamarca,Alemanha
14,20,Sérvia,Alemanha
14,20,México,Alemanha
14,20,Arábia Saudita,Alemanha
14,20,Qatar,Alemanha
14,20,Senegal,Alemanha
14,20,Japão,Alemanha
14,20,Camarões,Alemanha
14,20,Canadá,Alemanha
14,20,Inglaterra,Alemanha
14,20,EUA,Alemanha
14,20,Brasil,Alemanha
14,20,Croácia,Alemanha
14,20,Suíça,Portugal
14,20,Uruguai,Portugal
14,20,Gana,Portugal
14,20,Irã,Portugal
14,20,Austrália,Portugal
14,20,Bélgica,Portugal
14,20,Equador,Portugal
14,20,Países Baixos,Portugal
14,20,Costa Rica,Portugal
14,20,Espanha,Portugal
14,20,Tunísia,Portugal
14,20,Polônia,Portugal
14,20,França,Portugal
14,20,Coreia do Sul,Portugal
14,20,Dinamarca,Portugal
14,20,Sérvia,Portugal
14,20,México,Portugal
14,20,Arábia Saudita,Portugal
14,20,Qatar,Portugal
14,20,Senegal,Portugal
14,20,Japão,Portugal
14,20,Camarões,Portugal
14,20,Canadá,Portugal
14,20,Inglaterra,Portugal
14,20,EUA,Portugal
14,20,Brasil,Portugal
14,20,Croácia,Portugal
14,20,Uruguai,Suíça
14,20,Gana,Suíça
14,20,Irã,Suíça
14,20,Austrália,Suíça
14,20,Bélgica,Suíça
14,20,Equador,Suíça
14,20,Países Baixos,Suíça
14,20,Costa Rica,Suíça
14,20,Espanha,Suíça
14,20,Tunísia,Suíça
14,20,Polônia,Suíça
14,20,França,Suíça
14,20,Coreia do Sul,Suíça
14,20,Dinamarca,Suíça
14,20,Sérvia,Suíça
14,20,México,Suíça
14,20,Arábia Saudita,Suíça
14,20,Qatar,Suíça
14,20,Senegal,Suíça
14,20,Japão,Suíça
14,20,Camarões,Suíça
14,20,Canadá,Suíça
14,20,Inglaterra,Suíça
14,20,EUA,Suíça
14,20,Brasil,Suíça
14,20,Croácia,Suíça
14,20,Gana,Uruguai
14,20,Irã,Uruguai
14,20,Austrália,Uruguai
14,20,Bélgica,Uruguai
14,20,Equador,Uruguai
14,20,Países Baixos,Uruguai
14,20,Costa Rica,Uruguai
14,20,Espanha,Uruguai
14,20,Tunísia,Uruguai
14,20,Polônia,Uruguai
14,20,França,Uruguai
14,20,Coreia do Sul,Uruguai
14,20,Dinamarca,Uruguai
14,20,Sérvia,Uruguai
14,20,México,Uruguai
14,20,Arábia Saudita,Uruguai
14,20,Qatar,Uruguai
14,20,Senegal,Uruguai
14,20,Japão,Uruguai
14,20,Camarões,Uruguai
14,20,Canadá,Uruguai
14,20,Inglaterra,Uruguai
14,20,EUA,Uruguai
14,20,Brasil,Uruguai
14,20,Croácia,Uruguai
14,20,Irã,Gana
14,20,Austrália,Gana
14,20,Bélgica,Gana
14,20,Equador,Gana
14,20,Países Baixos,Gana
14,20,Costa Rica,Gana
14,20,Espanha,Gana
14,20,Tunísia,Gana
14,20,Polônia,Gana
14,20,França,Gana
14,20,Coreia do Sul,Gana
14,20,Dinamarca,Gana
14,20,Sérvia,Gana
14,20,México,Gana
14,20,Arábia Saudita,Gana
14,20,Qatar,Gana
14,20,Senegal,Gana
14,20,Japão,Gana
14,20,Camarões,Gana
14,20,Canadá,Gana
14,20,Inglaterra,Gana
14,20,EUA,Gana
14,20,Brasil,Gana
14,20,Croácia,Gana
14,20,Austrália,Irã
14,20,Bélgica,Irã
14,20,Equador,Irã
14,20,Países Baixos,Irã
14,20,Costa Rica,Irã
14,20,Espanha,Irã
14,20,Tunísia,Irã
14,20,Polônia,Irã
14,20,França,Irã
14,20,Coreia do Sul,Irã
14,20,Dinamarca,Irã
14,20,Sérvia,Irã
14,20,México,Irã
14,20,Arábia Saudita,Irã
14,20,Qatar,Irã
14,20,Senegal,Irã
14,20,Japão,Irã
14,20,Camarões,Irã
14,20,Canadá,Irã
14,20,Inglaterra,Irã
14,20,EUA,Irã
14,20,Brasil,Irã
14,20,Croácia,Irã
14,20,Bélgica,Austrália
14,20,Equador,Austrália
14,20,Países Baixos,Austrália
14,20,Costa Rica,Austrália
14,20,Espanha,Austrália
14,20,Tunísia,Austrália
14,20,Polônia,Austrália
14,20,França,Austrália
14,20,Coreia do Sul,Austrália
14,20,Dinamarca,Austrália
14,20,Sérvia,Austrália
14,20,México,Austrália
14,20,Arábia Saudita,Austrália
14,20,Qatar,Austrália
14,20,Senegal,Austrália
14,20,Japão,Austrália
14,20,Camarões,Austrália
14,20,Canadá,Austrália
14,20,Inglaterra,Austrália
14,20,EUA,Austrália
14,20,Brasil,Austrália
14,20,Croácia,Austrália
14,20,Equador,Bélgica
14,20,Países Baixos,Bélgica
14,20,Costa Rica,Bélgica
14,20,Espanha,Bélgica
14,20,Tunísia,Bélgica
14,20,Polônia,Bélgica
14,20,França,Bélgica
14,20,Coreia do Sul,Bélgica
14,20,Dinamarca,Bélgica
14,20,Sérvia,Bélgica
14,20,México,Bélgica
14,20,Arábia Saudita,Bélgica
14,20,Qatar,Bélgica
14,20,Senegal,Bélgica
14,20,Japão,Bélgica
14,20,Camarões,Bélgica
14,20,Canadá,Bélgica
14,20,Inglaterra,Bélgica
14,20,EUA,Bélgica
14,20,Brasil,Bélgica
14,20,Croácia,Bélgica
14,20,Países Baixos,Equador
14,20,Costa Rica,Equador
14,20,Espanha,Equador
14,20,Tunísia,Equador
14,20,Polônia,Equador
14,20,França,Equador
14,20,Coreia do Sul,Equador
14,20,Dinamarca,Equador
14,20,Sérvia,Equador
14,20,México,Equador
14,20,Arábia Saudita,Equador
14,20,Qatar,Equador
14,20,Senegal,Equador
14,20,Japão,Equador
14,20,Camarões,Equador
14,20,Canadá,Equador
14,20,Inglaterra,Equador
14,20,EUA,Equador
14,20,Brasil,Equador
14,20,Croácia,Equador
14,20,Costa Rica,Países Baixos
14,20,Espanha,Países Baixos
14,20,Tunísia,Países Baixos
14,20,Polônia,Países Baixos
14,20,França,Países Baixos
14,20,Coreia do Sul,Países Baixos
14,20,Dinamarca,Países Baixos
14,20,Sérvia,Países Baixos
14,20,México,Países Baixos
14,20,Arábia Saudita,Países Baixos
14,20,Qatar,Países Baixos
14,20,Senegal,Países Baixos
14,20,Japão,Países Baixos
14,20,Camarões,Países Baixos
14,20,Canadá,Países Baixos
14,20,Inglaterra,Países Baixos
14,20,EUA,Países Baixos
14,20,Brasil,Países Baixos
14,20,Croácia,Países Baixos
14,20,Espanha,Costa Rica
14,20,Tunísia,Costa Rica
14,20,Polônia,Costa Rica
14,20,França,Costa Rica
14,20,Coreia do Sul,Costa Rica
14,20,Dinamarca,Costa Rica
14,20,Sérvia,Costa Rica
14,20,México,Costa Rica
14,20,Arábia Saudita,Costa Rica
14,20,Qatar,Costa Rica
14,20,Senegal,Costa Rica
14,20,Japão,Costa Rica
14,20,Camarões,Costa Rica
14,20,Canadá,Costa Rica
14,20,Inglaterra,Costa Rica
14,20,EUA,Costa Rica
14,20,Brasil,Costa Rica
14,20,Croácia,Costa Rica
14,20,Tunísia,Espanha
14,20,Polônia,Espanha
14,20,França,Espanha
14,20,Coreia do Sul,Espanha
14,20,Dinamarca,Espanha
14,20,Sérvia,Espanha
14,20,México,Espanha
14,20,Arábia Saudita,Espanha
14,20,Qatar,Espanha
14,20,Senegal,Espanha
14,20,Japão,Espanha
14,20,Camarões,Espanha
14,20,Canadá,Espanha
14,20,Inglaterra,Espanha
14,20,EUA,Espanha
14,20,Brasil,Espanha
14,20,Croácia,Espanha
14,20,Polônia,Tunísia
14,20,França,Tunísia
14,20,Coreia do Sul,Tunísia
14,20,Dinamarca,Tunísia
14,20,Sérvia,Tunísia
14,20,México,Tunísia
14,20,Arábia Saudita,Tunísia
14,20,Qatar,Tunísia
14,20,Senegal,Tunísia
14,20,Japão,Tunísia
14,20,Camarões,Tunísia
14,20,Canadá,Tunísia
14,20,Inglaterra,Tunísia
14,20,EUA,Tunísia
14,20,Brasil,Tunísia
14,20,Croácia,Tunísia
14,20,França,Polônia
14,20,Coreia do Sul,Polônia
14,20,Dinamarca,Polônia
14,20,Sérvia,Polônia
14,20,México,Polônia
14,20,Arábia Saudita,Polônia
14,20,Qatar,Polônia
14,20,Senegal,Polônia
14,20,Japão,Polônia
14,20,Camarões,Polônia
14,20,Canadá,Polônia
14,20,Inglaterra,Polônia
14,20,EUA,Polônia
14,20,Brasil,Polônia
14,20,Croácia,Polônia
14,20,Coreia do Sul,França
14,20,Dinamarca,França
14,20,Sérvia,França
14,20,México,França
14,20,Arábia Saudita,França
14,20,Qatar,França
14,20,Senegal,França
14,20,Japão,França
14,20,Camarões,França
14,20,Canadá,França
14,20,Inglaterra,França
14,20,EUA,França
14,20,Brasil,França
14,20,Croácia,França
14,20,Dinamarca,Coreia do Sul
14,20,Sérvia,Coreia do Sul
14,20,México,Coreia do Sul
14,20,Arábia Saudita,Coreia do Sul
14,20,Qatar,Coreia do Sul
14,20,Senegal,Coreia do Sul
14,20,Japão,Coreia do Sul
14,20,Camarões,Coreia do Sul
14,20,Canadá,Coreia do Sul
14,20,Inglaterra,Coreia do Sul
14,20,EUA,Coreia do Sul
14,20,Brasil,Coreia do Sul
14,20,Croácia,Coreia do Sul
14,20,Sérvia,Dinamarca
14,20,México,Dinamarca
14,20,Arábia Saudita,Dinamarca
14,20,Qatar,Dinamarca
14,20,Senegal,Dinamarca
14,20,Japão,Dinamarca
14,20,Camarões,Dinamarca
14,20,Canadá,Dinamarca
14,20,Inglaterra,Dinamarca
14,20,EUA,Dinamarca
14,20,Brasil,Dinamarca
14,20,Croácia,Dinamarca
14,20,México,Sérvia
14,20,Arábia Saudita,Sérvia
14,20,Qatar,Sérvia
14,20,Senegal,Sérvia
14,20,Japão,Sérvia
14,20,Camarões,Sérvia
14,20,Canadá,Sérvia
14,20,Inglaterra,Sérvia
14,20,EUA,Sérvia
14,20,Brasil,Sérvia
14,20,Croácia,Sérvia
14,20,Arábia Saudita,México
14,20,Qatar,México
14,20,Senegal,México
14,20,Japão,México
14,20,Camarões,México
14,20,Canadá,México
14,20,Inglaterra,México
14,20,EUA,México
14,20,Brasil,México
14,20,Croácia,México
14,20,Qatar,Arábia Saudita
14,20,Senegal,Arábia Saudita
14,20,Japão,Arábia Saudita
14,20,Camarões,Arábia Saudita
14,20,Canadá,Arábia Saudita
14,20,Inglaterra,Arábia Saudita
14,20,EUA,Arábia Saudita
14,20,Brasil,Arábia Saudita
14,20,Croácia,Arábia Saudita
14,20,Senegal,Qatar
14,20,Japão,Qatar
14,20,Camarões,Qatar
14,20,Canadá,Qatar
14,20,Inglaterra,Qatar
14,20,EUA,Qatar
14,20,Brasil,Qatar
14,20,Croácia,Qatar
14,20,Japão,Senegal
14,20,Camarões,Senegal
14,20,Canadá,Senegal
14,20,Inglaterra,Senegal
14,20,EUA,Senegal
14,20,Brasil,Senegal
14,20,Croácia,Senegal
14,20,Camarões,Japão
14,20,Canadá,Japão
14,20,Inglaterra,Japão
14,20,EUA,Japão
14,20,Brasil,Japão
14,20,Croácia,Japão
14,20,Canadá,Camarões
14,20,Inglaterra,Camarões
14,20,EUA,Camarões
14,20,Brasil,Camarões
14,20,Croácia,Camarões
14,20,Inglaterra,Canadá
14,20,EUA,Canadá
14,20,Brasil,Canadá
14,20,Croácia,Canadá
14,20,EUA,Inglaterra
14,20,Brasil,Inglaterra
14,20,Croácia,Inglaterra
14,20,Brasil,EUA
14,20,Croácia,EUA
14,20,Croácia,Brasil
14,23,Marrocos,Argentina
14,23,País de Gales,Argentina
14,23,Alemanha,Argentina
14,23,Portugal,Argentina
14,23,Suíça,Argentina
14,23,Uruguai,Argentina
14,23,Gana,Argentina
14,23,Irã,Argentina
14,23,Austrália,Argentina
14,23,Bélgica,Argentina
14,23,Equador,Argentina
14,23,Países Baixos,Argentina
14,23,Costa Rica,Argentina
14,23,Espanha,Argentina
14,23,Tunísia,Argentina
14,23,Polônia,Argentina
14,23,França,Argentina
14,23,Coreia do Sul,Argentina
14,23,Dinamarca,Argentina
14,23,Sérvia,Argentina
14,23,México,Argentina
14,23,Arábia Saudita,Argentina
14,23,Qatar,Argentina
14,23,Senegal,Argentina
14,23,Japão,Argentina
14,23,Camarões,Argentina
14,23,Canadá,Argentina
14,23,Inglaterra,Argentina
14,23,EUA,Argentina
14,23,Brasil,Argentina
14,23,Croácia,Argentina
14,23,País de Gales,Marrocos
14,23,Alemanha,Marrocos
14,23,Portugal,Marrocos
14,23,Suíça,Marrocos
14,23,Uruguai,Marrocos
14,23,Gana,Marrocos
14,23,Irã,Marrocos
14,23,Austrália,Marrocos
14,23,Bélgica,Marrocos
14,23,Equador,Marrocos
14,23,Países Baixos,Marrocos
14,23,Costa Rica,Marrocos
14,23,Espanha,Marrocos
14,23,Tunísia,Marrocos
14,23,Polônia,Marrocos
14,23,França,Marrocos
14,23,Coreia do Sul,Marrocos
14,23,Dinamarca,Marrocos
14,23,Sérvia,Marrocos
14,23,México,Marrocos
14,23,Arábia Saudita,Marrocos
14,23,Qatar,Marrocos
14,23,Senegal,Marrocos
14,23,Japão,Marrocos
14,23,Camarões,Marrocos
14,23,Canadá,Marrocos
14,23,Inglaterra,Marrocos
14,23,EUA,Marrocos
14,23,Brasil,Marrocos
14,23,Croácia,Marrocos
14,23,Alemanha,País de Gales
14,23,Portugal,País de Gales
14,23,Suíça,País de Gales
14,23,Uruguai,País de Gales
14,23,Gana,País de Gales
14,23,Irã,País de Gales
14,23,Austrália,País de Gales
14,23,Bélgica,País de Gales
14,23,Equador,País de Gales
14,23,Países Baixos,País de Gales
14,23,Costa Rica,País de Gales
14,23,Espanha,País de Gales
14,23,Tunísia,País de Gales
14,23,Polônia,País de Gales
14,23,França,País de Gales
14,23,Coreia do Sul,País de Gales
14,23,Dinamarca,País de Gales
14,23,Sérvia,País de Gales
14,23,México,País de Gales
14,23,Arábia Saudita,País de Gales
14,23,Qatar,País de Gales
14,23,Senegal,País de Gales
14,23,Japão,País de Gales
14,23,Camarões,País de Gales
14,23,Canadá,País de Gales
14,23,Inglaterra,País de Gales
14,23,EUA,País de Gales
14,23,Brasil,País de Gales
14,23,Croácia,País de Gales
14,23,Portugal,Alemanha
14,23,Suíça,Alemanha
14,23,Uruguai,Alemanha
14,23,Gana,Alemanha
14,23,Irã,Alemanha
14,23,Austrália,Alemanha
14,23,Bélgica,Alemanha
14,23,Equador,Alemanha
14,23,Países Baixos,Alemanha
14,23,Costa Rica,Alemanha
14,23,Espanha,Alemanha
14,23,Tunísia,Alemanha
14,23,Polônia,Alemanha
14,23,França,Alemanha
14,23,Coreia do Sul,Alemanha
14,23,Dinamarca,Alemanha
14,23,Sérvia,Alemanha
14,23,México,Alemanha
14,23,Arábia Saudita,Alemanha
14,23,Qatar,Alemanha
14,23,Senegal,Alemanha
14,23,Japão,Alemanha
14,23,Camarões,Alemanha
14,23,Canadá,Alemanha
14,23,Inglaterra,Alemanha
14,23,EUA,Alemanha
14,23,Brasil,Alemanha
14,23,Croácia,Alemanha
14,23,Suíça,Portugal
14,23,Uruguai,Portugal
14,23,Gana,Portugal
14,23,Irã,Portugal
14,23,Austrália,Portugal
14,23,Bélgica,Portugal
14,23,Equador,Portugal
14,23,Países Baixos,Portugal
14,23,Costa Rica,Portugal
14,23,Espanha,Portugal
14,23,Tunísia,Portugal
14,23,Polônia,Portugal
14,23,França,Portugal
14,23,Coreia do Sul,Portugal
14,23,Dinamarca,Portugal
14,23,Sérvia,Portugal
14,23,México,Portugal
14,23,Arábia Saudita,Portugal
14,23,Qatar,Portugal
14,23,Senegal,Portugal
14,23,Japão,Portugal
14,23,Camarões,Portugal
14,23,Canadá,Portugal
14,23,Inglaterra,Portugal
14,23,EUA,Portugal
14,23,Brasil,Portugal
14,23,Croácia,Portugal
14,23,Uruguai,Suíça
14,23,Gana,Suíça
14,23,Irã,Suíça
14,23,Austrália,Suíça
14,23,Bélgica,Suíça
14,23,Equador,Suíça
14,23,Países Baixos,Suíça
14,23,Costa Rica,Suíça
14,23,Espanha,Suíça
14,23,Tunísia,Suíça
14,23,Polônia,Suíça
14,23,França,Suíça
14,23,Coreia do Sul,Suíça
14,23,Dinamarca,Suíça
14,23,Sérvia,Suíça
14,23,México,Suíça
14,23,Arábia Saudita,Suíça
14,23,Qatar,Suíça
14,23,Senegal,Suíça
14,23,Japão,Suíça
14,23,Camarões,Suíça
14,23,Canadá,Suíça
14,23,Inglaterra,Suíça
14,23,EUA,Suíça
14,23,Brasil,Suíça
14,23,Croácia,Suíça
14,23,Gana,Uruguai
14,23,Irã,Uruguai
14,23,Austrália,Uruguai
14,23,Bélgica,Uruguai
14,23,Equador,Uruguai
14,23,Países Baixos,Uruguai
14,23,Costa Rica,Uruguai
14,23,Espanha,Uruguai
14,23,Tunísia,Uruguai
14,23,Polônia,Uruguai
14,23,França,Uruguai
14,23,Coreia do Sul,Uruguai
14,23,Dinamarca,Uruguai
14,23,Sérvia,Uruguai
14,23,México,Uruguai
14,23,Arábia Saudita,Uruguai
14,23,Qatar,Uruguai
14,23,Senegal,Uruguai
14,23,Japão,Uruguai
14,23,Camarões,Uruguai
14,23,Canadá,Uruguai
14,23,Inglaterra,Uruguai
14,23,EUA,Uruguai
14,23,Brasil,Uruguai
14,23,Croácia,Uruguai
14,23,Irã,Gana
14,23,Austrália,Gana
14,23,Bélgica,Gana
14,23,Equador,Gana
14,23,Países Baixos,Gana
14,23,Costa Rica,Gana
14,23,Espanha,Gana
14,23,Tunísia,Gana
14,23,Polônia,Gana
14,23,França,Gana
14,23,Coreia do Sul,Gana
14,23,Dinamarca,Gana
14,23,Sérvia,Gana
14,23,México,Gana
14,23,Arábia Saudita,Gana
14,23,Qatar,Gana
14,23,Senegal,Gana
14,23,Japão,Gana
14,23,Camarões,Gana
14,23,Canadá,Gana
14,23,Inglaterra,Gana
14,23,EUA,Gana
14,23,Brasil,Gana
14,23,Croácia,Gana
14,23,Austrália,Irã
14,23,Bélgica,Irã
14,23,Equador,Irã
14,23,Países Baixos,Irã
14,23,Costa Rica,Irã
14,23,Espanha,Irã
14,23,Tunísia,Irã
14,23,Polônia,Irã
14,23,França,Irã
14,23,Coreia do Sul,Irã
14,23,Dinamarca,Irã
14,23,Sérvia,Irã
14,23,México,Irã
14,23,Arábia Saudita,Irã
14,23,Qatar,Irã
14,23,Senegal,Irã
14,23,Japão,Irã
14,23,Camarões,Irã
14,23,Canadá,Irã
14,23,Inglaterra,Irã
14,23,EUA,Irã
14,23,Brasil,Irã
14,23,Croácia,Irã
14,23,Bélgica,Austrália
14,23,Equador,Austrália
14,23,Países Baixos,Austrália
14,23,Costa Rica,Austrália
14,23,Espanha,Austrália
14,23,Tunísia,Austrália
14,23,Polônia,Austrália
14,23,França,Austrália
14,23,Coreia do Sul,Austrália
14,23,Dinamarca,Austrália
14,23,Sérvia,Austrália
14,23,México,Austrália
14,23,Arábia Saudita,Austrália
14,23,Qatar,Austrália
14,23,Senegal,Austrália
14,23,Japão,Austrália
14,23,Camarões,Austrália
14,23,Canadá,Austrália
14,23,Inglaterra,Austrália
14,23,EUA,Austrália
14,23,Brasil,Austrália
14,23,Croácia,Austrália
14,23,Equador,Bélgica
14,23,Países Baixos,Bélgica
14,23,Costa Rica,Bélgica
14,23,Espanha,Bélgica
14,23,Tunísia,Bélgica
14,23,Polônia,Bélgica
14,23,França,Bélgica
14,23,Coreia do Sul,Bélgica
14,23,Dinamarca,Bélgica
14,23,Sérvia,Bélgica
14,23,México,Bélgica
14,23,Arábia Saudita,Bélgica
14,23,Qatar,Bélgica
14,23,Senegal,Bélgica
14,23,Japão,Bélgica
14,23,Camarões,Bélgica
14,23,Canadá,Bélgica
14,23,Inglaterra,Bélgica
14,23,EUA,Bélgica
14,23,Brasil,Bélgica
14,23,Croácia,Bélgica
14,23,Países Baixos,Equador
14,23,Costa Rica,Equador
14,23,Espanha,Equador
14,23,Tunísia,Equador
14,23,Polônia,Equador
14,23,França,Equador
14,23,Coreia do Sul,Equador
14,23,Dinamarca,Equador
14,23,Sérvia,Equador
14,23,México,Equador
14,23,Arábia Saudita,Equador
14,23,Qatar,Equador
14,23,Senegal,Equador
14,23,Japão,Equador
14,23,Camarões,Equador
14,23,Canadá,Equador
14,23,Inglaterra,Equador
14,23,EUA,Equador
14,23,Brasil,Equador
14,23,Croácia,Equador
14,23,Costa Rica,Países Baixos
14,23,Espanha,Países Baixos
14,23,Tunísia,Países Baixos
14,23,Polônia,Países Baixos
14,23,França,Países Baixos
14,23,Coreia do Sul,Países Baixos
14,23,Dinamarca,Países Baixos
14,23,Sérvia,Países Baixos
14,23,México,Países Baixos
14,23,Arábia Saudita,Países Baixos
14,23,Qatar,Países Baixos
14,23,Senegal,Países Baixos
14,23,Japão,Países Baixos
14,23,Camarões,Países Baixos
14,23,Canadá,Países Baixos
14,23,Inglaterra,Países Baixos
14,23,EUA,Países Baixos
14,23,Brasil,Países Baixos
14,23,Croácia,Países Baixos
14,23,Espanha,Costa Rica
14,23,Tunísia,Costa Rica
14,23,Polônia,Costa Rica
14,23,França,Costa Rica
14,23,Coreia do Sul,Costa Rica
14,23,Dinamarca,Costa Rica
14,23,Sérvia,Costa Rica
14,23,México,Costa Rica
14,23,Arábia Saudita,Costa Rica
14,23,Qatar,Costa Rica
14,23,Senegal,Costa Rica
14,23,Japão,Costa Rica
14,23,Camarões,Costa Rica
14,23,Canadá,Costa Rica
14,23,Inglaterra,Costa Rica
14,23,EUA,Costa Rica
14,23,Brasil,Costa Rica
14,23,Croácia,Costa Rica
14,23,Tunísia,Espanha
14,23,Polônia,Espanha
14,23,França,Espanha
14,23,Coreia do Sul,Espanha
14,23,Dinamarca,Espanha
14,23,Sérvia,Espanha
14,23,México,Espanha
14,23,Arábia Saudita,Espanha
14,23,Qatar,Espanha
14,23,Senegal,Espanha
14,23,Japão,Espanha
14,23,Camarões,Espanha
14,23,Canadá,Espanha
14,23,Inglaterra,Espanha
14,23,EUA,Espanha
14,23,Brasil,Espanha
14,23,Croácia,Espanha
14,23,Polônia,Tunísia
14,23,França,Tunísia
14,23,Coreia do Sul,Tunísia
14,23,Dinamarca,Tunísia
14,23,Sérvia,Tunísia
14,23,México,Tunísia
14,23,Arábia Saudita,Tunísia
14,23,Qatar,Tunísia
14,23,Senegal,Tunísia
14,23,Japão,Tunísia
14,23,Camarões,Tunísia
14,23,Canadá,Tunísia
14,23,Inglaterra,Tunísia
14,23,EUA,Tunísia
14,23,Brasil,Tunísia
14,23,Croácia,Tunísia
14,23,França,Polônia
14,23,Coreia do Sul,Polônia
14,23,Dinamarca,Polônia
14,23,Sérvia,Polônia
14,23,México,Polônia
14,23,Arábia Saudita,Polônia
14,23,Qatar,Polônia
14,23,Senegal,Polônia
14,23,Japão,Polônia
14,23,Camarões,Polônia
14,23,Canadá,Polônia
14,23,Inglaterra,Polônia
14,23,EUA,Polônia
14,23,Brasil,Polônia
14,23,Croácia,Polônia
14,23,Coreia do Sul,França
14,23,Dinamarca,França
14,23,Sérvia,França
14,23,México,França
14,23,Arábia Saudita,França
14,23,Qatar,França
14,23,Senegal,França
14,23,Japão,França
14,23,Camarões,França
14,23,Canadá,França
14,23,Inglaterra,França
14,23,EUA,França
14,23,Brasil,França
14,23,Croácia,França
14,23,Dinamarca,Coreia do Sul
14,23,Sérvia,Coreia do Sul
14,23,México,Coreia do Sul
14,23,Arábia Saudita,Coreia do Sul
14,23,Qatar,Coreia do Sul
14,23,Senegal,Coreia do Sul
14,23,Japão,Coreia do Sul
14,23,Camarões,Coreia do Sul
14,23,Canadá,Coreia do Sul
14,23,Inglaterra,Coreia do Sul
14,23,EUA,Coreia do Sul
14,23,Brasil,Coreia do Sul
14,23,Croácia,Coreia do Sul
14,23,Sérvia,Dinamarca
14,23,México,Dinamarca
14,23,Arábia Saudita,Dinamarca
14,23,Qatar,Dinamarca
14,23,Senegal,Dinamarca
14,23,Japão,Dinamarca
14,23,Camarões,Dinamarca
14,23,Canadá,Dinamarca
14,23,Inglaterra,Dinamarca
14,23,EUA,Dinamarca
14,23,Brasil,Dinamarca
14,23,Croácia,Dinamarca
14,23,México,Sérvia
14,23,Arábia Saudita,Sérvia
14,23,Qatar,Sérvia
14,23,Senegal,Sérvia
14,23,Japão,Sérvia
14,23,Camarões,Sérvia
14,23,Canadá,Sérvia
14,23,Inglaterra,Sérvia
14,23,EUA,Sérvia
14,23,Brasil,Sérvia
14,23,Croácia,Sérvia
14,23,Arábia Saudita,México
14,23,Qatar,México
14,23,Senegal,México
14,23,Japão,México
14,23,Camarões,México
14,23,Canadá,México
14,23,Inglaterra,México
14,23,EUA,México
14,23,Brasil,México
14,23,Croácia,México
14,23,Qatar,Arábia Saudita
14,23,Senegal,Arábia Saudita
14,23,Japão,Arábia Saudita
14,23,Camarões,Arábia Saudita
14,23,Canadá,Arábia Saudita
14,23,Inglaterra,Arábia Saudita
14,23,EUA,Arábia Saudita
14,23,Brasil,Arábia Saudita
14,23,Croácia,Arábia Saudita
14,23,Senegal,Qatar
14,23,Japão,Qatar
14,23,Camarões,Qatar
14,23,Canadá,Qatar
14,23,Inglaterra,Qatar
14,23,EUA,Qatar
14,23,Brasil,Qatar
14,23,Croácia,Qatar
14,23,Japão,Senegal
14,23,Camarões,Senegal
14,23,Canadá,Senegal
14,23,Inglaterra,Senegal
14,23,EUA,Senegal
14,23,Brasil,Senegal
14,23,Croácia,Senegal
14,23,Camarões,Japão
14,23,Canadá,Japão
14,23,Inglaterra,Japão
14,23,EUA,Japão
14,23,Brasil,Japão
14,23,Croácia,Japão
14,23,Canadá,Camarões
14,23,Inglaterra,Camarões
14,23,EUA,Camarões
14,23,Brasil,Camarões
14,23,Croácia,Camarões
14,23,Inglaterra,Canadá
14,23,EUA,Canadá
14,23,Brasil,Canadá
14,23,Croácia,Canadá
14,23,EUA,Inglaterra
14,23,Brasil,Inglaterra
14,23,Croácia,Inglaterra
14,23,Brasil,EUA
14,23,Croácia,EUA
14,23,Croácia,Brasil
14,26,Marrocos,Argentina
14,26,País de Gales,Argentina
14,26,Alemanha,Argentina
14,26,Portugal,Argentina
14,26,Suíça,Argentina
14,26,Uruguai,Argentina
14,26,Gana,Argentina
14,26,Irã,Argentina
14,26,Austrália,Argentina
14,26,Bélgica,Argentina
14,26,Equador,Argentina
14,26,Países Baixos,Argentina
14,26,Costa Rica,Argentina
14,26,Espanha,Argentina
14,26,Tunísia,Argentina
14,26,Polônia,Argentina
14,26,França,Argentina
14,26,Coreia do Sul,Argentina
14,26,Dinamarca,Argentina
14,26,Sérvia,Argentina
14,26,México,Argentina
14,26,Arábia Saudita,Argentina
14,26,Qatar,Argentina
14,26,Senegal,Argentina
14,26,Japão,Argentina
14,26,Camarões,Argentina
14,26,Canadá,Argentina
14,26,Inglaterra,Argentina
14,26,EUA,Argentina
14,26,Brasil,Argentina
14,26,Croácia,Argentina
14,26,País de Gales,Marrocos
14,26,Alemanha,Marrocos
14,26,Portugal,Marrocos
14,26,Suíça,Marrocos
14,26,Uruguai,Marrocos
14,26,Gana,Marrocos
14,26,Irã,Marrocos
14,26,Austrália,Marrocos
14,26,Bélgica,Marrocos
14,26,Equador,Marrocos
14,26,Países Baixos,Marrocos
14,26,Costa Rica,Marrocos
14,26,Espanha,Marrocos
14,26,Tunísia,Marrocos
14,26,Polônia,Marrocos
14,26,França,Marrocos
14,26,Coreia do Sul,Marrocos
14,26,Dinamarca,Marrocos
14,26,Sérvia,Marrocos
14,26,México,Marrocos
14,26,Arábia Saudita,Marrocos
14,26,Qatar,Marrocos
14,26,Senegal,Marrocos
14,26,Japão,Marrocos
14,26,Camarões,Marrocos
14,26,Canadá,Marrocos
14,26,Inglaterra,Marrocos
14,26,EUA,Marrocos
14,26,Brasil,Marrocos
14,26,Croácia,Marrocos
14,26,Alemanha,País de Gales
14,26,Portugal,País de Gales
14,26,Suíça,País de Gales
14,26,Uruguai,País de Gales
14,26,Gana,País de Gales
14,26,Irã,País de Gales
14,26,Austrália,País de Gales
14,26,Bélgica,País de Gales
14,26,Equador,País de Gales
14,26,Países Baixos,País de Gales
14,26,Costa Rica,País de Gales
14,26,Espanha,País de Gales
14,26,Tunísia,País de Gales
14,26,Polônia,País de Gales
14,26,França,País de Gales
14,26,Coreia do Sul,País de Gales
14,26,Dinamarca,País de Gales
14,26,Sérvia,País de Gales
14,26,México,País de Gales
14,26,Arábia Saudita,País de Gales
14,26,Qatar,País de Gales
14,26,Senegal,País de Gales
14,26,Japão,País de Gales
14,26,Camarões,País de Gales
14,26,Canadá,País de Gales
14,26,Inglaterra,País de Gales
14,26,EUA,País de Gales
14,26,Brasil,País de Gales
14,26,Croácia,País de Gales
14,26,Portugal,Alemanha
14,26,Suíça,Alemanha
14,26,Uruguai,Alemanha
14,26,Gana,Alemanha
14,26,Irã,Alemanha
14,26,Austrália,Alemanha
14,26,Bélgica,Alemanha
14,26,Equador,Alemanha
14,26,Países Baixos,Alemanha
14,26,Costa Rica,Alemanha
14,26,Espanha,Alemanha
14,26,Tunísia,Alemanha
14,26,Polônia,Alemanha
14,26,França,Alemanha
14,26,Coreia do Sul,Alemanha
14,26,Dinamarca,Alemanha
14,26,Sérvia,Alemanha
14,26,México,Alemanha
14,26,Arábia Saudita,Alemanha
14,26,Qatar,Alemanha
14,26,Senegal,Alemanha
14,26,Japão,Alemanha
14,26,Camarões,Alemanha
14,26,Canadá,Alemanha
14,26,Inglaterra,Alemanha
14,26,EUA,Alemanha
14,26,Brasil,Alemanha
14,26,Croácia,Alemanha
14,26,Suíça,Portugal
14,26,Uruguai,Portugal
14,26,Gana,Portugal
14,26,Irã,Portugal
14,26,Austrália,Portugal
14,26,Bélgica,Portugal
14,26,Equador,Portugal
14,26,Países Baixos,Portugal
14,26,Costa Rica,Portugal
14,26,Espanha,Portugal
14,26,Tunísia,Portugal
14,26,Polônia,Portugal
14,26,França,Portugal
14,26,Coreia do Sul,Portugal
14,26,Dinamarca,Portugal
14,26,Sérvia,Portugal
14,26,México,Portugal
14,26,Arábia Saudita,Portugal
14,26,Qatar,Portugal
14,26,Senegal,Portugal
14,26,Japão,Portugal
14,26,Camarões,Portugal
14,26,Canadá,Portugal
14,26,Inglaterra,Portugal
14,26,EUA,Portugal
14,26,Brasil,Portugal
14,26,Croácia,Portugal
14,26,Uruguai,Suíça
14,26,Gana,Suíça
14,26,Irã,Suíça
14,26,Austrália,Suíça
14,26,Bélgica,Suíça
14,26,Equador,Suíça
14,26,Países Baixos,Suíça
14,26,Costa Rica,Suíça
14,26,Espanha,Suíça
14,26,Tunísia,Suíça
14,26,Polônia,Suíça
14,26,França,Suíça
14,26,Coreia do Sul,Suíça
14,26,Dinamarca,Suíça
14,26,Sérvia,Suíça
14,26,México,Suíça
14,26,Arábia Saudita,Suíça
14,26,Qatar,Suíça
14,26,Senegal,Suíça
14,26,Japão,Suíça
14,26,Camarões,Suíça
14,26,Canadá,Suíça
14,26,Inglaterra,Suíça
14,26,EUA,Suíça
14,26,Brasil,Suíça
14,26,Croácia,Suíça
14,26,Gana,Uruguai
14,26,Irã,Uruguai
14,26,Austrália,Uruguai
14,26,Bélgica,Uruguai
14,26,Equador,Uruguai
14,26,Países Baixos,Uruguai
14,26,Costa Rica,Uruguai
14,26,Espanha,Uruguai
14,26,Tunísia,Uruguai
14,26,Polônia,Uruguai
14,26,França,Uruguai
14,26,Coreia do Sul,Uruguai
14,26,Dinamarca,Uruguai
14,26,Sérvia,Uruguai
14,26,México,Uruguai
14,26,Arábia Saudita,Uruguai
14,26,Qatar,Uruguai
14,26,Senegal,Uruguai
14,26,Japão,Uruguai
14,26,Camarões,Uruguai
14,26,Canadá,Uruguai
14,26,Inglaterra,Uruguai
14,26,EUA,Uruguai
14,26,Brasil,Uruguai
14,26,Croácia,Uruguai
14,26,Irã,Gana
14,26,Austrália,Gana
14,26,Bélgica,Gana
14,26,Equador,Gana
14,26,Países Baixos,Gana
14,26,Costa Rica,Gana
14,26,Espanha,Gana
14,26,Tunísia,Gana
14,26,Polônia,Gana
14,26,França,Gana
14,26,Coreia do Sul,Gana
14,26,Dinamarca,Gana
14,26,Sérvia,Gana
14,26,México,Gana
14,26,Arábia Saudita,Gana
14,26,Qatar,Gana
14,26,Senegal,Gana
14,26,Japão,Gana
14,26,Camarões,Gana
14,26,Canadá,Gana
14,26,Inglaterra,Gana
14,26,EUA,Gana
14,26,Brasil,Gana
14,26,Croácia,Gana
14,26,Austrália,Irã
14,26,Bélgica,Irã
14,26,Equador,Irã
14,26,Países Baixos,Irã
14,26,Costa Rica,Irã
14,26,Espanha,Irã
14,26,Tunísia,Irã
14,26,Polônia,Irã
14,26,França,Irã
14,26,Coreia do Sul,Irã
14,26,Dinamarca,Irã
14,26,Sérvia,Irã
14,26,México,Irã
14,26,Arábia Saudita,Irã
14,26,Qatar,Irã
14,26,Senegal,Irã
14,26,Japão,Irã
14,26,Camarões,Irã
14,26,Canadá,Irã
14,26,Inglaterra,Irã
14,26,EUA,Irã
14,26,Brasil,Irã
14,26,Croácia,Irã
14,26,Bélgica,Austrália
14,26,Equador,Austrália
14,26,Países Baixos,Austrália
14,26,Costa Rica,Austrália
14,26,Espanha,Austrália
14,26,Tunísia,Austrália
14,26,Polônia,Austrália
14,26,França,Austrália
14,26,Coreia do Sul,Austrália
14,26,Dinamarca,Austrália
14,26,Sérvia,Austrália
14,26,México,Austrália
14,26,Arábia Saudita,Austrália
14,26,Qatar,Austrália
14,26,Senegal,Austrália
14,26,Japão,Austrália
14,26,Camarões,Austrália
14,26,Canadá,Austrália
14,26,Inglaterra,Austrália
14,26,EUA,Austrália
14,26,Brasil,Austrália
14,26,Croácia,Austrália
14,26,Equador,Bélgica
14,26,Países Baixos,Bélgica
14,26,Costa Rica,Bélgica
14,26,Espanha,Bélgica
14,26,Tunísia,Bélgica
14,26,Polônia,Bélgica
14,26,França,Bélgica
14,26,Coreia do Sul,Bélgica
14,26,Dinamarca,Bélgica
14,26,Sérvia,Bélgica
14,26,México,Bélgica
14,26,Arábia Saudita,Bélgica
14,26,Qatar,Bélgica
14,26,Senegal,Bélgica
14,26,Japão,Bélgica
14,26,Camarões,Bélgica
14,26,Canadá,Bélgica
14,26,Inglaterra,Bélgica
14,26,EUA,Bélgica
14,26,Brasil,Bélgica
14,26,Croácia,Bélgica
14,26,Países Baixos,Equador
14,26,Costa Rica,Equador
14,26,Espanha,Equador
14,26,Tunísia,Equador
14,26,Polônia,Equador
14,26,França,Equador
14,26,Coreia do Sul,Equador
14,26,Dinamarca,Equador
14,26,Sérvia,Equador
14,26,México,Equador
14,26,Arábia Saudita,Equador
14,26,Qatar,Equador
14,26,Senegal,Equador
14,26,Japão,Equador
14,26,Camarões,Equador
14,26,Canadá,Equador
14,26,Inglaterra,Equador
14,26,EUA,Equador
14,26,Brasil,Equador
14,26,Croácia,Equador
14,26,Costa Rica,Países Baixos
14,26,Espanha,Países Baixos
14,26,Tunísia,Países Baixos
14,26,Polônia,Países Baixos
14,26,França,Países Baixos
14,26,Coreia do Sul,Países Baixos
14,26,Dinamarca,Países Baixos
14,26,Sérvia,Países Baixos
14,26,México,Países Baixos
14,26,Arábia Saudita,Países Baixos
14,26,Qatar,Países Baixos
14,26,Senegal,Países Baixos
14,26,Japão,Países Baixos
14,26,Camarões,Países Baixos
14,26,Canadá,Países Baixos
14,26,Inglaterra,Países Baixos
14,26,EUA,Países Baixos
14,26,Brasil,Países Baixos
14,26,Croácia,Países Baixos
14,26,Espanha,Costa Rica
14,26,Tunísia,Costa Rica
14,26,Polônia,Costa Rica
14,26,França,Costa Rica
14,26,Coreia do Sul,Costa Rica
14,26,Dinamarca,Costa Rica
14,26,Sérvia,Costa Rica
14,26,México,Costa Rica
14,26,Arábia Saudita,Costa Rica
14,26,Qatar,Costa Rica
14,26,Senegal,Costa Rica
14,26,Japão,Costa Rica
14,26,Camarões,Costa Rica
14,26,Canadá,Costa Rica
14,26,Inglaterra,Costa Rica
14,26,EUA,Costa Rica
14,26,Brasil,Costa Rica
14,26,Croácia,Costa Rica
14,26,Tunísia,Espanha
14,26,Polônia,Espanha
14,26,França,Espanha
14,26,Coreia do Sul,Espanha
14,26,Dinamarca,Espanha
14,26,Sérvia,Espanha
14,26,México,Espanha
14,26,Arábia Saudita,Espanha
14,26,Qatar,Espanha
14,26,Senegal,Espanha
14,26,Japão,Espanha
14,26,Camarões,Espanha
14,26,Canadá,Espanha
14,26,Inglaterra,Espanha
14,26,EUA,Espanha
14,26,Brasil,Espanha
14,26,Croácia,Espanha
14,26,Polônia,Tunísia
14,26,França,Tunísia
14,26,Coreia do Sul,Tunísia
14,26,Dinamarca,Tunísia
14,26,Sérvia,Tunísia
14,26,México,Tunísia
14,26,Arábia Saudita,Tunísia
14,26,Qatar,Tunísia
14,26,Senegal,Tunísia
14,26,Japão,Tunísia
14,26,Camarões,Tunísia
14,26,Canadá,Tunísia
14,26,Inglaterra,Tunísia
14,26,EUA,Tunísia
14,26,Brasil,Tunísia
14,26,Croácia,Tunísia
14,26,França,Polônia
14,26,Coreia do Sul,Polônia
14,26,Dinamarca,Polônia
14,26,Sérvia,Polônia
14,26,México,Polônia
14,26,Arábia Saudita,Polônia
14,26,Qatar,Polônia
14,26,Senegal,Polônia
14,26,Japão,Polônia
14,26,Camarões,Polônia
14,26,Canadá,Polônia
14,26,Inglaterra,Polônia
14,26,EUA,Polônia
14,26,Brasil,Polônia
14,26,Croácia,Polônia
14,26,Coreia do Sul,França
14,26,Dinamarca,França
14,26,Sérvia,França
14,26,México,França
14,26,Arábia Saudita,França
14,26,Qatar,França
14,26,Senegal,França
14,26,Japão,França
14,26,Camarões,França
14,26,Canadá,França
14,26,Inglaterra,França
14,26,EUA,França
14,26,Brasil,França
14,26,Croácia,França
14,26,Dinamarca,Coreia do Sul
14,26,Sérvia,Coreia do Sul
14,26,México,Coreia do Sul
14,26,Arábia Saudita,Coreia do Sul
14,26,Qatar,Coreia do Sul
14,26,Senegal,Coreia do Sul
14,26,Japão,Coreia do Sul
14,26,Camarões,Coreia do Sul
14,26,Canadá,Coreia do Sul
14,26,Inglaterra,Coreia do Sul
14,26,EUA,Coreia do Sul
14,26,Brasil,Coreia do Sul
14,26,Croácia,Coreia do Sul
14,26,Sérvia,Dinamarca
14,26,México,Dinamarca
14,26,Arábia Saudita,Dinamarca
14,26,Qatar,Dinamarca
14,26,Senegal,Dinamarca
14,26,Japão,Dinamarca
14,26,Camarões,Dinamarca
14,26,Canadá,Dinamarca
14,26,Inglaterra,Dinamarca
14,26,EUA,Dinamarca
14,26,Brasil,Dinamarca
14,26,Croácia,Dinamarca
14,26,México,Sérvia
14,26,Arábia Saudita,Sérvia
14,26,Qatar,Sérvia
14,26,Senegal,Sérvia
14,26,Japão,Sérvia
14,26,Camarões,Sérvia
14,26,Canadá,Sérvia
14,26,Inglaterra,Sérvia
14,26,EUA,Sérvia
14,26,Brasil,Sérvia
14,26,Croácia,Sérvia
14,26,Arábia Saudita,México
14,26,Qatar,México
14,26,Senegal,México
14,26,Japão,México
14,26,Camarões,México
14,26,Canadá,México
14,26,Inglaterra,México
14,26,EUA,México
14,26,Brasil,México
14,26,Croácia,México
14,26,Qatar,Arábia Saudita
14,26,Senegal,Arábia Saudita
14,26,Japão,Arábia Saudita
14,26,Camarões,Arábia Saudita
14,26,Canadá,Arábia Saudita
14,26,Inglaterra,Arábia Saudita
14,26,EUA,Arábia Saudita
14,26,Brasil,Arábia Saudita
14,26,Croácia,Arábia Saudita
14,26,Senegal,Qatar
14,26,Japão,Qatar
14,26,Camarões,Qatar
14,26,Canadá,Qatar
14,26,Inglaterra,Qatar
14,26,EUA,Qatar
14,26,Brasil,Qatar
14,26,Croácia,Qatar
14,26,Japão,Senegal
14,26,Camarões,Senegal
14,26,Canadá,Senegal
14,26,Inglaterra,Senegal
14,26,EUA,Senegal
14,26,Brasil,Senegal
14,26,Croácia,Senegal
14,26,Camarões,Japão
14,26,Canadá,Japão
14,26,Inglaterra,Japão
14,26,EUA,Japão
14,26,Brasil,Japão
14,26,Croácia,Japão
14,26,Canadá,Camarões
14,26,Inglaterra,Camarões
14,26,EUA,Camarões
14,26,Brasil,Camarões
14,26,Croácia,Camarões
14,26,Inglaterra,Canadá
14,26,EUA,Canadá
14,26,Brasil,Canadá
14,26,Croácia,Canadá
14,26,EUA,Inglaterra
14,26,Brasil,Inglaterra
14,26,Croácia,Inglaterra
14,26,Brasil,EUA
14,26,Croácia,EUA
14,26,Croácia,Brasil
14,29,Marrocos,Argentina
14,29,País de Gales,Argentina
14,29,Alemanha,Argentina
14,29,Portugal,Argentina
14,29,Suíça,Argentina
14,29,Uruguai,Argentina
14,29,Gana,Argentina
14,29,Irã,Argentina
14,29,Austrália,Argentina
14,29,Bélgica,Argentina
14,29,Equador,Argentina
14,29,Países Baixos,Argentina
14,29,Costa Rica,Argentina
14,29,Espanha,Argentina
14,29,Tunísia,Argentina
14,29,Polônia,Argentina
14,29,França,Argentina
14,29,Coreia do Sul,Argentina
14,29,Dinamarca,Argentina
14,29,Sérvia,Argentina
14,29,México,Argentina
14,29,Arábia Saudita,Argentina
14,29,Qatar,Argentina
14,29,Senegal,Argentina
14,29,Japão,Argentina
14,29,Camarões,Argentina
14,29,Canadá,Argentina
14,29,Inglaterra,Argentina
14,29,EUA,Argentina
14,29,Brasil,Argentina
14,29,Croácia,Argentina
14,29,País de Gales,Marrocos
14,29,Alemanha,Marrocos
14,29,Portugal,Marrocos
14,29,Suíça,Marrocos
14,29,Uruguai,Marrocos
14,29,Gana,Marrocos
14,29,Irã,Marrocos
14,29,Austrália,Marrocos
14,29,Bélgica,Marrocos
14,29,Equador,Marrocos
14,29,Países Baixos,Marrocos
14,29,Costa Rica,Marrocos
14,29,Espanha,Marrocos
14,29,Tunísia,Marrocos
14,29,Polônia,Marrocos
14,29,França,Marrocos
14,29,Coreia do Sul,Marrocos
14,29,Dinamarca,Marrocos
14,29,Sérvia,Marrocos
14,29,México,Marrocos
14,29,Arábia Saudita,Marrocos
14,29,Qatar,Marrocos
14,29,Senegal,Marrocos
14,29,Japão,Marrocos
14,29,Camarões,Marrocos
14,29,Canadá,Marrocos
14,29,Inglaterra,Marrocos
14,29,EUA,Marrocos
14,29,Brasil,Marrocos
14,29,Croácia,Marrocos
14,29,Alemanha,País de Gales
14,29,Portugal,País de Gales
14,29,Suíça,País de Gales
14,29,Uruguai,País de Gales
14,29,Gana,País de Gales
14,29,Irã,País de Gales
14,29,Austrália,País de Gales
14,29,Bélgica,País de Gales
14,29,Equador,País de Gales
14,29,Países Baixos,País de Gales
14,29,Costa Rica,País de Gales
14,29,Espanha,País de Gales
14,29,Tunísia,País de Gales
14,29,Polônia,País de Gales
14,29,França,País de Gales
14,29,Coreia do Sul,País de Gales
14,29,Dinamarca,País de Gales
14,29,Sérvia,País de Gales
14,29,México,País de Gales
14,29,Arábia Saudita,País de Gales
14,29,Qatar,País de Gales
14,29,Senegal,País de Gales
14,29,Japão,País de Gales
14,29,Camarões,País de Gales
14,29,Canadá,País de Gales
14,29,Inglaterra,País de Gales
14,29,EUA,País de Gales
14,29,Brasil,País de Gales
14,29,Croácia,País de Gales
14,29,Portugal,Alemanha
14,29,Suíça,Alemanha
14,29,Uruguai,Alemanha
14,29,Gana,Alemanha
14,29,Irã,Alemanha
14,29,Austrália,Alemanha
14,29,Bélgica,Alemanha
14,29,Equador,Alemanha
14,29,Países Baixos,Alemanha
14,29,Costa Rica,Alemanha
14,29,Espanha,Alemanha
14,29,Tunísia,Alemanha
14,29,Polônia,Alemanha
14,29,França,Alemanha
14,29,Coreia do Sul,Alemanha
14,29,Dinamarca,Alemanha
14,29,Sérvia,Alemanha
14,29,México,Alemanha
14,29,Arábia Saudita,Alemanha
14,29,Qatar,Alemanha
14,29,Senegal,Alemanha
14,29,Japão,Alemanha
14,29,Camarões,Alemanha
14,29,Canadá,Alemanha
14,29,Inglaterra,Alemanha
14,29,EUA,Alemanha
14,29,Brasil,Alemanha
14,29,Croácia,Alemanha
14,29,Suíça,Portugal
14,29,Uruguai,Portugal
14,29,Gana,Portugal
14,29,Irã,Portugal
14,29,Austrália,Portugal
14,29,Bélgica,Portugal
14,29,Equador,Portugal
14,29,Países Baixos,Portugal
14,29,Costa Rica,Portugal
14,29,Espanha,Portugal
14,29,Tunísia,Portugal
14,29,Polônia,Portugal
14,29,França,Portugal
14,29,Coreia do Sul,Portugal
14,29,Dinamarca,Portugal
14,29,Sérvia,Portugal
14,29,México,Portugal
14,29,Arábia Saudita,Portugal
14,29,Qatar,Portugal
14,29,Senegal,Portugal
14,29,Japão,Portugal
14,29,Camarões,Portugal
14,29,Canadá,Portugal
14,29,Inglaterra,Portugal
14,29,EUA,Portugal
14,29,Brasil,Portugal
14,29,Croácia,Portugal
14,29,Uruguai,Suíça
14,29,Gana,Suíça
14,29,Irã,Suíça
14,29,Austrália,Suíça
14,29,Bélgica,Suíça
14,29,Equador,Suíça
14,29,Países Baixos,Suíça
14,29,Costa Rica,Suíça
14,29,Espanha,Suíça
14,29,Tunísia,Suíça
14,29,Polônia,Suíça
14,29,França,Suíça
14,29,Coreia do Sul,Suíça
14,29,Dinamarca,Suíça
14,29,Sérvia,Suíça
14,29,México,Suíça
14,29,Arábia Saudita,Suíça
14,29,Qatar,Suíça
14,29,Senegal,Suíça
14,29,Japão,Suíça
14,29,Camarões,Suíça
14,29,Canadá,Suíça
14,29,Inglaterra,Suíça
14,29,EUA,Suíça
14,29,Brasil,Suíça
14,29,Croácia,Suíça
14,29,Gana,Uruguai
14,29,Irã,Uruguai
14,29,Austrália,Uruguai
14,29,Bélgica,Uruguai
14,29,Equador,Uruguai
14,29,Países Baixos,Uruguai
14,29,Costa Rica,Uruguai
14,29,Espanha,Uruguai
14,29,Tunísia,Uruguai
14,29,Polônia,Uruguai
14,29,França,Uruguai
14,29,Coreia do Sul,Uruguai
14,29,Dinamarca,Uruguai
14,29,Sérvia,Uruguai
14,29,México,Uruguai
14,29,Arábia Saudita,Uruguai
14,29,Qatar,Uruguai
14,29,Senegal,Uruguai
14,29,Japão,Uruguai
14,29,Camarões,Uruguai
14,29,Canadá,Uruguai
14,29,Inglaterra,Uruguai
14,29,EUA,Uruguai
14,29,Brasil,Uruguai
14,29,Croácia,Uruguai
14,29,Irã,Gana
14,29,Austrália,Gana
14,29,Bélgica,Gana
14,29,Equador,Gana
14,29,Países Baixos,Gana
14,29,Costa Rica,Gana
14,29,Espanha,Gana
14,29,Tunísia,Gana
14,29,Polônia,Gana
14,29,França,Gana
14,29,Coreia do Sul,Gana
14,29,Dinamarca,Gana
14,29,Sérvia,Gana
14,29,México,Gana
14,29,Arábia Saudita,Gana
14,29,Qatar,Gana
14,29,Senegal,Gana
14,29,Japão,Gana
14,29,Camarões,Gana
14,29,Canadá,Gana
14,29,Inglaterra,Gana
14,29,EUA,Gana
14,29,Brasil,Gana
14,29,Croácia,Gana
14,29,Austrália,Irã
14,29,Bélgica,Irã
14,29,Equador,Irã
14,29,Países Baixos,Irã
14,29,Costa Rica,Irã
14,29,Espanha,Irã
14,29,Tunísia,Irã
14,29,Polônia,Irã
14,29,França,Irã
14,29,Coreia do Sul,Irã
14,29,Dinamarca,Irã
14,29,Sérvia,Irã
14,29,México,Irã
14,29,Arábia Saudita,Irã
14,29,Qatar,Irã
14,29,Senegal,Irã
14,29,Japão,Irã
14,29,Camarões,Irã
14,29,Canadá,Irã
14,29,Inglaterra,Irã
14,29,EUA,Irã
14,29,Brasil,Irã
14,29,Croácia,Irã
14,29,Bélgica,Austrália
14,29,Equador,Austrália
14,29,Países Baixos,Austrália
14,29,Costa Rica,Austrália
14,29,Espanha,Austrália
14,29,Tunísia,Austrália
14,29,Polônia,Austrália
14,29,França,Austrália
14,29,Coreia do Sul,Austrália
14,29,Dinamarca,Austrália
14,29,Sérvia,Austrália
14,29,México,Austrália
14,29,Arábia Saudita,Austrália
14,29,Qatar,Austrália
14,29,Senegal,Austrália
14,29,Japão,Austrália
14,29,Camarões,Austrália
14,29,Canadá,Austrália
14,29,Inglaterra,Austrália
14,29,EUA,Austrália
14,29,Brasil,Austrália
14,29,Croácia,Austrália
14,29,Equador,Bélgica
14,29,Países Baixos,Bélgica
14,29,Costa Rica,Bélgica
14,29,Espanha,Bélgica
14,29,Tunísia,Bélgica
14,29,Polônia,Bélgica
14,29,França,Bélgica
14,29,Coreia do Sul,Bélgica
14,29,Dinamarca,Bélgica
14,29,Sérvia,Bélgica
14,29,México,Bélgica
14,29,Arábia Saudita,Bélgica
14,29,Qatar,Bélgica
14,29,Senegal,Bélgica
14,29,Japão,Bélgica
14,29,Camarões,Bélgica
14,29,Canadá,Bélgica
14,29,Inglaterra,Bélgica
14,29,EUA,Bélgica
14,29,Brasil,Bélgica
14,29,Croácia,Bélgica
14,29,Países Baixos,Equador
14,29,Costa Rica,Equador
14,29,Espanha,Equador
14,29,Tunísia,Equador
14,29,Polônia,Equador
14,29,França,Equador
14,29,Coreia do Sul,Equador
14,29,Dinamarca,Equador
14,29,Sérvia,Equador
14,29,México,Equador
14,29,Arábia Saudita,Equador
14,29,Qatar,Equador
14,29,Senegal,Equador
14,29,Japão,Equador
14,29,Camarões,Equador
14,29,Canadá,Equador
14,29,Inglaterra,Equador
14,29,EUA,Equador
14,29,Brasil,Equador
14,29,Croácia,Equador
14,29,Costa Rica,Países Baixos
14,29,Espanha,Países Baixos
14,29,Tunísia,Países Baixos
14,29,Polônia,Países Baixos
14,29,França,Países Baixos
14,29,Coreia do Sul,Países Baixos
14,29,Dinamarca,Países Baixos
14,29,Sérvia,Países Baixos
14,29,México,Países Baixos
14,29,Arábia Saudita,Países Baixos
14,29,Qatar,Países Baixos
14,29,Senegal,Países Baixos
14,29,Japão,Países Baixos
14,29,Camarões,Países Baixos
14,29,Canadá,Países Baixos
14,29,Inglaterra,Países Baixos
14,29,EUA,Países Baixos
14,29,Brasil,Países Baixos
14,29,Croácia,Países Baixos
14,29,Espanha,Costa Rica
14,29,Tunísia,Costa Rica
14,29,Polônia,Costa Rica
14,29,França,Costa Rica
14,29,Coreia do Sul,Costa Rica
14,29,Dinamarca,Costa Rica
14,29,Sérvia,Costa Rica
14,29,México,Costa Rica
14,29,Arábia Saudita,Costa Rica
14,29,Qatar,Costa Rica
14,29,Senegal,Costa Rica
14,29,Japão,Costa Rica
14,29,Camarões,Costa Rica
14,29,Canadá,Costa Rica
14,29,Inglaterra,Costa Rica
14,29,EUA,Costa Rica
14,29,Brasil,Costa Rica
14,29,Croácia,Costa Rica
14,29,Tunísia,Espanha
14,29,Polônia,Espanha
14,29,França,Espanha
14,29,Coreia do Sul,Espanha
14,29,Dinamarca,Espanha
14,29,Sérvia,Espanha
14,29,México,Espanha
14,29,Arábia Saudita,Espanha
14,29,Qatar,Espanha
14,29,Senegal,Espanha
14,29,Japão,Espanha
14,29,Camarões,Espanha
14,29,Canadá,Espanha
14,29,Inglaterra,Espanha
14,29,EUA,Espanha
14,29,Brasil,Espanha
14,29,Croácia,Espanha
14,29,Polônia,Tunísia
14,29,França,Tunísia
14,29,Coreia do Sul,Tunísia
14,29,Dinamarca,Tunísia
14,29,Sérvia,Tunísia
14,29,México,Tunísia
14,29,Arábia Saudita,Tunísia
14,29,Qatar,Tunísia
14,29,Senegal,Tunísia
14,29,Japão,Tunísia
14,29,Camarões,Tunísia
14,29,Canadá,Tunísia
14,29,Inglaterra,Tunísia
14,29,EUA,Tunísia
14,29,Brasil,Tunísia
14,29,Croácia,Tunísia
14,29,França,Polônia
14,29,Coreia do Sul,Polônia
14,29,Dinamarca,Polônia
14,29,Sérvia,Polônia
14,29,México,Polônia
14,29,Arábia Saudita,Polônia
14,29,Qatar,Polônia
14,29,Senegal,Polônia
14,29,Japão,Polônia
14,29,Camarões,Polônia
14,29,Canadá,Polônia
14,29,Inglaterra,Polônia
14,29,EUA,Polônia
14,29,Brasil,Polônia
14,29,Croácia,Polônia
14,29,Coreia do Sul,França
14,29,Dinamarca,França
14,29,Sérvia,França
14,29,México,França
14,29,Arábia Saudita,França
14,29,Qatar,França
14,29,Senegal,França
14,29,Japão,França
14,29,Camarões,França
14,29,Canadá,França
14,29,Inglaterra,França
14,29,EUA,França
14,29,Brasil,França
14,29,Croácia,França
14,29,Dinamarca,Coreia do Sul
14,29,Sérvia,Coreia do Sul
14,29,México,Coreia do Sul
14,29,Arábia Saudita,Coreia do Sul
14,29,Qatar,Coreia do Sul
14,29,Senegal,Coreia do Sul
14,29,Japão,Coreia do Sul
14,29,Camarões,Coreia do Sul
14,29,Canadá,Coreia do Sul
14,29,Inglaterra,Coreia do Sul
14,29,EUA,Coreia do Sul
14,29,Brasil,Coreia do Sul
14,29,Croácia,Coreia do Sul
14,29,Sérvia,Dinamarca
14,29,México,Dinamarca
14,29,Arábia Saudita,Dinamarca
14,29,Qatar,Dinamarca
14,29,Senegal,Dinamarca
14,29,Japão,Dinamarca
14,29,Camarões,Dinamarca
14,29,Canadá,Dinamarca
14,29,Inglaterra,Dinamarca
14,29,EUA,Dinamarca
14,29,Brasil,Dinamarca
14,29,Croácia,Dinamarca
14,29,México,Sérvia
14,29,Arábia Saudita,Sérvia
14,29,Qatar,Sérvia
14,29,Senegal,Sérvia
14,29,Japão,Sérvia
14,29,Camarões,Sérvia
14,29,Canadá,Sérvia
14,29,Inglaterra,Sérvia
14,29,EUA,Sérvia
14,29,Brasil,Sérvia
14,29,Croácia,Sérvia
14,29,Arábia Saudita,México
14,29,Qatar,México
14,29,Senegal,México
14,29,Japão,México
14,29,Camarões,México
14,29,Canadá,México
14,29,Inglaterra,México
14,29,EUA,México
14,29,Brasil,México
14,29,Croácia,México
14,29,Qatar,Arábia Saudita
14,29,Senegal,Arábia Saudita
14,29,Japão,Arábia Saudita
14,29,Camarões,Arábia Saudita
14,29,Canadá,Arábia Saudita
14,29,Inglaterra,Arábia Saudita
14,29,EUA,Arábia Saudita
14,29,Brasil,Arábia Saudita
14,29,Croácia,Arábia Saudita
14,29,Senegal,Qatar
14,29,Japão,Qatar
14,29,Camarões,Qatar
14,29,Canadá,Qatar
14,29,Inglaterra,Qatar
14,29,EUA,Qatar
14,29,Brasil,Qatar
14,29,Croácia,Qatar
14,29,Japão,Senegal
14,29,Camarões,Senegal
14,29,Canadá,Senegal
14,29,Inglaterra,Senegal
14,29,EUA,Senegal
14,29,Brasil,Senegal
14,29,Croácia,Senegal
14,29,Camarões,Japão
14,29,Canadá,Japão
14,29,Inglaterra,Japão
14,29,EUA,Japão
14,29,Brasil,Japão
14,29,Croácia,Japão
14,29,Canadá,Camarões
14,29,Inglaterra,Camarões
14,29,EUA,Camarões
14,29,Brasil,Camarões
14,29,Croácia,Camarões
14,29,Inglaterra,Canadá
14,29,EUA,Canadá
14,29,Brasil,Canadá
14,29,Croácia,Canadá
14,29,EUA,Inglaterra
14,29,Brasil,Inglaterra
14,29,Croácia,Inglaterra
14,29,Brasil,EUA
14,29,Croácia,EUA
14,29,Croácia,Brasil
14,32,Marrocos,Argentina
14,32,País de Gales,Argentina
14,32,Alemanha,Argentina
14,32,Portugal,Argentina
14,32,Suíça,Argentina
14,32,Uruguai,Argentina
14,32,Gana,Argentina
14,32,Irã,Argentina
14,32,Austrália,Argentina
14,32,Bélgica,Argentina
14,32,Equador,Argentina
14,32,Países Baixos,Argentina
14,32,Costa Rica,Argentina
14,32,Espanha,Argentina
14,32,Tunísia,Argentina
14,32,Polônia,Argentina
14,32,França,Argentina
14,32,Coreia do Sul,Argentina
14,32,Dinamarca,Argentina
14,32,Sérvia,Argentina
14,32,México,Argentina
14,32,Arábia Saudita,Argentina
14,32,Qatar,Argentina
14,32,Senegal,Argentina
14,32,Japão,Argentina
14,32,Camarões,Argentina
14,32,Canadá,Argentina
14,32,Inglaterra,Argentina
14,32,EUA,Argentina
14,32,Brasil,Argentina
14,32,Croácia,Argentina
14,32,País de Gales,Marrocos
14,32,Alemanha,Marrocos
14,32,Portugal,Marrocos
14,32,Suíça,Marrocos
14,32,Uruguai,Marrocos
14,32,Gana,Marrocos
14,32,Irã,Marrocos
14,32,Austrália,Marrocos
14,32,Bélgica,Marrocos
14,32,Equador,Marrocos
14,32,Países Baixos,Marrocos
14,32,Costa Rica,Marrocos
14,32,Espanha,Marrocos
14,32,Tunísia,Marrocos
14,32,Polônia,Marrocos
14,32,França,Marrocos
14,32,Coreia do Sul,Marrocos
14,32,Dinamarca,Marrocos
14,32,Sérvia,Marrocos
14,32,México,Marrocos
14,32,Arábia Saudita,Marrocos
14,32,Qatar,Marrocos
14,32,Senegal,Marrocos
14,32,Japão,Marrocos
14,32,Camarões,Marrocos
14,32,Canadá,Marrocos
14,32,Inglaterra,Marrocos
14,32,EUA,Marrocos
14,32,Brasil,Marrocos
14,32,Croácia,Marrocos
14,32,Alemanha,País de Gales
14,32,Portugal,País de Gales
14,32,Suíça,País de Gales
14,32,Uruguai,País de Gales
14,32,Gana,País de Gales
14,32,Irã,País de Gales
14,32,Austrália,País de Gales
14,32,Bélgica,País de Gales
14,32,Equador,País de Gales
14,32,Países Baixos,País de Gales
14,32,Costa Rica,País de Gales
14,32,Espanha,País de Gales
14,32,Tunísia,País de Gales
14,32,Polônia,País de Gales
14,32,França,País de Gales
14,32,Coreia do Sul,País de Gales
14,32,Dinamarca,País de Gales
14,32,Sérvia,País de Gales
14,32,México,País de Gales
14,32,Arábia Saudita,País de Gales
14,32,Qatar,País de Gales
14,32,Senegal,País de Gales
14,32,Japão,País de Gales
14,32,Camarões,País de Gales
14,32,Canadá,País de Gales
14,32,Inglaterra,País de Gales
14,32,EUA,País de Gales
14,32,Brasil,País de Gales
14,32,Croácia,País de Gales
14,32,Portugal,Alemanha
14,32,Suíça,Alemanha
14,32,Uruguai,Alemanha
14,32,Gana,Alemanha
14,32,Irã,Alemanha
14,32,Austrália,Alemanha
14,32,Bélgica,Alemanha
14,32,Equador,Alemanha
14,32,Países Baixos,Alemanha
14,32,Costa Rica,Alemanha
14,32,Espanha,Alemanha
14,32,Tunísia,Alemanha
14,32,Polônia,Alemanha
14,32,França,Alemanha
14,32,Coreia do Sul,Alemanha
14,32,Dinamarca,Alemanha
14,32,Sérvia,Alemanha
14,32,México,Alemanha
14,32,Arábia Saudita,Alemanha
14,32,Qatar,Alemanha
14,32,Senegal,Alemanha
14,32,Japão,Alemanha
14,32,Camarões,Alemanha
14,32,Canadá,Alemanha
14,32,Inglaterra,Alemanha
14,32,EUA,Alemanha
14,32,Brasil,Alemanha
14,32,Croácia,Alemanha
14,32,Suíça,Portugal
14,32,Uruguai,Portugal
14,32,Gana,Portugal
14,32,Irã,Portugal
14,32,Austrália,Portugal
14,32,Bélgica,Portugal
14,32,Equador,Portugal
14,32,Países Baixos,Portugal
14,32,Costa Rica,Portugal
14,32,Espanha,Portugal
14,32,Tunísia,Portugal
14,32,Polônia,Portugal
14,32,França,Portugal
14,32,Coreia do Sul,Portugal
14,32,Dinamarca,Portugal
14,32,Sérvia,Portugal
14,32,México,Portugal
14,32,Arábia Saudita,Portugal
14,32,Qatar,Portugal
14,32,Senegal,Portugal
14,32,Japão,Portugal
14,32,Camarões,Portugal
14,32,Canadá,Portugal
14,32,Inglaterra,Portugal
14,32,EUA,Portugal
14,32,Brasil,Portugal
14,32,Croácia,Portugal
14,32,Uruguai,Suíça
14,32,Gana,Suíça
14,32,Irã,Suíça
14,32,Austrália,Suíça
14,32,Bélgica,Suíça
14,32,Equador,Suíça
14,32,Países Baixos,Suíça
14,32,Costa Rica,Suíça
14,32,Espanha,Suíça
14,32,Tunísia,Suíça
14,32,Polônia,Suíça
14,32,França,Suíça
14,32,Coreia do Sul,Suíça
14,32,Dinamarca,Suíça
14,32,Sérvia,Suíça
14,32,México,Suíça
14,32,Arábia Saudita,Suíça
14,32,Qatar,Suíça
14,32,Senegal,Suíça
14,32,Japão,Suíça
14,32,Camarões,Suíça
14,32,Canadá,Suíça
14,32,Inglaterra,Suíça
14,32,EUA,Suíça
14,32,Brasil,Suíça
14,32,Croácia,Suíça
14,32,Gana,Uruguai
14,32,Irã,Uruguai
14,32,Austrália,Uruguai
14,32,Bélgica,Uruguai
14,32,Equador,Uruguai
14,32,Países Baixos,Uruguai
14,32,Costa Rica,Uruguai
14,32,Espanha,Uruguai
14,32,Tunísia,Uruguai
14,32,Polônia,Uruguai
14,32,França,Uruguai
14,32,Coreia do Sul,Uruguai
14,32,Dinamarca,Uruguai
14,32,Sérvia,Uruguai
14,32,México,Uruguai
14,32,Arábia Saudita,Uruguai
14,32,Qatar,Uruguai
14,32,Senegal,Uruguai
14,32,Japão,Uruguai
14,32,Camarões,Uruguai
14,32,Canadá,Uruguai
14,32,Inglaterra,Uruguai
14,32,EUA,Uruguai
14,32,Brasil,Uruguai
14,32,Croácia,Uruguai
14,32,Irã,Gana
14,32,Austrália,Gana
14,32,Bélgica,Gana
14,32,Equador,Gana
14,32,Países Baixos,Gana
14,32,Costa Rica,Gana
14,32,Espanha,Gana
14,32,Tunísia,Gana
14,32,Polônia,Gana
14,32,França,Gana
14,32,Coreia do Sul,Gana
14,32,Dinamarca,Gana
14,32,Sérvia,Gana
14,32,México,Gana
14,32,Arábia Saudita,Gana
14,32,Qatar,Gana
14,32,Senegal,Gana
14,32,Japão,Gana
14,32,Camarões,Gana
14,32,Canadá,Gana
14,32,Inglaterra,Gana
14,32,EUA,Gana
14,32,Brasil,Gana
14,32,Croácia,Gana
14,32,Austrália,Irã
14,32,Bélgica,Irã
14,32,Equador,Irã
14,32,Países Baixos,Irã
14,32,Costa Rica,Irã
14,32,Espanha,Irã
14,32,Tunísia,Irã
14,32,Polônia,Irã
14,32,França,Irã
14,32,Coreia do Sul,Irã
14,32,Dinamarca,Irã
14,32,Sérvia,Irã
14,32,México,Irã
14,32,Arábia Saudita,Irã
14,32,Qatar,Irã
14,32,Senegal,Irã
14,32,Japão,Irã
14,32,Camarões,Irã
14,32,Canadá,Irã
14,32,Inglaterra,Irã
14,32,EUA,Irã
14,32,Brasil,Irã
14,32,Croácia,Irã
14,32,Bélgica,Austrália
14,32,Equador,Austrália
14,32,Países Baixos,Austrália
14,32,Costa Rica,Austrália
14,32,Espanha,Austrália
14,32,Tunísia,Austrália
14,32,Polônia,Austrália
14,32,França,Austrália
14,32,Coreia do Sul,Austrália
14,32,Dinamarca,Austrália
14,32,Sérvia,Austrália
14,32,México,Austrália
14,32,Arábia Saudita,Austrália
14,32,Qatar,Austrália
14,32,Senegal,Austrália
14,32,Japão,Austrália
14,32,Camarões,Austrália
14,32,Canadá,Austrália
14,32,Inglaterra,Austrália
14,32,EUA,Austrália
14,32,Brasil,Austrália
14,32,Croácia,Austrália
14,32,Equador,Bélgica
14,32,Países Baixos,Bélgica
14,32,Costa Rica,Bélgica
14,32,Espanha,Bélgica
14,32,Tunísia,Bélgica
14,32,Polônia,Bélgica
14,32,França,Bélgica
14,32,Coreia do Sul,Bélgica
14,32,Dinamarca,Bélgica
14,32,Sérvia,Bélgica
14,32,México,Bélgica
14,32,Arábia Saudita,Bélgica
14,32,Qatar,Bélgica
14,32,Senegal,Bélgica
14,32,Japão,Bélgica
14,32,Camarões,Bélgica
14,32,Canadá,Bélgica
14,32,Inglaterra,Bélgica
14,32,EUA,Bélgica
14,32,Brasil,Bélgica
14,32,Croácia,Bélgica
14,32,Países Baixos,Equador
14,32,Costa Rica,Equador
14,32,Espanha,Equador
14,32,Tunísia,Equador
14,32,Polônia,Equador
14,32,França,Equador
14,32,Coreia do Sul,Equador
14,32,Dinamarca,Equador
14,32,Sérvia,Equador
14,32,México,Equador
14,32,Arábia Saudita,Equador
14,32,Qatar,Equador
14,32,Senegal,Equador
14,32,Japão,Equador
14,32,Camarões,Equador
14,32,Canadá,Equador
14,32,Inglaterra,Equador
14,32,EUA,Equador
14,32,Brasil,Equador
14,32,Croácia,Equador
14,32,Costa Rica,Países Baixos
14,32,Espanha,Países Baixos
14,32,Tunísia,Países Baixos
14,32,Polônia,Países Baixos
14,32,França,Países Baixos
14,32,Coreia do Sul,Países Baixos
14,32,Dinamarca,Países Baixos
14,32,Sérvia,Países Baixos
14,32,México,Países Baixos
14,32,Arábia Saudita,Países Baixos
14,32,Qatar,Países Baixos
14,32,Senegal,Países Baixos
14,32,Japão,Países Baixos
14,32,Camarões,Países Baixos
14,32,Canadá,Países Baixos
14,32,Inglaterra,Países Baixos
14,32,EUA,Países Baixos
14,32,Brasil,Países Baixos
14,32,Croácia,Países Baixos
14,32,Espanha,Costa Rica
14,32,Tunísia,Costa Rica
14,32,Polônia,Costa Rica
14,32,França,Costa Rica
14,32,Coreia do Sul,Costa Rica
14,32,Dinamarca,Costa Rica
14,32,Sérvia,Costa Rica
14,32,México,Costa Rica
14,32,Arábia Saudita,Costa Rica
14,32,Qatar,Costa Rica
14,32,Senegal,Costa Rica
14,32,Japão,Costa Rica
14,32,Camarões,Costa Rica
14,32,Canadá,Costa Rica
14,32,Inglaterra,Costa Rica
14,32,EUA,Costa Rica
14,32,Brasil,Costa Rica
14,32,Croácia,Costa Rica
14,32,Tunísia,Espanha
14,32,Polônia,Espanha
14,32,França,Espanha
14,32,Coreia do Sul,Espanha
14,32,Dinamarca,Espanha
14,32,Sérvia,Espanha
14,32,México,Espanha
14,32,Arábia Saudita,Espanha
14,32,Qatar,Espanha
14,32,Senegal,Espanha
14,32,Japão,Espanha
14,32,Camarões,Espanha
14,32,Canadá,Espanha
14,32,Inglaterra,Espanha
14,32,EUA,Espanha
14,32,Brasil,Espanha
14,32,Croácia,Espanha
14,32,Polônia,Tunísia
14,32,França,Tunísia
14,32,Coreia do Sul,Tunísia
14,32,Dinamarca,Tunísia
14,32,Sérvia,Tunísia
14,32,México,Tunísia
14,32,Arábia Saudita,Tunísia
14,32,Qatar,Tunísia
14,32,Senegal,Tunísia
14,32,Japão,Tunísia
14,32,Camarões,Tunísia
14,32,Canadá,Tunísia
14,32,Inglaterra,Tunísia
14,32,EUA,Tunísia
14,32,Brasil,Tunísia
14,32,Croácia,Tunísia
14,32,França,Polônia
14,32,Coreia do Sul,Polônia
14,32,Dinamarca,Polônia
14,32,Sérvia,Polônia
14,32,México,Polônia
14,32,Arábia Saudita,Polônia
14,32,Qatar,Polônia
14,32,Senegal,Polônia
14,32,Japão,Polônia
14,32,Camarões,Polônia
14,32,Canadá,Polônia
14,32,Inglaterra,Polônia
14,32,EUA,Polônia
14,32,Brasil,Polônia
14,32,Croácia,Polônia
14,32,Coreia do Sul,França
14,32,Dinamarca,França
14,32,Sérvia,França
14,32,México,França
14,32,Arábia Saudita,França
14,32,Qatar,França
14,32,Senegal,França
14,32,Japão,França
14,32,Camarões,França
14,32,Canadá,França
14,32,Inglaterra,França
14,32,EUA,França
14,32,Brasil,França
14,32,Croácia,França
14,32,Dinamarca,Coreia do Sul
14,32,Sérvia,Coreia do Sul
14,32,México,Coreia do Sul
14,32,Arábia Saudita,Coreia do Sul
14,32,Qatar,Coreia do Sul
14,32,Senegal,Coreia do Sul
14,32,Japão,Coreia do Sul
14,32,Camarões,Coreia do Sul
14,32,Canadá,Coreia do Sul
14,32,Inglaterra,Coreia do Sul
14,32,EUA,Coreia do Sul
14,32,Brasil,Coreia do Sul
14,32,Croácia,Coreia do Sul
14,32,Sérvia,Dinamarca
14,32,México,Dinamarca
14,32,Arábia Saudita,Dinamarca
14,32,Qatar,Dinamarca
14,32,Senegal,Dinamarca
14,32,Japão,Dinamarca
14,32,Camarões,Dinamarca
14,32,Canadá,Dinamarca
14,32,Inglaterra,Dinamarca
14,32,EUA,Dinamarca
14,32,Brasil,Dinamarca
14,32,Croácia,Dinamarca
14,32,México,Sérvia
14,32,Arábia Saudita,Sérvia
14,32,Qatar,Sérvia
14,32,Senegal,Sérvia
14,32,Japão,Sérvia
14,32,Camarões,Sérvia
14,32,Canadá,Sérvia
14,32,Inglaterra,Sérvia
14,32,EUA,Sérvia
14,32,Brasil,Sérvia
14,32,Croácia,Sérvia
14,32,Arábia Saudita,México
14,32,Qatar,México
14,32,Senegal,México
14,32,Japão,México
14,32,Camarões,México
14,32,Canadá,México
14,32,Inglaterra,México
14,32,EUA,México
14,32,Brasil,México
14,32,Croácia,México
14,32,Qatar,Arábia Saudita
14,32,Senegal,Arábia Saudita
14,32,Japão,Arábia Saudita
14,32,Camarões,Arábia Saudita
14,32,Canadá,Arábia Saudita
14,32,Inglaterra,Arábia Saudita
14,32,EUA,Arábia Saudita
14,32,Brasil,Arábia Saudita
14,32,Croácia,Arábia Saudita
14,32,Senegal,Qatar
14,32,Japão,Qatar
14,32,Camarões,Qatar
14,32,Canadá,Qatar
14,32,Inglaterra,Qatar
14,32,EUA,Qatar
14,32,Brasil,Qatar
14,32,Croácia,Qatar
14,32,Japão,Senegal
14,32,Camarões,Senegal
14,32,Canadá,Senegal
14,32,Inglaterra,Senegal
14,32,EUA,Senegal
14,32,Brasil,Senegal
14,32,Croácia,Senegal
14,32,Camarões,Japão
14,32,Canadá,Japão
14,32,Inglaterra,Japão
14,32,EUA,Japão
14,32,Brasil,Japão
14,32,Croácia,Japão
14,32,Canadá,Camarões
14,32,Inglaterra,Camarões
14,32,EUA,Camarões
14,32,Brasil,Camarões
14,32,Croácia,Camarões
14,32,Inglaterra,Canadá
14,32,EUA,Canadá
14,32,Brasil,Canadá
14,32,Croácia,Canadá
14,32,EUA,Inglaterra
14,32,Brasil,Inglaterra
14,32,Croácia,Inglaterra
14,32,Brasil,EUA
14,32,Croácia,EUA
14,32,Croácia,Brasil
14,35,Marrocos,Argentina
14,35,País de Gales,Argentina
14,35,Alemanha,Argentina
14,35,Portugal,Argentina
14,35,Suíça,Argentina
14,35,Uruguai,Argentina
14,35,Gana,Argentina
14,35,Irã,Argentina
14,35,Austrália,Argentina
14,35,Bélgica,Argentina
14,35,Equador,Argentina
14,35,Países Baixos,Argentina
14,35,Costa Rica,Argentina
14,35,Espanha,Argentina
14,35,Tunísia,Argentina
14,35,Polônia,Argentina
14,35,França,Argentina
14,35,Coreia do Sul,Argentina
14,35,Dinamarca,Argentina
14,35,Sérvia,Argentina
14,35,México,Argentina
14,35,Arábia Saudita,Argentina
14,35,Qatar,Argentina
14,35,Senegal,Argentina
14,35,Japão,Argentina
14,35,Camarões,Argentina
14,35,Canadá,Argentina
14,35,Inglaterra,Argentina
14,35,EUA,Argentina
14,35,Brasil,Argentina
14,35,Croácia,Argentina
14,35,País de Gales,Marrocos
14,35,Alemanha,Marrocos
14,35,Portugal,Marrocos
14,35,Suíça,Marrocos
14,35,Uruguai,Marrocos
14,35,Gana,Marrocos
14,35,Irã,Marrocos
14,35,Austrália,Marrocos
14,35,Bélgica,Marrocos
14,35,Equador,Marrocos
14,35,Países Baixos,Marrocos
14,35,Costa Rica,Marrocos
14,35,Espanha,Marrocos
14,35,Tunísia,Marrocos
14,35,Polônia,Marrocos
14,35,França,Marrocos
14,35,Coreia do Sul,Marrocos
14,35,Dinamarca,Marrocos
14,35,Sérvia,Marrocos
14,35,México,Marrocos
14,35,Arábia Saudita,Marrocos
14,35,Qatar,Marrocos
14,35,Senegal,Marrocos
14,35,Japão,Marrocos
14,35,Camarões,Marrocos
14,35,Canadá,Marrocos
14,35,Inglaterra,Marrocos
14,35,EUA,Marrocos
14,35,Brasil,Marrocos
14,35,Croácia,Marrocos
14,35,Alemanha,País de Gales
14,35,Portugal,País de Gales
14,35,Suíça,País de Gales
14,35,Uruguai,País de Gales
14,35,Gana,País de Gales
14,35,Irã,País de Gales
14,35,Austrália,País de Gales
14,35,Bélgica,País de Gales
14,35,Equador,País de Gales
14,35,Países Baixos,País de Gales
14,35,Costa Rica,País de Gales
14,35,Espanha,País de Gales
14,35,Tunísia,País de Gales
14,35,Polônia,País de Gales
14,35,França,País de Gales
14,35,Coreia do Sul,País de Gales
14,35,Dinamarca,País de Gales
14,35,Sérvia,País de Gales
14,35,México,País de Gales
14,35,Arábia Saudita,País de Gales
14,35,Qatar,País de Gales
14,35,Senegal,País de Gales
14,35,Japão,País de Gales
14,35,Camarões,País de Gales
14,35,Canadá,País de Gales
14,35,Inglaterra,País de Gales
14,35,EUA,País de Gales
14,35,Brasil,País de Gales
14,35,Croácia,País de Gales
14,35,Portugal,Alemanha
14,35,Suíça,Alemanha
14,35,Uruguai,Alemanha
14,35,Gana,Alemanha
14,35,Irã,Alemanha
14,35,Austrália,Alemanha
14,35,Bélgica,Alemanha
14,35,Equador,Alemanha
14,35,Países Baixos,Alemanha
14,35,Costa Rica,Alemanha
14,35,Espanha,Alemanha
14,35,Tunísia,Alemanha
14,35,Polônia,Alemanha
14,35,França,Alemanha
14,35,Coreia do Sul,Alemanha
14,35,Dinamarca,Alemanha
14,35,Sérvia,Alemanha
14,35,México,Alemanha
14,35,Arábia Saudita,Alemanha
14,35,Qatar,Alemanha
14,35,Senegal,Alemanha
14,35,Japão,Alemanha
14,35,Camarões,Alemanha
14,35,Canadá,Alemanha
14,35,Inglaterra,Alemanha
14,35,EUA,Alemanha
14,35,Brasil,Alemanha
14,35,Croácia,Alemanha
14,35,Suíça,Portugal
14,35,Uruguai,Portugal
14,35,Gana,Portugal
14,35,Irã,Portugal
14,35,Austrália,Portugal
14,35,Bélgica,Portugal
14,35,Equador,Portugal
14,35,Países Baixos,Portugal
14,35,Costa Rica,Portugal
14,35,Espanha,Portugal
14,35,Tunísia,Portugal
14,35,Polônia,Portugal
14,35,França,Portugal
14,35,Coreia do Sul,Portugal
14,35,Dinamarca,Portugal
14,35,Sérvia,Portugal
14,35,México,Portugal
14,35,Arábia Saudita,Portugal
14,35,Qatar,Portugal
14,35,Senegal,Portugal
14,35,Japão,Portugal
14,35,Camarões,Portugal
14,35,Canadá,Portugal
14,35,Inglaterra,Portugal
14,35,EUA,Portugal
14,35,Brasil,Portugal
14,35,Croácia,Portugal
14,35,Uruguai,Suíça
14,35,Gana,Suíça
14,35,Irã,Suíça
14,35,Austrália,Suíça
14,35,Bélgica,Suíça
14,35,Equador,Suíça
14,35,Países Baixos,Suíça
14,35,Costa Rica,Suíça
14,35,Espanha,Suíça
14,35,Tunísia,Suíça
14,35,Polônia,Suíça
14,35,França,Suíça
14,35,Coreia do Sul,Suíça
14,35,Dinamarca,Suíça
14,35,Sérvia,Suíça
14,35,México,Suíça
14,35,Arábia Saudita,Suíça
14,35,Qatar,Suíça
14,35,Senegal,Suíça
14,35,Japão,Suíça
14,35,Camarões,Suíça
14,35,Canadá,Suíça
14,35,Inglaterra,Suíça
14,35,EUA,Suíça
14,35,Brasil,Suíça
14,35,Croácia,Suíça
14,35,Gana,Uruguai
14,35,Irã,Uruguai
14,35,Austrália,Uruguai
14,35,Bélgica,Uruguai
14,35,Equador,Uruguai
14,35,Países Baixos,Uruguai
14,35,Costa Rica,Uruguai
14,35,Espanha,Uruguai
14,35,Tunísia,Uruguai
14,35,Polônia,Uruguai
14,35,França,Uruguai
14,35,Coreia do Sul,Uruguai
14,35,Dinamarca,Uruguai
14,35,Sérvia,Uruguai
14,35,México,Uruguai
14,35,Arábia Saudita,Uruguai
14,35,Qatar,Uruguai
14,35,Senegal,Uruguai
14,35,Japão,Uruguai
14,35,Camarões,Uruguai
14,35,Canadá,Uruguai
14,35,Inglaterra,Uruguai
14,35,EUA,Uruguai
14,35,Brasil,Uruguai
14,35,Croácia,Uruguai
14,35,Irã,Gana
14,35,Austrália,Gana
14,35,Bélgica,Gana
14,35,Equador,Gana
14,35,Países Baixos,Gana
14,35,Costa Rica,Gana
14,35,Espanha,Gana
14,35,Tunísia,Gana
14,35,Polônia,Gana
14,35,França,Gana
14,35,Coreia do Sul,Gana
14,35,Dinamarca,Gana
14,35,Sérvia,Gana
14,35,México,Gana
14,35,Arábia Saudita,Gana
14,35,Qatar,Gana
14,35,Senegal,Gana
14,35,Japão,Gana
14,35,Camarões,Gana
14,35,Canadá,Gana
14,35,Inglaterra,Gana
14,35,EUA,Gana
14,35,Brasil,Gana
14,35,Croácia,Gana
14,35,Austrália,Irã
14,35,Bélgica,Irã
14,35,Equador,Irã
14,35,Países Baixos,Irã
14,35,Costa Rica,Irã
14,35,Espanha,Irã
14,35,Tunísia,Irã
14,35,Polônia,Irã
14,35,França,Irã
14,35,Coreia do Sul,Irã
14,35,Dinamarca,Irã
14,35,Sérvia,Irã
14,35,México,Irã
14,35,Arábia Saudita,Irã
14,35,Qatar,Irã
14,35,Senegal,Irã
14,35,Japão,Irã
14,35,Camarões,Irã
14,35,Canadá,Irã
14,35,Inglaterra,Irã
14,35,EUA,Irã
14,35,Brasil,Irã
14,35,Croácia,Irã
14,35,Bélgica,Austrália
14,35,Equador,Austrália
14,35,Países Baixos,Austrália
14,35,Costa Rica,Austrália
14,35,Espanha,Austrália
14,35,Tunísia,Austrália
14,35,Polônia,Austrália
14,35,França,Austrália
14,35,Coreia do Sul,Austrália
14,35,Dinamarca,Austrália
14,35,Sérvia,Austrália
14,35,México,Austrália
14,35,Arábia Saudita,Austrália
14,35,Qatar,Austrália
14,35,Senegal,Austrália
14,35,Japão,Austrália
14,35,Camarões,Austrália
14,35,Canadá,Austrália
14,35,Inglaterra,Austrália
14,35,EUA,Austrália
14,35,Brasil,Austrália
14,35,Croácia,Austrália
14,35,Equador,Bélgica
14,35,Países Baixos,Bélgica
14,35,Costa Rica,Bélgica
14,35,Espanha,Bélgica
14,35,Tunísia,Bélgica
14,35,Polônia,Bélgica
14,35,França,Bélgica
14,35,Coreia do Sul,Bélgica
14,35,Dinamarca,Bélgica
14,35,Sérvia,Bélgica
14,35,México,Bélgica
14,35,Arábia Saudita,Bélgica
14,35,Qatar,Bélgica
14,35,Senegal,Bélgica
14,35,Japão,Bélgica
14,35,Camarões,Bélgica
14,35,Canadá,Bélgica
14,35,Inglaterra,Bélgica
14,35,EUA,Bélgica
14,35,Brasil,Bélgica
14,35,Croácia,Bélgica
14,35,Países Baixos,Equador
14,35,Costa Rica,Equador
14,35,Espanha,Equador
14,35,Tunísia,Equador
14,35,Polônia,Equador
14,35,França,Equador
14,35,Coreia do Sul,Equador
14,35,Dinamarca,Equador
14,35,Sérvia,Equador
14,35,México,Equador
14,35,Arábia Saudita,Equador
14,35,Qatar,Equador
14,35,Senegal,Equador
14,35,Japão,Equador
14,35,Camarões,Equador
14,35,Canadá,Equador
14,35,Inglaterra,Equador
14,35,EUA,Equador
14,35,Brasil,Equador
14,35,Croácia,Equador
14,35,Costa Rica,Países Baixos
14,35,Espanha,Países Baixos
14,35,Tunísia,Países Baixos
14,35,Polônia,Países Baixos
14,35,França,Países Baixos
14,35,Coreia do Sul,Países Baixos
14,35,Dinamarca,Países Baixos
14,35,Sérvia,Países Baixos
14,35,México,Países Baixos
14,35,Arábia Saudita,Países Baixos
14,35,Qatar,Países Baixos
14,35,Senegal,Países Baixos
14,35,Japão,Países Baixos
14,35,Camarões,Países Baixos
14,35,Canadá,Países Baixos
14,35,Inglaterra,Países Baixos
14,35,EUA,Países Baixos
14,35,Brasil,Países Baixos
14,35,Croácia,Países Baixos
14,35,Espanha,Costa Rica
14,35,Tunísia,Costa Rica
14,35,Polônia,Costa Rica
14,35,França,Costa Rica
14,35,Coreia do Sul,Costa Rica
14,35,Dinamarca,Costa Rica
14,35,Sérvia,Costa Rica
14,35,México,Costa Rica
14,35,Arábia Saudita,Costa Rica
14,35,Qatar,Costa Rica
14,35,Senegal,Costa Rica
14,35,Japão,Costa Rica
14,35,Camarões,Costa Rica
14,35,Canadá,Costa Rica
14,35,Inglaterra,Costa Rica
14,35,EUA,Costa Rica
14,35,Brasil,Costa Rica
14,35,Croácia,Costa Rica
14,35,Tunísia,Espanha
14,35,Polônia,Espanha
14,35,França,Espanha
14,35,Coreia do Sul,Espanha
14,35,Dinamarca,Espanha
14,35,Sérvia,Espanha
14,35,México,Espanha
14,35,Arábia Saudita,Espanha
14,35,Qatar,Espanha
14,35,Senegal,Espanha
14,35,Japão,Espanha
14,35,Camarões,Espanha
14,35,Canadá,Espanha
14,35,Inglaterra,Espanha
14,35,EUA,Espanha
14,35,Brasil,Espanha
14,35,Croácia,Espanha
14,35,Polônia,Tunísia
14,35,França,Tunísia
14,35,Coreia do Sul,Tunísia
14,35,Dinamarca,Tunísia
14,35,Sérvia,Tunísia
14,35,México,Tunísia
14,35,Arábia Saudita,Tunísia
14,35,Qatar,Tunísia
14,35,Senegal,Tunísia
14,35,Japão,Tunísia
14,35,Camarões,Tunísia
14,35,Canadá,Tunísia
14,35,Inglaterra,Tunísia
14,35,EUA,Tunísia
14,35,Brasil,Tunísia
14,35,Croácia,Tunísia
14,35,França,Polônia
14,35,Coreia do Sul,Polônia
14,35,Dinamarca,Polônia
14,35,Sérvia,Polônia
14,35,México,Polônia
14,35,Arábia Saudita,Polônia
14,35,Qatar,Polônia
14,35,Senegal,Polônia
14,35,Japão,Polônia
14,35,Camarões,Polônia
14,35,Canadá,Polônia
14,35,Inglaterra,Polônia
14,35,EUA,Polônia
14,35,Brasil,Polônia
14,35,Croácia,Polônia
14,35,Coreia do Sul,França
14,35,Dinamarca,França
14,35,Sérvia,França
14,35,México,França
14,35,Arábia Saudita,França
14,35,Qatar,França
14,35,Senegal,França
14,35,Japão,França
14,35,Camarões,França
14,35,Canadá,França
14,35,Inglaterra,França
14,35,EUA,França
14,35,Brasil,França
14,35,Croácia,França
14,35,Dinamarca,Coreia do Sul
14,35,Sérvia,Coreia do Sul
14,35,México,Coreia do Sul
14,35,Arábia Saudita,Coreia do Sul
14,35,Qatar,Coreia do Sul
14,35,Senegal,Coreia do Sul
14,35,Japão,Coreia do Sul
14,35,Camarões,Coreia do Sul
14,35,Canadá,Coreia do Sul
14,35,Inglaterra,Coreia do Sul
14,35,EUA,Coreia do Sul
14,35,Brasil,Coreia do Sul
14,35,Croácia,Coreia do Sul
14,35,Sérvia,Dinamarca
14,35,México,Dinamarca
14,35,Arábia Saudita,Dinamarca
14,35,Qatar,Dinamarca
14,35,Senegal,Dinamarca
14,35,Japão,Dinamarca
14,35,Camarões,Dinamarca
14,35,Canadá,Dinamarca
14,35,Inglaterra,Dinamarca
14,35,EUA,Dinamarca
14,35,Brasil,Dinamarca
14,35,Croácia,Dinamarca
14,35,México,Sérvia
14,35,Arábia Saudita,Sérvia
14,35,Qatar,Sérvia
14,35,Senegal,Sérvia
14,35,Japão,Sérvia
14,35,Camarões,Sérvia
14,35,Canadá,Sérvia
14,35,Inglaterra,Sérvia
14,35,EUA,Sérvia
14,35,Brasil,Sérvia
14,35,Croácia,Sérvia
14,35,Arábia Saudita,México
14,35,Qatar,México
14,35,Senegal,México
14,35,Japão,México
14,35,Camarões,México
14,35,Canadá,México
14,35,Inglaterra,México
14,35,EUA,México
14,35,Brasil,México
14,35,Croácia,México
14,35,Qatar,Arábia Saudita
14,35,Senegal,Arábia Saudita
14,35,Japão,Arábia Saudita
14,35,Camarões,Arábia Saudita
14,35,Canadá,Arábia Saudita
14,35,Inglaterra,Arábia Saudita
14,35,EUA,Arábia Saudita
14,35,Brasil,Arábia Saudita
14,35,Croácia,Arábia Saudita
14,35,Senegal,Qatar
14,35,Japão,Qatar
14,35,Camarões,Qatar
14,35,Canadá,Qatar
14,35,Inglaterra,Qatar
14,35,EUA,Qatar
14,35,Brasil,Qatar
14,35,Croácia,Qatar
14,35,Japão,Senegal
14,35,Camarões,Senegal
14,35,Canadá,Senegal
14,35,Inglaterra,Senegal
14,35,EUA,Senegal
14,35,Brasil,Senegal
14,35,Croácia,Senegal
14,35,Camarões,Japão
14,35,Canadá,Japão
14,35,Inglaterra,Japão
14,35,EUA,Japão
14,35,Brasil,Japão
14,35,Croácia,Japão
14,35,Canadá,Camarões
14,35,Inglaterra,Camarões
14,35,EUA,Camarões
14,35,Brasil,Camarões
14,35,Croácia,Camarões
14,35,Inglaterra,Canadá
14,35,EUA,Canadá
14,35,Brasil,Canadá
14,35,Croácia,Canadá
14,35,EUA,Inglaterra
14,35,Brasil,Inglaterra
14,35,Croácia,Inglaterra
14,35,Brasil,EUA
14,35,Croácia,EUA
14,35,Croácia,Brasil
14,38,Marrocos,Argentina
14,38,País de Gales,Argentina
14,38,Alemanha,Argentina
14,38,Portugal,Argentina
14,38,Suíça,Argentina
14,38,Uruguai,Argentina
14,38,Gana,Argentina
14,38,Irã,Argentina
14,38,Austrália,Argentina
14,38,Bélgica,Argentina
14,38,Equador,Argentina
14,38,Países Baixos,Argentina
14,38,Costa Rica,Argentina
14,38,Espanha,Argentina
14,38,Tunísia,Argentina
14,38,Polônia,Argentina
14,38,França,Argentina
14,38,Coreia do Sul,Argentina
14,38,Dinamarca,Argentina
14,38,Sérvia,Argentina
14,38,México,Argentina
14,38,Arábia Saudita,Argentina
14,38,Qatar,Argentina
14,38,Senegal,Argentina
14,38,Japão,Argentina
14,38,Camarões,Argentina
14,38,Canadá,Argentina
14,38,Inglaterra,Argentina
14,38,EUA,Argentina
14,38,Brasil,Argentina
14,38,Croácia,Argentina
14,38,País de Gales,Marrocos
14,38,Alemanha,Marrocos
14,38,Portugal,Marrocos
14,38,Suíça,Marrocos
14,38,Uruguai,Marrocos
14,38,Gana,Marrocos
14,38,Irã,Marrocos
14,38,Austrália,Marrocos
14,38,Bélgica,Marrocos
14,38,Equador,Marrocos
14,38,Países Baixos,Marrocos
14,38,Costa Rica,Marrocos
14,38,Espanha,Marrocos
14,38,Tunísia,Marrocos
14,38,Polônia,Marrocos
14,38,França,Marrocos
14,38,Coreia do Sul,Marrocos
14,38,Dinamarca,Marrocos
14,38,Sérvia,Marrocos
14,38,México,Marrocos
14,38,Arábia Saudita,Marrocos
14,38,Qatar,Marrocos
14,38,Senegal,Marrocos
14,38,Japão,Marrocos
14,38,Camarões,Marrocos
14,38,Canadá,Marrocos
14,38,Inglaterra,Marrocos
14,38,EUA,Marrocos
14,38,Brasil,Marrocos
14,38,Croácia,Marrocos
14,38,Alemanha,País de Gales
14,38,Portugal,País de Gales
14,38,Suíça,País de Gales
14,38,Uruguai,País de Gales
14,38,Gana,País de Gales
14,38,Irã,País de Gales
14,38,Austrália,País de Gales
14,38,Bélgica,País de Gales
14,38,Equador,País de Gales
14,38,Países Baixos,País de Gales
14,38,Costa Rica,País de Gales
14,38,Espanha,País de Gales
14,38,Tunísia,País de Gales
14,38,Polônia,País de Gales
14,38,França,País de Gales
14,38,Coreia do Sul,País de Gales
14,38,Dinamarca,País de Gales
14,38,Sérvia,País de Gales
14,38,México,País de Gales
14,38,Arábia Saudita,País de Gales
14,38,Qatar,País de Gales
14,38,Senegal,País de Gales
14,38,Japão,País de Gales
14,38,Camarões,País de Gales
14,38,Canadá,País de Gales
14,38,Inglaterra,País de Gales
14,38,EUA,País de Gales
14,38,Brasil,País de Gales
14,38,Croácia,País de Gales
14,38,Portugal,Alemanha
14,38,Suíça,Alemanha
14,38,Uruguai,Alemanha
14,38,Gana,Alemanha
14,38,Irã,Alemanha
14,38,Austrália,Alemanha
14,38,Bélgica,Alemanha
14,38,Equador,Alemanha
14,38,Países Baixos,Alemanha
14,38,Costa Rica,Alemanha
14,38,Espanha,Alemanha
14,38,Tunísia,Alemanha
14,38,Polônia,Alemanha
14,38,França,Alemanha
14,38,Coreia do Sul,Alemanha
14,38,Dinamarca,Alemanha
14,38,Sérvia,Alemanha
14,38,México,Alemanha
14,38,Arábia Saudita,Alemanha
14,38,Qatar,Alemanha
14,38,Senegal,Alemanha
14,38,Japão,Alemanha
14,38,Camarões,Alemanha
14,38,Canadá,Alemanha
14,38,Inglaterra,Alemanha
14,38,EUA,Alemanha
14,38,Brasil,Alemanha
14,38,Croácia,Alemanha
14,38,Suíça,Portugal
14,38,Uruguai,Portugal
14,38,Gana,Portugal
14,38,Irã,Portugal
14,38,Austrália,Portugal
14,38,Bélgica,Portugal
14,38,Equador,Portugal
14,38,Países Baixos,Portugal
14,38,Costa Rica,Portugal
14,38,Espanha,Portugal
14,38,Tunísia,Portugal
14,38,Polônia,Portugal
14,38,França,Portugal
14,38,Coreia do Sul,Portugal
14,38,Dinamarca,Portugal
14,38,Sérvia,Portugal
14,38,México,Portugal
14,38,Arábia Saudita,Portugal
14,38,Qatar,Portugal
14,38,Senegal,Portugal
14,38,Japão,Portugal
14,38,Camarões,Portugal
14,38,Canadá,Portugal
14,38,Inglaterra,Portugal
14,38,EUA,Portugal
14,38,Brasil,Portugal
14,38,Croácia,Portugal
14,38,Uruguai,Suíça
14,38,Gana,Suíça
14,38,Irã,Suíça
14,38,Austrália,Suíça
14,38,Bélgica,Suíça
14,38,Equador,Suíça
14,38,Países Baixos,Suíça
14,38,Costa Rica,Suíça
14,38,Espanha,Suíça
14,38,Tunísia,Suíça
14,38,Polônia,Suíça
14,38,França,Suíça
14,38,Coreia do Sul,Suíça
14,38,Dinamarca,Suíça
14,38,Sérvia,Suíça
14,38,México,Suíça
14,38,Arábia Saudita,Suíça
14,38,Qatar,Suíça
14,38,Senegal,Suíça
14,38,Japão,Suíça
14,38,Camarões,Suíça
14,38,Canadá,Suíça
14,38,Inglaterra,Suíça
14,38,EUA,Suíça
14,38,Brasil,Suíça
14,38,Croácia,Suíça
14,38,Gana,Uruguai
14,38,Irã,Uruguai
14,38,Austrália,Uruguai
14,38,Bélgica,Uruguai
14,38,Equador,Uruguai
14,38,Países Baixos,Uruguai
14,38,Costa Rica,Uruguai
14,38,Espanha,Uruguai
14,38,Tunísia,Uruguai
14,38,Polônia,Uruguai
14,38,França,Uruguai
14,38,Coreia do Sul,Uruguai
14,38,Dinamarca,Uruguai
14,38,Sérvia,Uruguai
14,38,México,Uruguai
14,38,Arábia Saudita,Uruguai
14,38,Qatar,Uruguai
14,38,Senegal,Uruguai
14,38,Japão,Uruguai
14,38,Camarões,Uruguai
14,38,Canadá,Uruguai
14,38,Inglaterra,Uruguai
14,38,EUA,Uruguai
14,38,Brasil,Uruguai
14,38,Croácia,Uruguai
14,38,Irã,Gana
14,38,Austrália,Gana
14,38,Bélgica,Gana
14,38,Equador,Gana
14,38,Países Baixos,Gana
14,38,Costa Rica,Gana
14,38,Espanha,Gana
14,38,Tunísia,Gana
14,38,Polônia,Gana
14,38,França,Gana
14,38,Coreia do Sul,Gana
14,38,Dinamarca,Gana
14,38,Sérvia,Gana
14,38,México,Gana
14,38,Arábia Saudita,Gana
14,38,Qatar,Gana
14,38,Senegal,Gana
14,38,Japão,Gana
14,38,Camarões,Gana
14,38,Canadá,Gana
14,38,Inglaterra,Gana
14,38,EUA,Gana
14,38,Brasil,Gana
14,38,Croácia,Gana
14,38,Austrália,Irã
14,38,Bélgica,Irã
14,38,Equador,Irã
14,38,Países Baixos,Irã
14,38,Costa Rica,Irã
14,38,Espanha,Irã
14,38,Tunísia,Irã
14,38,Polônia,Irã
14,38,França,Irã
14,38,Coreia do Sul,Irã
14,38,Dinamarca,Irã
14,38,Sérvia,Irã
14,38,México,Irã
14,38,Arábia Saudita,Irã
14,38,Qatar,Irã
14,38,Senegal,Irã
14,38,Japão,Irã
14,38,Camarões,Irã
14,38,Canadá,Irã
14,38,Inglaterra,Irã
14,38,EUA,Irã
14,38,Brasil,Irã
14,38,Croácia,Irã
14,38,Bélgica,Austrália
14,38,Equador,Austrália
14,38,Países Baixos,Austrália
14,38,Costa Rica,Austrália
14,38,Espanha,Austrália
14,38,Tunísia,Austrália
14,38,Polônia,Austrália
14,38,França,Austrália
14,38,Coreia do Sul,Austrália
14,38,Dinamarca,Austrália
14,38,Sérvia,Austrália
14,38,México,Austrália
14,38,Arábia Saudita,Austrália
14,38,Qatar,Austrália
14,38,Senegal,Austrália
14,38,Japão,Austrália
14,38,Camarões,Austrália
14,38,Canadá,Austrália
14,38,Inglaterra,Austrália
14,38,EUA,Austrália
14,38,Brasil,Austrália
14,38,Croácia,Austrália
14,38,Equador,Bélgica
14,38,Países Baixos,Bélgica
14,38,Costa Rica,Bélgica
14,38,Espanha,Bélgica
14,38,Tunísia,Bélgica
14,38,Polônia,Bélgica
14,38,França,Bélgica
14,38,Coreia do Sul,Bélgica
14,38,Dinamarca,Bélgica
14,38,Sérvia,Bélgica
14,38,México,Bélgica
14,38,Arábia Saudita,Bélgica
14,38,Qatar,Bélgica
14,38,Senegal,Bélgica
14,38,Japão,Bélgica
14,38,Camarões,Bélgica
14,38,Canadá,Bélgica
14,38,Inglaterra,Bélgica
14,38,EUA,Bélgica
14,38,Brasil,Bélgica
14,38,Croácia,Bélgica
14,38,Países Baixos,Equador
14,38,Costa Rica,Equador
14,38,Espanha,Equador
14,38,Tunísia,Equador
14,38,Polônia,Equador
14,38,França,Equador
14,38,Coreia do Sul,Equador
14,38,Dinamarca,Equador
14,38,Sérvia,Equador
14,38,México,Equador
14,38,Arábia Saudita,Equador
14,38,Qatar,Equador
14,38,Senegal,Equador
14,38,Japão,Equador
14,38,Camarões,Equador
14,38,Canadá,Equador
14,38,Inglaterra,Equador
14,38,EUA,Equador
14,38,Brasil,Equador
14,38,Croácia,Equador
14,38,Costa Rica,Países Baixos
14,38,Espanha,Países Baixos
14,38,Tunísia,Países Baixos
14,38,Polônia,Países Baixos
14,38,França,Países Baixos
14,38,Coreia do Sul,Países Baixos
14,38,Dinamarca,Países Baixos
14,38,Sérvia,Países Baixos
14,38,México,Países Baixos
14,38,Arábia Saudita,Países Baixos
14,38,Qatar,Países Baixos
14,38,Senegal,Países Baixos
14,38,Japão,Países Baixos
14,38,Camarões,Países Baixos
14,38,Canadá,Países Baixos
14,38,Inglaterra,Países Baixos
14,38,EUA,Países Baixos
14,38,Brasil,Países Baixos
14,38,Croácia,Países Baixos
14,38,Espanha,Costa Rica
14,38,Tunísia,Costa Rica
14,38,Polônia,Costa Rica
14,38,França,Costa Rica
14,38,Coreia do Sul,Costa Rica
14,38,Dinamarca,Costa Rica
14,38,Sérvia,Costa Rica
14,38,México,Costa Rica
14,38,Arábia Saudita,Costa Rica
14,38,Qatar,Costa Rica
14,38,Senegal,Costa Rica
14,38,Japão,Costa Rica
14,38,Camarões,Costa Rica
14,38,Canadá,Costa Rica
14,38,Inglaterra,Costa Rica
14,38,EUA,Costa Rica
14,38,Brasil,Costa Rica
14,38,Croácia,Costa Rica
14,38,Tunísia,Espanha
14,38,Polônia,Espanha
14,38,França,Espanha
14,38,Coreia do Sul,Espanha
14,38,Dinamarca,Espanha
14,38,Sérvia,Espanha
14,38,México,Espanha
14,38,Arábia Saudita,Espanha
14,38,Qatar,Espanha
14,38,Senegal,Espanha
14,38,Japão,Espanha
14,38,Camarões,Espanha
14,38,Canadá,Espanha
14,38,Inglaterra,Espanha
14,38,EUA,Espanha
14,38,Brasil,Espanha
14,38,Croácia,Espanha
14,38,Polônia,Tunísia
14,38,França,Tunísia
14,38,Coreia do Sul,Tunísia
14,38,Dinamarca,Tunísia
14,38,Sérvia,Tunísia
14,38,México,Tunísia
14,38,Arábia Saudita,Tunísia
14,38,Qatar,Tunísia
14,38,Senegal,Tunísia
14,38,Japão,Tunísia
14,38,Camarões,Tunísia
14,38,Canadá,Tunísia
14,38,Inglaterra,Tunísia
14,38,EUA,Tunísia
14,38,Brasil,Tunísia
14,38,Croácia,Tunísia
14,38,França,Polônia
14,38,Coreia do Sul,Polônia
14,38,Dinamarca,Polônia
14,38,Sérvia,Polônia
14,38,México,Polônia
14,38,Arábia Saudita,Polônia
14,38,Qatar,Polônia
14,38,Senegal,Polônia
14,38,Japão,Polônia
14,38,Camarões,Polônia
14,38,Canadá,Polônia
14,38,Inglaterra,Polônia
14,38,EUA,Polônia
14,38,Brasil,Polônia
14,38,Croácia,Polônia
14,38,Coreia do Sul,França
14,38,Dinamarca,França
14,38,Sérvia,França
14,38,México,França
14,38,Arábia Saudita,França
14,38,Qatar,França
14,38,Senegal,França
14,38,Japão,França
14,38,Camarões,França
14,38,Canadá,França
14,38,Inglaterra,França
14,38,EUA,França
14,38,Brasil,França
14,38,Croácia,França
14,38,Dinamarca,Coreia do Sul
14,38,Sérvia,Coreia do Sul
14,38,México,Coreia do Sul
14,38,Arábia Saudita,Coreia do Sul
14,38,Qatar,Coreia do Sul
14,38,Senegal,Coreia do Sul
14,38,Japão,Coreia do Sul
14,38,Camarões,Coreia do Sul
14,38,Canadá,Coreia do Sul
14,38,Inglaterra,Coreia do Sul
14,38,EUA,Coreia do Sul
14,38,Brasil,Coreia do Sul
14,38,Croácia,Coreia do Sul
14,38,Sérvia,Dinamarca
14,38,México,Dinamarca
14,38,Arábia Saudita,Dinamarca
14,38,Qatar,Dinamarca
14,38,Senegal,Dinamarca
14,38,Japão,Dinamarca
14,38,Camarões,Dinamarca
14,38,Canadá,Dinamarca
14,38,Inglaterra,Dinamarca
14,38,EUA,Dinamarca
14,38,Brasil,Dinamarca
14,38,Croácia,Dinamarca
14,38,México,Sérvia
14,38,Arábia Saudita,Sérvia
14,38,Qatar,Sérvia
14,38,Senegal,Sérvia
14,38,Japão,Sérvia
14,38,Camarões,Sérvia
14,38,Canadá,Sérvia
14,38,Inglaterra,Sérvia
14,38,EUA,Sérvia
14,38,Brasil,Sérvia
14,38,Croácia,Sérvia
14,38,Arábia Saudita,México
14,38,Qatar,México
14,38,Senegal,México
14,38,Japão,México
14,38,Camarões,México
14,38,Canadá,México
14,38,Inglaterra,México
14,38,EUA,México
14,38,Brasil,México
14,38,Croácia,México
14,38,Qatar,Arábia Saudita
14,38,Senegal,Arábia Saudita
14,38,Japão,Arábia Saudita
14,38,Camarões,Arábia Saudita
14,38,Canadá,Arábia Saudita
14,38,Inglaterra,Arábia Saudita
14,38,EUA,Arábia Saudita
14,38,Brasil,Arábia Saudita
14,38,Croácia,Arábia Saudita
14,38,Senegal,Qatar
14,38,Japão,Qatar
14,38,Camarões,Qatar
14,38,Canadá,Qatar
14,38,Inglaterra,Qatar
14,38,EUA,Qatar
14,38,Brasil,Qatar
14,38,Croácia,Qatar
14,38,Japão,Senegal
14,38,Camarões,Senegal
14,38,Canadá,Senegal
14,38,Inglaterra,Senegal
14,38,EUA,Senegal
14,38,Brasil,Senegal
14,38,Croácia,Senegal
14,38,Camarões,Japão
14,38,Canadá,Japão
14,38,Inglaterra,Japão
14,38,EUA,Japão
14,38,Brasil,Japão
14,38,Croácia,Japão
14,38,Canadá,Camarões
14,38,Inglaterra,Camarões
14,38,EUA,Camarões
14,38,Brasil,Camarões
14,38,Croácia,Camarões
14,38,Inglaterra,Canadá
14,38,EUA,Canadá
14,38,Brasil,Canadá
14,38,Croácia,Canadá
14,38,EUA,Inglaterra
14,38,Brasil,Inglaterra
14,38,Croácia,Inglaterra
14,38,Brasil,EUA
14,38,Croácia,EUA
14,38,Croácia,Brasil
14,41,Marrocos,Argentina
14,41,País de Gales,Argentina
14,41,Alemanha,Argentina
14,41,Portugal,Argentina
14,41,Suíça,Argentina
14,41,Uruguai,Argentina
14,41,Gana,Argentina
14,41,Irã,Argentina
14,41,Austrália,Argentina
14,41,Bélgica,Argentina
14,41,Equador,Argentina
14,41,Países Baixos,Argentina
14,41,Costa Rica,Argentina
14,41,Espanha,Argentina
14,41,Tunísia,Argentina
14,41,Polônia,Argentina
14,41,França,Argentina
14,41,Coreia do Sul,Argentina
14,41,Dinamarca,Argentina
14,41,Sérvia,Argentina
14,41,México,Argentina
14,41,Arábia Saudita,Argentina
14,41,Qatar,Argentina
14,41,Senegal,Argentina
14,41,Japão,Argentina
14,41,Camarões,Argentina
14,41,Canadá,Argentina
14,41,Inglaterra,Argentina
14,41,EUA,Argentina
14,41,Brasil,Argentina
14,41,Croácia,Argentina
14,41,País de Gales,Marrocos
14,41,Alemanha,Marrocos
14,41,Portugal,Marrocos
14,41,Suíça,Marrocos
14,41,Uruguai,Marrocos
14,41,Gana,Marrocos
14,41,Irã,Marrocos
14,41,Austrália,Marrocos
14,41,Bélgica,Marrocos
14,41,Equador,Marrocos
14,41,Países Baixos,Marrocos
14,41,Costa Rica,Marrocos
14,41,Espanha,Marrocos
14,41,Tunísia,Marrocos
14,41,Polônia,Marrocos
14,41,França,Marrocos
14,41,Coreia do Sul,Marrocos
14,41,Dinamarca,Marrocos
14,41,Sérvia,Marrocos
14,41,México,Marrocos
14,41,Arábia Saudita,Marrocos
14,41,Qatar,Marrocos
14,41,Senegal,Marrocos
14,41,Japão,Marrocos
14,41,Camarões,Marrocos
14,41,Canadá,Marrocos
14,41,Inglaterra,Marrocos
14,41,EUA,Marrocos
14,41,Brasil,Marrocos
14,41,Croácia,Marrocos
14,41,Alemanha,País de Gales
14,41,Portugal,País de Gales
14,41,Suíça,País de Gales
14,41,Uruguai,País de Gales
14,41,Gana,País de Gales
14,41,Irã,País de Gales
14,41,Austrália,País de Gales
14,41,Bélgica,País de Gales
14,41,Equador,País de Gales
14,41,Países Baixos,País de Gales
14,41,Costa Rica,País de Gales
14,41,Espanha,País de Gales
14,41,Tunísia,País de Gales
14,41,Polônia,País de Gales
14,41,França,País de Gales
14,41,Coreia do Sul,País de Gales
14,41,Dinamarca,País de Gales
14,41,Sérvia,País de Gales
14,41,México,País de Gales
14,41,Arábia Saudita,País de Gales
14,41,Qatar,País de Gales
14,41,Senegal,País de Gales
14,41,Japão,País de Gales
14,41,Camarões,País de Gales
14,41,Canadá,País de Gales
14,41,Inglaterra,País de Gales
14,41,EUA,País de Gales
14,41,Brasil,País de Gales
14,41,Croácia,País de Gales
14,41,Portugal,Alemanha
14,41,Suíça,Alemanha
14,41,Uruguai,Alemanha
14,41,Gana,Alemanha
14,41,Irã,Alemanha
14,41,Austrália,Alemanha
14,41,Bélgica,Alemanha
14,41,Equador,Alemanha
14,41,Países Baixos,Alemanha
14,41,Costa Rica,Alemanha
14,41,Espanha,Alemanha
14,41,Tunísia,Alemanha
14,41,Polônia,Alemanha
14,41,França,Alemanha
14,41,Coreia do Sul,Alemanha
14,41,Dinamarca,Alemanha
14,41,Sérvia,Alemanha
14,41,México,Alemanha
14,41,Arábia Saudita,Alemanha
14,41,Qatar,Alemanha
14,41,Senegal,Alemanha
14,41,Japão,Alemanha
14,41,Camarões,Alemanha
14,41,Canadá,Alemanha
14,41,Inglaterra,Alemanha
14,41,EUA,Alemanha
14,41,Brasil,Alemanha
14,41,Croácia,Alemanha
14,41,Suíça,Portugal
14,41,Uruguai,Portugal
14,41,Gana,Portugal
14,41,Irã,Portugal
14,41,Austrália,Portugal
14,41,Bélgica,Portugal
14,41,Equador,Portugal
14,41,Países Baixos,Portugal
14,41,Costa Rica,Portugal
14,41,Espanha,Portugal
14,41,Tunísia,Portugal
14,41,Polônia,Portugal
14,41,França,Portugal
14,41,Coreia do Sul,Portugal
14,41,Dinamarca,Portugal
14,41,Sérvia,Portugal
14,41,México,Portugal
14,41,Arábia Saudita,Portugal
14,41,Qatar,Portugal
14,41,Senegal,Portugal
14,41,Japão,Portugal
14,41,Camarões,Portugal
14,41,Canadá,Portugal
14,41,Inglaterra,Portugal
14,41,EUA,Portugal
14,41,Brasil,Portugal
14,41,Croácia,Portugal
14,41,Uruguai,Suíça
14,41,Gana,Suíça
14,41,Irã,Suíça
14,41,Austrália,Suíça
14,41,Bélgica,Suíça
14,41,Equador,Suíça
14,41,Países Baixos,Suíça
14,41,Costa Rica,Suíça
14,41,Espanha,Suíça
14,41,Tunísia,Suíça
14,41,Polônia,Suíça
14,41,França,Suíça
14,41,Coreia do Sul,Suíça
14,41,Dinamarca,Suíça
14,41,Sérvia,Suíça
14,41,México,Suíça
14,41,Arábia Saudita,Suíça
14,41,Qatar,Suíça
14,41,Senegal,Suíça
14,41,Japão,Suíça
14,41,Camarões,Suíça
14,41,Canadá,Suíça
14,41,Inglaterra,Suíça
14,41,EUA,Suíça
14,41,Brasil,Suíça
14,41,Croácia,Suíça
14,41,Gana,Uruguai
14,41,Irã,Uruguai
14,41,Austrália,Uruguai
14,41,Bélgica,Uruguai
14,41,Equador,Uruguai
14,41,Países Baixos,Uruguai
14,41,Costa Rica,Uruguai
14,41,Espanha,Uruguai
14,41,Tunísia,Uruguai
14,41,Polônia,Uruguai
14,41,França,Uruguai
14,41,Coreia do Sul,Uruguai
14,41,Dinamarca,Uruguai
14,41,Sérvia,Uruguai
14,41,México,Uruguai
14,41,Arábia Saudita,Uruguai
14,41,Qatar,Uruguai
14,41,Senegal,Uruguai
14,41,Japão,Uruguai
14,41,Camarões,Uruguai
14,41,Canadá,Uruguai
14,41,Inglaterra,Uruguai
14,41,EUA,Uruguai
14,41,Brasil,Uruguai
14,41,Croácia,Uruguai
14,41,Irã,Gana
14,41,Austrália,Gana
14,41,Bélgica,Gana
14,41,Equador,Gana
14,41,Países Baixos,Gana
14,41,Costa Rica,Gana
14,41,Espanha,Gana
14,41,Tunísia,Gana
14,41,Polônia,Gana
14,41,França,Gana
14,41,Coreia do Sul,Gana
14,41,Dinamarca,Gana
14,41,Sérvia,Gana
14,41,México,Gana
14,41,Arábia Saudita,Gana
14,41,Qatar,Gana
14,41,Senegal,Gana
14,41,Japão,Gana
14,41,Camarões,Gana
14,41,Canadá,Gana
14,41,Inglaterra,Gana
14,41,EUA,Gana
14,41,Brasil,Gana
14,41,Croácia,Gana
14,41,Austrália,Irã
14,41,Bélgica,Irã
14,41,Equador,Irã
14,41,Países Baixos,Irã
14,41,Costa Rica,Irã
14,41,Espanha,Irã
14,41,Tunísia,Irã
14,41,Polônia,Irã
14,41,França,Irã
14,41,Coreia do Sul,Irã
14,41,Dinamarca,Irã
14,41,Sérvia,Irã
14,41,México,Irã
14,41,Arábia Saudita,Irã
14,41,Qatar,Irã
14,41,Senegal,Irã
14,41,Japão,Irã
14,41,Camarões,Irã
14,41,Canadá,Irã
14,41,Inglaterra,Irã
14,41,EUA,Irã
14,41,Brasil,Irã
14,41,Croácia,Irã
14,41,Bélgica,Austrália
14,41,Equador,Austrália
14,41,Países Baixos,Austrália
14,41,Costa Rica,Austrália
14,41,Espanha,Austrália
14,41,Tunísia,Austrália
14,41,Polônia,Austrália
14,41,França,Austrália
14,41,Coreia do Sul,Austrália
14,41,Dinamarca,Austrália
14,41,Sérvia,Austrália
14,41,México,Austrália
14,41,Arábia Saudita,Austrália
14,41,Qatar,Austrália
14,41,Senegal,Austrália
14,41,Japão,Austrália
14,41,Camarões,Austrália
14,41,Canadá,Austrália
14,41,Inglaterra,Austrália
14,41,EUA,Austrália
14,41,Brasil,Austrália
14,41,Croácia,Austrália
14,41,Equador,Bélgica
14,41,Países Baixos,Bélgica
14,41,Costa Rica,Bélgica
14,41,Espanha,Bélgica
14,41,Tunísia,Bélgica
14,41,Polônia,Bélgica
14,41,França,Bélgica
14,41,Coreia do Sul,Bélgica
14,41,Dinamarca,Bélgica
14,41,Sérvia,Bélgica
14,41,México,Bélgica
14,41,Arábia Saudita,Bélgica
14,41,Qatar,Bélgica
14,41,Senegal,Bélgica
14,41,Japão,Bélgica
14,41,Camarões,Bélgica
14,41,Canadá,Bélgica
14,41,Inglaterra,Bélgica
14,41,EUA,Bélgica
14,41,Brasil,Bélgica
14,41,Croácia,Bélgica
14,41,Países Baixos,Equador
14,41,Costa Rica,Equador
14,41,Espanha,Equador
14,41,Tunísia,Equador
14,41,Polônia,Equador
14,41,França,Equador
14,41,Coreia do Sul,Equador
14,41,Dinamarca,Equador
14,41,Sérvia,Equador
14,41,México,Equador
14,41,Arábia Saudita,Equador
14,41,Qatar,Equador
14,41,Senegal,Equador
14,41,Japão,Equador
14,41,Camarões,Equador
14,41,Canadá,Equador
14,41,Inglaterra,Equador
14,41,EUA,Equador
14,41,Brasil,Equador
14,41,Croácia,Equador
14,41,Costa Rica,Países Baixos
14,41,Espanha,Países Baixos
14,41,Tunísia,Países Baixos
14,41,Polônia,Países Baixos
14,41,França,Países Baixos
14,41,Coreia do Sul,Países Baixos
14,41,Dinamarca,Países Baixos
14,41,Sérvia,Países Baixos
14,41,México,Países Baixos
14,41,Arábia Saudita,Países Baixos
14,41,Qatar,Países Baixos
14,41,Senegal,Países Baixos
14,41,Japão,Países Baixos
14,41,Camarões,Países Baixos
14,41,Canadá,Países Baixos
14,41,Inglaterra,Países Baixos
14,41,EUA,Países Baixos
14,41,Brasil,Países Baixos
14,41,Croácia,Países Baixos
14,41,Espanha,Costa Rica
14,41,Tunísia,Costa Rica
14,41,Polônia,Costa Rica
14,41,França,Costa Rica
14,41,Coreia do Sul,Costa Rica
14,41,Dinamarca,Costa Rica
14,41,Sérvia,Costa Rica
14,41,México,Costa Rica
14,41,Arábia Saudita,Costa Rica
14,41,Qatar,Costa Rica
14,41,Senegal,Costa Rica
14,41,Japão,Costa Rica
14,41,Camarões,Costa Rica
14,41,Canadá,Costa Rica
14,41,Inglaterra,Costa Rica
14,41,EUA,Costa Rica
14,41,Brasil,Costa Rica
14,41,Croácia,Costa Rica
14,41,Tunísia,Espanha
14,41,Polônia,Espanha
14,41,França,Espanha
14,41,Coreia do Sul,Espanha
14,41,Dinamarca,Espanha
14,41,Sérvia,Espanha
14,41,México,Espanha
14,41,Arábia Saudita,Espanha
14,41,Qatar,Espanha
14,41,Senegal,Espanha
14,41,Japão,Espanha
14,41,Camarões,Espanha
14,41,Canadá,Espanha
14,41,Inglaterra,Espanha
14,41,EUA,Espanha
14,41,Brasil,Espanha
14,41,Croácia,Espanha
14,41,Polônia,Tunísia
14,41,França,Tunísia
14,41,Coreia do Sul,Tunísia
14,41,Dinamarca,Tunísia
14,41,Sérvia,Tunísia
14,41,México,Tunísia
14,41,Arábia Saudita,Tunísia
14,41,Qatar,Tunísia
14,41,Senegal,Tunísia
14,41,Japão,Tunísia
14,41,Camarões,Tunísia
14,41,Canadá,Tunísia
14,41,Inglaterra,Tunísia
14,41,EUA,Tunísia
14,41,Brasil,Tunísia
14,41,Croácia,Tunísia
14,41,França,Polônia
14,41,Coreia do Sul,Polônia
14,41,Dinamarca,Polônia
14,41,Sérvia,Polônia
14,41,México,Polônia
14,41,Arábia Saudita,Polônia
14,41,Qatar,Polônia
14,41,Senegal,Polônia
14,41,Japão,Polônia
14,41,Camarões,Polônia
14,41,Canadá,Polônia
14,41,Inglaterra,Polônia
14,41,EUA,Polônia
14,41,Brasil,Polônia
14,41,Croácia,Polônia
14,41,Coreia do Sul,França
14,41,Dinamarca,França
14,41,Sérvia,França
14,41,México,França
14,41,Arábia Saudita,França
14,41,Qatar,França
14,41,Senegal,França
14,41,Japão,França
14,41,Camarões,França
14,41,Canadá,França
14,41,Inglaterra,França
14,41,EUA,França
14,41,Brasil,França
14,41,Croácia,França
14,41,Dinamarca,Coreia do Sul
14,41,Sérvia,Coreia do Sul
14,41,México,Coreia do Sul
14,41,Arábia Saudita,Coreia do Sul
14,41,Qatar,Coreia do Sul
14,41,Senegal,Coreia do Sul
14,41,Japão,Coreia do Sul
14,41,Camarões,Coreia do Sul
14,41,Canadá,Coreia do Sul
14,41,Inglaterra,Coreia do Sul
14,41,EUA,Coreia do Sul
14,41,Brasil,Coreia do Sul
14,41,Croácia,Coreia do Sul
14,41,Sérvia,Dinamarca
14,41,México,Dinamarca
14,41,Arábia Saudita,Dinamarca
14,41,Qatar,Dinamarca
14,41,Senegal,Dinamarca
14,41,Japão,Dinamarca
14,41,Camarões,Dinamarca
14,41,Canadá,Dinamarca
14,41,Inglaterra,Dinamarca
14,41,EUA,Dinamarca
14,41,Brasil,Dinamarca
14,41,Croácia,Dinamarca
14,41,México,Sérvia
14,41,Arábia Saudita,Sérvia
14,41,Qatar,Sérvia
14,41,Senegal,Sérvia
14,41,Japão,Sérvia
14,41,Camarões,Sérvia
14,41,Canadá,Sérvia
14,41,Inglaterra,Sérvia
14,41,EUA,Sérvia
14,41,Brasil,Sérvia
14,41,Croácia,Sérvia
14,41,Arábia Saudita,México
14,41,Qatar,México
14,41,Senegal,México
14,41,Japão,México
14,41,Camarões,México
14,41,Canadá,México
14,41,Inglaterra,México
14,41,EUA,México
14,41,Brasil,México
14,41,Croácia,México
14,41,Qatar,Arábia Saudita
14,41,Senegal,Arábia Saudita
14,41,Japão,Arábia Saudita
14,41,Camarões,Arábia Saudita
14,41,Canadá,Arábia Saudita
14,41,Inglaterra,Arábia Saudita
14,41,EUA,Arábia Saudita
14,41,Brasil,Arábia Saudita
14,41,Croácia,Arábia Saudita
14,41,Senegal,Qatar
14,41,Japão,Qatar
14,41,Camarões,Qatar
14,41,Canadá,Qatar
14,41,Inglaterra,Qatar
14,41,EUA,Qatar
14,41,Brasil,Qatar
14,41,Croácia,Qatar
14,41,Japão,Senegal
14,41,Camarões,Senegal
14,41,Canadá,Senegal
14,41,Inglaterra,Senegal
14,41,EUA,Senegal
14,41,Brasil,Senegal
14,41,Croácia,Senegal
14,41,Camarões,Japão
14,41,Canadá,Japão
14,41,Inglaterra,Japão
14,41,EUA,Japão
14,41,Brasil,Japão
14,41,Croácia,Japão
14,41,Canadá,Camarões
14,41,Inglaterra,Camarões
14,41,EUA,Camarões
14,41,Brasil,Camarões
14,41,Croácia,Camarões
14,41,Inglaterra,Canadá
14,41,EUA,Canadá
14,41,Brasil,Canadá
14,41,Croácia,Canadá
14,41,EUA,Inglaterra
14,41,Brasil,Inglaterra
14,41,Croácia,Inglaterra
14,41,Brasil,EUA
14,41,Croácia,EUA
14,41,Croácia,Brasil
14,44,Marrocos,Argentina
14,44,País de Gales,Argentina
14,44,Alemanha,Argentina
14,44,Portugal,Argentina
14,44,Suíça,Argentina
14,44,Uruguai,Argentina
14,44,Gana,Argentina
14,44,Irã,Argentina
14,44,Austrália,Argentina
14,44,Bélgica,Argentina
14,44,Equador,Argentina
14,44,Países Baixos,Argentina
14,44,Costa Rica,Argentina
14,44,Espanha,Argentina
14,44,Tunísia,Argentina
14,44,Polônia,Argentina
14,44,França,Argentina
14,44,Coreia do Sul,Argentina
14,44,Dinamarca,Argentina
14,44,Sérvia,Argentina
14,44,México,Argentina
14,44,Arábia Saudita,Argentina
14,44,Qatar,Argentina
14,44,Senegal,Argentina
14,44,Japão,Argentina
14,44,Camarões,Argentina
14,44,Canadá,Argentina
14,44,Inglaterra,Argentina
14,44,EUA,Argentina
14,44,Brasil,Argentina
14,44,Croácia,Argentina
14,44,País de Gales,Marrocos
14,44,Alemanha,Marrocos
14,44,Portugal,Marrocos
14,44,Suíça,Marrocos
14,44,Uruguai,Marrocos
14,44,Gana,Marrocos
14,44,Irã,Marrocos
14,44,Austrália,Marrocos
14,44,Bélgica,Marrocos
14,44,Equador,Marrocos
14,44,Países Baixos,Marrocos
14,44,Costa Rica,Marrocos
14,44,Espanha,Marrocos
14,44,Tunísia,Marrocos
14,44,Polônia,Marrocos
14,44,França,Marrocos
14,44,Coreia do Sul,Marrocos
14,44,Dinamarca,Marrocos
14,44,Sérvia,Marrocos
14,44,México,Marrocos
14,44,Arábia Saudita,Marrocos
14,44,Qatar,Marrocos
14,44,Senegal,Marrocos
14,44,Japão,Marrocos
14,44,Camarões,Marrocos
14,44,Canadá,Marrocos
14,44,Inglaterra,Marrocos
14,44,EUA,Marrocos
14,44,Brasil,Marrocos
14,44,Croácia,Marrocos
14,44,Alemanha,País de Gales
14,44,Portugal,País de Gales
14,44,Suíça,País de Gales
14,44,Uruguai,País de Gales
14,44,Gana,País de Gales
14,44,Irã,País de Gales
14,44,Austrália,País de Gales
14,44,Bélgica,País de Gales
14,44,Equador,País de Gales
14,44,Países Baixos,País de Gales
14,44,Costa Rica,País de Gales
14,44,Espanha,País de Gales
14,44,Tunísia,País de Gales
14,44,Polônia,País de Gales
14,44,França,País de Gales
14,44,Coreia do Sul,País de Gales
14,44,Dinamarca,País de Gales
14,44,Sérvia,País de Gales
14,44,México,País de Gales
14,44,Arábia Saudita,País de Gales
14,44,Qatar,País de Gales
14,44,Senegal,País de Gales
14,44,Japão,País de Gales
14,44,Camarões,País de Gales
14,44,Canadá,País de Gales
14,44,Inglaterra,País de Gales
14,44,EUA,País de Gales
14,44,Brasil,País de Gales
14,44,Croácia,País de Gales
14,44,Portugal,Alemanha
14,44,Suíça,Alemanha
14,44,Uruguai,Alemanha
14,44,Gana,Alemanha
14,44,Irã,Alemanha
14,44,Austrália,Alemanha
14,44,Bélgica,Alemanha
14,44,Equador,Alemanha
14,44,Países Baixos,Alemanha
14,44,Costa Rica,Alemanha
14,44,Espanha,Alemanha
14,44,Tunísia,Alemanha
14,44,Polônia,Alemanha
14,44,França,Alemanha
14,44,Coreia do Sul,Alemanha
14,44,Dinamarca,Alemanha
14,44,Sérvia,Alemanha
14,44,México,Alemanha
14,44,Arábia Saudita,Alemanha
14,44,Qatar,Alemanha
14,44,Senegal,Alemanha
14,44,Japão,Alemanha
14,44,Camarões,Alemanha
14,44,Canadá,Alemanha
14,44,Inglaterra,Alemanha
14,44,EUA,Alemanha
14,44,Brasil,Alemanha
14,44,Croácia,Alemanha
14,44,Suíça,Portugal
14,44,Uruguai,Portugal
14,44,Gana,Portugal
14,44,Irã,Portugal
14,44,Austrália,Portugal
14,44,Bélgica,Portugal
14,44,Equador,Portugal
14,44,Países Baixos,Portugal
14,44,Costa Rica,Portugal
14,44,Espanha,Portugal
14,44,Tunísia,Portugal
14,44,Polônia,Portugal
14,44,França,Portugal
14,44,Coreia do Sul,Portugal
14,44,Dinamarca,Portugal
14,44,Sérvia,Portugal
14,44,México,Portugal
14,44,Arábia Saudita,Portugal
14,44,Qatar,Portugal
14,44,Senegal,Portugal
14,44,Japão,Portugal
14,44,Camarões,Portugal
14,44,Canadá,Portugal
14,44,Inglaterra,Portugal
14,44,EUA,Portugal
14,44,Brasil,Portugal
14,44,Croácia,Portugal
14,44,Uruguai,Suíça
14,44,Gana,Suíça
14,44,Irã,Suíça
14,44,Austrália,Suíça
14,44,Bélgica,Suíça
14,44,Equador,Suíça
14,44,Países Baixos,Suíça
14,44,Costa Rica,Suíça
14,44,Espanha,Suíça
14,44,Tunísia,Suíça
14,44,Polônia,Suíça
14,44,França,Suíça
14,44,Coreia do Sul,Suíça
14,44,Dinamarca,Suíça
14,44,Sérvia,Suíça
14,44,México,Suíça
14,44,Arábia Saudita,Suíça
14,44,Qatar,Suíça
14,44,Senegal,Suíça
14,44,Japão,Suíça
14,44,Camarões,Suíça
14,44,Canadá,Suíça
14,44,Inglaterra,Suíça
14,44,EUA,Suíça
14,44,Brasil,Suíça
14,44,Croácia,Suíça
14,44,Gana,Uruguai
14,44,Irã,Uruguai
14,44,Austrália,Uruguai
14,44,Bélgica,Uruguai
14,44,Equador,Uruguai
14,44,Países Baixos,Uruguai
14,44,Costa Rica,Uruguai
14,44,Espanha,Uruguai
14,44,Tunísia,Uruguai
14,44,Polônia,Uruguai
14,44,França,Uruguai
14,44,Coreia do Sul,Uruguai
14,44,Dinamarca,Uruguai
14,44,Sérvia,Uruguai
14,44,México,Uruguai
14,44,Arábia Saudita,Uruguai
14,44,Qatar,Uruguai
14,44,Senegal,Uruguai
14,44,Japão,Uruguai
14,44,Camarões,Uruguai
14,44,Canadá,Uruguai
14,44,Inglaterra,Uruguai
14,44,EUA,Uruguai
14,44,Brasil,Uruguai
14,44,Croácia,Uruguai
14,44,Irã,Gana
14,44,Austrália,Gana
14,44,Bélgica,Gana
14,44,Equador,Gana
14,44,Países Baixos,Gana
14,44,Costa Rica,Gana
14,44,Espanha,Gana
14,44,Tunísia,Gana
14,44,Polônia,Gana
14,44,França,Gana
14,44,Coreia do Sul,Gana
14,44,Dinamarca,Gana
14,44,Sérvia,Gana
14,44,México,Gana
14,44,Arábia Saudita,Gana
14,44,Qatar,Gana
14,44,Senegal,Gana
14,44,Japão,Gana
14,44,Camarões,Gana
14,44,Canadá,Gana
14,44,Inglaterra,Gana
14,44,EUA,Gana
14,44,Brasil,Gana
14,44,Croácia,Gana
14,44,Austrália,Irã
14,44,Bélgica,Irã
14,44,Equador,Irã
14,44,Países Baixos,Irã
14,44,Costa Rica,Irã
14,44,Espanha,Irã
14,44,Tunísia,Irã
14,44,Polônia,Irã
14,44,França,Irã
14,44,Coreia do Sul,Irã
14,44,Dinamarca,Irã
14,44,Sérvia,Irã
14,44,México,Irã
14,44,Arábia Saudita,Irã
14,44,Qatar,Irã
14,44,Senegal,Irã
14,44,Japão,Irã
14,44,Camarões,Irã
14,44,Canadá,Irã
14,44,Inglaterra,Irã
14,44,EUA,Irã
14,44,Brasil,Irã
14,44,Croácia,Irã
14,44,Bélgica,Austrália
14,44,Equador,Austrália
14,44,Países Baixos,Austrália
14,44,Costa Rica,Austrália
14,44,Espanha,Austrália
14,44,Tunísia,Austrália
14,44,Polônia,Austrália
14,44,França,Austrália
14,44,Coreia do Sul,Austrália
14,44,Dinamarca,Austrália
14,44,Sérvia,Austrália
14,44,México,Austrália
14,44,Arábia Saudita,Austrália
14,44,Qatar,Austrália
14,44,Senegal,Austrália
14,44,Japão,Austrália
14,44,Camarões,Austrália
14,44,Canadá,Austrália
14,44,Inglaterra,Austrália
14,44,EUA,Austrália
14,44,Brasil,Austrália
14,44,Croácia,Austrália
14,44,Equador,Bélgica
14,44,Países Baixos,Bélgica
14,44,Costa Rica,Bélgica
14,44,Espanha,Bélgica
14,44,Tunísia,Bélgica
14,44,Polônia,Bélgica
14,44,França,Bélgica
14,44,Coreia do Sul,Bélgica
14,44,Dinamarca,Bélgica
14,44,Sérvia,Bélgica
14,44,México,Bélgica
14,44,Arábia Saudita,Bélgica
14,44,Qatar,Bélgica
14,44,Senegal,Bélgica
14,44,Japão,Bélgica
14,44,Camarões,Bélgica
14,44,Canadá,Bélgica
14,44,Inglaterra,Bélgica
14,44,EUA,Bélgica
14,44,Brasil,Bélgica
14,44,Croácia,Bélgica
14,44,Países Baixos,Equador
14,44,Costa Rica,Equador
14,44,Espanha,Equador
14,44,Tunísia,Equador
14,44,Polônia,Equador
14,44,França,Equador
14,44,Coreia do Sul,Equador
14,44,Dinamarca,Equador
14,44,Sérvia,Equador
14,44,México,Equador
14,44,Arábia Saudita,Equador
14,44,Qatar,Equador
14,44,Senegal,Equador
14,44,Japão,Equador
14,44,Camarões,Equador
14,44,Canadá,Equador
14,44,Inglaterra,Equador
14,44,EUA,Equador
14,44,Brasil,Equador
14,44,Croácia,Equador
14,44,Costa Rica,Países Baixos
14,44,Espanha,Países Baixos
14,44,Tunísia,Países Baixos
14,44,Polônia,Países Baixos
14,44,França,Países Baixos
14,44,Coreia do Sul,Países Baixos
14,44,Dinamarca,Países Baixos
14,44,Sérvia,Países Baixos
14,44,México,Países Baixos
14,44,Arábia Saudita,Países Baixos
14,44,Qatar,Países Baixos
14,44,Senegal,Países Baixos
14,44,Japão,Países Baixos
14,44,Camarões,Países Baixos
14,44,Canadá,Países Baixos
14,44,Inglaterra,Países Baixos
14,44,EUA,Países Baixos
14,44,Brasil,Países Baixos
14,44,Croácia,Países Baixos
14,44,Espanha,Costa Rica
14,44,Tunísia,Costa Rica
14,44,Polônia,Costa Rica
14,44,França,Costa Rica
14,44,Coreia do Sul,Costa Rica
14,44,Dinamarca,Costa Rica
14,44,Sérvia,Costa Rica
14,44,México,Costa Rica
14,44,Arábia Saudita,Costa Rica
14,44,Qatar,Costa Rica
14,44,Senegal,Costa Rica
14,44,Japão,Costa Rica
14,44,Camarões,Costa Rica
14,44,Canadá,Costa Rica
14,44,Inglaterra,Costa Rica
14,44,EUA,Costa Rica
14,44,Brasil,Costa Rica
14,44,Croácia,Costa Rica
14,44,Tunísia,Espanha
14,44,Polônia,Espanha
14,44,França,Espanha
14,44,Coreia do Sul,Espanha
14,44,Dinamarca,Espanha
14,44,Sérvia,Espanha
14,44,México,Espanha
14,44,Arábia Saudita,Espanha
14,44,Qatar,Espanha
14,44,Senegal,Espanha
14,44,Japão,Espanha
14,44,Camarões,Espanha
14,44,Canadá,Espanha
14,44,Inglaterra,Espanha
14,44,EUA,Espanha
14,44,Brasil,Espanha
14,44,Croácia,Espanha
14,44,Polônia,Tunísia
14,44,França,Tunísia
14,44,Coreia do Sul,Tunísia
14,44,Dinamarca,Tunísia
14,44,Sérvia,Tunísia
14,44,México,Tunísia
14,44,Arábia Saudita,Tunísia
14,44,Qatar,Tunísia
14,44,Senegal,Tunísia
14,44,Japão,Tunísia
14,44,Camarões,Tunísia
14,44,Canadá,Tunísia
14,44,Inglaterra,Tunísia
14,44,EUA,Tunísia
14,44,Brasil,Tunísia
14,44,Croácia,Tunísia
14,44,França,Polônia
14,44,Coreia do Sul,Polônia
14,44,Dinamarca,Polônia
14,44,Sérvia,Polônia
14,44,México,Polônia
14,44,Arábia Saudita,Polônia
14,44,Qatar,Polônia
14,44,Senegal,Polônia
14,44,Japão,Polônia
14,44,Camarões,Polônia
14,44,Canadá,Polônia
14,44,Inglaterra,Polônia
14,44,EUA,Polônia
14,44,Brasil,Polônia
14,44,Croácia,Polônia
14,44,Coreia do Sul,França
14,44,Dinamarca,França
14,44,Sérvia,França
14,44,México,França
14,44,Arábia Saudita,França
14,44,Qatar,França
14,44,Senegal,França
14,44,Japão,França
14,44,Camarões,França
14,44,Canadá,França
14,44,Inglaterra,França
14,44,EUA,França
14,44,Brasil,França
14,44,Croácia,França
14,44,Dinamarca,Coreia do Sul
14,44,Sérvia,Coreia do Sul
14,44,México,Coreia do Sul
14,44,Arábia Saudita,Coreia do Sul
14,44,Qatar,Coreia do Sul
14,44,Senegal,Coreia do Sul
14,44,Japão,Coreia do Sul
14,44,Camarões,Coreia do Sul
14,44,Canadá,Coreia do Sul
14,44,Inglaterra,Coreia do Sul
14,44,EUA,Coreia do Sul
14,44,Brasil,Coreia do Sul
14,44,Croácia,Coreia do Sul
14,44,Sérvia,Dinamarca
14,44,México,Dinamarca
14,44,Arábia Saudita,Dinamarca
14,44,Qatar,Dinamarca
14,44,Senegal,Dinamarca
14,44,Japão,Dinamarca
14,44,Camarões,Dinamarca
14,44,Canadá,Dinamarca
14,44,Inglaterra,Dinamarca
14,44,EUA,Dinamarca
14,44,Brasil,Dinamarca
14,44,Croácia,Dinamarca
14,44,México,Sérvia
14,44,Arábia Saudita,Sérvia
14,44,Qatar,Sérvia
14,44,Senegal,Sérvia
14,44,Japão,Sérvia
14,44,Camarões,Sérvia
14,44,Canadá,Sérvia
14,44,Inglaterra,Sérvia
14,44,EUA,Sérvia
14,44,Brasil,Sérvia
14,44,Croácia,Sérvia
14,44,Arábia Saudita,México
14,44,Qatar,México
14,44,Senegal,México
14,44,Japão,México
14,44,Camarões,México
14,44,Canadá,México
14,44,Inglaterra,México
14,44,EUA,México
14,44,Brasil,México
14,44,Croácia,México
14,44,Qatar,Arábia Saudita
14,44,Senegal,Arábia Saudita
14,44,Japão,Arábia Saudita
14,44,Camarões,Arábia Saudita
14,44,Canadá,Arábia Saudita
14,44,Inglaterra,Arábia Saudita
14,44,EUA,Arábia Saudita
14,44,Brasil,Arábia Saudita
14,44,Croácia,Arábia Saudita
14,44,Senegal,Qatar
14,44,Japão,Qatar
14,44,Camarões,Qatar
14,44,Canadá,Qatar
14,44,Inglaterra,Qatar
14,44,EUA,Qatar
14,44,Brasil,Qatar
14,44,Croácia,Qatar
14,44,Japão,Senegal
14,44,Camarões,Senegal
14,44,Canadá,Senegal
14,44,Inglaterra,Senegal
14,44,EUA,Senegal
14,44,Brasil,Senegal
14,44,Croácia,Senegal
14,44,Camarões,Japão
14,44,Canadá,Japão
14,44,Inglaterra,Japão
14,44,EUA,Japão
14,44,Brasil,Japão
14,44,Croácia,Japão
14,44,Canadá,Camarões
14,44,Inglaterra,Camarões
14,44,EUA,Camarões
14,44,Brasil,Camarões
14,44,Croácia,Camarões
14,44,Inglaterra,Canadá
14,44,EUA,Canadá
14,44,Brasil,Canadá
14,44,Croácia,Canadá
14,44,EUA,Inglaterra
14,44,Brasil,Inglaterra
14,44,Croácia,Inglaterra
14,44,Brasil,EUA
14,44,Croácia,EUA
14,44,Croácia,Brasil
14,47,Marrocos,Argentina
14,47,País de Gales,Argentina
14,47,Alemanha,Argentina
14,47,Portugal,Argentina
14,47,Suíça,Argentina
14,47,Uruguai,Argentina
14,47,Gana,Argentina
14,47,Irã,Argentina
14,47,Austrália,Argentina
14,47,Bélgica,Argentina
14,47,Equador,Argentina
14,47,Países Baixos,Argentina
14,47,Costa Rica,Argentina
14,47,Espanha,Argentina
14,47,Tunísia,Argentina
14,47,Polônia,Argentina
14,47,França,Argentina
14,47,Coreia do Sul,Argentina
14,47,Dinamarca,Argentina
14,47,Sérvia,Argentina
14,47,México,Argentina
14,47,Arábia Saudita,Argentina
14,47,Qatar,Argentina
14,47,Senegal,Argentina
14,47,Japão,Argentina
14,47,Camarões,Argentina
14,47,Canadá,Argentina
14,47,Inglaterra,Argentina
14,47,EUA,Argentina
14,47,Brasil,Argentina
14,47,Croácia,Argentina
14,47,País de Gales,Marrocos
14,47,Alemanha,Marrocos
14,47,Portugal,Marrocos
14,47,Suíça,Marrocos
14,47,Uruguai,Marrocos
14,47,Gana,Marrocos
14,47,Irã,Marrocos
14,47,Austrália,Marrocos
14,47,Bélgica,Marrocos
14,47,Equador,Marrocos
14,47,Países Baixos,Marrocos
14,47,Costa Rica,Marrocos
14,47,Espanha,Marrocos
14,47,Tunísia,Marrocos
14,47,Polônia,Marrocos
14,47,França,Marrocos
14,47,Coreia do Sul,Marrocos
14,47,Dinamarca,Marrocos
14,47,Sérvia,Marrocos
14,47,México,Marrocos
14,47,Arábia Saudita,Marrocos
14,47,Qatar,Marrocos
14,47,Senegal,Marrocos
14,47,Japão,Marrocos
14,47,Camarões,Marrocos
14,47,Canadá,Marrocos
14,47,Inglaterra,Marrocos
14,47,EUA,Marrocos
14,47,Brasil,Marrocos
14,47,Croácia,Marrocos
14,47,Alemanha,País de Gales
14,47,Portugal,País de Gales
14,47,Suíça,País de Gales
14,47,Uruguai,País de Gales
14,47,Gana,País de Gales
14,47,Irã,País de Gales
14,47,Austrália,País de Gales
14,47,Bélgica,País de Gales
14,47,Equador,País de Gales
14,47,Países Baixos,País de Gales
14,47,Costa Rica,País de Gales
14,47,Espanha,País de Gales
14,47,Tunísia,País de Gales
14,47,Polônia,País de Gales
14,47,França,País de Gales
14,47,Coreia do Sul,País de Gales
14,47,Dinamarca,País de Gales
14,47,Sérvia,País de Gales
14,47,México,País de Gales
14,47,Arábia Saudita,País de Gales
14,47,Qatar,País de Gales
14,47,Senegal,País de Gales
14,47,Japão,País de Gales
14,47,Camarões,País de Gales
14,47,Canadá,País de Gales
14,47,Inglaterra,País de Gales
14,47,EUA,País de Gales
14,47,Brasil,País de Gales
14,47,Croácia,País de Gales
14,47,Portugal,Alemanha
14,47,Suíça,Alemanha
14,47,Uruguai,Alemanha
14,47,Gana,Alemanha
14,47,Irã,Alemanha
14,47,Austrália,Alemanha
14,47,Bélgica,Alemanha
14,47,Equador,Alemanha
14,47,Países Baixos,Alemanha
14,47,Costa Rica,Alemanha
14,47,Espanha,Alemanha
14,47,Tunísia,Alemanha
14,47,Polônia,Alemanha
14,47,França,Alemanha
14,47,Coreia do Sul,Alemanha
14,47,Dinamarca,Alemanha
14,47,Sérvia,Alemanha
14,47,México,Alemanha
14,47,Arábia Saudita,Alemanha
14,47,Qatar,Alemanha
14,47,Senegal,Alemanha
14,47,Japão,Alemanha
14,47,Camarões,Alemanha
14,47,Canadá,Alemanha
14,47,Inglaterra,Alemanha
14,47,EUA,Alemanha
14,47,Brasil,Alemanha
14,47,Croácia,Alemanha
14,47,Suíça,Portugal
14,47,Uruguai,Portugal
14,47,Gana,Portugal
14,47,Irã,Portugal
14,47,Austrália,Portugal
14,47,Bélgica,Portugal
14,47,Equador,Portugal
14,47,Países Baixos,Portugal
14,47,Costa Rica,Portugal
14,47,Espanha,Portugal
14,47,Tunísia,Portugal
14,47,Polônia,Portugal
14,47,França,Portugal
14,47,Coreia do Sul,Portugal
14,47,Dinamarca,Portugal
14,47,Sérvia,Portugal
14,47,México,Portugal
14,47,Arábia Saudita,Portugal
14,47,Qatar,Portugal
14,47,Senegal,Portugal
14,47,Japão,Portugal
14,47,Camarões,Portugal
14,47,Canadá,Portugal
14,47,Inglaterra,Portugal
14,47,EUA,Portugal
14,47,Brasil,Portugal
14,47,Croácia,Portugal
14,47,Uruguai,Suíça
14,47,Gana,Suíça
14,47,Irã,Suíça
14,47,Austrália,Suíça
14,47,Bélgica,Suíça
14,47,Equador,Suíça
14,47,Países Baixos,Suíça
14,47,Costa Rica,Suíça
14,47,Espanha,Suíça
14,47,Tunísia,Suíça
14,47,Polônia,Suíça
14,47,França,Suíça
14,47,Coreia do Sul,Suíça
14,47,Dinamarca,Suíça
14,47,Sérvia,Suíça
14,47,México,Suíça
14,47,Arábia Saudita,Suíça
14,47,Qatar,Suíça
14,47,Senegal,Suíça
14,47,Japão,Suíça
14,47,Camarões,Suíça
14,47,Canadá,Suíça
14,47,Inglaterra,Suíça
14,47,EUA,Suíça
14,47,Brasil,Suíça
14,47,Croácia,Suíça
14,47,Gana,Uruguai
14,47,Irã,Uruguai
14,47,Austrália,Uruguai
14,47,Bélgica,Uruguai
14,47,Equador,Uruguai
14,47,Países Baixos,Uruguai
14,47,Costa Rica,Uruguai
14,47,Espanha,Uruguai
14,47,Tunísia,Uruguai
14,47,Polônia,Uruguai
14,47,França,Uruguai
14,47,Coreia do Sul,Uruguai
14,47,Dinamarca,Uruguai
14,47,Sérvia,Uruguai
14,47,México,Uruguai
14,47,Arábia Saudita,Uruguai
14,47,Qatar,Uruguai
14,47,Senegal,Uruguai
14,47,Japão,Uruguai
14,47,Camarões,Uruguai
14,47,Canadá,Uruguai
14,47,Inglaterra,Uruguai
14,47,EUA,Uruguai
14,47,Brasil,Uruguai
14,47,Croácia,Uruguai
14,47,Irã,Gana
14,47,Austrália,Gana
14,47,Bélgica,Gana
14,47,Equador,Gana
14,47,Países Baixos,Gana
14,47,Costa Rica,Gana
14,47,Espanha,Gana
14,47,Tunísia,Gana
14,47,Polônia,Gana
14,47,França,Gana
14,47,Coreia do Sul,Gana
14,47,Dinamarca,Gana
14,47,Sérvia,Gana
14,47,México,Gana
14,47,Arábia Saudita,Gana
14,47,Qatar,Gana
14,47,Senegal,Gana
14,47,Japão,Gana
14,47,Camarões,Gana
14,47,Canadá,Gana
14,47,Inglaterra,Gana
14,47,EUA,Gana
14,47,Brasil,Gana
14,47,Croácia,Gana
14,47,Austrália,Irã
14,47,Bélgica,Irã
14,47,Equador,Irã
14,47,Países Baixos,Irã
14,47,Costa Rica,Irã
14,47,Espanha,Irã
14,47,Tunísia,Irã
14,47,Polônia,Irã
14,47,França,Irã
14,47,Coreia do Sul,Irã
14,47,Dinamarca,Irã
14,47,Sérvia,Irã
14,47,México,Irã
14,47,Arábia Saudita,Irã
14,47,Qatar,Irã
14,47,Senegal,Irã
14,47,Japão,Irã
14,47,Camarões,Irã
14,47,Canadá,Irã
14,47,Inglaterra,Irã
14,47,EUA,Irã
14,47,Brasil,Irã
14,47,Croácia,Irã
14,47,Bélgica,Austrália
14,47,Equador,Austrália
14,47,Países Baixos,Austrália
14,47,Costa Rica,Austrália
14,47,Espanha,Austrália
14,47,Tunísia,Austrália
14,47,Polônia,Austrália
14,47,França,Austrália
14,47,Coreia do Sul,Austrália
14,47,Dinamarca,Austrália
14,47,Sérvia,Austrália
14,47,México,Austrália
14,47,Arábia Saudita,Austrália
14,47,Qatar,Austrália
14,47,Senegal,Austrália
14,47,Japão,Austrália
14,47,Camarões,Austrália
14,47,Canadá,Austrália
14,47,Inglaterra,Austrália
14,47,EUA,Austrália
14,47,Brasil,Austrália
14,47,Croácia,Austrália
14,47,Equador,Bélgica
14,47,Países Baixos,Bélgica
14,47,Costa Rica,Bélgica
14,47,Espanha,Bélgica
14,47,Tunísia,Bélgica
14,47,Polônia,Bélgica
14,47,França,Bélgica
14,47,Coreia do Sul,Bélgica
14,47,Dinamarca,Bélgica
14,47,Sérvia,Bélgica
14,47,México,Bélgica
14,47,Arábia Saudita,Bélgica
14,47,Qatar,Bélgica
14,47,Senegal,Bélgica
14,47,Japão,Bélgica
14,47,Camarões,Bélgica
14,47,Canadá,Bélgica
14,47,Inglaterra,Bélgica
14,47,EUA,Bélgica
14,47,Brasil,Bélgica
14,47,Croácia,Bélgica
14,47,Países Baixos,Equador
14,47,Costa Rica,Equador
14,47,Espanha,Equador
14,47,Tunísia,Equador
14,47,Polônia,Equador
14,47,França,Equador
14,47,Coreia do Sul,Equador
14,47,Dinamarca,Equador
14,47,Sérvia,Equador
14,47,México,Equador
14,47,Arábia Saudita,Equador
14,47,Qatar,Equador
14,47,Senegal,Equador
14,47,Japão,Equador
14,47,Camarões,Equador
14,47,Canadá,Equador
14,47,Inglaterra,Equador
14,47,EUA,Equador
14,47,Brasil,Equador
14,47,Croácia,Equador
14,47,Costa Rica,Países Baixos
14,47,Espanha,Países Baixos
14,47,Tunísia,Países Baixos
14,47,Polônia,Países Baixos
14,47,França,Países Baixos
14,47,Coreia do Sul,Países Baixos
14,47,Dinamarca,Países Baixos
14,47,Sérvia,Países Baixos
14,47,México,Países Baixos
14,47,Arábia Saudita,Países Baixos
14,47,Qatar,Países Baixos
14,47,Senegal,Países Baixos
14,47,Japão,Países Baixos
14,47,Camarões,Países Baixos
14,47,Canadá,Países Baixos
14,47,Inglaterra,Países Baixos
14,47,EUA,Países Baixos
14,47,Brasil,Países Baixos
14,47,Croácia,Países Baixos
14,47,Espanha,Costa Rica
14,47,Tunísia,Costa Rica
14,47,Polônia,Costa Rica
14,47,França,Costa Rica
14,47,Coreia do Sul,Costa Rica
14,47,Dinamarca,Costa Rica
14,47,Sérvia,Costa Rica
14,47,México,Costa Rica
14,47,Arábia Saudita,Costa Rica
14,47,Qatar,Costa Rica
14,47,Senegal,Costa Rica
14,47,Japão,Costa Rica
14,47,Camarões,Costa Rica
14,47,Canadá,Costa Rica
14,47,Inglaterra,Costa Rica
14,47,EUA,Costa Rica
14,47,Brasil,Costa Rica
14,47,Croácia,Costa Rica
14,47,Tunísia,Espanha
14,47,Polônia,Espanha
14,47,França,Espanha
14,47,Coreia do Sul,Espanha
14,47,Dinamarca,Espanha
14,47,Sérvia,Espanha
14,47,México,Espanha
14,47,Arábia Saudita,Espanha
14,47,Qatar,Espanha
14,47,Senegal,Espanha
14,47,Japão,Espanha
14,47,Camarões,Espanha
14,47,Canadá,Espanha
14,47,Inglaterra,Espanha
14,47,EUA,Espanha
14,47,Brasil,Espanha
14,47,Croácia,Espanha
14,47,Polônia,Tunísia
14,47,França,Tunísia
14,47,Coreia do Sul,Tunísia
14,47,Dinamarca,Tunísia
14,47,Sérvia,Tunísia
14,47,México,Tunísia
14,47,Arábia Saudita,Tunísia
14,47,Qatar,Tunísia
14,47,Senegal,Tunísia
14,47,Japão,Tunísia
14,47,Camarões,Tunísia
14,47,Canadá,Tunísia
14,47,Inglaterra,Tunísia
14,47,EUA,Tunísia
14,47,Brasil,Tunísia
14,47,Croácia,Tunísia
14,47,França,Polônia
14,47,Coreia do Sul,Polônia
14,47,Dinamarca,Polônia
14,47,Sérvia,Polônia
14,47,México,Polônia
14,47,Arábia Saudita,Polônia
14,47,Qatar,Polônia
14,47,Senegal,Polônia
14,47,Japão,Polônia
14,47,Camarões,Polônia
14,47,Canadá,Polônia
14,47,Inglaterra,Polônia
14,47,EUA,Polônia
14,47,Brasil,Polônia
14,47,Croácia,Polônia
14,47,Coreia do Sul,França
14,47,Dinamarca,França
14,47,Sérvia,França
14,47,México,França
14,47,Arábia Saudita,França
14,47,Qatar,França
14,47,Senegal,França
14,47,Japão,França
14,47,Camarões,França
14,47,Canadá,França
14,47,Inglaterra,França
14,47,EUA,França
14,47,Brasil,França
14,47,Croácia,França
14,47,Dinamarca,Coreia do Sul
14,47,Sérvia,Coreia do Sul
14,47,México,Coreia do Sul
14,47,Arábia Saudita,Coreia do Sul
14,47,Qatar,Coreia do Sul
14,47,Senegal,Coreia do Sul
14,47,Japão,Coreia do Sul
14,47,Camarões,Coreia do Sul
14,47,Canadá,Coreia do Sul
14,47,Inglaterra,Coreia do Sul
14,47,EUA,Coreia do Sul
14,47,Brasil,Coreia do Sul
14,47,Croácia,Coreia do Sul
14,47,Sérvia,Dinamarca
14,47,México,Dinamarca
14,47,Arábia Saudita,Dinamarca
14,47,Qatar,Dinamarca
14,47,Senegal,Dinamarca
14,47,Japão,Dinamarca
14,47,Camarões,Dinamarca
14,47,Canadá,Dinamarca
14,47,Inglaterra,Dinamarca
14,47,EUA,Dinamarca
14,47,Brasil,Dinamarca
14,47,Croácia,Dinamarca
14,47,México,Sérvia
14,47,Arábia Saudita,Sérvia
14,47,Qatar,Sérvia
14,47,Senegal,Sérvia
14,47,Japão,Sérvia
14,47,Camarões,Sérvia
14,47,Canadá,Sérvia
14,47,Inglaterra,Sérvia
14,47,EUA,Sérvia
14,47,Brasil,Sérvia
14,47,Croácia,Sérvia
14,47,Arábia Saudita,México
14,47,Qatar,México
14,47,Senegal,México
14,47,Japão,México
14,47,Camarões,México
14,47,Canadá,México
14,47,Inglaterra,México
14,47,EUA,México
14,47,Brasil,México
14,47,Croácia,México
14,47,Qatar,Arábia Saudita
14,47,Senegal,Arábia Saudita
14,47,Japão,Arábia Saudita
14,47,Camarões,Arábia Saudita
14,47,Canadá,Arábia Saudita
14,47,Inglaterra,Arábia Saudita
14,47,EUA,Arábia Saudita
14,47,Brasil,Arábia Saudita
14,47,Croácia,Arábia Saudita
14,47,Senegal,Qatar
14,47,Japão,Qatar
14,47,Camarões,Qatar
14,47,Canadá,Qatar
14,47,Inglaterra,Qatar
14,47,EUA,Qatar
14,47,Brasil,Qatar
14,47,Croácia,Qatar
14,47,Japão,Senegal
14,47,Camarões,Senegal
14,47,Canadá,Senegal
14,47,Inglaterra,Senegal
14,47,EUA,Senegal
14,47,Brasil,Senegal
14,47,Croácia,Senegal
14,47,Camarões,Japão
14,47,Canadá,Japão
14,47,Inglaterra,Japão
14,47,EUA,Japão
14,47,Brasil,Japão
14,47,Croácia,Japão
14,47,Canadá,Camarões
14,47,Inglaterra,Camarões
14,47,EUA,Camarões
14,47,Brasil,Camarões
14,47,Croácia,Camarões
14,47,Inglaterra,Canadá
14,47,EUA,Canadá
14,47,Brasil,Canadá
14,47,Croácia,Canadá
14,47,EUA,Inglaterra
14,47,Brasil,Inglaterra
14,47,Croácia,Inglaterra
14,47,Brasil,EUA
14,47,Croácia,EUA
14,47,Croácia,Brasil
14,50,Marrocos,Argentina
14,50,País de Gales,Argentina
14,50,Alemanha,Argentina
14,50,Portugal,Argentina
14,50,Suíça,Argentina
14,50,Uruguai,Argentina
14,50,Gana,Argentina
14,50,Irã,Argentina
14,50,Austrália,Argentina
14,50,Bélgica,Argentina
14,50,Equador,Argentina
14,50,Países Baixos,Argentina
14,50,Costa Rica,Argentina
14,50,Espanha,Argentina
14,50,Tunísia,Argentina
14,50,Polônia,Argentina
14,50,França,Argentina
14,50,Coreia do Sul,Argentina
14,50,Dinamarca,Argentina
14,50,Sérvia,Argentina
14,50,México,Argentina
14,50,Arábia Saudita,Argentina
14,50,Qatar,Argentina
14,50,Senegal,Argentina
14,50,Japão,Argentina
14,50,Camarões,Argentina
14,50,Canadá,Argentina
14,50,Inglaterra,Argentina
14,50,EUA,Argentina
14,50,Brasil,Argentina
14,50,Croácia,Argentina
14,50,País de Gales,Marrocos
14,50,Alemanha,Marrocos
14,50,Portugal,Marrocos
14,50,Suíça,Marrocos
14,50,Uruguai,Marrocos
14,50,Gana,Marrocos
14,50,Irã,Marrocos
14,50,Austrália,Marrocos
14,50,Bélgica,Marrocos
14,50,Equador,Marrocos
14,50,Países Baixos,Marrocos
14,50,Costa Rica,Marrocos
14,50,Espanha,Marrocos
14,50,Tunísia,Marrocos
14,50,Polônia,Marrocos
14,50,França,Marrocos
14,50,Coreia do Sul,Marrocos
14,50,Dinamarca,Marrocos
14,50,Sérvia,Marrocos
14,50,México,Marrocos
14,50,Arábia Saudita,Marrocos
14,50,Qatar,Marrocos
14,50,Senegal,Marrocos
14,50,Japão,Marrocos
14,50,Camarões,Marrocos
14,50,Canadá,Marrocos
14,50,Inglaterra,Marrocos
14,50,EUA,Marrocos
14,50,Brasil,Marrocos
14,50,Croácia,Marrocos
14,50,Alemanha,País de Gales
14,50,Portugal,País de Gales
14,50,Suíça,País de Gales
14,50,Uruguai,País de Gales
14,50,Gana,País de Gales
14,50,Irã,País de Gales
14,50,Austrália,País de Gales
14,50,Bélgica,País de Gales
14,50,Equador,País de Gales
14,50,Países Baixos,País de Gales
14,50,Costa Rica,País de Gales
14,50,Espanha,País de Gales
14,50,Tunísia,País de Gales
14,50,Polônia,País de Gales
14,50,França,País de Gales
14,50,Coreia do Sul,País de Gales
14,50,Dinamarca,País de Gales
14,50,Sérvia,País de Gales
14,50,México,País de Gales
14,50,Arábia Saudita,País de Gales
14,50,Qatar,País de Gales
14,50,Senegal,País de Gales
14,50,Japão,País de Gales
14,50,Camarões,País de Gales
14,50,Canadá,País de Gales
14,50,Inglaterra,País de Gales
14,50,EUA,País de Gales
14,50,Brasil,País de Gales
14,50,Croácia,País de Gales
14,50,Portugal,Alemanha
14,50,Suíça,Alemanha
14,50,Uruguai,Alemanha
14,50,Gana,Alemanha
14,50,Irã,Alemanha
14,50,Austrália,Alemanha
14,50,Bélgica,Alemanha
14,50,Equador,Alemanha
14,50,Países Baixos,Alemanha
14,50,Costa Rica,Alemanha
14,50,Espanha,Alemanha
14,50,Tunísia,Alemanha
14,50,Polônia,Alemanha
14,50,França,Alemanha
14,50,Coreia do Sul,Alemanha
14,50,Dinamarca,Alemanha
14,50,Sérvia,Alemanha
14,50,México,Alemanha
14,50,Arábia Saudita,Alemanha
14,50,Qatar,Alemanha
14,50,Senegal,Alemanha
14,50,Japão,Alemanha
14,50,Camarões,Alemanha
14,50,Canadá,Alemanha
14,50,Inglaterra,Alemanha
14,50,EUA,Alemanha
14,50,Brasil,Alemanha
14,50,Croácia,Alemanha
14,50,Suíça,Portugal
14,50,Uruguai,Portugal
14,50,Gana,Portugal
14,50,Irã,Portugal
14,50,Austrália,Portugal
14,50,Bélgica,Portugal
14,50,Equador,Portugal
14,50,Países Baixos,Portugal
14,50,Costa Rica,Portugal
14,50,Espanha,Portugal
14,50,Tunísia,Portugal
14,50,Polônia,Portugal
14,50,França,Portugal
14,50,Coreia do Sul,Portugal
14,50,Dinamarca,Portugal
14,50,Sérvia,Portugal
14,50,México,Portugal
14,50,Arábia Saudita,Portugal
14,50,Qatar,Portugal
14,50,Senegal,Portugal
14,50,Japão,Portugal
14,50,Camarões,Portugal
14,50,Canadá,Portugal
14,50,Inglaterra,Portugal
14,50,EUA,Portugal
14,50,Brasil,Portugal
14,50,Croácia,Portugal
14,50,Uruguai,Suíça
14,50,Gana,Suíça
14,50,Irã,Suíça
14,50,Austrália,Suíça
14,50,Bélgica,Suíça
14,50,Equador,Suíça
14,50,Países Baixos,Suíça
14,50,Costa Rica,Suíça
14,50,Espanha,Suíça
14,50,Tunísia,Suíça
14,50,Polônia,Suíça
14,50,França,Suíça
14,50,Coreia do Sul,Suíça
14,50,Dinamarca,Suíça
14,50,Sérvia,Suíça
14,50,México,Suíça
14,50,Arábia Saudita,Suíça
14,50,Qatar,Suíça
14,50,Senegal,Suíça
14,50,Japão,Suíça
14,50,Camarões,Suíça
14,50,Canadá,Suíça
14,50,Inglaterra,Suíça
14,50,EUA,Suíça
14,50,Brasil,Suíça
14,50,Croácia,Suíça
14,50,Gana,Uruguai
14,50,Irã,Uruguai
14,50,Austrália,Uruguai
14,50,Bélgica,Uruguai
14,50,Equador,Uruguai
14,50,Países Baixos,Uruguai
14,50,Costa Rica,Uruguai
14,50,Espanha,Uruguai
14,50,Tunísia,Uruguai
14,50,Polônia,Uruguai
14,50,França,Uruguai
14,50,Coreia do Sul,Uruguai
14,50,Dinamarca,Uruguai
14,50,Sérvia,Uruguai
14,50,México,Uruguai
14,50,Arábia Saudita,Uruguai
14,50,Qatar,Uruguai
14,50,Senegal,Uruguai
14,50,Japão,Uruguai
14,50,Camarões,Uruguai
14,50,Canadá,Uruguai
14,50,Inglaterra,Uruguai
14,50,EUA,Uruguai
14,50,Brasil,Uruguai
14,50,Croácia,Uruguai
14,50,Irã,Gana
14,50,Austrália,Gana
14,50,Bélgica,Gana
14,50,Equador,Gana
14,50,Países Baixos,Gana
14,50,Costa Rica,Gana
14,50,Espanha,Gana
14,50,Tunísia,Gana
14,50,Polônia,Gana
14,50,França,Gana
14,50,Coreia do Sul,Gana
14,50,Dinamarca,Gana
14,50,Sérvia,Gana
14,50,México,Gana
14,50,Arábia Saudita,Gana
14,50,Qatar,Gana
14,50,Senegal,Gana
14,50,Japão,Gana
14,50,Camarões,Gana
14,50,Canadá,Gana
14,50,Inglaterra,Gana
14,50,EUA,Gana
14,50,Brasil,Gana
14,50,Croácia,Gana
14,50,Austrália,Irã
14,50,Bélgica,Irã
14,50,Equador,Irã
14,50,Países Baixos,Irã
14,50,Costa Rica,Irã
14,50,Espanha,Irã
14,50,Tunísia,Irã
14,50,Polônia,Irã
14,50,França,Irã
14,50,Coreia do Sul,Irã
14,50,Dinamarca,Irã
14,50,Sérvia,Irã
14,50,México,Irã
14,50,Arábia Saudita,Irã
14,50,Qatar,Irã
14,50,Senegal,Irã
14,50,Japão,Irã
14,50,Camarões,Irã
14,50,Canadá,Irã
14,50,Inglaterra,Irã
14,50,EUA,Irã
14,50,Brasil,Irã
14,50,Croácia,Irã
14,50,Bélgica,Austrália
14,50,Equador,Austrália
14,50,Países Baixos,Austrália
14,50,Costa Rica,Austrália
14,50,Espanha,Austrália
14,50,Tunísia,Austrália
14,50,Polônia,Austrália
14,50,França,Austrália
14,50,Coreia do Sul,Austrália
14,50,Dinamarca,Austrália
14,50,Sérvia,Austrália
14,50,México,Austrália
14,50,Arábia Saudita,Austrália
14,50,Qatar,Austrália
14,50,Senegal,Austrália
14,50,Japão,Austrália
14,50,Camarões,Austrália
14,50,Canadá,Austrália
14,50,Inglaterra,Austrália
14,50,EUA,Austrália
14,50,Brasil,Austrália
14,50,Croácia,Austrália
14,50,Equador,Bélgica
14,50,Países Baixos,Bélgica
14,50,Costa Rica,Bélgica
14,50,Espanha,Bélgica
14,50,Tunísia,Bélgica
14,50,Polônia,Bélgica
14,50,França,Bélgica
14,50,Coreia do Sul,Bélgica
14,50,Dinamarca,Bélgica
14,50,Sérvia,Bélgica
14,50,México,Bélgica
14,50,Arábia Saudita,Bélgica
14,50,Qatar,Bélgica
14,50,Senegal,Bélgica
14,50,Japão,Bélgica
14,50,Camarões,Bélgica
14,50,Canadá,Bélgica
14,50,Inglaterra,Bélgica
14,50,EUA,Bélgica
14,50,Brasil,Bélgica
14,50,Croácia,Bélgica
14,50,Países Baixos,Equador
14,50,Costa Rica,Equador
14,50,Espanha,Equador
14,50,Tunísia,Equador
14,50,Polônia,Equador
14,50,França,Equador
14,50,Coreia do Sul,Equador
14,50,Dinamarca,Equador
14,50,Sérvia,Equador
14,50,México,Equador
14,50,Arábia Saudita,Equador
14,50,Qatar,Equador
14,50,Senegal,Equador
14,50,Japão,Equador
14,50,Camarões,Equador
14,50,Canadá,Equador
14,50,Inglaterra,Equador
14,50,EUA,Equador
14,50,Brasil,Equador
14,50,Croácia,Equador
14,50,Costa Rica,Países Baixos
14,50,Espanha,Países Baixos
14,50,Tunísia,Países Baixos
14,50,Polônia,Países Baixos
14,50,França,Países Baixos
14,50,Coreia do Sul,Países Baixos
14,50,Dinamarca,Países Baixos
14,50,Sérvia,Países Baixos
14,50,México,Países Baixos
14,50,Arábia Saudita,Países Baixos
14,50,Qatar,Países Baixos
14,50,Senegal,Países Baixos
14,50,Japão,Países Baixos
14,50,Camarões,Países Baixos
14,50,Canadá,Países Baixos
14,50,Inglaterra,Países Baixos
14,50,EUA,Países Baixos
14,50,Brasil,Países Baixos
14,50,Croácia,Países Baixos
14,50,Espanha,Costa Rica
14,50,Tunísia,Costa Rica
14,50,Polônia,Costa Rica
14,50,França,Costa Rica
14,50,Coreia do Sul,Costa Rica
14,50,Dinamarca,Costa Rica
14,50,Sérvia,Costa Rica
14,50,México,Costa Rica
14,50,Arábia Saudita,Costa Rica
14,50,Qatar,Costa Rica
14,50,Senegal,Costa Rica
14,50,Japão,Costa Rica
14,50,Camarões,Costa Rica
14,50,Canadá,Costa Rica
14,50,Inglaterra,Costa Rica
14,50,EUA,Costa Rica
14,50,Brasil,Costa Rica
14,50,Croácia,Costa Rica
14,50,Tunísia,Espanha
14,50,Polônia,Espanha
14,50,França,Espanha
14,50,Coreia do Sul,Espanha
14,50,Dinamarca,Espanha
14,50,Sérvia,Espanha
14,50,México,Espanha
14,50,Arábia Saudita,Espanha
14,50,Qatar,Espanha
14,50,Senegal,Espanha
14,50,Japão,Espanha
14,50,Camarões,Espanha
14,50,Canadá,Espanha
14,50,Inglaterra,Espanha
14,50,EUA,Espanha
14,50,Brasil,Espanha
14,50,Croácia,Espanha
14,50,Polônia,Tunísia
14,50,França,Tunísia
14,50,Coreia do Sul,Tunísia
14,50,Dinamarca,Tunísia
14,50,Sérvia,Tunísia
14,50,México,Tunísia
14,50,Arábia Saudita,Tunísia
14,50,Qatar,Tunísia
14,50,Senegal,Tunísia
14,50,Japão,Tunísia
14,50,Camarões,Tunísia
14,50,Canadá,Tunísia
14,50,Inglaterra,Tunísia
14,50,EUA,Tunísia
14,50,Brasil,Tunísia
14,50,Croácia,Tunísia
14,50,França,Polônia
14,50,Coreia do Sul,Polônia
14,50,Dinamarca,Polônia
14,50,Sérvia,Polônia
14,50,México,Polônia
14,50,Arábia Saudita,Polônia
14,50,Qatar,Polônia
14,50,Senegal,Polônia
14,50,Japão,Polônia
14,50,Camarões,Polônia
14,50,Canadá,Polônia
14,50,Inglaterra,Polônia
14,50,EUA,Polônia
14,50,Brasil,Polônia
14,50,Croácia,Polônia
14,50,Coreia do Sul,França
14,50,Dinamarca,França
14,50,Sérvia,França
14,50,México,França
14,50,Arábia Saudita,França
14,50,Qatar,França
14,50,Senegal,França
14,50,Japão,França
14,50,Camarões,França
14,50,Canadá,França
14,50,Inglaterra,França
14,50,EUA,França
14,50,Brasil,França
14,50,Croácia,França
14,50,Dinamarca,Coreia do Sul
14,50,Sérvia,Coreia do Sul
14,50,México,Coreia do Sul
14,50,Arábia Saudita,Coreia do Sul
14,50,Qatar,Coreia do Sul
14,50,Senegal,Coreia do Sul
14,50,Japão,Coreia do Sul
14,50,Camarões,Coreia do Sul
14,50,Canadá,Coreia do Sul
14,50,Inglaterra,Coreia do Sul
14,50,EUA,Coreia do Sul
14,50,Brasil,Coreia do Sul
14,50,Croácia,Coreia do Sul
14,50,Sérvia,Dinamarca
14,50,México,Dinamarca
14,50,Arábia Saudita,Dinamarca
14,50,Qatar,Dinamarca
14,50,Senegal,Dinamarca
14,50,Japão,Dinamarca
14,50,Camarões,Dinamarca
14,50,Canadá,Dinamarca
14,50,Inglaterra,Dinamarca
14,50,EUA,Dinamarca
14,50,Brasil,Dinamarca
14,50,Croácia,Dinamarca
14,50,México,Sérvia
14,50,Arábia Saudita,Sérvia
14,50,Qatar,Sérvia
14,50,Senegal,Sérvia
14,50,Japão,Sérvia
14,50,Camarões,Sérvia
14,50,Canadá,Sérvia
14,50,Inglaterra,Sérvia
14,50,EUA,Sérvia
14,50,Brasil,Sérvia
14,50,Croácia,Sérvia
14,50,Arábia Saudita,México
14,50,Qatar,México
14,50,Senegal,México
14,50,Japão,México
14,50,Camarões,México
14,50,Canadá,México
14,50,Inglaterra,México
14,50,EUA,México
14,50,Brasil,México
14,50,Croácia,México
14,50,Qatar,Arábia Saudita
14,50,Senegal,Arábia Saudita
14,50,Japão,Arábia Saudita
14,50,Camarões,Arábia Saudita
14,50,Canadá,Arábia Saudita
14,50,Inglaterra,Arábia Saudita
14,50,EUA,Arábia Saudita
14,50,Brasil,Arábia Saudita
14,50,Croácia,Arábia Saudita
14,50,Senegal,Qatar
14,50,Japão,Qatar
14,50,Camarões,Qatar
14,50,Canadá,Qatar
14,50,Inglaterra,Qatar
14,50,EUA,Qatar
14,50,Brasil,Qatar
14,50,Croácia,Qatar
14,50,Japão,Senegal
14,50,Camarões,Senegal
14,50,Canadá,Senegal
14,50,Inglaterra,Senegal
14,50,EUA,Senegal
14,50,Brasil,Senegal
14,50,Croácia,Senegal
14,50,Camarões,Japão
14,50,Canadá,Japão
14,50,Inglaterra,Japão
14,50,EUA,Japão
14,50,Brasil,Japão
14,50,Croácia,Japão
14,50,Canadá,Camarões
14,50,Inglaterra,Camarões
14,50,EUA,Camarões
14,50,Brasil,Camarões
14,50,Croácia,Camarões
14,50,Inglaterra,Canadá
14,50,EUA,Canadá
14,50,Brasil,Canadá
14,50,Croácia,Canadá
14,50,EUA,Inglaterra
14,50,Brasil,Inglaterra
14,50,Croácia,Inglaterra
14,50,Brasil,EUA
14,50,Croácia,EUA
14,50,Croácia,Brasil
14,53,Marrocos,Argentina
14,53,País de Gales,Argentina
14,53,Alemanha,Argentina
14,53,Portugal,Argentina
14,53,Suíça,Argentina
14,53,Uruguai,Argentina
14,53,Gana,Argentina
14,53,Irã,Argentina
14,53,Austrália,Argentina
14,53,Bélgica,Argentina
14,53,Equador,Argentina
14,53,Países Baixos,Argentina
14,53,Costa Rica,Argentina
14,53,Espanha,Argentina
14,53,Tunísia,Argentina
14,53,Polônia,Argentina
14,53,França,Argentina
14,53,Coreia do Sul,Argentina
14,53,Dinamarca,Argentina
14,53,Sérvia,Argentina
14,53,México,Argentina
14,53,Arábia Saudita,Argentina
14,53,Qatar,Argentina
14,53,Senegal,Argentina
14,53,Japão,Argentina
14,53,Camarões,Argentina
14,53,Canadá,Argentina
14,53,Inglaterra,Argentina
14,53,EUA,Argentina
14,53,Brasil,Argentina
14,53,Croácia,Argentina
14,53,País de Gales,Marrocos
14,53,Alemanha,Marrocos
14,53,Portugal,Marrocos
14,53,Suíça,Marrocos
14,53,Uruguai,Marrocos
14,53,Gana,Marrocos
14,53,Irã,Marrocos
14,53,Austrália,Marrocos
14,53,Bélgica,Marrocos
14,53,Equador,Marrocos
14,53,Países Baixos,Marrocos
14,53,Costa Rica,Marrocos
14,53,Espanha,Marrocos
14,53,Tunísia,Marrocos
14,53,Polônia,Marrocos
14,53,França,Marrocos
14,53,Coreia do Sul,Marrocos
14,53,Dinamarca,Marrocos
14,53,Sérvia,Marrocos
14,53,México,Marrocos
14,53,Arábia Saudita,Marrocos
14,53,Qatar,Marrocos
14,53,Senegal,Marrocos
14,53,Japão,Marrocos
14,53,Camarões,Marrocos
14,53,Canadá,Marrocos
14,53,Inglaterra,Marrocos
14,53,EUA,Marrocos
14,53,Brasil,Marrocos
14,53,Croácia,Marrocos
14,53,Alemanha,País de Gales
14,53,Portugal,País de Gales
14,53,Suíça,País de Gales
14,53,Uruguai,País de Gales
14,53,Gana,País de Gales
14,53,Irã,País de Gales
14,53,Austrália,País de Gales
14,53,Bélgica,País de Gales
14,53,Equador,País de Gales
14,53,Países Baixos,País de Gales
14,53,Costa Rica,País de Gales
14,53,Espanha,País de Gales
14,53,Tunísia,País de Gales
14,53,Polônia,País de Gales
14,53,França,País de Gales
14,53,Coreia do Sul,País de Gales
14,53,Dinamarca,País de Gales
14,53,Sérvia,País de Gales
14,53,México,País de Gales
14,53,Arábia Saudita,País de Gales
14,53,Qatar,País de Gales
14,53,Senegal,País de Gales
14,53,Japão,País de Gales
14,53,Camarões,País de Gales
14,53,Canadá,País de Gales
14,53,Inglaterra,País de Gales
14,53,EUA,País de Gales
14,53,Brasil,País de Gales
14,53,Croácia,País de Gales
14,53,Portugal,Alemanha
14,53,Suíça,Alemanha
14,53,Uruguai,Alemanha
14,53,Gana,Alemanha
14,53,Irã,Alemanha
14,53,Austrália,Alemanha
14,53,Bélgica,Alemanha
14,53,Equador,Alemanha
14,53,Países Baixos,Alemanha
14,53,Costa Rica,Alemanha
14,53,Espanha,Alemanha
14,53,Tunísia,Alemanha
14,53,Polônia,Alemanha
14,53,França,Alemanha
14,53,Coreia do Sul,Alemanha
14,53,Dinamarca,Alemanha
14,53,Sérvia,Alemanha
14,53,México,Alemanha
14,53,Arábia Saudita,Alemanha
14,53,Qatar,Alemanha
14,53,Senegal,Alemanha
14,53,Japão,Alemanha
14,53,Camarões,Alemanha
14,53,Canadá,Alemanha
14,53,Inglaterra,Alemanha
14,53,EUA,Alemanha
14,53,Brasil,Alemanha
14,53,Croácia,Alemanha
14,53,Suíça,Portugal
14,53,Uruguai,Portugal
14,53,Gana,Portugal
14,53,Irã,Portugal
14,53,Austrália,Portugal
14,53,Bélgica,Portugal
14,53,Equador,Portugal
14,53,Países Baixos,Portugal
14,53,Costa Rica,Portugal
14,53,Espanha,Portugal
14,53,Tunísia,Portugal
14,53,Polônia,Portugal
14,53,França,Portugal
14,53,Coreia do Sul,Portugal
14,53,Dinamarca,Portugal
14,53,Sérvia,Portugal
14,53,México,Portugal
14,53,Arábia Saudita,Portugal
14,53,Qatar,Portugal
14,53,Senegal,Portugal
14,53,Japão,Portugal
14,53,Camarões,Portugal
14,53,Canadá,Portugal
14,53,Inglaterra,Portugal
14,53,EUA,Portugal
14,53,Brasil,Portugal
14,53,Croácia,Portugal
14,53,Uruguai,Suíça
14,53,Gana,Suíça
14,53,Irã,Suíça
14,53,Austrália,Suíça
14,53,Bélgica,Suíça
14,53,Equador,Suíça
14,53,Países Baixos,Suíça
14,53,Costa Rica,Suíça
14,53,Espanha,Suíça
14,53,Tunísia,Suíça
14,53,Polônia,Suíça
14,53,França,Suíça
14,53,Coreia do Sul,Suíça
14,53,Dinamarca,Suíça
14,53,Sérvia,Suíça
14,53,México,Suíça
14,53,Arábia Saudita,Suíça
14,53,Qatar,Suíça
14,53,Senegal,Suíça
14,53,Japão,Suíça
14,53,Camarões,Suíça
14,53,Canadá,Suíça
14,53,Inglaterra,Suíça
14,53,EUA,Suíça
14,53,Brasil,Suíça
14,53,Croácia,Suíça
14,53,Gana,Uruguai
14,53,Irã,Uruguai
14,53,Austrália,Uruguai
14,53,Bélgica,Uruguai
14,53,Equador,Uruguai
14,53,Países Baixos,Uruguai
14,53,Costa Rica,Uruguai
14,53,Espanha,Uruguai
14,53,Tunísia,Uruguai
14,53,Polônia,Uruguai
14,53,França,Uruguai
14,53,Coreia do Sul,Uruguai
14,53,Dinamarca,Uruguai
14,53,Sérvia,Uruguai
14,53,México,Uruguai
14,53,Arábia Saudita,Uruguai
14,53,Qatar,Uruguai
14,53,Senegal,Uruguai
14,53,Japão,Uruguai
14,53,Camarões,Uruguai
14,53,Canadá,Uruguai
14,53,Inglaterra,Uruguai
14,53,EUA,Uruguai
14,53,Brasil,Uruguai
14,53,Croácia,Uruguai
14,53,Irã,Gana
14,53,Austrália,Gana
14,53,Bélgica,Gana
14,53,Equador,Gana
14,53,Países Baixos,Gana
14,53,Costa Rica,Gana
14,53,Espanha,Gana
14,53,Tunísia,Gana
14,53,Polônia,Gana
14,53,França,Gana
14,53,Coreia do Sul,Gana
14,53,Dinamarca,Gana
14,53,Sérvia,Gana
14,53,México,Gana
14,53,Arábia Saudita,Gana
14,53,Qatar,Gana
14,53,Senegal,Gana
14,53,Japão,Gana
14,53,Camarões,Gana
14,53,Canadá,Gana
14,53,Inglaterra,Gana
14,53,EUA,Gana
14,53,Brasil,Gana
14,53,Croácia,Gana
14,53,Austrália,Irã
14,53,Bélgica,Irã
14,53,Equador,Irã
14,53,Países Baixos,Irã
14,53,Costa Rica,Irã
14,53,Espanha,Irã
14,53,Tunísia,Irã
14,53,Polônia,Irã
14,53,França,Irã
14,53,Coreia do Sul,Irã
14,53,Dinamarca,Irã
14,53,Sérvia,Irã
14,53,México,Irã
14,53,Arábia Saudita,Irã
14,53,Qatar,Irã
14,53,Senegal,Irã
14,53,Japão,Irã
14,53,Camarões,Irã
14,53,Canadá,Irã
14,53,Inglaterra,Irã
14,53,EUA,Irã
14,53,Brasil,Irã
14,53,Croácia,Irã
14,53,Bélgica,Austrália
14,53,Equador,Austrália
14,53,Países Baixos,Austrália
14,53,Costa Rica,Austrália
14,53,Espanha,Austrália
14,53,Tunísia,Austrália
14,53,Polônia,Austrália
14,53,França,Austrália
14,53,Coreia do Sul,Austrália
14,53,Dinamarca,Austrália
14,53,Sérvia,Austrália
14,53,México,Austrália
14,53,Arábia Saudita,Austrália
14,53,Qatar,Austrália
14,53,Senegal,Austrália
14,53,Japão,Austrália
14,53,Camarões,Austrália
14,53,Canadá,Austrália
14,53,Inglaterra,Austrália
14,53,EUA,Austrália
14,53,Brasil,Austrália
14,53,Croácia,Austrália
14,53,Equador,Bélgica
14,53,Países Baixos,Bélgica
14,53,Costa Rica,Bélgica
14,53,Espanha,Bélgica
14,53,Tunísia,Bélgica
14,53,Polônia,Bélgica
14,53,França,Bélgica
14,53,Coreia do Sul,Bélgica
14,53,Dinamarca,Bélgica
14,53,Sérvia,Bélgica
14,53,México,Bélgica
14,53,Arábia Saudita,Bélgica
14,53,Qatar,Bélgica
14,53,Senegal,Bélgica
14,53,Japão,Bélgica
14,53,Camarões,Bélgica
14,53,Canadá,Bélgica
14,53,Inglaterra,Bélgica
14,53,EUA,Bélgica
14,53,Brasil,Bélgica
14,53,Croácia,Bélgica
14,53,Países Baixos,Equador
14,53,Costa Rica,Equador
14,53,Espanha,Equador
14,53,Tunísia,Equador
14,53,Polônia,Equador
14,53,França,Equador
14,53,Coreia do Sul,Equador
14,53,Dinamarca,Equador
14,53,Sérvia,Equador
14,53,México,Equador
14,53,Arábia Saudita,Equador
14,53,Qatar,Equador
14,53,Senegal,Equador
14,53,Japão,Equador
14,53,Camarões,Equador
14,53,Canadá,Equador
14,53,Inglaterra,Equador
14,53,EUA,Equador
14,53,Brasil,Equador
14,53,Croácia,Equador
14,53,Costa Rica,Países Baixos
14,53,Espanha,Países Baixos
14,53,Tunísia,Países Baixos
14,53,Polônia,Países Baixos
14,53,França,Países Baixos
14,53,Coreia do Sul,Países Baixos
14,53,Dinamarca,Países Baixos
14,53,Sérvia,Países Baixos
14,53,México,Países Baixos
14,53,Arábia Saudita,Países Baixos
14,53,Qatar,Países Baixos
14,53,Senegal,Países Baixos
14,53,Japão,Países Baixos
14,53,Camarões,Países Baixos
14,53,Canadá,Países Baixos
14,53,Inglaterra,Países Baixos
14,53,EUA,Países Baixos
14,53,Brasil,Países Baixos
14,53,Croácia,Países Baixos
14,53,Espanha,Costa Rica
14,53,Tunísia,Costa Rica
14,53,Polônia,Costa Rica
14,53,França,Costa Rica
14,53,Coreia do Sul,Costa Rica
14,53,Dinamarca,Costa Rica
14,53,Sérvia,Costa Rica
14,53,México,Costa Rica
14,53,Arábia Saudita,Costa Rica
14,53,Qatar,Costa Rica
14,53,Senegal,Costa Rica
14,53,Japão,Costa Rica
14,53,Camarões,Costa Rica
14,53,Canadá,Costa Rica
14,53,Inglaterra,Costa Rica
14,53,EUA,Costa Rica
14,53,Brasil,Costa Rica
14,53,Croácia,Costa Rica
14,53,Tunísia,Espanha
14,53,Polônia,Espanha
14,53,França,Espanha
14,53,Coreia do Sul,Espanha
14,53,Dinamarca,Espanha
14,53,Sérvia,Espanha
14,53,México,Espanha
14,53,Arábia Saudita,Espanha
14,53,Qatar,Espanha
14,53,Senegal,Espanha
14,53,Japão,Espanha
14,53,Camarões,Espanha
14,53,Canadá,Espanha
14,53,Inglaterra,Espanha
14,53,EUA,Espanha
14,53,Brasil,Espanha
14,53,Croácia,Espanha
14,53,Polônia,Tunísia
14,53,França,Tunísia
14,53,Coreia do Sul,Tunísia
14,53,Dinamarca,Tunísia
14,53,Sérvia,Tunísia
14,53,México,Tunísia
14,53,Arábia Saudita,Tunísia
14,53,Qatar,Tunísia
14,53,Senegal,Tunísia
14,53,Japão,Tunísia
14,53,Camarões,Tunísia
14,53,Canadá,Tunísia
14,53,Inglaterra,Tunísia
14,53,EUA,Tunísia
14,53,Brasil,Tunísia
14,53,Croácia,Tunísia
14,53,França,Polônia
14,53,Coreia do Sul,Polônia
14,53,Dinamarca,Polônia
14,53,Sérvia,Polônia
14,53,México,Polônia
14,53,Arábia Saudita,Polônia
14,53,Qatar,Polônia
14,53,Senegal,Polônia
14,53,Japão,Polônia
14,53,Camarões,Polônia
14,53,Canadá,Polônia
14,53,Inglaterra,Polônia
14,53,EUA,Polônia
14,53,Brasil,Polônia
14,53,Croácia,Polônia
14,53,Coreia do Sul,França
14,53,Dinamarca,França
14,53,Sérvia,França
14,53,México,França
14,53,Arábia Saudita,França
14,53,Qatar,França
14,53,Senegal,França
14,53,Japão,França
14,53,Camarões,França
14,53,Canadá,França
14,53,Inglaterra,França
14,53,EUA,França
14,53,Brasil,França
14,53,Croácia,França
14,53,Dinamarca,Coreia do Sul
14,53,Sérvia,Coreia do Sul
14,53,México,Coreia do Sul
14,53,Arábia Saudita,Coreia do Sul
14,53,Qatar,Coreia do Sul
14,53,Senegal,Coreia do Sul
14,53,Japão,Coreia do Sul
14,53,Camarões,Coreia do Sul
14,53,Canadá,Coreia do Sul
14,53,Inglaterra,Coreia do Sul
14,53,EUA,Coreia do Sul
14,53,Brasil,Coreia do Sul
14,53,Croácia,Coreia do Sul
14,53,Sérvia,Dinamarca
14,53,México,Dinamarca
14,53,Arábia Saudita,Dinamarca
14,53,Qatar,Dinamarca
14,53,Senegal,Dinamarca
14,53,Japão,Dinamarca
14,53,Camarões,Dinamarca
14,53,Canadá,Dinamarca
14,53,Inglaterra,Dinamarca
14,53,EUA,Dinamarca
14,53,Brasil,Dinamarca
14,53,Croácia,Dinamarca
14,53,México,Sérvia
14,53,Arábia Saudita,Sérvia
14,53,Qatar,Sérvia
14,53,Senegal,Sérvia
14,53,Japão,Sérvia
14,53,Camarões,Sérvia
14,53,Canadá,Sérvia
14,53,Inglaterra,Sérvia
14,53,EUA,Sérvia
14,53,Brasil,Sérvia
14,53,Croácia,Sérvia
14,53,Arábia Saudita,México
14,53,Qatar,México
14,53,Senegal,México
14,53,Japão,México
14,53,Camarões,México
14,53,Canadá,México
14,53,Inglaterra,México
14,53,EUA,México
14,53,Brasil,México
14,53,Croácia,México
14,53,Qatar,Arábia Saudita
14,53,Senegal,Arábia Saudita
14,53,Japão,Arábia Saudita
14,53,Camarões,Arábia Saudita
14,53,Canadá,Arábia Saudita
14,53,Inglaterra,Arábia Saudita
14,53,EUA,Arábia Saudita
14,53,Brasil,Arábia Saudita
14,53,Croácia,Arábia Saudita
14,53,Senegal,Qatar
14,53,Japão,Qatar
14,53,Camarões,Qatar
14,53,Canadá,Qatar
14,53,Inglaterra,Qatar
14,53,EUA,Qatar
14,53,Brasil,Qatar
14,53,Croácia,Qatar
14,53,Japão,Senegal
14,53,Camarões,Senegal
14,53,Canadá,Senegal
14,53,Inglaterra,Senegal
14,53,EUA,Senegal
14,53,Brasil,Senegal
14,53,Croácia,Senegal
14,53,Camarões,Japão
14,53,Canadá,Japão
14,53,Inglaterra,Japão
14,53,EUA,Japão
14,53,Brasil,Japão
14,53,Croácia,Japão
14,53,Canadá,Camarões
14,53,Inglaterra,Camarões
14,53,EUA,Camarões
14,53,Brasil,Camarões
14,53,Croácia,Camarões
14,53,Inglaterra,Canadá
14,53,EUA,Canadá
14,53,Brasil,Canadá
14,53,Croácia,Canadá
14,53,EUA,Inglaterra
14,53,Brasil,Inglaterra
14,53,Croácia,Inglaterra
14,53,Brasil,EUA
14,53,Croácia,EUA
14,53,Croácia,Brasil
14,56,Marrocos,Argentina
14,56,País de Gales,Argentina
14,56,Alemanha,Argentina
14,56,Portugal,Argentina
14,56,Suíça,Argentina
14,56,Uruguai,Argentina
14,56,Gana,Argentina
14,56,Irã,Argentina
14,56,Austrália,Argentina
14,56,Bélgica,Argentina
14,56,Equador,Argentina
14,56,Países Baixos,Argentina
14,56,Costa Rica,Argentina
14,56,Espanha,Argentina
14,56,Tunísia,Argentina
14,56,Polônia,Argentina
14,56,França,Argentina
14,56,Coreia do Sul,Argentina
14,56,Dinamarca,Argentina
14,56,Sérvia,Argentina
14,56,México,Argentina
14,56,Arábia Saudita,Argentina
14,56,Qatar,Argentina
14,56,Senegal,Argentina
14,56,Japão,Argentina
14,56,Camarões,Argentina
14,56,Canadá,Argentina
14,56,Inglaterra,Argentina
14,56,EUA,Argentina
14,56,Brasil,Argentina
14,56,Croácia,Argentina
14,56,País de Gales,Marrocos
14,56,Alemanha,Marrocos
14,56,Portugal,Marrocos
14,56,Suíça,Marrocos
14,56,Uruguai,Marrocos
14,56,Gana,Marrocos
14,56,Irã,Marrocos
14,56,Austrália,Marrocos
14,56,Bélgica,Marrocos
14,56,Equador,Marrocos
14,56,Países Baixos,Marrocos
14,56,Costa Rica,Marrocos
14,56,Espanha,Marrocos
14,56,Tunísia,Marrocos
14,56,Polônia,Marrocos
14,56,França,Marrocos
14,56,Coreia do Sul,Marrocos
14,56,Dinamarca,Marrocos
14,56,Sérvia,Marrocos
14,56,México,Marrocos
14,56,Arábia Saudita,Marrocos
14,56,Qatar,Marrocos
14,56,Senegal,Marrocos
14,56,Japão,Marrocos
14,56,Camarões,Marrocos
14,56,Canadá,Marrocos
14,56,Inglaterra,Marrocos
14,56,EUA,Marrocos
14,56,Brasil,Marrocos
14,56,Croácia,Marrocos
14,56,Alemanha,País de Gales
14,56,Portugal,País de Gales
14,56,Suíça,País de Gales
14,56,Uruguai,País de Gales
14,56,Gana,País de Gales
14,56,Irã,País de Gales
14,56,Austrália,País de Gales
14,56,Bélgica,País de Gales
14,56,Equador,País de Gales
14,56,Países Baixos,País de Gales
14,56,Costa Rica,País de Gales
14,56,Espanha,País de Gales
14,56,Tunísia,País de Gales
14,56,Polônia,País de Gales
14,56,França,País de Gales
14,56,Coreia do Sul,País de Gales
14,56,Dinamarca,País de Gales
14,56,Sérvia,País de Gales
14,56,México,País de Gales
14,56,Arábia Saudita,País de Gales
14,56,Qatar,País de Gales
14,56,Senegal,País de Gales
14,56,Japão,País de Gales
14,56,Camarões,País de Gales
14,56,Canadá,País de Gales
14,56,Inglaterra,País de Gales
14,56,EUA,País de Gales
14,56,Brasil,País de Gales
14,56,Croácia,País de Gales
14,56,Portugal,Alemanha
14,56,Suíça,Alemanha
14,56,Uruguai,Alemanha
14,56,Gana,Alemanha
14,56,Irã,Alemanha
14,56,Austrália,Alemanha
14,56,Bélgica,Alemanha
14,56,Equador,Alemanha
14,56,Países Baixos,Alemanha
14,56,Costa Rica,Alemanha
14,56,Espanha,Alemanha
14,56,Tunísia,Alemanha
14,56,Polônia,Alemanha
14,56,França,Alemanha
14,56,Coreia do Sul,Alemanha
14,56,Dinamarca,Alemanha
14,56,Sérvia,Alemanha
14,56,México,Alemanha
14,56,Arábia Saudita,Alemanha
14,56,Qatar,Alemanha
14,56,Senegal,Alemanha
14,56,Japão,Alemanha
14,56,Camarões,Alemanha
14,56,Canadá,Alemanha
14,56,Inglaterra,Alemanha
14,56,EUA,Alemanha
14,56,Brasil,Alemanha
14,56,Croácia,Alemanha
14,56,Suíça,Portugal
14,56,Uruguai,Portugal
14,56,Gana,Portugal
14,56,Irã,Portugal
14,56,Austrália,Portugal
14,56,Bélgica,Portugal
14,56,Equador,Portugal
14,56,Países Baixos,Portugal
14,56,Costa Rica,Portugal
14,56,Espanha,Portugal
14,56,Tunísia,Portugal
14,56,Polônia,Portugal
14,56,França,Portugal
14,56,Coreia do Sul,Portugal
14,56,Dinamarca,Portugal
14,56,Sérvia,Portugal
14,56,México,Portugal
14,56,Arábia Saudita,Portugal
14,56,Qatar,Portugal
14,56,Senegal,Portugal
14,56,Japão,Portugal
14,56,Camarões,Portugal
14,56,Canadá,Portugal
14,56,Inglaterra,Portugal
14,56,EUA,Portugal
14,56,Brasil,Portugal
14,56,Croácia,Portugal
14,56,Uruguai,Suíça
14,56,Gana,Suíça
14,56,Irã,Suíça
14,56,Austrália,Suíça
14,56,Bélgica,Suíça
14,56,Equador,Suíça
14,56,Países Baixos,Suíça
14,56,Costa Rica,Suíça
14,56,Espanha,Suíça
14,56,Tunísia,Suíça
14,56,Polônia,Suíça
14,56,França,Suíça
14,56,Coreia do Sul,Suíça
14,56,Dinamarca,Suíça
14,56,Sérvia,Suíça
14,56,México,Suíça
14,56,Arábia Saudita,Suíça
14,56,Qatar,Suíça
14,56,Senegal,Suíça
14,56,Japão,Suíça
14,56,Camarões,Suíça
14,56,Canadá,Suíça
14,56,Inglaterra,Suíça
14,56,EUA,Suíça
14,56,Brasil,Suíça
14,56,Croácia,Suíça
14,56,Gana,Uruguai
14,56,Irã,Uruguai
14,56,Austrália,Uruguai
14,56,Bélgica,Uruguai
14,56,Equador,Uruguai
14,56,Países Baixos,Uruguai
14,56,Costa Rica,Uruguai
14,56,Espanha,Uruguai
14,56,Tunísia,Uruguai
14,56,Polônia,Uruguai
14,56,França,Uruguai
14,56,Coreia do Sul,Uruguai
14,56,Dinamarca,Uruguai
14,56,Sérvia,Uruguai
14,56,México,Uruguai
14,56,Arábia Saudita,Uruguai
14,56,Qatar,Uruguai
14,56,Senegal,Uruguai
14,56,Japão,Uruguai
14,56,Camarões,Uruguai
14,56,Canadá,Uruguai
14,56,Inglaterra,Uruguai
14,56,EUA,Uruguai
14,56,Brasil,Uruguai
14,56,Croácia,Uruguai
14,56,Irã,Gana
14,56,Austrália,Gana
14,56,Bélgica,Gana
14,56,Equador,Gana
14,56,Países Baixos,Gana
14,56,Costa Rica,Gana
14,56,Espanha,Gana
14,56,Tunísia,Gana
14,56,Polônia,Gana
14,56,França,Gana
14,56,Coreia do Sul,Gana
14,56,Dinamarca,Gana
14,56,Sérvia,Gana
14,56,México,Gana
14,56,Arábia Saudita,Gana
14,56,Qatar,Gana
14,56,Senegal,Gana
14,56,Japão,Gana
14,56,Camarões,Gana
14,56,Canadá,Gana
14,56,Inglaterra,Gana
14,56,EUA,Gana
14,56,Brasil,Gana
14,56,Croácia,Gana
14,56,Austrália,Irã
14,56,Bélgica,Irã
14,56,Equador,Irã
14,56,Países Baixos,Irã
14,56,Costa Rica,Irã
14,56,Espanha,Irã
14,56,Tunísia,Irã
14,56,Polônia,Irã
14,56,França,Irã
14,56,Coreia do Sul,Irã
14,56,Dinamarca,Irã
14,56,Sérvia,Irã
14,56,México,Irã
14,56,Arábia Saudita,Irã
14,56,Qatar,Irã
14,56,Senegal,Irã
14,56,Japão,Irã
14,56,Camarões,Irã
14,56,Canadá,Irã
14,56,Inglaterra,Irã
14,56,EUA,Irã
14,56,Brasil,Irã
14,56,Croácia,Irã
14,56,Bélgica,Austrália
14,56,Equador,Austrália
14,56,Países Baixos,Austrália
14,56,Costa Rica,Austrália
14,56,Espanha,Austrália
14,56,Tunísia,Austrália
14,56,Polônia,Austrália
14,56,França,Austrália
14,56,Coreia do Sul,Austrália
14,56,Dinamarca,Austrália
14,56,Sérvia,Austrália
14,56,México,Austrália
14,56,Arábia Saudita,Austrália
14,56,Qatar,Austrália
14,56,Senegal,Austrália
14,56,Japão,Austrália
14,56,Camarões,Austrália
14,56,Canadá,Austrália
14,56,Inglaterra,Austrália
14,56,EUA,Austrália
14,56,Brasil,Austrália
14,56,Croácia,Austrália
14,56,Equador,Bélgica
14,56,Países Baixos,Bélgica
14,56,Costa Rica,Bélgica
14,56,Espanha,Bélgica
14,56,Tunísia,Bélgica
14,56,Polônia,Bélgica
14,56,França,Bélgica
14,56,Coreia do Sul,Bélgica
14,56,Dinamarca,Bélgica
14,56,Sérvia,Bélgica
14,56,México,Bélgica
14,56,Arábia Saudita,Bélgica
14,56,Qatar,Bélgica
14,56,Senegal,Bélgica
14,56,Japão,Bélgica
14,56,Camarões,Bélgica
14,56,Canadá,Bélgica
14,56,Inglaterra,Bélgica
14,56,EUA,Bélgica
14,56,Brasil,Bélgica
14,56,Croácia,Bélgica
14,56,Países Baixos,Equador
14,56,Costa Rica,Equador
14,56,Espanha,Equador
14,56,Tunísia,Equador
14,56,Polônia,Equador
14,56,França,Equador
14,56,Coreia do Sul,Equador
14,56,Dinamarca,Equador
14,56,Sérvia,Equador
14,56,México,Equador
14,56,Arábia Saudita,Equador
14,56,Qatar,Equador
14,56,Senegal,Equador
14,56,Japão,Equador
14,56,Camarões,Equador
14,56,Canadá,Equador
14,56,Inglaterra,Equador
14,56,EUA,Equador
14,56,Brasil,Equador
14,56,Croácia,Equador
14,56,Costa Rica,Países Baixos
14,56,Espanha,Países Baixos
14,56,Tunísia,Países Baixos
14,56,Polônia,Países Baixos
14,56,França,Países Baixos
14,56,Coreia do Sul,Países Baixos
14,56,Dinamarca,Países Baixos
14,56,Sérvia,Países Baixos
14,56,México,Países Baixos
14,56,Arábia Saudita,Países Baixos
14,56,Qatar,Países Baixos
14,56,Senegal,Países Baixos
14,56,Japão,Países Baixos
14,56,Camarões,Países Baixos
14,56,Canadá,Países Baixos
14,56,Inglaterra,Países Baixos
14,56,EUA,Países Baixos
14,56,Brasil,Países Baixos
14,56,Croácia,Países Baixos
14,56,Espanha,Costa Rica
14,56,Tunísia,Costa Rica
14,56,Polônia,Costa Rica
14,56,França,Costa Rica
14,56,Coreia do Sul,Costa Rica
14,56,Dinamarca,Costa Rica
14,56,Sérvia,Costa Rica
14,56,México,Costa Rica
14,56,Arábia Saudita,Costa Rica
14,56,Qatar,Costa Rica
14,56,Senegal,Costa Rica
14,56,Japão,Costa Rica
14,56,Camarões,Costa Rica
14,56,Canadá,Costa Rica
14,56,Inglaterra,Costa Rica
14,56,EUA,Costa Rica
14,56,Brasil,Costa Rica
14,56,Croácia,Costa Rica
14,56,Tunísia,Espanha
14,56,Polônia,Espanha
14,56,França,Espanha
14,56,Coreia do Sul,Espanha
14,56,Dinamarca,Espanha
14,56,Sérvia,Espanha
14,56,México,Espanha
14,56,Arábia Saudita,Espanha
14,56,Qatar,Espanha
14,56,Senegal,Espanha
14,56,Japão,Espanha
14,56,Camarões,Espanha
14,56,Canadá,Espanha
14,56,Inglaterra,Espanha
14,56,EUA,Espanha
14,56,Brasil,Espanha
14,56,Croácia,Espanha
14,56,Polônia,Tunísia
14,56,França,Tunísia
14,56,Coreia do Sul,Tunísia
14,56,Dinamarca,Tunísia
14,56,Sérvia,Tunísia
14,56,México,Tunísia
14,56,Arábia Saudita,Tunísia
14,56,Qatar,Tunísia
14,56,Senegal,Tunísia
14,56,Japão,Tunísia
14,56,Camarões,Tunísia
14,56,Canadá,Tunísia
14,56,Inglaterra,Tunísia
14,56,EUA,Tunísia
14,56,Brasil,Tunísia
14,56,Croácia,Tunísia
14,56,França,Polônia
14,56,Coreia do Sul,Polônia
14,56,Dinamarca,Polônia
14,56,Sérvia,Polônia
14,56,México,Polônia
14,56,Arábia Saudita,Polônia
14,56,Qatar,Polônia
14,56,Senegal,Polônia
14,56,Japão,Polônia
14,56,Camarões,Polônia
14,56,Canadá,Polônia
14,56,Inglaterra,Polônia
14,56,EUA,Polônia
14,56,Brasil,Polônia
14,56,Croácia,Polônia
14,56,Coreia do Sul,França
14,56,Dinamarca,França
14,56,Sérvia,França
14,56,México,França
14,56,Arábia Saudita,França
14,56,Qatar,França
14,56,Senegal,França
14,56,Japão,França
14,56,Camarões,França
14,56,Canadá,França
14,56,Inglaterra,França
14,56,EUA,França
14,56,Brasil,França
14,56,Croácia,França
14,56,Dinamarca,Coreia do Sul
14,56,Sérvia,Coreia do Sul
14,56,México,Coreia do Sul
14,56,Arábia Saudita,Coreia do Sul
14,56,Qatar,Coreia do Sul
14,56,Senegal,Coreia do Sul
14,56,Japão,Coreia do Sul
14,56,Camarões,Coreia do Sul
14,56,Canadá,Coreia do Sul
14,56,Inglaterra,Coreia do Sul
14,56,EUA,Coreia do Sul
14,56,Brasil,Coreia do Sul
14,56,Croácia,Coreia do Sul
14,56,Sérvia,Dinamarca
14,56,México,Dinamarca
14,56,Arábia Saudita,Dinamarca
14,56,Qatar,Dinamarca
14,56,Senegal,Dinamarca
14,56,Japão,Dinamarca
14,56,Camarões,Dinamarca
14,56,Canadá,Dinamarca
14,56,Inglaterra,Dinamarca
14,56,EUA,Dinamarca
14,56,Brasil,Dinamarca
14,56,Croácia,Dinamarca
14,56,México,Sérvia
14,56,Arábia Saudita,Sérvia
14,56,Qatar,Sérvia
14,56,Senegal,Sérvia
14,56,Japão,Sérvia
14,56,Camarões,Sérvia
14,56,Canadá,Sérvia
14,56,Inglaterra,Sérvia
14,56,EUA,Sérvia
14,56,Brasil,Sérvia
14,56,Croácia,Sérvia
14,56,Arábia Saudita,México
14,56,Qatar,México
14,56,Senegal,México
14,56,Japão,México
14,56,Camarões,México
14,56,Canadá,México
14,56,Inglaterra,México
14,56,EUA,México
14,56,Brasil,México
14,56,Croácia,México
14,56,Qatar,Arábia Saudita
14,56,Senegal,Arábia Saudita
14,56,Japão,Arábia Saudita
14,56,Camarões,Arábia Saudita
14,56,Canadá,Arábia Saudita
14,56,Inglaterra,Arábia Saudita
14,56,EUA,Arábia Saudita
14,56,Brasil,Arábia Saudita
14,56,Croácia,Arábia Saudita
14,56,Senegal,Qatar
14,56,Japão,Qatar
14,56,Camarões,Qatar
14,56,Canadá,Qatar
14,56,Inglaterra,Qatar
14,56,EUA,Qatar
14,56,Brasil,Qatar
14,56,Croácia,Qatar
14,56,Japão,Senegal
14,56,Camarões,Senegal
14,56,Canadá,Senegal
14,56,Inglaterra,Senegal
14,56,EUA,Senegal
14,56,Brasil,Senegal
14,56,Croácia,Senegal
14,56,Camarões,Japão
14,56,Canadá,Japão
14,56,Inglaterra,Japão
14,56,EUA,Japão
14,56,Brasil,Japão
14,56,Croácia,Japão
14,56,Canadá,Camarões
14,56,Inglaterra,Camarões
14,56,EUA,Camarões
14,56,Brasil,Camarões
14,56,Croácia,Camarões
14,56,Inglaterra,Canadá
14,56,EUA,Canadá
14,56,Brasil,Canadá
14,56,Croácia,Canadá
14,56,EUA,Inglaterra
14,56,Brasil,Inglaterra
14,56,Croácia,Inglaterra
14,56,Brasil,EUA
14,56,Croácia,EUA
14,56,Croácia,Brasil
14,59,Marrocos,Argentina
14,59,País de Gales,Argentina
14,59,Alemanha,Argentina
14,59,Portugal,Argentina
14,59,Suíça,Argentina
14,59,Uruguai,Argentina
14,59,Gana,Argentina
14,59,Irã,Argentina
14,59,Austrália,Argentina
14,59,Bélgica,Argentina
14,59,Equador,Argentina
14,59,Países Baixos,Argentina
14,59,Costa Rica,Argentina
14,59,Espanha,Argentina
14,59,Tunísia,Argentina
14,59,Polônia,Argentina
14,59,França,Argentina
14,59,Coreia do Sul,Argentina
14,59,Dinamarca,Argentina
14,59,Sérvia,Argentina
14,59,México,Argentina
14,59,Arábia Saudita,Argentina
14,59,Qatar,Argentina
14,59,Senegal,Argentina
14,59,Japão,Argentina
14,59,Camarões,Argentina
14,59,Canadá,Argentina
14,59,Inglaterra,Argentina
14,59,EUA,Argentina
14,59,Brasil,Argentina
14,59,Croácia,Argentina
14,59,País de Gales,Marrocos
14,59,Alemanha,Marrocos
14,59,Portugal,Marrocos
14,59,Suíça,Marrocos
14,59,Uruguai,Marrocos
14,59,Gana,Marrocos
14,59,Irã,Marrocos
14,59,Austrália,Marrocos
14,59,Bélgica,Marrocos
14,59,Equador,Marrocos
14,59,Países Baixos,Marrocos
14,59,Costa Rica,Marrocos
14,59,Espanha,Marrocos
14,59,Tunísia,Marrocos
14,59,Polônia,Marrocos
14,59,França,Marrocos
14,59,Coreia do Sul,Marrocos
14,59,Dinamarca,Marrocos
14,59,Sérvia,Marrocos
14,59,México,Marrocos
14,59,Arábia Saudita,Marrocos
14,59,Qatar,Marrocos
14,59,Senegal,Marrocos
14,59,Japão,Marrocos
14,59,Camarões,Marrocos
14,59,Canadá,Marrocos
14,59,Inglaterra,Marrocos
14,59,EUA,Marrocos
14,59,Brasil,Marrocos
14,59,Croácia,Marrocos
14,59,Alemanha,País de Gales
14,59,Portugal,País de Gales
14,59,Suíça,País de Gales
14,59,Uruguai,País de Gales
14,59,Gana,País de Gales
14,59,Irã,País de Gales
14,59,Austrália,País de Gales
14,59,Bélgica,País de Gales
14,59,Equador,País de Gales
14,59,Países Baixos,País de Gales
14,59,Costa Rica,País de Gales
14,59,Espanha,País de Gales
14,59,Tunísia,País de Gales
14,59,Polônia,País de Gales
14,59,França,País de Gales
14,59,Coreia do Sul,País de Gales
14,59,Dinamarca,País de Gales
14,59,Sérvia,País de Gales
14,59,México,País de Gales
14,59,Arábia Saudita,País de Gales
14,59,Qatar,País de Gales
14,59,Senegal,País de Gales
14,59,Japão,País de Gales
14,59,Camarões,País de Gales
14,59,Canadá,País de Gales
14,59,Inglaterra,País de Gales
14,59,EUA,País de Gales
14,59,Brasil,País de Gales
14,59,Croácia,País de Gales
14,59,Portugal,Alemanha
14,59,Suíça,Alemanha
14,59,Uruguai,Alemanha
14,59,Gana,Alemanha
14,59,Irã,Alemanha
14,59,Austrália,Alemanha
14,59,Bélgica,Alemanha
14,59,Equador,Alemanha
14,59,Países Baixos,Alemanha
14,59,Costa Rica,Alemanha
14,59,Espanha,Alemanha
14,59,Tunísia,Alemanha
14,59,Polônia,Alemanha
14,59,França,Alemanha
14,59,Coreia do Sul,Alemanha
14,59,Dinamarca,Alemanha
14,59,Sérvia,Alemanha
14,59,México,Alemanha
14,59,Arábia Saudita,Alemanha
14,59,Qatar,Alemanha
14,59,Senegal,Alemanha
14,59,Japão,Alemanha
14,59,Camarões,Alemanha
14,59,Canadá,Alemanha
14,59,Inglaterra,Alemanha
14,59,EUA,Alemanha
14,59,Brasil,Alemanha
14,59,Croácia,Alemanha
14,59,Suíça,Portugal
14,59,Uruguai,Portugal
14,59,Gana,Portugal
14,59,Irã,Portugal
14,59,Austrália,Portugal
14,59,Bélgica,Portugal
14,59,Equador,Portugal
14,59,Países Baixos,Portugal
14,59,Costa Rica,Portugal
14,59,Espanha,Portugal
14,59,Tunísia,Portugal
14,59,Polônia,Portugal
14,59,França,Portugal
14,59,Coreia do Sul,Portugal
14,59,Dinamarca,Portugal
14,59,Sérvia,Portugal
14,59,México,Portugal
14,59,Arábia Saudita,Portugal
14,59,Qatar,Portugal
14,59,Senegal,Portugal
14,59,Japão,Portugal
14,59,Camarões,Portugal
14,59,Canadá,Portugal
14,59,Inglaterra,Portugal
14,59,EUA,Portugal
14,59,Brasil,Portugal
14,59,Croácia,Portugal
14,59,Uruguai,Suíça
14,59,Gana,Suíça
14,59,Irã,Suíça
14,59,Austrália,Suíça
14,59,Bélgica,Suíça
14,59,Equador,Suíça
14,59,Países Baixos,Suíça
14,59,Costa Rica,Suíça
14,59,Espanha,Suíça
14,59,Tunísia,Suíça
14,59,Polônia,Suíça
14,59,França,Suíça
14,59,Coreia do Sul,Suíça
14,59,Dinamarca,Suíça
14,59,Sérvia,Suíça
14,59,México,Suíça
14,59,Arábia Saudita,Suíça
14,59,Qatar,Suíça
14,59,Senegal,Suíça
14,59,Japão,Suíça
14,59,Camarões,Suíça
14,59,Canadá,Suíça
14,59,Inglaterra,Suíça
14,59,EUA,Suíça
14,59,Brasil,Suíça
14,59,Croácia,Suíça
14,59,Gana,Uruguai
14,59,Irã,Uruguai
14,59,Austrália,Uruguai
14,59,Bélgica,Uruguai
14,59,Equador,Uruguai
14,59,Países Baixos,Uruguai
14,59,Costa Rica,Uruguai
14,59,Espanha,Uruguai
14,59,Tunísia,Uruguai
14,59,Polônia,Uruguai
14,59,França,Uruguai
14,59,Coreia do Sul,Uruguai
14,59,Dinamarca,Uruguai
14,59,Sérvia,Uruguai
14,59,México,Uruguai
14,59,Arábia Saudita,Uruguai
14,59,Qatar,Uruguai
14,59,Senegal,Uruguai
14,59,Japão,Uruguai
14,59,Camarões,Uruguai
14,59,Canadá,Uruguai
14,59,Inglaterra,Uruguai
14,59,EUA,Uruguai
14,59,Brasil,Uruguai
14,59,Croácia,Uruguai
14,59,Irã,Gana
14,59,Austrália,Gana
14,59,Bélgica,Gana
14,59,Equador,Gana
14,59,Países Baixos,Gana
14,59,Costa Rica,Gana
14,59,Espanha,Gana
14,59,Tunísia,Gana
14,59,Polônia,Gana
14,59,França,Gana
14,59,Coreia do Sul,Gana
14,59,Dinamarca,Gana
14,59,Sérvia,Gana
14,59,México,Gana
14,59,Arábia Saudita,Gana
14,59,Qatar,Gana
14,59,Senegal,Gana
14,59,Japão,Gana
14,59,Camarões,Gana
14,59,Canadá,Gana
14,59,Inglaterra,Gana
14,59,EUA,Gana
14,59,Brasil,Gana
14,59,Croácia,Gana
14,59,Austrália,Irã
14,59,Bélgica,Irã
14,59,Equador,Irã
14,59,Países Baixos,Irã
14,59,Costa Rica,Irã
14,59,Espanha,Irã
14,59,Tunísia,Irã
14,59,Polônia,Irã
14,59,França,Irã
14,59,Coreia do Sul,Irã
14,59,Dinamarca,Irã
14,59,Sérvia,Irã
14,59,México,Irã
14,59,Arábia Saudita,Irã
14,59,Qatar,Irã
14,59,Senegal,Irã
14,59,Japão,Irã
14,59,Camarões,Irã
14,59,Canadá,Irã
14,59,Inglaterra,Irã
14,59,EUA,Irã
14,59,Brasil,Irã
14,59,Croácia,Irã
14,59,Bélgica,Austrália
14,59,Equador,Austrália
14,59,Países Baixos,Austrália
14,59,Costa Rica,Austrália
14,59,Espanha,Austrália
14,59,Tunísia,Austrália
14,59,Polônia,Austrália
14,59,França,Austrália
14,59,Coreia do Sul,Austrália
14,59,Dinamarca,Austrália
14,59,Sérvia,Austrália
14,59,México,Austrália
14,59,Arábia Saudita,Austrália
14,59,Qatar,Austrália
14,59,Senegal,Austrália
14,59,Japão,Austrália
14,59,Camarões,Austrália
14,59,Canadá,Austrália
14,59,Inglaterra,Austrália
14,59,EUA,Austrália
14,59,Brasil,Austrália
14,59,Croácia,Austrália
14,59,Equador,Bélgica
14,59,Países Baixos,Bélgica
14,59,Costa Rica,Bélgica
14,59,Espanha,Bélgica
14,59,Tunísia,Bélgica
14,59,Polônia,Bélgica
14,59,França,Bélgica
14,59,Coreia do Sul,Bélgica
14,59,Dinamarca,Bélgica
14,59,Sérvia,Bélgica
14,59,México,Bélgica
14,59,Arábia Saudita,Bélgica
14,59,Qatar,Bélgica
14,59,Senegal,Bélgica
14,59,Japão,Bélgica
14,59,Camarões,Bélgica
14,59,Canadá,Bélgica
14,59,Inglaterra,Bélgica
14,59,EUA,Bélgica
14,59,Brasil,Bélgica
14,59,Croácia,Bélgica
14,59,Países Baixos,Equador
14,59,Costa Rica,Equador
14,59,Espanha,Equador
14,59,Tunísia,Equador
14,59,Polônia,Equador
14,59,França,Equador
14,59,Coreia do Sul,Equador
14,59,Dinamarca,Equador
14,59,Sérvia,Equador
14,59,México,Equador
14,59,Arábia Saudita,Equador
14,59,Qatar,Equador
14,59,Senegal,Equador
14,59,Japão,Equador
14,59,Camarões,Equador
14,59,Canadá,Equador
14,59,Inglaterra,Equador
14,59,EUA,Equador
14,59,Brasil,Equador
14,59,Croácia,Equador
14,59,Costa Rica,Países Baixos
14,59,Espanha,Países Baixos
14,59,Tunísia,Países Baixos
14,59,Polônia,Países Baixos
14,59,França,Países Baixos
14,59,Coreia do Sul,Países Baixos
14,59,Dinamarca,Países Baixos
14,59,Sérvia,Países Baixos
14,59,México,Países Baixos
14,59,Arábia Saudita,Países Baixos
14,59,Qatar,Países Baixos
14,59,Senegal,Países Baixos
14,59,Japão,Países Baixos
14,59,Camarões,Países Baixos
14,59,Canadá,Países Baixos
14,59,Inglaterra,Países Baixos
14,59,EUA,Países Baixos
14,59,Brasil,Países Baixos
14,59,Croácia,Países Baixos
14,59,Espanha,Costa Rica
14,59,Tunísia,Costa Rica
14,59,Polônia,Costa Rica
14,59,França,Costa Rica
14,59,Coreia do Sul,Costa Rica
14,59,Dinamarca,Costa Rica
14,59,Sérvia,Costa Rica
14,59,México,Costa Rica
14,59,Arábia Saudita,Costa Rica
14,59,Qatar,Costa Rica
14,59,Senegal,Costa Rica
14,59,Japão,Costa Rica
14,59,Camarões,Costa Rica
14,59,Canadá,Costa Rica
14,59,Inglaterra,Costa Rica
14,59,EUA,Costa Rica
14,59,Brasil,Costa Rica
14,59,Croácia,Costa Rica
14,59,Tunísia,Espanha
14,59,Polônia,Espanha
14,59,França,Espanha
14,59,Coreia do Sul,Espanha
14,59,Dinamarca,Espanha
14,59,Sérvia,Espanha
14,59,México,Espanha
14,59,Arábia Saudita,Espanha
14,59,Qatar,Espanha
14,59,Senegal,Espanha
14,59,Japão,Espanha
14,59,Camarões,Espanha
14,59,Canadá,Espanha
14,59,Inglaterra,Espanha
14,59,EUA,Espanha
14,59,Brasil,Espanha
14,59,Croácia,Espanha
14,59,Polônia,Tunísia
14,59,França,Tunísia
14,59,Coreia do Sul,Tunísia
14,59,Dinamarca,Tunísia
14,59,Sérvia,Tunísia
14,59,México,Tunísia
14,59,Arábia Saudita,Tunísia
14,59,Qatar,Tunísia
14,59,Senegal,Tunísia
14,59,Japão,Tunísia
14,59,Camarões,Tunísia
14,59,Canadá,Tunísia
14,59,Inglaterra,Tunísia
14,59,EUA,Tunísia
14,59,Brasil,Tunísia
14,59,Croácia,Tunísia
14,59,França,Polônia
14,59,Coreia do Sul,Polônia
14,59,Dinamarca,Polônia
14,59,Sérvia,Polônia
14,59,México,Polônia
14,59,Arábia Saudita,Polônia
14,59,Qatar,Polônia
14,59,Senegal,Polônia
14,59,Japão,Polônia
14,59,Camarões,Polônia
14,59,Canadá,Polônia
14,59,Inglaterra,Polônia
14,59,EUA,Polônia
14,59,Brasil,Polônia
14,59,Croácia,Polônia
14,59,Coreia do Sul,França
14,59,Dinamarca,França
14,59,Sérvia,França
14,59,México,França
14,59,Arábia Saudita,França
14,59,Qatar,França
14,59,Senegal,França
14,59,Japão,França
14,59,Camarões,França
14,59,Canadá,França
14,59,Inglaterra,França
14,59,EUA,França
14,59,Brasil,França
14,59,Croácia,França
14,59,Dinamarca,Coreia do Sul
14,59,Sérvia,Coreia do Sul
14,59,México,Coreia do Sul
14,59,Arábia Saudita,Coreia do Sul
14,59,Qatar,Coreia do Sul
14,59,Senegal,Coreia do Sul
14,59,Japão,Coreia do Sul
14,59,Camarões,Coreia do Sul
14,59,Canadá,Coreia do Sul
14,59,Inglaterra,Coreia do Sul
14,59,EUA,Coreia do Sul
14,59,Brasil,Coreia do Sul
14,59,Croácia,Coreia do Sul
14,59,Sérvia,Dinamarca
14,59,México,Dinamarca
14,59,Arábia Saudita,Dinamarca
14,59,Qatar,Dinamarca
14,59,Senegal,Dinamarca
14,59,Japão,Dinamarca
14,59,Camarões,Dinamarca
14,59,Canadá,Dinamarca
14,59,Inglaterra,Dinamarca
14,59,EUA,Dinamarca
14,59,Brasil,Dinamarca
14,59,Croácia,Dinamarca
14,59,México,Sérvia
14,59,Arábia Saudita,Sérvia
14,59,Qatar,Sérvia
14,59,Senegal,Sérvia
14,59,Japão,Sérvia
14,59,Camarões,Sérvia
14,59,Canadá,Sérvia
14,59,Inglaterra,Sérvia
14,59,EUA,Sérvia
14,59,Brasil,Sérvia
14,59,Croácia,Sérvia
14,59,Arábia Saudita,México
14,59,Qatar,México
14,59,Senegal,México
14,59,Japão,México
14,59,Camarões,México
14,59,Canadá,México
14,59,Inglaterra,México
14,59,EUA,México
14,59,Brasil,México
14,59,Croácia,México
14,59,Qatar,Arábia Saudita
14,59,Senegal,Arábia Saudita
14,59,Japão,Arábia Saudita
14,59,Camarões,Arábia Saudita
14,59,Canadá,Arábia Saudita
14,59,Inglaterra,Arábia Saudita
14,59,EUA,Arábia Saudita
14,59,Brasil,Arábia Saudita
14,59,Croácia,Arábia Saudita
14,59,Senegal,Qatar
14,59,Japão,Qatar
14,59,Camarões,Qatar
14,59,Canadá,Qatar
14,59,Inglaterra,Qatar
14,59,EUA,Qatar
14,59,Brasil,Qatar
14,59,Croácia,Qatar
14,59,Japão,Senegal
14,59,Camarões,Senegal
14,59,Canadá,Senegal
14,59,Inglaterra,Senegal
14,59,EUA,Senegal
14,59,Brasil,Senegal
14,59,Croácia,Senegal
14,59,Camarões,Japão
14,59,Canadá,Japão
14,59,Inglaterra,Japão
14,59,EUA,Japão
14,59,Brasil,Japão
14,59,Croácia,Japão
14,59,Canadá,Camarões
14,59,Inglaterra,Camarões
14,59,EUA,Camarões
14,59,Brasil,Camarões
14,59,Croácia,Camarões
14,59,Inglaterra,Canadá
14,59,EUA,Canadá
14,59,Brasil,Canadá
14,59,Croácia,Canadá
14,59,EUA,Inglaterra
14,59,Brasil,Inglaterra
14,59,Croácia,Inglaterra
14,59,Brasil,EUA
14,59,Croácia,EUA
14,59,Croácia,Brasil
15,2,Marrocos,Argentina
15,2,País de Gales,Argentina
15,2,Alemanha,Argentina
15,2,Portugal,Argentina
15,2,Suíça,Argentina
15,2,Uruguai,Argentina
15,2,Gana,Argentina
15,2,Irã,Argentina
15,2,Austrália,Argentina
15,2,Bélgica,Argentina
15,2,Equador,Argentina
15,2,Países Baixos,Argentina
15,2,Costa Rica,Argentina
15,2,Espanha,Argentina
15,2,Tunísia,Argentina
15,2,Polônia,Argentina
15,2,França,Argentina
15,2,Coreia do Sul,Argentina
15,2,Dinamarca,Argentina
15,2,Sérvia,Argentina
15,2,México,Argentina
15,2,Arábia Saudita,Argentina
15,2,Qatar,Argentina
15,2,Senegal,Argentina
15,2,Japão,Argentina
15,2,Camarões,Argentina
15,2,Canadá,Argentina
15,2,Inglaterra,Argentina
15,2,EUA,Argentina
15,2,Brasil,Argentina
15,2,Croácia,Argentina
15,2,País de Gales,Marrocos
15,2,Alemanha,Marrocos
15,2,Portugal,Marrocos
15,2,Suíça,Marrocos
15,2,Uruguai,Marrocos
15,2,Gana,Marrocos
15,2,Irã,Marrocos
15,2,Austrália,Marrocos
15,2,Bélgica,Marrocos
15,2,Equador,Marrocos
15,2,Países Baixos,Marrocos
15,2,Costa Rica,Marrocos
15,2,Espanha,Marrocos
15,2,Tunísia,Marrocos
15,2,Polônia,Marrocos
15,2,França,Marrocos
15,2,Coreia do Sul,Marrocos
15,2,Dinamarca,Marrocos
15,2,Sérvia,Marrocos
15,2,México,Marrocos
15,2,Arábia Saudita,Marrocos
15,2,Qatar,Marrocos
15,2,Senegal,Marrocos
15,2,Japão,Marrocos
15,2,Camarões,Marrocos
15,2,Canadá,Marrocos
15,2,Inglaterra,Marrocos
15,2,EUA,Marrocos
15,2,Brasil,Marrocos
15,2,Croácia,Marrocos
15,2,Alemanha,País de Gales
15,2,Portugal,País de Gales
15,2,Suíça,País de Gales
15,2,Uruguai,País de Gales
15,2,Gana,País de Gales
15,2,Irã,País de Gales
15,2,Austrália,País de Gales
15,2,Bélgica,País de Gales
15,2,Equador,País de Gales
15,2,Países Baixos,País de Gales
15,2,Costa Rica,País de Gales
15,2,Espanha,País de Gales
15,2,Tunísia,País de Gales
15,2,Polônia,País de Gales
15,2,França,País de Gales
15,2,Coreia do Sul,País de Gales
15,2,Dinamarca,País de Gales
15,2,Sérvia,País de Gales
15,2,México,País de Gales
15,2,Arábia Saudita,País de Gales
15,2,Qatar,País de Gales
15,2,Senegal,País de Gales
15,2,Japão,País de Gales
15,2,Camarões,País de Gales
15,2,Canadá,País de Gales
15,2,Inglaterra,País de Gales
15,2,EUA,País de Gales
15,2,Brasil,País de Gales
15,2,Croácia,País de Gales
15,2,Portugal,Alemanha
15,2,Suíça,Alemanha
15,2,Uruguai,Alemanha
15,2,Gana,Alemanha
15,2,Irã,Alemanha
15,2,Austrália,Alemanha
15,2,Bélgica,Alemanha
15,2,Equador,Alemanha
15,2,Países Baixos,Alemanha
15,2,Costa Rica,Alemanha
15,2,Espanha,Alemanha
15,2,Tunísia,Alemanha
15,2,Polônia,Alemanha
15,2,França,Alemanha
15,2,Coreia do Sul,Alemanha
15,2,Dinamarca,Alemanha
15,2,Sérvia,Alemanha
15,2,México,Alemanha
15,2,Arábia Saudita,Alemanha
15,2,Qatar,Alemanha
15,2,Senegal,Alemanha
15,2,Japão,Alemanha
15,2,Camarões,Alemanha
15,2,Canadá,Alemanha
15,2,Inglaterra,Alemanha
15,2,EUA,Alemanha
15,2,Brasil,Alemanha
15,2,Croácia,Alemanha
15,2,Suíça,Portugal
15,2,Uruguai,Portugal
15,2,Gana,Portugal
15,2,Irã,Portugal
15,2,Austrália,Portugal
15,2,Bélgica,Portugal
15,2,Equador,Portugal
15,2,Países Baixos,Portugal
15,2,Costa Rica,Portugal
15,2,Espanha,Portugal
15,2,Tunísia,Portugal
15,2,Polônia,Portugal
15,2,França,Portugal
15,2,Coreia do Sul,Portugal
15,2,Dinamarca,Portugal
15,2,Sérvia,Portugal
15,2,México,Portugal
15,2,Arábia Saudita,Portugal
15,2,Qatar,Portugal
15,2,Senegal,Portugal
15,2,Japão,Portugal
15,2,Camarões,Portugal
15,2,Canadá,Portugal
15,2,Inglaterra,Portugal
15,2,EUA,Portugal
15,2,Brasil,Portugal
15,2,Croácia,Portugal
15,2,Uruguai,Suíça
15,2,Gana,Suíça
15,2,Irã,Suíça
15,2,Austrália,Suíça
15,2,Bélgica,Suíça
15,2,Equador,Suíça
15,2,Países Baixos,Suíça
15,2,Costa Rica,Suíça
15,2,Espanha,Suíça
15,2,Tunísia,Suíça
15,2,Polônia,Suíça
15,2,França,Suíça
15,2,Coreia do Sul,Suíça
15,2,Dinamarca,Suíça
15,2,Sérvia,Suíça
15,2,México,Suíça
15,2,Arábia Saudita,Suíça
15,2,Qatar,Suíça
15,2,Senegal,Suíça
15,2,Japão,Suíça
15,2,Camarões,Suíça
15,2,Canadá,Suíça
15,2,Inglaterra,Suíça
15,2,EUA,Suíça
15,2,Brasil,Suíça
15,2,Croácia,Suíça
15,2,Gana,Uruguai
15,2,Irã,Uruguai
15,2,Austrália,Uruguai
15,2,Bélgica,Uruguai
15,2,Equador,Uruguai
15,2,Países Baixos,Uruguai
15,2,Costa Rica,Uruguai
15,2,Espanha,Uruguai
15,2,Tunísia,Uruguai
15,2,Polônia,Uruguai
15,2,França,Uruguai
15,2,Coreia do Sul,Uruguai
15,2,Dinamarca,Uruguai
15,2,Sérvia,Uruguai
15,2,México,Uruguai
15,2,Arábia Saudita,Uruguai
15,2,Qatar,Uruguai
15,2,Senegal,Uruguai
15,2,Japão,Uruguai
15,2,Camarões,Uruguai
15,2,Canadá,Uruguai
15,2,Inglaterra,Uruguai
15,2,EUA,Uruguai
15,2,Brasil,Uruguai
15,2,Croácia,Uruguai
15,2,Irã,Gana
15,2,Austrália,Gana
15,2,Bélgica,Gana
15,2,Equador,Gana
15,2,Países Baixos,Gana
15,2,Costa Rica,Gana
15,2,Espanha,Gana
15,2,Tunísia,Gana
15,2,Polônia,Gana
15,2,França,Gana
15,2,Coreia do Sul,Gana
15,2,Dinamarca,Gana
15,2,Sérvia,Gana
15,2,México,Gana
15,2,Arábia Saudita,Gana
15,2,Qatar,Gana
15,2,Senegal,Gana
15,2,Japão,Gana
15,2,Camarões,Gana
15,2,Canadá,Gana
15,2,Inglaterra,Gana
15,2,EUA,Gana
15,2,Brasil,Gana
15,2,Croácia,Gana
15,2,Austrália,Irã
15,2,Bélgica,Irã
15,2,Equador,Irã
15,2,Países Baixos,Irã
15,2,Costa Rica,Irã
15,2,Espanha,Irã
15,2,Tunísia,Irã
15,2,Polônia,Irã
15,2,França,Irã
15,2,Coreia do Sul,Irã
15,2,Dinamarca,Irã
15,2,Sérvia,Irã
15,2,México,Irã
15,2,Arábia Saudita,Irã
15,2,Qatar,Irã
15,2,Senegal,Irã
15,2,Japão,Irã
15,2,Camarões,Irã
15,2,Canadá,Irã
15,2,Inglaterra,Irã
15,2,EUA,Irã
15,2,Brasil,Irã
15,2,Croácia,Irã
15,2,Bélgica,Austrália
15,2,Equador,Austrália
15,2,Países Baixos,Austrália
15,2,Costa Rica,Austrália
15,2,Espanha,Austrália
15,2,Tunísia,Austrália
15,2,Polônia,Austrália
15,2,França,Austrália
15,2,Coreia do Sul,Austrália
15,2,Dinamarca,Austrália
15,2,Sérvia,Austrália
15,2,México,Austrália
15,2,Arábia Saudita,Austrália
15,2,Qatar,Austrália
15,2,Senegal,Austrália
15,2,Japão,Austrália
15,2,Camarões,Austrália
15,2,Canadá,Austrália
15,2,Inglaterra,Austrália
15,2,EUA,Austrália
15,2,Brasil,Austrália
15,2,Croácia,Austrália
15,2,Equador,Bélgica
15,2,Países Baixos,Bélgica
15,2,Costa Rica,Bélgica
15,2,Espanha,Bélgica
15,2,Tunísia,Bélgica
15,2,Polônia,Bélgica
15,2,França,Bélgica
15,2,Coreia do Sul,Bélgica
15,2,Dinamarca,Bélgica
15,2,Sérvia,Bélgica
15,2,México,Bélgica
15,2,Arábia Saudita,Bélgica
15,2,Qatar,Bélgica
15,2,Senegal,Bélgica
15,2,Japão,Bélgica
15,2,Camarões,Bélgica
15,2,Canadá,Bélgica
15,2,Inglaterra,Bélgica
15,2,EUA,Bélgica
15,2,Brasil,Bélgica
15,2,Croácia,Bélgica
15,2,Países Baixos,Equador
15,2,Costa Rica,Equador
15,2,Espanha,Equador
15,2,Tunísia,Equador
15,2,Polônia,Equador
15,2,França,Equador
15,2,Coreia do Sul,Equador
15,2,Dinamarca,Equador
15,2,Sérvia,Equador
15,2,México,Equador
15,2,Arábia Saudita,Equador
15,2,Qatar,Equador
15,2,Senegal,Equador
15,2,Japão,Equador
15,2,Camarões,Equador
15,2,Canadá,Equador
15,2,Inglaterra,Equador
15,2,EUA,Equador
15,2,Brasil,Equador
15,2,Croácia,Equador
15,2,Costa Rica,Países Baixos
15,2,Espanha,Países Baixos
15,2,Tunísia,Países Baixos
15,2,Polônia,Países Baixos
15,2,França,Países Baixos
15,2,Coreia do Sul,Países Baixos
15,2,Dinamarca,Países Baixos
15,2,Sérvia,Países Baixos
15,2,México,Países Baixos
15,2,Arábia Saudita,Países Baixos
15,2,Qatar,Países Baixos
15,2,Senegal,Países Baixos
15,2,Japão,Países Baixos
15,2,Camarões,Países Baixos
15,2,Canadá,Países Baixos
15,2,Inglaterra,Países Baixos
15,2,EUA,Países Baixos
15,2,Brasil,Países Baixos
15,2,Croácia,Países Baixos
15,2,Espanha,Costa Rica
15,2,Tunísia,Costa Rica
15,2,Polônia,Costa Rica
15,2,França,Costa Rica
15,2,Coreia do Sul,Costa Rica
15,2,Dinamarca,Costa Rica
15,2,Sérvia,Costa Rica
15,2,México,Costa Rica
15,2,Arábia Saudita,Costa Rica
15,2,Qatar,Costa Rica
15,2,Senegal,Costa Rica
15,2,Japão,Costa Rica
15,2,Camarões,Costa Rica
15,2,Canadá,Costa Rica
15,2,Inglaterra,Costa Rica
15,2,EUA,Costa Rica
15,2,Brasil,Costa Rica
15,2,Croácia,Costa Rica
15,2,Tunísia,Espanha
15,2,Polônia,Espanha
15,2,França,Espanha
15,2,Coreia do Sul,Espanha
15,2,Dinamarca,Espanha
15,2,Sérvia,Espanha
15,2,México,Espanha
15,2,Arábia Saudita,Espanha
15,2,Qatar,Espanha
15,2,Senegal,Espanha
15,2,Japão,Espanha
15,2,Camarões,Espanha
15,2,Canadá,Espanha
15,2,Inglaterra,Espanha
15,2,EUA,Espanha
15,2,Brasil,Espanha
15,2,Croácia,Espanha
15,2,Polônia,Tunísia
15,2,França,Tunísia
15,2,Coreia do Sul,Tunísia
15,2,Dinamarca,Tunísia
15,2,Sérvia,Tunísia
15,2,México,Tunísia
15,2,Arábia Saudita,Tunísia
15,2,Qatar,Tunísia
15,2,Senegal,Tunísia
15,2,Japão,Tunísia
15,2,Camarões,Tunísia
15,2,Canadá,Tunísia
15,2,Inglaterra,Tunísia
15,2,EUA,Tunísia
15,2,Brasil,Tunísia
15,2,Croácia,Tunísia
15,2,França,Polônia
15,2,Coreia do Sul,Polônia
15,2,Dinamarca,Polônia
15,2,Sérvia,Polônia
15,2,México,Polônia
15,2,Arábia Saudita,Polônia
15,2,Qatar,Polônia
15,2,Senegal,Polônia
15,2,Japão,Polônia
15,2,Camarões,Polônia
15,2,Canadá,Polônia
15,2,Inglaterra,Polônia
15,2,EUA,Polônia
15,2,Brasil,Polônia
15,2,Croácia,Polônia
15,2,Coreia do Sul,França
15,2,Dinamarca,França
15,2,Sérvia,França
15,2,México,França
15,2,Arábia Saudita,França
15,2,Qatar,França
15,2,Senegal,França
15,2,Japão,França
15,2,Camarões,França
15,2,Canadá,França
15,2,Inglaterra,França
15,2,EUA,França
15,2,Brasil,França
15,2,Croácia,França
15,2,Dinamarca,Coreia do Sul
15,2,Sérvia,Coreia do Sul
15,2,México,Coreia do Sul
15,2,Arábia Saudita,Coreia do Sul
15,2,Qatar,Coreia do Sul
15,2,Senegal,Coreia do Sul
15,2,Japão,Coreia do Sul
15,2,Camarões,Coreia do Sul
15,2,Canadá,Coreia do Sul
15,2,Inglaterra,Coreia do Sul
15,2,EUA,Coreia do Sul
15,2,Brasil,Coreia do Sul
15,2,Croácia,Coreia do Sul
15,2,Sérvia,Dinamarca
15,2,México,Dinamarca
15,2,Arábia Saudita,Dinamarca
15,2,Qatar,Dinamarca
15,2,Senegal,Dinamarca
15,2,Japão,Dinamarca
15,2,Camarões,Dinamarca
15,2,Canadá,Dinamarca
15,2,Inglaterra,Dinamarca
15,2,EUA,Dinamarca
15,2,Brasil,Dinamarca
15,2,Croácia,Dinamarca
15,2,México,Sérvia
15,2,Arábia Saudita,Sérvia
15,2,Qatar,Sérvia
15,2,Senegal,Sérvia
15,2,Japão,Sérvia
15,2,Camarões,Sérvia
15,2,Canadá,Sérvia
15,2,Inglaterra,Sérvia
15,2,EUA,Sérvia
15,2,Brasil,Sérvia
15,2,Croácia,Sérvia
15,2,Arábia Saudita,México
15,2,Qatar,México
15,2,Senegal,México
15,2,Japão,México
15,2,Camarões,México
15,2,Canadá,México
15,2,Inglaterra,México
15,2,EUA,México
15,2,Brasil,México
15,2,Croácia,México
15,2,Qatar,Arábia Saudita
15,2,Senegal,Arábia Saudita
15,2,Japão,Arábia Saudita
15,2,Camarões,Arábia Saudita
15,2,Canadá,Arábia Saudita
15,2,Inglaterra,Arábia Saudita
15,2,EUA,Arábia Saudita
15,2,Brasil,Arábia Saudita
15,2,Croácia,Arábia Saudita
15,2,Senegal,Qatar
15,2,Japão,Qatar
15,2,Camarões,Qatar
15,2,Canadá,Qatar
15,2,Inglaterra,Qatar
15,2,EUA,Qatar
15,2,Brasil,Qatar
15,2,Croácia,Qatar
15,2,Japão,Senegal
15,2,Camarões,Senegal
15,2,Canadá,Senegal
15,2,Inglaterra,Senegal
15,2,EUA,Senegal
15,2,Brasil,Senegal
15,2,Croácia,Senegal
15,2,Camarões,Japão
15,2,Canadá,Japão
15,2,Inglaterra,Japão
15,2,EUA,Japão
15,2,Brasil,Japão
15,2,Croácia,Japão
15,2,Canadá,Camarões
15,2,Inglaterra,Camarões
15,2,EUA,Camarões
15,2,Brasil,Camarões
15,2,Croácia,Camarões
15,2,Inglaterra,Canadá
15,2,EUA,Canadá
15,2,Brasil,Canadá
15,2,Croácia,Canadá
15,2,EUA,Inglaterra
15,2,Brasil,Inglaterra
15,2,Croácia,Inglaterra
15,2,Brasil,EUA
15,2,Croácia,EUA
15,2,Croácia,Brasil
15,5,Marrocos,Argentina
15,5,País de Gales,Argentina
15,5,Alemanha,Argentina
15,5,Portugal,Argentina
15,5,Suíça,Argentina
15,5,Uruguai,Argentina
15,5,Gana,Argentina
15,5,Irã,Argentina
15,5,Austrália,Argentina
15,5,Bélgica,Argentina
15,5,Equador,Argentina
15,5,Países Baixos,Argentina
15,5,Costa Rica,Argentina
15,5,Espanha,Argentina
15,5,Tunísia,Argentina
15,5,Polônia,Argentina
15,5,França,Argentina
15,5,Coreia do Sul,Argentina
15,5,Dinamarca,Argentina
15,5,Sérvia,Argentina
15,5,México,Argentina
15,5,Arábia Saudita,Argentina
15,5,Qatar,Argentina
15,5,Senegal,Argentina
15,5,Japão,Argentina
15,5,Camarões,Argentina
15,5,Canadá,Argentina
15,5,Inglaterra,Argentina
15,5,EUA,Argentina
15,5,Brasil,Argentina
15,5,Croácia,Argentina
15,5,País de Gales,Marrocos
15,5,Alemanha,Marrocos
15,5,Portugal,Marrocos
15,5,Suíça,Marrocos
15,5,Uruguai,Marrocos
15,5,Gana,Marrocos
15,5,Irã,Marrocos
15,5,Austrália,Marrocos
15,5,Bélgica,Marrocos
15,5,Equador,Marrocos
15,5,Países Baixos,Marrocos
15,5,Costa Rica,Marrocos
15,5,Espanha,Marrocos
15,5,Tunísia,Marrocos
15,5,Polônia,Marrocos
15,5,França,Marrocos
15,5,Coreia do Sul,Marrocos
15,5,Dinamarca,Marrocos
15,5,Sérvia,Marrocos
15,5,México,Marrocos
15,5,Arábia Saudita,Marrocos
15,5,Qatar,Marrocos
15,5,Senegal,Marrocos
15,5,Japão,Marrocos
15,5,Camarões,Marrocos
15,5,Canadá,Marrocos
15,5,Inglaterra,Marrocos
15,5,EUA,Marrocos
15,5,Brasil,Marrocos
15,5,Croácia,Marrocos
15,5,Alemanha,País de Gales
15,5,Portugal,País de Gales
15,5,Suíça,País de Gales
15,5,Uruguai,País de Gales
15,5,Gana,País de Gales
15,5,Irã,País de Gales
15,5,Austrália,País de Gales
15,5,Bélgica,País de Gales
15,5,Equador,País de Gales
15,5,Países Baixos,País de Gales
15,5,Costa Rica,País de Gales
15,5,Espanha,País de Gales
15,5,Tunísia,País de Gales
15,5,Polônia,País de Gales
15,5,França,País de Gales
15,5,Coreia do Sul,País de Gales
15,5,Dinamarca,País de Gales
15,5,Sérvia,País de Gales
15,5,México,País de Gales
15,5,Arábia Saudita,País de Gales
15,5,Qatar,País de Gales
15,5,Senegal,País de Gales
15,5,Japão,País de Gales
15,5,Camarões,País de Gales
15,5,Canadá,País de Gales
15,5,Inglaterra,País de Gales
15,5,EUA,País de Gales
15,5,Brasil,País de Gales
15,5,Croácia,País de Gales
15,5,Portugal,Alemanha
15,5,Suíça,Alemanha
15,5,Uruguai,Alemanha
15,5,Gana,Alemanha
15,5,Irã,Alemanha
15,5,Austrália,Alemanha
15,5,Bélgica,Alemanha
15,5,Equador,Alemanha
15,5,Países Baixos,Alemanha
15,5,Costa Rica,Alemanha
15,5,Espanha,Alemanha
15,5,Tunísia,Alemanha
15,5,Polônia,Alemanha
15,5,França,Alemanha
15,5,Coreia do Sul,Alemanha
15,5,Dinamarca,Alemanha
15,5,Sérvia,Alemanha
15,5,México,Alemanha
15,5,Arábia Saudita,Alemanha
15,5,Qatar,Alemanha
15,5,Senegal,Alemanha
15,5,Japão,Alemanha
15,5,Camarões,Alemanha
15,5,Canadá,Alemanha
15,5,Inglaterra,Alemanha
15,5,EUA,Alemanha
15,5,Brasil,Alemanha
15,5,Croácia,Alemanha
15,5,Suíça,Portugal
15,5,Uruguai,Portugal
15,5,Gana,Portugal
15,5,Irã,Portugal
15,5,Austrália,Portugal
15,5,Bélgica,Portugal
15,5,Equador,Portugal
15,5,Países Baixos,Portugal
15,5,Costa Rica,Portugal
15,5,Espanha,Portugal
15,5,Tunísia,Portugal
15,5,Polônia,Portugal
15,5,França,Portugal
15,5,Coreia do Sul,Portugal
15,5,Dinamarca,Portugal
15,5,Sérvia,Portugal
15,5,México,Portugal
15,5,Arábia Saudita,Portugal
15,5,Qatar,Portugal
15,5,Senegal,Portugal
15,5,Japão,Portugal
15,5,Camarões,Portugal
15,5,Canadá,Portugal
15,5,Inglaterra,Portugal
15,5,EUA,Portugal
15,5,Brasil,Portugal
15,5,Croácia,Portugal
15,5,Uruguai,Suíça
15,5,Gana,Suíça
15,5,Irã,Suíça
15,5,Austrália,Suíça
15,5,Bélgica,Suíça
15,5,Equador,Suíça
15,5,Países Baixos,Suíça
15,5,Costa Rica,Suíça
15,5,Espanha,Suíça
15,5,Tunísia,Suíça
15,5,Polônia,Suíça
15,5,França,Suíça
15,5,Coreia do Sul,Suíça
15,5,Dinamarca,Suíça
15,5,Sérvia,Suíça
15,5,México,Suíça
15,5,Arábia Saudita,Suíça
15,5,Qatar,Suíça
15,5,Senegal,Suíça
15,5,Japão,Suíça
15,5,Camarões,Suíça
15,5,Canadá,Suíça
15,5,Inglaterra,Suíça
15,5,EUA,Suíça
15,5,Brasil,Suíça
15,5,Croácia,Suíça
15,5,Gana,Uruguai
15,5,Irã,Uruguai
15,5,Austrália,Uruguai
15,5,Bélgica,Uruguai
15,5,Equador,Uruguai
15,5,Países Baixos,Uruguai
15,5,Costa Rica,Uruguai
15,5,Espanha,Uruguai
15,5,Tunísia,Uruguai
15,5,Polônia,Uruguai
15,5,França,Uruguai
15,5,Coreia do Sul,Uruguai
15,5,Dinamarca,Uruguai
15,5,Sérvia,Uruguai
15,5,México,Uruguai
15,5,Arábia Saudita,Uruguai
15,5,Qatar,Uruguai
15,5,Senegal,Uruguai
15,5,Japão,Uruguai
15,5,Camarões,Uruguai
15,5,Canadá,Uruguai
15,5,Inglaterra,Uruguai
15,5,EUA,Uruguai
15,5,Brasil,Uruguai
15,5,Croácia,Uruguai
15,5,Irã,Gana
15,5,Austrália,Gana
15,5,Bélgica,Gana
15,5,Equador,Gana
15,5,Países Baixos,Gana
15,5,Costa Rica,Gana
15,5,Espanha,Gana
15,5,Tunísia,Gana
15,5,Polônia,Gana
15,5,França,Gana
15,5,Coreia do Sul,Gana
15,5,Dinamarca,Gana
15,5,Sérvia,Gana
15,5,México,Gana
15,5,Arábia Saudita,Gana
15,5,Qatar,Gana
15,5,Senegal,Gana
15,5,Japão,Gana
15,5,Camarões,Gana
15,5,Canadá,Gana
15,5,Inglaterra,Gana
15,5,EUA,Gana
15,5,Brasil,Gana
15,5,Croácia,Gana
15,5,Austrália,Irã
15,5,Bélgica,Irã
15,5,Equador,Irã
15,5,Países Baixos,Irã
15,5,Costa Rica,Irã
15,5,Espanha,Irã
15,5,Tunísia,Irã
15,5,Polônia,Irã
15,5,França,Irã
15,5,Coreia do Sul,Irã
15,5,Dinamarca,Irã
15,5,Sérvia,Irã
15,5,México,Irã
15,5,Arábia Saudita,Irã
15,5,Qatar,Irã
15,5,Senegal,Irã
15,5,Japão,Irã
15,5,Camarões,Irã
15,5,Canadá,Irã
15,5,Inglaterra,Irã
15,5,EUA,Irã
15,5,Brasil,Irã
15,5,Croácia,Irã
15,5,Bélgica,Austrália
15,5,Equador,Austrália
15,5,Países Baixos,Austrália
15,5,Costa Rica,Austrália
15,5,Espanha,Austrália
15,5,Tunísia,Austrália
15,5,Polônia,Austrália
15,5,França,Austrália
15,5,Coreia do Sul,Austrália
15,5,Dinamarca,Austrália
15,5,Sérvia,Austrália
15,5,México,Austrália
15,5,Arábia Saudita,Austrália
15,5,Qatar,Austrália
15,5,Senegal,Austrália
15,5,Japão,Austrália
15,5,Camarões,Austrália
15,5,Canadá,Austrália
15,5,Inglaterra,Austrália
15,5,EUA,Austrália
15,5,Brasil,Austrália
15,5,Croácia,Austrália
15,5,Equador,Bélgica
15,5,Países Baixos,Bélgica
15,5,Costa Rica,Bélgica
15,5,Espanha,Bélgica
15,5,Tunísia,Bélgica
15,5,Polônia,Bélgica
15,5,França,Bélgica
15,5,Coreia do Sul,Bélgica
15,5,Dinamarca,Bélgica
15,5,Sérvia,Bélgica
15,5,México,Bélgica
15,5,Arábia Saudita,Bélgica
15,5,Qatar,Bélgica
15,5,Senegal,Bélgica
15,5,Japão,Bélgica
15,5,Camarões,Bélgica
15,5,Canadá,Bélgica
15,5,Inglaterra,Bélgica
15,5,EUA,Bélgica
15,5,Brasil,Bélgica
15,5,Croácia,Bélgica
15,5,Países Baixos,Equador
15,5,Costa Rica,Equador
15,5,Espanha,Equador
15,5,Tunísia,Equador
15,5,Polônia,Equador
15,5,França,Equador
15,5,Coreia do Sul,Equador
15,5,Dinamarca,Equador
15,5,Sérvia,Equador
15,5,México,Equador
15,5,Arábia Saudita,Equador
15,5,Qatar,Equador
15,5,Senegal,Equador
15,5,Japão,Equador
15,5,Camarões,Equador
15,5,Canadá,Equador
15,5,Inglaterra,Equador
15,5,EUA,Equador
15,5,Brasil,Equador
15,5,Croácia,Equador
15,5,Costa Rica,Países Baixos
15,5,Espanha,Países Baixos
15,5,Tunísia,Países Baixos
15,5,Polônia,Países Baixos
15,5,França,Países Baixos
15,5,Coreia do Sul,Países Baixos
15,5,Dinamarca,Países Baixos
15,5,Sérvia,Países Baixos
15,5,México,Países Baixos
15,5,Arábia Saudita,Países Baixos
15,5,Qatar,Países Baixos
15,5,Senegal,Países Baixos
15,5,Japão,Países Baixos
15,5,Camarões,Países Baixos
15,5,Canadá,Países Baixos
15,5,Inglaterra,Países Baixos
15,5,EUA,Países Baixos
15,5,Brasil,Países Baixos
15,5,Croácia,Países Baixos
15,5,Espanha,Costa Rica
15,5,Tunísia,Costa Rica
15,5,Polônia,Costa Rica
15,5,França,Costa Rica
15,5,Coreia do Sul,Costa Rica
15,5,Dinamarca,Costa Rica
15,5,Sérvia,Costa Rica
15,5,México,Costa Rica
15,5,Arábia Saudita,Costa Rica
15,5,Qatar,Costa Rica
15,5,Senegal,Costa Rica
15,5,Japão,Costa Rica
15,5,Camarões,Costa Rica
15,5,Canadá,Costa Rica
15,5,Inglaterra,Costa Rica
15,5,EUA,Costa Rica
15,5,Brasil,Costa Rica
15,5,Croácia,Costa Rica
15,5,Tunísia,Espanha
15,5,Polônia,Espanha
15,5,França,Espanha
15,5,Coreia do Sul,Espanha
15,5,Dinamarca,Espanha
15,5,Sérvia,Espanha
15,5,México,Espanha
15,5,Arábia Saudita,Espanha
15,5,Qatar,Espanha
15,5,Senegal,Espanha
15,5,Japão,Espanha
15,5,Camarões,Espanha
15,5,Canadá,Espanha
15,5,Inglaterra,Espanha
15,5,EUA,Espanha
15,5,Brasil,Espanha
15,5,Croácia,Espanha
15,5,Polônia,Tunísia
15,5,França,Tunísia
15,5,Coreia do Sul,Tunísia
15,5,Dinamarca,Tunísia
15,5,Sérvia,Tunísia
15,5,México,Tunísia
15,5,Arábia Saudita,Tunísia
15,5,Qatar,Tunísia
15,5,Senegal,Tunísia
15,5,Japão,Tunísia
15,5,Camarões,Tunísia
15,5,Canadá,Tunísia
15,5,Inglaterra,Tunísia
15,5,EUA,Tunísia
15,5,Brasil,Tunísia
15,5,Croácia,Tunísia
15,5,França,Polônia
15,5,Coreia do Sul,Polônia
15,5,Dinamarca,Polônia
15,5,Sérvia,Polônia
15,5,México,Polônia
15,5,Arábia Saudita,Polônia
15,5,Qatar,Polônia
15,5,Senegal,Polônia
15,5,Japão,Polônia
15,5,Camarões,Polônia
15,5,Canadá,Polônia
15,5,Inglaterra,Polônia
15,5,EUA,Polônia
15,5,Brasil,Polônia
15,5,Croácia,Polônia
15,5,Coreia do Sul,França
15,5,Dinamarca,França
15,5,Sérvia,França
15,5,México,França
15,5,Arábia Saudita,França
15,5,Qatar,França
15,5,Senegal,França
15,5,Japão,França
15,5,Camarões,França
15,5,Canadá,França
15,5,Inglaterra,França
15,5,EUA,França
15,5,Brasil,França
15,5,Croácia,França
15,5,Dinamarca,Coreia do Sul
15,5,Sérvia,Coreia do Sul
15,5,México,Coreia do Sul
15,5,Arábia Saudita,Coreia do Sul
15,5,Qatar,Coreia do Sul
15,5,Senegal,Coreia do Sul
15,5,Japão,Coreia do Sul
15,5,Camarões,Coreia do Sul
15,5,Canadá,Coreia do Sul
15,5,Inglaterra,Coreia do Sul
15,5,EUA,Coreia do Sul
15,5,Brasil,Coreia do Sul
15,5,Croácia,Coreia do Sul
15,5,Sérvia,Dinamarca
15,5,México,Dinamarca
15,5,Arábia Saudita,Dinamarca
15,5,Qatar,Dinamarca
15,5,Senegal,Dinamarca
15,5,Japão,Dinamarca
15,5,Camarões,Dinamarca
15,5,Canadá,Dinamarca
15,5,Inglaterra,Dinamarca
15,5,EUA,Dinamarca
15,5,Brasil,Dinamarca
15,5,Croácia,Dinamarca
15,5,México,Sérvia
15,5,Arábia Saudita,Sérvia
15,5,Qatar,Sérvia
15,5,Senegal,Sérvia
15,5,Japão,Sérvia
15,5,Camarões,Sérvia
15,5,Canadá,Sérvia
15,5,Inglaterra,Sérvia
15,5,EUA,Sérvia
15,5,Brasil,Sérvia
15,5,Croácia,Sérvia
15,5,Arábia Saudita,México
15,5,Qatar,México
15,5,Senegal,México
15,5,Japão,México
15,5,Camarões,México
15,5,Canadá,México
15,5,Inglaterra,México
15,5,EUA,México
15,5,Brasil,México
15,5,Croácia,México
15,5,Qatar,Arábia Saudita
15,5,Senegal,Arábia Saudita
15,5,Japão,Arábia Saudita
15,5,Camarões,Arábia Saudita
15,5,Canadá,Arábia Saudita
15,5,Inglaterra,Arábia Saudita
15,5,EUA,Arábia Saudita
15,5,Brasil,Arábia Saudita
15,5,Croácia,Arábia Saudita
15,5,Senegal,Qatar
15,5,Japão,Qatar
15,5,Camarões,Qatar
15,5,Canadá,Qatar
15,5,Inglaterra,Qatar
15,5,EUA,Qatar
15,5,Brasil,Qatar
15,5,Croácia,Qatar
15,5,Japão,Senegal
15,5,Camarões,Senegal
15,5,Canadá,Senegal
15,5,Inglaterra,Senegal
15,5,EUA,Senegal
15,5,Brasil,Senegal
15,5,Croácia,Senegal
15,5,Camarões,Japão
15,5,Canadá,Japão
15,5,Inglaterra,Japão
15,5,EUA,Japão
15,5,Brasil,Japão
15,5,Croácia,Japão
15,5,Canadá,Camarões
15,5,Inglaterra,Camarões
15,5,EUA,Camarões
15,5,Brasil,Camarões
15,5,Croácia,Camarões
15,5,Inglaterra,Canadá
15,5,EUA,Canadá
15,5,Brasil,Canadá
15,5,Croácia,Canadá
15,5,EUA,Inglaterra
15,5,Brasil,Inglaterra
15,5,Croácia,Inglaterra
15,5,Brasil,EUA
15,5,Croácia,EUA
15,5,Croácia,Brasil
15,8,Marrocos,Argentina
15,8,País de Gales,Argentina
15,8,Alemanha,Argentina
15,8,Portugal,Argentina
15,8,Suíça,Argentina
15,8,Uruguai,Argentina
15,8,Gana,Argentina
15,8,Irã,Argentina
15,8,Austrália,Argentina
15,8,Bélgica,Argentina
15,8,Equador,Argentina
15,8,Países Baixos,Argentina
15,8,Costa Rica,Argentina
15,8,Espanha,Argentina
15,8,Tunísia,Argentina
15,8,Polônia,Argentina
15,8,França,Argentina
15,8,Coreia do Sul,Argentina
15,8,Dinamarca,Argentina
15,8,Sérvia,Argentina
15,8,México,Argentina
15,8,Arábia Saudita,Argentina
15,8,Qatar,Argentina
15,8,Senegal,Argentina
15,8,Japão,Argentina
15,8,Camarões,Argentina
15,8,Canadá,Argentina
15,8,Inglaterra,Argentina
15,8,EUA,Argentina
15,8,Brasil,Argentina
15,8,Croácia,Argentina
15,8,País de Gales,Marrocos
15,8,Alemanha,Marrocos
15,8,Portugal,Marrocos
15,8,Suíça,Marrocos
15,8,Uruguai,Marrocos
15,8,Gana,Marrocos
15,8,Irã,Marrocos
15,8,Austrália,Marrocos
15,8,Bélgica,Marrocos
15,8,Equador,Marrocos
15,8,Países Baixos,Marrocos
15,8,Costa Rica,Marrocos
15,8,Espanha,Marrocos
15,8,Tunísia,Marrocos
15,8,Polônia,Marrocos
15,8,França,Marrocos
15,8,Coreia do Sul,Marrocos
15,8,Dinamarca,Marrocos
15,8,Sérvia,Marrocos
15,8,México,Marrocos
15,8,Arábia Saudita,Marrocos
15,8,Qatar,Marrocos
15,8,Senegal,Marrocos
15,8,Japão,Marrocos
15,8,Camarões,Marrocos
15,8,Canadá,Marrocos
15,8,Inglaterra,Marrocos
15,8,EUA,Marrocos
15,8,Brasil,Marrocos
15,8,Croácia,Marrocos
15,8,Alemanha,País de Gales
15,8,Portugal,País de Gales
15,8,Suíça,País de Gales
15,8,Uruguai,País de Gales
15,8,Gana,País de Gales
15,8,Irã,País de Gales
15,8,Austrália,País de Gales
15,8,Bélgica,País de Gales
15,8,Equador,País de Gales
15,8,Países Baixos,País de Gales
15,8,Costa Rica,País de Gales
15,8,Espanha,País de Gales
15,8,Tunísia,País de Gales
15,8,Polônia,País de Gales
15,8,França,País de Gales
15,8,Coreia do Sul,País de Gales
15,8,Dinamarca,País de Gales
15,8,Sérvia,País de Gales
15,8,México,País de Gales
15,8,Arábia Saudita,País de Gales
15,8,Qatar,País de Gales
15,8,Senegal,País de Gales
15,8,Japão,País de Gales
15,8,Camarões,País de Gales
15,8,Canadá,País de Gales
15,8,Inglaterra,País de Gales
15,8,EUA,País de Gales
15,8,Brasil,País de Gales
15,8,Croácia,País de Gales
15,8,Portugal,Alemanha
15,8,Suíça,Alemanha
15,8,Uruguai,Alemanha
15,8,Gana,Alemanha
15,8,Irã,Alemanha
15,8,Austrália,Alemanha
15,8,Bélgica,Alemanha
15,8,Equador,Alemanha
15,8,Países Baixos,Alemanha
15,8,Costa Rica,Alemanha
15,8,Espanha,Alemanha
15,8,Tunísia,Alemanha
15,8,Polônia,Alemanha
15,8,França,Alemanha
15,8,Coreia do Sul,Alemanha
15,8,Dinamarca,Alemanha
15,8,Sérvia,Alemanha
15,8,México,Alemanha
15,8,Arábia Saudita,Alemanha
15,8,Qatar,Alemanha
15,8,Senegal,Alemanha
15,8,Japão,Alemanha
15,8,Camarões,Alemanha
15,8,Canadá,Alemanha
15,8,Inglaterra,Alemanha
15,8,EUA,Alemanha
15,8,Brasil,Alemanha
15,8,Croácia,Alemanha
15,8,Suíça,Portugal
15,8,Uruguai,Portugal
15,8,Gana,Portugal
15,8,Irã,Portugal
15,8,Austrália,Portugal
15,8,Bélgica,Portugal
15,8,Equador,Portugal
15,8,Países Baixos,Portugal
15,8,Costa Rica,Portugal
15,8,Espanha,Portugal
15,8,Tunísia,Portugal
15,8,Polônia,Portugal
15,8,França,Portugal
15,8,Coreia do Sul,Portugal
15,8,Dinamarca,Portugal
15,8,Sérvia,Portugal
15,8,México,Portugal
15,8,Arábia Saudita,Portugal
15,8,Qatar,Portugal
15,8,Senegal,Portugal
15,8,Japão,Portugal
15,8,Camarões,Portugal
15,8,Canadá,Portugal
15,8,Inglaterra,Portugal
15,8,EUA,Portugal
15,8,Brasil,Portugal
15,8,Croácia,Portugal
15,8,Uruguai,Suíça
15,8,Gana,Suíça
15,8,Irã,Suíça
15,8,Austrália,Suíça
15,8,Bélgica,Suíça
15,8,Equador,Suíça
15,8,Países Baixos,Suíça
15,8,Costa Rica,Suíça
15,8,Espanha,Suíça
15,8,Tunísia,Suíça
15,8,Polônia,Suíça
15,8,França,Suíça
15,8,Coreia do Sul,Suíça
15,8,Dinamarca,Suíça
15,8,Sérvia,Suíça
15,8,México,Suíça
15,8,Arábia Saudita,Suíça
15,8,Qatar,Suíça
15,8,Senegal,Suíça
15,8,Japão,Suíça
15,8,Camarões,Suíça
15,8,Canadá,Suíça
15,8,Inglaterra,Suíça
15,8,EUA,Suíça
15,8,Brasil,Suíça
15,8,Croácia,Suíça
15,8,Gana,Uruguai
15,8,Irã,Uruguai
15,8,Austrália,Uruguai
15,8,Bélgica,Uruguai
15,8,Equador,Uruguai
15,8,Países Baixos,Uruguai
15,8,Costa Rica,Uruguai
15,8,Espanha,Uruguai
15,8,Tunísia,Uruguai
15,8,Polônia,Uruguai
15,8,França,Uruguai
15,8,Coreia do Sul,Uruguai
15,8,Dinamarca,Uruguai
15,8,Sérvia,Uruguai
15,8,México,Uruguai
15,8,Arábia Saudita,Uruguai
15,8,Qatar,Uruguai
15,8,Senegal,Uruguai
15,8,Japão,Uruguai
15,8,Camarões,Uruguai
15,8,Canadá,Uruguai
15,8,Inglaterra,Uruguai
15,8,EUA,Uruguai
15,8,Brasil,Uruguai
15,8,Croácia,Uruguai
15,8,Irã,Gana
15,8,Austrália,Gana
15,8,Bélgica,Gana
15,8,Equador,Gana
15,8,Países Baixos,Gana
15,8,Costa Rica,Gana
15,8,Espanha,Gana
15,8,Tunísia,Gana
15,8,Polônia,Gana
15,8,França,Gana
15,8,Coreia do Sul,Gana
15,8,Dinamarca,Gana
15,8,Sérvia,Gana
15,8,México,Gana
15,8,Arábia Saudita,Gana
15,8,Qatar,Gana
15,8,Senegal,Gana
15,8,Japão,Gana
15,8,Camarões,Gana
15,8,Canadá,Gana
15,8,Inglaterra,Gana
15,8,EUA,Gana
15,8,Brasil,Gana
15,8,Croácia,Gana
15,8,Austrália,Irã
15,8,Bélgica,Irã
15,8,Equador,Irã
15,8,Países Baixos,Irã
15,8,Costa Rica,Irã
15,8,Espanha,Irã
15,8,Tunísia,Irã
15,8,Polônia,Irã
15,8,França,Irã
15,8,Coreia do Sul,Irã
15,8,Dinamarca,Irã
15,8,Sérvia,Irã
15,8,México,Irã
15,8,Arábia Saudita,Irã
15,8,Qatar,Irã
15,8,Senegal,Irã
15,8,Japão,Irã
15,8,Camarões,Irã
15,8,Canadá,Irã
15,8,Inglaterra,Irã
15,8,EUA,Irã
15,8,Brasil,Irã
15,8,Croácia,Irã
15,8,Bélgica,Austrália
15,8,Equador,Austrália
15,8,Países Baixos,Austrália
15,8,Costa Rica,Austrália
15,8,Espanha,Austrália
15,8,Tunísia,Austrália
15,8,Polônia,Austrália
15,8,França,Austrália
15,8,Coreia do Sul,Austrália
15,8,Dinamarca,Austrália
15,8,Sérvia,Austrália
15,8,México,Austrália
15,8,Arábia Saudita,Austrália
15,8,Qatar,Austrália
15,8,Senegal,Austrália
15,8,Japão,Austrália
15,8,Camarões,Austrália
15,8,Canadá,Austrália
15,8,Inglaterra,Austrália
15,8,EUA,Austrália
15,8,Brasil,Austrália
15,8,Croácia,Austrália
15,8,Equador,Bélgica
15,8,Países Baixos,Bélgica
15,8,Costa Rica,Bélgica
15,8,Espanha,Bélgica
15,8,Tunísia,Bélgica
15,8,Polônia,Bélgica
15,8,França,Bélgica
15,8,Coreia do Sul,Bélgica
15,8,Dinamarca,Bélgica
15,8,Sérvia,Bélgica
15,8,México,Bélgica
15,8,Arábia Saudita,Bélgica
15,8,Qatar,Bélgica
15,8,Senegal,Bélgica
15,8,Japão,Bélgica
15,8,Camarões,Bélgica
15,8,Canadá,Bélgica
15,8,Inglaterra,Bélgica
15,8,EUA,Bélgica
15,8,Brasil,Bélgica
15,8,Croácia,Bélgica
15,8,Países Baixos,Equador
15,8,Costa Rica,Equador
15,8,Espanha,Equador
15,8,Tunísia,Equador
15,8,Polônia,Equador
15,8,França,Equador
15,8,Coreia do Sul,Equador
15,8,Dinamarca,Equador
15,8,Sérvia,Equador
15,8,México,Equador
15,8,Arábia Saudita,Equador
15,8,Qatar,Equador
15,8,Senegal,Equador
15,8,Japão,Equador
15,8,Camarões,Equador
15,8,Canadá,Equador
15,8,Inglaterra,Equador
15,8,EUA,Equador
15,8,Brasil,Equador
15,8,Croácia,Equador
15,8,Costa Rica,Países Baixos
15,8,Espanha,Países Baixos
15,8,Tunísia,Países Baixos
15,8,Polônia,Países Baixos
15,8,França,Países Baixos
15,8,Coreia do Sul,Países Baixos
15,8,Dinamarca,Países Baixos
15,8,Sérvia,Países Baixos
15,8,México,Países Baixos
15,8,Arábia Saudita,Países Baixos
15,8,Qatar,Países Baixos
15,8,Senegal,Países Baixos
15,8,Japão,Países Baixos
15,8,Camarões,Países Baixos
15,8,Canadá,Países Baixos
15,8,Inglaterra,Países Baixos
15,8,EUA,Países Baixos
15,8,Brasil,Países Baixos
15,8,Croácia,Países Baixos
15,8,Espanha,Costa Rica
15,8,Tunísia,Costa Rica
15,8,Polônia,Costa Rica
15,8,França,Costa Rica
15,8,Coreia do Sul,Costa Rica
15,8,Dinamarca,Costa Rica
15,8,Sérvia,Costa Rica
15,8,México,Costa Rica
15,8,Arábia Saudita,Costa Rica
15,8,Qatar,Costa Rica
15,8,Senegal,Costa Rica
15,8,Japão,Costa Rica
15,8,Camarões,Costa Rica
15,8,Canadá,Costa Rica
15,8,Inglaterra,Costa Rica
15,8,EUA,Costa Rica
15,8,Brasil,Costa Rica
15,8,Croácia,Costa Rica
15,8,Tunísia,Espanha
15,8,Polônia,Espanha
15,8,França,Espanha
15,8,Coreia do Sul,Espanha
15,8,Dinamarca,Espanha
15,8,Sérvia,Espanha
15,8,México,Espanha
15,8,Arábia Saudita,Espanha
15,8,Qatar,Espanha
15,8,Senegal,Espanha
15,8,Japão,Espanha
15,8,Camarões,Espanha
15,8,Canadá,Espanha
15,8,Inglaterra,Espanha
15,8,EUA,Espanha
15,8,Brasil,Espanha
15,8,Croácia,Espanha
15,8,Polônia,Tunísia
15,8,França,Tunísia
15,8,Coreia do Sul,Tunísia
15,8,Dinamarca,Tunísia
15,8,Sérvia,Tunísia
15,8,México,Tunísia
15,8,Arábia Saudita,Tunísia
15,8,Qatar,Tunísia
15,8,Senegal,Tunísia
15,8,Japão,Tunísia
15,8,Camarões,Tunísia
15,8,Canadá,Tunísia
15,8,Inglaterra,Tunísia
15,8,EUA,Tunísia
15,8,Brasil,Tunísia
15,8,Croácia,Tunísia
15,8,França,Polônia
15,8,Coreia do Sul,Polônia
15,8,Dinamarca,Polônia
15,8,Sérvia,Polônia
15,8,México,Polônia
15,8,Arábia Saudita,Polônia
15,8,Qatar,Polônia
15,8,Senegal,Polônia
15,8,Japão,Polônia
15,8,Camarões,Polônia
15,8,Canadá,Polônia
15,8,Inglaterra,Polônia
15,8,EUA,Polônia
15,8,Brasil,Polônia
15,8,Croácia,Polônia
15,8,Coreia do Sul,França
15,8,Dinamarca,França
15,8,Sérvia,França
15,8,México,França
15,8,Arábia Saudita,França
15,8,Qatar,França
15,8,Senegal,França
15,8,Japão,França
15,8,Camarões,França
15,8,Canadá,França
15,8,Inglaterra,França
15,8,EUA,França
15,8,Brasil,França
15,8,Croácia,França
15,8,Dinamarca,Coreia do Sul
15,8,Sérvia,Coreia do Sul
15,8,México,Coreia do Sul
15,8,Arábia Saudita,Coreia do Sul
15,8,Qatar,Coreia do Sul
15,8,Senegal,Coreia do Sul
15,8,Japão,Coreia do Sul
15,8,Camarões,Coreia do Sul
15,8,Canadá,Coreia do Sul
15,8,Inglaterra,Coreia do Sul
15,8,EUA,Coreia do Sul
15,8,Brasil,Coreia do Sul
15,8,Croácia,Coreia do Sul
15,8,Sérvia,Dinamarca
15,8,México,Dinamarca
15,8,Arábia Saudita,Dinamarca
15,8,Qatar,Dinamarca
15,8,Senegal,Dinamarca
15,8,Japão,Dinamarca
15,8,Camarões,Dinamarca
15,8,Canadá,Dinamarca
15,8,Inglaterra,Dinamarca
15,8,EUA,Dinamarca
15,8,Brasil,Dinamarca
15,8,Croácia,Dinamarca
15,8,México,Sérvia
15,8,Arábia Saudita,Sérvia
15,8,Qatar,Sérvia
15,8,Senegal,Sérvia
15,8,Japão,Sérvia
15,8,Camarões,Sérvia
15,8,Canadá,Sérvia
15,8,Inglaterra,Sérvia
15,8,EUA,Sérvia
15,8,Brasil,Sérvia
15,8,Croácia,Sérvia
15,8,Arábia Saudita,México
15,8,Qatar,México
15,8,Senegal,México
15,8,Japão,México
15,8,Camarões,México
15,8,Canadá,México
15,8,Inglaterra,México
15,8,EUA,México
15,8,Brasil,México
15,8,Croácia,México
15,8,Qatar,Arábia Saudita
15,8,Senegal,Arábia Saudita
15,8,Japão,Arábia Saudita
15,8,Camarões,Arábia Saudita
15,8,Canadá,Arábia Saudita
15,8,Inglaterra,Arábia Saudita
15,8,EUA,Arábia Saudita
15,8,Brasil,Arábia Saudita
15,8,Croácia,Arábia Saudita
15,8,Senegal,Qatar
15,8,Japão,Qatar
15,8,Camarões,Qatar
15,8,Canadá,Qatar
15,8,Inglaterra,Qatar
15,8,EUA,Qatar
15,8,Brasil,Qatar
15,8,Croácia,Qatar
15,8,Japão,Senegal
15,8,Camarões,Senegal
15,8,Canadá,Senegal
15,8,Inglaterra,Senegal
15,8,EUA,Senegal
15,8,Brasil,Senegal
15,8,Croácia,Senegal
15,8,Camarões,Japão
15,8,Canadá,Japão
15,8,Inglaterra,Japão
15,8,EUA,Japão
15,8,Brasil,Japão
15,8,Croácia,Japão
15,8,Canadá,Camarões
15,8,Inglaterra,Camarões
15,8,EUA,Camarões
15,8,Brasil,Camarões
15,8,Croácia,Camarões
15,8,Inglaterra,Canadá
15,8,EUA,Canadá
15,8,Brasil,Canadá
15,8,Croácia,Canadá
15,8,EUA,Inglaterra
15,8,Brasil,Inglaterra
15,8,Croácia,Inglaterra
15,8,Brasil,EUA
15,8,Croácia,EUA
15,8,Croácia,Brasil
15,11,Marrocos,Argentina
15,11,País de Gales,Argentina
15,11,Alemanha,Argentina
15,11,Portugal,Argentina
15,11,Suíça,Argentina
15,11,Uruguai,Argentina
15,11,Gana,Argentina
15,11,Irã,Argentina
15,11,Austrália,Argentina
15,11,Bélgica,Argentina
15,11,Equador,Argentina
15,11,Países Baixos,Argentina
15,11,Costa Rica,Argentina
15,11,Espanha,Argentina
15,11,Tunísia,Argentina
15,11,Polônia,Argentina
15,11,França,Argentina
15,11,Coreia do Sul,Argentina
15,11,Dinamarca,Argentina
15,11,Sérvia,Argentina
15,11,México,Argentina
15,11,Arábia Saudita,Argentina
15,11,Qatar,Argentina
15,11,Senegal,Argentina
15,11,Japão,Argentina
15,11,Camarões,Argentina
15,11,Canadá,Argentina
15,11,Inglaterra,Argentina
15,11,EUA,Argentina
15,11,Brasil,Argentina
15,11,Croácia,Argentina
15,11,País de Gales,Marrocos
15,11,Alemanha,Marrocos
15,11,Portugal,Marrocos
15,11,Suíça,Marrocos
15,11,Uruguai,Marrocos
15,11,Gana,Marrocos
15,11,Irã,Marrocos
15,11,Austrália,Marrocos
15,11,Bélgica,Marrocos
15,11,Equador,Marrocos
15,11,Países Baixos,Marrocos
15,11,Costa Rica,Marrocos
15,11,Espanha,Marrocos
15,11,Tunísia,Marrocos
15,11,Polônia,Marrocos
15,11,França,Marrocos
15,11,Coreia do Sul,Marrocos
15,11,Dinamarca,Marrocos
15,11,Sérvia,Marrocos
15,11,México,Marrocos
15,11,Arábia Saudita,Marrocos
15,11,Qatar,Marrocos
15,11,Senegal,Marrocos
15,11,Japão,Marrocos
15,11,Camarões,Marrocos
15,11,Canadá,Marrocos
15,11,Inglaterra,Marrocos
15,11,EUA,Marrocos
15,11,Brasil,Marrocos
15,11,Croácia,Marrocos
15,11,Alemanha,País de Gales
15,11,Portugal,País de Gales
15,11,Suíça,País de Gales
15,11,Uruguai,País de Gales
15,11,Gana,País de Gales
15,11,Irã,País de Gales
15,11,Austrália,País de Gales
15,11,Bélgica,País de Gales
15,11,Equador,País de Gales
15,11,Países Baixos,País de Gales
15,11,Costa Rica,País de Gales
15,11,Espanha,País de Gales
15,11,Tunísia,País de Gales
15,11,Polônia,País de Gales
15,11,França,País de Gales
15,11,Coreia do Sul,País de Gales
15,11,Dinamarca,País de Gales
15,11,Sérvia,País de Gales
15,11,México,País de Gales
15,11,Arábia Saudita,País de Gales
15,11,Qatar,País de Gales
15,11,Senegal,País de Gales
15,11,Japão,País de Gales
15,11,Camarões,País de Gales
15,11,Canadá,País de Gales
15,11,Inglaterra,País de Gales
15,11,EUA,País de Gales
15,11,Brasil,País de Gales
15,11,Croácia,País de Gales
15,11,Portugal,Alemanha
15,11,Suíça,Alemanha
15,11,Uruguai,Alemanha
15,11,Gana,Alemanha
15,11,Irã,Alemanha
15,11,Austrália,Alemanha
15,11,Bélgica,Alemanha
15,11,Equador,Alemanha
15,11,Países Baixos,Alemanha
15,11,Costa Rica,Alemanha
15,11,Espanha,Alemanha
15,11,Tunísia,Alemanha
15,11,Polônia,Alemanha
15,11,França,Alemanha
15,11,Coreia do Sul,Alemanha
15,11,Dinamarca,Alemanha
15,11,Sérvia,Alemanha
15,11,México,Alemanha
15,11,Arábia Saudita,Alemanha
15,11,Qatar,Alemanha
15,11,Senegal,Alemanha
15,11,Japão,Alemanha
15,11,Camarões,Alemanha
15,11,Canadá,Alemanha
15,11,Inglaterra,Alemanha
15,11,EUA,Alemanha
15,11,Brasil,Alemanha
15,11,Croácia,Alemanha
15,11,Suíça,Portugal
15,11,Uruguai,Portugal
15,11,Gana,Portugal
15,11,Irã,Portugal
15,11,Austrália,Portugal
15,11,Bélgica,Portugal
15,11,Equador,Portugal
15,11,Países Baixos,Portugal
15,11,Costa Rica,Portugal
15,11,Espanha,Portugal
15,11,Tunísia,Portugal
15,11,Polônia,Portugal
15,11,França,Portugal
15,11,Coreia do Sul,Portugal
15,11,Dinamarca,Portugal
15,11,Sérvia,Portugal
15,11,México,Portugal
15,11,Arábia Saudita,Portugal
15,11,Qatar,Portugal
15,11,Senegal,Portugal
15,11,Japão,Portugal
15,11,Camarões,Portugal
15,11,Canadá,Portugal
15,11,Inglaterra,Portugal
15,11,EUA,Portugal
15,11,Brasil,Portugal
15,11,Croácia,Portugal
15,11,Uruguai,Suíça
15,11,Gana,Suíça
15,11,Irã,Suíça
15,11,Austrália,Suíça
15,11,Bélgica,Suíça
15,11,Equador,Suíça
15,11,Países Baixos,Suíça
15,11,Costa Rica,Suíça
15,11,Espanha,Suíça
15,11,Tunísia,Suíça
15,11,Polônia,Suíça
15,11,França,Suíça
15,11,Coreia do Sul,Suíça
15,11,Dinamarca,Suíça
15,11,Sérvia,Suíça
15,11,México,Suíça
15,11,Arábia Saudita,Suíça
15,11,Qatar,Suíça
15,11,Senegal,Suíça
15,11,Japão,Suíça
15,11,Camarões,Suíça
15,11,Canadá,Suíça
15,11,Inglaterra,Suíça
15,11,EUA,Suíça
15,11,Brasil,Suíça
15,11,Croácia,Suíça
15,11,Gana,Uruguai
15,11,Irã,Uruguai
15,11,Austrália,Uruguai
15,11,Bélgica,Uruguai
15,11,Equador,Uruguai
15,11,Países Baixos,Uruguai
15,11,Costa Rica,Uruguai
15,11,Espanha,Uruguai
15,11,Tunísia,Uruguai
15,11,Polônia,Uruguai
15,11,França,Uruguai
15,11,Coreia do Sul,Uruguai
15,11,Dinamarca,Uruguai
15,11,Sérvia,Uruguai
15,11,México,Uruguai
15,11,Arábia Saudita,Uruguai
15,11,Qatar,Uruguai
15,11,Senegal,Uruguai
15,11,Japão,Uruguai
15,11,Camarões,Uruguai
15,11,Canadá,Uruguai
15,11,Inglaterra,Uruguai
15,11,EUA,Uruguai
15,11,Brasil,Uruguai
15,11,Croácia,Uruguai
15,11,Irã,Gana
15,11,Austrália,Gana
15,11,Bélgica,Gana
15,11,Equador,Gana
15,11,Países Baixos,Gana
15,11,Costa Rica,Gana
15,11,Espanha,Gana
15,11,Tunísia,Gana
15,11,Polônia,Gana
15,11,França,Gana
15,11,Coreia do Sul,Gana
15,11,Dinamarca,Gana
15,11,Sérvia,Gana
15,11,México,Gana
15,11,Arábia Saudita,Gana
15,11,Qatar,Gana
15,11,Senegal,Gana
15,11,Japão,Gana
15,11,Camarões,Gana
15,11,Canadá,Gana
15,11,Inglaterra,Gana
15,11,EUA,Gana
15,11,Brasil,Gana
15,11,Croácia,Gana
15,11,Austrália,Irã
15,11,Bélgica,Irã
15,11,Equador,Irã
15,11,Países Baixos,Irã
15,11,Costa Rica,Irã
15,11,Espanha,Irã
15,11,Tunísia,Irã
15,11,Polônia,Irã
15,11,França,Irã
15,11,Coreia do Sul,Irã
15,11,Dinamarca,Irã
15,11,Sérvia,Irã
15,11,México,Irã
15,11,Arábia Saudita,Irã
15,11,Qatar,Irã
15,11,Senegal,Irã
15,11,Japão,Irã
15,11,Camarões,Irã
15,11,Canadá,Irã
15,11,Inglaterra,Irã
15,11,EUA,Irã
15,11,Brasil,Irã
15,11,Croácia,Irã
15,11,Bélgica,Austrália
15,11,Equador,Austrália
15,11,Países Baixos,Austrália
15,11,Costa Rica,Austrália
15,11,Espanha,Austrália
15,11,Tunísia,Austrália
15,11,Polônia,Austrália
15,11,França,Austrália
15,11,Coreia do Sul,Austrália
15,11,Dinamarca,Austrália
15,11,Sérvia,Austrália
15,11,México,Austrália
15,11,Arábia Saudita,Austrália
15,11,Qatar,Austrália
15,11,Senegal,Austrália
15,11,Japão,Austrália
15,11,Camarões,Austrália
15,11,Canadá,Austrália
15,11,Inglaterra,Austrália
15,11,EUA,Austrália
15,11,Brasil,Austrália
15,11,Croácia,Austrália
15,11,Equador,Bélgica
15,11,Países Baixos,Bélgica
15,11,Costa Rica,Bélgica
15,11,Espanha,Bélgica
15,11,Tunísia,Bélgica
15,11,Polônia,Bélgica
15,11,França,Bélgica
15,11,Coreia do Sul,Bélgica
15,11,Dinamarca,Bélgica
15,11,Sérvia,Bélgica
15,11,México,Bélgica
15,11,Arábia Saudita,Bélgica
15,11,Qatar,Bélgica
15,11,Senegal,Bélgica
15,11,Japão,Bélgica
15,11,Camarões,Bélgica
15,11,Canadá,Bélgica
15,11,Inglaterra,Bélgica
15,11,EUA,Bélgica
15,11,Brasil,Bélgica
15,11,Croácia,Bélgica
15,11,Países Baixos,Equador
15,11,Costa Rica,Equador
15,11,Espanha,Equador
15,11,Tunísia,Equador
15,11,Polônia,Equador
15,11,França,Equador
15,11,Coreia do Sul,Equador
15,11,Dinamarca,Equador
15,11,Sérvia,Equador
15,11,México,Equador
15,11,Arábia Saudita,Equador
15,11,Qatar,Equador
15,11,Senegal,Equador
15,11,Japão,Equador
15,11,Camarões,Equador
15,11,Canadá,Equador
15,11,Inglaterra,Equador
15,11,EUA,Equador
15,11,Brasil,Equador
15,11,Croácia,Equador
15,11,Costa Rica,Países Baixos
15,11,Espanha,Países Baixos
15,11,Tunísia,Países Baixos
15,11,Polônia,Países Baixos
15,11,França,Países Baixos
15,11,Coreia do Sul,Países Baixos
15,11,Dinamarca,Países Baixos
15,11,Sérvia,Países Baixos
15,11,México,Países Baixos
15,11,Arábia Saudita,Países Baixos
15,11,Qatar,Países Baixos
15,11,Senegal,Países Baixos
15,11,Japão,Países Baixos
15,11,Camarões,Países Baixos
15,11,Canadá,Países Baixos
15,11,Inglaterra,Países Baixos
15,11,EUA,Países Baixos
15,11,Brasil,Países Baixos
15,11,Croácia,Países Baixos
15,11,Espanha,Costa Rica
15,11,Tunísia,Costa Rica
15,11,Polônia,Costa Rica
15,11,França,Costa Rica
15,11,Coreia do Sul,Costa Rica
15,11,Dinamarca,Costa Rica
15,11,Sérvia,Costa Rica
15,11,México,Costa Rica
15,11,Arábia Saudita,Costa Rica
15,11,Qatar,Costa Rica
15,11,Senegal,Costa Rica
15,11,Japão,Costa Rica
15,11,Camarões,Costa Rica
15,11,Canadá,Costa Rica
15,11,Inglaterra,Costa Rica
15,11,EUA,Costa Rica
15,11,Brasil,Costa Rica
15,11,Croácia,Costa Rica
15,11,Tunísia,Espanha
15,11,Polônia,Espanha
15,11,França,Espanha
15,11,Coreia do Sul,Espanha
15,11,Dinamarca,Espanha
15,11,Sérvia,Espanha
15,11,México,Espanha
15,11,Arábia Saudita,Espanha
15,11,Qatar,Espanha
15,11,Senegal,Espanha
15,11,Japão,Espanha
15,11,Camarões,Espanha
15,11,Canadá,Espanha
15,11,Inglaterra,Espanha
15,11,EUA,Espanha
15,11,Brasil,Espanha
15,11,Croácia,Espanha
15,11,Polônia,Tunísia
15,11,França,Tunísia
15,11,Coreia do Sul,Tunísia
15,11,Dinamarca,Tunísia
15,11,Sérvia,Tunísia
15,11,México,Tunísia
15,11,Arábia Saudita,Tunísia
15,11,Qatar,Tunísia
15,11,Senegal,Tunísia
15,11,Japão,Tunísia
15,11,Camarões,Tunísia
15,11,Canadá,Tunísia
15,11,Inglaterra,Tunísia
15,11,EUA,Tunísia
15,11,Brasil,Tunísia
15,11,Croácia,Tunísia
15,11,França,Polônia
15,11,Coreia do Sul,Polônia
15,11,Dinamarca,Polônia
15,11,Sérvia,Polônia
15,11,México,Polônia
15,11,Arábia Saudita,Polônia
15,11,Qatar,Polônia
15,11,Senegal,Polônia
15,11,Japão,Polônia
15,11,Camarões,Polônia
15,11,Canadá,Polônia
15,11,Inglaterra,Polônia
15,11,EUA,Polônia
15,11,Brasil,Polônia
15,11,Croácia,Polônia
15,11,Coreia do Sul,França
15,11,Dinamarca,França
15,11,Sérvia,França
15,11,México,França
15,11,Arábia Saudita,França
15,11,Qatar,França
15,11,Senegal,França
15,11,Japão,França
15,11,Camarões,França
15,11,Canadá,França
15,11,Inglaterra,França
15,11,EUA,França
15,11,Brasil,França
15,11,Croácia,França
15,11,Dinamarca,Coreia do Sul
15,11,Sérvia,Coreia do Sul
15,11,México,Coreia do Sul
15,11,Arábia Saudita,Coreia do Sul
15,11,Qatar,Coreia do Sul
15,11,Senegal,Coreia do Sul
15,11,Japão,Coreia do Sul
15,11,Camarões,Coreia do Sul
15,11,Canadá,Coreia do Sul
15,11,Inglaterra,Coreia do Sul
15,11,EUA,Coreia do Sul
15,11,Brasil,Coreia do Sul
15,11,Croácia,Coreia do Sul
15,11,Sérvia,Dinamarca
15,11,México,Dinamarca
15,11,Arábia Saudita,Dinamarca
15,11,Qatar,Dinamarca
15,11,Senegal,Dinamarca
15,11,Japão,Dinamarca
15,11,Camarões,Dinamarca
15,11,Canadá,Dinamarca
15,11,Inglaterra,Dinamarca
15,11,EUA,Dinamarca
15,11,Brasil,Dinamarca
15,11,Croácia,Dinamarca
15,11,México,Sérvia
15,11,Arábia Saudita,Sérvia
15,11,Qatar,Sérvia
15,11,Senegal,Sérvia
15,11,Japão,Sérvia
15,11,Camarões,Sérvia
15,11,Canadá,Sérvia
15,11,Inglaterra,Sérvia
15,11,EUA,Sérvia
15,11,Brasil,Sérvia
15,11,Croácia,Sérvia
15,11,Arábia Saudita,México
15,11,Qatar,México
15,11,Senegal,México
15,11,Japão,México
15,11,Camarões,México
15,11,Canadá,México
15,11,Inglaterra,México
15,11,EUA,México
15,11,Brasil,México
15,11,Croácia,México
15,11,Qatar,Arábia Saudita
15,11,Senegal,Arábia Saudita
15,11,Japão,Arábia Saudita
15,11,Camarões,Arábia Saudita
15,11,Canadá,Arábia Saudita
15,11,Inglaterra,Arábia Saudita
15,11,EUA,Arábia Saudita
15,11,Brasil,Arábia Saudita
15,11,Croácia,Arábia Saudita
15,11,Senegal,Qatar
15,11,Japão,Qatar
15,11,Camarões,Qatar
15,11,Canadá,Qatar
15,11,Inglaterra,Qatar
15,11,EUA,Qatar
15,11,Brasil,Qatar
15,11,Croácia,Qatar
15,11,Japão,Senegal
15,11,Camarões,Senegal
15,11,Canadá,Senegal
15,11,Inglaterra,Senegal
15,11,EUA,Senegal
15,11,Brasil,Senegal
15,11,Croácia,Senegal
15,11,Camarões,Japão
15,11,Canadá,Japão
15,11,Inglaterra,Japão
15,11,EUA,Japão
15,11,Brasil,Japão
15,11,Croácia,Japão
15,11,Canadá,Camarões
15,11,Inglaterra,Camarões
15,11,EUA,Camarões
15,11,Brasil,Camarões
15,11,Croácia,Camarões
15,11,Inglaterra,Canadá
15,11,EUA,Canadá
15,11,Brasil,Canadá
15,11,Croácia,Canadá
15,11,EUA,Inglaterra
15,11,Brasil,Inglaterra
15,11,Croácia,Inglaterra
15,11,Brasil,EUA
15,11,Croácia,EUA
15,11,Croácia,Brasil
15,14,Marrocos,Argentina
15,14,País de Gales,Argentina
15,14,Alemanha,Argentina
15,14,Portugal,Argentina
15,14,Suíça,Argentina
15,14,Uruguai,Argentina
15,14,Gana,Argentina
15,14,Irã,Argentina
15,14,Austrália,Argentina
15,14,Bélgica,Argentina
15,14,Equador,Argentina
15,14,Países Baixos,Argentina
15,14,Costa Rica,Argentina
15,14,Espanha,Argentina
15,14,Tunísia,Argentina
15,14,Polônia,Argentina
15,14,França,Argentina
15,14,Coreia do Sul,Argentina
15,14,Dinamarca,Argentina
15,14,Sérvia,Argentina
15,14,México,Argentina
15,14,Arábia Saudita,Argentina
15,14,Qatar,Argentina
15,14,Senegal,Argentina
15,14,Japão,Argentina
15,14,Camarões,Argentina
15,14,Canadá,Argentina
15,14,Inglaterra,Argentina
15,14,EUA,Argentina
15,14,Brasil,Argentina
15,14,Croácia,Argentina
15,14,País de Gales,Marrocos
15,14,Alemanha,Marrocos
15,14,Portugal,Marrocos
15,14,Suíça,Marrocos
15,14,Uruguai,Marrocos
15,14,Gana,Marrocos
15,14,Irã,Marrocos
15,14,Austrália,Marrocos
15,14,Bélgica,Marrocos
15,14,Equador,Marrocos
15,14,Países Baixos,Marrocos
15,14,Costa Rica,Marrocos
15,14,Espanha,Marrocos
15,14,Tunísia,Marrocos
15,14,Polônia,Marrocos
15,14,França,Marrocos
15,14,Coreia do Sul,Marrocos
15,14,Dinamarca,Marrocos
15,14,Sérvia,Marrocos
15,14,México,Marrocos
15,14,Arábia Saudita,Marrocos
15,14,Qatar,Marrocos
15,14,Senegal,Marrocos
15,14,Japão,Marrocos
15,14,Camarões,Marrocos
15,14,Canadá,Marrocos
15,14,Inglaterra,Marrocos
15,14,EUA,Marrocos
15,14,Brasil,Marrocos
15,14,Croácia,Marrocos
15,14,Alemanha,País de Gales
15,14,Portugal,País de Gales
15,14,Suíça,País de Gales
15,14,Uruguai,País de Gales
15,14,Gana,País de Gales
15,14,Irã,País de Gales
15,14,Austrália,País de Gales
15,14,Bélgica,País de Gales
15,14,Equador,País de Gales
15,14,Países Baixos,País de Gales
15,14,Costa Rica,País de Gales
15,14,Espanha,País de Gales
15,14,Tunísia,País de Gales
15,14,Polônia,País de Gales
15,14,França,País de Gales
15,14,Coreia do Sul,País de Gales
15,14,Dinamarca,País de Gales
15,14,Sérvia,País de Gales
15,14,México,País de Gales
15,14,Arábia Saudita,País de Gales
15,14,Qatar,País de Gales
15,14,Senegal,País de Gales
15,14,Japão,País de Gales
15,14,Camarões,País de Gales
15,14,Canadá,País de Gales
15,14,Inglaterra,País de Gales
15,14,EUA,País de Gales
15,14,Brasil,País de Gales
15,14,Croácia,País de Gales
15,14,Portugal,Alemanha
15,14,Suíça,Alemanha
15,14,Uruguai,Alemanha
15,14,Gana,Alemanha
15,14,Irã,Alemanha
15,14,Austrália,Alemanha
15,14,Bélgica,Alemanha
15,14,Equador,Alemanha
15,14,Países Baixos,Alemanha
15,14,Costa Rica,Alemanha
15,14,Espanha,Alemanha
15,14,Tunísia,Alemanha
15,14,Polônia,Alemanha
15,14,França,Alemanha
15,14,Coreia do Sul,Alemanha
15,14,Dinamarca,Alemanha
15,14,Sérvia,Alemanha
15,14,México,Alemanha
15,14,Arábia Saudita,Alemanha
15,14,Qatar,Alemanha
15,14,Senegal,Alemanha
15,14,Japão,Alemanha
15,14,Camarões,Alemanha
15,14,Canadá,Alemanha
15,14,Inglaterra,Alemanha
15,14,EUA,Alemanha
15,14,Brasil,Alemanha
15,14,Croácia,Alemanha
15,14,Suíça,Portugal
15,14,Uruguai,Portugal
15,14,Gana,Portugal
15,14,Irã,Portugal
15,14,Austrália,Portugal
15,14,Bélgica,Portugal
15,14,Equador,Portugal
15,14,Países Baixos,Portugal
15,14,Costa Rica,Portugal
15,14,Espanha,Portugal
15,14,Tunísia,Portugal
15,14,Polônia,Portugal
15,14,França,Portugal
15,14,Coreia do Sul,Portugal
15,14,Dinamarca,Portugal
15,14,Sérvia,Portugal
15,14,México,Portugal
15,14,Arábia Saudita,Portugal
15,14,Qatar,Portugal
15,14,Senegal,Portugal
15,14,Japão,Portugal
15,14,Camarões,Portugal
15,14,Canadá,Portugal
15,14,Inglaterra,Portugal
15,14,EUA,Portugal
15,14,Brasil,Portugal
15,14,Croácia,Portugal
15,14,Uruguai,Suíça
15,14,Gana,Suíça
15,14,Irã,Suíça
15,14,Austrália,Suíça
15,14,Bélgica,Suíça
15,14,Equador,Suíça
15,14,Países Baixos,Suíça
15,14,Costa Rica,Suíça
15,14,Espanha,Suíça
15,14,Tunísia,Suíça
15,14,Polônia,Suíça
15,14,França,Suíça
15,14,Coreia do Sul,Suíça
15,14,Dinamarca,Suíça
15,14,Sérvia,Suíça
15,14,México,Suíça
15,14,Arábia Saudita,Suíça
15,14,Qatar,Suíça
15,14,Senegal,Suíça
15,14,Japão,Suíça
15,14,Camarões,Suíça
15,14,Canadá,Suíça
15,14,Inglaterra,Suíça
15,14,EUA,Suíça
15,14,Brasil,Suíça
15,14,Croácia,Suíça
15,14,Gana,Uruguai
15,14,Irã,Uruguai
15,14,Austrália,Uruguai
15,14,Bélgica,Uruguai
15,14,Equador,Uruguai
15,14,Países Baixos,Uruguai
15,14,Costa Rica,Uruguai
15,14,Espanha,Uruguai
15,14,Tunísia,Uruguai
15,14,Polônia,Uruguai
15,14,França,Uruguai
15,14,Coreia do Sul,Uruguai
15,14,Dinamarca,Uruguai
15,14,Sérvia,Uruguai
15,14,México,Uruguai
15,14,Arábia Saudita,Uruguai
15,14,Qatar,Uruguai
15,14,Senegal,Uruguai
15,14,Japão,Uruguai
15,14,Camarões,Uruguai
15,14,Canadá,Uruguai
15,14,Inglaterra,Uruguai
15,14,EUA,Uruguai
15,14,Brasil,Uruguai
15,14,Croácia,Uruguai
15,14,Irã,Gana
15,14,Austrália,Gana
15,14,Bélgica,Gana
15,14,Equador,Gana
15,14,Países Baixos,Gana
15,14,Costa Rica,Gana
15,14,Espanha,Gana
15,14,Tunísia,Gana
15,14,Polônia,Gana
15,14,França,Gana
15,14,Coreia do Sul,Gana
15,14,Dinamarca,Gana
15,14,Sérvia,Gana
15,14,México,Gana
15,14,Arábia Saudita,Gana
15,14,Qatar,Gana
15,14,Senegal,Gana
15,14,Japão,Gana
15,14,Camarões,Gana
15,14,Canadá,Gana
15,14,Inglaterra,Gana
15,14,EUA,Gana
15,14,Brasil,Gana
15,14,Croácia,Gana
15,14,Austrália,Irã
15,14,Bélgica,Irã
15,14,Equador,Irã
15,14,Países Baixos,Irã
15,14,Costa Rica,Irã
15,14,Espanha,Irã
15,14,Tunísia,Irã
15,14,Polônia,Irã
15,14,França,Irã
15,14,Coreia do Sul,Irã
15,14,Dinamarca,Irã
15,14,Sérvia,Irã
15,14,México,Irã
15,14,Arábia Saudita,Irã
15,14,Qatar,Irã
15,14,Senegal,Irã
15,14,Japão,Irã
15,14,Camarões,Irã
15,14,Canadá,Irã
15,14,Inglaterra,Irã
15,14,EUA,Irã
15,14,Brasil,Irã
15,14,Croácia,Irã
15,14,Bélgica,Austrália
15,14,Equador,Austrália
15,14,Países Baixos,Austrália
15,14,Costa Rica,Austrália
15,14,Espanha,Austrália
15,14,Tunísia,Austrália
15,14,Polônia,Austrália
15,14,França,Austrália
15,14,Coreia do Sul,Austrália
15,14,Dinamarca,Austrália
15,14,Sérvia,Austrália
15,14,México,Austrália
15,14,Arábia Saudita,Austrália
15,14,Qatar,Austrália
15,14,Senegal,Austrália
15,14,Japão,Austrália
15,14,Camarões,Austrália
15,14,Canadá,Austrália
15,14,Inglaterra,Austrália
15,14,EUA,Austrália
15,14,Brasil,Austrália
15,14,Croácia,Austrália
15,14,Equador,Bélgica
15,14,Países Baixos,Bélgica
15,14,Costa Rica,Bélgica
15,14,Espanha,Bélgica
15,14,Tunísia,Bélgica
15,14,Polônia,Bélgica
15,14,França,Bélgica
15,14,Coreia do Sul,Bélgica
15,14,Dinamarca,Bélgica
15,14,Sérvia,Bélgica
15,14,México,Bélgica
15,14,Arábia Saudita,Bélgica
15,14,Qatar,Bélgica
15,14,Senegal,Bélgica
15,14,Japão,Bélgica
15,14,Camarões,Bélgica
15,14,Canadá,Bélgica
15,14,Inglaterra,Bélgica
15,14,EUA,Bélgica
15,14,Brasil,Bélgica
15,14,Croácia,Bélgica
15,14,Países Baixos,Equador
15,14,Costa Rica,Equador
15,14,Espanha,Equador
15,14,Tunísia,Equador
15,14,Polônia,Equador
15,14,França,Equador
15,14,Coreia do Sul,Equador
15,14,Dinamarca,Equador
15,14,Sérvia,Equador
15,14,México,Equador
15,14,Arábia Saudita,Equador
15,14,Qatar,Equador
15,14,Senegal,Equador
15,14,Japão,Equador
15,14,Camarões,Equador
15,14,Canadá,Equador
15,14,Inglaterra,Equador
15,14,EUA,Equador
15,14,Brasil,Equador
15,14,Croácia,Equador
15,14,Costa Rica,Países Baixos
15,14,Espanha,Países Baixos
15,14,Tunísia,Países Baixos
15,14,Polônia,Países Baixos
15,14,França,Países Baixos
15,14,Coreia do Sul,Países Baixos
15,14,Dinamarca,Países Baixos
15,14,Sérvia,Países Baixos
15,14,México,Países Baixos
15,14,Arábia Saudita,Países Baixos
15,14,Qatar,Países Baixos
15,14,Senegal,Países Baixos
15,14,Japão,Países Baixos
15,14,Camarões,Países Baixos
15,14,Canadá,Países Baixos
15,14,Inglaterra,Países Baixos
15,14,EUA,Países Baixos
15,14,Brasil,Países Baixos
15,14,Croácia,Países Baixos
15,14,Espanha,Costa Rica
15,14,Tunísia,Costa Rica
15,14,Polônia,Costa Rica
15,14,França,Costa Rica
15,14,Coreia do Sul,Costa Rica
15,14,Dinamarca,Costa Rica
15,14,Sérvia,Costa Rica
15,14,México,Costa Rica
15,14,Arábia Saudita,Costa Rica
15,14,Qatar,Costa Rica
15,14,Senegal,Costa Rica
15,14,Japão,Costa Rica
15,14,Camarões,Costa Rica
15,14,Canadá,Costa Rica
15,14,Inglaterra,Costa Rica
15,14,EUA,Costa Rica
15,14,Brasil,Costa Rica
15,14,Croácia,Costa Rica
15,14,Tunísia,Espanha
15,14,Polônia,Espanha
15,14,França,Espanha
15,14,Coreia do Sul,Espanha
15,14,Dinamarca,Espanha
15,14,Sérvia,Espanha
15,14,México,Espanha
15,14,Arábia Saudita,Espanha
15,14,Qatar,Espanha
15,14,Senegal,Espanha
15,14,Japão,Espanha
15,14,Camarões,Espanha
15,14,Canadá,Espanha
15,14,Inglaterra,Espanha
15,14,EUA,Espanha
15,14,Brasil,Espanha
15,14,Croácia,Espanha
15,14,Polônia,Tunísia
15,14,França,Tunísia
15,14,Coreia do Sul,Tunísia
15,14,Dinamarca,Tunísia
15,14,Sérvia,Tunísia
15,14,México,Tunísia
15,14,Arábia Saudita,Tunísia
15,14,Qatar,Tunísia
15,14,Senegal,Tunísia
15,14,Japão,Tunísia
15,14,Camarões,Tunísia
15,14,Canadá,Tunísia
15,14,Inglaterra,Tunísia
15,14,EUA,Tunísia
15,14,Brasil,Tunísia
15,14,Croácia,Tunísia
15,14,França,Polônia
15,14,Coreia do Sul,Polônia
15,14,Dinamarca,Polônia
15,14,Sérvia,Polônia
15,14,México,Polônia
15,14,Arábia Saudita,Polônia
15,14,Qatar,Polônia
15,14,Senegal,Polônia
15,14,Japão,Polônia
15,14,Camarões,Polônia
15,14,Canadá,Polônia
15,14,Inglaterra,Polônia
15,14,EUA,Polônia
15,14,Brasil,Polônia
15,14,Croácia,Polônia
15,14,Coreia do Sul,França
15,14,Dinamarca,França
15,14,Sérvia,França
15,14,México,França
15,14,Arábia Saudita,França
15,14,Qatar,França
15,14,Senegal,França
15,14,Japão,França
15,14,Camarões,França
15,14,Canadá,França
15,14,Inglaterra,França
15,14,EUA,França
15,14,Brasil,França
15,14,Croácia,França
15,14,Dinamarca,Coreia do Sul
15,14,Sérvia,Coreia do Sul
15,14,México,Coreia do Sul
15,14,Arábia Saudita,Coreia do Sul
15,14,Qatar,Coreia do Sul
15,14,Senegal,Coreia do Sul
15,14,Japão,Coreia do Sul
15,14,Camarões,Coreia do Sul
15,14,Canadá,Coreia do Sul
15,14,Inglaterra,Coreia do Sul
15,14,EUA,Coreia do Sul
15,14,Brasil,Coreia do Sul
15,14,Croácia,Coreia do Sul
15,14,Sérvia,Dinamarca
15,14,México,Dinamarca
15,14,Arábia Saudita,Dinamarca
15,14,Qatar,Dinamarca
15,14,Senegal,Dinamarca
15,14,Japão,Dinamarca
15,14,Camarões,Dinamarca
15,14,Canadá,Dinamarca
15,14,Inglaterra,Dinamarca
15,14,EUA,Dinamarca
15,14,Brasil,Dinamarca
15,14,Croácia,Dinamarca
15,14,México,Sérvia
15,14,Arábia Saudita,Sérvia
15,14,Qatar,Sérvia
15,14,Senegal,Sérvia
15,14,Japão,Sérvia
15,14,Camarões,Sérvia
15,14,Canadá,Sérvia
15,14,Inglaterra,Sérvia
15,14,EUA,Sérvia
15,14,Brasil,Sérvia
15,14,Croácia,Sérvia
15,14,Arábia Saudita,México
15,14,Qatar,México
15,14,Senegal,México
15,14,Japão,México
15,14,Camarões,México
15,14,Canadá,México
15,14,Inglaterra,México
15,14,EUA,México
15,14,Brasil,México
15,14,Croácia,México
15,14,Qatar,Arábia Saudita
15,14,Senegal,Arábia Saudita
15,14,Japão,Arábia Saudita
15,14,Camarões,Arábia Saudita
15,14,Canadá,Arábia Saudita
15,14,Inglaterra,Arábia Saudita
15,14,EUA,Arábia Saudita
15,14,Brasil,Arábia Saudita
15,14,Croácia,Arábia Saudita
15,14,Senegal,Qatar
15,14,Japão,Qatar
15,14,Camarões,Qatar
15,14,Canadá,Qatar
15,14,Inglaterra,Qatar
15,14,EUA,Qatar
15,14,Brasil,Qatar
15,14,Croácia,Qatar
15,14,Japão,Senegal
15,14,Camarões,Senegal
15,14,Canadá,Senegal
15,14,Inglaterra,Senegal
15,14,EUA,Senegal
15,14,Brasil,Senegal
15,14,Croácia,Senegal
15,14,Camarões,Japão
15,14,Canadá,Japão
15,14,Inglaterra,Japão
15,14,EUA,Japão
15,14,Brasil,Japão
15,14,Croácia,Japão
15,14,Canadá,Camarões
15,14,Inglaterra,Camarões
15,14,EUA,Camarões
15,14,Brasil,Camarões
15,14,Croácia,Camarões
15,14,Inglaterra,Canadá
15,14,EUA,Canadá
15,14,Brasil,Canadá
15,14,Croácia,Canadá
15,14,EUA,Inglaterra
15,14,Brasil,Inglaterra
15,14,Croácia,Inglaterra
15,14,Brasil,EUA
15,14,Croácia,EUA
15,14,Croácia,Brasil
15,17,Marrocos,Argentina
15,17,País de Gales,Argentina
15,17,Alemanha,Argentina
15,17,Portugal,Argentina
15,17,Suíça,Argentina
15,17,Uruguai,Argentina
15,17,Gana,Argentina
15,17,Irã,Argentina
15,17,Austrália,Argentina
15,17,Bélgica,Argentina
15,17,Equador,Argentina
15,17,Países Baixos,Argentina
15,17,Costa Rica,Argentina
15,17,Espanha,Argentina
15,17,Tunísia,Argentina
15,17,Polônia,Argentina
15,17,França,Argentina
15,17,Coreia do Sul,Argentina
15,17,Dinamarca,Argentina
15,17,Sérvia,Argentina
15,17,México,Argentina
15,17,Arábia Saudita,Argentina
15,17,Qatar,Argentina
15,17,Senegal,Argentina
15,17,Japão,Argentina
15,17,Camarões,Argentina
15,17,Canadá,Argentina
15,17,Inglaterra,Argentina
15,17,EUA,Argentina
15,17,Brasil,Argentina
15,17,Croácia,Argentina
15,17,País de Gales,Marrocos
15,17,Alemanha,Marrocos
15,17,Portugal,Marrocos
15,17,Suíça,Marrocos
15,17,Uruguai,Marrocos
15,17,Gana,Marrocos
15,17,Irã,Marrocos
15,17,Austrália,Marrocos
15,17,Bélgica,Marrocos
15,17,Equador,Marrocos
15,17,Países Baixos,Marrocos
15,17,Costa Rica,Marrocos
15,17,Espanha,Marrocos
15,17,Tunísia,Marrocos
15,17,Polônia,Marrocos
15,17,França,Marrocos
15,17,Coreia do Sul,Marrocos
15,17,Dinamarca,Marrocos
15,17,Sérvia,Marrocos
15,17,México,Marrocos
15,17,Arábia Saudita,Marrocos
15,17,Qatar,Marrocos
15,17,Senegal,Marrocos
15,17,Japão,Marrocos
15,17,Camarões,Marrocos
15,17,Canadá,Marrocos
15,17,Inglaterra,Marrocos
15,17,EUA,Marrocos
15,17,Brasil,Marrocos
15,17,Croácia,Marrocos
15,17,Alemanha,País de Gales
15,17,Portugal,País de Gales
15,17,Suíça,País de Gales
15,17,Uruguai,País de Gales
15,17,Gana,País de Gales
15,17,Irã,País de Gales
15,17,Austrália,País de Gales
15,17,Bélgica,País de Gales
15,17,Equador,País de Gales
15,17,Países Baixos,País de Gales
15,17,Costa Rica,País de Gales
15,17,Espanha,País de Gales
15,17,Tunísia,País de Gales
15,17,Polônia,País de Gales
15,17,França,País de Gales
15,17,Coreia do Sul,País de Gales
15,17,Dinamarca,País de Gales
15,17,Sérvia,País de Gales
15,17,México,País de Gales
15,17,Arábia Saudita,País de Gales
15,17,Qatar,País de Gales
15,17,Senegal,País de Gales
15,17,Japão,País de Gales
15,17,Camarões,País de Gales
15,17,Canadá,País de Gales
15,17,Inglaterra,País de Gales
15,17,EUA,País de Gales
15,17,Brasil,País de Gales
15,17,Croácia,País de Gales
15,17,Portugal,Alemanha
15,17,Suíça,Alemanha
15,17,Uruguai,Alemanha
15,17,Gana,Alemanha
15,17,Irã,Alemanha
15,17,Austrália,Alemanha
15,17,Bélgica,Alemanha
15,17,Equador,Alemanha
15,17,Países Baixos,Alemanha
15,17,Costa Rica,Alemanha
15,17,Espanha,Alemanha
15,17,Tunísia,Alemanha
15,17,Polônia,Alemanha
15,17,França,Alemanha
15,17,Coreia do Sul,Alemanha
15,17,Dinamarca,Alemanha
15,17,Sérvia,Alemanha
15,17,México,Alemanha
15,17,Arábia Saudita,Alemanha
15,17,Qatar,Alemanha
15,17,Senegal,Alemanha
15,17,Japão,Alemanha
15,17,Camarões,Alemanha
15,17,Canadá,Alemanha
15,17,Inglaterra,Alemanha
15,17,EUA,Alemanha
15,17,Brasil,Alemanha
15,17,Croácia,Alemanha
15,17,Suíça,Portugal
15,17,Uruguai,Portugal
15,17,Gana,Portugal
15,17,Irã,Portugal
15,17,Austrália,Portugal
15,17,Bélgica,Portugal
15,17,Equador,Portugal
15,17,Países Baixos,Portugal
15,17,Costa Rica,Portugal
15,17,Espanha,Portugal
15,17,Tunísia,Portugal
15,17,Polônia,Portugal
15,17,França,Portugal
15,17,Coreia do Sul,Portugal
15,17,Dinamarca,Portugal
15,17,Sérvia,Portugal
15,17,México,Portugal
15,17,Arábia Saudita,Portugal
15,17,Qatar,Portugal
15,17,Senegal,Portugal
15,17,Japão,Portugal
15,17,Camarões,Portugal
15,17,Canadá,Portugal
15,17,Inglaterra,Portugal
15,17,EUA,Portugal
15,17,Brasil,Portugal
15,17,Croácia,Portugal
15,17,Uruguai,Suíça
15,17,Gana,Suíça
15,17,Irã,Suíça
15,17,Austrália,Suíça
15,17,Bélgica,Suíça
15,17,Equador,Suíça
15,17,Países Baixos,Suíça
15,17,Costa Rica,Suíça
15,17,Espanha,Suíça
15,17,Tunísia,Suíça
15,17,Polônia,Suíça
15,17,França,Suíça
15,17,Coreia do Sul,Suíça
15,17,Dinamarca,Suíça
15,17,Sérvia,Suíça
15,17,México,Suíça
15,17,Arábia Saudita,Suíça
15,17,Qatar,Suíça
15,17,Senegal,Suíça
15,17,Japão,Suíça
15,17,Camarões,Suíça
15,17,Canadá,Suíça
15,17,Inglaterra,Suíça
15,17,EUA,Suíça
15,17,Brasil,Suíça
15,17,Croácia,Suíça
15,17,Gana,Uruguai
15,17,Irã,Uruguai
15,17,Austrália,Uruguai
15,17,Bélgica,Uruguai
15,17,Equador,Uruguai
15,17,Países Baixos,Uruguai
15,17,Costa Rica,Uruguai
15,17,Espanha,Uruguai
15,17,Tunísia,Uruguai
15,17,Polônia,Uruguai
15,17,França,Uruguai
15,17,Coreia do Sul,Uruguai
15,17,Dinamarca,Uruguai
15,17,Sérvia,Uruguai
15,17,México,Uruguai
15,17,Arábia Saudita,Uruguai
15,17,Qatar,Uruguai
15,17,Senegal,Uruguai
15,17,Japão,Uruguai
15,17,Camarões,Uruguai
15,17,Canadá,Uruguai
15,17,Inglaterra,Uruguai
15,17,EUA,Uruguai
15,17,Brasil,Uruguai
15,17,Croácia,Uruguai
15,17,Irã,Gana
15,17,Austrália,Gana
15,17,Bélgica,Gana
15,17,Equador,Gana
15,17,Países Baixos,Gana
15,17,Costa Rica,Gana
15,17,Espanha,Gana
15,17,Tunísia,Gana
15,17,Polônia,Gana
15,17,França,Gana
15,17,Coreia do Sul,Gana
15,17,Dinamarca,Gana
15,17,Sérvia,Gana
15,17,México,Gana
15,17,Arábia Saudita,Gana
15,17,Qatar,Gana
15,17,Senegal,Gana
15,17,Japão,Gana
15,17,Camarões,Gana
15,17,Canadá,Gana
15,17,Inglaterra,Gana
15,17,EUA,Gana
15,17,Brasil,Gana
15,17,Croácia,Gana
15,17,Austrália,Irã
15,17,Bélgica,Irã
15,17,Equador,Irã
15,17,Países Baixos,Irã
15,17,Costa Rica,Irã
15,17,Espanha,Irã
15,17,Tunísia,Irã
15,17,Polônia,Irã
15,17,França,Irã
15,17,Coreia do Sul,Irã
15,17,Dinamarca,Irã
15,17,Sérvia,Irã
15,17,México,Irã
15,17,Arábia Saudita,Irã
15,17,Qatar,Irã
15,17,Senegal,Irã
15,17,Japão,Irã
15,17,Camarões,Irã
15,17,Canadá,Irã
15,17,Inglaterra,Irã
15,17,EUA,Irã
15,17,Brasil,Irã
15,17,Croácia,Irã
15,17,Bélgica,Austrália
15,17,Equador,Austrália
15,17,Países Baixos,Austrália
15,17,Costa Rica,Austrália
15,17,Espanha,Austrália
15,17,Tunísia,Austrália
15,17,Polônia,Austrália
15,17,França,Austrália
15,17,Coreia do Sul,Austrália
15,17,Dinamarca,Austrália
15,17,Sérvia,Austrália
15,17,México,Austrália
15,17,Arábia Saudita,Austrália
15,17,Qatar,Austrália
15,17,Senegal,Austrália
15,17,Japão,Austrália
15,17,Camarões,Austrália
15,17,Canadá,Austrália
15,17,Inglaterra,Austrália
15,17,EUA,Austrália
15,17,Brasil,Austrália
15,17,Croácia,Austrália
15,17,Equador,Bélgica
15,17,Países Baixos,Bélgica
15,17,Costa Rica,Bélgica
15,17,Espanha,Bélgica
15,17,Tunísia,Bélgica
15,17,Polônia,Bélgica
15,17,França,Bélgica
15,17,Coreia do Sul,Bélgica
15,17,Dinamarca,Bélgica
15,17,Sérvia,Bélgica
15,17,México,Bélgica
15,17,Arábia Saudita,Bélgica
15,17,Qatar,Bélgica
15,17,Senegal,Bélgica
15,17,Japão,Bélgica
15,17,Camarões,Bélgica
15,17,Canadá,Bélgica
15,17,Inglaterra,Bélgica
15,17,EUA,Bélgica
15,17,Brasil,Bélgica
15,17,Croácia,Bélgica
15,17,Países Baixos,Equador
15,17,Costa Rica,Equador
15,17,Espanha,Equador
15,17,Tunísia,Equador
15,17,Polônia,Equador
15,17,França,Equador
15,17,Coreia do Sul,Equador
15,17,Dinamarca,Equador
15,17,Sérvia,Equador
15,17,México,Equador
15,17,Arábia Saudita,Equador
15,17,Qatar,Equador
15,17,Senegal,Equador
15,17,Japão,Equador
15,17,Camarões,Equador
15,17,Canadá,Equador
15,17,Inglaterra,Equador
15,17,EUA,Equador
15,17,Brasil,Equador
15,17,Croácia,Equador
15,17,Costa Rica,Países Baixos
15,17,Espanha,Países Baixos
15,17,Tunísia,Países Baixos
15,17,Polônia,Países Baixos
15,17,França,Países Baixos
15,17,Coreia do Sul,Países Baixos
15,17,Dinamarca,Países Baixos
15,17,Sérvia,Países Baixos
15,17,México,Países Baixos
15,17,Arábia Saudita,Países Baixos
15,17,Qatar,Países Baixos
15,17,Senegal,Países Baixos
15,17,Japão,Países Baixos
15,17,Camarões,Países Baixos
15,17,Canadá,Países Baixos
15,17,Inglaterra,Países Baixos
15,17,EUA,Países Baixos
15,17,Brasil,Países Baixos
15,17,Croácia,Países Baixos
15,17,Espanha,Costa Rica
15,17,Tunísia,Costa Rica
15,17,Polônia,Costa Rica
15,17,França,Costa Rica
15,17,Coreia do Sul,Costa Rica
15,17,Dinamarca,Costa Rica
15,17,Sérvia,Costa Rica
15,17,México,Costa Rica
15,17,Arábia Saudita,Costa Rica
15,17,Qatar,Costa Rica
15,17,Senegal,Costa Rica
15,17,Japão,Costa Rica
15,17,Camarões,Costa Rica
15,17,Canadá,Costa Rica
15,17,Inglaterra,Costa Rica
15,17,EUA,Costa Rica
15,17,Brasil,Costa Rica
15,17,Croácia,Costa Rica
15,17,Tunísia,Espanha
15,17,Polônia,Espanha
15,17,França,Espanha
15,17,Coreia do Sul,Espanha
15,17,Dinamarca,Espanha
15,17,Sérvia,Espanha
15,17,México,Espanha
15,17,Arábia Saudita,Espanha
15,17,Qatar,Espanha
15,17,Senegal,Espanha
15,17,Japão,Espanha
15,17,Camarões,Espanha
15,17,Canadá,Espanha
15,17,Inglaterra,Espanha
15,17,EUA,Espanha
15,17,Brasil,Espanha
15,17,Croácia,Espanha
15,17,Polônia,Tunísia
15,17,França,Tunísia
15,17,Coreia do Sul,Tunísia
15,17,Dinamarca,Tunísia
15,17,Sérvia,Tunísia
15,17,México,Tunísia
15,17,Arábia Saudita,Tunísia
15,17,Qatar,Tunísia
15,17,Senegal,Tunísia
15,17,Japão,Tunísia
15,17,Camarões,Tunísia
15,17,Canadá,Tunísia
15,17,Inglaterra,Tunísia
15,17,EUA,Tunísia
15,17,Brasil,Tunísia
15,17,Croácia,Tunísia
15,17,França,Polônia
15,17,Coreia do Sul,Polônia
15,17,Dinamarca,Polônia
15,17,Sérvia,Polônia
15,17,México,Polônia
15,17,Arábia Saudita,Polônia
15,17,Qatar,Polônia
15,17,Senegal,Polônia
15,17,Japão,Polônia
15,17,Camarões,Polônia
15,17,Canadá,Polônia
15,17,Inglaterra,Polônia
15,17,EUA,Polônia
15,17,Brasil,Polônia
15,17,Croácia,Polônia
15,17,Coreia do Sul,França
15,17,Dinamarca,França
15,17,Sérvia,França
15,17,México,França
15,17,Arábia Saudita,França
15,17,Qatar,França
15,17,Senegal,França
15,17,Japão,França
15,17,Camarões,França
15,17,Canadá,França
15,17,Inglaterra,França
15,17,EUA,França
15,17,Brasil,França
15,17,Croácia,França
15,17,Dinamarca,Coreia do Sul
15,17,Sérvia,Coreia do Sul
15,17,México,Coreia do Sul
15,17,Arábia Saudita,Coreia do Sul
15,17,Qatar,Coreia do Sul
15,17,Senegal,Coreia do Sul
15,17,Japão,Coreia do Sul
15,17,Camarões,Coreia do Sul
15,17,Canadá,Coreia do Sul
15,17,Inglaterra,Coreia do Sul
15,17,EUA,Coreia do Sul
15,17,Brasil,Coreia do Sul
15,17,Croácia,Coreia do Sul
15,17,Sérvia,Dinamarca
15,17,México,Dinamarca
15,17,Arábia Saudita,Dinamarca
15,17,Qatar,Dinamarca
15,17,Senegal,Dinamarca
15,17,Japão,Dinamarca
15,17,Camarões,Dinamarca
15,17,Canadá,Dinamarca
15,17,Inglaterra,Dinamarca
15,17,EUA,Dinamarca
15,17,Brasil,Dinamarca
15,17,Croácia,Dinamarca
15,17,México,Sérvia
15,17,Arábia Saudita,Sérvia
15,17,Qatar,Sérvia
15,17,Senegal,Sérvia
15,17,Japão,Sérvia
15,17,Camarões,Sérvia
15,17,Canadá,Sérvia
15,17,Inglaterra,Sérvia
15,17,EUA,Sérvia
15,17,Brasil,Sérvia
15,17,Croácia,Sérvia
15,17,Arábia Saudita,México
15,17,Qatar,México
15,17,Senegal,México
15,17,Japão,México
15,17,Camarões,México
15,17,Canadá,México
15,17,Inglaterra,México
15,17,EUA,México
15,17,Brasil,México
15,17,Croácia,México
15,17,Qatar,Arábia Saudita
15,17,Senegal,Arábia Saudita
15,17,Japão,Arábia Saudita
15,17,Camarões,Arábia Saudita
15,17,Canadá,Arábia Saudita
15,17,Inglaterra,Arábia Saudita
15,17,EUA,Arábia Saudita
15,17,Brasil,Arábia Saudita
15,17,Croácia,Arábia Saudita
15,17,Senegal,Qatar
15,17,Japão,Qatar
15,17,Camarões,Qatar
15,17,Canadá,Qatar
15,17,Inglaterra,Qatar
15,17,EUA,Qatar
15,17,Brasil,Qatar
15,17,Croácia,Qatar
15,17,Japão,Senegal
15,17,Camarões,Senegal
15,17,Canadá,Senegal
15,17,Inglaterra,Senegal
15,17,EUA,Senegal
15,17,Brasil,Senegal
15,17,Croácia,Senegal
15,17,Camarões,Japão
15,17,Canadá,Japão
15,17,Inglaterra,Japão
15,17,EUA,Japão
15,17,Brasil,Japão
15,17,Croácia,Japão
15,17,Canadá,Camarões
15,17,Inglaterra,Camarões
15,17,EUA,Camarões
15,17,Brasil,Camarões
15,17,Croácia,Camarões
15,17,Inglaterra,Canadá
15,17,EUA,Canadá
15,17,Brasil,Canadá
15,17,Croácia,Canadá
15,17,EUA,Inglaterra
15,17,Brasil,Inglaterra
15,17,Croácia,Inglaterra
15,17,Brasil,EUA
15,17,Croácia,EUA
15,17,Croácia,Brasil
15,20,Marrocos,Argentina
15,20,País de Gales,Argentina
15,20,Alemanha,Argentina
15,20,Portugal,Argentina
15,20,Suíça,Argentina
15,20,Uruguai,Argentina
15,20,Gana,Argentina
15,20,Irã,Argentina
15,20,Austrália,Argentina
15,20,Bélgica,Argentina
15,20,Equador,Argentina
15,20,Países Baixos,Argentina
15,20,Costa Rica,Argentina
15,20,Espanha,Argentina
15,20,Tunísia,Argentina
15,20,Polônia,Argentina
15,20,França,Argentina
15,20,Coreia do Sul,Argentina
15,20,Dinamarca,Argentina
15,20,Sérvia,Argentina
15,20,México,Argentina
15,20,Arábia Saudita,Argentina
15,20,Qatar,Argentina
15,20,Senegal,Argentina
15,20,Japão,Argentina
15,20,Camarões,Argentina
15,20,Canadá,Argentina
15,20,Inglaterra,Argentina
15,20,EUA,Argentina
15,20,Brasil,Argentina
15,20,Croácia,Argentina
15,20,País de Gales,Marrocos
15,20,Alemanha,Marrocos
15,20,Portugal,Marrocos
15,20,Suíça,Marrocos
15,20,Uruguai,Marrocos
15,20,Gana,Marrocos
15,20,Irã,Marrocos
15,20,Austrália,Marrocos
15,20,Bélgica,Marrocos
15,20,Equador,Marrocos
15,20,Países Baixos,Marrocos
15,20,Costa Rica,Marrocos
15,20,Espanha,Marrocos
15,20,Tunísia,Marrocos
15,20,Polônia,Marrocos
15,20,França,Marrocos
15,20,Coreia do Sul,Marrocos
15,20,Dinamarca,Marrocos
15,20,Sérvia,Marrocos
15,20,México,Marrocos
15,20,Arábia Saudita,Marrocos
15,20,Qatar,Marrocos
15,20,Senegal,Marrocos
15,20,Japão,Marrocos
15,20,Camarões,Marrocos
15,20,Canadá,Marrocos
15,20,Inglaterra,Marrocos
15,20,EUA,Marrocos
15,20,Brasil,Marrocos
15,20,Croácia,Marrocos
15,20,Alemanha,País de Gales
15,20,Portugal,País de Gales
15,20,Suíça,País de Gales
15,20,Uruguai,País de Gales
15,20,Gana,País de Gales
15,20,Irã,País de Gales
15,20,Austrália,País de Gales
15,20,Bélgica,País de Gales
15,20,Equador,País de Gales
15,20,Países Baixos,País de Gales
15,20,Costa Rica,País de Gales
15,20,Espanha,País de Gales
15,20,Tunísia,País de Gales
15,20,Polônia,País de Gales
15,20,França,País de Gales
15,20,Coreia do Sul,País de Gales
15,20,Dinamarca,País de Gales
15,20,Sérvia,País de Gales
15,20,México,País de Gales
15,20,Arábia Saudita,País de Gales
15,20,Qatar,País de Gales
15,20,Senegal,País de Gales
15,20,Japão,País de Gales
15,20,Camarões,País de Gales
15,20,Canadá,País de Gales
15,20,Inglaterra,País de Gales
15,20,EUA,País de Gales
15,20,Brasil,País de Gales
15,20,Croácia,País de Gales
15,20,Portugal,Alemanha
15,20,Suíça,Alemanha
15,20,Uruguai,Alemanha
15,20,Gana,Alemanha
15,20,Irã,Alemanha
15,20,Austrália,Alemanha
15,20,Bélgica,Alemanha
15,20,Equador,Alemanha
15,20,Países Baixos,Alemanha
15,20,Costa Rica,Alemanha
15,20,Espanha,Alemanha
15,20,Tunísia,Alemanha
15,20,Polônia,Alemanha
15,20,França,Alemanha
15,20,Coreia do Sul,Alemanha
15,20,Dinamarca,Alemanha
15,20,Sérvia,Alemanha
15,20,México,Alemanha
15,20,Arábia Saudita,Alemanha
15,20,Qatar,Alemanha
15,20,Senegal,Alemanha
15,20,Japão,Alemanha
15,20,Camarões,Alemanha
15,20,Canadá,Alemanha
15,20,Inglaterra,Alemanha
15,20,EUA,Alemanha
15,20,Brasil,Alemanha
15,20,Croácia,Alemanha
15,20,Suíça,Portugal
15,20,Uruguai,Portugal
15,20,Gana,Portugal
15,20,Irã,Portugal
15,20,Austrália,Portugal
15,20,Bélgica,Portugal
15,20,Equador,Portugal
15,20,Países Baixos,Portugal
15,20,Costa Rica,Portugal
15,20,Espanha,Portugal
15,20,Tunísia,Portugal
15,20,Polônia,Portugal
15,20,França,Portugal
15,20,Coreia do Sul,Portugal
15,20,Dinamarca,Portugal
15,20,Sérvia,Portugal
15,20,México,Portugal
15,20,Arábia Saudita,Portugal
15,20,Qatar,Portugal
15,20,Senegal,Portugal
15,20,Japão,Portugal
15,20,Camarões,Portugal
15,20,Canadá,Portugal
15,20,Inglaterra,Portugal
15,20,EUA,Portugal
15,20,Brasil,Portugal
15,20,Croácia,Portugal
15,20,Uruguai,Suíça
15,20,Gana,Suíça
15,20,Irã,Suíça
15,20,Austrália,Suíça
15,20,Bélgica,Suíça
15,20,Equador,Suíça
15,20,Países Baixos,Suíça
15,20,Costa Rica,Suíça
15,20,Espanha,Suíça
15,20,Tunísia,Suíça
15,20,Polônia,Suíça
15,20,França,Suíça
15,20,Coreia do Sul,Suíça
15,20,Dinamarca,Suíça
15,20,Sérvia,Suíça
15,20,México,Suíça
15,20,Arábia Saudita,Suíça
15,20,Qatar,Suíça
15,20,Senegal,Suíça
15,20,Japão,Suíça
15,20,Camarões,Suíça
15,20,Canadá,Suíça
15,20,Inglaterra,Suíça
15,20,EUA,Suíça
15,20,Brasil,Suíça
15,20,Croácia,Suíça
15,20,Gana,Uruguai
15,20,Irã,Uruguai
15,20,Austrália,Uruguai
15,20,Bélgica,Uruguai
15,20,Equador,Uruguai
15,20,Países Baixos,Uruguai
15,20,Costa Rica,Uruguai
15,20,Espanha,Uruguai
15,20,Tunísia,Uruguai
15,20,Polônia,Uruguai
15,20,França,Uruguai
15,20,Coreia do Sul,Uruguai
15,20,Dinamarca,Uruguai
15,20,Sérvia,Uruguai
15,20,México,Uruguai
15,20,Arábia Saudita,Uruguai
15,20,Qatar,Uruguai
15,20,Senegal,Uruguai
15,20,Japão,Uruguai
15,20,Camarões,Uruguai
15,20,Canadá,Uruguai
15,20,Inglaterra,Uruguai
15,20,EUA,Uruguai
15,20,Brasil,Uruguai
15,20,Croácia,Uruguai
15,20,Irã,Gana
15,20,Austrália,Gana
15,20,Bélgica,Gana
15,20,Equador,Gana
15,20,Países Baixos,Gana
15,20,Costa Rica,Gana
15,20,Espanha,Gana
15,20,Tunísia,Gana
15,20,Polônia,Gana
15,20,França,Gana
15,20,Coreia do Sul,Gana
15,20,Dinamarca,Gana
15,20,Sérvia,Gana
15,20,México,Gana
15,20,Arábia Saudita,Gana
15,20,Qatar,Gana
15,20,Senegal,Gana
15,20,Japão,Gana
15,20,Camarões,Gana
15,20,Canadá,Gana
15,20,Inglaterra,Gana
15,20,EUA,Gana
15,20,Brasil,Gana
15,20,Croácia,Gana
15,20,Austrália,Irã
15,20,Bélgica,Irã
15,20,Equador,Irã
15,20,Países Baixos,Irã
15,20,Costa Rica,Irã
15,20,Espanha,Irã
15,20,Tunísia,Irã
15,20,Polônia,Irã
15,20,França,Irã
15,20,Coreia do Sul,Irã
15,20,Dinamarca,Irã
15,20,Sérvia,Irã
15,20,México,Irã
15,20,Arábia Saudita,Irã
15,20,Qatar,Irã
15,20,Senegal,Irã
15,20,Japão,Irã
15,20,Camarões,Irã
15,20,Canadá,Irã
15,20,Inglaterra,Irã
15,20,EUA,Irã
15,20,Brasil,Irã
15,20,Croácia,Irã
15,20,Bélgica,Austrália
15,20,Equador,Austrália
15,20,Países Baixos,Austrália
15,20,Costa Rica,Austrália
15,20,Espanha,Austrália
15,20,Tunísia,Austrália
15,20,Polônia,Austrália
15,20,França,Austrália
15,20,Coreia do Sul,Austrália
15,20,Dinamarca,Austrália
15,20,Sérvia,Austrália
15,20,México,Austrália
15,20,Arábia Saudita,Austrália
15,20,Qatar,Austrália
15,20,Senegal,Austrália
15,20,Japão,Austrália
15,20,Camarões,Austrália
15,20,Canadá,Austrália
15,20,Inglaterra,Austrália
15,20,EUA,Austrália
15,20,Brasil,Austrália
15,20,Croácia,Austrália
15,20,Equador,Bélgica
15,20,Países Baixos,Bélgica
15,20,Costa Rica,Bélgica
15,20,Espanha,Bélgica
15,20,Tunísia,Bélgica
15,20,Polônia,Bélgica
15,20,França,Bélgica
15,20,Coreia do Sul,Bélgica
15,20,Dinamarca,Bélgica
15,20,Sérvia,Bélgica
15,20,México,Bélgica
15,20,Arábia Saudita,Bélgica
15,20,Qatar,Bélgica
15,20,Senegal,Bélgica
15,20,Japão,Bélgica
15,20,Camarões,Bélgica
15,20,Canadá,Bélgica
15,20,Inglaterra,Bélgica
15,20,EUA,Bélgica
15,20,Brasil,Bélgica
15,20,Croácia,Bélgica
15,20,Países Baixos,Equador
15,20,Costa Rica,Equador
15,20,Espanha,Equador
15,20,Tunísia,Equador
15,20,Polônia,Equador
15,20,França,Equador
15,20,Coreia do Sul,Equador
15,20,Dinamarca,Equador
15,20,Sérvia,Equador
15,20,México,Equador
15,20,Arábia Saudita,Equador
15,20,Qatar,Equador
15,20,Senegal,Equador
15,20,Japão,Equador
15,20,Camarões,Equador
15,20,Canadá,Equador
15,20,Inglaterra,Equador
15,20,EUA,Equador
15,20,Brasil,Equador
15,20,Croácia,Equador
15,20,Costa Rica,Países Baixos
15,20,Espanha,Países Baixos
15,20,Tunísia,Países Baixos
15,20,Polônia,Países Baixos
15,20,França,Países Baixos
15,20,Coreia do Sul,Países Baixos
15,20,Dinamarca,Países Baixos
15,20,Sérvia,Países Baixos
15,20,México,Países Baixos
15,20,Arábia Saudita,Países Baixos
15,20,Qatar,Países Baixos
15,20,Senegal,Países Baixos
15,20,Japão,Países Baixos
15,20,Camarões,Países Baixos
15,20,Canadá,Países Baixos
15,20,Inglaterra,Países Baixos
15,20,EUA,Países Baixos
15,20,Brasil,Países Baixos
15,20,Croácia,Países Baixos
15,20,Espanha,Costa Rica
15,20,Tunísia,Costa Rica
15,20,Polônia,Costa Rica
15,20,França,Costa Rica
15,20,Coreia do Sul,Costa Rica
15,20,Dinamarca,Costa Rica
15,20,Sérvia,Costa Rica
15,20,México,Costa Rica
15,20,Arábia Saudita,Costa Rica
15,20,Qatar,Costa Rica
15,20,Senegal,Costa Rica
15,20,Japão,Costa Rica
15,20,Camarões,Costa Rica
15,20,Canadá,Costa Rica
15,20,Inglaterra,Costa Rica
15,20,EUA,Costa Rica
15,20,Brasil,Costa Rica
15,20,Croácia,Costa Rica
15,20,Tunísia,Espanha
15,20,Polônia,Espanha
15,20,França,Espanha
15,20,Coreia do Sul,Espanha
15,20,Dinamarca,Espanha
15,20,Sérvia,Espanha
15,20,México,Espanha
15,20,Arábia Saudita,Espanha
15,20,Qatar,Espanha
15,20,Senegal,Espanha
15,20,Japão,Espanha
15,20,Camarões,Espanha
15,20,Canadá,Espanha
15,20,Inglaterra,Espanha
15,20,EUA,Espanha
15,20,Brasil,Espanha
15,20,Croácia,Espanha
15,20,Polônia,Tunísia
15,20,França,Tunísia
15,20,Coreia do Sul,Tunísia
15,20,Dinamarca,Tunísia
15,20,Sérvia,Tunísia
15,20,México,Tunísia
15,20,Arábia Saudita,Tunísia
15,20,Qatar,Tunísia
15,20,Senegal,Tunísia
15,20,Japão,Tunísia
15,20,Camarões,Tunísia
15,20,Canadá,Tunísia
15,20,Inglaterra,Tunísia
15,20,EUA,Tunísia
15,20,Brasil,Tunísia
15,20,Croácia,Tunísia
15,20,França,Polônia
15,20,Coreia do Sul,Polônia
15,20,Dinamarca,Polônia
15,20,Sérvia,Polônia
15,20,México,Polônia
15,20,Arábia Saudita,Polônia
15,20,Qatar,Polônia
15,20,Senegal,Polônia
15,20,Japão,Polônia
15,20,Camarões,Polônia
15,20,Canadá,Polônia
15,20,Inglaterra,Polônia
15,20,EUA,Polônia
15,20,Brasil,Polônia
15,20,Croácia,Polônia
15,20,Coreia do Sul,França
15,20,Dinamarca,França
15,20,Sérvia,França
15,20,México,França
15,20,Arábia Saudita,França
15,20,Qatar,França
15,20,Senegal,França
15,20,Japão,França
15,20,Camarões,França
15,20,Canadá,França
15,20,Inglaterra,França
15,20,EUA,França
15,20,Brasil,França
15,20,Croácia,França
15,20,Dinamarca,Coreia do Sul
15,20,Sérvia,Coreia do Sul
15,20,México,Coreia do Sul
15,20,Arábia Saudita,Coreia do Sul
15,20,Qatar,Coreia do Sul
15,20,Senegal,Coreia do Sul
15,20,Japão,Coreia do Sul
15,20,Camarões,Coreia do Sul
15,20,Canadá,Coreia do Sul
15,20,Inglaterra,Coreia do Sul
15,20,EUA,Coreia do Sul
15,20,Brasil,Coreia do Sul
15,20,Croácia,Coreia do Sul
15,20,Sérvia,Dinamarca
15,20,México,Dinamarca
15,20,Arábia Saudita,Dinamarca
15,20,Qatar,Dinamarca
15,20,Senegal,Dinamarca
15,20,Japão,Dinamarca
15,20,Camarões,Dinamarca
15,20,Canadá,Dinamarca
15,20,Inglaterra,Dinamarca
15,20,EUA,Dinamarca
15,20,Brasil,Dinamarca
15,20,Croácia,Dinamarca
15,20,México,Sérvia
15,20,Arábia Saudita,Sérvia
15,20,Qatar,Sérvia
15,20,Senegal,Sérvia
15,20,Japão,Sérvia
15,20,Camarões,Sérvia
15,20,Canadá,Sérvia
15,20,Inglaterra,Sérvia
15,20,EUA,Sérvia
15,20,Brasil,Sérvia
15,20,Croácia,Sérvia
15,20,Arábia Saudita,México
15,20,Qatar,México
15,20,Senegal,México
15,20,Japão,México
15,20,Camarões,México
15,20,Canadá,México
15,20,Inglaterra,México
15,20,EUA,México
15,20,Brasil,México
15,20,Croácia,México
15,20,Qatar,Arábia Saudita
15,20,Senegal,Arábia Saudita
15,20,Japão,Arábia Saudita
15,20,Camarões,Arábia Saudita
15,20,Canadá,Arábia Saudita
15,20,Inglaterra,Arábia Saudita
15,20,EUA,Arábia Saudita
15,20,Brasil,Arábia Saudita
15,20,Croácia,Arábia Saudita
15,20,Senegal,Qatar
15,20,Japão,Qatar
15,20,Camarões,Qatar
15,20,Canadá,Qatar
15,20,Inglaterra,Qatar
15,20,EUA,Qatar
15,20,Brasil,Qatar
15,20,Croácia,Qatar
15,20,Japão,Senegal
15,20,Camarões,Senegal
15,20,Canadá,Senegal
15,20,Inglaterra,Senegal
15,20,EUA,Senegal
15,20,Brasil,Senegal
15,20,Croácia,Senegal
15,20,Camarões,Japão
15,20,Canadá,Japão
15,20,Inglaterra,Japão
15,20,EUA,Japão
15,20,Brasil,Japão
15,20,Croácia,Japão
15,20,Canadá,Camarões
15,20,Inglaterra,Camarões
15,20,EUA,Camarões
15,20,Brasil,Camarões
15,20,Croácia,Camarões
15,20,Inglaterra,Canadá
15,20,EUA,Canadá
15,20,Brasil,Canadá
15,20,Croácia,Canadá
15,20,EUA,Inglaterra
15,20,Brasil,Inglaterra
15,20,Croácia,Inglaterra
15,20,Brasil,EUA
15,20,Croácia,EUA
15,20,Croácia,Brasil
15,23,Marrocos,Argentina
15,23,País de Gales,Argentina
15,23,Alemanha,Argentina
15,23,Portugal,Argentina
15,23,Suíça,Argentina
15,23,Uruguai,Argentina
15,23,Gana,Argentina
15,23,Irã,Argentina
15,23,Austrália,Argentina
15,23,Bélgica,Argentina
15,23,Equador,Argentina
15,23,Países Baixos,Argentina
15,23,Costa Rica,Argentina
15,23,Espanha,Argentina
15,23,Tunísia,Argentina
15,23,Polônia,Argentina
15,23,França,Argentina
15,23,Coreia do Sul,Argentina
15,23,Dinamarca,Argentina
15,23,Sérvia,Argentina
15,23,México,Argentina
15,23,Arábia Saudita,Argentina
15,23,Qatar,Argentina
15,23,Senegal,Argentina
15,23,Japão,Argentina
15,23,Camarões,Argentina
15,23,Canadá,Argentina
15,23,Inglaterra,Argentina
15,23,EUA,Argentina
15,23,Brasil,Argentina
15,23,Croácia,Argentina
15,23,País de Gales,Marrocos
15,23,Alemanha,Marrocos
15,23,Portugal,Marrocos
15,23,Suíça,Marrocos
15,23,Uruguai,Marrocos
15,23,Gana,Marrocos
15,23,Irã,Marrocos
15,23,Austrália,Marrocos
15,23,Bélgica,Marrocos
15,23,Equador,Marrocos
15,23,Países Baixos,Marrocos
15,23,Costa Rica,Marrocos
15,23,Espanha,Marrocos
15,23,Tunísia,Marrocos
15,23,Polônia,Marrocos
15,23,França,Marrocos
15,23,Coreia do Sul,Marrocos
15,23,Dinamarca,Marrocos
15,23,Sérvia,Marrocos
15,23,México,Marrocos
15,23,Arábia Saudita,Marrocos
15,23,Qatar,Marrocos
15,23,Senegal,Marrocos
15,23,Japão,Marrocos
15,23,Camarões,Marrocos
15,23,Canadá,Marrocos
15,23,Inglaterra,Marrocos
15,23,EUA,Marrocos
15,23,Brasil,Marrocos
15,23,Croácia,Marrocos
15,23,Alemanha,País de Gales
15,23,Portugal,País de Gales
15,23,Suíça,País de Gales
15,23,Uruguai,País de Gales
15,23,Gana,País de Gales
15,23,Irã,País de Gales
15,23,Austrália,País de Gales
15,23,Bélgica,País de Gales
15,23,Equador,País de Gales
15,23,Países Baixos,País de Gales
15,23,Costa Rica,País de Gales
15,23,Espanha,País de Gales
15,23,Tunísia,País de Gales
15,23,Polônia,País de Gales
15,23,França,País de Gales
15,23,Coreia do Sul,País de Gales
15,23,Dinamarca,País de Gales
15,23,Sérvia,País de Gales
15,23,México,País de Gales
15,23,Arábia Saudita,País de Gales
15,23,Qatar,País de Gales
15,23,Senegal,País de Gales
15,23,Japão,País de Gales
15,23,Camarões,País de Gales
15,23,Canadá,País de Gales
15,23,Inglaterra,País de Gales
15,23,EUA,País de Gales
15,23,Brasil,País de Gales
15,23,Croácia,País de Gales
15,23,Portugal,Alemanha
15,23,Suíça,Alemanha
15,23,Uruguai,Alemanha
15,23,Gana,Alemanha
15,23,Irã,Alemanha
15,23,Austrália,Alemanha
15,23,Bélgica,Alemanha
15,23,Equador,Alemanha
15,23,Países Baixos,Alemanha
15,23,Costa Rica,Alemanha
15,23,Espanha,Alemanha
15,23,Tunísia,Alemanha
15,23,Polônia,Alemanha
15,23,França,Alemanha
15,23,Coreia do Sul,Alemanha
15,23,Dinamarca,Alemanha
15,23,Sérvia,Alemanha
15,23,México,Alemanha
15,23,Arábia Saudita,Alemanha
15,23,Qatar,Alemanha
15,23,Senegal,Alemanha
15,23,Japão,Alemanha
15,23,Camarões,Alemanha
15,23,Canadá,Alemanha
15,23,Inglaterra,Alemanha
15,23,EUA,Alemanha
15,23,Brasil,Alemanha
15,23,Croácia,Alemanha
15,23,Suíça,Portugal
15,23,Uruguai,Portugal
15,23,Gana,Portugal
15,23,Irã,Portugal
15,23,Austrália,Portugal
15,23,Bélgica,Portugal
15,23,Equador,Portugal
15,23,Países Baixos,Portugal
15,23,Costa Rica,Portugal
15,23,Espanha,Portugal
15,23,Tunísia,Portugal
15,23,Polônia,Portugal
15,23,França,Portugal
15,23,Coreia do Sul,Portugal
15,23,Dinamarca,Portugal
15,23,Sérvia,Portugal
15,23,México,Portugal
15,23,Arábia Saudita,Portugal
15,23,Qatar,Portugal
15,23,Senegal,Portugal
15,23,Japão,Portugal
15,23,Camarões,Portugal
15,23,Canadá,Portugal
15,23,Inglaterra,Portugal
15,23,EUA,Portugal
15,23,Brasil,Portugal
15,23,Croácia,Portugal
15,23,Uruguai,Suíça
15,23,Gana,Suíça
15,23,Irã,Suíça
15,23,Austrália,Suíça
15,23,Bélgica,Suíça
15,23,Equador,Suíça
15,23,Países Baixos,Suíça
15,23,Costa Rica,Suíça
15,23,Espanha,Suíça
15,23,Tunísia,Suíça
15,23,Polônia,Suíça
15,23,França,Suíça
15,23,Coreia do Sul,Suíça
15,23,Dinamarca,Suíça
15,23,Sérvia,Suíça
15,23,México,Suíça
15,23,Arábia Saudita,Suíça
15,23,Qatar,Suíça
15,23,Senegal,Suíça
15,23,Japão,Suíça
15,23,Camarões,Suíça
15,23,Canadá,Suíça
15,23,Inglaterra,Suíça
15,23,EUA,Suíça
15,23,Brasil,Suíça
15,23,Croácia,Suíça
15,23,Gana,Uruguai
15,23,Irã,Uruguai
15,23,Austrália,Uruguai
15,23,Bélgica,Uruguai
15,23,Equador,Uruguai
15,23,Países Baixos,Uruguai
15,23,Costa Rica,Uruguai
15,23,Espanha,Uruguai
15,23,Tunísia,Uruguai
15,23,Polônia,Uruguai
15,23,França,Uruguai
15,23,Coreia do Sul,Uruguai
15,23,Dinamarca,Uruguai
15,23,Sérvia,Uruguai
15,23,México,Uruguai
15,23,Arábia Saudita,Uruguai
15,23,Qatar,Uruguai
15,23,Senegal,Uruguai
15,23,Japão,Uruguai
15,23,Camarões,Uruguai
15,23,Canadá,Uruguai
15,23,Inglaterra,Uruguai
15,23,EUA,Uruguai
15,23,Brasil,Uruguai
15,23,Croácia,Uruguai
15,23,Irã,Gana
15,23,Austrália,Gana
15,23,Bélgica,Gana
15,23,Equador,Gana
15,23,Países Baixos,Gana
15,23,Costa Rica,Gana
15,23,Espanha,Gana
15,23,Tunísia,Gana
15,23,Polônia,Gana
15,23,França,Gana
15,23,Coreia do Sul,Gana
15,23,Dinamarca,Gana
15,23,Sérvia,Gana
15,23,México,Gana
15,23,Arábia Saudita,Gana
15,23,Qatar,Gana
15,23,Senegal,Gana
15,23,Japão,Gana
15,23,Camarões,Gana
15,23,Canadá,Gana
15,23,Inglaterra,Gana
15,23,EUA,Gana
15,23,Brasil,Gana
15,23,Croácia,Gana
15,23,Austrália,Irã
15,23,Bélgica,Irã
15,23,Equador,Irã
15,23,Países Baixos,Irã
15,23,Costa Rica,Irã
15,23,Espanha,Irã
15,23,Tunísia,Irã
15,23,Polônia,Irã
15,23,França,Irã
15,23,Coreia do Sul,Irã
15,23,Dinamarca,Irã
15,23,Sérvia,Irã
15,23,México,Irã
15,23,Arábia Saudita,Irã
15,23,Qatar,Irã
15,23,Senegal,Irã
15,23,Japão,Irã
15,23,Camarões,Irã
15,23,Canadá,Irã
15,23,Inglaterra,Irã
15,23,EUA,Irã
15,23,Brasil,Irã
15,23,Croácia,Irã
15,23,Bélgica,Austrália
15,23,Equador,Austrália
15,23,Países Baixos,Austrália
15,23,Costa Rica,Austrália
15,23,Espanha,Austrália
15,23,Tunísia,Austrália
15,23,Polônia,Austrália
15,23,França,Austrália
15,23,Coreia do Sul,Austrália
15,23,Dinamarca,Austrália
15,23,Sérvia,Austrália
15,23,México,Austrália
15,23,Arábia Saudita,Austrália
15,23,Qatar,Austrália
15,23,Senegal,Austrália
15,23,Japão,Austrália
15,23,Camarões,Austrália
15,23,Canadá,Austrália
15,23,Inglaterra,Austrália
15,23,EUA,Austrália
15,23,Brasil,Austrália
15,23,Croácia,Austrália
15,23,Equador,Bélgica
15,23,Países Baixos,Bélgica
15,23,Costa Rica,Bélgica
15,23,Espanha,Bélgica
15,23,Tunísia,Bélgica
15,23,Polônia,Bélgica
15,23,França,Bélgica
15,23,Coreia do Sul,Bélgica
15,23,Dinamarca,Bélgica
15,23,Sérvia,Bélgica
15,23,México,Bélgica
15,23,Arábia Saudita,Bélgica
15,23,Qatar,Bélgica
15,23,Senegal,Bélgica
15,23,Japão,Bélgica
15,23,Camarões,Bélgica
15,23,Canadá,Bélgica
15,23,Inglaterra,Bélgica
15,23,EUA,Bélgica
15,23,Brasil,Bélgica
15,23,Croácia,Bélgica
15,23,Países Baixos,Equador
15,23,Costa Rica,Equador
15,23,Espanha,Equador
15,23,Tunísia,Equador
15,23,Polônia,Equador
15,23,França,Equador
15,23,Coreia do Sul,Equador
15,23,Dinamarca,Equador
15,23,Sérvia,Equador
15,23,México,Equador
15,23,Arábia Saudita,Equador
15,23,Qatar,Equador
15,23,Senegal,Equador
15,23,Japão,Equador
15,23,Camarões,Equador
15,23,Canadá,Equador
15,23,Inglaterra,Equador
15,23,EUA,Equador
15,23,Brasil,Equador
15,23,Croácia,Equador
15,23,Costa Rica,Países Baixos
15,23,Espanha,Países Baixos
15,23,Tunísia,Países Baixos
15,23,Polônia,Países Baixos
15,23,França,Países Baixos
15,23,Coreia do Sul,Países Baixos
15,23,Dinamarca,Países Baixos
15,23,Sérvia,Países Baixos
15,23,México,Países Baixos
15,23,Arábia Saudita,Países Baixos
15,23,Qatar,Países Baixos
15,23,Senegal,Países Baixos
15,23,Japão,Países Baixos
15,23,Camarões,Países Baixos
15,23,Canadá,Países Baixos
15,23,Inglaterra,Países Baixos
15,23,EUA,Países Baixos
15,23,Brasil,Países Baixos
15,23,Croácia,Países Baixos
15,23,Espanha,Costa Rica
15,23,Tunísia,Costa Rica
15,23,Polônia,Costa Rica
15,23,França,Costa Rica
15,23,Coreia do Sul,Costa Rica
15,23,Dinamarca,Costa Rica
15,23,Sérvia,Costa Rica
15,23,México,Costa Rica
15,23,Arábia Saudita,Costa Rica
15,23,Qatar,Costa Rica
15,23,Senegal,Costa Rica
15,23,Japão,Costa Rica
15,23,Camarões,Costa Rica
15,23,Canadá,Costa Rica
15,23,Inglaterra,Costa Rica
15,23,EUA,Costa Rica
15,23,Brasil,Costa Rica
15,23,Croácia,Costa Rica
15,23,Tunísia,Espanha
15,23,Polônia,Espanha
15,23,França,Espanha
15,23,Coreia do Sul,Espanha
15,23,Dinamarca,Espanha
15,23,Sérvia,Espanha
15,23,México,Espanha
15,23,Arábia Saudita,Espanha
15,23,Qatar,Espanha
15,23,Senegal,Espanha
15,23,Japão,Espanha
15,23,Camarões,Espanha
15,23,Canadá,Espanha
15,23,Inglaterra,Espanha
15,23,EUA,Espanha
15,23,Brasil,Espanha
15,23,Croácia,Espanha
15,23,Polônia,Tunísia
15,23,França,Tunísia
15,23,Coreia do Sul,Tunísia
15,23,Dinamarca,Tunísia
15,23,Sérvia,Tunísia
15,23,México,Tunísia
15,23,Arábia Saudita,Tunísia
15,23,Qatar,Tunísia
15,23,Senegal,Tunísia
15,23,Japão,Tunísia
15,23,Camarões,Tunísia
15,23,Canadá,Tunísia
15,23,Inglaterra,Tunísia
15,23,EUA,Tunísia
15,23,Brasil,Tunísia
15,23,Croácia,Tunísia
15,23,França,Polônia
15,23,Coreia do Sul,Polônia
15,23,Dinamarca,Polônia
15,23,Sérvia,Polônia
15,23,México,Polônia
15,23,Arábia Saudita,Polônia
15,23,Qatar,Polônia
15,23,Senegal,Polônia
15,23,Japão,Polônia
15,23,Camarões,Polônia
15,23,Canadá,Polônia
15,23,Inglaterra,Polônia
15,23,EUA,Polônia
15,23,Brasil,Polônia
15,23,Croácia,Polônia
15,23,Coreia do Sul,França
15,23,Dinamarca,França
15,23,Sérvia,França
15,23,México,França
15,23,Arábia Saudita,França
15,23,Qatar,França
15,23,Senegal,França
15,23,Japão,França
15,23,Camarões,França
15,23,Canadá,França
15,23,Inglaterra,França
15,23,EUA,França
15,23,Brasil,França
15,23,Croácia,França
15,23,Dinamarca,Coreia do Sul
15,23,Sérvia,Coreia do Sul
15,23,México,Coreia do Sul
15,23,Arábia Saudita,Coreia do Sul
15,23,Qatar,Coreia do Sul
15,23,Senegal,Coreia do Sul
15,23,Japão,Coreia do Sul
15,23,Camarões,Coreia do Sul
15,23,Canadá,Coreia do Sul
15,23,Inglaterra,Coreia do Sul
15,23,EUA,Coreia do Sul
15,23,Brasil,Coreia do Sul
15,23,Croácia,Coreia do Sul
15,23,Sérvia,Dinamarca
15,23,México,Dinamarca
15,23,Arábia Saudita,Dinamarca
15,23,Qatar,Dinamarca
15,23,Senegal,Dinamarca
15,23,Japão,Dinamarca
15,23,Camarões,Dinamarca
15,23,Canadá,Dinamarca
15,23,Inglaterra,Dinamarca
15,23,EUA,Dinamarca
15,23,Brasil,Dinamarca
15,23,Croácia,Dinamarca
15,23,México,Sérvia
15,23,Arábia Saudita,Sérvia
15,23,Qatar,Sérvia
15,23,Senegal,Sérvia
15,23,Japão,Sérvia
15,23,Camarões,Sérvia
15,23,Canadá,Sérvia
15,23,Inglaterra,Sérvia
15,23,EUA,Sérvia
15,23,Brasil,Sérvia
15,23,Croácia,Sérvia
15,23,Arábia Saudita,México
15,23,Qatar,México
15,23,Senegal,México
15,23,Japão,México
15,23,Camarões,México
15,23,Canadá,México
15,23,Inglaterra,México
15,23,EUA,México
15,23,Brasil,México
15,23,Croácia,México
15,23,Qatar,Arábia Saudita
15,23,Senegal,Arábia Saudita
15,23,Japão,Arábia Saudita
15,23,Camarões,Arábia Saudita
15,23,Canadá,Arábia Saudita
15,23,Inglaterra,Arábia Saudita
15,23,EUA,Arábia Saudita
15,23,Brasil,Arábia Saudita
15,23,Croácia,Arábia Saudita
15,23,Senegal,Qatar
15,23,Japão,Qatar
15,23,Camarões,Qatar
15,23,Canadá,Qatar
15,23,Inglaterra,Qatar
15,23,EUA,Qatar
15,23,Brasil,Qatar
15,23,Croácia,Qatar
15,23,Japão,Senegal
15,23,Camarões,Senegal
15,23,Canadá,Senegal
15,23,Inglaterra,Senegal
15,23,EUA,Senegal
15,23,Brasil,Senegal
15,23,Croácia,Senegal
15,23,Camarões,Japão
15,23,Canadá,Japão
15,23,Inglaterra,Japão
15,23,EUA,Japão
15,23,Brasil,Japão
15,23,Croácia,Japão
15,23,Canadá,Camarões
15,23,Inglaterra,Camarões
15,23,EUA,Camarões
15,23,Brasil,Camarões
15,23,Croácia,Camarões
15,23,Inglaterra,Canadá
15,23,EUA,Canadá
15,23,Brasil,Canadá
15,23,Croácia,Canadá
15,23,EUA,Inglaterra
15,23,Brasil,Inglaterra
15,23,Croácia,Inglaterra
15,23,Brasil,EUA
15,23,Croácia,EUA
15,23,Croácia,Brasil
15,26,Marrocos,Argentina
15,26,País de Gales,Argentina
15,26,Alemanha,Argentina
15,26,Portugal,Argentina
15,26,Suíça,Argentina
15,26,Uruguai,Argentina
15,26,Gana,Argentina
15,26,Irã,Argentina
15,26,Austrália,Argentina
15,26,Bélgica,Argentina
15,26,Equador,Argentina
15,26,Países Baixos,Argentina
15,26,Costa Rica,Argentina
15,26,Espanha,Argentina
15,26,Tunísia,Argentina
15,26,Polônia,Argentina
15,26,França,Argentina
15,26,Coreia do Sul,Argentina
15,26,Dinamarca,Argentina
15,26,Sérvia,Argentina
15,26,México,Argentina
15,26,Arábia Saudita,Argentina
15,26,Qatar,Argentina
15,26,Senegal,Argentina
15,26,Japão,Argentina
15,26,Camarões,Argentina
15,26,Canadá,Argentina
15,26,Inglaterra,Argentina
15,26,EUA,Argentina
15,26,Brasil,Argentina
15,26,Croácia,Argentina
15,26,País de Gales,Marrocos
15,26,Alemanha,Marrocos
15,26,Portugal,Marrocos
15,26,Suíça,Marrocos
15,26,Uruguai,Marrocos
15,26,Gana,Marrocos
15,26,Irã,Marrocos
15,26,Austrália,Marrocos
15,26,Bélgica,Marrocos
15,26,Equador,Marrocos
15,26,Países Baixos,Marrocos
15,26,Costa Rica,Marrocos
15,26,Espanha,Marrocos
15,26,Tunísia,Marrocos
15,26,Polônia,Marrocos
15,26,França,Marrocos
15,26,Coreia do Sul,Marrocos
15,26,Dinamarca,Marrocos
15,26,Sérvia,Marrocos
15,26,México,Marrocos
15,26,Arábia Saudita,Marrocos
15,26,Qatar,Marrocos
15,26,Senegal,Marrocos
15,26,Japão,Marrocos
15,26,Camarões,Marrocos
15,26,Canadá,Marrocos
15,26,Inglaterra,Marrocos
15,26,EUA,Marrocos
15,26,Brasil,Marrocos
15,26,Croácia,Marrocos
15,26,Alemanha,País de Gales
15,26,Portugal,País de Gales
15,26,Suíça,País de Gales
15,26,Uruguai,País de Gales
15,26,Gana,País de Gales
15,26,Irã,País de Gales
15,26,Austrália,País de Gales
15,26,Bélgica,País de Gales
15,26,Equador,País de Gales
15,26,Países Baixos,País de Gales
15,26,Costa Rica,País de Gales
15,26,Espanha,País de Gales
15,26,Tunísia,País de Gales
15,26,Polônia,País de Gales
15,26,França,País de Gales
15,26,Coreia do Sul,País de Gales
15,26,Dinamarca,País de Gales
15,26,Sérvia,País de Gales
15,26,México,País de Gales
15,26,Arábia Saudita,País de Gales
15,26,Qatar,País de Gales
15,26,Senegal,País de Gales
15,26,Japão,País de Gales
15,26,Camarões,País de Gales
15,26,Canadá,País de Gales
15,26,Inglaterra,País de Gales
15,26,EUA,País de Gales
15,26,Brasil,País de Gales
15,26,Croácia,País de Gales
15,26,Portugal,Alemanha
15,26,Suíça,Alemanha
15,26,Uruguai,Alemanha
15,26,Gana,Alemanha
15,26,Irã,Alemanha
15,26,Austrália,Alemanha
15,26,Bélgica,Alemanha
15,26,Equador,Alemanha
15,26,Países Baixos,Alemanha
15,26,Costa Rica,Alemanha
15,26,Espanha,Alemanha
15,26,Tunísia,Alemanha
15,26,Polônia,Alemanha
15,26,França,Alemanha
15,26,Coreia do Sul,Alemanha
15,26,Dinamarca,Alemanha
15,26,Sérvia,Alemanha
15,26,México,Alemanha
15,26,Arábia Saudita,Alemanha
15,26,Qatar,Alemanha
15,26,Senegal,Alemanha
15,26,Japão,Alemanha
15,26,Camarões,Alemanha
15,26,Canadá,Alemanha
15,26,Inglaterra,Alemanha
15,26,EUA,Alemanha
15,26,Brasil,Alemanha
15,26,Croácia,Alemanha
15,26,Suíça,Portugal
15,26,Uruguai,Portugal
15,26,Gana,Portugal
15,26,Irã,Portugal
15,26,Austrália,Portugal
15,26,Bélgica,Portugal
15,26,Equador,Portugal
15,26,Países Baixos,Portugal
15,26,Costa Rica,Portugal
15,26,Espanha,Portugal
15,26,Tunísia,Portugal
15,26,Polônia,Portugal
15,26,França,Portugal
15,26,Coreia do Sul,Portugal
15,26,Dinamarca,Portugal
15,26,Sérvia,Portugal
15,26,México,Portugal
15,26,Arábia Saudita,Portugal
15,26,Qatar,Portugal
15,26,Senegal,Portugal
15,26,Japão,Portugal
15,26,Camarões,Portugal
15,26,Canadá,Portugal
15,26,Inglaterra,Portugal
15,26,EUA,Portugal
15,26,Brasil,Portugal
15,26,Croácia,Portugal
15,26,Uruguai,Suíça
15,26,Gana,Suíça
15,26,Irã,Suíça
15,26,Austrália,Suíça
15,26,Bélgica,Suíça
15,26,Equador,Suíça
15,26,Países Baixos,Suíça
15,26,Costa Rica,Suíça
15,26,Espanha,Suíça
15,26,Tunísia,Suíça
15,26,Polônia,Suíça
15,26,França,Suíça
15,26,Coreia do Sul,Suíça
15,26,Dinamarca,Suíça
15,26,Sérvia,Suíça
15,26,México,Suíça
15,26,Arábia Saudita,Suíça
15,26,Qatar,Suíça
15,26,Senegal,Suíça
15,26,Japão,Suíça
15,26,Camarões,Suíça
15,26,Canadá,Suíça
15,26,Inglaterra,Suíça
15,26,EUA,Suíça
15,26,Brasil,Suíça
15,26,Croácia,Suíça
15,26,Gana,Uruguai
15,26,Irã,Uruguai
15,26,Austrália,Uruguai
15,26,Bélgica,Uruguai
15,26,Equador,Uruguai
15,26,Países Baixos,Uruguai
15,26,Costa Rica,Uruguai
15,26,Espanha,Uruguai
15,26,Tunísia,Uruguai
15,26,Polônia,Uruguai
15,26,França,Uruguai
15,26,Coreia do Sul,Uruguai
15,26,Dinamarca,Uruguai
15,26,Sérvia,Uruguai
15,26,México,Uruguai
15,26,Arábia Saudita,Uruguai
15,26,Qatar,Uruguai
15,26,Senegal,Uruguai
15,26,Japão,Uruguai
15,26,Camarões,Uruguai
15,26,Canadá,Uruguai
15,26,Inglaterra,Uruguai
15,26,EUA,Uruguai
15,26,Brasil,Uruguai
15,26,Croácia,Uruguai
15,26,Irã,Gana
15,26,Austrália,Gana
15,26,Bélgica,Gana
15,26,Equador,Gana
15,26,Países Baixos,Gana
15,26,Costa Rica,Gana
15,26,Espanha,Gana
15,26,Tunísia,Gana
15,26,Polônia,Gana
15,26,França,Gana
15,26,Coreia do Sul,Gana
15,26,Dinamarca,Gana
15,26,Sérvia,Gana
15,26,México,Gana
15,26,Arábia Saudita,Gana
15,26,Qatar,Gana
15,26,Senegal,Gana
15,26,Japão,Gana
15,26,Camarões,Gana
15,26,Canadá,Gana
15,26,Inglaterra,Gana
15,26,EUA,Gana
15,26,Brasil,Gana
15,26,Croácia,Gana
15,26,Austrália,Irã
15,26,Bélgica,Irã
15,26,Equador,Irã
15,26,Países Baixos,Irã
15,26,Costa Rica,Irã
15,26,Espanha,Irã
15,26,Tunísia,Irã
15,26,Polônia,Irã
15,26,França,Irã
15,26,Coreia do Sul,Irã
15,26,Dinamarca,Irã
15,26,Sérvia,Irã
15,26,México,Irã
15,26,Arábia Saudita,Irã
15,26,Qatar,Irã
15,26,Senegal,Irã
15,26,Japão,Irã
15,26,Camarões,Irã
15,26,Canadá,Irã
15,26,Inglaterra,Irã
15,26,EUA,Irã
15,26,Brasil,Irã
15,26,Croácia,Irã
15,26,Bélgica,Austrália
15,26,Equador,Austrália
15,26,Países Baixos,Austrália
15,26,Costa Rica,Austrália
15,26,Espanha,Austrália
15,26,Tunísia,Austrália
15,26,Polônia,Austrália
15,26,França,Austrália
15,26,Coreia do Sul,Austrália
15,26,Dinamarca,Austrália
15,26,Sérvia,Austrália
15,26,México,Austrália
15,26,Arábia Saudita,Austrália
15,26,Qatar,Austrália
15,26,Senegal,Austrália
15,26,Japão,Austrália
15,26,Camarões,Austrália
15,26,Canadá,Austrália
15,26,Inglaterra,Austrália
15,26,EUA,Austrália
15,26,Brasil,Austrália
15,26,Croácia,Austrália
15,26,Equador,Bélgica
15,26,Países Baixos,Bélgica
15,26,Costa Rica,Bélgica
15,26,Espanha,Bélgica
15,26,Tunísia,Bélgica
15,26,Polônia,Bélgica
15,26,França,Bélgica
15,26,Coreia do Sul,Bélgica
15,26,Dinamarca,Bélgica
15,26,Sérvia,Bélgica
15,26,México,Bélgica
15,26,Arábia Saudita,Bélgica
15,26,Qatar,Bélgica
15,26,Senegal,Bélgica
15,26,Japão,Bélgica
15,26,Camarões,Bélgica
15,26,Canadá,Bélgica
15,26,Inglaterra,Bélgica
15,26,EUA,Bélgica
15,26,Brasil,Bélgica
15,26,Croácia,Bélgica
15,26,Países Baixos,Equador
15,26,Costa Rica,Equador
15,26,Espanha,Equador
15,26,Tunísia,Equador
15,26,Polônia,Equador
15,26,França,Equador
15,26,Coreia do Sul,Equador
15,26,Dinamarca,Equador
15,26,Sérvia,Equador
15,26,México,Equador
15,26,Arábia Saudita,Equador
15,26,Qatar,Equador
15,26,Senegal,Equador
15,26,Japão,Equador
15,26,Camarões,Equador
15,26,Canadá,Equador
15,26,Inglaterra,Equador
15,26,EUA,Equador
15,26,Brasil,Equador
15,26,Croácia,Equador
15,26,Costa Rica,Países Baixos
15,26,Espanha,Países Baixos
15,26,Tunísia,Países Baixos
15,26,Polônia,Países Baixos
15,26,França,Países Baixos
15,26,Coreia do Sul,Países Baixos
15,26,Dinamarca,Países Baixos
15,26,Sérvia,Países Baixos
15,26,México,Países Baixos
15,26,Arábia Saudita,Países Baixos
15,26,Qatar,Países Baixos
15,26,Senegal,Países Baixos
15,26,Japão,Países Baixos
15,26,Camarões,Países Baixos
15,26,Canadá,Países Baixos
15,26,Inglaterra,Países Baixos
15,26,EUA,Países Baixos
15,26,Brasil,Países Baixos
15,26,Croácia,Países Baixos
15,26,Espanha,Costa Rica
15,26,Tunísia,Costa Rica
15,26,Polônia,Costa Rica
15,26,França,Costa Rica
15,26,Coreia do Sul,Costa Rica
15,26,Dinamarca,Costa Rica
15,26,Sérvia,Costa Rica
15,26,México,Costa Rica
15,26,Arábia Saudita,Costa Rica
15,26,Qatar,Costa Rica
15,26,Senegal,Costa Rica
15,26,Japão,Costa Rica
15,26,Camarões,Costa Rica
15,26,Canadá,Costa Rica
15,26,Inglaterra,Costa Rica
15,26,EUA,Costa Rica
15,26,Brasil,Costa Rica
15,26,Croácia,Costa Rica
15,26,Tunísia,Espanha
15,26,Polônia,Espanha
15,26,França,Espanha
15,26,Coreia do Sul,Espanha
15,26,Dinamarca,Espanha
15,26,Sérvia,Espanha
15,26,México,Espanha
15,26,Arábia Saudita,Espanha
15,26,Qatar,Espanha
15,26,Senegal,Espanha
15,26,Japão,Espanha
15,26,Camarões,Espanha
15,26,Canadá,Espanha
15,26,Inglaterra,Espanha
15,26,EUA,Espanha
15,26,Brasil,Espanha
15,26,Croácia,Espanha
15,26,Polônia,Tunísia
15,26,França,Tunísia
15,26,Coreia do Sul,Tunísia
15,26,Dinamarca,Tunísia
15,26,Sérvia,Tunísia
15,26,México,Tunísia
15,26,Arábia Saudita,Tunísia
15,26,Qatar,Tunísia
15,26,Senegal,Tunísia
15,26,Japão,Tunísia
15,26,Camarões,Tunísia
15,26,Canadá,Tunísia
15,26,Inglaterra,Tunísia
15,26,EUA,Tunísia
15,26,Brasil,Tunísia
15,26,Croácia,Tunísia
15,26,França,Polônia
15,26,Coreia do Sul,Polônia
15,26,Dinamarca,Polônia
15,26,Sérvia,Polônia
15,26,México,Polônia
15,26,Arábia Saudita,Polônia
15,26,Qatar,Polônia
15,26,Senegal,Polônia
15,26,Japão,Polônia
15,26,Camarões,Polônia
15,26,Canadá,Polônia
15,26,Inglaterra,Polônia
15,26,EUA,Polônia
15,26,Brasil,Polônia
15,26,Croácia,Polônia
15,26,Coreia do Sul,França
15,26,Dinamarca,França
15,26,Sérvia,França
15,26,México,França
15,26,Arábia Saudita,França
15,26,Qatar,França
15,26,Senegal,França
15,26,Japão,França
15,26,Camarões,França
15,26,Canadá,França
15,26,Inglaterra,França
15,26,EUA,França
15,26,Brasil,França
15,26,Croácia,França
15,26,Dinamarca,Coreia do Sul
15,26,Sérvia,Coreia do Sul
15,26,México,Coreia do Sul
15,26,Arábia Saudita,Coreia do Sul
15,26,Qatar,Coreia do Sul
15,26,Senegal,Coreia do Sul
15,26,Japão,Coreia do Sul
15,26,Camarões,Coreia do Sul
15,26,Canadá,Coreia do Sul
15,26,Inglaterra,Coreia do Sul
15,26,EUA,Coreia do Sul
15,26,Brasil,Coreia do Sul
15,26,Croácia,Coreia do Sul
15,26,Sérvia,Dinamarca
15,26,México,Dinamarca
15,26,Arábia Saudita,Dinamarca
15,26,Qatar,Dinamarca
15,26,Senegal,Dinamarca
15,26,Japão,Dinamarca
15,26,Camarões,Dinamarca
15,26,Canadá,Dinamarca
15,26,Inglaterra,Dinamarca
15,26,EUA,Dinamarca
15,26,Brasil,Dinamarca
15,26,Croácia,Dinamarca
15,26,México,Sérvia
15,26,Arábia Saudita,Sérvia
15,26,Qatar,Sérvia
15,26,Senegal,Sérvia
15,26,Japão,Sérvia
15,26,Camarões,Sérvia
15,26,Canadá,Sérvia
15,26,Inglaterra,Sérvia
15,26,EUA,Sérvia
15,26,Brasil,Sérvia
15,26,Croácia,Sérvia
15,26,Arábia Saudita,México
15,26,Qatar,México
15,26,Senegal,México
15,26,Japão,México
15,26,Camarões,México
15,26,Canadá,México
15,26,Inglaterra,México
15,26,EUA,México
15,26,Brasil,México
15,26,Croácia,México
15,26,Qatar,Arábia Saudita
15,26,Senegal,Arábia Saudita
15,26,Japão,Arábia Saudita
15,26,Camarões,Arábia Saudita
15,26,Canadá,Arábia Saudita
15,26,Inglaterra,Arábia Saudita
15,26,EUA,Arábia Saudita
15,26,Brasil,Arábia Saudita
15,26,Croácia,Arábia Saudita
15,26,Senegal,Qatar
15,26,Japão,Qatar
15,26,Camarões,Qatar
15,26,Canadá,Qatar
15,26,Inglaterra,Qatar
15,26,EUA,Qatar
15,26,Brasil,Qatar
15,26,Croácia,Qatar
15,26,Japão,Senegal
15,26,Camarões,Senegal
15,26,Canadá,Senegal
15,26,Inglaterra,Senegal
15,26,EUA,Senegal
15,26,Brasil,Senegal
15,26,Croácia,Senegal
15,26,Camarões,Japão
15,26,Canadá,Japão
15,26,Inglaterra,Japão
15,26,EUA,Japão
15,26,Brasil,Japão
15,26,Croácia,Japão
15,26,Canadá,Camarões
15,26,Inglaterra,Camarões
15,26,EUA,Camarões
15,26,Brasil,Camarões
15,26,Croácia,Camarões
15,26,Inglaterra,Canadá
15,26,EUA,Canadá
15,26,Brasil,Canadá
15,26,Croácia,Canadá
15,26,EUA,Inglaterra
15,26,Brasil,Inglaterra
15,26,Croácia,Inglaterra
15,26,Brasil,EUA
15,26,Croácia,EUA
15,26,Croácia,Brasil
15,29,Marrocos,Argentina
15,29,País de Gales,Argentina
15,29,Alemanha,Argentina
15,29,Portugal,Argentina
15,29,Suíça,Argentina
15,29,Uruguai,Argentina
15,29,Gana,Argentina
15,29,Irã,Argentina
15,29,Austrália,Argentina
15,29,Bélgica,Argentina
15,29,Equador,Argentina
15,29,Países Baixos,Argentina
15,29,Costa Rica,Argentina
15,29,Espanha,Argentina
15,29,Tunísia,Argentina
15,29,Polônia,Argentina
15,29,França,Argentina
15,29,Coreia do Sul,Argentina
15,29,Dinamarca,Argentina
15,29,Sérvia,Argentina
15,29,México,Argentina
15,29,Arábia Saudita,Argentina
15,29,Qatar,Argentina
15,29,Senegal,Argentina
15,29,Japão,Argentina
15,29,Camarões,Argentina
15,29,Canadá,Argentina
15,29,Inglaterra,Argentina
15,29,EUA,Argentina
15,29,Brasil,Argentina
15,29,Croácia,Argentina
15,29,País de Gales,Marrocos
15,29,Alemanha,Marrocos
15,29,Portugal,Marrocos
15,29,Suíça,Marrocos
15,29,Uruguai,Marrocos
15,29,Gana,Marrocos
15,29,Irã,Marrocos
15,29,Austrália,Marrocos
15,29,Bélgica,Marrocos
15,29,Equador,Marrocos
15,29,Países Baixos,Marrocos
15,29,Costa Rica,Marrocos
15,29,Espanha,Marrocos
15,29,Tunísia,Marrocos
15,29,Polônia,Marrocos
15,29,França,Marrocos
15,29,Coreia do Sul,Marrocos
15,29,Dinamarca,Marrocos
15,29,Sérvia,Marrocos
15,29,México,Marrocos
15,29,Arábia Saudita,Marrocos
15,29,Qatar,Marrocos
15,29,Senegal,Marrocos
15,29,Japão,Marrocos
15,29,Camarões,Marrocos
15,29,Canadá,Marrocos
15,29,Inglaterra,Marrocos
15,29,EUA,Marrocos
15,29,Brasil,Marrocos
15,29,Croácia,Marrocos
15,29,Alemanha,País de Gales
15,29,Portugal,País de Gales
15,29,Suíça,País de Gales
15,29,Uruguai,País de Gales
15,29,Gana,País de Gales
15,29,Irã,País de Gales
15,29,Austrália,País de Gales
15,29,Bélgica,País de Gales
15,29,Equador,País de Gales
15,29,Países Baixos,País de Gales
15,29,Costa Rica,País de Gales
15,29,Espanha,País de Gales
15,29,Tunísia,País de Gales
15,29,Polônia,País de Gales
15,29,França,País de Gales
15,29,Coreia do Sul,País de Gales
15,29,Dinamarca,País de Gales
15,29,Sérvia,País de Gales
15,29,México,País de Gales
15,29,Arábia Saudita,País de Gales
15,29,Qatar,País de Gales
15,29,Senegal,País de Gales
15,29,Japão,País de Gales
15,29,Camarões,País de Gales
15,29,Canadá,País de Gales
15,29,Inglaterra,País de Gales
15,29,EUA,País de Gales
15,29,Brasil,País de Gales
15,29,Croácia,País de Gales
15,29,Portugal,Alemanha
15,29,Suíça,Alemanha
15,29,Uruguai,Alemanha
15,29,Gana,Alemanha
15,29,Irã,Alemanha
15,29,Austrália,Alemanha
15,29,Bélgica,Alemanha
15,29,Equador,Alemanha
15,29,Países Baixos,Alemanha
15,29,Costa Rica,Alemanha
15,29,Espanha,Alemanha
15,29,Tunísia,Alemanha
15,29,Polônia,Alemanha
15,29,França,Alemanha
15,29,Coreia do Sul,Alemanha
15,29,Dinamarca,Alemanha
15,29,Sérvia,Alemanha
15,29,México,Alemanha
15,29,Arábia Saudita,Alemanha
15,29,Qatar,Alemanha
15,29,Senegal,Alemanha
15,29,Japão,Alemanha
15,29,Camarões,Alemanha
15,29,Canadá,Alemanha
15,29,Inglaterra,Alemanha
15,29,EUA,Alemanha
15,29,Brasil,Alemanha
15,29,Croácia,Alemanha
15,29,Suíça,Portugal
15,29,Uruguai,Portugal
15,29,Gana,Portugal
15,29,Irã,Portugal
15,29,Austrália,Portugal
15,29,Bélgica,Portugal
15,29,Equador,Portugal
15,29,Países Baixos,Portugal
15,29,Costa Rica,Portugal
15,29,Espanha,Portugal
15,29,Tunísia,Portugal
15,29,Polônia,Portugal
15,29,França,Portugal
15,29,Coreia do Sul,Portugal
15,29,Dinamarca,Portugal
15,29,Sérvia,Portugal
15,29,México,Portugal
15,29,Arábia Saudita,Portugal
15,29,Qatar,Portugal
15,29,Senegal,Portugal
15,29,Japão,Portugal
15,29,Camarões,Portugal
15,29,Canadá,Portugal
15,29,Inglaterra,Portugal
15,29,EUA,Portugal
15,29,Brasil,Portugal
15,29,Croácia,Portugal
15,29,Uruguai,Suíça
15,29,Gana,Suíça
15,29,Irã,Suíça
15,29,Austrália,Suíça
15,29,Bélgica,Suíça
15,29,Equador,Suíça
15,29,Países Baixos,Suíça
15,29,Costa Rica,Suíça
15,29,Espanha,Suíça
15,29,Tunísia,Suíça
15,29,Polônia,Suíça
15,29,França,Suíça
15,29,Coreia do Sul,Suíça
15,29,Dinamarca,Suíça
15,29,Sérvia,Suíça
15,29,México,Suíça
15,29,Arábia Saudita,Suíça
15,29,Qatar,Suíça
15,29,Senegal,Suíça
15,29,Japão,Suíça
15,29,Camarões,Suíça
15,29,Canadá,Suíça
15,29,Inglaterra,Suíça
15,29,EUA,Suíça
15,29,Brasil,Suíça
15,29,Croácia,Suíça
15,29,Gana,Uruguai
15,29,Irã,Uruguai
15,29,Austrália,Uruguai
15,29,Bélgica,Uruguai
15,29,Equador,Uruguai
15,29,Países Baixos,Uruguai
15,29,Costa Rica,Uruguai
15,29,Espanha,Uruguai
15,29,Tunísia,Uruguai
15,29,Polônia,Uruguai
15,29,França,Uruguai
15,29,Coreia do Sul,Uruguai
15,29,Dinamarca,Uruguai
15,29,Sérvia,Uruguai
15,29,México,Uruguai
15,29,Arábia Saudita,Uruguai
15,29,Qatar,Uruguai
15,29,Senegal,Uruguai
15,29,Japão,Uruguai
15,29,Camarões,Uruguai
15,29,Canadá,Uruguai
15,29,Inglaterra,Uruguai
15,29,EUA,Uruguai
15,29,Brasil,Uruguai
15,29,Croácia,Uruguai
15,29,Irã,Gana
15,29,Austrália,Gana
15,29,Bélgica,Gana
15,29,Equador,Gana
15,29,Países Baixos,Gana
15,29,Costa Rica,Gana
15,29,Espanha,Gana
15,29,Tunísia,Gana
15,29,Polônia,Gana
15,29,França,Gana
15,29,Coreia do Sul,Gana
15,29,Dinamarca,Gana
15,29,Sérvia,Gana
15,29,México,Gana
15,29,Arábia Saudita,Gana
15,29,Qatar,Gana
15,29,Senegal,Gana
15,29,Japão,Gana
15,29,Camarões,Gana
15,29,Canadá,Gana
15,29,Inglaterra,Gana
15,29,EUA,Gana
15,29,Brasil,Gana
15,29,Croácia,Gana
15,29,Austrália,Irã
15,29,Bélgica,Irã
15,29,Equador,Irã
15,29,Países Baixos,Irã
15,29,Costa Rica,Irã
15,29,Espanha,Irã
15,29,Tunísia,Irã
15,29,Polônia,Irã
15,29,França,Irã
15,29,Coreia do Sul,Irã
15,29,Dinamarca,Irã
15,29,Sérvia,Irã
15,29,México,Irã
15,29,Arábia Saudita,Irã
15,29,Qatar,Irã
15,29,Senegal,Irã
15,29,Japão,Irã
15,29,Camarões,Irã
15,29,Canadá,Irã
15,29,Inglaterra,Irã
15,29,EUA,Irã
15,29,Brasil,Irã
15,29,Croácia,Irã
15,29,Bélgica,Austrália
15,29,Equador,Austrália
15,29,Países Baixos,Austrália
15,29,Costa Rica,Austrália
15,29,Espanha,Austrália
15,29,Tunísia,Austrália
15,29,Polônia,Austrália
15,29,França,Austrália
15,29,Coreia do Sul,Austrália
15,29,Dinamarca,Austrália
15,29,Sérvia,Austrália
15,29,México,Austrália
15,29,Arábia Saudita,Austrália
15,29,Qatar,Austrália
15,29,Senegal,Austrália
15,29,Japão,Austrália
15,29,Camarões,Austrália
15,29,Canadá,Austrália
15,29,Inglaterra,Austrália
15,29,EUA,Austrália
15,29,Brasil,Austrália
15,29,Croácia,Austrália
15,29,Equador,Bélgica
15,29,Países Baixos,Bélgica
15,29,Costa Rica,Bélgica
15,29,Espanha,Bélgica
15,29,Tunísia,Bélgica
15,29,Polônia,Bélgica
15,29,França,Bélgica
15,29,Coreia do Sul,Bélgica
15,29,Dinamarca,Bélgica
15,29,Sérvia,Bélgica
15,29,México,Bélgica
15,29,Arábia Saudita,Bélgica
15,29,Qatar,Bélgica
15,29,Senegal,Bélgica
15,29,Japão,Bélgica
15,29,Camarões,Bélgica
15,29,Canadá,Bélgica
15,29,Inglaterra,Bélgica
15,29,EUA,Bélgica
15,29,Brasil,Bélgica
15,29,Croácia,Bélgica
15,29,Países Baixos,Equador
15,29,Costa Rica,Equador
15,29,Espanha,Equador
15,29,Tunísia,Equador
15,29,Polônia,Equador
15,29,França,Equador
15,29,Coreia do Sul,Equador
15,29,Dinamarca,Equador
15,29,Sérvia,Equador
15,29,México,Equador
15,29,Arábia Saudita,Equador
15,29,Qatar,Equador
15,29,Senegal,Equador
15,29,Japão,Equador
15,29,Camarões,Equador
15,29,Canadá,Equador
15,29,Inglaterra,Equador
15,29,EUA,Equador
15,29,Brasil,Equador
15,29,Croácia,Equador
15,29,Costa Rica,Países Baixos
15,29,Espanha,Países Baixos
15,29,Tunísia,Países Baixos
15,29,Polônia,Países Baixos
15,29,França,Países Baixos
15,29,Coreia do Sul,Países Baixos
15,29,Dinamarca,Países Baixos
15,29,Sérvia,Países Baixos
15,29,México,Países Baixos
15,29,Arábia Saudita,Países Baixos
15,29,Qatar,Países Baixos
15,29,Senegal,Países Baixos
15,29,Japão,Países Baixos
15,29,Camarões,Países Baixos
15,29,Canadá,Países Baixos
15,29,Inglaterra,Países Baixos
15,29,EUA,Países Baixos
15,29,Brasil,Países Baixos
15,29,Croácia,Países Baixos
15,29,Espanha,Costa Rica
15,29,Tunísia,Costa Rica
15,29,Polônia,Costa Rica
15,29,França,Costa Rica
15,29,Coreia do Sul,Costa Rica
15,29,Dinamarca,Costa Rica
15,29,Sérvia,Costa Rica
15,29,México,Costa Rica
15,29,Arábia Saudita,Costa Rica
15,29,Qatar,Costa Rica
15,29,Senegal,Costa Rica
15,29,Japão,Costa Rica
15,29,Camarões,Costa Rica
15,29,Canadá,Costa Rica
15,29,Inglaterra,Costa Rica
15,29,EUA,Costa Rica
15,29,Brasil,Costa Rica
15,29,Croácia,Costa Rica
15,29,Tunísia,Espanha
15,29,Polônia,Espanha
15,29,França,Espanha
15,29,Coreia do Sul,Espanha
15,29,Dinamarca,Espanha
15,29,Sérvia,Espanha
15,29,México,Espanha
15,29,Arábia Saudita,Espanha
15,29,Qatar,Espanha
15,29,Senegal,Espanha
15,29,Japão,Espanha
15,29,Camarões,Espanha
15,29,Canadá,Espanha
15,29,Inglaterra,Espanha
15,29,EUA,Espanha
15,29,Brasil,Espanha
15,29,Croácia,Espanha
15,29,Polônia,Tunísia
15,29,França,Tunísia
15,29,Coreia do Sul,Tunísia
15,29,Dinamarca,Tunísia
15,29,Sérvia,Tunísia
15,29,México,Tunísia
15,29,Arábia Saudita,Tunísia
15,29,Qatar,Tunísia
15,29,Senegal,Tunísia
15,29,Japão,Tunísia
15,29,Camarões,Tunísia
15,29,Canadá,Tunísia
15,29,Inglaterra,Tunísia
15,29,EUA,Tunísia
15,29,Brasil,Tunísia
15,29,Croácia,Tunísia
15,29,França,Polônia
15,29,Coreia do Sul,Polônia
15,29,Dinamarca,Polônia
15,29,Sérvia,Polônia
15,29,México,Polônia
15,29,Arábia Saudita,Polônia
15,29,Qatar,Polônia
15,29,Senegal,Polônia
15,29,Japão,Polônia
15,29,Camarões,Polônia
15,29,Canadá,Polônia
15,29,Inglaterra,Polônia
15,29,EUA,Polônia
15,29,Brasil,Polônia
15,29,Croácia,Polônia
15,29,Coreia do Sul,França
15,29,Dinamarca,França
15,29,Sérvia,França
15,29,México,França
15,29,Arábia Saudita,França
15,29,Qatar,França
15,29,Senegal,França
15,29,Japão,França
15,29,Camarões,França
15,29,Canadá,França
15,29,Inglaterra,França
15,29,EUA,França
15,29,Brasil,França
15,29,Croácia,França
15,29,Dinamarca,Coreia do Sul
15,29,Sérvia,Coreia do Sul
15,29,México,Coreia do Sul
15,29,Arábia Saudita,Coreia do Sul
15,29,Qatar,Coreia do Sul
15,29,Senegal,Coreia do Sul
15,29,Japão,Coreia do Sul
15,29,Camarões,Coreia do Sul
15,29,Canadá,Coreia do Sul
15,29,Inglaterra,Coreia do Sul
15,29,EUA,Coreia do Sul
15,29,Brasil,Coreia do Sul
15,29,Croácia,Coreia do Sul
15,29,Sérvia,Dinamarca
15,29,México,Dinamarca
15,29,Arábia Saudita,Dinamarca
15,29,Qatar,Dinamarca
15,29,Senegal,Dinamarca
15,29,Japão,Dinamarca
15,29,Camarões,Dinamarca
15,29,Canadá,Dinamarca
15,29,Inglaterra,Dinamarca
15,29,EUA,Dinamarca
15,29,Brasil,Dinamarca
15,29,Croácia,Dinamarca
15,29,México,Sérvia
15,29,Arábia Saudita,Sérvia
15,29,Qatar,Sérvia
15,29,Senegal,Sérvia
15,29,Japão,Sérvia
15,29,Camarões,Sérvia
15,29,Canadá,Sérvia
15,29,Inglaterra,Sérvia
15,29,EUA,Sérvia
15,29,Brasil,Sérvia
15,29,Croácia,Sérvia
15,29,Arábia Saudita,México
15,29,Qatar,México
15,29,Senegal,México
15,29,Japão,México
15,29,Camarões,México
15,29,Canadá,México
15,29,Inglaterra,México
15,29,EUA,México
15,29,Brasil,México
15,29,Croácia,México
15,29,Qatar,Arábia Saudita
15,29,Senegal,Arábia Saudita
15,29,Japão,Arábia Saudita
15,29,Camarões,Arábia Saudita
15,29,Canadá,Arábia Saudita
15,29,Inglaterra,Arábia Saudita
15,29,EUA,Arábia Saudita
15,29,Brasil,Arábia Saudita
15,29,Croácia,Arábia Saudita
15,29,Senegal,Qatar
15,29,Japão,Qatar
15,29,Camarões,Qatar
15,29,Canadá,Qatar
15,29,Inglaterra,Qatar
15,29,EUA,Qatar
15,29,Brasil,Qatar
15,29,Croácia,Qatar
15,29,Japão,Senegal
15,29,Camarões,Senegal
15,29,Canadá,Senegal
15,29,Inglaterra,Senegal
15,29,EUA,Senegal
15,29,Brasil,Senegal
15,29,Croácia,Senegal
15,29,Camarões,Japão
15,29,Canadá,Japão
15,29,Inglaterra,Japão
15,29,EUA,Japão
15,29,Brasil,Japão
15,29,Croácia,Japão
15,29,Canadá,Camarões
15,29,Inglaterra,Camarões
15,29,EUA,Camarões
15,29,Brasil,Camarões
15,29,Croácia,Camarões
15,29,Inglaterra,Canadá
15,29,EUA,Canadá
15,29,Brasil,Canadá
15,29,Croácia,Canadá
15,29,EUA,Inglaterra
15,29,Brasil,Inglaterra
15,29,Croácia,Inglaterra
15,29,Brasil,EUA
15,29,Croácia,EUA
15,29,Croácia,Brasil
15,32,Marrocos,Argentina
15,32,País de Gales,Argentina
15,32,Alemanha,Argentina
15,32,Portugal,Argentina
15,32,Suíça,Argentina
15,32,Uruguai,Argentina
15,32,Gana,Argentina
15,32,Irã,Argentina
15,32,Austrália,Argentina
15,32,Bélgica,Argentina
15,32,Equador,Argentina
15,32,Países Baixos,Argentina
15,32,Costa Rica,Argentina
15,32,Espanha,Argentina
15,32,Tunísia,Argentina
15,32,Polônia,Argentina
15,32,França,Argentina
15,32,Coreia do Sul,Argentina
15,32,Dinamarca,Argentina
15,32,Sérvia,Argentina
15,32,México,Argentina
15,32,Arábia Saudita,Argentina
15,32,Qatar,Argentina
15,32,Senegal,Argentina
15,32,Japão,Argentina
15,32,Camarões,Argentina
15,32,Canadá,Argentina
15,32,Inglaterra,Argentina
15,32,EUA,Argentina
15,32,Brasil,Argentina
15,32,Croácia,Argentina
15,32,País de Gales,Marrocos
15,32,Alemanha,Marrocos
15,32,Portugal,Marrocos
15,32,Suíça,Marrocos
15,32,Uruguai,Marrocos
15,32,Gana,Marrocos
15,32,Irã,Marrocos
15,32,Austrália,Marrocos
15,32,Bélgica,Marrocos
15,32,Equador,Marrocos
15,32,Países Baixos,Marrocos
15,32,Costa Rica,Marrocos
15,32,Espanha,Marrocos
15,32,Tunísia,Marrocos
15,32,Polônia,Marrocos
15,32,França,Marrocos
15,32,Coreia do Sul,Marrocos
15,32,Dinamarca,Marrocos
15,32,Sérvia,Marrocos
15,32,México,Marrocos
15,32,Arábia Saudita,Marrocos
15,32,Qatar,Marrocos
15,32,Senegal,Marrocos
15,32,Japão,Marrocos
15,32,Camarões,Marrocos
15,32,Canadá,Marrocos
15,32,Inglaterra,Marrocos
15,32,EUA,Marrocos
15,32,Brasil,Marrocos
15,32,Croácia,Marrocos
15,32,Alemanha,País de Gales
15,32,Portugal,País de Gales
15,32,Suíça,País de Gales
15,32,Uruguai,País de Gales
15,32,Gana,País de Gales
15,32,Irã,País de Gales
15,32,Austrália,País de Gales
15,32,Bélgica,País de Gales
15,32,Equador,País de Gales
15,32,Países Baixos,País de Gales
15,32,Costa Rica,País de Gales
15,32,Espanha,País de Gales
15,32,Tunísia,País de Gales
15,32,Polônia,País de Gales
15,32,França,País de Gales
15,32,Coreia do Sul,País de Gales
15,32,Dinamarca,País de Gales
15,32,Sérvia,País de Gales
15,32,México,País de Gales
15,32,Arábia Saudita,País de Gales
15,32,Qatar,País de Gales
15,32,Senegal,País de Gales
15,32,Japão,País de Gales
15,32,Camarões,País de Gales
15,32,Canadá,País de Gales
15,32,Inglaterra,País de Gales
15,32,EUA,País de Gales
15,32,Brasil,País de Gales
15,32,Croácia,País de Gales
15,32,Portugal,Alemanha
15,32,Suíça,Alemanha
15,32,Uruguai,Alemanha
15,32,Gana,Alemanha
15,32,Irã,Alemanha
15,32,Austrália,Alemanha
15,32,Bélgica,Alemanha
15,32,Equador,Alemanha
15,32,Países Baixos,Alemanha
15,32,Costa Rica,Alemanha
15,32,Espanha,Alemanha
15,32,Tunísia,Alemanha
15,32,Polônia,Alemanha
15,32,França,Alemanha
15,32,Coreia do Sul,Alemanha
15,32,Dinamarca,Alemanha
15,32,Sérvia,Alemanha
15,32,México,Alemanha
15,32,Arábia Saudita,Alemanha
15,32,Qatar,Alemanha
15,32,Senegal,Alemanha
15,32,Japão,Alemanha
15,32,Camarões,Alemanha
15,32,Canadá,Alemanha
15,32,Inglaterra,Alemanha
15,32,EUA,Alemanha
15,32,Brasil,Alemanha
15,32,Croácia,Alemanha
15,32,Suíça,Portugal
15,32,Uruguai,Portugal
15,32,Gana,Portugal
15,32,Irã,Portugal
15,32,Austrália,Portugal
15,32,Bélgica,Portugal
15,32,Equador,Portugal
15,32,Países Baixos,Portugal
15,32,Costa Rica,Portugal
15,32,Espanha,Portugal
15,32,Tunísia,Portugal
15,32,Polônia,Portugal
15,32,França,Portugal
15,32,Coreia do Sul,Portugal
15,32,Dinamarca,Portugal
15,32,Sérvia,Portugal
15,32,México,Portugal
15,32,Arábia Saudita,Portugal
15,32,Qatar,Portugal
15,32,Senegal,Portugal
15,32,Japão,Portugal
15,32,Camarões,Portugal
15,32,Canadá,Portugal
15,32,Inglaterra,Portugal
15,32,EUA,Portugal
15,32,Brasil,Portugal
15,32,Croácia,Portugal
15,32,Uruguai,Suíça
15,32,Gana,Suíça
15,32,Irã,Suíça
15,32,Austrália,Suíça
15,32,Bélgica,Suíça
15,32,Equador,Suíça
15,32,Países Baixos,Suíça
15,32,Costa Rica,Suíça
15,32,Espanha,Suíça
15,32,Tunísia,Suíça
15,32,Polônia,Suíça
15,32,França,Suíça
15,32,Coreia do Sul,Suíça
15,32,Dinamarca,Suíça
15,32,Sérvia,Suíça
15,32,México,Suíça
15,32,Arábia Saudita,Suíça
15,32,Qatar,Suíça
15,32,Senegal,Suíça
15,32,Japão,Suíça
15,32,Camarões,Suíça
15,32,Canadá,Suíça
15,32,Inglaterra,Suíça
15,32,EUA,Suíça
15,32,Brasil,Suíça
15,32,Croácia,Suíça
15,32,Gana,Uruguai
15,32,Irã,Uruguai
15,32,Austrália,Uruguai
15,32,Bélgica,Uruguai
15,32,Equador,Uruguai
15,32,Países Baixos,Uruguai
15,32,Costa Rica,Uruguai
15,32,Espanha,Uruguai
15,32,Tunísia,Uruguai
15,32,Polônia,Uruguai
15,32,França,Uruguai
15,32,Coreia do Sul,Uruguai
15,32,Dinamarca,Uruguai
15,32,Sérvia,Uruguai
15,32,México,Uruguai
15,32,Arábia Saudita,Uruguai
15,32,Qatar,Uruguai
15,32,Senegal,Uruguai
15,32,Japão,Uruguai
15,32,Camarões,Uruguai
15,32,Canadá,Uruguai
15,32,Inglaterra,Uruguai
15,32,EUA,Uruguai
15,32,Brasil,Uruguai
15,32,Croácia,Uruguai
15,32,Irã,Gana
15,32,Austrália,Gana
15,32,Bélgica,Gana
15,32,Equador,Gana
15,32,Países Baixos,Gana
15,32,Costa Rica,Gana
15,32,Espanha,Gana
15,32,Tunísia,Gana
15,32,Polônia,Gana
15,32,França,Gana
15,32,Coreia do Sul,Gana
15,32,Dinamarca,Gana
15,32,Sérvia,Gana
15,32,México,Gana
15,32,Arábia Saudita,Gana
15,32,Qatar,Gana
15,32,Senegal,Gana
15,32,Japão,Gana
15,32,Camarões,Gana
15,32,Canadá,Gana
15,32,Inglaterra,Gana
15,32,EUA,Gana
15,32,Brasil,Gana
15,32,Croácia,Gana
15,32,Austrália,Irã
15,32,Bélgica,Irã
15,32,Equador,Irã
15,32,Países Baixos,Irã
15,32,Costa Rica,Irã
15,32,Espanha,Irã
15,32,Tunísia,Irã
15,32,Polônia,Irã
15,32,França,Irã
15,32,Coreia do Sul,Irã
15,32,Dinamarca,Irã
15,32,Sérvia,Irã
15,32,México,Irã
15,32,Arábia Saudita,Irã
15,32,Qatar,Irã
15,32,Senegal,Irã
15,32,Japão,Irã
15,32,Camarões,Irã
15,32,Canadá,Irã
15,32,Inglaterra,Irã
15,32,EUA,Irã
15,32,Brasil,Irã
15,32,Croácia,Irã
15,32,Bélgica,Austrália
15,32,Equador,Austrália
15,32,Países Baixos,Austrália
15,32,Costa Rica,Austrália
15,32,Espanha,Austrália
15,32,Tunísia,Austrália
15,32,Polônia,Austrália
15,32,França,Austrália
15,32,Coreia do Sul,Austrália
15,32,Dinamarca,Austrália
15,32,Sérvia,Austrália
15,32,México,Austrália
15,32,Arábia Saudita,Austrália
15,32,Qatar,Austrália
15,32,Senegal,Austrália
15,32,Japão,Austrália
15,32,Camarões,Austrália
15,32,Canadá,Austrália
15,32,Inglaterra,Austrália
15,32,EUA,Austrália
15,32,Brasil,Austrália
15,32,Croácia,Austrália
15,32,Equador,Bélgica
15,32,Países Baixos,Bélgica
15,32,Costa Rica,Bélgica
15,32,Espanha,Bélgica
15,32,Tunísia,Bélgica
15,32,Polônia,Bélgica
15,32,França,Bélgica
15,32,Coreia do Sul,Bélgica
15,32,Dinamarca,Bélgica
15,32,Sérvia,Bélgica
15,32,México,Bélgica
15,32,Arábia Saudita,Bélgica
15,32,Qatar,Bélgica
15,32,Senegal,Bélgica
15,32,Japão,Bélgica
15,32,Camarões,Bélgica
15,32,Canadá,Bélgica
15,32,Inglaterra,Bélgica
15,32,EUA,Bélgica
15,32,Brasil,Bélgica
15,32,Croácia,Bélgica
15,32,Países Baixos,Equador
15,32,Costa Rica,Equador
15,32,Espanha,Equador
15,32,Tunísia,Equador
15,32,Polônia,Equador
15,32,França,Equador
15,32,Coreia do Sul,Equador
15,32,Dinamarca,Equador
15,32,Sérvia,Equador
15,32,México,Equador
15,32,Arábia Saudita,Equador
15,32,Qatar,Equador
15,32,Senegal,Equador
15,32,Japão,Equador
15,32,Camarões,Equador
15,32,Canadá,Equador
15,32,Inglaterra,Equador
15,32,EUA,Equador
15,32,Brasil,Equador
15,32,Croácia,Equador
15,32,Costa Rica,Países Baixos
15,32,Espanha,Países Baixos
15,32,Tunísia,Países Baixos
15,32,Polônia,Países Baixos
15,32,França,Países Baixos
15,32,Coreia do Sul,Países Baixos
15,32,Dinamarca,Países Baixos
15,32,Sérvia,Países Baixos
15,32,México,Países Baixos
15,32,Arábia Saudita,Países Baixos
15,32,Qatar,Países Baixos
15,32,Senegal,Países Baixos
15,32,Japão,Países Baixos
15,32,Camarões,Países Baixos
15,32,Canadá,Países Baixos
15,32,Inglaterra,Países Baixos
15,32,EUA,Países Baixos
15,32,Brasil,Países Baixos
15,32,Croácia,Países Baixos
15,32,Espanha,Costa Rica
15,32,Tunísia,Costa Rica
15,32,Polônia,Costa Rica
15,32,França,Costa Rica
15,32,Coreia do Sul,Costa Rica
15,32,Dinamarca,Costa Rica
15,32,Sérvia,Costa Rica
15,32,México,Costa Rica
15,32,Arábia Saudita,Costa Rica
15,32,Qatar,Costa Rica
15,32,Senegal,Costa Rica
15,32,Japão,Costa Rica
15,32,Camarões,Costa Rica
15,32,Canadá,Costa Rica
15,32,Inglaterra,Costa Rica
15,32,EUA,Costa Rica
15,32,Brasil,Costa Rica
15,32,Croácia,Costa Rica
15,32,Tunísia,Espanha
15,32,Polônia,Espanha
15,32,França,Espanha
15,32,Coreia do Sul,Espanha
15,32,Dinamarca,Espanha
15,32,Sérvia,Espanha
15,32,México,Espanha
15,32,Arábia Saudita,Espanha
15,32,Qatar,Espanha
15,32,Senegal,Espanha
15,32,Japão,Espanha
15,32,Camarões,Espanha
15,32,Canadá,Espanha
15,32,Inglaterra,Espanha
15,32,EUA,Espanha
15,32,Brasil,Espanha
15,32,Croácia,Espanha
15,32,Polônia,Tunísia
15,32,França,Tunísia
15,32,Coreia do Sul,Tunísia
15,32,Dinamarca,Tunísia
15,32,Sérvia,Tunísia
15,32,México,Tunísia
15,32,Arábia Saudita,Tunísia
15,32,Qatar,Tunísia
15,32,Senegal,Tunísia
15,32,Japão,Tunísia
15,32,Camarões,Tunísia
15,32,Canadá,Tunísia
15,32,Inglaterra,Tunísia
15,32,EUA,Tunísia
15,32,Brasil,Tunísia
15,32,Croácia,Tunísia
15,32,França,Polônia
15,32,Coreia do Sul,Polônia
15,32,Dinamarca,Polônia
15,32,Sérvia,Polônia
15,32,México,Polônia
15,32,Arábia Saudita,Polônia
15,32,Qatar,Polônia
15,32,Senegal,Polônia
15,32,Japão,Polônia
15,32,Camarões,Polônia
15,32,Canadá,Polônia
15,32,Inglaterra,Polônia
15,32,EUA,Polônia
15,32,Brasil,Polônia
15,32,Croácia,Polônia
15,32,Coreia do Sul,França
15,32,Dinamarca,França
15,32,Sérvia,França
15,32,México,França
15,32,Arábia Saudita,França
15,32,Qatar,França
15,32,Senegal,França
15,32,Japão,França
15,32,Camarões,França
15,32,Canadá,França
15,32,Inglaterra,França
15,32,EUA,França
15,32,Brasil,França
15,32,Croácia,França
15,32,Dinamarca,Coreia do Sul
15,32,Sérvia,Coreia do Sul
15,32,México,Coreia do Sul
15,32,Arábia Saudita,Coreia do Sul
15,32,Qatar,Coreia do Sul
15,32,Senegal,Coreia do Sul
15,32,Japão,Coreia do Sul
15,32,Camarões,Coreia do Sul
15,32,Canadá,Coreia do Sul
15,32,Inglaterra,Coreia do Sul
15,32,EUA,Coreia do Sul
15,32,Brasil,Coreia do Sul
15,32,Croácia,Coreia do Sul
15,32,Sérvia,Dinamarca
15,32,México,Dinamarca
15,32,Arábia Saudita,Dinamarca
15,32,Qatar,Dinamarca
15,32,Senegal,Dinamarca
15,32,Japão,Dinamarca
15,32,Camarões,Dinamarca
15,32,Canadá,Dinamarca
15,32,Inglaterra,Dinamarca
15,32,EUA,Dinamarca
15,32,Brasil,Dinamarca
15,32,Croácia,Dinamarca
15,32,México,Sérvia
15,32,Arábia Saudita,Sérvia
15,32,Qatar,Sérvia
15,32,Senegal,Sérvia
15,32,Japão,Sérvia
15,32,Camarões,Sérvia
15,32,Canadá,Sérvia
15,32,Inglaterra,Sérvia
15,32,EUA,Sérvia
15,32,Brasil,Sérvia
15,32,Croácia,Sérvia
15,32,Arábia Saudita,México
15,32,Qatar,México
15,32,Senegal,México
15,32,Japão,México
15,32,Camarões,México
15,32,Canadá,México
15,32,Inglaterra,México
15,32,EUA,México
15,32,Brasil,México
15,32,Croácia,México
15,32,Qatar,Arábia Saudita
15,32,Senegal,Arábia Saudita
15,32,Japão,Arábia Saudita
15,32,Camarões,Arábia Saudita
15,32,Canadá,Arábia Saudita
15,32,Inglaterra,Arábia Saudita
15,32,EUA,Arábia Saudita
15,32,Brasil,Arábia Saudita
15,32,Croácia,Arábia Saudita
15,32,Senegal,Qatar
15,32,Japão,Qatar
15,32,Camarões,Qatar
15,32,Canadá,Qatar
15,32,Inglaterra,Qatar
15,32,EUA,Qatar
15,32,Brasil,Qatar
15,32,Croácia,Qatar
15,32,Japão,Senegal
15,32,Camarões,Senegal
15,32,Canadá,Senegal
15,32,Inglaterra,Senegal
15,32,EUA,Senegal
15,32,Brasil,Senegal
15,32,Croácia,Senegal
15,32,Camarões,Japão
15,32,Canadá,Japão
15,32,Inglaterra,Japão
15,32,EUA,Japão
15,32,Brasil,Japão
15,32,Croácia,Japão
15,32,Canadá,Camarões
15,32,Inglaterra,Camarões
15,32,EUA,Camarões
15,32,Brasil,Camarões
15,32,Croácia,Camarões
15,32,Inglaterra,Canadá
15,32,EUA,Canadá
15,32,Brasil,Canadá
15,32,Croácia,Canadá
15,32,EUA,Inglaterra
15,32,Brasil,Inglaterra
15,32,Croácia,Inglaterra
15,32,Brasil,EUA
15,32,Croácia,EUA
15,32,Croácia,Brasil
15,35,Marrocos,Argentina
15,35,País de Gales,Argentina
15,35,Alemanha,Argentina
15,35,Portugal,Argentina
15,35,Suíça,Argentina
15,35,Uruguai,Argentina
15,35,Gana,Argentina
15,35,Irã,Argentina
15,35,Austrália,Argentina
15,35,Bélgica,Argentina
15,35,Equador,Argentina
15,35,Países Baixos,Argentina
15,35,Costa Rica,Argentina
15,35,Espanha,Argentina
15,35,Tunísia,Argentina
15,35,Polônia,Argentina
15,35,França,Argentina
15,35,Coreia do Sul,Argentina
15,35,Dinamarca,Argentina
15,35,Sérvia,Argentina
15,35,México,Argentina
15,35,Arábia Saudita,Argentina
15,35,Qatar,Argentina
15,35,Senegal,Argentina
15,35,Japão,Argentina
15,35,Camarões,Argentina
15,35,Canadá,Argentina
15,35,Inglaterra,Argentina
15,35,EUA,Argentina
15,35,Brasil,Argentina
15,35,Croácia,Argentina
15,35,País de Gales,Marrocos
15,35,Alemanha,Marrocos
15,35,Portugal,Marrocos
15,35,Suíça,Marrocos
15,35,Uruguai,Marrocos
15,35,Gana,Marrocos
15,35,Irã,Marrocos
15,35,Austrália,Marrocos
15,35,Bélgica,Marrocos
15,35,Equador,Marrocos
15,35,Países Baixos,Marrocos
15,35,Costa Rica,Marrocos
15,35,Espanha,Marrocos
15,35,Tunísia,Marrocos
15,35,Polônia,Marrocos
15,35,França,Marrocos
15,35,Coreia do Sul,Marrocos
15,35,Dinamarca,Marrocos
15,35,Sérvia,Marrocos
15,35,México,Marrocos
15,35,Arábia Saudita,Marrocos
15,35,Qatar,Marrocos
15,35,Senegal,Marrocos
15,35,Japão,Marrocos
15,35,Camarões,Marrocos
15,35,Canadá,Marrocos
15,35,Inglaterra,Marrocos
15,35,EUA,Marrocos
15,35,Brasil,Marrocos
15,35,Croácia,Marrocos
15,35,Alemanha,País de Gales
15,35,Portugal,País de Gales
15,35,Suíça,País de Gales
15,35,Uruguai,País de Gales
15,35,Gana,País de Gales
15,35,Irã,País de Gales
15,35,Austrália,País de Gales
15,35,Bélgica,País de Gales
15,35,Equador,País de Gales
15,35,Países Baixos,País de Gales
15,35,Costa Rica,País de Gales
15,35,Espanha,País de Gales
15,35,Tunísia,País de Gales
15,35,Polônia,País de Gales
15,35,França,País de Gales
15,35,Coreia do Sul,País de Gales
15,35,Dinamarca,País de Gales
15,35,Sérvia,País de Gales
15,35,México,País de Gales
15,35,Arábia Saudita,País de Gales
15,35,Qatar,País de Gales
15,35,Senegal,País de Gales
15,35,Japão,País de Gales
15,35,Camarões,País de Gales
15,35,Canadá,País de Gales
15,35,Inglaterra,País de Gales
15,35,EUA,País de Gales
15,35,Brasil,País de Gales
15,35,Croácia,País de Gales
15,35,Portugal,Alemanha
15,35,Suíça,Alemanha
15,35,Uruguai,Alemanha
15,35,Gana,Alemanha
15,35,Irã,Alemanha
15,35,Austrália,Alemanha
15,35,Bélgica,Alemanha
15,35,Equador,Alemanha
15,35,Países Baixos,Alemanha
15,35,Costa Rica,Alemanha
15,35,Espanha,Alemanha
15,35,Tunísia,Alemanha
15,35,Polônia,Alemanha
15,35,França,Alemanha
15,35,Coreia do Sul,Alemanha
15,35,Dinamarca,Alemanha
15,35,Sérvia,Alemanha
15,35,México,Alemanha
15,35,Arábia Saudita,Alemanha
15,35,Qatar,Alemanha
15,35,Senegal,Alemanha
15,35,Japão,Alemanha
15,35,Camarões,Alemanha
15,35,Canadá,Alemanha
15,35,Inglaterra,Alemanha
15,35,EUA,Alemanha
15,35,Brasil,Alemanha
15,35,Croácia,Alemanha
15,35,Suíça,Portugal
15,35,Uruguai,Portugal
15,35,Gana,Portugal
15,35,Irã,Portugal
15,35,Austrália,Portugal
15,35,Bélgica,Portugal
15,35,Equador,Portugal
15,35,Países Baixos,Portugal
15,35,Costa Rica,Portugal
15,35,Espanha,Portugal
15,35,Tunísia,Portugal
15,35,Polônia,Portugal
15,35,França,Portugal
15,35,Coreia do Sul,Portugal
15,35,Dinamarca,Portugal
15,35,Sérvia,Portugal
15,35,México,Portugal
15,35,Arábia Saudita,Portugal
15,35,Qatar,Portugal
15,35,Senegal,Portugal
15,35,Japão,Portugal
15,35,Camarões,Portugal
15,35,Canadá,Portugal
15,35,Inglaterra,Portugal
15,35,EUA,Portugal
15,35,Brasil,Portugal
15,35,Croácia,Portugal
15,35,Uruguai,Suíça
15,35,Gana,Suíça
15,35,Irã,Suíça
15,35,Austrália,Suíça
15,35,Bélgica,Suíça
15,35,Equador,Suíça
15,35,Países Baixos,Suíça
15,35,Costa Rica,Suíça
15,35,Espanha,Suíça
15,35,Tunísia,Suíça
15,35,Polônia,Suíça
15,35,França,Suíça
15,35,Coreia do Sul,Suíça
15,35,Dinamarca,Suíça
15,35,Sérvia,Suíça
15,35,México,Suíça
15,35,Arábia Saudita,Suíça
15,35,Qatar,Suíça
15,35,Senegal,Suíça
15,35,Japão,Suíça
15,35,Camarões,Suíça
15,35,Canadá,Suíça
15,35,Inglaterra,Suíça
15,35,EUA,Suíça
15,35,Brasil,Suíça
15,35,Croácia,Suíça
15,35,Gana,Uruguai
15,35,Irã,Uruguai
15,35,Austrália,Uruguai
15,35,Bélgica,Uruguai
15,35,Equador,Uruguai
15,35,Países Baixos,Uruguai
15,35,Costa Rica,Uruguai
15,35,Espanha,Uruguai
15,35,Tunísia,Uruguai
15,35,Polônia,Uruguai
15,35,França,Uruguai
15,35,Coreia do Sul,Uruguai
15,35,Dinamarca,Uruguai
15,35,Sérvia,Uruguai
15,35,México,Uruguai
15,35,Arábia Saudita,Uruguai
15,35,Qatar,Uruguai
15,35,Senegal,Uruguai
15,35,Japão,Uruguai
15,35,Camarões,Uruguai
15,35,Canadá,Uruguai
15,35,Inglaterra,Uruguai
15,35,EUA,Uruguai
15,35,Brasil,Uruguai
15,35,Croácia,Uruguai
15,35,Irã,Gana
15,35,Austrália,Gana
15,35,Bélgica,Gana
15,35,Equador,Gana
15,35,Países Baixos,Gana
15,35,Costa Rica,Gana
15,35,Espanha,Gana
15,35,Tunísia,Gana
15,35,Polônia,Gana
15,35,França,Gana
15,35,Coreia do Sul,Gana
15,35,Dinamarca,Gana
15,35,Sérvia,Gana
15,35,México,Gana
15,35,Arábia Saudita,Gana
15,35,Qatar,Gana
15,35,Senegal,Gana
15,35,Japão,Gana
15,35,Camarões,Gana
15,35,Canadá,Gana
15,35,Inglaterra,Gana
15,35,EUA,Gana
15,35,Brasil,Gana
15,35,Croácia,Gana
15,35,Austrália,Irã
15,35,Bélgica,Irã
15,35,Equador,Irã
15,35,Países Baixos,Irã
15,35,Costa Rica,Irã
15,35,Espanha,Irã
15,35,Tunísia,Irã
15,35,Polônia,Irã
15,35,França,Irã
15,35,Coreia do Sul,Irã
15,35,Dinamarca,Irã
15,35,Sérvia,Irã
15,35,México,Irã
15,35,Arábia Saudita,Irã
15,35,Qatar,Irã
15,35,Senegal,Irã
15,35,Japão,Irã
15,35,Camarões,Irã
15,35,Canadá,Irã
15,35,Inglaterra,Irã
15,35,EUA,Irã
15,35,Brasil,Irã
15,35,Croácia,Irã
15,35,Bélgica,Austrália
15,35,Equador,Austrália
15,35,Países Baixos,Austrália
15,35,Costa Rica,Austrália
15,35,Espanha,Austrália
15,35,Tunísia,Austrália
15,35,Polônia,Austrália
15,35,França,Austrália
15,35,Coreia do Sul,Austrália
15,35,Dinamarca,Austrália
15,35,Sérvia,Austrália
15,35,México,Austrália
15,35,Arábia Saudita,Austrália
15,35,Qatar,Austrália
15,35,Senegal,Austrália
15,35,Japão,Austrália
15,35,Camarões,Austrália
15,35,Canadá,Austrália
15,35,Inglaterra,Austrália
15,35,EUA,Austrália
15,35,Brasil,Austrália
15,35,Croácia,Austrália
15,35,Equador,Bélgica
15,35,Países Baixos,Bélgica
15,35,Costa Rica,Bélgica
15,35,Espanha,Bélgica
15,35,Tunísia,Bélgica
15,35,Polônia,Bélgica
15,35,França,Bélgica
15,35,Coreia do Sul,Bélgica
15,35,Dinamarca,Bélgica
15,35,Sérvia,Bélgica
15,35,México,Bélgica
15,35,Arábia Saudita,Bélgica
15,35,Qatar,Bélgica
15,35,Senegal,Bélgica
15,35,Japão,Bélgica
15,35,Camarões,Bélgica
15,35,Canadá,Bélgica
15,35,Inglaterra,Bélgica
15,35,EUA,Bélgica
15,35,Brasil,Bélgica
15,35,Croácia,Bélgica
15,35,Países Baixos,Equador
15,35,Costa Rica,Equador
15,35,Espanha,Equador
15,35,Tunísia,Equador
15,35,Polônia,Equador
15,35,França,Equador
15,35,Coreia do Sul,Equador
15,35,Dinamarca,Equador
15,35,Sérvia,Equador
15,35,México,Equador
15,35,Arábia Saudita,Equador
15,35,Qatar,Equador
15,35,Senegal,Equador
15,35,Japão,Equador
15,35,Camarões,Equador
15,35,Canadá,Equador
15,35,Inglaterra,Equador
15,35,EUA,Equador
15,35,Brasil,Equador
15,35,Croácia,Equador
15,35,Costa Rica,Países Baixos
15,35,Espanha,Países Baixos
15,35,Tunísia,Países Baixos
15,35,Polônia,Países Baixos
15,35,França,Países Baixos
15,35,Coreia do Sul,Países Baixos
15,35,Dinamarca,Países Baixos
15,35,Sérvia,Países Baixos
15,35,México,Países Baixos
15,35,Arábia Saudita,Países Baixos
15,35,Qatar,Países Baixos
15,35,Senegal,Países Baixos
15,35,Japão,Países Baixos
15,35,Camarões,Países Baixos
15,35,Canadá,Países Baixos
15,35,Inglaterra,Países Baixos
15,35,EUA,Países Baixos
15,35,Brasil,Países Baixos
15,35,Croácia,Países Baixos
15,35,Espanha,Costa Rica
15,35,Tunísia,Costa Rica
15,35,Polônia,Costa Rica
15,35,França,Costa Rica
15,35,Coreia do Sul,Costa Rica
15,35,Dinamarca,Costa Rica
15,35,Sérvia,Costa Rica
15,35,México,Costa Rica
15,35,Arábia Saudita,Costa Rica
15,35,Qatar,Costa Rica
15,35,Senegal,Costa Rica
15,35,Japão,Costa Rica
15,35,Camarões,Costa Rica
15,35,Canadá,Costa Rica
15,35,Inglaterra,Costa Rica
15,35,EUA,Costa Rica
15,35,Brasil,Costa Rica
15,35,Croácia,Costa Rica
15,35,Tunísia,Espanha
15,35,Polônia,Espanha
15,35,França,Espanha
15,35,Coreia do Sul,Espanha
15,35,Dinamarca,Espanha
15,35,Sérvia,Espanha
15,35,México,Espanha
15,35,Arábia Saudita,Espanha
15,35,Qatar,Espanha
15,35,Senegal,Espanha
15,35,Japão,Espanha
15,35,Camarões,Espanha
15,35,Canadá,Espanha
15,35,Inglaterra,Espanha
15,35,EUA,Espanha
15,35,Brasil,Espanha
15,35,Croácia,Espanha
15,35,Polônia,Tunísia
15,35,França,Tunísia
15,35,Coreia do Sul,Tunísia
15,35,Dinamarca,Tunísia
15,35,Sérvia,Tunísia
15,35,México,Tunísia
15,35,Arábia Saudita,Tunísia
15,35,Qatar,Tunísia
15,35,Senegal,Tunísia
15,35,Japão,Tunísia
15,35,Camarões,Tunísia
15,35,Canadá,Tunísia
15,35,Inglaterra,Tunísia
15,35,EUA,Tunísia
15,35,Brasil,Tunísia
15,35,Croácia,Tunísia
15,35,França,Polônia
15,35,Coreia do Sul,Polônia
15,35,Dinamarca,Polônia
15,35,Sérvia,Polônia
15,35,México,Polônia
15,35,Arábia Saudita,Polônia
15,35,Qatar,Polônia
15,35,Senegal,Polônia
15,35,Japão,Polônia
15,35,Camarões,Polônia
15,35,Canadá,Polônia
15,35,Inglaterra,Polônia
15,35,EUA,Polônia
15,35,Brasil,Polônia
15,35,Croácia,Polônia
15,35,Coreia do Sul,França
15,35,Dinamarca,França
15,35,Sérvia,França
15,35,México,França
15,35,Arábia Saudita,França
15,35,Qatar,França
15,35,Senegal,França
15,35,Japão,França
15,35,Camarões,França
15,35,Canadá,França
15,35,Inglaterra,França
15,35,EUA,França
15,35,Brasil,França
15,35,Croácia,França
15,35,Dinamarca,Coreia do Sul
15,35,Sérvia,Coreia do Sul
15,35,México,Coreia do Sul
15,35,Arábia Saudita,Coreia do Sul
15,35,Qatar,Coreia do Sul
15,35,Senegal,Coreia do Sul
15,35,Japão,Coreia do Sul
15,35,Camarões,Coreia do Sul
15,35,Canadá,Coreia do Sul
15,35,Inglaterra,Coreia do Sul
15,35,EUA,Coreia do Sul
15,35,Brasil,Coreia do Sul
15,35,Croácia,Coreia do Sul
15,35,Sérvia,Dinamarca
15,35,México,Dinamarca
15,35,Arábia Saudita,Dinamarca
15,35,Qatar,Dinamarca
15,35,Senegal,Dinamarca
15,35,Japão,Dinamarca
15,35,Camarões,Dinamarca
15,35,Canadá,Dinamarca
15,35,Inglaterra,Dinamarca
15,35,EUA,Dinamarca
15,35,Brasil,Dinamarca
15,35,Croácia,Dinamarca
15,35,México,Sérvia
15,35,Arábia Saudita,Sérvia
15,35,Qatar,Sérvia
15,35,Senegal,Sérvia
15,35,Japão,Sérvia
15,35,Camarões,Sérvia
15,35,Canadá,Sérvia
15,35,Inglaterra,Sérvia
15,35,EUA,Sérvia
15,35,Brasil,Sérvia
15,35,Croácia,Sérvia
15,35,Arábia Saudita,México
15,35,Qatar,México
15,35,Senegal,México
15,35,Japão,México
15,35,Camarões,México
15,35,Canadá,México
15,35,Inglaterra,México
15,35,EUA,México
15,35,Brasil,México
15,35,Croácia,México
15,35,Qatar,Arábia Saudita
15,35,Senegal,Arábia Saudita
15,35,Japão,Arábia Saudita
15,35,Camarões,Arábia Saudita
15,35,Canadá,Arábia Saudita
15,35,Inglaterra,Arábia Saudita
15,35,EUA,Arábia Saudita
15,35,Brasil,Arábia Saudita
15,35,Croácia,Arábia Saudita
15,35,Senegal,Qatar
15,35,Japão,Qatar
15,35,Camarões,Qatar
15,35,Canadá,Qatar
15,35,Inglaterra,Qatar
15,35,EUA,Qatar
15,35,Brasil,Qatar
15,35,Croácia,Qatar
15,35,Japão,Senegal
15,35,Camarões,Senegal
15,35,Canadá,Senegal
15,35,Inglaterra,Senegal
15,35,EUA,Senegal
15,35,Brasil,Senegal
15,35,Croácia,Senegal
15,35,Camarões,Japão
15,35,Canadá,Japão
15,35,Inglaterra,Japão
15,35,EUA,Japão
15,35,Brasil,Japão
15,35,Croácia,Japão
15,35,Canadá,Camarões
15,35,Inglaterra,Camarões
15,35,EUA,Camarões
15,35,Brasil,Camarões
15,35,Croácia,Camarões
15,35,Inglaterra,Canadá
15,35,EUA,Canadá
15,35,Brasil,Canadá
15,35,Croácia,Canadá
15,35,EUA,Inglaterra
15,35,Brasil,Inglaterra
15,35,Croácia,Inglaterra
15,35,Brasil,EUA
15,35,Croácia,EUA
15,35,Croácia,Brasil
15,38,Marrocos,Argentina
15,38,País de Gales,Argentina
15,38,Alemanha,Argentina
15,38,Portugal,Argentina
15,38,Suíça,Argentina
15,38,Uruguai,Argentina
15,38,Gana,Argentina
15,38,Irã,Argentina
15,38,Austrália,Argentina
15,38,Bélgica,Argentina
15,38,Equador,Argentina
15,38,Países Baixos,Argentina
15,38,Costa Rica,Argentina
15,38,Espanha,Argentina
15,38,Tunísia,Argentina
15,38,Polônia,Argentina
15,38,França,Argentina
15,38,Coreia do Sul,Argentina
15,38,Dinamarca,Argentina
15,38,Sérvia,Argentina
15,38,México,Argentina
15,38,Arábia Saudita,Argentina
15,38,Qatar,Argentina
15,38,Senegal,Argentina
15,38,Japão,Argentina
15,38,Camarões,Argentina
15,38,Canadá,Argentina
15,38,Inglaterra,Argentina
15,38,EUA,Argentina
15,38,Brasil,Argentina
15,38,Croácia,Argentina
15,38,País de Gales,Marrocos
15,38,Alemanha,Marrocos
15,38,Portugal,Marrocos
15,38,Suíça,Marrocos
15,38,Uruguai,Marrocos
15,38,Gana,Marrocos
15,38,Irã,Marrocos
15,38,Austrália,Marrocos
15,38,Bélgica,Marrocos
15,38,Equador,Marrocos
15,38,Países Baixos,Marrocos
15,38,Costa Rica,Marrocos
15,38,Espanha,Marrocos
15,38,Tunísia,Marrocos
15,38,Polônia,Marrocos
15,38,França,Marrocos
15,38,Coreia do Sul,Marrocos
15,38,Dinamarca,Marrocos
15,38,Sérvia,Marrocos
15,38,México,Marrocos
15,38,Arábia Saudita,Marrocos
15,38,Qatar,Marrocos
15,38,Senegal,Marrocos
15,38,Japão,Marrocos
15,38,Camarões,Marrocos
15,38,Canadá,Marrocos
15,38,Inglaterra,Marrocos
15,38,EUA,Marrocos
15,38,Brasil,Marrocos
15,38,Croácia,Marrocos
15,38,Alemanha,País de Gales
15,38,Portugal,País de Gales
15,38,Suíça,País de Gales
15,38,Uruguai,País de Gales
15,38,Gana,País de Gales
15,38,Irã,País de Gales
15,38,Austrália,País de Gales
15,38,Bélgica,País de Gales
15,38,Equador,País de Gales
15,38,Países Baixos,País de Gales
15,38,Costa Rica,País de Gales
15,38,Espanha,País de Gales
15,38,Tunísia,País de Gales
15,38,Polônia,País de Gales
15,38,França,País de Gales
15,38,Coreia do Sul,País de Gales
15,38,Dinamarca,País de Gales
15,38,Sérvia,País de Gales
15,38,México,País de Gales
15,38,Arábia Saudita,País de Gales
15,38,Qatar,País de Gales
15,38,Senegal,País de Gales
15,38,Japão,País de Gales
15,38,Camarões,País de Gales
15,38,Canadá,País de Gales
15,38,Inglaterra,País de Gales
15,38,EUA,País de Gales
15,38,Brasil,País de Gales
15,38,Croácia,País de Gales
15,38,Portugal,Alemanha
15,38,Suíça,Alemanha
15,38,Uruguai,Alemanha
15,38,Gana,Alemanha
15,38,Irã,Alemanha
15,38,Austrália,Alemanha
15,38,Bélgica,Alemanha
15,38,Equador,Alemanha
15,38,Países Baixos,Alemanha
15,38,Costa Rica,Alemanha
15,38,Espanha,Alemanha
15,38,Tunísia,Alemanha
15,38,Polônia,Alemanha
15,38,França,Alemanha
15,38,Coreia do Sul,Alemanha
15,38,Dinamarca,Alemanha
15,38,Sérvia,Alemanha
15,38,México,Alemanha
15,38,Arábia Saudita,Alemanha
15,38,Qatar,Alemanha
15,38,Senegal,Alemanha
15,38,Japão,Alemanha
15,38,Camarões,Alemanha
15,38,Canadá,Alemanha
15,38,Inglaterra,Alemanha
15,38,EUA,Alemanha
15,38,Brasil,Alemanha
15,38,Croácia,Alemanha
15,38,Suíça,Portugal
15,38,Uruguai,Portugal
15,38,Gana,Portugal
15,38,Irã,Portugal
15,38,Austrália,Portugal
15,38,Bélgica,Portugal
15,38,Equador,Portugal
15,38,Países Baixos,Portugal
15,38,Costa Rica,Portugal
15,38,Espanha,Portugal
15,38,Tunísia,Portugal
15,38,Polônia,Portugal
15,38,França,Portugal
15,38,Coreia do Sul,Portugal
15,38,Dinamarca,Portugal
15,38,Sérvia,Portugal
15,38,México,Portugal
15,38,Arábia Saudita,Portugal
15,38,Qatar,Portugal
15,38,Senegal,Portugal
15,38,Japão,Portugal
15,38,Camarões,Portugal
15,38,Canadá,Portugal
15,38,Inglaterra,Portugal
15,38,EUA,Portugal
15,38,Brasil,Portugal
15,38,Croácia,Portugal
15,38,Uruguai,Suíça
15,38,Gana,Suíça
15,38,Irã,Suíça
15,38,Austrália,Suíça
15,38,Bélgica,Suíça
15,38,Equador,Suíça
15,38,Países Baixos,Suíça
15,38,Costa Rica,Suíça
15,38,Espanha,Suíça
15,38,Tunísia,Suíça
15,38,Polônia,Suíça
15,38,França,Suíça
15,38,Coreia do Sul,Suíça
15,38,Dinamarca,Suíça
15,38,Sérvia,Suíça
15,38,México,Suíça
15,38,Arábia Saudita,Suíça
15,38,Qatar,Suíça
15,38,Senegal,Suíça
15,38,Japão,Suíça
15,38,Camarões,Suíça
15,38,Canadá,Suíça
15,38,Inglaterra,Suíça
15,38,EUA,Suíça
15,38,Brasil,Suíça
15,38,Croácia,Suíça
15,38,Gana,Uruguai
15,38,Irã,Uruguai
15,38,Austrália,Uruguai
15,38,Bélgica,Uruguai
15,38,Equador,Uruguai
15,38,Países Baixos,Uruguai
15,38,Costa Rica,Uruguai
15,38,Espanha,Uruguai
15,38,Tunísia,Uruguai
15,38,Polônia,Uruguai
15,38,França,Uruguai
15,38,Coreia do Sul,Uruguai
15,38,Dinamarca,Uruguai
15,38,Sérvia,Uruguai
15,38,México,Uruguai
15,38,Arábia Saudita,Uruguai
15,38,Qatar,Uruguai
15,38,Senegal,Uruguai
15,38,Japão,Uruguai
15,38,Camarões,Uruguai
15,38,Canadá,Uruguai
15,38,Inglaterra,Uruguai
15,38,EUA,Uruguai
15,38,Brasil,Uruguai
15,38,Croácia,Uruguai
15,38,Irã,Gana
15,38,Austrália,Gana
15,38,Bélgica,Gana
15,38,Equador,Gana
15,38,Países Baixos,Gana
15,38,Costa Rica,Gana
15,38,Espanha,Gana
15,38,Tunísia,Gana
15,38,Polônia,Gana
15,38,França,Gana
15,38,Coreia do Sul,Gana
15,38,Dinamarca,Gana
15,38,Sérvia,Gana
15,38,México,Gana
15,38,Arábia Saudita,Gana
15,38,Qatar,Gana
15,38,Senegal,Gana
15,38,Japão,Gana
15,38,Camarões,Gana
15,38,Canadá,Gana
15,38,Inglaterra,Gana
15,38,EUA,Gana
15,38,Brasil,Gana
15,38,Croácia,Gana
15,38,Austrália,Irã
15,38,Bélgica,Irã
15,38,Equador,Irã
15,38,Países Baixos,Irã
15,38,Costa Rica,Irã
15,38,Espanha,Irã
15,38,Tunísia,Irã
15,38,Polônia,Irã
15,38,França,Irã
15,38,Coreia do Sul,Irã
15,38,Dinamarca,Irã
15,38,Sérvia,Irã
15,38,México,Irã
15,38,Arábia Saudita,Irã
15,38,Qatar,Irã
15,38,Senegal,Irã
15,38,Japão,Irã
15,38,Camarões,Irã
15,38,Canadá,Irã
15,38,Inglaterra,Irã
15,38,EUA,Irã
15,38,Brasil,Irã
15,38,Croácia,Irã
15,38,Bélgica,Austrália
15,38,Equador,Austrália
15,38,Países Baixos,Austrália
15,38,Costa Rica,Austrália
15,38,Espanha,Austrália
15,38,Tunísia,Austrália
15,38,Polônia,Austrália
15,38,França,Austrália
15,38,Coreia do Sul,Austrália
15,38,Dinamarca,Austrália
15,38,Sérvia,Austrália
15,38,México,Austrália
15,38,Arábia Saudita,Austrália
15,38,Qatar,Austrália
15,38,Senegal,Austrália
15,38,Japão,Austrália
15,38,Camarões,Austrália
15,38,Canadá,Austrália
15,38,Inglaterra,Austrália
15,38,EUA,Austrália
15,38,Brasil,Austrália
15,38,Croácia,Austrália
15,38,Equador,Bélgica
15,38,Países Baixos,Bélgica
15,38,Costa Rica,Bélgica
15,38,Espanha,Bélgica
15,38,Tunísia,Bélgica
15,38,Polônia,Bélgica
15,38,França,Bélgica
15,38,Coreia do Sul,Bélgica
15,38,Dinamarca,Bélgica
15,38,Sérvia,Bélgica
15,38,México,Bélgica
15,38,Arábia Saudita,Bélgica
15,38,Qatar,Bélgica
15,38,Senegal,Bélgica
15,38,Japão,Bélgica
15,38,Camarões,Bélgica
15,38,Canadá,Bélgica
15,38,Inglaterra,Bélgica
15,38,EUA,Bélgica
15,38,Brasil,Bélgica
15,38,Croácia,Bélgica
15,38,Países Baixos,Equador
15,38,Costa Rica,Equador
15,38,Espanha,Equador
15,38,Tunísia,Equador
15,38,Polônia,Equador
15,38,França,Equador
15,38,Coreia do Sul,Equador
15,38,Dinamarca,Equador
15,38,Sérvia,Equador
15,38,México,Equador
15,38,Arábia Saudita,Equador
15,38,Qatar,Equador
15,38,Senegal,Equador
15,38,Japão,Equador
15,38,Camarões,Equador
15,38,Canadá,Equador
15,38,Inglaterra,Equador
15,38,EUA,Equador
15,38,Brasil,Equador
15,38,Croácia,Equador
15,38,Costa Rica,Países Baixos
15,38,Espanha,Países Baixos
15,38,Tunísia,Países Baixos
15,38,Polônia,Países Baixos
15,38,França,Países Baixos
15,38,Coreia do Sul,Países Baixos
15,38,Dinamarca,Países Baixos
15,38,Sérvia,Países Baixos
15,38,México,Países Baixos
15,38,Arábia Saudita,Países Baixos
15,38,Qatar,Países Baixos
15,38,Senegal,Países Baixos
15,38,Japão,Países Baixos
15,38,Camarões,Países Baixos
15,38,Canadá,Países Baixos
15,38,Inglaterra,Países Baixos
15,38,EUA,Países Baixos
15,38,Brasil,Países Baixos
15,38,Croácia,Países Baixos
15,38,Espanha,Costa Rica
15,38,Tunísia,Costa Rica
15,38,Polônia,Costa Rica
15,38,França,Costa Rica
15,38,Coreia do Sul,Costa Rica
15,38,Dinamarca,Costa Rica
15,38,Sérvia,Costa Rica
15,38,México,Costa Rica
15,38,Arábia Saudita,Costa Rica
15,38,Qatar,Costa Rica
15,38,Senegal,Costa Rica
15,38,Japão,Costa Rica
15,38,Camarões,Costa Rica
15,38,Canadá,Costa Rica
15,38,Inglaterra,Costa Rica
15,38,EUA,Costa Rica
15,38,Brasil,Costa Rica
15,38,Croácia,Costa Rica
15,38,Tunísia,Espanha
15,38,Polônia,Espanha
15,38,França,Espanha
15,38,Coreia do Sul,Espanha
15,38,Dinamarca,Espanha
15,38,Sérvia,Espanha
15,38,México,Espanha
15,38,Arábia Saudita,Espanha
15,38,Qatar,Espanha
15,38,Senegal,Espanha
15,38,Japão,Espanha
15,38,Camarões,Espanha
15,38,Canadá,Espanha
15,38,Inglaterra,Espanha
15,38,EUA,Espanha
15,38,Brasil,Espanha
15,38,Croácia,Espanha
15,38,Polônia,Tunísia
15,38,França,Tunísia
15,38,Coreia do Sul,Tunísia
15,38,Dinamarca,Tunísia
15,38,Sérvia,Tunísia
15,38,México,Tunísia
15,38,Arábia Saudita,Tunísia
15,38,Qatar,Tunísia
15,38,Senegal,Tunísia
15,38,Japão,Tunísia
15,38,Camarões,Tunísia
15,38,Canadá,Tunísia
15,38,Inglaterra,Tunísia
15,38,EUA,Tunísia
15,38,Brasil,Tunísia
15,38,Croácia,Tunísia
15,38,França,Polônia
15,38,Coreia do Sul,Polônia
15,38,Dinamarca,Polônia
15,38,Sérvia,Polônia
15,38,México,Polônia
15,38,Arábia Saudita,Polônia
15,38,Qatar,Polônia
15,38,Senegal,Polônia
15,38,Japão,Polônia
15,38,Camarões,Polônia
15,38,Canadá,Polônia
15,38,Inglaterra,Polônia
15,38,EUA,Polônia
15,38,Brasil,Polônia
15,38,Croácia,Polônia
15,38,Coreia do Sul,França
15,38,Dinamarca,França
15,38,Sérvia,França
15,38,México,França
15,38,Arábia Saudita,França
15,38,Qatar,França
15,38,Senegal,França
15,38,Japão,França
15,38,Camarões,França
15,38,Canadá,França
15,38,Inglaterra,França
15,38,EUA,França
15,38,Brasil,França
15,38,Croácia,França
15,38,Dinamarca,Coreia do Sul
15,38,Sérvia,Coreia do Sul
15,38,México,Coreia do Sul
15,38,Arábia Saudita,Coreia do Sul
15,38,Qatar,Coreia do Sul
15,38,Senegal,Coreia do Sul
15,38,Japão,Coreia do Sul
15,38,Camarões,Coreia do Sul
15,38,Canadá,Coreia do Sul
15,38,Inglaterra,Coreia do Sul
15,38,EUA,Coreia do Sul
15,38,Brasil,Coreia do Sul
15,38,Croácia,Coreia do Sul
15,38,Sérvia,Dinamarca
15,38,México,Dinamarca
15,38,Arábia Saudita,Dinamarca
15,38,Qatar,Dinamarca
15,38,Senegal,Dinamarca
15,38,Japão,Dinamarca
15,38,Camarões,Dinamarca
15,38,Canadá,Dinamarca
15,38,Inglaterra,Dinamarca
15,38,EUA,Dinamarca
15,38,Brasil,Dinamarca
15,38,Croácia,Dinamarca
15,38,México,Sérvia
15,38,Arábia Saudita,Sérvia
15,38,Qatar,Sérvia
15,38,Senegal,Sérvia
15,38,Japão,Sérvia
15,38,Camarões,Sérvia
15,38,Canadá,Sérvia
15,38,Inglaterra,Sérvia
15,38,EUA,Sérvia
15,38,Brasil,Sérvia
15,38,Croácia,Sérvia
15,38,Arábia Saudita,México
15,38,Qatar,México
15,38,Senegal,México
15,38,Japão,México
15,38,Camarões,México
15,38,Canadá,México
15,38,Inglaterra,México
15,38,EUA,México
15,38,Brasil,México
15,38,Croácia,México
15,38,Qatar,Arábia Saudita
15,38,Senegal,Arábia Saudita
15,38,Japão,Arábia Saudita
15,38,Camarões,Arábia Saudita
15,38,Canadá,Arábia Saudita
15,38,Inglaterra,Arábia Saudita
15,38,EUA,Arábia Saudita
15,38,Brasil,Arábia Saudita
15,38,Croácia,Arábia Saudita
15,38,Senegal,Qatar
15,38,Japão,Qatar
15,38,Camarões,Qatar
15,38,Canadá,Qatar
15,38,Inglaterra,Qatar
15,38,EUA,Qatar
15,38,Brasil,Qatar
15,38,Croácia,Qatar
15,38,Japão,Senegal
15,38,Camarões,Senegal
15,38,Canadá,Senegal
15,38,Inglaterra,Senegal
15,38,EUA,Senegal
15,38,Brasil,Senegal
15,38,Croácia,Senegal
15,38,Camarões,Japão
15,38,Canadá,Japão
15,38,Inglaterra,Japão
15,38,EUA,Japão
15,38,Brasil,Japão
15,38,Croácia,Japão
15,38,Canadá,Camarões
15,38,Inglaterra,Camarões
15,38,EUA,Camarões
15,38,Brasil,Camarões
15,38,Croácia,Camarões
15,38,Inglaterra,Canadá
15,38,EUA,Canadá
15,38,Brasil,Canadá
15,38,Croácia,Canadá
15,38,EUA,Inglaterra
15,38,Brasil,Inglaterra
15,38,Croácia,Inglaterra
15,38,Brasil,EUA
15,38,Croácia,EUA
15,38,Croácia,Brasil
15,41,Marrocos,Argentina
15,41,País de Gales,Argentina
15,41,Alemanha,Argentina
15,41,Portugal,Argentina
15,41,Suíça,Argentina
15,41,Uruguai,Argentina
15,41,Gana,Argentina
15,41,Irã,Argentina
15,41,Austrália,Argentina
15,41,Bélgica,Argentina
15,41,Equador,Argentina
15,41,Países Baixos,Argentina
15,41,Costa Rica,Argentina
15,41,Espanha,Argentina
15,41,Tunísia,Argentina
15,41,Polônia,Argentina
15,41,França,Argentina
15,41,Coreia do Sul,Argentina
15,41,Dinamarca,Argentina
15,41,Sérvia,Argentina
15,41,México,Argentina
15,41,Arábia Saudita,Argentina
15,41,Qatar,Argentina
15,41,Senegal,Argentina
15,41,Japão,Argentina
15,41,Camarões,Argentina
15,41,Canadá,Argentina
15,41,Inglaterra,Argentina
15,41,EUA,Argentina
15,41,Brasil,Argentina
15,41,Croácia,Argentina
15,41,País de Gales,Marrocos
15,41,Alemanha,Marrocos
15,41,Portugal,Marrocos
15,41,Suíça,Marrocos
15,41,Uruguai,Marrocos
15,41,Gana,Marrocos
15,41,Irã,Marrocos
15,41,Austrália,Marrocos
15,41,Bélgica,Marrocos
15,41,Equador,Marrocos
15,41,Países Baixos,Marrocos
15,41,Costa Rica,Marrocos
15,41,Espanha,Marrocos
15,41,Tunísia,Marrocos
15,41,Polônia,Marrocos
15,41,França,Marrocos
15,41,Coreia do Sul,Marrocos
15,41,Dinamarca,Marrocos
15,41,Sérvia,Marrocos
15,41,México,Marrocos
15,41,Arábia Saudita,Marrocos
15,41,Qatar,Marrocos
15,41,Senegal,Marrocos
15,41,Japão,Marrocos
15,41,Camarões,Marrocos
15,41,Canadá,Marrocos
15,41,Inglaterra,Marrocos
15,41,EUA,Marrocos
15,41,Brasil,Marrocos
15,41,Croácia,Marrocos
15,41,Alemanha,País de Gales
15,41,Portugal,País de Gales
15,41,Suíça,País de Gales
15,41,Uruguai,País de Gales
15,41,Gana,País de Gales
15,41,Irã,País de Gales
15,41,Austrália,País de Gales
15,41,Bélgica,País de Gales
15,41,Equador,País de Gales
15,41,Países Baixos,País de Gales
15,41,Costa Rica,País de Gales
15,41,Espanha,País de Gales
15,41,Tunísia,País de Gales
15,41,Polônia,País de Gales
15,41,França,País de Gales
15,41,Coreia do Sul,País de Gales
15,41,Dinamarca,País de Gales
15,41,Sérvia,País de Gales
15,41,México,País de Gales
15,41,Arábia Saudita,País de Gales
15,41,Qatar,País de Gales
15,41,Senegal,País de Gales
15,41,Japão,País de Gales
15,41,Camarões,País de Gales
15,41,Canadá,País de Gales
15,41,Inglaterra,País de Gales
15,41,EUA,País de Gales
15,41,Brasil,País de Gales
15,41,Croácia,País de Gales
15,41,Portugal,Alemanha
15,41,Suíça,Alemanha
15,41,Uruguai,Alemanha
15,41,Gana,Alemanha
15,41,Irã,Alemanha
15,41,Austrália,Alemanha
15,41,Bélgica,Alemanha
15,41,Equador,Alemanha
15,41,Países Baixos,Alemanha
15,41,Costa Rica,Alemanha
15,41,Espanha,Alemanha
15,41,Tunísia,Alemanha
15,41,Polônia,Alemanha
15,41,França,Alemanha
15,41,Coreia do Sul,Alemanha
15,41,Dinamarca,Alemanha
15,41,Sérvia,Alemanha
15,41,México,Alemanha
15,41,Arábia Saudita,Alemanha
15,41,Qatar,Alemanha
15,41,Senegal,Alemanha
15,41,Japão,Alemanha
15,41,Camarões,Alemanha
15,41,Canadá,Alemanha
15,41,Inglaterra,Alemanha
15,41,EUA,Alemanha
15,41,Brasil,Alemanha
15,41,Croácia,Alemanha
15,41,Suíça,Portugal
15,41,Uruguai,Portugal
15,41,Gana,Portugal
15,41,Irã,Portugal
15,41,Austrália,Portugal
15,41,Bélgica,Portugal
15,41,Equador,Portugal
15,41,Países Baixos,Portugal
15,41,Costa Rica,Portugal
15,41,Espanha,Portugal
15,41,Tunísia,Portugal
15,41,Polônia,Portugal
15,41,França,Portugal
15,41,Coreia do Sul,Portugal
15,41,Dinamarca,Portugal
15,41,Sérvia,Portugal
15,41,México,Portugal
15,41,Arábia Saudita,Portugal
15,41,Qatar,Portugal
15,41,Senegal,Portugal
15,41,Japão,Portugal
15,41,Camarões,Portugal
15,41,Canadá,Portugal
15,41,Inglaterra,Portugal
15,41,EUA,Portugal
15,41,Brasil,Portugal
15,41,Croácia,Portugal
15,41,Uruguai,Suíça
15,41,Gana,Suíça
15,41,Irã,Suíça
15,41,Austrália,Suíça
15,41,Bélgica,Suíça
15,41,Equador,Suíça
15,41,Países Baixos,Suíça
15,41,Costa Rica,Suíça
15,41,Espanha,Suíça
15,41,Tunísia,Suíça
15,41,Polônia,Suíça
15,41,França,Suíça
15,41,Coreia do Sul,Suíça
15,41,Dinamarca,Suíça
15,41,Sérvia,Suíça
15,41,México,Suíça
15,41,Arábia Saudita,Suíça
15,41,Qatar,Suíça
15,41,Senegal,Suíça
15,41,Japão,Suíça
15,41,Camarões,Suíça
15,41,Canadá,Suíça
15,41,Inglaterra,Suíça
15,41,EUA,Suíça
15,41,Brasil,Suíça
15,41,Croácia,Suíça
15,41,Gana,Uruguai
15,41,Irã,Uruguai
15,41,Austrália,Uruguai
15,41,Bélgica,Uruguai
15,41,Equador,Uruguai
15,41,Países Baixos,Uruguai
15,41,Costa Rica,Uruguai
15,41,Espanha,Uruguai
15,41,Tunísia,Uruguai
15,41,Polônia,Uruguai
15,41,França,Uruguai
15,41,Coreia do Sul,Uruguai
15,41,Dinamarca,Uruguai
15,41,Sérvia,Uruguai
15,41,México,Uruguai
15,41,Arábia Saudita,Uruguai
15,41,Qatar,Uruguai
15,41,Senegal,Uruguai
15,41,Japão,Uruguai
15,41,Camarões,Uruguai
15,41,Canadá,Uruguai
15,41,Inglaterra,Uruguai
15,41,EUA,Uruguai
15,41,Brasil,Uruguai
15,41,Croácia,Uruguai
15,41,Irã,Gana
15,41,Austrália,Gana
15,41,Bélgica,Gana
15,41,Equador,Gana
15,41,Países Baixos,Gana
15,41,Costa Rica,Gana
15,41,Espanha,Gana
15,41,Tunísia,Gana
15,41,Polônia,Gana
15,41,França,Gana
15,41,Coreia do Sul,Gana
15,41,Dinamarca,Gana
15,41,Sérvia,Gana
15,41,México,Gana
15,41,Arábia Saudita,Gana
15,41,Qatar,Gana
15,41,Senegal,Gana
15,41,Japão,Gana
15,41,Camarões,Gana
15,41,Canadá,Gana
15,41,Inglaterra,Gana
15,41,EUA,Gana
15,41,Brasil,Gana
15,41,Croácia,Gana
15,41,Austrália,Irã
15,41,Bélgica,Irã
15,41,Equador,Irã
15,41,Países Baixos,Irã
15,41,Costa Rica,Irã
15,41,Espanha,Irã
15,41,Tunísia,Irã
15,41,Polônia,Irã
15,41,França,Irã
15,41,Coreia do Sul,Irã
15,41,Dinamarca,Irã
15,41,Sérvia,Irã
15,41,México,Irã
15,41,Arábia Saudita,Irã
15,41,Qatar,Irã
15,41,Senegal,Irã
15,41,Japão,Irã
15,41,Camarões,Irã
15,41,Canadá,Irã
15,41,Inglaterra,Irã
15,41,EUA,Irã
15,41,Brasil,Irã
15,41,Croácia,Irã
15,41,Bélgica,Austrália
15,41,Equador,Austrália
15,41,Países Baixos,Austrália
15,41,Costa Rica,Austrália
15,41,Espanha,Austrália
15,41,Tunísia,Austrália
15,41,Polônia,Austrália
15,41,França,Austrália
15,41,Coreia do Sul,Austrália
15,41,Dinamarca,Austrália
15,41,Sérvia,Austrália
15,41,México,Austrália
15,41,Arábia Saudita,Austrália
15,41,Qatar,Austrália
15,41,Senegal,Austrália
15,41,Japão,Austrália
15,41,Camarões,Austrália
15,41,Canadá,Austrália
15,41,Inglaterra,Austrália
15,41,EUA,Austrália
15,41,Brasil,Austrália
15,41,Croácia,Austrália
15,41,Equador,Bélgica
15,41,Países Baixos,Bélgica
15,41,Costa Rica,Bélgica
15,41,Espanha,Bélgica
15,41,Tunísia,Bélgica
15,41,Polônia,Bélgica
15,41,França,Bélgica
15,41,Coreia do Sul,Bélgica
15,41,Dinamarca,Bélgica
15,41,Sérvia,Bélgica
15,41,México,Bélgica
15,41,Arábia Saudita,Bélgica
15,41,Qatar,Bélgica
15,41,Senegal,Bélgica
15,41,Japão,Bélgica
15,41,Camarões,Bélgica
15,41,Canadá,Bélgica
15,41,Inglaterra,Bélgica
15,41,EUA,Bélgica
15,41,Brasil,Bélgica
15,41,Croácia,Bélgica
15,41,Países Baixos,Equador
15,41,Costa Rica,Equador
15,41,Espanha,Equador
15,41,Tunísia,Equador
15,41,Polônia,Equador
15,41,França,Equador
15,41,Coreia do Sul,Equador
15,41,Dinamarca,Equador
15,41,Sérvia,Equador
15,41,México,Equador
15,41,Arábia Saudita,Equador
15,41,Qatar,Equador
15,41,Senegal,Equador
15,41,Japão,Equador
15,41,Camarões,Equador
15,41,Canadá,Equador
15,41,Inglaterra,Equador
15,41,EUA,Equador
15,41,Brasil,Equador
15,41,Croácia,Equador
15,41,Costa Rica,Países Baixos
15,41,Espanha,Países Baixos
15,41,Tunísia,Países Baixos
15,41,Polônia,Países Baixos
15,41,França,Países Baixos
15,41,Coreia do Sul,Países Baixos
15,41,Dinamarca,Países Baixos
15,41,Sérvia,Países Baixos
15,41,México,Países Baixos
15,41,Arábia Saudita,Países Baixos
15,41,Qatar,Países Baixos
15,41,Senegal,Países Baixos
15,41,Japão,Países Baixos
15,41,Camarões,Países Baixos
15,41,Canadá,Países Baixos
15,41,Inglaterra,Países Baixos
15,41,EUA,Países Baixos
15,41,Brasil,Países Baixos
15,41,Croácia,Países Baixos
15,41,Espanha,Costa Rica
15,41,Tunísia,Costa Rica
15,41,Polônia,Costa Rica
15,41,França,Costa Rica
15,41,Coreia do Sul,Costa Rica
15,41,Dinamarca,Costa Rica
15,41,Sérvia,Costa Rica
15,41,México,Costa Rica
15,41,Arábia Saudita,Costa Rica
15,41,Qatar,Costa Rica
15,41,Senegal,Costa Rica
15,41,Japão,Costa Rica
15,41,Camarões,Costa Rica
15,41,Canadá,Costa Rica
15,41,Inglaterra,Costa Rica
15,41,EUA,Costa Rica
15,41,Brasil,Costa Rica
15,41,Croácia,Costa Rica
15,41,Tunísia,Espanha
15,41,Polônia,Espanha
15,41,França,Espanha
15,41,Coreia do Sul,Espanha
15,41,Dinamarca,Espanha
15,41,Sérvia,Espanha
15,41,México,Espanha
15,41,Arábia Saudita,Espanha
15,41,Qatar,Espanha
15,41,Senegal,Espanha
15,41,Japão,Espanha
15,41,Camarões,Espanha
15,41,Canadá,Espanha
15,41,Inglaterra,Espanha
15,41,EUA,Espanha
15,41,Brasil,Espanha
15,41,Croácia,Espanha
15,41,Polônia,Tunísia
15,41,França,Tunísia
15,41,Coreia do Sul,Tunísia
15,41,Dinamarca,Tunísia
15,41,Sérvia,Tunísia
15,41,México,Tunísia
15,41,Arábia Saudita,Tunísia
15,41,Qatar,Tunísia
15,41,Senegal,Tunísia
15,41,Japão,Tunísia
15,41,Camarões,Tunísia
15,41,Canadá,Tunísia
15,41,Inglaterra,Tunísia
15,41,EUA,Tunísia
15,41,Brasil,Tunísia
15,41,Croácia,Tunísia
15,41,França,Polônia
15,41,Coreia do Sul,Polônia
15,41,Dinamarca,Polônia
15,41,Sérvia,Polônia
15,41,México,Polônia
15,41,Arábia Saudita,Polônia
15,41,Qatar,Polônia
15,41,Senegal,Polônia
15,41,Japão,Polônia
15,41,Camarões,Polônia
15,41,Canadá,Polônia
15,41,Inglaterra,Polônia
15,41,EUA,Polônia
15,41,Brasil,Polônia
15,41,Croácia,Polônia
15,41,Coreia do Sul,França
15,41,Dinamarca,França
15,41,Sérvia,França
15,41,México,França
15,41,Arábia Saudita,França
15,41,Qatar,França
15,41,Senegal,França
15,41,Japão,França
15,41,Camarões,França
15,41,Canadá,França
15,41,Inglaterra,França
15,41,EUA,França
15,41,Brasil,França
15,41,Croácia,França
15,41,Dinamarca,Coreia do Sul
15,41,Sérvia,Coreia do Sul
15,41,México,Coreia do Sul
15,41,Arábia Saudita,Coreia do Sul
15,41,Qatar,Coreia do Sul
15,41,Senegal,Coreia do Sul
15,41,Japão,Coreia do Sul
15,41,Camarões,Coreia do Sul
15,41,Canadá,Coreia do Sul
15,41,Inglaterra,Coreia do Sul
15,41,EUA,Coreia do Sul
15,41,Brasil,Coreia do Sul
15,41,Croácia,Coreia do Sul
15,41,Sérvia,Dinamarca
15,41,México,Dinamarca
15,41,Arábia Saudita,Dinamarca
15,41,Qatar,Dinamarca
15,41,Senegal,Dinamarca
15,41,Japão,Dinamarca
15,41,Camarões,Dinamarca
15,41,Canadá,Dinamarca
15,41,Inglaterra,Dinamarca
15,41,EUA,Dinamarca
15,41,Brasil,Dinamarca
15,41,Croácia,Dinamarca
15,41,México,Sérvia
15,41,Arábia Saudita,Sérvia
15,41,Qatar,Sérvia
15,41,Senegal,Sérvia
15,41,Japão,Sérvia
15,41,Camarões,Sérvia
15,41,Canadá,Sérvia
15,41,Inglaterra,Sérvia
15,41,EUA,Sérvia
15,41,Brasil,Sérvia
15,41,Croácia,Sérvia
15,41,Arábia Saudita,México
15,41,Qatar,México
15,41,Senegal,México
15,41,Japão,México
15,41,Camarões,México
15,41,Canadá,México
15,41,Inglaterra,México
15,41,EUA,México
15,41,Brasil,México
15,41,Croácia,México
15,41,Qatar,Arábia Saudita
15,41,Senegal,Arábia Saudita
15,41,Japão,Arábia Saudita
15,41,Camarões,Arábia Saudita
15,41,Canadá,Arábia Saudita
15,41,Inglaterra,Arábia Saudita
15,41,EUA,Arábia Saudita
15,41,Brasil,Arábia Saudita
15,41,Croácia,Arábia Saudita
15,41,Senegal,Qatar
15,41,Japão,Qatar
15,41,Camarões,Qatar
15,41,Canadá,Qatar
15,41,Inglaterra,Qatar
15,41,EUA,Qatar
15,41,Brasil,Qatar
15,41,Croácia,Qatar
15,41,Japão,Senegal
15,41,Camarões,Senegal
15,41,Canadá,Senegal
15,41,Inglaterra,Senegal
15,41,EUA,Senegal
15,41,Brasil,Senegal
15,41,Croácia,Senegal
15,41,Camarões,Japão
15,41,Canadá,Japão
15,41,Inglaterra,Japão
15,41,EUA,Japão
15,41,Brasil,Japão
15,41,Croácia,Japão
15,41,Canadá,Camarões
15,41,Inglaterra,Camarões
15,41,EUA,Camarões
15,41,Brasil,Camarões
15,41,Croácia,Camarões
15,41,Inglaterra,Canadá
15,41,EUA,Canadá
15,41,Brasil,Canadá
15,41,Croácia,Canadá
15,41,EUA,Inglaterra
15,41,Brasil,Inglaterra
15,41,Croácia,Inglaterra
15,41,Brasil,EUA
15,41,Croácia,EUA
15,41,Croácia,Brasil
15,44,Marrocos,Argentina
15,44,País de Gales,Argentina
15,44,Alemanha,Argentina
15,44,Portugal,Argentina
15,44,Suíça,Argentina
15,44,Uruguai,Argentina
15,44,Gana,Argentina
15,44,Irã,Argentina
15,44,Austrália,Argentina
15,44,Bélgica,Argentina
15,44,Equador,Argentina
15,44,Países Baixos,Argentina
15,44,Costa Rica,Argentina
15,44,Espanha,Argentina
15,44,Tunísia,Argentina
15,44,Polônia,Argentina
15,44,França,Argentina
15,44,Coreia do Sul,Argentina
15,44,Dinamarca,Argentina
15,44,Sérvia,Argentina
15,44,México,Argentina
15,44,Arábia Saudita,Argentina
15,44,Qatar,Argentina
15,44,Senegal,Argentina
15,44,Japão,Argentina
15,44,Camarões,Argentina
15,44,Canadá,Argentina
15,44,Inglaterra,Argentina
15,44,EUA,Argentina
15,44,Brasil,Argentina
15,44,Croácia,Argentina
15,44,País de Gales,Marrocos
15,44,Alemanha,Marrocos
15,44,Portugal,Marrocos
15,44,Suíça,Marrocos
15,44,Uruguai,Marrocos
15,44,Gana,Marrocos
15,44,Irã,Marrocos
15,44,Austrália,Marrocos
15,44,Bélgica,Marrocos
15,44,Equador,Marrocos
15,44,Países Baixos,Marrocos
15,44,Costa Rica,Marrocos
15,44,Espanha,Marrocos
15,44,Tunísia,Marrocos
15,44,Polônia,Marrocos
15,44,França,Marrocos
15,44,Coreia do Sul,Marrocos
15,44,Dinamarca,Marrocos
15,44,Sérvia,Marrocos
15,44,México,Marrocos
15,44,Arábia Saudita,Marrocos
15,44,Qatar,Marrocos
15,44,Senegal,Marrocos
15,44,Japão,Marrocos
15,44,Camarões,Marrocos
15,44,Canadá,Marrocos
15,44,Inglaterra,Marrocos
15,44,EUA,Marrocos
15,44,Brasil,Marrocos
15,44,Croácia,Marrocos
15,44,Alemanha,País de Gales
15,44,Portugal,País de Gales
15,44,Suíça,País de Gales
15,44,Uruguai,País de Gales
15,44,Gana,País de Gales
15,44,Irã,País de Gales
15,44,Austrália,País de Gales
15,44,Bélgica,País de Gales
15,44,Equador,País de Gales
15,44,Países Baixos,País de Gales
15,44,Costa Rica,País de Gales
15,44,Espanha,País de Gales
15,44,Tunísia,País de Gales
15,44,Polônia,País de Gales
15,44,França,País de Gales
15,44,Coreia do Sul,País de Gales
15,44,Dinamarca,País de Gales
15,44,Sérvia,País de Gales
15,44,México,País de Gales
15,44,Arábia Saudita,País de Gales
15,44,Qatar,País de Gales
15,44,Senegal,País de Gales
15,44,Japão,País de Gales
15,44,Camarões,País de Gales
15,44,Canadá,País de Gales
15,44,Inglaterra,País de Gales
15,44,EUA,País de Gales
15,44,Brasil,País de Gales
15,44,Croácia,País de Gales
15,44,Portugal,Alemanha
15,44,Suíça,Alemanha
15,44,Uruguai,Alemanha
15,44,Gana,Alemanha
15,44,Irã,Alemanha
15,44,Austrália,Alemanha
15,44,Bélgica,Alemanha
15,44,Equador,Alemanha
15,44,Países Baixos,Alemanha
15,44,Costa Rica,Alemanha
15,44,Espanha,Alemanha
15,44,Tunísia,Alemanha
15,44,Polônia,Alemanha
15,44,França,Alemanha
15,44,Coreia do Sul,Alemanha
15,44,Dinamarca,Alemanha
15,44,Sérvia,Alemanha
15,44,México,Alemanha
15,44,Arábia Saudita,Alemanha
15,44,Qatar,Alemanha
15,44,Senegal,Alemanha
15,44,Japão,Alemanha
15,44,Camarões,Alemanha
15,44,Canadá,Alemanha
15,44,Inglaterra,Alemanha
15,44,EUA,Alemanha
15,44,Brasil,Alemanha
15,44,Croácia,Alemanha
15,44,Suíça,Portugal
15,44,Uruguai,Portugal
15,44,Gana,Portugal
15,44,Irã,Portugal
15,44,Austrália,Portugal
15,44,Bélgica,Portugal
15,44,Equador,Portugal
15,44,Países Baixos,Portugal
15,44,Costa Rica,Portugal
15,44,Espanha,Portugal
15,44,Tunísia,Portugal
15,44,Polônia,Portugal
15,44,França,Portugal
15,44,Coreia do Sul,Portugal
15,44,Dinamarca,Portugal
15,44,Sérvia,Portugal
15,44,México,Portugal
15,44,Arábia Saudita,Portugal
15,44,Qatar,Portugal
15,44,Senegal,Portugal
15,44,Japão,Portugal
15,44,Camarões,Portugal
15,44,Canadá,Portugal
15,44,Inglaterra,Portugal
15,44,EUA,Portugal
15,44,Brasil,Portugal
15,44,Croácia,Portugal
15,44,Uruguai,Suíça
15,44,Gana,Suíça
15,44,Irã,Suíça
15,44,Austrália,Suíça
15,44,Bélgica,Suíça
15,44,Equador,Suíça
15,44,Países Baixos,Suíça
15,44,Costa Rica,Suíça
15,44,Espanha,Suíça
15,44,Tunísia,Suíça
15,44,Polônia,Suíça
15,44,França,Suíça
15,44,Coreia do Sul,Suíça
15,44,Dinamarca,Suíça
15,44,Sérvia,Suíça
15,44,México,Suíça
15,44,Arábia Saudita,Suíça
15,44,Qatar,Suíça
15,44,Senegal,Suíça
15,44,Japão,Suíça
15,44,Camarões,Suíça
15,44,Canadá,Suíça
15,44,Inglaterra,Suíça
15,44,EUA,Suíça
15,44,Brasil,Suíça
15,44,Croácia,Suíça
15,44,Gana,Uruguai
15,44,Irã,Uruguai
15,44,Austrália,Uruguai
15,44,Bélgica,Uruguai
15,44,Equador,Uruguai
15,44,Países Baixos,Uruguai
15,44,Costa Rica,Uruguai
15,44,Espanha,Uruguai
15,44,Tunísia,Uruguai
15,44,Polônia,Uruguai
15,44,França,Uruguai
15,44,Coreia do Sul,Uruguai
15,44,Dinamarca,Uruguai
15,44,Sérvia,Uruguai
15,44,México,Uruguai
15,44,Arábia Saudita,Uruguai
15,44,Qatar,Uruguai
15,44,Senegal,Uruguai
15,44,Japão,Uruguai
15,44,Camarões,Uruguai
15,44,Canadá,Uruguai
15,44,Inglaterra,Uruguai
15,44,EUA,Uruguai
15,44,Brasil,Uruguai
15,44,Croácia,Uruguai
15,44,Irã,Gana
15,44,Austrália,Gana
15,44,Bélgica,Gana
15,44,Equador,Gana
15,44,Países Baixos,Gana
15,44,Costa Rica,Gana
15,44,Espanha,Gana
15,44,Tunísia,Gana
15,44,Polônia,Gana
15,44,França,Gana
15,44,Coreia do Sul,Gana
15,44,Dinamarca,Gana
15,44,Sérvia,Gana
15,44,México,Gana
15,44,Arábia Saudita,Gana
15,44,Qatar,Gana
15,44,Senegal,Gana
15,44,Japão,Gana
15,44,Camarões,Gana
15,44,Canadá,Gana
15,44,Inglaterra,Gana
15,44,EUA,Gana
15,44,Brasil,Gana
15,44,Croácia,Gana
15,44,Austrália,Irã
15,44,Bélgica,Irã
15,44,Equador,Irã
15,44,Países Baixos,Irã
15,44,Costa Rica,Irã
15,44,Espanha,Irã
15,44,Tunísia,Irã
15,44,Polônia,Irã
15,44,França,Irã
15,44,Coreia do Sul,Irã
15,44,Dinamarca,Irã
15,44,Sérvia,Irã
15,44,México,Irã
15,44,Arábia Saudita,Irã
15,44,Qatar,Irã
15,44,Senegal,Irã
15,44,Japão,Irã
15,44,Camarões,Irã
15,44,Canadá,Irã
15,44,Inglaterra,Irã
15,44,EUA,Irã
15,44,Brasil,Irã
15,44,Croácia,Irã
15,44,Bélgica,Austrália
15,44,Equador,Austrália
15,44,Países Baixos,Austrália
15,44,Costa Rica,Austrália
15,44,Espanha,Austrália
15,44,Tunísia,Austrália
15,44,Polônia,Austrália
15,44,França,Austrália
15,44,Coreia do Sul,Austrália
15,44,Dinamarca,Austrália
15,44,Sérvia,Austrália
15,44,México,Austrália
15,44,Arábia Saudita,Austrália
15,44,Qatar,Austrália
15,44,Senegal,Austrália
15,44,Japão,Austrália
15,44,Camarões,Austrália
15,44,Canadá,Austrália
15,44,Inglaterra,Austrália
15,44,EUA,Austrália
15,44,Brasil,Austrália
15,44,Croácia,Austrália
15,44,Equador,Bélgica
15,44,Países Baixos,Bélgica
15,44,Costa Rica,Bélgica
15,44,Espanha,Bélgica
15,44,Tunísia,Bélgica
15,44,Polônia,Bélgica
15,44,França,Bélgica
15,44,Coreia do Sul,Bélgica
15,44,Dinamarca,Bélgica
15,44,Sérvia,Bélgica
15,44,México,Bélgica
15,44,Arábia Saudita,Bélgica
15,44,Qatar,Bélgica
15,44,Senegal,Bélgica
15,44,Japão,Bélgica
15,44,Camarões,Bélgica
15,44,Canadá,Bélgica
15,44,Inglaterra,Bélgica
15,44,EUA,Bélgica
15,44,Brasil,Bélgica
15,44,Croácia,Bélgica
15,44,Países Baixos,Equador
15,44,Costa Rica,Equador
15,44,Espanha,Equador
15,44,Tunísia,Equador
15,44,Polônia,Equador
15,44,França,Equador
15,44,Coreia do Sul,Equador
15,44,Dinamarca,Equador
15,44,Sérvia,Equador
15,44,México,Equador
15,44,Arábia Saudita,Equador
15,44,Qatar,Equador
15,44,Senegal,Equador
15,44,Japão,Equador
15,44,Camarões,Equador
15,44,Canadá,Equador
15,44,Inglaterra,Equador
15,44,EUA,Equador
15,44,Brasil,Equador
15,44,Croácia,Equador
15,44,Costa Rica,Países Baixos
15,44,Espanha,Países Baixos
15,44,Tunísia,Países Baixos
15,44,Polônia,Países Baixos
15,44,França,Países Baixos
15,44,Coreia do Sul,Países Baixos
15,44,Dinamarca,Países Baixos
15,44,Sérvia,Países Baixos
15,44,México,Países Baixos
15,44,Arábia Saudita,Países Baixos
15,44,Qatar,Países Baixos
15,44,Senegal,Países Baixos
15,44,Japão,Países Baixos
15,44,Camarões,Países Baixos
15,44,Canadá,Países Baixos
15,44,Inglaterra,Países Baixos
15,44,EUA,Países Baixos
15,44,Brasil,Países Baixos
15,44,Croácia,Países Baixos
15,44,Espanha,Costa Rica
15,44,Tunísia,Costa Rica
15,44,Polônia,Costa Rica
15,44,França,Costa Rica
15,44,Coreia do Sul,Costa Rica
15,44,Dinamarca,Costa Rica
15,44,Sérvia,Costa Rica
15,44,México,Costa Rica
15,44,Arábia Saudita,Costa Rica
15,44,Qatar,Costa Rica
15,44,Senegal,Costa Rica
15,44,Japão,Costa Rica
15,44,Camarões,Costa Rica
15,44,Canadá,Costa Rica
15,44,Inglaterra,Costa Rica
15,44,EUA,Costa Rica
15,44,Brasil,Costa Rica
15,44,Croácia,Costa Rica
15,44,Tunísia,Espanha
15,44,Polônia,Espanha
15,44,França,Espanha
15,44,Coreia do Sul,Espanha
15,44,Dinamarca,Espanha
15,44,Sérvia,Espanha
15,44,México,Espanha
15,44,Arábia Saudita,Espanha
15,44,Qatar,Espanha
15,44,Senegal,Espanha
15,44,Japão,Espanha
15,44,Camarões,Espanha
15,44,Canadá,Espanha
15,44,Inglaterra,Espanha
15,44,EUA,Espanha
15,44,Brasil,Espanha
15,44,Croácia,Espanha
15,44,Polônia,Tunísia
15,44,França,Tunísia
15,44,Coreia do Sul,Tunísia
15,44,Dinamarca,Tunísia
15,44,Sérvia,Tunísia
15,44,México,Tunísia
15,44,Arábia Saudita,Tunísia
15,44,Qatar,Tunísia
15,44,Senegal,Tunísia
15,44,Japão,Tunísia
15,44,Camarões,Tunísia
15,44,Canadá,Tunísia
15,44,Inglaterra,Tunísia
15,44,EUA,Tunísia
15,44,Brasil,Tunísia
15,44,Croácia,Tunísia
15,44,França,Polônia
15,44,Coreia do Sul,Polônia
15,44,Dinamarca,Polônia
15,44,Sérvia,Polônia
15,44,México,Polônia
15,44,Arábia Saudita,Polônia
15,44,Qatar,Polônia
15,44,Senegal,Polônia
15,44,Japão,Polônia
15,44,Camarões,Polônia
15,44,Canadá,Polônia
15,44,Inglaterra,Polônia
15,44,EUA,Polônia
15,44,Brasil,Polônia
15,44,Croácia,Polônia
15,44,Coreia do Sul,França
15,44,Dinamarca,França
15,44,Sérvia,França
15,44,México,França
15,44,Arábia Saudita,França
15,44,Qatar,França
15,44,Senegal,França
15,44,Japão,França
15,44,Camarões,França
15,44,Canadá,França
15,44,Inglaterra,França
15,44,EUA,França
15,44,Brasil,França
15,44,Croácia,França
15,44,Dinamarca,Coreia do Sul
15,44,Sérvia,Coreia do Sul
15,44,México,Coreia do Sul
15,44,Arábia Saudita,Coreia do Sul
15,44,Qatar,Coreia do Sul
15,44,Senegal,Coreia do Sul
15,44,Japão,Coreia do Sul
15,44,Camarões,Coreia do Sul
15,44,Canadá,Coreia do Sul
15,44,Inglaterra,Coreia do Sul
15,44,EUA,Coreia do Sul
15,44,Brasil,Coreia do Sul
15,44,Croácia,Coreia do Sul
15,44,Sérvia,Dinamarca
15,44,México,Dinamarca
15,44,Arábia Saudita,Dinamarca
15,44,Qatar,Dinamarca
15,44,Senegal,Dinamarca
15,44,Japão,Dinamarca
15,44,Camarões,Dinamarca
15,44,Canadá,Dinamarca
15,44,Inglaterra,Dinamarca
15,44,EUA,Dinamarca
15,44,Brasil,Dinamarca
15,44,Croácia,Dinamarca
15,44,México,Sérvia
15,44,Arábia Saudita,Sérvia
15,44,Qatar,Sérvia
15,44,Senegal,Sérvia
15,44,Japão,Sérvia
15,44,Camarões,Sérvia
15,44,Canadá,Sérvia
15,44,Inglaterra,Sérvia
15,44,EUA,Sérvia
15,44,Brasil,Sérvia
15,44,Croácia,Sérvia
15,44,Arábia Saudita,México
15,44,Qatar,México
15,44,Senegal,México
15,44,Japão,México
15,44,Camarões,México
15,44,Canadá,México
15,44,Inglaterra,México
15,44,EUA,México
15,44,Brasil,México
15,44,Croácia,México
15,44,Qatar,Arábia Saudita
15,44,Senegal,Arábia Saudita
15,44,Japão,Arábia Saudita
15,44,Camarões,Arábia Saudita
15,44,Canadá,Arábia Saudita
15,44,Inglaterra,Arábia Saudita
15,44,EUA,Arábia Saudita
15,44,Brasil,Arábia Saudita
15,44,Croácia,Arábia Saudita
15,44,Senegal,Qatar
15,44,Japão,Qatar
15,44,Camarões,Qatar
15,44,Canadá,Qatar
15,44,Inglaterra,Qatar
15,44,EUA,Qatar
15,44,Brasil,Qatar
15,44,Croácia,Qatar
15,44,Japão,Senegal
15,44,Camarões,Senegal
15,44,Canadá,Senegal
15,44,Inglaterra,Senegal
15,44,EUA,Senegal
15,44,Brasil,Senegal
15,44,Croácia,Senegal
15,44,Camarões,Japão
15,44,Canadá,Japão
15,44,Inglaterra,Japão
15,44,EUA,Japão
15,44,Brasil,Japão
15,44,Croácia,Japão
15,44,Canadá,Camarões
15,44,Inglaterra,Camarões
15,44,EUA,Camarões
15,44,Brasil,Camarões
15,44,Croácia,Camarões
15,44,Inglaterra,Canadá
15,44,EUA,Canadá
15,44,Brasil,Canadá
15,44,Croácia,Canadá
15,44,EUA,Inglaterra
15,44,Brasil,Inglaterra
15,44,Croácia,Inglaterra
15,44,Brasil,EUA
15,44,Croácia,EUA
15,44,Croácia,Brasil
15,47,Marrocos,Argentina
15,47,País de Gales,Argentina
15,47,Alemanha,Argentina
15,47,Portugal,Argentina
15,47,Suíça,Argentina
15,47,Uruguai,Argentina
15,47,Gana,Argentina
15,47,Irã,Argentina
15,47,Austrália,Argentina
15,47,Bélgica,Argentina
15,47,Equador,Argentina
15,47,Países Baixos,Argentina
15,47,Costa Rica,Argentina
15,47,Espanha,Argentina
15,47,Tunísia,Argentina
15,47,Polônia,Argentina
15,47,França,Argentina
15,47,Coreia do Sul,Argentina
15,47,Dinamarca,Argentina
15,47,Sérvia,Argentina
15,47,México,Argentina
15,47,Arábia Saudita,Argentina
15,47,Qatar,Argentina
15,47,Senegal,Argentina
15,47,Japão,Argentina
15,47,Camarões,Argentina
15,47,Canadá,Argentina
15,47,Inglaterra,Argentina
15,47,EUA,Argentina
15,47,Brasil,Argentina
15,47,Croácia,Argentina
15,47,País de Gales,Marrocos
15,47,Alemanha,Marrocos
15,47,Portugal,Marrocos
15,47,Suíça,Marrocos
15,47,Uruguai,Marrocos
15,47,Gana,Marrocos
15,47,Irã,Marrocos
15,47,Austrália,Marrocos
15,47,Bélgica,Marrocos
15,47,Equador,Marrocos
15,47,Países Baixos,Marrocos
15,47,Costa Rica,Marrocos
15,47,Espanha,Marrocos
15,47,Tunísia,Marrocos
15,47,Polônia,Marrocos
15,47,França,Marrocos
15,47,Coreia do Sul,Marrocos
15,47,Dinamarca,Marrocos
15,47,Sérvia,Marrocos
15,47,México,Marrocos
15,47,Arábia Saudita,Marrocos
15,47,Qatar,Marrocos
15,47,Senegal,Marrocos
15,47,Japão,Marrocos
15,47,Camarões,Marrocos
15,47,Canadá,Marrocos
15,47,Inglaterra,Marrocos
15,47,EUA,Marrocos
15,47,Brasil,Marrocos
15,47,Croácia,Marrocos
15,47,Alemanha,País de Gales
15,47,Portugal,País de Gales
15,47,Suíça,País de Gales
15,47,Uruguai,País de Gales
15,47,Gana,País de Gales
15,47,Irã,País de Gales
15,47,Austrália,País de Gales
15,47,Bélgica,País de Gales
15,47,Equador,País de Gales
15,47,Países Baixos,País de Gales
15,47,Costa Rica,País de Gales
15,47,Espanha,País de Gales
15,47,Tunísia,País de Gales
15,47,Polônia,País de Gales
15,47,França,País de Gales
15,47,Coreia do Sul,País de Gales
15,47,Dinamarca,País de Gales
15,47,Sérvia,País de Gales
15,47,México,País de Gales
15,47,Arábia Saudita,País de Gales
15,47,Qatar,País de Gales
15,47,Senegal,País de Gales
15,47,Japão,País de Gales
15,47,Camarões,País de Gales
15,47,Canadá,País de Gales
15,47,Inglaterra,País de Gales
15,47,EUA,País de Gales
15,47,Brasil,País de Gales
15,47,Croácia,País de Gales
15,47,Portugal,Alemanha
15,47,Suíça,Alemanha
15,47,Uruguai,Alemanha
15,47,Gana,Alemanha
15,47,Irã,Alemanha
15,47,Austrália,Alemanha
15,47,Bélgica,Alemanha
15,47,Equador,Alemanha
15,47,Países Baixos,Alemanha
15,47,Costa Rica,Alemanha
15,47,Espanha,Alemanha
15,47,Tunísia,Alemanha
15,47,Polônia,Alemanha
15,47,França,Alemanha
15,47,Coreia do Sul,Alemanha
15,47,Dinamarca,Alemanha
15,47,Sérvia,Alemanha
15,47,México,Alemanha
15,47,Arábia Saudita,Alemanha
15,47,Qatar,Alemanha
15,47,Senegal,Alemanha
15,47,Japão,Alemanha
15,47,Camarões,Alemanha
15,47,Canadá,Alemanha
15,47,Inglaterra,Alemanha
15,47,EUA,Alemanha
15,47,Brasil,Alemanha
15,47,Croácia,Alemanha
15,47,Suíça,Portugal
15,47,Uruguai,Portugal
15,47,Gana,Portugal
15,47,Irã,Portugal
15,47,Austrália,Portugal
15,47,Bélgica,Portugal
15,47,Equador,Portugal
15,47,Países Baixos,Portugal
15,47,Costa Rica,Portugal
15,47,Espanha,Portugal
15,47,Tunísia,Portugal
15,47,Polônia,Portugal
15,47,França,Portugal
15,47,Coreia do Sul,Portugal
15,47,Dinamarca,Portugal
15,47,Sérvia,Portugal
15,47,México,Portugal
15,47,Arábia Saudita,Portugal
15,47,Qatar,Portugal
15,47,Senegal,Portugal
15,47,Japão,Portugal
15,47,Camarões,Portugal
15,47,Canadá,Portugal
15,47,Inglaterra,Portugal
15,47,EUA,Portugal
15,47,Brasil,Portugal
15,47,Croácia,Portugal
15,47,Uruguai,Suíça
15,47,Gana,Suíça
15,47,Irã,Suíça
15,47,Austrália,Suíça
15,47,Bélgica,Suíça
15,47,Equador,Suíça
15,47,Países Baixos,Suíça
15,47,Costa Rica,Suíça
15,47,Espanha,Suíça
15,47,Tunísia,Suíça
15,47,Polônia,Suíça
15,47,França,Suíça
15,47,Coreia do Sul,Suíça
15,47,Dinamarca,Suíça
15,47,Sérvia,Suíça
15,47,México,Suíça
15,47,Arábia Saudita,Suíça
15,47,Qatar,Suíça
15,47,Senegal,Suíça
15,47,Japão,Suíça
15,47,Camarões,Suíça
15,47,Canadá,Suíça
15,47,Inglaterra,Suíça
15,47,EUA,Suíça
15,47,Brasil,Suíça
15,47,Croácia,Suíça
15,47,Gana,Uruguai
15,47,Irã,Uruguai
15,47,Austrália,Uruguai
15,47,Bélgica,Uruguai
15,47,Equador,Uruguai
15,47,Países Baixos,Uruguai
15,47,Costa Rica,Uruguai
15,47,Espanha,Uruguai
15,47,Tunísia,Uruguai
15,47,Polônia,Uruguai
15,47,França,Uruguai
15,47,Coreia do Sul,Uruguai
15,47,Dinamarca,Uruguai
15,47,Sérvia,Uruguai
15,47,México,Uruguai
15,47,Arábia Saudita,Uruguai
15,47,Qatar,Uruguai
15,47,Senegal,Uruguai
15,47,Japão,Uruguai
15,47,Camarões,Uruguai
15,47,Canadá,Uruguai
15,47,Inglaterra,Uruguai
15,47,EUA,Uruguai
15,47,Brasil,Uruguai
15,47,Croácia,Uruguai
15,47,Irã,Gana
15,47,Austrália,Gana
15,47,Bélgica,Gana
15,47,Equador,Gana
15,47,Países Baixos,Gana
15,47,Costa Rica,Gana
15,47,Espanha,Gana
15,47,Tunísia,Gana
15,47,Polônia,Gana
15,47,França,Gana
15,47,Coreia do Sul,Gana
15,47,Dinamarca,Gana
15,47,Sérvia,Gana
15,47,México,Gana
15,47,Arábia Saudita,Gana
15,47,Qatar,Gana
15,47,Senegal,Gana
15,47,Japão,Gana
15,47,Camarões,Gana
15,47,Canadá,Gana
15,47,Inglaterra,Gana
15,47,EUA,Gana
15,47,Brasil,Gana
15,47,Croácia,Gana
15,47,Austrália,Irã
15,47,Bélgica,Irã
15,47,Equador,Irã
15,47,Países Baixos,Irã
15,47,Costa Rica,Irã
15,47,Espanha,Irã
15,47,Tunísia,Irã
15,47,Polônia,Irã
15,47,França,Irã
15,47,Coreia do Sul,Irã
15,47,Dinamarca,Irã
15,47,Sérvia,Irã
15,47,México,Irã
15,47,Arábia Saudita,Irã
15,47,Qatar,Irã
15,47,Senegal,Irã
15,47,Japão,Irã
15,47,Camarões,Irã
15,47,Canadá,Irã
15,47,Inglaterra,Irã
15,47,EUA,Irã
15,47,Brasil,Irã
15,47,Croácia,Irã
15,47,Bélgica,Austrália
15,47,Equador,Austrália
15,47,Países Baixos,Austrália
15,47,Costa Rica,Austrália
15,47,Espanha,Austrália
15,47,Tunísia,Austrália
15,47,Polônia,Austrália
15,47,França,Austrália
15,47,Coreia do Sul,Austrália
15,47,Dinamarca,Austrália
15,47,Sérvia,Austrália
15,47,México,Austrália
15,47,Arábia Saudita,Austrália
15,47,Qatar,Austrália
15,47,Senegal,Austrália
15,47,Japão,Austrália
15,47,Camarões,Austrália
15,47,Canadá,Austrália
15,47,Inglaterra,Austrália
15,47,EUA,Austrália
15,47,Brasil,Austrália
15,47,Croácia,Austrália
15,47,Equador,Bélgica
15,47,Países Baixos,Bélgica
15,47,Costa Rica,Bélgica
15,47,Espanha,Bélgica
15,47,Tunísia,Bélgica
15,47,Polônia,Bélgica
15,47,França,Bélgica
15,47,Coreia do Sul,Bélgica
15,47,Dinamarca,Bélgica
15,47,Sérvia,Bélgica
15,47,México,Bélgica
15,47,Arábia Saudita,Bélgica
15,47,Qatar,Bélgica
15,47,Senegal,Bélgica
15,47,Japão,Bélgica
15,47,Camarões,Bélgica
15,47,Canadá,Bélgica
15,47,Inglaterra,Bélgica
15,47,EUA,Bélgica
15,47,Brasil,Bélgica
15,47,Croácia,Bélgica
15,47,Países Baixos,Equador
15,47,Costa Rica,Equador
15,47,Espanha,Equador
15,47,Tunísia,Equador
15,47,Polônia,Equador
15,47,França,Equador
15,47,Coreia do Sul,Equador
15,47,Dinamarca,Equador
15,47,Sérvia,Equador
15,47,México,Equador
15,47,Arábia Saudita,Equador
15,47,Qatar,Equador
15,47,Senegal,Equador
15,47,Japão,Equador
15,47,Camarões,Equador
15,47,Canadá,Equador
15,47,Inglaterra,Equador
15,47,EUA,Equador
15,47,Brasil,Equador
15,47,Croácia,Equador
15,47,Costa Rica,Países Baixos
15,47,Espanha,Países Baixos
15,47,Tunísia,Países Baixos
15,47,Polônia,Países Baixos
15,47,França,Países Baixos
15,47,Coreia do Sul,Países Baixos
15,47,Dinamarca,Países Baixos
15,47,Sérvia,Países Baixos
15,47,México,Países Baixos
15,47,Arábia Saudita,Países Baixos
15,47,Qatar,Países Baixos
15,47,Senegal,Países Baixos
15,47,Japão,Países Baixos
15,47,Camarões,Países Baixos
15,47,Canadá,Países Baixos
15,47,Inglaterra,Países Baixos
15,47,EUA,Países Baixos
15,47,Brasil,Países Baixos
15,47,Croácia,Países Baixos
15,47,Espanha,Costa Rica
15,47,Tunísia,Costa Rica
15,47,Polônia,Costa Rica
15,47,França,Costa Rica
15,47,Coreia do Sul,Costa Rica
15,47,Dinamarca,Costa Rica
15,47,Sérvia,Costa Rica
15,47,México,Costa Rica
15,47,Arábia Saudita,Costa Rica
15,47,Qatar,Costa Rica
15,47,Senegal,Costa Rica
15,47,Japão,Costa Rica
15,47,Camarões,Costa Rica
15,47,Canadá,Costa Rica
15,47,Inglaterra,Costa Rica
15,47,EUA,Costa Rica
15,47,Brasil,Costa Rica
15,47,Croácia,Costa Rica
15,47,Tunísia,Espanha
15,47,Polônia,Espanha
15,47,França,Espanha
15,47,Coreia do Sul,Espanha
15,47,Dinamarca,Espanha
15,47,Sérvia,Espanha
15,47,México,Espanha
15,47,Arábia Saudita,Espanha
15,47,Qatar,Espanha
15,47,Senegal,Espanha
15,47,Japão,Espanha
15,47,Camarões,Espanha
15,47,Canadá,Espanha
15,47,Inglaterra,Espanha
15,47,EUA,Espanha
15,47,Brasil,Espanha
15,47,Croácia,Espanha
15,47,Polônia,Tunísia
15,47,França,Tunísia
15,47,Coreia do Sul,Tunísia
15,47,Dinamarca,Tunísia
15,47,Sérvia,Tunísia
15,47,México,Tunísia
15,47,Arábia Saudita,Tunísia
15,47,Qatar,Tunísia
15,47,Senegal,Tunísia
15,47,Japão,Tunísia
15,47,Camarões,Tunísia
15,47,Canadá,Tunísia
15,47,Inglaterra,Tunísia
15,47,EUA,Tunísia
15,47,Brasil,Tunísia
15,47,Croácia,Tunísia
15,47,França,Polônia
15,47,Coreia do Sul,Polônia
15,47,Dinamarca,Polônia
15,47,Sérvia,Polônia
15,47,México,Polônia
15,47,Arábia Saudita,Polônia
15,47,Qatar,Polônia
15,47,Senegal,Polônia
15,47,Japão,Polônia
15,47,Camarões,Polônia
15,47,Canadá,Polônia
15,47,Inglaterra,Polônia
15,47,EUA,Polônia
15,47,Brasil,Polônia
15,47,Croácia,Polônia
15,47,Coreia do Sul,França
15,47,Dinamarca,França
15,47,Sérvia,França
15,47,México,França
15,47,Arábia Saudita,França
15,47,Qatar,França
15,47,Senegal,França
15,47,Japão,França
15,47,Camarões,França
15,47,Canadá,França
15,47,Inglaterra,França
15,47,EUA,França
15,47,Brasil,França
15,47,Croácia,França
15,47,Dinamarca,Coreia do Sul
15,47,Sérvia,Coreia do Sul
15,47,México,Coreia do Sul
15,47,Arábia Saudita,Coreia do Sul
15,47,Qatar,Coreia do Sul
15,47,Senegal,Coreia do Sul
15,47,Japão,Coreia do Sul
15,47,Camarões,Coreia do Sul
15,47,Canadá,Coreia do Sul
15,47,Inglaterra,Coreia do Sul
15,47,EUA,Coreia do Sul
15,47,Brasil,Coreia do Sul
15,47,Croácia,Coreia do Sul
15,47,Sérvia,Dinamarca
15,47,México,Dinamarca
15,47,Arábia Saudita,Dinamarca
15,47,Qatar,Dinamarca
15,47,Senegal,Dinamarca
15,47,Japão,Dinamarca
15,47,Camarões,Dinamarca
15,47,Canadá,Dinamarca
15,47,Inglaterra,Dinamarca
15,47,EUA,Dinamarca
15,47,Brasil,Dinamarca
15,47,Croácia,Dinamarca
15,47,México,Sérvia
15,47,Arábia Saudita,Sérvia
15,47,Qatar,Sérvia
15,47,Senegal,Sérvia
15,47,Japão,Sérvia
15,47,Camarões,Sérvia
15,47,Canadá,Sérvia
15,47,Inglaterra,Sérvia
15,47,EUA,Sérvia
15,47,Brasil,Sérvia
15,47,Croácia,Sérvia
15,47,Arábia Saudita,México
15,47,Qatar,México
15,47,Senegal,México
15,47,Japão,México
15,47,Camarões,México
15,47,Canadá,México
15,47,Inglaterra,México
15,47,EUA,México
15,47,Brasil,México
15,47,Croácia,México
15,47,Qatar,Arábia Saudita
15,47,Senegal,Arábia Saudita
15,47,Japão,Arábia Saudita
15,47,Camarões,Arábia Saudita
15,47,Canadá,Arábia Saudita
15,47,Inglaterra,Arábia Saudita
15,47,EUA,Arábia Saudita
15,47,Brasil,Arábia Saudita
15,47,Croácia,Arábia Saudita
15,47,Senegal,Qatar
15,47,Japão,Qatar
15,47,Camarões,Qatar
15,47,Canadá,Qatar
15,47,Inglaterra,Qatar
15,47,EUA,Qatar
15,47,Brasil,Qatar
15,47,Croácia,Qatar
15,47,Japão,Senegal
15,47,Camarões,Senegal
15,47,Canadá,Senegal
15,47,Inglaterra,Senegal
15,47,EUA,Senegal
15,47,Brasil,Senegal
15,47,Croácia,Senegal
15,47,Camarões,Japão
15,47,Canadá,Japão
15,47,Inglaterra,Japão
15,47,EUA,Japão
15,47,Brasil,Japão
15,47,Croácia,Japão
15,47,Canadá,Camarões
15,47,Inglaterra,Camarões
15,47,EUA,Camarões
15,47,Brasil,Camarões
15,47,Croácia,Camarões
15,47,Inglaterra,Canadá
15,47,EUA,Canadá
15,47,Brasil,Canadá
15,47,Croácia,Canadá
15,47,EUA,Inglaterra
15,47,Brasil,Inglaterra
15,47,Croácia,Inglaterra
15,47,Brasil,EUA
15,47,Croácia,EUA
15,47,Croácia,Brasil
15,50,Marrocos,Argentina
15,50,País de Gales,Argentina
15,50,Alemanha,Argentina
15,50,Portugal,Argentina
15,50,Suíça,Argentina
15,50,Uruguai,Argentina
15,50,Gana,Argentina
15,50,Irã,Argentina
15,50,Austrália,Argentina
15,50,Bélgica,Argentina
15,50,Equador,Argentina
15,50,Países Baixos,Argentina
15,50,Costa Rica,Argentina
15,50,Espanha,Argentina
15,50,Tunísia,Argentina
15,50,Polônia,Argentina
15,50,França,Argentina
15,50,Coreia do Sul,Argentina
15,50,Dinamarca,Argentina
15,50,Sérvia,Argentina
15,50,México,Argentina
15,50,Arábia Saudita,Argentina
15,50,Qatar,Argentina
15,50,Senegal,Argentina
15,50,Japão,Argentina
15,50,Camarões,Argentina
15,50,Canadá,Argentina
15,50,Inglaterra,Argentina
15,50,EUA,Argentina
15,50,Brasil,Argentina
15,50,Croácia,Argentina
15,50,País de Gales,Marrocos
15,50,Alemanha,Marrocos
15,50,Portugal,Marrocos
15,50,Suíça,Marrocos
15,50,Uruguai,Marrocos
15,50,Gana,Marrocos
15,50,Irã,Marrocos
15,50,Austrália,Marrocos
15,50,Bélgica,Marrocos
15,50,Equador,Marrocos
15,50,Países Baixos,Marrocos
15,50,Costa Rica,Marrocos
15,50,Espanha,Marrocos
15,50,Tunísia,Marrocos
15,50,Polônia,Marrocos
15,50,França,Marrocos
15,50,Coreia do Sul,Marrocos
15,50,Dinamarca,Marrocos
15,50,Sérvia,Marrocos
15,50,México,Marrocos
15,50,Arábia Saudita,Marrocos
15,50,Qatar,Marrocos
15,50,Senegal,Marrocos
15,50,Japão,Marrocos
15,50,Camarões,Marrocos
15,50,Canadá,Marrocos
15,50,Inglaterra,Marrocos
15,50,EUA,Marrocos
15,50,Brasil,Marrocos
15,50,Croácia,Marrocos
15,50,Alemanha,País de Gales
15,50,Portugal,País de Gales
15,50,Suíça,País de Gales
15,50,Uruguai,País de Gales
15,50,Gana,País de Gales
15,50,Irã,País de Gales
15,50,Austrália,País de Gales
15,50,Bélgica,País de Gales
15,50,Equador,País de Gales
15,50,Países Baixos,País de Gales
15,50,Costa Rica,País de Gales
15,50,Espanha,País de Gales
15,50,Tunísia,País de Gales
15,50,Polônia,País de Gales
15,50,França,País de Gales
15,50,Coreia do Sul,País de Gales
15,50,Dinamarca,País de Gales
15,50,Sérvia,País de Gales
15,50,México,País de Gales
15,50,Arábia Saudita,País de Gales
15,50,Qatar,País de Gales
15,50,Senegal,País de Gales
15,50,Japão,País de Gales
15,50,Camarões,País de Gales
15,50,Canadá,País de Gales
15,50,Inglaterra,País de Gales
15,50,EUA,País de Gales
15,50,Brasil,País de Gales
15,50,Croácia,País de Gales
15,50,Portugal,Alemanha
15,50,Suíça,Alemanha
15,50,Uruguai,Alemanha
15,50,Gana,Alemanha
15,50,Irã,Alemanha
15,50,Austrália,Alemanha
15,50,Bélgica,Alemanha
15,50,Equador,Alemanha
15,50,Países Baixos,Alemanha
15,50,Costa Rica,Alemanha
15,50,Espanha,Alemanha
15,50,Tunísia,Alemanha
15,50,Polônia,Alemanha
15,50,França,Alemanha
15,50,Coreia do Sul,Alemanha
15,50,Dinamarca,Alemanha
15,50,Sérvia,Alemanha
15,50,México,Alemanha
15,50,Arábia Saudita,Alemanha
15,50,Qatar,Alemanha
15,50,Senegal,Alemanha
15,50,Japão,Alemanha
15,50,Camarões,Alemanha
15,50,Canadá,Alemanha
15,50,Inglaterra,Alemanha
15,50,EUA,Alemanha
15,50,Brasil,Alemanha
15,50,Croácia,Alemanha
15,50,Suíça,Portugal
15,50,Uruguai,Portugal
15,50,Gana,Portugal
15,50,Irã,Portugal
15,50,Austrália,Portugal
15,50,Bélgica,Portugal
15,50,Equador,Portugal
15,50,Países Baixos,Portugal
15,50,Costa Rica,Portugal
15,50,Espanha,Portugal
15,50,Tunísia,Portugal
15,50,Polônia,Portugal
15,50,França,Portugal
15,50,Coreia do Sul,Portugal
15,50,Dinamarca,Portugal
15,50,Sérvia,Portugal
15,50,México,Portugal
15,50,Arábia Saudita,Portugal
15,50,Qatar,Portugal
15,50,Senegal,Portugal
15,50,Japão,Portugal
15,50,Camarões,Portugal
15,50,Canadá,Portugal
15,50,Inglaterra,Portugal
15,50,EUA,Portugal
15,50,Brasil,Portugal
15,50,Croácia,Portugal
15,50,Uruguai,Suíça
15,50,Gana,Suíça
15,50,Irã,Suíça
15,50,Austrália,Suíça
15,50,Bélgica,Suíça
15,50,Equador,Suíça
15,50,Países Baixos,Suíça
15,50,Costa Rica,Suíça
15,50,Espanha,Suíça
15,50,Tunísia,Suíça
15,50,Polônia,Suíça
15,50,França,Suíça
15,50,Coreia do Sul,Suíça
15,50,Dinamarca,Suíça
15,50,Sérvia,Suíça
15,50,México,Suíça
15,50,Arábia Saudita,Suíça
15,50,Qatar,Suíça
15,50,Senegal,Suíça
15,50,Japão,Suíça
15,50,Camarões,Suíça
15,50,Canadá,Suíça
15,50,Inglaterra,Suíça
15,50,EUA,Suíça
15,50,Brasil,Suíça
15,50,Croácia,Suíça
15,50,Gana,Uruguai
15,50,Irã,Uruguai
15,50,Austrália,Uruguai
15,50,Bélgica,Uruguai
15,50,Equador,Uruguai
15,50,Países Baixos,Uruguai
15,50,Costa Rica,Uruguai
15,50,Espanha,Uruguai
15,50,Tunísia,Uruguai
15,50,Polônia,Uruguai
15,50,França,Uruguai
15,50,Coreia do Sul,Uruguai
15,50,Dinamarca,Uruguai
15,50,Sérvia,Uruguai
15,50,México,Uruguai
15,50,Arábia Saudita,Uruguai
15,50,Qatar,Uruguai
15,50,Senegal,Uruguai
15,50,Japão,Uruguai
15,50,Camarões,Uruguai
15,50,Canadá,Uruguai
15,50,Inglaterra,Uruguai
15,50,EUA,Uruguai
15,50,Brasil,Uruguai
15,50,Croácia,Uruguai
15,50,Irã,Gana
15,50,Austrália,Gana
15,50,Bélgica,Gana
15,50,Equador,Gana
15,50,Países Baixos,Gana
15,50,Costa Rica,Gana
15,50,Espanha,Gana
15,50,Tunísia,Gana
15,50,Polônia,Gana
15,50,França,Gana
15,50,Coreia do Sul,Gana
15,50,Dinamarca,Gana
15,50,Sérvia,Gana
15,50,México,Gana
15,50,Arábia Saudita,Gana
15,50,Qatar,Gana
15,50,Senegal,Gana
15,50,Japão,Gana
15,50,Camarões,Gana
15,50,Canadá,Gana
15,50,Inglaterra,Gana
15,50,EUA,Gana
15,50,Brasil,Gana
15,50,Croácia,Gana
15,50,Austrália,Irã
15,50,Bélgica,Irã
15,50,Equador,Irã
15,50,Países Baixos,Irã
15,50,Costa Rica,Irã
15,50,Espanha,Irã
15,50,Tunísia,Irã
15,50,Polônia,Irã
15,50,França,Irã
15,50,Coreia do Sul,Irã
15,50,Dinamarca,Irã
15,50,Sérvia,Irã
15,50,México,Irã
15,50,Arábia Saudita,Irã
15,50,Qatar,Irã
15,50,Senegal,Irã
15,50,Japão,Irã
15,50,Camarões,Irã
15,50,Canadá,Irã
15,50,Inglaterra,Irã
15,50,EUA,Irã
15,50,Brasil,Irã
15,50,Croácia,Irã
15,50,Bélgica,Austrália
15,50,Equador,Austrália
15,50,Países Baixos,Austrália
15,50,Costa Rica,Austrália
15,50,Espanha,Austrália
15,50,Tunísia,Austrália
15,50,Polônia,Austrália
15,50,França,Austrália
15,50,Coreia do Sul,Austrália
15,50,Dinamarca,Austrália
15,50,Sérvia,Austrália
15,50,México,Austrália
15,50,Arábia Saudita,Austrália
15,50,Qatar,Austrália
15,50,Senegal,Austrália
15,50,Japão,Austrália
15,50,Camarões,Austrália
15,50,Canadá,Austrália
15,50,Inglaterra,Austrália
15,50,EUA,Austrália
15,50,Brasil,Austrália
15,50,Croácia,Austrália
15,50,Equador,Bélgica
15,50,Países Baixos,Bélgica
15,50,Costa Rica,Bélgica
15,50,Espanha,Bélgica
15,50,Tunísia,Bélgica
15,50,Polônia,Bélgica
15,50,França,Bélgica
15,50,Coreia do Sul,Bélgica
15,50,Dinamarca,Bélgica
15,50,Sérvia,Bélgica
15,50,México,Bélgica
15,50,Arábia Saudita,Bélgica
15,50,Qatar,Bélgica
15,50,Senegal,Bélgica
15,50,Japão,Bélgica
15,50,Camarões,Bélgica
15,50,Canadá,Bélgica
15,50,Inglaterra,Bélgica
15,50,EUA,Bélgica
15,50,Brasil,Bélgica
15,50,Croácia,Bélgica
15,50,Países Baixos,Equador
15,50,Costa Rica,Equador
15,50,Espanha,Equador
15,50,Tunísia,Equador
15,50,Polônia,Equador
15,50,França,Equador
15,50,Coreia do Sul,Equador
15,50,Dinamarca,Equador
15,50,Sérvia,Equador
15,50,México,Equador
15,50,Arábia Saudita,Equador
15,50,Qatar,Equador
15,50,Senegal,Equador
15,50,Japão,Equador
15,50,Camarões,Equador
15,50,Canadá,Equador
15,50,Inglaterra,Equador
15,50,EUA,Equador
15,50,Brasil,Equador
15,50,Croácia,Equador
15,50,Costa Rica,Países Baixos
15,50,Espanha,Países Baixos
15,50,Tunísia,Países Baixos
15,50,Polônia,Países Baixos
15,50,França,Países Baixos
15,50,Coreia do Sul,Países Baixos
15,50,Dinamarca,Países Baixos
15,50,Sérvia,Países Baixos
15,50,México,Países Baixos
15,50,Arábia Saudita,Países Baixos
15,50,Qatar,Países Baixos
15,50,Senegal,Países Baixos
15,50,Japão,Países Baixos
15,50,Camarões,Países Baixos
15,50,Canadá,Países Baixos
15,50,Inglaterra,Países Baixos
15,50,EUA,Países Baixos
15,50,Brasil,Países Baixos
15,50,Croácia,Países Baixos
15,50,Espanha,Costa Rica
15,50,Tunísia,Costa Rica
15,50,Polônia,Costa Rica
15,50,França,Costa Rica
15,50,Coreia do Sul,Costa Rica
15,50,Dinamarca,Costa Rica
15,50,Sérvia,Costa Rica
15,50,México,Costa Rica
15,50,Arábia Saudita,Costa Rica
15,50,Qatar,Costa Rica
15,50,Senegal,Costa Rica
15,50,Japão,Costa Rica
15,50,Camarões,Costa Rica
15,50,Canadá,Costa Rica
15,50,Inglaterra,Costa Rica
15,50,EUA,Costa Rica
15,50,Brasil,Costa Rica
15,50,Croácia,Costa Rica
15,50,Tunísia,Espanha
15,50,Polônia,Espanha
15,50,França,Espanha
15,50,Coreia do Sul,Espanha
15,50,Dinamarca,Espanha
15,50,Sérvia,Espanha
15,50,México,Espanha
15,50,Arábia Saudita,Espanha
15,50,Qatar,Espanha
15,50,Senegal,Espanha
15,50,Japão,Espanha
15,50,Camarões,Espanha
15,50,Canadá,Espanha
15,50,Inglaterra,Espanha
15,50,EUA,Espanha
15,50,Brasil,Espanha
15,50,Croácia,Espanha
15,50,Polônia,Tunísia
15,50,França,Tunísia
15,50,Coreia do Sul,Tunísia
15,50,Dinamarca,Tunísia
15,50,Sérvia,Tunísia
15,50,México,Tunísia
15,50,Arábia Saudita,Tunísia
15,50,Qatar,Tunísia
15,50,Senegal,Tunísia
15,50,Japão,Tunísia
15,50,Camarões,Tunísia
15,50,Canadá,Tunísia
15,50,Inglaterra,Tunísia
15,50,EUA,Tunísia
15,50,Brasil,Tunísia
15,50,Croácia,Tunísia
15,50,França,Polônia
15,50,Coreia do Sul,Polônia
15,50,Dinamarca,Polônia
15,50,Sérvia,Polônia
15,50,México,Polônia
15,50,Arábia Saudita,Polônia
15,50,Qatar,Polônia
15,50,Senegal,Polônia
15,50,Japão,Polônia
15,50,Camarões,Polônia
15,50,Canadá,Polônia
15,50,Inglaterra,Polônia
15,50,EUA,Polônia
15,50,Brasil,Polônia
15,50,Croácia,Polônia
15,50,Coreia do Sul,França
15,50,Dinamarca,França
15,50,Sérvia,França
15,50,México,França
15,50,Arábia Saudita,França
15,50,Qatar,França
15,50,Senegal,França
15,50,Japão,França
15,50,Camarões,França
15,50,Canadá,França
15,50,Inglaterra,França
15,50,EUA,França
15,50,Brasil,França
15,50,Croácia,França
15,50,Dinamarca,Coreia do Sul
15,50,Sérvia,Coreia do Sul
15,50,México,Coreia do Sul
15,50,Arábia Saudita,Coreia do Sul
15,50,Qatar,Coreia do Sul
15,50,Senegal,Coreia do Sul
15,50,Japão,Coreia do Sul
15,50,Camarões,Coreia do Sul
15,50,Canadá,Coreia do Sul
15,50,Inglaterra,Coreia do Sul
15,50,EUA,Coreia do Sul
15,50,Brasil,Coreia do Sul
15,50,Croácia,Coreia do Sul
15,50,Sérvia,Dinamarca
15,50,México,Dinamarca
15,50,Arábia Saudita,Dinamarca
15,50,Qatar,Dinamarca
15,50,Senegal,Dinamarca
15,50,Japão,Dinamarca
15,50,Camarões,Dinamarca
15,50,Canadá,Dinamarca
15,50,Inglaterra,Dinamarca
15,50,EUA,Dinamarca
15,50,Brasil,Dinamarca
15,50,Croácia,Dinamarca
15,50,México,Sérvia
15,50,Arábia Saudita,Sérvia
15,50,Qatar,Sérvia
15,50,Senegal,Sérvia
15,50,Japão,Sérvia
15,50,Camarões,Sérvia
15,50,Canadá,Sérvia
15,50,Inglaterra,Sérvia
15,50,EUA,Sérvia
15,50,Brasil,Sérvia
15,50,Croácia,Sérvia
15,50,Arábia Saudita,México
15,50,Qatar,México
15,50,Senegal,México
15,50,Japão,México
15,50,Camarões,México
15,50,Canadá,México
15,50,Inglaterra,México
15,50,EUA,México
15,50,Brasil,México
15,50,Croácia,México
15,50,Qatar,Arábia Saudita
15,50,Senegal,Arábia Saudita
15,50,Japão,Arábia Saudita
15,50,Camarões,Arábia Saudita
15,50,Canadá,Arábia Saudita
15,50,Inglaterra,Arábia Saudita
15,50,EUA,Arábia Saudita
15,50,Brasil,Arábia Saudita
15,50,Croácia,Arábia Saudita
15,50,Senegal,Qatar
15,50,Japão,Qatar
15,50,Camarões,Qatar
15,50,Canadá,Qatar
15,50,Inglaterra,Qatar
15,50,EUA,Qatar
15,50,Brasil,Qatar
15,50,Croácia,Qatar
15,50,Japão,Senegal
15,50,Camarões,Senegal
15,50,Canadá,Senegal
15,50,Inglaterra,Senegal
15,50,EUA,Senegal
15,50,Brasil,Senegal
15,50,Croácia,Senegal
15,50,Camarões,Japão
15,50,Canadá,Japão
15,50,Inglaterra,Japão
15,50,EUA,Japão
15,50,Brasil,Japão
15,50,Croácia,Japão
15,50,Canadá,Camarões
15,50,Inglaterra,Camarões
15,50,EUA,Camarões
15,50,Brasil,Camarões
15,50,Croácia,Camarões
15,50,Inglaterra,Canadá
15,50,EUA,Canadá
15,50,Brasil,Canadá
15,50,Croácia,Canadá
15,50,EUA,Inglaterra
15,50,Brasil,Inglaterra
15,50,Croácia,Inglaterra
15,50,Brasil,EUA
15,50,Croácia,EUA
15,50,Croácia,Brasil
15,53,Marrocos,Argentina
15,53,País de Gales,Argentina
15,53,Alemanha,Argentina
15,53,Portugal,Argentina
15,53,Suíça,Argentina
15,53,Uruguai,Argentina
15,53,Gana,Argentina
15,53,Irã,Argentina
15,53,Austrália,Argentina
15,53,Bélgica,Argentina
15,53,Equador,Argentina
15,53,Países Baixos,Argentina
15,53,Costa Rica,Argentina
15,53,Espanha,Argentina
15,53,Tunísia,Argentina
15,53,Polônia,Argentina
15,53,França,Argentina
15,53,Coreia do Sul,Argentina
15,53,Dinamarca,Argentina
15,53,Sérvia,Argentina
15,53,México,Argentina
15,53,Arábia Saudita,Argentina
15,53,Qatar,Argentina
15,53,Senegal,Argentina
15,53,Japão,Argentina
15,53,Camarões,Argentina
15,53,Canadá,Argentina
15,53,Inglaterra,Argentina
15,53,EUA,Argentina
15,53,Brasil,Argentina
15,53,Croácia,Argentina
15,53,País de Gales,Marrocos
15,53,Alemanha,Marrocos
15,53,Portugal,Marrocos
15,53,Suíça,Marrocos
15,53,Uruguai,Marrocos
15,53,Gana,Marrocos
15,53,Irã,Marrocos
15,53,Austrália,Marrocos
15,53,Bélgica,Marrocos
15,53,Equador,Marrocos
15,53,Países Baixos,Marrocos
15,53,Costa Rica,Marrocos
15,53,Espanha,Marrocos
15,53,Tunísia,Marrocos
15,53,Polônia,Marrocos
15,53,França,Marrocos
15,53,Coreia do Sul,Marrocos
15,53,Dinamarca,Marrocos
15,53,Sérvia,Marrocos
15,53,México,Marrocos
15,53,Arábia Saudita,Marrocos
15,53,Qatar,Marrocos
15,53,Senegal,Marrocos
15,53,Japão,Marrocos
15,53,Camarões,Marrocos
15,53,Canadá,Marrocos
15,53,Inglaterra,Marrocos
15,53,EUA,Marrocos
15,53,Brasil,Marrocos
15,53,Croácia,Marrocos
15,53,Alemanha,País de Gales
15,53,Portugal,País de Gales
15,53,Suíça,País de Gales
15,53,Uruguai,País de Gales
15,53,Gana,País de Gales
15,53,Irã,País de Gales
15,53,Austrália,País de Gales
15,53,Bélgica,País de Gales
15,53,Equador,País de Gales
15,53,Países Baixos,País de Gales
15,53,Costa Rica,País de Gales
15,53,Espanha,País de Gales
15,53,Tunísia,País de Gales
15,53,Polônia,País de Gales
15,53,França,País de Gales
15,53,Coreia do Sul,País de Gales
15,53,Dinamarca,País de Gales
15,53,Sérvia,País de Gales
15,53,México,País de Gales
15,53,Arábia Saudita,País de Gales
15,53,Qatar,País de Gales
15,53,Senegal,País de Gales
15,53,Japão,País de Gales
15,53,Camarões,País de Gales
15,53,Canadá,País de Gales
15,53,Inglaterra,País de Gales
15,53,EUA,País de Gales
15,53,Brasil,País de Gales
15,53,Croácia,País de Gales
15,53,Portugal,Alemanha
15,53,Suíça,Alemanha
15,53,Uruguai,Alemanha
15,53,Gana,Alemanha
15,53,Irã,Alemanha
15,53,Austrália,Alemanha
15,53,Bélgica,Alemanha
15,53,Equador,Alemanha
15,53,Países Baixos,Alemanha
15,53,Costa Rica,Alemanha
15,53,Espanha,Alemanha
15,53,Tunísia,Alemanha
15,53,Polônia,Alemanha
15,53,França,Alemanha
15,53,Coreia do Sul,Alemanha
15,53,Dinamarca,Alemanha
15,53,Sérvia,Alemanha
15,53,México,Alemanha
15,53,Arábia Saudita,Alemanha
15,53,Qatar,Alemanha
15,53,Senegal,Alemanha
15,53,Japão,Alemanha
15,53,Camarões,Alemanha
15,53,Canadá,Alemanha
15,53,Inglaterra,Alemanha
15,53,EUA,Alemanha
15,53,Brasil,Alemanha
15,53,Croácia,Alemanha
15,53,Suíça,Portugal
15,53,Uruguai,Portugal
15,53,Gana,Portugal
15,53,Irã,Portugal
15,53,Austrália,Portugal
15,53,Bélgica,Portugal
15,53,Equador,Portugal
15,53,Países Baixos,Portugal
15,53,Costa Rica,Portugal
15,53,Espanha,Portugal
15,53,Tunísia,Portugal
15,53,Polônia,Portugal
15,53,França,Portugal
15,53,Coreia do Sul,Portugal
15,53,Dinamarca,Portugal
15,53,Sérvia,Portugal
15,53,México,Portugal
15,53,Arábia Saudita,Portugal
15,53,Qatar,Portugal
15,53,Senegal,Portugal
15,53,Japão,Portugal
15,53,Camarões,Portugal
15,53,Canadá,Portugal
15,53,Inglaterra,Portugal
15,53,EUA,Portugal
15,53,Brasil,Portugal
15,53,Croácia,Portugal
15,53,Uruguai,Suíça
15,53,Gana,Suíça
15,53,Irã,Suíça
15,53,Austrália,Suíça
15,53,Bélgica,Suíça
15,53,Equador,Suíça
15,53,Países Baixos,Suíça
15,53,Costa Rica,Suíça
15,53,Espanha,Suíça
15,53,Tunísia,Suíça
15,53,Polônia,Suíça
15,53,França,Suíça
15,53,Coreia do Sul,Suíça
15,53,Dinamarca,Suíça
15,53,Sérvia,Suíça
15,53,México,Suíça
15,53,Arábia Saudita,Suíça
15,53,Qatar,Suíça
15,53,Senegal,Suíça
15,53,Japão,Suíça
15,53,Camarões,Suíça
15,53,Canadá,Suíça
15,53,Inglaterra,Suíça
15,53,EUA,Suíça
15,53,Brasil,Suíça
15,53,Croácia,Suíça
15,53,Gana,Uruguai
15,53,Irã,Uruguai
15,53,Austrália,Uruguai
15,53,Bélgica,Uruguai
15,53,Equador,Uruguai
15,53,Países Baixos,Uruguai
15,53,Costa Rica,Uruguai
15,53,Espanha,Uruguai
15,53,Tunísia,Uruguai
15,53,Polônia,Uruguai
15,53,França,Uruguai
15,53,Coreia do Sul,Uruguai
15,53,Dinamarca,Uruguai
15,53,Sérvia,Uruguai
15,53,México,Uruguai
15,53,Arábia Saudita,Uruguai
15,53,Qatar,Uruguai
15,53,Senegal,Uruguai
15,53,Japão,Uruguai
15,53,Camarões,Uruguai
15,53,Canadá,Uruguai
15,53,Inglaterra,Uruguai
15,53,EUA,Uruguai
15,53,Brasil,Uruguai
15,53,Croácia,Uruguai
15,53,Irã,Gana
15,53,Austrália,Gana
15,53,Bélgica,Gana
15,53,Equador,Gana
15,53,Países Baixos,Gana
15,53,Costa Rica,Gana
15,53,Espanha,Gana
15,53,Tunísia,Gana
15,53,Polônia,Gana
15,53,França,Gana
15,53,Coreia do Sul,Gana
15,53,Dinamarca,Gana
15,53,Sérvia,Gana
15,53,México,Gana
15,53,Arábia Saudita,Gana
15,53,Qatar,Gana
15,53,Senegal,Gana
15,53,Japão,Gana
15,53,Camarões,Gana
15,53,Canadá,Gana
15,53,Inglaterra,Gana
15,53,EUA,Gana
15,53,Brasil,Gana
15,53,Croácia,Gana
15,53,Austrália,Irã
15,53,Bélgica,Irã
15,53,Equador,Irã
15,53,Países Baixos,Irã
15,53,Costa Rica,Irã
15,53,Espanha,Irã
15,53,Tunísia,Irã
15,53,Polônia,Irã
15,53,França,Irã
15,53,Coreia do Sul,Irã
15,53,Dinamarca,Irã
15,53,Sérvia,Irã
15,53,México,Irã
15,53,Arábia Saudita,Irã
15,53,Qatar,Irã
15,53,Senegal,Irã
15,53,Japão,Irã
15,53,Camarões,Irã
15,53,Canadá,Irã
15,53,Inglaterra,Irã
15,53,EUA,Irã
15,53,Brasil,Irã
15,53,Croácia,Irã
15,53,Bélgica,Austrália
15,53,Equador,Austrália
15,53,Países Baixos,Austrália
15,53,Costa Rica,Austrália
15,53,Espanha,Austrália
15,53,Tunísia,Austrália
15,53,Polônia,Austrália
15,53,França,Austrália
15,53,Coreia do Sul,Austrália
15,53,Dinamarca,Austrália
15,53,Sérvia,Austrália
15,53,México,Austrália
15,53,Arábia Saudita,Austrália
15,53,Qatar,Austrália
15,53,Senegal,Austrália
15,53,Japão,Austrália
15,53,Camarões,Austrália
15,53,Canadá,Austrália
15,53,Inglaterra,Austrália
15,53,EUA,Austrália
15,53,Brasil,Austrália
15,53,Croácia,Austrália
15,53,Equador,Bélgica
15,53,Países Baixos,Bélgica
15,53,Costa Rica,Bélgica
15,53,Espanha,Bélgica
15,53,Tunísia,Bélgica
15,53,Polônia,Bélgica
15,53,França,Bélgica
15,53,Coreia do Sul,Bélgica
15,53,Dinamarca,Bélgica
15,53,Sérvia,Bélgica
15,53,México,Bélgica
15,53,Arábia Saudita,Bélgica
15,53,Qatar,Bélgica
15,53,Senegal,Bélgica
15,53,Japão,Bélgica
15,53,Camarões,Bélgica
15,53,Canadá,Bélgica
15,53,Inglaterra,Bélgica
15,53,EUA,Bélgica
15,53,Brasil,Bélgica
15,53,Croácia,Bélgica
15,53,Países Baixos,Equador
15,53,Costa Rica,Equador
15,53,Espanha,Equador
15,53,Tunísia,Equador
15,53,Polônia,Equador
15,53,França,Equador
15,53,Coreia do Sul,Equador
15,53,Dinamarca,Equador
15,53,Sérvia,Equador
15,53,México,Equador
15,53,Arábia Saudita,Equador
15,53,Qatar,Equador
15,53,Senegal,Equador
15,53,Japão,Equador
15,53,Camarões,Equador
15,53,Canadá,Equador
15,53,Inglaterra,Equador
15,53,EUA,Equador
15,53,Brasil,Equador
15,53,Croácia,Equador
15,53,Costa Rica,Países Baixos
15,53,Espanha,Países Baixos
15,53,Tunísia,Países Baixos
15,53,Polônia,Países Baixos
15,53,França,Países Baixos
15,53,Coreia do Sul,Países Baixos
15,53,Dinamarca,Países Baixos
15,53,Sérvia,Países Baixos
15,53,México,Países Baixos
15,53,Arábia Saudita,Países Baixos
15,53,Qatar,Países Baixos
15,53,Senegal,Países Baixos
15,53,Japão,Países Baixos
15,53,Camarões,Países Baixos
15,53,Canadá,Países Baixos
15,53,Inglaterra,Países Baixos
15,53,EUA,Países Baixos
15,53,Brasil,Países Baixos
15,53,Croácia,Países Baixos
15,53,Espanha,Costa Rica
15,53,Tunísia,Costa Rica
15,53,Polônia,Costa Rica
15,53,França,Costa Rica
15,53,Coreia do Sul,Costa Rica
15,53,Dinamarca,Costa Rica
15,53,Sérvia,Costa Rica
15,53,México,Costa Rica
15,53,Arábia Saudita,Costa Rica
15,53,Qatar,Costa Rica
15,53,Senegal,Costa Rica
15,53,Japão,Costa Rica
15,53,Camarões,Costa Rica
15,53,Canadá,Costa Rica
15,53,Inglaterra,Costa Rica
15,53,EUA,Costa Rica
15,53,Brasil,Costa Rica
15,53,Croácia,Costa Rica
15,53,Tunísia,Espanha
15,53,Polônia,Espanha
15,53,França,Espanha
15,53,Coreia do Sul,Espanha
15,53,Dinamarca,Espanha
15,53,Sérvia,Espanha
15,53,México,Espanha
15,53,Arábia Saudita,Espanha
15,53,Qatar,Espanha
15,53,Senegal,Espanha
15,53,Japão,Espanha
15,53,Camarões,Espanha
15,53,Canadá,Espanha
15,53,Inglaterra,Espanha
15,53,EUA,Espanha
15,53,Brasil,Espanha
15,53,Croácia,Espanha
15,53,Polônia,Tunísia
15,53,França,Tunísia
15,53,Coreia do Sul,Tunísia
15,53,Dinamarca,Tunísia
15,53,Sérvia,Tunísia
15,53,México,Tunísia
15,53,Arábia Saudita,Tunísia
15,53,Qatar,Tunísia
15,53,Senegal,Tunísia
15,53,Japão,Tunísia
15,53,Camarões,Tunísia
15,53,Canadá,Tunísia
15,53,Inglaterra,Tunísia
15,53,EUA,Tunísia
15,53,Brasil,Tunísia
15,53,Croácia,Tunísia
15,53,França,Polônia
15,53,Coreia do Sul,Polônia
15,53,Dinamarca,Polônia
15,53,Sérvia,Polônia
15,53,México,Polônia
15,53,Arábia Saudita,Polônia
15,53,Qatar,Polônia
15,53,Senegal,Polônia
15,53,Japão,Polônia
15,53,Camarões,Polônia
15,53,Canadá,Polônia
15,53,Inglaterra,Polônia
15,53,EUA,Polônia
15,53,Brasil,Polônia
15,53,Croácia,Polônia
15,53,Coreia do Sul,França
15,53,Dinamarca,França
15,53,Sérvia,França
15,53,México,França
15,53,Arábia Saudita,França
15,53,Qatar,França
15,53,Senegal,França
15,53,Japão,França
15,53,Camarões,França
15,53,Canadá,França
15,53,Inglaterra,França
15,53,EUA,França
15,53,Brasil,França
15,53,Croácia,França
15,53,Dinamarca,Coreia do Sul
15,53,Sérvia,Coreia do Sul
15,53,México,Coreia do Sul
15,53,Arábia Saudita,Coreia do Sul
15,53,Qatar,Coreia do Sul
15,53,Senegal,Coreia do Sul
15,53,Japão,Coreia do Sul
15,53,Camarões,Coreia do Sul
15,53,Canadá,Coreia do Sul
15,53,Inglaterra,Coreia do Sul
15,53,EUA,Coreia do Sul
15,53,Brasil,Coreia do Sul
15,53,Croácia,Coreia do Sul
15,53,Sérvia,Dinamarca
15,53,México,Dinamarca
15,53,Arábia Saudita,Dinamarca
15,53,Qatar,Dinamarca
15,53,Senegal,Dinamarca
15,53,Japão,Dinamarca
15,53,Camarões,Dinamarca
15,53,Canadá,Dinamarca
15,53,Inglaterra,Dinamarca
15,53,EUA,Dinamarca
15,53,Brasil,Dinamarca
15,53,Croácia,Dinamarca
15,53,México,Sérvia
15,53,Arábia Saudita,Sérvia
15,53,Qatar,Sérvia
15,53,Senegal,Sérvia
15,53,Japão,Sérvia
15,53,Camarões,Sérvia
15,53,Canadá,Sérvia
15,53,Inglaterra,Sérvia
15,53,EUA,Sérvia
15,53,Brasil,Sérvia
15,53,Croácia,Sérvia
15,53,Arábia Saudita,México
15,53,Qatar,México
15,53,Senegal,México
15,53,Japão,México
15,53,Camarões,México
15,53,Canadá,México
15,53,Inglaterra,México
15,53,EUA,México
15,53,Brasil,México
15,53,Croácia,México
15,53,Qatar,Arábia Saudita
15,53,Senegal,Arábia Saudita
15,53,Japão,Arábia Saudita
15,53,Camarões,Arábia Saudita
15,53,Canadá,Arábia Saudita
15,53,Inglaterra,Arábia Saudita
15,53,EUA,Arábia Saudita
15,53,Brasil,Arábia Saudita
15,53,Croácia,Arábia Saudita
15,53,Senegal,Qatar
15,53,Japão,Qatar
15,53,Camarões,Qatar
15,53,Canadá,Qatar
15,53,Inglaterra,Qatar
15,53,EUA,Qatar
15,53,Brasil,Qatar
15,53,Croácia,Qatar
15,53,Japão,Senegal
15,53,Camarões,Senegal
15,53,Canadá,Senegal
15,53,Inglaterra,Senegal
15,53,EUA,Senegal
15,53,Brasil,Senegal
15,53,Croácia,Senegal
15,53,Camarões,Japão
15,53,Canadá,Japão
15,53,Inglaterra,Japão
15,53,EUA,Japão
15,53,Brasil,Japão
15,53,Croácia,Japão
15,53,Canadá,Camarões
15,53,Inglaterra,Camarões
15,53,EUA,Camarões
15,53,Brasil,Camarões
15,53,Croácia,Camarões
15,53,Inglaterra,Canadá
15,53,EUA,Canadá
15,53,Brasil,Canadá
15,53,Croácia,Canadá
15,53,EUA,Inglaterra
15,53,Brasil,Inglaterra
15,53,Croácia,Inglaterra
15,53,Brasil,EUA
15,53,Croácia,EUA
15,53,Croácia,Brasil
15,56,Marrocos,Argentina
15,56,País de Gales,Argentina
15,56,Alemanha,Argentina
15,56,Portugal,Argentina
15,56,Suíça,Argentina
15,56,Uruguai,Argentina
15,56,Gana,Argentina
15,56,Irã,Argentina
15,56,Austrália,Argentina
15,56,Bélgica,Argentina
15,56,Equador,Argentina
15,56,Países Baixos,Argentina
15,56,Costa Rica,Argentina
15,56,Espanha,Argentina
15,56,Tunísia,Argentina
15,56,Polônia,Argentina
15,56,França,Argentina
15,56,Coreia do Sul,Argentina
15,56,Dinamarca,Argentina
15,56,Sérvia,Argentina
15,56,México,Argentina
15,56,Arábia Saudita,Argentina
15,56,Qatar,Argentina
15,56,Senegal,Argentina
15,56,Japão,Argentina
15,56,Camarões,Argentina
15,56,Canadá,Argentina
15,56,Inglaterra,Argentina
15,56,EUA,Argentina
15,56,Brasil,Argentina
15,56,Croácia,Argentina
15,56,País de Gales,Marrocos
15,56,Alemanha,Marrocos
15,56,Portugal,Marrocos
15,56,Suíça,Marrocos
15,56,Uruguai,Marrocos
15,56,Gana,Marrocos
15,56,Irã,Marrocos
15,56,Austrália,Marrocos
15,56,Bélgica,Marrocos
15,56,Equador,Marrocos
15,56,Países Baixos,Marrocos
15,56,Costa Rica,Marrocos
15,56,Espanha,Marrocos
15,56,Tunísia,Marrocos
15,56,Polônia,Marrocos
15,56,França,Marrocos
15,56,Coreia do Sul,Marrocos
15,56,Dinamarca,Marrocos
15,56,Sérvia,Marrocos
15,56,México,Marrocos
15,56,Arábia Saudita,Marrocos
15,56,Qatar,Marrocos
15,56,Senegal,Marrocos
15,56,Japão,Marrocos
15,56,Camarões,Marrocos
15,56,Canadá,Marrocos
15,56,Inglaterra,Marrocos
15,56,EUA,Marrocos
15,56,Brasil,Marrocos
15,56,Croácia,Marrocos
15,56,Alemanha,País de Gales
15,56,Portugal,País de Gales
15,56,Suíça,País de Gales
15,56,Uruguai,País de Gales
15,56,Gana,País de Gales
15,56,Irã,País de Gales
15,56,Austrália,País de Gales
15,56,Bélgica,País de Gales
15,56,Equador,País de Gales
15,56,Países Baixos,País de Gales
15,56,Costa Rica,País de Gales
15,56,Espanha,País de Gales
15,56,Tunísia,País de Gales
15,56,Polônia,País de Gales
15,56,França,País de Gales
15,56,Coreia do Sul,País de Gales
15,56,Dinamarca,País de Gales
15,56,Sérvia,País de Gales
15,56,México,País de Gales
15,56,Arábia Saudita,País de Gales
15,56,Qatar,País de Gales
15,56,Senegal,País de Gales
15,56,Japão,País de Gales
15,56,Camarões,País de Gales
15,56,Canadá,País de Gales
15,56,Inglaterra,País de Gales
15,56,EUA,País de Gales
15,56,Brasil,País de Gales
15,56,Croácia,País de Gales
15,56,Portugal,Alemanha
15,56,Suíça,Alemanha
15,56,Uruguai,Alemanha
15,56,Gana,Alemanha
15,56,Irã,Alemanha
15,56,Austrália,Alemanha
15,56,Bélgica,Alemanha
15,56,Equador,Alemanha
15,56,Países Baixos,Alemanha
15,56,Costa Rica,Alemanha
15,56,Espanha,Alemanha
15,56,Tunísia,Alemanha
15,56,Polônia,Alemanha
15,56,França,Alemanha
15,56,Coreia do Sul,Alemanha
15,56,Dinamarca,Alemanha
15,56,Sérvia,Alemanha
15,56,México,Alemanha
15,56,Arábia Saudita,Alemanha
15,56,Qatar,Alemanha
15,56,Senegal,Alemanha
15,56,Japão,Alemanha
15,56,Camarões,Alemanha
15,56,Canadá,Alemanha
15,56,Inglaterra,Alemanha
15,56,EUA,Alemanha
15,56,Brasil,Alemanha
15,56,Croácia,Alemanha
15,56,Suíça,Portugal
15,56,Uruguai,Portugal
15,56,Gana,Portugal
15,56,Irã,Portugal
15,56,Austrália,Portugal
15,56,Bélgica,Portugal
15,56,Equador,Portugal
15,56,Países Baixos,Portugal
15,56,Costa Rica,Portugal
15,56,Espanha,Portugal
15,56,Tunísia,Portugal
15,56,Polônia,Portugal
15,56,França,Portugal
15,56,Coreia do Sul,Portugal
15,56,Dinamarca,Portugal
15,56,Sérvia,Portugal
15,56,México,Portugal
15,56,Arábia Saudita,Portugal
15,56,Qatar,Portugal
15,56,Senegal,Portugal
15,56,Japão,Portugal
15,56,Camarões,Portugal
15,56,Canadá,Portugal
15,56,Inglaterra,Portugal
15,56,EUA,Portugal
15,56,Brasil,Portugal
15,56,Croácia,Portugal
15,56,Uruguai,Suíça
15,56,Gana,Suíça
15,56,Irã,Suíça
15,56,Austrália,Suíça
15,56,Bélgica,Suíça
15,56,Equador,Suíça
15,56,Países Baixos,Suíça
15,56,Costa Rica,Suíça
15,56,Espanha,Suíça
15,56,Tunísia,Suíça
15,56,Polônia,Suíça
15,56,França,Suíça
15,56,Coreia do Sul,Suíça
15,56,Dinamarca,Suíça
15,56,Sérvia,Suíça
15,56,México,Suíça
15,56,Arábia Saudita,Suíça
15,56,Qatar,Suíça
15,56,Senegal,Suíça
15,56,Japão,Suíça
15,56,Camarões,Suíça
15,56,Canadá,Suíça
15,56,Inglaterra,Suíça
15,56,EUA,Suíça
15,56,Brasil,Suíça
15,56,Croácia,Suíça
15,56,Gana,Uruguai
15,56,Irã,Uruguai
15,56,Austrália,Uruguai
15,56,Bélgica,Uruguai
15,56,Equador,Uruguai
15,56,Países Baixos,Uruguai
15,56,Costa Rica,Uruguai
15,56,Espanha,Uruguai
15,56,Tunísia,Uruguai
15,56,Polônia,Uruguai
15,56,França,Uruguai
15,56,Coreia do Sul,Uruguai
15,56,Dinamarca,Uruguai
15,56,Sérvia,Uruguai
15,56,México,Uruguai
15,56,Arábia Saudita,Uruguai
15,56,Qatar,Uruguai
15,56,Senegal,Uruguai
15,56,Japão,Uruguai
15,56,Camarões,Uruguai
15,56,Canadá,Uruguai
15,56,Inglaterra,Uruguai
15,56,EUA,Uruguai
15,56,Brasil,Uruguai
15,56,Croácia,Uruguai
15,56,Irã,Gana
15,56,Austrália,Gana
15,56,Bélgica,Gana
15,56,Equador,Gana
15,56,Países Baixos,Gana
15,56,Costa Rica,Gana
15,56,Espanha,Gana
15,56,Tunísia,Gana
15,56,Polônia,Gana
15,56,França,Gana
15,56,Coreia do Sul,Gana
15,56,Dinamarca,Gana
15,56,Sérvia,Gana
15,56,México,Gana
15,56,Arábia Saudita,Gana
15,56,Qatar,Gana
15,56,Senegal,Gana
15,56,Japão,Gana
15,56,Camarões,Gana
15,56,Canadá,Gana
15,56,Inglaterra,Gana
15,56,EUA,Gana
15,56,Brasil,Gana
15,56,Croácia,Gana
15,56,Austrália,Irã
15,56,Bélgica,Irã
15,56,Equador,Irã
15,56,Países Baixos,Irã
15,56,Costa Rica,Irã
15,56,Espanha,Irã
15,56,Tunísia,Irã
15,56,Polônia,Irã
15,56,França,Irã
15,56,Coreia do Sul,Irã
15,56,Dinamarca,Irã
15,56,Sérvia,Irã
15,56,México,Irã
15,56,Arábia Saudita,Irã
15,56,Qatar,Irã
15,56,Senegal,Irã
15,56,Japão,Irã
15,56,Camarões,Irã
15,56,Canadá,Irã
15,56,Inglaterra,Irã
15,56,EUA,Irã
15,56,Brasil,Irã
15,56,Croácia,Irã
15,56,Bélgica,Austrália
15,56,Equador,Austrália
15,56,Países Baixos,Austrália
15,56,Costa Rica,Austrália
15,56,Espanha,Austrália
15,56,Tunísia,Austrália
15,56,Polônia,Austrália
15,56,França,Austrália
15,56,Coreia do Sul,Austrália
15,56,Dinamarca,Austrália
15,56,Sérvia,Austrália
15,56,México,Austrália
15,56,Arábia Saudita,Austrália
15,56,Qatar,Austrália
15,56,Senegal,Austrália
15,56,Japão,Austrália
15,56,Camarões,Austrália
15,56,Canadá,Austrália
15,56,Inglaterra,Austrália
15,56,EUA,Austrália
15,56,Brasil,Austrália
15,56,Croácia,Austrália
15,56,Equador,Bélgica
15,56,Países Baixos,Bélgica
15,56,Costa Rica,Bélgica
15,56,Espanha,Bélgica
15,56,Tunísia,Bélgica
15,56,Polônia,Bélgica
15,56,França,Bélgica
15,56,Coreia do Sul,Bélgica
15,56,Dinamarca,Bélgica
15,56,Sérvia,Bélgica
15,56,México,Bélgica
15,56,Arábia Saudita,Bélgica
15,56,Qatar,Bélgica
15,56,Senegal,Bélgica
15,56,Japão,Bélgica
15,56,Camarões,Bélgica
15,56,Canadá,Bélgica
15,56,Inglaterra,Bélgica
15,56,EUA,Bélgica
15,56,Brasil,Bélgica
15,56,Croácia,Bélgica
15,56,Países Baixos,Equador
15,56,Costa Rica,Equador
15,56,Espanha,Equador
15,56,Tunísia,Equador
15,56,Polônia,Equador
15,56,França,Equador
15,56,Coreia do Sul,Equador
15,56,Dinamarca,Equador
15,56,Sérvia,Equador
15,56,México,Equador
15,56,Arábia Saudita,Equador
15,56,Qatar,Equador
15,56,Senegal,Equador
15,56,Japão,Equador
15,56,Camarões,Equador
15,56,Canadá,Equador
15,56,Inglaterra,Equador
15,56,EUA,Equador
15,56,Brasil,Equador
15,56,Croácia,Equador
15,56,Costa Rica,Países Baixos
15,56,Espanha,Países Baixos
15,56,Tunísia,Países Baixos
15,56,Polônia,Países Baixos
15,56,França,Países Baixos
15,56,Coreia do Sul,Países Baixos
15,56,Dinamarca,Países Baixos
15,56,Sérvia,Países Baixos
15,56,México,Países Baixos
15,56,Arábia Saudita,Países Baixos
15,56,Qatar,Países Baixos
15,56,Senegal,Países Baixos
15,56,Japão,Países Baixos
15,56,Camarões,Países Baixos
15,56,Canadá,Países Baixos
15,56,Inglaterra,Países Baixos
15,56,EUA,Países Baixos
15,56,Brasil,Países Baixos
15,56,Croácia,Países Baixos
15,56,Espanha,Costa Rica
15,56,Tunísia,Costa Rica
15,56,Polônia,Costa Rica
15,56,França,Costa Rica
15,56,Coreia do Sul,Costa Rica
15,56,Dinamarca,Costa Rica
15,56,Sérvia,Costa Rica
15,56,México,Costa Rica
15,56,Arábia Saudita,Costa Rica
15,56,Qatar,Costa Rica
15,56,Senegal,Costa Rica
15,56,Japão,Costa Rica
15,56,Camarões,Costa Rica
15,56,Canadá,Costa Rica
15,56,Inglaterra,Costa Rica
15,56,EUA,Costa Rica
15,56,Brasil,Costa Rica
15,56,Croácia,Costa Rica
15,56,Tunísia,Espanha
15,56,Polônia,Espanha
15,56,França,Espanha
15,56,Coreia do Sul,Espanha
15,56,Dinamarca,Espanha
15,56,Sérvia,Espanha
15,56,México,Espanha
15,56,Arábia Saudita,Espanha
15,56,Qatar,Espanha
15,56,Senegal,Espanha
15,56,Japão,Espanha
15,56,Camarões,Espanha
15,56,Canadá,Espanha
15,56,Inglaterra,Espanha
15,56,EUA,Espanha
15,56,Brasil,Espanha
15,56,Croácia,Espanha
15,56,Polônia,Tunísia
15,56,França,Tunísia
15,56,Coreia do Sul,Tunísia
15,56,Dinamarca,Tunísia
15,56,Sérvia,Tunísia
15,56,México,Tunísia
15,56,Arábia Saudita,Tunísia
15,56,Qatar,Tunísia
15,56,Senegal,Tunísia
15,56,Japão,Tunísia
15,56,Camarões,Tunísia
15,56,Canadá,Tunísia
15,56,Inglaterra,Tunísia
15,56,EUA,Tunísia
15,56,Brasil,Tunísia
15,56,Croácia,Tunísia
15,56,França,Polônia
15,56,Coreia do Sul,Polônia
15,56,Dinamarca,Polônia
15,56,Sérvia,Polônia
15,56,México,Polônia
15,56,Arábia Saudita,Polônia
15,56,Qatar,Polônia
15,56,Senegal,Polônia
15,56,Japão,Polônia
15,56,Camarões,Polônia
15,56,Canadá,Polônia
15,56,Inglaterra,Polônia
15,56,EUA,Polônia
15,56,Brasil,Polônia
15,56,Croácia,Polônia
15,56,Coreia do Sul,França
15,56,Dinamarca,França
15,56,Sérvia,França
15,56,México,França
15,56,Arábia Saudita,França
15,56,Qatar,França
15,56,Senegal,França
15,56,Japão,França
15,56,Camarões,França
15,56,Canadá,França
15,56,Inglaterra,França
15,56,EUA,França
15,56,Brasil,França
15,56,Croácia,França
15,56,Dinamarca,Coreia do Sul
15,56,Sérvia,Coreia do Sul
15,56,México,Coreia do Sul
15,56,Arábia Saudita,Coreia do Sul
15,56,Qatar,Coreia do Sul
15,56,Senegal,Coreia do Sul
15,56,Japão,Coreia do Sul
15,56,Camarões,Coreia do Sul
15,56,Canadá,Coreia do Sul
15,56,Inglaterra,Coreia do Sul
15,56,EUA,Coreia do Sul
15,56,Brasil,Coreia do Sul
15,56,Croácia,Coreia do Sul
15,56,Sérvia,Dinamarca
15,56,México,Dinamarca
15,56,Arábia Saudita,Dinamarca
15,56,Qatar,Dinamarca
15,56,Senegal,Dinamarca
15,56,Japão,Dinamarca
15,56,Camarões,Dinamarca
15,56,Canadá,Dinamarca
15,56,Inglaterra,Dinamarca
15,56,EUA,Dinamarca
15,56,Brasil,Dinamarca
15,56,Croácia,Dinamarca
15,56,México,Sérvia
15,56,Arábia Saudita,Sérvia
15,56,Qatar,Sérvia
15,56,Senegal,Sérvia
15,56,Japão,Sérvia
15,56,Camarões,Sérvia
15,56,Canadá,Sérvia
15,56,Inglaterra,Sérvia
15,56,EUA,Sérvia
15,56,Brasil,Sérvia
15,56,Croácia,Sérvia
15,56,Arábia Saudita,México
15,56,Qatar,México
15,56,Senegal,México
15,56,Japão,México
15,56,Camarões,México
15,56,Canadá,México
15,56,Inglaterra,México
15,56,EUA,México
15,56,Brasil,México
15,56,Croácia,México
15,56,Qatar,Arábia Saudita
15,56,Senegal,Arábia Saudita
15,56,Japão,Arábia Saudita
15,56,Camarões,Arábia Saudita
15,56,Canadá,Arábia Saudita
15,56,Inglaterra,Arábia Saudita
15,56,EUA,Arábia Saudita
15,56,Brasil,Arábia Saudita
15,56,Croácia,Arábia Saudita
15,56,Senegal,Qatar
15,56,Japão,Qatar
15,56,Camarões,Qatar
15,56,Canadá,Qatar
15,56,Inglaterra,Qatar
15,56,EUA,Qatar
15,56,Brasil,Qatar
15,56,Croácia,Qatar
15,56,Japão,Senegal
15,56,Camarões,Senegal
15,56,Canadá,Senegal
15,56,Inglaterra,Senegal
15,56,EUA,Senegal
15,56,Brasil,Senegal
15,56,Croácia,Senegal
15,56,Camarões,Japão
15,56,Canadá,Japão
15,56,Inglaterra,Japão
15,56,EUA,Japão
15,56,Brasil,Japão
15,56,Croácia,Japão
15,56,Canadá,Camarões
15,56,Inglaterra,Camarões
15,56,EUA,Camarões
15,56,Brasil,Camarões
15,56,Croácia,Camarões
15,56,Inglaterra,Canadá
15,56,EUA,Canadá
15,56,Brasil,Canadá
15,56,Croácia,Canadá
15,56,EUA,Inglaterra
15,56,Brasil,Inglaterra
15,56,Croácia,Inglaterra
15,56,Brasil,EUA
15,56,Croácia,EUA
15,56,Croácia,Brasil
15,59,Marrocos,Argentina
15,59,País de Gales,Argentina
15,59,Alemanha,Argentina
15,59,Portugal,Argentina
15,59,Suíça,Argentina
15,59,Uruguai,Argentina
15,59,Gana,Argentina
15,59,Irã,Argentina
15,59,Austrália,Argentina
15,59,Bélgica,Argentina
15,59,Equador,Argentina
15,59,Países Baixos,Argentina
15,59,Costa Rica,Argentina
15,59,Espanha,Argentina
15,59,Tunísia,Argentina
15,59,Polônia,Argentina
15,59,França,Argentina
15,59,Coreia do Sul,Argentina
15,59,Dinamarca,Argentina
15,59,Sérvia,Argentina
15,59,México,Argentina
15,59,Arábia Saudita,Argentina
15,59,Qatar,Argentina
15,59,Senegal,Argentina
15,59,Japão,Argentina
15,59,Camarões,Argentina
15,59,Canadá,Argentina
15,59,Inglaterra,Argentina
15,59,EUA,Argentina
15,59,Brasil,Argentina
15,59,Croácia,Argentina
15,59,País de Gales,Marrocos
15,59,Alemanha,Marrocos
15,59,Portugal,Marrocos
15,59,Suíça,Marrocos
15,59,Uruguai,Marrocos
15,59,Gana,Marrocos
15,59,Irã,Marrocos
15,59,Austrália,Marrocos
15,59,Bélgica,Marrocos
15,59,Equador,Marrocos
15,59,Países Baixos,Marrocos
15,59,Costa Rica,Marrocos
15,59,Espanha,Marrocos
15,59,Tunísia,Marrocos
15,59,Polônia,Marrocos
15,59,França,Marrocos
15,59,Coreia do Sul,Marrocos
15,59,Dinamarca,Marrocos
15,59,Sérvia,Marrocos
15,59,México,Marrocos
15,59,Arábia Saudita,Marrocos
15,59,Qatar,Marrocos
15,59,Senegal,Marrocos
15,59,Japão,Marrocos
15,59,Camarões,Marrocos
15,59,Canadá,Marrocos
15,59,Inglaterra,Marrocos
15,59,EUA,Marrocos
15,59,Brasil,Marrocos
15,59,Croácia,Marrocos
15,59,Alemanha,País de Gales
15,59,Portugal,País de Gales
15,59,Suíça,País de Gales
15,59,Uruguai,País de Gales
15,59,Gana,País de Gales
15,59,Irã,País de Gales
15,59,Austrália,País de Gales
15,59,Bélgica,País de Gales
15,59,Equador,País de Gales
15,59,Países Baixos,País de Gales
15,59,Costa Rica,País de Gales
15,59,Espanha,País de Gales
15,59,Tunísia,País de Gales
15,59,Polônia,País de Gales
15,59,França,País de Gales
15,59,Coreia do Sul,País de Gales
15,59,Dinamarca,País de Gales
15,59,Sérvia,País de Gales
15,59,México,País de Gales
15,59,Arábia Saudita,País de Gales
15,59,Qatar,País de Gales
15,59,Senegal,País de Gales
15,59,Japão,País de Gales
15,59,Camarões,País de Gales
15,59,Canadá,País de Gales
15,59,Inglaterra,País de Gales
15,59,EUA,País de Gales
15,59,Brasil,País de Gales
15,59,Croácia,País de Gales
15,59,Portugal,Alemanha
15,59,Suíça,Alemanha
15,59,Uruguai,Alemanha
15,59,Gana,Alemanha
15,59,Irã,Alemanha
15,59,Austrália,Alemanha
15,59,Bélgica,Alemanha
15,59,Equador,Alemanha
15,59,Países Baixos,Alemanha
15,59,Costa Rica,Alemanha
15,59,Espanha,Alemanha
15,59,Tunísia,Alemanha
15,59,Polônia,Alemanha
15,59,França,Alemanha
15,59,Coreia do Sul,Alemanha
15,59,Dinamarca,Alemanha
15,59,Sérvia,Alemanha
15,59,México,Alemanha
15,59,Arábia Saudita,Alemanha
15,59,Qatar,Alemanha
15,59,Senegal,Alemanha
15,59,Japão,Alemanha
15,59,Camarões,Alemanha
15,59,Canadá,Alemanha
15,59,Inglaterra,Alemanha
15,59,EUA,Alemanha
15,59,Brasil,Alemanha
15,59,Croácia,Alemanha
15,59,Suíça,Portugal
15,59,Uruguai,Portugal
15,59,Gana,Portugal
15,59,Irã,Portugal
15,59,Austrália,Portugal
15,59,Bélgica,Portugal
15,59,Equador,Portugal
15,59,Países Baixos,Portugal
15,59,Costa Rica,Portugal
15,59,Espanha,Portugal
15,59,Tunísia,Portugal
15,59,Polônia,Portugal
15,59,França,Portugal
15,59,Coreia do Sul,Portugal
15,59,Dinamarca,Portugal
15,59,Sérvia,Portugal
15,59,México,Portugal
15,59,Arábia Saudita,Portugal
15,59,Qatar,Portugal
15,59,Senegal,Portugal
15,59,Japão,Portugal
15,59,Camarões,Portugal
15,59,Canadá,Portugal
15,59,Inglaterra,Portugal
15,59,EUA,Portugal
15,59,Brasil,Portugal
15,59,Croácia,Portugal
15,59,Uruguai,Suíça
15,59,Gana,Suíça
15,59,Irã,Suíça
15,59,Austrália,Suíça
15,59,Bélgica,Suíça
15,59,Equador,Suíça
15,59,Países Baixos,Suíça
15,59,Costa Rica,Suíça
15,59,Espanha,Suíça
15,59,Tunísia,Suíça
15,59,Polônia,Suíça
15,59,França,Suíça
15,59,Coreia do Sul,Suíça
15,59,Dinamarca,Suíça
15,59,Sérvia,Suíça
15,59,México,Suíça
15,59,Arábia Saudita,Suíça
15,59,Qatar,Suíça
15,59,Senegal,Suíça
15,59,Japão,Suíça
15,59,Camarões,Suíça
15,59,Canadá,Suíça
15,59,Inglaterra,Suíça
15,59,EUA,Suíça
15,59,Brasil,Suíça
15,59,Croácia,Suíça
15,59,Gana,Uruguai
15,59,Irã,Uruguai
15,59,Austrália,Uruguai
15,59,Bélgica,Uruguai
15,59,Equador,Uruguai
15,59,Países Baixos,Uruguai
15,59,Costa Rica,Uruguai
15,59,Espanha,Uruguai
15,59,Tunísia,Uruguai
15,59,Polônia,Uruguai
15,59,França,Uruguai
15,59,Coreia do Sul,Uruguai
15,59,Dinamarca,Uruguai
15,59,Sérvia,Uruguai
15,59,México,Uruguai
15,59,Arábia Saudita,Uruguai
15,59,Qatar,Uruguai
15,59,Senegal,Uruguai
15,59,Japão,Uruguai
15,59,Camarões,Uruguai
15,59,Canadá,Uruguai
15,59,Inglaterra,Uruguai
15,59,EUA,Uruguai
15,59,Brasil,Uruguai
15,59,Croácia,Uruguai
15,59,Irã,Gana
15,59,Austrália,Gana
15,59,Bélgica,Gana
15,59,Equador,Gana
15,59,Países Baixos,Gana
15,59,Costa Rica,Gana
15,59,Espanha,Gana
15,59,Tunísia,Gana
15,59,Polônia,Gana
15,59,França,Gana
15,59,Coreia do Sul,Gana
15,59,Dinamarca,Gana
15,59,Sérvia,Gana
15,59,México,Gana
15,59,Arábia Saudita,Gana
15,59,Qatar,Gana
15,59,Senegal,Gana
15,59,Japão,Gana
15,59,Camarões,Gana
15,59,Canadá,Gana
15,59,Inglaterra,Gana
15,59,EUA,Gana
15,59,Brasil,Gana
15,59,Croácia,Gana
15,59,Austrália,Irã
15,59,Bélgica,Irã
15,59,Equador,Irã
15,59,Países Baixos,Irã
15,59,Costa Rica,Irã
15,59,Espanha,Irã
15,59,Tunísia,Irã
15,59,Polônia,Irã
15,59,França,Irã
15,59,Coreia do Sul,Irã
15,59,Dinamarca,Irã
15,59,Sérvia,Irã
15,59,México,Irã
15,59,Arábia Saudita,Irã
15,59,Qatar,Irã
15,59,Senegal,Irã
15,59,Japão,Irã
15,59,Camarões,Irã
15,59,Canadá,Irã
15,59,Inglaterra,Irã
15,59,EUA,Irã
15,59,Brasil,Irã
15,59,Croácia,Irã
15,59,Bélgica,Austrália
15,59,Equador,Austrália
15,59,Países Baixos,Austrália
15,59,Costa Rica,Austrália
15,59,Espanha,Austrália
15,59,Tunísia,Austrália
15,59,Polônia,Austrália
15,59,França,Austrália
15,59,Coreia do Sul,Austrália
15,59,Dinamarca,Austrália
15,59,Sérvia,Austrália
15,59,México,Austrália
15,59,Arábia Saudita,Austrália
15,59,Qatar,Austrália
15,59,Senegal,Austrália
15,59,Japão,Austrália
15,59,Camarões,Austrália
15,59,Canadá,Austrália
15,59,Inglaterra,Austrália
15,59,EUA,Austrália
15,59,Brasil,Austrália
15,59,Croácia,Austrália
15,59,Equador,Bélgica
15,59,Países Baixos,Bélgica
15,59,Costa Rica,Bélgica
15,59,Espanha,Bélgica
15,59,Tunísia,Bélgica
15,59,Polônia,Bélgica
15,59,França,Bélgica
15,59,Coreia do Sul,Bélgica
15,59,Dinamarca,Bélgica
15,59,Sérvia,Bélgica
15,59,México,Bélgica
15,59,Arábia Saudita,Bélgica
15,59,Qatar,Bélgica
15,59,Senegal,Bélgica
15,59,Japão,Bélgica
15,59,Camarões,Bélgica
15,59,Canadá,Bélgica
15,59,Inglaterra,Bélgica
15,59,EUA,Bélgica
15,59,Brasil,Bélgica
15,59,Croácia,Bélgica
15,59,Países Baixos,Equador
15,59,Costa Rica,Equador
15,59,Espanha,Equador
15,59,Tunísia,Equador
15,59,Polônia,Equador
15,59,França,Equador
15,59,Coreia do Sul,Equador
15,59,Dinamarca,Equador
15,59,Sérvia,Equador
15,59,México,Equador
15,59,Arábia Saudita,Equador
15,59,Qatar,Equador
15,59,Senegal,Equador
15,59,Japão,Equador
15,59,Camarões,Equador
15,59,Canadá,Equador
15,59,Inglaterra,Equador
15,59,EUA,Equador
15,59,Brasil,Equador
15,59,Croácia,Equador
15,59,Costa Rica,Países Baixos
15,59,Espanha,Países Baixos
15,59,Tunísia,Países Baixos
15,59,Polônia,Países Baixos
15,59,França,Países Baixos
15,59,Coreia do Sul,Países Baixos
15,59,Dinamarca,Países Baixos
15,59,Sérvia,Países Baixos
15,59,México,Países Baixos
15,59,Arábia Saudita,Países Baixos
15,59,Qatar,Países Baixos
15,59,Senegal,Países Baixos
15,59,Japão,Países Baixos
15,59,Camarões,Países Baixos
15,59,Canadá,Países Baixos
15,59,Inglaterra,Países Baixos
15,59,EUA,Países Baixos
15,59,Brasil,Países Baixos
15,59,Croácia,Países Baixos
15,59,Espanha,Costa Rica
15,59,Tunísia,Costa Rica
15,59,Polônia,Costa Rica
15,59,França,Costa Rica
15,59,Coreia do Sul,Costa Rica
15,59,Dinamarca,Costa Rica
15,59,Sérvia,Costa Rica
15,59,México,Costa Rica
15,59,Arábia Saudita,Costa Rica
15,59,Qatar,Costa Rica
15,59,Senegal,Costa Rica
15,59,Japão,Costa Rica
15,59,Camarões,Costa Rica
15,59,Canadá,Costa Rica
15,59,Inglaterra,Costa Rica
15,59,EUA,Costa Rica
15,59,Brasil,Costa Rica
15,59,Croácia,Costa Rica
15,59,Tunísia,Espanha
15,59,Polônia,Espanha
15,59,França,Espanha
15,59,Coreia do Sul,Espanha
15,59,Dinamarca,Espanha
15,59,Sérvia,Espanha
15,59,México,Espanha
15,59,Arábia Saudita,Espanha
15,59,Qatar,Espanha
15,59,Senegal,Espanha
15,59,Japão,Espanha
15,59,Camarões,Espanha
15,59,Canadá,Espanha
15,59,Inglaterra,Espanha
15,59,EUA,Espanha
15,59,Brasil,Espanha
15,59,Croácia,Espanha
15,59,Polônia,Tunísia
15,59,França,Tunísia
15,59,Coreia do Sul,Tunísia
15,59,Dinamarca,Tunísia
15,59,Sérvia,Tunísia
15,59,México,Tunísia
15,59,Arábia Saudita,Tunísia
15,59,Qatar,Tunísia
15,59,Senegal,Tunísia
15,59,Japão,Tunísia
15,59,Camarões,Tunísia
15,59,Canadá,Tunísia
15,59,Inglaterra,Tunísia
15,59,EUA,Tunísia
15,59,Brasil,Tunísia
15,59,Croácia,Tunísia
15,59,França,Polônia
15,59,Coreia do Sul,Polônia
15,59,Dinamarca,Polônia
15,59,Sérvia,Polônia
15,59,México,Polônia
15,59,Arábia Saudita,Polônia
15,59,Qatar,Polônia
15,59,Senegal,Polônia
15,59,Japão,Polônia
15,59,Camarões,Polônia
15,59,Canadá,Polônia
15,59,Inglaterra,Polônia
15,59,EUA,Polônia
15,59,Brasil,Polônia
15,59,Croácia,Polônia
15,59,Coreia do Sul,França
15,59,Dinamarca,França
15,59,Sérvia,França
15,59,México,França
15,59,Arábia Saudita,França
15,59,Qatar,França
15,59,Senegal,França
15,59,Japão,França
15,59,Camarões,França
15,59,Canadá,França
15,59,Inglaterra,França
15,59,EUA,França
15,59,Brasil,França
15,59,Croácia,França
15,59,Dinamarca,Coreia do Sul
15,59,Sérvia,Coreia do Sul
15,59,México,Coreia do Sul
15,59,Arábia Saudita,Coreia do Sul
15,59,Qatar,Coreia do Sul
15,59,Senegal,Coreia do Sul
15,59,Japão,Coreia do Sul
15,59,Camarões,Coreia do Sul
15,59,Canadá,Coreia do Sul
15,59,Inglaterra,Coreia do Sul
15,59,EUA,Coreia do Sul
15,59,Brasil,Coreia do Sul
15,59,Croácia,Coreia do Sul
15,59,Sérvia,Dinamarca
15,59,México,Dinamarca
15,59,Arábia Saudita,Dinamarca
15,59,Qatar,Dinamarca
15,59,Senegal,Dinamarca
15,59,Japão,Dinamarca
15,59,Camarões,Dinamarca
15,59,Canadá,Dinamarca
15,59,Inglaterra,Dinamarca
15,59,EUA,Dinamarca
15,59,Brasil,Dinamarca
15,59,Croácia,Dinamarca
15,59,México,Sérvia
15,59,Arábia Saudita,Sérvia
15,59,Qatar,Sérvia
15,59,Senegal,Sérvia
15,59,Japão,Sérvia
15,59,Camarões,Sérvia
15,59,Canadá,Sérvia
15,59,Inglaterra,Sérvia
15,59,EUA,Sérvia
15,59,Brasil,Sérvia
15,59,Croácia,Sérvia
15,59,Arábia Saudita,México
15,59,Qatar,México
15,59,Senegal,México
15,59,Japão,México
15,59,Camarões,México
15,59,Canadá,México
15,59,Inglaterra,México
15,59,EUA,México
15,59,Brasil,México
15,59,Croácia,México
15,59,Qatar,Arábia Saudita
15,59,Senegal,Arábia Saudita
15,59,Japão,Arábia Saudita
15,59,Camarões,Arábia Saudita
15,59,Canadá,Arábia Saudita
15,59,Inglaterra,Arábia Saudita
15,59,EUA,Arábia Saudita
15,59,Brasil,Arábia Saudita
15,59,Croácia,Arábia Saudita
15,59,Senegal,Qatar
15,59,Japão,Qatar
15,59,Camarões,Qatar
15,59,Canadá,Qatar
15,59,Inglaterra,Qatar
15,59,EUA,Qatar
15,59,Brasil,Qatar
15,59,Croácia,Qatar
15,59,Japão,Senegal
15,59,Camarões,Senegal
15,59,Canadá,Senegal
15,59,Inglaterra,Senegal
15,59,EUA,Senegal
15,59,Brasil,Senegal
15,59,Croácia,Senegal
15,59,Camarões,Japão
15,59,Canadá,Japão
15,59,Inglaterra,Japão
15,59,EUA,Japão
15,59,Brasil,Japão
15,59,Croácia,Japão
15,59,Canadá,Camarões
15,59,Inglaterra,Camarões
15,59,EUA,Camarões
15,59,Brasil,Camarões
15,59,Croácia,Camarões
15,59,Inglaterra,Canadá
15,59,EUA,Canadá
15,59,Brasil,Canadá
15,59,Croácia,Canadá
15,59,EUA,Inglaterra
15,59,Brasil,Inglaterra
15,59,Croácia,Inglaterra
15,59,Brasil,EUA
15,59,Croácia,EUA
15,59,Croácia,Brasil
