HORA,COLUNA,Time_Contra,Time_Casa,Data_ano,Data_mes,Data_dia,Casa Gols Previsão,Visitante Gols Previsão
6,2,Penarol,Itaquera,2025,5,29,1.5612444326624317,0.22195146532486512
6,2,Lima,Itaquera,2025,5,29,1.0456586749718857,0.8484100094068304
6,2,Belo Horizonte,Itaquera,2025,5,29,1.3036610450585864,1.4106521686203501
6,2,Guayaquil,Itaquera,2025,5,29,1.0647858347178243,0.8521471611242977
6,2,Agua Branca,Itaquera,2025,5,29,1.570254086483791,1.1451939796031938
6,2,Bogota,Itaquera,2025,5,29,0.9579653081087506,1.4227192097243284
6,2,Rio de Janeiro,Itaquera,2025,5,29,1.0750399718665014,0.8229235935982029
6,2,Asuncion,Itaquera,2025,5,29,0.9283873535081628,-0.00967300163169394
6,2,Medellin,Itaquera,2025,5,29,1.4811947970329267,0.8542294405731752
6,2,Sao Paulo,Itaquera,2025,5,29,1.0786234795690965,0.36061088057265606
6,2,La Plata,Itaquera,2025,5,29,0.9178079045538561,1.097779916569441
6,2,Santiago,Itaquera,2025,5,29,1.5055982263300713,0.6050526400351876
6,2,Buenos Aires,Itaquera,2025,5,29,0.9504559502920918,1.1144814546786868
6,2,Avellaneda,Itaquera,2025,5,29,0.8877893980360337,0.3734391383377689
6,2,Quito,Itaquera,2025,5,29,1.716948730918396,1.172152795674953
6,2,La Boca,Itaquera,2025,5,29,0.9670631472728061,0.9055040833791312
6,2,Porto Alegre,Itaquera,2025,5,29,1.7797184177592769,0.2216664686547527
6,2,Montevideo,Itaquera,2025,5,29,1.358238810774495,-0.05753057419245206
6,2,Santos,Itaquera,2025,5,29,0.8560403762706106,0.8387505246342575
6,2,Lima,Penarol,2025,5,29,1.4181470415988189,1.4693026211621951
6,2,Belo Horizonte,Penarol,2025,5,29,1.8298529761509643,2.3132000737737655
6,2,Guayaquil,Penarol,2025,5,29,1.512417833391642,2.148636881730293
6,2,Agua Branca,Penarol,2025,5,29,1.4316892687496843,1.8279735352623236
6,2,Bogota,Penarol,2025,5,29,3.0659090359102095,2.0682994049385415
6,2,Rio de Janeiro,Penarol,2025,5,29,1.8167957439142985,1.7289356775351545
6,2,Asuncion,Penarol,2025,5,29,2.9561362412581498,1.8931904667413841
6,2,Medellin,Penarol,2025,5,29,2.18434722606738,2.394534591262721
6,2,Sao Paulo,Penarol,2025,5,29,3.3851542272329063,2.057885936830381
6,2,La Plata,Penarol,2025,5,29,3.1798939763936924,1.4907603199823474
6,2,Santiago,Penarol,2025,5,29,2.8582338735094672,1.6494024143504795
6,2,Buenos Aires,Penarol,2025,5,29,2.532375160264944,1.7543116118538171
6,2,Avellaneda,Penarol,2025,5,29,1.9607904157939617,1.9576374220420585
6,2,Quito,Penarol,2025,5,29,1.5993122551427406,1.9022901137399404
6,2,La Boca,Penarol,2025,5,29,1.626995559532859,1.9183625036846252
6,2,Porto Alegre,Penarol,2025,5,29,2.133659945352027,2.01492698942679
6,2,Montevideo,Penarol,2025,5,29,2.2161421983394485,1.6301932581612089
6,2,Santos,Penarol,2025,5,29,3.4520174007923456,1.795848641222598
6,2,Belo Horizonte,Lima,2025,5,29,0.330717623997493,2.001714823561058
6,2,Guayaquil,Lima,2025,5,29,0.816257906583965,1.9692643698003818
6,2,Agua Branca,Lima,2025,5,29,0.4874360780318105,1.224395645769133
6,2,Bogota,Lima,2025,5,29,0.7026081228474822,1.9950662538024502
6,2,Rio de Janeiro,Lima,2025,5,29,0.09848783459786209,1.49360400499015
6,2,Asuncion,Lima,2025,5,29,0.44025170397228586,1.0234840390419595
6,2,Medellin,Lima,2025,5,29,0.4574714820606506,1.5436174851719746
6,2,Sao Paulo,Lima,2025,5,29,0.8978904044536585,1.418633618066096
6,2,La Plata,Lima,2025,5,29,0.6840452017942175,1.5562987182444272
6,2,Santiago,Lima,2025,5,29,0.3636939319586955,1.2518597844846946
6,2,Buenos Aires,Lima,2025,5,29,0.7920019264159549,1.6589617331799082
6,2,Avellaneda,Lima,2025,5,29,0.4719383919913369,1.1588158202982708
6,2,Quito,Lima,2025,5,29,0.3706190230071542,1.776541834633993
6,2,La Boca,Lima,2025,5,29,0.307208946093375,1.6140617952651153
6,2,Porto Alegre,Lima,2025,5,29,1.0089329197509984,1.512742827410301
6,2,Montevideo,Lima,2025,5,29,1.0480543843282417,0.7856262242102393
6,2,Santos,Lima,2025,5,29,0.5619543435430427,1.4017828183175987
6,2,Guayaquil,Belo Horizonte,2025,5,29,0.6844351653073676,1.4205631662559184
6,2,Agua Branca,Belo Horizonte,2025,5,29,1.991145934192438,1.8405976169138336
6,2,Bogota,Belo Horizonte,2025,5,29,1.608851337901928,1.8626324528492082
6,2,Rio de Janeiro,Belo Horizonte,2025,5,29,2.1504550809596723,1.6841690430931495
6,2,Asuncion,Belo Horizonte,2025,5,29,1.5463204886134096,1.5214320463657784
6,2,Medellin,Belo Horizonte,2025,5,29,2.4309535056144322,1.9629805791225265
6,2,Sao Paulo,Belo Horizonte,2025,5,29,2.659354268390155,2.1896435111197254
6,2,La Plata,Belo Horizonte,2025,5,29,1.1673513952780348,1.1657990404314278
6,2,Santiago,Belo Horizonte,2025,5,29,2.2609890884743655,1.3541778619061764
6,2,Buenos Aires,Belo Horizonte,2025,5,29,1.5878520548223252,1.345058498903781
6,2,Avellaneda,Belo Horizonte,2025,5,29,1.4367501452903717,2.380014651172466
6,2,Quito,Belo Horizonte,2025,5,29,1.575745464370854,1.906318558700651
6,2,La Boca,Belo Horizonte,2025,5,29,1.1039643830875563,2.1711852097355484
6,2,Porto Alegre,Belo Horizonte,2025,5,29,1.5401972450716617,1.7714230533650783
6,2,Montevideo,Belo Horizonte,2025,5,29,2.1620324995240923,1.99139814380503
6,2,Santos,Belo Horizonte,2025,5,29,1.7966073406758394,1.6337383720058598
6,2,Agua Branca,Guayaquil,2025,5,29,2.7732979916534974,0.7774595291682053
6,2,Bogota,Guayaquil,2025,5,29,2.4425972125804787,1.6673299200193126
6,2,Rio de Janeiro,Guayaquil,2025,5,29,2.4960624354892276,1.2113387762378383
6,2,Asuncion,Guayaquil,2025,5,29,2.254082249611128,0.004536220812074374
6,2,Medellin,Guayaquil,2025,5,29,3.9110701928281815,0.9616257135072824
6,2,Sao Paulo,Guayaquil,2025,5,29,3.695331643466355,0.5128363224785669
6,2,La Plata,Guayaquil,2025,5,29,2.768426589509637,1.0866268050923478
6,2,Santiago,Guayaquil,2025,5,29,2.954668775429796,0.6349663345979204
6,2,Buenos Aires,Guayaquil,2025,5,29,2.619737844549901,1.2036588715585752
6,2,Avellaneda,Guayaquil,2025,5,29,1.6436414805544248,0.4891818775522796
6,2,Quito,Guayaquil,2025,5,29,1.6278827151695863,1.4660103716402173
6,2,La Boca,Guayaquil,2025,5,29,1.3946940871485591,1.0169064930575482
6,2,Porto Alegre,Guayaquil,2025,5,29,1.9080778682376407,0.4805221787614097
6,2,Montevideo,Guayaquil,2025,5,29,2.371471969039531,-0.07595759297351505
6,2,Santos,Guayaquil,2025,5,29,3.7236339487213774,0.6595467899032511
6,2,Bogota,Agua Branca,2025,5,29,2.1560697440817194,1.2236672096122196
6,2,Rio de Janeiro,Agua Branca,2025,5,29,1.6507620419853237,0.7959018823207904
6,2,Asuncion,Agua Branca,2025,5,29,1.4738775333845964,0.31909179591811293
6,2,Medellin,Agua Branca,2025,5,29,1.3003003600066616,1.3431857706290338
6,2,Sao Paulo,Agua Branca,2025,5,29,2.095070665053696,0.7638858486280764
6,2,La Plata,Agua Branca,2025,5,29,1.7128072200119333,0.9123348080670555
6,2,Santiago,Agua Branca,2025,5,29,1.9545294186474638,0.7431300266544625
6,2,Buenos Aires,Agua Branca,2025,5,29,1.3523668880963924,0.8352016027778791
6,2,Avellaneda,Agua Branca,2025,5,29,1.7871654309350389,0.5556992904820449
6,2,Quito,Agua Branca,2025,5,29,1.6025423935141707,0.9594912755759714
6,2,La Boca,Agua Branca,2025,5,29,1.3102913523589974,1.174957628804793
6,2,Porto Alegre,Agua Branca,2025,5,29,2.0398540089069823,0.5397835897274715
6,2,Montevideo,Agua Branca,2025,5,29,1.9975187305625577,-0.0004301561379464545
6,2,Santos,Agua Branca,2025,5,29,1.7260442809556131,0.9736989401640731
6,2,Rio de Janeiro,Bogota,2025,5,29,1.8976794908094277,1.88503298193227
6,2,Asuncion,Bogota,2025,5,29,2.024316175525097,0.03962151019435453
6,2,Medellin,Bogota,2025,5,29,2.991581474567719,1.0399446761822484
6,2,Sao Paulo,Bogota,2025,5,29,3.045473564337106,0.6343669819692158
6,2,La Plata,Bogota,2025,5,29,2.894651753279025,1.3177318688467328
6,2,Santiago,Bogota,2025,5,29,2.7475640091657083,0.6218883235916894
6,2,Buenos Aires,Bogota,2025,5,29,2.490645219385451,1.4780229211574365
6,2,Avellaneda,Bogota,2025,5,29,1.8164629027003356,0.5342395949271388
6,2,Quito,Bogota,2025,5,29,2.242027313746432,1.4754852866242976
6,2,La Boca,Bogota,2025,5,29,1.9229225090412532,1.4265621763335925
6,2,Porto Alegre,Bogota,2025,5,29,2.437712637318121,0.8362673762752411
6,2,Montevideo,Bogota,2025,5,29,2.287549394264406,-0.033578304969080555
6,2,Santos,Bogota,2025,5,29,3.3120429735172725,0.972216316760513
6,2,Asuncion,Rio de Janeiro,2025,5,29,1.7250814640958487,0.04242823447838491
6,2,Medellin,Rio de Janeiro,2025,5,29,1.521451939763685,0.4394601389351108
6,2,Sao Paulo,Rio de Janeiro,2025,5,29,2.2672252524752516,0.4382603921404354
6,2,La Plata,Rio de Janeiro,2025,5,29,2.142514949398804,0.6701015949863689
6,2,Santiago,Rio de Janeiro,2025,5,29,1.8241651149417737,0.5340624727303567
6,2,Buenos Aires,Rio de Janeiro,2025,5,29,1.97571256273331,0.7020195357881698
6,2,Avellaneda,Rio de Janeiro,2025,5,29,1.9765307299568218,0.24388767735714026
6,2,Quito,Rio de Janeiro,2025,5,29,2.4989937029973337,0.8020014363207996
6,2,La Boca,Rio de Janeiro,2025,5,29,1.6364589705656098,0.6723492848564279
6,2,Porto Alegre,Rio de Janeiro,2025,5,29,1.9407159235203462,0.3668417754440401
6,2,Montevideo,Rio de Janeiro,2025,5,29,1.9959501928322125,-0.013097954797840127
6,2,Santos,Rio de Janeiro,2025,5,29,1.7150852363075746,0.584147950483261
6,2,Medellin,Asuncion,2025,5,29,0.6570481864293978,1.7635490174697106
6,2,Sao Paulo,Asuncion,2025,5,29,2.6298208299219095,2.059552501692107
6,2,La Plata,Asuncion,2025,5,29,2.1385389582642964,1.3453541535620017
6,2,Santiago,Asuncion,2025,5,29,0.5724427402404988,1.2398369459563008
6,2,Buenos Aires,Asuncion,2025,5,29,2.3475097567405325,1.316901536552189
6,2,Avellaneda,Asuncion,2025,5,29,2.641478214022906,2.512394748472647
6,2,Quito,Asuncion,2025,5,29,1.1820467167121798,1.8815850043279823
6,2,La Boca,Asuncion,2025,5,29,0.7533554463557184,2.1317478752386134
6,2,Porto Alegre,Asuncion,2025,5,29,1.8178500425205668,1.652528013084425
6,2,Montevideo,Asuncion,2025,5,29,1.7856096381380255,1.9795691369080526
6,2,Santos,Asuncion,2025,5,29,1.5006952429401699,1.6349977589323068
6,2,Sao Paulo,Medellin,2025,5,29,1.9965471181723813,0.45762955879258177
6,2,La Plata,Medellin,2025,5,29,1.3879298898865533,1.0667818361310484
6,2,Santiago,Medellin,2025,5,29,0.6419269143653854,0.5959515139885357
6,2,Buenos Aires,Medellin,2025,5,29,1.755456461608894,1.240528657158885
6,2,Avellaneda,Medellin,2025,5,29,2.1113026240482085,0.3814006888795519
6,2,Quito,Medellin,2025,5,29,0.7494371359910942,1.1469052190559057
6,2,La Boca,Medellin,2025,5,29,0.45813753685469744,1.6608703471684059
6,2,Porto Alegre,Medellin,2025,5,29,1.8199485116172296,0.6926341335016282
6,2,Montevideo,Medellin,2025,5,29,1.8212530818201225,0.10557351557521737
6,2,Santos,Medellin,2025,5,29,0.7018243101696462,1.0242692018483737
6,2,La Plata,Sao Paulo,2025,5,29,1.6295001186772697,1.6046431127782153
6,2,Santiago,Sao Paulo,2025,5,29,0.511036316095201,1.2960030169362415
6,2,Buenos Aires,Sao Paulo,2025,5,29,1.838862836860329,1.5070258594613035
6,2,Avellaneda,Sao Paulo,2025,5,29,0.6517164376996595,1.891403909818542
6,2,Quito,Sao Paulo,2025,5,29,0.6330413075267253,1.724162396318444
6,2,La Boca,Sao Paulo,2025,5,29,0.7774809219646092,0.99944893716744
6,2,Porto Alegre,Sao Paulo,2025,5,29,1.4080175611049779,1.5600288232889703
6,2,Montevideo,Sao Paulo,2025,5,29,1.3688782472784682,1.0438763012141377
6,2,Santos,Sao Paulo,2025,5,29,1.4469452975044372,1.1941347780938756
6,2,Santiago,La Plata,2025,5,29,0.9535044188058532,0.5899374468444221
6,2,Buenos Aires,La Plata,2025,5,29,2.530231458716763,0.6727219949822965
6,2,Avellaneda,La Plata,2025,5,29,1.6519518516043754,0.22692059676053428
6,2,Quito,La Plata,2025,5,29,0.7970350668184595,0.6932323696556202
6,2,La Boca,La Plata,2025,5,29,0.6348864518363851,0.7626281490471625
6,2,Porto Alegre,La Plata,2025,5,29,1.736198810319813,0.3691654981127312
6,2,Montevideo,La Plata,2025,5,29,1.8794894398329407,-0.20484996741622968
6,2,Santos,La Plata,2025,5,29,1.5734643876973549,0.6073220061841583
6,2,Buenos Aires,Santiago,2025,5,29,2.027263160823784,1.4095180517079071
6,2,Avellaneda,Santiago,2025,5,29,1.7771324725665578,1.2202117134141637
6,2,Quito,Santiago,2025,5,29,1.6459535530946299,1.458264527000019
6,2,La Boca,Santiago,2025,5,29,1.4643079376190362,1.380135780641651
6,2,Porto Alegre,Santiago,2025,5,29,1.9201883844211542,1.6923872793310857
6,2,Montevideo,Santiago,2025,5,29,1.877964971296246,0.8214476633210397
6,2,Santos,Santiago,2025,5,29,2.806917199380313,1.471174864244422
6,2,Avellaneda,Buenos Aires,2025,5,29,1.788831869454038,2.30943666981071
6,2,Quito,Buenos Aires,2025,5,29,1.976193569371227,1.8810831296057882
6,2,La Boca,Buenos Aires,2025,5,29,1.5235691424371016,1.7760522338767963
6,2,Porto Alegre,Buenos Aires,2025,5,29,2.1204640628208122,1.666894570246364
6,2,Montevideo,Buenos Aires,2025,5,29,1.6662019116505271,1.7146074906689033
6,2,Santos,Buenos Aires,2025,5,29,3.0944650552167583,1.845733864517307
6,2,Quito,Avellaneda,2025,5,29,0.8572933964908679,1.8229697662182929
6,2,La Boca,Avellaneda,2025,5,29,0.6878236719443668,1.529401443797278
6,2,Porto Alegre,Avellaneda,2025,5,29,1.6317549924103272,1.3161543319828541
6,2,Montevideo,Avellaneda,2025,5,29,2.043326020988071,0.8161134365252299
6,2,Santos,Avellaneda,2025,5,29,1.8603067551307932,1.4136581957797354
6,2,La Boca,Quito,2025,5,29,1.8793007583851589,1.038835173869096
6,2,Porto Alegre,Quito,2025,5,29,2.549099902559013,0.8453108084721647
6,2,Montevideo,Quito,2025,5,29,2.4900824859532014,0.08274408439996757
6,2,Santos,Quito,2025,5,29,3.423341793277226,1.0558286451343701
6,2,Porto Alegre,La Boca,2025,5,29,1.93247955596481,2.0120358143633656
6,2,Montevideo,La Boca,2025,5,29,1.8552593871037146,1.4794063593004114
6,2,Santos,La Boca,2025,5,29,1.385126966715325,1.3947585248580716
6,2,Montevideo,Porto Alegre,2025,5,29,1.8377111445252465,0.02566447183055782
6,2,Santos,Porto Alegre,2025,5,29,1.37323384719208,0.826596903214658
6,2,Santos,Montevideo,2025,5,29,1.0171434181649346,0.6304295403019011
6,5,Penarol,Itaquera,2025,5,29,1.5681459448786614,0.22611001436055372
6,5,Lima,Itaquera,2025,5,29,1.0485919226817146,0.787991313131182
6,5,Belo Horizonte,Itaquera,2025,5,29,1.1758461778408558,1.2798447243095674
6,5,Guayaquil,Itaquera,2025,5,29,1.0687540992242248,0.709075312586193
6,5,Agua Branca,Itaquera,2025,5,29,1.3452822125577133,1.0479461059202053
6,5,Bogota,Itaquera,2025,5,29,0.9019498736486012,1.2919117654135457
6,5,Rio de Janeiro,Itaquera,2025,5,29,1.0750399718665014,0.6811410175040826
6,5,Asuncion,Itaquera,2025,5,29,0.6355843113309045,0.017077529025972257
6,5,Medellin,Itaquera,2025,5,29,1.2061262716607357,0.771668657253787
6,5,Sao Paulo,Itaquera,2025,5,29,0.8536516056430189,0.3819260185365157
6,5,La Plata,Itaquera,2025,5,29,0.8931718755325586,0.9559973404753217
6,5,Santiago,Itaquera,2025,5,29,1.4849304618151744,0.6113275083667785
6,5,Buenos Aires,Itaquera,2025,5,29,0.9573574625083215,0.9648732524255795
6,5,Avellaneda,Itaquera,2025,5,29,0.8907226457458628,0.3907314021352089
6,5,Quito,Itaquera,2025,5,29,1.5891338637006653,1.0429241890203045
6,5,La Boca,Itaquera,2025,5,29,0.667358592879318,0.8193229025786128
6,5,Porto Alegre,Itaquera,2025,5,29,1.7797184177592769,0.2386181567380395
6,5,Montevideo,Itaquera,2025,5,29,1.358238810774495,-0.030780043534785886
6,5,Santos,Itaquera,2025,5,29,0.5563358218771224,0.7391124174860892
6,5,Lima,Penarol,2025,5,29,1.421080289308648,1.551945863986822
6,5,Belo Horizonte,Penarol,2025,5,29,1.8681980325506675,2.3994385835700216
6,5,Guayaquil,Penarol,2025,5,29,1.550762889791345,2.130230771567166
6,5,Agua Branca,Penarol,2025,5,29,1.4346225164595134,1.9358909065942653
6,5,Bogota,Penarol,2025,5,29,3.1042540923099127,1.807059866115105
6,5,Rio de Janeiro,Penarol,2025,5,29,1.8167957439142985,1.428919764186277
6,5,Asuncion,Penarol,2025,5,29,2.9974145453676817,1.9976225880172556
6,5,Medellin,Penarol,2025,5,29,2.2226922824670834,2.693268860312908
6,5,Sao Paulo,Penarol,2025,5,29,3.388087474942735,2.0263699080637396
6,5,La Plata,Penarol,2025,5,29,3.1798939763936924,1.5435177214284106
6,5,Santiago,Penarol,2025,5,29,2.8965789299091704,1.6756719032447442
6,5,Buenos Aires,Penarol,2025,5,29,2.5353084079747727,1.7775975930051642
6,5,Avellaneda,Penarol,2025,5,29,1.963723663503791,1.9876272452489103
6,5,Quito,Penarol,2025,5,29,1.6376573115424435,1.988881373678051
6,5,La Boca,Penarol,2025,5,29,1.6653406159325617,1.6858506737127235
6,5,Porto Alegre,Penarol,2025,5,29,2.133659945352027,1.7527206708745264
6,5,Montevideo,Penarol,2025,5,29,2.2544872547391517,1.3844467232724893
6,5,Santos,Penarol,2025,5,29,3.490362457192049,1.7763415700382748
6,5,Belo Horizonte,Lima,2025,5,29,0.24124781317946484,2.028835340376896
6,5,Guayaquil,Lima,2025,5,29,0.8585712274900688,1.893228868260917
6,5,Agua Branca,Lima,2025,5,29,0.26246420410573273,1.2407375052981109
6,5,Bogota,Lima,2025,5,29,0.6849377447870358,1.747497763120931
6,5,Rio de Janeiro,Lima,2025,5,29,0.09848783459786209,1.2254867304720412
6,5,Asuncion,Lima,2025,5,29,0.18579371819473034,1.0792768003239686
6,5,Medellin,Lima,2025,5,29,0.22074801308816297,1.7689641936474325
6,5,Sao Paulo,Lima,2025,5,29,0.6729185305275813,1.3754423687629995
6,5,La Plata,Lima,2025,5,29,0.65940917277292,1.5445182050379007
6,5,Santiago,Lima,2025,5,29,0.38137122384350164,1.2512787918363417
6,5,Buenos Aires,Lima,2025,5,29,0.7989034386321846,1.6059811615884738
6,5,Avellaneda,Lima,2025,5,29,0.4748716397011659,1.2088622733003163
6,5,Quito,Lima,2025,5,29,0.28114921218912625,1.7705076297074303
6,5,La Boca,Lima,2025,5,29,0.04584944809958999,1.3314220036952724
6,5,Porto Alegre,Lima,2025,5,29,1.0089329197509984,1.312493826133001
6,5,Montevideo,Lima,2025,5,29,1.086399440727945,0.5313001713643087
6,5,Santos,Lima,2025,5,29,0.3005948455492578,1.3760283274692298
6,5,Guayaquil,Belo Horizonte,2025,5,29,0.6844351653073676,1.4261113428783896
6,5,Agua Branca,Belo Horizonte,2025,5,29,1.9940791819022672,1.9321731287167974
6,5,Bogota,Belo Horizonte,2025,5,29,1.608851337901928,1.6975028080999852
6,5,Rio de Janeiro,Belo Horizonte,2025,5,29,2.1504550809596723,1.4871102931196467
6,5,Asuncion,Belo Horizonte,2025,5,29,1.5246177073019413,1.6086423739908593
6,5,Medellin,Belo Horizonte,2025,5,29,2.4309535056144322,2.254867578871553
6,5,Sao Paulo,Belo Horizonte,2025,5,29,2.6622875160999837,2.168611542209808
6,5,La Plata,Belo Horizonte,2025,5,29,1.1427153662567373,1.2186269120241406
6,5,Santiago,Belo Horizonte,2025,5,29,2.236353059453068,1.3727201473774688
6,5,Buenos Aires,Belo Horizonte,2025,5,29,1.5907853025321543,1.3652487774758828
6,5,Avellaneda,Belo Horizonte,2025,5,29,1.4396833930002009,2.4224790691432476
6,5,Quito,Belo Horizonte,2025,5,29,1.5511094353495565,2.0206861422929236
6,5,La Boca,Belo Horizonte,2025,5,29,1.0793283540662588,1.9377934456418338
6,5,Porto Alegre,Belo Horizonte,2025,5,29,1.5401972450716617,1.609078195608943
6,5,Montevideo,Belo Horizonte,2025,5,29,2.1620324995240923,1.7592313713522787
6,5,Santos,Belo Horizonte,2025,5,29,1.771971311654542,1.645032856908295
6,5,Agua Branca,Guayaquil,2025,5,29,2.7732979916534974,0.7774595291682053
6,5,Bogota,Guayaquil,2025,5,29,2.480942268980182,1.7326650304588207
6,5,Rio de Janeiro,Guayaquil,2025,5,29,2.4960624354892276,1.2697612372020808
6,5,Asuncion,Guayaquil,2025,5,29,2.2924273060108313,0.03824081428514193
6,5,Medellin,Guayaquil,2025,5,29,3.9494152492278847,0.9685383629825479
6,5,Sao Paulo,Guayaquil,2025,5,29,3.695331643466355,0.5465409159516342
6,5,La Plata,Guayaquil,2025,5,29,2.768426589509637,1.0585044323568433
6,5,Santiago,Guayaquil,2025,5,29,2.993013831829499,0.6535910502970672
6,5,Buenos Aires,Guayaquil,2025,5,29,2.619737844549901,1.1440442913735225
6,5,Avellaneda,Guayaquil,2025,5,29,1.6436414805544248,0.5228864710253472
6,5,Quito,Guayaquil,2025,5,29,1.6662277715692893,1.4378879989047129
6,5,La Boca,Guayaquil,2025,5,29,1.4330391435482621,1.044385515615645
6,5,Porto Alegre,Guayaquil,2025,5,29,1.9080778682376407,0.5903919916120496
6,5,Montevideo,Guayaquil,2025,5,29,2.409817025439234,-0.04225299950044755
6,5,Santos,Guayaquil,2025,5,29,3.7619790051210806,0.6444669121293304
6,5,Bogota,Agua Branca,2025,5,29,2.1944148004814226,1.330752235469772
6,5,Rio de Janeiro,Agua Branca,2025,5,29,1.6507620419853237,0.9264453677228357
6,5,Asuncion,Agua Branca,2025,5,29,1.407198901475624,0.4035207049525266
6,5,Medellin,Agua Branca,2025,5,29,1.251356244902757,1.3759497808636156
6,5,Sao Paulo,Agua Branca,2025,5,29,2.057878144996201,0.8837909057705209
6,5,La Plata,Agua Branca,2025,5,29,1.6881711909906358,0.945088997271661
6,5,Santiago,Agua Branca,2025,5,29,1.9722067105322698,0.7425490340061096
6,5,Buenos Aires,Agua Branca,2025,5,29,1.359268400312622,0.8295521644088629
6,5,Avellaneda,Agua Branca,2025,5,29,1.790098678644868,0.6057457434840906
6,5,Quito,Agua Branca,2025,5,29,1.5690880171562922,1.026627920812946
6,5,La Boca,Agua Branca,2025,5,29,1.2367112082337954,1.2750800424963764
6,5,Porto Alegre,Agua Branca,2025,5,29,2.0398540089069823,0.6496534025781119
6,5,Montevideo,Agua Branca,2025,5,29,2.0358637869622607,0.08399875289646723
6,5,Santos,Agua Branca,2025,5,29,1.6524641368304112,0.9479444493157042
6,5,Rio de Janeiro,Bogota,2025,5,29,1.8976794908094277,1.890214812594607
6,5,Asuncion,Bogota,2025,5,29,2.0626612319247997,0.09337992177666254
6,5,Medellin,Bogota,2025,5,29,3.029926530967422,0.9601686798559479
6,5,Sao Paulo,Bogota,2025,5,29,3.045473564337106,0.7352283395118512
6,5,La Plata,Bogota,2025,5,29,2.894651753279025,1.2087034819572184
6,5,Santiago,Bogota,2025,5,29,2.7859090655654115,0.6473603085919957
6,5,Buenos Aires,Bogota,2025,5,29,2.490645219385451,1.331199505897417
6,5,Avellaneda,Bogota,2025,5,29,1.8164629027003356,0.5842860479291844
6,5,Quito,Bogota,2025,5,29,2.2803723701461354,1.3732645608942906
6,5,La Boca,Bogota,2025,5,29,1.961267565440956,1.4008005685897837
6,5,Porto Alegre,Bogota,2025,5,29,2.437712637318121,0.9561762277339025
6,5,Montevideo,Bogota,2025,5,29,2.325894450664109,0.020180106613227486
6,5,Santos,Bogota,2025,5,29,3.3503880299169757,0.8668319013323806
6,5,Asuncion,Rio de Janeiro,2025,5,29,1.638329478501602,0.08092873196295444
6,5,Medellin,Rio de Janeiro,2025,5,29,1.4277984419532086,0.4435880014172886
6,5,Sao Paulo,Rio de Janeiro,2025,5,29,2.1381599459749006,0.4682297943519534
6,5,La Plata,Rio de Janeiro,2025,5,29,2.142514949398804,0.6583210817798428
6,5,Santiago,Rio de Janeiro,2025,5,29,1.8664784358478772,0.526834135146485
6,5,Buenos Aires,Rio de Janeiro,2025,5,29,1.9826140749495398,0.6338441661175387
6,5,Avellaneda,Rio de Janeiro,2025,5,29,1.979463977666651,0.27664186656174594
6,5,Quito,Rio de Janeiro,2025,5,29,2.537338759397037,0.7959672313942373
6,5,La Boca,Rio de Janeiro,2025,5,29,1.5428054727551335,0.6825360436170851
6,5,Porto Alegre,Rio de Janeiro,2025,5,29,1.9407159235203462,0.4767115882946805
6,5,Montevideo,Rio de Janeiro,2025,5,29,2.0342952492319144,0.025402542686729347
6,5,Santos,Rio de Janeiro,2025,5,29,1.6214317384970982,0.5690383784968132
6,5,Medellin,Asuncion,2025,5,29,0.3819796610572068,2.0650680735129856
6,5,Sao Paulo,Asuncion,2025,5,29,2.401915708286003,2.044401022354522
6,5,La Plata,Asuncion,2025,5,29,2.113902929242999,1.3981820251547146
6,5,Santiago,Asuncion,2025,5,29,0.5478067112192013,1.2844322090762526
6,5,Buenos Aires,Asuncion,2025,5,29,2.3475097567405325,1.3593932260510355
6,5,Avellaneda,Asuncion,2025,5,29,2.641478214022906,2.554859166443429
6,5,Quito,Asuncion,2025,5,29,1.054231849494449,1.9933019822195372
6,5,La Boca,Asuncion,2025,5,29,0.45365089196223035,1.8983561111448999
6,5,Porto Alegre,Asuncion,2025,5,29,1.8178500425205668,1.4932788579075347
6,5,Montevideo,Asuncion,2025,5,29,1.7856096381380255,1.7416560561753371
6,5,Santos,Asuncion,2025,5,29,1.2009906885466815,1.6569668569091902
6,5,Sao Paulo,Medellin,2025,5,29,1.768641996536476,0.5573046168823464
6,5,La Plata,Medellin,2025,5,29,1.3632938608652558,0.9577534492415346
6,5,Santiago,Medellin,2025,5,29,0.6172908853440879,0.6156474964963511
6,5,Buenos Aires,Medellin,2025,5,29,1.755456461608894,1.0875153867865517
6,5,Avellaneda,Medellin,2025,5,29,2.1113026240482085,0.4314471418815976
6,5,Quito,Medellin,2025,5,29,0.6216222687733631,1.0434981938730277
6,5,La Boca,Medellin,2025,5,29,0.15843298246120907,1.6351087394245971
6,5,Porto Alegre,Medellin,2025,5,29,1.8199485116172296,0.812129132340467
6,5,Montevideo,Medellin,2025,5,29,1.8212530818201225,0.1593319271575254
6,5,Santos,Medellin,2025,5,29,0.4021197557761579,0.9138812307607976
6,5,La Plata,Sao Paulo,2025,5,29,1.6048640896559723,1.5601084103670833
6,5,Santiago,Sao Paulo,2025,5,29,0.4903685515803041,1.3201425500348414
6,5,Buenos Aires,Sao Paulo,2025,5,29,1.8457643490765587,1.4402410793547187
6,5,Avellaneda,Sao Paulo,2025,5,29,0.6546496854094885,1.908696173615982
6,5,Quito,Sao Paulo,2025,5,29,0.505226440308994,1.688469704766521
6,5,La Boca,Sao Paulo,2025,5,29,0.4777763675711205,0.6554368896211237
6,5,Porto Alegre,Sao Paulo,2025,5,29,1.4080175611049779,1.256515992217774
6,5,Montevideo,Sao Paulo,2025,5,29,1.3688782472784682,0.705610561947785
6,5,Santos,Sao Paulo,2025,5,29,1.1472407431109488,1.1998810863738394
6,5,Santiago,La Plata,2025,5,29,0.9288683897845558,0.5989971021691007
6,5,Buenos Aires,La Plata,2025,5,29,2.530231458716763,0.6664948563635262
6,5,Avellaneda,La Plata,2025,5,29,1.6519518516043754,0.24421286055797434
6,5,Quito,La Plata,2025,5,29,0.6692201996007286,0.7046000396422206
6,5,La Boca,La Plata,2025,5,29,0.33518189744289684,0.7850751633173219
6,5,Porto Alegre,La Plata,2025,5,29,1.736198810319813,0.3963112081308372
6,5,Montevideo,La Plata,2025,5,29,1.8794894398329407,-0.1780994367585635
6,5,Santos,La Plata,2025,5,29,1.2737598333038664,0.6049317727189777
6,5,Buenos Aires,Santiago,2025,5,29,2.027263160823784,1.4279936737369288
6,5,Avellaneda,Santiago,2025,5,29,1.7771324725665578,1.2798979250357359
6,5,Quito,Santiago,2025,5,29,1.6459535530946299,1.5054756010764514
6,5,La Boca,Santiago,2025,5,29,1.4643079376190362,1.1076074815296544
6,5,Porto Alegre,Santiago,2025,5,29,1.9201883844211542,1.5263778830490842
6,5,Montevideo,Santiago,2025,5,29,1.877964971296246,0.5758321870669718
6,5,Santos,Santiago,2025,5,29,2.806917199380313,1.4644442031660438
6,5,Avellaneda,Buenos Aires,2025,5,29,1.788831869454038,2.368242947310469
6,5,Quito,Buenos Aires,2025,5,29,1.9043941366136454,1.988777786681272
6,5,La Boca,Buenos Aires,2025,5,29,1.4517697096795203,1.5140243220306775
6,5,Porto Alegre,Buenos Aires,2025,5,29,2.1204640628208122,1.5134024516453795
6,5,Montevideo,Buenos Aires,2025,5,29,1.6662019116505271,1.4738583885729877
6,5,Santos,Buenos Aires,2025,5,29,3.0226656224591766,1.874616604310439
6,5,Quito,Avellaneda,2025,5,29,0.8956384528905709,1.7345780254039544
6,5,La Boca,Avellaneda,2025,5,29,0.7261687283440698,1.2235543641808733
6,5,Porto Alegre,Avellaneda,2025,5,29,1.6317549924103272,1.1034010826422338
6,5,Montevideo,Avellaneda,2025,5,29,2.0816710773877736,0.6307150948694809
6,5,Santos,Avellaneda,2025,5,29,1.8986518115304962,1.3326034175811394
6,5,La Boca,Quito,2025,5,29,1.8793007583851589,0.9761636406005205
6,5,Porto Alegre,Quito,2025,5,29,2.549099902559013,0.9425062956242548
6,5,Montevideo,Quito,2025,5,29,2.4900824859532014,0.09959257045750937
6,5,Santos,Quito,2025,5,29,3.423341793277226,0.9340233083518245
6,5,Porto Alegre,La Boca,2025,5,29,1.93247955596481,1.8452539712483162
6,5,Montevideo,La Boca,2025,5,29,1.8936044435034176,1.207855701117737
6,5,Santos,La Boca,2025,5,29,1.1797829031816889,1.3564241666473602
6,5,Montevideo,Porto Alegre,2025,5,29,1.8760562009249497,0.06511537358358921
6,5,Santos,Porto Alegre,2025,5,29,1.207780916624022,0.7200154600377132
6,5,Santos,Montevideo,2025,5,29,1.0171434181649346,0.6410905913706179
6,8,Penarol,Itaquera,2025,5,29,1.5531726050475656,0.22611001436055372
6,8,Lima,Itaquera,2025,5,29,1.020853583262614,0.9322448237519706
6,8,Belo Horizonte,Itaquera,2025,5,29,1.1927137453745482,1.3188571613016284
6,8,Guayaquil,Itaquera,2025,5,29,1.0578833273388166,0.7195003798487117
6,8,Agua Branca,Itaquera,2025,5,29,1.3175438731386124,1.202403816627907
6,8,Bogota,Itaquera,2025,5,29,0.9295320758267478,1.311005337176158
6,8,Rio de Janeiro,Itaquera,2025,5,29,1.0473016324474007,0.6811410175040826
6,8,Asuncion,Itaquera,2025,5,29,0.6504015139210461,0.015541833439153056
6,8,Medellin,Itaquera,2025,5,29,1.235758838782433,0.7701329616669678
6,8,Sao Paulo,Itaquera,2025,5,29,0.8259132662239183,0.3803903229496965
6,8,La Plata,Itaquera,2025,5,29,0.8931718755325586,0.97591620570477
6,8,Santiago,Itaquera,2025,5,29,1.5017980293488669,0.6097918127799593
6,8,Buenos Aires,Itaquera,2025,5,29,0.9296191230892209,0.9633375568387603
6,8,Avellaneda,Itaquera,2025,5,29,0.8629843063267622,0.44726339371344
6,8,Quito,Itaquera,2025,5,29,1.6039510662908072,1.053349256282823
6,8,La Boca,Itaquera,2025,5,29,0.6821757954694595,0.8177872069917936
6,8,Porto Alegre,Itaquera,2025,5,29,1.7816126454618735,0.2370824611512203
6,8,Montevideo,Itaquera,2025,5,29,1.345317673945536,-0.03231573912160508
6,8,Santos,Itaquera,2025,5,29,0.5859683889988195,0.73757672189927
6,8,Lima,Penarol,2025,5,29,0.7229303159441725,0.5818057347934291
6,8,Belo Horizonte,Penarol,2025,5,29,1.5964360189110334,1.9756218548721496
6,8,Guayaquil,Penarol,2025,5,29,1.31830351738997,1.1952554427745374
6,8,Agua Branca,Penarol,2025,5,29,1.201235481517893,1.319874410646058
6,8,Bogota,Penarol,2025,5,29,2.884192644944744,1.8055241705282856
6,8,Rio de Janeiro,Penarol,2025,5,29,1.8167957439142985,1.428919764186277
6,8,Asuncion,Penarol,2025,5,29,2.7140728695146854,1.0340602593657653
6,8,Medellin,Penarol,2025,5,29,2.025818535642888,2.510497360044624
6,8,Sao Paulo,Penarol,2025,5,29,3.3802325255804173,1.597821453003826
6,8,La Plata,Penarol,2025,5,29,2.8817350979505547,0.5943657118991474
6,8,Santiago,Penarol,2025,5,29,2.849352949667454,0.7184490668830459
6,8,Buenos Aires,Penarol,2025,5,29,2.331806684830069,1.8133225482837458
6,8,Avellaneda,Penarol,2025,5,29,1.6997730210391457,1.738120793683668
6,8,Quito,Penarol,2025,5,29,1.3944085404822837,1.3504025917717228
6,8,La Boca,Penarol,2025,5,29,1.4563000808508944,1.6843149781259041
6,8,Porto Alegre,Penarol,2025,5,29,1.5263817219837699,1.7452112350468607
6,8,Montevideo,Penarol,2025,5,29,1.6622789786362553,1.5217203611820105
6,8,Santos,Penarol,2025,5,29,3.485786788335253,1.01298178338803
6,8,Belo Horizonte,Lima,2025,5,29,0.20871392510846568,1.3746874944725684
6,8,Guayaquil,Lima,2025,5,29,0.8155158469170716,1.2494288681597407
6,8,Agua Branca,Lima,2025,5,29,0.23339548506391378,0.5545998588360967
6,8,Bogota,Lima,2025,5,29,0.6631184913604907,1.741989468164127
6,8,Rio de Janeiro,Lima,2025,5,29,0.054798058942073444,1.2254867304720412
6,8,Asuncion,Lima,2025,5,29,0.15120946518018033,0.42176116388372287
6,8,Medellin,Lima,2025,5,29,0.21560018121913818,1.2706400505266462
6,8,Sao Paulo,Lima,2025,5,29,0.6292287548717928,0.6508529212453235
6,8,La Plata,Lima,2025,5,29,0.6275096797847124,0.853027812627869
6,8,Santiago,Lima,2025,5,29,0.36345839238647204,0.6027078488578042
6,8,Buenos Aires,Lima,2025,5,29,0.7558480580591878,1.284364496855289
6,8,Avellaneda,Lima,2025,5,29,0.43118186404537756,0.49356527008779455
6,8,Quito,Lima,2025,5,29,0.2465649591745762,1.035302468706337
6,8,La Boca,Lima,2025,5,29,0.04379908315603932,1.320645816587394
6,8,Porto Alegre,Lima,2025,5,29,0.9600953122261846,1.3010117909353507
6,8,Montevideo,Lima,2025,5,29,1.0227464686715755,0.5190197926592826
6,8,Santos,Lima,2025,5,29,0.2808259570662633,0.6624623799501014
6,8,Guayaquil,Belo Horizonte,2025,5,29,0.46057742763555803,0.5209745540130222
6,8,Agua Branca,Belo Horizonte,2025,5,29,1.775313203574616,0.9982361893331697
6,8,Bogota,Belo Horizonte,2025,5,29,1.526147581393243,1.6918147963376386
6,8,Rio de Janeiro,Belo Horizonte,2025,5,29,2.1504550809596723,1.4862420587674952
6,8,Asuncion,Belo Horizonte,2025,5,29,1.2256472280605473,0.6736449986251941
6,8,Medellin,Belo Horizonte,2025,5,29,2.231833247870514,1.853384075282301
6,8,Sao Paulo,Belo Horizonte,2025,5,29,2.654432566737666,1.479704378840778
6,8,La Plata,Belo Horizonte,2025,5,29,0.8445564878135992,0.22973591545924094
6,8,Santiago,Belo Horizonte,2025,5,29,2.1868805682916292,0.44597894792690423
6,8,Buenos Aires,Belo Horizonte,2025,5,29,1.3872835793874503,1.1822617294334958
6,8,Avellaneda,Belo Horizonte,2025,5,29,1.1757327505355555,1.845811682621525
6,8,Quito,Belo Horizonte,2025,5,29,1.2922318609009984,1.1249747232349654
6,8,La Boca,Belo Horizonte,2025,5,29,0.8546590155961935,1.9270172585339553
6,8,Porto Alegre,Belo Horizonte,2025,5,29,1.309517327623334,1.5975961604112927
6,8,Montevideo,Belo Horizonte,2025,5,29,1.9476612934864208,1.8902108720926822
6,8,Santos,Belo Horizonte,2025,5,29,1.7505280752640544,0.649354907709115
6,8,Agua Branca,Guayaquil,2025,5,29,2.758033736470551,0.9310200233719598
6,8,Bogota,Guayaquil,2025,5,29,2.295465074629563,1.7468887863475013
6,8,Rio de Janeiro,Guayaquil,2025,5,29,2.4424659291025193,1.2651722336216733
6,8,Asuncion,Guayaquil,2025,5,29,2.1935750999303796,0.058270377268582016
6,8,Medellin,Guayaquil,2025,5,29,3.9936688729635508,1.0023041762079594
6,8,Sao Paulo,Guayaquil,2025,5,29,3.695331643466355,0.5220961129616996
6,8,La Plata,Guayaquil,2025,5,29,2.7063033222822024,1.0676908914905139
6,8,Santiago,Guayaquil,2025,5,29,2.9410206377935353,0.6411001006245366
6,8,Buenos Aires,Guayaquil,2025,5,29,2.619737844549901,1.131665039671925
6,8,Avellaneda,Guayaquil,2025,5,29,1.5279217069402817,0.614495712076303
6,8,Quito,Guayaquil,2025,5,29,1.6532100273060653,1.4248092606933442
6,8,La Boca,Guayaquil,2025,5,29,1.4200213992850381,1.0336093285077665
6,8,Porto Alegre,Guayaquil,2025,5,29,1.5436013633367374,0.5789099564143995
6,8,Montevideo,Guayaquil,2025,5,29,2.062460832747243,-0.014349776496883326
6,8,Santos,Guayaquil,2025,5,29,3.7916115722427772,0.6323394905694615
6,8,Bogota,Agua Branca,2025,5,29,2.2219970026595686,1.315381957027131
6,8,Rio de Janeiro,Agua Branca,2025,5,29,1.597165535598615,0.9174806007409455
6,8,Asuncion,Agua Branca,2025,5,29,1.366745249771564,0.3277446860126489
6,8,Medellin,Agua Branca,2025,5,29,1.2809888120244546,1.5446037934150465
6,8,Sao Paulo,Agua Branca,2025,5,29,2.057878144996201,0.9951025364587579
6,8,La Plata,Agua Branca,2025,5,29,1.6871312381659342,0.8385510092525654
6,8,Santiago,Agua Branca,2025,5,29,1.9338034237717605,0.6313999675341573
6,8,Buenos Aires,Agua Branca,2025,5,29,1.3582284474879205,0.9470174792217166
6,8,Avellaneda,Agua Branca,2025,5,29,1.7365021722581595,0.7706675594712663
6,8,Quito,Agua Branca,2025,5,29,1.5822308718389408,0.9027299380107521
6,8,La Boca,Agua Branca,2025,5,29,1.2515284108239373,1.2553390884066078
6,8,Porto Alegre,Agua Branca,2025,5,29,1.8419539055264134,0.6292066003985716
6,8,Montevideo,Agua Branca,2025,5,29,1.8231483190501363,0.250510944454308
6,8,Santos,Agua Branca,2025,5,29,1.6804223560446154,0.8310466788506281
6,8,Rio de Janeiro,Bogota,2025,5,29,1.844082984422719,1.8856258090141995
6,8,Asuncion,Bogota,2025,5,29,1.9638090258443495,0.07719905703783801
6,8,Medellin,Bogota,2025,5,29,3.046794098501114,0.9584532674635862
6,8,Sao Paulo,Bogota,2025,5,29,3.045473564337106,0.7235839180518209
6,8,La Plata,Bogota,2025,5,29,2.8325284860515905,1.1940583128052131
6,8,Santiago,Bogota,2025,5,29,2.749180126712395,0.6342116955348178
6,8,Buenos Aires,Bogota,2025,5,29,2.490645219385451,1.3294840935050551
6,8,Avellaneda,Bogota,2025,5,29,1.7007431290861923,0.6107685638313819
6,8,Quito,Bogota,2025,5,29,2.2972399376798274,1.356395178608857
6,8,La Boca,Bogota,2025,5,29,1.978135132974648,1.3900243814819053
6,8,Porto Alegre,Bogota,2025,5,29,2.0757353880121587,0.9546405321470833
6,8,Montevideo,Bogota,2025,5,29,1.9639172013581478,0.003999241874402941
6,8,Santos,Bogota,2025,5,29,3.3672555974506677,0.8613957197117629
6,8,Asuncion,Rio de Janeiro,2025,5,29,1.6551970460352945,0.06036132318086647
6,8,Medellin,Rio de Janeiro,2025,5,29,1.457431009074906,0.4240713066670254
6,8,Sao Paulo,Rio de Janeiro,2025,5,29,2.1381599459749006,0.43568845873228035
6,8,La Plata,Rio de Janeiro,2025,5,29,2.142514949398804,0.6522066614162678
6,8,Santiago,Rio de Janeiro,2025,5,29,1.8833460033815697,0.5152114198261062
6,8,Buenos Aires,Rio de Janeiro,2025,5,29,1.9826140749495398,0.6133973639379985
6,8,Avellaneda,Rio de Janeiro,2025,5,29,1.979463977666651,0.29433933228759596
6,8,Quito,Rio de Janeiro,2025,5,29,2.554206326930729,0.7665519669320485
6,8,La Boca,Rio de Janeiro,2025,5,29,1.559673040288826,0.6627950895273166
6,8,Porto Alegre,Rio de Janeiro,2025,5,29,1.5915036738023896,0.4562647861151404
6,8,Montevideo,Rio de Janeiro,2025,5,29,1.6723179999259539,0.0037440269428756184
6,8,Santos,Rio de Janeiro,2025,5,29,1.6510643056187957,0.5525641756872575
6,8,Medellin,Asuncion,2025,5,29,0.3947446606452117,1.8102712452327108
6,8,Sao Paulo,Asuncion,2025,5,29,2.401915708286003,1.5716994935873867
6,8,La Plata,Asuncion,2025,5,29,2.113902929242999,0.3835651968709254
6,8,Santiago,Asuncion,2025,5,29,0.5478067112192013,0.2645970888361335
6,8,Buenos Aires,Asuncion,2025,5,29,2.3475097567405325,1.4010919215704636
6,8,Avellaneda,Asuncion,2025,5,29,2.641478214022906,2.296112223357126
6,8,Quito,Asuncion,2025,5,29,1.0534202486961928,1.3464330662054425
6,8,La Boca,Asuncion,2025,5,29,0.45283929116397426,1.8875799240370215
6,8,Porto Alegre,Asuncion,2025,5,29,1.4517702252689177,1.4917431623207154
6,8,Montevideo,Asuncion,2025,5,29,1.4059532205001153,1.8644642417383956
6,8,Santos,Asuncion,2025,5,29,1.2137556881346865,0.8448606748634713
6,8,Sao Paulo,Medellin,2025,5,29,1.768641996536476,0.5456601954223161
6,8,La Plata,Medellin,2025,5,29,1.3290856248867633,0.9432879968950719
6,8,Santiago,Medellin,2025,5,29,0.597703705979565,0.6024988834391732
6,8,Buenos Aires,Medellin,2025,5,29,1.7537821137014007,1.0859796911997324
6,8,Avellaneda,Medellin,2025,5,29,2.1113026240482085,0.4222066503605383
6,8,Quito,Medellin,2025,5,29,0.5874140327948706,1.0266288115875941
6,8,La Boca,Medellin,2025,5,29,0.15843298246120907,1.6243325523167187
6,8,Porto Alegre,Medellin,2025,5,29,1.8131263318407116,0.8105934367536478
6,8,Montevideo,Medellin,2025,5,29,1.8016659024555994,0.14333077922424337
6,8,Santos,Medellin,2025,5,29,0.38067651938567026,0.9086247659457225
6,8,La Plata,Sao Paulo,2025,5,29,1.5729645966677646,0.7949080076580421
6,8,Santiago,Sao Paulo,2025,5,29,0.47245572012327447,0.5360639771501853
6,8,Buenos Aires,Sao Paulo,2025,5,29,1.8186604047402495,1.4759660346333003
6,8,Avellaneda,Sao Paulo,2025,5,29,0.6269113459903878,1.750060405900961
6,8,Quito,Sao Paulo,2025,5,29,0.4726925522379947,1.1770873877664112
6,8,La Boca,Sao Paulo,2025,5,29,0.4777763675711205,0.6539011940343045
6,8,Porto Alegre,Sao Paulo,2025,5,29,0.9962865729771982,1.2490065563901083
6,8,Montevideo,Sao Paulo,2025,5,29,0.9443822595626828,0.8428841998573064
6,8,Santos,Sao Paulo,2025,5,29,1.1274718546279543,0.6005540413143676
6,8,Santiago,La Plata,2025,5,29,0.9278231258612183,0.5974614065822815
6,8,Buenos Aires,La Plata,2025,5,29,2.530231458716763,0.664959160776707
6,8,Avellaneda,La Plata,2025,5,29,1.6519518516043754,0.31005708540513727
6,8,Quito,La Plata,2025,5,29,0.6515035141198708,0.7150251069047394
6,8,La Boca,La Plata,2025,5,29,0.3499991000330384,0.7835394677305026
6,8,Porto Alegre,La Plata,2025,5,29,1.3563087295568215,0.394775512544018
6,8,Montevideo,La Plata,2025,5,29,1.4975489941263986,-0.1344201748476517
6,8,Santos,La Plata,2025,5,29,1.2580935127665596,0.6033960771321585
6,8,Buenos Aires,Santiago,2025,5,29,2.025588812916291,1.1024887657587525
6,8,Avellaneda,Santiago,2025,5,29,1.6614126989524145,0.6242454637499162
6,8,Quito,Santiago,2025,5,29,1.6442792051871367,0.7897247269596288
6,8,La Boca,Santiago,2025,5,29,1.4643079376190362,1.054192013367989
6,8,Porto Alegre,Santiago,2025,5,29,1.552434219262012,1.4689898155174335
6,8,Montevideo,Santiago,2025,5,29,1.497445806549099,0.5215195024013589
6,8,Santos,Santiago,2025,5,29,2.8180078510608246,0.6260477210331616
6,8,Avellaneda,Buenos Aires,2025,5,29,1.4975731615366477,2.0665809986312107
6,8,Quito,Buenos Aires,2025,5,29,1.7066969978877082,1.323219827593869
6,8,La Boca,Buenos Aires,2025,5,29,1.255746918861077,1.460333129329843
6,8,Porto Alegre,Buenos Aires,2025,5,29,1.5296687527449584,1.4689517504656036
6,8,Montevideo,Buenos Aires,2025,5,29,1.0605912370431174,1.5574723377713455
6,8,Santos,Buenos Aires,2025,5,29,3.033756274139688,1.1574759271165913
6,8,Quito,Avellaneda,2025,5,29,0.880570343683796,0.8468809464888484
6,8,La Boca,Avellaneda,2025,5,29,0.7111006191372948,1.222018668594054
6,8,Porto Alegre,Avellaneda,2025,5,29,1.2526574308954541,1.0919190474445835
6,8,Montevideo,Avellaneda,2025,5,29,1.7176434631382616,0.7629450999674331
6,8,Santos,Avellaneda,2025,5,29,1.9282843786521937,0.2753852787563154
6,8,La Boca,Quito,2025,5,29,1.8941179609753007,0.9653874534926425
6,8,Porto Alegre,Quito,2025,5,29,2.1871226532530503,0.9369980006674511
6,8,Montevideo,Quito,2025,5,29,2.1260548717036887,0.1288063800219584
6,8,Santos,Quito,2025,5,29,3.440209360810918,0.7682846907858075
6,8,Porto Alegre,La Boca,2025,5,29,1.9343737836674066,1.8397456762915123
6,8,Montevideo,La Boca,2025,5,29,1.8806833066744586,1.1946781059087639
6,8,Santos,La Boca,2025,5,29,1.2094154703033861,0.6831105251642233
6,8,Montevideo,Porto Alegre,2025,5,29,1.5097820757557145,0.05283499487856318
6,8,Santos,Porto Alegre,2025,5,29,1.2205459162120271,0.6792110534333027
6,8,Santos,Montevideo,2025,5,29,1.0299084177529396,0.607210714748824
6,11,Penarol,Itaquera,2025,5,29,1.5375202757559208,0.21459488071889346
6,11,Lima,Itaquera,2025,5,29,1.0337885485152825,0.904662249026072
6,11,Belo Horizonte,Itaquera,2025,5,29,1.1869228084639687,1.2693952318827681
6,11,Guayaquil,Itaquera,2025,5,29,1.0725583794338882,0.670038450429851
6,11,Agua Branca,Itaquera,2025,5,29,1.3059109421970176,1.2694596693422429
6,11,Bogota,Itaquera,2025,5,29,0.8741422562165022,1.27418034810296
6,11,Rio de Janeiro,Itaquera,2025,5,29,1.0384905967568552,0.65046219111904
6,11,Asuncion,Itaquera,2025,5,29,0.5628233101864019,-0.012663236915561281
6,11,Medellin,Itaquera,2025,5,29,1.1370181077608568,0.6987190876033079
6,11,Sao Paulo,Itaquera,2025,5,29,0.8203600169497747,0.3540667790780971
6,11,La Plata,Itaquera,2025,5,29,0.8584950985399425,0.9360731687617841
6,11,Santiago,Itaquera,2025,5,29,1.4919742133952458,0.5800956434389505
6,11,Buenos Aires,Itaquera,2025,5,29,0.921678988964409,0.8740325904769135
6,11,Avellaneda,Itaquera,2025,5,29,0.8509871058561002,0.5143192464277753
6,11,Quito,Itaquera,2025,5,29,1.5975414140964668,1.0236530869418148
6,11,La Boca,Itaquera,2025,5,29,0.6306245591990833,0.7913320771373867
6,11,Porto Alegre,Itaquera,2025,5,29,1.8051016136126454,0.18950205821547436
6,11,Montevideo,Itaquera,2025,5,29,1.2997667243087787,-0.03446114254404622
6,11,Santos,Itaquera,2025,5,29,0.6069769724684004,0.7077048363398304
6,11,Lima,Penarol,2025,5,29,0.6530097846352425,0.5368280825235894
6,11,Belo Horizonte,Penarol,2025,5,29,1.5155036129899349,2.1272874666126227
6,11,Guayaquil,Penarol,2025,5,29,1.2418937021408063,0.9572910164501389
6,11,Agua Branca,Penarol,2025,5,29,0.9921660071097252,1.4332589453935356
6,11,Bogota,Penarol,2025,5,29,2.829971270333803,1.7317889489376106
6,11,Rio de Janeiro,Penarol,2025,5,29,1.8370729820354188,1.3721649927848671
6,11,Asuncion,Penarol,2025,5,29,2.5612637666769777,0.987174544446704
6,11,Medellin,Penarol,2025,5,29,1.7395484082060388,2.5663979965738424
6,11,Sao Paulo,Penarol,2025,5,29,3.275476394375724,1.763929613197184
6,11,La Plata,Penarol,2025,5,29,2.9193414381706413,0.7121177976298205
6,11,Santiago,Penarol,2025,5,29,2.7558018720724853,0.67504800332424
6,11,Buenos Aires,Penarol,2025,5,29,2.2353955772896805,1.7240797796307212
6,11,Avellaneda,Penarol,2025,5,29,1.6220845088233324,1.7631896704476515
6,11,Quito,Penarol,2025,5,29,1.4266942752551908,1.4928013206110005
6,11,La Boca,Penarol,2025,5,29,1.3447861504311531,1.7173584453112802
6,11,Porto Alegre,Penarol,2025,5,29,1.4815018554252748,1.6785133245294706
6,11,Montevideo,Penarol,2025,5,29,1.6231104148593467,1.5686201234462185
6,11,Santos,Penarol,2025,5,29,3.404758923011067,1.0996114207274994
6,11,Belo Horizonte,Lima,2025,5,29,0.15594122352077575,1.3708850803484114
6,11,Guayaquil,Lima,2025,5,29,0.8251176275006666,1.1335577355848026
6,11,Agua Branca,Lima,2025,5,29,0.23938598892807975,0.5342087054321738
6,11,Bogota,Lima,2025,5,29,0.6734736011890603,1.7290624840465239
6,11,Rio de Janeiro,Lima,2025,5,29,0.04864479208977713,1.2254867304720412
6,11,Asuncion,Lima,2025,5,29,0.13512924817289648,0.3917235078266298
6,11,Medellin,Lima,2025,5,29,0.16526753112879655,1.1710726611912323
6,11,Sao Paulo,Lima,2025,5,29,0.6248641489073893,0.6459855085116988
6,11,La Plata,Lima,2025,5,29,0.6273750658234988,0.8473928323522077
6,11,Santiago,Lima,2025,5,29,0.34594807171748637,0.5916623912233153
6,11,Buenos Aires,Lima,2025,5,29,0.7483321582040625,1.2714375127376858
6,11,Avellaneda,Lima,2025,5,29,0.460430724964838,0.3650741836363662
6,11,Quito,Lima,2025,5,29,0.19317354230312545,1.02156855588877
6,11,La Boca,Lima,2025,5,29,0.027042091732028106,1.320943708122259
6,11,Porto Alegre,Lima,2025,5,29,0.9067038953547332,1.2951221178910324
6,11,Montevideo,Lima,2025,5,29,0.9358614526855507,0.5203793864826738
6,11,Santos,Lima,2025,5,29,0.2267632705015944,0.6494024165882993
6,11,Guayaquil,Belo Horizonte,2025,5,29,0.43274264288576936,0.23083803426499747
6,11,Agua Branca,Belo Horizonte,2025,5,29,1.6977792601954182,1.0898961306328725
6,11,Bogota,Belo Horizonte,2025,5,29,1.5526198721467817,1.560397531697497
6,11,Rio de Janeiro,Belo Horizonte,2025,5,29,2.0982139321973965,1.3639174819080908
6,11,Asuncion,Belo Horizonte,2025,5,29,1.1699565193025192,0.6391207777084882
6,11,Medellin,Belo Horizonte,2025,5,29,2.173196455697844,1.853389127998656
6,11,Sao Paulo,Belo Horizonte,2025,5,29,2.6039800788632825,1.5521277510464166
6,11,La Plata,Belo Horizonte,2025,5,29,0.8438031585686248,0.37344897960539697
6,11,Santiago,Belo Horizonte,2025,5,29,2.207153987450295,0.4133362534933132
6,11,Buenos Aires,Belo Horizonte,2025,5,29,1.3330610823385844,1.0382075244476918
6,11,Avellaneda,Belo Horizonte,2025,5,29,1.1406185701296407,1.851064028586955
6,11,Quito,Belo Horizonte,2025,5,29,1.2388404440295473,1.2010092363253984
6,11,La Boca,Belo Horizonte,2025,5,29,0.8683739483504263,1.9005621286795487
6,11,Porto Alegre,Belo Horizonte,2025,5,29,1.2433685527525768,1.4554234819086038
6,11,Montevideo,Belo Horizonte,2025,5,29,1.8092428532405171,1.8500830869555263
6,11,Santos,Belo Horizonte,2025,5,29,1.650377506789406,0.6999102259830898
6,11,Agua Branca,Guayaquil,2025,5,29,2.4900003784330966,0.9955040286212421
6,11,Bogota,Guayaquil,2025,5,29,2.310410902082578,1.7071172721817216
6,11,Rio de Janeiro,Guayaquil,2025,5,29,2.3856221732986267,1.234493407236631
6,11,Asuncion,Guayaquil,2025,5,29,2.0886431592537966,0.0237461563518761
6,11,Medellin,Guayaquil,2025,5,29,3.630277751601687,0.9249458292098364
6,11,Sao Paulo,Guayaquil,2025,5,29,3.5188542706330685,0.4894534185281085
6,11,La Plata,Guayaquil,2025,5,29,2.7419240739651496,1.0278478545475276
6,11,Santiago,Guayaquil,2025,5,29,2.9166367622625216,0.6084574061909458
6,11,Buenos Aires,Guayaquil,2025,5,29,2.4468770127777173,1.0368417007524438
6,11,Avellaneda,Guayaquil,2025,5,29,1.486728283009311,0.6815515647906382
6,11,Quito,Guayaquil,2025,5,29,1.732701098229031,1.395113091352336
6,11,La Boca,Guayaquil,2025,5,29,1.3684701630146618,1.0071541986533599
6,11,Porto Alegre,Guayaquil,2025,5,29,1.558684190927607,0.5283830283860717
6,11,Montevideo,Guayaquil,2025,5,29,1.9522422970349596,-0.016495179919324452
6,11,Santos,Guayaquil,2025,5,29,3.642947898742497,0.5995210799174399
6,11,Bogota,Agua Branca,2025,5,29,2.132705693183007,1.2803596207984858
6,11,Rio de Janeiro,Agua Branca,2025,5,29,1.590431857161157,0.776882243034378
6,11,Asuncion,Agua Branca,2025,5,29,1.274093630317171,0.2808589710935882
6,11,Medellin,Agua Branca,2025,5,29,1.1947771923965171,1.368374601420828
6,11,Sao Paulo,Agua Branca,2025,5,29,2.056544218855163,0.9586636512583886
6,11,La Plata,Agua Branca,2025,5,29,1.6510795362794275,0.6783350096349203
6,11,Santiago,Agua Branca,2025,5,29,1.8172272806937066,0.603506451037701
6,11,Buenos Aires,Agua Branca,2025,5,29,1.3514040962533083,0.7495956343828964
6,11,Avellaneda,Agua Branca,2025,5,29,1.7159795115943586,0.6205099630803976
6,11,Quito,Agua Branca,2025,5,29,1.4551496622315994,0.7593180465814392
6,11,La Boca,Agua Branca,2025,5,29,1.1610816266640356,1.2288839585522011
6,11,Porto Alegre,Agua Branca,2025,5,29,1.7441907193681208,0.5767716097210231
6,11,Montevideo,Agua Branca,2025,5,29,1.706364682718999,0.23791210967873294
6,11,Santos,Agua Branca,2025,5,29,1.6263596694799465,0.7963202055493855
6,11,Rio de Janeiro,Bogota,2025,5,29,1.8683824180002944,1.7633012321547952
6,11,Asuncion,Bogota,2025,5,29,1.8140986624879065,0.04051073208710089
6,11,Medellin,Bogota,2025,5,29,2.7627575056328255,0.7973903558487808
6,11,Sao Paulo,Bogota,2025,5,29,2.857474664164257,0.7144476768273511
6,11,La Plata,Bogota,2025,5,29,2.786892057303522,1.261051616060502
6,11,Santiago,Bogota,2025,5,29,2.6556290491174255,0.7225186419807389
6,11,Buenos Aires,Bogota,2025,5,29,2.3125278174828274,1.151128247387483
6,11,Avellaneda,Bogota,2025,5,29,1.623054616870379,0.517530682585458
6,11,Quito,Bogota,2025,5,29,2.2440493689160173,1.436156756350866
6,11,La Boca,Bogota,2025,5,29,1.8793785605542137,1.3635692516274986
6,11,Porto Alegre,Bogota,2025,5,29,2.0436128794529713,0.8161277229724966
6,11,Montevideo,Bogota,2025,5,29,1.8421771383063024,-0.00859959290117194
6,11,Santos,Bogota,2025,5,29,3.2036562328515443,0.8314972979862175
6,11,Asuncion,Rio de Janeiro,2025,5,29,1.5677701799238213,0.020770113820069883
6,11,Medellin,Rio de Janeiro,2025,5,29,1.3628638111329558,0.3546712500429989
6,11,Sao Paulo,Rio de Janeiro,2025,5,29,2.2186910466511507,0.5152685474060081
6,11,La Plata,Rio de Janeiro,2025,5,29,2.200947762807887,0.7191999646715568
6,11,Santiago,Rio de Janeiro,2025,5,29,1.8680766450780493,0.6052449398529672
6,11,Buenos Aires,Rio de Janeiro,2025,5,29,2.0601500590505424,0.5265323153926127
6,11,Avellaneda,Rio de Janeiro,2025,5,29,1.972285932596345,0.3563281965578404
6,11,Quito,Rio de Janeiro,2025,5,29,2.6332729782731064,0.8490785806983576
6,11,La Boca,Rio de Janeiro,2025,5,29,1.5081218040184496,0.6384853630953508
6,11,Porto Alegre,Rio de Janeiro,2025,5,29,1.614412045057098,0.4111243009958555
6,11,Montevideo,Rio de Janeiro,2025,5,29,1.7090313460445772,-0.006709404410258146
6,11,Santos,Rio de Janeiro,2025,5,29,1.759782727193656,0.5234263976795948
6,11,Medellin,Asuncion,2025,5,29,0.33356671590855114,1.8128977048338084
6,11,Sao Paulo,Asuncion,2025,5,29,2.4011623790410286,1.6496907977703492
6,11,La Plata,Asuncion,2025,5,29,2.107325428121016,0.5282418805683565
6,11,Santiago,Asuncion,2025,5,29,0.5244264286197277,0.2356142637306457
6,11,Buenos Aires,Asuncion,2025,5,29,2.3371622464440667,1.2625791123958776
6,11,Avellaneda,Asuncion,2025,5,29,2.6460091519744666,2.3004201262246093
6,11,Quito,Asuncion,2025,5,29,0.9996044122441534,1.4250889861806173
6,11,La Boca,Asuncion,2025,5,29,0.43608229973996315,1.8611247941826148
6,11,Porto Alegre,Asuncion,2025,5,29,1.3979543888168777,1.3532303531461294
6,11,Montevideo,Asuncion,2025,5,29,1.3131982425836026,1.8243364566012397
6,11,Santos,Asuncion,2025,5,29,1.1596930015700175,0.8983359820639224
6,11,Sao Paulo,Medellin,2025,5,29,1.7636967936760086,0.6308082160733673
6,11,La Plata,Medellin,2025,5,29,1.3285265913449609,1.0102813001503603
6,11,Santiago,Medellin,2025,5,29,0.5797689657299906,0.6961922727941374
6,11,Buenos Aires,Medellin,2025,5,29,1.7489405337469512,1.0225402720603018
6,11,Avellaneda,Medellin,2025,5,29,2.1206527174001257,0.3855354299262178
6,11,Quito,Medellin,2025,5,29,0.5335981963428312,1.1117768322386459
6,11,La Boca,Medellin,2025,5,29,0.1416759910371979,1.600022825884753
6,11,Porto Alegre,Medellin,2025,5,29,1.7587298984926085,0.7869970545572033
6,11,Montevideo,Medellin,2025,5,29,1.7143564668889861,0.1328773478711096
6,11,Santos,Medellin,2025,5,29,0.3266138328210017,0.8824069768645358
6,11,La Plata,Sao Paulo,2025,5,29,1.5457268108369582,0.9240771442931226
6,11,Santiago,Sao Paulo,2025,5,29,0.4682760612867268,0.5177913940635347
6,11,Buenos Aires,Sao Paulo,2025,5,29,1.8089858425576297,1.3660477010722882
6,11,Avellaneda,Sao Paulo,2025,5,29,0.6232310363313432,1.8618305728426259
6,11,Quito,Sao Paulo,2025,5,29,0.3928166787807123,1.3025278688259174
6,11,La Boca,Sao Paulo,2025,5,29,0.477764201738828,0.6517557906118634
6,11,Porto Alegre,Sao Paulo,2025,5,29,0.9380593566206009,1.1545957698914457
6,11,Montevideo,Sao Paulo,2025,5,29,0.8275986232315461,0.8407387964348654
6,11,Santos,Sao Paulo,2025,5,29,1.0768233318225664,0.7182295193107201
6,11,Santiago,La Plata,2025,5,29,0.9177735050941824,0.5917498454653984
6,11,Buenos Aires,La Plata,2025,5,29,2.5283824401979818,0.49160079780057553
6,11,Avellaneda,La Plata,2025,5,29,1.636622737622215,0.3609571319796362
6,11,Quito,La Plata,2025,5,29,0.5677890573227189,0.602340539558913
6,11,La Boca,La Plata,2025,5,29,0.3338154124421588,0.7813940643080616
6,11,Porto Alegre,La Plata,2025,5,29,1.2891549382094116,0.371179717832398
6,11,Montevideo,La Plata,2025,5,29,1.3748953958647736,-0.13656557827009283
6,11,Santos,La Plata,2025,5,29,1.2040308262018906,0.5967689193952177
6,11,Buenos Aires,Santiago,2025,5,29,2.1237828240200765,1.0986091846212633
6,11,Avellaneda,Santiago,2025,5,29,1.6225768840937862,0.8490600240357661
6,11,Quito,Santiago,2025,5,29,1.632572919461625,1.0047736050492468
6,11,La Boca,Santiago,2025,5,29,1.3910024158049406,1.07542245537684
6,11,Porto Alegre,Santiago,2025,5,29,1.4424942720004765,1.4850711553904619
6,11,Montevideo,Santiago,2025,5,29,1.5162249114685058,0.518623857774327
6,11,Santos,Santiago,2025,5,29,2.8750548277514865,0.6776415017504978
6,11,Avellaneda,Buenos Aires,2025,5,29,1.4488659006644855,2.1627914626387588
6,11,Quito,Buenos Aires,2025,5,29,1.6107244958955713,1.4002244955855265
6,11,La Boca,Buenos Aires,2025,5,29,1.2396381244939303,1.4581877259074019
6,11,Porto Alegre,Buenos Aires,2025,5,29,1.4336962507528217,1.466186714441303
6,11,Montevideo,Buenos Aires,2025,5,29,0.9737062210570925,1.5068911212810558
6,11,Santos,Buenos Aires,2025,5,29,2.9809036748451114,1.237169023398229
6,11,Quito,Avellaneda,2025,5,29,0.8839666972740428,0.8238743939054636
6,11,La Boca,Avellaneda,2025,5,29,0.7088843768158136,1.2432491106029049
6,11,Porto Alegre,Avellaneda,2025,5,29,1.1916455411536047,1.0179375812846312
6,11,Montevideo,Avellaneda,2025,5,29,1.706523947712556,0.7600494553404011
6,11,Santos,Avellaneda,2025,5,29,1.9865414426129482,0.21128446395016662
6,11,La Boca,Quito,2025,5,29,1.7953613885548658,0.9504474572798958
6,11,Porto Alegre,Quito,2025,5,29,2.155000144693862,0.8063404558064214
6,11,Montevideo,Quito,2025,5,29,2.0036435389586256,0.11620754524638356
6,11,Santos,Quito,2025,5,29,3.2759387265185764,0.7977879182471519
6,11,Porto Alegre,La Boca,2025,5,29,1.873518071241032,1.7302167816526672
6,11,Montevideo,La Boca,2025,5,29,1.7580297084128333,1.1938922963097143
6,11,Santos,La Boca,2025,5,29,1.1565628710088098,0.774594750245495
6,11,Montevideo,Porto Alegre,2025,5,29,1.3875528970746778,0.06250261663264717
6,11,Santos,Porto Alegre,2025,5,29,1.1664832296473582,0.6482741692643961
6,11,Santos,Montevideo,2025,5,29,0.8089010209899881,0.5724842414475816
6,14,Penarol,Itaquera,2025,5,29,0.7683517708858799,0.12700288257706238
6,14,Lima,Itaquera,2025,5,29,1.1174900579176457,0.5784100911892615
6,14,Belo Horizonte,Itaquera,2025,5,29,0.8694545176004479,1.0787447538255832
6,14,Guayaquil,Itaquera,2025,5,29,0.8912618481831801,0.5225344936928925
6,14,Agua Branca,Itaquera,2025,5,29,0.9318318374781193,1.1226557039242022
6,14,Bogota,Itaquera,2025,5,29,0.8360856901035563,1.207393661183276
6,14,Rio de Janeiro,Itaquera,2025,5,29,0.7889343574253473,0.4960971177104492
6,14,Asuncion,Itaquera,2025,5,29,0.48940423921743087,-0.1815257754284419
6,14,Medellin,Itaquera,2025,5,29,0.32910769171836285,0.6306919983743755
6,14,Sao Paulo,Itaquera,2025,5,29,0.7959412836093104,0.22100229401685692
6,14,La Plata,Itaquera,2025,5,29,0.919615388121903,0.7451894003146128
6,14,Santiago,Itaquera,2025,5,29,0.7131437991520105,0.4630465330309303
6,14,Buenos Aires,Itaquera,2025,5,29,1.03677415056495,0.7658440587037617
6,14,Avellaneda,Itaquera,2025,5,29,0.8798772081232821,0.29479891966977523
6,14,Quito,Itaquera,2025,5,29,1.2898975463283204,0.7572477366487529
6,14,La Boca,Itaquera,2025,5,29,0.5576910664573764,0.5265230172902725
6,14,Porto Alegre,Itaquera,2025,5,29,1.8799222851248616,0.18049890775385244
6,14,Montevideo,Itaquera,2025,5,29,1.2486064331612368,-0.24254011877248383
6,14,Santos,Itaquera,2025,5,29,0.576044528057376,0.6038084751868423
6,14,Lima,Penarol,2025,5,29,0.3809670895088323,0.34208560936367055
6,14,Belo Horizonte,Penarol,2025,5,29,1.2988230891893702,2.0415536240453
6,14,Guayaquil,Penarol,2025,5,29,0.7642108368804916,0.8806673056527792
6,14,Agua Branca,Penarol,2025,5,29,0.7334767184102668,1.4213850067118692
6,14,Bogota,Penarol,2025,5,29,2.365546491216885,1.7450741748891696
6,14,Rio de Janeiro,Penarol,2025,5,29,1.6941450282568344,1.340191252823714
6,14,Asuncion,Penarol,2025,5,29,2.33257526997055,0.8142852216370463
6,14,Medellin,Penarol,2025,5,29,1.1327999873549426,2.4382775011219793
6,14,Sao Paulo,Penarol,2025,5,29,2.316975023529133,1.4999809725588327
6,14,La Plata,Penarol,2025,5,29,2.101153466888961,0.6238068560600492
6,14,Santiago,Penarol,2025,5,29,2.6417836532704504,0.5848520625521325
6,14,Buenos Aires,Penarol,2025,5,29,1.2930148309484126,1.5544124692335888
6,14,Avellaneda,Penarol,2025,5,29,1.305369095427077,1.4111154769816125
6,14,Quito,Penarol,2025,5,29,1.3039918042822363,1.3295590178983476
6,14,La Boca,Penarol,2025,5,29,1.1896611157879309,1.4517724898090814
6,14,Porto Alegre,Penarol,2025,5,29,1.3400484545547324,1.6917985504810296
6,14,Montevideo,Penarol,2025,5,29,1.2138494483301967,1.215163808009033
6,14,Santos,Penarol,2025,5,29,2.3424651892675783,1.0711562434584352
6,14,Belo Horizonte,Lima,2025,5,29,0.16105266252339664,1.2024105435144437
6,14,Guayaquil,Lima,2025,5,29,0.7471114795467689,1.008977943791371
6,14,Agua Branca,Lima,2025,5,29,0.19669149893458368,0.524628621899141
6,14,Bogota,Lima,2025,5,29,0.6277744417592309,1.6160753385488937
6,14,Rio de Janeiro,Lima,2025,5,29,0.01721958206233708,1.0051674527541188
6,14,Asuncion,Lima,2025,5,29,0.133352952590455,0.2551507392120546
6,14,Medellin,Lima,2025,5,29,0.09024894691252254,1.1745188287564445
6,14,Sao Paulo,Lima,2025,5,29,0.6087435244020647,0.5609182531406613
6,14,La Plata,Lima,2025,5,29,0.6173817202648344,0.6418866634954705
6,14,Santiago,Lima,2025,5,29,0.26488629139597497,0.5367502105682169
6,14,Buenos Aires,Lima,2025,5,29,0.7483321582040625,1.1007151187146855
6,14,Avellaneda,Lima,2025,5,29,0.44563601347289333,0.2058779052708582
6,14,Quito,Lima,2025,5,29,0.17623161508757423,0.7900931751491117
6,14,La Boca,Lima,2025,5,29,0.02007476130396982,1.033009407320536
6,14,Porto Alegre,Lima,2025,5,29,0.8462100244329591,1.2985682854562446
6,14,Montevideo,Lima,2025,5,29,0.8966781233743263,0.3470655173833625
6,14,Santos,Lima,2025,5,29,0.1548003186529342,0.6178877949770389
6,14,Guayaquil,Belo Horizonte,2025,5,29,0.19337294828374238,0.14049746175704006
6,14,Agua Branca,Belo Horizonte,2025,5,29,1.266961014195622,1.078022191951206
6,14,Bogota,Belo Horizonte,2025,5,29,1.506920712716952,1.5599658959384584
6,14,Rio de Janeiro,Belo Horizonte,2025,5,29,1.7031616247580588,1.3543373983750582
6,14,Asuncion,Belo Horizonte,2025,5,29,1.0344353916492908,0.6189954773544406
6,14,Medellin,Belo Horizonte,2025,5,29,1.1182269970346639,1.713248214456417
6,14,Sao Paulo,Belo Horizonte,2025,5,29,2.4319726692570995,1.40445188534535
6,14,La Plata,Belo Horizonte,2025,5,29,0.7783664657434304,0.3603401060021586
6,14,Santiago,Belo Horizonte,2025,5,29,1.4833326465936898,0.4058050481251076
6,14,Buenos Aires,Belo Horizonte,2025,5,29,1.1884681656551486,0.8940669314300326
6,14,Avellaneda,Belo Horizonte,2025,5,29,0.9504235832095547,1.6909974366665983
6,14,Quito,Belo Horizonte,2025,5,29,0.9011252757204811,1.1117014578955149
6,14,La Boca,Belo Horizonte,2025,5,29,0.7892465910435235,1.81576939161777
6,14,Porto Alegre,Belo Horizonte,2025,5,29,1.1540353932426293,1.4537569112279933
6,14,Montevideo,Belo Horizonte,2025,5,29,1.5587293915619038,1.6908524029598948
6,14,Santos,Belo Horizonte,2025,5,29,1.4339968507667733,0.6938487051421459
6,14,Agua Branca,Guayaquil,2025,5,29,2.0864770864562687,0.9620372765826901
6,14,Bogota,Guayaquil,2025,5,29,1.8459861229656611,1.549795241010575
6,14,Rio de Janeiro,Guayaquil,2025,5,29,1.9755663381439386,0.935578735446381
6,14,Asuncion,Guayaquil,2025,5,29,1.9100056725742254,-0.010149831147888966
6,14,Medellin,Guayaquil,2025,5,29,2.6725485009689898,0.8196415279867815
6,14,Sao Paulo,Guayaquil,2025,5,29,2.7109924550790137,0.43267148660000865
6,14,La Plata,Guayaquil,2025,5,29,1.9361122242874849,0.7364783859949914
6,14,Santiago,Guayaquil,2025,5,29,2.133298887464751,0.44718478906247644
6,14,Buenos Aires,Guayaquil,2025,5,29,1.6458053372457595,0.7527080935724448
6,14,Avellaneda,Guayaquil,2025,5,29,1.3278794831145015,0.5066468039081033
6,14,Quito,Guayaquil,2025,5,29,1.3070150519642763,1.176860716340464
6,14,La Boca,Guayaquil,2025,5,29,1.2435715938350145,0.7154400653268124
6,14,Porto Alegre,Guayaquil,2025,5,29,1.4235798195449152,0.5206148128460216
6,14,Montevideo,Guayaquil,2025,5,29,1.7013519248474362,-0.08713226790382621
6,14,Santos,Guayaquil,2025,5,29,2.7530607047543656,0.4824564647164868
6,14,Bogota,Agua Branca,2025,5,29,2.088743314352751,1.275245363099428
6,14,Rio de Janeiro,Agua Branca,2025,5,29,1.5623307873838268,0.7073263965936241
6,14,Asuncion,Agua Branca,2025,5,29,1.2988912002229012,0.25680204198017004
6,14,Medellin,Agua Branca,2025,5,29,0.9046660403637168,1.299138118693392
6,14,Sao Paulo,Agua Branca,2025,5,29,1.9356170955392833,0.8808866883555506
6,14,La Plata,Agua Branca,2025,5,29,1.639509958593615,0.6052503731239613
6,14,Santiago,Agua Branca,2025,5,29,1.7759562181447932,0.5791649779179653
6,14,Buenos Aires,Agua Branca,2025,5,29,1.2548957062778914,0.6410630092243395
6,14,Avellaneda,Agua Branca,2025,5,29,1.5467519002602212,0.5184141211782184
6,14,Quito,Agua Branca,2025,5,29,1.4318390899217128,0.583934271173814
6,14,La Boca,Agua Branca,2025,5,29,1.1494824317412153,1.2067227158773313
6,14,Porto Alegre,Agua Branca,2025,5,29,1.6790649839515845,0.5776075176457481
6,14,Montevideo,Agua Branca,2025,5,29,1.5737285957999712,0.14504505579792074
6,14,Santos,Agua Branca,2025,5,29,1.4860495527945772,0.7759926690549863
6,14,Rio de Janeiro,Bogota,2025,5,29,1.4170567377891967,1.3822227308155315
6,14,Asuncion,Bogota,2025,5,29,1.7555996828537628,0.026784372973397797
6,14,Medellin,Bogota,2025,5,29,2.183943020090713,0.5564921147689277
6,14,Sao Paulo,Bogota,2025,5,29,1.992697325610626,0.7190039250400433
6,14,La Plata,Bogota,2025,5,29,2.05573376958209,0.8652299415457706
6,14,Santiago,Bogota,2025,5,29,2.3516190688247756,0.6225842049930612
6,14,Buenos Aires,Bogota,2025,5,29,1.397380013695142,0.8777615258100844
6,14,Avellaneda,Bogota,2025,5,29,1.5045881084433805,0.35422076831692134
6,14,Quito,Bogota,2025,5,29,1.8950422306003685,1.1288106219146516
6,14,La Boca,Bogota,2025,5,29,1.8290080953201602,1.0264323892366751
6,14,Porto Alegre,Bogota,2025,5,29,1.9766682178147335,0.8256755353971482
6,14,Montevideo,Bogota,2025,5,29,1.5715963894045861,-0.022298810640359944
6,14,Santos,Bogota,2025,5,29,2.330433212293818,0.6865724440834118
6,14,Asuncion,Rio de Janeiro,2025,5,29,1.466870595929012,-0.07861286967670103
6,14,Medellin,Rio de Janeiro,2025,5,29,0.5074735243289161,0.15643843398652707
6,14,Sao Paulo,Rio de Janeiro,2025,5,29,1.8946161036536826,0.488424717845614
6,14,La Plata,Rio de Janeiro,2025,5,29,1.9060097550261357,0.4789187352273565
6,14,Santiago,Rio de Janeiro,2025,5,29,1.092037662450078,0.5040654998081426
6,14,Buenos Aires,Rio de Janeiro,2025,5,29,1.747420565157093,0.4576065280401788
6,14,Avellaneda,Rio de Janeiro,2025,5,29,2.014687065760891,0.10485917930090029
6,14,Quito,Rio de Janeiro,2025,5,29,2.311144253405869,0.7297351674817674
6,14,La Boca,Rio de Janeiro,2025,5,29,1.3907640728828117,0.3876705343973323
6,14,Porto Alegre,Rio de Janeiro,2025,5,29,1.6882510669508484,0.41196020892058044
6,14,Montevideo,Rio de Janeiro,2025,5,29,1.695166477443888,-0.10856772513784944
6,14,Santos,Rio de Janeiro,2025,5,29,1.326793228833397,0.3920918829188309
6,14,Medellin,Asuncion,2025,5,29,0.19463124302262366,1.6756603287804384
6,14,Sao Paulo,Asuncion,2025,5,29,1.7987798864952518,1.5114206276389055
6,14,La Plata,Asuncion,2025,5,29,1.6281861394281736,0.5259480254197229
6,14,Santiago,Asuncion,2025,5,29,0.41281781521215205,0.23748875393206365
6,14,Buenos Aires,Asuncion,2025,5,29,1.839858782392021,1.1253417363425076
6,14,Avellaneda,Asuncion,2025,5,29,2.8850583613833964,2.156720549672554
6,14,Quito,Asuncion,2025,5,29,1.0816273416259317,1.351973835155626
6,14,La Boca,Asuncion,2025,5,29,0.4369912507415511,1.7859121406538687
6,14,Porto Alegre,Asuncion,2025,5,29,1.588621495675869,1.357398698496181
6,14,Montevideo,Asuncion,2025,5,29,1.3778843867828356,1.6827077228954814
6,14,Santos,Asuncion,2025,5,29,0.4133229595878413,0.8972916543675515
6,14,Sao Paulo,Medellin,2025,5,29,1.827715499527331,0.5920089618051511
6,14,La Plata,Medellin,2025,5,29,1.5459240467151287,0.7668280473520412
6,14,Santiago,Medellin,2025,5,29,0.497985484375406,0.6455471736118354
6,14,Buenos Aires,Medellin,2025,5,29,1.9068919728435352,0.823626352078066
6,14,Avellaneda,Medellin,2025,5,29,2.3328761175895067,0.3307219853938642
6,14,Quito,Medellin,2025,5,29,0.588795316505063,0.8975325033581577
6,14,La Boca,Medellin,2025,5,29,0.13963656879496333,1.3650050464717083
6,14,Porto Alegre,Medellin,2025,5,29,1.9225711961320504,0.7899304649856831
6,14,Montevideo,Medellin,2025,5,29,1.8021828177537638,0.08950525386831813
6,14,Santos,Medellin,2025,5,29,0.25087354757165425,0.8210100826465069
6,14,La Plata,Sao Paulo,2025,5,29,0.8779954109354939,0.8577014562695289
6,14,Santiago,Sao Paulo,2025,5,29,0.4074219159279264,0.4063333883431168
6,14,Buenos Aires,Sao Paulo,2025,5,29,1.1648035971809014,1.1753269491835467
6,14,Avellaneda,Sao Paulo,2025,5,29,0.6401900422447694,1.4705812488568384
6,14,Quito,Sao Paulo,2025,5,29,0.4269287977516465,1.130396993939026
6,14,La Boca,Sao Paulo,2025,5,29,0.5267788256830788,0.36511639361805515
6,14,Porto Alegre,Sao Paulo,2025,5,29,0.9335474400711358,1.1443250757460603
6,14,Montevideo,Sao Paulo,2025,5,29,0.8213643007508772,0.48319024257741017
6,14,Santos,Sao Paulo,2025,5,29,0.36744668694481314,0.6736144907744824
6,14,Santiago,La Plata,2025,5,29,0.8827539576019167,0.46949004449526416
6,14,Buenos Aires,La Plata,2025,5,29,2.023468124840002,0.4637376247579299
6,14,Avellaneda,La Plata,2025,5,29,1.8680610957252122,0.1508069615784345
6,14,Quito,La Plata,2025,5,29,0.6767567723338348,0.42192429674912413
6,14,La Boca,La Plata,2025,5,29,0.37064408007549127,0.5146782198588135
6,14,Porto Alegre,La Plata,2025,5,29,1.520593296312409,0.3630065261907673
6,14,Montevideo,La Plata,2025,5,29,1.4854758534832444,-0.350227896800261
6,14,Santos,La Plata,2025,5,29,0.529595222532161,0.5403193015311903
6,14,Buenos Aires,Santiago,2025,5,29,1.5114174939114886,1.0591332125222903
6,14,Avellaneda,Santiago,2025,5,29,1.511050252433716,0.6383915519731485
6,14,Quito,Santiago,2025,5,29,1.2060885293629167,0.9222677635290784
6,14,La Boca,Santiago,2025,5,29,1.3139120759971645,0.8759056131444208
6,14,Porto Alegre,Santiago,2025,5,29,1.3439782011762549,1.4859070633151867
6,14,Montevideo,Santiago,2025,5,29,1.1263688628863662,0.3087912936364344
6,14,Santos,Santiago,2025,5,29,2.2112679017548365,0.6424577002716885
6,14,Avellaneda,Buenos Aires,2025,5,29,1.094835325488029,2.0347528699763346
6,14,Quito,Buenos Aires,2025,5,29,1.203551020667865,1.3217855611160956
6,14,La Boca,Buenos Aires,2025,5,29,1.1073552177224926,1.3829750723786558
6,14,Porto Alegre,Buenos Aires,2025,5,29,1.3083347551025686,1.4650312763469149
6,14,Montevideo,Buenos Aires,2025,5,29,0.7808343739043476,1.3675562427239314
6,14,Santos,Buenos Aires,2025,5,29,2.107268030251655,1.2366300400894612
6,14,Quito,Avellaneda,2025,5,29,0.7980437634868899,0.4758870576184478
6,14,La Boca,Avellaneda,2025,5,29,0.6512582699233729,0.8287087357989713
6,14,Porto Alegre,Avellaneda,2025,5,29,1.1291678996489023,1.0287203286308548
6,14,Montevideo,Avellaneda,2025,5,29,1.3557619608175495,0.4467872052053955
6,14,Santos,Avellaneda,2025,5,29,0.9836668253499061,0.13132245453530245
6,14,La Boca,Quito,2025,5,29,1.714175774154037,0.8426852098019915
6,14,Porto Alegre,Quito,2025,5,29,2.081117769864573,0.7920135219003598
6,14,Montevideo,Quito,2025,5,29,1.6991920085225205,0.058388449551887295
6,14,Santos,Quito,2025,5,29,2.7414860945875943,0.6850241354852774
6,14,Porto Alegre,La Boca,2025,5,29,1.9502649908065475,1.739764594077319
6,14,Montevideo,La Boca,2025,5,29,1.829653565803117,1.176067333717504
6,14,Santos,La Boca,2025,5,29,1.1372256874647066,0.7807804065878868
6,14,Montevideo,Porto Alegre,2025,5,29,1.4415920005949174,-0.17397574793694742
6,14,Santos,Porto Alegre,2025,5,29,0.802726681590076,0.45048604003664916
6,14,Santos,Montevideo,2025,5,29,0.7567421178098368,0.5616557865404075
6,17,Penarol,Itaquera,2025,5,29,0.8806402067654252,0.18657168596193202
6,17,Lima,Itaquera,2025,5,29,1.112135215562082,0.6654007188670196
6,17,Belo Horizonte,Itaquera,2025,5,29,0.9817864793317945,1.2698066250815256
6,17,Guayaquil,Itaquera,2025,5,29,0.8928408901583158,0.7383265349428595
6,17,Agua Branca,Itaquera,2025,5,29,1.0715774455081566,1.3042911106762998
6,17,Bogota,Itaquera,2025,5,29,0.7971731319099191,1.4059364970830928
6,17,Rio de Janeiro,Itaquera,2025,5,29,0.8985862235356477,0.5773611221231945
6,17,Asuncion,Itaquera,2025,5,29,0.4740051152154145,-0.11670851205580929
6,17,Medellin,Itaquera,2025,5,29,0.39836699102816014,0.8276610246032525
6,17,Sao Paulo,Itaquera,2025,5,29,0.7905864412537469,0.37296810583367657
6,17,La Plata,Itaquera,2025,5,29,0.9021586670705777,0.8294196743320329
6,17,Santiago,Itaquera,2025,5,29,0.8399051717134939,0.6528980998643139
6,17,Buenos Aires,Itaquera,2025,5,29,1.031974513773666,0.9468384415197122
6,17,Avellaneda,Itaquera,2025,5,29,0.8823586702628395,0.4075226226219024
6,17,Quito,Itaquera,2025,5,29,1.352733976143766,0.8987213162239421
6,17,La Boca,Itaquera,2025,5,29,0.5187785082637393,0.5828490484061143
6,17,Porto Alegre,Itaquera,2025,5,29,1.874199085195519,0.3586986211472898
6,17,Montevideo,Itaquera,2025,5,29,1.2446261294398093,-0.23700004959831608
6,17,Santos,Itaquera,2025,5,29,0.5784205202242042,0.7090739553501132
6,17,Lima,Penarol,2025,5,29,0.4226706046788951,0.44594204559441997
6,17,Belo Horizonte,Penarol,2025,5,29,0.9387472816524765,2.420654993113384
6,17,Guayaquil,Penarol,2025,5,29,0.7867851406487106,1.381347754830931
6,17,Agua Branca,Penarol,2025,5,29,0.64602349214525,1.6515192623961683
6,17,Bogota,Penarol,2025,5,29,1.3363219210805308,2.0920513117878596
6,17,Rio de Janeiro,Penarol,2025,5,29,1.3122046122721591,1.510381382879825
6,17,Asuncion,Penarol,2025,5,29,1.7469272757226457,0.9419847872984289
6,17,Medellin,Penarol,2025,5,29,0.012377418298550413,2.9872348722817574
6,17,Sao Paulo,Penarol,2025,5,29,1.4868625253544063,1.8483151958192787
6,17,La Plata,Penarol,2025,5,29,1.7589954645487131,0.7026977371289671
6,17,Santiago,Penarol,2025,5,29,1.816226699338083,0.7778078386952227
6,17,Buenos Aires,Penarol,2025,5,29,1.231926853407136,1.995533652636825
6,17,Avellaneda,Penarol,2025,5,29,1.0711578847404206,1.704831427842881
6,17,Quito,Penarol,2025,5,29,1.2309467891785304,1.5631553851418483
6,17,La Boca,Penarol,2025,5,29,0.9260622878655507,1.6363464953009332
6,17,Porto Alegre,Penarol,2025,5,29,1.2989879540680258,1.993443833865584
6,17,Montevideo,Penarol,2025,5,29,0.8855909226777732,1.305586551536571
6,17,Santos,Penarol,2025,5,29,1.3871642976080154,1.2072208801777533
6,17,Belo Horizonte,Lima,2025,5,29,0.10765904815803753,1.3692190029601967
6,17,Guayaquil,Lima,2025,5,29,0.6949561291608626,1.1823289493686295
6,17,Agua Branca,Lima,2025,5,29,0.16908455068678338,0.6763719914436533
6,17,Bogota,Lima,2025,5,29,0.5824539423357535,1.8232119763146144
6,17,Rio de Janeiro,Lima,2025,5,29,0.010782902980903819,1.0378363567906206
6,17,Asuncion,Lima,2025,5,29,0.08803245316697753,0.29336668291127505
6,17,Medellin,Lima,2025,5,29,0.010486648278815914,1.5899426810633746
6,17,Sao Paulo,Lima,2025,5,29,0.6033886820465012,0.9404944367122571
6,17,La Plata,Lima,2025,5,29,0.6159017116579689,0.7283682611640625
6,17,Santiago,Lima,2025,5,29,0.18939699839196192,0.953229207374936
6,17,Buenos Aires,Lima,2025,5,29,0.746852149597197,1.2324396139422027
6,17,Avellaneda,Lima,2025,5,29,0.4402811711173298,0.25921976887199605
6,17,Quito,Lima,2025,5,29,0.12943110705723135,0.8859962015212391
6,17,La Boca,Lima,2025,5,29,-0.025245738119507612,1.0879362958872247
6,17,Porto Alegre,Lima,2025,5,29,0.8160412308524237,1.6718721010200064
6,17,Montevideo,Lima,2025,5,29,0.8214305749977258,0.3466723106715643
6,17,Santos,Lima,2025,5,29,0.10676154664313875,0.9442386639282996
6,17,Guayaquil,Belo Horizonte,2025,5,29,0.18653809732131338,0.5748202621277907
6,17,Agua Branca,Belo Horizonte,2025,5,29,1.2812490864991428,1.2300196475914367
6,17,Bogota,Belo Horizonte,2025,5,29,0.8988198313408935,1.8583828459124714
6,17,Rio de Janeiro,Belo Horizonte,2025,5,29,1.5210890536230455,1.5187014883494938
6,17,Asuncion,Belo Horizonte,2025,5,29,0.8977295713243617,0.6963367204207248
6,17,Medellin,Belo Horizonte,2025,5,29,0.592498769923126,2.1915864898560695
6,17,Sao Paulo,Belo Horizonte,2025,5,29,1.7227314798218745,1.710475813715245
6,17,La Plata,Belo Horizonte,2025,5,29,0.6903675508727228,0.3714571935111811
6,17,Santiago,Belo Horizonte,2025,5,29,0.9185797877352608,0.5314218790574068
6,17,Buenos Aires,Belo Horizonte,2025,5,29,1.089831736516265,1.3046392148159123
6,17,Avellaneda,Belo Horizonte,2025,5,29,0.8962527816213166,1.9702229973034846
6,17,Quito,Belo Horizonte,2025,5,29,1.0208648149563524,1.2949395025439174
6,17,La Boca,Belo Horizonte,2025,5,29,0.5938931414335652,1.9414001515911226
6,17,Porto Alegre,Belo Horizonte,2025,5,29,1.1219390310896284,1.7190759865494123
6,17,Montevideo,Belo Horizonte,2025,5,29,1.479905267565386,1.772081548143342
6,17,Santos,Belo Horizonte,2025,5,29,0.7742806217610013,0.7762904958605112
6,17,Agua Branca,Guayaquil,2025,5,29,2.1170444910587896,1.1659800774506637
6,17,Bogota,Guayaquil,2025,5,29,0.8658466392667485,1.7864621543324575
6,17,Rio de Janeiro,Guayaquil,2025,5,29,1.8223533402319665,1.0495194864846749
6,17,Asuncion,Guayaquil,2025,5,29,1.4361579970478329,0.08462533455099751
6,17,Medellin,Guayaquil,2025,5,29,1.7884572251829693,1.0572411212782833
6,17,Sao Paulo,Guayaquil,2025,5,29,1.9930927913769492,0.6544509738674726
6,17,La Plata,Guayaquil,2025,5,29,1.6039153924518683,0.8632480779807817
6,17,Santiago,Guayaquil,2025,5,29,1.5711404711648351,0.6859774459898315
6,17,Buenos Aires,Guayaquil,2025,5,29,1.614373320807636,0.9582031745313251
6,17,Avellaneda,Guayaquil,2025,5,29,1.1959289459009281,0.6605762517418023
6,17,Quito,Guayaquil,2025,5,29,1.325186697165575,1.3880631343642749
6,17,La Boca,Guayaquil,2025,5,29,0.9615283711509476,0.7828039270310795
6,17,Porto Alegre,Guayaquil,2025,5,29,1.3642286839123952,0.7141399818470285
6,17,Montevideo,Guayaquil,2025,5,29,1.350215171590359,-0.0684459011162
6,17,Santos,Guayaquil,2025,5,29,1.9172537464983077,0.6232548935296882
6,17,Bogota,Agua Branca,2025,5,29,1.7720203496784745,1.4527016419658703
6,17,Rio de Janeiro,Agua Branca,2025,5,29,1.444647284774735,0.7613519225141379
6,17,Asuncion,Agua Branca,2025,5,29,1.7153793034633265,0.3439266994686779
6,17,Medellin,Agua Branca,2025,5,29,0.8053667539704413,1.7543505194680578
6,17,Sao Paulo,Agua Branca,2025,5,29,1.6446043604161988,1.26380221439606
6,17,La Plata,Agua Branca,2025,5,29,1.5831467413945162,0.6458572627763872
6,17,Santiago,Agua Branca,2025,5,29,1.609970943394173,0.9816001632589243
6,17,Buenos Aires,Agua Branca,2025,5,29,1.2514881290985607,0.8041579427765865
6,17,Avellaneda,Agua Branca,2025,5,29,2.045425039134397,0.5895973076639685
6,17,Quito,Agua Branca,2025,5,29,1.364887508476232,0.6733463632362126
6,17,La Boca,Agua Branca,2025,5,29,1.4744759772558031,1.3023219635588004
6,17,Porto Alegre,Agua Branca,2025,5,29,1.6627262705602461,0.9847757554195234
6,17,Montevideo,Agua Branca,2025,5,29,1.483593727934828,0.16036853939431245
6,17,Santos,Agua Branca,2025,5,29,1.114277948293171,1.1352528141820108
6,17,Rio de Janeiro,Bogota,2025,5,29,1.623681254189849,1.6098072997594737
6,17,Asuncion,Bogota,2025,5,29,2.0684578825441466,0.11555665333990515
6,17,Medellin,Bogota,2025,5,29,1.7553482082983674,0.9309508720544264
6,17,Sao Paulo,Bogota,2025,5,29,1.7767875395858939,1.0865840082900817
6,17,La Plata,Bogota,2025,5,29,2.0353127039613597,0.994250957182733
6,17,Santiago,Bogota,2025,5,29,2.3017200293004154,0.8577070149268473
6,17,Buenos Aires,Bogota,2025,5,29,1.5101249129167433,1.1961212376454242
6,17,Avellaneda,Bogota,2025,5,29,1.9175224729752627,0.6385947974573211
6,17,Quito,Bogota,2025,5,29,1.951353061161877,1.2972179744080885
6,17,La Boca,Bogota,2025,5,29,2.060160514040882,1.1384607654582373
6,17,Porto Alegre,Bogota,2025,5,29,1.9795290963116166,1.1441460522183233
6,17,Montevideo,Bogota,2025,5,29,1.3208523836966102,0.010218643068882548
6,17,Santos,Bogota,2025,5,29,1.926822064108776,0.8291613524007518
6,17,Asuncion,Rio de Janeiro,2025,5,29,1.3190102870693012,0.16111593457760315
6,17,Medellin,Rio de Janeiro,2025,5,29,0.43643533428589787,0.35117754262125933
6,17,Sao Paulo,Rio de Janeiro,2025,5,29,1.931957573516552,0.8069138955976877
6,17,La Plata,Rio de Janeiro,2025,5,29,1.8607071523738614,0.5470276182615679
6,17,Santiago,Rio de Janeiro,2025,5,29,1.1512815309366755,0.8652996068178018
6,17,Buenos Aires,Rio de Janeiro,2025,5,29,1.8845510791855085,0.6200360702617269
6,17,Avellaneda,Rio de Janeiro,2025,5,29,1.9134180129884804,0.3652559446424677
6,17,Quito,Rio de Janeiro,2025,5,29,2.2360656015654077,0.8444008607493011
6,17,La Boca,Rio de Janeiro,2025,5,29,1.20341361738702,0.4468327967957493
6,17,Porto Alegre,Rio de Janeiro,2025,5,29,1.573754108028873,0.7418522610697492
6,17,Montevideo,Rio de Janeiro,2025,5,29,1.5355907637258484,0.08573667972328022
6,17,Santos,Rio de Janeiro,2025,5,29,1.4013440762864906,0.48460312239855624
6,17,Medellin,Asuncion,2025,5,29,0.17762612228854807,2.0603771923640455
6,17,Sao Paulo,Asuncion,2025,5,29,1.8328650391869168,1.7935787436690993
6,17,La Plata,Asuncion,2025,5,29,1.653489041608495,0.5417720887309037
6,17,Santiago,Asuncion,2025,5,29,0.4180922743745378,0.30013647312793834
6,17,Buenos Aires,Asuncion,2025,5,29,1.9716398064137106,1.4827906752661326
6,17,Avellaneda,Asuncion,2025,5,29,2.78627612309938,2.4344978854054244
6,17,Quito,Asuncion,2025,5,29,0.9842331226022185,1.523125110436338
6,17,La Boca,Asuncion,2025,5,29,0.4369912507415511,1.906477786440115
6,17,Porto Alegre,Asuncion,2025,5,29,1.4799751701546393,1.5792649295706265
6,17,Montevideo,Asuncion,2025,5,29,1.2829815124756396,1.7655844909569283
6,17,Santos,Asuncion,2025,5,29,0.5529402881046515,0.9703666930167203
6,17,Sao Paulo,Medellin,2025,5,29,1.7283414475053234,0.9937120148002042
6,17,La Plata,Medellin,2025,5,29,1.4465300899272748,0.8587588678930684
6,17,Santiago,Medellin,2025,5,29,0.46667593229791726,1.0726120019298007
6,17,Buenos Aires,Medellin,2025,5,29,1.9040410094082563,1.0144625237026264
6,17,Avellaneda,Medellin,2025,5,29,2.2361102667782498,0.439857004164276
6,17,Quito,Medellin,2025,5,29,0.4844771282122551,1.0154775621517222
6,17,La Boca,Medellin,2025,5,29,0.13408355435428201,1.4573710506840285
6,17,Porto Alegre,Medellin,2025,5,29,1.7906460595914433,1.2065666768220626
6,17,Montevideo,Medellin,2025,5,29,1.6752909664965618,0.1037039610205941
6,17,Santos,Medellin,2025,5,29,0.2480225841363755,1.2224271873235844
6,17,La Plata,Sao Paulo,2025,5,29,1.0024688407038673,0.9714312087832093
6,17,Santiago,Sao Paulo,2025,5,29,0.3861712635683816,0.5673608111401519
6,17,Buenos Aires,Sao Paulo,2025,5,29,1.321628901807839,1.537900482612077
6,17,Avellaneda,Sao Paulo,2025,5,29,0.6599904333711146,1.722362095060793
6,17,Quito,Sao Paulo,2025,5,29,0.425448789144781,1.3604911391774104
6,17,La Boca,Sao Paulo,2025,5,29,0.5464736162816012,0.4297467820278339
6,17,Porto Alegre,Sao Paulo,2025,5,29,0.8996397034515493,1.351549676135108
6,17,Montevideo,Sao Paulo,2025,5,29,0.7925190885236241,0.543867931717821
6,17,Santos,Sao Paulo,2025,5,29,0.5111752414888964,0.7256313329920534
6,17,Santiago,La Plata,2025,5,29,0.7953834370038045,0.7814495603128808
6,17,Buenos Aires,La Plata,2025,5,29,2.1278186027890302,0.5791068885220575
6,17,Avellaneda,La Plata,2025,5,29,1.7490427733016503,0.21921693074147494
6,17,Quito,La Plata,2025,5,29,0.5220118839240956,0.49519160666594836
6,17,La Boca,La Plata,2025,5,29,0.33245195925380644,0.5266905171855684
6,17,Porto Alegre,La Plata,2025,5,29,1.38888753897049,0.7104337434347148
6,17,Montevideo,La Plata,2025,5,29,1.3372829888826714,-0.35048650845344625
6,17,Santos,La Plata,2025,5,29,0.6554632543262993,0.859214281679767
6,17,Buenos Aires,Santiago,2025,5,29,1.551948201151938,1.2487979845878447
6,17,Avellaneda,Santiago,2025,5,29,1.962872299957733,0.6595837026625729
6,17,Quito,Santiago,2025,5,29,1.3645238677030498,1.0478646529692859
6,17,La Boca,Santiago,2025,5,29,1.6151557761771596,0.8997199475798635
6,17,Porto Alegre,Santiago,2025,5,29,1.3273883167550646,1.6187422470263102
6,17,Montevideo,Santiago,2025,5,29,1.0757083008817006,0.2723188046785432
6,17,Santos,Santiago,2025,5,29,1.5359033898759673,0.7513105066583466
6,17,Avellaneda,Buenos Aires,2025,5,29,1.2475569499850276,2.122365819685537
6,17,Quito,Buenos Aires,2025,5,29,1.3614297452639461,1.4773979482820125
6,17,La Boca,Buenos Aires,2025,5,29,1.0366598597365853,1.4587539451180944
6,17,Porto Alegre,Buenos Aires,2025,5,29,1.2635813086895267,1.5052591938961846
6,17,Montevideo,Buenos Aires,2025,5,29,0.7129397154817517,1.445624511343528
6,17,Santos,Buenos Aires,2025,5,29,1.5456320970255046,1.2954530013542154
6,17,Quito,Avellaneda,2025,5,29,0.6916591998142586,0.6711240512570855
6,17,La Boca,Avellaneda,2025,5,29,0.4583547999869001,1.0077743243226411
6,17,Porto Alegre,Avellaneda,2025,5,29,1.0938550610499176,1.3496154149288173
6,17,Montevideo,Avellaneda,2025,5,29,1.0880217071456622,0.5671305174240995
6,17,Santos,Avellaneda,2025,5,29,0.8576186688033096,0.2200274543420074
6,17,La Boca,Quito,2025,5,29,1.9662850183056049,0.9006044331336531
6,17,Porto Alegre,Quito,2025,5,29,2.087598185681858,1.4847625261032285
6,17,Montevideo,Quito,2025,5,29,1.5355968702211376,0.24825115048497484
6,17,Santos,Quito,2025,5,29,2.062106605082223,1.016640135873679
6,17,Porto Alegre,La Boca,2025,5,29,1.8320290888455215,1.9853604647002514
6,17,Montevideo,La Boca,2025,5,29,1.6711596888109472,1.1561936015332817
6,17,Santos,La Boca,2025,5,29,1.0810023167776397,0.8931563846433516
6,17,Montevideo,Porto Alegre,2025,5,29,1.273761678616444,-0.06917703363944416
6,17,Santos,Porto Alegre,2025,5,29,0.9023730006901354,0.5686825913004087
6,17,Santos,Montevideo,2025,5,29,0.7685409726333887,0.9654713901304972
6,20,Penarol,Itaquera,2025,5,29,0.9037042173669788,0.17835224109479642
6,20,Lima,Itaquera,2025,5,29,1.1074160846543422,0.6269775719562092
6,20,Belo Horizonte,Itaquera,2025,5,29,0.9801638786183674,1.1406683788973273
6,20,Guayaquil,Itaquera,2025,5,29,0.9042099670959035,0.6566388872736357
6,20,Agua Branca,Itaquera,2025,5,29,1.095160370087308,1.3793516611736418
6,20,Bogota,Itaquera,2025,5,29,0.8087512279918073,1.2933649376341652
6,20,Rio de Janeiro,Itaquera,2025,5,29,0.90814789131741,0.33142254379986785
6,20,Asuncion,Itaquera,2025,5,29,0.49828693254702106,-0.11913739373332667
6,20,Medellin,Itaquera,2025,5,29,0.4348019246782465,0.7657610848453509
6,20,Sao Paulo,Itaquera,2025,5,29,0.7970515788411964,0.3169997058085917
6,20,La Plata,Itaquera,2025,5,29,0.9171349393712547,0.8012025344542799
6,20,Santiago,Itaquera,2025,5,29,0.8621705607449743,0.7177348637710186
6,20,Buenos Aires,Itaquera,2025,5,29,1.0280540044359991,0.9086378218227934
6,20,Avellaneda,Itaquera,2025,5,29,0.9043108880165657,0.39248175686485515
6,20,Quito,Itaquera,2025,5,29,1.3630942654956015,0.9699533530667843
6,20,La Boca,Itaquera,2025,5,29,0.5573411242848478,0.3790635401532556
6,20,Porto Alegre,Itaquera,2025,5,29,1.8718955930600987,0.13280467075081645
6,20,Montevideo,Itaquera,2025,5,29,1.2707866702356758,-0.236223349107957
6,20,Santos,Itaquera,2025,5,29,0.575768340364403,0.6714959718087729
6,20,Lima,Penarol,2025,5,29,0.36490891733298614,0.4151714003009798
6,20,Belo Horizonte,Penarol,2025,5,29,0.889782189230667,1.6390211725346004
6,20,Guayaquil,Penarol,2025,5,29,0.6320076413464598,0.7913161383937887
6,20,Agua Branca,Penarol,2025,5,29,0.7308254034274406,1.083133557464866
6,20,Bogota,Penarol,2025,5,29,1.282931326017319,1.5051471968677645
6,20,Rio de Janeiro,Penarol,2025,5,29,1.2898199698610067,0.9801448016614407
6,20,Asuncion,Penarol,2025,5,29,1.7100055038904796,0.8901505800589463
6,20,Medellin,Penarol,2025,5,29,0.13812556319785074,2.005515209732521
6,20,Sao Paulo,Penarol,2025,5,29,1.5811085484177176,1.0189463630331066
6,20,La Plata,Penarol,2025,5,29,1.7346485680226706,0.5296583004770065
6,20,Santiago,Penarol,2025,5,29,1.6924736419694815,0.595984940836852
6,20,Buenos Aires,Penarol,2025,5,29,1.3085091180526893,1.314104406816127
6,20,Avellaneda,Penarol,2025,5,29,1.0124509126176446,0.7279076655043455
6,20,Quito,Penarol,2025,5,29,1.1550472298037677,0.9356657011673778
6,20,La Boca,Penarol,2025,5,29,0.897569301359634,1.175831925756058
6,20,Porto Alegre,Penarol,2025,5,29,1.1689516408945646,1.4274657022061497
6,20,Montevideo,Penarol,2025,5,29,0.8980288213803873,0.7663589798482784
6,20,Santos,Penarol,2025,5,29,1.4257474330588993,1.0293271244340099
6,20,Belo Horizonte,Lima,2025,5,29,0.13866787152325397,1.2436797269306874
6,20,Guayaquil,Lima,2025,5,29,0.7299871406218256,0.9905079662994456
6,20,Agua Branca,Lima,2025,5,29,0.18026881918197277,0.5650589304769
6,20,Bogota,Lima,2025,5,29,0.6124939178776795,1.7998126936788508
6,20,Rio de Janeiro,Lima,2025,5,29,0.025063701670406075,0.9992431533351968
6,20,Asuncion,Lima,2025,5,29,0.10367795780632175,0.2646292900393465
6,20,Medellin,Lima,2025,5,29,0.028903307277144227,1.337452492746469
6,20,Sao Paulo,Lima,2025,5,29,0.6145729505416907,0.8211823428011888
6,20,La Plata,Lima,2025,5,29,0.6356125943149165,0.7082636423590526
6,20,Santiago,Lima,2025,5,29,0.2005812668871513,0.9086541420953077
6,20,Buenos Aires,Lima,2025,5,29,0.746852149597197,1.1158406935437015
6,20,Avellaneda,Lima,2025,5,29,0.46807979207515393,0.004185883196509789
6,20,Quito,Lima,2025,5,29,0.17162419891763722,0.7704995071537178
6,20,La Boca,Lima,2025,5,29,0.015978505917607837,1.0659704355648443
6,20,Porto Alegre,Lima,2025,5,29,0.8406511224269045,1.6281521078231225
6,20,Montevideo,Lima,2025,5,29,0.8357113736872281,0.2684580063681578
6,20,Santos,Lima,2025,5,29,0.14895463850354446,0.8071715091506918
6,20,Guayaquil,Belo Horizonte,2025,5,29,0.17822367967464475,0.12276360057888591
6,20,Agua Branca,Belo Horizonte,2025,5,29,1.3312694523718736,0.8926181267391425
6,20,Bogota,Belo Horizonte,2025,5,29,0.9454763875071501,1.3206680289248471
6,20,Rio de Janeiro,Belo Horizonte,2025,5,29,1.5976713182685989,0.9909752312441971
6,20,Asuncion,Belo Horizonte,2025,5,29,0.9918112461676142,0.6406082831043438
6,20,Medellin,Belo Horizonte,2025,5,29,0.6763134250718184,1.4300990453315563
6,20,Sao Paulo,Belo Horizonte,2025,5,29,1.7993137444674279,1.0955748140806025
6,20,La Plata,Belo Horizonte,2025,5,29,0.8088765406391741,0.3474333215355422
6,20,Santiago,Belo Horizonte,2025,5,29,0.9129805258956409,0.5069302485828467
6,20,Buenos Aires,Belo Horizonte,2025,5,29,1.1664140011618187,0.9034950794374854
6,20,Avellaneda,Belo Horizonte,2025,5,29,0.9591421436754173,1.1850689639387957
6,20,Quito,Belo Horizonte,2025,5,29,1.048777108127256,0.854431755967511
6,20,La Boca,Belo Horizonte,2025,5,29,0.6208365867811781,1.5584735248595845
6,20,Porto Alegre,Belo Horizonte,2025,5,29,1.132268123974607,1.1813818712972879
6,20,Montevideo,Belo Horizonte,2025,5,29,1.5299256334381168,1.258707344587896
6,20,Santos,Belo Horizonte,2025,5,29,0.8522132808046358,0.6459786814525033
6,20,Agua Branca,Guayaquil,2025,5,29,2.1144223208915025,1.2403428556436993
6,20,Bogota,Guayaquil,2025,5,29,0.965043344440478,1.7213368701560183
6,20,Rio de Janeiro,Guayaquil,2025,5,29,1.7931141060802065,0.8455285341532086
6,20,Asuncion,Guayaquil,2025,5,29,1.492036728305267,0.07816226355793073
6,20,Medellin,Guayaquil,2025,5,29,1.8252489628594395,0.9587940860746053
6,20,Sao Paulo,Guayaquil,2025,5,29,2.0157149844348137,0.5988015469135181
6,20,La Plata,Guayaquil,2025,5,29,1.609271889561169,0.8345772455338065
6,20,Santiago,Guayaquil,2025,5,29,1.544550456540452,0.7560592346341449
6,20,Buenos Aires,Guayaquil,2025,5,29,1.6362160886727188,0.9308496495507699
6,20,Avellaneda,Guayaquil,2025,5,29,1.2659458393727754,0.6373586132591023
6,20,Quito,Guayaquil,2025,5,29,1.3401520551621988,1.4513140631561745
6,20,La Boca,Guayaquil,2025,5,29,1.0015462047863382,0.6536075848922552
6,20,Porto Alegre,Guayaquil,2025,5,29,1.314114329505896,0.5322874812987596
6,20,Montevideo,Guayaquil,2025,5,29,1.3054599985638629,-0.06766920062584093
6,20,Santos,Guayaquil,2025,5,29,1.9257582039503502,0.5858900499284878
6,20,Bogota,Agua Branca,2025,5,29,1.7129132789004167,1.2523109137605997
6,20,Rio de Janeiro,Agua Branca,2025,5,29,1.3586766638579164,0.4911822690552311
6,20,Asuncion,Agua Branca,2025,5,29,1.6656325780442744,0.31643508572035073
6,20,Medellin,Agua Branca,2025,5,29,0.8267574058854104,1.4885928522007386
6,20,Sao Paulo,Agua Branca,2025,5,29,1.7579898147063469,1.0639167156099265
6,20,La Plata,Agua Branca,2025,5,29,1.5307382748215175,0.5934090477630539
6,20,Santiago,Agua Branca,2025,5,29,1.5203191139720462,0.9589414004799676
6,20,Buenos Aires,Agua Branca,2025,5,29,1.2522867506686337,0.6509373020883301
6,20,Avellaneda,Agua Branca,2025,5,29,1.80757889780033,0.4090630832300909
6,20,Quito,Agua Branca,2025,5,29,1.4037299864864181,0.6347726883551753
6,20,La Boca,Agua Branca,2025,5,29,1.505025810958155,1.0503589442295214
6,20,Porto Alegre,Agua Branca,2025,5,29,1.5497730183975569,0.7615879146838774
6,20,Montevideo,Agua Branca,2025,5,29,1.4413526949904163,0.04113543471906171
6,20,Santos,Agua Branca,2025,5,29,1.1404984429965352,1.0741105880144535
6,20,Rio de Janeiro,Bogota,2025,5,29,1.5422667503103384,1.328003199170754
6,20,Asuncion,Bogota,2025,5,29,2.0528013770155824,0.10612560279671318
6,20,Medellin,Bogota,2025,5,29,1.7789666372262731,0.5942392324236996
6,20,Sao Paulo,Bogota,2025,5,29,1.7601422739712227,0.8334798245243221
6,20,La Plata,Bogota,2025,5,29,1.9857359177533844,0.9256041423231501
6,20,Santiago,Bogota,2025,5,29,2.1746593797159677,0.8720374100207064
6,20,Buenos Aires,Bogota,2025,5,29,1.5054057820090034,1.004862227376222
6,20,Avellaneda,Bogota,2025,5,29,1.9030737038628536,0.47743349434224547
6,20,Quito,Bogota,2025,5,29,1.8611999442310858,1.3129297078306208
6,20,La Boca,Bogota,2025,5,29,2.0149736376875875,1.0069554141547539
6,20,Porto Alegre,Bogota,2025,5,29,1.908574136743987,0.8834483677408379
6,20,Montevideo,Bogota,2025,5,29,1.3152530779800256,-0.033789073297518096
6,20,Santos,Bogota,2025,5,29,1.907682844797956,0.7223720377130666
6,20,Asuncion,Rio de Janeiro,2025,5,29,1.4460235511289241,0.14107836555467781
6,20,Medellin,Rio de Janeiro,2025,5,29,0.49898980456390335,0.29811716550569006
6,20,Sao Paulo,Rio de Janeiro,2025,5,29,2.0202715450699986,0.7370474740876217
6,20,La Plata,Rio de Janeiro,2025,5,29,1.9528576816833674,0.5064519779309643
6,20,Santiago,Rio de Janeiro,2025,5,29,1.1847912257903672,0.9260051471095057
6,20,Buenos Aires,Rio de Janeiro,2025,5,29,1.8845510791855085,0.5839054964099143
6,20,Avellaneda,Rio de Janeiro,2025,5,29,1.8261358036387663,0.3333400143416183
6,20,Quito,Rio de Janeiro,2025,5,29,2.3374109259018616,0.9013162027287214
6,20,La Boca,Rio de Janeiro,2025,5,29,1.3415921528958978,0.23891606492788947
6,20,Porto Alegre,Rio de Janeiro,2025,5,29,1.5792305074196789,0.5305915385062006
6,20,Montevideo,Rio de Janeiro,2025,5,29,1.569860886726387,0.07280897115470007
6,20,Santos,Rio de Janeiro,2025,5,29,1.4060410504845149,0.4447722330374126
6,20,Medellin,Asuncion,2025,5,29,0.18870724282483914,1.3048925181955133
6,20,Sao Paulo,Asuncion,2025,5,29,1.9205636336742784,1.1582991064589065
6,20,La Plata,Asuncion,2025,5,29,1.7448155917746473,0.4977183688655608
6,20,Santiago,Asuncion,2025,5,29,0.42917339491082873,0.2749199871652351
6,20,Buenos Aires,Asuncion,2025,5,29,1.9653811199761704,0.9648669803941923
6,20,Avellaneda,Asuncion,2025,5,29,2.6547529545110904,1.5161666549725585
6,20,Quito,Asuncion,2025,5,29,1.0597594213243393,0.9713526658922063
6,20,La Boca,Asuncion,2025,5,29,0.5459248039671294,1.5223538068684812
6,20,Porto Alegre,Asuncion,2025,5,29,1.4791511910112853,1.0734144131565009
6,20,Montevideo,Asuncion,2025,5,29,1.2979577847763166,1.252485032168716
6,20,Santos,Asuncion,2025,5,29,0.5521163089612975,0.7292153423051152
6,20,Sao Paulo,Medellin,2025,5,29,1.8327228665883957,0.9201123051002132
6,20,La Plata,Medellin,2025,5,29,1.5329431515883294,0.803767391433551
6,20,Santiago,Medellin,2025,5,29,0.4843853757075779,1.1433060763785976
6,20,Buenos Aires,Medellin,2025,5,29,1.9017028323083829,0.9876768599972972
6,20,Avellaneda,Medellin,2025,5,29,2.1378842752483074,0.41948503427400685
6,20,Quito,Medellin,2025,5,29,0.5998975739912392,1.0860308371776153
6,20,La Boca,Medellin,2025,5,29,0.2604156020250043,1.3020126577679216
6,20,Porto Alegre,Medellin,2025,5,29,1.812912452411809,1.0614631619997303
6,20,Montevideo,Medellin,2025,5,29,1.6799236663246961,0.10193740006476905
6,20,Santos,Medellin,2025,5,29,0.29364432071693974,1.1661757740961616
6,20,La Plata,Sao Paulo,2025,5,29,1.0143640622587617,0.8126004051002219
6,20,Santiago,Sao Paulo,2025,5,29,0.3879773075751129,0.4213792679306924
6,20,Buenos Aires,Sao Paulo,2025,5,29,1.3169097709000992,0.9609943354402724
6,20,Avellaneda,Sao Paulo,2025,5,29,0.6718856549260093,0.8552336226943296
6,20,Quito,Sao Paulo,2025,5,29,0.44386918561414695,0.8459125870640029
6,20,La Boca,Sao Paulo,2025,5,29,0.558368837836496,0.009412228209910597
6,20,Porto Alegre,Sao Paulo,2025,5,29,0.8884332782466439,0.7814513362659387
6,20,Montevideo,Sao Paulo,2025,5,29,0.7877999576158841,0.12177671379362671
6,20,Santos,Sao Paulo,2025,5,29,0.5165831687466257,0.5940821033176347
6,20,Santiago,La Plata,2025,5,29,0.8422976876055893,0.7167440510270847
6,20,Buenos Aires,La Plata,2025,5,29,2.149661370654113,0.5303962574486851
6,20,Avellaneda,La Plata,2025,5,29,1.7895968543698202,0.2008394984204075
6,20,Quito,La Plata,2025,5,29,0.5483015763815721,0.43849844184129894
6,20,La Boca,La Plata,2025,5,29,0.3577728038879926,0.3581304784386191
6,20,Porto Alegre,La Plata,2025,5,29,1.3866785226708576,0.5080541904562093
6,20,Montevideo,La Plata,2025,5,29,1.3356603881692444,-0.3581490552453091
6,20,Santos,La Plata,2025,5,29,0.6687404775721392,0.7812066231565962
6,20,Buenos Aires,Santiago,2025,5,29,1.5761719228248874,0.9462922765337143
6,20,Avellaneda,Santiago,2025,5,29,1.9612337336377594,0.2277184901296527
6,20,Quito,Santiago,2025,5,29,1.3264385869120583,0.7172719965998515
6,20,La Boca,Santiago,2025,5,29,1.6037536778503607,0.6542020064266373
6,20,Porto Alegre,Santiago,2025,5,29,1.2994255388373879,1.3561680329012342
6,20,Montevideo,Santiago,2025,5,29,1.1314519078344754,0.03029602332459713
6,20,Santos,Santiago,2025,5,29,1.5680073041882099,0.7192913868314976
6,20,Avellaneda,Buenos Aires,2025,5,29,1.1751465703928552,1.4563967940644882
6,20,Quito,Buenos Aires,2025,5,29,1.324277056478529,1.0783562911011904
6,20,La Boca,Buenos Aires,2025,5,29,0.9985383231278779,1.2628112368688413
6,20,Porto Alegre,Buenos Aires,2025,5,29,1.2088454196181844,1.2812864158293185
6,20,Montevideo,Buenos Aires,2025,5,29,0.7272205141712541,1.1273966353268379
6,20,Santos,Buenos Aires,2025,5,29,1.5859542064046397,1.1363231358919204
6,20,Quito,Avellaneda,2025,5,29,0.6357889968237531,0.5173208710337789
6,20,La Boca,Avellaneda,2025,5,29,0.4467747825200142,0.7169819259663127
6,20,Porto Alegre,Avellaneda,2025,5,29,1.0431599199751898,0.9331128598513372
6,20,Montevideo,Avellaneda,2025,5,29,1.1372783326071918,0.2983098558369308
6,20,Santos,Avellaneda,2025,5,29,0.8662107947657197,0.17965216215693924
6,20,La Boca,Quito,2025,5,29,1.9352485515494402,0.7848659043829717
6,20,Porto Alegre,Quito,2025,5,29,1.9595165128857928,1.223740663151748
6,20,Montevideo,Quito,2025,5,29,1.5012865789760879,0.15767834572871794
6,20,Santos,Quito,2025,5,29,2.0355645968275193,0.9889934677150759
6,20,Porto Alegre,La Boca,2025,5,29,1.8239191938349293,1.4192850391987486
6,20,Montevideo,La Boca,2025,5,29,1.6853373395415512,0.7765336122023836
6,20,Santos,La Boca,2025,5,29,1.0728924217670477,0.6267995624291121
6,20,Montevideo,Porto Alegre,2025,5,29,1.2690425477087042,-0.06840033314908509
6,20,Santos,Porto Alegre,2025,5,29,0.9125536937416623,0.5051255180781808
6,20,Santos,Montevideo,2025,5,29,0.7764481492388051,0.9090530952682375
6,23,Penarol,Itaquera,2025,5,29,0.9644208322931672,0.3070783002317474
6,23,Lima,Itaquera,2025,5,29,1.1534431304193284,0.7186487964231523
6,23,Belo Horizonte,Itaquera,2025,5,29,0.9901657335141764,1.1780363765996864
6,23,Guayaquil,Itaquera,2025,5,29,0.9209813954304166,0.7623552152551278
6,23,Agua Branca,Itaquera,2025,5,29,1.2011693248311648,1.5187167432721396
6,23,Bogota,Itaquera,2025,5,29,0.9009652900242844,1.3132275056372795
6,23,Rio de Janeiro,Itaquera,2025,5,29,0.9237740264150601,0.47721170177342265
6,23,Asuncion,Itaquera,2025,5,29,0.5203797789616652,-0.03646232240303561
6,23,Medellin,Itaquera,2025,5,29,0.44893154833981747,0.7630404795446891
6,23,Sao Paulo,Itaquera,2025,5,29,0.8748134561467599,0.38300541991196546
6,23,La Plata,Itaquera,2025,5,29,0.9340985391123671,0.9076628958194696
6,23,Santiago,Itaquera,2025,5,29,0.9005825357479839,0.7496695362151962
6,23,Buenos Aires,Itaquera,2025,5,29,1.1121065995748798,0.9961528435136232
6,23,Avellaneda,Itaquera,2025,5,29,0.9786955957031065,0.5090037611340401
6,23,Quito,Itaquera,2025,5,29,1.4803661421399474,1.0401209148637933
6,23,La Boca,Itaquera,2025,5,29,0.5636339945061083,0.48136205382481073
6,23,Porto Alegre,Itaquera,2025,5,29,1.9915501698551836,0.2057408558402674
6,23,Montevideo,Itaquera,2025,5,29,1.389037321967348,-0.14078737241465256
6,23,Santos,Itaquera,2025,5,29,0.5764695078636769,0.7994758763413747
6,23,Lima,Penarol,2025,5,29,0.3197588174068993,0.398849203160589
6,23,Belo Horizonte,Penarol,2025,5,29,0.8902787415019376,1.3286041586813255
6,23,Guayaquil,Penarol,2025,5,29,0.5778517568120444,0.9358788722174641
6,23,Agua Branca,Penarol,2025,5,29,0.7850494984858081,1.0845140642911004
6,23,Bogota,Penarol,2025,5,29,1.2270291356246046,1.043331646125591
6,23,Rio de Janeiro,Penarol,2025,5,29,1.2964315781703286,0.5501635883690569
6,23,Asuncion,Penarol,2025,5,29,1.730252740362089,0.8092133548030194
6,23,Medellin,Penarol,2025,5,29,0.13636530081558618,1.9668394305700079
6,23,Sao Paulo,Penarol,2025,5,29,1.5888844451923974,0.8545106213673724
6,23,La Plata,Penarol,2025,5,29,1.7371317997440632,0.6864161261641354
6,23,Santiago,Penarol,2025,5,29,1.6408758142617783,0.7358141704975772
6,23,Buenos Aires,Penarol,2025,5,29,1.3200487769190017,1.3839803722176887
6,23,Avellaneda,Penarol,2025,5,29,0.9968781231526724,0.7210668298794297
6,23,Quito,Penarol,2025,5,29,1.1220357978310458,0.950946203751925
6,23,La Boca,Penarol,2025,5,29,0.856562817592437,0.7345476946169619
6,23,Porto Alegre,Penarol,2025,5,29,1.109305135064931,0.9891884111282065
6,23,Montevideo,Penarol,2025,5,29,0.888492662223443,0.6158232339408574
6,23,Santos,Penarol,2025,5,29,1.4168748821209824,0.9832492414541654
6,23,Belo Horizonte,Lima,2025,5,29,0.1471305088030121,0.9159402463672037
6,23,Guayaquil,Lima,2025,5,29,0.6916417333375275,1.033489587289096
6,23,Agua Branca,Lima,2025,5,29,0.2118706347260121,0.6268093943955146
6,23,Bogota,Lima,2025,5,29,0.6420599466177247,1.4530659625744549
6,23,Rio de Janeiro,Lima,2025,5,29,0.044453042003641495,0.7111501869158067
6,23,Asuncion,Lima,2025,5,29,0.13527977335036107,0.2961836385680368
6,23,Medellin,Lima,2025,5,29,0.017971930559205353,1.3157118709055131
6,23,Sao Paulo,Lima,2025,5,29,0.6230355878214487,0.8600897288904901
6,23,La Plata,Lima,2025,5,29,0.6440752315946745,0.7396161177046744
6,23,Santiago,Lima,2025,5,29,0.17823767348178074,0.9090887624311546
6,23,Buenos Aires,Lima,2025,5,29,0.8346679499716636,1.1629558904129587
6,23,Avellaneda,Lima,2025,5,29,0.4765424293549121,0.04014718434282666
6,23,Quito,Lima,2025,5,29,0.13706813030146273,0.7981841579365047
6,23,La Boca,Lima,2025,5,29,-0.0189129218115378,0.8104615118596353
6,23,Porto Alegre,Lima,2025,5,29,0.8808586197139427,1.330810615832632
6,23,Montevideo,Lima,2025,5,29,0.8809939817997166,0.3036975678946241
6,23,Santos,Lima,2025,5,29,0.1380232617856056,0.891153020276613
6,23,Guayaquil,Belo Horizonte,2025,5,29,0.1435091774022062,0.21470688116135234
6,23,Agua Branca,Belo Horizonte,2025,5,29,1.427094370977285,0.723598778687849
6,23,Bogota,Belo Horizonte,2025,5,29,0.895689253152487,0.8689431640668938
6,23,Rio de Janeiro,Belo Horizonte,2025,5,29,1.6443755941490918,0.5786418677426134
6,23,Asuncion,Belo Horizonte,2025,5,29,0.9999108737563466,0.5649628935260649
6,23,Medellin,Belo Horizonte,2025,5,29,0.6384959108560304,1.2407618421864823
6,23,Sao Paulo,Belo Horizonte,2025,5,29,1.9141529719083685,0.9452609945607736
6,23,La Plata,Belo Horizonte,2025,5,29,0.8593277757532348,0.3674714611768963
6,23,Santiago,Belo Horizonte,2025,5,29,0.8674977542259891,0.5129910498085071
6,23,Buenos Aires,Belo Horizonte,2025,5,29,1.2202491858184217,0.8174603150454458
6,23,Avellaneda,Belo Horizonte,2025,5,29,1.0515831127382858,1.0164398055146937
6,23,Quito,Belo Horizonte,2025,5,29,1.071429288018052,0.7004501118848477
6,23,La Boca,Belo Horizonte,2025,5,29,0.6055354985082637,1.0965368107383946
6,23,Porto Alegre,Belo Horizonte,2025,5,29,1.161257409727385,0.7536177055369446
6,23,Montevideo,Belo Horizonte,2025,5,29,1.4958550784558968,1.1150352143580908
6,23,Santos,Belo Horizonte,2025,5,29,0.8181427258224158,0.6254779141943813
6,23,Agua Branca,Guayaquil,2025,5,29,2.162983607447628,1.2966800419244582
6,23,Bogota,Guayaquil,2025,5,29,0.9251744501062885,1.6444179516526307
6,23,Rio de Janeiro,Guayaquil,2025,5,29,1.8198365135879209,0.8466343557600022
6,23,Asuncion,Guayaquil,2025,5,29,1.5167924708230764,0.11667839524821541
6,23,Medellin,Guayaquil,2025,5,29,1.8225073860411287,0.8745349615735218
6,23,Sao Paulo,Guayaquil,2025,5,29,2.031302895968245,0.5584040540477527
6,23,La Plata,Guayaquil,2025,5,29,1.6539921034495129,0.81507968547519
6,23,Santiago,Guayaquil,2025,5,29,1.5243810460434757,0.7166832780934225
6,23,Buenos Aires,Guayaquil,2025,5,29,1.6716135059709916,0.9718470766209267
6,23,Avellaneda,Guayaquil,2025,5,29,1.3022429582319621,0.643373973892505
6,23,Quito,Guayaquil,2025,5,29,1.3199826446652225,1.4464979428820794
6,23,La Boca,Guayaquil,2025,5,29,0.9919681382298682,0.6900663746909083
6,23,Porto Alegre,Guayaquil,2025,5,29,1.2961797895652039,0.5752077159906493
6,23,Montevideo,Guayaquil,2025,5,29,1.2986894842044403,-0.0319918548533964
6,23,Santos,Guayaquil,2025,5,29,1.9136943784296543,0.655811019062771
6,23,Bogota,Agua Branca,2025,5,29,1.744018525256513,1.275331871310354
6,23,Rio de Janeiro,Agua Branca,2025,5,29,1.378066004191152,0.5817209324611686
6,23,Asuncion,Agua Branca,2025,5,29,1.7122757215731037,0.3505442647930091
6,23,Medellin,Agua Branca,2025,5,29,0.848055471492011,1.5183008784728829
6,23,Sao Paulo,Agua Branca,2025,5,29,1.8785997607282852,1.1028241016992282
6,23,La Plata,Agua Branca,2025,5,29,1.5534517592483372,0.6370077649321261
6,23,Santiago,Agua Branca,2025,5,29,1.487302262971923,0.9593760208158144
6,23,Buenos Aires,Agua Branca,2025,5,29,1.3553039859327283,0.7083372751789808
6,23,Avellaneda,Agua Branca,2025,5,29,1.91298740893264,0.49116464668432874
6,23,Quito,Agua Branca,2025,5,29,1.4752876227071736,0.6624573391379621
6,23,La Boca,Agua Branca,2025,5,29,1.4973881864246028,1.0974069633334593
6,23,Porto Alegre,Agua Branca,2025,5,29,1.6473905171641543,0.8310695949412431
6,23,Montevideo,Agua Branca,2025,5,29,1.51587578574862,0.08862123806897798
6,23,Santos,Agua Branca,2025,5,29,1.1323442265664467,1.160646929684342
6,23,Rio de Janeiro,Bogota,2025,5,29,1.5539149122289726,1.0311344385570769
6,23,Asuncion,Bogota,2025,5,29,2.033378700128432,0.15812297010158527
6,23,Medellin,Bogota,2025,5,29,1.8213087628054758,0.5047315991008938
6,23,Sao Paulo,Bogota,2025,5,29,1.8445111209268452,0.8061312631485976
6,23,La Plata,Bogota,2025,5,29,1.9975214568788522,0.9746312720322168
6,23,Santiago,Bogota,2025,5,29,2.1737332893104244,0.8567249208758455
6,23,Buenos Aires,Bogota,2025,5,29,1.5414491831690191,1.0251526904784356
6,23,Avellaneda,Bogota,2025,5,29,1.9637687562802024,0.503617546221999
6,23,Quito,Bogota,2025,5,29,1.9391337554668793,1.3259437534239324
6,23,La Boca,Bogota,2025,5,29,2.0148182954224834,0.7881074540216422
6,23,Porto Alegre,Bogota,2025,5,29,1.9547856056056583,0.5591633920094395
6,23,Montevideo,Bogota,2025,5,29,1.3449764394378103,0.03096919937036736
6,23,Santos,Bogota,2025,5,29,1.9123530158692696,0.8196742382202497
6,23,Asuncion,Rio de Janeiro,2025,5,29,1.5144806193025744,0.2078058192779023
6,23,Medellin,Rio de Janeiro,2025,5,29,0.5440885288322777,0.29811716550569006
6,23,Sao Paulo,Rio de Janeiro,2025,5,29,2.1225837194897466,0.8030531881909954
6,23,La Plata,Rio de Janeiro,2025,5,29,2.0215323177182265,0.5420597034613454
6,23,Santiago,Rio de Janeiro,2025,5,29,1.2296220042859958,0.9616128726398867
6,23,Buenos Aires,Rio de Janeiro,2025,5,29,1.9298725729594948,0.6723729658862857
6,23,Avellaneda,Rio de Janeiro,2025,5,29,1.965306834552743,0.4025742002251585
6,23,Quito,Rio de Janeiro,2025,5,29,2.4760912415374796,0.9369239282591024
6,23,La Boca,Rio de Janeiro,2025,5,29,1.3749433013638694,0.3049217790312631
6,23,Porto Alegre,Rio de Janeiro,2025,5,29,1.6642534980233872,0.6012302216563175
6,23,Montevideo,Rio de Janeiro,2025,5,29,1.6408917644355123,0.13881468525807378
6,23,Santos,Rio de Janeiro,2025,5,29,1.4277866324920174,0.533961442133635
6,23,Medellin,Asuncion,2025,5,29,0.20953774670359515,1.111304021379548
6,23,Sao Paulo,Asuncion,2025,5,29,2.0172778198900216,1.0454566947108865
6,23,La Plata,Asuncion,2025,5,29,1.7476639948483839,0.5738795740906739
6,23,Santiago,Asuncion,2025,5,29,0.4468713039410846,0.3062634840589438
6,23,Buenos Aires,Asuncion,2025,5,29,2.0525107367016053,0.8687109571199121
6,23,Avellaneda,Asuncion,2025,5,29,2.7526319860482404,1.406996332937526
6,23,Quito,Asuncion,2025,5,29,1.171306867494585,0.8481371743864504
6,23,La Boca,Asuncion,2025,5,29,0.5521430829697285,1.1303013471991954
6,23,Porto Alegre,Asuncion,2025,5,29,1.590342042932508,0.6144337685323374
6,23,Montevideo,Asuncion,2025,5,29,1.4212089561147774,1.1686037920855048
6,23,Santos,Asuncion,2025,5,29,0.5766937720736215,0.7499231898225689
6,23,Sao Paulo,Medellin,2025,5,29,1.9648140423291205,0.9861180192035869
6,23,La Plata,Medellin,2025,5,29,1.5577601024849665,0.9096342114662279
6,23,Santiago,Medellin,2025,5,29,0.484342235909165,1.1752407488227752
6,23,Buenos Aires,Medellin,2025,5,29,1.9294611543118885,1.0719502033711537
6,23,Avellaneda,Medellin,2025,5,29,2.233346916780164,0.5646837392368447
6,23,Quito,Medellin,2025,5,29,0.6937039713328167,1.1444816405373097
6,23,La Boca,Medellin,2025,5,29,0.2684831716551658,1.4154343885442775
6,23,Porto Alegre,Medellin,2025,5,29,1.8203974841003323,1.0916298363192227
6,23,Montevideo,Medellin,2025,5,29,1.7080673051899025,0.2084965938628746
6,23,Santos,Medellin,2025,5,29,0.29621505436773937,1.2941556786287634
6,23,La Plata,Sao Paulo,2025,5,29,1.0607695370658765,0.9532060517794289
6,23,Santiago,Sao Paulo,2025,5,29,0.421951141530429,0.5200842006942336
6,23,Buenos Aires,Sao Paulo,2025,5,29,1.4250487429837582,1.18460070573352
6,23,Avellaneda,Sao Paulo,2025,5,29,0.7202618033711912,1.002565141472221
6,23,Quito,Sao Paulo,2025,5,29,0.47784301956946307,0.9828504091803746
6,23,La Boca,Sao Paulo,2025,5,29,0.6166727629605223,0.04465178973637661
6,23,Porto Alegre,Sao Paulo,2025,5,29,0.9682858558680371,0.8116180105854311
6,23,Montevideo,Sao Paulo,2025,5,29,0.890200251612431,0.1570162753200929
6,23,Santos,Sao Paulo,2025,5,29,0.5280092863267881,0.6801806607415454
6,23,Santiago,La Plata,2025,5,29,0.9306360772848906,0.7188650186798965
6,23,Buenos Aires,La Plata,2025,5,29,2.2306981736314215,0.5885237205940111
6,23,Avellaneda,La Plata,2025,5,29,1.8667311178822128,0.32448207708333615
6,23,Quito,La Plata,2025,5,29,0.6994972074801432,0.4778998510613997
6,23,La Boca,La Plata,2025,5,29,0.4728803266327748,0.44078605663806775
6,23,Porto Alegre,La Plata,2025,5,29,1.4643375991730956,0.5819428233312014
6,23,Montevideo,La Plata,2025,5,29,1.493126145182572,-0.28235601402411115
6,23,Santos,La Plata,2025,5,29,0.6963480739351454,0.8830406474606673
6,23,Buenos Aires,Santiago,2025,5,29,1.61816052065919,1.0060194129354105
6,23,Avellaneda,Santiago,2025,5,29,1.9288240019909861,0.2293972040011533
6,23,Quito,Santiago,2025,5,29,1.249947115152735,0.7678589016632911
6,23,La Boca,Santiago,2025,5,29,1.5378535500315436,0.2313726202957171
6,23,Porto Alegre,Santiago,2025,5,29,1.2292711729400463,0.8880980463388666
6,23,Montevideo,Santiago,2025,5,29,1.0950354251757892,-0.08571476413013995
6,23,Santos,Santiago,2025,5,29,1.5339367492059899,0.706786014518796
6,23,Avellaneda,Buenos Aires,2025,5,29,1.1867055443851753,1.4916160044527809
6,23,Quito,Buenos Aires,2025,5,29,1.3083073835973358,1.096894741985902
6,23,La Boca,Buenos Aires,2025,5,29,0.963646895398732,0.864308791362806
6,23,Porto Alegre,Buenos Aires,2025,5,29,1.1696997538105143,0.7679439524052727
6,23,Montevideo,Buenos Aires,2025,5,29,0.693149959189034,1.041795180458549
6,23,Santos,Buenos Aires,2025,5,29,1.5813967502108783,1.157030983409374
6,23,Quito,Avellaneda,2025,5,29,0.6879236581593287,0.5790926960232711
6,23,La Boca,Avellaneda,2025,5,29,0.5095007877960954,0.7480280556955725
6,23,Porto Alegre,Avellaneda,2025,5,29,1.0040142541675194,0.9005288171371546
6,23,Montevideo,Avellaneda,2025,5,29,1.1277421734502477,0.35658062279464514
6,23,Santos,Avellaneda,2025,5,29,0.8321402397834996,0.285175372094723
6,23,La Boca,Quito,2025,5,29,1.9186058817714546,0.8445898079001473
6,23,Porto Alegre,Quito,2025,5,29,1.9309675952796461,1.2860949639265298
6,23,Montevideo,Quito,2025,5,29,1.5290232609837506,0.2105397122676431
6,23,Santos,Quito,2025,5,29,2.0402347678988333,1.049464146083145
6,23,Porto Alegre,La Boca,2025,5,29,1.9895907311542953,0.9071618040468895
6,23,Montevideo,La Boca,2025,5,29,1.8054216416756235,0.6045639392866597
6,23,Santos,La Boca,2025,5,29,1.0651436909905072,0.5770488046995291
6,23,Montevideo,Porto Alegre,2025,5,29,1.3297539609904891,0.007392708072112819
6,23,Santos,Porto Alegre,2025,5,29,0.9252655834791512,0.6060070945967108
6,23,Santos,Montevideo,2025,5,29,0.7662226136846015,0.9986800886104382
6,26,Penarol,Itaquera,2025,5,29,0.8867110720423762,0.27327859060799203
6,26,Lima,Itaquera,2025,5,29,1.1159201147822235,0.7337902441076297
6,26,Belo Horizonte,Itaquera,2025,5,29,0.9521340956677049,1.2218269465134606
6,26,Guayaquil,Itaquera,2025,5,29,0.9069878370122406,0.7092090571385349
6,26,Agua Branca,Itaquera,2025,5,29,1.165399287125938,1.4433282343997318
6,26,Bogota,Itaquera,2025,5,29,0.8537942215896487,1.2928541126933772
6,26,Rio de Janeiro,Itaquera,2025,5,29,0.89501322330706,0.6104125986071486
6,26,Asuncion,Itaquera,2025,5,29,0.47738646025478715,-0.05374461302353682
6,26,Medellin,Itaquera,2025,5,29,0.44893154833981747,0.7427548435500364
6,26,Sao Paulo,Itaquera,2025,5,29,0.8054115984761018,0.3475904391237819
6,26,La Plata,Itaquera,2025,5,29,0.8908604661531013,0.9552310046663824
6,26,Santiago,Itaquera,2025,5,29,0.9005825357479839,0.6621044810697768
6,26,Buenos Aires,Itaquera,2025,5,29,1.0745835839377749,0.9777587801102084
6,26,Avellaneda,Itaquera,2025,5,29,0.942950468774157,0.4732138717604456
6,26,Quito,Itaquera,2025,5,29,1.4728731961096313,1.0677923820621438
6,26,La Boca,Itaquera,2025,5,29,0.548871410737906,0.469687913996517
6,26,Porto Alegre,Itaquera,2025,5,29,1.944379101420548,0.18783467349830926
6,26,Montevideo,Itaquera,2025,5,29,1.3660131923552474,-0.13780493719032222
6,26,Santos,Itaquera,2025,5,29,0.5689765618333608,0.7970159990135245
6,26,Lima,Penarol,2025,5,29,0.3069424085687785,0.4164842907187628
6,26,Belo Horizonte,Penarol,2025,5,29,0.8799916169834051,2.1118821624334925
6,26,Guayaquil,Penarol,2025,5,29,0.57319188230596,0.8913658840409642
6,26,Agua Branca,Penarol,2025,5,29,0.7676208882475225,1.3052494327090565
6,26,Bogota,Penarol,2025,5,29,1.2184082915020782,1.9404863380662523
6,26,Rio de Janeiro,Penarol,2025,5,29,1.3066710295829416,1.5139579212605625
6,26,Asuncion,Penarol,2025,5,29,1.6928612632515072,0.8532247393231471
6,26,Medellin,Penarol,2025,5,29,0.1291761419899135,1.9796672533080082
6,26,Sao Paulo,Penarol,2025,5,29,1.582139578803111,1.282728917148536
6,26,La Plata,Penarol,2025,5,29,1.6957757828524984,0.6942958736807268
6,26,Santiago,Penarol,2025,5,29,1.6220155187266394,0.7087170878041017
6,26,Buenos Aires,Penarol,2025,5,29,1.2988688944015077,1.6641678240585065
6,26,Avellaneda,Penarol,2025,5,29,0.9968781231526724,1.3354925019099215
6,26,Quito,Penarol,2025,5,29,1.0958661926791218,1.4029961304890166
6,26,La Boca,Penarol,2025,5,29,0.8493736587667644,1.6261932489537296
6,26,Porto Alegre,Penarol,2025,5,29,1.0864802997488092,1.8717644746079112
6,26,Montevideo,Penarol,2025,5,29,0.8654368019727092,1.1515273794518552
6,26,Santos,Penarol,2025,5,29,1.3881759926494701,1.06708446881403
6,26,Belo Horizonte,Lima,2025,5,29,0.10946321870931171,1.39700740106472
6,26,Guayaquil,Lima,2025,5,29,0.6744897016205085,0.9147804847198893
6,26,Agua Branca,Lima,2025,5,29,0.16270267230932936,0.56976389753696
6,26,Bogota,Lima,2025,5,29,0.6100603472843122,1.8012798226533933
6,26,Rio de Janeiro,Lima,2025,5,29,0.02593169030825439,1.2145359305538137
6,26,Asuncion,Lima,2025,5,29,0.08765867470722183,0.323707695060472
6,26,Medellin,Lima,2025,5,29,0.011842540827920906,1.0593875524526064
6,26,Sao Paulo,Lima,2025,5,29,0.5826823446887188,0.8598967911308107
6,26,La Plata,Lima,2025,5,29,0.5894151912020236,0.7799191843524389
6,26,Santiago,Lima,2025,5,29,0.1608696237916227,0.8597701902424898
6,26,Buenos Aires,Lima,2025,5,29,0.7986917981081023,1.1253560351099368
6,26,Avellaneda,Lima,2025,5,29,0.4407973024259626,0.04489355774981629
6,26,Quito,Lima,2025,5,29,0.12690042240539312,0.8454786594987076
6,26,La Boca,Lima,2025,5,29,-0.041297141156005523,1.2576721127196409
6,26,Porto Alegre,Lima,2025,5,29,0.8345266328745699,1.6848058213609567
6,26,Montevideo,Lima,2025,5,29,0.8618480434014033,0.3541341176567043
6,26,Santos,Lima,2025,5,29,0.12785555388953596,0.8901182878731972
6,26,Guayaquil,Belo Horizonte,2025,5,29,0.1263322349089101,0.5475295309378079
6,26,Agua Branca,Belo Horizonte,2025,5,29,1.3709171739633756,1.184359385763067
6,26,Bogota,Belo Horizonte,2025,5,29,0.8671110032568,1.838783909196892
6,26,Rio de Janeiro,Belo Horizonte,2025,5,29,1.6255032629162138,1.6168911469609275
6,26,Asuncion,Belo Horizonte,2025,5,29,0.9393460946451136,0.8847548026503032
6,26,Medellin,Belo Horizonte,2025,5,29,0.6283282029599607,1.5346645920611126
6,26,Sao Paulo,Belo Horizonte,2025,5,29,1.8837510920853415,1.4314819179668334
6,26,La Plata,Belo Horizonte,2025,5,29,0.8002491912987968,0.6729300883794176
6,26,Santiago,Belo Horizonte,2025,5,29,0.8486374586908498,0.7867641150207328
6,26,Buenos Aires,Belo Horizonte,2025,5,29,1.1888396817683702,1.3215044934681703
6,26,Avellaneda,Belo Horizonte,2025,5,29,1.0228223096302862,1.624172186907127
6,26,Quito,Belo Horizonte,2025,5,29,1.0537686340916663,1.323149158359877
6,26,La Boca,Belo Horizonte,2025,5,29,0.5806052068439918,1.9635064276063718
6,26,Porto Alegre,Belo Horizonte,2025,5,29,1.1184751686381018,1.7484360264927823
6,26,Montevideo,Belo Horizonte,2025,5,29,1.4528418124320024,1.5949750611981075
6,26,Santos,Belo Horizonte,2025,5,29,0.8004820718960298,0.9589578478898899
6,26,Agua Branca,Guayaquil,2025,5,29,2.127213569742402,1.2209165597054807
6,26,Bogota,Guayaquil,2025,5,29,0.915099856372764,1.4737825679453613
6,26,Rio de Janeiro,Guayaquil,2025,5,29,1.7659082055128337,0.8292004166710228
6,26,Asuncion,Guayaquil,2025,5,29,1.4558549281507627,0.09902113128114486
6,26,Medellin,Guayaquil,2025,5,29,1.8239996318861098,0.7776631712217937
6,26,Sao Paulo,Guayaquil,2025,5,29,1.9955328582630185,0.4450920130338372
6,26,La Plata,Guayaquil,2025,5,29,1.6197143115892672,0.7856608501616175
6,26,Santiago,Guayaquil,2025,5,29,1.5007057869213698,0.6291182229480031
6,26,Buenos Aires,Guayaquil,2025,5,29,1.6428527028629913,0.8772925455201331
6,26,Avellaneda,Guayaquil,2025,5,29,1.245249291020577,0.604786149184631
6,26,Quito,Guayaquil,2025,5,29,1.312973410067996,1.3955123046200038
6,26,La Boca,Guayaquil,2025,5,29,0.9741401953253682,0.6785506900974723
6,26,Porto Alegre,Guayaquil,2025,5,29,1.2861051958316794,0.4771139299564389
6,26,Montevideo,Guayaquil,2025,5,29,1.290107136315897,-0.03173638548870611
6,26,Santos,Guayaquil,2025,5,29,1.9066851438324277,0.5778770434968994
6,26,Bogota,Agua Branca,2025,5,29,1.744840462502631,1.2978182136704426
6,26,Rio de Janeiro,Agua Branca,2025,5,29,1.3340261679911871,0.7333192853280343
6,26,Asuncion,Agua Branca,2025,5,29,1.65989427727156,0.3332619741725078
6,26,Medellin,Agua Branca,2025,5,29,0.860840995224428,1.5320206730928638
6,26,Sao Paulo,Agua Branca,2025,5,29,1.850660894866403,1.0906609446065676
6,26,La Plata,Agua Branca,2025,5,29,1.5277033335827959,0.6762452288476386
6,26,Santiago,Agua Branca,2025,5,29,1.4636816217783795,0.9066351173746824
6,26,Buenos Aires,Agua Branca,2025,5,29,1.329324535332575,0.7522810257332369
6,26,Avellaneda,Agua Branca,2025,5,29,1.864489154307451,0.5043930709158022
6,26,Quito,Agua Branca,2025,5,29,1.488056358439375,0.7387722113559682
6,26,La Boca,Agua Branca,2025,5,29,1.4954111263888177,1.1011721718950227
6,26,Porto Alegre,Agua Branca,2025,5,29,1.6314623908968724,0.8447458812262082
6,26,Montevideo,Agua Branca,2025,5,29,1.5132270848065688,0.12320538973253126
6,26,Santos,Agua Branca,2025,5,29,1.1425836779790597,1.168628772043642
6,26,Rio de Janeiro,Bogota,2025,5,29,1.5287474072618856,1.4708796074022419
6,26,Asuncion,Bogota,2025,5,29,2.0082111951613446,0.14084067948108403
6,26,Medellin,Bogota,2025,5,29,1.8213087628054758,0.40818477042504525
6,26,Sao Paulo,Bogota,2025,5,29,1.8445111209268452,0.7332894776247394
6,26,La Plata,Bogota,2025,5,29,1.9975214568788522,0.8695485125043454
6,26,Santiago,Bogota,2025,5,29,2.1233236080493985,0.7535822816294334
6,26,Buenos Aires,Bogota,2025,5,29,1.5414491831690191,1.0034912110937388
6,26,Avellaneda,Bogota,2025,5,29,1.9355358921768175,0.4832510182506864
6,26,Quito,Bogota,2025,5,29,1.9138915791729396,1.2792430990074921
6,26,La Boca,Bogota,2025,5,29,1.9865107599922458,1.218131891996735
6,26,Porto Alegre,Bogota,2025,5,29,1.9264780701754207,0.95457371683993
6,26,Montevideo,Bogota,2025,5,29,1.3419110803015124,0.05797230369879314
6,26,Santos,Bogota,2025,5,29,1.9123530158692696,0.7215498074080854
6,26,Asuncion,Rio de Janeiro,2025,5,29,1.5989766785392654,0.19519476849942557
6,26,Medellin,Rio de Janeiro,2025,5,29,0.561344847480073,0.3165081999676954
6,26,Sao Paulo,Rio de Janeiro,2025,5,29,2.062150553497633,0.8134457064693881
6,26,La Plata,Rio de Janeiro,2025,5,29,2.107520622799899,0.5991816029058872
6,26,Santiago,Rio de Janeiro,2025,5,29,1.1904249613216864,0.8890167409357713
6,26,Buenos Aires,Rio de Janeiro,2025,5,29,1.897343172044254,0.6926555729395292
6,26,Avellaneda,Rio de Janeiro,2025,5,29,1.9513086152129449,0.37664368005098864
6,26,Quito,Rio de Janeiro,2025,5,29,2.58735425584617,0.9828629627485019
6,26,La Boca,Rio de Janeiro,2025,5,29,1.5077328343186154,0.30221437361295866
6,26,Porto Alegre,Rio de Janeiro,2025,5,29,1.6642534980233872,0.6189896803844962
6,26,Montevideo,Rio de Janeiro,2025,5,29,1.6423840102804934,0.14637313381385725
6,26,Santos,Rio de Janeiro,2025,5,29,1.4194949023291876,0.5449531711633399
6,26,Medellin,Asuncion,2025,5,29,0.19167665971471665,1.6753180909212224
6,26,Sao Paulo,Asuncion,2025,5,29,1.9721253688033094,1.580571992447702
6,26,La Plata,Asuncion,2025,5,29,1.834855385086967,0.7934106530928214
6,26,Santiago,Asuncion,2025,5,29,0.3857748558231116,0.5113964671770064
6,26,Buenos Aires,Asuncion,2025,5,29,2.048315171986011,1.6588114242332477
6,26,Avellaneda,Asuncion,2025,5,29,2.7526319860482404,2.026984313043623
6,26,Quito,Asuncion,2025,5,29,1.260915933740608,1.4846480831332587
6,26,La Boca,Asuncion,2025,5,29,0.6513074561327817,2.3641462506647484
6,26,Porto Alegre,Asuncion,2025,5,29,1.5605079730191591,2.031654858320215
6,26,Montevideo,Asuncion,2025,5,29,1.3895969974932734,2.0075445478057663
6,26,Santos,Asuncion,2025,5,29,0.5492773781677123,1.0267402832795802
6,26,Sao Paulo,Medellin,2025,5,29,1.979146429835081,0.9764738868941145
6,26,La Plata,Medellin,2025,5,29,1.6747855626368984,0.9636940886743913
6,26,Santiago,Medellin,2025,5,29,0.4858890996827084,1.0993962269878226
6,26,Buenos Aires,Medellin,2025,5,29,1.9310080180854319,0.9975699937324808
6,26,Avellaneda,Medellin,2025,5,29,2.233346916780164,0.5341226148124671
6,26,Quito,Medellin,2025,5,29,0.8209688828973621,1.210857244143299
6,26,La Boca,Medellin,2025,5,29,0.40127270460991166,1.3862659202661562
6,26,Porto Alegre,Medellin,2025,5,29,1.8203974841003323,0.9626370105836739
6,26,Montevideo,Medellin,2025,5,29,1.7096141689634459,0.21147902908720495
6,26,Santos,Medellin,2025,5,29,0.30645450578035244,1.2794302378003026
6,26,La Plata,Sao Paulo,2025,5,29,1.0451921365787502,0.8886044224190695
6,26,Santiago,Sao Paulo,2025,5,29,0.38126185272113855,0.4740123217879878
6,26,Buenos Aires,Sao Paulo,2025,5,29,1.4164805770938584,1.1652634902494203
6,26,Avellaneda,Sao Paulo,2025,5,29,0.7116936374812918,1.2306407645129458
6,26,Quito,Sao Paulo,2025,5,29,0.4733630692918248,1.0688626932508618
6,26,La Boca,Sao Paulo,2025,5,29,0.6166727629605223,0.2955749073742793
6,26,Porto Alegre,Sao Paulo,2025,5,29,0.9477661710109682,0.9369357413816967
6,26,Montevideo,Sao Paulo,2025,5,29,0.8831910170152045,0.404639924964083
6,26,Santos,Sao Paulo,2025,5,29,0.5210000517295615,0.6753945902020552
6,26,Santiago,La Plata,2025,5,29,0.910228917976208,0.6951286549775867
6,26,Buenos Aires,La Plata,2025,5,29,2.2282804976239823,0.601148539824893
6,26,Avellaneda,La Plata,2025,5,29,1.8667311178822128,0.29313935619239667
6,26,Quito,La Plata,2025,5,29,0.6715971021411445,0.5503458561998966
6,26,La Boca,La Plata,2025,5,29,0.455451716394489,0.44078605663806775
6,26,Porto Alegre,La Plata,2025,5,29,1.4215553580838125,0.5856533969595212
6,26,Montevideo,La Plata,2025,5,29,1.4503439040932888,-0.28135272615351326
6,26,Santos,La Plata,2025,5,29,0.6684479685961467,0.8666974676909709
6,26,Buenos Aires,Santiago,2025,5,29,1.6163826319510348,1.6195350860028799
6,26,Avellaneda,Santiago,2025,5,29,1.9005911378876013,0.9289527595016622
6,26,Quito,Santiago,2025,5,29,1.2274514442410922,1.3161825985031441
6,26,La Boca,Santiago,2025,5,29,1.522764015084316,1.5583690983810738
6,26,Porto Alegre,Santiago,2025,5,29,1.1797173966058634,2.2307640401561004
6,26,Montevideo,Santiago,2025,5,29,1.0704381822723719,0.8474883324942358
6,26,Santos,Santiago,2025,5,29,1.5366832545882867,0.7471153202063134
6,26,Avellaneda,Buenos Aires,2025,5,29,1.1529698735281886,2.193744064511717
6,26,Quito,Buenos Aires,2025,5,29,1.2981396757012662,1.6533347603329362
6,26,La Boca,Buenos Aires,2025,5,29,0.9564577365730595,2.1887034348108587
6,26,Porto Alegre,Buenos Aires,2025,5,29,1.1333644682345496,2.1369728039703317
6,26,Montevideo,Buenos Aires,2025,5,29,0.6700940989383003,1.9548830938088115
6,26,Santos,Buenos Aires,2025,5,29,1.5712290423148088,1.2316720861400678
6,26,Quito,Avellaneda,2025,5,29,0.6963763149375025,0.7574932774650864
6,26,La Boca,Avellaneda,2025,5,29,0.5196534291428078,0.9329315255462967
6,26,Porto Alegre,Avellaneda,2025,5,29,0.98416835633435,1.0412177485953016
6,26,Montevideo,Avellaneda,2025,5,29,1.109443139390621,0.5442263393492421
6,26,Santos,Avellaneda,2025,5,29,0.8380636122420853,0.33384892147579787
6,26,La Boca,Quito,2025,5,29,1.8928444186610212,0.842899886388665
6,26,Porto Alegre,Quito,2025,5,29,1.892888755749763,1.2031247250437769
6,26,Montevideo,Quito,2025,5,29,1.5176788435927882,0.2343952440777606
6,26,Santos,Quito,2025,5,29,2.0243967419665894,1.03941909736565
6,26,Porto Alegre,La Boca,2025,5,29,1.9580109070667961,1.7967159940778983
6,26,Montevideo,La Boca,2025,5,29,1.7855743791398115,1.0642394628835155
6,26,Santos,La Boca,2025,5,29,1.06082761203648,0.8691792732650498
6,26,Montevideo,Porto Alegre,2025,5,29,1.3157870921752488,0.007064035542249018
6,26,Santos,Porto Alegre,2025,5,29,0.9094275575469076,0.5437132553524612
6,26,Santos,Montevideo,2025,5,29,0.769452830499988,0.9309544771574066
6,29,Penarol,Itaquera,2025,5,29,0.5290953627551348,0.06258269905154538
6,29,Lima,Itaquera,2025,5,29,0.7939241632759255,0.45005847059466464
6,29,Belo Horizonte,Itaquera,2025,5,29,0.8506382943731363,1.141190981326192
6,29,Guayaquil,Itaquera,2025,5,29,0.7963851904622458,0.46637600298588827
6,29,Agua Branca,Itaquera,2025,5,29,1.0841053930896734,1.0591310327257826
6,29,Bogota,Itaquera,2025,5,29,0.10896900040432521,1.213107941757204
6,29,Rio de Janeiro,Itaquera,2025,5,29,0.7450944802518166,0.5080003056436889
6,29,Asuncion,Itaquera,2025,5,29,0.3967819600721376,-0.05621559531529972
6,29,Medellin,Itaquera,2025,5,29,0.5119899803820501,0.6933898027531964
6,29,Sao Paulo,Itaquera,2025,5,29,0.27903533786180684,0.01563613403916338
6,29,La Plata,Itaquera,2025,5,29,0.7034360443309864,0.6538984840431877
6,29,Santiago,Itaquera,2025,5,29,0.5965069497806361,0.3561887469563112
6,29,Buenos Aires,Itaquera,2025,5,29,0.44814923189240147,0.8068348279365942
6,29,Avellaneda,Itaquera,2025,5,29,0.6625122863644445,0.23551460172783734
6,29,Quito,Itaquera,2025,5,29,1.1133621498576787,0.7173192986520679
6,29,La Boca,Itaquera,2025,5,29,0.5136331934187591,0.4293560853369034
6,29,Porto Alegre,Itaquera,2025,5,29,0.6770441368316104,0.1834569428037583
6,29,Montevideo,Itaquera,2025,5,29,0.3852479803015083,-0.13973661043991442
6,29,Santos,Itaquera,2025,5,29,0.42855872127916156,0.4530122779727267
6,29,Lima,Penarol,2025,5,29,0.35033472789942044,0.42013579630811143
6,29,Belo Horizonte,Penarol,2025,5,29,0.77845395217957,2.4161171684906964
6,29,Guayaquil,Penarol,2025,5,29,0.5537508199689877,1.080206949114716
6,29,Agua Branca,Penarol,2025,5,29,0.7059234045341464,1.6745438355533353
6,29,Bogota,Penarol,2025,5,29,1.152702861719048,2.282007595225607
6,29,Rio de Janeiro,Penarol,2025,5,29,1.2107000555575014,1.8540020844564142
6,29,Asuncion,Penarol,2025,5,29,1.6494566414756553,0.8565455915159232
6,29,Medellin,Penarol,2025,5,29,0.16803205916769443,2.4549664121415744
6,29,Sao Paulo,Penarol,2025,5,29,1.5837801924439154,1.9160272802710978
6,29,La Plata,Penarol,2025,5,29,1.7043556904710162,0.7565101442506622
6,29,Santiago,Penarol,2025,5,29,1.612584078821296,0.7089060490649617
6,29,Buenos Aires,Penarol,2025,5,29,1.3165582748508906,2.172324919725961
6,29,Avellaneda,Penarol,2025,5,29,0.8176409217885365,1.8973997411273662
6,29,Quito,Penarol,2025,5,29,0.8892785460088193,1.7164749652910716
6,29,La Boca,Penarol,2025,5,29,0.6899669543682837,1.9669651493368956
6,29,Porto Alegre,Penarol,2025,5,29,0.9552896713128985,2.2132929460721
6,29,Montevideo,Penarol,2025,5,29,0.8603264782953449,1.6635878070008179
6,29,Santos,Penarol,2025,5,29,1.2678412380115653,1.4365031580927694
6,29,Belo Horizonte,Lima,2025,5,29,0.12345471651936488,1.9048311788090468
6,29,Guayaquil,Lima,2025,5,29,0.7230377733962435,1.1049804526316347
6,29,Agua Branca,Lima,2025,5,29,0.04133379733742059,1.1244451918789318
6,29,Bogota,Lima,2025,5,29,0.33253200227351054,2.1212338984906856
6,29,Rio de Janeiro,Lima,2025,5,29,-0.024452664317327618,1.5553189796706464
6,29,Asuncion,Lima,2025,5,29,0.0769926161111153,0.3209143314701118
6,29,Medellin,Lima,2025,5,29,0.007757994864478425,1.7201918871245845
6,29,Sao Paulo,Lima,2025,5,29,0.08361191201635626,1.6879722680312665
6,29,La Plata,Lima,2025,5,29,0.5174898981869385,0.941582026586049
6,29,Santiago,Lima,2025,5,29,0.07827459681904761,0.8565033355316475
6,29,Buenos Aires,Lima,2025,5,29,0.5296678368029117,1.7033651794503522
6,29,Avellaneda,Lima,2025,5,29,0.3776678594233731,0.8095033823724614
6,29,Quito,Lima,2025,5,29,-0.02397003905528315,1.3443559836713426
6,29,La Boca,Lima,2025,5,29,-0.023139171789352153,1.5682246567685918
6,29,Porto Alegre,Lima,2025,5,29,0.007551882461088731,2.016341445460194
6,29,Montevideo,Lima,2025,5,29,0.24951217098072778,0.8489577682643413
6,29,Santos,Lima,2025,5,29,0.06879284344845829,1.445664302972066
6,29,Guayaquil,Belo Horizonte,2025,5,29,0.20140070313398006,0.757486302570841
6,29,Agua Branca,Belo Horizonte,2025,5,29,1.3484757627623107,1.6465744588914866
6,29,Bogota,Belo Horizonte,2025,5,29,0.8473637364396793,2.191312323413783
6,29,Rio de Janeiro,Belo Horizonte,2025,5,29,1.6109354600264967,1.9681835747814513
6,29,Asuncion,Belo Horizonte,2025,5,29,1.016970701565496,0.8856195234072
6,29,Medellin,Belo Horizonte,2025,5,29,0.5992226175950978,2.113111255021285
6,29,Sao Paulo,Belo Horizonte,2025,5,29,1.4879410809997384,2.1698457275280005
6,29,La Plata,Belo Horizonte,2025,5,29,0.8187726233897146,0.7287340585487545
6,29,Santiago,Belo Horizonte,2025,5,29,0.9176960643667733,0.7832011525154317
6,29,Buenos Aires,Belo Horizonte,2025,5,29,1.2121296141256428,1.9233226937422034
6,29,Avellaneda,Belo Horizonte,2025,5,29,1.0402770107896155,2.280929636593601
6,29,Quito,Belo Horizonte,2025,5,29,1.046444769809103,1.72956026131896
6,29,La Boca,Belo Horizonte,2025,5,29,0.6219775663451912,2.3107693748244285
6,29,Porto Alegre,Belo Horizonte,2025,5,29,0.7372952965435405,2.1105647410023645
6,29,Montevideo,Belo Horizonte,2025,5,29,1.0548611764606752,2.115107811596098
6,29,Santos,Belo Horizonte,2025,5,29,0.8073332997373623,1.422037641775207
6,29,Agua Branca,Guayaquil,2025,5,29,2.0880646346642355,0.859257102926779
6,29,Bogota,Guayaquil,2025,5,29,0.9591456036487757,1.415385036041984
6,29,Rio de Janeiro,Guayaquil,2025,5,29,1.7582490445578614,0.7267881237075634
6,29,Asuncion,Guayaquil,2025,5,29,1.5168328677629197,0.10232825253632924
6,29,Medellin,Guayaquil,2025,5,29,1.7848506968079436,0.7326722041728336
6,29,Sao Paulo,Guayaquil,2025,5,29,1.9955328582630185,0.11891581149616608
6,29,La Plata,Guayaquil,2025,5,29,1.6328910400985102,0.48870240328630227
6,29,Santiago,Guayaquil,2025,5,29,1.5669393020903646,0.3276848000512026
6,29,Buenos Aires,Guayaquil,2025,5,29,1.6508954368614555,0.7068705512899994
6,29,Avellaneda,Guayaquil,2025,5,29,1.300645372745911,0.38973131051510024
6,29,Quito,Guayaquil,2025,5,29,1.3610777981592452,1.0662796227739397
6,29,La Boca,Guayaquil,2025,5,29,1.0358516219244593,0.6382188614378588
6,29,Porto Alegre,Guayaquil,2025,5,29,1.3258404791198284,0.47312991973658264
6,29,Montevideo,Guayaquil,2025,5,29,1.3004967063835136,-0.03366805873829831
6,29,Santos,Guayaquil,2025,5,29,1.954789531923677,0.234375280399582
6,29,Bogota,Agua Branca,2025,5,29,1.339185536901399,1.3365828641160344
6,29,Rio de Janeiro,Agua Branca,2025,5,29,1.1348747347359067,0.7764338667941347
6,29,Asuncion,Agua Branca,2025,5,29,1.5538963911600299,0.3321950216798124
6,29,Medellin,Agua Branca,2025,5,29,0.8375757279792252,1.800218066726674
6,29,Sao Paulo,Agua Branca,2025,5,29,1.619447887349334,1.3006841754005427
6,29,La Plata,Agua Branca,2025,5,29,1.4923610005868306,0.7490730973594644
6,29,Santiago,Agua Branca,2025,5,29,1.2894656096147903,0.91119901347782
6,29,Buenos Aires,Agua Branca,2025,5,29,1.1179773249894616,1.0077480316213612
6,29,Avellaneda,Agua Branca,2025,5,29,1.549958877081787,0.7164546614272
6,29,Quito,Agua Branca,2025,5,29,1.125506120645006,0.7470057564322377
6,29,La Boca,Agua Branca,2025,5,29,1.3010975459405163,1.1345646688739484
6,29,Porto Alegre,Agua Branca,2025,5,29,1.0874037305079085,0.8758702575846858
6,29,Montevideo,Agua Branca,2025,5,29,1.0648607047667153,0.30497980635193317
6,29,Santos,Agua Branca,2025,5,29,0.93696859771048,1.1776203514089771
6,29,Rio de Janeiro,Bogota,2025,5,29,1.3762717051661533,1.4115102750774315
6,29,Asuncion,Bogota,2025,5,29,1.8206106053162208,0.13750497643242432
6,29,Medellin,Bogota,2025,5,29,1.7049768388831017,0.4076168748517189
6,29,Sao Paulo,Bogota,2025,5,29,1.7772944507424506,0.6793845022876108
6,29,La Plata,Bogota,2025,5,29,1.9206932583705456,0.8636338319360297
6,29,Santiago,Bogota,2025,5,29,2.0191144511838224,0.709579252995733
6,29,Buenos Aires,Bogota,2025,5,29,1.5506901180106945,1.0176317180138716
6,29,Avellaneda,Bogota,2025,5,29,1.6861766512046206,0.4312777161631501
6,29,Quito,Bogota,2025,5,29,1.6329131627256692,1.2482259552451784
6,29,La Boca,Bogota,2025,5,29,1.751345494035097,1.1999872615761997
6,29,Porto Alegre,Bogota,2025,5,29,1.8022424359363105,0.9767733684498829
6,29,Montevideo,Bogota,2025,5,29,1.3298437420602627,0.06739154199921922
6,29,Santos,Bogota,2025,5,29,1.7197025106025536,0.6620846909853637
6,29,Asuncion,Rio de Janeiro,2025,5,29,1.2684622215971366,0.19465545945725485
6,29,Medellin,Rio de Janeiro,2025,5,29,0.543772407054302,0.29688676287875737
6,29,Sao Paulo,Rio de Janeiro,2025,5,29,1.7559075971638978,0.7595117151120342
6,29,La Plata,Rio de Janeiro,2025,5,29,1.8040453839419686,0.591230695684853
6,29,Santiago,Rio de Janeiro,2025,5,29,0.7391598060295383,0.8469453855516631
6,29,Buenos Aires,Rio de Janeiro,2025,5,29,1.7619533922889565,0.6854611490066063
6,29,Avellaneda,Rio de Janeiro,2025,5,29,1.4386186924218025,0.3227096886936348
6,29,Quito,Rio de Janeiro,2025,5,29,2.0283175364214134,0.9444628073384802
6,29,La Boca,Rio de Janeiro,2025,5,29,1.2418614016516054,0.2638142182029373
6,29,Porto Alegre,Rio de Janeiro,2025,5,29,1.3499486656373536,0.652045729992566
6,29,Montevideo,Rio de Janeiro,2025,5,29,1.478309008058891,0.14637313381385725
6,29,Santos,Rio de Janeiro,2025,5,29,1.192827929684982,0.47498941057662186
6,29,Medellin,Asuncion,2025,5,29,0.1778297976995012,2.166090582126969
6,29,Sao Paulo,Asuncion,2025,5,29,1.670292197855167,2.2176731580745384
6,29,La Plata,Asuncion,2025,5,29,1.5603421142707272,0.8347243466870701
6,29,Santiago,Asuncion,2025,5,29,-0.04200277623394091,0.4899600904651153
6,29,Buenos Aires,Asuncion,2025,5,29,1.7233911797087205,2.158968737746143
6,29,Avellaneda,Asuncion,2025,5,29,2.2261199840252983,2.5700272019381014
6,29,Quito,Asuncion,2025,5,29,0.7378410978288585,1.7773308943627533
6,29,La Boca,Asuncion,2025,5,29,0.4249556264064882,2.7094775246332135
6,29,Porto Alegre,Asuncion,2025,5,29,1.0850117606236946,2.3918518995802067
6,29,Montevideo,Asuncion,2025,5,29,1.0001677782920846,2.511255348379079
6,29,Santos,Asuncion,2025,5,29,0.3357515396542977,1.3881591904037611
6,29,Sao Paulo,Medellin,2025,5,29,1.5077113151683341,0.9316630588340896
6,29,La Plata,Medellin,2025,5,29,1.5980864033089857,0.951740943719253
6,29,Santiago,Medellin,2025,5,29,0.41666302349098566,1.0332468071531182
6,29,Buenos Aires,Medellin,2025,5,29,1.8214720865119036,1.0128099473378966
6,29,Avellaneda,Medellin,2025,5,29,2.003471382847128,0.5065345510485655
6,29,Quito,Medellin,2025,5,29,0.5603088349855658,1.134876573458541
6,29,La Boca,Medellin,2025,5,29,0.46033022568104925,1.419658417245082
6,29,Porto Alegre,Medellin,2025,5,29,1.2059482379828839,0.9394131593244105
6,29,Montevideo,Medellin,2025,5,29,1.208670893282775,0.1944902815565878
6,29,Santos,Medellin,2025,5,29,0.16502665713337894,1.2171581220480803
6,29,La Plata,Sao Paulo,2025,5,29,0.9959700035442183,0.8737675577534638
6,29,Santiago,Sao Paulo,2025,5,29,0.26162221260102525,0.47267714032673747
6,29,Buenos Aires,Sao Paulo,2025,5,29,1.1607825014381303,1.646926558709794
6,29,Avellaneda,Sao Paulo,2025,5,29,0.6473595742876066,1.684351703546076
6,29,Quito,Sao Paulo,2025,5,29,0.3415707838219668,1.3327670575694541
6,29,La Boca,Sao Paulo,2025,5,29,0.7161441943207922,0.620203900827287
6,29,Porto Alegre,Sao Paulo,2025,5,29,0.5635540981037651,1.2623213059157297
6,29,Montevideo,Sao Paulo,2025,5,29,0.64783191491374,0.9135400249757768
6,29,Santos,Sao Paulo,2025,5,29,0.474302729665128,0.9733515687934352
6,29,Santiago,La Plata,2025,5,29,0.9504106906768396,0.3892129208641211
6,29,Buenos Aires,La Plata,2025,5,29,1.897942150610539,0.42935986689438194
6,29,Avellaneda,La Plata,2025,5,29,1.8183421571722702,0.07219972750808809
6,29,Quito,La Plata,2025,5,29,0.6177182559039591,0.21663241413812168
6,29,La Boca,La Plata,2025,5,29,0.5614340752875911,0.402035503992591
6,29,Porto Alegre,La Plata,2025,5,29,1.111680122899458,0.5812756662649703
6,29,Montevideo,La Plata,2025,5,29,1.0459503954479532,-0.28328439940310546
6,29,Santos,La Plata,2025,5,29,0.650411431689368,0.521829025893277
6,29,Buenos Aires,Santiago,2025,5,29,1.627821625314343,2.04595869847447
6,29,Avellaneda,Santiago,2025,5,29,1.7143065840770393,1.406378193067022
6,29,Quito,Santiago,2025,5,29,0.9962684671187441,1.7250361019605138
6,29,La Boca,Santiago,2025,5,29,1.3540319978179949,1.9037003723495374
6,29,Porto Alegre,Santiago,2025,5,29,1.0378701484561472,2.5804693878724447
6,29,Montevideo,Santiago,2025,5,29,1.0565731027352752,1.1819833197736411
6,29,Santos,Santiago,2025,5,29,1.3992922622638657,1.2185066161581812
6,29,Avellaneda,Buenos Aires,2025,5,29,1.0034691097919666,2.7429722829982444
6,29,Quito,Buenos Aires,2025,5,29,1.128778207391466,1.9461161472465274
6,29,La Boca,Buenos Aires,2025,5,29,0.9009200171592013,2.533483399850226
6,29,Porto Alegre,Buenos Aires,2025,5,29,0.962459557965944,2.4864896933639087
6,29,Montevideo,Buenos Aires,2025,5,29,0.7040022258162366,2.4586076021427155
6,29,Santos,Buenos Aires,2025,5,29,1.5470933976491144,1.5987280730712705
6,29,Quito,Avellaneda,2025,5,29,0.6199043345398718,1.2674116976326861
6,29,La Boca,Avellaneda,2025,5,29,0.5051995567492026,1.1966564396400683
6,29,Porto Alegre,Avellaneda,2025,5,29,0.9163006192625582,1.3049426626890734
6,29,Montevideo,Avellaneda,2025,5,29,1.1055142320788918,0.9808210566229482
6,29,Santos,Avellaneda,2025,5,29,0.7755343048854973,0.8981198474308248
6,29,La Boca,Quito,2025,5,29,1.8036999111719438,0.8778736593817273
6,29,Porto Alegre,Quito,2025,5,29,1.8554971496033816,1.20517340506737
6,29,Montevideo,Quito,2025,5,29,1.520913160675542,0.4161696606971619
6,29,Santos,Quito,2025,5,29,1.9905921848928618,1.0474151895149326
6,29,Porto Alegre,La Boca,2025,5,29,1.0586044359875983,2.135919071817801
6,29,Montevideo,La Boca,2025,5,29,0.9930183279693962,1.3886259006611739
6,29,Santos,La Boca,2025,5,29,0.8069077855284287,1.1407602215857398
6,29,Montevideo,Porto Alegre,2025,5,29,1.2023035960494184,-0.005542984915026454
6,29,Santos,Porto Alegre,2025,5,29,0.8804520412303961,0.4763636420903669
6,29,Santos,Montevideo,2025,5,29,0.5565685108408694,0.8001800461926593
6,32,Penarol,Itaquera,2025,5,29,0.5128748273966764,0.007700393474277799
6,32,Lima,Itaquera,2025,5,29,0.7786262576825436,0.43469857963013875
6,32,Belo Horizonte,Itaquera,2025,5,29,0.8143052297063017,1.1867918692154507
6,32,Guayaquil,Itaquera,2025,5,29,0.7550200484995291,0.5009835377122768
6,32,Agua Branca,Itaquera,2025,5,29,1.0473914749151316,0.9752457854179957
6,32,Bogota,Itaquera,2025,5,29,0.09108172496171985,1.3077576377953188
6,32,Rio de Janeiro,Itaquera,2025,5,29,0.7345108525857825,0.511023584515727
6,32,Asuncion,Itaquera,2025,5,29,0.39210428428913335,-0.13426295177724612
6,32,Medellin,Itaquera,2025,5,29,0.4994215115366756,0.7889281595866987
6,32,Sao Paulo,Itaquera,2025,5,29,0.2604277095435932,-0.055825013076766065
6,32,La Plata,Itaquera,2025,5,29,0.6945581517181506,0.6959391024442015
6,32,Santiago,Itaquera,2025,5,29,0.5634836078386329,0.412855225498215
6,32,Buenos Aires,Itaquera,2025,5,29,0.647735587976707,0.7626959003122732
6,32,Avellaneda,Itaquera,2025,5,29,0.6574696982431144,0.1630597830301357
6,32,Quito,Itaquera,2025,5,29,1.0723778614026687,0.6891284233077815
6,32,La Boca,Itaquera,2025,5,29,0.4856712525589422,0.35685628084564724
6,32,Porto Alegre,Itaquera,2025,5,29,0.6466388146824515,0.20560705895241094
6,32,Montevideo,Itaquera,2025,5,29,0.4362827250885923,-0.1973531170459723
6,32,Santos,Itaquera,2025,5,29,0.38904341001844184,0.3803613975832872
6,32,Lima,Penarol,2025,5,29,0.3338403468261164,0.49223231464033856
6,32,Belo Horizonte,Penarol,2025,5,29,0.7575803122286272,2.6393611447016907
6,32,Guayaquil,Penarol,2025,5,29,0.5022579066771701,1.2503786055277484
6,32,Agua Branca,Penarol,2025,5,29,0.9800780307433178,1.7497940444504023
6,32,Bogota,Penarol,2025,5,29,1.137057711246217,2.5563785958137655
6,32,Rio de Janeiro,Penarol,2025,5,29,1.173993726790742,2.123737684245791
6,32,Asuncion,Penarol,2025,5,29,1.6469362012733648,0.9202152318621754
6,32,Medellin,Penarol,2025,5,29,0.41786769891611286,2.651485679609884
6,32,Sao Paulo,Penarol,2025,5,29,1.837365127856967,2.2823456143616445
6,32,La Plata,Penarol,2025,5,29,1.7541622424506305,0.8328818650196922
6,32,Santiago,Penarol,2025,5,29,1.5714761770270835,0.763003487592535
6,32,Buenos Aires,Penarol,2025,5,29,1.606653969353328,2.4681032949400876
6,32,Avellaneda,Penarol,2025,5,29,0.8090615396478833,2.298871484332645
6,32,Quito,Penarol,2025,5,29,0.8609858488514818,1.7779584762089176
6,32,La Boca,Penarol,2025,5,29,0.674321803895453,2.0608940148460952
6,32,Porto Alegre,Penarol,2025,5,29,0.9985006735948815,2.4649027633156573
6,32,Montevideo,Penarol,2025,5,29,1.0121464895915946,1.902748006808889
6,32,Santos,Penarol,2025,5,29,1.5219880997168147,1.5080331792295751
6,32,Belo Horizonte,Lima,2025,5,29,0.11391702028330057,1.9677800298281345
6,32,Guayaquil,Lima,2025,5,29,0.6903167308895432,1.2138580543703021
6,32,Agua Branca,Lima,2025,5,29,0.032442024596165395,1.1657240006506298
6,32,Bogota,Lima,2025,5,29,0.3213621308458213,2.2668154267883267
6,32,Rio de Janeiro,Lima,2025,5,29,-0.05283633757745471,1.5244723707319419
6,32,Asuncion,Lima,2025,5,29,0.07772450182872868,0.3769704602777983
6,32,Medellin,Lima,2025,5,29,-0.02496304764222202,1.8480469767189929
6,32,Sao Paulo,Lima,2025,5,29,0.05362425108459575,1.6646585251715045
6,32,La Plata,Lima,2025,5,29,0.5140215670747202,1.0798503782164972
6,32,Santiago,Lima,2025,5,29,0.07245373763959621,1.044079814656399
6,32,Buenos Aires,Lima,2025,5,29,0.7393509019718825,1.7497596278470569
6,32,Avellaneda,Lima,2025,5,29,0.38272198038670824,0.889320427721746
6,32,Quito,Lima,2025,5,29,-0.03586026335858065,1.4414069324299472
6,32,La Boca,Lima,2025,5,29,-0.03973248484607812,1.510029418134046
6,32,Porto Alegre,Lima,2025,5,29,0.021297353181308425,2.0852515043022515
6,32,Montevideo,Lima,2025,5,29,0.35111772161773613,0.7893655978490943
6,32,Santos,Lima,2025,5,29,0.04027415971098786,1.5164072581044303
6,32,Guayaquil,Belo Horizonte,2025,5,29,0.18582876128271256,1.0888414519500187
6,32,Agua Branca,Belo Horizonte,2025,5,29,1.3572279129649323,1.729169653340319
6,32,Bogota,Belo Horizonte,2025,5,29,0.815743900316294,2.611345284054373
6,32,Rio de Janeiro,Belo Horizonte,2025,5,29,1.5788295584308307,2.3521061764795066
6,32,Asuncion,Belo Horizonte,2025,5,29,1.005476032932975,1.0007901320866115
6,32,Medellin,Belo Horizonte,2025,5,29,0.5673271125857451,2.4138954891046027
6,32,Sao Paulo,Belo Horizonte,2025,5,29,1.4587789575653256,2.5843699774234206
6,32,La Plata,Belo Horizonte,2025,5,29,0.8135714268809979,0.8303731036411459
6,32,Santiago,Belo Horizonte,2025,5,29,0.9072073975384044,0.9409347576728688
6,32,Buenos Aires,Belo Horizonte,2025,5,29,1.2987090793774363,2.2850270256039544
6,32,Avellaneda,Belo Horizonte,2025,5,29,1.046156669250299,2.7192824901871475
6,32,Quito,Belo Horizonte,2025,5,29,1.0204292773030026,1.821755045386367
6,32,La Boca,Belo Horizonte,2025,5,29,0.6020833892482021,2.4368185618220837
6,32,Porto Alegre,Belo Horizonte,2025,5,29,0.7313780886511836,2.5143989324777287
6,32,Montevideo,Belo Horizonte,2025,5,29,1.1418466366064375,2.3941077772050976
6,32,Santos,Belo Horizonte,2025,5,29,0.7972458250268885,1.568253069357772
6,32,Agua Branca,Guayaquil,2025,5,29,2.3674556924537193,0.7672418767982687
6,32,Bogota,Guayaquil,2025,5,29,0.9500804601770713,1.514901011755253
6,32,Rio de Janeiro,Guayaquil,2025,5,29,1.6897733750059216,0.7754255192901596
6,32,Asuncion,Guayaquil,2025,5,29,1.4914098680505112,0.022333799701275775
6,32,Medellin,Guayaquil,2025,5,29,2.0484188972371435,0.7954883042078026
6,32,Sao Paulo,Guayaquil,2025,5,29,2.3022045979700465,0.038874726554789595
6,32,La Plata,Guayaquil,2025,5,29,1.6938756645733337,0.4712819609916182
6,32,Santiago,Guayaquil,2025,5,29,1.4597200715282566,0.33729862050594417
6,32,Buenos Aires,Guayaquil,2025,5,29,1.9894865703974685,0.6699311667807579
6,32,Avellaneda,Guayaquil,2025,5,29,1.2390393776300486,0.3172387377277076
6,32,Quito,Guayaquil,2025,5,29,1.3516453914452227,1.029818860999502
6,32,La Boca,Guayaquil,2025,5,29,1.026786478452755,0.562398818886003
6,32,Porto Alegre,Guayaquil,2025,5,29,1.343270588253682,0.5554642442192864
6,32,Montevideo,Guayaquil,2025,5,29,1.4431035594680406,-0.0974722998309881
6,32,Santos,Guayaquil,2025,5,29,2.2378945429431165,0.16059521844353
6,32,Bogota,Agua Branca,2025,5,29,1.3428252337450948,1.53592740232715
6,32,Rio de Janeiro,Agua Branca,2025,5,29,1.1204901204570383,0.8572944283089398
6,32,Asuncion,Agua Branca,2025,5,29,1.332100046808526,0.25928047648558766
6,32,Medellin,Agua Branca,2025,5,29,0.7148424966087819,2.0297788767348557
6,32,Sao Paulo,Agua Branca,2025,5,29,1.4595926233440364,1.345668697499988
6,32,La Plata,Agua Branca,2025,5,29,1.3605381461401953,0.8071115670015918
6,32,Santiago,Agua Branca,2025,5,29,1.223588802551886,1.0141561537323132
6,32,Buenos Aires,Agua Branca,2025,5,29,1.2208803533993404,1.1132597685041263
6,32,Avellaneda,Agua Branca,2025,5,29,1.548143220451663,0.7354653320894201
6,32,Quito,Agua Branca,2025,5,29,0.9341085857347143,0.7290900564182378
6,32,La Boca,Agua Branca,2025,5,29,1.0698399283924218,1.0947148138896114
6,32,Porto Alegre,Agua Branca,2025,5,29,1.0152023029863153,0.9901816910853182
6,32,Montevideo,Agua Branca,2025,5,29,1.1032735586777302,0.3344107428439047
6,32,Santos,Agua Branca,2025,5,29,0.9166200434194576,1.1472092689734907
6,32,Rio de Janeiro,Bogota,2025,5,29,1.3433711385227394,1.64226502714156
6,32,Asuncion,Bogota,2025,5,29,1.8050911557813516,0.11129816756206776
6,32,Medellin,Bogota,2025,5,29,1.9494526217417423,0.5818487804873085
6,32,Sao Paulo,Bogota,2025,5,29,2.1259613063385494,0.7738117137244493
6,32,La Plata,Bogota,2025,5,29,1.9888229100617068,0.8483930691948113
6,32,Santiago,Bogota,2025,5,29,1.971927048641483,0.7358533058721487
6,32,Buenos Aires,Bogota,2025,5,29,1.9961548707525967,1.15317922202466
6,32,Avellaneda,Bogota,2025,5,29,1.6530007317809465,0.523776000432038
6,32,Quito,Bogota,2025,5,29,1.6346325436435318,1.2084992408122295
6,32,La Boca,Bogota,2025,5,29,1.6928344181195987,1.2057815080869565
6,32,Porto Alegre,Bogota,2025,5,29,1.769736799242419,1.2303987561030831
6,32,Montevideo,Bogota,2025,5,29,1.5561157266937813,0.06435256885820928
6,32,Santos,Bogota,2025,5,29,2.0284790743529806,0.6647777536394799
6,32,Asuncion,Rio de Janeiro,2025,5,29,0.9054274745394175,0.1232508921712455
6,32,Medellin,Rio de Janeiro,2025,5,29,0.46966753669010325,0.44008266440345106
6,32,Sao Paulo,Rio de Janeiro,2025,5,29,1.527525256448272,0.7249696596629661
6,32,La Plata,Rio de Janeiro,2025,5,29,1.4182307689120481,0.647089485773515
6,32,Santiago,Rio de Janeiro,2025,5,29,0.6792330560261713,0.9489698428704038
6,32,Buenos Aires,Rio de Janeiro,2025,5,29,1.9621704070292019,0.7063581275822379
6,32,Avellaneda,Rio de Janeiro,2025,5,29,1.405367100075774,0.2502171159062423
6,32,Quito,Rio de Janeiro,2025,5,29,1.5386316908590505,0.934067972873996
6,32,La Boca,Rio de Janeiro,2025,5,29,0.840260369250768,0.22311507767925454
6,32,Porto Alegre,Rio de Janeiro,2025,5,29,1.22934859458396,0.7635091876649268
6,32,Montevideo,Rio de Janeiro,2025,5,29,1.4762750847433195,0.08756953366417215
6,32,Santos,Rio de Janeiro,2025,5,29,1.107984685023456,0.4473210643273277
6,32,Medellin,Asuncion,2025,5,29,0.1356031600230251,2.428082826594125
6,32,Sao Paulo,Asuncion,2025,5,29,1.49785633021474,2.626907485016273
6,32,La Plata,Asuncion,2025,5,29,1.1947981223475679,0.9124871387349419
6,32,Santiago,Asuncion,2025,5,29,-0.044699347004776395,0.575932946468967
6,32,Buenos Aires,Asuncion,2025,5,29,1.9326725976115595,2.509198705677207
6,32,Avellaneda,Asuncion,2025,5,29,2.2111472502876013,3.001647637319603
6,32,Quito,Asuncion,2025,5,29,0.33236276187288727,1.8649875646932936
6,32,La Boca,Asuncion,2025,5,29,0.0867302244503197,2.80964244936347
6,32,Porto Alegre,Asuncion,2025,5,29,1.0350017440020147,2.7444382403222947
6,32,Montevideo,Asuncion,2025,5,29,1.0590938867787398,2.7809926265791094
6,32,Santos,Asuncion,2025,5,29,0.29180207005494907,1.5013884233018706
6,32,Sao Paulo,Medellin,2025,5,29,1.2926610553495232,0.8756905151742587
6,32,La Plata,Medellin,2025,5,29,1.2225380790856673,1.0066612702002664
6,32,Santiago,Medellin,2025,5,29,0.39359273826395624,1.109798950327738
6,32,Buenos Aires,Medellin,2025,5,29,2.0262236057817504,0.9852640943699299
6,32,Avellaneda,Medellin,2025,5,29,1.9804223643628025,0.43326546659685294
6,32,Quito,Medellin,2025,5,29,0.12273266735714089,1.116012830843829
6,32,La Boca,Medellin,2025,5,29,0.08798939288637551,1.366509842955646
6,32,Porto Alegre,Medellin,2025,5,29,1.146422185393674,0.9717849162023868
6,32,Montevideo,Medellin,2025,5,29,1.2703599599756252,0.1334455803941202
6,32,Santos,Medellin,2025,5,29,0.09553057811382361,1.1660773687773511
6,32,La Plata,Sao Paulo,2025,5,29,1.0006571511282654,0.8840118606280065
6,32,Santiago,Sao Paulo,2025,5,29,0.24185263507382904,0.494264866806953
6,32,Buenos Aires,Sao Paulo,2025,5,29,1.3603688575224355,1.7758842890151711
6,32,Avellaneda,Sao Paulo,2025,5,29,0.6423169861662765,1.9901071147594447
6,32,Quito,Sao Paulo,2025,5,29,0.32782034841192714,1.3180609847541382
6,32,La Boca,Sao Paulo,2025,5,29,0.7269003471069833,0.6499495638759587
6,32,Porto Alegre,Sao Paulo,2025,5,29,0.5677361398611349,1.5387590791062566
6,32,Montevideo,Sao Paulo,2025,5,29,0.7506071009420253,1.0954144935830656
6,32,Santos,Sao Paulo,2025,5,29,0.466077894949913,0.9259571752070574
6,32,Santiago,La Plata,2025,5,29,0.928344719996704,0.3877613021895995
6,32,Buenos Aires,La Plata,2025,5,29,2.076983478263634,0.4067673361814742
6,32,Avellaneda,La Plata,2025,5,29,1.7310027255905525,0.037173434391225016
6,32,Quito,La Plata,2025,5,29,0.5440478788262951,0.21068211487086372
6,32,La Boca,La Plata,2025,5,29,0.5473612972417593,0.33027509175763464
6,32,Porto Alegre,La Plata,2025,5,29,1.0495877563534923,0.6287761829660874
6,32,Montevideo,La Plata,2025,5,29,1.1418624831520996,-0.34255252241586204
6,32,Santos,La Plata,2025,5,29,0.6594391555848748,0.4566106036132621
6,32,Buenos Aires,Santiago,2025,5,29,1.6598991518905197,2.3039402751721894
6,32,Avellaneda,Santiago,2025,5,29,1.6665112512757991,1.7884016196292876
6,32,Quito,Santiago,2025,5,29,0.9601254120904686,1.8210254941042159
6,32,La Boca,Santiago,2025,5,29,1.2694179049170091,2.0799622218786284
6,32,Porto Alegre,Santiago,2025,5,29,0.9656687209345544,3.001211563411862
6,32,Montevideo,Santiago,2025,5,29,1.0512431700850209,1.3734977777500983
6,32,Santos,Santiago,2025,5,29,1.3867727613760235,1.3573055194480463
6,32,Avellaneda,Buenos Aires,2025,5,29,0.9646022239602486,3.2339897424408868
6,32,Quito,Buenos Aires,2025,5,29,1.118170091459732,2.0759704724715347
6,32,La Boca,Buenos Aires,2025,5,29,0.884707557610182,2.717781200600518
6,32,Porto Alegre,Buenos Aires,2025,5,29,0.999018652822967,2.8923251800717025
6,32,Montevideo,Buenos Aires,2025,5,29,0.7158450064885612,2.752114979277388
6,32,Santos,Buenos Aires,2025,5,29,1.517504294215974,1.8004291029356765
6,32,Quito,Avellaneda,2025,5,29,0.587544962732461,1.2642491650209746
6,32,La Boca,Avellaneda,2025,5,29,0.4619518879010222,1.15983014875044
6,32,Porto Alegre,Avellaneda,2025,5,29,0.8979794261369302,1.4252523972818332
6,32,Montevideo,Avellaneda,2025,5,29,1.1917124061415338,1.0696996159595036
6,32,Santos,Avellaneda,2025,5,29,0.7794169060306791,0.9187037266928887
6,32,La Boca,Quito,2025,5,29,1.7938243415257775,0.8472745534540105
6,32,Porto Alegre,Quito,2025,5,29,1.879700318264828,1.3869910210854655
6,32,Montevideo,Quito,2025,5,29,1.644539026258663,0.35373388825585306
6,32,Santos,Quito,2025,5,29,2.2724358255917845,1.0115612444164281
6,32,Porto Alegre,La Boca,2025,5,29,0.9909656395755954,2.497995553116385
6,32,Montevideo,La Boca,2025,5,29,1.0941170501616304,1.5802683717768475
6,32,Santos,La Boca,2025,5,29,0.8154406871354918,1.261176677300218
6,32,Montevideo,Porto Alegre,2025,5,29,1.2915137418808194,-0.07028568961536462
6,32,Santos,Porto Alegre,2025,5,29,0.9222687316481668,0.3956776308671295
6,32,Santos,Montevideo,2025,5,29,0.8863652799155127,0.8040860768487019
6,35,Penarol,Itaquera,2025,5,29,0.5122713241239278,-0.015522787001634954
6,35,Lima,Itaquera,2025,5,29,0.6495911046329532,0.4457048800107878
6,35,Belo Horizonte,Itaquera,2025,5,29,0.4548747071022938,1.166152845325411
6,35,Guayaquil,Itaquera,2025,5,29,0.7550200484995291,0.4808179174172694
6,35,Agua Branca,Itaquera,2025,5,29,0.5528713905960262,0.9306096659923841
6,35,Bogota,Itaquera,2025,5,29,0.09108172496171985,1.305119978093252
6,35,Rio de Janeiro,Itaquera,2025,5,29,0.40270741402432325,0.4576583624621913
6,35,Asuncion,Itaquera,2025,5,29,0.3707087026371954,-0.1381396144840965
6,35,Medellin,Itaquera,2025,5,29,0.4885073964339566,0.7832158937853151
6,35,Sao Paulo,Itaquera,2025,5,29,0.12533814782849484,-0.07566703781659652
6,35,La Plata,Itaquera,2025,5,29,0.6960796305247058,0.6276909173031665
6,35,Santiago,Itaquera,2025,5,29,0.5737191241464569,0.4240934605906401
6,35,Buenos Aires,Itaquera,2025,5,29,0.6558461222052272,0.7409662944143892
6,35,Avellaneda,Itaquera,2025,5,29,0.5310941740292846,0.15074314150111093
6,35,Quito,Itaquera,2025,5,29,0.5984727617376484,0.6830813122892899
6,35,La Boca,Itaquera,2025,5,29,0.47397654045837123,0.30533364989396794
6,35,Porto Alegre,Itaquera,2025,5,29,0.5155532668845657,0.19884392985686328
6,35,Montevideo,Itaquera,2025,5,29,0.4351445750593867,-0.22219174104920777
6,35,Santos,Itaquera,2025,5,29,0.390564888824997,0.3623662255999208
6,35,Lima,Penarol,2025,5,29,0.4195322908570514,0.5244355407930064
6,35,Belo Horizonte,Penarol,2025,5,29,0.8453972383388659,2.6146201251709087
6,35,Guayaquil,Penarol,2025,5,29,0.6040018479883755,1.2566389609873074
6,35,Agua Branca,Penarol,2025,5,29,1.067291453580808,1.7673974061053221
6,35,Bogota,Penarol,2025,5,29,1.2712314581547184,2.557520626604418
6,35,Rio de Janeiro,Penarol,2025,5,29,1.256151697654503,2.0322636078024803
6,35,Asuncion,Penarol,2025,5,29,1.591562030084657,0.9606941867726224
6,35,Medellin,Penarol,2025,5,29,0.4210008618963692,2.6175867289021055
6,35,Sao Paulo,Penarol,2025,5,29,2.0796443714213035,2.271797295970913
6,35,La Plata,Penarol,2025,5,29,1.9985664680942705,0.8153154776272947
6,35,Santiago,Penarol,2025,5,29,1.5730878612007848,0.8183177966510699
6,35,Buenos Aires,Penarol,2025,5,29,1.9491556754223147,2.4212864371055796
6,35,Avellaneda,Penarol,2025,5,29,0.8947534836788182,2.2761680922593324
6,35,Quito,Penarol,2025,5,29,0.9234076162542503,1.8207505718372077
6,35,La Boca,Penarol,2025,5,29,0.7367435712982218,1.9922764650180373
6,35,Porto Alegre,Penarol,2025,5,29,1.0001123577685826,2.4330523822834853
6,35,Montevideo,Penarol,2025,5,29,1.0136679683981498,1.8830090103571695
6,35,Santos,Penarol,2025,5,29,1.751400969053421,1.5586361977811647
6,35,Belo Horizonte,Lima,2025,5,29,0.12749650428494697,1.9517670460312853
6,35,Guayaquil,Lima,2025,5,29,0.6982810845076682,1.1716011893957652
6,35,Agua Branca,Lima,2025,5,29,0.04601984049956752,1.1717175628246972
6,35,Bogota,Lima,2025,5,29,0.3213621308458213,2.2098910971682026
6,35,Rio de Janeiro,Lima,2025,5,29,-0.044871983959329655,1.3934417861435375
6,35,Asuncion,Lima,2025,5,29,0.08568718734860946,0.3681318443697004
6,35,Medellin,Lima,2025,5,29,-0.01138356364057565,1.8749631604607335
6,35,Sao Paulo,Lima,2025,5,29,0.059237713369872824,1.6223904105350366
6,35,La Plata,Lima,2025,5,29,0.5276010510763667,1.0156070212679962
6,35,Santiago,Lima,2025,5,29,0.08041809125772126,1.0345221705958483
6,35,Buenos Aires,Lima,2025,5,29,0.7473135874917634,1.7072341427961981
6,35,Avellaneda,Lima,2025,5,29,0.39629979629011036,0.8875065411241897
6,35,Quito,Lima,2025,5,29,-0.024940408192695017,1.4252329601155445
6,35,La Boca,Lima,2025,5,29,-0.04239211368183886,1.4294474849223697
6,35,Porto Alegre,Lima,2025,5,29,0.029261706799433476,1.9952794612933809
6,35,Montevideo,Lima,2025,5,29,0.3564224464001004,0.766003748583663
6,35,Santos,Lima,2025,5,29,0.05385364371263423,1.4763208414415343
6,35,Guayaquil,Belo Horizonte,2025,5,29,0.2899109177916124,1.1073189422798377
6,35,Agua Branca,Belo Horizonte,2025,5,29,0.9764074613572157,1.7571475587636427
6,35,Bogota,Belo Horizonte,2025,5,29,0.819392810420594,2.5140724412451476
6,35,Rio de Janeiro,Belo Horizonte,2025,5,29,1.1702401083658975,2.2203583696294884
6,35,Asuncion,Belo Horizonte,2025,5,29,0.958494855076085,1.0851193624906554
6,35,Medellin,Belo Horizonte,2025,5,29,0.5662453749021507,2.392213673267084
6,35,Sao Paulo,Belo Horizonte,2025,5,29,1.287445552990478,2.593429361608627
6,35,La Plata,Belo Horizonte,2025,5,29,0.8141219293781229,0.8492870612194374
6,35,Santiago,Belo Horizonte,2025,5,29,0.9248688642021771,1.0075498601666362
6,35,Buenos Aires,Belo Horizonte,2025,5,29,1.3568890099639905,2.2633452097664355
6,35,Avellaneda,Belo Horizonte,2025,5,29,0.8989800736966593,2.691701314107716
6,35,Quito,Belo Horizonte,2025,5,29,0.6225254290423973,1.8883219592168108
6,35,La Boca,Belo Horizonte,2025,5,29,0.6528104445503996,2.4032972950583766
6,35,Porto Alegre,Belo Horizonte,2025,5,29,0.5697984184932752,2.4307224408118078
6,35,Montevideo,Belo Horizonte,2025,5,29,1.0814859016245666,2.387270517389834
6,35,Santos,Belo Horizonte,2025,5,29,0.8051991706081043,1.6384637904852997
6,35,Agua Branca,Guayaquil,2025,5,29,2.130561189540106,0.7412082161929237
6,35,Bogota,Guayaquil,2025,5,29,1.1324844403406693,1.4527542264100926
6,35,Rio de Janeiro,Guayaquil,2025,5,29,1.454322270173398,0.6776486266642505
6,35,Asuncion,Guayaquil,2025,5,29,1.4520876941420742,0.040787837524602875
6,35,Medellin,Guayaquil,2025,5,29,2.0601758923515225,0.7954883042078026
6,35,Sao Paulo,Guayaquil,2025,5,29,2.560535838814653,0.03929308548673423
6,35,La Plata,Guayaquil,2025,5,29,1.9522069054179405,0.43618435254124127
6,35,Santiago,Guayaquil,2025,5,29,1.5232735562494315,0.3377169794378888
6,35,Buenos Aires,Guayaquil,2025,5,29,2.363363525212804,0.6699311667807579
6,35,Avellaneda,Guayaquil,2025,5,29,1.399249068504175,0.3112354566323601
6,35,Quito,Guayaquil,2025,5,29,1.0739072358166168,1.030085110414688
6,35,La Boca,Guayaquil,2025,5,29,1.0994437621633475,0.5288775521222965
6,35,Porto Alegre,Guayaquil,2025,5,29,1.343270588253682,0.4934695683908848
6,35,Montevideo,Guayaquil,2025,5,29,1.4446250382745958,-0.10430955964625079
6,35,Santos,Guayaquil,2025,5,29,2.4656957281060206,0.16493074699034105
6,35,Bogota,Agua Branca,2025,5,29,1.3428252337450948,1.4469027697457166
6,35,Rio de Janeiro,Agua Branca,2025,5,29,1.058792292194284,0.8328559896382625
6,35,Asuncion,Agua Branca,2025,5,29,1.305611351500408,0.2953555690870867
6,35,Medellin,Agua Branca,2025,5,29,0.7031884386419283,2.139049936581518
6,35,Sao Paulo,Agua Branca,2025,5,29,1.2734428678860608,1.4074611270035464
6,35,La Plata,Agua Branca,2025,5,29,1.353321718502956,0.8597032532506046
6,35,Santiago,Agua Branca,2025,5,29,1.2396935899603845,1.017018037688916
6,35,Buenos Aires,Agua Branca,2025,5,29,1.2353717885358935,1.1014563736380611
6,35,Avellaneda,Agua Branca,2025,5,29,1.265875749178002,0.7331006691985096
6,35,Quito,Agua Branca,2025,5,29,0.7218980342365359,0.7508646967422951
6,35,La Boca,Agua Branca,2025,5,29,1.031287904270244,1.115410067532805
6,35,Porto Alegre,Agua Branca,2025,5,29,0.8586525597766572,0.9163836203908515
6,35,Montevideo,Agua Branca,2025,5,29,1.040704928049978,0.3382657305443569
6,35,Santos,Agua Branca,2025,5,29,0.9276370956697021,1.2253750147754232
6,35,Rio de Janeiro,Bogota,2025,5,29,1.3142844809221264,1.4992217299611628
6,35,Asuncion,Bogota,2025,5,29,1.7464983823002802,0.11278090905650008
6,35,Medellin,Bogota,2025,5,29,1.940417538476932,0.5901190392736967
6,35,Sao Paulo,Bogota,2025,5,29,2.221155464897013,0.7274457920030206
6,35,La Plata,Bogota,2025,5,29,2.2151026164180565,0.8019999704140549
6,35,Santiago,Bogota,2025,5,29,1.9872503001075612,0.7219890761487197
6,35,Buenos Aires,Bogota,2025,5,29,2.237757828575025,1.1049257191451778
6,35,Avellaneda,Bogota,2025,5,29,1.532150700290885,0.48539464988617437
6,35,Quito,Bogota,2025,5,29,1.4642248219372092,1.2079165071817692
6,35,La Boca,Bogota,2025,5,29,1.6444771609463513,1.1432009390632532
6,35,Porto Alegre,Bogota,2025,5,29,1.6386512514445335,1.120150577395199
6,35,Montevideo,Bogota,2025,5,29,1.5561157266937813,0.0276098902112845
6,35,Santos,Bogota,2025,5,29,2.254758780709329,0.6366429051227759
6,35,Asuncion,Rio de Janeiro,2025,5,29,0.8689670091619555,-0.05906886762230969
6,35,Medellin,Rio de Janeiro,2025,5,29,0.4514312112614598,0.4651714562716215
6,35,Sao Paulo,Rio de Janeiro,2025,5,29,1.4719111962492977,0.5132509322267041
6,35,La Plata,Rio de Janeiro,2025,5,29,1.493137522616403,0.6165718756244195
6,35,Santiago,Rio de Janeiro,2025,5,29,0.6746521997866409,0.7552524796221145
6,35,Buenos Aires,Rio de Janeiro,2025,5,29,2.056612913576502,0.6763923800106466
6,35,Avellaneda,Rio de Janeiro,2025,5,29,1.1943624868197844,0.05755854647052856
6,35,Quito,Rio de Janeiro,2025,5,29,0.9904353322546017,0.9157317634689153
6,35,La Boca,Rio de Janeiro,2025,5,29,0.8017083451285905,0.18281052046550458
6,35,Porto Alegre,Rio de Janeiro,2025,5,29,1.10221294615747,0.48937742546831814
6,35,Montevideo,Rio de Janeiro,2025,5,29,1.4730490539147578,-0.09625797201413112
6,35,Santos,Rio de Janeiro,2025,5,29,1.2096556742262208,0.43520825994677
6,35,Medellin,Asuncion,2025,5,29,0.1523284191799876,2.3941119123700165
6,35,Sao Paulo,Asuncion,2025,5,29,1.5330765750383761,2.62367777081489
6,35,La Plata,Asuncion,2025,5,29,1.3970187606383067,0.9557544943784728
6,35,Santiago,Asuncion,2025,5,29,-0.028501483073081098,0.6287897283500361
6,35,Buenos Aires,Asuncion,2025,5,29,2.115932942103476,2.4737585692269897
6,35,Avellaneda,Asuncion,2025,5,29,1.8674977762578073,2.9679429725106803
6,35,Quito,Asuncion,2025,5,29,0.12842696959399055,1.919161459283713
6,35,La Boca,Asuncion,2025,5,29,0.08034394504436106,2.800578501518438
6,35,Porto Alegre,Asuncion,2025,5,29,0.8768403166186557,2.6470034280436754
6,35,Montevideo,Asuncion,2025,5,29,0.990654129375823,2.770086087632221
6,35,Santos,Asuncion,2025,5,29,0.5331022748713625,1.5540930956661811
6,35,Sao Paulo,Medellin,2025,5,29,1.0871426058907798,0.9426144928996926
6,35,La Plata,Medellin,2025,5,29,1.1925507787049519,1.0621685191315184
6,35,Santiago,Medellin,2025,5,29,0.40664482704033544,1.1090728020365443
6,35,Buenos Aires,Medellin,2025,5,29,1.9641248700669836,0.9841195871467918
6,35,Avellaneda,Medellin,2025,5,29,1.6194812291832448,0.4384156074751773
6,35,Quito,Medellin,2025,5,29,-0.08825926976369464,1.1279670840133105
6,35,La Boca,Medellin,2025,5,29,0.07136759717259286,1.4103875537203876
6,35,Porto Alegre,Medellin,2025,5,29,0.9868197435518961,0.908645733150847
6,35,Montevideo,Medellin,2025,5,29,1.2090099437252153,0.13698027774512175
6,35,Santos,Medellin,2025,5,29,0.10349493173194864,1.2307789201276238
6,35,La Plata,Sao Paulo,2025,5,29,1.2263704554918133,0.8379722610143713
6,35,Santiago,Sao Paulo,2025,5,29,0.25313343356255313,0.5011373819512803
6,35,Buenos Aires,Sao Paulo,2025,5,29,1.6027234517254298,1.7015711290543583
6,35,Avellaneda,Sao Paulo,2025,5,29,0.6583918740129218,1.954744454030921
6,35,Quito,Sao Paulo,2025,5,29,0.3357847020300522,1.3079829990046572
6,35,La Boca,Sao Paulo,2025,5,29,0.7371358634148072,0.5692242432779568
6,35,Porto Alegre,Sao Paulo,2025,5,29,0.5773121776529612,1.4169993611874334
6,35,Montevideo,Sao Paulo,2025,5,29,0.7500406989492242,1.0685179469666328
6,35,Santos,Sao Paulo,2025,5,29,0.7019336390980879,0.9039311284927007
6,35,Santiago,La Plata,2025,5,29,0.9436679714627821,0.37595727839966353
6,35,Buenos Aires,La Plata,2025,5,29,2.2647654698799724,0.37999683558920216
6,35,Avellaneda,La Plata,2025,5,29,1.5714475921718012,0.06011484360393787
6,35,Quito,La Plata,2025,5,29,0.510279411957475,0.21069036494778734
6,35,La Boca,La Plata,2025,5,29,0.5238283466807627,0.25558675196398717
6,35,Porto Alegre,La Plata,2025,5,29,1.0167554187957748,0.6169721591761512
6,35,Montevideo,La Plata,2025,5,29,1.0761970233878644,-0.357671261116942
6,35,Santos,La Plata,2025,5,29,0.8857188619412234,0.43417563156780115
6,35,Buenos Aires,Santiago,2025,5,29,1.6945157535109934,2.263636763884347
6,35,Avellaneda,Santiago,2025,5,29,1.6040652849746522,1.7396581295192703
6,35,Quito,Santiago,2025,5,29,0.931723093347917,1.8307102371369819
6,35,La Boca,Santiago,2025,5,29,1.218401018908001,2.0464409551149214
6,35,Porto Alegre,Santiago,2025,5,29,0.9680069361322489,2.913043135234065
6,35,Montevideo,Santiago,2025,5,29,1.0480171392564592,1.35031532062855
6,35,Santos,Santiago,2025,5,29,1.486832066405087,1.336854413107796
6,35,Avellaneda,Buenos Aires,2025,5,29,0.9762222117758493,3.2533748632056008
6,35,Quito,Buenos Aires,2025,5,29,0.7537084929799847,2.1358436745811273
6,35,La Boca,Buenos Aires,2025,5,29,0.8453853837017451,2.6795145631091635
6,35,Porto Alegre,Buenos Aires,2025,5,29,1.00842402089951,2.800855924727442
6,35,Montevideo,Buenos Aires,2025,5,29,0.7252503745651045,2.7554957150235877
6,35,Santos,Buenos Aires,2025,5,29,1.7588044990323881,1.8770208712273004
6,35,Quito,Avellaneda,2025,5,29,0.5268151915795077,1.3175740765657478
6,35,La Boca,Avellaneda,2025,5,29,0.3771665350231939,1.109213963110355
6,35,Porto Alegre,Avellaneda,2025,5,29,0.9070192500710441,1.3908508589440232
6,35,Montevideo,Avellaneda,2025,5,29,1.1935762998756905,1.027579648859721
6,35,Santos,Avellaneda,2025,5,29,1.0167026566003632,0.9433620110907539
6,35,La Boca,Quito,2025,5,29,1.7428074555167694,0.7545848494723901
6,35,Porto Alegre,Quito,2025,5,29,1.8927545964456713,1.0833846793729973
6,35,Montevideo,Quito,2025,5,29,1.6549336756037456,0.1463581090919504
6,35,Santos,Quito,2025,5,29,2.379562283499697,0.9752781475972112
6,35,Porto Alegre,La Boca,2025,5,29,0.8694561295695362,2.3948484750363823
6,35,Montevideo,La Boca,2025,5,29,1.0935506481688297,1.5554297477736119
6,35,Santos,La Boca,2025,5,29,0.825016724927318,1.2437825999491454
6,35,Montevideo,Porto Alegre,2025,5,29,1.2338126357347092,-0.07712294943062732
6,35,Santos,Porto Alegre,2025,5,29,1.02795417509766,0.426006664162517
6,35,Santos,Montevideo,2025,5,29,0.8863542718786035,0.8054735552245178
6,38,Penarol,Itaquera,2025,5,29,0.5417432227135519,-0.026923504479761256
6,38,Lima,Itaquera,2025,5,29,0.6643621326765881,0.42500898853409413
6,38,Belo Horizonte,Itaquera,2025,5,29,0.5178033056573401,1.1999479942777682
6,38,Guayaquil,Itaquera,2025,5,29,0.7550200484995291,0.511230470284061
6,38,Agua Branca,Itaquera,2025,5,29,0.5794904416537736,0.8658927361296276
6,38,Bogota,Itaquera,2025,5,29,0.1347152290510221,1.3302066806837927
6,38,Rio de Janeiro,Itaquera,2025,5,29,0.39947975799325924,0.45806161618102426
6,38,Asuncion,Itaquera,2025,5,29,0.40055540972600695,-0.10434446553173907
6,38,Medellin,Itaquera,2025,5,29,0.5647768014308362,0.8136284466521068
6,38,Sao Paulo,Itaquera,2025,5,29,0.3368815198410656,-0.04493075156617955
6,38,La Plata,Itaquera,2025,5,29,0.7076230025372766,0.6152857681342768
6,38,Santiago,Itaquera,2025,5,29,0.5737191241464569,0.44941605116907807
6,38,Buenos Aires,Itaquera,2025,5,29,0.6698795793935427,0.7747614433667467
6,38,Avellaneda,Itaquera,2025,5,29,0.5457819738703933,0.08908507434029493
6,38,Quito,Itaquera,2025,5,29,0.6452506936554885,0.7134938651560816
6,38,La Boca,Itaquera,2025,5,29,0.5474567516364847,0.31394709989276587
6,38,Porto Alegre,Itaquera,2025,5,29,0.7450120947693095,0.23206462645916742
6,38,Montevideo,Itaquera,2025,5,29,0.6319299897332035,-0.22470696324247866
6,38,Santos,Itaquera,2025,5,29,0.4439690931366234,0.38340242827636956
6,38,Lima,Penarol,2025,5,29,0.5233120097791261,0.7205228257030725
6,38,Belo Horizonte,Penarol,2025,5,29,0.97903860376445,2.739973048675648
6,38,Guayaquil,Penarol,2025,5,29,0.6808013409512329,1.4957758511685697
6,38,Agua Branca,Penarol,2025,5,29,1.1496838300677166,1.8382827971516158
6,38,Bogota,Penarol,2025,5,29,1.3281489003542926,2.574364449826191
6,38,Rio de Janeiro,Penarol,2025,5,29,1.260559089775448,2.0387128219819624
6,38,Asuncion,Penarol,2025,5,29,1.5701478828558328,1.115516989054112
6,38,Medellin,Penarol,2025,5,29,0.5911397515196296,2.670938580523083
6,38,Sao Paulo,Penarol,2025,5,29,2.14412129203604,2.4667104051499007
6,38,La Plata,Penarol,2025,5,29,1.9560092089622088,0.8215664425179651
6,38,Santiago,Penarol,2025,5,29,1.5473135994273242,1.010935149163972
6,38,Buenos Aires,Penarol,2025,5,29,1.9549784125243153,2.4458781986111204
6,38,Avellaneda,Penarol,2025,5,29,0.9928010844401038,2.445771615468905
6,38,Quito,Penarol,2025,5,29,0.9381709858322063,1.980390506283487
6,38,La Boca,Penarol,2025,5,29,0.7515069408761778,2.0427632055695506
6,38,Porto Alegre,Penarol,2025,5,29,0.9827855952698079,2.4570148596339103
6,38,Montevideo,Penarol,2025,5,29,1.0097027415117663,1.9208778982372872
6,38,Santos,Penarol,2025,5,29,1.8406908228370193,1.6682783667252976
6,38,Belo Horizonte,Lima,2025,5,29,0.17850432139787134,2.068430613842094
6,38,Guayaquil,Lima,2025,5,29,0.7059161326596772,1.40319105753431
6,38,Agua Branca,Lima,2025,5,29,0.06071811011519279,1.2812257671174743
6,38,Bogota,Lima,2025,5,29,0.33613315888945616,2.228159861248453
6,38,Rio de Janeiro,Lima,2025,5,29,-0.039274480528139415,1.396885165236805
6,38,Asuncion,Lima,2025,5,29,0.10360264322078212,0.5054346368856141
6,38,Medellin,Lima,2025,5,29,0.043772947530315826,1.8897635072307986
6,38,Sao Paulo,Lima,2025,5,29,0.271971196692689,1.7955026035844461
6,38,La Plata,Lima,2025,5,29,0.5403345343991827,1.0818381960371488
6,38,Santiago,Lima,2025,5,29,0.08805313940973031,1.197549076121156
6,38,Buenos Aires,Lima,2025,5,29,0.7613470446800789,1.7345497875289706
6,38,Avellaneda,Lima,2025,5,29,0.4306684295675373,1.1027345283521572
6,38,Quito,Lima,2025,5,29,0.0006100958314867251,1.5795661349534589
6,38,La Boca,Lima,2025,5,29,-0.002070581614022234,1.4613784250417596
6,38,Porto Alegre,Lima,2025,5,29,0.26754569414643115,2.0137096201494473
6,38,Montevideo,Lima,2025,5,29,0.554397972384162,0.7760375193142222
6,38,Santos,Lima,2025,5,29,0.12412832082087355,1.5647241414058084
6,38,Guayaquil,Belo Horizonte,2025,5,29,0.2921138643641747,1.3491362577052899
6,38,Agua Branca,Belo Horizonte,2025,5,29,1.0543508691910068,1.9038244232803037
6,38,Bogota,Belo Horizonte,2025,5,29,0.8870973870663933,2.549227808117085
6,38,Rio de Janeiro,Belo Horizonte,2025,5,29,1.1797844949608074,2.223226791009848
6,38,Asuncion,Belo Horizonte,2025,5,29,0.9728482232285429,1.268593919026162
6,38,Medellin,Belo Horizonte,2025,5,29,0.6558138330633851,2.464610463656465
6,38,Sao Paulo,Belo Horizonte,2025,5,29,1.5570594680791783,2.8662300455092917
6,38,La Plata,Belo Horizonte,2025,5,29,0.8190412524646512,0.9278119544742041
6,38,Santiago,Belo Horizonte,2025,5,29,0.9270718107747393,1.181099009500316
6,38,Buenos Aires,Belo Horizonte,2025,5,29,1.3585735560444905,2.302277851437764
6,38,Avellaneda,Belo Horizonte,2025,5,29,0.9113348209312742,2.961305532882302
6,38,Quito,Belo Horizonte,2025,5,29,0.6325825941302252,2.0699209475644706
6,38,La Boca,Belo Horizonte,2025,5,29,0.6669446423396006,2.513369817666904
6,38,Porto Alegre,Belo Horizonte,2025,5,29,0.7847749066676312,2.465728555387811
6,38,Montevideo,Belo Horizonte,2025,5,29,1.2888404123517947,2.4286112627472645
6,38,Santos,Belo Horizonte,2025,5,29,0.8824612045536943,1.7510074152822948
6,38,Agua Branca,Guayaquil,2025,5,29,1.9606814376478365,0.6985895318710655
6,38,Bogota,Guayaquil,2025,5,29,1.1613469163863366,1.4861241753083305
6,38,Rio de Janeiro,Guayaquil,2025,5,29,1.454322270173398,0.7297127432147871
6,38,Asuncion,Guayaquil,2025,5,29,1.282207942249806,0.11241464407869053
6,38,Medellin,Guayaquil,2025,5,29,1.919158616504921,0.8302010531332479
6,38,Sao Paulo,Guayaquil,2025,5,29,2.560535838814653,0.09995572553038658
6,38,La Plata,Guayaquil,2025,5,29,1.9522069054179405,0.4788084562928488
6,38,Santiago,Guayaquil,2025,5,29,1.5232735562494315,0.36303957001632675
6,38,Buenos Aires,Guayaquil,2025,5,29,2.363363525212804,0.7076664578771976
6,38,Avellaneda,Guayaquil,2025,5,29,1.229369316611907,0.3349501969351272
6,38,Quito,Guayaquil,2025,5,29,1.1027697118622841,1.0998363487809293
6,38,La Boca,Guayaquil,2025,5,29,1.1283062382090148,0.5812827428597455
6,38,Porto Alegre,Guayaquil,2025,5,29,1.343270588253682,0.526690264993189
6,38,Montevideo,Guayaquil,2025,5,29,1.4446250382745958,-0.07094241244699935
6,38,Santos,Guayaquil,2025,5,29,2.4656957281060206,0.19296595451281257
6,38,Bogota,Agua Branca,2025,5,29,1.332038099298869,1.455960130921882
6,38,Rio de Janeiro,Agua Branca,2025,5,29,1.065621801251048,0.8154362017164369
6,38,Asuncion,Agua Branca,2025,5,29,1.3290168791149526,0.3219334150142835
6,38,Medellin,Agua Branca,2025,5,29,0.8671130105757285,2.154754610550984
6,38,Sao Paulo,Agua Branca,2025,5,29,1.3034236428726225,1.4831353451242524
6,38,La Plata,Agua Branca,2025,5,29,1.3412307660618052,0.84346339714212
6,38,Santiago,Agua Branca,2025,5,29,1.2076790276205007,1.030145993792573
6,38,Buenos Aires,Agua Branca,2025,5,29,1.2370563346163934,1.1158395850904774
6,38,Avellaneda,Agua Branca,2025,5,29,1.2637222977304934,0.8094432608077408
6,38,Quito,Agua Branca,2025,5,29,0.7698698348321176,0.7731566386251807
6,38,La Boca,Agua Branca,2025,5,29,1.0887688391466461,1.1681475745175445
6,38,Porto Alegre,Agua Branca,2025,5,29,0.8437479142137009,0.9335666933261969
6,38,Montevideo,Agua Branca,2025,5,29,1.0399124596596134,0.3329135305449162
6,38,Santos,Agua Branca,2025,5,29,0.9991437784035148,1.2336879547398725
6,38,Rio de Janeiro,Bogota,2025,5,29,1.3088523793426796,1.5038556293189895
6,38,Asuncion,Bogota,2025,5,29,1.7366954788971989,0.1376405971200283
6,38,Medellin,Bogota,2025,5,29,1.9757791641597915,0.6080574162739739
6,38,Sao Paulo,Bogota,2025,5,29,2.0530193317982572,0.7685132640436413
6,38,La Plata,Bogota,2025,5,29,2.175453005926163,0.8017190164620198
6,38,Santiago,Bogota,2025,5,29,1.9421685880362212,0.7400646088959717
6,38,Buenos Aires,Bogota,2025,5,29,2.237757828575025,1.12490522871099
6,38,Avellaneda,Bogota,2025,5,29,1.3819300230643028,0.49580606896785145
6,38,Quito,Bogota,2025,5,29,1.3086491118438481,1.2290612405850467
6,38,La Boca,Bogota,2025,5,29,1.6581046320094905,1.167481316896172
6,38,Porto Alegre,Bogota,2025,5,29,1.616917096824813,1.1355482323568444
6,38,Montevideo,Bogota,2025,5,29,1.5561157266937813,0.02454622504771675
6,38,Santos,Bogota,2025,5,29,2.2672421350020544,0.6438634684126794
6,38,Asuncion,Rio de Janeiro,2025,5,29,0.9744083634308373,-0.09111428555206776
6,38,Medellin,Rio de Janeiro,2025,5,29,0.49782244195495634,0.45053254496291234
6,38,Sao Paulo,Rio de Janeiro,2025,5,29,1.1901755235742013,0.547833836362326
6,38,La Plata,Rio de Janeiro,2025,5,29,1.580046980915422,0.5771741179297214
6,38,Santiago,Rio de Janeiro,2025,5,29,0.6912722003524373,0.7453698926757416
6,38,Buenos Aires,Rio de Janeiro,2025,5,29,2.0799513305695005,0.6651360647875032
6,38,Avellaneda,Rio de Janeiro,2025,5,29,0.8496289271614309,0.031760995741520026
6,38,Quito,Rio de Janeiro,2025,5,29,0.8923927695019865,0.8909138135604132
6,38,La Boca,Rio de Janeiro,2025,5,29,0.8944907653594242,0.23895736699174405
6,38,Porto Alegre,Rio de Janeiro,2025,5,29,1.141915605708335,0.47813472529393236
6,38,Montevideo,Rio de Janeiro,2025,5,29,1.4710245798988193,-0.10521014131659195
6,38,Santos,Rio de Janeiro,2025,5,29,1.1785591777597881,0.40906354168532805
6,38,Medellin,Asuncion,2025,5,29,0.18841001200588342,2.453538354847676
6,38,Sao Paulo,Asuncion,2025,5,29,1.2504289237985504,2.8965632727870005
6,38,La Plata,Asuncion,2025,5,29,1.4245208556726836,1.0971047628224104
6,38,Santiago,Asuncion,2025,5,29,-0.027693284086104157,0.8576467388746881
6,38,Buenos Aires,Asuncion,2025,5,29,2.1214356718145804,2.5000809169011675
6,38,Avellaneda,Asuncion,2025,5,29,1.5154060502632096,3.2978851641267477
6,38,Quito,Asuncion,2025,5,29,0.048509409118374494,2.1693897730360594
6,38,La Boca,Asuncion,2025,5,29,0.159116986712474,2.9239263296856457
6,38,Porto Alegre,Asuncion,2025,5,29,0.896174444694696,2.6727513233678
6,38,Montevideo,Asuncion,2025,5,29,0.9899165585205036,2.863129524851119
6,38,Santos,Asuncion,2025,5,29,0.5835513920744062,1.6736655790293087
6,38,Sao Paulo,Medellin,2025,5,29,1.0148463793169291,0.9707167863539304
6,38,La Plata,Medellin,2025,5,29,1.2249721968258573,1.0937360335933661
6,38,Santiago,Medellin,2025,5,29,0.4205201757587682,1.1390471188471067
6,38,Buenos Aires,Medellin,2025,5,29,1.9696275997780879,0.9837343195749072
6,38,Avellaneda,Medellin,2025,5,29,1.2894955520680418,0.5024656769182315
6,38,Quito,Medellin,2025,5,29,-0.16054178208730174,1.1585501644259566
6,38,La Boca,Medellin,2025,5,29,0.1617891163682943,1.4471819301623152
6,38,Porto Alegre,Medellin,2025,5,29,1.2172895706626061,0.9077532733389402
6,38,Montevideo,Medellin,2025,5,29,1.4131916959564241,0.17154898541967328
6,38,Santos,Medellin,2025,5,29,0.17997583508733525,1.2303936525557393
6,38,La Plata,Sao Paulo,2025,5,29,1.235675415296497,0.9841973090819183
6,38,Santiago,Sao Paulo,2025,5,29,0.2621183859763406,0.6704958676997755
6,38,Buenos Aires,Sao Paulo,2025,5,29,1.6112908406747943,1.7827598886103841
6,38,Avellaneda,Sao Paulo,2025,5,29,0.685612289689778,2.125749017956919
6,38,Quito,Sao Paulo,2025,5,29,0.3537001579022249,1.4748873624807362
6,38,La Boca,Sao Paulo,2025,5,29,0.7564699914908471,0.5808778186511893
6,38,Porto Alegre,Sao Paulo,2025,5,29,0.5966463057290011,1.4586852744026106
6,38,Montevideo,Sao Paulo,2025,5,29,0.7500537696541046,1.110576864264975
6,38,Santos,Sao Paulo,2025,5,29,0.7585654994407782,1.0599516886497693
6,38,Santiago,La Plata,2025,5,29,0.9444761704497591,0.40259763353569494
6,38,Buenos Aires,La Plata,2025,5,29,2.2702681995910767,0.4099365670444125
6,38,Avellaneda,La Plata,2025,5,29,1.572255791158778,0.05414710595238423
6,38,Quito,La Plata,2025,5,29,0.5391418880031421,0.2190973343692728
6,38,La Boca,La Plata,2025,5,29,0.5472587211469835,0.25994439115956297
6,38,Porto Alegre,La Plata,2025,5,29,1.0167554187957748,0.6427200545002759
6,38,Montevideo,La Plata,2025,5,29,1.0762100940927448,-0.3523774269762004
6,38,Santos,La Plata,2025,5,29,0.9190031648322942,0.4425857391126852
6,38,Buenos Aires,Santiago,2025,5,29,1.6828962168336872,2.319862041080179
6,38,Avellaneda,Santiago,2025,5,29,1.469804786945475,1.9137949993236574
6,38,Quito,Santiago,2025,5,29,0.9176239868802057,2.0105791921484055
6,38,La Boca,Santiago,2025,5,29,1.2162331636569288,2.0574701627936594
6,38,Porto Alegre,Santiago,2025,5,29,0.9506801736334735,2.937699009447589
6,38,Montevideo,Santiago,2025,5,29,1.0448025539302754,1.3623166304151912
6,38,Santos,Santiago,2025,5,29,1.509167985103085,1.4701766860124115
6,38,Avellaneda,Buenos Aires,2025,5,29,0.9208100644869044,3.8013589464819506
6,38,Quito,Buenos Aires,2025,5,29,0.7241160475759195,2.5092091983357006
6,38,La Boca,Buenos Aires,2025,5,29,0.8281418494054957,2.8445402928732086
6,38,Porto Alegre,Buenos Aires,2025,5,29,0.9985219266256077,2.8713497298197916
6,38,Montevideo,Buenos Aires,2025,5,29,0.7326048852923323,3.0038520485809674
6,38,Santos,Buenos Aires,2025,5,29,1.7818393712459837,2.078455892512788
6,38,Quito,Avellaneda,2025,5,29,0.563312715777184,1.5003245786446586
6,38,La Boca,Avellaneda,2025,5,29,0.42559531043750914,1.1493989323979972
6,38,Porto Alegre,Avellaneda,2025,5,29,0.9126167535022343,1.414813336294448
6,38,Montevideo,Avellaneda,2025,5,29,1.1908011842995523,1.0915766516130316
6,38,Santos,Avellaneda,2025,5,29,1.0215625891762343,1.033297767361574
6,38,La Boca,Quito,2025,5,29,1.7385194707077358,0.831884755421537
6,38,Porto Alegre,Quito,2025,5,29,1.8498773299227138,1.1206496531199308
6,38,Montevideo,Quito,2025,5,29,1.6509684487173621,0.1591470666112081
6,38,Santos,Quito,2025,5,29,2.3701649550338666,0.9923766408230885
6,38,Porto Alegre,La Boca,2025,5,29,1.0887902576455764,2.4212897672236062
6,38,Montevideo,La Boca,2025,5,29,1.2935637188737101,1.5624323435183032
6,38,Santos,La Boca,2025,5,29,0.7828906234502485,1.3477614023573614
6,38,Montevideo,Porto Alegre,2025,5,29,1.231037520158571,-0.08521174698471387
6,38,Santos,Porto Alegre,2025,5,29,1.0584502917077125,0.429639751141792
6,38,Santos,Montevideo,2025,5,29,0.9244854366406645,0.8239495172447688
6,41,Penarol,Itaquera,2025,5,29,0.6045860707470366,-0.16978896215955586
6,41,Lima,Itaquera,2025,5,29,0.7069843116994856,0.41406356151217844
6,41,Belo Horizonte,Itaquera,2025,5,29,0.5315657941677286,1.1440594363574463
6,41,Guayaquil,Itaquera,2025,5,29,0.8081705202933905,0.47668981662132826
6,41,Agua Branca,Itaquera,2025,5,29,0.5622744970985442,0.7430275023617975
6,41,Bogota,Itaquera,2025,5,29,0.21097886104078944,1.2860355771382228
6,41,Rio de Janeiro,Itaquera,2025,5,29,0.4553861431096342,0.38518261248141555
6,41,Asuncion,Itaquera,2025,5,29,0.3693437196500161,-0.214516253893884
6,41,Medellin,Itaquera,2025,5,29,0.5370498520276016,0.76483550244491
6,41,Sao Paulo,Itaquera,2025,5,29,0.3058015743469846,-0.055937542013625885
6,41,La Plata,Itaquera,2025,5,29,0.771829094797386,0.47767530557399707
6,41,Santiago,Itaquera,2025,5,29,0.63176953038854,0.42065385801578864
6,41,Buenos Aires,Itaquera,2025,5,29,0.7305635968728479,0.7572516298942304
6,41,Avellaneda,Itaquera,2025,5,29,0.591823373088231,0.05591751319998134
6,41,Quito,Itaquera,2025,5,29,0.7171651008364232,0.6158303843987981
6,41,La Boca,Itaquera,2025,5,29,0.5419597344199297,0.23873471617546335
6,41,Porto Alegre,Itaquera,2025,5,29,0.8106967229070701,0.18395898589908355
6,41,Montevideo,Itaquera,2025,5,29,0.7141806325267617,-0.28810962364481724
6,41,Santos,Itaquera,2025,5,29,0.43428669426683764,0.25224063108906336
6,41,Lima,Penarol,2025,5,29,0.621851771727173,0.24855860609199934
6,41,Belo Horizonte,Penarol,2025,5,29,1.0451759818924684,2.6303460599019073
6,41,Guayaquil,Penarol,2025,5,29,0.7926678010062563,1.1009024859097043
6,41,Agua Branca,Penarol,2025,5,29,1.2383279985511566,1.3230092431232074
6,41,Bogota,Penarol,2025,5,29,1.343285988179871,2.53930308684616
6,41,Rio de Janeiro,Penarol,2025,5,29,1.2226280200446495,1.92149630234751
6,41,Asuncion,Penarol,2025,5,29,1.617866905377337,0.4756821159126693
6,41,Medellin,Penarol,2025,5,29,0.6761444715984178,2.5011306148478343
6,41,Sao Paulo,Penarol,2025,5,29,2.0698811640924557,2.285533492987945
6,41,La Plata,Penarol,2025,5,29,1.9984636485498792,0.03484247895272417
6,41,Santiago,Penarol,2025,5,29,1.539190693547559,0.5478873558370951
6,41,Buenos Aires,Penarol,2025,5,29,2.002210484474917,2.1966383469400306
6,41,Avellaneda,Penarol,2025,5,29,1.0919787661458935,2.183704926651433
6,41,Quito,Penarol,2025,5,29,1.0108077124496038,1.5354057304648694
6,41,La Boca,Penarol,2025,5,29,0.8556190153622334,1.9125309074533254
6,41,Porto Alegre,Penarol,2025,5,29,1.104250146816901,2.4521537181058615
6,41,Montevideo,Penarol,2025,5,29,1.1204797348300823,1.8185289611056847
6,41,Santos,Penarol,2025,5,29,1.8022020616061147,1.1243832867735823
6,41,Belo Horizonte,Lima,2025,5,29,0.16958808398637662,1.954044587615762
6,41,Guayaquil,Lima,2025,5,29,0.6895571476734039,1.2667065562852329
6,41,Agua Branca,Lima,2025,5,29,0.05180187270369809,0.9584181349863404
6,41,Bogota,Lima,2025,5,29,0.5918095525028132,2.1781467884788994
6,41,Rio de Janeiro,Lima,2025,5,29,-0.044756569192954246,1.2833089398417066
6,41,Asuncion,Lima,2025,5,29,0.09463581388321089,0.15038276518390625
6,41,Medellin,Lima,2025,5,29,0.027413962544042773,1.8766058971671307
6,41,Sao Paulo,Lima,2025,5,29,0.2612202853054161,1.693055298804862
6,41,La Plata,Lima,2025,5,29,0.5348524457343676,0.6006499282120172
6,41,Santiago,Lima,2025,5,29,0.08806806796147038,1.0181539791713923
6,41,Buenos Aires,Lima,2025,5,29,1.0264445978439058,1.627779939702237
6,41,Avellaneda,Lima,2025,5,29,0.4128084456042401,0.8422487457738247
6,41,Quito,Lima,2025,5,29,-0.008077947085911221,1.3304691833885767
6,41,La Boca,Lima,2025,5,29,-0.012836421553035264,1.335777455183517
6,41,Porto Alegre,Lima,2025,5,29,0.5264068772518685,1.9919669703186584
6,41,Montevideo,Lima,2025,5,29,0.8107925540788523,0.6920081033858247
6,41,Santos,Lima,2025,5,29,0.11747680637236432,1.2916744771278534
6,41,Guayaquil,Belo Horizonte,2025,5,29,0.42296616388107633,1.1127361653298282
6,41,Agua Branca,Belo Horizonte,2025,5,29,1.187377093560229,1.702477641271092
6,41,Bogota,Belo Horizonte,2025,5,29,0.9095104612729007,2.483343755336993
6,41,Rio de Janeiro,Belo Horizonte,2025,5,29,1.1797994235125475,2.1083949606102808
6,41,Asuncion,Belo Horizonte,2025,5,29,1.086569371706303,1.0413476968478534
6,41,Medellin,Belo Horizonte,2025,5,29,0.7623803730604928,2.425945623358485
6,41,Sao Paulo,Belo Horizonte,2025,5,29,1.5570743966309184,2.749934755601148
6,41,La Plata,Belo Horizonte,2025,5,29,0.931215866060759,0.6172002956648815
6,41,Santiago,Belo Horizonte,2025,5,29,0.9513724988462736,0.9907008041717899
6,41,Buenos Aires,Belo Horizonte,2025,5,29,1.4727846981094868,2.254736903337673
6,41,Avellaneda,Belo Horizonte,2025,5,29,1.0512144142421163,2.767554406328792
6,41,Quito,Belo Horizonte,2025,5,29,0.7413230589796529,1.9248485578592873
6,41,La Boca,Belo Horizonte,2025,5,29,0.779104327383968,2.4523795056406166
6,41,Porto Alegre,Belo Horizonte,2025,5,29,0.9223042609164889,2.4328839447503015
6,41,Montevideo,Belo Horizonte,2025,5,29,1.3996174056701112,2.410605433133865
6,41,Santos,Belo Horizonte,2025,5,29,0.881078512827643,1.5402459163011935
6,41,Agua Branca,Guayaquil,2025,5,29,1.9096949250343185,0.531936587966398
6,41,Bogota,Guayaquil,2025,5,29,1.1677015930883146,1.4039500765179524
6,41,Rio de Janeiro,Guayaquil,2025,5,29,1.407877962604394,0.5748172284780277
6,41,Asuncion,Guayaquil,2025,5,29,1.1879068095252836,0.010818288691382199
6,41,Medellin,Guayaquil,2025,5,29,1.883324667491319,0.7716935551324344
6,41,Sao Paulo,Guayaquil,2025,5,29,2.4741888036629702,0.09468514736717688
6,41,La Plata,Guayaquil,2025,5,29,1.882288129266772,0.27272265404385304
6,41,Santiago,Guayaquil,2025,5,29,1.5214623226188306,0.34285280983787386
6,41,Buenos Aires,Guayaquil,2025,5,29,2.2821003212899025,0.656615295498857
6,41,Avellaneda,Guayaquil,2025,5,29,1.2029230261491126,0.23055209279173178
6,41,Quito,Guayaquil,2025,5,29,1.0569835747604683,1.0059994855784629
6,41,La Boca,Guayaquil,2025,5,29,1.1172620410491423,0.4375336560281956
6,41,Porto Alegre,Guayaquil,2025,5,29,1.339464113312372,0.4763127259483429
6,41,Montevideo,Guayaquil,2025,5,29,1.438430712248243,-0.1762331235755615
6,41,Santos,Guayaquil,2025,5,29,2.41409562543108,0.03896475907751599
6,41,Bogota,Agua Branca,2025,5,29,1.3253898582196482,1.3897974127820991
6,41,Rio de Janeiro,Agua Branca,2025,5,29,1.04991260704373,0.7166166467807377
6,41,Asuncion,Agua Branca,2025,5,29,1.3013293404167627,0.22119221761118837
6,41,Medellin,Agua Branca,2025,5,29,0.8461349936459517,2.078650607121207
6,41,Sao Paulo,Agua Branca,2025,5,29,1.276096043250439,1.5109435399842477
6,41,La Plata,Agua Branca,2025,5,29,1.3273005410188607,0.6541333261988682
6,41,Santiago,Agua Branca,2025,5,29,1.1878452131449517,1.0424392111368905
6,41,Buenos Aires,Agua Branca,2025,5,29,1.222406724719824,1.1479375953079591
6,41,Avellaneda,Agua Branca,2025,5,29,1.2298827083006192,0.807553391785212
6,41,Quito,Agua Branca,2025,5,29,0.758631198572962,0.7696766685404591
6,41,La Boca,Agua Branca,2025,5,29,1.0779528364808704,1.111029553338337
6,41,Porto Alegre,Agua Branca,2025,5,29,0.8270511230887551,0.8845271553587983
6,41,Montevideo,Agua Branca,2025,5,29,1.0332609452111041,0.31666773092635514
6,41,Santos,Agua Branca,2025,5,29,0.9924922639550053,1.2173053468080017
6,41,Rio de Janeiro,Bogota,2025,5,29,1.2973910113085203,1.3987884377994146
6,41,Asuncion,Bogota,2025,5,29,1.6824085612619302,0.10864417521879667
6,41,Medellin,Bogota,2025,5,29,1.9643177961256322,0.566442196648461
6,41,Sao Paulo,Bogota,2025,5,29,2.0050082322722664,0.7915567428946434
6,41,La Plata,Bogota,2025,5,29,2.1405171693098395,0.7139027386424488
6,41,Santiago,Bogota,2025,5,29,1.929935595824678,0.7284628442042362
6,41,Buenos Aires,Bogota,2025,5,29,2.34905590592914,1.0996815996193197
6,41,Avellaneda,Bogota,2025,5,29,1.3688547601546344,0.47448599610765146
6,41,Quito,Bogota,2025,5,29,1.2628629747420324,1.2250404458582527
6,41,La Boca,Bogota,2025,5,29,1.652557452066173,1.0832968159287175
6,41,Porto Alegre,Bogota,2025,5,29,1.7657751744268682,1.0830542676414527
6,41,Montevideo,Bogota,2025,5,29,1.7150524806039447,-0.03343864877201244
6,41,Santos,Bogota,2025,5,29,2.2240065912419964,0.5761463210752521
6,41,Asuncion,Rio de Janeiro,2025,5,29,0.9453767141561333,-0.07307993187532819
6,41,Medellin,Rio de Janeiro,2025,5,29,0.48750390386852527,0.4061621220230336
6,41,Sao Paulo,Rio de Janeiro,2025,5,29,1.1575192704940032,0.5865216196754206
6,41,La Plata,Rio de Janeiro,2025,5,29,1.5382665017142472,0.5232964624011724
6,41,Santiago,Rio de Janeiro,2025,5,29,0.7992062229435809,0.7909004199484616
6,41,Buenos Aires,Rio de Janeiro,2025,5,29,2.30004646750477,0.7099551120814421
6,41,Avellaneda,Rio de Janeiro,2025,5,29,0.8450385219819783,0.005100607310586412
6,41,Quito,Rio de Janeiro,2025,5,29,0.9477577646285814,0.9264595186342317
6,41,La Boca,Rio de Janeiro,2025,5,29,0.8976977738350673,0.18952192972409385
6,41,Porto Alegre,Rio de Janeiro,2025,5,29,1.418876030585572,0.44263635867496814
6,41,Montevideo,Rio de Janeiro,2025,5,29,1.740553097225282,-0.10862881234171198
6,41,Santos,Rio de Janeiro,2025,5,29,1.148453004131419,0.4511058501951586
6,41,Medellin,Asuncion,2025,5,29,0.1661152280480558,2.4165408325026476
6,41,Sao Paulo,Asuncion,2025,5,29,1.2247811437498763,2.7604050077391795
6,41,La Plata,Asuncion,2025,5,29,1.3851694440790652,0.9132770347839443
6,41,Santiago,Asuncion,2025,5,29,0.03865682929971362,0.690204867453337
6,41,Buenos Aires,Asuncion,2025,5,29,2.3444109715105363,2.4108663070480865
6,41,Avellaneda,Asuncion,2025,5,29,1.4767179455420176,3.144975806621927
6,41,Quito,Asuncion,2025,5,29,0.12872352344304394,1.984529267469681
6,41,La Boca,Asuncion,2025,5,29,0.159116986712474,2.9344201774299656
6,41,Porto Alegre,Asuncion,2025,5,29,1.1241503550491074,2.610513232325412
6,41,Montevideo,Asuncion,2025,5,29,1.2297117010015584,2.854899043614361
6,41,Santos,Asuncion,2025,5,29,0.5738041414334722,1.487983899022038
6,41,Sao Paulo,Medellin,2025,5,29,1.022869318208963,0.9494290311053043
6,41,La Plata,Medellin,2025,5,29,1.220714063848034,0.9708026218635932
6,41,Santiago,Medellin,2025,5,29,0.49818369674167995,1.1283039600281364
6,41,Buenos Aires,Medellin,2025,5,29,2.2304520914123533,0.9745912033497934
6,41,Avellaneda,Medellin,2025,5,29,1.267663368666317,0.4793683895355659
6,41,Quito,Medellin,2025,5,29,-0.08287826110438953,1.05381004802704
6,41,La Boca,Medellin,2025,5,29,0.15624193642497658,1.412653587114443
6,41,Porto Alegre,Medellin,2025,5,29,1.46011737827959,0.891900348055098
6,41,Montevideo,Medellin,2025,5,29,1.6740161875906892,0.15277113398614295
6,41,Santos,Medellin,2025,5,29,0.17859314336128415,1.1352882713652395
6,41,La Plata,Sao Paulo,2025,5,29,1.2336614606176257,0.5490945888890306
6,41,Santiago,Sao Paulo,2025,5,29,0.24864449228275773,0.4103149391364545
6,41,Buenos Aires,Sao Paulo,2025,5,29,1.857113747071259,1.6026613508707586
6,41,Avellaneda,Sao Paulo,2025,5,29,0.6650293234201711,1.977968730942603
6,41,Quito,Sao Paulo,2025,5,29,0.35898496339948327,1.17906601115236
6,41,La Boca,Sao Paulo,2025,5,29,0.7651740171830452,0.4431941341762812
6,41,Porto Alegre,Sao Paulo,2025,5,29,0.854873065622041,1.4545099346678105
6,41,Montevideo,Sao Paulo,2025,5,29,1.02042119976345,1.0104729766610094
6,41,Santos,Sao Paulo,2025,5,29,0.7620124707026815,0.7029389482255659
6,41,Santiago,La Plata,2025,5,29,1.0163905776306936,0.379571652666642
6,41,Buenos Aires,La Plata,2025,5,29,2.5007894447066596,0.37759119464677104
6,41,Avellaneda,La Plata,2025,5,29,1.539177476738521,0.010945894277312428
6,41,Quito,La Plata,2025,5,29,0.6110562951840769,0.13326431048967166
6,41,La Boca,La Plata,2025,5,29,0.5387651173288682,0.18330422743096422
6,41,Porto Alegre,La Plata,2025,5,29,1.2538341126107815,0.6143250497569404
6,41,Montevideo,La Plata,2025,5,29,1.3208168708741024,-0.41577051598911696
6,41,Santos,La Plata,2025,5,29,0.9093207659625083,0.29658838300025364
6,41,Buenos Aires,Santiago,2025,5,29,1.6346934620468452,2.050035369908059
6,41,Avellaneda,Santiago,2025,5,29,1.4565378687749566,1.6859017271090002
6,41,Quito,Santiago,2025,5,29,0.884525984499237,1.6105851040859005
6,41,La Boca,Santiago,2025,5,29,1.2201075263611725,1.9268005310844665
6,41,Porto Alegre,Santiago,2025,5,29,0.9410311743953597,2.888682974312635
6,41,Montevideo,Santiago,2025,5,29,1.047294224908468,1.2579084571530514
6,41,Santos,Santiago,2025,5,29,1.4742321484867613,0.935436558132995
6,41,Avellaneda,Buenos Aires,2025,5,29,1.0012620749459513,3.5943930575311343
6,41,Quito,Buenos Aires,2025,5,29,0.8275876897028891,2.163514855164968
6,41,La Boca,Buenos Aires,2025,5,29,0.9350327117274052,2.808411488827554
6,41,Porto Alegre,Buenos Aires,2025,5,29,1.095763789709404,2.841183963278988
6,41,Montevideo,Buenos Aires,2025,5,29,0.8381130558881902,2.9329556780420756
6,41,Santos,Buenos Aires,2025,5,29,1.7751878567974744,1.6377916683577693
6,41,Quito,Avellaneda,2025,5,29,0.5185209346277558,1.3511943249073013
6,41,La Boca,Avellaneda,2025,5,29,0.4122788771567389,1.090662841045383
6,41,Porto Alegre,Avellaneda,2025,5,29,1.1832518180402813,1.3904566694125973
6,41,Montevideo,Avellaneda,2025,5,29,1.4471957659942427,1.0075016102382865
6,41,Santos,Avellaneda,2025,5,29,0.9813579298374527,0.8325051389338203
6,41,La Boca,Quito,2025,5,29,1.7274752735478633,0.7470208985506659
6,41,Porto Alegre,Quito,2025,5,29,1.8467156690322892,1.1004263606858435
6,41,Montevideo,Quito,2025,5,29,1.649585756991311,0.10307901611345137
6,41,Santos,Quito,2025,5,29,2.335229118417543,0.9721694933120794
6,41,Porto Alegre,La Boca,2025,5,29,1.3251307269148707,2.3889514740697777
6,41,Montevideo,La Boca,2025,5,29,1.5381704956550672,1.5304438581256372
6,41,Santos,La Boca,2025,5,29,0.7815079317241973,1.1851439772224746
6,41,Montevideo,Porto Alegre,2025,5,29,1.5453558260297116,-0.16249837278292195
6,41,Santos,Porto Alegre,2025,5,29,1.0570675999816614,0.2494404909507403
6,41,Santos,Montevideo,2025,5,29,0.889549600024341,0.8024994873367092
6,44,Penarol,Itaquera,2025,5,29,0.6210000717039795,-0.25700221573247944
6,44,Lima,Itaquera,2025,5,29,0.6840146844629974,0.2934877746788588
6,44,Belo Horizonte,Itaquera,2025,5,29,0.6247633329305488,1.0833592588396364
6,44,Guayaquil,Itaquera,2025,5,29,0.7843097868155912,0.4472116854776079
6,44,Agua Branca,Itaquera,2025,5,29,0.579077251914209,0.5830302127874961
6,44,Bogota,Itaquera,2025,5,29,0.26892216249505524,1.178830309635666
6,44,Rio de Janeiro,Itaquera,2025,5,29,0.656954625649049,0.32069729275831643
6,44,Asuncion,Itaquera,2025,5,29,0.48315872426772144,-0.26341923615498913
6,44,Medellin,Itaquera,2025,5,29,0.601027068747302,0.6244165291596397
6,44,Sao Paulo,Itaquera,2025,5,29,0.36812463671041423,-0.1386789371473198
6,44,La Plata,Itaquera,2025,5,29,0.8170392338241643,0.41924431763751946
6,44,Santiago,Itaquera,2025,5,29,0.8717149702321729,0.2962217705597806
6,44,Buenos Aires,Itaquera,2025,5,29,0.7375794895539394,0.5483513580588238
6,44,Avellaneda,Itaquera,2025,5,29,0.654190221919641,0.0287085716375936
6,44,Quito,Itaquera,2025,5,29,0.8735778259449273,0.468045656003091
6,44,La Boca,Itaquera,2025,5,29,0.6550208401684368,0.07372316782630384
6,44,Porto Alegre,Itaquera,2025,5,29,0.8184610702924984,0.1350560036379783
6,44,Montevideo,Itaquera,2025,5,29,0.8071472183738403,-0.33701260590592264
6,44,Santos,Itaquera,2025,5,29,0.6387159198991279,0.1643315120088656
6,44,Lima,Penarol,2025,5,29,0.6097695717091115,0.26729658709651327
6,44,Belo Horizonte,Penarol,2025,5,29,1.0996133574266271,2.3308000864804717
6,44,Guayaquil,Penarol,2025,5,29,0.8401109719008305,1.020871209663998
6,44,Agua Branca,Penarol,2025,5,29,1.2336809827186057,1.0920132798944366
6,44,Bogota,Penarol,2025,5,29,1.34353790062961,2.498797477873852
6,44,Rio de Janeiro,Penarol,2025,5,29,1.323060414349955,1.872995663132506
6,44,Asuncion,Penarol,2025,5,29,1.664337763963701,0.4561114758727982
6,44,Medellin,Penarol,2025,5,29,0.6894348488181442,2.208010843419096
6,44,Sao Paulo,Penarol,2025,5,29,2.1127689817253517,1.9534990829276222
6,44,La Plata,Penarol,2025,5,29,2.0027579866938936,0.05584964953857063
6,44,Santiago,Penarol,2025,5,29,1.5862285575747004,0.5557500883757663
6,44,Buenos Aires,Penarol,2025,5,29,2.0529459712956695,1.904129604153108
6,44,Avellaneda,Penarol,2025,5,29,1.1851075879586332,1.8436754863484133
6,44,Quito,Penarol,2025,5,29,1.0581192716512329,1.2708691872448912
6,44,La Boca,Penarol,2025,5,29,0.8990965976579535,1.8999974980479641
6,44,Porto Alegre,Penarol,2025,5,29,1.1005863337743926,2.4116481091335538
6,44,Montevideo,Penarol,2025,5,29,1.116741890946945,1.8059955517003234
6,44,Santos,Penarol,2025,5,29,1.8021318635465724,0.8701109633776316
6,44,Belo Horizonte,Lima,2025,5,29,0.3917485197706471,1.702442568297633
6,44,Guayaquil,Lima,2025,5,29,0.6875901447855971,1.2614254397998796
6,44,Agua Branca,Lima,2025,5,29,0.1005650690051965,0.7064150011717226
6,44,Bogota,Lima,2025,5,29,0.7160738524282924,2.151338961412999
6,44,Rio de Janeiro,Lima,2025,5,29,0.23931111449614587,1.1983992363559253
6,44,Asuncion,Lima,2025,5,29,0.2876264643604841,0.15493824503053824
6,44,Medellin,Lima,2025,5,29,0.2064867189220854,1.3522582817464004
6,44,Sao Paulo,Lima,2025,5,29,0.36106088961416144,1.1324633488303681
6,44,La Plata,Lima,2025,5,29,0.6594086530646329,0.6643726101437839
6,44,Santiago,Lima,2025,5,29,0.44100161178909614,0.8019382637508374
6,44,Buenos Aires,Lima,2025,5,29,1.0596053971556216,1.3932668096361012
6,44,Avellaneda,Lima,2025,5,29,0.4882365809868558,0.5132467832993923
6,44,Quito,Lima,2025,5,29,0.27313783297352684,1.0413940026840316
6,44,La Boca,Lima,2025,5,29,0.20924000905587078,1.2485985621164033
6,44,Porto Alegre,Lima,2025,5,29,0.621132052392085,1.7202335173543597
6,44,Montevideo,Lima,2025,5,29,0.9674097802070342,0.6328409013006908
6,44,Santos,Lima,2025,5,29,0.48033487365784694,0.8566574356139258
6,44,Guayaquil,Belo Horizonte,2025,5,29,0.4465904635321076,1.096427571015888
6,44,Agua Branca,Belo Horizonte,2025,5,29,1.1967127762678649,1.471481678042321
6,44,Bogota,Belo Horizonte,2025,5,29,0.9384118959225071,2.4455084504425058
6,44,Rio de Janeiro,Belo Horizonte,2025,5,29,1.2214616317355007,2.0598943213952765
6,44,Asuncion,Belo Horizonte,2025,5,29,1.2069688849518814,1.0854997387397487
6,44,Medellin,Belo Horizonte,2025,5,29,0.8247345192256875,2.1328258519297454
6,44,Sao Paulo,Belo Horizonte,2025,5,29,1.6080953699342837,2.4205706496186457
6,44,La Plata,Belo Horizonte,2025,5,29,0.9703417892351667,0.7019301481824941
6,44,Santiago,Belo Horizonte,2025,5,29,1.0626715476754784,1.0649565227200475
6,44,Buenos Aires,Belo Horizonte,2025,5,29,1.5302946583917656,2.0286211465603343
6,44,Avellaneda,Belo Horizonte,2025,5,29,1.10259237809108,2.427524966025772
6,44,Quito,Belo Horizonte,2025,5,29,0.8717860295059563,1.662982318717129
6,44,La Boca,Belo Horizonte,2025,5,29,0.8500328881903052,2.439846096235255
6,44,Porto Alegre,Belo Horizonte,2025,5,29,0.9761670354412457,2.3923783357779937
6,44,Montevideo,Belo Horizonte,2025,5,29,1.4803686100957478,2.3980720237285036
6,44,Santos,Belo Horizonte,2025,5,29,0.9895031640123948,1.2859735929052436
6,44,Agua Branca,Guayaquil,2025,5,29,1.9355098279492393,0.37193929839209683
6,44,Bogota,Guayaquil,2025,5,29,1.1853495967795054,1.2999422493797301
6,44,Rio de Janeiro,Guayaquil,2025,5,29,1.4272024564086485,0.5005948252174134
6,44,Asuncion,Guayaquil,2025,5,29,1.2368490411363813,-0.048348913393751726
6,44,Medellin,Guayaquil,2025,5,29,1.9249886270180614,0.6312745818471641
6,44,Sao Paulo,Guayaquil,2025,5,29,2.50294863137437,0.015141192597817122
6,44,La Plata,Guayaquil,2025,5,29,1.8793175575024859,0.21481880239388906
6,44,Santiago,Guayaquil,2025,5,29,1.5582103078834653,0.21082680663565773
6,44,Buenos Aires,Guayaquil,2025,5,29,2.3256969712481035,0.45038532774127127
6,44,Avellaneda,Guayaquil,2025,5,29,1.2369504936653215,0.1930789314053152
6,44,Quito,Guayaquil,2025,5,29,1.0746132118627971,0.8511479777230613
6,44,La Boca,Guayaquil,2025,5,29,1.134910044740333,0.2622578878550081
6,44,Porto Alegre,Guayaquil,2025,5,29,1.3453620637312194,0.4274097436872376
6,44,Montevideo,Guayaquil,2025,5,29,1.4429550977048364,-0.23540032566069544
6,44,Santos,Guayaquil,2025,5,29,2.430295509029302,-0.0484172237161683
6,44,Bogota,Agua Branca,2025,5,29,1.371745588444049,1.3279913803217376
6,44,Rio de Janeiro,Agua Branca,2025,5,29,1.2475602898751972,0.6321204748471415
6,44,Asuncion,Agua Branca,2025,5,29,1.3937308636803094,0.2016215775713172
6,44,Medellin,Agua Branca,2025,5,29,0.9410830166821332,1.7907327712380168
6,44,Sao Paulo,Agua Branca,2025,5,29,1.3088285629016883,1.2263070368206925
6,44,La Plata,Agua Branca,2025,5,29,1.3579630662893667,0.588340774763976
6,44,Santiago,Agua Branca,2025,5,29,1.4099099878669428,0.7839215159226018
6,44,Buenos Aires,Agua Branca,2025,5,29,1.2099905891861045,1.0615389877837085
6,44,Avellaneda,Agua Branca,2025,5,29,1.2777607830481248,0.7972891719611834
6,44,Quito,Agua Branca,2025,5,29,0.9498941641487174,0.6570269553629181
6,44,La Boca,Agua Branca,2025,5,29,1.2365412029638632,0.983684730930257
6,44,Porto Alegre,Agua Branca,2025,5,29,0.8745246906659955,0.6594274950742727
6,44,Montevideo,Agua Branca,2025,5,29,1.1467008632852667,0.3041343215209939
6,44,Santos,Agua Branca,2025,5,29,1.2682362143674004,0.974700658650341
6,44,Rio de Janeiro,Bogota,2025,5,29,1.3488083782019002,1.3152159366696468
6,44,Asuncion,Bogota,2025,5,29,1.688893833878335,0.09933775500295416
6,44,Medellin,Bogota,2025,5,29,1.963004820290776,0.5036064063989514
6,44,Sao Paulo,Bogota,2025,5,29,2.0115997822770484,0.6897281663542808
6,44,La Plata,Bogota,2025,5,29,2.1499107217953073,0.7175855184714822
6,44,Santiago,Bogota,2025,5,29,1.9314246224705078,0.7408575297608103
6,44,Buenos Aires,Bogota,2025,5,29,2.361834624609209,1.0369556626948044
6,44,Avellaneda,Bogota,2025,5,29,1.4196444863270608,0.43624957671667625
6,44,Quito,Bogota,2025,5,29,1.3307763403385815,1.1455712562045974
6,44,La Boca,Bogota,2025,5,29,1.7204891842515844,1.0746843308994447
6,44,Porto Alegre,Bogota,2025,5,29,1.768478412209533,1.0145369676871645
6,44,Montevideo,Bogota,2025,5,29,1.7339094162217814,-0.035707838353345
6,44,Santos,Bogota,2025,5,29,2.2366336737377353,0.5285410497551267
6,44,Asuncion,Rio de Janeiro,2025,5,29,0.9305432244143631,-0.0033220004138970628
6,44,Medellin,Rio de Janeiro,2025,5,29,0.48826926189688286,0.4095744421464788
6,44,Sao Paulo,Rio de Janeiro,2025,5,29,1.1656414987235852,0.6321486729765938
6,44,La Plata,Rio de Janeiro,2025,5,29,1.5257518244906123,0.5570830273939871
6,44,Santiago,Rio de Janeiro,2025,5,29,0.8881189055478919,0.9436723736924046
6,44,Buenos Aires,Rio de Janeiro,2025,5,29,2.2960010364102437,0.7187668200760176
6,44,Avellaneda,Rio de Janeiro,2025,5,29,0.8555189858839737,0.08416495898786021
6,44,Quito,Rio de Janeiro,2025,5,29,0.9178350429001333,0.8491334967718838
6,44,La Boca,Rio de Janeiro,2025,5,29,0.9121368469186951,0.23955205712709585
6,44,Porto Alegre,Rio de Janeiro,2025,5,29,1.42455687153875,0.519431520770909
6,44,Montevideo,Rio de Janeiro,2025,5,29,1.7695766501987114,-0.03183365024577094
6,44,Santos,Rio de Janeiro,2025,5,29,1.2193924449846791,0.4616160550207941
6,44,Medellin,Asuncion,2025,5,29,0.12651698660821312,2.124032089715723
6,44,Sao Paulo,Asuncion,2025,5,29,1.2531603722017994,2.428370597678856
6,44,La Plata,Asuncion,2025,5,29,1.4254495982894826,0.9980068873015566
6,44,Santiago,Asuncion,2025,5,29,0.21450534548925804,0.7726655303896167
6,44,Buenos Aires,Asuncion,2025,5,29,2.3354280677697266,2.1787652493701164
6,44,Avellaneda,Asuncion,2025,5,29,1.4970075601019401,2.815210586142936
6,44,Quito,Asuncion,2025,5,29,0.2277208895086081,1.7302569440737312
6,44,La Boca,Asuncion,2025,5,29,0.2853110960250327,2.932150987848633
6,44,Porto Alegre,Asuncion,2025,5,29,1.175247673347469,2.5666926265302923
6,44,Montevideo,Asuncion,2025,5,29,1.3365648740634934,2.8526298540330286
6,44,Santos,Asuncion,2025,5,29,0.6978593105682755,1.233711575626088
6,44,Sao Paulo,Medellin,2025,5,29,1.0998467488094639,0.7403608009784083
6,44,La Plata,Medellin,2025,5,29,1.2565243697988882,0.9835820162705613
6,44,Santiago,Medellin,2025,5,29,0.6389329554023334,0.9081759590292195
6,44,Buenos Aires,Medellin,2025,5,29,2.225648992983495,0.9079989789064677
6,44,Avellaneda,Medellin,2025,5,29,1.3140112581562495,0.4793683895355659
6,44,Quito,Medellin,2025,5,29,0.06659660356266113,1.0177024455731183
6,44,La Boca,Medellin,2025,5,29,0.2587902774680053,1.3180496716891374
6,44,Porto Alegre,Medellin,2025,5,29,1.5086723219570066,0.7166705308007906
6,44,Montevideo,Medellin,2025,5,29,1.8315132189164944,0.13107709328742545
6,44,Santos,Medellin,2025,5,29,0.3017493462408959,0.9922626996352845
6,44,La Plata,Sao Paulo,2025,5,29,1.2724332058608092,0.5490945888890306
6,44,Santiago,Sao Paulo,2025,5,29,0.3937993506265754,0.3511477370513205
6,44,Buenos Aires,Sao Paulo,2025,5,29,1.842706125704228,1.263518815404061
6,44,Avellaneda,Sao Paulo,2025,5,29,0.6592405931764077,1.6107303490771963
6,44,Quito,Sao Paulo,2025,5,29,0.5366483503765254,0.8873205263699937
6,44,La Boca,Sao Paulo,2025,5,29,0.8854126657639845,0.3840269320911474
6,44,Porto Alegre,Sao Paulo,2025,5,29,0.9033407154843742,1.3673705330157304
6,44,Montevideo,Sao Paulo,2025,5,29,1.1363131201966077,0.9513057745758751
6,44,Santos,Sao Paulo,2025,5,29,0.9304968339941982,0.4214576832672286
6,44,Santiago,La Plata,2025,5,29,1.5129442057862847,0.0806874871156864
6,44,Buenos Aires,La Plata,2025,5,29,2.5683544173612494,0.19932184426165875
6,44,Avellaneda,La Plata,2025,5,29,1.6724374270520723,-0.02652726710910403
6,44,Quito,La Plata,2025,5,29,0.9291841536695722,-0.02478463773006432
6,44,La Boca,La Plata,2025,5,29,0.8691154380650996,0.038659380708070935
6,44,Porto Alegre,La Plata,2025,5,29,1.3326083127878448,0.3706032877746224
6,44,Montevideo,La Plata,2025,5,29,1.4921095477729338,-0.47493771807425095
6,44,Santos,La Plata,2025,5,29,1.3631445802386035,0.11378609979673991
6,44,Buenos Aires,Santiago,2025,5,29,1.698130682043658,1.7461826126416768
6,44,Avellaneda,Santiago,2025,5,29,1.5632007586177503,1.3351729650715163
6,44,Quito,Santiago,2025,5,29,1.005410774416591,1.3487188649437432
6,44,La Boca,Santiago,2025,5,29,1.2821153119578061,1.9142671216791047
6,44,Porto Alegre,Santiago,2025,5,29,0.9845694621788315,2.8341630467830514
6,44,Montevideo,Santiago,2025,5,29,1.1293599703093795,1.2453750477476904
6,44,Santos,Santiago,2025,5,29,1.5199178985849793,0.6811642347370457
6,44,Avellaneda,Buenos Aires,2025,5,29,1.0620988076900357,3.2646278370521427
6,44,Quito,Buenos Aires,2025,5,29,1.1309001445684392,1.9092425317690185
6,44,La Boca,Buenos Aires,2025,5,29,1.1408696947771149,2.8061422992462215
6,44,Porto Alegre,Buenos Aires,2025,5,29,1.1179624188084543,2.8006783543066804
6,44,Montevideo,Buenos Aires,2025,5,29,0.9274162864175929,2.930686488460743
6,44,Santos,Buenos Aires,2025,5,29,1.9817472510983023,1.3835193449618193
6,44,Quito,Avellaneda,2025,5,29,0.5308707812295275,1.0893280857651435
6,44,La Boca,Avellaneda,2025,5,29,0.4275232578622749,1.0781294316400218
6,44,Porto Alegre,Avellaneda,2025,5,29,1.2494049646310197,1.3392517387058251
6,44,Montevideo,Avellaneda,2025,5,29,1.4967432191414374,0.9949682008329256
6,44,Santos,Avellaneda,2025,5,29,1.0511046914111564,0.5782328155378703
6,44,La Boca,Quito,2025,5,29,1.805051277860303,0.6598420054835523
6,44,Porto Alegre,Quito,2025,5,29,1.8677604479401322,0.8588215182733783
6,44,Montevideo,Quito,2025,5,29,1.6580567978106442,0.12297616570559107
6,44,Santos,Quito,2025,5,29,2.357948570042926,0.789155585612769
6,44,Porto Alegre,La Boca,2025,5,29,1.377060380067225,2.34844586509747
6,44,Montevideo,La Boca,2025,5,29,1.6945915511949579,1.5179104487202761
6,44,Santos,La Boca,2025,5,29,1.1646740410869412,0.9308716538265248
6,44,Montevideo,Porto Alegre,2025,5,29,1.723951125093471,-0.22166557486805588
6,44,Santos,Porto Alegre,2025,5,29,1.4482022541812174,0.17374209867943233
6,44,Santos,Montevideo,2025,5,29,1.089811752322202,0.6600010518932683
6,47,Penarol,Itaquera,2025,5,29,0.7532066796181609,-0.25553467983223177
6,47,Lima,Itaquera,2025,5,29,0.8512667865137896,0.29322993732238317
6,47,Belo Horizonte,Itaquera,2025,5,29,0.7174849641745391,1.0661123673944448
6,47,Guayaquil,Itaquera,2025,5,29,0.8476078920713995,0.4469538481211323
6,47,Agua Branca,Itaquera,2025,5,29,0.597747635645441,0.5827723754310205
6,47,Bogota,Itaquera,2025,5,29,0.41753706103240895,1.178830309635666
6,47,Rio de Janeiro,Itaquera,2025,5,29,0.7887597767397466,0.32216482865856416
6,47,Asuncion,Itaquera,2025,5,29,0.5373111576356573,-0.26341923615498913
6,47,Medellin,Itaquera,2025,5,29,0.6598960505010005,0.6241586918031641
6,47,Sao Paulo,Itaquera,2025,5,29,0.4155050403275,-0.15592582859251136
6,47,La Plata,Itaquera,2025,5,29,0.9900093874981676,0.4209696908942428
6,47,Santiago,Itaquera,2025,5,29,0.9842224672957298,0.2841109709805347
6,47,Buenos Aires,Itaquera,2025,5,29,0.8734296939129517,0.5483513580588238
6,47,Avellaneda,Itaquera,2025,5,29,0.7321136576383667,0.028450734281117978
6,47,Quito,Itaquera,2025,5,29,0.8975922635605608,0.468045656003091
6,47,La Boca,Itaquera,2025,5,29,0.7247220007322535,0.05820164963783556
6,47,Porto Alegre,Itaquera,2025,5,29,0.9306921434473862,0.11806694954926228
6,47,Montevideo,Itaquera,2025,5,29,0.8489933537848545,-0.3355450700056749
6,47,Santos,Itaquera,2025,5,29,0.6439479512321296,0.1657990479091133
6,47,Lima,Penarol,2025,5,29,0.7971665736502839,0.24551561259223528
6,47,Belo Horizonte,Penarol,2025,5,29,1.1825207070657182,2.0910119991596483
6,47,Guayaquil,Penarol,2025,5,29,0.9902466558462727,1.0133712533721713
6,47,Agua Branca,Penarol,2025,5,29,1.2670271838767988,1.0920132798944366
6,47,Bogota,Penarol,2025,5,29,1.4234970044773128,2.498797477873852
6,47,Rio de Janeiro,Penarol,2025,5,29,1.3400071994166536,1.8529400618849512
6,47,Asuncion,Penarol,2025,5,29,1.655477708396967,0.4486115195809715
6,47,Medellin,Penarol,2025,5,29,0.7396436116783222,2.2038950291556696
6,47,Sao Paulo,Penarol,2025,5,29,2.102266104595004,1.9418833123723687
6,47,La Plata,Penarol,2025,5,29,2.0366907241697616,0.057575022795293966
6,47,Santiago,Penarol,2025,5,29,1.7203378704820345,0.5492704096864587
6,47,Buenos Aires,Penarol,2025,5,29,2.0679976485978173,1.904129604153108
6,47,Avellaneda,Penarol,2025,5,29,1.287155977603364,1.8436754863484133
6,47,Quito,Penarol,2025,5,29,1.1006726540544565,1.2592534166896376
6,47,La Boca,Penarol,2025,5,29,0.9940054536972582,1.6401538094795858
6,47,Porto Alegre,Penarol,2025,5,29,1.2069914817914917,2.404148152841727
6,47,Montevideo,Penarol,2025,5,29,1.1494382116968596,1.8012471799155199
6,47,Santos,Penarol,2025,5,29,1.7490514992735158,0.871836336634355
6,47,Belo Horizonte,Lima,2025,5,29,0.5074277448138566,1.6634040253671394
6,47,Guayaquil,Lima,2025,5,29,0.8664587360056917,1.207155248585267
6,47,Agua Branca,Lima,2025,5,29,0.13678217615432417,0.6411488275468108
6,47,Bogota,Lima,2025,5,29,0.942543273319567,2.183475679049725
6,47,Rio de Janeiro,Lima,2025,5,29,0.46590859035504145,1.1786095404703263
6,47,Asuncion,Lima,2025,5,29,0.3625570589245087,0.10652373233959635
6,47,Medellin,Lima,2025,5,29,0.2967767635861968,1.2983809338597105
6,47,Sao Paulo,Lima,2025,5,29,0.4116727310094402,1.084787598260889
6,47,La Plata,Lima,2025,5,29,0.9519271382598001,0.5912075359071651
6,47,Santiago,Lima,2025,5,29,0.6807512236506563,0.7618183932517444
6,47,Buenos Aires,Lima,2025,5,29,1.2934793640610247,1.3178077460339428
6,47,Avellaneda,Lima,2025,5,29,0.6641837792519723,0.4860925255911319
6,47,Quito,Lima,2025,5,29,0.3519549045711364,0.9504263104589729
6,47,La Boca,Lima,2025,5,29,0.30148847590195776,1.1433498516788931
6,47,Porto Alegre,Lima,2025,5,29,0.8489719293336061,1.7466336395322126
6,47,Montevideo,Lima,2025,5,29,1.1340362784722136,0.5969189091853637
6,47,Santos,Lima,2025,5,29,0.5011130348539358,0.8027800877272362
6,47,Guayaquil,Belo Horizonte,2025,5,29,0.630035445916852,1.096427571015888
6,47,Agua Branca,Belo Horizonte,2025,5,29,1.3296597513523296,1.471481678042321
6,47,Bogota,Belo Horizonte,2025,5,29,1.0145110374893047,2.511330268296284
6,47,Rio de Janeiro,Belo Horizonte,2025,5,29,1.3302879979669857,2.127441512505778
6,47,Asuncion,Belo Horizonte,2025,5,29,1.2774292775924185,1.0854997387397487
6,47,Medellin,Belo Horizonte,2025,5,29,0.9310571221716716,2.1328258519297454
6,47,Sao Paulo,Belo Horizonte,2025,5,29,1.6912739401408947,2.4205706496186457
6,47,La Plata,Belo Horizonte,2025,5,29,1.0459118179844724,0.7036555214392175
6,47,Santiago,Belo Horizonte,2025,5,29,1.2290598484185256,1.0700926145859933
6,47,Buenos Aires,Belo Horizonte,2025,5,29,1.6391210246232506,2.0286211465603343
6,47,Avellaneda,Belo Horizonte,2025,5,29,1.246111508456257,2.427524966025772
6,47,Quito,Belo Horizonte,2025,5,29,0.9728543514163317,1.662982318717129
6,47,La Boca,Belo Horizonte,2025,5,29,0.969677991710965,2.2017833821711537
6,47,Porto Alegre,Belo Horizonte,2025,5,29,1.0838905130572651,2.458200153631772
6,47,Montevideo,Belo Horizonte,2025,5,29,1.5586279264926675,2.399797396985227
6,47,Santos,Belo Horizonte,2025,5,29,1.0410461878476427,1.2876989661619669
6,47,Agua Branca,Guayaquil,2025,5,29,2.0501840637261344,0.37193929839209683
6,47,Bogota,Guayaquil,2025,5,29,1.1751433009470573,1.3657640672335083
6,47,Rio de Janeiro,Guayaquil,2025,5,29,1.5371979145150105,0.5616682712863882
6,47,Asuncion,Guayaquil,2025,5,29,1.2842294447534672,-0.05584886968557846
6,47,Medellin,Guayaquil,2025,5,29,1.999038581724035,0.6271587675837375
6,47,Sao Paulo,Guayaquil,2025,5,29,2.584325335408808,-0.013463632046152202
6,47,La Plata,Guayaquil,2025,5,29,1.9335883632514865,0.2165441756506124
6,47,Santiago,Guayaquil,2025,5,29,1.6327192198939082,0.18735807385763406
6,47,Buenos Aires,Guayaquil,2025,5,29,2.429177980904542,0.45038532774127127
6,47,Avellaneda,Guayaquil,2025,5,29,1.3171659096011812,0.1930789314053152
6,47,Quito,Guayaquil,2025,5,29,1.1523149915570163,0.8395322071678079
6,47,La Boca,Guayaquil,2025,5,29,1.2261336147033652,0.2405204619814886
6,47,Porto Alegre,Guayaquil,2025,5,29,1.4278467906124026,0.4687425511604735
6,47,Montevideo,Guayaquil,2025,5,29,1.4956848090699817,-0.240148697445499
6,47,Santos,Guayaquil,2025,5,29,2.4672426838440376,-0.04669185045944496
6,47,Bogota,Agua Branca,2025,5,29,1.4443047455593887,1.3938131981755157
6,47,Rio de Janeiro,Agua Branca,2025,5,29,1.2971254824114895,0.6994098286011676
6,47,Asuncion,Agua Branca,2025,5,29,1.4478832970482454,0.17066395179448451
6,47,Medellin,Agua Branca,2025,5,29,0.9945115053947144,1.7554014938412814
6,47,Sao Paulo,Agua Branca,2025,5,29,1.296327741768741,1.2049443311120742
6,47,La Plata,Agua Branca,2025,5,29,1.4839436541051518,0.5900661480206993
6,47,Santiago,Agua Branca,2025,5,29,1.4315917712553425,0.7676949020799292
6,47,Buenos Aires,Agua Branca,2025,5,29,1.341411670043007,1.0615389877837085
6,47,Avellaneda,Agua Branca,2025,5,29,1.3197006936240936,0.7660737088278751
6,47,Quito,Agua Branca,2025,5,29,0.9534344013291464,0.6529111410994914
6,47,La Boca,Agua Branca,2025,5,29,1.2901972865945852,0.9681632127417888
6,47,Porto Alegre,Agua Branca,2025,5,29,0.9397661979626653,0.6773026330625025
6,47,Montevideo,Agua Branca,2025,5,29,1.1787453226351952,0.30560185742124163
6,47,Santos,Agua Branca,2025,5,29,1.2491709299878984,0.945210568773756
6,47,Rio de Janeiro,Bogota,2025,5,29,1.3626332490605617,1.3645884200884666
6,47,Asuncion,Bogota,2025,5,29,1.692125271656528,0.09137407601615744
6,47,Medellin,Bogota,2025,5,29,1.9652052541071896,0.495384890055679
6,47,Sao Paulo,Bogota,2025,5,29,2.001206428716856,0.6724812749090892
6,47,La Plata,Bogota,2025,5,29,2.1496919107630053,0.6817568246948664
6,47,Santiago,Bogota,2025,5,29,1.978989626764588,0.7287467301815643
6,47,Buenos Aires,Bogota,2025,5,29,2.373545576671017,0.9994015956614652
6,47,Avellaneda,Bogota,2025,5,29,1.4962142938641307,0.4280280603734039
6,47,Quito,Bogota,2025,5,29,1.344382400164941,1.1080171891712585
6,47,La Boca,Bogota,2025,5,29,1.7274263677297095,1.0216087456776377
6,47,Porto Alegre,Bogota,2025,5,29,1.7682596011772311,1.0750432491635642
6,47,Montevideo,Bogota,2025,5,29,1.7371408539999744,-0.042203981439894026
6,47,Santos,Bogota,2025,5,29,2.222790071367048,0.5220449066685777
6,47,Asuncion,Rio de Janeiro,2025,5,29,0.9474132823067651,-0.0033220004138970628
6,47,Medellin,Rio de Janeiro,2025,5,29,0.5503696814287744,0.4093166047900032
6,47,Sao Paulo,Rio de Janeiro,2025,5,29,1.1719948507098155,0.6318908356201182
6,47,La Plata,Rio de Janeiro,2025,5,29,1.5527307175611869,0.5570830273939871
6,47,Santiago,Rio de Janeiro,2025,5,29,0.8676782444229465,0.9485506282018746
6,47,Buenos Aires,Rio de Janeiro,2025,5,29,2.3057193371531426,0.7187668200760176
6,47,Avellaneda,Rio de Janeiro,2025,5,29,0.879343221337748,0.08390712163138457
6,47,Quito,Rio de Janeiro,2025,5,29,0.911719870178475,0.8491334967718838
6,47,La Boca,Rio de Janeiro,2025,5,29,0.9751119925387174,0.23929421977062024
6,47,Porto Alegre,Rio de Janeiro,2025,5,29,1.42839916506356,0.6048905353228207
6,47,Montevideo,Rio de Janeiro,2025,5,29,1.8097920815653885,-0.03209148760224657
6,47,Santos,Rio de Janeiro,2025,5,29,1.2022678084180574,0.4613582176643185
6,47,Medellin,Asuncion,2025,5,29,0.21011614911442864,2.1237742523592473
6,47,Sao Paulo,Asuncion,2025,5,29,1.2851018298658463,2.4111237062336643
6,47,La Plata,Asuncion,2025,5,29,1.5587527816919282,0.9997322605582801
6,47,Santiago,Asuncion,2025,5,29,0.3137100392893284,0.7605547308103707
6,47,Buenos Aires,Asuncion,2025,5,29,2.4413978726987664,2.1787652493701164
6,47,Avellaneda,Asuncion,2025,5,29,1.5189366877911634,2.8149527487864603
6,47,Quito,Asuncion,2025,5,29,0.2424616395321724,1.7302569440737312
6,47,La Boca,Asuncion,2025,5,29,0.35419696042678545,2.6768413823393398
6,47,Porto Alegre,Asuncion,2025,5,29,1.2625426322275004,2.6155253902953546
6,47,Montevideo,Asuncion,2025,5,29,1.387923055544903,2.854097389933276
6,47,Santos,Asuncion,2025,5,29,0.7119465896064682,1.2351791115263355
6,47,Sao Paulo,Medellin,2025,5,29,1.0998467488094639,0.7233717468896923
6,47,La Plata,Medellin,2025,5,29,1.2598893185555566,0.9835820162705613
6,47,Santiago,Medellin,2025,5,29,0.6111102151717651,0.8963229968064492
6,47,Buenos Aires,Medellin,2025,5,29,2.227118833975613,0.9079989789064677
6,47,Avellaneda,Medellin,2025,5,29,1.3039989281814262,0.4484107637587332
6,47,Quito,Medellin,2025,5,29,0.05745065423299608,1.0177024455731183
6,47,La Boca,Medellin,2025,5,29,0.2892070130676739,1.3010606176004216
6,47,Porto Alegre,Medellin,2025,5,29,1.481878308845831,0.7541828654871534
6,47,Montevideo,Medellin,2025,5,29,1.8535549585740663,0.13107709328742545
6,47,Santos,Medellin,2025,5,29,0.3017493462408959,0.9613050738584518
6,47,La Plata,Sao Paulo,2025,5,29,1.5154117118073356,0.5055199026989545
6,47,Santiago,Sao Paulo,2025,5,29,0.5893583023775814,0.2958359622554352
6,47,Buenos Aires,Sao Paulo,2025,5,29,2.0388444742606384,1.2119473333485418
6,47,Avellaneda,Sao Paulo,2025,5,29,0.7974521730925301,1.5835760913689358
6,47,Quito,Sao Paulo,2025,5,29,0.6166744780685037,0.8277403719834011
6,47,La Boca,Sao Paulo,2025,5,29,0.9537780142797718,0.045888661790736265
6,47,Porto Alegre,Sao Paulo,2025,5,29,1.1040431502738233,1.3533285551602325
6,47,Montevideo,Sao Paulo,2025,5,29,1.2868381800909143,0.9096809759606448
6,47,Santos,Sao Paulo,2025,5,29,0.9401293949802698,0.3618775288806359
6,47,Santiago,La Plata,2025,5,29,1.435585585527666,0.05607250120707921
6,47,Buenos Aires,La Plata,2025,5,29,2.513858379775404,0.17783727617465514
6,47,Avellaneda,La Plata,2025,5,29,1.6656565348554417,-0.045975683187043315
6,47,Quito,La Plata,2025,5,29,0.9214978659090955,-0.054277878148141556
6,47,La Boca,La Plata,2025,5,29,0.9105141295687476,0.002490350392634425
6,47,Porto Alegre,La Plata,2025,5,29,1.3324667841776672,0.34012103094340174
6,47,Montevideo,La Plata,2025,5,29,1.5159805563562383,-0.4949547502610067
6,47,Santos,La Plata,2025,5,29,1.3481935047884848,0.08576039527891034
6,47,Buenos Aires,Santiago,2025,5,29,1.7406655727881732,1.7326822944468285
6,47,Avellaneda,Santiago,2025,5,29,1.6671442560270322,1.3159823863500526
6,47,Quito,Santiago,2025,5,29,1.0373336042110959,1.3197099181259944
6,47,La Boca,Santiago,2025,5,29,1.3072411656515692,1.6464962987908338
6,47,Porto Alegre,Santiago,2025,5,29,1.006742299703622,2.8929315263216724
6,47,Montevideo,Santiago,2025,5,29,1.146104090412464,1.228708412728917
6,47,Santos,Santiago,2025,5,29,1.5062931072465944,0.6596552442111239
6,47,Avellaneda,Buenos Aires,2025,5,29,1.1569716215123984,3.2374735793438822
6,47,Quito,Buenos Aires,2025,5,29,1.1343977853506744,1.8496623773824254
6,47,La Boca,Buenos Aires,2025,5,29,1.2030955315576324,2.4697294022025327
6,47,Porto Alegre,Buenos Aires,2025,5,29,1.140819157490288,2.811886572187742
6,47,Montevideo,Buenos Aires,2025,5,29,0.9867008826485487,2.890787063102236
6,47,Santos,Buenos Aires,2025,5,29,1.941695621509353,1.3256645638319495
6,47,Quito,Avellaneda,2025,5,29,0.5996208504487728,1.041536135410281
6,47,La Boca,Avellaneda,2025,5,29,0.5049496044777616,1.031805017185407
6,47,Porto Alegre,Avellaneda,2025,5,29,1.3201396280765936,1.3396983566824945
6,47,Montevideo,Avellaneda,2025,5,29,1.5079407969170278,0.9862428467559269
6,47,Santos,Avellaneda,2025,5,29,1.0476544426006615,0.561498789129798
6,47,La Boca,Quito,2025,5,29,1.8192580366675961,0.6290132578323331
6,47,Porto Alegre,Quito,2025,5,29,1.8571913211770452,0.8963338529597411
6,47,Montevideo,Quito,2025,5,29,1.6638818230272587,0.12444370160583876
6,47,Santos,Quito,2025,5,29,2.333754651941454,0.759665495736184
6,47,Porto Alegre,La Boca,2025,5,29,1.4021860076820465,2.4339048796493814
6,47,Montevideo,La Boca,2025,5,29,1.7027052107106413,1.5196358219769994
6,47,Santos,La Boca,2025,5,29,1.1679054788651342,0.9325970270832482
6,47,Montevideo,Porto Alegre,2025,5,29,1.7623948989444154,-0.21994020161133257
6,47,Santos,Porto Alegre,2025,5,29,1.465748977599113,0.17546747193615564
6,47,Santos,Montevideo,2025,5,29,1.1418333737310096,0.661468587793516
6,50,Penarol,Itaquera,2025,5,29,0.7493514024080906,-0.2580891372569801
6,50,Lima,Itaquera,2025,5,29,0.8533126248348628,0.2923504767312491
6,50,Belo Horizonte,Itaquera,2025,5,29,0.6700694119637949,1.065628617201737
6,50,Guayaquil,Itaquera,2025,5,29,0.8476078920713995,0.444399390696384
6,50,Agua Branca,Itaquera,2025,5,29,0.6041453807372902,0.5848430826630611
6,50,Bogota,Itaquera,2025,5,29,0.3891079415193733,1.178830309635666
6,50,Rio de Janeiro,Itaquera,2025,5,29,0.8118038305297083,0.3201955083867148
6,50,Asuncion,Itaquera,2025,5,29,0.5305027168820653,-0.2630235257565627
6,50,Medellin,Itaquera,2025,5,29,0.6612241193562151,0.6216042343784157
6,50,Sao Paulo,Itaquera,2025,5,29,0.4183399760994152,-0.15789514886436082
6,50,La Plata,Itaquera,2025,5,29,0.9955946348695133,0.42136540129266925
6,50,Santiago,Itaquera,2025,5,29,0.9855505361509443,0.2836272207878271
6,50,Buenos Aires,Itaquera,2025,5,29,0.8878592238582284,0.5483513580588238
6,50,Avellaneda,Itaquera,2025,5,29,0.7376989050097124,0.029641980922024535
6,50,Quito,Itaquera,2025,5,29,0.8917145482990787,0.4660763357312416
6,50,La Boca,Itaquera,2025,5,29,0.7045362829838685,0.05732218904670145
6,50,Porto Alegre,Itaquera,2025,5,29,0.9207360477312592,0.11639195271564803
6,50,Montevideo,Itaquera,2025,5,29,0.8229065205053261,-0.3360288201983825
6,50,Santos,Itaquera,2025,5,29,0.611156269668086,0.16786975514115396
6,50,Lima,Penarol,2025,5,29,0.9032835564546766,0.2893685332652138
6,50,Belo Horizonte,Penarol,2025,5,29,1.216372878948507,2.105711627425963
6,50,Guayaquil,Penarol,2025,5,29,1.0754218864342944,1.0445952530108755
6,50,Agua Branca,Penarol,2025,5,29,1.1976523138939936,1.0940839871264774
6,50,Bogota,Penarol,2025,5,29,1.3846517492637653,2.498797477873852
6,50,Rio de Janeiro,Penarol,2025,5,29,1.3254210909263349,1.8529400618849512
6,50,Asuncion,Penarol,2025,5,29,1.6304838206715084,0.48190622645171644
6,50,Medellin,Penarol,2025,5,29,0.8180146039203373,2.2038950291556696
6,50,Sao Paulo,Penarol,2025,5,29,2.027565784444323,1.9857362330453459
6,50,La Plata,Penarol,2025,5,29,2.010623061513003,0.09086972966603901
6,50,Santiago,Penarol,2025,5,29,1.7090902975504683,0.5825651165572037
6,50,Buenos Aires,Penarol,2025,5,29,2.015301493093126,1.916758525187382
6,50,Avellaneda,Penarol,2025,5,29,1.3514445412598408,1.845746193580454
6,50,Quito,Penarol,2025,5,29,1.0381020224176576,1.2718823377239117
6,50,La Boca,Penarol,2025,5,29,0.9575024847172183,1.6401538094795858
6,50,Porto Alegre,Penarol,2025,5,29,1.1903451730933792,2.416777073876001
6,50,Montevideo,Penarol,2025,5,29,1.1128337448140018,1.8159468081818344
6,50,Santos,Penarol,2025,5,29,1.637848210142795,0.9177599645393743
6,50,Belo Horizonte,Lima,2025,5,29,0.4931563319032748,1.6634040253671394
6,50,Guayaquil,Lima,2025,5,29,0.8664587360056917,1.207155248585267
6,50,Agua Branca,Lima,2025,5,29,0.13327935668037308,0.6411488275468108
6,50,Bogota,Lima,2025,5,29,0.9203443268041327,2.183475679049725
6,50,Rio de Janeiro,Lima,2025,5,29,0.48572813395027187,1.1786095404703263
6,50,Asuncion,Lima,2025,5,29,0.3991622374977432,0.10652373233959635
6,50,Medellin,Lima,2025,5,29,0.3075453570228273,1.2983809338597105
6,50,Sao Paulo,Lima,2025,5,29,0.41725797838078593,1.084787598260889
6,50,La Plata,Lima,2025,5,29,0.9575123856311458,0.5912075359071651
6,50,Santiago,Lima,2025,5,29,0.6915198170872868,0.7618183932517444
6,50,Buenos Aires,Lima,2025,5,29,1.32106877607836,1.3178077460339428
6,50,Avellaneda,Lima,2025,5,29,0.6794632059081224,0.4860925255911319
6,50,Quito,Lima,2025,5,29,0.34286683772583954,0.9504263104589729
6,50,La Boca,Lima,2025,5,29,0.27809240656975787,1.1433498516788931
6,50,Porto Alegre,Lima,2025,5,29,0.8489719293336061,1.7466336395322126
6,50,Montevideo,Lima,2025,5,29,1.1208823586334746,0.5969189091853637
6,50,Santos,Lima,2025,5,29,0.4920249680086387,0.8027800877272362
6,50,Guayaquil,Belo Horizonte,2025,5,29,0.7152106765048734,1.1276515706545922
6,50,Agua Branca,Belo Horizonte,2025,5,29,1.200399323386262,1.4735523852743617
6,50,Bogota,Belo Horizonte,2025,5,29,0.9795991282068934,2.511330268296284
6,50,Rio de Janeiro,Belo Horizonte,2025,5,29,1.376593421649357,2.1286356963460973
6,50,Asuncion,Belo Horizonte,2025,5,29,1.2748413660904836,1.118794445610494
6,50,Medellin,Belo Horizonte,2025,5,29,0.9072660874891982,2.1328258519297454
6,50,Sao Paulo,Belo Horizonte,2025,5,29,1.5829956706511406,2.4529888330976686
6,50,La Plata,Belo Horizonte,2025,5,29,1.051497065355818,0.7369502283099622
6,50,Santiago,Belo Horizonte,2025,5,29,1.2184129121801388,1.1033873214567385
6,50,Buenos Aires,Belo Horizonte,2025,5,29,1.5919447208782562,2.0286211465603343
6,50,Avellaneda,Belo Horizonte,2025,5,29,1.3880381075327566,2.430789857098132
6,50,Quito,Belo Horizonte,2025,5,29,0.9442609089748312,1.6641765025574484
6,50,La Boca,Belo Horizonte,2025,5,29,0.9335689596117885,2.2017833821711537
6,50,Porto Alegre,Belo Horizonte,2025,5,29,1.0784683999654532,2.458200153631772
6,50,Montevideo,Belo Horizonte,2025,5,29,1.4736803587198728,2.4018681042172676
6,50,Santos,Belo Horizonte,2025,5,29,0.8616095053462717,1.3209936730327116
6,50,Agua Branca,Guayaquil,2025,5,29,1.9980695322558808,0.3740100056241375
6,50,Bogota,Guayaquil,2025,5,29,1.1411688985287094,1.299079974219487
6,50,Rio de Janeiro,Guayaquil,2025,5,29,1.5462488646736106,0.5628624551267076
6,50,Asuncion,Guayaquil,2025,5,29,1.2858634680307812,-0.05377816245353779
6,50,Medellin,Guayaquil,2025,5,29,2.035519609981541,0.5604746745697162
6,50,Sao Paulo,Guayaquil,2025,5,29,2.5803222374042254,-0.01226944820583284
6,50,La Plata,Guayaquil,2025,5,29,1.929585265246904,0.21861488288265307
6,50,Santiago,Guayaquil,2025,5,29,1.6327192198939082,0.18942878108967473
6,50,Buenos Aires,Guayaquil,2025,5,29,2.4331542904153634,0.45038532774127127
6,50,Avellaneda,Guayaquil,2025,5,29,1.3592321852300318,0.19634382247767523
6,50,Quito,Guayaquil,2025,5,29,1.094615212715417,0.7740422979941061
6,50,La Boca,Guayaquil,2025,5,29,1.1945014985185245,0.2405204619814886
6,50,Porto Alegre,Guayaquil,2025,5,29,1.41120048191429,0.4687425511604735
6,50,Montevideo,Guayaquil,2025,5,29,1.4658845805331304,-0.23807799021345832
6,50,Santos,Guayaquil,2025,5,29,2.4095429050024384,-0.04462114322740429
6,50,Bogota,Agua Branca,2025,5,29,1.4419624593258815,1.3096121524741582
6,50,Rio de Janeiro,Agua Branca,2025,5,29,1.3201695362014514,0.6799235556419825
6,50,Asuncion,Agua Branca,2025,5,29,1.4832104584284653,0.17105966219291097
6,50,Medellin,Agua Branca,2025,5,29,0.9327948618183554,1.6686459907151758
6,50,Sao Paulo,Agua Branca,2025,5,29,1.1996369368515776,1.1854580581528886
6,50,La Plata,Agua Branca,2025,5,29,1.4895289014764979,0.5904618584191259
6,50,Santiago,Agua Branca,2025,5,29,1.4429610013851526,0.7496941991998856
6,50,Buenos Aires,Agua Branca,2025,5,29,1.2526560459676233,1.0440220350963731
6,50,Avellaneda,Agua Branca,2025,5,29,1.3714611485377486,0.7672649554687815
6,50,Quito,Agua Branca,2025,5,29,0.9648036314589564,0.5842577278136208
6,50,La Boca,Agua Branca,2025,5,29,1.2901972865945852,0.9497667994633189
6,50,Porto Alegre,Agua Branca,2025,5,29,0.9470570476378303,0.6581106835415523
6,50,Montevideo,Agua Branca,2025,5,29,1.1196646374681154,0.30511810722853405
6,50,Santos,Agua Branca,2025,5,29,1.1515738948472134,0.9297643233184608
6,50,Rio de Janeiro,Bogota,2025,5,29,1.3445814377829888,1.3467771439628953
6,50,Asuncion,Bogota,2025,5,29,1.668607175474502,0.0934447832481981
6,50,Medellin,Bogota,2025,5,29,1.9836344710871214,0.47698847677720896
6,50,Sao Paulo,Bogota,2025,5,29,1.9499860647555973,0.654669998783518
6,50,La Plata,Bogota,2025,5,29,2.140103565387077,0.683827531926907
6,50,Santiago,Bogota,2025,5,29,1.9677420538330215,0.7124210241351349
6,50,Buenos Aires,Bogota,2025,5,29,2.3223252127097576,0.9818846429741296
6,50,Avellaneda,Bogota,2025,5,29,1.4978675418823115,0.4292193070143105
6,50,Quito,Bogota,2025,5,29,1.3183147375081823,1.1077228657330231
6,50,La Boca,Bogota,2025,5,29,1.7274263677297095,1.0032123323991677
6,50,Porto Alegre,Bogota,2025,5,29,1.7682596011772311,1.0575262964762284
6,50,Montevideo,Bogota,2025,5,29,1.730336615653968,-0.04101273479898747
6,50,Santos,Bogota,2025,5,29,2.1550903901249585,0.5065986612132825
6,50,Asuncion,Rio de Janeiro,2025,5,29,0.9669832974387332,-0.0029262900154706046
6,50,Medellin,Rio de Janeiro,2025,5,29,0.5611382748654048,0.3741842187313321
6,50,Sao Paulo,Rio de Janeiro,2025,5,29,1.158202648406388,0.6138930699394876
6,50,La Plata,Rio de Janeiro,2025,5,29,1.5841340359170575,0.5574787377924135
6,50,Santiago,Rio de Janeiro,2025,5,29,0.878446837859577,0.9314293859129652
6,50,Buenos Aires,Rio de Janeiro,2025,5,29,2.30724108651372,0.7012498673886817
6,50,Avellaneda,Rio de Janeiro,2025,5,29,0.9465083816351817,0.0871720127037446
6,50,Quito,Rio de Janeiro,2025,5,29,0.9118035656195904,0.832712247240868
6,50,La Boca,Rio de Janeiro,2025,5,29,0.9372723535434075,0.22177726708328435
6,50,Porto Alegre,Rio de Janeiro,2025,5,29,1.470328802988716,0.5856985858018705
6,50,Montevideo,Rio de Janeiro,2025,5,29,1.7799918530285372,-0.03169577720382011
6,50,Santos,Rio de Janeiro,2025,5,29,1.1504657702178893,0.44591197220902334
6,50,Medellin,Asuncion,2025,5,29,0.22088474255105917,2.122099255525633
6,50,Sao Paulo,Asuncion,2025,5,29,1.2851018298658463,2.4106428932403694
6,50,La Plata,Asuncion,2025,5,29,1.6106385153332117,1.0001279709567066
6,50,Santiago,Asuncion,2025,5,29,0.3244786327259589,0.7609504412087972
6,50,Buenos Aires,Asuncion,2025,5,29,2.4945646576017464,2.1787652493701164
6,50,Avellaneda,Asuncion,2025,5,29,1.612634254905799,2.8182176398588203
6,50,Quito,Asuncion,2025,5,29,0.28079274027060586,1.7297761310804363
6,50,La Boca,Asuncion,2025,5,29,0.322958781122808,2.6768413823393398
6,50,Porto Alegre,Asuncion,2025,5,29,1.3017154031018072,2.6138503934617403
6,50,Montevideo,Asuncion,2025,5,29,1.3620561729391876,2.8544931003317027
6,50,Santos,Asuncion,2025,5,29,0.6681024464868324,1.2372498187583763
6,50,Sao Paulo,Medellin,2025,5,29,1.0998467488094639,0.7214024266178428
6,50,La Plata,Medellin,2025,5,29,1.3117750521968403,0.981907019436947
6,50,Santiago,Medellin,2025,5,29,0.6117108518649447,0.8937685393817009
6,50,Buenos Aires,Medellin,2025,5,29,2.2738618819879264,0.9079989789064677
6,50,Avellaneda,Medellin,2025,5,29,1.3976964952960615,0.4475313031675991
6,50,Quito,Medellin,2025,5,29,0.10993702456745895,1.0157331253012687
6,50,La Boca,Medellin,2025,5,29,0.2892070130676739,1.3001811570092874
6,50,Porto Alegre,Medellin,2025,5,29,1.5343646791802936,0.7525078686535392
6,50,Montevideo,Medellin,2025,5,29,1.8541555952672457,0.12852263586267715
6,50,Santos,Medellin,2025,5,29,0.2754360166315137,0.9613050738584518
6,50,La Plata,Sao Paulo,2025,5,29,1.5209969591786814,0.5055199026989545
6,50,Santiago,Sao Paulo,2025,5,29,0.5799177777961654,0.2958359622554352
6,50,Buenos Aires,Sao Paulo,2025,5,29,2.044429721631984,1.2119473333485418
6,50,Avellaneda,Sao Paulo,2025,5,29,0.8030374204638758,1.5835760913689358
6,50,Quito,Sao Paulo,2025,5,29,0.5801715090884637,0.8277403719834011
6,50,La Boca,Sao Paulo,2025,5,29,0.9137356362494594,0.045888661790736265
6,50,Porto Alegre,Sao Paulo,2025,5,29,1.0873968415757107,1.3533285551602325
6,50,Montevideo,Sao Paulo,2025,5,29,1.247597426972647,0.9096809759606448
6,50,Santos,Sao Paulo,2025,5,29,0.8767124596976684,0.3618775288806359
6,50,Santiago,La Plata,2025,5,29,1.435585585527666,0.05814320843911988
6,50,Buenos Aires,La Plata,2025,5,29,2.55904575716298,0.1904661972089293
6,50,Avellaneda,La Plata,2025,5,29,1.7593541019700774,-0.043904975955002645
6,50,Quito,La Plata,2025,5,29,0.9767591434646032,-0.10833305012788864
6,50,La Boca,La Plata,2025,5,29,0.9091774595534777,0.002490350392634425
6,50,Porto Alegre,La Plata,2025,5,29,1.3843525178189506,0.3527499519776759
6,50,Montevideo,La Plata,2025,5,29,1.5159805563562383,-0.4802551219946919
6,50,Santos,La Plata,2025,5,29,1.3212795384859233,0.1004600235452252
6,50,Buenos Aires,Santiago,2025,5,29,1.6062540640016656,1.7277942627937666
6,50,Avellaneda,Santiago,2025,5,29,1.7036086986099737,1.3180530935820933
6,50,Quito,Santiago,2025,5,29,0.9841678079938126,1.3323388391602684
6,50,La Boca,Santiago,2025,5,29,1.276002986347592,1.6289793461034978
6,50,Porto Alegre,Santiago,2025,5,29,0.9946299736298255,2.8880434946686107
6,50,Montevideo,Santiago,2025,5,29,1.0543522842936626,1.2434080409952317
6,50,Santos,Santiago,2025,5,29,1.2404980559525611,0.6880619194288072
6,50,Avellaneda,Buenos Aires,2025,5,29,1.258979672403332,3.2374735793438822
6,50,Quito,Buenos Aires,2025,5,29,1.1092640465004444,1.8496623773824254
6,50,La Boca,Buenos Aires,2025,5,29,1.1630531535273199,2.452212449515197
6,50,Porto Alegre,Buenos Aires,2025,5,29,1.1247734854853548,2.794369619500406
6,50,Montevideo,Buenos Aires,2025,5,29,0.8978199689446184,2.890787063102236
6,50,Santos,Buenos Aires,2025,5,29,1.7525652850762954,1.3393716107833178
6,50,Quito,Avellaneda,2025,5,29,0.5400679383995797,1.0538707330063197
6,50,La Boca,Avellaneda,2025,5,29,0.4684466354977218,1.0309255565942728
6,50,Porto Alegre,Avellaneda,2025,5,29,1.303493319378481,1.3523272777167685
6,50,Montevideo,Avellaneda,2025,5,29,1.411655008173911,1.0000630144311073
6,50,Santos,Avellaneda,2025,5,29,0.8023862417772811,0.5761984173961129
6,50,La Boca,Quito,2025,5,29,1.782755067687556,0.6114963051449971
6,50,Porto Alegre,Quito,2025,5,29,1.8405450124789327,0.8788169002724051
6,50,Montevideo,Quito,2025,5,29,1.627277356144401,0.12651440883787943
6,50,Santos,Quito,2025,5,29,2.202638035416763,0.7442192502808888
6,50,Porto Alegre,La Boca,2025,5,29,1.4413587785563533,2.4163879269620456
6,50,Montevideo,La Boca,2025,5,29,1.676838328104926,1.5217065292090401
6,50,Santos,La Boca,2025,5,29,1.143224428199035,0.9171507816279529
6,50,Montevideo,Porto Alegre,2025,5,29,1.7623948989444154,-0.21994020161133257
6,50,Santos,Porto Alegre,2025,5,29,1.4687666971867186,0.17546747193615564
6,50,Santos,Montevideo,2025,5,29,1.0407613112190586,0.658651263372495
6,53,Penarol,Itaquera,2025,5,29,0.7635330640402463,-0.22536383978849375
6,53,Lima,Itaquera,2025,5,29,0.9269973877728955,0.331229765833906
6,53,Belo Horizonte,Itaquera,2025,5,29,0.6357587691552763,1.0881908816833872
6,53,Guayaquil,Itaquera,2025,5,29,0.8476078920713995,0.4686334304218161
6,53,Agua Branca,Itaquera,2025,5,29,0.6064221817287131,0.6130851502641744
6,53,Bogota,Itaquera,2025,5,29,0.380892690408712,1.1935668072393633
6,53,Rio de Janeiro,Itaquera,2025,5,29,0.8259854921618639,0.3569288337308824
6,53,Asuncion,Itaquera,2025,5,29,0.5153760548000917,-0.23197000353185845
6,53,Medellin,Itaquera,2025,5,29,0.6612241193562151,0.6707378046943813
6,53,Sao Paulo,Itaquera,2025,5,29,0.42061677709083817,-0.12516985139587458
6,53,La Plata,Itaquera,2025,5,29,1.0431840061096884,0.4331991960463034
6,53,Santiago,Itaquera,2025,5,29,0.9997321977830999,0.33108901586001044
6,53,Buenos Aires,Itaquera,2025,5,29,0.9615439867962612,0.563087855662521
6,53,Avellaneda,Itaquera,2025,5,29,0.751880566641868,0.03746774779997743
6,53,Quito,Itaquera,2025,5,29,0.8678959575926444,0.47390210260919446
6,53,La Boca,Itaquera,2025,5,29,0.6665360306452784,0.09405551439086912
6,53,Porto Alegre,Itaquera,2025,5,29,1.0168177234121085,0.16385374778783163
6,53,Montevideo,Itaquera,2025,5,29,0.887899354818898,-0.29929549485421486
6,53,Santos,Itaquera,2025,5,29,0.5992425396023844,0.19892327736585805
6,53,Lima,Penarol,2025,5,29,0.9032835564546766,0.7181405606086734
6,53,Belo Horizonte,Penarol,2025,5,29,1.183850800228755,1.4049524254565124
6,53,Guayaquil,Penarol,2025,5,29,1.0784728483695663,1.3738730731848743
6,53,Agua Branca,Penarol,2025,5,29,1.1900053892409908,0.9857140884188078
6,53,Bogota,Penarol,2025,5,29,1.3613182298027577,1.9033603472839133
6,53,Rio de Janeiro,Penarol,2025,5,29,1.403133081364527,1.2301387826387058
6,53,Asuncion,Penarol,2025,5,29,1.6848622916486926,0.8860209330410034
6,53,Medellin,Penarol,2025,5,29,0.7946810844593296,1.772185093772942
6,53,Sao Paulo,Penarol,2025,5,29,2.020328582344696,1.9369491466369406
6,53,La Plata,Penarol,2025,5,29,2.0032229538524717,0.46398218326696794
6,53,Santiago,Penarol,2025,5,29,1.6857567780894602,0.989268328538609
6,53,Buenos Aires,Penarol,2025,5,29,2.008064290993499,1.6078035851547299
6,53,Avellaneda,Penarol,2025,5,29,1.3494564752470748,1.5297480377391646
6,53,Quito,Penarol,2025,5,29,1.0925172022484901,1.0480972510578537
6,53,La Boca,Penarol,2025,5,29,1.0088667026127793,0.9659103058321508
6,53,Porto Alegre,Penarol,2025,5,29,1.2132689700010102,1.8736612114062237
6,53,Montevideo,Penarol,2025,5,29,1.107421703166236,1.4151013210561076
6,53,Santos,Penarol,2025,5,29,1.625608688948779,0.9512894504775321
6,53,Belo Horizonte,Lima,2025,5,29,0.47315855165036796,1.2114740910678314
6,53,Guayaquil,Lima,2025,5,29,0.8664587360056917,1.3330012557458466
6,53,Agua Branca,Lima,2025,5,29,0.14746101831252875,0.6611581582217115
6,53,Bogota,Lima,2025,5,29,0.9203443268041327,1.6133062033099728
6,53,Rio de Janeiro,Lima,2025,5,29,0.5067095223113189,0.582340721269791
6,53,Asuncion,Lima,2025,5,29,0.39905055325532246,0.3625412059057898
6,53,Medellin,Lima,2025,5,29,0.3215999571927643,1.1035000692470864
6,53,Sao Paulo,Lima,2025,5,29,0.4314396400129416,1.0843806282126294
6,53,La Plata,Lima,2025,5,29,0.9307148786493474,0.7932372109746089
6,53,Santiago,Lima,2025,5,29,0.712501205448334,0.9961740215041427
6,53,Buenos Aires,Lima,2025,5,29,1.3278685028072514,1.1642717751028033
6,53,Avellaneda,Lima,2025,5,29,0.7076994677102149,0.4860925255911319
6,53,Quito,Lima,2025,5,29,0.33705071910508827,0.9500193404107131
6,53,La Boca,Lima,2025,5,29,0.2580946263168509,0.7990600340935907
6,53,Porto Alegre,Lima,2025,5,29,0.8642488833163227,1.1760571937442008
6,53,Montevideo,Lima,2025,5,29,1.1276820853623664,0.48576632501637795
6,53,Santos,Lima,2025,5,29,0.4934637228289329,0.7622242542256603
6,53,Guayaquil,Belo Horizonte,2025,5,29,0.671905158975405,1.4628669893354833
6,53,Agua Branca,Belo Horizonte,2025,5,29,1.180017602764425,1.365182486566693
6,53,Bogota,Belo Horizonte,2025,5,29,0.9084432453582517,1.8841046139906468
6,53,Rio de Janeiro,Belo Horizonte,2025,5,29,1.456293478100315,1.4740458933841534
6,53,Asuncion,Belo Horizonte,2025,5,29,1.2622924670893316,1.4638935026049869
6,53,Medellin,Belo Horizonte,2025,5,29,0.858518949678903,1.787758298141108
6,53,Sao Paulo,Belo Horizonte,2025,5,29,1.577554050370314,2.3825126131968593
6,53,La Plata,Belo Horizonte,2025,5,29,1.047623355281651,1.0510470323160965
6,53,Santiago,Belo Horizonte,2025,5,29,1.1696657743698435,1.4655088945952892
6,53,Buenos Aires,Belo Horizonte,2025,5,29,1.6143534659166032,1.7713086057513516
6,53,Avellaneda,Belo Horizonte,2025,5,29,1.3223238449649413,2.111708574106663
6,53,Quito,Belo Horizonte,2025,5,29,0.9314491958761756,1.4451704603995643
6,53,La Boca,Belo Horizonte,2025,5,29,0.920757246513133,1.5737642458486074
6,53,Porto Alegre,Belo Horizonte,2025,5,29,1.0523822449652855,1.8515054108733482
6,53,Montevideo,Belo Horizonte,2025,5,29,1.4911625353466773,2.005801661599713
6,53,Santos,Belo Horizonte,2025,5,29,0.7690977357966577,1.3790583928033529
6,53,Agua Branca,Guayaquil,2025,5,29,1.9032308066950903,0.40225207322525086
6,53,Bogota,Guayaquil,2025,5,29,1.0481847433619118,1.1652669851842288
6,53,Rio de Janeiro,Guayaquil,2025,5,29,1.6259489211245688,0.44937451858813765
6,53,Asuncion,Guayaquil,2025,5,29,1.2879444012731915,-0.02105286498505164
6,53,Medellin,Guayaquil,2025,5,29,1.928505917354017,0.6096082448856817
6,53,Sao Paulo,Guayaquil,2025,5,29,2.567261345963659,0.020455849262653494
6,53,La Plata,Guayaquil,2025,5,29,1.9394481707139695,0.2304486776362873
6,53,Santiago,Guayaquil,2025,5,29,1.5658489265262594,0.2385623514056403
6,53,Buenos Aires,Guayaquil,2025,5,29,2.420093398974797,0.4667936005887505
6,53,Avellaneda,Guayaquil,2025,5,29,1.2781528907039668,0.20416958935562812
6,53,Quito,Guayaquil,2025,5,29,1.095540115157994,0.781868064872059
6,53,La Boca,Guayaquil,2025,5,29,1.1800613690028516,0.2772537873256562
6,53,Porto Alegre,Guayaquil,2025,5,29,1.351888953496023,0.36765485959370137
6,53,Montevideo,Guayaquil,2025,5,29,1.460382454041946,-0.2013446648692907
6,53,Santos,Guayaquil,2025,5,29,2.343828642434623,-0.011895845758917977
6,53,Bogota,Agua Branca,2025,5,29,1.4456520688559529,1.0982929355499316
6,53,Rio de Janeiro,Agua Branca,2025,5,29,1.3411509245624984,0.44291196530523164
6,53,Asuncion,Agua Branca,2025,5,29,1.4654401745485015,0.23529570323981353
6,53,Medellin,Agua Branca,2025,5,29,0.9479099978590246,1.6615410790376288
6,53,Sao Paulo,Agua Branca,2025,5,29,1.213818598483733,1.1854580581528886
6,53,La Plata,Agua Branca,2025,5,29,1.472125438403101,0.6603777025854918
6,53,Santiago,Agua Branca,2025,5,29,1.4863511347845468,0.7918614248847331
6,53,Buenos Aires,Agua Branca,2025,5,29,1.2855541272649331,1.0202814444905366
6,53,Avellaneda,Agua Branca,2025,5,29,1.399697410339841,0.730954119748097
6,53,Quito,Agua Branca,2025,5,29,0.9463946999841931,0.6138547083836207
6,53,La Boca,Agua Branca,2025,5,29,1.2545557315523943,0.8779403746938125
6,53,Porto Alegre,Agua Branca,2025,5,29,0.9904471810372241,0.49911273473748574
6,53,Montevideo,Agua Branca,2025,5,29,1.1264643641970071,0.27281529938353066
6,53,Santos,Agua Branca,2025,5,29,1.1373688748782238,0.9032020080356689
6,53,Rio de Janeiro,Bogota,2025,5,29,1.424281494233947,0.8318243972487345
6,53,Asuncion,Bogota,2025,5,29,1.7130688518237196,0.09177300800441604
6,53,Medellin,Bogota,2025,5,29,1.8834844755212488,0.42734154000281216
6,53,Sao Paulo,Bogota,2025,5,29,1.9380812041148647,0.6406554176895288
6,53,La Plata,Bogota,2025,5,29,2.0911159053479764,0.7163630038054489
6,53,Santiago,Bogota,2025,5,29,1.9444085343720137,0.7321717812166663
6,53,Buenos Aires,Bogota,2025,5,29,2.3104203520690247,0.9269860302791043
6,53,Avellaneda,Bogota,2025,5,29,1.4825025099240619,0.350366446196776
6,53,Quito,Bogota,2025,5,29,1.326103337012409,1.099939474015199
6,53,La Boca,Bogota,2025,5,29,1.7198499352756866,0.7221688287866298
6,53,Porto Alegre,Bogota,2025,5,29,1.739145289281622,0.5770958436073829
6,53,Montevideo,Bogota,2025,5,29,1.6659839236566178,-0.07331554264399087
6,53,Santos,Bogota,2025,5,29,2.1184173132799686,0.4576198773271745
6,53,Asuncion,Rio de Janeiro,2025,5,29,0.9495397179701662,0.0297990074530156
6,53,Medellin,Rio de Janeiro,2025,5,29,0.5315577092378518,0.4625286346123802
6,53,Sao Paulo,Rio de Janeiro,2025,5,29,1.1597054876580903,0.7234358307490039
6,53,La Plata,Rio de Janeiro,2025,5,29,1.5579504150971617,0.6383042290091249
6,53,Santiago,Rio de Janeiro,2025,5,29,0.8630479338641797,1.0333373421123662
6,53,Buenos Aires,Rio de Janeiro,2025,5,29,2.2999472749536896,0.7221425067814269
6,53,Avellaneda,Rio de Janeiro,2025,5,29,0.9587019772545714,0.12561937432180695
6,53,Quito,Rio de Janeiro,2025,5,29,0.9048972438402918,0.899687052861791
6,53,La Boca,Rio de Janeiro,2025,5,29,0.9131334081966815,0.22890050710715212
6,53,Porto Alegre,Rio de Janeiro,2025,5,29,1.4845104646208716,0.43796566501682227
6,53,Montevideo,Rio de Janeiro,2025,5,29,1.7503546779405807,-0.004805109579759611
6,53,Santos,Rio de Janeiro,2025,5,29,1.1573536202900145,0.5108807440137324
6,53,Medellin,Asuncion,2025,5,29,0.2378518673085792,1.7606234288895153
6,53,Sao Paulo,Asuncion,2025,5,29,1.2819370105764425,2.34016667333956
6,53,La Plata,Asuncion,2025,5,29,1.5726382629946216,1.3692323966819537
6,53,Santiago,Asuncion,2025,5,29,0.27189433031703925,1.178971519535388
6,53,Buenos Aires,Asuncion,2025,5,29,2.5050685419993606,1.8438832594506587
6,53,Avellaneda,Asuncion,2025,5,29,1.6268159165379545,2.472668178866773
6,53,Quito,Asuncion,2025,5,29,0.25697414956417136,1.4843019109219744
6,53,La Boca,Asuncion,2025,5,29,0.20302450189085267,1.970677901544149
6,53,Porto Alegre,Asuncion,2025,5,29,1.3383058097723097,1.914622297908333
6,53,Montevideo,Asuncion,2025,5,29,1.3397073729232387,2.385604491813874
6,53,Santos,Asuncion,2025,5,29,0.6543896545159007,1.2768163103967956
6,53,Sao Paulo,Medellin,2025,5,29,1.0483820361887697,0.7214024266178428
6,53,La Plata,Medellin,2025,5,29,1.3068790099288123,0.981907019436947
6,53,Santiago,Medellin,2025,5,29,0.533100790434493,0.8700279487758639
6,53,Buenos Aires,Medellin,2025,5,29,2.384913758343455,0.8470499998289013
6,53,Avellaneda,Medellin,2025,5,29,1.3602863828453038,0.4475313031675991
6,53,Quito,Medellin,2025,5,29,0.04417896607218811,1.0157331253012687
6,53,La Boca,Medellin,2025,5,29,0.20926729294024712,1.2606575400847853
6,53,Porto Alegre,Medellin,2025,5,29,1.659654826628382,0.4837354935621322
6,53,Montevideo,Medellin,2025,5,29,1.9427987265844269,0.12852263586267715
6,53,Santos,Medellin,2025,5,29,0.28072353446450493,0.9051457780056598
6,53,La Plata,Sao Paulo,2025,5,29,1.4635094756736395,0.9628686164706061
6,53,Santiago,Sao Paulo,2025,5,29,0.5696098891674797,0.848887248012109
6,53,Buenos Aires,Sao Paulo,2025,5,29,2.0361628429465735,1.2208062339380066
6,53,Avellaneda,Sao Paulo,2025,5,29,0.8172190820960314,1.5971498524882086
6,53,Quito,Sao Paulo,2025,5,29,0.5399166491508491,0.9778844484448086
6,53,La Boca,Sao Paulo,2025,5,29,0.8322645029699134,0.08221501708664387
6,53,Porto Alegre,Sao Paulo,2025,5,29,1.1004224724080325,1.1844109309682287
6,53,Montevideo,Sao Paulo,2025,5,29,1.2112030160710732,0.9464143013048119
6,53,Santos,Sao Paulo,2025,5,29,0.869801048726356,0.6183267074201347
6,53,Santiago,La Plata,2025,5,29,1.1587652806474331,0.09086850590760633
6,53,Buenos Aires,La Plata,2025,5,29,2.5695496415605943,0.1904661972089293
6,53,Avellaneda,La Plata,2025,5,29,1.6279934651494117,-0.036079209077049756
6,53,Quito,La Plata,2025,5,29,0.7562066654126768,-0.1005072832499357
6,53,La Boca,La Plata,2025,5,29,0.6066909546081858,0.03521564786112067
6,53,Porto Alegre,La Plata,2025,5,29,1.3353425659111517,0.3854752494461622
6,53,Montevideo,La Plata,2025,5,29,1.4694928109935634,-0.4475298245262056
6,53,Santos,La Plata,2025,5,29,1.2006181787690757,0.13318532101371147
6,53,Buenos Aires,Santiago,2025,5,29,1.6062540640016656,1.357678146498118
6,53,Avellaneda,Santiago,2025,5,29,1.688243666651724,0.972503632590046
6,53,Quito,Santiago,2025,5,29,1.0531611109720498,1.0209568027111218
6,53,La Boca,Santiago,2025,5,29,1.3296312573675801,0.9123898824320483
6,53,Porto Alegre,Santiago,2025,5,29,0.9964843042008761,2.0810152349234015
6,53,Montevideo,Santiago,2025,5,29,1.051467109867828,0.7785274603530845
6,53,Santos,Santiago,2025,5,29,1.229791302479841,0.647286584024602
6,53,Avellaneda,Buenos Aires,2025,5,29,1.25929168654816,2.8919241183518354
6,53,Quito,Buenos Aires,2025,5,29,1.101789946973552,1.603781187175704
6,53,La Boca,Buenos Aires,2025,5,29,1.141397392368272,1.735216015795488
6,53,Porto Alegre,Buenos Aires,2025,5,29,1.102964408186218,1.9705261168594592
6,53,Montevideo,Buenos Aires,2025,5,29,0.927543492581141,2.4259064824600887
6,53,Santos,Buenos Aires,2025,5,29,1.6673968664526297,1.3491332179370301
6,53,Quito,Avellaneda,2025,5,29,0.5337711747569864,0.9522590605015645
6,53,La Boca,Avellaneda,2025,5,29,0.443733877961607,0.822232232585295
6,53,Porto Alegre,Avellaneda,2025,5,29,1.327237835808741,1.0401684429481537
6,53,Montevideo,Avellaneda,2025,5,29,1.4722820379697483,0.8092041738542282
6,53,Santos,Avellaneda,2025,5,29,0.7313662336622015,0.5623440413331858
6,53,La Boca,Quito,2025,5,29,1.7044620535713284,0.6114963051449971
6,53,Porto Alegre,Quito,2025,5,29,1.7457164380155081,0.6282240730809036
6,53,Montevideo,Quito,2025,5,29,1.5579223450526614,0.12651440883787943
6,53,Santos,Quito,2025,5,29,2.0899992408227064,0.7561110153554593
6,53,Porto Alegre,La Boca,2025,5,29,1.4637675235947003,1.6939854059079178
6,53,Montevideo,La Boca,2025,5,29,1.6311560086279693,1.1795490935978563
6,53,Santos,La Boca,2025,5,29,1.0957808273335632,0.8831006760316435
6,53,Montevideo,Porto Alegre,2025,5,29,1.72090947267613,-0.18320687626716503
6,53,Santos,Porto Alegre,2025,5,29,1.381704225451289,0.23504843816372045
6,53,Santos,Montevideo,2025,5,29,0.9258681564283038,0.5876090963671099
6,56,Penarol,Itaquera,2025,5,29,0.8041818712021935,-0.12417952250413046
6,56,Lima,Itaquera,2025,5,29,0.9246067861268578,0.21270834901960003
6,56,Belo Horizonte,Itaquera,2025,5,29,0.6410349535184307,0.5802734455611646
6,56,Guayaquil,Itaquera,2025,5,29,0.8911641281575184,0.3869849112558149
6,56,Agua Branca,Itaquera,2025,5,29,0.6064221817287131,0.5960875877742133
6,56,Bogota,Itaquera,2025,5,29,0.41139899539361824,0.8637545342909831
6,56,Rio de Janeiro,Itaquera,2025,5,29,1.0328361995099988,0.08681832452082093
6,56,Asuncion,Itaquera,2025,5,29,0.5493843427075,-0.12987146717840217
6,56,Medellin,Itaquera,2025,5,29,0.6665003037193694,0.5577828357249034
6,56,Sao Paulo,Itaquera,2025,5,29,0.625098728999992,-0.11766373738394376
6,56,La Plata,Itaquera,2025,5,29,1.1233290502741444,-0.017100903581767787
6,56,Santiago,Itaquera,2025,5,29,1.0021009532220821,0.33859512987194135
6,56,Buenos Aires,Itaquera,2025,5,29,1.1644609984655714,0.4764214496099084
6,56,Avellaneda,Itaquera,2025,5,29,0.7820973374897296,0.07515995374942257
6,56,Quito,Itaquera,2025,5,29,0.9032467341843821,0.2285119895694883
6,56,La Boca,Itaquera,2025,5,29,0.6524379865823572,0.007671386711754594
6,56,Porto Alegre,Itaquera,2025,5,29,1.0574665305740558,0.28354458341562017
6,56,Montevideo,Itaquera,2025,5,29,0.968044398983354,-0.19531309259404095
6,56,Santos,Itaquera,2025,5,29,0.6005850282867137,0.21106444061543872
6,56,Lima,Penarol,2025,5,29,1.1075756595869175,0.7167316092620326
6,56,Belo Horizonte,Penarol,2025,5,29,1.4851357698072634,1.4113788759243815
6,56,Guayaquil,Penarol,2025,5,29,1.3217374609503434,1.3142071215947857
6,56,Agua Branca,Penarol,2025,5,29,1.461519500969543,0.9857140884188078
6,56,Bogota,Penarol,2025,5,29,1.4447767399625706,1.952114907873432
6,56,Rio de Janeiro,Penarol,2025,5,29,2.0664722307716037,1.2869896527913371
6,56,Asuncion,Penarol,2025,5,29,1.773618355695618,0.8846119816943626
6,56,Medellin,Penarol,2025,5,29,1.128274801644255,1.7037753454539823
6,56,Sao Paulo,Penarol,2025,5,29,2.5105268665005935,1.8456755442194759
6,56,La Plata,Penarol,2025,5,29,2.1824202471722134,0.464888868166593
6,56,Santiago,Penarol,2025,5,29,1.8296532994468615,1.00427894178715
6,56,Buenos Aires,Penarol,2025,5,29,2.593352335678949,1.5405435904485443
6,56,Avellaneda,Penarol,2025,5,29,1.587665013003974,1.4474774297844377
6,56,Quito,Penarol,2025,5,29,1.3511697993649225,1.040742587958152
6,56,La Boca,Penarol,2025,5,29,1.2270278268205461,0.9873652085840149
6,56,Porto Alegre,Penarol,2025,5,29,1.2121859888210924,1.9291031302122141
6,56,Montevideo,Penarol,2025,5,29,1.3508369940808478,1.2999934506600286
6,56,Santos,Penarol,2025,5,29,1.9820953085238937,0.9738941068421704
6,56,Belo Horizonte,Lima,2025,5,29,0.47843473601352227,1.0762896110287588
6,56,Guayaquil,Lima,2025,5,29,0.9106828093820493,1.1777309509450833
6,56,Agua Branca,Lima,2025,5,29,0.155140338942029,0.6611581582217115
6,56,Bogota,Lima,2025,5,29,0.9445025414620042,1.5655497257891915
6,56,Rio de Janeiro,Lima,2025,5,29,0.7056859553399227,0.5440896877868323
6,56,Asuncion,Lima,2025,5,29,0.43847803083931486,0.361132254559149
6,56,Medellin,Lima,2025,5,29,0.3268761415559186,1.002253058486774
6,56,Sao Paulo,Lima,2025,5,29,0.6265766424462741,0.9320946704694733
6,56,La Plata,Lima,2025,5,29,1.005179669777008,0.6682054790110485
6,56,Santiago,Lima,2025,5,29,0.7148699608873166,1.0111846347526836
6,56,Buenos Aires,Lima,2025,5,29,1.523579077447269,1.0014074271859432
6,56,Avellaneda,Lima,2025,5,29,0.7322984255836981,0.341849195304272
6,56,Quito,Lima,2025,5,29,0.37306933298706485,0.8166725783410088
6,56,La Boca,Lima,2025,5,29,0.2376484919268953,0.7923398439611156
6,56,Porto Alegre,Lima,2025,5,29,0.9055655277685087,1.198661850108839
6,56,Montevideo,Lima,2025,5,29,1.2021468764900267,0.37065845462030006
6,56,Santos,Lima,2025,5,29,0.4954740488035011,0.7838685435838572
6,56,Guayaquil,Belo Horizonte,2025,5,29,0.9305321498601776,1.4032010377453947
6,56,Agua Branca,Belo Horizonte,2025,5,29,1.39452441151166,1.3610250733289773
6,56,Bogota,Belo Horizonte,2025,5,29,0.9851181578915814,1.9219737306302365
6,56,Rio de Janeiro,Belo Horizonte,2025,5,29,2.1624438195142823,1.500162724907854
6,56,Asuncion,Belo Horizonte,2025,5,29,1.3022414709800791,1.495735038904312
6,56,Medellin,Belo Horizonte,2025,5,29,1.1884932106213362,1.6686750477900463
6,56,Sao Paulo,Belo Horizonte,2025,5,29,2.0702098856326168,2.2590413667735514
6,56,La Plata,Belo Horizonte,2025,5,29,1.2121081951466244,1.0869136391349907
6,56,Santiago,Belo Horizonte,2025,5,29,1.306849532330266,1.5156142918793116
6,56,Buenos Aires,Belo Horizonte,2025,5,29,2.2100576895412067,1.7409899524095502
6,56,Avellaneda,Belo Horizonte,2025,5,29,1.574628895956255,1.9619921858479021
6,56,Quito,Belo Horizonte,2025,5,29,1.10569151075134,1.4719502143289023
6,56,La Boca,Belo Horizonte,2025,5,29,1.0993382512379979,1.5611772082051134
6,56,Porto Alegre,Belo Horizonte,2025,5,29,1.06508922846877,1.9069473296793387
6,56,Montevideo,Belo Horizonte,2025,5,29,1.7236755420461067,1.9250147416010082
6,56,Santos,Belo Horizonte,2025,5,29,1.095293475576773,1.4339531698075156
6,56,Agua Branca,Guayaquil,2025,5,29,2.1250567544472654,0.40396150749855403
6,56,Bogota,Guayaquil,2025,5,29,1.115418258413721,0.9920121539224254
6,56,Rio de Janeiro,Guayaquil,2025,5,29,2.2015136319528223,0.19797100614134058
6,56,Asuncion,Guayaquil,2025,5,29,1.3264833102454336,0.09851814841844259
6,56,Medellin,Guayaquil,2025,5,29,2.176051270008871,0.47429475872749494
6,56,Sao Paulo,Guayaquil,2025,5,29,2.981261187542639,-0.032292802482929116
6,56,La Plata,Guayaquil,2025,5,29,2.066946974082767,-0.05037176777797398
6,56,Santiago,Guayaquil,2025,5,29,1.6513238525523006,0.26633902744341936
6,56,Buenos Aires,Guayaquil,2025,5,29,2.9446596174444553,0.40151245405091823
6,56,Avellaneda,Guayaquil,2025,5,29,1.484743487085964,0.23239369918399833
6,56,Quito,Guayaquil,2025,5,29,1.3359573911918545,0.5544942738486552
6,56,La Boca,Guayaquil,2025,5,29,1.3819974981026146,0.12947535136841468
6,56,Porto Alegre,Guayaquil,2025,5,29,1.3487956463415371,0.4348756380981735
6,56,Montevideo,Guayaquil,2025,5,29,1.6608430835994437,-0.07929423736774834
6,56,Santos,Guayaquil,2025,5,29,2.633757750976254,-0.03351774286938949
6,56,Bogota,Agua Branca,2025,5,29,1.5192336742347965,0.8489864838983299
6,56,Rio de Janeiro,Agua Branca,2025,5,29,1.5764907913222288,0.25198275907122236
6,56,Asuncion,Agua Branca,2025,5,29,1.4570488368238061,0.3420234181404382
6,56,Medellin,Agua Branca,2025,5,29,0.950092875067693,1.3933614425294911
6,56,Sao Paulo,Agua Branca,2025,5,29,1.446789709804481,0.9974592194875556
6,56,La Plata,Agua Branca,2025,5,29,1.537684341585214,0.31084568112232885
6,56,Santiago,Agua Branca,2025,5,29,1.5741948162495705,0.8626267272671047
6,56,Buenos Aires,Agua Branca,2025,5,29,1.434578679474283,0.9759388764768289
6,56,Avellaneda,Agua Branca,2025,5,29,1.3818967425812199,0.6242470146557252
6,56,Quito,Agua Branca,2025,5,29,0.9424391580983129,0.44726920353523414
6,56,La Boca,Agua Branca,2025,5,29,1.2415866266341204,0.7369820127104655
6,56,Porto Alegre,Agua Branca,2025,5,29,0.9886963625670674,0.5946705303195542
6,56,Montevideo,Agua Branca,2025,5,29,1.1920232673791196,0.2669145579861243
6,56,Santos,Agua Branca,2025,5,29,1.2241862895885942,0.9292111186351154
6,56,Rio de Janeiro,Bogota,2025,5,29,1.9485974218417537,0.7082652347771379
6,56,Asuncion,Bogota,2025,5,29,1.8061899255320497,0.1938715443578727
6,56,Medellin,Bogota,2025,5,29,2.135913393682467,0.5090398875876622
6,56,Sao Paulo,Bogota,2025,5,29,2.290368854381693,0.6950341464865633
6,56,La Plata,Bogota,2025,5,29,2.226304996906546,0.47007533971224813
6,56,Santiago,Bogota,2025,5,29,2.0004613742643906,0.8059019481679672
6,56,Buenos Aires,Bogota,2025,5,29,2.8762544056359984,0.9375343822783108
6,56,Avellaneda,Bogota,2025,5,29,1.7296901436996077,0.39272082170323425
6,56,Quito,Bogota,2025,5,29,1.5946796914022676,0.912450235083891
6,56,La Boca,Bogota,2025,5,29,1.9562932330584812,0.723033126793592
6,56,Porto Alegre,Bogota,2025,5,29,1.736051982127136,0.7900982478893115
6,56,Montevideo,Bogota,2025,5,29,1.8741348414038879,0.028957425342880014
6,56,Santos,Bogota,2025,5,29,2.311530066193919,0.5302353467895428
6,56,Asuncion,Rio de Janeiro,2025,5,29,1.0422604244781153,0.16373491452522962
6,56,Medellin,Rio de Janeiro,2025,5,29,0.560111709688981,0.47271630703751777
6,56,Sao Paulo,Rio de Janeiro,2025,5,29,1.3657703749010877,0.7319475859398765
6,56,La Plata,Rio de Janeiro,2025,5,29,1.6626613932969767,0.3389709201539703
6,56,Santiago,Rio de Janeiro,2025,5,29,0.8917878125456231,1.1333337302698254
6,56,Buenos Aires,Rio de Janeiro,2025,5,29,2.5096790415578583,0.7916695659186145
6,56,Avellaneda,Rio de Janeiro,2025,5,29,0.9903537561080257,0.16171311277812828
6,56,Quito,Rio de Janeiro,2025,5,29,0.9973023938007111,0.8043944586340578
6,56,La Boca,Rio de Janeiro,2025,5,29,0.9163224859440288,0.2243219803450661
6,56,Porto Alegre,Rio de Janeiro,2025,5,29,1.5328799300530287,0.6178323874191219
6,56,Montevideo,Rio de Janeiro,2025,5,29,1.8047579870354997,0.1322491831123984
6,56,Santos,Rio de Janeiro,2025,5,29,1.2096716153694786,0.6164482816837906
6,56,Medellin,Asuncion,2025,5,29,0.24312805167173346,1.6503131701129319
6,56,Sao Paulo,Asuncion,2025,5,29,1.4600586267638969,2.2049726965927965
6,56,La Plata,Asuncion,2025,5,29,1.6188925682851276,1.3863920067375837
6,56,Santiago,Asuncion,2025,5,29,0.2742630857560218,1.2173541864959547
6,56,Buenos Aires,Asuncion,2025,5,29,2.6597379652342616,1.798880620967566
6,56,Avellaneda,Asuncion,2025,5,29,1.6550073580668048,2.3042447938447483
6,56,Quito,Asuncion,2025,5,29,0.2923249261559095,1.4977106031648204
6,56,La Boca,Asuncion,2025,5,29,0.18257836750089704,1.9406534429744589
6,56,Porto Alegre,Asuncion,2025,5,29,1.3789546169342568,1.9701840389386176
6,56,Montevideo,Asuncion,2025,5,29,1.377217849619915,2.2867495465738004
6,56,Santos,Asuncion,2025,5,29,0.65573214320023,1.3131239128619883
6,56,Sao Paulo,Medellin,2025,5,29,1.2498825730854684,0.6219956704378028
6,56,La Plata,Medellin,2025,5,29,1.3818495789949936,0.7434372337554422
6,56,Santiago,Medellin,2025,5,29,0.5354695458734756,0.8751601280904646
6,56,Buenos Aires,Medellin,2025,5,29,2.5739956853179025,0.8515369589823515
6,56,Avellaneda,Medellin,2025,5,29,1.3883127731131901,0.4560880492262636
6,56,Quito,Medellin,2025,5,29,0.08549561052437422,0.817835974844922
6,56,La Boca,Medellin,2025,5,29,0.20159621859218274,1.0856244031983964
6,56,Porto Alegre,Medellin,2025,5,29,1.697878163926082,0.5429524128669856
6,56,Montevideo,Medellin,2025,5,29,2.00902546705678,0.19801934319246078
6,56,Santos,Medellin,2025,5,29,0.2827338604390731,0.8563221352536462
6,56,La Plata,Sao Paulo,2025,5,29,1.5541992619093037,0.9001015257012839
6,56,Santiago,Sao Paulo,2025,5,29,0.588203639714466,0.878072875396529
6,56,Buenos Aires,Sao Paulo,2025,5,29,2.220986699635045,1.0746634307920888
6,56,Avellaneda,Sao Paulo,2025,5,29,0.8400813178037572,1.5148792445334818
6,56,Quito,Sao Paulo,2025,5,29,0.5921602581408294,0.9121656959247147
6,56,La Boca,Sao Paulo,2025,5,29,0.8280433636879616,0.11435230622183538
6,56,Porto Alegre,Sao Paulo,2025,5,29,1.1417391168602187,1.249385482544772
6,56,Montevideo,Sao Paulo,2025,5,29,1.3018928023067373,0.8634437200439242
6,56,Santos,Sao Paulo,2025,5,29,0.8718113747009242,0.6504639965553262
6,56,Santiago,La Plata,2025,5,29,1.1773590311944198,0.08945955456096552
6,56,Buenos Aires,La Plata,2025,5,29,2.689945593269521,0.18887864864830609
6,56,Avellaneda,La Plata,2025,5,29,1.629046678952038,0.05276346653789368
6,56,Quito,La Plata,2025,5,29,0.7691439559250393,-0.22682020544671222
6,56,La Boca,La Plata,2025,5,29,0.6099468447979157,-0.06326937056838364
6,56,Porto Alegre,La Plata,2025,5,29,1.334259584731234,0.4203801416014603
6,56,Montevideo,La Plata,2025,5,29,1.530244210415517,-0.3595047176471404
6,56,Santos,La Plata,2025,5,29,1.2026285047436438,0.07924753755406608
6,56,Buenos Aires,Santiago,2025,5,29,2.2076342354117573,1.4497005860299115
6,56,Avellaneda,Santiago,2025,5,29,1.952482800891032,1.0053408950313982
6,56,Quito,Santiago,2025,5,29,1.2794990500656478,1.0207823710777075
6,56,La Boca,Santiago,2025,5,29,1.5200795328980572,0.9715750595224896
6,56,Porto Alegre,Santiago,2025,5,29,1.0091912877043603,2.1730376744551942
6,56,Montevideo,Santiago,2025,5,29,1.2312123498072782,0.7785274603530845
6,56,Santos,Santiago,2025,5,29,1.571429242955853,0.7064717611150434
6,56,Avellaneda,Buenos Aires,2025,5,29,1.5014096685541836,2.7105046033226077
6,56,Quito,Buenos Aires,2025,5,29,1.3505489085614037,1.6043681810447612
6,56,La Boca,Buenos Aires,2025,5,29,1.355121912885824,1.7289848878360088
6,56,Porto Alegre,Buenos Aires,2025,5,29,1.1448315820328634,2.063837685513598
6,56,Montevideo,Buenos Aires,2025,5,29,1.0025588131032608,2.3130950402063704
6,56,Santos,Buenos Aires,2025,5,29,1.7546066514942218,1.4101945180188753
6,56,Quito,Avellaneda,2025,5,29,0.5682239545326837,0.8867546675588449
6,56,La Boca,Avellaneda,2025,5,29,0.42266346340743727,0.8758244244723512
6,56,Porto Alegre,Avellaneda,2025,5,29,1.3356331454730415,1.1275690536753538
6,56,Montevideo,Avellaneda,2025,5,29,1.6375649681048947,0.7271254581307653
6,56,Santos,Avellaneda,2025,5,29,0.9359676033949401,0.6169073896190335
6,56,La Boca,Quito,2025,5,29,1.9059829854698052,0.4604808324640158
6,56,Porto Alegre,Quito,2025,5,29,1.7439656195453515,0.7326055233930446
6,56,Montevideo,Quito,2025,5,29,1.774374549573819,0.13520913597601325
6,56,Santos,Quito,2025,5,29,2.42109868283304,0.7711026482508301
6,56,Porto Alegre,La Boca,2025,5,29,1.5050841680468863,1.7860078454397113
6,56,Montevideo,La Boca,2025,5,29,1.7218457948636334,1.1999135469815851
6,56,Santos,La Boca,2025,5,29,1.0977911533081313,0.9610889540757469
6,56,Montevideo,Porto Alegre,2025,5,29,1.775312781771049,-0.06069607445770928
6,56,Santos,Porto Alegre,2025,5,29,1.383714551425857,0.2655981787382891
6,56,Santos,Montevideo,2025,5,29,1.0689078037191333,0.5751263298923109
6,59,Penarol,Itaquera,2025,5,29,1.6368825698270857,-0.02039903338281286
6,59,Lima,Itaquera,2025,5,29,1.5187075794056122,0.19008074231279248
6,59,Belo Horizonte,Itaquera,2025,5,29,1.6519198698226312,0.41562910413668847
6,59,Guayaquil,Itaquera,2025,5,29,1.4182327122042626,0.2292218073465996
6,59,Agua Branca,Itaquera,2025,5,29,1.5974832839920365,0.5731094126223275
6,59,Bogota,Itaquera,2025,5,29,0.8923304468053005,0.6959203975095666
6,59,Rio de Janeiro,Itaquera,2025,5,29,2.1475990922786417,-0.009685530249349856
6,59,Asuncion,Itaquera,2025,5,29,1.2471376398561191,-0.039602183324555236
6,59,Medellin,Itaquera,2025,5,29,1.2226534302570262,0.48153193141082457
6,59,Sao Paulo,Itaquera,2025,5,29,1.2897242888532987,-0.01348797309901545
6,59,La Plata,Itaquera,2025,5,29,1.638921943576582,-0.06850236456715374
6,59,Santiago,Itaquera,2025,5,29,1.8460316478417482,0.4427108565840724
6,59,Buenos Aires,Itaquera,2025,5,29,1.3479294937911683,0.38522182386312065
6,59,Avellaneda,Itaquera,2025,5,29,1.4708939863684212,0.1301506276460433
6,59,Quito,Itaquera,2025,5,29,1.9112395836950054,0.1537027479194306
6,59,La Boca,Itaquera,2025,5,29,1.2654650515205284,0.025990821348218104
6,59,Porto Alegre,Itaquera,2025,5,29,1.3623724341465981,0.3031200321791877
6,59,Montevideo,Itaquera,2025,5,29,1.2043157872831025,-0.10770110771257582
6,59,Santos,Itaquera,2025,5,29,1.0070448496094788,0.21823145314443404
6,59,Lima,Penarol,2025,5,29,1.8092420244933245,0.7932933850250887
6,59,Belo Horizonte,Penarol,2025,5,29,2.0328964684244415,1.5590368731111524
6,59,Guayaquil,Penarol,2025,5,29,1.992084375796523,1.3335237486261926
6,59,Agua Branca,Penarol,2025,5,29,2.11543800961421,1.1124205474206217
6,59,Bogota,Penarol,2025,5,29,2.105539709954856,2.1099236589366157
6,59,Rio de Janeiro,Penarol,2025,5,29,2.7616676390707475,1.4615483678769223
6,59,Asuncion,Penarol,2025,5,29,2.185295612578943,0.9610931145008952
6,59,Medellin,Penarol,2025,5,29,1.803072769263896,1.8278906304315754
6,59,Sao Paulo,Penarol,2025,5,29,3.0767347433942382,1.900054575630577
6,59,La Plata,Penarol,2025,5,29,2.5570452281784704,0.5712333962287949
6,59,Santiago,Penarol,2025,5,29,2.44219264645429,1.0832076891219036
6,59,Buenos Aires,Penarol,2025,5,29,2.923753228629201,1.6638907254068063
6,59,Avellaneda,Penarol,2025,5,29,2.1643771078322978,1.5839754144986031
6,59,Quito,Penarol,2025,5,29,1.8095637437028573,1.1629788002110315
6,59,La Boca,Penarol,2025,5,29,1.8196370008992124,1.1947117459842347
6,59,Porto Alegre,Penarol,2025,5,29,1.7327287098592805,2.052907164634061
6,59,Montevideo,Penarol,2025,5,29,1.8003746005958197,1.4963434017357822
6,59,Santos,Penarol,2025,5,29,2.554779367440219,1.0718483605232707
6,59,Belo Horizonte,Lima,2025,5,29,1.4168598482856698,1.1273757544767595
6,59,Guayaquil,Lima,2025,5,29,1.4572757664116018,1.101879695074818
6,59,Agua Branca,Lima,2025,5,29,1.2690322273533008,0.6888059934947415
6,59,Bogota,Lima,2025,5,29,1.3852380326176128,1.6029240921574799
6,59,Rio de Janeiro,Lima,2025,5,29,1.9826690886122467,0.6210731384468826
6,59,Asuncion,Lima,2025,5,29,1.5078759976004574,0.3958162962418821
6,59,Medellin,Lima,2025,5,29,1.2514866171560244,1.0583673684177615
6,59,Sao Paulo,Lima,2025,5,29,1.302352189773263,0.9793804819363187
6,59,La Plata,Lima,2025,5,29,1.446773510660058,0.6370209458589909
6,59,Santiago,Lima,2025,5,29,1.9984085046826003,1.0444039795319222
6,59,Buenos Aires,Lima,2025,5,29,1.7354724142972162,1.0949170976547462
6,59,Avellaneda,Lima,2025,5,29,1.590411724207385,0.362162394161251
6,59,Quito,Lima,2025,5,29,1.4495388243823715,0.7903264753870043
6,59,La Boca,Lima,2025,5,29,1.3209297322580644,0.8982365012258796
6,59,Porto Alegre,Lima,2025,5,29,1.3894832339670515,1.3226960199963629
6,59,Montevideo,Lima,2025,5,29,1.5215198977938085,0.4730584992659493
6,59,Santos,Lima,2025,5,29,0.9011517900242727,0.819508664142239
6,59,Guayaquil,Belo Horizonte,2025,5,29,2.0186902105535762,1.4248714700492155
6,59,Agua Branca,Belo Horizonte,2025,5,29,2.796965092740643,1.4611473085675055
6,59,Bogota,Belo Horizonte,2025,5,29,2.1021382401908846,2.09187812385576
6,59,Rio de Janeiro,Belo Horizonte,2025,5,29,3.8753041614780854,1.6696195222771413
6,59,Asuncion,Belo Horizonte,2025,5,29,2.2366709233218685,1.5458794433708758
6,59,Medellin,Belo Horizonte,2025,5,29,2.26583045530797,1.7951441380400532
6,59,Sao Paulo,Belo Horizonte,2025,5,29,3.0137655578544797,2.294485818138575
6,59,La Plata,Belo Horizonte,2025,5,29,2.2268264550988506,1.1717024943495142
6,59,Santiago,Belo Horizonte,2025,5,29,2.6041136394453526,1.580838486540711
6,59,Buenos Aires,Belo Horizonte,2025,5,29,2.8626193067551093,1.880197624172242
6,59,Avellaneda,Belo Horizonte,2025,5,29,2.572277649291674,2.0643366705631236
6,59,Quito,Belo Horizonte,2025,5,29,2.4481057467244085,1.567873060880905
6,59,La Boca,Belo Horizonte,2025,5,29,2.10952391752686,1.7294766450090235
6,59,Porto Alegre,Belo Horizonte,2025,5,29,2.082833966353344,2.032884607122594
6,59,Montevideo,Belo Horizonte,2025,5,29,2.462369402689084,2.0952952518659806
6,59,Santos,Belo Horizonte,2025,5,29,2.126869465971611,1.5129494808034472
6,59,Agua Branca,Guayaquil,2025,5,29,2.8281984103795055,0.46043597262698127
6,59,Bogota,Guayaquil,2025,5,29,1.9471549826316408,0.895687223465363
6,59,Rio de Janeiro,Guayaquil,2025,5,29,3.463235364254897,0.15862670568656956
6,59,Asuncion,Guayaquil,2025,5,29,1.9471418120498842,0.1855609162831653
6,59,Medellin,Guayaquil,2025,5,29,2.538232427909569,0.46956137347843874
6,59,Sao Paulo,Guayaquil,2025,5,29,3.366255745425075,0.07666550781637355
6,59,La Plata,Guayaquil,2025,5,29,2.6068673253558865,-0.013783950239173781
6,59,Santiago,Guayaquil,2025,5,29,2.573723719503206,0.3744620870131774
6,59,Buenos Aires,Guayaquil,2025,5,29,3.191879115849312,0.39472516875933505
6,59,Avellaneda,Guayaquil,2025,5,29,2.127659355476156,0.27685453323047593
6,59,Quito,Guayaquil,2025,5,29,2.353951372176704,0.5715697698227276
6,59,La Boca,Guayaquil,2025,5,29,1.9809050393565262,0.20727531134886065
6,59,Porto Alegre,Guayaquil,2025,5,29,1.8665819884780817,0.4446271414220738
6,59,Montevideo,Guayaquil,2025,5,29,2.0269174682599536,0.011366211875939787
6,59,Santos,Guayaquil,2025,5,29,3.0146017712211077,0.05855897811982536
6,59,Bogota,Agua Branca,2025,5,29,2.164714392683768,0.9225525021907351
6,59,Rio de Janeiro,Agua Branca,2025,5,29,2.3914824564625934,0.322611966375131
6,59,Asuncion,Agua Branca,2025,5,29,2.0741474127861306,0.44616191934703175
6,59,Medellin,Agua Branca,2025,5,29,1.6527135753519306,1.4210029427141189
6,59,Sao Paulo,Agua Branca,2025,5,29,2.1813342671045812,1.0776638665084635
6,59,La Plata,Agua Branca,2025,5,29,2.1292227593988895,0.4373688329510348
6,59,Santiago,Agua Branca,2025,5,29,2.2940531892780385,0.97530151004675
6,59,Buenos Aires,Agua Branca,2025,5,29,1.8786301419861928,1.0191989430249244
6,59,Avellaneda,Agua Branca,2025,5,29,2.084608225459097,0.735957464951719
6,59,Quito,Agua Branca,2025,5,29,1.5907265128773296,0.5589806484037728
6,59,La Boca,Agua Branca,2025,5,29,1.9718842830452457,0.8411254941101673
6,59,Porto Alegre,Agua Branca,2025,5,29,1.653199879271998,0.6279300264800131
6,59,Montevideo,Agua Branca,2025,5,29,1.7694283102268913,0.37900225936172505
6,59,Santos,Agua Branca,2025,5,29,1.980353110829093,1.052333861315821
6,59,Rio de Janeiro,Bogota,2025,5,29,2.7663716545725205,0.7011761516454204
6,59,Asuncion,Bogota,2025,5,29,2.4737589923426166,0.28790591028584944
6,59,Medellin,Bogota,2025,5,29,2.740508668392061,0.4595739117626689
6,59,Sao Paulo,Bogota,2025,5,29,2.7967816393600007,0.785800427455374
6,59,La Plata,Bogota,2025,5,29,2.7589324917133466,0.4817005383684257
6,59,Santiago,Bogota,2025,5,29,2.7428904954836257,0.9296002277863048
6,59,Buenos Aires,Bogota,2025,5,29,3.2112831760013343,0.9233828511967865
6,59,Avellaneda,Bogota,2025,5,29,2.4493895316624985,0.5030899850998245
6,59,Quito,Bogota,2025,5,29,2.385534256213398,0.9165769949995671
6,59,La Boca,Bogota,2025,5,29,2.657149619802802,0.7436998897012115
6,59,Porto Alegre,Bogota,2025,5,29,2.40218781458287,0.8642523381838557
6,59,Montevideo,Bogota,2025,5,29,2.341705638621772,0.1354170255849964
6,59,Santos,Bogota,2025,5,29,2.7868304473777177,0.5832838920568904
6,59,Asuncion,Rio de Janeiro,2025,5,29,1.257103639277308,0.28918879003332054
6,59,Medellin,Rio de Janeiro,2025,5,29,1.092563545355129,0.487016716061036
6,59,Sao Paulo,Rio de Janeiro,2025,5,29,1.6077553316180633,0.8603856652983236
6,59,La Plata,Rio de Janeiro,2025,5,29,1.8487732768551788,0.457363917709046
6,59,Santiago,Rio de Janeiro,2025,5,29,1.3338324267764519,1.2771561567358445
6,59,Buenos Aires,Rio de Janeiro,2025,5,29,2.5916451729729757,0.8031479248802748
6,59,Avellaneda,Rio de Janeiro,2025,5,29,1.3658183556686962,0.3254117223715216
6,59,Quito,Rio de Janeiro,2025,5,29,1.6481821451770298,0.9020126027141288
6,59,La Boca,Rio de Janeiro,2025,5,29,1.2426447625356922,0.3655797498439405
6,59,Porto Alegre,Rio de Janeiro,2025,5,29,1.9146708452303753,0.6462955097828357
6,59,Montevideo,Rio de Janeiro,2025,5,29,1.9204724935932544,0.27548802607233436
6,59,Santos,Rio de Janeiro,2025,5,29,1.395820198477679,0.7869716771185329
6,59,Medellin,Asuncion,2025,5,29,1.0211791971596818,1.7895353904309474
6,59,Sao Paulo,Asuncion,2025,5,29,1.6764884480534457,2.255772075949304
6,59,La Plata,Asuncion,2025,5,29,1.8580190657602742,1.426684612224184
6,59,Santiago,Asuncion,2025,5,29,1.1584336297134084,1.2865720790867925
6,59,Buenos Aires,Asuncion,2025,5,29,2.6825787824842924,2.004466010577007
6,59,Avellaneda,Asuncion,2025,5,29,1.8249681260241915,2.361702259113523
6,59,Quito,Asuncion,2025,5,29,1.063413016290516,1.5847547366917705
6,59,La Boca,Asuncion,2025,5,29,1.1021297623155462,2.1154960429474383
6,59,Porto Alegre,Asuncion,2025,5,29,1.5402522611405653,2.1598717244069547
6,59,Montevideo,Asuncion,2025,5,29,1.4297946696785757,2.442578756825533
6,59,Santos,Asuncion,2025,5,29,0.977847452666305,1.4015933476553837
6,59,Sao Paulo,Medellin,2025,5,29,1.6193666749559805,0.7120582063705478
6,59,La Plata,Medellin,2025,5,29,1.831118322994752,0.6656238166086205
6,59,Santiago,Medellin,2025,5,29,1.4520007661040109,0.9457443395983176
6,59,Buenos Aires,Medellin,2025,5,29,2.6125304742898865,0.7846597761269982
6,59,Avellaneda,Medellin,2025,5,29,1.7988391598595848,0.48809975296484515
6,59,Quito,Medellin,2025,5,29,0.9904437688975408,0.7423952965899112
6,59,La Boca,Medellin,2025,5,29,1.1733685882810438,1.0817123029051718
6,59,Porto Alegre,Medellin,2025,5,29,1.9515657821438235,0.564826826174271
6,59,Montevideo,Medellin,2025,5,29,2.1484157001485307,0.2526431774377314
6,59,Santos,Medellin,2025,5,29,0.6251426813665463,0.871565942301985
6,59,La Plata,Sao Paulo,2025,5,29,2.0356958191510173,0.8561982823824675
6,59,Santiago,Sao Paulo,2025,5,29,1.837031033245616,0.9222635466313299
6,59,Buenos Aires,Sao Paulo,2025,5,29,2.4236594744834914,1.00024748079747
6,59,Avellaneda,Sao Paulo,2025,5,29,1.6716815180308422,1.4936438667956766
6,59,Quito,Sao Paulo,2025,5,29,1.6703669131467231,0.8649727840172388
6,59,La Boca,Sao Paulo,2025,5,29,1.881775694957991,0.1822469174769877
6,59,Porto Alegre,Sao Paulo,2025,5,29,1.5625811605089237,1.2371350928989353
6,59,Montevideo,Sao Paulo,2025,5,29,1.5990019228358068,0.9168422098543407
6,59,Santos,Sao Paulo,2025,5,29,1.2775937047445192,0.6854186700881678
6,59,Santiago,La Plata,2025,5,29,2.1768180972947917,0.19896871301887903
6,59,Buenos Aires,La Plata,2025,5,29,2.7927087777691675,0.21902484332005975
6,59,Avellaneda,La Plata,2025,5,29,2.157587412435686,0.09929889516448027
6,59,Quito,La Plata,2025,5,29,1.6583859182019873,-0.15576065256749977
6,59,La Boca,La Plata,2025,5,29,1.6685860916758675,0.021789188801906837
6,59,Porto Alegre,La Plata,2025,5,29,1.6554643929673172,0.42945431837586157
6,59,Montevideo,La Plata,2025,5,29,1.6872131815633358,-0.2783207001100677
6,59,Santos,La Plata,2025,5,29,1.5740043444945446,0.16125307810078965
6,59,Buenos Aires,Santiago,2025,5,29,2.8338501101596743,1.5978511989415547
6,59,Avellaneda,Santiago,2025,5,29,2.6559543423695704,1.1512977818745467
6,59,Quito,Santiago,2025,5,29,2.038814885913772,1.170895726599075
6,59,La Boca,Santiago,2025,5,29,2.2395354793928064,1.2166434314218897
6,59,Porto Alegre,Santiago,2025,5,29,1.750007144288686,2.331366560681023
6,59,Montevideo,Santiago,2025,5,29,1.9837211931536851,1.010512163004127
6,59,Santos,Santiago,2025,5,29,2.3079109300734078,0.8241300357662126
6,59,Avellaneda,Buenos Aires,2025,5,29,2.2255261620018008,2.7067850965428786
6,59,Quito,Buenos Aires,2025,5,29,2.351368726460101,1.6557231409984146
6,59,La Boca,Buenos Aires,2025,5,29,1.9209689130623233,1.8753419821935857
6,59,Porto Alegre,Buenos Aires,2025,5,29,1.8132959389193823,2.219401835473841
6,59,Montevideo,Buenos Aires,2025,5,29,1.780727559012219,2.4346924286131957
6,59,Santos,Buenos Aires,2025,5,29,2.418031457045279,1.4619871907623834
6,59,Quito,Avellaneda,2025,5,29,1.8451675348829029,0.9441777216302158
6,59,La Boca,Avellaneda,2025,5,29,1.8546926175717382,1.0438440452240614
6,59,Porto Alegre,Avellaneda,2025,5,29,2.021851196790513,1.2830556496351355
6,59,Montevideo,Avellaneda,2025,5,29,2.0974903767678152,0.9618035747550546
6,59,Santos,Avellaneda,2025,5,29,1.696732537789604,0.6896637083367291
6,59,La Boca,Quito,2025,5,29,2.383670188493845,0.43135250357549
6,59,Porto Alegre,Quito,2025,5,29,2.125531996430967,0.7227139613434787
6,59,Montevideo,Quito,2025,5,29,2.215647930576847,0.18044215587605567
6,59,Santos,Quito,2025,5,29,2.887455743683535,0.7412951760232951
6,59,Porto Alegre,La Boca,2025,5,29,1.83929315717704,1.9752336008801366
6,59,Montevideo,La Boca,2025,5,29,1.8476191241987592,1.4023568925661296
6,59,Santos,La Boca,2025,5,29,1.3301674392043799,1.0816394594353005
6,59,Montevideo,Porto Alegre,2025,5,29,1.9225975298131004,-0.020829433085937644
6,59,Santos,Porto Alegre,2025,5,29,1.5549594114704077,0.22352288647566648
6,59,Santos,Montevideo,2025,5,29,1.4166994864159872,0.700163879155713
7,2,Penarol,Itaquera,2025,5,29,1.5612444326624317,0.22195146532486512
7,2,Lima,Itaquera,2025,5,29,1.0456586749718857,0.8484100094068304
7,2,Belo Horizonte,Itaquera,2025,5,29,1.3036610450585864,1.4106521686203501
7,2,Guayaquil,Itaquera,2025,5,29,1.0647858347178243,0.8521471611242977
7,2,Agua Branca,Itaquera,2025,5,29,1.570254086483791,1.1451939796031938
7,2,Bogota,Itaquera,2025,5,29,0.9579653081087506,1.4227192097243284
7,2,Rio de Janeiro,Itaquera,2025,5,29,1.0750399718665014,0.8229235935982029
7,2,Asuncion,Itaquera,2025,5,29,0.9283873535081628,-0.00967300163169394
7,2,Medellin,Itaquera,2025,5,29,1.4811947970329267,0.8542294405731752
7,2,Sao Paulo,Itaquera,2025,5,29,1.0786234795690965,0.36061088057265606
7,2,La Plata,Itaquera,2025,5,29,0.9178079045538561,1.097779916569441
7,2,Santiago,Itaquera,2025,5,29,1.5055982263300713,0.6050526400351876
7,2,Buenos Aires,Itaquera,2025,5,29,0.9504559502920918,1.1144814546786868
7,2,Avellaneda,Itaquera,2025,5,29,0.8877893980360337,0.3734391383377689
7,2,Quito,Itaquera,2025,5,29,1.716948730918396,1.172152795674953
7,2,La Boca,Itaquera,2025,5,29,0.9670631472728061,0.9055040833791312
7,2,Porto Alegre,Itaquera,2025,5,29,1.7797184177592769,0.2216664686547527
7,2,Montevideo,Itaquera,2025,5,29,1.358238810774495,-0.05753057419245206
7,2,Santos,Itaquera,2025,5,29,0.8560403762706106,0.8387505246342575
7,2,Lima,Penarol,2025,5,29,1.4181470415988189,1.4693026211621951
7,2,Belo Horizonte,Penarol,2025,5,29,1.8298529761509643,2.3132000737737655
7,2,Guayaquil,Penarol,2025,5,29,1.512417833391642,2.148636881730293
7,2,Agua Branca,Penarol,2025,5,29,1.4316892687496843,1.8279735352623236
7,2,Bogota,Penarol,2025,5,29,3.0659090359102095,2.0682994049385415
7,2,Rio de Janeiro,Penarol,2025,5,29,1.8167957439142985,1.7289356775351545
7,2,Asuncion,Penarol,2025,5,29,2.9561362412581498,1.8931904667413841
7,2,Medellin,Penarol,2025,5,29,2.18434722606738,2.394534591262721
7,2,Sao Paulo,Penarol,2025,5,29,3.3851542272329063,2.057885936830381
7,2,La Plata,Penarol,2025,5,29,3.1798939763936924,1.4907603199823474
7,2,Santiago,Penarol,2025,5,29,2.8582338735094672,1.6494024143504795
7,2,Buenos Aires,Penarol,2025,5,29,2.532375160264944,1.7543116118538171
7,2,Avellaneda,Penarol,2025,5,29,1.9607904157939617,1.9576374220420585
7,2,Quito,Penarol,2025,5,29,1.5993122551427406,1.9022901137399404
7,2,La Boca,Penarol,2025,5,29,1.626995559532859,1.9183625036846252
7,2,Porto Alegre,Penarol,2025,5,29,2.133659945352027,2.01492698942679
7,2,Montevideo,Penarol,2025,5,29,2.2161421983394485,1.6301932581612089
7,2,Santos,Penarol,2025,5,29,3.4520174007923456,1.795848641222598
7,2,Belo Horizonte,Lima,2025,5,29,0.330717623997493,2.001714823561058
7,2,Guayaquil,Lima,2025,5,29,0.816257906583965,1.9692643698003818
7,2,Agua Branca,Lima,2025,5,29,0.4874360780318105,1.224395645769133
7,2,Bogota,Lima,2025,5,29,0.7026081228474822,1.9950662538024502
7,2,Rio de Janeiro,Lima,2025,5,29,0.09848783459786209,1.49360400499015
7,2,Asuncion,Lima,2025,5,29,0.44025170397228586,1.0234840390419595
7,2,Medellin,Lima,2025,5,29,0.4574714820606506,1.5436174851719746
7,2,Sao Paulo,Lima,2025,5,29,0.8978904044536585,1.418633618066096
7,2,La Plata,Lima,2025,5,29,0.6840452017942175,1.5562987182444272
7,2,Santiago,Lima,2025,5,29,0.3636939319586955,1.2518597844846946
7,2,Buenos Aires,Lima,2025,5,29,0.7920019264159549,1.6589617331799082
7,2,Avellaneda,Lima,2025,5,29,0.4719383919913369,1.1588158202982708
7,2,Quito,Lima,2025,5,29,0.3706190230071542,1.776541834633993
7,2,La Boca,Lima,2025,5,29,0.307208946093375,1.6140617952651153
7,2,Porto Alegre,Lima,2025,5,29,1.0089329197509984,1.512742827410301
7,2,Montevideo,Lima,2025,5,29,1.0480543843282417,0.7856262242102393
7,2,Santos,Lima,2025,5,29,0.5619543435430427,1.4017828183175987
7,2,Guayaquil,Belo Horizonte,2025,5,29,0.6844351653073676,1.4205631662559184
7,2,Agua Branca,Belo Horizonte,2025,5,29,1.991145934192438,1.8405976169138336
7,2,Bogota,Belo Horizonte,2025,5,29,1.608851337901928,1.8626324528492082
7,2,Rio de Janeiro,Belo Horizonte,2025,5,29,2.1504550809596723,1.6841690430931495
7,2,Asuncion,Belo Horizonte,2025,5,29,1.5463204886134096,1.5214320463657784
7,2,Medellin,Belo Horizonte,2025,5,29,2.4309535056144322,1.9629805791225265
7,2,Sao Paulo,Belo Horizonte,2025,5,29,2.659354268390155,2.1896435111197254
7,2,La Plata,Belo Horizonte,2025,5,29,1.1673513952780348,1.1657990404314278
7,2,Santiago,Belo Horizonte,2025,5,29,2.2609890884743655,1.3541778619061764
7,2,Buenos Aires,Belo Horizonte,2025,5,29,1.5878520548223252,1.345058498903781
7,2,Avellaneda,Belo Horizonte,2025,5,29,1.4367501452903717,2.380014651172466
7,2,Quito,Belo Horizonte,2025,5,29,1.575745464370854,1.906318558700651
7,2,La Boca,Belo Horizonte,2025,5,29,1.1039643830875563,2.1711852097355484
7,2,Porto Alegre,Belo Horizonte,2025,5,29,1.5401972450716617,1.7714230533650783
7,2,Montevideo,Belo Horizonte,2025,5,29,2.1620324995240923,1.99139814380503
7,2,Santos,Belo Horizonte,2025,5,29,1.7966073406758394,1.6337383720058598
7,2,Agua Branca,Guayaquil,2025,5,29,2.7732979916534974,0.7774595291682053
7,2,Bogota,Guayaquil,2025,5,29,2.4425972125804787,1.6673299200193126
7,2,Rio de Janeiro,Guayaquil,2025,5,29,2.4960624354892276,1.2113387762378383
7,2,Asuncion,Guayaquil,2025,5,29,2.254082249611128,0.004536220812074374
7,2,Medellin,Guayaquil,2025,5,29,3.9110701928281815,0.9616257135072824
7,2,Sao Paulo,Guayaquil,2025,5,29,3.695331643466355,0.5128363224785669
7,2,La Plata,Guayaquil,2025,5,29,2.768426589509637,1.0866268050923478
7,2,Santiago,Guayaquil,2025,5,29,2.954668775429796,0.6349663345979204
7,2,Buenos Aires,Guayaquil,2025,5,29,2.619737844549901,1.2036588715585752
7,2,Avellaneda,Guayaquil,2025,5,29,1.6436414805544248,0.4891818775522796
7,2,Quito,Guayaquil,2025,5,29,1.6278827151695863,1.4660103716402173
7,2,La Boca,Guayaquil,2025,5,29,1.3946940871485591,1.0169064930575482
7,2,Porto Alegre,Guayaquil,2025,5,29,1.9080778682376407,0.4805221787614097
7,2,Montevideo,Guayaquil,2025,5,29,2.371471969039531,-0.07595759297351505
7,2,Santos,Guayaquil,2025,5,29,3.7236339487213774,0.6595467899032511
7,2,Bogota,Agua Branca,2025,5,29,2.1560697440817194,1.2236672096122196
7,2,Rio de Janeiro,Agua Branca,2025,5,29,1.6507620419853237,0.7959018823207904
7,2,Asuncion,Agua Branca,2025,5,29,1.4738775333845964,0.31909179591811293
7,2,Medellin,Agua Branca,2025,5,29,1.3003003600066616,1.3431857706290338
7,2,Sao Paulo,Agua Branca,2025,5,29,2.095070665053696,0.7638858486280764
7,2,La Plata,Agua Branca,2025,5,29,1.7128072200119333,0.9123348080670555
7,2,Santiago,Agua Branca,2025,5,29,1.9545294186474638,0.7431300266544625
7,2,Buenos Aires,Agua Branca,2025,5,29,1.3523668880963924,0.8352016027778791
7,2,Avellaneda,Agua Branca,2025,5,29,1.7871654309350389,0.5556992904820449
7,2,Quito,Agua Branca,2025,5,29,1.6025423935141707,0.9594912755759714
7,2,La Boca,Agua Branca,2025,5,29,1.3102913523589974,1.174957628804793
7,2,Porto Alegre,Agua Branca,2025,5,29,2.0398540089069823,0.5397835897274715
7,2,Montevideo,Agua Branca,2025,5,29,1.9975187305625577,-0.0004301561379464545
7,2,Santos,Agua Branca,2025,5,29,1.7260442809556131,0.9736989401640731
7,2,Rio de Janeiro,Bogota,2025,5,29,1.8976794908094277,1.88503298193227
7,2,Asuncion,Bogota,2025,5,29,2.024316175525097,0.03962151019435453
7,2,Medellin,Bogota,2025,5,29,2.991581474567719,1.0399446761822484
7,2,Sao Paulo,Bogota,2025,5,29,3.045473564337106,0.6343669819692158
7,2,La Plata,Bogota,2025,5,29,2.894651753279025,1.3177318688467328
7,2,Santiago,Bogota,2025,5,29,2.7475640091657083,0.6218883235916894
7,2,Buenos Aires,Bogota,2025,5,29,2.490645219385451,1.4780229211574365
7,2,Avellaneda,Bogota,2025,5,29,1.8164629027003356,0.5342395949271388
7,2,Quito,Bogota,2025,5,29,2.242027313746432,1.4754852866242976
7,2,La Boca,Bogota,2025,5,29,1.9229225090412532,1.4265621763335925
7,2,Porto Alegre,Bogota,2025,5,29,2.437712637318121,0.8362673762752411
7,2,Montevideo,Bogota,2025,5,29,2.287549394264406,-0.033578304969080555
7,2,Santos,Bogota,2025,5,29,3.3120429735172725,0.972216316760513
7,2,Asuncion,Rio de Janeiro,2025,5,29,1.7250814640958487,0.04242823447838491
7,2,Medellin,Rio de Janeiro,2025,5,29,1.521451939763685,0.4394601389351108
7,2,Sao Paulo,Rio de Janeiro,2025,5,29,2.2672252524752516,0.4382603921404354
7,2,La Plata,Rio de Janeiro,2025,5,29,2.142514949398804,0.6701015949863689
7,2,Santiago,Rio de Janeiro,2025,5,29,1.8241651149417737,0.5340624727303567
7,2,Buenos Aires,Rio de Janeiro,2025,5,29,1.97571256273331,0.7020195357881698
7,2,Avellaneda,Rio de Janeiro,2025,5,29,1.9765307299568218,0.24388767735714026
7,2,Quito,Rio de Janeiro,2025,5,29,2.4989937029973337,0.8020014363207996
7,2,La Boca,Rio de Janeiro,2025,5,29,1.6364589705656098,0.6723492848564279
7,2,Porto Alegre,Rio de Janeiro,2025,5,29,1.9407159235203462,0.3668417754440401
7,2,Montevideo,Rio de Janeiro,2025,5,29,1.9959501928322125,-0.013097954797840127
7,2,Santos,Rio de Janeiro,2025,5,29,1.7150852363075746,0.584147950483261
7,2,Medellin,Asuncion,2025,5,29,0.6570481864293978,1.7635490174697106
7,2,Sao Paulo,Asuncion,2025,5,29,2.6298208299219095,2.059552501692107
7,2,La Plata,Asuncion,2025,5,29,2.1385389582642964,1.3453541535620017
7,2,Santiago,Asuncion,2025,5,29,0.5724427402404988,1.2398369459563008
7,2,Buenos Aires,Asuncion,2025,5,29,2.3475097567405325,1.316901536552189
7,2,Avellaneda,Asuncion,2025,5,29,2.641478214022906,2.512394748472647
7,2,Quito,Asuncion,2025,5,29,1.1820467167121798,1.8815850043279823
7,2,La Boca,Asuncion,2025,5,29,0.7533554463557184,2.1317478752386134
7,2,Porto Alegre,Asuncion,2025,5,29,1.8178500425205668,1.652528013084425
7,2,Montevideo,Asuncion,2025,5,29,1.7856096381380255,1.9795691369080526
7,2,Santos,Asuncion,2025,5,29,1.5006952429401699,1.6349977589323068
7,2,Sao Paulo,Medellin,2025,5,29,1.9965471181723813,0.45762955879258177
7,2,La Plata,Medellin,2025,5,29,1.3879298898865533,1.0667818361310484
7,2,Santiago,Medellin,2025,5,29,0.6419269143653854,0.5959515139885357
7,2,Buenos Aires,Medellin,2025,5,29,1.755456461608894,1.240528657158885
7,2,Avellaneda,Medellin,2025,5,29,2.1113026240482085,0.3814006888795519
7,2,Quito,Medellin,2025,5,29,0.7494371359910942,1.1469052190559057
7,2,La Boca,Medellin,2025,5,29,0.45813753685469744,1.6608703471684059
7,2,Porto Alegre,Medellin,2025,5,29,1.8199485116172296,0.6926341335016282
7,2,Montevideo,Medellin,2025,5,29,1.8212530818201225,0.10557351557521737
7,2,Santos,Medellin,2025,5,29,0.7018243101696462,1.0242692018483737
7,2,La Plata,Sao Paulo,2025,5,29,1.6295001186772697,1.6046431127782153
7,2,Santiago,Sao Paulo,2025,5,29,0.511036316095201,1.2960030169362415
7,2,Buenos Aires,Sao Paulo,2025,5,29,1.838862836860329,1.5070258594613035
7,2,Avellaneda,Sao Paulo,2025,5,29,0.6517164376996595,1.891403909818542
7,2,Quito,Sao Paulo,2025,5,29,0.6330413075267253,1.724162396318444
7,2,La Boca,Sao Paulo,2025,5,29,0.7774809219646092,0.99944893716744
7,2,Porto Alegre,Sao Paulo,2025,5,29,1.4080175611049779,1.5600288232889703
7,2,Montevideo,Sao Paulo,2025,5,29,1.3688782472784682,1.0438763012141377
7,2,Santos,Sao Paulo,2025,5,29,1.4469452975044372,1.1941347780938756
7,2,Santiago,La Plata,2025,5,29,0.9535044188058532,0.5899374468444221
7,2,Buenos Aires,La Plata,2025,5,29,2.530231458716763,0.6727219949822965
7,2,Avellaneda,La Plata,2025,5,29,1.6519518516043754,0.22692059676053428
7,2,Quito,La Plata,2025,5,29,0.7970350668184595,0.6932323696556202
7,2,La Boca,La Plata,2025,5,29,0.6348864518363851,0.7626281490471625
7,2,Porto Alegre,La Plata,2025,5,29,1.736198810319813,0.3691654981127312
7,2,Montevideo,La Plata,2025,5,29,1.8794894398329407,-0.20484996741622968
7,2,Santos,La Plata,2025,5,29,1.5734643876973549,0.6073220061841583
7,2,Buenos Aires,Santiago,2025,5,29,2.027263160823784,1.4095180517079071
7,2,Avellaneda,Santiago,2025,5,29,1.7771324725665578,1.2202117134141637
7,2,Quito,Santiago,2025,5,29,1.6459535530946299,1.458264527000019
7,2,La Boca,Santiago,2025,5,29,1.4643079376190362,1.380135780641651
7,2,Porto Alegre,Santiago,2025,5,29,1.9201883844211542,1.6923872793310857
7,2,Montevideo,Santiago,2025,5,29,1.877964971296246,0.8214476633210397
7,2,Santos,Santiago,2025,5,29,2.806917199380313,1.471174864244422
7,2,Avellaneda,Buenos Aires,2025,5,29,1.788831869454038,2.30943666981071
7,2,Quito,Buenos Aires,2025,5,29,1.976193569371227,1.8810831296057882
7,2,La Boca,Buenos Aires,2025,5,29,1.5235691424371016,1.7760522338767963
7,2,Porto Alegre,Buenos Aires,2025,5,29,2.1204640628208122,1.666894570246364
7,2,Montevideo,Buenos Aires,2025,5,29,1.6662019116505271,1.7146074906689033
7,2,Santos,Buenos Aires,2025,5,29,3.0944650552167583,1.845733864517307
7,2,Quito,Avellaneda,2025,5,29,0.8572933964908679,1.8229697662182929
7,2,La Boca,Avellaneda,2025,5,29,0.6878236719443668,1.529401443797278
7,2,Porto Alegre,Avellaneda,2025,5,29,1.6317549924103272,1.3161543319828541
7,2,Montevideo,Avellaneda,2025,5,29,2.043326020988071,0.8161134365252299
7,2,Santos,Avellaneda,2025,5,29,1.8603067551307932,1.4136581957797354
7,2,La Boca,Quito,2025,5,29,1.8793007583851589,1.038835173869096
7,2,Porto Alegre,Quito,2025,5,29,2.549099902559013,0.8453108084721647
7,2,Montevideo,Quito,2025,5,29,2.4900824859532014,0.08274408439996757
7,2,Santos,Quito,2025,5,29,3.423341793277226,1.0558286451343701
7,2,Porto Alegre,La Boca,2025,5,29,1.93247955596481,2.0120358143633656
7,2,Montevideo,La Boca,2025,5,29,1.8552593871037146,1.4794063593004114
7,2,Santos,La Boca,2025,5,29,1.385126966715325,1.3947585248580716
7,2,Montevideo,Porto Alegre,2025,5,29,1.8377111445252465,0.02566447183055782
7,2,Santos,Porto Alegre,2025,5,29,1.37323384719208,0.826596903214658
7,2,Santos,Montevideo,2025,5,29,1.0171434181649346,0.6304295403019011
7,5,Penarol,Itaquera,2025,5,29,1.5681459448786614,0.22611001436055372
7,5,Lima,Itaquera,2025,5,29,1.0485919226817146,0.787991313131182
7,5,Belo Horizonte,Itaquera,2025,5,29,1.1758461778408558,1.2798447243095674
7,5,Guayaquil,Itaquera,2025,5,29,1.0687540992242248,0.709075312586193
7,5,Agua Branca,Itaquera,2025,5,29,1.3452822125577133,1.0479461059202053
7,5,Bogota,Itaquera,2025,5,29,0.9019498736486012,1.2919117654135457
7,5,Rio de Janeiro,Itaquera,2025,5,29,1.0750399718665014,0.6811410175040826
7,5,Asuncion,Itaquera,2025,5,29,0.6355843113309045,0.017077529025972257
7,5,Medellin,Itaquera,2025,5,29,1.2061262716607357,0.771668657253787
7,5,Sao Paulo,Itaquera,2025,5,29,0.8536516056430189,0.3819260185365157
7,5,La Plata,Itaquera,2025,5,29,0.8931718755325586,0.9559973404753217
7,5,Santiago,Itaquera,2025,5,29,1.4849304618151744,0.6113275083667785
7,5,Buenos Aires,Itaquera,2025,5,29,0.9573574625083215,0.9648732524255795
7,5,Avellaneda,Itaquera,2025,5,29,0.8907226457458628,0.3907314021352089
7,5,Quito,Itaquera,2025,5,29,1.5891338637006653,1.0429241890203045
7,5,La Boca,Itaquera,2025,5,29,0.667358592879318,0.8193229025786128
7,5,Porto Alegre,Itaquera,2025,5,29,1.7797184177592769,0.2386181567380395
7,5,Montevideo,Itaquera,2025,5,29,1.358238810774495,-0.030780043534785886
7,5,Santos,Itaquera,2025,5,29,0.5563358218771224,0.7391124174860892
7,5,Lima,Penarol,2025,5,29,1.421080289308648,1.551945863986822
7,5,Belo Horizonte,Penarol,2025,5,29,1.8681980325506675,2.3994385835700216
7,5,Guayaquil,Penarol,2025,5,29,1.550762889791345,2.130230771567166
7,5,Agua Branca,Penarol,2025,5,29,1.4346225164595134,1.9358909065942653
7,5,Bogota,Penarol,2025,5,29,3.1042540923099127,1.807059866115105
7,5,Rio de Janeiro,Penarol,2025,5,29,1.8167957439142985,1.428919764186277
7,5,Asuncion,Penarol,2025,5,29,2.9974145453676817,1.9976225880172556
7,5,Medellin,Penarol,2025,5,29,2.2226922824670834,2.693268860312908
7,5,Sao Paulo,Penarol,2025,5,29,3.388087474942735,2.0263699080637396
7,5,La Plata,Penarol,2025,5,29,3.1798939763936924,1.5435177214284106
7,5,Santiago,Penarol,2025,5,29,2.8965789299091704,1.6756719032447442
7,5,Buenos Aires,Penarol,2025,5,29,2.5353084079747727,1.7775975930051642
7,5,Avellaneda,Penarol,2025,5,29,1.963723663503791,1.9876272452489103
7,5,Quito,Penarol,2025,5,29,1.6376573115424435,1.988881373678051
7,5,La Boca,Penarol,2025,5,29,1.6653406159325617,1.6858506737127235
7,5,Porto Alegre,Penarol,2025,5,29,2.133659945352027,1.7527206708745264
7,5,Montevideo,Penarol,2025,5,29,2.2544872547391517,1.3844467232724893
7,5,Santos,Penarol,2025,5,29,3.490362457192049,1.7763415700382748
7,5,Belo Horizonte,Lima,2025,5,29,0.24124781317946484,2.028835340376896
7,5,Guayaquil,Lima,2025,5,29,0.8585712274900688,1.893228868260917
7,5,Agua Branca,Lima,2025,5,29,0.26246420410573273,1.2407375052981109
7,5,Bogota,Lima,2025,5,29,0.6849377447870358,1.747497763120931
7,5,Rio de Janeiro,Lima,2025,5,29,0.09848783459786209,1.2254867304720412
7,5,Asuncion,Lima,2025,5,29,0.18579371819473034,1.0792768003239686
7,5,Medellin,Lima,2025,5,29,0.22074801308816297,1.7689641936474325
7,5,Sao Paulo,Lima,2025,5,29,0.6729185305275813,1.3754423687629995
7,5,La Plata,Lima,2025,5,29,0.65940917277292,1.5445182050379007
7,5,Santiago,Lima,2025,5,29,0.38137122384350164,1.2512787918363417
7,5,Buenos Aires,Lima,2025,5,29,0.7989034386321846,1.6059811615884738
7,5,Avellaneda,Lima,2025,5,29,0.4748716397011659,1.2088622733003163
7,5,Quito,Lima,2025,5,29,0.28114921218912625,1.7705076297074303
7,5,La Boca,Lima,2025,5,29,0.04584944809958999,1.3314220036952724
7,5,Porto Alegre,Lima,2025,5,29,1.0089329197509984,1.312493826133001
7,5,Montevideo,Lima,2025,5,29,1.086399440727945,0.5313001713643087
7,5,Santos,Lima,2025,5,29,0.3005948455492578,1.3760283274692298
7,5,Guayaquil,Belo Horizonte,2025,5,29,0.6844351653073676,1.4261113428783896
7,5,Agua Branca,Belo Horizonte,2025,5,29,1.9940791819022672,1.9321731287167974
7,5,Bogota,Belo Horizonte,2025,5,29,1.608851337901928,1.6975028080999852
7,5,Rio de Janeiro,Belo Horizonte,2025,5,29,2.1504550809596723,1.4871102931196467
7,5,Asuncion,Belo Horizonte,2025,5,29,1.5246177073019413,1.6086423739908593
7,5,Medellin,Belo Horizonte,2025,5,29,2.4309535056144322,2.254867578871553
7,5,Sao Paulo,Belo Horizonte,2025,5,29,2.6622875160999837,2.168611542209808
7,5,La Plata,Belo Horizonte,2025,5,29,1.1427153662567373,1.2186269120241406
7,5,Santiago,Belo Horizonte,2025,5,29,2.236353059453068,1.3727201473774688
7,5,Buenos Aires,Belo Horizonte,2025,5,29,1.5907853025321543,1.3652487774758828
7,5,Avellaneda,Belo Horizonte,2025,5,29,1.4396833930002009,2.4224790691432476
7,5,Quito,Belo Horizonte,2025,5,29,1.5511094353495565,2.0206861422929236
7,5,La Boca,Belo Horizonte,2025,5,29,1.0793283540662588,1.9377934456418338
7,5,Porto Alegre,Belo Horizonte,2025,5,29,1.5401972450716617,1.609078195608943
7,5,Montevideo,Belo Horizonte,2025,5,29,2.1620324995240923,1.7592313713522787
7,5,Santos,Belo Horizonte,2025,5,29,1.771971311654542,1.645032856908295
7,5,Agua Branca,Guayaquil,2025,5,29,2.7732979916534974,0.7774595291682053
7,5,Bogota,Guayaquil,2025,5,29,2.480942268980182,1.7326650304588207
7,5,Rio de Janeiro,Guayaquil,2025,5,29,2.4960624354892276,1.2697612372020808
7,5,Asuncion,Guayaquil,2025,5,29,2.2924273060108313,0.03824081428514193
7,5,Medellin,Guayaquil,2025,5,29,3.9494152492278847,0.9685383629825479
7,5,Sao Paulo,Guayaquil,2025,5,29,3.695331643466355,0.5465409159516342
7,5,La Plata,Guayaquil,2025,5,29,2.768426589509637,1.0585044323568433
7,5,Santiago,Guayaquil,2025,5,29,2.993013831829499,0.6535910502970672
7,5,Buenos Aires,Guayaquil,2025,5,29,2.619737844549901,1.1440442913735225
7,5,Avellaneda,Guayaquil,2025,5,29,1.6436414805544248,0.5228864710253472
7,5,Quito,Guayaquil,2025,5,29,1.6662277715692893,1.4378879989047129
7,5,La Boca,Guayaquil,2025,5,29,1.4330391435482621,1.044385515615645
7,5,Porto Alegre,Guayaquil,2025,5,29,1.9080778682376407,0.5903919916120496
7,5,Montevideo,Guayaquil,2025,5,29,2.409817025439234,-0.04225299950044755
7,5,Santos,Guayaquil,2025,5,29,3.7619790051210806,0.6444669121293304
7,5,Bogota,Agua Branca,2025,5,29,2.1944148004814226,1.330752235469772
7,5,Rio de Janeiro,Agua Branca,2025,5,29,1.6507620419853237,0.9264453677228357
7,5,Asuncion,Agua Branca,2025,5,29,1.407198901475624,0.4035207049525266
7,5,Medellin,Agua Branca,2025,5,29,1.251356244902757,1.3759497808636156
7,5,Sao Paulo,Agua Branca,2025,5,29,2.057878144996201,0.8837909057705209
7,5,La Plata,Agua Branca,2025,5,29,1.6881711909906358,0.945088997271661
7,5,Santiago,Agua Branca,2025,5,29,1.9722067105322698,0.7425490340061096
7,5,Buenos Aires,Agua Branca,2025,5,29,1.359268400312622,0.8295521644088629
7,5,Avellaneda,Agua Branca,2025,5,29,1.790098678644868,0.6057457434840906
7,5,Quito,Agua Branca,2025,5,29,1.5690880171562922,1.026627920812946
7,5,La Boca,Agua Branca,2025,5,29,1.2367112082337954,1.2750800424963764
7,5,Porto Alegre,Agua Branca,2025,5,29,2.0398540089069823,0.6496534025781119
7,5,Montevideo,Agua Branca,2025,5,29,2.0358637869622607,0.08399875289646723
7,5,Santos,Agua Branca,2025,5,29,1.6524641368304112,0.9479444493157042
7,5,Rio de Janeiro,Bogota,2025,5,29,1.8976794908094277,1.890214812594607
7,5,Asuncion,Bogota,2025,5,29,2.0626612319247997,0.09337992177666254
7,5,Medellin,Bogota,2025,5,29,3.029926530967422,0.9601686798559479
7,5,Sao Paulo,Bogota,2025,5,29,3.045473564337106,0.7352283395118512
7,5,La Plata,Bogota,2025,5,29,2.894651753279025,1.2087034819572184
7,5,Santiago,Bogota,2025,5,29,2.7859090655654115,0.6473603085919957
7,5,Buenos Aires,Bogota,2025,5,29,2.490645219385451,1.331199505897417
7,5,Avellaneda,Bogota,2025,5,29,1.8164629027003356,0.5842860479291844
7,5,Quito,Bogota,2025,5,29,2.2803723701461354,1.3732645608942906
7,5,La Boca,Bogota,2025,5,29,1.961267565440956,1.4008005685897837
7,5,Porto Alegre,Bogota,2025,5,29,2.437712637318121,0.9561762277339025
7,5,Montevideo,Bogota,2025,5,29,2.325894450664109,0.020180106613227486
7,5,Santos,Bogota,2025,5,29,3.3503880299169757,0.8668319013323806
7,5,Asuncion,Rio de Janeiro,2025,5,29,1.638329478501602,0.08092873196295444
7,5,Medellin,Rio de Janeiro,2025,5,29,1.4277984419532086,0.4435880014172886
7,5,Sao Paulo,Rio de Janeiro,2025,5,29,2.1381599459749006,0.4682297943519534
7,5,La Plata,Rio de Janeiro,2025,5,29,2.142514949398804,0.6583210817798428
7,5,Santiago,Rio de Janeiro,2025,5,29,1.8664784358478772,0.526834135146485
7,5,Buenos Aires,Rio de Janeiro,2025,5,29,1.9826140749495398,0.6338441661175387
7,5,Avellaneda,Rio de Janeiro,2025,5,29,1.979463977666651,0.27664186656174594
7,5,Quito,Rio de Janeiro,2025,5,29,2.537338759397037,0.7959672313942373
7,5,La Boca,Rio de Janeiro,2025,5,29,1.5428054727551335,0.6825360436170851
7,5,Porto Alegre,Rio de Janeiro,2025,5,29,1.9407159235203462,0.4767115882946805
7,5,Montevideo,Rio de Janeiro,2025,5,29,2.0342952492319144,0.025402542686729347
7,5,Santos,Rio de Janeiro,2025,5,29,1.6214317384970982,0.5690383784968132
7,5,Medellin,Asuncion,2025,5,29,0.3819796610572068,2.0650680735129856
7,5,Sao Paulo,Asuncion,2025,5,29,2.401915708286003,2.044401022354522
7,5,La Plata,Asuncion,2025,5,29,2.113902929242999,1.3981820251547146
7,5,Santiago,Asuncion,2025,5,29,0.5478067112192013,1.2844322090762526
7,5,Buenos Aires,Asuncion,2025,5,29,2.3475097567405325,1.3593932260510355
7,5,Avellaneda,Asuncion,2025,5,29,2.641478214022906,2.554859166443429
7,5,Quito,Asuncion,2025,5,29,1.054231849494449,1.9933019822195372
7,5,La Boca,Asuncion,2025,5,29,0.45365089196223035,1.8983561111448999
7,5,Porto Alegre,Asuncion,2025,5,29,1.8178500425205668,1.4932788579075347
7,5,Montevideo,Asuncion,2025,5,29,1.7856096381380255,1.7416560561753371
7,5,Santos,Asuncion,2025,5,29,1.2009906885466815,1.6569668569091902
7,5,Sao Paulo,Medellin,2025,5,29,1.768641996536476,0.5573046168823464
7,5,La Plata,Medellin,2025,5,29,1.3632938608652558,0.9577534492415346
7,5,Santiago,Medellin,2025,5,29,0.6172908853440879,0.6156474964963511
7,5,Buenos Aires,Medellin,2025,5,29,1.755456461608894,1.0875153867865517
7,5,Avellaneda,Medellin,2025,5,29,2.1113026240482085,0.4314471418815976
7,5,Quito,Medellin,2025,5,29,0.6216222687733631,1.0434981938730277
7,5,La Boca,Medellin,2025,5,29,0.15843298246120907,1.6351087394245971
7,5,Porto Alegre,Medellin,2025,5,29,1.8199485116172296,0.812129132340467
7,5,Montevideo,Medellin,2025,5,29,1.8212530818201225,0.1593319271575254
7,5,Santos,Medellin,2025,5,29,0.4021197557761579,0.9138812307607976
7,5,La Plata,Sao Paulo,2025,5,29,1.6048640896559723,1.5601084103670833
7,5,Santiago,Sao Paulo,2025,5,29,0.4903685515803041,1.3201425500348414
7,5,Buenos Aires,Sao Paulo,2025,5,29,1.8457643490765587,1.4402410793547187
7,5,Avellaneda,Sao Paulo,2025,5,29,0.6546496854094885,1.908696173615982
7,5,Quito,Sao Paulo,2025,5,29,0.505226440308994,1.688469704766521
7,5,La Boca,Sao Paulo,2025,5,29,0.4777763675711205,0.6554368896211237
7,5,Porto Alegre,Sao Paulo,2025,5,29,1.4080175611049779,1.256515992217774
7,5,Montevideo,Sao Paulo,2025,5,29,1.3688782472784682,0.705610561947785
7,5,Santos,Sao Paulo,2025,5,29,1.1472407431109488,1.1998810863738394
7,5,Santiago,La Plata,2025,5,29,0.9288683897845558,0.5989971021691007
7,5,Buenos Aires,La Plata,2025,5,29,2.530231458716763,0.6664948563635262
7,5,Avellaneda,La Plata,2025,5,29,1.6519518516043754,0.24421286055797434
7,5,Quito,La Plata,2025,5,29,0.6692201996007286,0.7046000396422206
7,5,La Boca,La Plata,2025,5,29,0.33518189744289684,0.7850751633173219
7,5,Porto Alegre,La Plata,2025,5,29,1.736198810319813,0.3963112081308372
7,5,Montevideo,La Plata,2025,5,29,1.8794894398329407,-0.1780994367585635
7,5,Santos,La Plata,2025,5,29,1.2737598333038664,0.6049317727189777
7,5,Buenos Aires,Santiago,2025,5,29,2.027263160823784,1.4279936737369288
7,5,Avellaneda,Santiago,2025,5,29,1.7771324725665578,1.2798979250357359
7,5,Quito,Santiago,2025,5,29,1.6459535530946299,1.5054756010764514
7,5,La Boca,Santiago,2025,5,29,1.4643079376190362,1.1076074815296544
7,5,Porto Alegre,Santiago,2025,5,29,1.9201883844211542,1.5263778830490842
7,5,Montevideo,Santiago,2025,5,29,1.877964971296246,0.5758321870669718
7,5,Santos,Santiago,2025,5,29,2.806917199380313,1.4644442031660438
7,5,Avellaneda,Buenos Aires,2025,5,29,1.788831869454038,2.368242947310469
7,5,Quito,Buenos Aires,2025,5,29,1.9043941366136454,1.988777786681272
7,5,La Boca,Buenos Aires,2025,5,29,1.4517697096795203,1.5140243220306775
7,5,Porto Alegre,Buenos Aires,2025,5,29,2.1204640628208122,1.5134024516453795
7,5,Montevideo,Buenos Aires,2025,5,29,1.6662019116505271,1.4738583885729877
7,5,Santos,Buenos Aires,2025,5,29,3.0226656224591766,1.874616604310439
7,5,Quito,Avellaneda,2025,5,29,0.8956384528905709,1.7345780254039544
7,5,La Boca,Avellaneda,2025,5,29,0.7261687283440698,1.2235543641808733
7,5,Porto Alegre,Avellaneda,2025,5,29,1.6317549924103272,1.1034010826422338
7,5,Montevideo,Avellaneda,2025,5,29,2.0816710773877736,0.6307150948694809
7,5,Santos,Avellaneda,2025,5,29,1.8986518115304962,1.3326034175811394
7,5,La Boca,Quito,2025,5,29,1.8793007583851589,0.9761636406005205
7,5,Porto Alegre,Quito,2025,5,29,2.549099902559013,0.9425062956242548
7,5,Montevideo,Quito,2025,5,29,2.4900824859532014,0.09959257045750937
7,5,Santos,Quito,2025,5,29,3.423341793277226,0.9340233083518245
7,5,Porto Alegre,La Boca,2025,5,29,1.93247955596481,1.8452539712483162
7,5,Montevideo,La Boca,2025,5,29,1.8936044435034176,1.207855701117737
7,5,Santos,La Boca,2025,5,29,1.1797829031816889,1.3564241666473602
7,5,Montevideo,Porto Alegre,2025,5,29,1.8760562009249497,0.06511537358358921
7,5,Santos,Porto Alegre,2025,5,29,1.207780916624022,0.7200154600377132
7,5,Santos,Montevideo,2025,5,29,1.0171434181649346,0.6410905913706179
7,8,Penarol,Itaquera,2025,5,29,1.5531726050475656,0.22611001436055372
7,8,Lima,Itaquera,2025,5,29,1.020853583262614,0.9322448237519706
7,8,Belo Horizonte,Itaquera,2025,5,29,1.1927137453745482,1.3188571613016284
7,8,Guayaquil,Itaquera,2025,5,29,1.0578833273388166,0.7195003798487117
7,8,Agua Branca,Itaquera,2025,5,29,1.3175438731386124,1.202403816627907
7,8,Bogota,Itaquera,2025,5,29,0.9295320758267478,1.311005337176158
7,8,Rio de Janeiro,Itaquera,2025,5,29,1.0473016324474007,0.6811410175040826
7,8,Asuncion,Itaquera,2025,5,29,0.6504015139210461,0.015541833439153056
7,8,Medellin,Itaquera,2025,5,29,1.235758838782433,0.7701329616669678
7,8,Sao Paulo,Itaquera,2025,5,29,0.8259132662239183,0.3803903229496965
7,8,La Plata,Itaquera,2025,5,29,0.8931718755325586,0.97591620570477
7,8,Santiago,Itaquera,2025,5,29,1.5017980293488669,0.6097918127799593
7,8,Buenos Aires,Itaquera,2025,5,29,0.9296191230892209,0.9633375568387603
7,8,Avellaneda,Itaquera,2025,5,29,0.8629843063267622,0.44726339371344
7,8,Quito,Itaquera,2025,5,29,1.6039510662908072,1.053349256282823
7,8,La Boca,Itaquera,2025,5,29,0.6821757954694595,0.8177872069917936
7,8,Porto Alegre,Itaquera,2025,5,29,1.7816126454618735,0.2370824611512203
7,8,Montevideo,Itaquera,2025,5,29,1.345317673945536,-0.03231573912160508
7,8,Santos,Itaquera,2025,5,29,0.5859683889988195,0.73757672189927
7,8,Lima,Penarol,2025,5,29,0.7229303159441725,0.5818057347934291
7,8,Belo Horizonte,Penarol,2025,5,29,1.5964360189110334,1.9756218548721496
7,8,Guayaquil,Penarol,2025,5,29,1.31830351738997,1.1952554427745374
7,8,Agua Branca,Penarol,2025,5,29,1.201235481517893,1.319874410646058
7,8,Bogota,Penarol,2025,5,29,2.884192644944744,1.8055241705282856
7,8,Rio de Janeiro,Penarol,2025,5,29,1.8167957439142985,1.428919764186277
7,8,Asuncion,Penarol,2025,5,29,2.7140728695146854,1.0340602593657653
7,8,Medellin,Penarol,2025,5,29,2.025818535642888,2.510497360044624
7,8,Sao Paulo,Penarol,2025,5,29,3.3802325255804173,1.597821453003826
7,8,La Plata,Penarol,2025,5,29,2.8817350979505547,0.5943657118991474
7,8,Santiago,Penarol,2025,5,29,2.849352949667454,0.7184490668830459
7,8,Buenos Aires,Penarol,2025,5,29,2.331806684830069,1.8133225482837458
7,8,Avellaneda,Penarol,2025,5,29,1.6997730210391457,1.738120793683668
7,8,Quito,Penarol,2025,5,29,1.3944085404822837,1.3504025917717228
7,8,La Boca,Penarol,2025,5,29,1.4563000808508944,1.6843149781259041
7,8,Porto Alegre,Penarol,2025,5,29,1.5263817219837699,1.7452112350468607
7,8,Montevideo,Penarol,2025,5,29,1.6622789786362553,1.5217203611820105
7,8,Santos,Penarol,2025,5,29,3.485786788335253,1.01298178338803
7,8,Belo Horizonte,Lima,2025,5,29,0.20871392510846568,1.3746874944725684
7,8,Guayaquil,Lima,2025,5,29,0.8155158469170716,1.2494288681597407
7,8,Agua Branca,Lima,2025,5,29,0.23339548506391378,0.5545998588360967
7,8,Bogota,Lima,2025,5,29,0.6631184913604907,1.741989468164127
7,8,Rio de Janeiro,Lima,2025,5,29,0.054798058942073444,1.2254867304720412
7,8,Asuncion,Lima,2025,5,29,0.15120946518018033,0.42176116388372287
7,8,Medellin,Lima,2025,5,29,0.21560018121913818,1.2706400505266462
7,8,Sao Paulo,Lima,2025,5,29,0.6292287548717928,0.6508529212453235
7,8,La Plata,Lima,2025,5,29,0.6275096797847124,0.853027812627869
7,8,Santiago,Lima,2025,5,29,0.36345839238647204,0.6027078488578042
7,8,Buenos Aires,Lima,2025,5,29,0.7558480580591878,1.284364496855289
7,8,Avellaneda,Lima,2025,5,29,0.43118186404537756,0.49356527008779455
7,8,Quito,Lima,2025,5,29,0.2465649591745762,1.035302468706337
7,8,La Boca,Lima,2025,5,29,0.04379908315603932,1.320645816587394
7,8,Porto Alegre,Lima,2025,5,29,0.9600953122261846,1.3010117909353507
7,8,Montevideo,Lima,2025,5,29,1.0227464686715755,0.5190197926592826
7,8,Santos,Lima,2025,5,29,0.2808259570662633,0.6624623799501014
7,8,Guayaquil,Belo Horizonte,2025,5,29,0.46057742763555803,0.5209745540130222
7,8,Agua Branca,Belo Horizonte,2025,5,29,1.775313203574616,0.9982361893331697
7,8,Bogota,Belo Horizonte,2025,5,29,1.526147581393243,1.6918147963376386
7,8,Rio de Janeiro,Belo Horizonte,2025,5,29,2.1504550809596723,1.4862420587674952
7,8,Asuncion,Belo Horizonte,2025,5,29,1.2256472280605473,0.6736449986251941
7,8,Medellin,Belo Horizonte,2025,5,29,2.231833247870514,1.853384075282301
7,8,Sao Paulo,Belo Horizonte,2025,5,29,2.654432566737666,1.479704378840778
7,8,La Plata,Belo Horizonte,2025,5,29,0.8445564878135992,0.22973591545924094
7,8,Santiago,Belo Horizonte,2025,5,29,2.1868805682916292,0.44597894792690423
7,8,Buenos Aires,Belo Horizonte,2025,5,29,1.3872835793874503,1.1822617294334958
7,8,Avellaneda,Belo Horizonte,2025,5,29,1.1757327505355555,1.845811682621525
7,8,Quito,Belo Horizonte,2025,5,29,1.2922318609009984,1.1249747232349654
7,8,La Boca,Belo Horizonte,2025,5,29,0.8546590155961935,1.9270172585339553
7,8,Porto Alegre,Belo Horizonte,2025,5,29,1.309517327623334,1.5975961604112927
7,8,Montevideo,Belo Horizonte,2025,5,29,1.9476612934864208,1.8902108720926822
7,8,Santos,Belo Horizonte,2025,5,29,1.7505280752640544,0.649354907709115
7,8,Agua Branca,Guayaquil,2025,5,29,2.758033736470551,0.9310200233719598
7,8,Bogota,Guayaquil,2025,5,29,2.295465074629563,1.7468887863475013
7,8,Rio de Janeiro,Guayaquil,2025,5,29,2.4424659291025193,1.2651722336216733
7,8,Asuncion,Guayaquil,2025,5,29,2.1935750999303796,0.058270377268582016
7,8,Medellin,Guayaquil,2025,5,29,3.9936688729635508,1.0023041762079594
7,8,Sao Paulo,Guayaquil,2025,5,29,3.695331643466355,0.5220961129616996
7,8,La Plata,Guayaquil,2025,5,29,2.7063033222822024,1.0676908914905139
7,8,Santiago,Guayaquil,2025,5,29,2.9410206377935353,0.6411001006245366
7,8,Buenos Aires,Guayaquil,2025,5,29,2.619737844549901,1.131665039671925
7,8,Avellaneda,Guayaquil,2025,5,29,1.5279217069402817,0.614495712076303
7,8,Quito,Guayaquil,2025,5,29,1.6532100273060653,1.4248092606933442
7,8,La Boca,Guayaquil,2025,5,29,1.4200213992850381,1.0336093285077665
7,8,Porto Alegre,Guayaquil,2025,5,29,1.5436013633367374,0.5789099564143995
7,8,Montevideo,Guayaquil,2025,5,29,2.062460832747243,-0.014349776496883326
7,8,Santos,Guayaquil,2025,5,29,3.7916115722427772,0.6323394905694615
7,8,Bogota,Agua Branca,2025,5,29,2.2219970026595686,1.315381957027131
7,8,Rio de Janeiro,Agua Branca,2025,5,29,1.597165535598615,0.9174806007409455
7,8,Asuncion,Agua Branca,2025,5,29,1.366745249771564,0.3277446860126489
7,8,Medellin,Agua Branca,2025,5,29,1.2809888120244546,1.5446037934150465
7,8,Sao Paulo,Agua Branca,2025,5,29,2.057878144996201,0.9951025364587579
7,8,La Plata,Agua Branca,2025,5,29,1.6871312381659342,0.8385510092525654
7,8,Santiago,Agua Branca,2025,5,29,1.9338034237717605,0.6313999675341573
7,8,Buenos Aires,Agua Branca,2025,5,29,1.3582284474879205,0.9470174792217166
7,8,Avellaneda,Agua Branca,2025,5,29,1.7365021722581595,0.7706675594712663
7,8,Quito,Agua Branca,2025,5,29,1.5822308718389408,0.9027299380107521
7,8,La Boca,Agua Branca,2025,5,29,1.2515284108239373,1.2553390884066078
7,8,Porto Alegre,Agua Branca,2025,5,29,1.8419539055264134,0.6292066003985716
7,8,Montevideo,Agua Branca,2025,5,29,1.8231483190501363,0.250510944454308
7,8,Santos,Agua Branca,2025,5,29,1.6804223560446154,0.8310466788506281
7,8,Rio de Janeiro,Bogota,2025,5,29,1.844082984422719,1.8856258090141995
7,8,Asuncion,Bogota,2025,5,29,1.9638090258443495,0.07719905703783801
7,8,Medellin,Bogota,2025,5,29,3.046794098501114,0.9584532674635862
7,8,Sao Paulo,Bogota,2025,5,29,3.045473564337106,0.7235839180518209
7,8,La Plata,Bogota,2025,5,29,2.8325284860515905,1.1940583128052131
7,8,Santiago,Bogota,2025,5,29,2.749180126712395,0.6342116955348178
7,8,Buenos Aires,Bogota,2025,5,29,2.490645219385451,1.3294840935050551
7,8,Avellaneda,Bogota,2025,5,29,1.7007431290861923,0.6107685638313819
7,8,Quito,Bogota,2025,5,29,2.2972399376798274,1.356395178608857
7,8,La Boca,Bogota,2025,5,29,1.978135132974648,1.3900243814819053
7,8,Porto Alegre,Bogota,2025,5,29,2.0757353880121587,0.9546405321470833
7,8,Montevideo,Bogota,2025,5,29,1.9639172013581478,0.003999241874402941
7,8,Santos,Bogota,2025,5,29,3.3672555974506677,0.8613957197117629
7,8,Asuncion,Rio de Janeiro,2025,5,29,1.6551970460352945,0.06036132318086647
7,8,Medellin,Rio de Janeiro,2025,5,29,1.457431009074906,0.4240713066670254
7,8,Sao Paulo,Rio de Janeiro,2025,5,29,2.1381599459749006,0.43568845873228035
7,8,La Plata,Rio de Janeiro,2025,5,29,2.142514949398804,0.6522066614162678
7,8,Santiago,Rio de Janeiro,2025,5,29,1.8833460033815697,0.5152114198261062
7,8,Buenos Aires,Rio de Janeiro,2025,5,29,1.9826140749495398,0.6133973639379985
7,8,Avellaneda,Rio de Janeiro,2025,5,29,1.979463977666651,0.29433933228759596
7,8,Quito,Rio de Janeiro,2025,5,29,2.554206326930729,0.7665519669320485
7,8,La Boca,Rio de Janeiro,2025,5,29,1.559673040288826,0.6627950895273166
7,8,Porto Alegre,Rio de Janeiro,2025,5,29,1.5915036738023896,0.4562647861151404
7,8,Montevideo,Rio de Janeiro,2025,5,29,1.6723179999259539,0.0037440269428756184
7,8,Santos,Rio de Janeiro,2025,5,29,1.6510643056187957,0.5525641756872575
7,8,Medellin,Asuncion,2025,5,29,0.3947446606452117,1.8102712452327108
7,8,Sao Paulo,Asuncion,2025,5,29,2.401915708286003,1.5716994935873867
7,8,La Plata,Asuncion,2025,5,29,2.113902929242999,0.3835651968709254
7,8,Santiago,Asuncion,2025,5,29,0.5478067112192013,0.2645970888361335
7,8,Buenos Aires,Asuncion,2025,5,29,2.3475097567405325,1.4010919215704636
7,8,Avellaneda,Asuncion,2025,5,29,2.641478214022906,2.296112223357126
7,8,Quito,Asuncion,2025,5,29,1.0534202486961928,1.3464330662054425
7,8,La Boca,Asuncion,2025,5,29,0.45283929116397426,1.8875799240370215
7,8,Porto Alegre,Asuncion,2025,5,29,1.4517702252689177,1.4917431623207154
7,8,Montevideo,Asuncion,2025,5,29,1.4059532205001153,1.8644642417383956
7,8,Santos,Asuncion,2025,5,29,1.2137556881346865,0.8448606748634713
7,8,Sao Paulo,Medellin,2025,5,29,1.768641996536476,0.5456601954223161
7,8,La Plata,Medellin,2025,5,29,1.3290856248867633,0.9432879968950719
7,8,Santiago,Medellin,2025,5,29,0.597703705979565,0.6024988834391732
7,8,Buenos Aires,Medellin,2025,5,29,1.7537821137014007,1.0859796911997324
7,8,Avellaneda,Medellin,2025,5,29,2.1113026240482085,0.4222066503605383
7,8,Quito,Medellin,2025,5,29,0.5874140327948706,1.0266288115875941
7,8,La Boca,Medellin,2025,5,29,0.15843298246120907,1.6243325523167187
7,8,Porto Alegre,Medellin,2025,5,29,1.8131263318407116,0.8105934367536478
7,8,Montevideo,Medellin,2025,5,29,1.8016659024555994,0.14333077922424337
7,8,Santos,Medellin,2025,5,29,0.38067651938567026,0.9086247659457225
7,8,La Plata,Sao Paulo,2025,5,29,1.5729645966677646,0.7949080076580421
7,8,Santiago,Sao Paulo,2025,5,29,0.47245572012327447,0.5360639771501853
7,8,Buenos Aires,Sao Paulo,2025,5,29,1.8186604047402495,1.4759660346333003
7,8,Avellaneda,Sao Paulo,2025,5,29,0.6269113459903878,1.750060405900961
7,8,Quito,Sao Paulo,2025,5,29,0.4726925522379947,1.1770873877664112
7,8,La Boca,Sao Paulo,2025,5,29,0.4777763675711205,0.6539011940343045
7,8,Porto Alegre,Sao Paulo,2025,5,29,0.9962865729771982,1.2490065563901083
7,8,Montevideo,Sao Paulo,2025,5,29,0.9443822595626828,0.8428841998573064
7,8,Santos,Sao Paulo,2025,5,29,1.1274718546279543,0.6005540413143676
7,8,Santiago,La Plata,2025,5,29,0.9278231258612183,0.5974614065822815
7,8,Buenos Aires,La Plata,2025,5,29,2.530231458716763,0.664959160776707
7,8,Avellaneda,La Plata,2025,5,29,1.6519518516043754,0.31005708540513727
7,8,Quito,La Plata,2025,5,29,0.6515035141198708,0.7150251069047394
7,8,La Boca,La Plata,2025,5,29,0.3499991000330384,0.7835394677305026
7,8,Porto Alegre,La Plata,2025,5,29,1.3563087295568215,0.394775512544018
7,8,Montevideo,La Plata,2025,5,29,1.4975489941263986,-0.1344201748476517
7,8,Santos,La Plata,2025,5,29,1.2580935127665596,0.6033960771321585
7,8,Buenos Aires,Santiago,2025,5,29,2.025588812916291,1.1024887657587525
7,8,Avellaneda,Santiago,2025,5,29,1.6614126989524145,0.6242454637499162
7,8,Quito,Santiago,2025,5,29,1.6442792051871367,0.7897247269596288
7,8,La Boca,Santiago,2025,5,29,1.4643079376190362,1.054192013367989
7,8,Porto Alegre,Santiago,2025,5,29,1.552434219262012,1.4689898155174335
7,8,Montevideo,Santiago,2025,5,29,1.497445806549099,0.5215195024013589
7,8,Santos,Santiago,2025,5,29,2.8180078510608246,0.6260477210331616
7,8,Avellaneda,Buenos Aires,2025,5,29,1.4975731615366477,2.0665809986312107
7,8,Quito,Buenos Aires,2025,5,29,1.7066969978877082,1.323219827593869
7,8,La Boca,Buenos Aires,2025,5,29,1.255746918861077,1.460333129329843
7,8,Porto Alegre,Buenos Aires,2025,5,29,1.5296687527449584,1.4689517504656036
7,8,Montevideo,Buenos Aires,2025,5,29,1.0605912370431174,1.5574723377713455
7,8,Santos,Buenos Aires,2025,5,29,3.033756274139688,1.1574759271165913
7,8,Quito,Avellaneda,2025,5,29,0.880570343683796,0.8468809464888484
7,8,La Boca,Avellaneda,2025,5,29,0.7111006191372948,1.222018668594054
7,8,Porto Alegre,Avellaneda,2025,5,29,1.2526574308954541,1.0919190474445835
7,8,Montevideo,Avellaneda,2025,5,29,1.7176434631382616,0.7629450999674331
7,8,Santos,Avellaneda,2025,5,29,1.9282843786521937,0.2753852787563154
7,8,La Boca,Quito,2025,5,29,1.8941179609753007,0.9653874534926425
7,8,Porto Alegre,Quito,2025,5,29,2.1871226532530503,0.9369980006674511
7,8,Montevideo,Quito,2025,5,29,2.1260548717036887,0.1288063800219584
7,8,Santos,Quito,2025,5,29,3.440209360810918,0.7682846907858075
7,8,Porto Alegre,La Boca,2025,5,29,1.9343737836674066,1.8397456762915123
7,8,Montevideo,La Boca,2025,5,29,1.8806833066744586,1.1946781059087639
7,8,Santos,La Boca,2025,5,29,1.2094154703033861,0.6831105251642233
7,8,Montevideo,Porto Alegre,2025,5,29,1.5097820757557145,0.05283499487856318
7,8,Santos,Porto Alegre,2025,5,29,1.2205459162120271,0.6792110534333027
7,8,Santos,Montevideo,2025,5,29,1.0299084177529396,0.607210714748824
7,11,Penarol,Itaquera,2025,5,29,1.5375202757559208,0.21459488071889346
7,11,Lima,Itaquera,2025,5,29,1.0337885485152825,0.904662249026072
7,11,Belo Horizonte,Itaquera,2025,5,29,1.1869228084639687,1.2693952318827681
7,11,Guayaquil,Itaquera,2025,5,29,1.0725583794338882,0.670038450429851
7,11,Agua Branca,Itaquera,2025,5,29,1.3059109421970176,1.2694596693422429
7,11,Bogota,Itaquera,2025,5,29,0.8741422562165022,1.27418034810296
7,11,Rio de Janeiro,Itaquera,2025,5,29,1.0384905967568552,0.65046219111904
7,11,Asuncion,Itaquera,2025,5,29,0.5628233101864019,-0.012663236915561281
7,11,Medellin,Itaquera,2025,5,29,1.1370181077608568,0.6987190876033079
7,11,Sao Paulo,Itaquera,2025,5,29,0.8203600169497747,0.3540667790780971
7,11,La Plata,Itaquera,2025,5,29,0.8584950985399425,0.9360731687617841
7,11,Santiago,Itaquera,2025,5,29,1.4919742133952458,0.5800956434389505
7,11,Buenos Aires,Itaquera,2025,5,29,0.921678988964409,0.8740325904769135
7,11,Avellaneda,Itaquera,2025,5,29,0.8509871058561002,0.5143192464277753
7,11,Quito,Itaquera,2025,5,29,1.5975414140964668,1.0236530869418148
7,11,La Boca,Itaquera,2025,5,29,0.6306245591990833,0.7913320771373867
7,11,Porto Alegre,Itaquera,2025,5,29,1.8051016136126454,0.18950205821547436
7,11,Montevideo,Itaquera,2025,5,29,1.2997667243087787,-0.03446114254404622
7,11,Santos,Itaquera,2025,5,29,0.6069769724684004,0.7077048363398304
7,11,Lima,Penarol,2025,5,29,0.6530097846352425,0.5368280825235894
7,11,Belo Horizonte,Penarol,2025,5,29,1.5155036129899349,2.1272874666126227
7,11,Guayaquil,Penarol,2025,5,29,1.2418937021408063,0.9572910164501389
7,11,Agua Branca,Penarol,2025,5,29,0.9921660071097252,1.4332589453935356
7,11,Bogota,Penarol,2025,5,29,2.829971270333803,1.7317889489376106
7,11,Rio de Janeiro,Penarol,2025,5,29,1.8370729820354188,1.3721649927848671
7,11,Asuncion,Penarol,2025,5,29,2.5612637666769777,0.987174544446704
7,11,Medellin,Penarol,2025,5,29,1.7395484082060388,2.5663979965738424
7,11,Sao Paulo,Penarol,2025,5,29,3.275476394375724,1.763929613197184
7,11,La Plata,Penarol,2025,5,29,2.9193414381706413,0.7121177976298205
7,11,Santiago,Penarol,2025,5,29,2.7558018720724853,0.67504800332424
7,11,Buenos Aires,Penarol,2025,5,29,2.2353955772896805,1.7240797796307212
7,11,Avellaneda,Penarol,2025,5,29,1.6220845088233324,1.7631896704476515
7,11,Quito,Penarol,2025,5,29,1.4266942752551908,1.4928013206110005
7,11,La Boca,Penarol,2025,5,29,1.3447861504311531,1.7173584453112802
7,11,Porto Alegre,Penarol,2025,5,29,1.4815018554252748,1.6785133245294706
7,11,Montevideo,Penarol,2025,5,29,1.6231104148593467,1.5686201234462185
7,11,Santos,Penarol,2025,5,29,3.404758923011067,1.0996114207274994
7,11,Belo Horizonte,Lima,2025,5,29,0.15594122352077575,1.3708850803484114
7,11,Guayaquil,Lima,2025,5,29,0.8251176275006666,1.1335577355848026
7,11,Agua Branca,Lima,2025,5,29,0.23938598892807975,0.5342087054321738
7,11,Bogota,Lima,2025,5,29,0.6734736011890603,1.7290624840465239
7,11,Rio de Janeiro,Lima,2025,5,29,0.04864479208977713,1.2254867304720412
7,11,Asuncion,Lima,2025,5,29,0.13512924817289648,0.3917235078266298
7,11,Medellin,Lima,2025,5,29,0.16526753112879655,1.1710726611912323
7,11,Sao Paulo,Lima,2025,5,29,0.6248641489073893,0.6459855085116988
7,11,La Plata,Lima,2025,5,29,0.6273750658234988,0.8473928323522077
7,11,Santiago,Lima,2025,5,29,0.34594807171748637,0.5916623912233153
7,11,Buenos Aires,Lima,2025,5,29,0.7483321582040625,1.2714375127376858
7,11,Avellaneda,Lima,2025,5,29,0.460430724964838,0.3650741836363662
7,11,Quito,Lima,2025,5,29,0.19317354230312545,1.02156855588877
7,11,La Boca,Lima,2025,5,29,0.027042091732028106,1.320943708122259
7,11,Porto Alegre,Lima,2025,5,29,0.9067038953547332,1.2951221178910324
7,11,Montevideo,Lima,2025,5,29,0.9358614526855507,0.5203793864826738
7,11,Santos,Lima,2025,5,29,0.2267632705015944,0.6494024165882993
7,11,Guayaquil,Belo Horizonte,2025,5,29,0.43274264288576936,0.23083803426499747
7,11,Agua Branca,Belo Horizonte,2025,5,29,1.6977792601954182,1.0898961306328725
7,11,Bogota,Belo Horizonte,2025,5,29,1.5526198721467817,1.560397531697497
7,11,Rio de Janeiro,Belo Horizonte,2025,5,29,2.0982139321973965,1.3639174819080908
7,11,Asuncion,Belo Horizonte,2025,5,29,1.1699565193025192,0.6391207777084882
7,11,Medellin,Belo Horizonte,2025,5,29,2.173196455697844,1.853389127998656
7,11,Sao Paulo,Belo Horizonte,2025,5,29,2.6039800788632825,1.5521277510464166
7,11,La Plata,Belo Horizonte,2025,5,29,0.8438031585686248,0.37344897960539697
7,11,Santiago,Belo Horizonte,2025,5,29,2.207153987450295,0.4133362534933132
7,11,Buenos Aires,Belo Horizonte,2025,5,29,1.3330610823385844,1.0382075244476918
7,11,Avellaneda,Belo Horizonte,2025,5,29,1.1406185701296407,1.851064028586955
7,11,Quito,Belo Horizonte,2025,5,29,1.2388404440295473,1.2010092363253984
7,11,La Boca,Belo Horizonte,2025,5,29,0.8683739483504263,1.9005621286795487
7,11,Porto Alegre,Belo Horizonte,2025,5,29,1.2433685527525768,1.4554234819086038
7,11,Montevideo,Belo Horizonte,2025,5,29,1.8092428532405171,1.8500830869555263
7,11,Santos,Belo Horizonte,2025,5,29,1.650377506789406,0.6999102259830898
7,11,Agua Branca,Guayaquil,2025,5,29,2.4900003784330966,0.9955040286212421
7,11,Bogota,Guayaquil,2025,5,29,2.310410902082578,1.7071172721817216
7,11,Rio de Janeiro,Guayaquil,2025,5,29,2.3856221732986267,1.234493407236631
7,11,Asuncion,Guayaquil,2025,5,29,2.0886431592537966,0.0237461563518761
7,11,Medellin,Guayaquil,2025,5,29,3.630277751601687,0.9249458292098364
7,11,Sao Paulo,Guayaquil,2025,5,29,3.5188542706330685,0.4894534185281085
7,11,La Plata,Guayaquil,2025,5,29,2.7419240739651496,1.0278478545475276
7,11,Santiago,Guayaquil,2025,5,29,2.9166367622625216,0.6084574061909458
7,11,Buenos Aires,Guayaquil,2025,5,29,2.4468770127777173,1.0368417007524438
7,11,Avellaneda,Guayaquil,2025,5,29,1.486728283009311,0.6815515647906382
7,11,Quito,Guayaquil,2025,5,29,1.732701098229031,1.395113091352336
7,11,La Boca,Guayaquil,2025,5,29,1.3684701630146618,1.0071541986533599
7,11,Porto Alegre,Guayaquil,2025,5,29,1.558684190927607,0.5283830283860717
7,11,Montevideo,Guayaquil,2025,5,29,1.9522422970349596,-0.016495179919324452
7,11,Santos,Guayaquil,2025,5,29,3.642947898742497,0.5995210799174399
7,11,Bogota,Agua Branca,2025,5,29,2.132705693183007,1.2803596207984858
7,11,Rio de Janeiro,Agua Branca,2025,5,29,1.590431857161157,0.776882243034378
7,11,Asuncion,Agua Branca,2025,5,29,1.274093630317171,0.2808589710935882
7,11,Medellin,Agua Branca,2025,5,29,1.1947771923965171,1.368374601420828
7,11,Sao Paulo,Agua Branca,2025,5,29,2.056544218855163,0.9586636512583886
7,11,La Plata,Agua Branca,2025,5,29,1.6510795362794275,0.6783350096349203
7,11,Santiago,Agua Branca,2025,5,29,1.8172272806937066,0.603506451037701
7,11,Buenos Aires,Agua Branca,2025,5,29,1.3514040962533083,0.7495956343828964
7,11,Avellaneda,Agua Branca,2025,5,29,1.7159795115943586,0.6205099630803976
7,11,Quito,Agua Branca,2025,5,29,1.4551496622315994,0.7593180465814392
7,11,La Boca,Agua Branca,2025,5,29,1.1610816266640356,1.2288839585522011
7,11,Porto Alegre,Agua Branca,2025,5,29,1.7441907193681208,0.5767716097210231
7,11,Montevideo,Agua Branca,2025,5,29,1.706364682718999,0.23791210967873294
7,11,Santos,Agua Branca,2025,5,29,1.6263596694799465,0.7963202055493855
7,11,Rio de Janeiro,Bogota,2025,5,29,1.8683824180002944,1.7633012321547952
7,11,Asuncion,Bogota,2025,5,29,1.8140986624879065,0.04051073208710089
7,11,Medellin,Bogota,2025,5,29,2.7627575056328255,0.7973903558487808
7,11,Sao Paulo,Bogota,2025,5,29,2.857474664164257,0.7144476768273511
7,11,La Plata,Bogota,2025,5,29,2.786892057303522,1.261051616060502
7,11,Santiago,Bogota,2025,5,29,2.6556290491174255,0.7225186419807389
7,11,Buenos Aires,Bogota,2025,5,29,2.3125278174828274,1.151128247387483
7,11,Avellaneda,Bogota,2025,5,29,1.623054616870379,0.517530682585458
7,11,Quito,Bogota,2025,5,29,2.2440493689160173,1.436156756350866
7,11,La Boca,Bogota,2025,5,29,1.8793785605542137,1.3635692516274986
7,11,Porto Alegre,Bogota,2025,5,29,2.0436128794529713,0.8161277229724966
7,11,Montevideo,Bogota,2025,5,29,1.8421771383063024,-0.00859959290117194
7,11,Santos,Bogota,2025,5,29,3.2036562328515443,0.8314972979862175
7,11,Asuncion,Rio de Janeiro,2025,5,29,1.5677701799238213,0.020770113820069883
7,11,Medellin,Rio de Janeiro,2025,5,29,1.3628638111329558,0.3546712500429989
7,11,Sao Paulo,Rio de Janeiro,2025,5,29,2.2186910466511507,0.5152685474060081
7,11,La Plata,Rio de Janeiro,2025,5,29,2.200947762807887,0.7191999646715568
7,11,Santiago,Rio de Janeiro,2025,5,29,1.8680766450780493,0.6052449398529672
7,11,Buenos Aires,Rio de Janeiro,2025,5,29,2.0601500590505424,0.5265323153926127
7,11,Avellaneda,Rio de Janeiro,2025,5,29,1.972285932596345,0.3563281965578404
7,11,Quito,Rio de Janeiro,2025,5,29,2.6332729782731064,0.8490785806983576
7,11,La Boca,Rio de Janeiro,2025,5,29,1.5081218040184496,0.6384853630953508
7,11,Porto Alegre,Rio de Janeiro,2025,5,29,1.614412045057098,0.4111243009958555
7,11,Montevideo,Rio de Janeiro,2025,5,29,1.7090313460445772,-0.006709404410258146
7,11,Santos,Rio de Janeiro,2025,5,29,1.759782727193656,0.5234263976795948
7,11,Medellin,Asuncion,2025,5,29,0.33356671590855114,1.8128977048338084
7,11,Sao Paulo,Asuncion,2025,5,29,2.4011623790410286,1.6496907977703492
7,11,La Plata,Asuncion,2025,5,29,2.107325428121016,0.5282418805683565
7,11,Santiago,Asuncion,2025,5,29,0.5244264286197277,0.2356142637306457
7,11,Buenos Aires,Asuncion,2025,5,29,2.3371622464440667,1.2625791123958776
7,11,Avellaneda,Asuncion,2025,5,29,2.6460091519744666,2.3004201262246093
7,11,Quito,Asuncion,2025,5,29,0.9996044122441534,1.4250889861806173
7,11,La Boca,Asuncion,2025,5,29,0.43608229973996315,1.8611247941826148
7,11,Porto Alegre,Asuncion,2025,5,29,1.3979543888168777,1.3532303531461294
7,11,Montevideo,Asuncion,2025,5,29,1.3131982425836026,1.8243364566012397
7,11,Santos,Asuncion,2025,5,29,1.1596930015700175,0.8983359820639224
7,11,Sao Paulo,Medellin,2025,5,29,1.7636967936760086,0.6308082160733673
7,11,La Plata,Medellin,2025,5,29,1.3285265913449609,1.0102813001503603
7,11,Santiago,Medellin,2025,5,29,0.5797689657299906,0.6961922727941374
7,11,Buenos Aires,Medellin,2025,5,29,1.7489405337469512,1.0225402720603018
7,11,Avellaneda,Medellin,2025,5,29,2.1206527174001257,0.3855354299262178
7,11,Quito,Medellin,2025,5,29,0.5335981963428312,1.1117768322386459
7,11,La Boca,Medellin,2025,5,29,0.1416759910371979,1.600022825884753
7,11,Porto Alegre,Medellin,2025,5,29,1.7587298984926085,0.7869970545572033
7,11,Montevideo,Medellin,2025,5,29,1.7143564668889861,0.1328773478711096
7,11,Santos,Medellin,2025,5,29,0.3266138328210017,0.8824069768645358
7,11,La Plata,Sao Paulo,2025,5,29,1.5457268108369582,0.9240771442931226
7,11,Santiago,Sao Paulo,2025,5,29,0.4682760612867268,0.5177913940635347
7,11,Buenos Aires,Sao Paulo,2025,5,29,1.8089858425576297,1.3660477010722882
7,11,Avellaneda,Sao Paulo,2025,5,29,0.6232310363313432,1.8618305728426259
7,11,Quito,Sao Paulo,2025,5,29,0.3928166787807123,1.3025278688259174
7,11,La Boca,Sao Paulo,2025,5,29,0.477764201738828,0.6517557906118634
7,11,Porto Alegre,Sao Paulo,2025,5,29,0.9380593566206009,1.1545957698914457
7,11,Montevideo,Sao Paulo,2025,5,29,0.8275986232315461,0.8407387964348654
7,11,Santos,Sao Paulo,2025,5,29,1.0768233318225664,0.7182295193107201
7,11,Santiago,La Plata,2025,5,29,0.9177735050941824,0.5917498454653984
7,11,Buenos Aires,La Plata,2025,5,29,2.5283824401979818,0.49160079780057553
7,11,Avellaneda,La Plata,2025,5,29,1.636622737622215,0.3609571319796362
7,11,Quito,La Plata,2025,5,29,0.5677890573227189,0.602340539558913
7,11,La Boca,La Plata,2025,5,29,0.3338154124421588,0.7813940643080616
7,11,Porto Alegre,La Plata,2025,5,29,1.2891549382094116,0.371179717832398
7,11,Montevideo,La Plata,2025,5,29,1.3748953958647736,-0.13656557827009283
7,11,Santos,La Plata,2025,5,29,1.2040308262018906,0.5967689193952177
7,11,Buenos Aires,Santiago,2025,5,29,2.1237828240200765,1.0986091846212633
7,11,Avellaneda,Santiago,2025,5,29,1.6225768840937862,0.8490600240357661
7,11,Quito,Santiago,2025,5,29,1.632572919461625,1.0047736050492468
7,11,La Boca,Santiago,2025,5,29,1.3910024158049406,1.07542245537684
7,11,Porto Alegre,Santiago,2025,5,29,1.4424942720004765,1.4850711553904619
7,11,Montevideo,Santiago,2025,5,29,1.5162249114685058,0.518623857774327
7,11,Santos,Santiago,2025,5,29,2.8750548277514865,0.6776415017504978
7,11,Avellaneda,Buenos Aires,2025,5,29,1.4488659006644855,2.1627914626387588
7,11,Quito,Buenos Aires,2025,5,29,1.6107244958955713,1.4002244955855265
7,11,La Boca,Buenos Aires,2025,5,29,1.2396381244939303,1.4581877259074019
7,11,Porto Alegre,Buenos Aires,2025,5,29,1.4336962507528217,1.466186714441303
7,11,Montevideo,Buenos Aires,2025,5,29,0.9737062210570925,1.5068911212810558
7,11,Santos,Buenos Aires,2025,5,29,2.9809036748451114,1.237169023398229
7,11,Quito,Avellaneda,2025,5,29,0.8839666972740428,0.8238743939054636
7,11,La Boca,Avellaneda,2025,5,29,0.7088843768158136,1.2432491106029049
7,11,Porto Alegre,Avellaneda,2025,5,29,1.1916455411536047,1.0179375812846312
7,11,Montevideo,Avellaneda,2025,5,29,1.706523947712556,0.7600494553404011
7,11,Santos,Avellaneda,2025,5,29,1.9865414426129482,0.21128446395016662
7,11,La Boca,Quito,2025,5,29,1.7953613885548658,0.9504474572798958
7,11,Porto Alegre,Quito,2025,5,29,2.155000144693862,0.8063404558064214
7,11,Montevideo,Quito,2025,5,29,2.0036435389586256,0.11620754524638356
7,11,Santos,Quito,2025,5,29,3.2759387265185764,0.7977879182471519
7,11,Porto Alegre,La Boca,2025,5,29,1.873518071241032,1.7302167816526672
7,11,Montevideo,La Boca,2025,5,29,1.7580297084128333,1.1938922963097143
7,11,Santos,La Boca,2025,5,29,1.1565628710088098,0.774594750245495
7,11,Montevideo,Porto Alegre,2025,5,29,1.3875528970746778,0.06250261663264717
7,11,Santos,Porto Alegre,2025,5,29,1.1664832296473582,0.6482741692643961
7,11,Santos,Montevideo,2025,5,29,0.8089010209899881,0.5724842414475816
7,14,Penarol,Itaquera,2025,5,29,0.7683517708858799,0.12700288257706238
7,14,Lima,Itaquera,2025,5,29,1.1174900579176457,0.5784100911892615
7,14,Belo Horizonte,Itaquera,2025,5,29,0.8694545176004479,1.0787447538255832
7,14,Guayaquil,Itaquera,2025,5,29,0.8912618481831801,0.5225344936928925
7,14,Agua Branca,Itaquera,2025,5,29,0.9318318374781193,1.1226557039242022
7,14,Bogota,Itaquera,2025,5,29,0.8360856901035563,1.207393661183276
7,14,Rio de Janeiro,Itaquera,2025,5,29,0.7889343574253473,0.4960971177104492
7,14,Asuncion,Itaquera,2025,5,29,0.48940423921743087,-0.1815257754284419
7,14,Medellin,Itaquera,2025,5,29,0.32910769171836285,0.6306919983743755
7,14,Sao Paulo,Itaquera,2025,5,29,0.7959412836093104,0.22100229401685692
7,14,La Plata,Itaquera,2025,5,29,0.919615388121903,0.7451894003146128
7,14,Santiago,Itaquera,2025,5,29,0.7131437991520105,0.4630465330309303
7,14,Buenos Aires,Itaquera,2025,5,29,1.03677415056495,0.7658440587037617
7,14,Avellaneda,Itaquera,2025,5,29,0.8798772081232821,0.29479891966977523
7,14,Quito,Itaquera,2025,5,29,1.2898975463283204,0.7572477366487529
7,14,La Boca,Itaquera,2025,5,29,0.5576910664573764,0.5265230172902725
7,14,Porto Alegre,Itaquera,2025,5,29,1.8799222851248616,0.18049890775385244
7,14,Montevideo,Itaquera,2025,5,29,1.2486064331612368,-0.24254011877248383
7,14,Santos,Itaquera,2025,5,29,0.576044528057376,0.6038084751868423
7,14,Lima,Penarol,2025,5,29,0.3809670895088323,0.34208560936367055
7,14,Belo Horizonte,Penarol,2025,5,29,1.2988230891893702,2.0415536240453
7,14,Guayaquil,Penarol,2025,5,29,0.7642108368804916,0.8806673056527792
7,14,Agua Branca,Penarol,2025,5,29,0.7334767184102668,1.4213850067118692
7,14,Bogota,Penarol,2025,5,29,2.365546491216885,1.7450741748891696
7,14,Rio de Janeiro,Penarol,2025,5,29,1.6941450282568344,1.340191252823714
7,14,Asuncion,Penarol,2025,5,29,2.33257526997055,0.8142852216370463
7,14,Medellin,Penarol,2025,5,29,1.1327999873549426,2.4382775011219793
7,14,Sao Paulo,Penarol,2025,5,29,2.316975023529133,1.4999809725588327
7,14,La Plata,Penarol,2025,5,29,2.101153466888961,0.6238068560600492
7,14,Santiago,Penarol,2025,5,29,2.6417836532704504,0.5848520625521325
7,14,Buenos Aires,Penarol,2025,5,29,1.2930148309484126,1.5544124692335888
7,14,Avellaneda,Penarol,2025,5,29,1.305369095427077,1.4111154769816125
7,14,Quito,Penarol,2025,5,29,1.3039918042822363,1.3295590178983476
7,14,La Boca,Penarol,2025,5,29,1.1896611157879309,1.4517724898090814
7,14,Porto Alegre,Penarol,2025,5,29,1.3400484545547324,1.6917985504810296
7,14,Montevideo,Penarol,2025,5,29,1.2138494483301967,1.215163808009033
7,14,Santos,Penarol,2025,5,29,2.3424651892675783,1.0711562434584352
7,14,Belo Horizonte,Lima,2025,5,29,0.16105266252339664,1.2024105435144437
7,14,Guayaquil,Lima,2025,5,29,0.7471114795467689,1.008977943791371
7,14,Agua Branca,Lima,2025,5,29,0.19669149893458368,0.524628621899141
7,14,Bogota,Lima,2025,5,29,0.6277744417592309,1.6160753385488937
7,14,Rio de Janeiro,Lima,2025,5,29,0.01721958206233708,1.0051674527541188
7,14,Asuncion,Lima,2025,5,29,0.133352952590455,0.2551507392120546
7,14,Medellin,Lima,2025,5,29,0.09024894691252254,1.1745188287564445
7,14,Sao Paulo,Lima,2025,5,29,0.6087435244020647,0.5609182531406613
7,14,La Plata,Lima,2025,5,29,0.6173817202648344,0.6418866634954705
7,14,Santiago,Lima,2025,5,29,0.26488629139597497,0.5367502105682169
7,14,Buenos Aires,Lima,2025,5,29,0.7483321582040625,1.1007151187146855
7,14,Avellaneda,Lima,2025,5,29,0.44563601347289333,0.2058779052708582
7,14,Quito,Lima,2025,5,29,0.17623161508757423,0.7900931751491117
7,14,La Boca,Lima,2025,5,29,0.02007476130396982,1.033009407320536
7,14,Porto Alegre,Lima,2025,5,29,0.8462100244329591,1.2985682854562446
7,14,Montevideo,Lima,2025,5,29,0.8966781233743263,0.3470655173833625
7,14,Santos,Lima,2025,5,29,0.1548003186529342,0.6178877949770389
7,14,Guayaquil,Belo Horizonte,2025,5,29,0.19337294828374238,0.14049746175704006
7,14,Agua Branca,Belo Horizonte,2025,5,29,1.266961014195622,1.078022191951206
7,14,Bogota,Belo Horizonte,2025,5,29,1.506920712716952,1.5599658959384584
7,14,Rio de Janeiro,Belo Horizonte,2025,5,29,1.7031616247580588,1.3543373983750582
7,14,Asuncion,Belo Horizonte,2025,5,29,1.0344353916492908,0.6189954773544406
7,14,Medellin,Belo Horizonte,2025,5,29,1.1182269970346639,1.713248214456417
7,14,Sao Paulo,Belo Horizonte,2025,5,29,2.4319726692570995,1.40445188534535
7,14,La Plata,Belo Horizonte,2025,5,29,0.7783664657434304,0.3603401060021586
7,14,Santiago,Belo Horizonte,2025,5,29,1.4833326465936898,0.4058050481251076
7,14,Buenos Aires,Belo Horizonte,2025,5,29,1.1884681656551486,0.8940669314300326
7,14,Avellaneda,Belo Horizonte,2025,5,29,0.9504235832095547,1.6909974366665983
7,14,Quito,Belo Horizonte,2025,5,29,0.9011252757204811,1.1117014578955149
7,14,La Boca,Belo Horizonte,2025,5,29,0.7892465910435235,1.81576939161777
7,14,Porto Alegre,Belo Horizonte,2025,5,29,1.1540353932426293,1.4537569112279933
7,14,Montevideo,Belo Horizonte,2025,5,29,1.5587293915619038,1.6908524029598948
7,14,Santos,Belo Horizonte,2025,5,29,1.4339968507667733,0.6938487051421459
7,14,Agua Branca,Guayaquil,2025,5,29,2.0864770864562687,0.9620372765826901
7,14,Bogota,Guayaquil,2025,5,29,1.8459861229656611,1.549795241010575
7,14,Rio de Janeiro,Guayaquil,2025,5,29,1.9755663381439386,0.935578735446381
7,14,Asuncion,Guayaquil,2025,5,29,1.9100056725742254,-0.010149831147888966
7,14,Medellin,Guayaquil,2025,5,29,2.6725485009689898,0.8196415279867815
7,14,Sao Paulo,Guayaquil,2025,5,29,2.7109924550790137,0.43267148660000865
7,14,La Plata,Guayaquil,2025,5,29,1.9361122242874849,0.7364783859949914
7,14,Santiago,Guayaquil,2025,5,29,2.133298887464751,0.44718478906247644
7,14,Buenos Aires,Guayaquil,2025,5,29,1.6458053372457595,0.7527080935724448
7,14,Avellaneda,Guayaquil,2025,5,29,1.3278794831145015,0.5066468039081033
7,14,Quito,Guayaquil,2025,5,29,1.3070150519642763,1.176860716340464
7,14,La Boca,Guayaquil,2025,5,29,1.2435715938350145,0.7154400653268124
7,14,Porto Alegre,Guayaquil,2025,5,29,1.4235798195449152,0.5206148128460216
7,14,Montevideo,Guayaquil,2025,5,29,1.7013519248474362,-0.08713226790382621
7,14,Santos,Guayaquil,2025,5,29,2.7530607047543656,0.4824564647164868
7,14,Bogota,Agua Branca,2025,5,29,2.088743314352751,1.275245363099428
7,14,Rio de Janeiro,Agua Branca,2025,5,29,1.5623307873838268,0.7073263965936241
7,14,Asuncion,Agua Branca,2025,5,29,1.2988912002229012,0.25680204198017004
7,14,Medellin,Agua Branca,2025,5,29,0.9046660403637168,1.299138118693392
7,14,Sao Paulo,Agua Branca,2025,5,29,1.9356170955392833,0.8808866883555506
7,14,La Plata,Agua Branca,2025,5,29,1.639509958593615,0.6052503731239613
7,14,Santiago,Agua Branca,2025,5,29,1.7759562181447932,0.5791649779179653
7,14,Buenos Aires,Agua Branca,2025,5,29,1.2548957062778914,0.6410630092243395
7,14,Avellaneda,Agua Branca,2025,5,29,1.5467519002602212,0.5184141211782184
7,14,Quito,Agua Branca,2025,5,29,1.4318390899217128,0.583934271173814
7,14,La Boca,Agua Branca,2025,5,29,1.1494824317412153,1.2067227158773313
7,14,Porto Alegre,Agua Branca,2025,5,29,1.6790649839515845,0.5776075176457481
7,14,Montevideo,Agua Branca,2025,5,29,1.5737285957999712,0.14504505579792074
7,14,Santos,Agua Branca,2025,5,29,1.4860495527945772,0.7759926690549863
7,14,Rio de Janeiro,Bogota,2025,5,29,1.4170567377891967,1.3822227308155315
7,14,Asuncion,Bogota,2025,5,29,1.7555996828537628,0.026784372973397797
7,14,Medellin,Bogota,2025,5,29,2.183943020090713,0.5564921147689277
7,14,Sao Paulo,Bogota,2025,5,29,1.992697325610626,0.7190039250400433
7,14,La Plata,Bogota,2025,5,29,2.05573376958209,0.8652299415457706
7,14,Santiago,Bogota,2025,5,29,2.3516190688247756,0.6225842049930612
7,14,Buenos Aires,Bogota,2025,5,29,1.397380013695142,0.8777615258100844
7,14,Avellaneda,Bogota,2025,5,29,1.5045881084433805,0.35422076831692134
7,14,Quito,Bogota,2025,5,29,1.8950422306003685,1.1288106219146516
7,14,La Boca,Bogota,2025,5,29,1.8290080953201602,1.0264323892366751
7,14,Porto Alegre,Bogota,2025,5,29,1.9766682178147335,0.8256755353971482
7,14,Montevideo,Bogota,2025,5,29,1.5715963894045861,-0.022298810640359944
7,14,Santos,Bogota,2025,5,29,2.330433212293818,0.6865724440834118
7,14,Asuncion,Rio de Janeiro,2025,5,29,1.466870595929012,-0.07861286967670103
7,14,Medellin,Rio de Janeiro,2025,5,29,0.5074735243289161,0.15643843398652707
7,14,Sao Paulo,Rio de Janeiro,2025,5,29,1.8946161036536826,0.488424717845614
7,14,La Plata,Rio de Janeiro,2025,5,29,1.9060097550261357,0.4789187352273565
7,14,Santiago,Rio de Janeiro,2025,5,29,1.092037662450078,0.5040654998081426
7,14,Buenos Aires,Rio de Janeiro,2025,5,29,1.747420565157093,0.4576065280401788
7,14,Avellaneda,Rio de Janeiro,2025,5,29,2.014687065760891,0.10485917930090029
7,14,Quito,Rio de Janeiro,2025,5,29,2.311144253405869,0.7297351674817674
7,14,La Boca,Rio de Janeiro,2025,5,29,1.3907640728828117,0.3876705343973323
7,14,Porto Alegre,Rio de Janeiro,2025,5,29,1.6882510669508484,0.41196020892058044
7,14,Montevideo,Rio de Janeiro,2025,5,29,1.695166477443888,-0.10856772513784944
7,14,Santos,Rio de Janeiro,2025,5,29,1.326793228833397,0.3920918829188309
7,14,Medellin,Asuncion,2025,5,29,0.19463124302262366,1.6756603287804384
7,14,Sao Paulo,Asuncion,2025,5,29,1.7987798864952518,1.5114206276389055
7,14,La Plata,Asuncion,2025,5,29,1.6281861394281736,0.5259480254197229
7,14,Santiago,Asuncion,2025,5,29,0.41281781521215205,0.23748875393206365
7,14,Buenos Aires,Asuncion,2025,5,29,1.839858782392021,1.1253417363425076
7,14,Avellaneda,Asuncion,2025,5,29,2.8850583613833964,2.156720549672554
7,14,Quito,Asuncion,2025,5,29,1.0816273416259317,1.351973835155626
7,14,La Boca,Asuncion,2025,5,29,0.4369912507415511,1.7859121406538687
7,14,Porto Alegre,Asuncion,2025,5,29,1.588621495675869,1.357398698496181
7,14,Montevideo,Asuncion,2025,5,29,1.3778843867828356,1.6827077228954814
7,14,Santos,Asuncion,2025,5,29,0.4133229595878413,0.8972916543675515
7,14,Sao Paulo,Medellin,2025,5,29,1.827715499527331,0.5920089618051511
7,14,La Plata,Medellin,2025,5,29,1.5459240467151287,0.7668280473520412
7,14,Santiago,Medellin,2025,5,29,0.497985484375406,0.6455471736118354
7,14,Buenos Aires,Medellin,2025,5,29,1.9068919728435352,0.823626352078066
7,14,Avellaneda,Medellin,2025,5,29,2.3328761175895067,0.3307219853938642
7,14,Quito,Medellin,2025,5,29,0.588795316505063,0.8975325033581577
7,14,La Boca,Medellin,2025,5,29,0.13963656879496333,1.3650050464717083
7,14,Porto Alegre,Medellin,2025,5,29,1.9225711961320504,0.7899304649856831
7,14,Montevideo,Medellin,2025,5,29,1.8021828177537638,0.08950525386831813
7,14,Santos,Medellin,2025,5,29,0.25087354757165425,0.8210100826465069
7,14,La Plata,Sao Paulo,2025,5,29,0.8779954109354939,0.8577014562695289
7,14,Santiago,Sao Paulo,2025,5,29,0.4074219159279264,0.4063333883431168
7,14,Buenos Aires,Sao Paulo,2025,5,29,1.1648035971809014,1.1753269491835467
7,14,Avellaneda,Sao Paulo,2025,5,29,0.6401900422447694,1.4705812488568384
7,14,Quito,Sao Paulo,2025,5,29,0.4269287977516465,1.130396993939026
7,14,La Boca,Sao Paulo,2025,5,29,0.5267788256830788,0.36511639361805515
7,14,Porto Alegre,Sao Paulo,2025,5,29,0.9335474400711358,1.1443250757460603
7,14,Montevideo,Sao Paulo,2025,5,29,0.8213643007508772,0.48319024257741017
7,14,Santos,Sao Paulo,2025,5,29,0.36744668694481314,0.6736144907744824
7,14,Santiago,La Plata,2025,5,29,0.8827539576019167,0.46949004449526416
7,14,Buenos Aires,La Plata,2025,5,29,2.023468124840002,0.4637376247579299
7,14,Avellaneda,La Plata,2025,5,29,1.8680610957252122,0.1508069615784345
7,14,Quito,La Plata,2025,5,29,0.6767567723338348,0.42192429674912413
7,14,La Boca,La Plata,2025,5,29,0.37064408007549127,0.5146782198588135
7,14,Porto Alegre,La Plata,2025,5,29,1.520593296312409,0.3630065261907673
7,14,Montevideo,La Plata,2025,5,29,1.4854758534832444,-0.350227896800261
7,14,Santos,La Plata,2025,5,29,0.529595222532161,0.5403193015311903
7,14,Buenos Aires,Santiago,2025,5,29,1.5114174939114886,1.0591332125222903
7,14,Avellaneda,Santiago,2025,5,29,1.511050252433716,0.6383915519731485
7,14,Quito,Santiago,2025,5,29,1.2060885293629167,0.9222677635290784
7,14,La Boca,Santiago,2025,5,29,1.3139120759971645,0.8759056131444208
7,14,Porto Alegre,Santiago,2025,5,29,1.3439782011762549,1.4859070633151867
7,14,Montevideo,Santiago,2025,5,29,1.1263688628863662,0.3087912936364344
7,14,Santos,Santiago,2025,5,29,2.2112679017548365,0.6424577002716885
7,14,Avellaneda,Buenos Aires,2025,5,29,1.094835325488029,2.0347528699763346
7,14,Quito,Buenos Aires,2025,5,29,1.203551020667865,1.3217855611160956
7,14,La Boca,Buenos Aires,2025,5,29,1.1073552177224926,1.3829750723786558
7,14,Porto Alegre,Buenos Aires,2025,5,29,1.3083347551025686,1.4650312763469149
7,14,Montevideo,Buenos Aires,2025,5,29,0.7808343739043476,1.3675562427239314
7,14,Santos,Buenos Aires,2025,5,29,2.107268030251655,1.2366300400894612
7,14,Quito,Avellaneda,2025,5,29,0.7980437634868899,0.4758870576184478
7,14,La Boca,Avellaneda,2025,5,29,0.6512582699233729,0.8287087357989713
7,14,Porto Alegre,Avellaneda,2025,5,29,1.1291678996489023,1.0287203286308548
7,14,Montevideo,Avellaneda,2025,5,29,1.3557619608175495,0.4467872052053955
7,14,Santos,Avellaneda,2025,5,29,0.9836668253499061,0.13132245453530245
7,14,La Boca,Quito,2025,5,29,1.714175774154037,0.8426852098019915
7,14,Porto Alegre,Quito,2025,5,29,2.081117769864573,0.7920135219003598
7,14,Montevideo,Quito,2025,5,29,1.6991920085225205,0.058388449551887295
7,14,Santos,Quito,2025,5,29,2.7414860945875943,0.6850241354852774
7,14,Porto Alegre,La Boca,2025,5,29,1.9502649908065475,1.739764594077319
7,14,Montevideo,La Boca,2025,5,29,1.829653565803117,1.176067333717504
7,14,Santos,La Boca,2025,5,29,1.1372256874647066,0.7807804065878868
7,14,Montevideo,Porto Alegre,2025,5,29,1.4415920005949174,-0.17397574793694742
7,14,Santos,Porto Alegre,2025,5,29,0.802726681590076,0.45048604003664916
7,14,Santos,Montevideo,2025,5,29,0.7567421178098368,0.5616557865404075
7,17,Penarol,Itaquera,2025,5,29,0.8806402067654252,0.18657168596193202
7,17,Lima,Itaquera,2025,5,29,1.112135215562082,0.6654007188670196
7,17,Belo Horizonte,Itaquera,2025,5,29,0.9817864793317945,1.2698066250815256
7,17,Guayaquil,Itaquera,2025,5,29,0.8928408901583158,0.7383265349428595
7,17,Agua Branca,Itaquera,2025,5,29,1.0715774455081566,1.3042911106762998
7,17,Bogota,Itaquera,2025,5,29,0.7971731319099191,1.4059364970830928
7,17,Rio de Janeiro,Itaquera,2025,5,29,0.8985862235356477,0.5773611221231945
7,17,Asuncion,Itaquera,2025,5,29,0.4740051152154145,-0.11670851205580929
7,17,Medellin,Itaquera,2025,5,29,0.39836699102816014,0.8276610246032525
7,17,Sao Paulo,Itaquera,2025,5,29,0.7905864412537469,0.37296810583367657
7,17,La Plata,Itaquera,2025,5,29,0.9021586670705777,0.8294196743320329
7,17,Santiago,Itaquera,2025,5,29,0.8399051717134939,0.6528980998643139
7,17,Buenos Aires,Itaquera,2025,5,29,1.031974513773666,0.9468384415197122
7,17,Avellaneda,Itaquera,2025,5,29,0.8823586702628395,0.4075226226219024
7,17,Quito,Itaquera,2025,5,29,1.352733976143766,0.8987213162239421
7,17,La Boca,Itaquera,2025,5,29,0.5187785082637393,0.5828490484061143
7,17,Porto Alegre,Itaquera,2025,5,29,1.874199085195519,0.3586986211472898
7,17,Montevideo,Itaquera,2025,5,29,1.2446261294398093,-0.23700004959831608
7,17,Santos,Itaquera,2025,5,29,0.5784205202242042,0.7090739553501132
7,17,Lima,Penarol,2025,5,29,0.4226706046788951,0.44594204559441997
7,17,Belo Horizonte,Penarol,2025,5,29,0.9387472816524765,2.420654993113384
7,17,Guayaquil,Penarol,2025,5,29,0.7867851406487106,1.381347754830931
7,17,Agua Branca,Penarol,2025,5,29,0.64602349214525,1.6515192623961683
7,17,Bogota,Penarol,2025,5,29,1.3363219210805308,2.0920513117878596
7,17,Rio de Janeiro,Penarol,2025,5,29,1.3122046122721591,1.510381382879825
7,17,Asuncion,Penarol,2025,5,29,1.7469272757226457,0.9419847872984289
7,17,Medellin,Penarol,2025,5,29,0.012377418298550413,2.9872348722817574
7,17,Sao Paulo,Penarol,2025,5,29,1.4868625253544063,1.8483151958192787
7,17,La Plata,Penarol,2025,5,29,1.7589954645487131,0.7026977371289671
7,17,Santiago,Penarol,2025,5,29,1.816226699338083,0.7778078386952227
7,17,Buenos Aires,Penarol,2025,5,29,1.231926853407136,1.995533652636825
7,17,Avellaneda,Penarol,2025,5,29,1.0711578847404206,1.704831427842881
7,17,Quito,Penarol,2025,5,29,1.2309467891785304,1.5631553851418483
7,17,La Boca,Penarol,2025,5,29,0.9260622878655507,1.6363464953009332
7,17,Porto Alegre,Penarol,2025,5,29,1.2989879540680258,1.993443833865584
7,17,Montevideo,Penarol,2025,5,29,0.8855909226777732,1.305586551536571
7,17,Santos,Penarol,2025,5,29,1.3871642976080154,1.2072208801777533
7,17,Belo Horizonte,Lima,2025,5,29,0.10765904815803753,1.3692190029601967
7,17,Guayaquil,Lima,2025,5,29,0.6949561291608626,1.1823289493686295
7,17,Agua Branca,Lima,2025,5,29,0.16908455068678338,0.6763719914436533
7,17,Bogota,Lima,2025,5,29,0.5824539423357535,1.8232119763146144
7,17,Rio de Janeiro,Lima,2025,5,29,0.010782902980903819,1.0378363567906206
7,17,Asuncion,Lima,2025,5,29,0.08803245316697753,0.29336668291127505
7,17,Medellin,Lima,2025,5,29,0.010486648278815914,1.5899426810633746
7,17,Sao Paulo,Lima,2025,5,29,0.6033886820465012,0.9404944367122571
7,17,La Plata,Lima,2025,5,29,0.6159017116579689,0.7283682611640625
7,17,Santiago,Lima,2025,5,29,0.18939699839196192,0.953229207374936
7,17,Buenos Aires,Lima,2025,5,29,0.746852149597197,1.2324396139422027
7,17,Avellaneda,Lima,2025,5,29,0.4402811711173298,0.25921976887199605
7,17,Quito,Lima,2025,5,29,0.12943110705723135,0.8859962015212391
7,17,La Boca,Lima,2025,5,29,-0.025245738119507612,1.0879362958872247
7,17,Porto Alegre,Lima,2025,5,29,0.8160412308524237,1.6718721010200064
7,17,Montevideo,Lima,2025,5,29,0.8214305749977258,0.3466723106715643
7,17,Santos,Lima,2025,5,29,0.10676154664313875,0.9442386639282996
7,17,Guayaquil,Belo Horizonte,2025,5,29,0.18653809732131338,0.5748202621277907
7,17,Agua Branca,Belo Horizonte,2025,5,29,1.2812490864991428,1.2300196475914367
7,17,Bogota,Belo Horizonte,2025,5,29,0.8988198313408935,1.8583828459124714
7,17,Rio de Janeiro,Belo Horizonte,2025,5,29,1.5210890536230455,1.5187014883494938
7,17,Asuncion,Belo Horizonte,2025,5,29,0.8977295713243617,0.6963367204207248
7,17,Medellin,Belo Horizonte,2025,5,29,0.592498769923126,2.1915864898560695
7,17,Sao Paulo,Belo Horizonte,2025,5,29,1.7227314798218745,1.710475813715245
7,17,La Plata,Belo Horizonte,2025,5,29,0.6903675508727228,0.3714571935111811
7,17,Santiago,Belo Horizonte,2025,5,29,0.9185797877352608,0.5314218790574068
7,17,Buenos Aires,Belo Horizonte,2025,5,29,1.089831736516265,1.3046392148159123
7,17,Avellaneda,Belo Horizonte,2025,5,29,0.8962527816213166,1.9702229973034846
7,17,Quito,Belo Horizonte,2025,5,29,1.0208648149563524,1.2949395025439174
7,17,La Boca,Belo Horizonte,2025,5,29,0.5938931414335652,1.9414001515911226
7,17,Porto Alegre,Belo Horizonte,2025,5,29,1.1219390310896284,1.7190759865494123
7,17,Montevideo,Belo Horizonte,2025,5,29,1.479905267565386,1.772081548143342
7,17,Santos,Belo Horizonte,2025,5,29,0.7742806217610013,0.7762904958605112
7,17,Agua Branca,Guayaquil,2025,5,29,2.1170444910587896,1.1659800774506637
7,17,Bogota,Guayaquil,2025,5,29,0.8658466392667485,1.7864621543324575
7,17,Rio de Janeiro,Guayaquil,2025,5,29,1.8223533402319665,1.0495194864846749
7,17,Asuncion,Guayaquil,2025,5,29,1.4361579970478329,0.08462533455099751
7,17,Medellin,Guayaquil,2025,5,29,1.7884572251829693,1.0572411212782833
7,17,Sao Paulo,Guayaquil,2025,5,29,1.9930927913769492,0.6544509738674726
7,17,La Plata,Guayaquil,2025,5,29,1.6039153924518683,0.8632480779807817
7,17,Santiago,Guayaquil,2025,5,29,1.5711404711648351,0.6859774459898315
7,17,Buenos Aires,Guayaquil,2025,5,29,1.614373320807636,0.9582031745313251
7,17,Avellaneda,Guayaquil,2025,5,29,1.1959289459009281,0.6605762517418023
7,17,Quito,Guayaquil,2025,5,29,1.325186697165575,1.3880631343642749
7,17,La Boca,Guayaquil,2025,5,29,0.9615283711509476,0.7828039270310795
7,17,Porto Alegre,Guayaquil,2025,5,29,1.3642286839123952,0.7141399818470285
7,17,Montevideo,Guayaquil,2025,5,29,1.350215171590359,-0.0684459011162
7,17,Santos,Guayaquil,2025,5,29,1.9172537464983077,0.6232548935296882
7,17,Bogota,Agua Branca,2025,5,29,1.7720203496784745,1.4527016419658703
7,17,Rio de Janeiro,Agua Branca,2025,5,29,1.444647284774735,0.7613519225141379
7,17,Asuncion,Agua Branca,2025,5,29,1.7153793034633265,0.3439266994686779
7,17,Medellin,Agua Branca,2025,5,29,0.8053667539704413,1.7543505194680578
7,17,Sao Paulo,Agua Branca,2025,5,29,1.6446043604161988,1.26380221439606
7,17,La Plata,Agua Branca,2025,5,29,1.5831467413945162,0.6458572627763872
7,17,Santiago,Agua Branca,2025,5,29,1.609970943394173,0.9816001632589243
7,17,Buenos Aires,Agua Branca,2025,5,29,1.2514881290985607,0.8041579427765865
7,17,Avellaneda,Agua Branca,2025,5,29,2.045425039134397,0.5895973076639685
7,17,Quito,Agua Branca,2025,5,29,1.364887508476232,0.6733463632362126
7,17,La Boca,Agua Branca,2025,5,29,1.4744759772558031,1.3023219635588004
7,17,Porto Alegre,Agua Branca,2025,5,29,1.6627262705602461,0.9847757554195234
7,17,Montevideo,Agua Branca,2025,5,29,1.483593727934828,0.16036853939431245
7,17,Santos,Agua Branca,2025,5,29,1.114277948293171,1.1352528141820108
7,17,Rio de Janeiro,Bogota,2025,5,29,1.623681254189849,1.6098072997594737
7,17,Asuncion,Bogota,2025,5,29,2.0684578825441466,0.11555665333990515
7,17,Medellin,Bogota,2025,5,29,1.7553482082983674,0.9309508720544264
7,17,Sao Paulo,Bogota,2025,5,29,1.7767875395858939,1.0865840082900817
7,17,La Plata,Bogota,2025,5,29,2.0353127039613597,0.994250957182733
7,17,Santiago,Bogota,2025,5,29,2.3017200293004154,0.8577070149268473
7,17,Buenos Aires,Bogota,2025,5,29,1.5101249129167433,1.1961212376454242
7,17,Avellaneda,Bogota,2025,5,29,1.9175224729752627,0.6385947974573211
7,17,Quito,Bogota,2025,5,29,1.951353061161877,1.2972179744080885
7,17,La Boca,Bogota,2025,5,29,2.060160514040882,1.1384607654582373
7,17,Porto Alegre,Bogota,2025,5,29,1.9795290963116166,1.1441460522183233
7,17,Montevideo,Bogota,2025,5,29,1.3208523836966102,0.010218643068882548
7,17,Santos,Bogota,2025,5,29,1.926822064108776,0.8291613524007518
7,17,Asuncion,Rio de Janeiro,2025,5,29,1.3190102870693012,0.16111593457760315
7,17,Medellin,Rio de Janeiro,2025,5,29,0.43643533428589787,0.35117754262125933
7,17,Sao Paulo,Rio de Janeiro,2025,5,29,1.931957573516552,0.8069138955976877
7,17,La Plata,Rio de Janeiro,2025,5,29,1.8607071523738614,0.5470276182615679
7,17,Santiago,Rio de Janeiro,2025,5,29,1.1512815309366755,0.8652996068178018
7,17,Buenos Aires,Rio de Janeiro,2025,5,29,1.8845510791855085,0.6200360702617269
7,17,Avellaneda,Rio de Janeiro,2025,5,29,1.9134180129884804,0.3652559446424677
7,17,Quito,Rio de Janeiro,2025,5,29,2.2360656015654077,0.8444008607493011
7,17,La Boca,Rio de Janeiro,2025,5,29,1.20341361738702,0.4468327967957493
7,17,Porto Alegre,Rio de Janeiro,2025,5,29,1.573754108028873,0.7418522610697492
7,17,Montevideo,Rio de Janeiro,2025,5,29,1.5355907637258484,0.08573667972328022
7,17,Santos,Rio de Janeiro,2025,5,29,1.4013440762864906,0.48460312239855624
7,17,Medellin,Asuncion,2025,5,29,0.17762612228854807,2.0603771923640455
7,17,Sao Paulo,Asuncion,2025,5,29,1.8328650391869168,1.7935787436690993
7,17,La Plata,Asuncion,2025,5,29,1.653489041608495,0.5417720887309037
7,17,Santiago,Asuncion,2025,5,29,0.4180922743745378,0.30013647312793834
7,17,Buenos Aires,Asuncion,2025,5,29,1.9716398064137106,1.4827906752661326
7,17,Avellaneda,Asuncion,2025,5,29,2.78627612309938,2.4344978854054244
7,17,Quito,Asuncion,2025,5,29,0.9842331226022185,1.523125110436338
7,17,La Boca,Asuncion,2025,5,29,0.4369912507415511,1.906477786440115
7,17,Porto Alegre,Asuncion,2025,5,29,1.4799751701546393,1.5792649295706265
7,17,Montevideo,Asuncion,2025,5,29,1.2829815124756396,1.7655844909569283
7,17,Santos,Asuncion,2025,5,29,0.5529402881046515,0.9703666930167203
7,17,Sao Paulo,Medellin,2025,5,29,1.7283414475053234,0.9937120148002042
7,17,La Plata,Medellin,2025,5,29,1.4465300899272748,0.8587588678930684
7,17,Santiago,Medellin,2025,5,29,0.46667593229791726,1.0726120019298007
7,17,Buenos Aires,Medellin,2025,5,29,1.9040410094082563,1.0144625237026264
7,17,Avellaneda,Medellin,2025,5,29,2.2361102667782498,0.439857004164276
7,17,Quito,Medellin,2025,5,29,0.4844771282122551,1.0154775621517222
7,17,La Boca,Medellin,2025,5,29,0.13408355435428201,1.4573710506840285
7,17,Porto Alegre,Medellin,2025,5,29,1.7906460595914433,1.2065666768220626
7,17,Montevideo,Medellin,2025,5,29,1.6752909664965618,0.1037039610205941
7,17,Santos,Medellin,2025,5,29,0.2480225841363755,1.2224271873235844
7,17,La Plata,Sao Paulo,2025,5,29,1.0024688407038673,0.9714312087832093
7,17,Santiago,Sao Paulo,2025,5,29,0.3861712635683816,0.5673608111401519
7,17,Buenos Aires,Sao Paulo,2025,5,29,1.321628901807839,1.537900482612077
7,17,Avellaneda,Sao Paulo,2025,5,29,0.6599904333711146,1.722362095060793
7,17,Quito,Sao Paulo,2025,5,29,0.425448789144781,1.3604911391774104
7,17,La Boca,Sao Paulo,2025,5,29,0.5464736162816012,0.4297467820278339
7,17,Porto Alegre,Sao Paulo,2025,5,29,0.8996397034515493,1.351549676135108
7,17,Montevideo,Sao Paulo,2025,5,29,0.7925190885236241,0.543867931717821
7,17,Santos,Sao Paulo,2025,5,29,0.5111752414888964,0.7256313329920534
7,17,Santiago,La Plata,2025,5,29,0.7953834370038045,0.7814495603128808
7,17,Buenos Aires,La Plata,2025,5,29,2.1278186027890302,0.5791068885220575
7,17,Avellaneda,La Plata,2025,5,29,1.7490427733016503,0.21921693074147494
7,17,Quito,La Plata,2025,5,29,0.5220118839240956,0.49519160666594836
7,17,La Boca,La Plata,2025,5,29,0.33245195925380644,0.5266905171855684
7,17,Porto Alegre,La Plata,2025,5,29,1.38888753897049,0.7104337434347148
7,17,Montevideo,La Plata,2025,5,29,1.3372829888826714,-0.35048650845344625
7,17,Santos,La Plata,2025,5,29,0.6554632543262993,0.859214281679767
7,17,Buenos Aires,Santiago,2025,5,29,1.551948201151938,1.2487979845878447
7,17,Avellaneda,Santiago,2025,5,29,1.962872299957733,0.6595837026625729
7,17,Quito,Santiago,2025,5,29,1.3645238677030498,1.0478646529692859
7,17,La Boca,Santiago,2025,5,29,1.6151557761771596,0.8997199475798635
7,17,Porto Alegre,Santiago,2025,5,29,1.3273883167550646,1.6187422470263102
7,17,Montevideo,Santiago,2025,5,29,1.0757083008817006,0.2723188046785432
7,17,Santos,Santiago,2025,5,29,1.5359033898759673,0.7513105066583466
7,17,Avellaneda,Buenos Aires,2025,5,29,1.2475569499850276,2.122365819685537
7,17,Quito,Buenos Aires,2025,5,29,1.3614297452639461,1.4773979482820125
7,17,La Boca,Buenos Aires,2025,5,29,1.0366598597365853,1.4587539451180944
7,17,Porto Alegre,Buenos Aires,2025,5,29,1.2635813086895267,1.5052591938961846
7,17,Montevideo,Buenos Aires,2025,5,29,0.7129397154817517,1.445624511343528
7,17,Santos,Buenos Aires,2025,5,29,1.5456320970255046,1.2954530013542154
7,17,Quito,Avellaneda,2025,5,29,0.6916591998142586,0.6711240512570855
7,17,La Boca,Avellaneda,2025,5,29,0.4583547999869001,1.0077743243226411
7,17,Porto Alegre,Avellaneda,2025,5,29,1.0938550610499176,1.3496154149288173
7,17,Montevideo,Avellaneda,2025,5,29,1.0880217071456622,0.5671305174240995
7,17,Santos,Avellaneda,2025,5,29,0.8576186688033096,0.2200274543420074
7,17,La Boca,Quito,2025,5,29,1.9662850183056049,0.9006044331336531
7,17,Porto Alegre,Quito,2025,5,29,2.087598185681858,1.4847625261032285
7,17,Montevideo,Quito,2025,5,29,1.5355968702211376,0.24825115048497484
7,17,Santos,Quito,2025,5,29,2.062106605082223,1.016640135873679
7,17,Porto Alegre,La Boca,2025,5,29,1.8320290888455215,1.9853604647002514
7,17,Montevideo,La Boca,2025,5,29,1.6711596888109472,1.1561936015332817
7,17,Santos,La Boca,2025,5,29,1.0810023167776397,0.8931563846433516
7,17,Montevideo,Porto Alegre,2025,5,29,1.273761678616444,-0.06917703363944416
7,17,Santos,Porto Alegre,2025,5,29,0.9023730006901354,0.5686825913004087
7,17,Santos,Montevideo,2025,5,29,0.7685409726333887,0.9654713901304972
7,20,Penarol,Itaquera,2025,5,29,0.9037042173669788,0.17835224109479642
7,20,Lima,Itaquera,2025,5,29,1.1074160846543422,0.6269775719562092
7,20,Belo Horizonte,Itaquera,2025,5,29,0.9801638786183674,1.1406683788973273
7,20,Guayaquil,Itaquera,2025,5,29,0.9042099670959035,0.6566388872736357
7,20,Agua Branca,Itaquera,2025,5,29,1.095160370087308,1.3793516611736418
7,20,Bogota,Itaquera,2025,5,29,0.8087512279918073,1.2933649376341652
7,20,Rio de Janeiro,Itaquera,2025,5,29,0.90814789131741,0.33142254379986785
7,20,Asuncion,Itaquera,2025,5,29,0.49828693254702106,-0.11913739373332667
7,20,Medellin,Itaquera,2025,5,29,0.4348019246782465,0.7657610848453509
7,20,Sao Paulo,Itaquera,2025,5,29,0.7970515788411964,0.3169997058085917
7,20,La Plata,Itaquera,2025,5,29,0.9171349393712547,0.8012025344542799
7,20,Santiago,Itaquera,2025,5,29,0.8621705607449743,0.7177348637710186
7,20,Buenos Aires,Itaquera,2025,5,29,1.0280540044359991,0.9086378218227934
7,20,Avellaneda,Itaquera,2025,5,29,0.9043108880165657,0.39248175686485515
7,20,Quito,Itaquera,2025,5,29,1.3630942654956015,0.9699533530667843
7,20,La Boca,Itaquera,2025,5,29,0.5573411242848478,0.3790635401532556
7,20,Porto Alegre,Itaquera,2025,5,29,1.8718955930600987,0.13280467075081645
7,20,Montevideo,Itaquera,2025,5,29,1.2707866702356758,-0.236223349107957
7,20,Santos,Itaquera,2025,5,29,0.575768340364403,0.6714959718087729
7,20,Lima,Penarol,2025,5,29,0.36490891733298614,0.4151714003009798
7,20,Belo Horizonte,Penarol,2025,5,29,0.889782189230667,1.6390211725346004
7,20,Guayaquil,Penarol,2025,5,29,0.6320076413464598,0.7913161383937887
7,20,Agua Branca,Penarol,2025,5,29,0.7308254034274406,1.083133557464866
7,20,Bogota,Penarol,2025,5,29,1.282931326017319,1.5051471968677645
7,20,Rio de Janeiro,Penarol,2025,5,29,1.2898199698610067,0.9801448016614407
7,20,Asuncion,Penarol,2025,5,29,1.7100055038904796,0.8901505800589463
7,20,Medellin,Penarol,2025,5,29,0.13812556319785074,2.005515209732521
7,20,Sao Paulo,Penarol,2025,5,29,1.5811085484177176,1.0189463630331066
7,20,La Plata,Penarol,2025,5,29,1.7346485680226706,0.5296583004770065
7,20,Santiago,Penarol,2025,5,29,1.6924736419694815,0.595984940836852
7,20,Buenos Aires,Penarol,2025,5,29,1.3085091180526893,1.314104406816127
7,20,Avellaneda,Penarol,2025,5,29,1.0124509126176446,0.7279076655043455
7,20,Quito,Penarol,2025,5,29,1.1550472298037677,0.9356657011673778
7,20,La Boca,Penarol,2025,5,29,0.897569301359634,1.175831925756058
7,20,Porto Alegre,Penarol,2025,5,29,1.1689516408945646,1.4274657022061497
7,20,Montevideo,Penarol,2025,5,29,0.8980288213803873,0.7663589798482784
7,20,Santos,Penarol,2025,5,29,1.4257474330588993,1.0293271244340099
7,20,Belo Horizonte,Lima,2025,5,29,0.13866787152325397,1.2436797269306874
7,20,Guayaquil,Lima,2025,5,29,0.7299871406218256,0.9905079662994456
7,20,Agua Branca,Lima,2025,5,29,0.18026881918197277,0.5650589304769
7,20,Bogota,Lima,2025,5,29,0.6124939178776795,1.7998126936788508
7,20,Rio de Janeiro,Lima,2025,5,29,0.025063701670406075,0.9992431533351968
7,20,Asuncion,Lima,2025,5,29,0.10367795780632175,0.2646292900393465
7,20,Medellin,Lima,2025,5,29,0.028903307277144227,1.337452492746469
7,20,Sao Paulo,Lima,2025,5,29,0.6145729505416907,0.8211823428011888
7,20,La Plata,Lima,2025,5,29,0.6356125943149165,0.7082636423590526
7,20,Santiago,Lima,2025,5,29,0.2005812668871513,0.9086541420953077
7,20,Buenos Aires,Lima,2025,5,29,0.746852149597197,1.1158406935437015
7,20,Avellaneda,Lima,2025,5,29,0.46807979207515393,0.004185883196509789
7,20,Quito,Lima,2025,5,29,0.17162419891763722,0.7704995071537178
7,20,La Boca,Lima,2025,5,29,0.015978505917607837,1.0659704355648443
7,20,Porto Alegre,Lima,2025,5,29,0.8406511224269045,1.6281521078231225
7,20,Montevideo,Lima,2025,5,29,0.8357113736872281,0.2684580063681578
7,20,Santos,Lima,2025,5,29,0.14895463850354446,0.8071715091506918
7,20,Guayaquil,Belo Horizonte,2025,5,29,0.17822367967464475,0.12276360057888591
7,20,Agua Branca,Belo Horizonte,2025,5,29,1.3312694523718736,0.8926181267391425
7,20,Bogota,Belo Horizonte,2025,5,29,0.9454763875071501,1.3206680289248471
7,20,Rio de Janeiro,Belo Horizonte,2025,5,29,1.5976713182685989,0.9909752312441971
7,20,Asuncion,Belo Horizonte,2025,5,29,0.9918112461676142,0.6406082831043438
7,20,Medellin,Belo Horizonte,2025,5,29,0.6763134250718184,1.4300990453315563
7,20,Sao Paulo,Belo Horizonte,2025,5,29,1.7993137444674279,1.0955748140806025
7,20,La Plata,Belo Horizonte,2025,5,29,0.8088765406391741,0.3474333215355422
7,20,Santiago,Belo Horizonte,2025,5,29,0.9129805258956409,0.5069302485828467
7,20,Buenos Aires,Belo Horizonte,2025,5,29,1.1664140011618187,0.9034950794374854
7,20,Avellaneda,Belo Horizonte,2025,5,29,0.9591421436754173,1.1850689639387957
7,20,Quito,Belo Horizonte,2025,5,29,1.048777108127256,0.854431755967511
7,20,La Boca,Belo Horizonte,2025,5,29,0.6208365867811781,1.5584735248595845
7,20,Porto Alegre,Belo Horizonte,2025,5,29,1.132268123974607,1.1813818712972879
7,20,Montevideo,Belo Horizonte,2025,5,29,1.5299256334381168,1.258707344587896
7,20,Santos,Belo Horizonte,2025,5,29,0.8522132808046358,0.6459786814525033
7,20,Agua Branca,Guayaquil,2025,5,29,2.1144223208915025,1.2403428556436993
7,20,Bogota,Guayaquil,2025,5,29,0.965043344440478,1.7213368701560183
7,20,Rio de Janeiro,Guayaquil,2025,5,29,1.7931141060802065,0.8455285341532086
7,20,Asuncion,Guayaquil,2025,5,29,1.492036728305267,0.07816226355793073
7,20,Medellin,Guayaquil,2025,5,29,1.8252489628594395,0.9587940860746053
7,20,Sao Paulo,Guayaquil,2025,5,29,2.0157149844348137,0.5988015469135181
7,20,La Plata,Guayaquil,2025,5,29,1.609271889561169,0.8345772455338065
7,20,Santiago,Guayaquil,2025,5,29,1.544550456540452,0.7560592346341449
7,20,Buenos Aires,Guayaquil,2025,5,29,1.6362160886727188,0.9308496495507699
7,20,Avellaneda,Guayaquil,2025,5,29,1.2659458393727754,0.6373586132591023
7,20,Quito,Guayaquil,2025,5,29,1.3401520551621988,1.4513140631561745
7,20,La Boca,Guayaquil,2025,5,29,1.0015462047863382,0.6536075848922552
7,20,Porto Alegre,Guayaquil,2025,5,29,1.314114329505896,0.5322874812987596
7,20,Montevideo,Guayaquil,2025,5,29,1.3054599985638629,-0.06766920062584093
7,20,Santos,Guayaquil,2025,5,29,1.9257582039503502,0.5858900499284878
7,20,Bogota,Agua Branca,2025,5,29,1.7129132789004167,1.2523109137605997
7,20,Rio de Janeiro,Agua Branca,2025,5,29,1.3586766638579164,0.4911822690552311
7,20,Asuncion,Agua Branca,2025,5,29,1.6656325780442744,0.31643508572035073
7,20,Medellin,Agua Branca,2025,5,29,0.8267574058854104,1.4885928522007386
7,20,Sao Paulo,Agua Branca,2025,5,29,1.7579898147063469,1.0639167156099265
7,20,La Plata,Agua Branca,2025,5,29,1.5307382748215175,0.5934090477630539
7,20,Santiago,Agua Branca,2025,5,29,1.5203191139720462,0.9589414004799676
7,20,Buenos Aires,Agua Branca,2025,5,29,1.2522867506686337,0.6509373020883301
7,20,Avellaneda,Agua Branca,2025,5,29,1.80757889780033,0.4090630832300909
7,20,Quito,Agua Branca,2025,5,29,1.4037299864864181,0.6347726883551753
7,20,La Boca,Agua Branca,2025,5,29,1.505025810958155,1.0503589442295214
7,20,Porto Alegre,Agua Branca,2025,5,29,1.5497730183975569,0.7615879146838774
7,20,Montevideo,Agua Branca,2025,5,29,1.4413526949904163,0.04113543471906171
7,20,Santos,Agua Branca,2025,5,29,1.1404984429965352,1.0741105880144535
7,20,Rio de Janeiro,Bogota,2025,5,29,1.5422667503103384,1.328003199170754
7,20,Asuncion,Bogota,2025,5,29,2.0528013770155824,0.10612560279671318
7,20,Medellin,Bogota,2025,5,29,1.7789666372262731,0.5942392324236996
7,20,Sao Paulo,Bogota,2025,5,29,1.7601422739712227,0.8334798245243221
7,20,La Plata,Bogota,2025,5,29,1.9857359177533844,0.9256041423231501
7,20,Santiago,Bogota,2025,5,29,2.1746593797159677,0.8720374100207064
7,20,Buenos Aires,Bogota,2025,5,29,1.5054057820090034,1.004862227376222
7,20,Avellaneda,Bogota,2025,5,29,1.9030737038628536,0.47743349434224547
7,20,Quito,Bogota,2025,5,29,1.8611999442310858,1.3129297078306208
7,20,La Boca,Bogota,2025,5,29,2.0149736376875875,1.0069554141547539
7,20,Porto Alegre,Bogota,2025,5,29,1.908574136743987,0.8834483677408379
7,20,Montevideo,Bogota,2025,5,29,1.3152530779800256,-0.033789073297518096
7,20,Santos,Bogota,2025,5,29,1.907682844797956,0.7223720377130666
7,20,Asuncion,Rio de Janeiro,2025,5,29,1.4460235511289241,0.14107836555467781
7,20,Medellin,Rio de Janeiro,2025,5,29,0.49898980456390335,0.29811716550569006
7,20,Sao Paulo,Rio de Janeiro,2025,5,29,2.0202715450699986,0.7370474740876217
7,20,La Plata,Rio de Janeiro,2025,5,29,1.9528576816833674,0.5064519779309643
7,20,Santiago,Rio de Janeiro,2025,5,29,1.1847912257903672,0.9260051471095057
7,20,Buenos Aires,Rio de Janeiro,2025,5,29,1.8845510791855085,0.5839054964099143
7,20,Avellaneda,Rio de Janeiro,2025,5,29,1.8261358036387663,0.3333400143416183
7,20,Quito,Rio de Janeiro,2025,5,29,2.3374109259018616,0.9013162027287214
7,20,La Boca,Rio de Janeiro,2025,5,29,1.3415921528958978,0.23891606492788947
7,20,Porto Alegre,Rio de Janeiro,2025,5,29,1.5792305074196789,0.5305915385062006
7,20,Montevideo,Rio de Janeiro,2025,5,29,1.569860886726387,0.07280897115470007
7,20,Santos,Rio de Janeiro,2025,5,29,1.4060410504845149,0.4447722330374126
7,20,Medellin,Asuncion,2025,5,29,0.18870724282483914,1.3048925181955133
7,20,Sao Paulo,Asuncion,2025,5,29,1.9205636336742784,1.1582991064589065
7,20,La Plata,Asuncion,2025,5,29,1.7448155917746473,0.4977183688655608
7,20,Santiago,Asuncion,2025,5,29,0.42917339491082873,0.2749199871652351
7,20,Buenos Aires,Asuncion,2025,5,29,1.9653811199761704,0.9648669803941923
7,20,Avellaneda,Asuncion,2025,5,29,2.6547529545110904,1.5161666549725585
7,20,Quito,Asuncion,2025,5,29,1.0597594213243393,0.9713526658922063
7,20,La Boca,Asuncion,2025,5,29,0.5459248039671294,1.5223538068684812
7,20,Porto Alegre,Asuncion,2025,5,29,1.4791511910112853,1.0734144131565009
7,20,Montevideo,Asuncion,2025,5,29,1.2979577847763166,1.252485032168716
7,20,Santos,Asuncion,2025,5,29,0.5521163089612975,0.7292153423051152
7,20,Sao Paulo,Medellin,2025,5,29,1.8327228665883957,0.9201123051002132
7,20,La Plata,Medellin,2025,5,29,1.5329431515883294,0.803767391433551
7,20,Santiago,Medellin,2025,5,29,0.4843853757075779,1.1433060763785976
7,20,Buenos Aires,Medellin,2025,5,29,1.9017028323083829,0.9876768599972972
7,20,Avellaneda,Medellin,2025,5,29,2.1378842752483074,0.41948503427400685
7,20,Quito,Medellin,2025,5,29,0.5998975739912392,1.0860308371776153
7,20,La Boca,Medellin,2025,5,29,0.2604156020250043,1.3020126577679216
7,20,Porto Alegre,Medellin,2025,5,29,1.812912452411809,1.0614631619997303
7,20,Montevideo,Medellin,2025,5,29,1.6799236663246961,0.10193740006476905
7,20,Santos,Medellin,2025,5,29,0.29364432071693974,1.1661757740961616
7,20,La Plata,Sao Paulo,2025,5,29,1.0143640622587617,0.8126004051002219
7,20,Santiago,Sao Paulo,2025,5,29,0.3879773075751129,0.4213792679306924
7,20,Buenos Aires,Sao Paulo,2025,5,29,1.3169097709000992,0.9609943354402724
7,20,Avellaneda,Sao Paulo,2025,5,29,0.6718856549260093,0.8552336226943296
7,20,Quito,Sao Paulo,2025,5,29,0.44386918561414695,0.8459125870640029
7,20,La Boca,Sao Paulo,2025,5,29,0.558368837836496,0.009412228209910597
7,20,Porto Alegre,Sao Paulo,2025,5,29,0.8884332782466439,0.7814513362659387
7,20,Montevideo,Sao Paulo,2025,5,29,0.7877999576158841,0.12177671379362671
7,20,Santos,Sao Paulo,2025,5,29,0.5165831687466257,0.5940821033176347
7,20,Santiago,La Plata,2025,5,29,0.8422976876055893,0.7167440510270847
7,20,Buenos Aires,La Plata,2025,5,29,2.149661370654113,0.5303962574486851
7,20,Avellaneda,La Plata,2025,5,29,1.7895968543698202,0.2008394984204075
7,20,Quito,La Plata,2025,5,29,0.5483015763815721,0.43849844184129894
7,20,La Boca,La Plata,2025,5,29,0.3577728038879926,0.3581304784386191
7,20,Porto Alegre,La Plata,2025,5,29,1.3866785226708576,0.5080541904562093
7,20,Montevideo,La Plata,2025,5,29,1.3356603881692444,-0.3581490552453091
7,20,Santos,La Plata,2025,5,29,0.6687404775721392,0.7812066231565962
7,20,Buenos Aires,Santiago,2025,5,29,1.5761719228248874,0.9462922765337143
7,20,Avellaneda,Santiago,2025,5,29,1.9612337336377594,0.2277184901296527
7,20,Quito,Santiago,2025,5,29,1.3264385869120583,0.7172719965998515
7,20,La Boca,Santiago,2025,5,29,1.6037536778503607,0.6542020064266373
7,20,Porto Alegre,Santiago,2025,5,29,1.2994255388373879,1.3561680329012342
7,20,Montevideo,Santiago,2025,5,29,1.1314519078344754,0.03029602332459713
7,20,Santos,Santiago,2025,5,29,1.5680073041882099,0.7192913868314976
7,20,Avellaneda,Buenos Aires,2025,5,29,1.1751465703928552,1.4563967940644882
7,20,Quito,Buenos Aires,2025,5,29,1.324277056478529,1.0783562911011904
7,20,La Boca,Buenos Aires,2025,5,29,0.9985383231278779,1.2628112368688413
7,20,Porto Alegre,Buenos Aires,2025,5,29,1.2088454196181844,1.2812864158293185
7,20,Montevideo,Buenos Aires,2025,5,29,0.7272205141712541,1.1273966353268379
7,20,Santos,Buenos Aires,2025,5,29,1.5859542064046397,1.1363231358919204
7,20,Quito,Avellaneda,2025,5,29,0.6357889968237531,0.5173208710337789
7,20,La Boca,Avellaneda,2025,5,29,0.4467747825200142,0.7169819259663127
7,20,Porto Alegre,Avellaneda,2025,5,29,1.0431599199751898,0.9331128598513372
7,20,Montevideo,Avellaneda,2025,5,29,1.1372783326071918,0.2983098558369308
7,20,Santos,Avellaneda,2025,5,29,0.8662107947657197,0.17965216215693924
7,20,La Boca,Quito,2025,5,29,1.9352485515494402,0.7848659043829717
7,20,Porto Alegre,Quito,2025,5,29,1.9595165128857928,1.223740663151748
7,20,Montevideo,Quito,2025,5,29,1.5012865789760879,0.15767834572871794
7,20,Santos,Quito,2025,5,29,2.0355645968275193,0.9889934677150759
7,20,Porto Alegre,La Boca,2025,5,29,1.8239191938349293,1.4192850391987486
7,20,Montevideo,La Boca,2025,5,29,1.6853373395415512,0.7765336122023836
7,20,Santos,La Boca,2025,5,29,1.0728924217670477,0.6267995624291121
7,20,Montevideo,Porto Alegre,2025,5,29,1.2690425477087042,-0.06840033314908509
7,20,Santos,Porto Alegre,2025,5,29,0.9125536937416623,0.5051255180781808
7,20,Santos,Montevideo,2025,5,29,0.7764481492388051,0.9090530952682375
7,23,Penarol,Itaquera,2025,5,29,0.9644208322931672,0.3070783002317474
7,23,Lima,Itaquera,2025,5,29,1.1534431304193284,0.7186487964231523
7,23,Belo Horizonte,Itaquera,2025,5,29,0.9901657335141764,1.1780363765996864
7,23,Guayaquil,Itaquera,2025,5,29,0.9209813954304166,0.7623552152551278
7,23,Agua Branca,Itaquera,2025,5,29,1.2011693248311648,1.5187167432721396
7,23,Bogota,Itaquera,2025,5,29,0.9009652900242844,1.3132275056372795
7,23,Rio de Janeiro,Itaquera,2025,5,29,0.9237740264150601,0.47721170177342265
7,23,Asuncion,Itaquera,2025,5,29,0.5203797789616652,-0.03646232240303561
7,23,Medellin,Itaquera,2025,5,29,0.44893154833981747,0.7630404795446891
7,23,Sao Paulo,Itaquera,2025,5,29,0.8748134561467599,0.38300541991196546
7,23,La Plata,Itaquera,2025,5,29,0.9340985391123671,0.9076628958194696
7,23,Santiago,Itaquera,2025,5,29,0.9005825357479839,0.7496695362151962
7,23,Buenos Aires,Itaquera,2025,5,29,1.1121065995748798,0.9961528435136232
7,23,Avellaneda,Itaquera,2025,5,29,0.9786955957031065,0.5090037611340401
7,23,Quito,Itaquera,2025,5,29,1.4803661421399474,1.0401209148637933
7,23,La Boca,Itaquera,2025,5,29,0.5636339945061083,0.48136205382481073
7,23,Porto Alegre,Itaquera,2025,5,29,1.9915501698551836,0.2057408558402674
7,23,Montevideo,Itaquera,2025,5,29,1.389037321967348,-0.14078737241465256
7,23,Santos,Itaquera,2025,5,29,0.5764695078636769,0.7994758763413747
7,23,Lima,Penarol,2025,5,29,0.3197588174068993,0.398849203160589
7,23,Belo Horizonte,Penarol,2025,5,29,0.8902787415019376,1.3286041586813255
7,23,Guayaquil,Penarol,2025,5,29,0.5778517568120444,0.9358788722174641
7,23,Agua Branca,Penarol,2025,5,29,0.7850494984858081,1.0845140642911004
7,23,Bogota,Penarol,2025,5,29,1.2270291356246046,1.043331646125591
7,23,Rio de Janeiro,Penarol,2025,5,29,1.2964315781703286,0.5501635883690569
7,23,Asuncion,Penarol,2025,5,29,1.730252740362089,0.8092133548030194
7,23,Medellin,Penarol,2025,5,29,0.13636530081558618,1.9668394305700079
7,23,Sao Paulo,Penarol,2025,5,29,1.5888844451923974,0.8545106213673724
7,23,La Plata,Penarol,2025,5,29,1.7371317997440632,0.6864161261641354
7,23,Santiago,Penarol,2025,5,29,1.6408758142617783,0.7358141704975772
7,23,Buenos Aires,Penarol,2025,5,29,1.3200487769190017,1.3839803722176887
7,23,Avellaneda,Penarol,2025,5,29,0.9968781231526724,0.7210668298794297
7,23,Quito,Penarol,2025,5,29,1.1220357978310458,0.950946203751925
7,23,La Boca,Penarol,2025,5,29,0.856562817592437,0.7345476946169619
7,23,Porto Alegre,Penarol,2025,5,29,1.109305135064931,0.9891884111282065
7,23,Montevideo,Penarol,2025,5,29,0.888492662223443,0.6158232339408574
7,23,Santos,Penarol,2025,5,29,1.4168748821209824,0.9832492414541654
7,23,Belo Horizonte,Lima,2025,5,29,0.1471305088030121,0.9159402463672037
7,23,Guayaquil,Lima,2025,5,29,0.6916417333375275,1.033489587289096
7,23,Agua Branca,Lima,2025,5,29,0.2118706347260121,0.6268093943955146
7,23,Bogota,Lima,2025,5,29,0.6420599466177247,1.4530659625744549
7,23,Rio de Janeiro,Lima,2025,5,29,0.044453042003641495,0.7111501869158067
7,23,Asuncion,Lima,2025,5,29,0.13527977335036107,0.2961836385680368
7,23,Medellin,Lima,2025,5,29,0.017971930559205353,1.3157118709055131
7,23,Sao Paulo,Lima,2025,5,29,0.6230355878214487,0.8600897288904901
7,23,La Plata,Lima,2025,5,29,0.6440752315946745,0.7396161177046744
7,23,Santiago,Lima,2025,5,29,0.17823767348178074,0.9090887624311546
7,23,Buenos Aires,Lima,2025,5,29,0.8346679499716636,1.1629558904129587
7,23,Avellaneda,Lima,2025,5,29,0.4765424293549121,0.04014718434282666
7,23,Quito,Lima,2025,5,29,0.13706813030146273,0.7981841579365047
7,23,La Boca,Lima,2025,5,29,-0.0189129218115378,0.8104615118596353
7,23,Porto Alegre,Lima,2025,5,29,0.8808586197139427,1.330810615832632
7,23,Montevideo,Lima,2025,5,29,0.8809939817997166,0.3036975678946241
7,23,Santos,Lima,2025,5,29,0.1380232617856056,0.891153020276613
7,23,Guayaquil,Belo Horizonte,2025,5,29,0.1435091774022062,0.21470688116135234
7,23,Agua Branca,Belo Horizonte,2025,5,29,1.427094370977285,0.723598778687849
7,23,Bogota,Belo Horizonte,2025,5,29,0.895689253152487,0.8689431640668938
7,23,Rio de Janeiro,Belo Horizonte,2025,5,29,1.6443755941490918,0.5786418677426134
7,23,Asuncion,Belo Horizonte,2025,5,29,0.9999108737563466,0.5649628935260649
7,23,Medellin,Belo Horizonte,2025,5,29,0.6384959108560304,1.2407618421864823
7,23,Sao Paulo,Belo Horizonte,2025,5,29,1.9141529719083685,0.9452609945607736
7,23,La Plata,Belo Horizonte,2025,5,29,0.8593277757532348,0.3674714611768963
7,23,Santiago,Belo Horizonte,2025,5,29,0.8674977542259891,0.5129910498085071
7,23,Buenos Aires,Belo Horizonte,2025,5,29,1.2202491858184217,0.8174603150454458
7,23,Avellaneda,Belo Horizonte,2025,5,29,1.0515831127382858,1.0164398055146937
7,23,Quito,Belo Horizonte,2025,5,29,1.071429288018052,0.7004501118848477
7,23,La Boca,Belo Horizonte,2025,5,29,0.6055354985082637,1.0965368107383946
7,23,Porto Alegre,Belo Horizonte,2025,5,29,1.161257409727385,0.7536177055369446
7,23,Montevideo,Belo Horizonte,2025,5,29,1.4958550784558968,1.1150352143580908
7,23,Santos,Belo Horizonte,2025,5,29,0.8181427258224158,0.6254779141943813
7,23,Agua Branca,Guayaquil,2025,5,29,2.162983607447628,1.2966800419244582
7,23,Bogota,Guayaquil,2025,5,29,0.9251744501062885,1.6444179516526307
7,23,Rio de Janeiro,Guayaquil,2025,5,29,1.8198365135879209,0.8466343557600022
7,23,Asuncion,Guayaquil,2025,5,29,1.5167924708230764,0.11667839524821541
7,23,Medellin,Guayaquil,2025,5,29,1.8225073860411287,0.8745349615735218
7,23,Sao Paulo,Guayaquil,2025,5,29,2.031302895968245,0.5584040540477527
7,23,La Plata,Guayaquil,2025,5,29,1.6539921034495129,0.81507968547519
7,23,Santiago,Guayaquil,2025,5,29,1.5243810460434757,0.7166832780934225
7,23,Buenos Aires,Guayaquil,2025,5,29,1.6716135059709916,0.9718470766209267
7,23,Avellaneda,Guayaquil,2025,5,29,1.3022429582319621,0.643373973892505
7,23,Quito,Guayaquil,2025,5,29,1.3199826446652225,1.4464979428820794
7,23,La Boca,Guayaquil,2025,5,29,0.9919681382298682,0.6900663746909083
7,23,Porto Alegre,Guayaquil,2025,5,29,1.2961797895652039,0.5752077159906493
7,23,Montevideo,Guayaquil,2025,5,29,1.2986894842044403,-0.0319918548533964
7,23,Santos,Guayaquil,2025,5,29,1.9136943784296543,0.655811019062771
7,23,Bogota,Agua Branca,2025,5,29,1.744018525256513,1.275331871310354
7,23,Rio de Janeiro,Agua Branca,2025,5,29,1.378066004191152,0.5817209324611686
7,23,Asuncion,Agua Branca,2025,5,29,1.7122757215731037,0.3505442647930091
7,23,Medellin,Agua Branca,2025,5,29,0.848055471492011,1.5183008784728829
7,23,Sao Paulo,Agua Branca,2025,5,29,1.8785997607282852,1.1028241016992282
7,23,La Plata,Agua Branca,2025,5,29,1.5534517592483372,0.6370077649321261
7,23,Santiago,Agua Branca,2025,5,29,1.487302262971923,0.9593760208158144
7,23,Buenos Aires,Agua Branca,2025,5,29,1.3553039859327283,0.7083372751789808
7,23,Avellaneda,Agua Branca,2025,5,29,1.91298740893264,0.49116464668432874
7,23,Quito,Agua Branca,2025,5,29,1.4752876227071736,0.6624573391379621
7,23,La Boca,Agua Branca,2025,5,29,1.4973881864246028,1.0974069633334593
7,23,Porto Alegre,Agua Branca,2025,5,29,1.6473905171641543,0.8310695949412431
7,23,Montevideo,Agua Branca,2025,5,29,1.51587578574862,0.08862123806897798
7,23,Santos,Agua Branca,2025,5,29,1.1323442265664467,1.160646929684342
7,23,Rio de Janeiro,Bogota,2025,5,29,1.5539149122289726,1.0311344385570769
7,23,Asuncion,Bogota,2025,5,29,2.033378700128432,0.15812297010158527
7,23,Medellin,Bogota,2025,5,29,1.8213087628054758,0.5047315991008938
7,23,Sao Paulo,Bogota,2025,5,29,1.8445111209268452,0.8061312631485976
7,23,La Plata,Bogota,2025,5,29,1.9975214568788522,0.9746312720322168
7,23,Santiago,Bogota,2025,5,29,2.1737332893104244,0.8567249208758455
7,23,Buenos Aires,Bogota,2025,5,29,1.5414491831690191,1.0251526904784356
7,23,Avellaneda,Bogota,2025,5,29,1.9637687562802024,0.503617546221999
7,23,Quito,Bogota,2025,5,29,1.9391337554668793,1.3259437534239324
7,23,La Boca,Bogota,2025,5,29,2.0148182954224834,0.7881074540216422
7,23,Porto Alegre,Bogota,2025,5,29,1.9547856056056583,0.5591633920094395
7,23,Montevideo,Bogota,2025,5,29,1.3449764394378103,0.03096919937036736
7,23,Santos,Bogota,2025,5,29,1.9123530158692696,0.8196742382202497
7,23,Asuncion,Rio de Janeiro,2025,5,29,1.5144806193025744,0.2078058192779023
7,23,Medellin,Rio de Janeiro,2025,5,29,0.5440885288322777,0.29811716550569006
7,23,Sao Paulo,Rio de Janeiro,2025,5,29,2.1225837194897466,0.8030531881909954
7,23,La Plata,Rio de Janeiro,2025,5,29,2.0215323177182265,0.5420597034613454
7,23,Santiago,Rio de Janeiro,2025,5,29,1.2296220042859958,0.9616128726398867
7,23,Buenos Aires,Rio de Janeiro,2025,5,29,1.9298725729594948,0.6723729658862857
7,23,Avellaneda,Rio de Janeiro,2025,5,29,1.965306834552743,0.4025742002251585
7,23,Quito,Rio de Janeiro,2025,5,29,2.4760912415374796,0.9369239282591024
7,23,La Boca,Rio de Janeiro,2025,5,29,1.3749433013638694,0.3049217790312631
7,23,Porto Alegre,Rio de Janeiro,2025,5,29,1.6642534980233872,0.6012302216563175
7,23,Montevideo,Rio de Janeiro,2025,5,29,1.6408917644355123,0.13881468525807378
7,23,Santos,Rio de Janeiro,2025,5,29,1.4277866324920174,0.533961442133635
7,23,Medellin,Asuncion,2025,5,29,0.20953774670359515,1.111304021379548
7,23,Sao Paulo,Asuncion,2025,5,29,2.0172778198900216,1.0454566947108865
7,23,La Plata,Asuncion,2025,5,29,1.7476639948483839,0.5738795740906739
7,23,Santiago,Asuncion,2025,5,29,0.4468713039410846,0.3062634840589438
7,23,Buenos Aires,Asuncion,2025,5,29,2.0525107367016053,0.8687109571199121
7,23,Avellaneda,Asuncion,2025,5,29,2.7526319860482404,1.406996332937526
7,23,Quito,Asuncion,2025,5,29,1.171306867494585,0.8481371743864504
7,23,La Boca,Asuncion,2025,5,29,0.5521430829697285,1.1303013471991954
7,23,Porto Alegre,Asuncion,2025,5,29,1.590342042932508,0.6144337685323374
7,23,Montevideo,Asuncion,2025,5,29,1.4212089561147774,1.1686037920855048
7,23,Santos,Asuncion,2025,5,29,0.5766937720736215,0.7499231898225689
7,23,Sao Paulo,Medellin,2025,5,29,1.9648140423291205,0.9861180192035869
7,23,La Plata,Medellin,2025,5,29,1.5577601024849665,0.9096342114662279
7,23,Santiago,Medellin,2025,5,29,0.484342235909165,1.1752407488227752
7,23,Buenos Aires,Medellin,2025,5,29,1.9294611543118885,1.0719502033711537
7,23,Avellaneda,Medellin,2025,5,29,2.233346916780164,0.5646837392368447
7,23,Quito,Medellin,2025,5,29,0.6937039713328167,1.1444816405373097
7,23,La Boca,Medellin,2025,5,29,0.2684831716551658,1.4154343885442775
7,23,Porto Alegre,Medellin,2025,5,29,1.8203974841003323,1.0916298363192227
7,23,Montevideo,Medellin,2025,5,29,1.7080673051899025,0.2084965938628746
7,23,Santos,Medellin,2025,5,29,0.29621505436773937,1.2941556786287634
7,23,La Plata,Sao Paulo,2025,5,29,1.0607695370658765,0.9532060517794289
7,23,Santiago,Sao Paulo,2025,5,29,0.421951141530429,0.5200842006942336
7,23,Buenos Aires,Sao Paulo,2025,5,29,1.4250487429837582,1.18460070573352
7,23,Avellaneda,Sao Paulo,2025,5,29,0.7202618033711912,1.002565141472221
7,23,Quito,Sao Paulo,2025,5,29,0.47784301956946307,0.9828504091803746
7,23,La Boca,Sao Paulo,2025,5,29,0.6166727629605223,0.04465178973637661
7,23,Porto Alegre,Sao Paulo,2025,5,29,0.9682858558680371,0.8116180105854311
7,23,Montevideo,Sao Paulo,2025,5,29,0.890200251612431,0.1570162753200929
7,23,Santos,Sao Paulo,2025,5,29,0.5280092863267881,0.6801806607415454
7,23,Santiago,La Plata,2025,5,29,0.9306360772848906,0.7188650186798965
7,23,Buenos Aires,La Plata,2025,5,29,2.2306981736314215,0.5885237205940111
7,23,Avellaneda,La Plata,2025,5,29,1.8667311178822128,0.32448207708333615
7,23,Quito,La Plata,2025,5,29,0.6994972074801432,0.4778998510613997
7,23,La Boca,La Plata,2025,5,29,0.4728803266327748,0.44078605663806775
7,23,Porto Alegre,La Plata,2025,5,29,1.4643375991730956,0.5819428233312014
7,23,Montevideo,La Plata,2025,5,29,1.493126145182572,-0.28235601402411115
7,23,Santos,La Plata,2025,5,29,0.6963480739351454,0.8830406474606673
7,23,Buenos Aires,Santiago,2025,5,29,1.61816052065919,1.0060194129354105
7,23,Avellaneda,Santiago,2025,5,29,1.9288240019909861,0.2293972040011533
7,23,Quito,Santiago,2025,5,29,1.249947115152735,0.7678589016632911
7,23,La Boca,Santiago,2025,5,29,1.5378535500315436,0.2313726202957171
7,23,Porto Alegre,Santiago,2025,5,29,1.2292711729400463,0.8880980463388666
7,23,Montevideo,Santiago,2025,5,29,1.0950354251757892,-0.08571476413013995
7,23,Santos,Santiago,2025,5,29,1.5339367492059899,0.706786014518796
7,23,Avellaneda,Buenos Aires,2025,5,29,1.1867055443851753,1.4916160044527809
7,23,Quito,Buenos Aires,2025,5,29,1.3083073835973358,1.096894741985902
7,23,La Boca,Buenos Aires,2025,5,29,0.963646895398732,0.864308791362806
7,23,Porto Alegre,Buenos Aires,2025,5,29,1.1696997538105143,0.7679439524052727
7,23,Montevideo,Buenos Aires,2025,5,29,0.693149959189034,1.041795180458549
7,23,Santos,Buenos Aires,2025,5,29,1.5813967502108783,1.157030983409374
7,23,Quito,Avellaneda,2025,5,29,0.6879236581593287,0.5790926960232711
7,23,La Boca,Avellaneda,2025,5,29,0.5095007877960954,0.7480280556955725
7,23,Porto Alegre,Avellaneda,2025,5,29,1.0040142541675194,0.9005288171371546
7,23,Montevideo,Avellaneda,2025,5,29,1.1277421734502477,0.35658062279464514
7,23,Santos,Avellaneda,2025,5,29,0.8321402397834996,0.285175372094723
7,23,La Boca,Quito,2025,5,29,1.9186058817714546,0.8445898079001473
7,23,Porto Alegre,Quito,2025,5,29,1.9309675952796461,1.2860949639265298
7,23,Montevideo,Quito,2025,5,29,1.5290232609837506,0.2105397122676431
7,23,Santos,Quito,2025,5,29,2.0402347678988333,1.049464146083145
7,23,Porto Alegre,La Boca,2025,5,29,1.9895907311542953,0.9071618040468895
7,23,Montevideo,La Boca,2025,5,29,1.8054216416756235,0.6045639392866597
7,23,Santos,La Boca,2025,5,29,1.0651436909905072,0.5770488046995291
7,23,Montevideo,Porto Alegre,2025,5,29,1.3297539609904891,0.007392708072112819
7,23,Santos,Porto Alegre,2025,5,29,0.9252655834791512,0.6060070945967108
7,23,Santos,Montevideo,2025,5,29,0.7662226136846015,0.9986800886104382
7,26,Penarol,Itaquera,2025,5,29,0.8867110720423762,0.27327859060799203
7,26,Lima,Itaquera,2025,5,29,1.1159201147822235,0.7337902441076297
7,26,Belo Horizonte,Itaquera,2025,5,29,0.9521340956677049,1.2218269465134606
7,26,Guayaquil,Itaquera,2025,5,29,0.9069878370122406,0.7092090571385349
7,26,Agua Branca,Itaquera,2025,5,29,1.165399287125938,1.4433282343997318
7,26,Bogota,Itaquera,2025,5,29,0.8537942215896487,1.2928541126933772
7,26,Rio de Janeiro,Itaquera,2025,5,29,0.89501322330706,0.6104125986071486
7,26,Asuncion,Itaquera,2025,5,29,0.47738646025478715,-0.05374461302353682
7,26,Medellin,Itaquera,2025,5,29,0.44893154833981747,0.7427548435500364
7,26,Sao Paulo,Itaquera,2025,5,29,0.8054115984761018,0.3475904391237819
7,26,La Plata,Itaquera,2025,5,29,0.8908604661531013,0.9552310046663824
7,26,Santiago,Itaquera,2025,5,29,0.9005825357479839,0.6621044810697768
7,26,Buenos Aires,Itaquera,2025,5,29,1.0745835839377749,0.9777587801102084
7,26,Avellaneda,Itaquera,2025,5,29,0.942950468774157,0.4732138717604456
7,26,Quito,Itaquera,2025,5,29,1.4728731961096313,1.0677923820621438
7,26,La Boca,Itaquera,2025,5,29,0.548871410737906,0.469687913996517
7,26,Porto Alegre,Itaquera,2025,5,29,1.944379101420548,0.18783467349830926
7,26,Montevideo,Itaquera,2025,5,29,1.3660131923552474,-0.13780493719032222
7,26,Santos,Itaquera,2025,5,29,0.5689765618333608,0.7970159990135245
7,26,Lima,Penarol,2025,5,29,0.3069424085687785,0.4164842907187628
7,26,Belo Horizonte,Penarol,2025,5,29,0.8799916169834051,2.1118821624334925
7,26,Guayaquil,Penarol,2025,5,29,0.57319188230596,0.8913658840409642
7,26,Agua Branca,Penarol,2025,5,29,0.7676208882475225,1.3052494327090565
7,26,Bogota,Penarol,2025,5,29,1.2184082915020782,1.9404863380662523
7,26,Rio de Janeiro,Penarol,2025,5,29,1.3066710295829416,1.5139579212605625
7,26,Asuncion,Penarol,2025,5,29,1.6928612632515072,0.8532247393231471
7,26,Medellin,Penarol,2025,5,29,0.1291761419899135,1.9796672533080082
7,26,Sao Paulo,Penarol,2025,5,29,1.582139578803111,1.282728917148536
7,26,La Plata,Penarol,2025,5,29,1.6957757828524984,0.6942958736807268
7,26,Santiago,Penarol,2025,5,29,1.6220155187266394,0.7087170878041017
7,26,Buenos Aires,Penarol,2025,5,29,1.2988688944015077,1.6641678240585065
7,26,Avellaneda,Penarol,2025,5,29,0.9968781231526724,1.3354925019099215
7,26,Quito,Penarol,2025,5,29,1.0958661926791218,1.4029961304890166
7,26,La Boca,Penarol,2025,5,29,0.8493736587667644,1.6261932489537296
7,26,Porto Alegre,Penarol,2025,5,29,1.0864802997488092,1.8717644746079112
7,26,Montevideo,Penarol,2025,5,29,0.8654368019727092,1.1515273794518552
7,26,Santos,Penarol,2025,5,29,1.3881759926494701,1.06708446881403
7,26,Belo Horizonte,Lima,2025,5,29,0.10946321870931171,1.39700740106472
7,26,Guayaquil,Lima,2025,5,29,0.6744897016205085,0.9147804847198893
7,26,Agua Branca,Lima,2025,5,29,0.16270267230932936,0.56976389753696
7,26,Bogota,Lima,2025,5,29,0.6100603472843122,1.8012798226533933
7,26,Rio de Janeiro,Lima,2025,5,29,0.02593169030825439,1.2145359305538137
7,26,Asuncion,Lima,2025,5,29,0.08765867470722183,0.323707695060472
7,26,Medellin,Lima,2025,5,29,0.011842540827920906,1.0593875524526064
7,26,Sao Paulo,Lima,2025,5,29,0.5826823446887188,0.8598967911308107
7,26,La Plata,Lima,2025,5,29,0.5894151912020236,0.7799191843524389
7,26,Santiago,Lima,2025,5,29,0.1608696237916227,0.8597701902424898
7,26,Buenos Aires,Lima,2025,5,29,0.7986917981081023,1.1253560351099368
7,26,Avellaneda,Lima,2025,5,29,0.4407973024259626,0.04489355774981629
7,26,Quito,Lima,2025,5,29,0.12690042240539312,0.8454786594987076
7,26,La Boca,Lima,2025,5,29,-0.041297141156005523,1.2576721127196409
7,26,Porto Alegre,Lima,2025,5,29,0.8345266328745699,1.6848058213609567
7,26,Montevideo,Lima,2025,5,29,0.8618480434014033,0.3541341176567043
7,26,Santos,Lima,2025,5,29,0.12785555388953596,0.8901182878731972
7,26,Guayaquil,Belo Horizonte,2025,5,29,0.1263322349089101,0.5475295309378079
7,26,Agua Branca,Belo Horizonte,2025,5,29,1.3709171739633756,1.184359385763067
7,26,Bogota,Belo Horizonte,2025,5,29,0.8671110032568,1.838783909196892
7,26,Rio de Janeiro,Belo Horizonte,2025,5,29,1.6255032629162138,1.6168911469609275
7,26,Asuncion,Belo Horizonte,2025,5,29,0.9393460946451136,0.8847548026503032
7,26,Medellin,Belo Horizonte,2025,5,29,0.6283282029599607,1.5346645920611126
7,26,Sao Paulo,Belo Horizonte,2025,5,29,1.8837510920853415,1.4314819179668334
7,26,La Plata,Belo Horizonte,2025,5,29,0.8002491912987968,0.6729300883794176
7,26,Santiago,Belo Horizonte,2025,5,29,0.8486374586908498,0.7867641150207328
7,26,Buenos Aires,Belo Horizonte,2025,5,29,1.1888396817683702,1.3215044934681703
7,26,Avellaneda,Belo Horizonte,2025,5,29,1.0228223096302862,1.624172186907127
7,26,Quito,Belo Horizonte,2025,5,29,1.0537686340916663,1.323149158359877
7,26,La Boca,Belo Horizonte,2025,5,29,0.5806052068439918,1.9635064276063718
7,26,Porto Alegre,Belo Horizonte,2025,5,29,1.1184751686381018,1.7484360264927823
7,26,Montevideo,Belo Horizonte,2025,5,29,1.4528418124320024,1.5949750611981075
7,26,Santos,Belo Horizonte,2025,5,29,0.8004820718960298,0.9589578478898899
7,26,Agua Branca,Guayaquil,2025,5,29,2.127213569742402,1.2209165597054807
7,26,Bogota,Guayaquil,2025,5,29,0.915099856372764,1.4737825679453613
7,26,Rio de Janeiro,Guayaquil,2025,5,29,1.7659082055128337,0.8292004166710228
7,26,Asuncion,Guayaquil,2025,5,29,1.4558549281507627,0.09902113128114486
7,26,Medellin,Guayaquil,2025,5,29,1.8239996318861098,0.7776631712217937
7,26,Sao Paulo,Guayaquil,2025,5,29,1.9955328582630185,0.4450920130338372
7,26,La Plata,Guayaquil,2025,5,29,1.6197143115892672,0.7856608501616175
7,26,Santiago,Guayaquil,2025,5,29,1.5007057869213698,0.6291182229480031
7,26,Buenos Aires,Guayaquil,2025,5,29,1.6428527028629913,0.8772925455201331
7,26,Avellaneda,Guayaquil,2025,5,29,1.245249291020577,0.604786149184631
7,26,Quito,Guayaquil,2025,5,29,1.312973410067996,1.3955123046200038
7,26,La Boca,Guayaquil,2025,5,29,0.9741401953253682,0.6785506900974723
7,26,Porto Alegre,Guayaquil,2025,5,29,1.2861051958316794,0.4771139299564389
7,26,Montevideo,Guayaquil,2025,5,29,1.290107136315897,-0.03173638548870611
7,26,Santos,Guayaquil,2025,5,29,1.9066851438324277,0.5778770434968994
7,26,Bogota,Agua Branca,2025,5,29,1.744840462502631,1.2978182136704426
7,26,Rio de Janeiro,Agua Branca,2025,5,29,1.3340261679911871,0.7333192853280343
7,26,Asuncion,Agua Branca,2025,5,29,1.65989427727156,0.3332619741725078
7,26,Medellin,Agua Branca,2025,5,29,0.860840995224428,1.5320206730928638
7,26,Sao Paulo,Agua Branca,2025,5,29,1.850660894866403,1.0906609446065676
7,26,La Plata,Agua Branca,2025,5,29,1.5277033335827959,0.6762452288476386
7,26,Santiago,Agua Branca,2025,5,29,1.4636816217783795,0.9066351173746824
7,26,Buenos Aires,Agua Branca,2025,5,29,1.329324535332575,0.7522810257332369
7,26,Avellaneda,Agua Branca,2025,5,29,1.864489154307451,0.5043930709158022
7,26,Quito,Agua Branca,2025,5,29,1.488056358439375,0.7387722113559682
7,26,La Boca,Agua Branca,2025,5,29,1.4954111263888177,1.1011721718950227
7,26,Porto Alegre,Agua Branca,2025,5,29,1.6314623908968724,0.8447458812262082
7,26,Montevideo,Agua Branca,2025,5,29,1.5132270848065688,0.12320538973253126
7,26,Santos,Agua Branca,2025,5,29,1.1425836779790597,1.168628772043642
7,26,Rio de Janeiro,Bogota,2025,5,29,1.5287474072618856,1.4708796074022419
7,26,Asuncion,Bogota,2025,5,29,2.0082111951613446,0.14084067948108403
7,26,Medellin,Bogota,2025,5,29,1.8213087628054758,0.40818477042504525
7,26,Sao Paulo,Bogota,2025,5,29,1.8445111209268452,0.7332894776247394
7,26,La Plata,Bogota,2025,5,29,1.9975214568788522,0.8695485125043454
7,26,Santiago,Bogota,2025,5,29,2.1233236080493985,0.7535822816294334
7,26,Buenos Aires,Bogota,2025,5,29,1.5414491831690191,1.0034912110937388
7,26,Avellaneda,Bogota,2025,5,29,1.9355358921768175,0.4832510182506864
7,26,Quito,Bogota,2025,5,29,1.9138915791729396,1.2792430990074921
7,26,La Boca,Bogota,2025,5,29,1.9865107599922458,1.218131891996735
7,26,Porto Alegre,Bogota,2025,5,29,1.9264780701754207,0.95457371683993
7,26,Montevideo,Bogota,2025,5,29,1.3419110803015124,0.05797230369879314
7,26,Santos,Bogota,2025,5,29,1.9123530158692696,0.7215498074080854
7,26,Asuncion,Rio de Janeiro,2025,5,29,1.5989766785392654,0.19519476849942557
7,26,Medellin,Rio de Janeiro,2025,5,29,0.561344847480073,0.3165081999676954
7,26,Sao Paulo,Rio de Janeiro,2025,5,29,2.062150553497633,0.8134457064693881
7,26,La Plata,Rio de Janeiro,2025,5,29,2.107520622799899,0.5991816029058872
7,26,Santiago,Rio de Janeiro,2025,5,29,1.1904249613216864,0.8890167409357713
7,26,Buenos Aires,Rio de Janeiro,2025,5,29,1.897343172044254,0.6926555729395292
7,26,Avellaneda,Rio de Janeiro,2025,5,29,1.9513086152129449,0.37664368005098864
7,26,Quito,Rio de Janeiro,2025,5,29,2.58735425584617,0.9828629627485019
7,26,La Boca,Rio de Janeiro,2025,5,29,1.5077328343186154,0.30221437361295866
7,26,Porto Alegre,Rio de Janeiro,2025,5,29,1.6642534980233872,0.6189896803844962
7,26,Montevideo,Rio de Janeiro,2025,5,29,1.6423840102804934,0.14637313381385725
7,26,Santos,Rio de Janeiro,2025,5,29,1.4194949023291876,0.5449531711633399
7,26,Medellin,Asuncion,2025,5,29,0.19167665971471665,1.6753180909212224
7,26,Sao Paulo,Asuncion,2025,5,29,1.9721253688033094,1.580571992447702
7,26,La Plata,Asuncion,2025,5,29,1.834855385086967,0.7934106530928214
7,26,Santiago,Asuncion,2025,5,29,0.3857748558231116,0.5113964671770064
7,26,Buenos Aires,Asuncion,2025,5,29,2.048315171986011,1.6588114242332477
7,26,Avellaneda,Asuncion,2025,5,29,2.7526319860482404,2.026984313043623
7,26,Quito,Asuncion,2025,5,29,1.260915933740608,1.4846480831332587
7,26,La Boca,Asuncion,2025,5,29,0.6513074561327817,2.3641462506647484
7,26,Porto Alegre,Asuncion,2025,5,29,1.5605079730191591,2.031654858320215
7,26,Montevideo,Asuncion,2025,5,29,1.3895969974932734,2.0075445478057663
7,26,Santos,Asuncion,2025,5,29,0.5492773781677123,1.0267402832795802
7,26,Sao Paulo,Medellin,2025,5,29,1.979146429835081,0.9764738868941145
7,26,La Plata,Medellin,2025,5,29,1.6747855626368984,0.9636940886743913
7,26,Santiago,Medellin,2025,5,29,0.4858890996827084,1.0993962269878226
7,26,Buenos Aires,Medellin,2025,5,29,1.9310080180854319,0.9975699937324808
7,26,Avellaneda,Medellin,2025,5,29,2.233346916780164,0.5341226148124671
7,26,Quito,Medellin,2025,5,29,0.8209688828973621,1.210857244143299
7,26,La Boca,Medellin,2025,5,29,0.40127270460991166,1.3862659202661562
7,26,Porto Alegre,Medellin,2025,5,29,1.8203974841003323,0.9626370105836739
7,26,Montevideo,Medellin,2025,5,29,1.7096141689634459,0.21147902908720495
7,26,Santos,Medellin,2025,5,29,0.30645450578035244,1.2794302378003026
7,26,La Plata,Sao Paulo,2025,5,29,1.0451921365787502,0.8886044224190695
7,26,Santiago,Sao Paulo,2025,5,29,0.38126185272113855,0.4740123217879878
7,26,Buenos Aires,Sao Paulo,2025,5,29,1.4164805770938584,1.1652634902494203
7,26,Avellaneda,Sao Paulo,2025,5,29,0.7116936374812918,1.2306407645129458
7,26,Quito,Sao Paulo,2025,5,29,0.4733630692918248,1.0688626932508618
7,26,La Boca,Sao Paulo,2025,5,29,0.6166727629605223,0.2955749073742793
7,26,Porto Alegre,Sao Paulo,2025,5,29,0.9477661710109682,0.9369357413816967
7,26,Montevideo,Sao Paulo,2025,5,29,0.8831910170152045,0.404639924964083
7,26,Santos,Sao Paulo,2025,5,29,0.5210000517295615,0.6753945902020552
7,26,Santiago,La Plata,2025,5,29,0.910228917976208,0.6951286549775867
7,26,Buenos Aires,La Plata,2025,5,29,2.2282804976239823,0.601148539824893
7,26,Avellaneda,La Plata,2025,5,29,1.8667311178822128,0.29313935619239667
7,26,Quito,La Plata,2025,5,29,0.6715971021411445,0.5503458561998966
7,26,La Boca,La Plata,2025,5,29,0.455451716394489,0.44078605663806775
7,26,Porto Alegre,La Plata,2025,5,29,1.4215553580838125,0.5856533969595212
7,26,Montevideo,La Plata,2025,5,29,1.4503439040932888,-0.28135272615351326
7,26,Santos,La Plata,2025,5,29,0.6684479685961467,0.8666974676909709
7,26,Buenos Aires,Santiago,2025,5,29,1.6163826319510348,1.6195350860028799
7,26,Avellaneda,Santiago,2025,5,29,1.9005911378876013,0.9289527595016622
7,26,Quito,Santiago,2025,5,29,1.2274514442410922,1.3161825985031441
7,26,La Boca,Santiago,2025,5,29,1.522764015084316,1.5583690983810738
7,26,Porto Alegre,Santiago,2025,5,29,1.1797173966058634,2.2307640401561004
7,26,Montevideo,Santiago,2025,5,29,1.0704381822723719,0.8474883324942358
7,26,Santos,Santiago,2025,5,29,1.5366832545882867,0.7471153202063134
7,26,Avellaneda,Buenos Aires,2025,5,29,1.1529698735281886,2.193744064511717
7,26,Quito,Buenos Aires,2025,5,29,1.2981396757012662,1.6533347603329362
7,26,La Boca,Buenos Aires,2025,5,29,0.9564577365730595,2.1887034348108587
7,26,Porto Alegre,Buenos Aires,2025,5,29,1.1333644682345496,2.1369728039703317
7,26,Montevideo,Buenos Aires,2025,5,29,0.6700940989383003,1.9548830938088115
7,26,Santos,Buenos Aires,2025,5,29,1.5712290423148088,1.2316720861400678
7,26,Quito,Avellaneda,2025,5,29,0.6963763149375025,0.7574932774650864
7,26,La Boca,Avellaneda,2025,5,29,0.5196534291428078,0.9329315255462967
7,26,Porto Alegre,Avellaneda,2025,5,29,0.98416835633435,1.0412177485953016
7,26,Montevideo,Avellaneda,2025,5,29,1.109443139390621,0.5442263393492421
7,26,Santos,Avellaneda,2025,5,29,0.8380636122420853,0.33384892147579787
7,26,La Boca,Quito,2025,5,29,1.8928444186610212,0.842899886388665
7,26,Porto Alegre,Quito,2025,5,29,1.892888755749763,1.2031247250437769
7,26,Montevideo,Quito,2025,5,29,1.5176788435927882,0.2343952440777606
7,26,Santos,Quito,2025,5,29,2.0243967419665894,1.03941909736565
7,26,Porto Alegre,La Boca,2025,5,29,1.9580109070667961,1.7967159940778983
7,26,Montevideo,La Boca,2025,5,29,1.7855743791398115,1.0642394628835155
7,26,Santos,La Boca,2025,5,29,1.06082761203648,0.8691792732650498
7,26,Montevideo,Porto Alegre,2025,5,29,1.3157870921752488,0.007064035542249018
7,26,Santos,Porto Alegre,2025,5,29,0.9094275575469076,0.5437132553524612
7,26,Santos,Montevideo,2025,5,29,0.769452830499988,0.9309544771574066
7,29,Penarol,Itaquera,2025,5,29,0.5290953627551348,0.06258269905154538
7,29,Lima,Itaquera,2025,5,29,0.7939241632759255,0.45005847059466464
7,29,Belo Horizonte,Itaquera,2025,5,29,0.8506382943731363,1.141190981326192
7,29,Guayaquil,Itaquera,2025,5,29,0.7963851904622458,0.46637600298588827
7,29,Agua Branca,Itaquera,2025,5,29,1.0841053930896734,1.0591310327257826
7,29,Bogota,Itaquera,2025,5,29,0.10896900040432521,1.213107941757204
7,29,Rio de Janeiro,Itaquera,2025,5,29,0.7450944802518166,0.5080003056436889
7,29,Asuncion,Itaquera,2025,5,29,0.3967819600721376,-0.05621559531529972
7,29,Medellin,Itaquera,2025,5,29,0.5119899803820501,0.6933898027531964
7,29,Sao Paulo,Itaquera,2025,5,29,0.27903533786180684,0.01563613403916338
7,29,La Plata,Itaquera,2025,5,29,0.7034360443309864,0.6538984840431877
7,29,Santiago,Itaquera,2025,5,29,0.5965069497806361,0.3561887469563112
7,29,Buenos Aires,Itaquera,2025,5,29,0.44814923189240147,0.8068348279365942
7,29,Avellaneda,Itaquera,2025,5,29,0.6625122863644445,0.23551460172783734
7,29,Quito,Itaquera,2025,5,29,1.1133621498576787,0.7173192986520679
7,29,La Boca,Itaquera,2025,5,29,0.5136331934187591,0.4293560853369034
7,29,Porto Alegre,Itaquera,2025,5,29,0.6770441368316104,0.1834569428037583
7,29,Montevideo,Itaquera,2025,5,29,0.3852479803015083,-0.13973661043991442
7,29,Santos,Itaquera,2025,5,29,0.42855872127916156,0.4530122779727267
7,29,Lima,Penarol,2025,5,29,0.35033472789942044,0.42013579630811143
7,29,Belo Horizonte,Penarol,2025,5,29,0.77845395217957,2.4161171684906964
7,29,Guayaquil,Penarol,2025,5,29,0.5537508199689877,1.080206949114716
7,29,Agua Branca,Penarol,2025,5,29,0.7059234045341464,1.6745438355533353
7,29,Bogota,Penarol,2025,5,29,1.152702861719048,2.282007595225607
7,29,Rio de Janeiro,Penarol,2025,5,29,1.2107000555575014,1.8540020844564142
7,29,Asuncion,Penarol,2025,5,29,1.6494566414756553,0.8565455915159232
7,29,Medellin,Penarol,2025,5,29,0.16803205916769443,2.4549664121415744
7,29,Sao Paulo,Penarol,2025,5,29,1.5837801924439154,1.9160272802710978
7,29,La Plata,Penarol,2025,5,29,1.7043556904710162,0.7565101442506622
7,29,Santiago,Penarol,2025,5,29,1.612584078821296,0.7089060490649617
7,29,Buenos Aires,Penarol,2025,5,29,1.3165582748508906,2.172324919725961
7,29,Avellaneda,Penarol,2025,5,29,0.8176409217885365,1.8973997411273662
7,29,Quito,Penarol,2025,5,29,0.8892785460088193,1.7164749652910716
7,29,La Boca,Penarol,2025,5,29,0.6899669543682837,1.9669651493368956
7,29,Porto Alegre,Penarol,2025,5,29,0.9552896713128985,2.2132929460721
7,29,Montevideo,Penarol,2025,5,29,0.8603264782953449,1.6635878070008179
7,29,Santos,Penarol,2025,5,29,1.2678412380115653,1.4365031580927694
7,29,Belo Horizonte,Lima,2025,5,29,0.12345471651936488,1.9048311788090468
7,29,Guayaquil,Lima,2025,5,29,0.7230377733962435,1.1049804526316347
7,29,Agua Branca,Lima,2025,5,29,0.04133379733742059,1.1244451918789318
7,29,Bogota,Lima,2025,5,29,0.33253200227351054,2.1212338984906856
7,29,Rio de Janeiro,Lima,2025,5,29,-0.024452664317327618,1.5553189796706464
7,29,Asuncion,Lima,2025,5,29,0.0769926161111153,0.3209143314701118
7,29,Medellin,Lima,2025,5,29,0.007757994864478425,1.7201918871245845
7,29,Sao Paulo,Lima,2025,5,29,0.08361191201635626,1.6879722680312665
7,29,La Plata,Lima,2025,5,29,0.5174898981869385,0.941582026586049
7,29,Santiago,Lima,2025,5,29,0.07827459681904761,0.8565033355316475
7,29,Buenos Aires,Lima,2025,5,29,0.5296678368029117,1.7033651794503522
7,29,Avellaneda,Lima,2025,5,29,0.3776678594233731,0.8095033823724614
7,29,Quito,Lima,2025,5,29,-0.02397003905528315,1.3443559836713426
7,29,La Boca,Lima,2025,5,29,-0.023139171789352153,1.5682246567685918
7,29,Porto Alegre,Lima,2025,5,29,0.007551882461088731,2.016341445460194
7,29,Montevideo,Lima,2025,5,29,0.24951217098072778,0.8489577682643413
7,29,Santos,Lima,2025,5,29,0.06879284344845829,1.445664302972066
7,29,Guayaquil,Belo Horizonte,2025,5,29,0.20140070313398006,0.757486302570841
7,29,Agua Branca,Belo Horizonte,2025,5,29,1.3484757627623107,1.6465744588914866
7,29,Bogota,Belo Horizonte,2025,5,29,0.8473637364396793,2.191312323413783
7,29,Rio de Janeiro,Belo Horizonte,2025,5,29,1.6109354600264967,1.9681835747814513
7,29,Asuncion,Belo Horizonte,2025,5,29,1.016970701565496,0.8856195234072
7,29,Medellin,Belo Horizonte,2025,5,29,0.5992226175950978,2.113111255021285
7,29,Sao Paulo,Belo Horizonte,2025,5,29,1.4879410809997384,2.1698457275280005
7,29,La Plata,Belo Horizonte,2025,5,29,0.8187726233897146,0.7287340585487545
7,29,Santiago,Belo Horizonte,2025,5,29,0.9176960643667733,0.7832011525154317
7,29,Buenos Aires,Belo Horizonte,2025,5,29,1.2121296141256428,1.9233226937422034
7,29,Avellaneda,Belo Horizonte,2025,5,29,1.0402770107896155,2.280929636593601
7,29,Quito,Belo Horizonte,2025,5,29,1.046444769809103,1.72956026131896
7,29,La Boca,Belo Horizonte,2025,5,29,0.6219775663451912,2.3107693748244285
7,29,Porto Alegre,Belo Horizonte,2025,5,29,0.7372952965435405,2.1105647410023645
7,29,Montevideo,Belo Horizonte,2025,5,29,1.0548611764606752,2.115107811596098
7,29,Santos,Belo Horizonte,2025,5,29,0.8073332997373623,1.422037641775207
7,29,Agua Branca,Guayaquil,2025,5,29,2.0880646346642355,0.859257102926779
7,29,Bogota,Guayaquil,2025,5,29,0.9591456036487757,1.415385036041984
7,29,Rio de Janeiro,Guayaquil,2025,5,29,1.7582490445578614,0.7267881237075634
7,29,Asuncion,Guayaquil,2025,5,29,1.5168328677629197,0.10232825253632924
7,29,Medellin,Guayaquil,2025,5,29,1.7848506968079436,0.7326722041728336
7,29,Sao Paulo,Guayaquil,2025,5,29,1.9955328582630185,0.11891581149616608
7,29,La Plata,Guayaquil,2025,5,29,1.6328910400985102,0.48870240328630227
7,29,Santiago,Guayaquil,2025,5,29,1.5669393020903646,0.3276848000512026
7,29,Buenos Aires,Guayaquil,2025,5,29,1.6508954368614555,0.7068705512899994
7,29,Avellaneda,Guayaquil,2025,5,29,1.300645372745911,0.38973131051510024
7,29,Quito,Guayaquil,2025,5,29,1.3610777981592452,1.0662796227739397
7,29,La Boca,Guayaquil,2025,5,29,1.0358516219244593,0.6382188614378588
7,29,Porto Alegre,Guayaquil,2025,5,29,1.3258404791198284,0.47312991973658264
7,29,Montevideo,Guayaquil,2025,5,29,1.3004967063835136,-0.03366805873829831
7,29,Santos,Guayaquil,2025,5,29,1.954789531923677,0.234375280399582
7,29,Bogota,Agua Branca,2025,5,29,1.339185536901399,1.3365828641160344
7,29,Rio de Janeiro,Agua Branca,2025,5,29,1.1348747347359067,0.7764338667941347
7,29,Asuncion,Agua Branca,2025,5,29,1.5538963911600299,0.3321950216798124
7,29,Medellin,Agua Branca,2025,5,29,0.8375757279792252,1.800218066726674
7,29,Sao Paulo,Agua Branca,2025,5,29,1.619447887349334,1.3006841754005427
7,29,La Plata,Agua Branca,2025,5,29,1.4923610005868306,0.7490730973594644
7,29,Santiago,Agua Branca,2025,5,29,1.2894656096147903,0.91119901347782
7,29,Buenos Aires,Agua Branca,2025,5,29,1.1179773249894616,1.0077480316213612
7,29,Avellaneda,Agua Branca,2025,5,29,1.549958877081787,0.7164546614272
7,29,Quito,Agua Branca,2025,5,29,1.125506120645006,0.7470057564322377
7,29,La Boca,Agua Branca,2025,5,29,1.3010975459405163,1.1345646688739484
7,29,Porto Alegre,Agua Branca,2025,5,29,1.0874037305079085,0.8758702575846858
7,29,Montevideo,Agua Branca,2025,5,29,1.0648607047667153,0.30497980635193317
7,29,Santos,Agua Branca,2025,5,29,0.93696859771048,1.1776203514089771
7,29,Rio de Janeiro,Bogota,2025,5,29,1.3762717051661533,1.4115102750774315
7,29,Asuncion,Bogota,2025,5,29,1.8206106053162208,0.13750497643242432
7,29,Medellin,Bogota,2025,5,29,1.7049768388831017,0.4076168748517189
7,29,Sao Paulo,Bogota,2025,5,29,1.7772944507424506,0.6793845022876108
7,29,La Plata,Bogota,2025,5,29,1.9206932583705456,0.8636338319360297
7,29,Santiago,Bogota,2025,5,29,2.0191144511838224,0.709579252995733
7,29,Buenos Aires,Bogota,2025,5,29,1.5506901180106945,1.0176317180138716
7,29,Avellaneda,Bogota,2025,5,29,1.6861766512046206,0.4312777161631501
7,29,Quito,Bogota,2025,5,29,1.6329131627256692,1.2482259552451784
7,29,La Boca,Bogota,2025,5,29,1.751345494035097,1.1999872615761997
7,29,Porto Alegre,Bogota,2025,5,29,1.8022424359363105,0.9767733684498829
7,29,Montevideo,Bogota,2025,5,29,1.3298437420602627,0.06739154199921922
7,29,Santos,Bogota,2025,5,29,1.7197025106025536,0.6620846909853637
7,29,Asuncion,Rio de Janeiro,2025,5,29,1.2684622215971366,0.19465545945725485
7,29,Medellin,Rio de Janeiro,2025,5,29,0.543772407054302,0.29688676287875737
7,29,Sao Paulo,Rio de Janeiro,2025,5,29,1.7559075971638978,0.7595117151120342
7,29,La Plata,Rio de Janeiro,2025,5,29,1.8040453839419686,0.591230695684853
7,29,Santiago,Rio de Janeiro,2025,5,29,0.7391598060295383,0.8469453855516631
7,29,Buenos Aires,Rio de Janeiro,2025,5,29,1.7619533922889565,0.6854611490066063
7,29,Avellaneda,Rio de Janeiro,2025,5,29,1.4386186924218025,0.3227096886936348
7,29,Quito,Rio de Janeiro,2025,5,29,2.0283175364214134,0.9444628073384802
7,29,La Boca,Rio de Janeiro,2025,5,29,1.2418614016516054,0.2638142182029373
7,29,Porto Alegre,Rio de Janeiro,2025,5,29,1.3499486656373536,0.652045729992566
7,29,Montevideo,Rio de Janeiro,2025,5,29,1.478309008058891,0.14637313381385725
7,29,Santos,Rio de Janeiro,2025,5,29,1.192827929684982,0.47498941057662186
7,29,Medellin,Asuncion,2025,5,29,0.1778297976995012,2.166090582126969
7,29,Sao Paulo,Asuncion,2025,5,29,1.670292197855167,2.2176731580745384
7,29,La Plata,Asuncion,2025,5,29,1.5603421142707272,0.8347243466870701
7,29,Santiago,Asuncion,2025,5,29,-0.04200277623394091,0.4899600904651153
7,29,Buenos Aires,Asuncion,2025,5,29,1.7233911797087205,2.158968737746143
7,29,Avellaneda,Asuncion,2025,5,29,2.2261199840252983,2.5700272019381014
7,29,Quito,Asuncion,2025,5,29,0.7378410978288585,1.7773308943627533
7,29,La Boca,Asuncion,2025,5,29,0.4249556264064882,2.7094775246332135
7,29,Porto Alegre,Asuncion,2025,5,29,1.0850117606236946,2.3918518995802067
7,29,Montevideo,Asuncion,2025,5,29,1.0001677782920846,2.511255348379079
7,29,Santos,Asuncion,2025,5,29,0.3357515396542977,1.3881591904037611
7,29,Sao Paulo,Medellin,2025,5,29,1.5077113151683341,0.9316630588340896
7,29,La Plata,Medellin,2025,5,29,1.5980864033089857,0.951740943719253
7,29,Santiago,Medellin,2025,5,29,0.41666302349098566,1.0332468071531182
7,29,Buenos Aires,Medellin,2025,5,29,1.8214720865119036,1.0128099473378966
7,29,Avellaneda,Medellin,2025,5,29,2.003471382847128,0.5065345510485655
7,29,Quito,Medellin,2025,5,29,0.5603088349855658,1.134876573458541
7,29,La Boca,Medellin,2025,5,29,0.46033022568104925,1.419658417245082
7,29,Porto Alegre,Medellin,2025,5,29,1.2059482379828839,0.9394131593244105
7,29,Montevideo,Medellin,2025,5,29,1.208670893282775,0.1944902815565878
7,29,Santos,Medellin,2025,5,29,0.16502665713337894,1.2171581220480803
7,29,La Plata,Sao Paulo,2025,5,29,0.9959700035442183,0.8737675577534638
7,29,Santiago,Sao Paulo,2025,5,29,0.26162221260102525,0.47267714032673747
7,29,Buenos Aires,Sao Paulo,2025,5,29,1.1607825014381303,1.646926558709794
7,29,Avellaneda,Sao Paulo,2025,5,29,0.6473595742876066,1.684351703546076
7,29,Quito,Sao Paulo,2025,5,29,0.3415707838219668,1.3327670575694541
7,29,La Boca,Sao Paulo,2025,5,29,0.7161441943207922,0.620203900827287
7,29,Porto Alegre,Sao Paulo,2025,5,29,0.5635540981037651,1.2623213059157297
7,29,Montevideo,Sao Paulo,2025,5,29,0.64783191491374,0.9135400249757768
7,29,Santos,Sao Paulo,2025,5,29,0.474302729665128,0.9733515687934352
7,29,Santiago,La Plata,2025,5,29,0.9504106906768396,0.3892129208641211
7,29,Buenos Aires,La Plata,2025,5,29,1.897942150610539,0.42935986689438194
7,29,Avellaneda,La Plata,2025,5,29,1.8183421571722702,0.07219972750808809
7,29,Quito,La Plata,2025,5,29,0.6177182559039591,0.21663241413812168
7,29,La Boca,La Plata,2025,5,29,0.5614340752875911,0.402035503992591
7,29,Porto Alegre,La Plata,2025,5,29,1.111680122899458,0.5812756662649703
7,29,Montevideo,La Plata,2025,5,29,1.0459503954479532,-0.28328439940310546
7,29,Santos,La Plata,2025,5,29,0.650411431689368,0.521829025893277
7,29,Buenos Aires,Santiago,2025,5,29,1.627821625314343,2.04595869847447
7,29,Avellaneda,Santiago,2025,5,29,1.7143065840770393,1.406378193067022
7,29,Quito,Santiago,2025,5,29,0.9962684671187441,1.7250361019605138
7,29,La Boca,Santiago,2025,5,29,1.3540319978179949,1.9037003723495374
7,29,Porto Alegre,Santiago,2025,5,29,1.0378701484561472,2.5804693878724447
7,29,Montevideo,Santiago,2025,5,29,1.0565731027352752,1.1819833197736411
7,29,Santos,Santiago,2025,5,29,1.3992922622638657,1.2185066161581812
7,29,Avellaneda,Buenos Aires,2025,5,29,1.0034691097919666,2.7429722829982444
7,29,Quito,Buenos Aires,2025,5,29,1.128778207391466,1.9461161472465274
7,29,La Boca,Buenos Aires,2025,5,29,0.9009200171592013,2.533483399850226
7,29,Porto Alegre,Buenos Aires,2025,5,29,0.962459557965944,2.4864896933639087
7,29,Montevideo,Buenos Aires,2025,5,29,0.7040022258162366,2.4586076021427155
7,29,Santos,Buenos Aires,2025,5,29,1.5470933976491144,1.5987280730712705
7,29,Quito,Avellaneda,2025,5,29,0.6199043345398718,1.2674116976326861
7,29,La Boca,Avellaneda,2025,5,29,0.5051995567492026,1.1966564396400683
7,29,Porto Alegre,Avellaneda,2025,5,29,0.9163006192625582,1.3049426626890734
7,29,Montevideo,Avellaneda,2025,5,29,1.1055142320788918,0.9808210566229482
7,29,Santos,Avellaneda,2025,5,29,0.7755343048854973,0.8981198474308248
7,29,La Boca,Quito,2025,5,29,1.8036999111719438,0.8778736593817273
7,29,Porto Alegre,Quito,2025,5,29,1.8554971496033816,1.20517340506737
7,29,Montevideo,Quito,2025,5,29,1.520913160675542,0.4161696606971619
7,29,Santos,Quito,2025,5,29,1.9905921848928618,1.0474151895149326
7,29,Porto Alegre,La Boca,2025,5,29,1.0586044359875983,2.135919071817801
7,29,Montevideo,La Boca,2025,5,29,0.9930183279693962,1.3886259006611739
7,29,Santos,La Boca,2025,5,29,0.8069077855284287,1.1407602215857398
7,29,Montevideo,Porto Alegre,2025,5,29,1.2023035960494184,-0.005542984915026454
7,29,Santos,Porto Alegre,2025,5,29,0.8804520412303961,0.4763636420903669
7,29,Santos,Montevideo,2025,5,29,0.5565685108408694,0.8001800461926593
7,32,Penarol,Itaquera,2025,5,29,0.5128748273966764,0.007700393474277799
7,32,Lima,Itaquera,2025,5,29,0.7786262576825436,0.43469857963013875
7,32,Belo Horizonte,Itaquera,2025,5,29,0.8143052297063017,1.1867918692154507
7,32,Guayaquil,Itaquera,2025,5,29,0.7550200484995291,0.5009835377122768
7,32,Agua Branca,Itaquera,2025,5,29,1.0473914749151316,0.9752457854179957
7,32,Bogota,Itaquera,2025,5,29,0.09108172496171985,1.3077576377953188
7,32,Rio de Janeiro,Itaquera,2025,5,29,0.7345108525857825,0.511023584515727
7,32,Asuncion,Itaquera,2025,5,29,0.39210428428913335,-0.13426295177724612
7,32,Medellin,Itaquera,2025,5,29,0.4994215115366756,0.7889281595866987
7,32,Sao Paulo,Itaquera,2025,5,29,0.2604277095435932,-0.055825013076766065
7,32,La Plata,Itaquera,2025,5,29,0.6945581517181506,0.6959391024442015
7,32,Santiago,Itaquera,2025,5,29,0.5634836078386329,0.412855225498215
7,32,Buenos Aires,Itaquera,2025,5,29,0.647735587976707,0.7626959003122732
7,32,Avellaneda,Itaquera,2025,5,29,0.6574696982431144,0.1630597830301357
7,32,Quito,Itaquera,2025,5,29,1.0723778614026687,0.6891284233077815
7,32,La Boca,Itaquera,2025,5,29,0.4856712525589422,0.35685628084564724
7,32,Porto Alegre,Itaquera,2025,5,29,0.6466388146824515,0.20560705895241094
7,32,Montevideo,Itaquera,2025,5,29,0.4362827250885923,-0.1973531170459723
7,32,Santos,Itaquera,2025,5,29,0.38904341001844184,0.3803613975832872
7,32,Lima,Penarol,2025,5,29,0.3338403468261164,0.49223231464033856
7,32,Belo Horizonte,Penarol,2025,5,29,0.7575803122286272,2.6393611447016907
7,32,Guayaquil,Penarol,2025,5,29,0.5022579066771701,1.2503786055277484
7,32,Agua Branca,Penarol,2025,5,29,0.9800780307433178,1.7497940444504023
7,32,Bogota,Penarol,2025,5,29,1.137057711246217,2.5563785958137655
7,32,Rio de Janeiro,Penarol,2025,5,29,1.173993726790742,2.123737684245791
7,32,Asuncion,Penarol,2025,5,29,1.6469362012733648,0.9202152318621754
7,32,Medellin,Penarol,2025,5,29,0.41786769891611286,2.651485679609884
7,32,Sao Paulo,Penarol,2025,5,29,1.837365127856967,2.2823456143616445
7,32,La Plata,Penarol,2025,5,29,1.7541622424506305,0.8328818650196922
7,32,Santiago,Penarol,2025,5,29,1.5714761770270835,0.763003487592535
7,32,Buenos Aires,Penarol,2025,5,29,1.606653969353328,2.4681032949400876
7,32,Avellaneda,Penarol,2025,5,29,0.8090615396478833,2.298871484332645
7,32,Quito,Penarol,2025,5,29,0.8609858488514818,1.7779584762089176
7,32,La Boca,Penarol,2025,5,29,0.674321803895453,2.0608940148460952
7,32,Porto Alegre,Penarol,2025,5,29,0.9985006735948815,2.4649027633156573
7,32,Montevideo,Penarol,2025,5,29,1.0121464895915946,1.902748006808889
7,32,Santos,Penarol,2025,5,29,1.5219880997168147,1.5080331792295751
7,32,Belo Horizonte,Lima,2025,5,29,0.11391702028330057,1.9677800298281345
7,32,Guayaquil,Lima,2025,5,29,0.6903167308895432,1.2138580543703021
7,32,Agua Branca,Lima,2025,5,29,0.032442024596165395,1.1657240006506298
7,32,Bogota,Lima,2025,5,29,0.3213621308458213,2.2668154267883267
7,32,Rio de Janeiro,Lima,2025,5,29,-0.05283633757745471,1.5244723707319419
7,32,Asuncion,Lima,2025,5,29,0.07772450182872868,0.3769704602777983
7,32,Medellin,Lima,2025,5,29,-0.02496304764222202,1.8480469767189929
7,32,Sao Paulo,Lima,2025,5,29,0.05362425108459575,1.6646585251715045
7,32,La Plata,Lima,2025,5,29,0.5140215670747202,1.0798503782164972
7,32,Santiago,Lima,2025,5,29,0.07245373763959621,1.044079814656399
7,32,Buenos Aires,Lima,2025,5,29,0.7393509019718825,1.7497596278470569
7,32,Avellaneda,Lima,2025,5,29,0.38272198038670824,0.889320427721746
7,32,Quito,Lima,2025,5,29,-0.03586026335858065,1.4414069324299472
7,32,La Boca,Lima,2025,5,29,-0.03973248484607812,1.510029418134046
7,32,Porto Alegre,Lima,2025,5,29,0.021297353181308425,2.0852515043022515
7,32,Montevideo,Lima,2025,5,29,0.35111772161773613,0.7893655978490943
7,32,Santos,Lima,2025,5,29,0.04027415971098786,1.5164072581044303
7,32,Guayaquil,Belo Horizonte,2025,5,29,0.18582876128271256,1.0888414519500187
7,32,Agua Branca,Belo Horizonte,2025,5,29,1.3572279129649323,1.729169653340319
7,32,Bogota,Belo Horizonte,2025,5,29,0.815743900316294,2.611345284054373
7,32,Rio de Janeiro,Belo Horizonte,2025,5,29,1.5788295584308307,2.3521061764795066
7,32,Asuncion,Belo Horizonte,2025,5,29,1.005476032932975,1.0007901320866115
7,32,Medellin,Belo Horizonte,2025,5,29,0.5673271125857451,2.4138954891046027
7,32,Sao Paulo,Belo Horizonte,2025,5,29,1.4587789575653256,2.5843699774234206
7,32,La Plata,Belo Horizonte,2025,5,29,0.8135714268809979,0.8303731036411459
7,32,Santiago,Belo Horizonte,2025,5,29,0.9072073975384044,0.9409347576728688
7,32,Buenos Aires,Belo Horizonte,2025,5,29,1.2987090793774363,2.2850270256039544
7,32,Avellaneda,Belo Horizonte,2025,5,29,1.046156669250299,2.7192824901871475
7,32,Quito,Belo Horizonte,2025,5,29,1.0204292773030026,1.821755045386367
7,32,La Boca,Belo Horizonte,2025,5,29,0.6020833892482021,2.4368185618220837
7,32,Porto Alegre,Belo Horizonte,2025,5,29,0.7313780886511836,2.5143989324777287
7,32,Montevideo,Belo Horizonte,2025,5,29,1.1418466366064375,2.3941077772050976
7,32,Santos,Belo Horizonte,2025,5,29,0.7972458250268885,1.568253069357772
7,32,Agua Branca,Guayaquil,2025,5,29,2.3674556924537193,0.7672418767982687
7,32,Bogota,Guayaquil,2025,5,29,0.9500804601770713,1.514901011755253
7,32,Rio de Janeiro,Guayaquil,2025,5,29,1.6897733750059216,0.7754255192901596
7,32,Asuncion,Guayaquil,2025,5,29,1.4914098680505112,0.022333799701275775
7,32,Medellin,Guayaquil,2025,5,29,2.0484188972371435,0.7954883042078026
7,32,Sao Paulo,Guayaquil,2025,5,29,2.3022045979700465,0.038874726554789595
7,32,La Plata,Guayaquil,2025,5,29,1.6938756645733337,0.4712819609916182
7,32,Santiago,Guayaquil,2025,5,29,1.4597200715282566,0.33729862050594417
7,32,Buenos Aires,Guayaquil,2025,5,29,1.9894865703974685,0.6699311667807579
7,32,Avellaneda,Guayaquil,2025,5,29,1.2390393776300486,0.3172387377277076
7,32,Quito,Guayaquil,2025,5,29,1.3516453914452227,1.029818860999502
7,32,La Boca,Guayaquil,2025,5,29,1.026786478452755,0.562398818886003
7,32,Porto Alegre,Guayaquil,2025,5,29,1.343270588253682,0.5554642442192864
7,32,Montevideo,Guayaquil,2025,5,29,1.4431035594680406,-0.0974722998309881
7,32,Santos,Guayaquil,2025,5,29,2.2378945429431165,0.16059521844353
7,32,Bogota,Agua Branca,2025,5,29,1.3428252337450948,1.53592740232715
7,32,Rio de Janeiro,Agua Branca,2025,5,29,1.1204901204570383,0.8572944283089398
7,32,Asuncion,Agua Branca,2025,5,29,1.332100046808526,0.25928047648558766
7,32,Medellin,Agua Branca,2025,5,29,0.7148424966087819,2.0297788767348557
7,32,Sao Paulo,Agua Branca,2025,5,29,1.4595926233440364,1.345668697499988
7,32,La Plata,Agua Branca,2025,5,29,1.3605381461401953,0.8071115670015918
7,32,Santiago,Agua Branca,2025,5,29,1.223588802551886,1.0141561537323132
7,32,Buenos Aires,Agua Branca,2025,5,29,1.2208803533993404,1.1132597685041263
7,32,Avellaneda,Agua Branca,2025,5,29,1.548143220451663,0.7354653320894201
7,32,Quito,Agua Branca,2025,5,29,0.9341085857347143,0.7290900564182378
7,32,La Boca,Agua Branca,2025,5,29,1.0698399283924218,1.0947148138896114
7,32,Porto Alegre,Agua Branca,2025,5,29,1.0152023029863153,0.9901816910853182
7,32,Montevideo,Agua Branca,2025,5,29,1.1032735586777302,0.3344107428439047
7,32,Santos,Agua Branca,2025,5,29,0.9166200434194576,1.1472092689734907
7,32,Rio de Janeiro,Bogota,2025,5,29,1.3433711385227394,1.64226502714156
7,32,Asuncion,Bogota,2025,5,29,1.8050911557813516,0.11129816756206776
7,32,Medellin,Bogota,2025,5,29,1.9494526217417423,0.5818487804873085
7,32,Sao Paulo,Bogota,2025,5,29,2.1259613063385494,0.7738117137244493
7,32,La Plata,Bogota,2025,5,29,1.9888229100617068,0.8483930691948113
7,32,Santiago,Bogota,2025,5,29,1.971927048641483,0.7358533058721487
7,32,Buenos Aires,Bogota,2025,5,29,1.9961548707525967,1.15317922202466
7,32,Avellaneda,Bogota,2025,5,29,1.6530007317809465,0.523776000432038
7,32,Quito,Bogota,2025,5,29,1.6346325436435318,1.2084992408122295
7,32,La Boca,Bogota,2025,5,29,1.6928344181195987,1.2057815080869565
7,32,Porto Alegre,Bogota,2025,5,29,1.769736799242419,1.2303987561030831
7,32,Montevideo,Bogota,2025,5,29,1.5561157266937813,0.06435256885820928
7,32,Santos,Bogota,2025,5,29,2.0284790743529806,0.6647777536394799
7,32,Asuncion,Rio de Janeiro,2025,5,29,0.9054274745394175,0.1232508921712455
7,32,Medellin,Rio de Janeiro,2025,5,29,0.46966753669010325,0.44008266440345106
7,32,Sao Paulo,Rio de Janeiro,2025,5,29,1.527525256448272,0.7249696596629661
7,32,La Plata,Rio de Janeiro,2025,5,29,1.4182307689120481,0.647089485773515
7,32,Santiago,Rio de Janeiro,2025,5,29,0.6792330560261713,0.9489698428704038
7,32,Buenos Aires,Rio de Janeiro,2025,5,29,1.9621704070292019,0.7063581275822379
7,32,Avellaneda,Rio de Janeiro,2025,5,29,1.405367100075774,0.2502171159062423
7,32,Quito,Rio de Janeiro,2025,5,29,1.5386316908590505,0.934067972873996
7,32,La Boca,Rio de Janeiro,2025,5,29,0.840260369250768,0.22311507767925454
7,32,Porto Alegre,Rio de Janeiro,2025,5,29,1.22934859458396,0.7635091876649268
7,32,Montevideo,Rio de Janeiro,2025,5,29,1.4762750847433195,0.08756953366417215
7,32,Santos,Rio de Janeiro,2025,5,29,1.107984685023456,0.4473210643273277
7,32,Medellin,Asuncion,2025,5,29,0.1356031600230251,2.428082826594125
7,32,Sao Paulo,Asuncion,2025,5,29,1.49785633021474,2.626907485016273
7,32,La Plata,Asuncion,2025,5,29,1.1947981223475679,0.9124871387349419
7,32,Santiago,Asuncion,2025,5,29,-0.044699347004776395,0.575932946468967
7,32,Buenos Aires,Asuncion,2025,5,29,1.9326725976115595,2.509198705677207
7,32,Avellaneda,Asuncion,2025,5,29,2.2111472502876013,3.001647637319603
7,32,Quito,Asuncion,2025,5,29,0.33236276187288727,1.8649875646932936
7,32,La Boca,Asuncion,2025,5,29,0.0867302244503197,2.80964244936347
7,32,Porto Alegre,Asuncion,2025,5,29,1.0350017440020147,2.7444382403222947
7,32,Montevideo,Asuncion,2025,5,29,1.0590938867787398,2.7809926265791094
7,32,Santos,Asuncion,2025,5,29,0.29180207005494907,1.5013884233018706
7,32,Sao Paulo,Medellin,2025,5,29,1.2926610553495232,0.8756905151742587
7,32,La Plata,Medellin,2025,5,29,1.2225380790856673,1.0066612702002664
7,32,Santiago,Medellin,2025,5,29,0.39359273826395624,1.109798950327738
7,32,Buenos Aires,Medellin,2025,5,29,2.0262236057817504,0.9852640943699299
7,32,Avellaneda,Medellin,2025,5,29,1.9804223643628025,0.43326546659685294
7,32,Quito,Medellin,2025,5,29,0.12273266735714089,1.116012830843829
7,32,La Boca,Medellin,2025,5,29,0.08798939288637551,1.366509842955646
7,32,Porto Alegre,Medellin,2025,5,29,1.146422185393674,0.9717849162023868
7,32,Montevideo,Medellin,2025,5,29,1.2703599599756252,0.1334455803941202
7,32,Santos,Medellin,2025,5,29,0.09553057811382361,1.1660773687773511
7,32,La Plata,Sao Paulo,2025,5,29,1.0006571511282654,0.8840118606280065
7,32,Santiago,Sao Paulo,2025,5,29,0.24185263507382904,0.494264866806953
7,32,Buenos Aires,Sao Paulo,2025,5,29,1.3603688575224355,1.7758842890151711
7,32,Avellaneda,Sao Paulo,2025,5,29,0.6423169861662765,1.9901071147594447
7,32,Quito,Sao Paulo,2025,5,29,0.32782034841192714,1.3180609847541382
7,32,La Boca,Sao Paulo,2025,5,29,0.7269003471069833,0.6499495638759587
7,32,Porto Alegre,Sao Paulo,2025,5,29,0.5677361398611349,1.5387590791062566
7,32,Montevideo,Sao Paulo,2025,5,29,0.7506071009420253,1.0954144935830656
7,32,Santos,Sao Paulo,2025,5,29,0.466077894949913,0.9259571752070574
7,32,Santiago,La Plata,2025,5,29,0.928344719996704,0.3877613021895995
7,32,Buenos Aires,La Plata,2025,5,29,2.076983478263634,0.4067673361814742
7,32,Avellaneda,La Plata,2025,5,29,1.7310027255905525,0.037173434391225016
7,32,Quito,La Plata,2025,5,29,0.5440478788262951,0.21068211487086372
7,32,La Boca,La Plata,2025,5,29,0.5473612972417593,0.33027509175763464
7,32,Porto Alegre,La Plata,2025,5,29,1.0495877563534923,0.6287761829660874
7,32,Montevideo,La Plata,2025,5,29,1.1418624831520996,-0.34255252241586204
7,32,Santos,La Plata,2025,5,29,0.6594391555848748,0.4566106036132621
7,32,Buenos Aires,Santiago,2025,5,29,1.6598991518905197,2.3039402751721894
7,32,Avellaneda,Santiago,2025,5,29,1.6665112512757991,1.7884016196292876
7,32,Quito,Santiago,2025,5,29,0.9601254120904686,1.8210254941042159
7,32,La Boca,Santiago,2025,5,29,1.2694179049170091,2.0799622218786284
7,32,Porto Alegre,Santiago,2025,5,29,0.9656687209345544,3.001211563411862
7,32,Montevideo,Santiago,2025,5,29,1.0512431700850209,1.3734977777500983
7,32,Santos,Santiago,2025,5,29,1.3867727613760235,1.3573055194480463
7,32,Avellaneda,Buenos Aires,2025,5,29,0.9646022239602486,3.2339897424408868
7,32,Quito,Buenos Aires,2025,5,29,1.118170091459732,2.0759704724715347
7,32,La Boca,Buenos Aires,2025,5,29,0.884707557610182,2.717781200600518
7,32,Porto Alegre,Buenos Aires,2025,5,29,0.999018652822967,2.8923251800717025
7,32,Montevideo,Buenos Aires,2025,5,29,0.7158450064885612,2.752114979277388
7,32,Santos,Buenos Aires,2025,5,29,1.517504294215974,1.8004291029356765
7,32,Quito,Avellaneda,2025,5,29,0.587544962732461,1.2642491650209746
7,32,La Boca,Avellaneda,2025,5,29,0.4619518879010222,1.15983014875044
7,32,Porto Alegre,Avellaneda,2025,5,29,0.8979794261369302,1.4252523972818332
7,32,Montevideo,Avellaneda,2025,5,29,1.1917124061415338,1.0696996159595036
7,32,Santos,Avellaneda,2025,5,29,0.7794169060306791,0.9187037266928887
7,32,La Boca,Quito,2025,5,29,1.7938243415257775,0.8472745534540105
7,32,Porto Alegre,Quito,2025,5,29,1.879700318264828,1.3869910210854655
7,32,Montevideo,Quito,2025,5,29,1.644539026258663,0.35373388825585306
7,32,Santos,Quito,2025,5,29,2.2724358255917845,1.0115612444164281
7,32,Porto Alegre,La Boca,2025,5,29,0.9909656395755954,2.497995553116385
7,32,Montevideo,La Boca,2025,5,29,1.0941170501616304,1.5802683717768475
7,32,Santos,La Boca,2025,5,29,0.8154406871354918,1.261176677300218
7,32,Montevideo,Porto Alegre,2025,5,29,1.2915137418808194,-0.07028568961536462
7,32,Santos,Porto Alegre,2025,5,29,0.9222687316481668,0.3956776308671295
7,32,Santos,Montevideo,2025,5,29,0.8863652799155127,0.8040860768487019
7,35,Penarol,Itaquera,2025,5,29,0.5122713241239278,-0.015522787001634954
7,35,Lima,Itaquera,2025,5,29,0.6495911046329532,0.4457048800107878
7,35,Belo Horizonte,Itaquera,2025,5,29,0.4548747071022938,1.166152845325411
7,35,Guayaquil,Itaquera,2025,5,29,0.7550200484995291,0.4808179174172694
7,35,Agua Branca,Itaquera,2025,5,29,0.5528713905960262,0.9306096659923841
7,35,Bogota,Itaquera,2025,5,29,0.09108172496171985,1.305119978093252
7,35,Rio de Janeiro,Itaquera,2025,5,29,0.40270741402432325,0.4576583624621913
7,35,Asuncion,Itaquera,2025,5,29,0.3707087026371954,-0.1381396144840965
7,35,Medellin,Itaquera,2025,5,29,0.4885073964339566,0.7832158937853151
7,35,Sao Paulo,Itaquera,2025,5,29,0.12533814782849484,-0.07566703781659652
7,35,La Plata,Itaquera,2025,5,29,0.6960796305247058,0.6276909173031665
7,35,Santiago,Itaquera,2025,5,29,0.5737191241464569,0.4240934605906401
7,35,Buenos Aires,Itaquera,2025,5,29,0.6558461222052272,0.7409662944143892
7,35,Avellaneda,Itaquera,2025,5,29,0.5310941740292846,0.15074314150111093
7,35,Quito,Itaquera,2025,5,29,0.5984727617376484,0.6830813122892899
7,35,La Boca,Itaquera,2025,5,29,0.47397654045837123,0.30533364989396794
7,35,Porto Alegre,Itaquera,2025,5,29,0.5155532668845657,0.19884392985686328
7,35,Montevideo,Itaquera,2025,5,29,0.4351445750593867,-0.22219174104920777
7,35,Santos,Itaquera,2025,5,29,0.390564888824997,0.3623662255999208
7,35,Lima,Penarol,2025,5,29,0.4195322908570514,0.5244355407930064
7,35,Belo Horizonte,Penarol,2025,5,29,0.8453972383388659,2.6146201251709087
7,35,Guayaquil,Penarol,2025,5,29,0.6040018479883755,1.2566389609873074
7,35,Agua Branca,Penarol,2025,5,29,1.067291453580808,1.7673974061053221
7,35,Bogota,Penarol,2025,5,29,1.2712314581547184,2.557520626604418
7,35,Rio de Janeiro,Penarol,2025,5,29,1.256151697654503,2.0322636078024803
7,35,Asuncion,Penarol,2025,5,29,1.591562030084657,0.9606941867726224
7,35,Medellin,Penarol,2025,5,29,0.4210008618963692,2.6175867289021055
7,35,Sao Paulo,Penarol,2025,5,29,2.0796443714213035,2.271797295970913
7,35,La Plata,Penarol,2025,5,29,1.9985664680942705,0.8153154776272947
7,35,Santiago,Penarol,2025,5,29,1.5730878612007848,0.8183177966510699
7,35,Buenos Aires,Penarol,2025,5,29,1.9491556754223147,2.4212864371055796
7,35,Avellaneda,Penarol,2025,5,29,0.8947534836788182,2.2761680922593324
7,35,Quito,Penarol,2025,5,29,0.9234076162542503,1.8207505718372077
7,35,La Boca,Penarol,2025,5,29,0.7367435712982218,1.9922764650180373
7,35,Porto Alegre,Penarol,2025,5,29,1.0001123577685826,2.4330523822834853
7,35,Montevideo,Penarol,2025,5,29,1.0136679683981498,1.8830090103571695
7,35,Santos,Penarol,2025,5,29,1.751400969053421,1.5586361977811647
7,35,Belo Horizonte,Lima,2025,5,29,0.12749650428494697,1.9517670460312853
7,35,Guayaquil,Lima,2025,5,29,0.6982810845076682,1.1716011893957652
7,35,Agua Branca,Lima,2025,5,29,0.04601984049956752,1.1717175628246972
7,35,Bogota,Lima,2025,5,29,0.3213621308458213,2.2098910971682026
7,35,Rio de Janeiro,Lima,2025,5,29,-0.044871983959329655,1.3934417861435375
7,35,Asuncion,Lima,2025,5,29,0.08568718734860946,0.3681318443697004
7,35,Medellin,Lima,2025,5,29,-0.01138356364057565,1.8749631604607335
7,35,Sao Paulo,Lima,2025,5,29,0.059237713369872824,1.6223904105350366
7,35,La Plata,Lima,2025,5,29,0.5276010510763667,1.0156070212679962
7,35,Santiago,Lima,2025,5,29,0.08041809125772126,1.0345221705958483
7,35,Buenos Aires,Lima,2025,5,29,0.7473135874917634,1.7072341427961981
7,35,Avellaneda,Lima,2025,5,29,0.39629979629011036,0.8875065411241897
7,35,Quito,Lima,2025,5,29,-0.024940408192695017,1.4252329601155445
7,35,La Boca,Lima,2025,5,29,-0.04239211368183886,1.4294474849223697
7,35,Porto Alegre,Lima,2025,5,29,0.029261706799433476,1.9952794612933809
7,35,Montevideo,Lima,2025,5,29,0.3564224464001004,0.766003748583663
7,35,Santos,Lima,2025,5,29,0.05385364371263423,1.4763208414415343
7,35,Guayaquil,Belo Horizonte,2025,5,29,0.2899109177916124,1.1073189422798377
7,35,Agua Branca,Belo Horizonte,2025,5,29,0.9764074613572157,1.7571475587636427
7,35,Bogota,Belo Horizonte,2025,5,29,0.819392810420594,2.5140724412451476
7,35,Rio de Janeiro,Belo Horizonte,2025,5,29,1.1702401083658975,2.2203583696294884
7,35,Asuncion,Belo Horizonte,2025,5,29,0.958494855076085,1.0851193624906554
7,35,Medellin,Belo Horizonte,2025,5,29,0.5662453749021507,2.392213673267084
7,35,Sao Paulo,Belo Horizonte,2025,5,29,1.287445552990478,2.593429361608627
7,35,La Plata,Belo Horizonte,2025,5,29,0.8141219293781229,0.8492870612194374
7,35,Santiago,Belo Horizonte,2025,5,29,0.9248688642021771,1.0075498601666362
7,35,Buenos Aires,Belo Horizonte,2025,5,29,1.3568890099639905,2.2633452097664355
7,35,Avellaneda,Belo Horizonte,2025,5,29,0.8989800736966593,2.691701314107716
7,35,Quito,Belo Horizonte,2025,5,29,0.6225254290423973,1.8883219592168108
7,35,La Boca,Belo Horizonte,2025,5,29,0.6528104445503996,2.4032972950583766
7,35,Porto Alegre,Belo Horizonte,2025,5,29,0.5697984184932752,2.4307224408118078
7,35,Montevideo,Belo Horizonte,2025,5,29,1.0814859016245666,2.387270517389834
7,35,Santos,Belo Horizonte,2025,5,29,0.8051991706081043,1.6384637904852997
7,35,Agua Branca,Guayaquil,2025,5,29,2.130561189540106,0.7412082161929237
7,35,Bogota,Guayaquil,2025,5,29,1.1324844403406693,1.4527542264100926
7,35,Rio de Janeiro,Guayaquil,2025,5,29,1.454322270173398,0.6776486266642505
7,35,Asuncion,Guayaquil,2025,5,29,1.4520876941420742,0.040787837524602875
7,35,Medellin,Guayaquil,2025,5,29,2.0601758923515225,0.7954883042078026
7,35,Sao Paulo,Guayaquil,2025,5,29,2.560535838814653,0.03929308548673423
7,35,La Plata,Guayaquil,2025,5,29,1.9522069054179405,0.43618435254124127
7,35,Santiago,Guayaquil,2025,5,29,1.5232735562494315,0.3377169794378888
7,35,Buenos Aires,Guayaquil,2025,5,29,2.363363525212804,0.6699311667807579
7,35,Avellaneda,Guayaquil,2025,5,29,1.399249068504175,0.3112354566323601
7,35,Quito,Guayaquil,2025,5,29,1.0739072358166168,1.030085110414688
7,35,La Boca,Guayaquil,2025,5,29,1.0994437621633475,0.5288775521222965
7,35,Porto Alegre,Guayaquil,2025,5,29,1.343270588253682,0.4934695683908848
7,35,Montevideo,Guayaquil,2025,5,29,1.4446250382745958,-0.10430955964625079
7,35,Santos,Guayaquil,2025,5,29,2.4656957281060206,0.16493074699034105
7,35,Bogota,Agua Branca,2025,5,29,1.3428252337450948,1.4469027697457166
7,35,Rio de Janeiro,Agua Branca,2025,5,29,1.058792292194284,0.8328559896382625
7,35,Asuncion,Agua Branca,2025,5,29,1.305611351500408,0.2953555690870867
7,35,Medellin,Agua Branca,2025,5,29,0.7031884386419283,2.139049936581518
7,35,Sao Paulo,Agua Branca,2025,5,29,1.2734428678860608,1.4074611270035464
7,35,La Plata,Agua Branca,2025,5,29,1.353321718502956,0.8597032532506046
7,35,Santiago,Agua Branca,2025,5,29,1.2396935899603845,1.017018037688916
7,35,Buenos Aires,Agua Branca,2025,5,29,1.2353717885358935,1.1014563736380611
7,35,Avellaneda,Agua Branca,2025,5,29,1.265875749178002,0.7331006691985096
7,35,Quito,Agua Branca,2025,5,29,0.7218980342365359,0.7508646967422951
7,35,La Boca,Agua Branca,2025,5,29,1.031287904270244,1.115410067532805
7,35,Porto Alegre,Agua Branca,2025,5,29,0.8586525597766572,0.9163836203908515
7,35,Montevideo,Agua Branca,2025,5,29,1.040704928049978,0.3382657305443569
7,35,Santos,Agua Branca,2025,5,29,0.9276370956697021,1.2253750147754232
7,35,Rio de Janeiro,Bogota,2025,5,29,1.3142844809221264,1.4992217299611628
7,35,Asuncion,Bogota,2025,5,29,1.7464983823002802,0.11278090905650008
7,35,Medellin,Bogota,2025,5,29,1.940417538476932,0.5901190392736967
7,35,Sao Paulo,Bogota,2025,5,29,2.221155464897013,0.7274457920030206
7,35,La Plata,Bogota,2025,5,29,2.2151026164180565,0.8019999704140549
7,35,Santiago,Bogota,2025,5,29,1.9872503001075612,0.7219890761487197
7,35,Buenos Aires,Bogota,2025,5,29,2.237757828575025,1.1049257191451778
7,35,Avellaneda,Bogota,2025,5,29,1.532150700290885,0.48539464988617437
7,35,Quito,Bogota,2025,5,29,1.4642248219372092,1.2079165071817692
7,35,La Boca,Bogota,2025,5,29,1.6444771609463513,1.1432009390632532
7,35,Porto Alegre,Bogota,2025,5,29,1.6386512514445335,1.120150577395199
7,35,Montevideo,Bogota,2025,5,29,1.5561157266937813,0.0276098902112845
7,35,Santos,Bogota,2025,5,29,2.254758780709329,0.6366429051227759
7,35,Asuncion,Rio de Janeiro,2025,5,29,0.8689670091619555,-0.05906886762230969
7,35,Medellin,Rio de Janeiro,2025,5,29,0.4514312112614598,0.4651714562716215
7,35,Sao Paulo,Rio de Janeiro,2025,5,29,1.4719111962492977,0.5132509322267041
7,35,La Plata,Rio de Janeiro,2025,5,29,1.493137522616403,0.6165718756244195
7,35,Santiago,Rio de Janeiro,2025,5,29,0.6746521997866409,0.7552524796221145
7,35,Buenos Aires,Rio de Janeiro,2025,5,29,2.056612913576502,0.6763923800106466
7,35,Avellaneda,Rio de Janeiro,2025,5,29,1.1943624868197844,0.05755854647052856
7,35,Quito,Rio de Janeiro,2025,5,29,0.9904353322546017,0.9157317634689153
7,35,La Boca,Rio de Janeiro,2025,5,29,0.8017083451285905,0.18281052046550458
7,35,Porto Alegre,Rio de Janeiro,2025,5,29,1.10221294615747,0.48937742546831814
7,35,Montevideo,Rio de Janeiro,2025,5,29,1.4730490539147578,-0.09625797201413112
7,35,Santos,Rio de Janeiro,2025,5,29,1.2096556742262208,0.43520825994677
7,35,Medellin,Asuncion,2025,5,29,0.1523284191799876,2.3941119123700165
7,35,Sao Paulo,Asuncion,2025,5,29,1.5330765750383761,2.62367777081489
7,35,La Plata,Asuncion,2025,5,29,1.3970187606383067,0.9557544943784728
7,35,Santiago,Asuncion,2025,5,29,-0.028501483073081098,0.6287897283500361
7,35,Buenos Aires,Asuncion,2025,5,29,2.115932942103476,2.4737585692269897
7,35,Avellaneda,Asuncion,2025,5,29,1.8674977762578073,2.9679429725106803
7,35,Quito,Asuncion,2025,5,29,0.12842696959399055,1.919161459283713
7,35,La Boca,Asuncion,2025,5,29,0.08034394504436106,2.800578501518438
7,35,Porto Alegre,Asuncion,2025,5,29,0.8768403166186557,2.6470034280436754
7,35,Montevideo,Asuncion,2025,5,29,0.990654129375823,2.770086087632221
7,35,Santos,Asuncion,2025,5,29,0.5331022748713625,1.5540930956661811
7,35,Sao Paulo,Medellin,2025,5,29,1.0871426058907798,0.9426144928996926
7,35,La Plata,Medellin,2025,5,29,1.1925507787049519,1.0621685191315184
7,35,Santiago,Medellin,2025,5,29,0.40664482704033544,1.1090728020365443
7,35,Buenos Aires,Medellin,2025,5,29,1.9641248700669836,0.9841195871467918
7,35,Avellaneda,Medellin,2025,5,29,1.6194812291832448,0.4384156074751773
7,35,Quito,Medellin,2025,5,29,-0.08825926976369464,1.1279670840133105
7,35,La Boca,Medellin,2025,5,29,0.07136759717259286,1.4103875537203876
7,35,Porto Alegre,Medellin,2025,5,29,0.9868197435518961,0.908645733150847
7,35,Montevideo,Medellin,2025,5,29,1.2090099437252153,0.13698027774512175
7,35,Santos,Medellin,2025,5,29,0.10349493173194864,1.2307789201276238
7,35,La Plata,Sao Paulo,2025,5,29,1.2263704554918133,0.8379722610143713
7,35,Santiago,Sao Paulo,2025,5,29,0.25313343356255313,0.5011373819512803
7,35,Buenos Aires,Sao Paulo,2025,5,29,1.6027234517254298,1.7015711290543583
7,35,Avellaneda,Sao Paulo,2025,5,29,0.6583918740129218,1.954744454030921
7,35,Quito,Sao Paulo,2025,5,29,0.3357847020300522,1.3079829990046572
7,35,La Boca,Sao Paulo,2025,5,29,0.7371358634148072,0.5692242432779568
7,35,Porto Alegre,Sao Paulo,2025,5,29,0.5773121776529612,1.4169993611874334
7,35,Montevideo,Sao Paulo,2025,5,29,0.7500406989492242,1.0685179469666328
7,35,Santos,Sao Paulo,2025,5,29,0.7019336390980879,0.9039311284927007
7,35,Santiago,La Plata,2025,5,29,0.9436679714627821,0.37595727839966353
7,35,Buenos Aires,La Plata,2025,5,29,2.2647654698799724,0.37999683558920216
7,35,Avellaneda,La Plata,2025,5,29,1.5714475921718012,0.06011484360393787
7,35,Quito,La Plata,2025,5,29,0.510279411957475,0.21069036494778734
7,35,La Boca,La Plata,2025,5,29,0.5238283466807627,0.25558675196398717
7,35,Porto Alegre,La Plata,2025,5,29,1.0167554187957748,0.6169721591761512
7,35,Montevideo,La Plata,2025,5,29,1.0761970233878644,-0.357671261116942
7,35,Santos,La Plata,2025,5,29,0.8857188619412234,0.43417563156780115
7,35,Buenos Aires,Santiago,2025,5,29,1.6945157535109934,2.263636763884347
7,35,Avellaneda,Santiago,2025,5,29,1.6040652849746522,1.7396581295192703
7,35,Quito,Santiago,2025,5,29,0.931723093347917,1.8307102371369819
7,35,La Boca,Santiago,2025,5,29,1.218401018908001,2.0464409551149214
7,35,Porto Alegre,Santiago,2025,5,29,0.9680069361322489,2.913043135234065
7,35,Montevideo,Santiago,2025,5,29,1.0480171392564592,1.35031532062855
7,35,Santos,Santiago,2025,5,29,1.486832066405087,1.336854413107796
7,35,Avellaneda,Buenos Aires,2025,5,29,0.9762222117758493,3.2533748632056008
7,35,Quito,Buenos Aires,2025,5,29,0.7537084929799847,2.1358436745811273
7,35,La Boca,Buenos Aires,2025,5,29,0.8453853837017451,2.6795145631091635
7,35,Porto Alegre,Buenos Aires,2025,5,29,1.00842402089951,2.800855924727442
7,35,Montevideo,Buenos Aires,2025,5,29,0.7252503745651045,2.7554957150235877
7,35,Santos,Buenos Aires,2025,5,29,1.7588044990323881,1.8770208712273004
7,35,Quito,Avellaneda,2025,5,29,0.5268151915795077,1.3175740765657478
7,35,La Boca,Avellaneda,2025,5,29,0.3771665350231939,1.109213963110355
7,35,Porto Alegre,Avellaneda,2025,5,29,0.9070192500710441,1.3908508589440232
7,35,Montevideo,Avellaneda,2025,5,29,1.1935762998756905,1.027579648859721
7,35,Santos,Avellaneda,2025,5,29,1.0167026566003632,0.9433620110907539
7,35,La Boca,Quito,2025,5,29,1.7428074555167694,0.7545848494723901
7,35,Porto Alegre,Quito,2025,5,29,1.8927545964456713,1.0833846793729973
7,35,Montevideo,Quito,2025,5,29,1.6549336756037456,0.1463581090919504
7,35,Santos,Quito,2025,5,29,2.379562283499697,0.9752781475972112
7,35,Porto Alegre,La Boca,2025,5,29,0.8694561295695362,2.3948484750363823
7,35,Montevideo,La Boca,2025,5,29,1.0935506481688297,1.5554297477736119
7,35,Santos,La Boca,2025,5,29,0.825016724927318,1.2437825999491454
7,35,Montevideo,Porto Alegre,2025,5,29,1.2338126357347092,-0.07712294943062732
7,35,Santos,Porto Alegre,2025,5,29,1.02795417509766,0.426006664162517
7,35,Santos,Montevideo,2025,5,29,0.8863542718786035,0.8054735552245178
7,38,Penarol,Itaquera,2025,5,29,0.5417432227135519,-0.026923504479761256
7,38,Lima,Itaquera,2025,5,29,0.6643621326765881,0.42500898853409413
7,38,Belo Horizonte,Itaquera,2025,5,29,0.5178033056573401,1.1999479942777682
7,38,Guayaquil,Itaquera,2025,5,29,0.7550200484995291,0.511230470284061
7,38,Agua Branca,Itaquera,2025,5,29,0.5794904416537736,0.8658927361296276
7,38,Bogota,Itaquera,2025,5,29,0.1347152290510221,1.3302066806837927
7,38,Rio de Janeiro,Itaquera,2025,5,29,0.39947975799325924,0.45806161618102426
7,38,Asuncion,Itaquera,2025,5,29,0.40055540972600695,-0.10434446553173907
7,38,Medellin,Itaquera,2025,5,29,0.5647768014308362,0.8136284466521068
7,38,Sao Paulo,Itaquera,2025,5,29,0.3368815198410656,-0.04493075156617955
7,38,La Plata,Itaquera,2025,5,29,0.7076230025372766,0.6152857681342768
7,38,Santiago,Itaquera,2025,5,29,0.5737191241464569,0.44941605116907807
7,38,Buenos Aires,Itaquera,2025,5,29,0.6698795793935427,0.7747614433667467
7,38,Avellaneda,Itaquera,2025,5,29,0.5457819738703933,0.08908507434029493
7,38,Quito,Itaquera,2025,5,29,0.6452506936554885,0.7134938651560816
7,38,La Boca,Itaquera,2025,5,29,0.5474567516364847,0.31394709989276587
7,38,Porto Alegre,Itaquera,2025,5,29,0.7450120947693095,0.23206462645916742
7,38,Montevideo,Itaquera,2025,5,29,0.6319299897332035,-0.22470696324247866
7,38,Santos,Itaquera,2025,5,29,0.4439690931366234,0.38340242827636956
7,38,Lima,Penarol,2025,5,29,0.5233120097791261,0.7205228257030725
7,38,Belo Horizonte,Penarol,2025,5,29,0.97903860376445,2.739973048675648
7,38,Guayaquil,Penarol,2025,5,29,0.6808013409512329,1.4957758511685697
7,38,Agua Branca,Penarol,2025,5,29,1.1496838300677166,1.8382827971516158
7,38,Bogota,Penarol,2025,5,29,1.3281489003542926,2.574364449826191
7,38,Rio de Janeiro,Penarol,2025,5,29,1.260559089775448,2.0387128219819624
7,38,Asuncion,Penarol,2025,5,29,1.5701478828558328,1.115516989054112
7,38,Medellin,Penarol,2025,5,29,0.5911397515196296,2.670938580523083
7,38,Sao Paulo,Penarol,2025,5,29,2.14412129203604,2.4667104051499007
7,38,La Plata,Penarol,2025,5,29,1.9560092089622088,0.8215664425179651
7,38,Santiago,Penarol,2025,5,29,1.5473135994273242,1.010935149163972
7,38,Buenos Aires,Penarol,2025,5,29,1.9549784125243153,2.4458781986111204
7,38,Avellaneda,Penarol,2025,5,29,0.9928010844401038,2.445771615468905
7,38,Quito,Penarol,2025,5,29,0.9381709858322063,1.980390506283487
7,38,La Boca,Penarol,2025,5,29,0.7515069408761778,2.0427632055695506
7,38,Porto Alegre,Penarol,2025,5,29,0.9827855952698079,2.4570148596339103
7,38,Montevideo,Penarol,2025,5,29,1.0097027415117663,1.9208778982372872
7,38,Santos,Penarol,2025,5,29,1.8406908228370193,1.6682783667252976
7,38,Belo Horizonte,Lima,2025,5,29,0.17850432139787134,2.068430613842094
7,38,Guayaquil,Lima,2025,5,29,0.7059161326596772,1.40319105753431
7,38,Agua Branca,Lima,2025,5,29,0.06071811011519279,1.2812257671174743
7,38,Bogota,Lima,2025,5,29,0.33613315888945616,2.228159861248453
7,38,Rio de Janeiro,Lima,2025,5,29,-0.039274480528139415,1.396885165236805
7,38,Asuncion,Lima,2025,5,29,0.10360264322078212,0.5054346368856141
7,38,Medellin,Lima,2025,5,29,0.043772947530315826,1.8897635072307986
7,38,Sao Paulo,Lima,2025,5,29,0.271971196692689,1.7955026035844461
7,38,La Plata,Lima,2025,5,29,0.5403345343991827,1.0818381960371488
7,38,Santiago,Lima,2025,5,29,0.08805313940973031,1.197549076121156
7,38,Buenos Aires,Lima,2025,5,29,0.7613470446800789,1.7345497875289706
7,38,Avellaneda,Lima,2025,5,29,0.4306684295675373,1.1027345283521572
7,38,Quito,Lima,2025,5,29,0.0006100958314867251,1.5795661349534589
7,38,La Boca,Lima,2025,5,29,-0.002070581614022234,1.4613784250417596
7,38,Porto Alegre,Lima,2025,5,29,0.26754569414643115,2.0137096201494473
7,38,Montevideo,Lima,2025,5,29,0.554397972384162,0.7760375193142222
7,38,Santos,Lima,2025,5,29,0.12412832082087355,1.5647241414058084
7,38,Guayaquil,Belo Horizonte,2025,5,29,0.2921138643641747,1.3491362577052899
7,38,Agua Branca,Belo Horizonte,2025,5,29,1.0543508691910068,1.9038244232803037
7,38,Bogota,Belo Horizonte,2025,5,29,0.8870973870663933,2.549227808117085
7,38,Rio de Janeiro,Belo Horizonte,2025,5,29,1.1797844949608074,2.223226791009848
7,38,Asuncion,Belo Horizonte,2025,5,29,0.9728482232285429,1.268593919026162
7,38,Medellin,Belo Horizonte,2025,5,29,0.6558138330633851,2.464610463656465
7,38,Sao Paulo,Belo Horizonte,2025,5,29,1.5570594680791783,2.8662300455092917
7,38,La Plata,Belo Horizonte,2025,5,29,0.8190412524646512,0.9278119544742041
7,38,Santiago,Belo Horizonte,2025,5,29,0.9270718107747393,1.181099009500316
7,38,Buenos Aires,Belo Horizonte,2025,5,29,1.3585735560444905,2.302277851437764
7,38,Avellaneda,Belo Horizonte,2025,5,29,0.9113348209312742,2.961305532882302
7,38,Quito,Belo Horizonte,2025,5,29,0.6325825941302252,2.0699209475644706
7,38,La Boca,Belo Horizonte,2025,5,29,0.6669446423396006,2.513369817666904
7,38,Porto Alegre,Belo Horizonte,2025,5,29,0.7847749066676312,2.465728555387811
7,38,Montevideo,Belo Horizonte,2025,5,29,1.2888404123517947,2.4286112627472645
7,38,Santos,Belo Horizonte,2025,5,29,0.8824612045536943,1.7510074152822948
7,38,Agua Branca,Guayaquil,2025,5,29,1.9606814376478365,0.6985895318710655
7,38,Bogota,Guayaquil,2025,5,29,1.1613469163863366,1.4861241753083305
7,38,Rio de Janeiro,Guayaquil,2025,5,29,1.454322270173398,0.7297127432147871
7,38,Asuncion,Guayaquil,2025,5,29,1.282207942249806,0.11241464407869053
7,38,Medellin,Guayaquil,2025,5,29,1.919158616504921,0.8302010531332479
7,38,Sao Paulo,Guayaquil,2025,5,29,2.560535838814653,0.09995572553038658
7,38,La Plata,Guayaquil,2025,5,29,1.9522069054179405,0.4788084562928488
7,38,Santiago,Guayaquil,2025,5,29,1.5232735562494315,0.36303957001632675
7,38,Buenos Aires,Guayaquil,2025,5,29,2.363363525212804,0.7076664578771976
7,38,Avellaneda,Guayaquil,2025,5,29,1.229369316611907,0.3349501969351272
7,38,Quito,Guayaquil,2025,5,29,1.1027697118622841,1.0998363487809293
7,38,La Boca,Guayaquil,2025,5,29,1.1283062382090148,0.5812827428597455
7,38,Porto Alegre,Guayaquil,2025,5,29,1.343270588253682,0.526690264993189
7,38,Montevideo,Guayaquil,2025,5,29,1.4446250382745958,-0.07094241244699935
7,38,Santos,Guayaquil,2025,5,29,2.4656957281060206,0.19296595451281257
7,38,Bogota,Agua Branca,2025,5,29,1.332038099298869,1.455960130921882
7,38,Rio de Janeiro,Agua Branca,2025,5,29,1.065621801251048,0.8154362017164369
7,38,Asuncion,Agua Branca,2025,5,29,1.3290168791149526,0.3219334150142835
7,38,Medellin,Agua Branca,2025,5,29,0.8671130105757285,2.154754610550984
7,38,Sao Paulo,Agua Branca,2025,5,29,1.3034236428726225,1.4831353451242524
7,38,La Plata,Agua Branca,2025,5,29,1.3412307660618052,0.84346339714212
7,38,Santiago,Agua Branca,2025,5,29,1.2076790276205007,1.030145993792573
7,38,Buenos Aires,Agua Branca,2025,5,29,1.2370563346163934,1.1158395850904774
7,38,Avellaneda,Agua Branca,2025,5,29,1.2637222977304934,0.8094432608077408
7,38,Quito,Agua Branca,2025,5,29,0.7698698348321176,0.7731566386251807
7,38,La Boca,Agua Branca,2025,5,29,1.0887688391466461,1.1681475745175445
7,38,Porto Alegre,Agua Branca,2025,5,29,0.8437479142137009,0.9335666933261969
7,38,Montevideo,Agua Branca,2025,5,29,1.0399124596596134,0.3329135305449162
7,38,Santos,Agua Branca,2025,5,29,0.9991437784035148,1.2336879547398725
7,38,Rio de Janeiro,Bogota,2025,5,29,1.3088523793426796,1.5038556293189895
7,38,Asuncion,Bogota,2025,5,29,1.7366954788971989,0.1376405971200283
7,38,Medellin,Bogota,2025,5,29,1.9757791641597915,0.6080574162739739
7,38,Sao Paulo,Bogota,2025,5,29,2.0530193317982572,0.7685132640436413
7,38,La Plata,Bogota,2025,5,29,2.175453005926163,0.8017190164620198
7,38,Santiago,Bogota,2025,5,29,1.9421685880362212,0.7400646088959717
7,38,Buenos Aires,Bogota,2025,5,29,2.237757828575025,1.12490522871099
7,38,Avellaneda,Bogota,2025,5,29,1.3819300230643028,0.49580606896785145
7,38,Quito,Bogota,2025,5,29,1.3086491118438481,1.2290612405850467
7,38,La Boca,Bogota,2025,5,29,1.6581046320094905,1.167481316896172
7,38,Porto Alegre,Bogota,2025,5,29,1.616917096824813,1.1355482323568444
7,38,Montevideo,Bogota,2025,5,29,1.5561157266937813,0.02454622504771675
7,38,Santos,Bogota,2025,5,29,2.2672421350020544,0.6438634684126794
7,38,Asuncion,Rio de Janeiro,2025,5,29,0.9744083634308373,-0.09111428555206776
7,38,Medellin,Rio de Janeiro,2025,5,29,0.49782244195495634,0.45053254496291234
7,38,Sao Paulo,Rio de Janeiro,2025,5,29,1.1901755235742013,0.547833836362326
7,38,La Plata,Rio de Janeiro,2025,5,29,1.580046980915422,0.5771741179297214
7,38,Santiago,Rio de Janeiro,2025,5,29,0.6912722003524373,0.7453698926757416
7,38,Buenos Aires,Rio de Janeiro,2025,5,29,2.0799513305695005,0.6651360647875032
7,38,Avellaneda,Rio de Janeiro,2025,5,29,0.8496289271614309,0.031760995741520026
7,38,Quito,Rio de Janeiro,2025,5,29,0.8923927695019865,0.8909138135604132
7,38,La Boca,Rio de Janeiro,2025,5,29,0.8944907653594242,0.23895736699174405
7,38,Porto Alegre,Rio de Janeiro,2025,5,29,1.141915605708335,0.47813472529393236
7,38,Montevideo,Rio de Janeiro,2025,5,29,1.4710245798988193,-0.10521014131659195
7,38,Santos,Rio de Janeiro,2025,5,29,1.1785591777597881,0.40906354168532805
7,38,Medellin,Asuncion,2025,5,29,0.18841001200588342,2.453538354847676
7,38,Sao Paulo,Asuncion,2025,5,29,1.2504289237985504,2.8965632727870005
7,38,La Plata,Asuncion,2025,5,29,1.4245208556726836,1.0971047628224104
7,38,Santiago,Asuncion,2025,5,29,-0.027693284086104157,0.8576467388746881
7,38,Buenos Aires,Asuncion,2025,5,29,2.1214356718145804,2.5000809169011675
7,38,Avellaneda,Asuncion,2025,5,29,1.5154060502632096,3.2978851641267477
7,38,Quito,Asuncion,2025,5,29,0.048509409118374494,2.1693897730360594
7,38,La Boca,Asuncion,2025,5,29,0.159116986712474,2.9239263296856457
7,38,Porto Alegre,Asuncion,2025,5,29,0.896174444694696,2.6727513233678
7,38,Montevideo,Asuncion,2025,5,29,0.9899165585205036,2.863129524851119
7,38,Santos,Asuncion,2025,5,29,0.5835513920744062,1.6736655790293087
7,38,Sao Paulo,Medellin,2025,5,29,1.0148463793169291,0.9707167863539304
7,38,La Plata,Medellin,2025,5,29,1.2249721968258573,1.0937360335933661
7,38,Santiago,Medellin,2025,5,29,0.4205201757587682,1.1390471188471067
7,38,Buenos Aires,Medellin,2025,5,29,1.9696275997780879,0.9837343195749072
7,38,Avellaneda,Medellin,2025,5,29,1.2894955520680418,0.5024656769182315
7,38,Quito,Medellin,2025,5,29,-0.16054178208730174,1.1585501644259566
7,38,La Boca,Medellin,2025,5,29,0.1617891163682943,1.4471819301623152
7,38,Porto Alegre,Medellin,2025,5,29,1.2172895706626061,0.9077532733389402
7,38,Montevideo,Medellin,2025,5,29,1.4131916959564241,0.17154898541967328
7,38,Santos,Medellin,2025,5,29,0.17997583508733525,1.2303936525557393
7,38,La Plata,Sao Paulo,2025,5,29,1.235675415296497,0.9841973090819183
7,38,Santiago,Sao Paulo,2025,5,29,0.2621183859763406,0.6704958676997755
7,38,Buenos Aires,Sao Paulo,2025,5,29,1.6112908406747943,1.7827598886103841
7,38,Avellaneda,Sao Paulo,2025,5,29,0.685612289689778,2.125749017956919
7,38,Quito,Sao Paulo,2025,5,29,0.3537001579022249,1.4748873624807362
7,38,La Boca,Sao Paulo,2025,5,29,0.7564699914908471,0.5808778186511893
7,38,Porto Alegre,Sao Paulo,2025,5,29,0.5966463057290011,1.4586852744026106
7,38,Montevideo,Sao Paulo,2025,5,29,0.7500537696541046,1.110576864264975
7,38,Santos,Sao Paulo,2025,5,29,0.7585654994407782,1.0599516886497693
7,38,Santiago,La Plata,2025,5,29,0.9444761704497591,0.40259763353569494
7,38,Buenos Aires,La Plata,2025,5,29,2.2702681995910767,0.4099365670444125
7,38,Avellaneda,La Plata,2025,5,29,1.572255791158778,0.05414710595238423
7,38,Quito,La Plata,2025,5,29,0.5391418880031421,0.2190973343692728
7,38,La Boca,La Plata,2025,5,29,0.5472587211469835,0.25994439115956297
7,38,Porto Alegre,La Plata,2025,5,29,1.0167554187957748,0.6427200545002759
7,38,Montevideo,La Plata,2025,5,29,1.0762100940927448,-0.3523774269762004
7,38,Santos,La Plata,2025,5,29,0.9190031648322942,0.4425857391126852
7,38,Buenos Aires,Santiago,2025,5,29,1.6828962168336872,2.319862041080179
7,38,Avellaneda,Santiago,2025,5,29,1.469804786945475,1.9137949993236574
7,38,Quito,Santiago,2025,5,29,0.9176239868802057,2.0105791921484055
7,38,La Boca,Santiago,2025,5,29,1.2162331636569288,2.0574701627936594
7,38,Porto Alegre,Santiago,2025,5,29,0.9506801736334735,2.937699009447589
7,38,Montevideo,Santiago,2025,5,29,1.0448025539302754,1.3623166304151912
7,38,Santos,Santiago,2025,5,29,1.509167985103085,1.4701766860124115
7,38,Avellaneda,Buenos Aires,2025,5,29,0.9208100644869044,3.8013589464819506
7,38,Quito,Buenos Aires,2025,5,29,0.7241160475759195,2.5092091983357006
7,38,La Boca,Buenos Aires,2025,5,29,0.8281418494054957,2.8445402928732086
7,38,Porto Alegre,Buenos Aires,2025,5,29,0.9985219266256077,2.8713497298197916
7,38,Montevideo,Buenos Aires,2025,5,29,0.7326048852923323,3.0038520485809674
7,38,Santos,Buenos Aires,2025,5,29,1.7818393712459837,2.078455892512788
7,38,Quito,Avellaneda,2025,5,29,0.563312715777184,1.5003245786446586
7,38,La Boca,Avellaneda,2025,5,29,0.42559531043750914,1.1493989323979972
7,38,Porto Alegre,Avellaneda,2025,5,29,0.9126167535022343,1.414813336294448
7,38,Montevideo,Avellaneda,2025,5,29,1.1908011842995523,1.0915766516130316
7,38,Santos,Avellaneda,2025,5,29,1.0215625891762343,1.033297767361574
7,38,La Boca,Quito,2025,5,29,1.7385194707077358,0.831884755421537
7,38,Porto Alegre,Quito,2025,5,29,1.8498773299227138,1.1206496531199308
7,38,Montevideo,Quito,2025,5,29,1.6509684487173621,0.1591470666112081
7,38,Santos,Quito,2025,5,29,2.3701649550338666,0.9923766408230885
7,38,Porto Alegre,La Boca,2025,5,29,1.0887902576455764,2.4212897672236062
7,38,Montevideo,La Boca,2025,5,29,1.2935637188737101,1.5624323435183032
7,38,Santos,La Boca,2025,5,29,0.7828906234502485,1.3477614023573614
7,38,Montevideo,Porto Alegre,2025,5,29,1.231037520158571,-0.08521174698471387
7,38,Santos,Porto Alegre,2025,5,29,1.0584502917077125,0.429639751141792
7,38,Santos,Montevideo,2025,5,29,0.9244854366406645,0.8239495172447688
7,41,Penarol,Itaquera,2025,5,29,0.6045860707470366,-0.16978896215955586
7,41,Lima,Itaquera,2025,5,29,0.7069843116994856,0.41406356151217844
7,41,Belo Horizonte,Itaquera,2025,5,29,0.5315657941677286,1.1440594363574463
7,41,Guayaquil,Itaquera,2025,5,29,0.8081705202933905,0.47668981662132826
7,41,Agua Branca,Itaquera,2025,5,29,0.5622744970985442,0.7430275023617975
7,41,Bogota,Itaquera,2025,5,29,0.21097886104078944,1.2860355771382228
7,41,Rio de Janeiro,Itaquera,2025,5,29,0.4553861431096342,0.38518261248141555
7,41,Asuncion,Itaquera,2025,5,29,0.3693437196500161,-0.214516253893884
7,41,Medellin,Itaquera,2025,5,29,0.5370498520276016,0.76483550244491
7,41,Sao Paulo,Itaquera,2025,5,29,0.3058015743469846,-0.055937542013625885
7,41,La Plata,Itaquera,2025,5,29,0.771829094797386,0.47767530557399707
7,41,Santiago,Itaquera,2025,5,29,0.63176953038854,0.42065385801578864
7,41,Buenos Aires,Itaquera,2025,5,29,0.7305635968728479,0.7572516298942304
7,41,Avellaneda,Itaquera,2025,5,29,0.591823373088231,0.05591751319998134
7,41,Quito,Itaquera,2025,5,29,0.7171651008364232,0.6158303843987981
7,41,La Boca,Itaquera,2025,5,29,0.5419597344199297,0.23873471617546335
7,41,Porto Alegre,Itaquera,2025,5,29,0.8106967229070701,0.18395898589908355
7,41,Montevideo,Itaquera,2025,5,29,0.7141806325267617,-0.28810962364481724
7,41,Santos,Itaquera,2025,5,29,0.43428669426683764,0.25224063108906336
7,41,Lima,Penarol,2025,5,29,0.621851771727173,0.24855860609199934
7,41,Belo Horizonte,Penarol,2025,5,29,1.0451759818924684,2.6303460599019073
7,41,Guayaquil,Penarol,2025,5,29,0.7926678010062563,1.1009024859097043
7,41,Agua Branca,Penarol,2025,5,29,1.2383279985511566,1.3230092431232074
7,41,Bogota,Penarol,2025,5,29,1.343285988179871,2.53930308684616
7,41,Rio de Janeiro,Penarol,2025,5,29,1.2226280200446495,1.92149630234751
7,41,Asuncion,Penarol,2025,5,29,1.617866905377337,0.4756821159126693
7,41,Medellin,Penarol,2025,5,29,0.6761444715984178,2.5011306148478343
7,41,Sao Paulo,Penarol,2025,5,29,2.0698811640924557,2.285533492987945
7,41,La Plata,Penarol,2025,5,29,1.9984636485498792,0.03484247895272417
7,41,Santiago,Penarol,2025,5,29,1.539190693547559,0.5478873558370951
7,41,Buenos Aires,Penarol,2025,5,29,2.002210484474917,2.1966383469400306
7,41,Avellaneda,Penarol,2025,5,29,1.0919787661458935,2.183704926651433
7,41,Quito,Penarol,2025,5,29,1.0108077124496038,1.5354057304648694
7,41,La Boca,Penarol,2025,5,29,0.8556190153622334,1.9125309074533254
7,41,Porto Alegre,Penarol,2025,5,29,1.104250146816901,2.4521537181058615
7,41,Montevideo,Penarol,2025,5,29,1.1204797348300823,1.8185289611056847
7,41,Santos,Penarol,2025,5,29,1.8022020616061147,1.1243832867735823
7,41,Belo Horizonte,Lima,2025,5,29,0.16958808398637662,1.954044587615762
7,41,Guayaquil,Lima,2025,5,29,0.6895571476734039,1.2667065562852329
7,41,Agua Branca,Lima,2025,5,29,0.05180187270369809,0.9584181349863404
7,41,Bogota,Lima,2025,5,29,0.5918095525028132,2.1781467884788994
7,41,Rio de Janeiro,Lima,2025,5,29,-0.044756569192954246,1.2833089398417066
7,41,Asuncion,Lima,2025,5,29,0.09463581388321089,0.15038276518390625
7,41,Medellin,Lima,2025,5,29,0.027413962544042773,1.8766058971671307
7,41,Sao Paulo,Lima,2025,5,29,0.2612202853054161,1.693055298804862
7,41,La Plata,Lima,2025,5,29,0.5348524457343676,0.6006499282120172
7,41,Santiago,Lima,2025,5,29,0.08806806796147038,1.0181539791713923
7,41,Buenos Aires,Lima,2025,5,29,1.0264445978439058,1.627779939702237
7,41,Avellaneda,Lima,2025,5,29,0.4128084456042401,0.8422487457738247
7,41,Quito,Lima,2025,5,29,-0.008077947085911221,1.3304691833885767
7,41,La Boca,Lima,2025,5,29,-0.012836421553035264,1.335777455183517
7,41,Porto Alegre,Lima,2025,5,29,0.5264068772518685,1.9919669703186584
7,41,Montevideo,Lima,2025,5,29,0.8107925540788523,0.6920081033858247
7,41,Santos,Lima,2025,5,29,0.11747680637236432,1.2916744771278534
7,41,Guayaquil,Belo Horizonte,2025,5,29,0.42296616388107633,1.1127361653298282
7,41,Agua Branca,Belo Horizonte,2025,5,29,1.187377093560229,1.702477641271092
7,41,Bogota,Belo Horizonte,2025,5,29,0.9095104612729007,2.483343755336993
7,41,Rio de Janeiro,Belo Horizonte,2025,5,29,1.1797994235125475,2.1083949606102808
7,41,Asuncion,Belo Horizonte,2025,5,29,1.086569371706303,1.0413476968478534
7,41,Medellin,Belo Horizonte,2025,5,29,0.7623803730604928,2.425945623358485
7,41,Sao Paulo,Belo Horizonte,2025,5,29,1.5570743966309184,2.749934755601148
7,41,La Plata,Belo Horizonte,2025,5,29,0.931215866060759,0.6172002956648815
7,41,Santiago,Belo Horizonte,2025,5,29,0.9513724988462736,0.9907008041717899
7,41,Buenos Aires,Belo Horizonte,2025,5,29,1.4727846981094868,2.254736903337673
7,41,Avellaneda,Belo Horizonte,2025,5,29,1.0512144142421163,2.767554406328792
7,41,Quito,Belo Horizonte,2025,5,29,0.7413230589796529,1.9248485578592873
7,41,La Boca,Belo Horizonte,2025,5,29,0.779104327383968,2.4523795056406166
7,41,Porto Alegre,Belo Horizonte,2025,5,29,0.9223042609164889,2.4328839447503015
7,41,Montevideo,Belo Horizonte,2025,5,29,1.3996174056701112,2.410605433133865
7,41,Santos,Belo Horizonte,2025,5,29,0.881078512827643,1.5402459163011935
7,41,Agua Branca,Guayaquil,2025,5,29,1.9096949250343185,0.531936587966398
7,41,Bogota,Guayaquil,2025,5,29,1.1677015930883146,1.4039500765179524
7,41,Rio de Janeiro,Guayaquil,2025,5,29,1.407877962604394,0.5748172284780277
7,41,Asuncion,Guayaquil,2025,5,29,1.1879068095252836,0.010818288691382199
7,41,Medellin,Guayaquil,2025,5,29,1.883324667491319,0.7716935551324344
7,41,Sao Paulo,Guayaquil,2025,5,29,2.4741888036629702,0.09468514736717688
7,41,La Plata,Guayaquil,2025,5,29,1.882288129266772,0.27272265404385304
7,41,Santiago,Guayaquil,2025,5,29,1.5214623226188306,0.34285280983787386
7,41,Buenos Aires,Guayaquil,2025,5,29,2.2821003212899025,0.656615295498857
7,41,Avellaneda,Guayaquil,2025,5,29,1.2029230261491126,0.23055209279173178
7,41,Quito,Guayaquil,2025,5,29,1.0569835747604683,1.0059994855784629
7,41,La Boca,Guayaquil,2025,5,29,1.1172620410491423,0.4375336560281956
7,41,Porto Alegre,Guayaquil,2025,5,29,1.339464113312372,0.4763127259483429
7,41,Montevideo,Guayaquil,2025,5,29,1.438430712248243,-0.1762331235755615
7,41,Santos,Guayaquil,2025,5,29,2.41409562543108,0.03896475907751599
7,41,Bogota,Agua Branca,2025,5,29,1.3253898582196482,1.3897974127820991
7,41,Rio de Janeiro,Agua Branca,2025,5,29,1.04991260704373,0.7166166467807377
7,41,Asuncion,Agua Branca,2025,5,29,1.3013293404167627,0.22119221761118837
7,41,Medellin,Agua Branca,2025,5,29,0.8461349936459517,2.078650607121207
7,41,Sao Paulo,Agua Branca,2025,5,29,1.276096043250439,1.5109435399842477
7,41,La Plata,Agua Branca,2025,5,29,1.3273005410188607,0.6541333261988682
7,41,Santiago,Agua Branca,2025,5,29,1.1878452131449517,1.0424392111368905
7,41,Buenos Aires,Agua Branca,2025,5,29,1.222406724719824,1.1479375953079591
7,41,Avellaneda,Agua Branca,2025,5,29,1.2298827083006192,0.807553391785212
7,41,Quito,Agua Branca,2025,5,29,0.758631198572962,0.7696766685404591
7,41,La Boca,Agua Branca,2025,5,29,1.0779528364808704,1.111029553338337
7,41,Porto Alegre,Agua Branca,2025,5,29,0.8270511230887551,0.8845271553587983
7,41,Montevideo,Agua Branca,2025,5,29,1.0332609452111041,0.31666773092635514
7,41,Santos,Agua Branca,2025,5,29,0.9924922639550053,1.2173053468080017
7,41,Rio de Janeiro,Bogota,2025,5,29,1.2973910113085203,1.3987884377994146
7,41,Asuncion,Bogota,2025,5,29,1.6824085612619302,0.10864417521879667
7,41,Medellin,Bogota,2025,5,29,1.9643177961256322,0.566442196648461
7,41,Sao Paulo,Bogota,2025,5,29,2.0050082322722664,0.7915567428946434
7,41,La Plata,Bogota,2025,5,29,2.1405171693098395,0.7139027386424488
7,41,Santiago,Bogota,2025,5,29,1.929935595824678,0.7284628442042362
7,41,Buenos Aires,Bogota,2025,5,29,2.34905590592914,1.0996815996193197
7,41,Avellaneda,Bogota,2025,5,29,1.3688547601546344,0.47448599610765146
7,41,Quito,Bogota,2025,5,29,1.2628629747420324,1.2250404458582527
7,41,La Boca,Bogota,2025,5,29,1.652557452066173,1.0832968159287175
7,41,Porto Alegre,Bogota,2025,5,29,1.7657751744268682,1.0830542676414527
7,41,Montevideo,Bogota,2025,5,29,1.7150524806039447,-0.03343864877201244
7,41,Santos,Bogota,2025,5,29,2.2240065912419964,0.5761463210752521
7,41,Asuncion,Rio de Janeiro,2025,5,29,0.9453767141561333,-0.07307993187532819
7,41,Medellin,Rio de Janeiro,2025,5,29,0.48750390386852527,0.4061621220230336
7,41,Sao Paulo,Rio de Janeiro,2025,5,29,1.1575192704940032,0.5865216196754206
7,41,La Plata,Rio de Janeiro,2025,5,29,1.5382665017142472,0.5232964624011724
7,41,Santiago,Rio de Janeiro,2025,5,29,0.7992062229435809,0.7909004199484616
7,41,Buenos Aires,Rio de Janeiro,2025,5,29,2.30004646750477,0.7099551120814421
7,41,Avellaneda,Rio de Janeiro,2025,5,29,0.8450385219819783,0.005100607310586412
7,41,Quito,Rio de Janeiro,2025,5,29,0.9477577646285814,0.9264595186342317
7,41,La Boca,Rio de Janeiro,2025,5,29,0.8976977738350673,0.18952192972409385
7,41,Porto Alegre,Rio de Janeiro,2025,5,29,1.418876030585572,0.44263635867496814
7,41,Montevideo,Rio de Janeiro,2025,5,29,1.740553097225282,-0.10862881234171198
7,41,Santos,Rio de Janeiro,2025,5,29,1.148453004131419,0.4511058501951586
7,41,Medellin,Asuncion,2025,5,29,0.1661152280480558,2.4165408325026476
7,41,Sao Paulo,Asuncion,2025,5,29,1.2247811437498763,2.7604050077391795
7,41,La Plata,Asuncion,2025,5,29,1.3851694440790652,0.9132770347839443
7,41,Santiago,Asuncion,2025,5,29,0.03865682929971362,0.690204867453337
7,41,Buenos Aires,Asuncion,2025,5,29,2.3444109715105363,2.4108663070480865
7,41,Avellaneda,Asuncion,2025,5,29,1.4767179455420176,3.144975806621927
7,41,Quito,Asuncion,2025,5,29,0.12872352344304394,1.984529267469681
7,41,La Boca,Asuncion,2025,5,29,0.159116986712474,2.9344201774299656
7,41,Porto Alegre,Asuncion,2025,5,29,1.1241503550491074,2.610513232325412
7,41,Montevideo,Asuncion,2025,5,29,1.2297117010015584,2.854899043614361
7,41,Santos,Asuncion,2025,5,29,0.5738041414334722,1.487983899022038
7,41,Sao Paulo,Medellin,2025,5,29,1.022869318208963,0.9494290311053043
7,41,La Plata,Medellin,2025,5,29,1.220714063848034,0.9708026218635932
7,41,Santiago,Medellin,2025,5,29,0.49818369674167995,1.1283039600281364
7,41,Buenos Aires,Medellin,2025,5,29,2.2304520914123533,0.9745912033497934
7,41,Avellaneda,Medellin,2025,5,29,1.267663368666317,0.4793683895355659
7,41,Quito,Medellin,2025,5,29,-0.08287826110438953,1.05381004802704
7,41,La Boca,Medellin,2025,5,29,0.15624193642497658,1.412653587114443
7,41,Porto Alegre,Medellin,2025,5,29,1.46011737827959,0.891900348055098
7,41,Montevideo,Medellin,2025,5,29,1.6740161875906892,0.15277113398614295
7,41,Santos,Medellin,2025,5,29,0.17859314336128415,1.1352882713652395
7,41,La Plata,Sao Paulo,2025,5,29,1.2336614606176257,0.5490945888890306
7,41,Santiago,Sao Paulo,2025,5,29,0.24864449228275773,0.4103149391364545
7,41,Buenos Aires,Sao Paulo,2025,5,29,1.857113747071259,1.6026613508707586
7,41,Avellaneda,Sao Paulo,2025,5,29,0.6650293234201711,1.977968730942603
7,41,Quito,Sao Paulo,2025,5,29,0.35898496339948327,1.17906601115236
7,41,La Boca,Sao Paulo,2025,5,29,0.7651740171830452,0.4431941341762812
7,41,Porto Alegre,Sao Paulo,2025,5,29,0.854873065622041,1.4545099346678105
7,41,Montevideo,Sao Paulo,2025,5,29,1.02042119976345,1.0104729766610094
7,41,Santos,Sao Paulo,2025,5,29,0.7620124707026815,0.7029389482255659
7,41,Santiago,La Plata,2025,5,29,1.0163905776306936,0.379571652666642
7,41,Buenos Aires,La Plata,2025,5,29,2.5007894447066596,0.37759119464677104
7,41,Avellaneda,La Plata,2025,5,29,1.539177476738521,0.010945894277312428
7,41,Quito,La Plata,2025,5,29,0.6110562951840769,0.13326431048967166
7,41,La Boca,La Plata,2025,5,29,0.5387651173288682,0.18330422743096422
7,41,Porto Alegre,La Plata,2025,5,29,1.2538341126107815,0.6143250497569404
7,41,Montevideo,La Plata,2025,5,29,1.3208168708741024,-0.41577051598911696
7,41,Santos,La Plata,2025,5,29,0.9093207659625083,0.29658838300025364
7,41,Buenos Aires,Santiago,2025,5,29,1.6346934620468452,2.050035369908059
7,41,Avellaneda,Santiago,2025,5,29,1.4565378687749566,1.6859017271090002
7,41,Quito,Santiago,2025,5,29,0.884525984499237,1.6105851040859005
7,41,La Boca,Santiago,2025,5,29,1.2201075263611725,1.9268005310844665
7,41,Porto Alegre,Santiago,2025,5,29,0.9410311743953597,2.888682974312635
7,41,Montevideo,Santiago,2025,5,29,1.047294224908468,1.2579084571530514
7,41,Santos,Santiago,2025,5,29,1.4742321484867613,0.935436558132995
7,41,Avellaneda,Buenos Aires,2025,5,29,1.0012620749459513,3.5943930575311343
7,41,Quito,Buenos Aires,2025,5,29,0.8275876897028891,2.163514855164968
7,41,La Boca,Buenos Aires,2025,5,29,0.9350327117274052,2.808411488827554
7,41,Porto Alegre,Buenos Aires,2025,5,29,1.095763789709404,2.841183963278988
7,41,Montevideo,Buenos Aires,2025,5,29,0.8381130558881902,2.9329556780420756
7,41,Santos,Buenos Aires,2025,5,29,1.7751878567974744,1.6377916683577693
7,41,Quito,Avellaneda,2025,5,29,0.5185209346277558,1.3511943249073013
7,41,La Boca,Avellaneda,2025,5,29,0.4122788771567389,1.090662841045383
7,41,Porto Alegre,Avellaneda,2025,5,29,1.1832518180402813,1.3904566694125973
7,41,Montevideo,Avellaneda,2025,5,29,1.4471957659942427,1.0075016102382865
7,41,Santos,Avellaneda,2025,5,29,0.9813579298374527,0.8325051389338203
7,41,La Boca,Quito,2025,5,29,1.7274752735478633,0.7470208985506659
7,41,Porto Alegre,Quito,2025,5,29,1.8467156690322892,1.1004263606858435
7,41,Montevideo,Quito,2025,5,29,1.649585756991311,0.10307901611345137
7,41,Santos,Quito,2025,5,29,2.335229118417543,0.9721694933120794
7,41,Porto Alegre,La Boca,2025,5,29,1.3251307269148707,2.3889514740697777
7,41,Montevideo,La Boca,2025,5,29,1.5381704956550672,1.5304438581256372
7,41,Santos,La Boca,2025,5,29,0.7815079317241973,1.1851439772224746
7,41,Montevideo,Porto Alegre,2025,5,29,1.5453558260297116,-0.16249837278292195
7,41,Santos,Porto Alegre,2025,5,29,1.0570675999816614,0.2494404909507403
7,41,Santos,Montevideo,2025,5,29,0.889549600024341,0.8024994873367092
7,44,Penarol,Itaquera,2025,5,29,0.6210000717039795,-0.25700221573247944
7,44,Lima,Itaquera,2025,5,29,0.6840146844629974,0.2934877746788588
7,44,Belo Horizonte,Itaquera,2025,5,29,0.6247633329305488,1.0833592588396364
7,44,Guayaquil,Itaquera,2025,5,29,0.7843097868155912,0.4472116854776079
7,44,Agua Branca,Itaquera,2025,5,29,0.579077251914209,0.5830302127874961
7,44,Bogota,Itaquera,2025,5,29,0.26892216249505524,1.178830309635666
7,44,Rio de Janeiro,Itaquera,2025,5,29,0.656954625649049,0.32069729275831643
7,44,Asuncion,Itaquera,2025,5,29,0.48315872426772144,-0.26341923615498913
7,44,Medellin,Itaquera,2025,5,29,0.601027068747302,0.6244165291596397
7,44,Sao Paulo,Itaquera,2025,5,29,0.36812463671041423,-0.1386789371473198
7,44,La Plata,Itaquera,2025,5,29,0.8170392338241643,0.41924431763751946
7,44,Santiago,Itaquera,2025,5,29,0.8717149702321729,0.2962217705597806
7,44,Buenos Aires,Itaquera,2025,5,29,0.7375794895539394,0.5483513580588238
7,44,Avellaneda,Itaquera,2025,5,29,0.654190221919641,0.0287085716375936
7,44,Quito,Itaquera,2025,5,29,0.8735778259449273,0.468045656003091
7,44,La Boca,Itaquera,2025,5,29,0.6550208401684368,0.07372316782630384
7,44,Porto Alegre,Itaquera,2025,5,29,0.8184610702924984,0.1350560036379783
7,44,Montevideo,Itaquera,2025,5,29,0.8071472183738403,-0.33701260590592264
7,44,Santos,Itaquera,2025,5,29,0.6387159198991279,0.1643315120088656
7,44,Lima,Penarol,2025,5,29,0.6097695717091115,0.26729658709651327
7,44,Belo Horizonte,Penarol,2025,5,29,1.0996133574266271,2.3308000864804717
7,44,Guayaquil,Penarol,2025,5,29,0.8401109719008305,1.020871209663998
7,44,Agua Branca,Penarol,2025,5,29,1.2336809827186057,1.0920132798944366
7,44,Bogota,Penarol,2025,5,29,1.34353790062961,2.498797477873852
7,44,Rio de Janeiro,Penarol,2025,5,29,1.323060414349955,1.872995663132506
7,44,Asuncion,Penarol,2025,5,29,1.664337763963701,0.4561114758727982
7,44,Medellin,Penarol,2025,5,29,0.6894348488181442,2.208010843419096
7,44,Sao Paulo,Penarol,2025,5,29,2.1127689817253517,1.9534990829276222
7,44,La Plata,Penarol,2025,5,29,2.0027579866938936,0.05584964953857063
7,44,Santiago,Penarol,2025,5,29,1.5862285575747004,0.5557500883757663
7,44,Buenos Aires,Penarol,2025,5,29,2.0529459712956695,1.904129604153108
7,44,Avellaneda,Penarol,2025,5,29,1.1851075879586332,1.8436754863484133
7,44,Quito,Penarol,2025,5,29,1.0581192716512329,1.2708691872448912
7,44,La Boca,Penarol,2025,5,29,0.8990965976579535,1.8999974980479641
7,44,Porto Alegre,Penarol,2025,5,29,1.1005863337743926,2.4116481091335538
7,44,Montevideo,Penarol,2025,5,29,1.116741890946945,1.8059955517003234
7,44,Santos,Penarol,2025,5,29,1.8021318635465724,0.8701109633776316
7,44,Belo Horizonte,Lima,2025,5,29,0.3917485197706471,1.702442568297633
7,44,Guayaquil,Lima,2025,5,29,0.6875901447855971,1.2614254397998796
7,44,Agua Branca,Lima,2025,5,29,0.1005650690051965,0.7064150011717226
7,44,Bogota,Lima,2025,5,29,0.7160738524282924,2.151338961412999
7,44,Rio de Janeiro,Lima,2025,5,29,0.23931111449614587,1.1983992363559253
7,44,Asuncion,Lima,2025,5,29,0.2876264643604841,0.15493824503053824
7,44,Medellin,Lima,2025,5,29,0.2064867189220854,1.3522582817464004
7,44,Sao Paulo,Lima,2025,5,29,0.36106088961416144,1.1324633488303681
7,44,La Plata,Lima,2025,5,29,0.6594086530646329,0.6643726101437839
7,44,Santiago,Lima,2025,5,29,0.44100161178909614,0.8019382637508374
7,44,Buenos Aires,Lima,2025,5,29,1.0596053971556216,1.3932668096361012
7,44,Avellaneda,Lima,2025,5,29,0.4882365809868558,0.5132467832993923
7,44,Quito,Lima,2025,5,29,0.27313783297352684,1.0413940026840316
7,44,La Boca,Lima,2025,5,29,0.20924000905587078,1.2485985621164033
7,44,Porto Alegre,Lima,2025,5,29,0.621132052392085,1.7202335173543597
7,44,Montevideo,Lima,2025,5,29,0.9674097802070342,0.6328409013006908
7,44,Santos,Lima,2025,5,29,0.48033487365784694,0.8566574356139258
7,44,Guayaquil,Belo Horizonte,2025,5,29,0.4465904635321076,1.096427571015888
7,44,Agua Branca,Belo Horizonte,2025,5,29,1.1967127762678649,1.471481678042321
7,44,Bogota,Belo Horizonte,2025,5,29,0.9384118959225071,2.4455084504425058
7,44,Rio de Janeiro,Belo Horizonte,2025,5,29,1.2214616317355007,2.0598943213952765
7,44,Asuncion,Belo Horizonte,2025,5,29,1.2069688849518814,1.0854997387397487
7,44,Medellin,Belo Horizonte,2025,5,29,0.8247345192256875,2.1328258519297454
7,44,Sao Paulo,Belo Horizonte,2025,5,29,1.6080953699342837,2.4205706496186457
7,44,La Plata,Belo Horizonte,2025,5,29,0.9703417892351667,0.7019301481824941
7,44,Santiago,Belo Horizonte,2025,5,29,1.0626715476754784,1.0649565227200475
7,44,Buenos Aires,Belo Horizonte,2025,5,29,1.5302946583917656,2.0286211465603343
7,44,Avellaneda,Belo Horizonte,2025,5,29,1.10259237809108,2.427524966025772
7,44,Quito,Belo Horizonte,2025,5,29,0.8717860295059563,1.662982318717129
7,44,La Boca,Belo Horizonte,2025,5,29,0.8500328881903052,2.439846096235255
7,44,Porto Alegre,Belo Horizonte,2025,5,29,0.9761670354412457,2.3923783357779937
7,44,Montevideo,Belo Horizonte,2025,5,29,1.4803686100957478,2.3980720237285036
7,44,Santos,Belo Horizonte,2025,5,29,0.9895031640123948,1.2859735929052436
7,44,Agua Branca,Guayaquil,2025,5,29,1.9355098279492393,0.37193929839209683
7,44,Bogota,Guayaquil,2025,5,29,1.1853495967795054,1.2999422493797301
7,44,Rio de Janeiro,Guayaquil,2025,5,29,1.4272024564086485,0.5005948252174134
7,44,Asuncion,Guayaquil,2025,5,29,1.2368490411363813,-0.048348913393751726
7,44,Medellin,Guayaquil,2025,5,29,1.9249886270180614,0.6312745818471641
7,44,Sao Paulo,Guayaquil,2025,5,29,2.50294863137437,0.015141192597817122
7,44,La Plata,Guayaquil,2025,5,29,1.8793175575024859,0.21481880239388906
7,44,Santiago,Guayaquil,2025,5,29,1.5582103078834653,0.21082680663565773
7,44,Buenos Aires,Guayaquil,2025,5,29,2.3256969712481035,0.45038532774127127
7,44,Avellaneda,Guayaquil,2025,5,29,1.2369504936653215,0.1930789314053152
7,44,Quito,Guayaquil,2025,5,29,1.0746132118627971,0.8511479777230613
7,44,La Boca,Guayaquil,2025,5,29,1.134910044740333,0.2622578878550081
7,44,Porto Alegre,Guayaquil,2025,5,29,1.3453620637312194,0.4274097436872376
7,44,Montevideo,Guayaquil,2025,5,29,1.4429550977048364,-0.23540032566069544
7,44,Santos,Guayaquil,2025,5,29,2.430295509029302,-0.0484172237161683
7,44,Bogota,Agua Branca,2025,5,29,1.371745588444049,1.3279913803217376
7,44,Rio de Janeiro,Agua Branca,2025,5,29,1.2475602898751972,0.6321204748471415
7,44,Asuncion,Agua Branca,2025,5,29,1.3937308636803094,0.2016215775713172
7,44,Medellin,Agua Branca,2025,5,29,0.9410830166821332,1.7907327712380168
7,44,Sao Paulo,Agua Branca,2025,5,29,1.3088285629016883,1.2263070368206925
7,44,La Plata,Agua Branca,2025,5,29,1.3579630662893667,0.588340774763976
7,44,Santiago,Agua Branca,2025,5,29,1.4099099878669428,0.7839215159226018
7,44,Buenos Aires,Agua Branca,2025,5,29,1.2099905891861045,1.0615389877837085
7,44,Avellaneda,Agua Branca,2025,5,29,1.2777607830481248,0.7972891719611834
7,44,Quito,Agua Branca,2025,5,29,0.9498941641487174,0.6570269553629181
7,44,La Boca,Agua Branca,2025,5,29,1.2365412029638632,0.983684730930257
7,44,Porto Alegre,Agua Branca,2025,5,29,0.8745246906659955,0.6594274950742727
7,44,Montevideo,Agua Branca,2025,5,29,1.1467008632852667,0.3041343215209939
7,44,Santos,Agua Branca,2025,5,29,1.2682362143674004,0.974700658650341
7,44,Rio de Janeiro,Bogota,2025,5,29,1.3488083782019002,1.3152159366696468
7,44,Asuncion,Bogota,2025,5,29,1.688893833878335,0.09933775500295416
7,44,Medellin,Bogota,2025,5,29,1.963004820290776,0.5036064063989514
7,44,Sao Paulo,Bogota,2025,5,29,2.0115997822770484,0.6897281663542808
7,44,La Plata,Bogota,2025,5,29,2.1499107217953073,0.7175855184714822
7,44,Santiago,Bogota,2025,5,29,1.9314246224705078,0.7408575297608103
7,44,Buenos Aires,Bogota,2025,5,29,2.361834624609209,1.0369556626948044
7,44,Avellaneda,Bogota,2025,5,29,1.4196444863270608,0.43624957671667625
7,44,Quito,Bogota,2025,5,29,1.3307763403385815,1.1455712562045974
7,44,La Boca,Bogota,2025,5,29,1.7204891842515844,1.0746843308994447
7,44,Porto Alegre,Bogota,2025,5,29,1.768478412209533,1.0145369676871645
7,44,Montevideo,Bogota,2025,5,29,1.7339094162217814,-0.035707838353345
7,44,Santos,Bogota,2025,5,29,2.2366336737377353,0.5285410497551267
7,44,Asuncion,Rio de Janeiro,2025,5,29,0.9305432244143631,-0.0033220004138970628
7,44,Medellin,Rio de Janeiro,2025,5,29,0.48826926189688286,0.4095744421464788
7,44,Sao Paulo,Rio de Janeiro,2025,5,29,1.1656414987235852,0.6321486729765938
7,44,La Plata,Rio de Janeiro,2025,5,29,1.5257518244906123,0.5570830273939871
7,44,Santiago,Rio de Janeiro,2025,5,29,0.8881189055478919,0.9436723736924046
7,44,Buenos Aires,Rio de Janeiro,2025,5,29,2.2960010364102437,0.7187668200760176
7,44,Avellaneda,Rio de Janeiro,2025,5,29,0.8555189858839737,0.08416495898786021
7,44,Quito,Rio de Janeiro,2025,5,29,0.9178350429001333,0.8491334967718838
7,44,La Boca,Rio de Janeiro,2025,5,29,0.9121368469186951,0.23955205712709585
7,44,Porto Alegre,Rio de Janeiro,2025,5,29,1.42455687153875,0.519431520770909
7,44,Montevideo,Rio de Janeiro,2025,5,29,1.7695766501987114,-0.03183365024577094
7,44,Santos,Rio de Janeiro,2025,5,29,1.2193924449846791,0.4616160550207941
7,44,Medellin,Asuncion,2025,5,29,0.12651698660821312,2.124032089715723
7,44,Sao Paulo,Asuncion,2025,5,29,1.2531603722017994,2.428370597678856
7,44,La Plata,Asuncion,2025,5,29,1.4254495982894826,0.9980068873015566
7,44,Santiago,Asuncion,2025,5,29,0.21450534548925804,0.7726655303896167
7,44,Buenos Aires,Asuncion,2025,5,29,2.3354280677697266,2.1787652493701164
7,44,Avellaneda,Asuncion,2025,5,29,1.4970075601019401,2.815210586142936
7,44,Quito,Asuncion,2025,5,29,0.2277208895086081,1.7302569440737312
7,44,La Boca,Asuncion,2025,5,29,0.2853110960250327,2.932150987848633
7,44,Porto Alegre,Asuncion,2025,5,29,1.175247673347469,2.5666926265302923
7,44,Montevideo,Asuncion,2025,5,29,1.3365648740634934,2.8526298540330286
7,44,Santos,Asuncion,2025,5,29,0.6978593105682755,1.233711575626088
7,44,Sao Paulo,Medellin,2025,5,29,1.0998467488094639,0.7403608009784083
7,44,La Plata,Medellin,2025,5,29,1.2565243697988882,0.9835820162705613
7,44,Santiago,Medellin,2025,5,29,0.6389329554023334,0.9081759590292195
7,44,Buenos Aires,Medellin,2025,5,29,2.225648992983495,0.9079989789064677
7,44,Avellaneda,Medellin,2025,5,29,1.3140112581562495,0.4793683895355659
7,44,Quito,Medellin,2025,5,29,0.06659660356266113,1.0177024455731183
7,44,La Boca,Medellin,2025,5,29,0.2587902774680053,1.3180496716891374
7,44,Porto Alegre,Medellin,2025,5,29,1.5086723219570066,0.7166705308007906
7,44,Montevideo,Medellin,2025,5,29,1.8315132189164944,0.13107709328742545
7,44,Santos,Medellin,2025,5,29,0.3017493462408959,0.9922626996352845
7,44,La Plata,Sao Paulo,2025,5,29,1.2724332058608092,0.5490945888890306
7,44,Santiago,Sao Paulo,2025,5,29,0.3937993506265754,0.3511477370513205
7,44,Buenos Aires,Sao Paulo,2025,5,29,1.842706125704228,1.263518815404061
7,44,Avellaneda,Sao Paulo,2025,5,29,0.6592405931764077,1.6107303490771963
7,44,Quito,Sao Paulo,2025,5,29,0.5366483503765254,0.8873205263699937
7,44,La Boca,Sao Paulo,2025,5,29,0.8854126657639845,0.3840269320911474
7,44,Porto Alegre,Sao Paulo,2025,5,29,0.9033407154843742,1.3673705330157304
7,44,Montevideo,Sao Paulo,2025,5,29,1.1363131201966077,0.9513057745758751
7,44,Santos,Sao Paulo,2025,5,29,0.9304968339941982,0.4214576832672286
7,44,Santiago,La Plata,2025,5,29,1.5129442057862847,0.0806874871156864
7,44,Buenos Aires,La Plata,2025,5,29,2.5683544173612494,0.19932184426165875
7,44,Avellaneda,La Plata,2025,5,29,1.6724374270520723,-0.02652726710910403
7,44,Quito,La Plata,2025,5,29,0.9291841536695722,-0.02478463773006432
7,44,La Boca,La Plata,2025,5,29,0.8691154380650996,0.038659380708070935
7,44,Porto Alegre,La Plata,2025,5,29,1.3326083127878448,0.3706032877746224
7,44,Montevideo,La Plata,2025,5,29,1.4921095477729338,-0.47493771807425095
7,44,Santos,La Plata,2025,5,29,1.3631445802386035,0.11378609979673991
7,44,Buenos Aires,Santiago,2025,5,29,1.698130682043658,1.7461826126416768
7,44,Avellaneda,Santiago,2025,5,29,1.5632007586177503,1.3351729650715163
7,44,Quito,Santiago,2025,5,29,1.005410774416591,1.3487188649437432
7,44,La Boca,Santiago,2025,5,29,1.2821153119578061,1.9142671216791047
7,44,Porto Alegre,Santiago,2025,5,29,0.9845694621788315,2.8341630467830514
7,44,Montevideo,Santiago,2025,5,29,1.1293599703093795,1.2453750477476904
7,44,Santos,Santiago,2025,5,29,1.5199178985849793,0.6811642347370457
7,44,Avellaneda,Buenos Aires,2025,5,29,1.0620988076900357,3.2646278370521427
7,44,Quito,Buenos Aires,2025,5,29,1.1309001445684392,1.9092425317690185
7,44,La Boca,Buenos Aires,2025,5,29,1.1408696947771149,2.8061422992462215
7,44,Porto Alegre,Buenos Aires,2025,5,29,1.1179624188084543,2.8006783543066804
7,44,Montevideo,Buenos Aires,2025,5,29,0.9274162864175929,2.930686488460743
7,44,Santos,Buenos Aires,2025,5,29,1.9817472510983023,1.3835193449618193
7,44,Quito,Avellaneda,2025,5,29,0.5308707812295275,1.0893280857651435
7,44,La Boca,Avellaneda,2025,5,29,0.4275232578622749,1.0781294316400218
7,44,Porto Alegre,Avellaneda,2025,5,29,1.2494049646310197,1.3392517387058251
7,44,Montevideo,Avellaneda,2025,5,29,1.4967432191414374,0.9949682008329256
7,44,Santos,Avellaneda,2025,5,29,1.0511046914111564,0.5782328155378703
7,44,La Boca,Quito,2025,5,29,1.805051277860303,0.6598420054835523
7,44,Porto Alegre,Quito,2025,5,29,1.8677604479401322,0.8588215182733783
7,44,Montevideo,Quito,2025,5,29,1.6580567978106442,0.12297616570559107
7,44,Santos,Quito,2025,5,29,2.357948570042926,0.789155585612769
7,44,Porto Alegre,La Boca,2025,5,29,1.377060380067225,2.34844586509747
7,44,Montevideo,La Boca,2025,5,29,1.6945915511949579,1.5179104487202761
7,44,Santos,La Boca,2025,5,29,1.1646740410869412,0.9308716538265248
7,44,Montevideo,Porto Alegre,2025,5,29,1.723951125093471,-0.22166557486805588
7,44,Santos,Porto Alegre,2025,5,29,1.4482022541812174,0.17374209867943233
7,44,Santos,Montevideo,2025,5,29,1.089811752322202,0.6600010518932683
7,47,Penarol,Itaquera,2025,5,29,0.7532066796181609,-0.25553467983223177
7,47,Lima,Itaquera,2025,5,29,0.8512667865137896,0.29322993732238317
7,47,Belo Horizonte,Itaquera,2025,5,29,0.7174849641745391,1.0661123673944448
7,47,Guayaquil,Itaquera,2025,5,29,0.8476078920713995,0.4469538481211323
7,47,Agua Branca,Itaquera,2025,5,29,0.597747635645441,0.5827723754310205
7,47,Bogota,Itaquera,2025,5,29,0.41753706103240895,1.178830309635666
7,47,Rio de Janeiro,Itaquera,2025,5,29,0.7887597767397466,0.32216482865856416
7,47,Asuncion,Itaquera,2025,5,29,0.5373111576356573,-0.26341923615498913
7,47,Medellin,Itaquera,2025,5,29,0.6598960505010005,0.6241586918031641
7,47,Sao Paulo,Itaquera,2025,5,29,0.4155050403275,-0.15592582859251136
7,47,La Plata,Itaquera,2025,5,29,0.9900093874981676,0.4209696908942428
7,47,Santiago,Itaquera,2025,5,29,0.9842224672957298,0.2841109709805347
7,47,Buenos Aires,Itaquera,2025,5,29,0.8734296939129517,0.5483513580588238
7,47,Avellaneda,Itaquera,2025,5,29,0.7321136576383667,0.028450734281117978
7,47,Quito,Itaquera,2025,5,29,0.8975922635605608,0.468045656003091
7,47,La Boca,Itaquera,2025,5,29,0.7247220007322535,0.05820164963783556
7,47,Porto Alegre,Itaquera,2025,5,29,0.9306921434473862,0.11806694954926228
7,47,Montevideo,Itaquera,2025,5,29,0.8489933537848545,-0.3355450700056749
7,47,Santos,Itaquera,2025,5,29,0.6439479512321296,0.1657990479091133
7,47,Lima,Penarol,2025,5,29,0.7971665736502839,0.24551561259223528
7,47,Belo Horizonte,Penarol,2025,5,29,1.1825207070657182,2.0910119991596483
7,47,Guayaquil,Penarol,2025,5,29,0.9902466558462727,1.0133712533721713
7,47,Agua Branca,Penarol,2025,5,29,1.2670271838767988,1.0920132798944366
7,47,Bogota,Penarol,2025,5,29,1.4234970044773128,2.498797477873852
7,47,Rio de Janeiro,Penarol,2025,5,29,1.3400071994166536,1.8529400618849512
7,47,Asuncion,Penarol,2025,5,29,1.655477708396967,0.4486115195809715
7,47,Medellin,Penarol,2025,5,29,0.7396436116783222,2.2038950291556696
7,47,Sao Paulo,Penarol,2025,5,29,2.102266104595004,1.9418833123723687
7,47,La Plata,Penarol,2025,5,29,2.0366907241697616,0.057575022795293966
7,47,Santiago,Penarol,2025,5,29,1.7203378704820345,0.5492704096864587
7,47,Buenos Aires,Penarol,2025,5,29,2.0679976485978173,1.904129604153108
7,47,Avellaneda,Penarol,2025,5,29,1.287155977603364,1.8436754863484133
7,47,Quito,Penarol,2025,5,29,1.1006726540544565,1.2592534166896376
7,47,La Boca,Penarol,2025,5,29,0.9940054536972582,1.6401538094795858
7,47,Porto Alegre,Penarol,2025,5,29,1.2069914817914917,2.404148152841727
7,47,Montevideo,Penarol,2025,5,29,1.1494382116968596,1.8012471799155199
7,47,Santos,Penarol,2025,5,29,1.7490514992735158,0.871836336634355
7,47,Belo Horizonte,Lima,2025,5,29,0.5074277448138566,1.6634040253671394
7,47,Guayaquil,Lima,2025,5,29,0.8664587360056917,1.207155248585267
7,47,Agua Branca,Lima,2025,5,29,0.13678217615432417,0.6411488275468108
7,47,Bogota,Lima,2025,5,29,0.942543273319567,2.183475679049725
7,47,Rio de Janeiro,Lima,2025,5,29,0.46590859035504145,1.1786095404703263
7,47,Asuncion,Lima,2025,5,29,0.3625570589245087,0.10652373233959635
7,47,Medellin,Lima,2025,5,29,0.2967767635861968,1.2983809338597105
7,47,Sao Paulo,Lima,2025,5,29,0.4116727310094402,1.084787598260889
7,47,La Plata,Lima,2025,5,29,0.9519271382598001,0.5912075359071651
7,47,Santiago,Lima,2025,5,29,0.6807512236506563,0.7618183932517444
7,47,Buenos Aires,Lima,2025,5,29,1.2934793640610247,1.3178077460339428
7,47,Avellaneda,Lima,2025,5,29,0.6641837792519723,0.4860925255911319
7,47,Quito,Lima,2025,5,29,0.3519549045711364,0.9504263104589729
7,47,La Boca,Lima,2025,5,29,0.30148847590195776,1.1433498516788931
7,47,Porto Alegre,Lima,2025,5,29,0.8489719293336061,1.7466336395322126
7,47,Montevideo,Lima,2025,5,29,1.1340362784722136,0.5969189091853637
7,47,Santos,Lima,2025,5,29,0.5011130348539358,0.8027800877272362
7,47,Guayaquil,Belo Horizonte,2025,5,29,0.630035445916852,1.096427571015888
7,47,Agua Branca,Belo Horizonte,2025,5,29,1.3296597513523296,1.471481678042321
7,47,Bogota,Belo Horizonte,2025,5,29,1.0145110374893047,2.511330268296284
7,47,Rio de Janeiro,Belo Horizonte,2025,5,29,1.3302879979669857,2.127441512505778
7,47,Asuncion,Belo Horizonte,2025,5,29,1.2774292775924185,1.0854997387397487
7,47,Medellin,Belo Horizonte,2025,5,29,0.9310571221716716,2.1328258519297454
7,47,Sao Paulo,Belo Horizonte,2025,5,29,1.6912739401408947,2.4205706496186457
7,47,La Plata,Belo Horizonte,2025,5,29,1.0459118179844724,0.7036555214392175
7,47,Santiago,Belo Horizonte,2025,5,29,1.2290598484185256,1.0700926145859933
7,47,Buenos Aires,Belo Horizonte,2025,5,29,1.6391210246232506,2.0286211465603343
7,47,Avellaneda,Belo Horizonte,2025,5,29,1.246111508456257,2.427524966025772
7,47,Quito,Belo Horizonte,2025,5,29,0.9728543514163317,1.662982318717129
7,47,La Boca,Belo Horizonte,2025,5,29,0.969677991710965,2.2017833821711537
7,47,Porto Alegre,Belo Horizonte,2025,5,29,1.0838905130572651,2.458200153631772
7,47,Montevideo,Belo Horizonte,2025,5,29,1.5586279264926675,2.399797396985227
7,47,Santos,Belo Horizonte,2025,5,29,1.0410461878476427,1.2876989661619669
7,47,Agua Branca,Guayaquil,2025,5,29,2.0501840637261344,0.37193929839209683
7,47,Bogota,Guayaquil,2025,5,29,1.1751433009470573,1.3657640672335083
7,47,Rio de Janeiro,Guayaquil,2025,5,29,1.5371979145150105,0.5616682712863882
7,47,Asuncion,Guayaquil,2025,5,29,1.2842294447534672,-0.05584886968557846
7,47,Medellin,Guayaquil,2025,5,29,1.999038581724035,0.6271587675837375
7,47,Sao Paulo,Guayaquil,2025,5,29,2.584325335408808,-0.013463632046152202
7,47,La Plata,Guayaquil,2025,5,29,1.9335883632514865,0.2165441756506124
7,47,Santiago,Guayaquil,2025,5,29,1.6327192198939082,0.18735807385763406
7,47,Buenos Aires,Guayaquil,2025,5,29,2.429177980904542,0.45038532774127127
7,47,Avellaneda,Guayaquil,2025,5,29,1.3171659096011812,0.1930789314053152
7,47,Quito,Guayaquil,2025,5,29,1.1523149915570163,0.8395322071678079
7,47,La Boca,Guayaquil,2025,5,29,1.2261336147033652,0.2405204619814886
7,47,Porto Alegre,Guayaquil,2025,5,29,1.4278467906124026,0.4687425511604735
7,47,Montevideo,Guayaquil,2025,5,29,1.4956848090699817,-0.240148697445499
7,47,Santos,Guayaquil,2025,5,29,2.4672426838440376,-0.04669185045944496
7,47,Bogota,Agua Branca,2025,5,29,1.4443047455593887,1.3938131981755157
7,47,Rio de Janeiro,Agua Branca,2025,5,29,1.2971254824114895,0.6994098286011676
7,47,Asuncion,Agua Branca,2025,5,29,1.4478832970482454,0.17066395179448451
7,47,Medellin,Agua Branca,2025,5,29,0.9945115053947144,1.7554014938412814
7,47,Sao Paulo,Agua Branca,2025,5,29,1.296327741768741,1.2049443311120742
7,47,La Plata,Agua Branca,2025,5,29,1.4839436541051518,0.5900661480206993
7,47,Santiago,Agua Branca,2025,5,29,1.4315917712553425,0.7676949020799292
7,47,Buenos Aires,Agua Branca,2025,5,29,1.341411670043007,1.0615389877837085
7,47,Avellaneda,Agua Branca,2025,5,29,1.3197006936240936,0.7660737088278751
7,47,Quito,Agua Branca,2025,5,29,0.9534344013291464,0.6529111410994914
7,47,La Boca,Agua Branca,2025,5,29,1.2901972865945852,0.9681632127417888
7,47,Porto Alegre,Agua Branca,2025,5,29,0.9397661979626653,0.6773026330625025
7,47,Montevideo,Agua Branca,2025,5,29,1.1787453226351952,0.30560185742124163
7,47,Santos,Agua Branca,2025,5,29,1.2491709299878984,0.945210568773756
7,47,Rio de Janeiro,Bogota,2025,5,29,1.3626332490605617,1.3645884200884666
7,47,Asuncion,Bogota,2025,5,29,1.692125271656528,0.09137407601615744
7,47,Medellin,Bogota,2025,5,29,1.9652052541071896,0.495384890055679
7,47,Sao Paulo,Bogota,2025,5,29,2.001206428716856,0.6724812749090892
7,47,La Plata,Bogota,2025,5,29,2.1496919107630053,0.6817568246948664
7,47,Santiago,Bogota,2025,5,29,1.978989626764588,0.7287467301815643
7,47,Buenos Aires,Bogota,2025,5,29,2.373545576671017,0.9994015956614652
7,47,Avellaneda,Bogota,2025,5,29,1.4962142938641307,0.4280280603734039
7,47,Quito,Bogota,2025,5,29,1.344382400164941,1.1080171891712585
7,47,La Boca,Bogota,2025,5,29,1.7274263677297095,1.0216087456776377
7,47,Porto Alegre,Bogota,2025,5,29,1.7682596011772311,1.0750432491635642
7,47,Montevideo,Bogota,2025,5,29,1.7371408539999744,-0.042203981439894026
7,47,Santos,Bogota,2025,5,29,2.222790071367048,0.5220449066685777
7,47,Asuncion,Rio de Janeiro,2025,5,29,0.9474132823067651,-0.0033220004138970628
7,47,Medellin,Rio de Janeiro,2025,5,29,0.5503696814287744,0.4093166047900032
7,47,Sao Paulo,Rio de Janeiro,2025,5,29,1.1719948507098155,0.6318908356201182
7,47,La Plata,Rio de Janeiro,2025,5,29,1.5527307175611869,0.5570830273939871
7,47,Santiago,Rio de Janeiro,2025,5,29,0.8676782444229465,0.9485506282018746
7,47,Buenos Aires,Rio de Janeiro,2025,5,29,2.3057193371531426,0.7187668200760176
7,47,Avellaneda,Rio de Janeiro,2025,5,29,0.879343221337748,0.08390712163138457
7,47,Quito,Rio de Janeiro,2025,5,29,0.911719870178475,0.8491334967718838
7,47,La Boca,Rio de Janeiro,2025,5,29,0.9751119925387174,0.23929421977062024
7,47,Porto Alegre,Rio de Janeiro,2025,5,29,1.42839916506356,0.6048905353228207
7,47,Montevideo,Rio de Janeiro,2025,5,29,1.8097920815653885,-0.03209148760224657
7,47,Santos,Rio de Janeiro,2025,5,29,1.2022678084180574,0.4613582176643185
7,47,Medellin,Asuncion,2025,5,29,0.21011614911442864,2.1237742523592473
7,47,Sao Paulo,Asuncion,2025,5,29,1.2851018298658463,2.4111237062336643
7,47,La Plata,Asuncion,2025,5,29,1.5587527816919282,0.9997322605582801
7,47,Santiago,Asuncion,2025,5,29,0.3137100392893284,0.7605547308103707
7,47,Buenos Aires,Asuncion,2025,5,29,2.4413978726987664,2.1787652493701164
7,47,Avellaneda,Asuncion,2025,5,29,1.5189366877911634,2.8149527487864603
7,47,Quito,Asuncion,2025,5,29,0.2424616395321724,1.7302569440737312
7,47,La Boca,Asuncion,2025,5,29,0.35419696042678545,2.6768413823393398
7,47,Porto Alegre,Asuncion,2025,5,29,1.2625426322275004,2.6155253902953546
7,47,Montevideo,Asuncion,2025,5,29,1.387923055544903,2.854097389933276
7,47,Santos,Asuncion,2025,5,29,0.7119465896064682,1.2351791115263355
7,47,Sao Paulo,Medellin,2025,5,29,1.0998467488094639,0.7233717468896923
7,47,La Plata,Medellin,2025,5,29,1.2598893185555566,0.9835820162705613
7,47,Santiago,Medellin,2025,5,29,0.6111102151717651,0.8963229968064492
7,47,Buenos Aires,Medellin,2025,5,29,2.227118833975613,0.9079989789064677
7,47,Avellaneda,Medellin,2025,5,29,1.3039989281814262,0.4484107637587332
7,47,Quito,Medellin,2025,5,29,0.05745065423299608,1.0177024455731183
7,47,La Boca,Medellin,2025,5,29,0.2892070130676739,1.3010606176004216
7,47,Porto Alegre,Medellin,2025,5,29,1.481878308845831,0.7541828654871534
7,47,Montevideo,Medellin,2025,5,29,1.8535549585740663,0.13107709328742545
7,47,Santos,Medellin,2025,5,29,0.3017493462408959,0.9613050738584518
7,47,La Plata,Sao Paulo,2025,5,29,1.5154117118073356,0.5055199026989545
7,47,Santiago,Sao Paulo,2025,5,29,0.5893583023775814,0.2958359622554352
7,47,Buenos Aires,Sao Paulo,2025,5,29,2.0388444742606384,1.2119473333485418
7,47,Avellaneda,Sao Paulo,2025,5,29,0.7974521730925301,1.5835760913689358
7,47,Quito,Sao Paulo,2025,5,29,0.6166744780685037,0.8277403719834011
7,47,La Boca,Sao Paulo,2025,5,29,0.9537780142797718,0.045888661790736265
7,47,Porto Alegre,Sao Paulo,2025,5,29,1.1040431502738233,1.3533285551602325
7,47,Montevideo,Sao Paulo,2025,5,29,1.2868381800909143,0.9096809759606448
7,47,Santos,Sao Paulo,2025,5,29,0.9401293949802698,0.3618775288806359
7,47,Santiago,La Plata,2025,5,29,1.435585585527666,0.05607250120707921
7,47,Buenos Aires,La Plata,2025,5,29,2.513858379775404,0.17783727617465514
7,47,Avellaneda,La Plata,2025,5,29,1.6656565348554417,-0.045975683187043315
7,47,Quito,La Plata,2025,5,29,0.9214978659090955,-0.054277878148141556
7,47,La Boca,La Plata,2025,5,29,0.9105141295687476,0.002490350392634425
7,47,Porto Alegre,La Plata,2025,5,29,1.3324667841776672,0.34012103094340174
7,47,Montevideo,La Plata,2025,5,29,1.5159805563562383,-0.4949547502610067
7,47,Santos,La Plata,2025,5,29,1.3481935047884848,0.08576039527891034
7,47,Buenos Aires,Santiago,2025,5,29,1.7406655727881732,1.7326822944468285
7,47,Avellaneda,Santiago,2025,5,29,1.6671442560270322,1.3159823863500526
7,47,Quito,Santiago,2025,5,29,1.0373336042110959,1.3197099181259944
7,47,La Boca,Santiago,2025,5,29,1.3072411656515692,1.6464962987908338
7,47,Porto Alegre,Santiago,2025,5,29,1.006742299703622,2.8929315263216724
7,47,Montevideo,Santiago,2025,5,29,1.146104090412464,1.228708412728917
7,47,Santos,Santiago,2025,5,29,1.5062931072465944,0.6596552442111239
7,47,Avellaneda,Buenos Aires,2025,5,29,1.1569716215123984,3.2374735793438822
7,47,Quito,Buenos Aires,2025,5,29,1.1343977853506744,1.8496623773824254
7,47,La Boca,Buenos Aires,2025,5,29,1.2030955315576324,2.4697294022025327
7,47,Porto Alegre,Buenos Aires,2025,5,29,1.140819157490288,2.811886572187742
7,47,Montevideo,Buenos Aires,2025,5,29,0.9867008826485487,2.890787063102236
7,47,Santos,Buenos Aires,2025,5,29,1.941695621509353,1.3256645638319495
7,47,Quito,Avellaneda,2025,5,29,0.5996208504487728,1.041536135410281
7,47,La Boca,Avellaneda,2025,5,29,0.5049496044777616,1.031805017185407
7,47,Porto Alegre,Avellaneda,2025,5,29,1.3201396280765936,1.3396983566824945
7,47,Montevideo,Avellaneda,2025,5,29,1.5079407969170278,0.9862428467559269
7,47,Santos,Avellaneda,2025,5,29,1.0476544426006615,0.561498789129798
7,47,La Boca,Quito,2025,5,29,1.8192580366675961,0.6290132578323331
7,47,Porto Alegre,Quito,2025,5,29,1.8571913211770452,0.8963338529597411
7,47,Montevideo,Quito,2025,5,29,1.6638818230272587,0.12444370160583876
7,47,Santos,Quito,2025,5,29,2.333754651941454,0.759665495736184
7,47,Porto Alegre,La Boca,2025,5,29,1.4021860076820465,2.4339048796493814
7,47,Montevideo,La Boca,2025,5,29,1.7027052107106413,1.5196358219769994
7,47,Santos,La Boca,2025,5,29,1.1679054788651342,0.9325970270832482
7,47,Montevideo,Porto Alegre,2025,5,29,1.7623948989444154,-0.21994020161133257
7,47,Santos,Porto Alegre,2025,5,29,1.465748977599113,0.17546747193615564
7,47,Santos,Montevideo,2025,5,29,1.1418333737310096,0.661468587793516
7,50,Penarol,Itaquera,2025,5,29,0.7493514024080906,-0.2580891372569801
7,50,Lima,Itaquera,2025,5,29,0.8533126248348628,0.2923504767312491
7,50,Belo Horizonte,Itaquera,2025,5,29,0.6700694119637949,1.065628617201737
7,50,Guayaquil,Itaquera,2025,5,29,0.8476078920713995,0.444399390696384
7,50,Agua Branca,Itaquera,2025,5,29,0.6041453807372902,0.5848430826630611
7,50,Bogota,Itaquera,2025,5,29,0.3891079415193733,1.178830309635666
7,50,Rio de Janeiro,Itaquera,2025,5,29,0.8118038305297083,0.3201955083867148
7,50,Asuncion,Itaquera,2025,5,29,0.5305027168820653,-0.2630235257565627
7,50,Medellin,Itaquera,2025,5,29,0.6612241193562151,0.6216042343784157
7,50,Sao Paulo,Itaquera,2025,5,29,0.4183399760994152,-0.15789514886436082
7,50,La Plata,Itaquera,2025,5,29,0.9955946348695133,0.42136540129266925
7,50,Santiago,Itaquera,2025,5,29,0.9855505361509443,0.2836272207878271
7,50,Buenos Aires,Itaquera,2025,5,29,0.8878592238582284,0.5483513580588238
7,50,Avellaneda,Itaquera,2025,5,29,0.7376989050097124,0.029641980922024535
7,50,Quito,Itaquera,2025,5,29,0.8917145482990787,0.4660763357312416
7,50,La Boca,Itaquera,2025,5,29,0.7045362829838685,0.05732218904670145
7,50,Porto Alegre,Itaquera,2025,5,29,0.9207360477312592,0.11639195271564803
7,50,Montevideo,Itaquera,2025,5,29,0.8229065205053261,-0.3360288201983825
7,50,Santos,Itaquera,2025,5,29,0.611156269668086,0.16786975514115396
7,50,Lima,Penarol,2025,5,29,0.9032835564546766,0.2893685332652138
7,50,Belo Horizonte,Penarol,2025,5,29,1.216372878948507,2.105711627425963
7,50,Guayaquil,Penarol,2025,5,29,1.0754218864342944,1.0445952530108755
7,50,Agua Branca,Penarol,2025,5,29,1.1976523138939936,1.0940839871264774
7,50,Bogota,Penarol,2025,5,29,1.3846517492637653,2.498797477873852
7,50,Rio de Janeiro,Penarol,2025,5,29,1.3254210909263349,1.8529400618849512
7,50,Asuncion,Penarol,2025,5,29,1.6304838206715084,0.48190622645171644
7,50,Medellin,Penarol,2025,5,29,0.8180146039203373,2.2038950291556696
7,50,Sao Paulo,Penarol,2025,5,29,2.027565784444323,1.9857362330453459
7,50,La Plata,Penarol,2025,5,29,2.010623061513003,0.09086972966603901
7,50,Santiago,Penarol,2025,5,29,1.7090902975504683,0.5825651165572037
7,50,Buenos Aires,Penarol,2025,5,29,2.015301493093126,1.916758525187382
7,50,Avellaneda,Penarol,2025,5,29,1.3514445412598408,1.845746193580454
7,50,Quito,Penarol,2025,5,29,1.0381020224176576,1.2718823377239117
7,50,La Boca,Penarol,2025,5,29,0.9575024847172183,1.6401538094795858
7,50,Porto Alegre,Penarol,2025,5,29,1.1903451730933792,2.416777073876001
7,50,Montevideo,Penarol,2025,5,29,1.1128337448140018,1.8159468081818344
7,50,Santos,Penarol,2025,5,29,1.637848210142795,0.9177599645393743
7,50,Belo Horizonte,Lima,2025,5,29,0.4931563319032748,1.6634040253671394
7,50,Guayaquil,Lima,2025,5,29,0.8664587360056917,1.207155248585267
7,50,Agua Branca,Lima,2025,5,29,0.13327935668037308,0.6411488275468108
7,50,Bogota,Lima,2025,5,29,0.9203443268041327,2.183475679049725
7,50,Rio de Janeiro,Lima,2025,5,29,0.48572813395027187,1.1786095404703263
7,50,Asuncion,Lima,2025,5,29,0.3991622374977432,0.10652373233959635
7,50,Medellin,Lima,2025,5,29,0.3075453570228273,1.2983809338597105
7,50,Sao Paulo,Lima,2025,5,29,0.41725797838078593,1.084787598260889
7,50,La Plata,Lima,2025,5,29,0.9575123856311458,0.5912075359071651
7,50,Santiago,Lima,2025,5,29,0.6915198170872868,0.7618183932517444
7,50,Buenos Aires,Lima,2025,5,29,1.32106877607836,1.3178077460339428
7,50,Avellaneda,Lima,2025,5,29,0.6794632059081224,0.4860925255911319
7,50,Quito,Lima,2025,5,29,0.34286683772583954,0.9504263104589729
7,50,La Boca,Lima,2025,5,29,0.27809240656975787,1.1433498516788931
7,50,Porto Alegre,Lima,2025,5,29,0.8489719293336061,1.7466336395322126
7,50,Montevideo,Lima,2025,5,29,1.1208823586334746,0.5969189091853637
7,50,Santos,Lima,2025,5,29,0.4920249680086387,0.8027800877272362
7,50,Guayaquil,Belo Horizonte,2025,5,29,0.7152106765048734,1.1276515706545922
7,50,Agua Branca,Belo Horizonte,2025,5,29,1.200399323386262,1.4735523852743617
7,50,Bogota,Belo Horizonte,2025,5,29,0.9795991282068934,2.511330268296284
7,50,Rio de Janeiro,Belo Horizonte,2025,5,29,1.376593421649357,2.1286356963460973
7,50,Asuncion,Belo Horizonte,2025,5,29,1.2748413660904836,1.118794445610494
7,50,Medellin,Belo Horizonte,2025,5,29,0.9072660874891982,2.1328258519297454
7,50,Sao Paulo,Belo Horizonte,2025,5,29,1.5829956706511406,2.4529888330976686
7,50,La Plata,Belo Horizonte,2025,5,29,1.051497065355818,0.7369502283099622
7,50,Santiago,Belo Horizonte,2025,5,29,1.2184129121801388,1.1033873214567385
7,50,Buenos Aires,Belo Horizonte,2025,5,29,1.5919447208782562,2.0286211465603343
7,50,Avellaneda,Belo Horizonte,2025,5,29,1.3880381075327566,2.430789857098132
7,50,Quito,Belo Horizonte,2025,5,29,0.9442609089748312,1.6641765025574484
7,50,La Boca,Belo Horizonte,2025,5,29,0.9335689596117885,2.2017833821711537
7,50,Porto Alegre,Belo Horizonte,2025,5,29,1.0784683999654532,2.458200153631772
7,50,Montevideo,Belo Horizonte,2025,5,29,1.4736803587198728,2.4018681042172676
7,50,Santos,Belo Horizonte,2025,5,29,0.8616095053462717,1.3209936730327116
7,50,Agua Branca,Guayaquil,2025,5,29,1.9980695322558808,0.3740100056241375
7,50,Bogota,Guayaquil,2025,5,29,1.1411688985287094,1.299079974219487
7,50,Rio de Janeiro,Guayaquil,2025,5,29,1.5462488646736106,0.5628624551267076
7,50,Asuncion,Guayaquil,2025,5,29,1.2858634680307812,-0.05377816245353779
7,50,Medellin,Guayaquil,2025,5,29,2.035519609981541,0.5604746745697162
7,50,Sao Paulo,Guayaquil,2025,5,29,2.5803222374042254,-0.01226944820583284
7,50,La Plata,Guayaquil,2025,5,29,1.929585265246904,0.21861488288265307
7,50,Santiago,Guayaquil,2025,5,29,1.6327192198939082,0.18942878108967473
7,50,Buenos Aires,Guayaquil,2025,5,29,2.4331542904153634,0.45038532774127127
7,50,Avellaneda,Guayaquil,2025,5,29,1.3592321852300318,0.19634382247767523
7,50,Quito,Guayaquil,2025,5,29,1.094615212715417,0.7740422979941061
7,50,La Boca,Guayaquil,2025,5,29,1.1945014985185245,0.2405204619814886
7,50,Porto Alegre,Guayaquil,2025,5,29,1.41120048191429,0.4687425511604735
7,50,Montevideo,Guayaquil,2025,5,29,1.4658845805331304,-0.23807799021345832
7,50,Santos,Guayaquil,2025,5,29,2.4095429050024384,-0.04462114322740429
7,50,Bogota,Agua Branca,2025,5,29,1.4419624593258815,1.3096121524741582
7,50,Rio de Janeiro,Agua Branca,2025,5,29,1.3201695362014514,0.6799235556419825
7,50,Asuncion,Agua Branca,2025,5,29,1.4832104584284653,0.17105966219291097
7,50,Medellin,Agua Branca,2025,5,29,0.9327948618183554,1.6686459907151758
7,50,Sao Paulo,Agua Branca,2025,5,29,1.1996369368515776,1.1854580581528886
7,50,La Plata,Agua Branca,2025,5,29,1.4895289014764979,0.5904618584191259
7,50,Santiago,Agua Branca,2025,5,29,1.4429610013851526,0.7496941991998856
7,50,Buenos Aires,Agua Branca,2025,5,29,1.2526560459676233,1.0440220350963731
7,50,Avellaneda,Agua Branca,2025,5,29,1.3714611485377486,0.7672649554687815
7,50,Quito,Agua Branca,2025,5,29,0.9648036314589564,0.5842577278136208
7,50,La Boca,Agua Branca,2025,5,29,1.2901972865945852,0.9497667994633189
7,50,Porto Alegre,Agua Branca,2025,5,29,0.9470570476378303,0.6581106835415523
7,50,Montevideo,Agua Branca,2025,5,29,1.1196646374681154,0.30511810722853405
7,50,Santos,Agua Branca,2025,5,29,1.1515738948472134,0.9297643233184608
7,50,Rio de Janeiro,Bogota,2025,5,29,1.3445814377829888,1.3467771439628953
7,50,Asuncion,Bogota,2025,5,29,1.668607175474502,0.0934447832481981
7,50,Medellin,Bogota,2025,5,29,1.9836344710871214,0.47698847677720896
7,50,Sao Paulo,Bogota,2025,5,29,1.9499860647555973,0.654669998783518
7,50,La Plata,Bogota,2025,5,29,2.140103565387077,0.683827531926907
7,50,Santiago,Bogota,2025,5,29,1.9677420538330215,0.7124210241351349
7,50,Buenos Aires,Bogota,2025,5,29,2.3223252127097576,0.9818846429741296
7,50,Avellaneda,Bogota,2025,5,29,1.4978675418823115,0.4292193070143105
7,50,Quito,Bogota,2025,5,29,1.3183147375081823,1.1077228657330231
7,50,La Boca,Bogota,2025,5,29,1.7274263677297095,1.0032123323991677
7,50,Porto Alegre,Bogota,2025,5,29,1.7682596011772311,1.0575262964762284
7,50,Montevideo,Bogota,2025,5,29,1.730336615653968,-0.04101273479898747
7,50,Santos,Bogota,2025,5,29,2.1550903901249585,0.5065986612132825
7,50,Asuncion,Rio de Janeiro,2025,5,29,0.9669832974387332,-0.0029262900154706046
7,50,Medellin,Rio de Janeiro,2025,5,29,0.5611382748654048,0.3741842187313321
7,50,Sao Paulo,Rio de Janeiro,2025,5,29,1.158202648406388,0.6138930699394876
7,50,La Plata,Rio de Janeiro,2025,5,29,1.5841340359170575,0.5574787377924135
7,50,Santiago,Rio de Janeiro,2025,5,29,0.878446837859577,0.9314293859129652
7,50,Buenos Aires,Rio de Janeiro,2025,5,29,2.30724108651372,0.7012498673886817
7,50,Avellaneda,Rio de Janeiro,2025,5,29,0.9465083816351817,0.0871720127037446
7,50,Quito,Rio de Janeiro,2025,5,29,0.9118035656195904,0.832712247240868
7,50,La Boca,Rio de Janeiro,2025,5,29,0.9372723535434075,0.22177726708328435
7,50,Porto Alegre,Rio de Janeiro,2025,5,29,1.470328802988716,0.5856985858018705
7,50,Montevideo,Rio de Janeiro,2025,5,29,1.7799918530285372,-0.03169577720382011
7,50,Santos,Rio de Janeiro,2025,5,29,1.1504657702178893,0.44591197220902334
7,50,Medellin,Asuncion,2025,5,29,0.22088474255105917,2.122099255525633
7,50,Sao Paulo,Asuncion,2025,5,29,1.2851018298658463,2.4106428932403694
7,50,La Plata,Asuncion,2025,5,29,1.6106385153332117,1.0001279709567066
7,50,Santiago,Asuncion,2025,5,29,0.3244786327259589,0.7609504412087972
7,50,Buenos Aires,Asuncion,2025,5,29,2.4945646576017464,2.1787652493701164
7,50,Avellaneda,Asuncion,2025,5,29,1.612634254905799,2.8182176398588203
7,50,Quito,Asuncion,2025,5,29,0.28079274027060586,1.7297761310804363
7,50,La Boca,Asuncion,2025,5,29,0.322958781122808,2.6768413823393398
7,50,Porto Alegre,Asuncion,2025,5,29,1.3017154031018072,2.6138503934617403
7,50,Montevideo,Asuncion,2025,5,29,1.3620561729391876,2.8544931003317027
7,50,Santos,Asuncion,2025,5,29,0.6681024464868324,1.2372498187583763
7,50,Sao Paulo,Medellin,2025,5,29,1.0998467488094639,0.7214024266178428
7,50,La Plata,Medellin,2025,5,29,1.3117750521968403,0.981907019436947
7,50,Santiago,Medellin,2025,5,29,0.6117108518649447,0.8937685393817009
7,50,Buenos Aires,Medellin,2025,5,29,2.2738618819879264,0.9079989789064677
7,50,Avellaneda,Medellin,2025,5,29,1.3976964952960615,0.4475313031675991
7,50,Quito,Medellin,2025,5,29,0.10993702456745895,1.0157331253012687
7,50,La Boca,Medellin,2025,5,29,0.2892070130676739,1.3001811570092874
7,50,Porto Alegre,Medellin,2025,5,29,1.5343646791802936,0.7525078686535392
7,50,Montevideo,Medellin,2025,5,29,1.8541555952672457,0.12852263586267715
7,50,Santos,Medellin,2025,5,29,0.2754360166315137,0.9613050738584518
7,50,La Plata,Sao Paulo,2025,5,29,1.5209969591786814,0.5055199026989545
7,50,Santiago,Sao Paulo,2025,5,29,0.5799177777961654,0.2958359622554352
7,50,Buenos Aires,Sao Paulo,2025,5,29,2.044429721631984,1.2119473333485418
7,50,Avellaneda,Sao Paulo,2025,5,29,0.8030374204638758,1.5835760913689358
7,50,Quito,Sao Paulo,2025,5,29,0.5801715090884637,0.8277403719834011
7,50,La Boca,Sao Paulo,2025,5,29,0.9137356362494594,0.045888661790736265
7,50,Porto Alegre,Sao Paulo,2025,5,29,1.0873968415757107,1.3533285551602325
7,50,Montevideo,Sao Paulo,2025,5,29,1.247597426972647,0.9096809759606448
7,50,Santos,Sao Paulo,2025,5,29,0.8767124596976684,0.3618775288806359
7,50,Santiago,La Plata,2025,5,29,1.435585585527666,0.05814320843911988
7,50,Buenos Aires,La Plata,2025,5,29,2.55904575716298,0.1904661972089293
7,50,Avellaneda,La Plata,2025,5,29,1.7593541019700774,-0.043904975955002645
7,50,Quito,La Plata,2025,5,29,0.9767591434646032,-0.10833305012788864
7,50,La Boca,La Plata,2025,5,29,0.9091774595534777,0.002490350392634425
7,50,Porto Alegre,La Plata,2025,5,29,1.3843525178189506,0.3527499519776759
7,50,Montevideo,La Plata,2025,5,29,1.5159805563562383,-0.4802551219946919
7,50,Santos,La Plata,2025,5,29,1.3212795384859233,0.1004600235452252
7,50,Buenos Aires,Santiago,2025,5,29,1.6062540640016656,1.7277942627937666
7,50,Avellaneda,Santiago,2025,5,29,1.7036086986099737,1.3180530935820933
7,50,Quito,Santiago,2025,5,29,0.9841678079938126,1.3323388391602684
7,50,La Boca,Santiago,2025,5,29,1.276002986347592,1.6289793461034978
7,50,Porto Alegre,Santiago,2025,5,29,0.9946299736298255,2.8880434946686107
7,50,Montevideo,Santiago,2025,5,29,1.0543522842936626,1.2434080409952317
7,50,Santos,Santiago,2025,5,29,1.2404980559525611,0.6880619194288072
7,50,Avellaneda,Buenos Aires,2025,5,29,1.258979672403332,3.2374735793438822
7,50,Quito,Buenos Aires,2025,5,29,1.1092640465004444,1.8496623773824254
7,50,La Boca,Buenos Aires,2025,5,29,1.1630531535273199,2.452212449515197
7,50,Porto Alegre,Buenos Aires,2025,5,29,1.1247734854853548,2.794369619500406
7,50,Montevideo,Buenos Aires,2025,5,29,0.8978199689446184,2.890787063102236
7,50,Santos,Buenos Aires,2025,5,29,1.7525652850762954,1.3393716107833178
7,50,Quito,Avellaneda,2025,5,29,0.5400679383995797,1.0538707330063197
7,50,La Boca,Avellaneda,2025,5,29,0.4684466354977218,1.0309255565942728
7,50,Porto Alegre,Avellaneda,2025,5,29,1.303493319378481,1.3523272777167685
7,50,Montevideo,Avellaneda,2025,5,29,1.411655008173911,1.0000630144311073
7,50,Santos,Avellaneda,2025,5,29,0.8023862417772811,0.5761984173961129
7,50,La Boca,Quito,2025,5,29,1.782755067687556,0.6114963051449971
7,50,Porto Alegre,Quito,2025,5,29,1.8405450124789327,0.8788169002724051
7,50,Montevideo,Quito,2025,5,29,1.627277356144401,0.12651440883787943
7,50,Santos,Quito,2025,5,29,2.202638035416763,0.7442192502808888
7,50,Porto Alegre,La Boca,2025,5,29,1.4413587785563533,2.4163879269620456
7,50,Montevideo,La Boca,2025,5,29,1.676838328104926,1.5217065292090401
7,50,Santos,La Boca,2025,5,29,1.143224428199035,0.9171507816279529
7,50,Montevideo,Porto Alegre,2025,5,29,1.7623948989444154,-0.21994020161133257
7,50,Santos,Porto Alegre,2025,5,29,1.4687666971867186,0.17546747193615564
7,50,Santos,Montevideo,2025,5,29,1.0407613112190586,0.658651263372495
7,53,Penarol,Itaquera,2025,5,29,0.7635330640402463,-0.22536383978849375
7,53,Lima,Itaquera,2025,5,29,0.9269973877728955,0.331229765833906
7,53,Belo Horizonte,Itaquera,2025,5,29,0.6357587691552763,1.0881908816833872
7,53,Guayaquil,Itaquera,2025,5,29,0.8476078920713995,0.4686334304218161
7,53,Agua Branca,Itaquera,2025,5,29,0.6064221817287131,0.6130851502641744
7,53,Bogota,Itaquera,2025,5,29,0.380892690408712,1.1935668072393633
7,53,Rio de Janeiro,Itaquera,2025,5,29,0.8259854921618639,0.3569288337308824
7,53,Asuncion,Itaquera,2025,5,29,0.5153760548000917,-0.23197000353185845
7,53,Medellin,Itaquera,2025,5,29,0.6612241193562151,0.6707378046943813
7,53,Sao Paulo,Itaquera,2025,5,29,0.42061677709083817,-0.12516985139587458
7,53,La Plata,Itaquera,2025,5,29,1.0431840061096884,0.4331991960463034
7,53,Santiago,Itaquera,2025,5,29,0.9997321977830999,0.33108901586001044
7,53,Buenos Aires,Itaquera,2025,5,29,0.9615439867962612,0.563087855662521
7,53,Avellaneda,Itaquera,2025,5,29,0.751880566641868,0.03746774779997743
7,53,Quito,Itaquera,2025,5,29,0.8678959575926444,0.47390210260919446
7,53,La Boca,Itaquera,2025,5,29,0.6665360306452784,0.09405551439086912
7,53,Porto Alegre,Itaquera,2025,5,29,1.0168177234121085,0.16385374778783163
7,53,Montevideo,Itaquera,2025,5,29,0.887899354818898,-0.29929549485421486
7,53,Santos,Itaquera,2025,5,29,0.5992425396023844,0.19892327736585805
7,53,Lima,Penarol,2025,5,29,0.9032835564546766,0.7181405606086734
7,53,Belo Horizonte,Penarol,2025,5,29,1.183850800228755,1.4049524254565124
7,53,Guayaquil,Penarol,2025,5,29,1.0784728483695663,1.3738730731848743
7,53,Agua Branca,Penarol,2025,5,29,1.1900053892409908,0.9857140884188078
7,53,Bogota,Penarol,2025,5,29,1.3613182298027577,1.9033603472839133
7,53,Rio de Janeiro,Penarol,2025,5,29,1.403133081364527,1.2301387826387058
7,53,Asuncion,Penarol,2025,5,29,1.6848622916486926,0.8860209330410034
7,53,Medellin,Penarol,2025,5,29,0.7946810844593296,1.772185093772942
7,53,Sao Paulo,Penarol,2025,5,29,2.020328582344696,1.9369491466369406
7,53,La Plata,Penarol,2025,5,29,2.0032229538524717,0.46398218326696794
7,53,Santiago,Penarol,2025,5,29,1.6857567780894602,0.989268328538609
7,53,Buenos Aires,Penarol,2025,5,29,2.008064290993499,1.6078035851547299
7,53,Avellaneda,Penarol,2025,5,29,1.3494564752470748,1.5297480377391646
7,53,Quito,Penarol,2025,5,29,1.0925172022484901,1.0480972510578537
7,53,La Boca,Penarol,2025,5,29,1.0088667026127793,0.9659103058321508
7,53,Porto Alegre,Penarol,2025,5,29,1.2132689700010102,1.8736612114062237
7,53,Montevideo,Penarol,2025,5,29,1.107421703166236,1.4151013210561076
7,53,Santos,Penarol,2025,5,29,1.625608688948779,0.9512894504775321
7,53,Belo Horizonte,Lima,2025,5,29,0.47315855165036796,1.2114740910678314
7,53,Guayaquil,Lima,2025,5,29,0.8664587360056917,1.3330012557458466
7,53,Agua Branca,Lima,2025,5,29,0.14746101831252875,0.6611581582217115
7,53,Bogota,Lima,2025,5,29,0.9203443268041327,1.6133062033099728
7,53,Rio de Janeiro,Lima,2025,5,29,0.5067095223113189,0.582340721269791
7,53,Asuncion,Lima,2025,5,29,0.39905055325532246,0.3625412059057898
7,53,Medellin,Lima,2025,5,29,0.3215999571927643,1.1035000692470864
7,53,Sao Paulo,Lima,2025,5,29,0.4314396400129416,1.0843806282126294
7,53,La Plata,Lima,2025,5,29,0.9307148786493474,0.7932372109746089
7,53,Santiago,Lima,2025,5,29,0.712501205448334,0.9961740215041427
7,53,Buenos Aires,Lima,2025,5,29,1.3278685028072514,1.1642717751028033
7,53,Avellaneda,Lima,2025,5,29,0.7076994677102149,0.4860925255911319
7,53,Quito,Lima,2025,5,29,0.33705071910508827,0.9500193404107131
7,53,La Boca,Lima,2025,5,29,0.2580946263168509,0.7990600340935907
7,53,Porto Alegre,Lima,2025,5,29,0.8642488833163227,1.1760571937442008
7,53,Montevideo,Lima,2025,5,29,1.1276820853623664,0.48576632501637795
7,53,Santos,Lima,2025,5,29,0.4934637228289329,0.7622242542256603
7,53,Guayaquil,Belo Horizonte,2025,5,29,0.671905158975405,1.4628669893354833
7,53,Agua Branca,Belo Horizonte,2025,5,29,1.180017602764425,1.365182486566693
7,53,Bogota,Belo Horizonte,2025,5,29,0.9084432453582517,1.8841046139906468
7,53,Rio de Janeiro,Belo Horizonte,2025,5,29,1.456293478100315,1.4740458933841534
7,53,Asuncion,Belo Horizonte,2025,5,29,1.2622924670893316,1.4638935026049869
7,53,Medellin,Belo Horizonte,2025,5,29,0.858518949678903,1.787758298141108
7,53,Sao Paulo,Belo Horizonte,2025,5,29,1.577554050370314,2.3825126131968593
7,53,La Plata,Belo Horizonte,2025,5,29,1.047623355281651,1.0510470323160965
7,53,Santiago,Belo Horizonte,2025,5,29,1.1696657743698435,1.4655088945952892
7,53,Buenos Aires,Belo Horizonte,2025,5,29,1.6143534659166032,1.7713086057513516
7,53,Avellaneda,Belo Horizonte,2025,5,29,1.3223238449649413,2.111708574106663
7,53,Quito,Belo Horizonte,2025,5,29,0.9314491958761756,1.4451704603995643
7,53,La Boca,Belo Horizonte,2025,5,29,0.920757246513133,1.5737642458486074
7,53,Porto Alegre,Belo Horizonte,2025,5,29,1.0523822449652855,1.8515054108733482
7,53,Montevideo,Belo Horizonte,2025,5,29,1.4911625353466773,2.005801661599713
7,53,Santos,Belo Horizonte,2025,5,29,0.7690977357966577,1.3790583928033529
7,53,Agua Branca,Guayaquil,2025,5,29,1.9032308066950903,0.40225207322525086
7,53,Bogota,Guayaquil,2025,5,29,1.0481847433619118,1.1652669851842288
7,53,Rio de Janeiro,Guayaquil,2025,5,29,1.6259489211245688,0.44937451858813765
7,53,Asuncion,Guayaquil,2025,5,29,1.2879444012731915,-0.02105286498505164
7,53,Medellin,Guayaquil,2025,5,29,1.928505917354017,0.6096082448856817
7,53,Sao Paulo,Guayaquil,2025,5,29,2.567261345963659,0.020455849262653494
7,53,La Plata,Guayaquil,2025,5,29,1.9394481707139695,0.2304486776362873
7,53,Santiago,Guayaquil,2025,5,29,1.5658489265262594,0.2385623514056403
7,53,Buenos Aires,Guayaquil,2025,5,29,2.420093398974797,0.4667936005887505
7,53,Avellaneda,Guayaquil,2025,5,29,1.2781528907039668,0.20416958935562812
7,53,Quito,Guayaquil,2025,5,29,1.095540115157994,0.781868064872059
7,53,La Boca,Guayaquil,2025,5,29,1.1800613690028516,0.2772537873256562
7,53,Porto Alegre,Guayaquil,2025,5,29,1.351888953496023,0.36765485959370137
7,53,Montevideo,Guayaquil,2025,5,29,1.460382454041946,-0.2013446648692907
7,53,Santos,Guayaquil,2025,5,29,2.343828642434623,-0.011895845758917977
7,53,Bogota,Agua Branca,2025,5,29,1.4456520688559529,1.0982929355499316
7,53,Rio de Janeiro,Agua Branca,2025,5,29,1.3411509245624984,0.44291196530523164
7,53,Asuncion,Agua Branca,2025,5,29,1.4654401745485015,0.23529570323981353
7,53,Medellin,Agua Branca,2025,5,29,0.9479099978590246,1.6615410790376288
7,53,Sao Paulo,Agua Branca,2025,5,29,1.213818598483733,1.1854580581528886
7,53,La Plata,Agua Branca,2025,5,29,1.472125438403101,0.6603777025854918
7,53,Santiago,Agua Branca,2025,5,29,1.4863511347845468,0.7918614248847331
7,53,Buenos Aires,Agua Branca,2025,5,29,1.2855541272649331,1.0202814444905366
7,53,Avellaneda,Agua Branca,2025,5,29,1.399697410339841,0.730954119748097
7,53,Quito,Agua Branca,2025,5,29,0.9463946999841931,0.6138547083836207
7,53,La Boca,Agua Branca,2025,5,29,1.2545557315523943,0.8779403746938125
7,53,Porto Alegre,Agua Branca,2025,5,29,0.9904471810372241,0.49911273473748574
7,53,Montevideo,Agua Branca,2025,5,29,1.1264643641970071,0.27281529938353066
7,53,Santos,Agua Branca,2025,5,29,1.1373688748782238,0.9032020080356689
7,53,Rio de Janeiro,Bogota,2025,5,29,1.424281494233947,0.8318243972487345
7,53,Asuncion,Bogota,2025,5,29,1.7130688518237196,0.09177300800441604
7,53,Medellin,Bogota,2025,5,29,1.8834844755212488,0.42734154000281216
7,53,Sao Paulo,Bogota,2025,5,29,1.9380812041148647,0.6406554176895288
7,53,La Plata,Bogota,2025,5,29,2.0911159053479764,0.7163630038054489
7,53,Santiago,Bogota,2025,5,29,1.9444085343720137,0.7321717812166663
7,53,Buenos Aires,Bogota,2025,5,29,2.3104203520690247,0.9269860302791043
7,53,Avellaneda,Bogota,2025,5,29,1.4825025099240619,0.350366446196776
7,53,Quito,Bogota,2025,5,29,1.326103337012409,1.099939474015199
7,53,La Boca,Bogota,2025,5,29,1.7198499352756866,0.7221688287866298
7,53,Porto Alegre,Bogota,2025,5,29,1.739145289281622,0.5770958436073829
7,53,Montevideo,Bogota,2025,5,29,1.6659839236566178,-0.07331554264399087
7,53,Santos,Bogota,2025,5,29,2.1184173132799686,0.4576198773271745
7,53,Asuncion,Rio de Janeiro,2025,5,29,0.9495397179701662,0.0297990074530156
7,53,Medellin,Rio de Janeiro,2025,5,29,0.5315577092378518,0.4625286346123802
7,53,Sao Paulo,Rio de Janeiro,2025,5,29,1.1597054876580903,0.7234358307490039
7,53,La Plata,Rio de Janeiro,2025,5,29,1.5579504150971617,0.6383042290091249
7,53,Santiago,Rio de Janeiro,2025,5,29,0.8630479338641797,1.0333373421123662
7,53,Buenos Aires,Rio de Janeiro,2025,5,29,2.2999472749536896,0.7221425067814269
7,53,Avellaneda,Rio de Janeiro,2025,5,29,0.9587019772545714,0.12561937432180695
7,53,Quito,Rio de Janeiro,2025,5,29,0.9048972438402918,0.899687052861791
7,53,La Boca,Rio de Janeiro,2025,5,29,0.9131334081966815,0.22890050710715212
7,53,Porto Alegre,Rio de Janeiro,2025,5,29,1.4845104646208716,0.43796566501682227
7,53,Montevideo,Rio de Janeiro,2025,5,29,1.7503546779405807,-0.004805109579759611
7,53,Santos,Rio de Janeiro,2025,5,29,1.1573536202900145,0.5108807440137324
7,53,Medellin,Asuncion,2025,5,29,0.2378518673085792,1.7606234288895153
7,53,Sao Paulo,Asuncion,2025,5,29,1.2819370105764425,2.34016667333956
7,53,La Plata,Asuncion,2025,5,29,1.5726382629946216,1.3692323966819537
7,53,Santiago,Asuncion,2025,5,29,0.27189433031703925,1.178971519535388
7,53,Buenos Aires,Asuncion,2025,5,29,2.5050685419993606,1.8438832594506587
7,53,Avellaneda,Asuncion,2025,5,29,1.6268159165379545,2.472668178866773
7,53,Quito,Asuncion,2025,5,29,0.25697414956417136,1.4843019109219744
7,53,La Boca,Asuncion,2025,5,29,0.20302450189085267,1.970677901544149
7,53,Porto Alegre,Asuncion,2025,5,29,1.3383058097723097,1.914622297908333
7,53,Montevideo,Asuncion,2025,5,29,1.3397073729232387,2.385604491813874
7,53,Santos,Asuncion,2025,5,29,0.6543896545159007,1.2768163103967956
7,53,Sao Paulo,Medellin,2025,5,29,1.0483820361887697,0.7214024266178428
7,53,La Plata,Medellin,2025,5,29,1.3068790099288123,0.981907019436947
7,53,Santiago,Medellin,2025,5,29,0.533100790434493,0.8700279487758639
7,53,Buenos Aires,Medellin,2025,5,29,2.384913758343455,0.8470499998289013
7,53,Avellaneda,Medellin,2025,5,29,1.3602863828453038,0.4475313031675991
7,53,Quito,Medellin,2025,5,29,0.04417896607218811,1.0157331253012687
7,53,La Boca,Medellin,2025,5,29,0.20926729294024712,1.2606575400847853
7,53,Porto Alegre,Medellin,2025,5,29,1.659654826628382,0.4837354935621322
7,53,Montevideo,Medellin,2025,5,29,1.9427987265844269,0.12852263586267715
7,53,Santos,Medellin,2025,5,29,0.28072353446450493,0.9051457780056598
7,53,La Plata,Sao Paulo,2025,5,29,1.4635094756736395,0.9628686164706061
7,53,Santiago,Sao Paulo,2025,5,29,0.5696098891674797,0.848887248012109
7,53,Buenos Aires,Sao Paulo,2025,5,29,2.0361628429465735,1.2208062339380066
7,53,Avellaneda,Sao Paulo,2025,5,29,0.8172190820960314,1.5971498524882086
7,53,Quito,Sao Paulo,2025,5,29,0.5399166491508491,0.9778844484448086
7,53,La Boca,Sao Paulo,2025,5,29,0.8322645029699134,0.08221501708664387
7,53,Porto Alegre,Sao Paulo,2025,5,29,1.1004224724080325,1.1844109309682287
7,53,Montevideo,Sao Paulo,2025,5,29,1.2112030160710732,0.9464143013048119
7,53,Santos,Sao Paulo,2025,5,29,0.869801048726356,0.6183267074201347
7,53,Santiago,La Plata,2025,5,29,1.1587652806474331,0.09086850590760633
7,53,Buenos Aires,La Plata,2025,5,29,2.5695496415605943,0.1904661972089293
7,53,Avellaneda,La Plata,2025,5,29,1.6279934651494117,-0.036079209077049756
7,53,Quito,La Plata,2025,5,29,0.7562066654126768,-0.1005072832499357
7,53,La Boca,La Plata,2025,5,29,0.6066909546081858,0.03521564786112067
7,53,Porto Alegre,La Plata,2025,5,29,1.3353425659111517,0.3854752494461622
7,53,Montevideo,La Plata,2025,5,29,1.4694928109935634,-0.4475298245262056
7,53,Santos,La Plata,2025,5,29,1.2006181787690757,0.13318532101371147
7,53,Buenos Aires,Santiago,2025,5,29,1.6062540640016656,1.357678146498118
7,53,Avellaneda,Santiago,2025,5,29,1.688243666651724,0.972503632590046
7,53,Quito,Santiago,2025,5,29,1.0531611109720498,1.0209568027111218
7,53,La Boca,Santiago,2025,5,29,1.3296312573675801,0.9123898824320483
7,53,Porto Alegre,Santiago,2025,5,29,0.9964843042008761,2.0810152349234015
7,53,Montevideo,Santiago,2025,5,29,1.051467109867828,0.7785274603530845
7,53,Santos,Santiago,2025,5,29,1.229791302479841,0.647286584024602
7,53,Avellaneda,Buenos Aires,2025,5,29,1.25929168654816,2.8919241183518354
7,53,Quito,Buenos Aires,2025,5,29,1.101789946973552,1.603781187175704
7,53,La Boca,Buenos Aires,2025,5,29,1.141397392368272,1.735216015795488
7,53,Porto Alegre,Buenos Aires,2025,5,29,1.102964408186218,1.9705261168594592
7,53,Montevideo,Buenos Aires,2025,5,29,0.927543492581141,2.4259064824600887
7,53,Santos,Buenos Aires,2025,5,29,1.6673968664526297,1.3491332179370301
7,53,Quito,Avellaneda,2025,5,29,0.5337711747569864,0.9522590605015645
7,53,La Boca,Avellaneda,2025,5,29,0.443733877961607,0.822232232585295
7,53,Porto Alegre,Avellaneda,2025,5,29,1.327237835808741,1.0401684429481537
7,53,Montevideo,Avellaneda,2025,5,29,1.4722820379697483,0.8092041738542282
7,53,Santos,Avellaneda,2025,5,29,0.7313662336622015,0.5623440413331858
7,53,La Boca,Quito,2025,5,29,1.7044620535713284,0.6114963051449971
7,53,Porto Alegre,Quito,2025,5,29,1.7457164380155081,0.6282240730809036
7,53,Montevideo,Quito,2025,5,29,1.5579223450526614,0.12651440883787943
7,53,Santos,Quito,2025,5,29,2.0899992408227064,0.7561110153554593
7,53,Porto Alegre,La Boca,2025,5,29,1.4637675235947003,1.6939854059079178
7,53,Montevideo,La Boca,2025,5,29,1.6311560086279693,1.1795490935978563
7,53,Santos,La Boca,2025,5,29,1.0957808273335632,0.8831006760316435
7,53,Montevideo,Porto Alegre,2025,5,29,1.72090947267613,-0.18320687626716503
7,53,Santos,Porto Alegre,2025,5,29,1.381704225451289,0.23504843816372045
7,53,Santos,Montevideo,2025,5,29,0.9258681564283038,0.5876090963671099
7,56,Penarol,Itaquera,2025,5,29,0.8041818712021935,-0.12417952250413046
7,56,Lima,Itaquera,2025,5,29,0.9246067861268578,0.21270834901960003
7,56,Belo Horizonte,Itaquera,2025,5,29,0.6410349535184307,0.5802734455611646
7,56,Guayaquil,Itaquera,2025,5,29,0.8911641281575184,0.3869849112558149
7,56,Agua Branca,Itaquera,2025,5,29,0.6064221817287131,0.5960875877742133
7,56,Bogota,Itaquera,2025,5,29,0.41139899539361824,0.8637545342909831
7,56,Rio de Janeiro,Itaquera,2025,5,29,1.0328361995099988,0.08681832452082093
7,56,Asuncion,Itaquera,2025,5,29,0.5493843427075,-0.12987146717840217
7,56,Medellin,Itaquera,2025,5,29,0.6665003037193694,0.5577828357249034
7,56,Sao Paulo,Itaquera,2025,5,29,0.625098728999992,-0.11766373738394376
7,56,La Plata,Itaquera,2025,5,29,1.1233290502741444,-0.017100903581767787
7,56,Santiago,Itaquera,2025,5,29,1.0021009532220821,0.33859512987194135
7,56,Buenos Aires,Itaquera,2025,5,29,1.1644609984655714,0.4764214496099084
7,56,Avellaneda,Itaquera,2025,5,29,0.7820973374897296,0.07515995374942257
7,56,Quito,Itaquera,2025,5,29,0.9032467341843821,0.2285119895694883
7,56,La Boca,Itaquera,2025,5,29,0.6524379865823572,0.007671386711754594
7,56,Porto Alegre,Itaquera,2025,5,29,1.0574665305740558,0.28354458341562017
7,56,Montevideo,Itaquera,2025,5,29,0.968044398983354,-0.19531309259404095
7,56,Santos,Itaquera,2025,5,29,0.6005850282867137,0.21106444061543872
7,56,Lima,Penarol,2025,5,29,1.1075756595869175,0.7167316092620326
7,56,Belo Horizonte,Penarol,2025,5,29,1.4851357698072634,1.4113788759243815
7,56,Guayaquil,Penarol,2025,5,29,1.3217374609503434,1.3142071215947857
7,56,Agua Branca,Penarol,2025,5,29,1.461519500969543,0.9857140884188078
7,56,Bogota,Penarol,2025,5,29,1.4447767399625706,1.952114907873432
7,56,Rio de Janeiro,Penarol,2025,5,29,2.0664722307716037,1.2869896527913371
7,56,Asuncion,Penarol,2025,5,29,1.773618355695618,0.8846119816943626
7,56,Medellin,Penarol,2025,5,29,1.128274801644255,1.7037753454539823
7,56,Sao Paulo,Penarol,2025,5,29,2.5105268665005935,1.8456755442194759
7,56,La Plata,Penarol,2025,5,29,2.1824202471722134,0.464888868166593
7,56,Santiago,Penarol,2025,5,29,1.8296532994468615,1.00427894178715
7,56,Buenos Aires,Penarol,2025,5,29,2.593352335678949,1.5405435904485443
7,56,Avellaneda,Penarol,2025,5,29,1.587665013003974,1.4474774297844377
7,56,Quito,Penarol,2025,5,29,1.3511697993649225,1.040742587958152
7,56,La Boca,Penarol,2025,5,29,1.2270278268205461,0.9873652085840149
7,56,Porto Alegre,Penarol,2025,5,29,1.2121859888210924,1.9291031302122141
7,56,Montevideo,Penarol,2025,5,29,1.3508369940808478,1.2999934506600286
7,56,Santos,Penarol,2025,5,29,1.9820953085238937,0.9738941068421704
7,56,Belo Horizonte,Lima,2025,5,29,0.47843473601352227,1.0762896110287588
7,56,Guayaquil,Lima,2025,5,29,0.9106828093820493,1.1777309509450833
7,56,Agua Branca,Lima,2025,5,29,0.155140338942029,0.6611581582217115
7,56,Bogota,Lima,2025,5,29,0.9445025414620042,1.5655497257891915
7,56,Rio de Janeiro,Lima,2025,5,29,0.7056859553399227,0.5440896877868323
7,56,Asuncion,Lima,2025,5,29,0.43847803083931486,0.361132254559149
7,56,Medellin,Lima,2025,5,29,0.3268761415559186,1.002253058486774
7,56,Sao Paulo,Lima,2025,5,29,0.6265766424462741,0.9320946704694733
7,56,La Plata,Lima,2025,5,29,1.005179669777008,0.6682054790110485
7,56,Santiago,Lima,2025,5,29,0.7148699608873166,1.0111846347526836
7,56,Buenos Aires,Lima,2025,5,29,1.523579077447269,1.0014074271859432
7,56,Avellaneda,Lima,2025,5,29,0.7322984255836981,0.341849195304272
7,56,Quito,Lima,2025,5,29,0.37306933298706485,0.8166725783410088
7,56,La Boca,Lima,2025,5,29,0.2376484919268953,0.7923398439611156
7,56,Porto Alegre,Lima,2025,5,29,0.9055655277685087,1.198661850108839
7,56,Montevideo,Lima,2025,5,29,1.2021468764900267,0.37065845462030006
7,56,Santos,Lima,2025,5,29,0.4954740488035011,0.7838685435838572
7,56,Guayaquil,Belo Horizonte,2025,5,29,0.9305321498601776,1.4032010377453947
7,56,Agua Branca,Belo Horizonte,2025,5,29,1.39452441151166,1.3610250733289773
7,56,Bogota,Belo Horizonte,2025,5,29,0.9851181578915814,1.9219737306302365
7,56,Rio de Janeiro,Belo Horizonte,2025,5,29,2.1624438195142823,1.500162724907854
7,56,Asuncion,Belo Horizonte,2025,5,29,1.3022414709800791,1.495735038904312
7,56,Medellin,Belo Horizonte,2025,5,29,1.1884932106213362,1.6686750477900463
7,56,Sao Paulo,Belo Horizonte,2025,5,29,2.0702098856326168,2.2590413667735514
7,56,La Plata,Belo Horizonte,2025,5,29,1.2121081951466244,1.0869136391349907
7,56,Santiago,Belo Horizonte,2025,5,29,1.306849532330266,1.5156142918793116
7,56,Buenos Aires,Belo Horizonte,2025,5,29,2.2100576895412067,1.7409899524095502
7,56,Avellaneda,Belo Horizonte,2025,5,29,1.574628895956255,1.9619921858479021
7,56,Quito,Belo Horizonte,2025,5,29,1.10569151075134,1.4719502143289023
7,56,La Boca,Belo Horizonte,2025,5,29,1.0993382512379979,1.5611772082051134
7,56,Porto Alegre,Belo Horizonte,2025,5,29,1.06508922846877,1.9069473296793387
7,56,Montevideo,Belo Horizonte,2025,5,29,1.7236755420461067,1.9250147416010082
7,56,Santos,Belo Horizonte,2025,5,29,1.095293475576773,1.4339531698075156
7,56,Agua Branca,Guayaquil,2025,5,29,2.1250567544472654,0.40396150749855403
7,56,Bogota,Guayaquil,2025,5,29,1.115418258413721,0.9920121539224254
7,56,Rio de Janeiro,Guayaquil,2025,5,29,2.2015136319528223,0.19797100614134058
7,56,Asuncion,Guayaquil,2025,5,29,1.3264833102454336,0.09851814841844259
7,56,Medellin,Guayaquil,2025,5,29,2.176051270008871,0.47429475872749494
7,56,Sao Paulo,Guayaquil,2025,5,29,2.981261187542639,-0.032292802482929116
7,56,La Plata,Guayaquil,2025,5,29,2.066946974082767,-0.05037176777797398
7,56,Santiago,Guayaquil,2025,5,29,1.6513238525523006,0.26633902744341936
7,56,Buenos Aires,Guayaquil,2025,5,29,2.9446596174444553,0.40151245405091823
7,56,Avellaneda,Guayaquil,2025,5,29,1.484743487085964,0.23239369918399833
7,56,Quito,Guayaquil,2025,5,29,1.3359573911918545,0.5544942738486552
7,56,La Boca,Guayaquil,2025,5,29,1.3819974981026146,0.12947535136841468
7,56,Porto Alegre,Guayaquil,2025,5,29,1.3487956463415371,0.4348756380981735
7,56,Montevideo,Guayaquil,2025,5,29,1.6608430835994437,-0.07929423736774834
7,56,Santos,Guayaquil,2025,5,29,2.633757750976254,-0.03351774286938949
7,56,Bogota,Agua Branca,2025,5,29,1.5192336742347965,0.8489864838983299
7,56,Rio de Janeiro,Agua Branca,2025,5,29,1.5764907913222288,0.25198275907122236
7,56,Asuncion,Agua Branca,2025,5,29,1.4570488368238061,0.3420234181404382
7,56,Medellin,Agua Branca,2025,5,29,0.950092875067693,1.3933614425294911
7,56,Sao Paulo,Agua Branca,2025,5,29,1.446789709804481,0.9974592194875556
7,56,La Plata,Agua Branca,2025,5,29,1.537684341585214,0.31084568112232885
7,56,Santiago,Agua Branca,2025,5,29,1.5741948162495705,0.8626267272671047
7,56,Buenos Aires,Agua Branca,2025,5,29,1.434578679474283,0.9759388764768289
7,56,Avellaneda,Agua Branca,2025,5,29,1.3818967425812199,0.6242470146557252
7,56,Quito,Agua Branca,2025,5,29,0.9424391580983129,0.44726920353523414
7,56,La Boca,Agua Branca,2025,5,29,1.2415866266341204,0.7369820127104655
7,56,Porto Alegre,Agua Branca,2025,5,29,0.9886963625670674,0.5946705303195542
7,56,Montevideo,Agua Branca,2025,5,29,1.1920232673791196,0.2669145579861243
7,56,Santos,Agua Branca,2025,5,29,1.2241862895885942,0.9292111186351154
7,56,Rio de Janeiro,Bogota,2025,5,29,1.9485974218417537,0.7082652347771379
7,56,Asuncion,Bogota,2025,5,29,1.8061899255320497,0.1938715443578727
7,56,Medellin,Bogota,2025,5,29,2.135913393682467,0.5090398875876622
7,56,Sao Paulo,Bogota,2025,5,29,2.290368854381693,0.6950341464865633
7,56,La Plata,Bogota,2025,5,29,2.226304996906546,0.47007533971224813
7,56,Santiago,Bogota,2025,5,29,2.0004613742643906,0.8059019481679672
7,56,Buenos Aires,Bogota,2025,5,29,2.8762544056359984,0.9375343822783108
7,56,Avellaneda,Bogota,2025,5,29,1.7296901436996077,0.39272082170323425
7,56,Quito,Bogota,2025,5,29,1.5946796914022676,0.912450235083891
7,56,La Boca,Bogota,2025,5,29,1.9562932330584812,0.723033126793592
7,56,Porto Alegre,Bogota,2025,5,29,1.736051982127136,0.7900982478893115
7,56,Montevideo,Bogota,2025,5,29,1.8741348414038879,0.028957425342880014
7,56,Santos,Bogota,2025,5,29,2.311530066193919,0.5302353467895428
7,56,Asuncion,Rio de Janeiro,2025,5,29,1.0422604244781153,0.16373491452522962
7,56,Medellin,Rio de Janeiro,2025,5,29,0.560111709688981,0.47271630703751777
7,56,Sao Paulo,Rio de Janeiro,2025,5,29,1.3657703749010877,0.7319475859398765
7,56,La Plata,Rio de Janeiro,2025,5,29,1.6626613932969767,0.3389709201539703
7,56,Santiago,Rio de Janeiro,2025,5,29,0.8917878125456231,1.1333337302698254
7,56,Buenos Aires,Rio de Janeiro,2025,5,29,2.5096790415578583,0.7916695659186145
7,56,Avellaneda,Rio de Janeiro,2025,5,29,0.9903537561080257,0.16171311277812828
7,56,Quito,Rio de Janeiro,2025,5,29,0.9973023938007111,0.8043944586340578
7,56,La Boca,Rio de Janeiro,2025,5,29,0.9163224859440288,0.2243219803450661
7,56,Porto Alegre,Rio de Janeiro,2025,5,29,1.5328799300530287,0.6178323874191219
7,56,Montevideo,Rio de Janeiro,2025,5,29,1.8047579870354997,0.1322491831123984
7,56,Santos,Rio de Janeiro,2025,5,29,1.2096716153694786,0.6164482816837906
7,56,Medellin,Asuncion,2025,5,29,0.24312805167173346,1.6503131701129319
7,56,Sao Paulo,Asuncion,2025,5,29,1.4600586267638969,2.2049726965927965
7,56,La Plata,Asuncion,2025,5,29,1.6188925682851276,1.3863920067375837
7,56,Santiago,Asuncion,2025,5,29,0.2742630857560218,1.2173541864959547
7,56,Buenos Aires,Asuncion,2025,5,29,2.6597379652342616,1.798880620967566
7,56,Avellaneda,Asuncion,2025,5,29,1.6550073580668048,2.3042447938447483
7,56,Quito,Asuncion,2025,5,29,0.2923249261559095,1.4977106031648204
7,56,La Boca,Asuncion,2025,5,29,0.18257836750089704,1.9406534429744589
7,56,Porto Alegre,Asuncion,2025,5,29,1.3789546169342568,1.9701840389386176
7,56,Montevideo,Asuncion,2025,5,29,1.377217849619915,2.2867495465738004
7,56,Santos,Asuncion,2025,5,29,0.65573214320023,1.3131239128619883
7,56,Sao Paulo,Medellin,2025,5,29,1.2498825730854684,0.6219956704378028
7,56,La Plata,Medellin,2025,5,29,1.3818495789949936,0.7434372337554422
7,56,Santiago,Medellin,2025,5,29,0.5354695458734756,0.8751601280904646
7,56,Buenos Aires,Medellin,2025,5,29,2.5739956853179025,0.8515369589823515
7,56,Avellaneda,Medellin,2025,5,29,1.3883127731131901,0.4560880492262636
7,56,Quito,Medellin,2025,5,29,0.08549561052437422,0.817835974844922
7,56,La Boca,Medellin,2025,5,29,0.20159621859218274,1.0856244031983964
7,56,Porto Alegre,Medellin,2025,5,29,1.697878163926082,0.5429524128669856
7,56,Montevideo,Medellin,2025,5,29,2.00902546705678,0.19801934319246078
7,56,Santos,Medellin,2025,5,29,0.2827338604390731,0.8563221352536462
7,56,La Plata,Sao Paulo,2025,5,29,1.5541992619093037,0.9001015257012839
7,56,Santiago,Sao Paulo,2025,5,29,0.588203639714466,0.878072875396529
7,56,Buenos Aires,Sao Paulo,2025,5,29,2.220986699635045,1.0746634307920888
7,56,Avellaneda,Sao Paulo,2025,5,29,0.8400813178037572,1.5148792445334818
7,56,Quito,Sao Paulo,2025,5,29,0.5921602581408294,0.9121656959247147
7,56,La Boca,Sao Paulo,2025,5,29,0.8280433636879616,0.11435230622183538
7,56,Porto Alegre,Sao Paulo,2025,5,29,1.1417391168602187,1.249385482544772
7,56,Montevideo,Sao Paulo,2025,5,29,1.3018928023067373,0.8634437200439242
7,56,Santos,Sao Paulo,2025,5,29,0.8718113747009242,0.6504639965553262
7,56,Santiago,La Plata,2025,5,29,1.1773590311944198,0.08945955456096552
7,56,Buenos Aires,La Plata,2025,5,29,2.689945593269521,0.18887864864830609
7,56,Avellaneda,La Plata,2025,5,29,1.629046678952038,0.05276346653789368
7,56,Quito,La Plata,2025,5,29,0.7691439559250393,-0.22682020544671222
7,56,La Boca,La Plata,2025,5,29,0.6099468447979157,-0.06326937056838364
7,56,Porto Alegre,La Plata,2025,5,29,1.334259584731234,0.4203801416014603
7,56,Montevideo,La Plata,2025,5,29,1.530244210415517,-0.3595047176471404
7,56,Santos,La Plata,2025,5,29,1.2026285047436438,0.07924753755406608
7,56,Buenos Aires,Santiago,2025,5,29,2.2076342354117573,1.4497005860299115
7,56,Avellaneda,Santiago,2025,5,29,1.952482800891032,1.0053408950313982
7,56,Quito,Santiago,2025,5,29,1.2794990500656478,1.0207823710777075
7,56,La Boca,Santiago,2025,5,29,1.5200795328980572,0.9715750595224896
7,56,Porto Alegre,Santiago,2025,5,29,1.0091912877043603,2.1730376744551942
7,56,Montevideo,Santiago,2025,5,29,1.2312123498072782,0.7785274603530845
7,56,Santos,Santiago,2025,5,29,1.571429242955853,0.7064717611150434
7,56,Avellaneda,Buenos Aires,2025,5,29,1.5014096685541836,2.7105046033226077
7,56,Quito,Buenos Aires,2025,5,29,1.3505489085614037,1.6043681810447612
7,56,La Boca,Buenos Aires,2025,5,29,1.355121912885824,1.7289848878360088
7,56,Porto Alegre,Buenos Aires,2025,5,29,1.1448315820328634,2.063837685513598
7,56,Montevideo,Buenos Aires,2025,5,29,1.0025588131032608,2.3130950402063704
7,56,Santos,Buenos Aires,2025,5,29,1.7546066514942218,1.4101945180188753
7,56,Quito,Avellaneda,2025,5,29,0.5682239545326837,0.8867546675588449
7,56,La Boca,Avellaneda,2025,5,29,0.42266346340743727,0.8758244244723512
7,56,Porto Alegre,Avellaneda,2025,5,29,1.3356331454730415,1.1275690536753538
7,56,Montevideo,Avellaneda,2025,5,29,1.6375649681048947,0.7271254581307653
7,56,Santos,Avellaneda,2025,5,29,0.9359676033949401,0.6169073896190335
7,56,La Boca,Quito,2025,5,29,1.9059829854698052,0.4604808324640158
7,56,Porto Alegre,Quito,2025,5,29,1.7439656195453515,0.7326055233930446
7,56,Montevideo,Quito,2025,5,29,1.774374549573819,0.13520913597601325
7,56,Santos,Quito,2025,5,29,2.42109868283304,0.7711026482508301
7,56,Porto Alegre,La Boca,2025,5,29,1.5050841680468863,1.7860078454397113
7,56,Montevideo,La Boca,2025,5,29,1.7218457948636334,1.1999135469815851
7,56,Santos,La Boca,2025,5,29,1.0977911533081313,0.9610889540757469
7,56,Montevideo,Porto Alegre,2025,5,29,1.775312781771049,-0.06069607445770928
7,56,Santos,Porto Alegre,2025,5,29,1.383714551425857,0.2655981787382891
7,56,Santos,Montevideo,2025,5,29,1.0689078037191333,0.5751263298923109
7,59,Penarol,Itaquera,2025,5,29,1.6368825698270857,-0.02039903338281286
7,59,Lima,Itaquera,2025,5,29,1.5187075794056122,0.19008074231279248
7,59,Belo Horizonte,Itaquera,2025,5,29,1.6519198698226312,0.41562910413668847
7,59,Guayaquil,Itaquera,2025,5,29,1.4182327122042626,0.2292218073465996
7,59,Agua Branca,Itaquera,2025,5,29,1.5974832839920365,0.5731094126223275
7,59,Bogota,Itaquera,2025,5,29,0.8923304468053005,0.6959203975095666
7,59,Rio de Janeiro,Itaquera,2025,5,29,2.1475990922786417,-0.009685530249349856
7,59,Asuncion,Itaquera,2025,5,29,1.2471376398561191,-0.039602183324555236
7,59,Medellin,Itaquera,2025,5,29,1.2226534302570262,0.48153193141082457
7,59,Sao Paulo,Itaquera,2025,5,29,1.2897242888532987,-0.01348797309901545
7,59,La Plata,Itaquera,2025,5,29,1.638921943576582,-0.06850236456715374
7,59,Santiago,Itaquera,2025,5,29,1.8460316478417482,0.4427108565840724
7,59,Buenos Aires,Itaquera,2025,5,29,1.3479294937911683,0.38522182386312065
7,59,Avellaneda,Itaquera,2025,5,29,1.4708939863684212,0.1301506276460433
7,59,Quito,Itaquera,2025,5,29,1.9112395836950054,0.1537027479194306
7,59,La Boca,Itaquera,2025,5,29,1.2654650515205284,0.025990821348218104
7,59,Porto Alegre,Itaquera,2025,5,29,1.3623724341465981,0.3031200321791877
7,59,Montevideo,Itaquera,2025,5,29,1.2043157872831025,-0.10770110771257582
7,59,Santos,Itaquera,2025,5,29,1.0070448496094788,0.21823145314443404
7,59,Lima,Penarol,2025,5,29,1.8092420244933245,0.7932933850250887
7,59,Belo Horizonte,Penarol,2025,5,29,2.0328964684244415,1.5590368731111524
7,59,Guayaquil,Penarol,2025,5,29,1.992084375796523,1.3335237486261926
7,59,Agua Branca,Penarol,2025,5,29,2.11543800961421,1.1124205474206217
7,59,Bogota,Penarol,2025,5,29,2.105539709954856,2.1099236589366157
7,59,Rio de Janeiro,Penarol,2025,5,29,2.7616676390707475,1.4615483678769223
7,59,Asuncion,Penarol,2025,5,29,2.185295612578943,0.9610931145008952
7,59,Medellin,Penarol,2025,5,29,1.803072769263896,1.8278906304315754
7,59,Sao Paulo,Penarol,2025,5,29,3.0767347433942382,1.900054575630577
7,59,La Plata,Penarol,2025,5,29,2.5570452281784704,0.5712333962287949
7,59,Santiago,Penarol,2025,5,29,2.44219264645429,1.0832076891219036
7,59,Buenos Aires,Penarol,2025,5,29,2.923753228629201,1.6638907254068063
7,59,Avellaneda,Penarol,2025,5,29,2.1643771078322978,1.5839754144986031
7,59,Quito,Penarol,2025,5,29,1.8095637437028573,1.1629788002110315
7,59,La Boca,Penarol,2025,5,29,1.8196370008992124,1.1947117459842347
7,59,Porto Alegre,Penarol,2025,5,29,1.7327287098592805,2.052907164634061
7,59,Montevideo,Penarol,2025,5,29,1.8003746005958197,1.4963434017357822
7,59,Santos,Penarol,2025,5,29,2.554779367440219,1.0718483605232707
7,59,Belo Horizonte,Lima,2025,5,29,1.4168598482856698,1.1273757544767595
7,59,Guayaquil,Lima,2025,5,29,1.4572757664116018,1.101879695074818
7,59,Agua Branca,Lima,2025,5,29,1.2690322273533008,0.6888059934947415
7,59,Bogota,Lima,2025,5,29,1.3852380326176128,1.6029240921574799
7,59,Rio de Janeiro,Lima,2025,5,29,1.9826690886122467,0.6210731384468826
7,59,Asuncion,Lima,2025,5,29,1.5078759976004574,0.3958162962418821
7,59,Medellin,Lima,2025,5,29,1.2514866171560244,1.0583673684177615
7,59,Sao Paulo,Lima,2025,5,29,1.302352189773263,0.9793804819363187
7,59,La Plata,Lima,2025,5,29,1.446773510660058,0.6370209458589909
7,59,Santiago,Lima,2025,5,29,1.9984085046826003,1.0444039795319222
7,59,Buenos Aires,Lima,2025,5,29,1.7354724142972162,1.0949170976547462
7,59,Avellaneda,Lima,2025,5,29,1.590411724207385,0.362162394161251
7,59,Quito,Lima,2025,5,29,1.4495388243823715,0.7903264753870043
7,59,La Boca,Lima,2025,5,29,1.3209297322580644,0.8982365012258796
7,59,Porto Alegre,Lima,2025,5,29,1.3894832339670515,1.3226960199963629
7,59,Montevideo,Lima,2025,5,29,1.5215198977938085,0.4730584992659493
7,59,Santos,Lima,2025,5,29,0.9011517900242727,0.819508664142239
7,59,Guayaquil,Belo Horizonte,2025,5,29,2.0186902105535762,1.4248714700492155
7,59,Agua Branca,Belo Horizonte,2025,5,29,2.796965092740643,1.4611473085675055
7,59,Bogota,Belo Horizonte,2025,5,29,2.1021382401908846,2.09187812385576
7,59,Rio de Janeiro,Belo Horizonte,2025,5,29,3.8753041614780854,1.6696195222771413
7,59,Asuncion,Belo Horizonte,2025,5,29,2.2366709233218685,1.5458794433708758
7,59,Medellin,Belo Horizonte,2025,5,29,2.26583045530797,1.7951441380400532
7,59,Sao Paulo,Belo Horizonte,2025,5,29,3.0137655578544797,2.294485818138575
7,59,La Plata,Belo Horizonte,2025,5,29,2.2268264550988506,1.1717024943495142
7,59,Santiago,Belo Horizonte,2025,5,29,2.6041136394453526,1.580838486540711
7,59,Buenos Aires,Belo Horizonte,2025,5,29,2.8626193067551093,1.880197624172242
7,59,Avellaneda,Belo Horizonte,2025,5,29,2.572277649291674,2.0643366705631236
7,59,Quito,Belo Horizonte,2025,5,29,2.4481057467244085,1.567873060880905
7,59,La Boca,Belo Horizonte,2025,5,29,2.10952391752686,1.7294766450090235
7,59,Porto Alegre,Belo Horizonte,2025,5,29,2.082833966353344,2.032884607122594
7,59,Montevideo,Belo Horizonte,2025,5,29,2.462369402689084,2.0952952518659806
7,59,Santos,Belo Horizonte,2025,5,29,2.126869465971611,1.5129494808034472
7,59,Agua Branca,Guayaquil,2025,5,29,2.8281984103795055,0.46043597262698127
7,59,Bogota,Guayaquil,2025,5,29,1.9471549826316408,0.895687223465363
7,59,Rio de Janeiro,Guayaquil,2025,5,29,3.463235364254897,0.15862670568656956
7,59,Asuncion,Guayaquil,2025,5,29,1.9471418120498842,0.1855609162831653
7,59,Medellin,Guayaquil,2025,5,29,2.538232427909569,0.46956137347843874
7,59,Sao Paulo,Guayaquil,2025,5,29,3.366255745425075,0.07666550781637355
7,59,La Plata,Guayaquil,2025,5,29,2.6068673253558865,-0.013783950239173781
7,59,Santiago,Guayaquil,2025,5,29,2.573723719503206,0.3744620870131774
7,59,Buenos Aires,Guayaquil,2025,5,29,3.191879115849312,0.39472516875933505
7,59,Avellaneda,Guayaquil,2025,5,29,2.127659355476156,0.27685453323047593
7,59,Quito,Guayaquil,2025,5,29,2.353951372176704,0.5715697698227276
7,59,La Boca,Guayaquil,2025,5,29,1.9809050393565262,0.20727531134886065
7,59,Porto Alegre,Guayaquil,2025,5,29,1.8665819884780817,0.4446271414220738
7,59,Montevideo,Guayaquil,2025,5,29,2.0269174682599536,0.011366211875939787
7,59,Santos,Guayaquil,2025,5,29,3.0146017712211077,0.05855897811982536
7,59,Bogota,Agua Branca,2025,5,29,2.164714392683768,0.9225525021907351
7,59,Rio de Janeiro,Agua Branca,2025,5,29,2.3914824564625934,0.322611966375131
7,59,Asuncion,Agua Branca,2025,5,29,2.0741474127861306,0.44616191934703175
7,59,Medellin,Agua Branca,2025,5,29,1.6527135753519306,1.4210029427141189
7,59,Sao Paulo,Agua Branca,2025,5,29,2.1813342671045812,1.0776638665084635
7,59,La Plata,Agua Branca,2025,5,29,2.1292227593988895,0.4373688329510348
7,59,Santiago,Agua Branca,2025,5,29,2.2940531892780385,0.97530151004675
7,59,Buenos Aires,Agua Branca,2025,5,29,1.8786301419861928,1.0191989430249244
7,59,Avellaneda,Agua Branca,2025,5,29,2.084608225459097,0.735957464951719
7,59,Quito,Agua Branca,2025,5,29,1.5907265128773296,0.5589806484037728
7,59,La Boca,Agua Branca,2025,5,29,1.9718842830452457,0.8411254941101673
7,59,Porto Alegre,Agua Branca,2025,5,29,1.653199879271998,0.6279300264800131
7,59,Montevideo,Agua Branca,2025,5,29,1.7694283102268913,0.37900225936172505
7,59,Santos,Agua Branca,2025,5,29,1.980353110829093,1.052333861315821
7,59,Rio de Janeiro,Bogota,2025,5,29,2.7663716545725205,0.7011761516454204
7,59,Asuncion,Bogota,2025,5,29,2.4737589923426166,0.28790591028584944
7,59,Medellin,Bogota,2025,5,29,2.740508668392061,0.4595739117626689
7,59,Sao Paulo,Bogota,2025,5,29,2.7967816393600007,0.785800427455374
7,59,La Plata,Bogota,2025,5,29,2.7589324917133466,0.4817005383684257
7,59,Santiago,Bogota,2025,5,29,2.7428904954836257,0.9296002277863048
7,59,Buenos Aires,Bogota,2025,5,29,3.2112831760013343,0.9233828511967865
7,59,Avellaneda,Bogota,2025,5,29,2.4493895316624985,0.5030899850998245
7,59,Quito,Bogota,2025,5,29,2.385534256213398,0.9165769949995671
7,59,La Boca,Bogota,2025,5,29,2.657149619802802,0.7436998897012115
7,59,Porto Alegre,Bogota,2025,5,29,2.40218781458287,0.8642523381838557
7,59,Montevideo,Bogota,2025,5,29,2.341705638621772,0.1354170255849964
7,59,Santos,Bogota,2025,5,29,2.7868304473777177,0.5832838920568904
7,59,Asuncion,Rio de Janeiro,2025,5,29,1.257103639277308,0.28918879003332054
7,59,Medellin,Rio de Janeiro,2025,5,29,1.092563545355129,0.487016716061036
7,59,Sao Paulo,Rio de Janeiro,2025,5,29,1.6077553316180633,0.8603856652983236
7,59,La Plata,Rio de Janeiro,2025,5,29,1.8487732768551788,0.457363917709046
7,59,Santiago,Rio de Janeiro,2025,5,29,1.3338324267764519,1.2771561567358445
7,59,Buenos Aires,Rio de Janeiro,2025,5,29,2.5916451729729757,0.8031479248802748
7,59,Avellaneda,Rio de Janeiro,2025,5,29,1.3658183556686962,0.3254117223715216
7,59,Quito,Rio de Janeiro,2025,5,29,1.6481821451770298,0.9020126027141288
7,59,La Boca,Rio de Janeiro,2025,5,29,1.2426447625356922,0.3655797498439405
7,59,Porto Alegre,Rio de Janeiro,2025,5,29,1.9146708452303753,0.6462955097828357
7,59,Montevideo,Rio de Janeiro,2025,5,29,1.9204724935932544,0.27548802607233436
7,59,Santos,Rio de Janeiro,2025,5,29,1.395820198477679,0.7869716771185329
7,59,Medellin,Asuncion,2025,5,29,1.0211791971596818,1.7895353904309474
7,59,Sao Paulo,Asuncion,2025,5,29,1.6764884480534457,2.255772075949304
7,59,La Plata,Asuncion,2025,5,29,1.8580190657602742,1.426684612224184
7,59,Santiago,Asuncion,2025,5,29,1.1584336297134084,1.2865720790867925
7,59,Buenos Aires,Asuncion,2025,5,29,2.6825787824842924,2.004466010577007
7,59,Avellaneda,Asuncion,2025,5,29,1.8249681260241915,2.361702259113523
7,59,Quito,Asuncion,2025,5,29,1.063413016290516,1.5847547366917705
7,59,La Boca,Asuncion,2025,5,29,1.1021297623155462,2.1154960429474383
7,59,Porto Alegre,Asuncion,2025,5,29,1.5402522611405653,2.1598717244069547
7,59,Montevideo,Asuncion,2025,5,29,1.4297946696785757,2.442578756825533
7,59,Santos,Asuncion,2025,5,29,0.977847452666305,1.4015933476553837
7,59,Sao Paulo,Medellin,2025,5,29,1.6193666749559805,0.7120582063705478
7,59,La Plata,Medellin,2025,5,29,1.831118322994752,0.6656238166086205
7,59,Santiago,Medellin,2025,5,29,1.4520007661040109,0.9457443395983176
7,59,Buenos Aires,Medellin,2025,5,29,2.6125304742898865,0.7846597761269982
7,59,Avellaneda,Medellin,2025,5,29,1.7988391598595848,0.48809975296484515
7,59,Quito,Medellin,2025,5,29,0.9904437688975408,0.7423952965899112
7,59,La Boca,Medellin,2025,5,29,1.1733685882810438,1.0817123029051718
7,59,Porto Alegre,Medellin,2025,5,29,1.9515657821438235,0.564826826174271
7,59,Montevideo,Medellin,2025,5,29,2.1484157001485307,0.2526431774377314
7,59,Santos,Medellin,2025,5,29,0.6251426813665463,0.871565942301985
7,59,La Plata,Sao Paulo,2025,5,29,2.0356958191510173,0.8561982823824675
7,59,Santiago,Sao Paulo,2025,5,29,1.837031033245616,0.9222635466313299
7,59,Buenos Aires,Sao Paulo,2025,5,29,2.4236594744834914,1.00024748079747
7,59,Avellaneda,Sao Paulo,2025,5,29,1.6716815180308422,1.4936438667956766
7,59,Quito,Sao Paulo,2025,5,29,1.6703669131467231,0.8649727840172388
7,59,La Boca,Sao Paulo,2025,5,29,1.881775694957991,0.1822469174769877
7,59,Porto Alegre,Sao Paulo,2025,5,29,1.5625811605089237,1.2371350928989353
7,59,Montevideo,Sao Paulo,2025,5,29,1.5990019228358068,0.9168422098543407
7,59,Santos,Sao Paulo,2025,5,29,1.2775937047445192,0.6854186700881678
7,59,Santiago,La Plata,2025,5,29,2.1768180972947917,0.19896871301887903
7,59,Buenos Aires,La Plata,2025,5,29,2.7927087777691675,0.21902484332005975
7,59,Avellaneda,La Plata,2025,5,29,2.157587412435686,0.09929889516448027
7,59,Quito,La Plata,2025,5,29,1.6583859182019873,-0.15576065256749977
7,59,La Boca,La Plata,2025,5,29,1.6685860916758675,0.021789188801906837
7,59,Porto Alegre,La Plata,2025,5,29,1.6554643929673172,0.42945431837586157
7,59,Montevideo,La Plata,2025,5,29,1.6872131815633358,-0.2783207001100677
7,59,Santos,La Plata,2025,5,29,1.5740043444945446,0.16125307810078965
7,59,Buenos Aires,Santiago,2025,5,29,2.8338501101596743,1.5978511989415547
7,59,Avellaneda,Santiago,2025,5,29,2.6559543423695704,1.1512977818745467
7,59,Quito,Santiago,2025,5,29,2.038814885913772,1.170895726599075
7,59,La Boca,Santiago,2025,5,29,2.2395354793928064,1.2166434314218897
7,59,Porto Alegre,Santiago,2025,5,29,1.750007144288686,2.331366560681023
7,59,Montevideo,Santiago,2025,5,29,1.9837211931536851,1.010512163004127
7,59,Santos,Santiago,2025,5,29,2.3079109300734078,0.8241300357662126
7,59,Avellaneda,Buenos Aires,2025,5,29,2.2255261620018008,2.7067850965428786
7,59,Quito,Buenos Aires,2025,5,29,2.351368726460101,1.6557231409984146
7,59,La Boca,Buenos Aires,2025,5,29,1.9209689130623233,1.8753419821935857
7,59,Porto Alegre,Buenos Aires,2025,5,29,1.8132959389193823,2.219401835473841
7,59,Montevideo,Buenos Aires,2025,5,29,1.780727559012219,2.4346924286131957
7,59,Santos,Buenos Aires,2025,5,29,2.418031457045279,1.4619871907623834
7,59,Quito,Avellaneda,2025,5,29,1.8451675348829029,0.9441777216302158
7,59,La Boca,Avellaneda,2025,5,29,1.8546926175717382,1.0438440452240614
7,59,Porto Alegre,Avellaneda,2025,5,29,2.021851196790513,1.2830556496351355
7,59,Montevideo,Avellaneda,2025,5,29,2.0974903767678152,0.9618035747550546
7,59,Santos,Avellaneda,2025,5,29,1.696732537789604,0.6896637083367291
7,59,La Boca,Quito,2025,5,29,2.383670188493845,0.43135250357549
7,59,Porto Alegre,Quito,2025,5,29,2.125531996430967,0.7227139613434787
7,59,Montevideo,Quito,2025,5,29,2.215647930576847,0.18044215587605567
7,59,Santos,Quito,2025,5,29,2.887455743683535,0.7412951760232951
7,59,Porto Alegre,La Boca,2025,5,29,1.83929315717704,1.9752336008801366
7,59,Montevideo,La Boca,2025,5,29,1.8476191241987592,1.4023568925661296
7,59,Santos,La Boca,2025,5,29,1.3301674392043799,1.0816394594353005
7,59,Montevideo,Porto Alegre,2025,5,29,1.9225975298131004,-0.020829433085937644
7,59,Santos,Porto Alegre,2025,5,29,1.5549594114704077,0.22352288647566648
7,59,Santos,Montevideo,2025,5,29,1.4166994864159872,0.700163879155713
8,2,Penarol,Itaquera,2025,5,29,1.5612444326624317,0.22195146532486512
8,2,Lima,Itaquera,2025,5,29,1.0456586749718857,0.8484100094068304
8,2,Belo Horizonte,Itaquera,2025,5,29,1.3036610450585864,1.4106521686203501
8,2,Guayaquil,Itaquera,2025,5,29,1.0647858347178243,0.8521471611242977
8,2,Agua Branca,Itaquera,2025,5,29,1.570254086483791,1.1451939796031938
8,2,Bogota,Itaquera,2025,5,29,0.9579653081087506,1.4227192097243284
8,2,Rio de Janeiro,Itaquera,2025,5,29,1.0750399718665014,0.8229235935982029
8,2,Asuncion,Itaquera,2025,5,29,0.9283873535081628,-0.00967300163169394
8,2,Medellin,Itaquera,2025,5,29,1.4811947970329267,0.8542294405731752
8,2,Sao Paulo,Itaquera,2025,5,29,1.0786234795690965,0.36061088057265606
8,2,La Plata,Itaquera,2025,5,29,0.9178079045538561,1.097779916569441
8,2,Santiago,Itaquera,2025,5,29,1.5055982263300713,0.6050526400351876
8,2,Buenos Aires,Itaquera,2025,5,29,0.9504559502920918,1.1144814546786868
8,2,Avellaneda,Itaquera,2025,5,29,0.8877893980360337,0.3734391383377689
8,2,Quito,Itaquera,2025,5,29,1.716948730918396,1.172152795674953
8,2,La Boca,Itaquera,2025,5,29,0.9670631472728061,0.9055040833791312
8,2,Porto Alegre,Itaquera,2025,5,29,1.7797184177592769,0.2216664686547527
8,2,Montevideo,Itaquera,2025,5,29,1.358238810774495,-0.05753057419245206
8,2,Santos,Itaquera,2025,5,29,0.8560403762706106,0.8387505246342575
8,2,Lima,Penarol,2025,5,29,1.4181470415988189,1.4693026211621951
8,2,Belo Horizonte,Penarol,2025,5,29,1.8298529761509643,2.3132000737737655
8,2,Guayaquil,Penarol,2025,5,29,1.512417833391642,2.148636881730293
8,2,Agua Branca,Penarol,2025,5,29,1.4316892687496843,1.8279735352623236
8,2,Bogota,Penarol,2025,5,29,3.0659090359102095,2.0682994049385415
8,2,Rio de Janeiro,Penarol,2025,5,29,1.8167957439142985,1.7289356775351545
8,2,Asuncion,Penarol,2025,5,29,2.9561362412581498,1.8931904667413841
8,2,Medellin,Penarol,2025,5,29,2.18434722606738,2.394534591262721
8,2,Sao Paulo,Penarol,2025,5,29,3.3851542272329063,2.057885936830381
8,2,La Plata,Penarol,2025,5,29,3.1798939763936924,1.4907603199823474
8,2,Santiago,Penarol,2025,5,29,2.8582338735094672,1.6494024143504795
8,2,Buenos Aires,Penarol,2025,5,29,2.532375160264944,1.7543116118538171
8,2,Avellaneda,Penarol,2025,5,29,1.9607904157939617,1.9576374220420585
8,2,Quito,Penarol,2025,5,29,1.5993122551427406,1.9022901137399404
8,2,La Boca,Penarol,2025,5,29,1.626995559532859,1.9183625036846252
8,2,Porto Alegre,Penarol,2025,5,29,2.133659945352027,2.01492698942679
8,2,Montevideo,Penarol,2025,5,29,2.2161421983394485,1.6301932581612089
8,2,Santos,Penarol,2025,5,29,3.4520174007923456,1.795848641222598
8,2,Belo Horizonte,Lima,2025,5,29,0.330717623997493,2.001714823561058
8,2,Guayaquil,Lima,2025,5,29,0.816257906583965,1.9692643698003818
8,2,Agua Branca,Lima,2025,5,29,0.4874360780318105,1.224395645769133
8,2,Bogota,Lima,2025,5,29,0.7026081228474822,1.9950662538024502
8,2,Rio de Janeiro,Lima,2025,5,29,0.09848783459786209,1.49360400499015
8,2,Asuncion,Lima,2025,5,29,0.44025170397228586,1.0234840390419595
8,2,Medellin,Lima,2025,5,29,0.4574714820606506,1.5436174851719746
8,2,Sao Paulo,Lima,2025,5,29,0.8978904044536585,1.418633618066096
8,2,La Plata,Lima,2025,5,29,0.6840452017942175,1.5562987182444272
8,2,Santiago,Lima,2025,5,29,0.3636939319586955,1.2518597844846946
8,2,Buenos Aires,Lima,2025,5,29,0.7920019264159549,1.6589617331799082
8,2,Avellaneda,Lima,2025,5,29,0.4719383919913369,1.1588158202982708
8,2,Quito,Lima,2025,5,29,0.3706190230071542,1.776541834633993
8,2,La Boca,Lima,2025,5,29,0.307208946093375,1.6140617952651153
8,2,Porto Alegre,Lima,2025,5,29,1.0089329197509984,1.512742827410301
8,2,Montevideo,Lima,2025,5,29,1.0480543843282417,0.7856262242102393
8,2,Santos,Lima,2025,5,29,0.5619543435430427,1.4017828183175987
8,2,Guayaquil,Belo Horizonte,2025,5,29,0.6844351653073676,1.4205631662559184
8,2,Agua Branca,Belo Horizonte,2025,5,29,1.991145934192438,1.8405976169138336
8,2,Bogota,Belo Horizonte,2025,5,29,1.608851337901928,1.8626324528492082
8,2,Rio de Janeiro,Belo Horizonte,2025,5,29,2.1504550809596723,1.6841690430931495
8,2,Asuncion,Belo Horizonte,2025,5,29,1.5463204886134096,1.5214320463657784
8,2,Medellin,Belo Horizonte,2025,5,29,2.4309535056144322,1.9629805791225265
8,2,Sao Paulo,Belo Horizonte,2025,5,29,2.659354268390155,2.1896435111197254
8,2,La Plata,Belo Horizonte,2025,5,29,1.1673513952780348,1.1657990404314278
8,2,Santiago,Belo Horizonte,2025,5,29,2.2609890884743655,1.3541778619061764
8,2,Buenos Aires,Belo Horizonte,2025,5,29,1.5878520548223252,1.345058498903781
8,2,Avellaneda,Belo Horizonte,2025,5,29,1.4367501452903717,2.380014651172466
8,2,Quito,Belo Horizonte,2025,5,29,1.575745464370854,1.906318558700651
8,2,La Boca,Belo Horizonte,2025,5,29,1.1039643830875563,2.1711852097355484
8,2,Porto Alegre,Belo Horizonte,2025,5,29,1.5401972450716617,1.7714230533650783
8,2,Montevideo,Belo Horizonte,2025,5,29,2.1620324995240923,1.99139814380503
8,2,Santos,Belo Horizonte,2025,5,29,1.7966073406758394,1.6337383720058598
8,2,Agua Branca,Guayaquil,2025,5,29,2.7732979916534974,0.7774595291682053
8,2,Bogota,Guayaquil,2025,5,29,2.4425972125804787,1.6673299200193126
8,2,Rio de Janeiro,Guayaquil,2025,5,29,2.4960624354892276,1.2113387762378383
8,2,Asuncion,Guayaquil,2025,5,29,2.254082249611128,0.004536220812074374
8,2,Medellin,Guayaquil,2025,5,29,3.9110701928281815,0.9616257135072824
8,2,Sao Paulo,Guayaquil,2025,5,29,3.695331643466355,0.5128363224785669
8,2,La Plata,Guayaquil,2025,5,29,2.768426589509637,1.0866268050923478
8,2,Santiago,Guayaquil,2025,5,29,2.954668775429796,0.6349663345979204
8,2,Buenos Aires,Guayaquil,2025,5,29,2.619737844549901,1.2036588715585752
8,2,Avellaneda,Guayaquil,2025,5,29,1.6436414805544248,0.4891818775522796
8,2,Quito,Guayaquil,2025,5,29,1.6278827151695863,1.4660103716402173
8,2,La Boca,Guayaquil,2025,5,29,1.3946940871485591,1.0169064930575482
8,2,Porto Alegre,Guayaquil,2025,5,29,1.9080778682376407,0.4805221787614097
8,2,Montevideo,Guayaquil,2025,5,29,2.371471969039531,-0.07595759297351505
8,2,Santos,Guayaquil,2025,5,29,3.7236339487213774,0.6595467899032511
8,2,Bogota,Agua Branca,2025,5,29,2.1560697440817194,1.2236672096122196
8,2,Rio de Janeiro,Agua Branca,2025,5,29,1.6507620419853237,0.7959018823207904
8,2,Asuncion,Agua Branca,2025,5,29,1.4738775333845964,0.31909179591811293
8,2,Medellin,Agua Branca,2025,5,29,1.3003003600066616,1.3431857706290338
8,2,Sao Paulo,Agua Branca,2025,5,29,2.095070665053696,0.7638858486280764
8,2,La Plata,Agua Branca,2025,5,29,1.7128072200119333,0.9123348080670555
8,2,Santiago,Agua Branca,2025,5,29,1.9545294186474638,0.7431300266544625
8,2,Buenos Aires,Agua Branca,2025,5,29,1.3523668880963924,0.8352016027778791
8,2,Avellaneda,Agua Branca,2025,5,29,1.7871654309350389,0.5556992904820449
8,2,Quito,Agua Branca,2025,5,29,1.6025423935141707,0.9594912755759714
8,2,La Boca,Agua Branca,2025,5,29,1.3102913523589974,1.174957628804793
8,2,Porto Alegre,Agua Branca,2025,5,29,2.0398540089069823,0.5397835897274715
8,2,Montevideo,Agua Branca,2025,5,29,1.9975187305625577,-0.0004301561379464545
8,2,Santos,Agua Branca,2025,5,29,1.7260442809556131,0.9736989401640731
8,2,Rio de Janeiro,Bogota,2025,5,29,1.8976794908094277,1.88503298193227
8,2,Asuncion,Bogota,2025,5,29,2.024316175525097,0.03962151019435453
8,2,Medellin,Bogota,2025,5,29,2.991581474567719,1.0399446761822484
8,2,Sao Paulo,Bogota,2025,5,29,3.045473564337106,0.6343669819692158
8,2,La Plata,Bogota,2025,5,29,2.894651753279025,1.3177318688467328
8,2,Santiago,Bogota,2025,5,29,2.7475640091657083,0.6218883235916894
8,2,Buenos Aires,Bogota,2025,5,29,2.490645219385451,1.4780229211574365
8,2,Avellaneda,Bogota,2025,5,29,1.8164629027003356,0.5342395949271388
8,2,Quito,Bogota,2025,5,29,2.242027313746432,1.4754852866242976
8,2,La Boca,Bogota,2025,5,29,1.9229225090412532,1.4265621763335925
8,2,Porto Alegre,Bogota,2025,5,29,2.437712637318121,0.8362673762752411
8,2,Montevideo,Bogota,2025,5,29,2.287549394264406,-0.033578304969080555
8,2,Santos,Bogota,2025,5,29,3.3120429735172725,0.972216316760513
8,2,Asuncion,Rio de Janeiro,2025,5,29,1.7250814640958487,0.04242823447838491
8,2,Medellin,Rio de Janeiro,2025,5,29,1.521451939763685,0.4394601389351108
8,2,Sao Paulo,Rio de Janeiro,2025,5,29,2.2672252524752516,0.4382603921404354
8,2,La Plata,Rio de Janeiro,2025,5,29,2.142514949398804,0.6701015949863689
8,2,Santiago,Rio de Janeiro,2025,5,29,1.8241651149417737,0.5340624727303567
8,2,Buenos Aires,Rio de Janeiro,2025,5,29,1.97571256273331,0.7020195357881698
8,2,Avellaneda,Rio de Janeiro,2025,5,29,1.9765307299568218,0.24388767735714026
8,2,Quito,Rio de Janeiro,2025,5,29,2.4989937029973337,0.8020014363207996
8,2,La Boca,Rio de Janeiro,2025,5,29,1.6364589705656098,0.6723492848564279
8,2,Porto Alegre,Rio de Janeiro,2025,5,29,1.9407159235203462,0.3668417754440401
8,2,Montevideo,Rio de Janeiro,2025,5,29,1.9959501928322125,-0.013097954797840127
8,2,Santos,Rio de Janeiro,2025,5,29,1.7150852363075746,0.584147950483261
8,2,Medellin,Asuncion,2025,5,29,0.6570481864293978,1.7635490174697106
8,2,Sao Paulo,Asuncion,2025,5,29,2.6298208299219095,2.059552501692107
8,2,La Plata,Asuncion,2025,5,29,2.1385389582642964,1.3453541535620017
8,2,Santiago,Asuncion,2025,5,29,0.5724427402404988,1.2398369459563008
8,2,Buenos Aires,Asuncion,2025,5,29,2.3475097567405325,1.316901536552189
8,2,Avellaneda,Asuncion,2025,5,29,2.641478214022906,2.512394748472647
8,2,Quito,Asuncion,2025,5,29,1.1820467167121798,1.8815850043279823
8,2,La Boca,Asuncion,2025,5,29,0.7533554463557184,2.1317478752386134
8,2,Porto Alegre,Asuncion,2025,5,29,1.8178500425205668,1.652528013084425
8,2,Montevideo,Asuncion,2025,5,29,1.7856096381380255,1.9795691369080526
8,2,Santos,Asuncion,2025,5,29,1.5006952429401699,1.6349977589323068
8,2,Sao Paulo,Medellin,2025,5,29,1.9965471181723813,0.45762955879258177
8,2,La Plata,Medellin,2025,5,29,1.3879298898865533,1.0667818361310484
8,2,Santiago,Medellin,2025,5,29,0.6419269143653854,0.5959515139885357
8,2,Buenos Aires,Medellin,2025,5,29,1.755456461608894,1.240528657158885
8,2,Avellaneda,Medellin,2025,5,29,2.1113026240482085,0.3814006888795519
8,2,Quito,Medellin,2025,5,29,0.7494371359910942,1.1469052190559057
8,2,La Boca,Medellin,2025,5,29,0.45813753685469744,1.6608703471684059
8,2,Porto Alegre,Medellin,2025,5,29,1.8199485116172296,0.6926341335016282
8,2,Montevideo,Medellin,2025,5,29,1.8212530818201225,0.10557351557521737
8,2,Santos,Medellin,2025,5,29,0.7018243101696462,1.0242692018483737
8,2,La Plata,Sao Paulo,2025,5,29,1.6295001186772697,1.6046431127782153
8,2,Santiago,Sao Paulo,2025,5,29,0.511036316095201,1.2960030169362415
8,2,Buenos Aires,Sao Paulo,2025,5,29,1.838862836860329,1.5070258594613035
8,2,Avellaneda,Sao Paulo,2025,5,29,0.6517164376996595,1.891403909818542
8,2,Quito,Sao Paulo,2025,5,29,0.6330413075267253,1.724162396318444
8,2,La Boca,Sao Paulo,2025,5,29,0.7774809219646092,0.99944893716744
8,2,Porto Alegre,Sao Paulo,2025,5,29,1.4080175611049779,1.5600288232889703
8,2,Montevideo,Sao Paulo,2025,5,29,1.3688782472784682,1.0438763012141377
8,2,Santos,Sao Paulo,2025,5,29,1.4469452975044372,1.1941347780938756
8,2,Santiago,La Plata,2025,5,29,0.9535044188058532,0.5899374468444221
8,2,Buenos Aires,La Plata,2025,5,29,2.530231458716763,0.6727219949822965
8,2,Avellaneda,La Plata,2025,5,29,1.6519518516043754,0.22692059676053428
8,2,Quito,La Plata,2025,5,29,0.7970350668184595,0.6932323696556202
8,2,La Boca,La Plata,2025,5,29,0.6348864518363851,0.7626281490471625
8,2,Porto Alegre,La Plata,2025,5,29,1.736198810319813,0.3691654981127312
8,2,Montevideo,La Plata,2025,5,29,1.8794894398329407,-0.20484996741622968
8,2,Santos,La Plata,2025,5,29,1.5734643876973549,0.6073220061841583
8,2,Buenos Aires,Santiago,2025,5,29,2.027263160823784,1.4095180517079071
8,2,Avellaneda,Santiago,2025,5,29,1.7771324725665578,1.2202117134141637
8,2,Quito,Santiago,2025,5,29,1.6459535530946299,1.458264527000019
8,2,La Boca,Santiago,2025,5,29,1.4643079376190362,1.380135780641651
8,2,Porto Alegre,Santiago,2025,5,29,1.9201883844211542,1.6923872793310857
8,2,Montevideo,Santiago,2025,5,29,1.877964971296246,0.8214476633210397
8,2,Santos,Santiago,2025,5,29,2.806917199380313,1.471174864244422
8,2,Avellaneda,Buenos Aires,2025,5,29,1.788831869454038,2.30943666981071
8,2,Quito,Buenos Aires,2025,5,29,1.976193569371227,1.8810831296057882
8,2,La Boca,Buenos Aires,2025,5,29,1.5235691424371016,1.7760522338767963
8,2,Porto Alegre,Buenos Aires,2025,5,29,2.1204640628208122,1.666894570246364
8,2,Montevideo,Buenos Aires,2025,5,29,1.6662019116505271,1.7146074906689033
8,2,Santos,Buenos Aires,2025,5,29,3.0944650552167583,1.845733864517307
8,2,Quito,Avellaneda,2025,5,29,0.8572933964908679,1.8229697662182929
8,2,La Boca,Avellaneda,2025,5,29,0.6878236719443668,1.529401443797278
8,2,Porto Alegre,Avellaneda,2025,5,29,1.6317549924103272,1.3161543319828541
8,2,Montevideo,Avellaneda,2025,5,29,2.043326020988071,0.8161134365252299
8,2,Santos,Avellaneda,2025,5,29,1.8603067551307932,1.4136581957797354
8,2,La Boca,Quito,2025,5,29,1.8793007583851589,1.038835173869096
8,2,Porto Alegre,Quito,2025,5,29,2.549099902559013,0.8453108084721647
8,2,Montevideo,Quito,2025,5,29,2.4900824859532014,0.08274408439996757
8,2,Santos,Quito,2025,5,29,3.423341793277226,1.0558286451343701
8,2,Porto Alegre,La Boca,2025,5,29,1.93247955596481,2.0120358143633656
8,2,Montevideo,La Boca,2025,5,29,1.8552593871037146,1.4794063593004114
8,2,Santos,La Boca,2025,5,29,1.385126966715325,1.3947585248580716
8,2,Montevideo,Porto Alegre,2025,5,29,1.8377111445252465,0.02566447183055782
8,2,Santos,Porto Alegre,2025,5,29,1.37323384719208,0.826596903214658
8,2,Santos,Montevideo,2025,5,29,1.0171434181649346,0.6304295403019011
8,5,Penarol,Itaquera,2025,5,29,1.5681459448786614,0.22611001436055372
8,5,Lima,Itaquera,2025,5,29,1.0485919226817146,0.787991313131182
8,5,Belo Horizonte,Itaquera,2025,5,29,1.1758461778408558,1.2798447243095674
8,5,Guayaquil,Itaquera,2025,5,29,1.0687540992242248,0.709075312586193
8,5,Agua Branca,Itaquera,2025,5,29,1.3452822125577133,1.0479461059202053
8,5,Bogota,Itaquera,2025,5,29,0.9019498736486012,1.2919117654135457
8,5,Rio de Janeiro,Itaquera,2025,5,29,1.0750399718665014,0.6811410175040826
8,5,Asuncion,Itaquera,2025,5,29,0.6355843113309045,0.017077529025972257
8,5,Medellin,Itaquera,2025,5,29,1.2061262716607357,0.771668657253787
8,5,Sao Paulo,Itaquera,2025,5,29,0.8536516056430189,0.3819260185365157
8,5,La Plata,Itaquera,2025,5,29,0.8931718755325586,0.9559973404753217
8,5,Santiago,Itaquera,2025,5,29,1.4849304618151744,0.6113275083667785
8,5,Buenos Aires,Itaquera,2025,5,29,0.9573574625083215,0.9648732524255795
8,5,Avellaneda,Itaquera,2025,5,29,0.8907226457458628,0.3907314021352089
8,5,Quito,Itaquera,2025,5,29,1.5891338637006653,1.0429241890203045
8,5,La Boca,Itaquera,2025,5,29,0.667358592879318,0.8193229025786128
8,5,Porto Alegre,Itaquera,2025,5,29,1.7797184177592769,0.2386181567380395
8,5,Montevideo,Itaquera,2025,5,29,1.358238810774495,-0.030780043534785886
8,5,Santos,Itaquera,2025,5,29,0.5563358218771224,0.7391124174860892
8,5,Lima,Penarol,2025,5,29,1.421080289308648,1.551945863986822
8,5,Belo Horizonte,Penarol,2025,5,29,1.8681980325506675,2.3994385835700216
8,5,Guayaquil,Penarol,2025,5,29,1.550762889791345,2.130230771567166
8,5,Agua Branca,Penarol,2025,5,29,1.4346225164595134,1.9358909065942653
8,5,Bogota,Penarol,2025,5,29,3.1042540923099127,1.807059866115105
8,5,Rio de Janeiro,Penarol,2025,5,29,1.8167957439142985,1.428919764186277
8,5,Asuncion,Penarol,2025,5,29,2.9974145453676817,1.9976225880172556
8,5,Medellin,Penarol,2025,5,29,2.2226922824670834,2.693268860312908
8,5,Sao Paulo,Penarol,2025,5,29,3.388087474942735,2.0263699080637396
8,5,La Plata,Penarol,2025,5,29,3.1798939763936924,1.5435177214284106
8,5,Santiago,Penarol,2025,5,29,2.8965789299091704,1.6756719032447442
8,5,Buenos Aires,Penarol,2025,5,29,2.5353084079747727,1.7775975930051642
8,5,Avellaneda,Penarol,2025,5,29,1.963723663503791,1.9876272452489103
8,5,Quito,Penarol,2025,5,29,1.6376573115424435,1.988881373678051
8,5,La Boca,Penarol,2025,5,29,1.6653406159325617,1.6858506737127235
8,5,Porto Alegre,Penarol,2025,5,29,2.133659945352027,1.7527206708745264
8,5,Montevideo,Penarol,2025,5,29,2.2544872547391517,1.3844467232724893
8,5,Santos,Penarol,2025,5,29,3.490362457192049,1.7763415700382748
8,5,Belo Horizonte,Lima,2025,5,29,0.24124781317946484,2.028835340376896
8,5,Guayaquil,Lima,2025,5,29,0.8585712274900688,1.893228868260917
8,5,Agua Branca,Lima,2025,5,29,0.26246420410573273,1.2407375052981109
8,5,Bogota,Lima,2025,5,29,0.6849377447870358,1.747497763120931
8,5,Rio de Janeiro,Lima,2025,5,29,0.09848783459786209,1.2254867304720412
8,5,Asuncion,Lima,2025,5,29,0.18579371819473034,1.0792768003239686
8,5,Medellin,Lima,2025,5,29,0.22074801308816297,1.7689641936474325
8,5,Sao Paulo,Lima,2025,5,29,0.6729185305275813,1.3754423687629995
8,5,La Plata,Lima,2025,5,29,0.65940917277292,1.5445182050379007
8,5,Santiago,Lima,2025,5,29,0.38137122384350164,1.2512787918363417
8,5,Buenos Aires,Lima,2025,5,29,0.7989034386321846,1.6059811615884738
8,5,Avellaneda,Lima,2025,5,29,0.4748716397011659,1.2088622733003163
8,5,Quito,Lima,2025,5,29,0.28114921218912625,1.7705076297074303
8,5,La Boca,Lima,2025,5,29,0.04584944809958999,1.3314220036952724
8,5,Porto Alegre,Lima,2025,5,29,1.0089329197509984,1.312493826133001
8,5,Montevideo,Lima,2025,5,29,1.086399440727945,0.5313001713643087
8,5,Santos,Lima,2025,5,29,0.3005948455492578,1.3760283274692298
8,5,Guayaquil,Belo Horizonte,2025,5,29,0.6844351653073676,1.4261113428783896
8,5,Agua Branca,Belo Horizonte,2025,5,29,1.9940791819022672,1.9321731287167974
8,5,Bogota,Belo Horizonte,2025,5,29,1.608851337901928,1.6975028080999852
8,5,Rio de Janeiro,Belo Horizonte,2025,5,29,2.1504550809596723,1.4871102931196467
8,5,Asuncion,Belo Horizonte,2025,5,29,1.5246177073019413,1.6086423739908593
8,5,Medellin,Belo Horizonte,2025,5,29,2.4309535056144322,2.254867578871553
8,5,Sao Paulo,Belo Horizonte,2025,5,29,2.6622875160999837,2.168611542209808
8,5,La Plata,Belo Horizonte,2025,5,29,1.1427153662567373,1.2186269120241406
8,5,Santiago,Belo Horizonte,2025,5,29,2.236353059453068,1.3727201473774688
8,5,Buenos Aires,Belo Horizonte,2025,5,29,1.5907853025321543,1.3652487774758828
8,5,Avellaneda,Belo Horizonte,2025,5,29,1.4396833930002009,2.4224790691432476
8,5,Quito,Belo Horizonte,2025,5,29,1.5511094353495565,2.0206861422929236
8,5,La Boca,Belo Horizonte,2025,5,29,1.0793283540662588,1.9377934456418338
8,5,Porto Alegre,Belo Horizonte,2025,5,29,1.5401972450716617,1.609078195608943
8,5,Montevideo,Belo Horizonte,2025,5,29,2.1620324995240923,1.7592313713522787
8,5,Santos,Belo Horizonte,2025,5,29,1.771971311654542,1.645032856908295
8,5,Agua Branca,Guayaquil,2025,5,29,2.7732979916534974,0.7774595291682053
8,5,Bogota,Guayaquil,2025,5,29,2.480942268980182,1.7326650304588207
8,5,Rio de Janeiro,Guayaquil,2025,5,29,2.4960624354892276,1.2697612372020808
8,5,Asuncion,Guayaquil,2025,5,29,2.2924273060108313,0.03824081428514193
8,5,Medellin,Guayaquil,2025,5,29,3.9494152492278847,0.9685383629825479
8,5,Sao Paulo,Guayaquil,2025,5,29,3.695331643466355,0.5465409159516342
8,5,La Plata,Guayaquil,2025,5,29,2.768426589509637,1.0585044323568433
8,5,Santiago,Guayaquil,2025,5,29,2.993013831829499,0.6535910502970672
8,5,Buenos Aires,Guayaquil,2025,5,29,2.619737844549901,1.1440442913735225
8,5,Avellaneda,Guayaquil,2025,5,29,1.6436414805544248,0.5228864710253472
8,5,Quito,Guayaquil,2025,5,29,1.6662277715692893,1.4378879989047129
8,5,La Boca,Guayaquil,2025,5,29,1.4330391435482621,1.044385515615645
8,5,Porto Alegre,Guayaquil,2025,5,29,1.9080778682376407,0.5903919916120496
8,5,Montevideo,Guayaquil,2025,5,29,2.409817025439234,-0.04225299950044755
8,5,Santos,Guayaquil,2025,5,29,3.7619790051210806,0.6444669121293304
8,5,Bogota,Agua Branca,2025,5,29,2.1944148004814226,1.330752235469772
8,5,Rio de Janeiro,Agua Branca,2025,5,29,1.6507620419853237,0.9264453677228357
8,5,Asuncion,Agua Branca,2025,5,29,1.407198901475624,0.4035207049525266
8,5,Medellin,Agua Branca,2025,5,29,1.251356244902757,1.3759497808636156
8,5,Sao Paulo,Agua Branca,2025,5,29,2.057878144996201,0.8837909057705209
8,5,La Plata,Agua Branca,2025,5,29,1.6881711909906358,0.945088997271661
8,5,Santiago,Agua Branca,2025,5,29,1.9722067105322698,0.7425490340061096
8,5,Buenos Aires,Agua Branca,2025,5,29,1.359268400312622,0.8295521644088629
8,5,Avellaneda,Agua Branca,2025,5,29,1.790098678644868,0.6057457434840906
8,5,Quito,Agua Branca,2025,5,29,1.5690880171562922,1.026627920812946
8,5,La Boca,Agua Branca,2025,5,29,1.2367112082337954,1.2750800424963764
8,5,Porto Alegre,Agua Branca,2025,5,29,2.0398540089069823,0.6496534025781119
8,5,Montevideo,Agua Branca,2025,5,29,2.0358637869622607,0.08399875289646723
8,5,Santos,Agua Branca,2025,5,29,1.6524641368304112,0.9479444493157042
8,5,Rio de Janeiro,Bogota,2025,5,29,1.8976794908094277,1.890214812594607
8,5,Asuncion,Bogota,2025,5,29,2.0626612319247997,0.09337992177666254
8,5,Medellin,Bogota,2025,5,29,3.029926530967422,0.9601686798559479
8,5,Sao Paulo,Bogota,2025,5,29,3.045473564337106,0.7352283395118512
8,5,La Plata,Bogota,2025,5,29,2.894651753279025,1.2087034819572184
8,5,Santiago,Bogota,2025,5,29,2.7859090655654115,0.6473603085919957
8,5,Buenos Aires,Bogota,2025,5,29,2.490645219385451,1.331199505897417
8,5,Avellaneda,Bogota,2025,5,29,1.8164629027003356,0.5842860479291844
8,5,Quito,Bogota,2025,5,29,2.2803723701461354,1.3732645608942906
8,5,La Boca,Bogota,2025,5,29,1.961267565440956,1.4008005685897837
8,5,Porto Alegre,Bogota,2025,5,29,2.437712637318121,0.9561762277339025
8,5,Montevideo,Bogota,2025,5,29,2.325894450664109,0.020180106613227486
8,5,Santos,Bogota,2025,5,29,3.3503880299169757,0.8668319013323806
8,5,Asuncion,Rio de Janeiro,2025,5,29,1.638329478501602,0.08092873196295444
8,5,Medellin,Rio de Janeiro,2025,5,29,1.4277984419532086,0.4435880014172886
8,5,Sao Paulo,Rio de Janeiro,2025,5,29,2.1381599459749006,0.4682297943519534
8,5,La Plata,Rio de Janeiro,2025,5,29,2.142514949398804,0.6583210817798428
8,5,Santiago,Rio de Janeiro,2025,5,29,1.8664784358478772,0.526834135146485
8,5,Buenos Aires,Rio de Janeiro,2025,5,29,1.9826140749495398,0.6338441661175387
8,5,Avellaneda,Rio de Janeiro,2025,5,29,1.979463977666651,0.27664186656174594
8,5,Quito,Rio de Janeiro,2025,5,29,2.537338759397037,0.7959672313942373
8,5,La Boca,Rio de Janeiro,2025,5,29,1.5428054727551335,0.6825360436170851
8,5,Porto Alegre,Rio de Janeiro,2025,5,29,1.9407159235203462,0.4767115882946805
8,5,Montevideo,Rio de Janeiro,2025,5,29,2.0342952492319144,0.025402542686729347
8,5,Santos,Rio de Janeiro,2025,5,29,1.6214317384970982,0.5690383784968132
8,5,Medellin,Asuncion,2025,5,29,0.3819796610572068,2.0650680735129856
8,5,Sao Paulo,Asuncion,2025,5,29,2.401915708286003,2.044401022354522
8,5,La Plata,Asuncion,2025,5,29,2.113902929242999,1.3981820251547146
8,5,Santiago,Asuncion,2025,5,29,0.5478067112192013,1.2844322090762526
8,5,Buenos Aires,Asuncion,2025,5,29,2.3475097567405325,1.3593932260510355
8,5,Avellaneda,Asuncion,2025,5,29,2.641478214022906,2.554859166443429
8,5,Quito,Asuncion,2025,5,29,1.054231849494449,1.9933019822195372
8,5,La Boca,Asuncion,2025,5,29,0.45365089196223035,1.8983561111448999
8,5,Porto Alegre,Asuncion,2025,5,29,1.8178500425205668,1.4932788579075347
8,5,Montevideo,Asuncion,2025,5,29,1.7856096381380255,1.7416560561753371
8,5,Santos,Asuncion,2025,5,29,1.2009906885466815,1.6569668569091902
8,5,Sao Paulo,Medellin,2025,5,29,1.768641996536476,0.5573046168823464
8,5,La Plata,Medellin,2025,5,29,1.3632938608652558,0.9577534492415346
8,5,Santiago,Medellin,2025,5,29,0.6172908853440879,0.6156474964963511
8,5,Buenos Aires,Medellin,2025,5,29,1.755456461608894,1.0875153867865517
8,5,Avellaneda,Medellin,2025,5,29,2.1113026240482085,0.4314471418815976
8,5,Quito,Medellin,2025,5,29,0.6216222687733631,1.0434981938730277
8,5,La Boca,Medellin,2025,5,29,0.15843298246120907,1.6351087394245971
8,5,Porto Alegre,Medellin,2025,5,29,1.8199485116172296,0.812129132340467
8,5,Montevideo,Medellin,2025,5,29,1.8212530818201225,0.1593319271575254
8,5,Santos,Medellin,2025,5,29,0.4021197557761579,0.9138812307607976
8,5,La Plata,Sao Paulo,2025,5,29,1.6048640896559723,1.5601084103670833
8,5,Santiago,Sao Paulo,2025,5,29,0.4903685515803041,1.3201425500348414
8,5,Buenos Aires,Sao Paulo,2025,5,29,1.8457643490765587,1.4402410793547187
8,5,Avellaneda,Sao Paulo,2025,5,29,0.6546496854094885,1.908696173615982
8,5,Quito,Sao Paulo,2025,5,29,0.505226440308994,1.688469704766521
8,5,La Boca,Sao Paulo,2025,5,29,0.4777763675711205,0.6554368896211237
8,5,Porto Alegre,Sao Paulo,2025,5,29,1.4080175611049779,1.256515992217774
8,5,Montevideo,Sao Paulo,2025,5,29,1.3688782472784682,0.705610561947785
8,5,Santos,Sao Paulo,2025,5,29,1.1472407431109488,1.1998810863738394
8,5,Santiago,La Plata,2025,5,29,0.9288683897845558,0.5989971021691007
8,5,Buenos Aires,La Plata,2025,5,29,2.530231458716763,0.6664948563635262
8,5,Avellaneda,La Plata,2025,5,29,1.6519518516043754,0.24421286055797434
8,5,Quito,La Plata,2025,5,29,0.6692201996007286,0.7046000396422206
8,5,La Boca,La Plata,2025,5,29,0.33518189744289684,0.7850751633173219
8,5,Porto Alegre,La Plata,2025,5,29,1.736198810319813,0.3963112081308372
8,5,Montevideo,La Plata,2025,5,29,1.8794894398329407,-0.1780994367585635
8,5,Santos,La Plata,2025,5,29,1.2737598333038664,0.6049317727189777
8,5,Buenos Aires,Santiago,2025,5,29,2.027263160823784,1.4279936737369288
8,5,Avellaneda,Santiago,2025,5,29,1.7771324725665578,1.2798979250357359
8,5,Quito,Santiago,2025,5,29,1.6459535530946299,1.5054756010764514
8,5,La Boca,Santiago,2025,5,29,1.4643079376190362,1.1076074815296544
8,5,Porto Alegre,Santiago,2025,5,29,1.9201883844211542,1.5263778830490842
8,5,Montevideo,Santiago,2025,5,29,1.877964971296246,0.5758321870669718
8,5,Santos,Santiago,2025,5,29,2.806917199380313,1.4644442031660438
8,5,Avellaneda,Buenos Aires,2025,5,29,1.788831869454038,2.368242947310469
8,5,Quito,Buenos Aires,2025,5,29,1.9043941366136454,1.988777786681272
8,5,La Boca,Buenos Aires,2025,5,29,1.4517697096795203,1.5140243220306775
8,5,Porto Alegre,Buenos Aires,2025,5,29,2.1204640628208122,1.5134024516453795
8,5,Montevideo,Buenos Aires,2025,5,29,1.6662019116505271,1.4738583885729877
8,5,Santos,Buenos Aires,2025,5,29,3.0226656224591766,1.874616604310439
8,5,Quito,Avellaneda,2025,5,29,0.8956384528905709,1.7345780254039544
8,5,La Boca,Avellaneda,2025,5,29,0.7261687283440698,1.2235543641808733
8,5,Porto Alegre,Avellaneda,2025,5,29,1.6317549924103272,1.1034010826422338
8,5,Montevideo,Avellaneda,2025,5,29,2.0816710773877736,0.6307150948694809
8,5,Santos,Avellaneda,2025,5,29,1.8986518115304962,1.3326034175811394
8,5,La Boca,Quito,2025,5,29,1.8793007583851589,0.9761636406005205
8,5,Porto Alegre,Quito,2025,5,29,2.549099902559013,0.9425062956242548
8,5,Montevideo,Quito,2025,5,29,2.4900824859532014,0.09959257045750937
8,5,Santos,Quito,2025,5,29,3.423341793277226,0.9340233083518245
8,5,Porto Alegre,La Boca,2025,5,29,1.93247955596481,1.8452539712483162
8,5,Montevideo,La Boca,2025,5,29,1.8936044435034176,1.207855701117737
8,5,Santos,La Boca,2025,5,29,1.1797829031816889,1.3564241666473602
8,5,Montevideo,Porto Alegre,2025,5,29,1.8760562009249497,0.06511537358358921
8,5,Santos,Porto Alegre,2025,5,29,1.207780916624022,0.7200154600377132
8,5,Santos,Montevideo,2025,5,29,1.0171434181649346,0.6410905913706179
8,8,Penarol,Itaquera,2025,5,29,1.5531726050475656,0.22611001436055372
8,8,Lima,Itaquera,2025,5,29,1.020853583262614,0.9322448237519706
8,8,Belo Horizonte,Itaquera,2025,5,29,1.1927137453745482,1.3188571613016284
8,8,Guayaquil,Itaquera,2025,5,29,1.0578833273388166,0.7195003798487117
8,8,Agua Branca,Itaquera,2025,5,29,1.3175438731386124,1.202403816627907
8,8,Bogota,Itaquera,2025,5,29,0.9295320758267478,1.311005337176158
8,8,Rio de Janeiro,Itaquera,2025,5,29,1.0473016324474007,0.6811410175040826
8,8,Asuncion,Itaquera,2025,5,29,0.6504015139210461,0.015541833439153056
8,8,Medellin,Itaquera,2025,5,29,1.235758838782433,0.7701329616669678
8,8,Sao Paulo,Itaquera,2025,5,29,0.8259132662239183,0.3803903229496965
8,8,La Plata,Itaquera,2025,5,29,0.8931718755325586,0.97591620570477
8,8,Santiago,Itaquera,2025,5,29,1.5017980293488669,0.6097918127799593
8,8,Buenos Aires,Itaquera,2025,5,29,0.9296191230892209,0.9633375568387603
8,8,Avellaneda,Itaquera,2025,5,29,0.8629843063267622,0.44726339371344
8,8,Quito,Itaquera,2025,5,29,1.6039510662908072,1.053349256282823
8,8,La Boca,Itaquera,2025,5,29,0.6821757954694595,0.8177872069917936
8,8,Porto Alegre,Itaquera,2025,5,29,1.7816126454618735,0.2370824611512203
8,8,Montevideo,Itaquera,2025,5,29,1.345317673945536,-0.03231573912160508
8,8,Santos,Itaquera,2025,5,29,0.5859683889988195,0.73757672189927
8,8,Lima,Penarol,2025,5,29,0.7229303159441725,0.5818057347934291
8,8,Belo Horizonte,Penarol,2025,5,29,1.5964360189110334,1.9756218548721496
8,8,Guayaquil,Penarol,2025,5,29,1.31830351738997,1.1952554427745374
8,8,Agua Branca,Penarol,2025,5,29,1.201235481517893,1.319874410646058
8,8,Bogota,Penarol,2025,5,29,2.884192644944744,1.8055241705282856
8,8,Rio de Janeiro,Penarol,2025,5,29,1.8167957439142985,1.428919764186277
8,8,Asuncion,Penarol,2025,5,29,2.7140728695146854,1.0340602593657653
8,8,Medellin,Penarol,2025,5,29,2.025818535642888,2.510497360044624
8,8,Sao Paulo,Penarol,2025,5,29,3.3802325255804173,1.597821453003826
8,8,La Plata,Penarol,2025,5,29,2.8817350979505547,0.5943657118991474
8,8,Santiago,Penarol,2025,5,29,2.849352949667454,0.7184490668830459
8,8,Buenos Aires,Penarol,2025,5,29,2.331806684830069,1.8133225482837458
8,8,Avellaneda,Penarol,2025,5,29,1.6997730210391457,1.738120793683668
8,8,Quito,Penarol,2025,5,29,1.3944085404822837,1.3504025917717228
8,8,La Boca,Penarol,2025,5,29,1.4563000808508944,1.6843149781259041
8,8,Porto Alegre,Penarol,2025,5,29,1.5263817219837699,1.7452112350468607
8,8,Montevideo,Penarol,2025,5,29,1.6622789786362553,1.5217203611820105
8,8,Santos,Penarol,2025,5,29,3.485786788335253,1.01298178338803
8,8,Belo Horizonte,Lima,2025,5,29,0.20871392510846568,1.3746874944725684
8,8,Guayaquil,Lima,2025,5,29,0.8155158469170716,1.2494288681597407
8,8,Agua Branca,Lima,2025,5,29,0.23339548506391378,0.5545998588360967
8,8,Bogota,Lima,2025,5,29,0.6631184913604907,1.741989468164127
8,8,Rio de Janeiro,Lima,2025,5,29,0.054798058942073444,1.2254867304720412
8,8,Asuncion,Lima,2025,5,29,0.15120946518018033,0.42176116388372287
8,8,Medellin,Lima,2025,5,29,0.21560018121913818,1.2706400505266462
8,8,Sao Paulo,Lima,2025,5,29,0.6292287548717928,0.6508529212453235
8,8,La Plata,Lima,2025,5,29,0.6275096797847124,0.853027812627869
8,8,Santiago,Lima,2025,5,29,0.36345839238647204,0.6027078488578042
8,8,Buenos Aires,Lima,2025,5,29,0.7558480580591878,1.284364496855289
8,8,Avellaneda,Lima,2025,5,29,0.43118186404537756,0.49356527008779455
8,8,Quito,Lima,2025,5,29,0.2465649591745762,1.035302468706337
8,8,La Boca,Lima,2025,5,29,0.04379908315603932,1.320645816587394
8,8,Porto Alegre,Lima,2025,5,29,0.9600953122261846,1.3010117909353507
8,8,Montevideo,Lima,2025,5,29,1.0227464686715755,0.5190197926592826
8,8,Santos,Lima,2025,5,29,0.2808259570662633,0.6624623799501014
8,8,Guayaquil,Belo Horizonte,2025,5,29,0.46057742763555803,0.5209745540130222
8,8,Agua Branca,Belo Horizonte,2025,5,29,1.775313203574616,0.9982361893331697
8,8,Bogota,Belo Horizonte,2025,5,29,1.526147581393243,1.6918147963376386
8,8,Rio de Janeiro,Belo Horizonte,2025,5,29,2.1504550809596723,1.4862420587674952
8,8,Asuncion,Belo Horizonte,2025,5,29,1.2256472280605473,0.6736449986251941
8,8,Medellin,Belo Horizonte,2025,5,29,2.231833247870514,1.853384075282301
8,8,Sao Paulo,Belo Horizonte,2025,5,29,2.654432566737666,1.479704378840778
8,8,La Plata,Belo Horizonte,2025,5,29,0.8445564878135992,0.22973591545924094
8,8,Santiago,Belo Horizonte,2025,5,29,2.1868805682916292,0.44597894792690423
8,8,Buenos Aires,Belo Horizonte,2025,5,29,1.3872835793874503,1.1822617294334958
8,8,Avellaneda,Belo Horizonte,2025,5,29,1.1757327505355555,1.845811682621525
8,8,Quito,Belo Horizonte,2025,5,29,1.2922318609009984,1.1249747232349654
8,8,La Boca,Belo Horizonte,2025,5,29,0.8546590155961935,1.9270172585339553
8,8,Porto Alegre,Belo Horizonte,2025,5,29,1.309517327623334,1.5975961604112927
8,8,Montevideo,Belo Horizonte,2025,5,29,1.9476612934864208,1.8902108720926822
8,8,Santos,Belo Horizonte,2025,5,29,1.7505280752640544,0.649354907709115
8,8,Agua Branca,Guayaquil,2025,5,29,2.758033736470551,0.9310200233719598
8,8,Bogota,Guayaquil,2025,5,29,2.295465074629563,1.7468887863475013
8,8,Rio de Janeiro,Guayaquil,2025,5,29,2.4424659291025193,1.2651722336216733
8,8,Asuncion,Guayaquil,2025,5,29,2.1935750999303796,0.058270377268582016
8,8,Medellin,Guayaquil,2025,5,29,3.9936688729635508,1.0023041762079594
8,8,Sao Paulo,Guayaquil,2025,5,29,3.695331643466355,0.5220961129616996
8,8,La Plata,Guayaquil,2025,5,29,2.7063033222822024,1.0676908914905139
8,8,Santiago,Guayaquil,2025,5,29,2.9410206377935353,0.6411001006245366
8,8,Buenos Aires,Guayaquil,2025,5,29,2.619737844549901,1.131665039671925
8,8,Avellaneda,Guayaquil,2025,5,29,1.5279217069402817,0.614495712076303
8,8,Quito,Guayaquil,2025,5,29,1.6532100273060653,1.4248092606933442
8,8,La Boca,Guayaquil,2025,5,29,1.4200213992850381,1.0336093285077665
8,8,Porto Alegre,Guayaquil,2025,5,29,1.5436013633367374,0.5789099564143995
8,8,Montevideo,Guayaquil,2025,5,29,2.062460832747243,-0.014349776496883326
8,8,Santos,Guayaquil,2025,5,29,3.7916115722427772,0.6323394905694615
8,8,Bogota,Agua Branca,2025,5,29,2.2219970026595686,1.315381957027131
8,8,Rio de Janeiro,Agua Branca,2025,5,29,1.597165535598615,0.9174806007409455
8,8,Asuncion,Agua Branca,2025,5,29,1.366745249771564,0.3277446860126489
8,8,Medellin,Agua Branca,2025,5,29,1.2809888120244546,1.5446037934150465
8,8,Sao Paulo,Agua Branca,2025,5,29,2.057878144996201,0.9951025364587579
8,8,La Plata,Agua Branca,2025,5,29,1.6871312381659342,0.8385510092525654
8,8,Santiago,Agua Branca,2025,5,29,1.9338034237717605,0.6313999675341573
8,8,Buenos Aires,Agua Branca,2025,5,29,1.3582284474879205,0.9470174792217166
8,8,Avellaneda,Agua Branca,2025,5,29,1.7365021722581595,0.7706675594712663
8,8,Quito,Agua Branca,2025,5,29,1.5822308718389408,0.9027299380107521
8,8,La Boca,Agua Branca,2025,5,29,1.2515284108239373,1.2553390884066078
8,8,Porto Alegre,Agua Branca,2025,5,29,1.8419539055264134,0.6292066003985716
8,8,Montevideo,Agua Branca,2025,5,29,1.8231483190501363,0.250510944454308
8,8,Santos,Agua Branca,2025,5,29,1.6804223560446154,0.8310466788506281
8,8,Rio de Janeiro,Bogota,2025,5,29,1.844082984422719,1.8856258090141995
8,8,Asuncion,Bogota,2025,5,29,1.9638090258443495,0.07719905703783801
8,8,Medellin,Bogota,2025,5,29,3.046794098501114,0.9584532674635862
8,8,Sao Paulo,Bogota,2025,5,29,3.045473564337106,0.7235839180518209
8,8,La Plata,Bogota,2025,5,29,2.8325284860515905,1.1940583128052131
8,8,Santiago,Bogota,2025,5,29,2.749180126712395,0.6342116955348178
8,8,Buenos Aires,Bogota,2025,5,29,2.490645219385451,1.3294840935050551
8,8,Avellaneda,Bogota,2025,5,29,1.7007431290861923,0.6107685638313819
8,8,Quito,Bogota,2025,5,29,2.2972399376798274,1.356395178608857
8,8,La Boca,Bogota,2025,5,29,1.978135132974648,1.3900243814819053
8,8,Porto Alegre,Bogota,2025,5,29,2.0757353880121587,0.9546405321470833
8,8,Montevideo,Bogota,2025,5,29,1.9639172013581478,0.003999241874402941
8,8,Santos,Bogota,2025,5,29,3.3672555974506677,0.8613957197117629
8,8,Asuncion,Rio de Janeiro,2025,5,29,1.6551970460352945,0.06036132318086647
8,8,Medellin,Rio de Janeiro,2025,5,29,1.457431009074906,0.4240713066670254
8,8,Sao Paulo,Rio de Janeiro,2025,5,29,2.1381599459749006,0.43568845873228035
8,8,La Plata,Rio de Janeiro,2025,5,29,2.142514949398804,0.6522066614162678
8,8,Santiago,Rio de Janeiro,2025,5,29,1.8833460033815697,0.5152114198261062
8,8,Buenos Aires,Rio de Janeiro,2025,5,29,1.9826140749495398,0.6133973639379985
8,8,Avellaneda,Rio de Janeiro,2025,5,29,1.979463977666651,0.29433933228759596
8,8,Quito,Rio de Janeiro,2025,5,29,2.554206326930729,0.7665519669320485
8,8,La Boca,Rio de Janeiro,2025,5,29,1.559673040288826,0.6627950895273166
8,8,Porto Alegre,Rio de Janeiro,2025,5,29,1.5915036738023896,0.4562647861151404
8,8,Montevideo,Rio de Janeiro,2025,5,29,1.6723179999259539,0.0037440269428756184
8,8,Santos,Rio de Janeiro,2025,5,29,1.6510643056187957,0.5525641756872575
8,8,Medellin,Asuncion,2025,5,29,0.3947446606452117,1.8102712452327108
8,8,Sao Paulo,Asuncion,2025,5,29,2.401915708286003,1.5716994935873867
8,8,La Plata,Asuncion,2025,5,29,2.113902929242999,0.3835651968709254
8,8,Santiago,Asuncion,2025,5,29,0.5478067112192013,0.2645970888361335
8,8,Buenos Aires,Asuncion,2025,5,29,2.3475097567405325,1.4010919215704636
8,8,Avellaneda,Asuncion,2025,5,29,2.641478214022906,2.296112223357126
8,8,Quito,Asuncion,2025,5,29,1.0534202486961928,1.3464330662054425
8,8,La Boca,Asuncion,2025,5,29,0.45283929116397426,1.8875799240370215
8,8,Porto Alegre,Asuncion,2025,5,29,1.4517702252689177,1.4917431623207154
8,8,Montevideo,Asuncion,2025,5,29,1.4059532205001153,1.8644642417383956
8,8,Santos,Asuncion,2025,5,29,1.2137556881346865,0.8448606748634713
8,8,Sao Paulo,Medellin,2025,5,29,1.768641996536476,0.5456601954223161
8,8,La Plata,Medellin,2025,5,29,1.3290856248867633,0.9432879968950719
8,8,Santiago,Medellin,2025,5,29,0.597703705979565,0.6024988834391732
8,8,Buenos Aires,Medellin,2025,5,29,1.7537821137014007,1.0859796911997324
8,8,Avellaneda,Medellin,2025,5,29,2.1113026240482085,0.4222066503605383
8,8,Quito,Medellin,2025,5,29,0.5874140327948706,1.0266288115875941
8,8,La Boca,Medellin,2025,5,29,0.15843298246120907,1.6243325523167187
8,8,Porto Alegre,Medellin,2025,5,29,1.8131263318407116,0.8105934367536478
8,8,Montevideo,Medellin,2025,5,29,1.8016659024555994,0.14333077922424337
8,8,Santos,Medellin,2025,5,29,0.38067651938567026,0.9086247659457225
8,8,La Plata,Sao Paulo,2025,5,29,1.5729645966677646,0.7949080076580421
8,8,Santiago,Sao Paulo,2025,5,29,0.47245572012327447,0.5360639771501853
8,8,Buenos Aires,Sao Paulo,2025,5,29,1.8186604047402495,1.4759660346333003
8,8,Avellaneda,Sao Paulo,2025,5,29,0.6269113459903878,1.750060405900961
8,8,Quito,Sao Paulo,2025,5,29,0.4726925522379947,1.1770873877664112
8,8,La Boca,Sao Paulo,2025,5,29,0.4777763675711205,0.6539011940343045
8,8,Porto Alegre,Sao Paulo,2025,5,29,0.9962865729771982,1.2490065563901083
8,8,Montevideo,Sao Paulo,2025,5,29,0.9443822595626828,0.8428841998573064
8,8,Santos,Sao Paulo,2025,5,29,1.1274718546279543,0.6005540413143676
8,8,Santiago,La Plata,2025,5,29,0.9278231258612183,0.5974614065822815
8,8,Buenos Aires,La Plata,2025,5,29,2.530231458716763,0.664959160776707
8,8,Avellaneda,La Plata,2025,5,29,1.6519518516043754,0.31005708540513727
8,8,Quito,La Plata,2025,5,29,0.6515035141198708,0.7150251069047394
8,8,La Boca,La Plata,2025,5,29,0.3499991000330384,0.7835394677305026
8,8,Porto Alegre,La Plata,2025,5,29,1.3563087295568215,0.394775512544018
8,8,Montevideo,La Plata,2025,5,29,1.4975489941263986,-0.1344201748476517
8,8,Santos,La Plata,2025,5,29,1.2580935127665596,0.6033960771321585
8,8,Buenos Aires,Santiago,2025,5,29,2.025588812916291,1.1024887657587525
8,8,Avellaneda,Santiago,2025,5,29,1.6614126989524145,0.6242454637499162
8,8,Quito,Santiago,2025,5,29,1.6442792051871367,0.7897247269596288
8,8,La Boca,Santiago,2025,5,29,1.4643079376190362,1.054192013367989
8,8,Porto Alegre,Santiago,2025,5,29,1.552434219262012,1.4689898155174335
8,8,Montevideo,Santiago,2025,5,29,1.497445806549099,0.5215195024013589
8,8,Santos,Santiago,2025,5,29,2.8180078510608246,0.6260477210331616
8,8,Avellaneda,Buenos Aires,2025,5,29,1.4975731615366477,2.0665809986312107
8,8,Quito,Buenos Aires,2025,5,29,1.7066969978877082,1.323219827593869
8,8,La Boca,Buenos Aires,2025,5,29,1.255746918861077,1.460333129329843
8,8,Porto Alegre,Buenos Aires,2025,5,29,1.5296687527449584,1.4689517504656036
8,8,Montevideo,Buenos Aires,2025,5,29,1.0605912370431174,1.5574723377713455
8,8,Santos,Buenos Aires,2025,5,29,3.033756274139688,1.1574759271165913
8,8,Quito,Avellaneda,2025,5,29,0.880570343683796,0.8468809464888484
8,8,La Boca,Avellaneda,2025,5,29,0.7111006191372948,1.222018668594054
8,8,Porto Alegre,Avellaneda,2025,5,29,1.2526574308954541,1.0919190474445835
8,8,Montevideo,Avellaneda,2025,5,29,1.7176434631382616,0.7629450999674331
8,8,Santos,Avellaneda,2025,5,29,1.9282843786521937,0.2753852787563154
8,8,La Boca,Quito,2025,5,29,1.8941179609753007,0.9653874534926425
8,8,Porto Alegre,Quito,2025,5,29,2.1871226532530503,0.9369980006674511
8,8,Montevideo,Quito,2025,5,29,2.1260548717036887,0.1288063800219584
8,8,Santos,Quito,2025,5,29,3.440209360810918,0.7682846907858075
8,8,Porto Alegre,La Boca,2025,5,29,1.9343737836674066,1.8397456762915123
8,8,Montevideo,La Boca,2025,5,29,1.8806833066744586,1.1946781059087639
8,8,Santos,La Boca,2025,5,29,1.2094154703033861,0.6831105251642233
8,8,Montevideo,Porto Alegre,2025,5,29,1.5097820757557145,0.05283499487856318
8,8,Santos,Porto Alegre,2025,5,29,1.2205459162120271,0.6792110534333027
8,8,Santos,Montevideo,2025,5,29,1.0299084177529396,0.607210714748824
8,11,Penarol,Itaquera,2025,5,29,1.5375202757559208,0.21459488071889346
8,11,Lima,Itaquera,2025,5,29,1.0337885485152825,0.904662249026072
8,11,Belo Horizonte,Itaquera,2025,5,29,1.1869228084639687,1.2693952318827681
8,11,Guayaquil,Itaquera,2025,5,29,1.0725583794338882,0.670038450429851
8,11,Agua Branca,Itaquera,2025,5,29,1.3059109421970176,1.2694596693422429
8,11,Bogota,Itaquera,2025,5,29,0.8741422562165022,1.27418034810296
8,11,Rio de Janeiro,Itaquera,2025,5,29,1.0384905967568552,0.65046219111904
8,11,Asuncion,Itaquera,2025,5,29,0.5628233101864019,-0.012663236915561281
8,11,Medellin,Itaquera,2025,5,29,1.1370181077608568,0.6987190876033079
8,11,Sao Paulo,Itaquera,2025,5,29,0.8203600169497747,0.3540667790780971
8,11,La Plata,Itaquera,2025,5,29,0.8584950985399425,0.9360731687617841
8,11,Santiago,Itaquera,2025,5,29,1.4919742133952458,0.5800956434389505
8,11,Buenos Aires,Itaquera,2025,5,29,0.921678988964409,0.8740325904769135
8,11,Avellaneda,Itaquera,2025,5,29,0.8509871058561002,0.5143192464277753
8,11,Quito,Itaquera,2025,5,29,1.5975414140964668,1.0236530869418148
8,11,La Boca,Itaquera,2025,5,29,0.6306245591990833,0.7913320771373867
8,11,Porto Alegre,Itaquera,2025,5,29,1.8051016136126454,0.18950205821547436
8,11,Montevideo,Itaquera,2025,5,29,1.2997667243087787,-0.03446114254404622
8,11,Santos,Itaquera,2025,5,29,0.6069769724684004,0.7077048363398304
8,11,Lima,Penarol,2025,5,29,0.6530097846352425,0.5368280825235894
8,11,Belo Horizonte,Penarol,2025,5,29,1.5155036129899349,2.1272874666126227
8,11,Guayaquil,Penarol,2025,5,29,1.2418937021408063,0.9572910164501389
8,11,Agua Branca,Penarol,2025,5,29,0.9921660071097252,1.4332589453935356
8,11,Bogota,Penarol,2025,5,29,2.829971270333803,1.7317889489376106
8,11,Rio de Janeiro,Penarol,2025,5,29,1.8370729820354188,1.3721649927848671
8,11,Asuncion,Penarol,2025,5,29,2.5612637666769777,0.987174544446704
8,11,Medellin,Penarol,2025,5,29,1.7395484082060388,2.5663979965738424
8,11,Sao Paulo,Penarol,2025,5,29,3.275476394375724,1.763929613197184
8,11,La Plata,Penarol,2025,5,29,2.9193414381706413,0.7121177976298205
8,11,Santiago,Penarol,2025,5,29,2.7558018720724853,0.67504800332424
8,11,Buenos Aires,Penarol,2025,5,29,2.2353955772896805,1.7240797796307212
8,11,Avellaneda,Penarol,2025,5,29,1.6220845088233324,1.7631896704476515
8,11,Quito,Penarol,2025,5,29,1.4266942752551908,1.4928013206110005
8,11,La Boca,Penarol,2025,5,29,1.3447861504311531,1.7173584453112802
8,11,Porto Alegre,Penarol,2025,5,29,1.4815018554252748,1.6785133245294706
8,11,Montevideo,Penarol,2025,5,29,1.6231104148593467,1.5686201234462185
8,11,Santos,Penarol,2025,5,29,3.404758923011067,1.0996114207274994
8,11,Belo Horizonte,Lima,2025,5,29,0.15594122352077575,1.3708850803484114
8,11,Guayaquil,Lima,2025,5,29,0.8251176275006666,1.1335577355848026
8,11,Agua Branca,Lima,2025,5,29,0.23938598892807975,0.5342087054321738
8,11,Bogota,Lima,2025,5,29,0.6734736011890603,1.7290624840465239
8,11,Rio de Janeiro,Lima,2025,5,29,0.04864479208977713,1.2254867304720412
8,11,Asuncion,Lima,2025,5,29,0.13512924817289648,0.3917235078266298
8,11,Medellin,Lima,2025,5,29,0.16526753112879655,1.1710726611912323
8,11,Sao Paulo,Lima,2025,5,29,0.6248641489073893,0.6459855085116988
8,11,La Plata,Lima,2025,5,29,0.6273750658234988,0.8473928323522077
8,11,Santiago,Lima,2025,5,29,0.34594807171748637,0.5916623912233153
8,11,Buenos Aires,Lima,2025,5,29,0.7483321582040625,1.2714375127376858
8,11,Avellaneda,Lima,2025,5,29,0.460430724964838,0.3650741836363662
8,11,Quito,Lima,2025,5,29,0.19317354230312545,1.02156855588877
8,11,La Boca,Lima,2025,5,29,0.027042091732028106,1.320943708122259
8,11,Porto Alegre,Lima,2025,5,29,0.9067038953547332,1.2951221178910324
8,11,Montevideo,Lima,2025,5,29,0.9358614526855507,0.5203793864826738
8,11,Santos,Lima,2025,5,29,0.2267632705015944,0.6494024165882993
8,11,Guayaquil,Belo Horizonte,2025,5,29,0.43274264288576936,0.23083803426499747
8,11,Agua Branca,Belo Horizonte,2025,5,29,1.6977792601954182,1.0898961306328725
8,11,Bogota,Belo Horizonte,2025,5,29,1.5526198721467817,1.560397531697497
8,11,Rio de Janeiro,Belo Horizonte,2025,5,29,2.0982139321973965,1.3639174819080908
8,11,Asuncion,Belo Horizonte,2025,5,29,1.1699565193025192,0.6391207777084882
8,11,Medellin,Belo Horizonte,2025,5,29,2.173196455697844,1.853389127998656
8,11,Sao Paulo,Belo Horizonte,2025,5,29,2.6039800788632825,1.5521277510464166
8,11,La Plata,Belo Horizonte,2025,5,29,0.8438031585686248,0.37344897960539697
8,11,Santiago,Belo Horizonte,2025,5,29,2.207153987450295,0.4133362534933132
8,11,Buenos Aires,Belo Horizonte,2025,5,29,1.3330610823385844,1.0382075244476918
8,11,Avellaneda,Belo Horizonte,2025,5,29,1.1406185701296407,1.851064028586955
8,11,Quito,Belo Horizonte,2025,5,29,1.2388404440295473,1.2010092363253984
8,11,La Boca,Belo Horizonte,2025,5,29,0.8683739483504263,1.9005621286795487
8,11,Porto Alegre,Belo Horizonte,2025,5,29,1.2433685527525768,1.4554234819086038
8,11,Montevideo,Belo Horizonte,2025,5,29,1.8092428532405171,1.8500830869555263
8,11,Santos,Belo Horizonte,2025,5,29,1.650377506789406,0.6999102259830898
8,11,Agua Branca,Guayaquil,2025,5,29,2.4900003784330966,0.9955040286212421
8,11,Bogota,Guayaquil,2025,5,29,2.310410902082578,1.7071172721817216
8,11,Rio de Janeiro,Guayaquil,2025,5,29,2.3856221732986267,1.234493407236631
8,11,Asuncion,Guayaquil,2025,5,29,2.0886431592537966,0.0237461563518761
8,11,Medellin,Guayaquil,2025,5,29,3.630277751601687,0.9249458292098364
8,11,Sao Paulo,Guayaquil,2025,5,29,3.5188542706330685,0.4894534185281085
8,11,La Plata,Guayaquil,2025,5,29,2.7419240739651496,1.0278478545475276
8,11,Santiago,Guayaquil,2025,5,29,2.9166367622625216,0.6084574061909458
8,11,Buenos Aires,Guayaquil,2025,5,29,2.4468770127777173,1.0368417007524438
8,11,Avellaneda,Guayaquil,2025,5,29,1.486728283009311,0.6815515647906382
8,11,Quito,Guayaquil,2025,5,29,1.732701098229031,1.395113091352336
8,11,La Boca,Guayaquil,2025,5,29,1.3684701630146618,1.0071541986533599
8,11,Porto Alegre,Guayaquil,2025,5,29,1.558684190927607,0.5283830283860717
8,11,Montevideo,Guayaquil,2025,5,29,1.9522422970349596,-0.016495179919324452
8,11,Santos,Guayaquil,2025,5,29,3.642947898742497,0.5995210799174399
8,11,Bogota,Agua Branca,2025,5,29,2.132705693183007,1.2803596207984858
8,11,Rio de Janeiro,Agua Branca,2025,5,29,1.590431857161157,0.776882243034378
8,11,Asuncion,Agua Branca,2025,5,29,1.274093630317171,0.2808589710935882
8,11,Medellin,Agua Branca,2025,5,29,1.1947771923965171,1.368374601420828
8,11,Sao Paulo,Agua Branca,2025,5,29,2.056544218855163,0.9586636512583886
8,11,La Plata,Agua Branca,2025,5,29,1.6510795362794275,0.6783350096349203
8,11,Santiago,Agua Branca,2025,5,29,1.8172272806937066,0.603506451037701
8,11,Buenos Aires,Agua Branca,2025,5,29,1.3514040962533083,0.7495956343828964
8,11,Avellaneda,Agua Branca,2025,5,29,1.7159795115943586,0.6205099630803976
8,11,Quito,Agua Branca,2025,5,29,1.4551496622315994,0.7593180465814392
8,11,La Boca,Agua Branca,2025,5,29,1.1610816266640356,1.2288839585522011
8,11,Porto Alegre,Agua Branca,2025,5,29,1.7441907193681208,0.5767716097210231
8,11,Montevideo,Agua Branca,2025,5,29,1.706364682718999,0.23791210967873294
8,11,Santos,Agua Branca,2025,5,29,1.6263596694799465,0.7963202055493855
8,11,Rio de Janeiro,Bogota,2025,5,29,1.8683824180002944,1.7633012321547952
8,11,Asuncion,Bogota,2025,5,29,1.8140986624879065,0.04051073208710089
8,11,Medellin,Bogota,2025,5,29,2.7627575056328255,0.7973903558487808
8,11,Sao Paulo,Bogota,2025,5,29,2.857474664164257,0.7144476768273511
8,11,La Plata,Bogota,2025,5,29,2.786892057303522,1.261051616060502
8,11,Santiago,Bogota,2025,5,29,2.6556290491174255,0.7225186419807389
8,11,Buenos Aires,Bogota,2025,5,29,2.3125278174828274,1.151128247387483
8,11,Avellaneda,Bogota,2025,5,29,1.623054616870379,0.517530682585458
8,11,Quito,Bogota,2025,5,29,2.2440493689160173,1.436156756350866
8,11,La Boca,Bogota,2025,5,29,1.8793785605542137,1.3635692516274986
8,11,Porto Alegre,Bogota,2025,5,29,2.0436128794529713,0.8161277229724966
8,11,Montevideo,Bogota,2025,5,29,1.8421771383063024,-0.00859959290117194
8,11,Santos,Bogota,2025,5,29,3.2036562328515443,0.8314972979862175
8,11,Asuncion,Rio de Janeiro,2025,5,29,1.5677701799238213,0.020770113820069883
8,11,Medellin,Rio de Janeiro,2025,5,29,1.3628638111329558,0.3546712500429989
8,11,Sao Paulo,Rio de Janeiro,2025,5,29,2.2186910466511507,0.5152685474060081
8,11,La Plata,Rio de Janeiro,2025,5,29,2.200947762807887,0.7191999646715568
8,11,Santiago,Rio de Janeiro,2025,5,29,1.8680766450780493,0.6052449398529672
8,11,Buenos Aires,Rio de Janeiro,2025,5,29,2.0601500590505424,0.5265323153926127
8,11,Avellaneda,Rio de Janeiro,2025,5,29,1.972285932596345,0.3563281965578404
8,11,Quito,Rio de Janeiro,2025,5,29,2.6332729782731064,0.8490785806983576
8,11,La Boca,Rio de Janeiro,2025,5,29,1.5081218040184496,0.6384853630953508
8,11,Porto Alegre,Rio de Janeiro,2025,5,29,1.614412045057098,0.4111243009958555
8,11,Montevideo,Rio de Janeiro,2025,5,29,1.7090313460445772,-0.006709404410258146
8,11,Santos,Rio de Janeiro,2025,5,29,1.759782727193656,0.5234263976795948
8,11,Medellin,Asuncion,2025,5,29,0.33356671590855114,1.8128977048338084
8,11,Sao Paulo,Asuncion,2025,5,29,2.4011623790410286,1.6496907977703492
8,11,La Plata,Asuncion,2025,5,29,2.107325428121016,0.5282418805683565
8,11,Santiago,Asuncion,2025,5,29,0.5244264286197277,0.2356142637306457
8,11,Buenos Aires,Asuncion,2025,5,29,2.3371622464440667,1.2625791123958776
8,11,Avellaneda,Asuncion,2025,5,29,2.6460091519744666,2.3004201262246093
8,11,Quito,Asuncion,2025,5,29,0.9996044122441534,1.4250889861806173
8,11,La Boca,Asuncion,2025,5,29,0.43608229973996315,1.8611247941826148
8,11,Porto Alegre,Asuncion,2025,5,29,1.3979543888168777,1.3532303531461294
8,11,Montevideo,Asuncion,2025,5,29,1.3131982425836026,1.8243364566012397
8,11,Santos,Asuncion,2025,5,29,1.1596930015700175,0.8983359820639224
8,11,Sao Paulo,Medellin,2025,5,29,1.7636967936760086,0.6308082160733673
8,11,La Plata,Medellin,2025,5,29,1.3285265913449609,1.0102813001503603
8,11,Santiago,Medellin,2025,5,29,0.5797689657299906,0.6961922727941374
8,11,Buenos Aires,Medellin,2025,5,29,1.7489405337469512,1.0225402720603018
8,11,Avellaneda,Medellin,2025,5,29,2.1206527174001257,0.3855354299262178
8,11,Quito,Medellin,2025,5,29,0.5335981963428312,1.1117768322386459
8,11,La Boca,Medellin,2025,5,29,0.1416759910371979,1.600022825884753
8,11,Porto Alegre,Medellin,2025,5,29,1.7587298984926085,0.7869970545572033
8,11,Montevideo,Medellin,2025,5,29,1.7143564668889861,0.1328773478711096
8,11,Santos,Medellin,2025,5,29,0.3266138328210017,0.8824069768645358
8,11,La Plata,Sao Paulo,2025,5,29,1.5457268108369582,0.9240771442931226
8,11,Santiago,Sao Paulo,2025,5,29,0.4682760612867268,0.5177913940635347
8,11,Buenos Aires,Sao Paulo,2025,5,29,1.8089858425576297,1.3660477010722882
8,11,Avellaneda,Sao Paulo,2025,5,29,0.6232310363313432,1.8618305728426259
8,11,Quito,Sao Paulo,2025,5,29,0.3928166787807123,1.3025278688259174
8,11,La Boca,Sao Paulo,2025,5,29,0.477764201738828,0.6517557906118634
8,11,Porto Alegre,Sao Paulo,2025,5,29,0.9380593566206009,1.1545957698914457
8,11,Montevideo,Sao Paulo,2025,5,29,0.8275986232315461,0.8407387964348654
8,11,Santos,Sao Paulo,2025,5,29,1.0768233318225664,0.7182295193107201
8,11,Santiago,La Plata,2025,5,29,0.9177735050941824,0.5917498454653984
8,11,Buenos Aires,La Plata,2025,5,29,2.5283824401979818,0.49160079780057553
8,11,Avellaneda,La Plata,2025,5,29,1.636622737622215,0.3609571319796362
8,11,Quito,La Plata,2025,5,29,0.5677890573227189,0.602340539558913
8,11,La Boca,La Plata,2025,5,29,0.3338154124421588,0.7813940643080616
8,11,Porto Alegre,La Plata,2025,5,29,1.2891549382094116,0.371179717832398
8,11,Montevideo,La Plata,2025,5,29,1.3748953958647736,-0.13656557827009283
8,11,Santos,La Plata,2025,5,29,1.2040308262018906,0.5967689193952177
8,11,Buenos Aires,Santiago,2025,5,29,2.1237828240200765,1.0986091846212633
8,11,Avellaneda,Santiago,2025,5,29,1.6225768840937862,0.8490600240357661
8,11,Quito,Santiago,2025,5,29,1.632572919461625,1.0047736050492468
8,11,La Boca,Santiago,2025,5,29,1.3910024158049406,1.07542245537684
8,11,Porto Alegre,Santiago,2025,5,29,1.4424942720004765,1.4850711553904619
8,11,Montevideo,Santiago,2025,5,29,1.5162249114685058,0.518623857774327
8,11,Santos,Santiago,2025,5,29,2.8750548277514865,0.6776415017504978
8,11,Avellaneda,Buenos Aires,2025,5,29,1.4488659006644855,2.1627914626387588
8,11,Quito,Buenos Aires,2025,5,29,1.6107244958955713,1.4002244955855265
8,11,La Boca,Buenos Aires,2025,5,29,1.2396381244939303,1.4581877259074019
8,11,Porto Alegre,Buenos Aires,2025,5,29,1.4336962507528217,1.466186714441303
8,11,Montevideo,Buenos Aires,2025,5,29,0.9737062210570925,1.5068911212810558
8,11,Santos,Buenos Aires,2025,5,29,2.9809036748451114,1.237169023398229
8,11,Quito,Avellaneda,2025,5,29,0.8839666972740428,0.8238743939054636
8,11,La Boca,Avellaneda,2025,5,29,0.7088843768158136,1.2432491106029049
8,11,Porto Alegre,Avellaneda,2025,5,29,1.1916455411536047,1.0179375812846312
8,11,Montevideo,Avellaneda,2025,5,29,1.706523947712556,0.7600494553404011
8,11,Santos,Avellaneda,2025,5,29,1.9865414426129482,0.21128446395016662
8,11,La Boca,Quito,2025,5,29,1.7953613885548658,0.9504474572798958
8,11,Porto Alegre,Quito,2025,5,29,2.155000144693862,0.8063404558064214
8,11,Montevideo,Quito,2025,5,29,2.0036435389586256,0.11620754524638356
8,11,Santos,Quito,2025,5,29,3.2759387265185764,0.7977879182471519
8,11,Porto Alegre,La Boca,2025,5,29,1.873518071241032,1.7302167816526672
8,11,Montevideo,La Boca,2025,5,29,1.7580297084128333,1.1938922963097143
8,11,Santos,La Boca,2025,5,29,1.1565628710088098,0.774594750245495
8,11,Montevideo,Porto Alegre,2025,5,29,1.3875528970746778,0.06250261663264717
8,11,Santos,Porto Alegre,2025,5,29,1.1664832296473582,0.6482741692643961
8,11,Santos,Montevideo,2025,5,29,0.8089010209899881,0.5724842414475816
8,14,Penarol,Itaquera,2025,5,29,0.7683517708858799,0.12700288257706238
8,14,Lima,Itaquera,2025,5,29,1.1174900579176457,0.5784100911892615
8,14,Belo Horizonte,Itaquera,2025,5,29,0.8694545176004479,1.0787447538255832
8,14,Guayaquil,Itaquera,2025,5,29,0.8912618481831801,0.5225344936928925
8,14,Agua Branca,Itaquera,2025,5,29,0.9318318374781193,1.1226557039242022
8,14,Bogota,Itaquera,2025,5,29,0.8360856901035563,1.207393661183276
8,14,Rio de Janeiro,Itaquera,2025,5,29,0.7889343574253473,0.4960971177104492
8,14,Asuncion,Itaquera,2025,5,29,0.48940423921743087,-0.1815257754284419
8,14,Medellin,Itaquera,2025,5,29,0.32910769171836285,0.6306919983743755
8,14,Sao Paulo,Itaquera,2025,5,29,0.7959412836093104,0.22100229401685692
8,14,La Plata,Itaquera,2025,5,29,0.919615388121903,0.7451894003146128
8,14,Santiago,Itaquera,2025,5,29,0.7131437991520105,0.4630465330309303
8,14,Buenos Aires,Itaquera,2025,5,29,1.03677415056495,0.7658440587037617
8,14,Avellaneda,Itaquera,2025,5,29,0.8798772081232821,0.29479891966977523
8,14,Quito,Itaquera,2025,5,29,1.2898975463283204,0.7572477366487529
8,14,La Boca,Itaquera,2025,5,29,0.5576910664573764,0.5265230172902725
8,14,Porto Alegre,Itaquera,2025,5,29,1.8799222851248616,0.18049890775385244
8,14,Montevideo,Itaquera,2025,5,29,1.2486064331612368,-0.24254011877248383
8,14,Santos,Itaquera,2025,5,29,0.576044528057376,0.6038084751868423
8,14,Lima,Penarol,2025,5,29,0.3809670895088323,0.34208560936367055
8,14,Belo Horizonte,Penarol,2025,5,29,1.2988230891893702,2.0415536240453
8,14,Guayaquil,Penarol,2025,5,29,0.7642108368804916,0.8806673056527792
8,14,Agua Branca,Penarol,2025,5,29,0.7334767184102668,1.4213850067118692
8,14,Bogota,Penarol,2025,5,29,2.365546491216885,1.7450741748891696
8,14,Rio de Janeiro,Penarol,2025,5,29,1.6941450282568344,1.340191252823714
8,14,Asuncion,Penarol,2025,5,29,2.33257526997055,0.8142852216370463
8,14,Medellin,Penarol,2025,5,29,1.1327999873549426,2.4382775011219793
8,14,Sao Paulo,Penarol,2025,5,29,2.316975023529133,1.4999809725588327
8,14,La Plata,Penarol,2025,5,29,2.101153466888961,0.6238068560600492
8,14,Santiago,Penarol,2025,5,29,2.6417836532704504,0.5848520625521325
8,14,Buenos Aires,Penarol,2025,5,29,1.2930148309484126,1.5544124692335888
8,14,Avellaneda,Penarol,2025,5,29,1.305369095427077,1.4111154769816125
8,14,Quito,Penarol,2025,5,29,1.3039918042822363,1.3295590178983476
8,14,La Boca,Penarol,2025,5,29,1.1896611157879309,1.4517724898090814
8,14,Porto Alegre,Penarol,2025,5,29,1.3400484545547324,1.6917985504810296
8,14,Montevideo,Penarol,2025,5,29,1.2138494483301967,1.215163808009033
8,14,Santos,Penarol,2025,5,29,2.3424651892675783,1.0711562434584352
8,14,Belo Horizonte,Lima,2025,5,29,0.16105266252339664,1.2024105435144437
8,14,Guayaquil,Lima,2025,5,29,0.7471114795467689,1.008977943791371
8,14,Agua Branca,Lima,2025,5,29,0.19669149893458368,0.524628621899141
8,14,Bogota,Lima,2025,5,29,0.6277744417592309,1.6160753385488937
8,14,Rio de Janeiro,Lima,2025,5,29,0.01721958206233708,1.0051674527541188
8,14,Asuncion,Lima,2025,5,29,0.133352952590455,0.2551507392120546
8,14,Medellin,Lima,2025,5,29,0.09024894691252254,1.1745188287564445
8,14,Sao Paulo,Lima,2025,5,29,0.6087435244020647,0.5609182531406613
8,14,La Plata,Lima,2025,5,29,0.6173817202648344,0.6418866634954705
8,14,Santiago,Lima,2025,5,29,0.26488629139597497,0.5367502105682169
8,14,Buenos Aires,Lima,2025,5,29,0.7483321582040625,1.1007151187146855
8,14,Avellaneda,Lima,2025,5,29,0.44563601347289333,0.2058779052708582
8,14,Quito,Lima,2025,5,29,0.17623161508757423,0.7900931751491117
8,14,La Boca,Lima,2025,5,29,0.02007476130396982,1.033009407320536
8,14,Porto Alegre,Lima,2025,5,29,0.8462100244329591,1.2985682854562446
8,14,Montevideo,Lima,2025,5,29,0.8966781233743263,0.3470655173833625
8,14,Santos,Lima,2025,5,29,0.1548003186529342,0.6178877949770389
8,14,Guayaquil,Belo Horizonte,2025,5,29,0.19337294828374238,0.14049746175704006
8,14,Agua Branca,Belo Horizonte,2025,5,29,1.266961014195622,1.078022191951206
8,14,Bogota,Belo Horizonte,2025,5,29,1.506920712716952,1.5599658959384584
8,14,Rio de Janeiro,Belo Horizonte,2025,5,29,1.7031616247580588,1.3543373983750582
8,14,Asuncion,Belo Horizonte,2025,5,29,1.0344353916492908,0.6189954773544406
8,14,Medellin,Belo Horizonte,2025,5,29,1.1182269970346639,1.713248214456417
8,14,Sao Paulo,Belo Horizonte,2025,5,29,2.4319726692570995,1.40445188534535
8,14,La Plata,Belo Horizonte,2025,5,29,0.7783664657434304,0.3603401060021586
8,14,Santiago,Belo Horizonte,2025,5,29,1.4833326465936898,0.4058050481251076
8,14,Buenos Aires,Belo Horizonte,2025,5,29,1.1884681656551486,0.8940669314300326
8,14,Avellaneda,Belo Horizonte,2025,5,29,0.9504235832095547,1.6909974366665983
8,14,Quito,Belo Horizonte,2025,5,29,0.9011252757204811,1.1117014578955149
8,14,La Boca,Belo Horizonte,2025,5,29,0.7892465910435235,1.81576939161777
8,14,Porto Alegre,Belo Horizonte,2025,5,29,1.1540353932426293,1.4537569112279933
8,14,Montevideo,Belo Horizonte,2025,5,29,1.5587293915619038,1.6908524029598948
8,14,Santos,Belo Horizonte,2025,5,29,1.4339968507667733,0.6938487051421459
8,14,Agua Branca,Guayaquil,2025,5,29,2.0864770864562687,0.9620372765826901
8,14,Bogota,Guayaquil,2025,5,29,1.8459861229656611,1.549795241010575
8,14,Rio de Janeiro,Guayaquil,2025,5,29,1.9755663381439386,0.935578735446381
8,14,Asuncion,Guayaquil,2025,5,29,1.9100056725742254,-0.010149831147888966
8,14,Medellin,Guayaquil,2025,5,29,2.6725485009689898,0.8196415279867815
8,14,Sao Paulo,Guayaquil,2025,5,29,2.7109924550790137,0.43267148660000865
8,14,La Plata,Guayaquil,2025,5,29,1.9361122242874849,0.7364783859949914
8,14,Santiago,Guayaquil,2025,5,29,2.133298887464751,0.44718478906247644
8,14,Buenos Aires,Guayaquil,2025,5,29,1.6458053372457595,0.7527080935724448
8,14,Avellaneda,Guayaquil,2025,5,29,1.3278794831145015,0.5066468039081033
8,14,Quito,Guayaquil,2025,5,29,1.3070150519642763,1.176860716340464
8,14,La Boca,Guayaquil,2025,5,29,1.2435715938350145,0.7154400653268124
8,14,Porto Alegre,Guayaquil,2025,5,29,1.4235798195449152,0.5206148128460216
8,14,Montevideo,Guayaquil,2025,5,29,1.7013519248474362,-0.08713226790382621
8,14,Santos,Guayaquil,2025,5,29,2.7530607047543656,0.4824564647164868
8,14,Bogota,Agua Branca,2025,5,29,2.088743314352751,1.275245363099428
8,14,Rio de Janeiro,Agua Branca,2025,5,29,1.5623307873838268,0.7073263965936241
8,14,Asuncion,Agua Branca,2025,5,29,1.2988912002229012,0.25680204198017004
8,14,Medellin,Agua Branca,2025,5,29,0.9046660403637168,1.299138118693392
8,14,Sao Paulo,Agua Branca,2025,5,29,1.9356170955392833,0.8808866883555506
8,14,La Plata,Agua Branca,2025,5,29,1.639509958593615,0.6052503731239613
8,14,Santiago,Agua Branca,2025,5,29,1.7759562181447932,0.5791649779179653
8,14,Buenos Aires,Agua Branca,2025,5,29,1.2548957062778914,0.6410630092243395
8,14,Avellaneda,Agua Branca,2025,5,29,1.5467519002602212,0.5184141211782184
8,14,Quito,Agua Branca,2025,5,29,1.4318390899217128,0.583934271173814
8,14,La Boca,Agua Branca,2025,5,29,1.1494824317412153,1.2067227158773313
8,14,Porto Alegre,Agua Branca,2025,5,29,1.6790649839515845,0.5776075176457481
8,14,Montevideo,Agua Branca,2025,5,29,1.5737285957999712,0.14504505579792074
8,14,Santos,Agua Branca,2025,5,29,1.4860495527945772,0.7759926690549863
8,14,Rio de Janeiro,Bogota,2025,5,29,1.4170567377891967,1.3822227308155315
8,14,Asuncion,Bogota,2025,5,29,1.7555996828537628,0.026784372973397797
8,14,Medellin,Bogota,2025,5,29,2.183943020090713,0.5564921147689277
8,14,Sao Paulo,Bogota,2025,5,29,1.992697325610626,0.7190039250400433
8,14,La Plata,Bogota,2025,5,29,2.05573376958209,0.8652299415457706
8,14,Santiago,Bogota,2025,5,29,2.3516190688247756,0.6225842049930612
8,14,Buenos Aires,Bogota,2025,5,29,1.397380013695142,0.8777615258100844
8,14,Avellaneda,Bogota,2025,5,29,1.5045881084433805,0.35422076831692134
8,14,Quito,Bogota,2025,5,29,1.8950422306003685,1.1288106219146516
8,14,La Boca,Bogota,2025,5,29,1.8290080953201602,1.0264323892366751
8,14,Porto Alegre,Bogota,2025,5,29,1.9766682178147335,0.8256755353971482
8,14,Montevideo,Bogota,2025,5,29,1.5715963894045861,-0.022298810640359944
8,14,Santos,Bogota,2025,5,29,2.330433212293818,0.6865724440834118
8,14,Asuncion,Rio de Janeiro,2025,5,29,1.466870595929012,-0.07861286967670103
8,14,Medellin,Rio de Janeiro,2025,5,29,0.5074735243289161,0.15643843398652707
8,14,Sao Paulo,Rio de Janeiro,2025,5,29,1.8946161036536826,0.488424717845614
8,14,La Plata,Rio de Janeiro,2025,5,29,1.9060097550261357,0.4789187352273565
8,14,Santiago,Rio de Janeiro,2025,5,29,1.092037662450078,0.5040654998081426
8,14,Buenos Aires,Rio de Janeiro,2025,5,29,1.747420565157093,0.4576065280401788
8,14,Avellaneda,Rio de Janeiro,2025,5,29,2.014687065760891,0.10485917930090029
8,14,Quito,Rio de Janeiro,2025,5,29,2.311144253405869,0.7297351674817674
8,14,La Boca,Rio de Janeiro,2025,5,29,1.3907640728828117,0.3876705343973323
8,14,Porto Alegre,Rio de Janeiro,2025,5,29,1.6882510669508484,0.41196020892058044
8,14,Montevideo,Rio de Janeiro,2025,5,29,1.695166477443888,-0.10856772513784944
8,14,Santos,Rio de Janeiro,2025,5,29,1.326793228833397,0.3920918829188309
8,14,Medellin,Asuncion,2025,5,29,0.19463124302262366,1.6756603287804384
8,14,Sao Paulo,Asuncion,2025,5,29,1.7987798864952518,1.5114206276389055
8,14,La Plata,Asuncion,2025,5,29,1.6281861394281736,0.5259480254197229
8,14,Santiago,Asuncion,2025,5,29,0.41281781521215205,0.23748875393206365
8,14,Buenos Aires,Asuncion,2025,5,29,1.839858782392021,1.1253417363425076
8,14,Avellaneda,Asuncion,2025,5,29,2.8850583613833964,2.156720549672554
8,14,Quito,Asuncion,2025,5,29,1.0816273416259317,1.351973835155626
8,14,La Boca,Asuncion,2025,5,29,0.4369912507415511,1.7859121406538687
8,14,Porto Alegre,Asuncion,2025,5,29,1.588621495675869,1.357398698496181
8,14,Montevideo,Asuncion,2025,5,29,1.3778843867828356,1.6827077228954814
8,14,Santos,Asuncion,2025,5,29,0.4133229595878413,0.8972916543675515
8,14,Sao Paulo,Medellin,2025,5,29,1.827715499527331,0.5920089618051511
8,14,La Plata,Medellin,2025,5,29,1.5459240467151287,0.7668280473520412
8,14,Santiago,Medellin,2025,5,29,0.497985484375406,0.6455471736118354
8,14,Buenos Aires,Medellin,2025,5,29,1.9068919728435352,0.823626352078066
8,14,Avellaneda,Medellin,2025,5,29,2.3328761175895067,0.3307219853938642
8,14,Quito,Medellin,2025,5,29,0.588795316505063,0.8975325033581577
8,14,La Boca,Medellin,2025,5,29,0.13963656879496333,1.3650050464717083
8,14,Porto Alegre,Medellin,2025,5,29,1.9225711961320504,0.7899304649856831
8,14,Montevideo,Medellin,2025,5,29,1.8021828177537638,0.08950525386831813
8,14,Santos,Medellin,2025,5,29,0.25087354757165425,0.8210100826465069
8,14,La Plata,Sao Paulo,2025,5,29,0.8779954109354939,0.8577014562695289
8,14,Santiago,Sao Paulo,2025,5,29,0.4074219159279264,0.4063333883431168
8,14,Buenos Aires,Sao Paulo,2025,5,29,1.1648035971809014,1.1753269491835467
8,14,Avellaneda,Sao Paulo,2025,5,29,0.6401900422447694,1.4705812488568384
8,14,Quito,Sao Paulo,2025,5,29,0.4269287977516465,1.130396993939026
8,14,La Boca,Sao Paulo,2025,5,29,0.5267788256830788,0.36511639361805515
8,14,Porto Alegre,Sao Paulo,2025,5,29,0.9335474400711358,1.1443250757460603
8,14,Montevideo,Sao Paulo,2025,5,29,0.8213643007508772,0.48319024257741017
8,14,Santos,Sao Paulo,2025,5,29,0.36744668694481314,0.6736144907744824
8,14,Santiago,La Plata,2025,5,29,0.8827539576019167,0.46949004449526416
8,14,Buenos Aires,La Plata,2025,5,29,2.023468124840002,0.4637376247579299
8,14,Avellaneda,La Plata,2025,5,29,1.8680610957252122,0.1508069615784345
8,14,Quito,La Plata,2025,5,29,0.6767567723338348,0.42192429674912413
8,14,La Boca,La Plata,2025,5,29,0.37064408007549127,0.5146782198588135
8,14,Porto Alegre,La Plata,2025,5,29,1.520593296312409,0.3630065261907673
8,14,Montevideo,La Plata,2025,5,29,1.4854758534832444,-0.350227896800261
8,14,Santos,La Plata,2025,5,29,0.529595222532161,0.5403193015311903
8,14,Buenos Aires,Santiago,2025,5,29,1.5114174939114886,1.0591332125222903
8,14,Avellaneda,Santiago,2025,5,29,1.511050252433716,0.6383915519731485
8,14,Quito,Santiago,2025,5,29,1.2060885293629167,0.9222677635290784
8,14,La Boca,Santiago,2025,5,29,1.3139120759971645,0.8759056131444208
8,14,Porto Alegre,Santiago,2025,5,29,1.3439782011762549,1.4859070633151867
8,14,Montevideo,Santiago,2025,5,29,1.1263688628863662,0.3087912936364344
8,14,Santos,Santiago,2025,5,29,2.2112679017548365,0.6424577002716885
8,14,Avellaneda,Buenos Aires,2025,5,29,1.094835325488029,2.0347528699763346
8,14,Quito,Buenos Aires,2025,5,29,1.203551020667865,1.3217855611160956
8,14,La Boca,Buenos Aires,2025,5,29,1.1073552177224926,1.3829750723786558
8,14,Porto Alegre,Buenos Aires,2025,5,29,1.3083347551025686,1.4650312763469149
8,14,Montevideo,Buenos Aires,2025,5,29,0.7808343739043476,1.3675562427239314
8,14,Santos,Buenos Aires,2025,5,29,2.107268030251655,1.2366300400894612
8,14,Quito,Avellaneda,2025,5,29,0.7980437634868899,0.4758870576184478
8,14,La Boca,Avellaneda,2025,5,29,0.6512582699233729,0.8287087357989713
8,14,Porto Alegre,Avellaneda,2025,5,29,1.1291678996489023,1.0287203286308548
8,14,Montevideo,Avellaneda,2025,5,29,1.3557619608175495,0.4467872052053955
8,14,Santos,Avellaneda,2025,5,29,0.9836668253499061,0.13132245453530245
8,14,La Boca,Quito,2025,5,29,1.714175774154037,0.8426852098019915
8,14,Porto Alegre,Quito,2025,5,29,2.081117769864573,0.7920135219003598
8,14,Montevideo,Quito,2025,5,29,1.6991920085225205,0.058388449551887295
8,14,Santos,Quito,2025,5,29,2.7414860945875943,0.6850241354852774
8,14,Porto Alegre,La Boca,2025,5,29,1.9502649908065475,1.739764594077319
8,14,Montevideo,La Boca,2025,5,29,1.829653565803117,1.176067333717504
8,14,Santos,La Boca,2025,5,29,1.1372256874647066,0.7807804065878868
8,14,Montevideo,Porto Alegre,2025,5,29,1.4415920005949174,-0.17397574793694742
8,14,Santos,Porto Alegre,2025,5,29,0.802726681590076,0.45048604003664916
8,14,Santos,Montevideo,2025,5,29,0.7567421178098368,0.5616557865404075
8,17,Penarol,Itaquera,2025,5,29,0.8806402067654252,0.18657168596193202
8,17,Lima,Itaquera,2025,5,29,1.112135215562082,0.6654007188670196
8,17,Belo Horizonte,Itaquera,2025,5,29,0.9817864793317945,1.2698066250815256
8,17,Guayaquil,Itaquera,2025,5,29,0.8928408901583158,0.7383265349428595
8,17,Agua Branca,Itaquera,2025,5,29,1.0715774455081566,1.3042911106762998
8,17,Bogota,Itaquera,2025,5,29,0.7971731319099191,1.4059364970830928
8,17,Rio de Janeiro,Itaquera,2025,5,29,0.8985862235356477,0.5773611221231945
8,17,Asuncion,Itaquera,2025,5,29,0.4740051152154145,-0.11670851205580929
8,17,Medellin,Itaquera,2025,5,29,0.39836699102816014,0.8276610246032525
8,17,Sao Paulo,Itaquera,2025,5,29,0.7905864412537469,0.37296810583367657
8,17,La Plata,Itaquera,2025,5,29,0.9021586670705777,0.8294196743320329
8,17,Santiago,Itaquera,2025,5,29,0.8399051717134939,0.6528980998643139
8,17,Buenos Aires,Itaquera,2025,5,29,1.031974513773666,0.9468384415197122
8,17,Avellaneda,Itaquera,2025,5,29,0.8823586702628395,0.4075226226219024
8,17,Quito,Itaquera,2025,5,29,1.352733976143766,0.8987213162239421
8,17,La Boca,Itaquera,2025,5,29,0.5187785082637393,0.5828490484061143
8,17,Porto Alegre,Itaquera,2025,5,29,1.874199085195519,0.3586986211472898
8,17,Montevideo,Itaquera,2025,5,29,1.2446261294398093,-0.23700004959831608
8,17,Santos,Itaquera,2025,5,29,0.5784205202242042,0.7090739553501132
8,17,Lima,Penarol,2025,5,29,0.4226706046788951,0.44594204559441997
8,17,Belo Horizonte,Penarol,2025,5,29,0.9387472816524765,2.420654993113384
8,17,Guayaquil,Penarol,2025,5,29,0.7867851406487106,1.381347754830931
8,17,Agua Branca,Penarol,2025,5,29,0.64602349214525,1.6515192623961683
8,17,Bogota,Penarol,2025,5,29,1.3363219210805308,2.0920513117878596
8,17,Rio de Janeiro,Penarol,2025,5,29,1.3122046122721591,1.510381382879825
8,17,Asuncion,Penarol,2025,5,29,1.7469272757226457,0.9419847872984289
8,17,Medellin,Penarol,2025,5,29,0.012377418298550413,2.9872348722817574
8,17,Sao Paulo,Penarol,2025,5,29,1.4868625253544063,1.8483151958192787
8,17,La Plata,Penarol,2025,5,29,1.7589954645487131,0.7026977371289671
8,17,Santiago,Penarol,2025,5,29,1.816226699338083,0.7778078386952227
8,17,Buenos Aires,Penarol,2025,5,29,1.231926853407136,1.995533652636825
8,17,Avellaneda,Penarol,2025,5,29,1.0711578847404206,1.704831427842881
8,17,Quito,Penarol,2025,5,29,1.2309467891785304,1.5631553851418483
8,17,La Boca,Penarol,2025,5,29,0.9260622878655507,1.6363464953009332
8,17,Porto Alegre,Penarol,2025,5,29,1.2989879540680258,1.993443833865584
8,17,Montevideo,Penarol,2025,5,29,0.8855909226777732,1.305586551536571
8,17,Santos,Penarol,2025,5,29,1.3871642976080154,1.2072208801777533
8,17,Belo Horizonte,Lima,2025,5,29,0.10765904815803753,1.3692190029601967
8,17,Guayaquil,Lima,2025,5,29,0.6949561291608626,1.1823289493686295
8,17,Agua Branca,Lima,2025,5,29,0.16908455068678338,0.6763719914436533
8,17,Bogota,Lima,2025,5,29,0.5824539423357535,1.8232119763146144
8,17,Rio de Janeiro,Lima,2025,5,29,0.010782902980903819,1.0378363567906206
8,17,Asuncion,Lima,2025,5,29,0.08803245316697753,0.29336668291127505
8,17,Medellin,Lima,2025,5,29,0.010486648278815914,1.5899426810633746
8,17,Sao Paulo,Lima,2025,5,29,0.6033886820465012,0.9404944367122571
8,17,La Plata,Lima,2025,5,29,0.6159017116579689,0.7283682611640625
8,17,Santiago,Lima,2025,5,29,0.18939699839196192,0.953229207374936
8,17,Buenos Aires,Lima,2025,5,29,0.746852149597197,1.2324396139422027
8,17,Avellaneda,Lima,2025,5,29,0.4402811711173298,0.25921976887199605
8,17,Quito,Lima,2025,5,29,0.12943110705723135,0.8859962015212391
8,17,La Boca,Lima,2025,5,29,-0.025245738119507612,1.0879362958872247
8,17,Porto Alegre,Lima,2025,5,29,0.8160412308524237,1.6718721010200064
8,17,Montevideo,Lima,2025,5,29,0.8214305749977258,0.3466723106715643
8,17,Santos,Lima,2025,5,29,0.10676154664313875,0.9442386639282996
8,17,Guayaquil,Belo Horizonte,2025,5,29,0.18653809732131338,0.5748202621277907
8,17,Agua Branca,Belo Horizonte,2025,5,29,1.2812490864991428,1.2300196475914367
8,17,Bogota,Belo Horizonte,2025,5,29,0.8988198313408935,1.8583828459124714
8,17,Rio de Janeiro,Belo Horizonte,2025,5,29,1.5210890536230455,1.5187014883494938
8,17,Asuncion,Belo Horizonte,2025,5,29,0.8977295713243617,0.6963367204207248
8,17,Medellin,Belo Horizonte,2025,5,29,0.592498769923126,2.1915864898560695
8,17,Sao Paulo,Belo Horizonte,2025,5,29,1.7227314798218745,1.710475813715245
8,17,La Plata,Belo Horizonte,2025,5,29,0.6903675508727228,0.3714571935111811
8,17,Santiago,Belo Horizonte,2025,5,29,0.9185797877352608,0.5314218790574068
8,17,Buenos Aires,Belo Horizonte,2025,5,29,1.089831736516265,1.3046392148159123
8,17,Avellaneda,Belo Horizonte,2025,5,29,0.8962527816213166,1.9702229973034846
8,17,Quito,Belo Horizonte,2025,5,29,1.0208648149563524,1.2949395025439174
8,17,La Boca,Belo Horizonte,2025,5,29,0.5938931414335652,1.9414001515911226
8,17,Porto Alegre,Belo Horizonte,2025,5,29,1.1219390310896284,1.7190759865494123
8,17,Montevideo,Belo Horizonte,2025,5,29,1.479905267565386,1.772081548143342
8,17,Santos,Belo Horizonte,2025,5,29,0.7742806217610013,0.7762904958605112
8,17,Agua Branca,Guayaquil,2025,5,29,2.1170444910587896,1.1659800774506637
8,17,Bogota,Guayaquil,2025,5,29,0.8658466392667485,1.7864621543324575
8,17,Rio de Janeiro,Guayaquil,2025,5,29,1.8223533402319665,1.0495194864846749
8,17,Asuncion,Guayaquil,2025,5,29,1.4361579970478329,0.08462533455099751
8,17,Medellin,Guayaquil,2025,5,29,1.7884572251829693,1.0572411212782833
8,17,Sao Paulo,Guayaquil,2025,5,29,1.9930927913769492,0.6544509738674726
8,17,La Plata,Guayaquil,2025,5,29,1.6039153924518683,0.8632480779807817
8,17,Santiago,Guayaquil,2025,5,29,1.5711404711648351,0.6859774459898315
8,17,Buenos Aires,Guayaquil,2025,5,29,1.614373320807636,0.9582031745313251
8,17,Avellaneda,Guayaquil,2025,5,29,1.1959289459009281,0.6605762517418023
8,17,Quito,Guayaquil,2025,5,29,1.325186697165575,1.3880631343642749
8,17,La Boca,Guayaquil,2025,5,29,0.9615283711509476,0.7828039270310795
8,17,Porto Alegre,Guayaquil,2025,5,29,1.3642286839123952,0.7141399818470285
8,17,Montevideo,Guayaquil,2025,5,29,1.350215171590359,-0.0684459011162
8,17,Santos,Guayaquil,2025,5,29,1.9172537464983077,0.6232548935296882
8,17,Bogota,Agua Branca,2025,5,29,1.7720203496784745,1.4527016419658703
8,17,Rio de Janeiro,Agua Branca,2025,5,29,1.444647284774735,0.7613519225141379
8,17,Asuncion,Agua Branca,2025,5,29,1.7153793034633265,0.3439266994686779
8,17,Medellin,Agua Branca,2025,5,29,0.8053667539704413,1.7543505194680578
8,17,Sao Paulo,Agua Branca,2025,5,29,1.6446043604161988,1.26380221439606
8,17,La Plata,Agua Branca,2025,5,29,1.5831467413945162,0.6458572627763872
8,17,Santiago,Agua Branca,2025,5,29,1.609970943394173,0.9816001632589243
8,17,Buenos Aires,Agua Branca,2025,5,29,1.2514881290985607,0.8041579427765865
8,17,Avellaneda,Agua Branca,2025,5,29,2.045425039134397,0.5895973076639685
8,17,Quito,Agua Branca,2025,5,29,1.364887508476232,0.6733463632362126
8,17,La Boca,Agua Branca,2025,5,29,1.4744759772558031,1.3023219635588004
8,17,Porto Alegre,Agua Branca,2025,5,29,1.6627262705602461,0.9847757554195234
8,17,Montevideo,Agua Branca,2025,5,29,1.483593727934828,0.16036853939431245
8,17,Santos,Agua Branca,2025,5,29,1.114277948293171,1.1352528141820108
8,17,Rio de Janeiro,Bogota,2025,5,29,1.623681254189849,1.6098072997594737
8,17,Asuncion,Bogota,2025,5,29,2.0684578825441466,0.11555665333990515
8,17,Medellin,Bogota,2025,5,29,1.7553482082983674,0.9309508720544264
8,17,Sao Paulo,Bogota,2025,5,29,1.7767875395858939,1.0865840082900817
8,17,La Plata,Bogota,2025,5,29,2.0353127039613597,0.994250957182733
8,17,Santiago,Bogota,2025,5,29,2.3017200293004154,0.8577070149268473
8,17,Buenos Aires,Bogota,2025,5,29,1.5101249129167433,1.1961212376454242
8,17,Avellaneda,Bogota,2025,5,29,1.9175224729752627,0.6385947974573211
8,17,Quito,Bogota,2025,5,29,1.951353061161877,1.2972179744080885
8,17,La Boca,Bogota,2025,5,29,2.060160514040882,1.1384607654582373
8,17,Porto Alegre,Bogota,2025,5,29,1.9795290963116166,1.1441460522183233
8,17,Montevideo,Bogota,2025,5,29,1.3208523836966102,0.010218643068882548
8,17,Santos,Bogota,2025,5,29,1.926822064108776,0.8291613524007518
8,17,Asuncion,Rio de Janeiro,2025,5,29,1.3190102870693012,0.16111593457760315
8,17,Medellin,Rio de Janeiro,2025,5,29,0.43643533428589787,0.35117754262125933
8,17,Sao Paulo,Rio de Janeiro,2025,5,29,1.931957573516552,0.8069138955976877
8,17,La Plata,Rio de Janeiro,2025,5,29,1.8607071523738614,0.5470276182615679
8,17,Santiago,Rio de Janeiro,2025,5,29,1.1512815309366755,0.8652996068178018
8,17,Buenos Aires,Rio de Janeiro,2025,5,29,1.8845510791855085,0.6200360702617269
8,17,Avellaneda,Rio de Janeiro,2025,5,29,1.9134180129884804,0.3652559446424677
8,17,Quito,Rio de Janeiro,2025,5,29,2.2360656015654077,0.8444008607493011
8,17,La Boca,Rio de Janeiro,2025,5,29,1.20341361738702,0.4468327967957493
8,17,Porto Alegre,Rio de Janeiro,2025,5,29,1.573754108028873,0.7418522610697492
8,17,Montevideo,Rio de Janeiro,2025,5,29,1.5355907637258484,0.08573667972328022
8,17,Santos,Rio de Janeiro,2025,5,29,1.4013440762864906,0.48460312239855624
8,17,Medellin,Asuncion,2025,5,29,0.17762612228854807,2.0603771923640455
8,17,Sao Paulo,Asuncion,2025,5,29,1.8328650391869168,1.7935787436690993
8,17,La Plata,Asuncion,2025,5,29,1.653489041608495,0.5417720887309037
8,17,Santiago,Asuncion,2025,5,29,0.4180922743745378,0.30013647312793834
8,17,Buenos Aires,Asuncion,2025,5,29,1.9716398064137106,1.4827906752661326
8,17,Avellaneda,Asuncion,2025,5,29,2.78627612309938,2.4344978854054244
8,17,Quito,Asuncion,2025,5,29,0.9842331226022185,1.523125110436338
8,17,La Boca,Asuncion,2025,5,29,0.4369912507415511,1.906477786440115
8,17,Porto Alegre,Asuncion,2025,5,29,1.4799751701546393,1.5792649295706265
8,17,Montevideo,Asuncion,2025,5,29,1.2829815124756396,1.7655844909569283
8,17,Santos,Asuncion,2025,5,29,0.5529402881046515,0.9703666930167203
8,17,Sao Paulo,Medellin,2025,5,29,1.7283414475053234,0.9937120148002042
8,17,La Plata,Medellin,2025,5,29,1.4465300899272748,0.8587588678930684
8,17,Santiago,Medellin,2025,5,29,0.46667593229791726,1.0726120019298007
8,17,Buenos Aires,Medellin,2025,5,29,1.9040410094082563,1.0144625237026264
8,17,Avellaneda,Medellin,2025,5,29,2.2361102667782498,0.439857004164276
8,17,Quito,Medellin,2025,5,29,0.4844771282122551,1.0154775621517222
8,17,La Boca,Medellin,2025,5,29,0.13408355435428201,1.4573710506840285
8,17,Porto Alegre,Medellin,2025,5,29,1.7906460595914433,1.2065666768220626
8,17,Montevideo,Medellin,2025,5,29,1.6752909664965618,0.1037039610205941
8,17,Santos,Medellin,2025,5,29,0.2480225841363755,1.2224271873235844
8,17,La Plata,Sao Paulo,2025,5,29,1.0024688407038673,0.9714312087832093
8,17,Santiago,Sao Paulo,2025,5,29,0.3861712635683816,0.5673608111401519
8,17,Buenos Aires,Sao Paulo,2025,5,29,1.321628901807839,1.537900482612077
8,17,Avellaneda,Sao Paulo,2025,5,29,0.6599904333711146,1.722362095060793
8,17,Quito,Sao Paulo,2025,5,29,0.425448789144781,1.3604911391774104
8,17,La Boca,Sao Paulo,2025,5,29,0.5464736162816012,0.4297467820278339
8,17,Porto Alegre,Sao Paulo,2025,5,29,0.8996397034515493,1.351549676135108
8,17,Montevideo,Sao Paulo,2025,5,29,0.7925190885236241,0.543867931717821
8,17,Santos,Sao Paulo,2025,5,29,0.5111752414888964,0.7256313329920534
8,17,Santiago,La Plata,2025,5,29,0.7953834370038045,0.7814495603128808
8,17,Buenos Aires,La Plata,2025,5,29,2.1278186027890302,0.5791068885220575
8,17,Avellaneda,La Plata,2025,5,29,1.7490427733016503,0.21921693074147494
8,17,Quito,La Plata,2025,5,29,0.5220118839240956,0.49519160666594836
8,17,La Boca,La Plata,2025,5,29,0.33245195925380644,0.5266905171855684
8,17,Porto Alegre,La Plata,2025,5,29,1.38888753897049,0.7104337434347148
8,17,Montevideo,La Plata,2025,5,29,1.3372829888826714,-0.35048650845344625
8,17,Santos,La Plata,2025,5,29,0.6554632543262993,0.859214281679767
8,17,Buenos Aires,Santiago,2025,5,29,1.551948201151938,1.2487979845878447
8,17,Avellaneda,Santiago,2025,5,29,1.962872299957733,0.6595837026625729
8,17,Quito,Santiago,2025,5,29,1.3645238677030498,1.0478646529692859
8,17,La Boca,Santiago,2025,5,29,1.6151557761771596,0.8997199475798635
8,17,Porto Alegre,Santiago,2025,5,29,1.3273883167550646,1.6187422470263102
8,17,Montevideo,Santiago,2025,5,29,1.0757083008817006,0.2723188046785432
8,17,Santos,Santiago,2025,5,29,1.5359033898759673,0.7513105066583466
8,17,Avellaneda,Buenos Aires,2025,5,29,1.2475569499850276,2.122365819685537
8,17,Quito,Buenos Aires,2025,5,29,1.3614297452639461,1.4773979482820125
8,17,La Boca,Buenos Aires,2025,5,29,1.0366598597365853,1.4587539451180944
8,17,Porto Alegre,Buenos Aires,2025,5,29,1.2635813086895267,1.5052591938961846
8,17,Montevideo,Buenos Aires,2025,5,29,0.7129397154817517,1.445624511343528
8,17,Santos,Buenos Aires,2025,5,29,1.5456320970255046,1.2954530013542154
8,17,Quito,Avellaneda,2025,5,29,0.6916591998142586,0.6711240512570855
8,17,La Boca,Avellaneda,2025,5,29,0.4583547999869001,1.0077743243226411
8,17,Porto Alegre,Avellaneda,2025,5,29,1.0938550610499176,1.3496154149288173
8,17,Montevideo,Avellaneda,2025,5,29,1.0880217071456622,0.5671305174240995
8,17,Santos,Avellaneda,2025,5,29,0.8576186688033096,0.2200274543420074
8,17,La Boca,Quito,2025,5,29,1.9662850183056049,0.9006044331336531
8,17,Porto Alegre,Quito,2025,5,29,2.087598185681858,1.4847625261032285
8,17,Montevideo,Quito,2025,5,29,1.5355968702211376,0.24825115048497484
8,17,Santos,Quito,2025,5,29,2.062106605082223,1.016640135873679
8,17,Porto Alegre,La Boca,2025,5,29,1.8320290888455215,1.9853604647002514
8,17,Montevideo,La Boca,2025,5,29,1.6711596888109472,1.1561936015332817
8,17,Santos,La Boca,2025,5,29,1.0810023167776397,0.8931563846433516
8,17,Montevideo,Porto Alegre,2025,5,29,1.273761678616444,-0.06917703363944416
8,17,Santos,Porto Alegre,2025,5,29,0.9023730006901354,0.5686825913004087
8,17,Santos,Montevideo,2025,5,29,0.7685409726333887,0.9654713901304972
8,20,Penarol,Itaquera,2025,5,29,0.9037042173669788,0.17835224109479642
8,20,Lima,Itaquera,2025,5,29,1.1074160846543422,0.6269775719562092
8,20,Belo Horizonte,Itaquera,2025,5,29,0.9801638786183674,1.1406683788973273
8,20,Guayaquil,Itaquera,2025,5,29,0.9042099670959035,0.6566388872736357
8,20,Agua Branca,Itaquera,2025,5,29,1.095160370087308,1.3793516611736418
8,20,Bogota,Itaquera,2025,5,29,0.8087512279918073,1.2933649376341652
8,20,Rio de Janeiro,Itaquera,2025,5,29,0.90814789131741,0.33142254379986785
8,20,Asuncion,Itaquera,2025,5,29,0.49828693254702106,-0.11913739373332667
8,20,Medellin,Itaquera,2025,5,29,0.4348019246782465,0.7657610848453509
8,20,Sao Paulo,Itaquera,2025,5,29,0.7970515788411964,0.3169997058085917
8,20,La Plata,Itaquera,2025,5,29,0.9171349393712547,0.8012025344542799
8,20,Santiago,Itaquera,2025,5,29,0.8621705607449743,0.7177348637710186
8,20,Buenos Aires,Itaquera,2025,5,29,1.0280540044359991,0.9086378218227934
8,20,Avellaneda,Itaquera,2025,5,29,0.9043108880165657,0.39248175686485515
8,20,Quito,Itaquera,2025,5,29,1.3630942654956015,0.9699533530667843
8,20,La Boca,Itaquera,2025,5,29,0.5573411242848478,0.3790635401532556
8,20,Porto Alegre,Itaquera,2025,5,29,1.8718955930600987,0.13280467075081645
8,20,Montevideo,Itaquera,2025,5,29,1.2707866702356758,-0.236223349107957
8,20,Santos,Itaquera,2025,5,29,0.575768340364403,0.6714959718087729
8,20,Lima,Penarol,2025,5,29,0.36490891733298614,0.4151714003009798
8,20,Belo Horizonte,Penarol,2025,5,29,0.889782189230667,1.6390211725346004
8,20,Guayaquil,Penarol,2025,5,29,0.6320076413464598,0.7913161383937887
8,20,Agua Branca,Penarol,2025,5,29,0.7308254034274406,1.083133557464866
8,20,Bogota,Penarol,2025,5,29,1.282931326017319,1.5051471968677645
8,20,Rio de Janeiro,Penarol,2025,5,29,1.2898199698610067,0.9801448016614407
8,20,Asuncion,Penarol,2025,5,29,1.7100055038904796,0.8901505800589463
8,20,Medellin,Penarol,2025,5,29,0.13812556319785074,2.005515209732521
8,20,Sao Paulo,Penarol,2025,5,29,1.5811085484177176,1.0189463630331066
8,20,La Plata,Penarol,2025,5,29,1.7346485680226706,0.5296583004770065
8,20,Santiago,Penarol,2025,5,29,1.6924736419694815,0.595984940836852
8,20,Buenos Aires,Penarol,2025,5,29,1.3085091180526893,1.314104406816127
8,20,Avellaneda,Penarol,2025,5,29,1.0124509126176446,0.7279076655043455
8,20,Quito,Penarol,2025,5,29,1.1550472298037677,0.9356657011673778
8,20,La Boca,Penarol,2025,5,29,0.897569301359634,1.175831925756058
8,20,Porto Alegre,Penarol,2025,5,29,1.1689516408945646,1.4274657022061497
8,20,Montevideo,Penarol,2025,5,29,0.8980288213803873,0.7663589798482784
8,20,Santos,Penarol,2025,5,29,1.4257474330588993,1.0293271244340099
8,20,Belo Horizonte,Lima,2025,5,29,0.13866787152325397,1.2436797269306874
8,20,Guayaquil,Lima,2025,5,29,0.7299871406218256,0.9905079662994456
8,20,Agua Branca,Lima,2025,5,29,0.18026881918197277,0.5650589304769
8,20,Bogota,Lima,2025,5,29,0.6124939178776795,1.7998126936788508
8,20,Rio de Janeiro,Lima,2025,5,29,0.025063701670406075,0.9992431533351968
8,20,Asuncion,Lima,2025,5,29,0.10367795780632175,0.2646292900393465
8,20,Medellin,Lima,2025,5,29,0.028903307277144227,1.337452492746469
8,20,Sao Paulo,Lima,2025,5,29,0.6145729505416907,0.8211823428011888
8,20,La Plata,Lima,2025,5,29,0.6356125943149165,0.7082636423590526
8,20,Santiago,Lima,2025,5,29,0.2005812668871513,0.9086541420953077
8,20,Buenos Aires,Lima,2025,5,29,0.746852149597197,1.1158406935437015
8,20,Avellaneda,Lima,2025,5,29,0.46807979207515393,0.004185883196509789
8,20,Quito,Lima,2025,5,29,0.17162419891763722,0.7704995071537178
8,20,La Boca,Lima,2025,5,29,0.015978505917607837,1.0659704355648443
8,20,Porto Alegre,Lima,2025,5,29,0.8406511224269045,1.6281521078231225
8,20,Montevideo,Lima,2025,5,29,0.8357113736872281,0.2684580063681578
8,20,Santos,Lima,2025,5,29,0.14895463850354446,0.8071715091506918
8,20,Guayaquil,Belo Horizonte,2025,5,29,0.17822367967464475,0.12276360057888591
8,20,Agua Branca,Belo Horizonte,2025,5,29,1.3312694523718736,0.8926181267391425
8,20,Bogota,Belo Horizonte,2025,5,29,0.9454763875071501,1.3206680289248471
8,20,Rio de Janeiro,Belo Horizonte,2025,5,29,1.5976713182685989,0.9909752312441971
8,20,Asuncion,Belo Horizonte,2025,5,29,0.9918112461676142,0.6406082831043438
8,20,Medellin,Belo Horizonte,2025,5,29,0.6763134250718184,1.4300990453315563
8,20,Sao Paulo,Belo Horizonte,2025,5,29,1.7993137444674279,1.0955748140806025
8,20,La Plata,Belo Horizonte,2025,5,29,0.8088765406391741,0.3474333215355422
8,20,Santiago,Belo Horizonte,2025,5,29,0.9129805258956409,0.5069302485828467
8,20,Buenos Aires,Belo Horizonte,2025,5,29,1.1664140011618187,0.9034950794374854
8,20,Avellaneda,Belo Horizonte,2025,5,29,0.9591421436754173,1.1850689639387957
8,20,Quito,Belo Horizonte,2025,5,29,1.048777108127256,0.854431755967511
8,20,La Boca,Belo Horizonte,2025,5,29,0.6208365867811781,1.5584735248595845
8,20,Porto Alegre,Belo Horizonte,2025,5,29,1.132268123974607,1.1813818712972879
8,20,Montevideo,Belo Horizonte,2025,5,29,1.5299256334381168,1.258707344587896
8,20,Santos,Belo Horizonte,2025,5,29,0.8522132808046358,0.6459786814525033
8,20,Agua Branca,Guayaquil,2025,5,29,2.1144223208915025,1.2403428556436993
8,20,Bogota,Guayaquil,2025,5,29,0.965043344440478,1.7213368701560183
8,20,Rio de Janeiro,Guayaquil,2025,5,29,1.7931141060802065,0.8455285341532086
8,20,Asuncion,Guayaquil,2025,5,29,1.492036728305267,0.07816226355793073
8,20,Medellin,Guayaquil,2025,5,29,1.8252489628594395,0.9587940860746053
8,20,Sao Paulo,Guayaquil,2025,5,29,2.0157149844348137,0.5988015469135181
8,20,La Plata,Guayaquil,2025,5,29,1.609271889561169,0.8345772455338065
8,20,Santiago,Guayaquil,2025,5,29,1.544550456540452,0.7560592346341449
8,20,Buenos Aires,Guayaquil,2025,5,29,1.6362160886727188,0.9308496495507699
8,20,Avellaneda,Guayaquil,2025,5,29,1.2659458393727754,0.6373586132591023
8,20,Quito,Guayaquil,2025,5,29,1.3401520551621988,1.4513140631561745
8,20,La Boca,Guayaquil,2025,5,29,1.0015462047863382,0.6536075848922552
8,20,Porto Alegre,Guayaquil,2025,5,29,1.314114329505896,0.5322874812987596
8,20,Montevideo,Guayaquil,2025,5,29,1.3054599985638629,-0.06766920062584093
8,20,Santos,Guayaquil,2025,5,29,1.9257582039503502,0.5858900499284878
8,20,Bogota,Agua Branca,2025,5,29,1.7129132789004167,1.2523109137605997
8,20,Rio de Janeiro,Agua Branca,2025,5,29,1.3586766638579164,0.4911822690552311
8,20,Asuncion,Agua Branca,2025,5,29,1.6656325780442744,0.31643508572035073
8,20,Medellin,Agua Branca,2025,5,29,0.8267574058854104,1.4885928522007386
8,20,Sao Paulo,Agua Branca,2025,5,29,1.7579898147063469,1.0639167156099265
8,20,La Plata,Agua Branca,2025,5,29,1.5307382748215175,0.5934090477630539
8,20,Santiago,Agua Branca,2025,5,29,1.5203191139720462,0.9589414004799676
8,20,Buenos Aires,Agua Branca,2025,5,29,1.2522867506686337,0.6509373020883301
8,20,Avellaneda,Agua Branca,2025,5,29,1.80757889780033,0.4090630832300909
8,20,Quito,Agua Branca,2025,5,29,1.4037299864864181,0.6347726883551753
8,20,La Boca,Agua Branca,2025,5,29,1.505025810958155,1.0503589442295214
8,20,Porto Alegre,Agua Branca,2025,5,29,1.5497730183975569,0.7615879146838774
8,20,Montevideo,Agua Branca,2025,5,29,1.4413526949904163,0.04113543471906171
8,20,Santos,Agua Branca,2025,5,29,1.1404984429965352,1.0741105880144535
8,20,Rio de Janeiro,Bogota,2025,5,29,1.5422667503103384,1.328003199170754
8,20,Asuncion,Bogota,2025,5,29,2.0528013770155824,0.10612560279671318
8,20,Medellin,Bogota,2025,5,29,1.7789666372262731,0.5942392324236996
8,20,Sao Paulo,Bogota,2025,5,29,1.7601422739712227,0.8334798245243221
8,20,La Plata,Bogota,2025,5,29,1.9857359177533844,0.9256041423231501
8,20,Santiago,Bogota,2025,5,29,2.1746593797159677,0.8720374100207064
8,20,Buenos Aires,Bogota,2025,5,29,1.5054057820090034,1.004862227376222
8,20,Avellaneda,Bogota,2025,5,29,1.9030737038628536,0.47743349434224547
8,20,Quito,Bogota,2025,5,29,1.8611999442310858,1.3129297078306208
8,20,La Boca,Bogota,2025,5,29,2.0149736376875875,1.0069554141547539
8,20,Porto Alegre,Bogota,2025,5,29,1.908574136743987,0.8834483677408379
8,20,Montevideo,Bogota,2025,5,29,1.3152530779800256,-0.033789073297518096
8,20,Santos,Bogota,2025,5,29,1.907682844797956,0.7223720377130666
8,20,Asuncion,Rio de Janeiro,2025,5,29,1.4460235511289241,0.14107836555467781
8,20,Medellin,Rio de Janeiro,2025,5,29,0.49898980456390335,0.29811716550569006
8,20,Sao Paulo,Rio de Janeiro,2025,5,29,2.0202715450699986,0.7370474740876217
8,20,La Plata,Rio de Janeiro,2025,5,29,1.9528576816833674,0.5064519779309643
8,20,Santiago,Rio de Janeiro,2025,5,29,1.1847912257903672,0.9260051471095057
8,20,Buenos Aires,Rio de Janeiro,2025,5,29,1.8845510791855085,0.5839054964099143
8,20,Avellaneda,Rio de Janeiro,2025,5,29,1.8261358036387663,0.3333400143416183
8,20,Quito,Rio de Janeiro,2025,5,29,2.3374109259018616,0.9013162027287214
8,20,La Boca,Rio de Janeiro,2025,5,29,1.3415921528958978,0.23891606492788947
8,20,Porto Alegre,Rio de Janeiro,2025,5,29,1.5792305074196789,0.5305915385062006
8,20,Montevideo,Rio de Janeiro,2025,5,29,1.569860886726387,0.07280897115470007
8,20,Santos,Rio de Janeiro,2025,5,29,1.4060410504845149,0.4447722330374126
8,20,Medellin,Asuncion,2025,5,29,0.18870724282483914,1.3048925181955133
8,20,Sao Paulo,Asuncion,2025,5,29,1.9205636336742784,1.1582991064589065
8,20,La Plata,Asuncion,2025,5,29,1.7448155917746473,0.4977183688655608
8,20,Santiago,Asuncion,2025,5,29,0.42917339491082873,0.2749199871652351
8,20,Buenos Aires,Asuncion,2025,5,29,1.9653811199761704,0.9648669803941923
8,20,Avellaneda,Asuncion,2025,5,29,2.6547529545110904,1.5161666549725585
8,20,Quito,Asuncion,2025,5,29,1.0597594213243393,0.9713526658922063
8,20,La Boca,Asuncion,2025,5,29,0.5459248039671294,1.5223538068684812
8,20,Porto Alegre,Asuncion,2025,5,29,1.4791511910112853,1.0734144131565009
8,20,Montevideo,Asuncion,2025,5,29,1.2979577847763166,1.252485032168716
8,20,Santos,Asuncion,2025,5,29,0.5521163089612975,0.7292153423051152
8,20,Sao Paulo,Medellin,2025,5,29,1.8327228665883957,0.9201123051002132
8,20,La Plata,Medellin,2025,5,29,1.5329431515883294,0.803767391433551
8,20,Santiago,Medellin,2025,5,29,0.4843853757075779,1.1433060763785976
8,20,Buenos Aires,Medellin,2025,5,29,1.9017028323083829,0.9876768599972972
8,20,Avellaneda,Medellin,2025,5,29,2.1378842752483074,0.41948503427400685
8,20,Quito,Medellin,2025,5,29,0.5998975739912392,1.0860308371776153
8,20,La Boca,Medellin,2025,5,29,0.2604156020250043,1.3020126577679216
8,20,Porto Alegre,Medellin,2025,5,29,1.812912452411809,1.0614631619997303
8,20,Montevideo,Medellin,2025,5,29,1.6799236663246961,0.10193740006476905
8,20,Santos,Medellin,2025,5,29,0.29364432071693974,1.1661757740961616
8,20,La Plata,Sao Paulo,2025,5,29,1.0143640622587617,0.8126004051002219
8,20,Santiago,Sao Paulo,2025,5,29,0.3879773075751129,0.4213792679306924
8,20,Buenos Aires,Sao Paulo,2025,5,29,1.3169097709000992,0.9609943354402724
8,20,Avellaneda,Sao Paulo,2025,5,29,0.6718856549260093,0.8552336226943296
8,20,Quito,Sao Paulo,2025,5,29,0.44386918561414695,0.8459125870640029
8,20,La Boca,Sao Paulo,2025,5,29,0.558368837836496,0.009412228209910597
8,20,Porto Alegre,Sao Paulo,2025,5,29,0.8884332782466439,0.7814513362659387
8,20,Montevideo,Sao Paulo,2025,5,29,0.7877999576158841,0.12177671379362671
8,20,Santos,Sao Paulo,2025,5,29,0.5165831687466257,0.5940821033176347
8,20,Santiago,La Plata,2025,5,29,0.8422976876055893,0.7167440510270847
8,20,Buenos Aires,La Plata,2025,5,29,2.149661370654113,0.5303962574486851
8,20,Avellaneda,La Plata,2025,5,29,1.7895968543698202,0.2008394984204075
8,20,Quito,La Plata,2025,5,29,0.5483015763815721,0.43849844184129894
8,20,La Boca,La Plata,2025,5,29,0.3577728038879926,0.3581304784386191
8,20,Porto Alegre,La Plata,2025,5,29,1.3866785226708576,0.5080541904562093
8,20,Montevideo,La Plata,2025,5,29,1.3356603881692444,-0.3581490552453091
8,20,Santos,La Plata,2025,5,29,0.6687404775721392,0.7812066231565962
8,20,Buenos Aires,Santiago,2025,5,29,1.5761719228248874,0.9462922765337143
8,20,Avellaneda,Santiago,2025,5,29,1.9612337336377594,0.2277184901296527
8,20,Quito,Santiago,2025,5,29,1.3264385869120583,0.7172719965998515
8,20,La Boca,Santiago,2025,5,29,1.6037536778503607,0.6542020064266373
8,20,Porto Alegre,Santiago,2025,5,29,1.2994255388373879,1.3561680329012342
8,20,Montevideo,Santiago,2025,5,29,1.1314519078344754,0.03029602332459713
8,20,Santos,Santiago,2025,5,29,1.5680073041882099,0.7192913868314976
8,20,Avellaneda,Buenos Aires,2025,5,29,1.1751465703928552,1.4563967940644882
8,20,Quito,Buenos Aires,2025,5,29,1.324277056478529,1.0783562911011904
8,20,La Boca,Buenos Aires,2025,5,29,0.9985383231278779,1.2628112368688413
8,20,Porto Alegre,Buenos Aires,2025,5,29,1.2088454196181844,1.2812864158293185
8,20,Montevideo,Buenos Aires,2025,5,29,0.7272205141712541,1.1273966353268379
8,20,Santos,Buenos Aires,2025,5,29,1.5859542064046397,1.1363231358919204
8,20,Quito,Avellaneda,2025,5,29,0.6357889968237531,0.5173208710337789
8,20,La Boca,Avellaneda,2025,5,29,0.4467747825200142,0.7169819259663127
8,20,Porto Alegre,Avellaneda,2025,5,29,1.0431599199751898,0.9331128598513372
8,20,Montevideo,Avellaneda,2025,5,29,1.1372783326071918,0.2983098558369308
8,20,Santos,Avellaneda,2025,5,29,0.8662107947657197,0.17965216215693924
8,20,La Boca,Quito,2025,5,29,1.9352485515494402,0.7848659043829717
8,20,Porto Alegre,Quito,2025,5,29,1.9595165128857928,1.223740663151748
8,20,Montevideo,Quito,2025,5,29,1.5012865789760879,0.15767834572871794
8,20,Santos,Quito,2025,5,29,2.0355645968275193,0.9889934677150759
8,20,Porto Alegre,La Boca,2025,5,29,1.8239191938349293,1.4192850391987486
8,20,Montevideo,La Boca,2025,5,29,1.6853373395415512,0.7765336122023836
8,20,Santos,La Boca,2025,5,29,1.0728924217670477,0.6267995624291121
8,20,Montevideo,Porto Alegre,2025,5,29,1.2690425477087042,-0.06840033314908509
8,20,Santos,Porto Alegre,2025,5,29,0.9125536937416623,0.5051255180781808
8,20,Santos,Montevideo,2025,5,29,0.7764481492388051,0.9090530952682375
8,23,Penarol,Itaquera,2025,5,29,0.9644208322931672,0.3070783002317474
8,23,Lima,Itaquera,2025,5,29,1.1534431304193284,0.7186487964231523
8,23,Belo Horizonte,Itaquera,2025,5,29,0.9901657335141764,1.1780363765996864
8,23,Guayaquil,Itaquera,2025,5,29,0.9209813954304166,0.7623552152551278
8,23,Agua Branca,Itaquera,2025,5,29,1.2011693248311648,1.5187167432721396
8,23,Bogota,Itaquera,2025,5,29,0.9009652900242844,1.3132275056372795
8,23,Rio de Janeiro,Itaquera,2025,5,29,0.9237740264150601,0.47721170177342265
8,23,Asuncion,Itaquera,2025,5,29,0.5203797789616652,-0.03646232240303561
8,23,Medellin,Itaquera,2025,5,29,0.44893154833981747,0.7630404795446891
8,23,Sao Paulo,Itaquera,2025,5,29,0.8748134561467599,0.38300541991196546
8,23,La Plata,Itaquera,2025,5,29,0.9340985391123671,0.9076628958194696
8,23,Santiago,Itaquera,2025,5,29,0.9005825357479839,0.7496695362151962
8,23,Buenos Aires,Itaquera,2025,5,29,1.1121065995748798,0.9961528435136232
8,23,Avellaneda,Itaquera,2025,5,29,0.9786955957031065,0.5090037611340401
8,23,Quito,Itaquera,2025,5,29,1.4803661421399474,1.0401209148637933
8,23,La Boca,Itaquera,2025,5,29,0.5636339945061083,0.48136205382481073
8,23,Porto Alegre,Itaquera,2025,5,29,1.9915501698551836,0.2057408558402674
8,23,Montevideo,Itaquera,2025,5,29,1.389037321967348,-0.14078737241465256
8,23,Santos,Itaquera,2025,5,29,0.5764695078636769,0.7994758763413747
8,23,Lima,Penarol,2025,5,29,0.3197588174068993,0.398849203160589
8,23,Belo Horizonte,Penarol,2025,5,29,0.8902787415019376,1.3286041586813255
8,23,Guayaquil,Penarol,2025,5,29,0.5778517568120444,0.9358788722174641
8,23,Agua Branca,Penarol,2025,5,29,0.7850494984858081,1.0845140642911004
8,23,Bogota,Penarol,2025,5,29,1.2270291356246046,1.043331646125591
8,23,Rio de Janeiro,Penarol,2025,5,29,1.2964315781703286,0.5501635883690569
8,23,Asuncion,Penarol,2025,5,29,1.730252740362089,0.8092133548030194
8,23,Medellin,Penarol,2025,5,29,0.13636530081558618,1.9668394305700079
8,23,Sao Paulo,Penarol,2025,5,29,1.5888844451923974,0.8545106213673724
8,23,La Plata,Penarol,2025,5,29,1.7371317997440632,0.6864161261641354
8,23,Santiago,Penarol,2025,5,29,1.6408758142617783,0.7358141704975772
8,23,Buenos Aires,Penarol,2025,5,29,1.3200487769190017,1.3839803722176887
8,23,Avellaneda,Penarol,2025,5,29,0.9968781231526724,0.7210668298794297
8,23,Quito,Penarol,2025,5,29,1.1220357978310458,0.950946203751925
8,23,La Boca,Penarol,2025,5,29,0.856562817592437,0.7345476946169619
8,23,Porto Alegre,Penarol,2025,5,29,1.109305135064931,0.9891884111282065
8,23,Montevideo,Penarol,2025,5,29,0.888492662223443,0.6158232339408574
8,23,Santos,Penarol,2025,5,29,1.4168748821209824,0.9832492414541654
8,23,Belo Horizonte,Lima,2025,5,29,0.1471305088030121,0.9159402463672037
8,23,Guayaquil,Lima,2025,5,29,0.6916417333375275,1.033489587289096
8,23,Agua Branca,Lima,2025,5,29,0.2118706347260121,0.6268093943955146
8,23,Bogota,Lima,2025,5,29,0.6420599466177247,1.4530659625744549
8,23,Rio de Janeiro,Lima,2025,5,29,0.044453042003641495,0.7111501869158067
8,23,Asuncion,Lima,2025,5,29,0.13527977335036107,0.2961836385680368
8,23,Medellin,Lima,2025,5,29,0.017971930559205353,1.3157118709055131
8,23,Sao Paulo,Lima,2025,5,29,0.6230355878214487,0.8600897288904901
8,23,La Plata,Lima,2025,5,29,0.6440752315946745,0.7396161177046744
8,23,Santiago,Lima,2025,5,29,0.17823767348178074,0.9090887624311546
8,23,Buenos Aires,Lima,2025,5,29,0.8346679499716636,1.1629558904129587
8,23,Avellaneda,Lima,2025,5,29,0.4765424293549121,0.04014718434282666
8,23,Quito,Lima,2025,5,29,0.13706813030146273,0.7981841579365047
8,23,La Boca,Lima,2025,5,29,-0.0189129218115378,0.8104615118596353
8,23,Porto Alegre,Lima,2025,5,29,0.8808586197139427,1.330810615832632
8,23,Montevideo,Lima,2025,5,29,0.8809939817997166,0.3036975678946241
8,23,Santos,Lima,2025,5,29,0.1380232617856056,0.891153020276613
8,23,Guayaquil,Belo Horizonte,2025,5,29,0.1435091774022062,0.21470688116135234
8,23,Agua Branca,Belo Horizonte,2025,5,29,1.427094370977285,0.723598778687849
8,23,Bogota,Belo Horizonte,2025,5,29,0.895689253152487,0.8689431640668938
8,23,Rio de Janeiro,Belo Horizonte,2025,5,29,1.6443755941490918,0.5786418677426134
8,23,Asuncion,Belo Horizonte,2025,5,29,0.9999108737563466,0.5649628935260649
8,23,Medellin,Belo Horizonte,2025,5,29,0.6384959108560304,1.2407618421864823
8,23,Sao Paulo,Belo Horizonte,2025,5,29,1.9141529719083685,0.9452609945607736
8,23,La Plata,Belo Horizonte,2025,5,29,0.8593277757532348,0.3674714611768963
8,23,Santiago,Belo Horizonte,2025,5,29,0.8674977542259891,0.5129910498085071
8,23,Buenos Aires,Belo Horizonte,2025,5,29,1.2202491858184217,0.8174603150454458
8,23,Avellaneda,Belo Horizonte,2025,5,29,1.0515831127382858,1.0164398055146937
8,23,Quito,Belo Horizonte,2025,5,29,1.071429288018052,0.7004501118848477
8,23,La Boca,Belo Horizonte,2025,5,29,0.6055354985082637,1.0965368107383946
8,23,Porto Alegre,Belo Horizonte,2025,5,29,1.161257409727385,0.7536177055369446
8,23,Montevideo,Belo Horizonte,2025,5,29,1.4958550784558968,1.1150352143580908
8,23,Santos,Belo Horizonte,2025,5,29,0.8181427258224158,0.6254779141943813
8,23,Agua Branca,Guayaquil,2025,5,29,2.162983607447628,1.2966800419244582
8,23,Bogota,Guayaquil,2025,5,29,0.9251744501062885,1.6444179516526307
8,23,Rio de Janeiro,Guayaquil,2025,5,29,1.8198365135879209,0.8466343557600022
8,23,Asuncion,Guayaquil,2025,5,29,1.5167924708230764,0.11667839524821541
8,23,Medellin,Guayaquil,2025,5,29,1.8225073860411287,0.8745349615735218
8,23,Sao Paulo,Guayaquil,2025,5,29,2.031302895968245,0.5584040540477527
8,23,La Plata,Guayaquil,2025,5,29,1.6539921034495129,0.81507968547519
8,23,Santiago,Guayaquil,2025,5,29,1.5243810460434757,0.7166832780934225
8,23,Buenos Aires,Guayaquil,2025,5,29,1.6716135059709916,0.9718470766209267
8,23,Avellaneda,Guayaquil,2025,5,29,1.3022429582319621,0.643373973892505
8,23,Quito,Guayaquil,2025,5,29,1.3199826446652225,1.4464979428820794
8,23,La Boca,Guayaquil,2025,5,29,0.9919681382298682,0.6900663746909083
8,23,Porto Alegre,Guayaquil,2025,5,29,1.2961797895652039,0.5752077159906493
8,23,Montevideo,Guayaquil,2025,5,29,1.2986894842044403,-0.0319918548533964
8,23,Santos,Guayaquil,2025,5,29,1.9136943784296543,0.655811019062771
8,23,Bogota,Agua Branca,2025,5,29,1.744018525256513,1.275331871310354
8,23,Rio de Janeiro,Agua Branca,2025,5,29,1.378066004191152,0.5817209324611686
8,23,Asuncion,Agua Branca,2025,5,29,1.7122757215731037,0.3505442647930091
8,23,Medellin,Agua Branca,2025,5,29,0.848055471492011,1.5183008784728829
8,23,Sao Paulo,Agua Branca,2025,5,29,1.8785997607282852,1.1028241016992282
8,23,La Plata,Agua Branca,2025,5,29,1.5534517592483372,0.6370077649321261
8,23,Santiago,Agua Branca,2025,5,29,1.487302262971923,0.9593760208158144
8,23,Buenos Aires,Agua Branca,2025,5,29,1.3553039859327283,0.7083372751789808
8,23,Avellaneda,Agua Branca,2025,5,29,1.91298740893264,0.49116464668432874
8,23,Quito,Agua Branca,2025,5,29,1.4752876227071736,0.6624573391379621
8,23,La Boca,Agua Branca,2025,5,29,1.4973881864246028,1.0974069633334593
8,23,Porto Alegre,Agua Branca,2025,5,29,1.6473905171641543,0.8310695949412431
8,23,Montevideo,Agua Branca,2025,5,29,1.51587578574862,0.08862123806897798
8,23,Santos,Agua Branca,2025,5,29,1.1323442265664467,1.160646929684342
8,23,Rio de Janeiro,Bogota,2025,5,29,1.5539149122289726,1.0311344385570769
8,23,Asuncion,Bogota,2025,5,29,2.033378700128432,0.15812297010158527
8,23,Medellin,Bogota,2025,5,29,1.8213087628054758,0.5047315991008938
8,23,Sao Paulo,Bogota,2025,5,29,1.8445111209268452,0.8061312631485976
8,23,La Plata,Bogota,2025,5,29,1.9975214568788522,0.9746312720322168
8,23,Santiago,Bogota,2025,5,29,2.1737332893104244,0.8567249208758455
8,23,Buenos Aires,Bogota,2025,5,29,1.5414491831690191,1.0251526904784356
8,23,Avellaneda,Bogota,2025,5,29,1.9637687562802024,0.503617546221999
8,23,Quito,Bogota,2025,5,29,1.9391337554668793,1.3259437534239324
8,23,La Boca,Bogota,2025,5,29,2.0148182954224834,0.7881074540216422
8,23,Porto Alegre,Bogota,2025,5,29,1.9547856056056583,0.5591633920094395
8,23,Montevideo,Bogota,2025,5,29,1.3449764394378103,0.03096919937036736
8,23,Santos,Bogota,2025,5,29,1.9123530158692696,0.8196742382202497
8,23,Asuncion,Rio de Janeiro,2025,5,29,1.5144806193025744,0.2078058192779023
8,23,Medellin,Rio de Janeiro,2025,5,29,0.5440885288322777,0.29811716550569006
8,23,Sao Paulo,Rio de Janeiro,2025,5,29,2.1225837194897466,0.8030531881909954
8,23,La Plata,Rio de Janeiro,2025,5,29,2.0215323177182265,0.5420597034613454
8,23,Santiago,Rio de Janeiro,2025,5,29,1.2296220042859958,0.9616128726398867
8,23,Buenos Aires,Rio de Janeiro,2025,5,29,1.9298725729594948,0.6723729658862857
8,23,Avellaneda,Rio de Janeiro,2025,5,29,1.965306834552743,0.4025742002251585
8,23,Quito,Rio de Janeiro,2025,5,29,2.4760912415374796,0.9369239282591024
8,23,La Boca,Rio de Janeiro,2025,5,29,1.3749433013638694,0.3049217790312631
8,23,Porto Alegre,Rio de Janeiro,2025,5,29,1.6642534980233872,0.6012302216563175
8,23,Montevideo,Rio de Janeiro,2025,5,29,1.6408917644355123,0.13881468525807378
8,23,Santos,Rio de Janeiro,2025,5,29,1.4277866324920174,0.533961442133635
8,23,Medellin,Asuncion,2025,5,29,0.20953774670359515,1.111304021379548
8,23,Sao Paulo,Asuncion,2025,5,29,2.0172778198900216,1.0454566947108865
8,23,La Plata,Asuncion,2025,5,29,1.7476639948483839,0.5738795740906739
8,23,Santiago,Asuncion,2025,5,29,0.4468713039410846,0.3062634840589438
8,23,Buenos Aires,Asuncion,2025,5,29,2.0525107367016053,0.8687109571199121
8,23,Avellaneda,Asuncion,2025,5,29,2.7526319860482404,1.406996332937526
8,23,Quito,Asuncion,2025,5,29,1.171306867494585,0.8481371743864504
8,23,La Boca,Asuncion,2025,5,29,0.5521430829697285,1.1303013471991954
8,23,Porto Alegre,Asuncion,2025,5,29,1.590342042932508,0.6144337685323374
8,23,Montevideo,Asuncion,2025,5,29,1.4212089561147774,1.1686037920855048
8,23,Santos,Asuncion,2025,5,29,0.5766937720736215,0.7499231898225689
8,23,Sao Paulo,Medellin,2025,5,29,1.9648140423291205,0.9861180192035869
8,23,La Plata,Medellin,2025,5,29,1.5577601024849665,0.9096342114662279
8,23,Santiago,Medellin,2025,5,29,0.484342235909165,1.1752407488227752
8,23,Buenos Aires,Medellin,2025,5,29,1.9294611543118885,1.0719502033711537
8,23,Avellaneda,Medellin,2025,5,29,2.233346916780164,0.5646837392368447
8,23,Quito,Medellin,2025,5,29,0.6937039713328167,1.1444816405373097
8,23,La Boca,Medellin,2025,5,29,0.2684831716551658,1.4154343885442775
8,23,Porto Alegre,Medellin,2025,5,29,1.8203974841003323,1.0916298363192227
8,23,Montevideo,Medellin,2025,5,29,1.7080673051899025,0.2084965938628746
8,23,Santos,Medellin,2025,5,29,0.29621505436773937,1.2941556786287634
8,23,La Plata,Sao Paulo,2025,5,29,1.0607695370658765,0.9532060517794289
8,23,Santiago,Sao Paulo,2025,5,29,0.421951141530429,0.5200842006942336
8,23,Buenos Aires,Sao Paulo,2025,5,29,1.4250487429837582,1.18460070573352
8,23,Avellaneda,Sao Paulo,2025,5,29,0.7202618033711912,1.002565141472221
8,23,Quito,Sao Paulo,2025,5,29,0.47784301956946307,0.9828504091803746
8,23,La Boca,Sao Paulo,2025,5,29,0.6166727629605223,0.04465178973637661
8,23,Porto Alegre,Sao Paulo,2025,5,29,0.9682858558680371,0.8116180105854311
8,23,Montevideo,Sao Paulo,2025,5,29,0.890200251612431,0.1570162753200929
8,23,Santos,Sao Paulo,2025,5,29,0.5280092863267881,0.6801806607415454
8,23,Santiago,La Plata,2025,5,29,0.9306360772848906,0.7188650186798965
8,23,Buenos Aires,La Plata,2025,5,29,2.2306981736314215,0.5885237205940111
8,23,Avellaneda,La Plata,2025,5,29,1.8667311178822128,0.32448207708333615
8,23,Quito,La Plata,2025,5,29,0.6994972074801432,0.4778998510613997
8,23,La Boca,La Plata,2025,5,29,0.4728803266327748,0.44078605663806775
8,23,Porto Alegre,La Plata,2025,5,29,1.4643375991730956,0.5819428233312014
8,23,Montevideo,La Plata,2025,5,29,1.493126145182572,-0.28235601402411115
8,23,Santos,La Plata,2025,5,29,0.6963480739351454,0.8830406474606673
8,23,Buenos Aires,Santiago,2025,5,29,1.61816052065919,1.0060194129354105
8,23,Avellaneda,Santiago,2025,5,29,1.9288240019909861,0.2293972040011533
8,23,Quito,Santiago,2025,5,29,1.249947115152735,0.7678589016632911
8,23,La Boca,Santiago,2025,5,29,1.5378535500315436,0.2313726202957171
8,23,Porto Alegre,Santiago,2025,5,29,1.2292711729400463,0.8880980463388666
8,23,Montevideo,Santiago,2025,5,29,1.0950354251757892,-0.08571476413013995
8,23,Santos,Santiago,2025,5,29,1.5339367492059899,0.706786014518796
8,23,Avellaneda,Buenos Aires,2025,5,29,1.1867055443851753,1.4916160044527809
8,23,Quito,Buenos Aires,2025,5,29,1.3083073835973358,1.096894741985902
8,23,La Boca,Buenos Aires,2025,5,29,0.963646895398732,0.864308791362806
8,23,Porto Alegre,Buenos Aires,2025,5,29,1.1696997538105143,0.7679439524052727
8,23,Montevideo,Buenos Aires,2025,5,29,0.693149959189034,1.041795180458549
8,23,Santos,Buenos Aires,2025,5,29,1.5813967502108783,1.157030983409374
8,23,Quito,Avellaneda,2025,5,29,0.6879236581593287,0.5790926960232711
8,23,La Boca,Avellaneda,2025,5,29,0.5095007877960954,0.7480280556955725
8,23,Porto Alegre,Avellaneda,2025,5,29,1.0040142541675194,0.9005288171371546
8,23,Montevideo,Avellaneda,2025,5,29,1.1277421734502477,0.35658062279464514
8,23,Santos,Avellaneda,2025,5,29,0.8321402397834996,0.285175372094723
8,23,La Boca,Quito,2025,5,29,1.9186058817714546,0.8445898079001473
8,23,Porto Alegre,Quito,2025,5,29,1.9309675952796461,1.2860949639265298
8,23,Montevideo,Quito,2025,5,29,1.5290232609837506,0.2105397122676431
8,23,Santos,Quito,2025,5,29,2.0402347678988333,1.049464146083145
8,23,Porto Alegre,La Boca,2025,5,29,1.9895907311542953,0.9071618040468895
8,23,Montevideo,La Boca,2025,5,29,1.8054216416756235,0.6045639392866597
8,23,Santos,La Boca,2025,5,29,1.0651436909905072,0.5770488046995291
8,23,Montevideo,Porto Alegre,2025,5,29,1.3297539609904891,0.007392708072112819
8,23,Santos,Porto Alegre,2025,5,29,0.9252655834791512,0.6060070945967108
8,23,Santos,Montevideo,2025,5,29,0.7662226136846015,0.9986800886104382
8,26,Penarol,Itaquera,2025,5,29,0.8867110720423762,0.27327859060799203
8,26,Lima,Itaquera,2025,5,29,1.1159201147822235,0.7337902441076297
8,26,Belo Horizonte,Itaquera,2025,5,29,0.9521340956677049,1.2218269465134606
8,26,Guayaquil,Itaquera,2025,5,29,0.9069878370122406,0.7092090571385349
8,26,Agua Branca,Itaquera,2025,5,29,1.165399287125938,1.4433282343997318
8,26,Bogota,Itaquera,2025,5,29,0.8537942215896487,1.2928541126933772
8,26,Rio de Janeiro,Itaquera,2025,5,29,0.89501322330706,0.6104125986071486
8,26,Asuncion,Itaquera,2025,5,29,0.47738646025478715,-0.05374461302353682
8,26,Medellin,Itaquera,2025,5,29,0.44893154833981747,0.7427548435500364
8,26,Sao Paulo,Itaquera,2025,5,29,0.8054115984761018,0.3475904391237819
8,26,La Plata,Itaquera,2025,5,29,0.8908604661531013,0.9552310046663824
8,26,Santiago,Itaquera,2025,5,29,0.9005825357479839,0.6621044810697768
8,26,Buenos Aires,Itaquera,2025,5,29,1.0745835839377749,0.9777587801102084
8,26,Avellaneda,Itaquera,2025,5,29,0.942950468774157,0.4732138717604456
8,26,Quito,Itaquera,2025,5,29,1.4728731961096313,1.0677923820621438
8,26,La Boca,Itaquera,2025,5,29,0.548871410737906,0.469687913996517
8,26,Porto Alegre,Itaquera,2025,5,29,1.944379101420548,0.18783467349830926
8,26,Montevideo,Itaquera,2025,5,29,1.3660131923552474,-0.13780493719032222
8,26,Santos,Itaquera,2025,5,29,0.5689765618333608,0.7970159990135245
8,26,Lima,Penarol,2025,5,29,0.3069424085687785,0.4164842907187628
8,26,Belo Horizonte,Penarol,2025,5,29,0.8799916169834051,2.1118821624334925
8,26,Guayaquil,Penarol,2025,5,29,0.57319188230596,0.8913658840409642
8,26,Agua Branca,Penarol,2025,5,29,0.7676208882475225,1.3052494327090565
8,26,Bogota,Penarol,2025,5,29,1.2184082915020782,1.9404863380662523
8,26,Rio de Janeiro,Penarol,2025,5,29,1.3066710295829416,1.5139579212605625
8,26,Asuncion,Penarol,2025,5,29,1.6928612632515072,0.8532247393231471
8,26,Medellin,Penarol,2025,5,29,0.1291761419899135,1.9796672533080082
8,26,Sao Paulo,Penarol,2025,5,29,1.582139578803111,1.282728917148536
8,26,La Plata,Penarol,2025,5,29,1.6957757828524984,0.6942958736807268
8,26,Santiago,Penarol,2025,5,29,1.6220155187266394,0.7087170878041017
8,26,Buenos Aires,Penarol,2025,5,29,1.2988688944015077,1.6641678240585065
8,26,Avellaneda,Penarol,2025,5,29,0.9968781231526724,1.3354925019099215
8,26,Quito,Penarol,2025,5,29,1.0958661926791218,1.4029961304890166
8,26,La Boca,Penarol,2025,5,29,0.8493736587667644,1.6261932489537296
8,26,Porto Alegre,Penarol,2025,5,29,1.0864802997488092,1.8717644746079112
8,26,Montevideo,Penarol,2025,5,29,0.8654368019727092,1.1515273794518552
8,26,Santos,Penarol,2025,5,29,1.3881759926494701,1.06708446881403
8,26,Belo Horizonte,Lima,2025,5,29,0.10946321870931171,1.39700740106472
8,26,Guayaquil,Lima,2025,5,29,0.6744897016205085,0.9147804847198893
8,26,Agua Branca,Lima,2025,5,29,0.16270267230932936,0.56976389753696
8,26,Bogota,Lima,2025,5,29,0.6100603472843122,1.8012798226533933
8,26,Rio de Janeiro,Lima,2025,5,29,0.02593169030825439,1.2145359305538137
8,26,Asuncion,Lima,2025,5,29,0.08765867470722183,0.323707695060472
8,26,Medellin,Lima,2025,5,29,0.011842540827920906,1.0593875524526064
8,26,Sao Paulo,Lima,2025,5,29,0.5826823446887188,0.8598967911308107
8,26,La Plata,Lima,2025,5,29,0.5894151912020236,0.7799191843524389
8,26,Santiago,Lima,2025,5,29,0.1608696237916227,0.8597701902424898
8,26,Buenos Aires,Lima,2025,5,29,0.7986917981081023,1.1253560351099368
8,26,Avellaneda,Lima,2025,5,29,0.4407973024259626,0.04489355774981629
8,26,Quito,Lima,2025,5,29,0.12690042240539312,0.8454786594987076
8,26,La Boca,Lima,2025,5,29,-0.041297141156005523,1.2576721127196409
8,26,Porto Alegre,Lima,2025,5,29,0.8345266328745699,1.6848058213609567
8,26,Montevideo,Lima,2025,5,29,0.8618480434014033,0.3541341176567043
8,26,Santos,Lima,2025,5,29,0.12785555388953596,0.8901182878731972
8,26,Guayaquil,Belo Horizonte,2025,5,29,0.1263322349089101,0.5475295309378079
8,26,Agua Branca,Belo Horizonte,2025,5,29,1.3709171739633756,1.184359385763067
8,26,Bogota,Belo Horizonte,2025,5,29,0.8671110032568,1.838783909196892
8,26,Rio de Janeiro,Belo Horizonte,2025,5,29,1.6255032629162138,1.6168911469609275
8,26,Asuncion,Belo Horizonte,2025,5,29,0.9393460946451136,0.8847548026503032
8,26,Medellin,Belo Horizonte,2025,5,29,0.6283282029599607,1.5346645920611126
8,26,Sao Paulo,Belo Horizonte,2025,5,29,1.8837510920853415,1.4314819179668334
8,26,La Plata,Belo Horizonte,2025,5,29,0.8002491912987968,0.6729300883794176
8,26,Santiago,Belo Horizonte,2025,5,29,0.8486374586908498,0.7867641150207328
8,26,Buenos Aires,Belo Horizonte,2025,5,29,1.1888396817683702,1.3215044934681703
8,26,Avellaneda,Belo Horizonte,2025,5,29,1.0228223096302862,1.624172186907127
8,26,Quito,Belo Horizonte,2025,5,29,1.0537686340916663,1.323149158359877
8,26,La Boca,Belo Horizonte,2025,5,29,0.5806052068439918,1.9635064276063718
8,26,Porto Alegre,Belo Horizonte,2025,5,29,1.1184751686381018,1.7484360264927823
8,26,Montevideo,Belo Horizonte,2025,5,29,1.4528418124320024,1.5949750611981075
8,26,Santos,Belo Horizonte,2025,5,29,0.8004820718960298,0.9589578478898899
8,26,Agua Branca,Guayaquil,2025,5,29,2.127213569742402,1.2209165597054807
8,26,Bogota,Guayaquil,2025,5,29,0.915099856372764,1.4737825679453613
8,26,Rio de Janeiro,Guayaquil,2025,5,29,1.7659082055128337,0.8292004166710228
8,26,Asuncion,Guayaquil,2025,5,29,1.4558549281507627,0.09902113128114486
8,26,Medellin,Guayaquil,2025,5,29,1.8239996318861098,0.7776631712217937
8,26,Sao Paulo,Guayaquil,2025,5,29,1.9955328582630185,0.4450920130338372
8,26,La Plata,Guayaquil,2025,5,29,1.6197143115892672,0.7856608501616175
8,26,Santiago,Guayaquil,2025,5,29,1.5007057869213698,0.6291182229480031
8,26,Buenos Aires,Guayaquil,2025,5,29,1.6428527028629913,0.8772925455201331
8,26,Avellaneda,Guayaquil,2025,5,29,1.245249291020577,0.604786149184631
8,26,Quito,Guayaquil,2025,5,29,1.312973410067996,1.3955123046200038
8,26,La Boca,Guayaquil,2025,5,29,0.9741401953253682,0.6785506900974723
8,26,Porto Alegre,Guayaquil,2025,5,29,1.2861051958316794,0.4771139299564389
8,26,Montevideo,Guayaquil,2025,5,29,1.290107136315897,-0.03173638548870611
8,26,Santos,Guayaquil,2025,5,29,1.9066851438324277,0.5778770434968994
8,26,Bogota,Agua Branca,2025,5,29,1.744840462502631,1.2978182136704426
8,26,Rio de Janeiro,Agua Branca,2025,5,29,1.3340261679911871,0.7333192853280343
8,26,Asuncion,Agua Branca,2025,5,29,1.65989427727156,0.3332619741725078
8,26,Medellin,Agua Branca,2025,5,29,0.860840995224428,1.5320206730928638
8,26,Sao Paulo,Agua Branca,2025,5,29,1.850660894866403,1.0906609446065676
8,26,La Plata,Agua Branca,2025,5,29,1.5277033335827959,0.6762452288476386
8,26,Santiago,Agua Branca,2025,5,29,1.4636816217783795,0.9066351173746824
8,26,Buenos Aires,Agua Branca,2025,5,29,1.329324535332575,0.7522810257332369
8,26,Avellaneda,Agua Branca,2025,5,29,1.864489154307451,0.5043930709158022
8,26,Quito,Agua Branca,2025,5,29,1.488056358439375,0.7387722113559682
8,26,La Boca,Agua Branca,2025,5,29,1.4954111263888177,1.1011721718950227
8,26,Porto Alegre,Agua Branca,2025,5,29,1.6314623908968724,0.8447458812262082
8,26,Montevideo,Agua Branca,2025,5,29,1.5132270848065688,0.12320538973253126
8,26,Santos,Agua Branca,2025,5,29,1.1425836779790597,1.168628772043642
8,26,Rio de Janeiro,Bogota,2025,5,29,1.5287474072618856,1.4708796074022419
8,26,Asuncion,Bogota,2025,5,29,2.0082111951613446,0.14084067948108403
8,26,Medellin,Bogota,2025,5,29,1.8213087628054758,0.40818477042504525
8,26,Sao Paulo,Bogota,2025,5,29,1.8445111209268452,0.7332894776247394
8,26,La Plata,Bogota,2025,5,29,1.9975214568788522,0.8695485125043454
8,26,Santiago,Bogota,2025,5,29,2.1233236080493985,0.7535822816294334
8,26,Buenos Aires,Bogota,2025,5,29,1.5414491831690191,1.0034912110937388
8,26,Avellaneda,Bogota,2025,5,29,1.9355358921768175,0.4832510182506864
8,26,Quito,Bogota,2025,5,29,1.9138915791729396,1.2792430990074921
8,26,La Boca,Bogota,2025,5,29,1.9865107599922458,1.218131891996735
8,26,Porto Alegre,Bogota,2025,5,29,1.9264780701754207,0.95457371683993
8,26,Montevideo,Bogota,2025,5,29,1.3419110803015124,0.05797230369879314
8,26,Santos,Bogota,2025,5,29,1.9123530158692696,0.7215498074080854
8,26,Asuncion,Rio de Janeiro,2025,5,29,1.5989766785392654,0.19519476849942557
8,26,Medellin,Rio de Janeiro,2025,5,29,0.561344847480073,0.3165081999676954
8,26,Sao Paulo,Rio de Janeiro,2025,5,29,2.062150553497633,0.8134457064693881
8,26,La Plata,Rio de Janeiro,2025,5,29,2.107520622799899,0.5991816029058872
8,26,Santiago,Rio de Janeiro,2025,5,29,1.1904249613216864,0.8890167409357713
8,26,Buenos Aires,Rio de Janeiro,2025,5,29,1.897343172044254,0.6926555729395292
8,26,Avellaneda,Rio de Janeiro,2025,5,29,1.9513086152129449,0.37664368005098864
8,26,Quito,Rio de Janeiro,2025,5,29,2.58735425584617,0.9828629627485019
8,26,La Boca,Rio de Janeiro,2025,5,29,1.5077328343186154,0.30221437361295866
8,26,Porto Alegre,Rio de Janeiro,2025,5,29,1.6642534980233872,0.6189896803844962
8,26,Montevideo,Rio de Janeiro,2025,5,29,1.6423840102804934,0.14637313381385725
8,26,Santos,Rio de Janeiro,2025,5,29,1.4194949023291876,0.5449531711633399
8,26,Medellin,Asuncion,2025,5,29,0.19167665971471665,1.6753180909212224
8,26,Sao Paulo,Asuncion,2025,5,29,1.9721253688033094,1.580571992447702
8,26,La Plata,Asuncion,2025,5,29,1.834855385086967,0.7934106530928214
8,26,Santiago,Asuncion,2025,5,29,0.3857748558231116,0.5113964671770064
8,26,Buenos Aires,Asuncion,2025,5,29,2.048315171986011,1.6588114242332477
8,26,Avellaneda,Asuncion,2025,5,29,2.7526319860482404,2.026984313043623
8,26,Quito,Asuncion,2025,5,29,1.260915933740608,1.4846480831332587
8,26,La Boca,Asuncion,2025,5,29,0.6513074561327817,2.3641462506647484
8,26,Porto Alegre,Asuncion,2025,5,29,1.5605079730191591,2.031654858320215
8,26,Montevideo,Asuncion,2025,5,29,1.3895969974932734,2.0075445478057663
8,26,Santos,Asuncion,2025,5,29,0.5492773781677123,1.0267402832795802
8,26,Sao Paulo,Medellin,2025,5,29,1.979146429835081,0.9764738868941145
8,26,La Plata,Medellin,2025,5,29,1.6747855626368984,0.9636940886743913
8,26,Santiago,Medellin,2025,5,29,0.4858890996827084,1.0993962269878226
8,26,Buenos Aires,Medellin,2025,5,29,1.9310080180854319,0.9975699937324808
8,26,Avellaneda,Medellin,2025,5,29,2.233346916780164,0.5341226148124671
8,26,Quito,Medellin,2025,5,29,0.8209688828973621,1.210857244143299
8,26,La Boca,Medellin,2025,5,29,0.40127270460991166,1.3862659202661562
8,26,Porto Alegre,Medellin,2025,5,29,1.8203974841003323,0.9626370105836739
8,26,Montevideo,Medellin,2025,5,29,1.7096141689634459,0.21147902908720495
8,26,Santos,Medellin,2025,5,29,0.30645450578035244,1.2794302378003026
8,26,La Plata,Sao Paulo,2025,5,29,1.0451921365787502,0.8886044224190695
8,26,Santiago,Sao Paulo,2025,5,29,0.38126185272113855,0.4740123217879878
8,26,Buenos Aires,Sao Paulo,2025,5,29,1.4164805770938584,1.1652634902494203
8,26,Avellaneda,Sao Paulo,2025,5,29,0.7116936374812918,1.2306407645129458
8,26,Quito,Sao Paulo,2025,5,29,0.4733630692918248,1.0688626932508618
8,26,La Boca,Sao Paulo,2025,5,29,0.6166727629605223,0.2955749073742793
8,26,Porto Alegre,Sao Paulo,2025,5,29,0.9477661710109682,0.9369357413816967
8,26,Montevideo,Sao Paulo,2025,5,29,0.8831910170152045,0.404639924964083
8,26,Santos,Sao Paulo,2025,5,29,0.5210000517295615,0.6753945902020552
8,26,Santiago,La Plata,2025,5,29,0.910228917976208,0.6951286549775867
8,26,Buenos Aires,La Plata,2025,5,29,2.2282804976239823,0.601148539824893
8,26,Avellaneda,La Plata,2025,5,29,1.8667311178822128,0.29313935619239667
8,26,Quito,La Plata,2025,5,29,0.6715971021411445,0.5503458561998966
8,26,La Boca,La Plata,2025,5,29,0.455451716394489,0.44078605663806775
8,26,Porto Alegre,La Plata,2025,5,29,1.4215553580838125,0.5856533969595212
8,26,Montevideo,La Plata,2025,5,29,1.4503439040932888,-0.28135272615351326
8,26,Santos,La Plata,2025,5,29,0.6684479685961467,0.8666974676909709
8,26,Buenos Aires,Santiago,2025,5,29,1.6163826319510348,1.6195350860028799
8,26,Avellaneda,Santiago,2025,5,29,1.9005911378876013,0.9289527595016622
8,26,Quito,Santiago,2025,5,29,1.2274514442410922,1.3161825985031441
8,26,La Boca,Santiago,2025,5,29,1.522764015084316,1.5583690983810738
8,26,Porto Alegre,Santiago,2025,5,29,1.1797173966058634,2.2307640401561004
8,26,Montevideo,Santiago,2025,5,29,1.0704381822723719,0.8474883324942358
8,26,Santos,Santiago,2025,5,29,1.5366832545882867,0.7471153202063134
8,26,Avellaneda,Buenos Aires,2025,5,29,1.1529698735281886,2.193744064511717
8,26,Quito,Buenos Aires,2025,5,29,1.2981396757012662,1.6533347603329362
8,26,La Boca,Buenos Aires,2025,5,29,0.9564577365730595,2.1887034348108587
8,26,Porto Alegre,Buenos Aires,2025,5,29,1.1333644682345496,2.1369728039703317
8,26,Montevideo,Buenos Aires,2025,5,29,0.6700940989383003,1.9548830938088115
8,26,Santos,Buenos Aires,2025,5,29,1.5712290423148088,1.2316720861400678
8,26,Quito,Avellaneda,2025,5,29,0.6963763149375025,0.7574932774650864
8,26,La Boca,Avellaneda,2025,5,29,0.5196534291428078,0.9329315255462967
8,26,Porto Alegre,Avellaneda,2025,5,29,0.98416835633435,1.0412177485953016
8,26,Montevideo,Avellaneda,2025,5,29,1.109443139390621,0.5442263393492421
8,26,Santos,Avellaneda,2025,5,29,0.8380636122420853,0.33384892147579787
8,26,La Boca,Quito,2025,5,29,1.8928444186610212,0.842899886388665
8,26,Porto Alegre,Quito,2025,5,29,1.892888755749763,1.2031247250437769
8,26,Montevideo,Quito,2025,5,29,1.5176788435927882,0.2343952440777606
8,26,Santos,Quito,2025,5,29,2.0243967419665894,1.03941909736565
8,26,Porto Alegre,La Boca,2025,5,29,1.9580109070667961,1.7967159940778983
8,26,Montevideo,La Boca,2025,5,29,1.7855743791398115,1.0642394628835155
8,26,Santos,La Boca,2025,5,29,1.06082761203648,0.8691792732650498
8,26,Montevideo,Porto Alegre,2025,5,29,1.3157870921752488,0.007064035542249018
8,26,Santos,Porto Alegre,2025,5,29,0.9094275575469076,0.5437132553524612
8,26,Santos,Montevideo,2025,5,29,0.769452830499988,0.9309544771574066
8,29,Penarol,Itaquera,2025,5,29,0.5290953627551348,0.06258269905154538
8,29,Lima,Itaquera,2025,5,29,0.7939241632759255,0.45005847059466464
8,29,Belo Horizonte,Itaquera,2025,5,29,0.8506382943731363,1.141190981326192
8,29,Guayaquil,Itaquera,2025,5,29,0.7963851904622458,0.46637600298588827
8,29,Agua Branca,Itaquera,2025,5,29,1.0841053930896734,1.0591310327257826
8,29,Bogota,Itaquera,2025,5,29,0.10896900040432521,1.213107941757204
8,29,Rio de Janeiro,Itaquera,2025,5,29,0.7450944802518166,0.5080003056436889
8,29,Asuncion,Itaquera,2025,5,29,0.3967819600721376,-0.05621559531529972
8,29,Medellin,Itaquera,2025,5,29,0.5119899803820501,0.6933898027531964
8,29,Sao Paulo,Itaquera,2025,5,29,0.27903533786180684,0.01563613403916338
8,29,La Plata,Itaquera,2025,5,29,0.7034360443309864,0.6538984840431877
8,29,Santiago,Itaquera,2025,5,29,0.5965069497806361,0.3561887469563112
8,29,Buenos Aires,Itaquera,2025,5,29,0.44814923189240147,0.8068348279365942
8,29,Avellaneda,Itaquera,2025,5,29,0.6625122863644445,0.23551460172783734
8,29,Quito,Itaquera,2025,5,29,1.1133621498576787,0.7173192986520679
8,29,La Boca,Itaquera,2025,5,29,0.5136331934187591,0.4293560853369034
8,29,Porto Alegre,Itaquera,2025,5,29,0.6770441368316104,0.1834569428037583
8,29,Montevideo,Itaquera,2025,5,29,0.3852479803015083,-0.13973661043991442
8,29,Santos,Itaquera,2025,5,29,0.42855872127916156,0.4530122779727267
8,29,Lima,Penarol,2025,5,29,0.35033472789942044,0.42013579630811143
8,29,Belo Horizonte,Penarol,2025,5,29,0.77845395217957,2.4161171684906964
8,29,Guayaquil,Penarol,2025,5,29,0.5537508199689877,1.080206949114716
8,29,Agua Branca,Penarol,2025,5,29,0.7059234045341464,1.6745438355533353
8,29,Bogota,Penarol,2025,5,29,1.152702861719048,2.282007595225607
8,29,Rio de Janeiro,Penarol,2025,5,29,1.2107000555575014,1.8540020844564142
8,29,Asuncion,Penarol,2025,5,29,1.6494566414756553,0.8565455915159232
8,29,Medellin,Penarol,2025,5,29,0.16803205916769443,2.4549664121415744
8,29,Sao Paulo,Penarol,2025,5,29,1.5837801924439154,1.9160272802710978
8,29,La Plata,Penarol,2025,5,29,1.7043556904710162,0.7565101442506622
8,29,Santiago,Penarol,2025,5,29,1.612584078821296,0.7089060490649617
8,29,Buenos Aires,Penarol,2025,5,29,1.3165582748508906,2.172324919725961
8,29,Avellaneda,Penarol,2025,5,29,0.8176409217885365,1.8973997411273662
8,29,Quito,Penarol,2025,5,29,0.8892785460088193,1.7164749652910716
8,29,La Boca,Penarol,2025,5,29,0.6899669543682837,1.9669651493368956
8,29,Porto Alegre,Penarol,2025,5,29,0.9552896713128985,2.2132929460721
8,29,Montevideo,Penarol,2025,5,29,0.8603264782953449,1.6635878070008179
8,29,Santos,Penarol,2025,5,29,1.2678412380115653,1.4365031580927694
8,29,Belo Horizonte,Lima,2025,5,29,0.12345471651936488,1.9048311788090468
8,29,Guayaquil,Lima,2025,5,29,0.7230377733962435,1.1049804526316347
8,29,Agua Branca,Lima,2025,5,29,0.04133379733742059,1.1244451918789318
8,29,Bogota,Lima,2025,5,29,0.33253200227351054,2.1212338984906856
8,29,Rio de Janeiro,Lima,2025,5,29,-0.024452664317327618,1.5553189796706464
8,29,Asuncion,Lima,2025,5,29,0.0769926161111153,0.3209143314701118
8,29,Medellin,Lima,2025,5,29,0.007757994864478425,1.7201918871245845
8,29,Sao Paulo,Lima,2025,5,29,0.08361191201635626,1.6879722680312665
8,29,La Plata,Lima,2025,5,29,0.5174898981869385,0.941582026586049
8,29,Santiago,Lima,2025,5,29,0.07827459681904761,0.8565033355316475
8,29,Buenos Aires,Lima,2025,5,29,0.5296678368029117,1.7033651794503522
8,29,Avellaneda,Lima,2025,5,29,0.3776678594233731,0.8095033823724614
8,29,Quito,Lima,2025,5,29,-0.02397003905528315,1.3443559836713426
8,29,La Boca,Lima,2025,5,29,-0.023139171789352153,1.5682246567685918
8,29,Porto Alegre,Lima,2025,5,29,0.007551882461088731,2.016341445460194
8,29,Montevideo,Lima,2025,5,29,0.24951217098072778,0.8489577682643413
8,29,Santos,Lima,2025,5,29,0.06879284344845829,1.445664302972066
8,29,Guayaquil,Belo Horizonte,2025,5,29,0.20140070313398006,0.757486302570841
8,29,Agua Branca,Belo Horizonte,2025,5,29,1.3484757627623107,1.6465744588914866
8,29,Bogota,Belo Horizonte,2025,5,29,0.8473637364396793,2.191312323413783
8,29,Rio de Janeiro,Belo Horizonte,2025,5,29,1.6109354600264967,1.9681835747814513
8,29,Asuncion,Belo Horizonte,2025,5,29,1.016970701565496,0.8856195234072
8,29,Medellin,Belo Horizonte,2025,5,29,0.5992226175950978,2.113111255021285
8,29,Sao Paulo,Belo Horizonte,2025,5,29,1.4879410809997384,2.1698457275280005
8,29,La Plata,Belo Horizonte,2025,5,29,0.8187726233897146,0.7287340585487545
8,29,Santiago,Belo Horizonte,2025,5,29,0.9176960643667733,0.7832011525154317
8,29,Buenos Aires,Belo Horizonte,2025,5,29,1.2121296141256428,1.9233226937422034
8,29,Avellaneda,Belo Horizonte,2025,5,29,1.0402770107896155,2.280929636593601
8,29,Quito,Belo Horizonte,2025,5,29,1.046444769809103,1.72956026131896
8,29,La Boca,Belo Horizonte,2025,5,29,0.6219775663451912,2.3107693748244285
8,29,Porto Alegre,Belo Horizonte,2025,5,29,0.7372952965435405,2.1105647410023645
8,29,Montevideo,Belo Horizonte,2025,5,29,1.0548611764606752,2.115107811596098
8,29,Santos,Belo Horizonte,2025,5,29,0.8073332997373623,1.422037641775207
8,29,Agua Branca,Guayaquil,2025,5,29,2.0880646346642355,0.859257102926779
8,29,Bogota,Guayaquil,2025,5,29,0.9591456036487757,1.415385036041984
8,29,Rio de Janeiro,Guayaquil,2025,5,29,1.7582490445578614,0.7267881237075634
8,29,Asuncion,Guayaquil,2025,5,29,1.5168328677629197,0.10232825253632924
8,29,Medellin,Guayaquil,2025,5,29,1.7848506968079436,0.7326722041728336
8,29,Sao Paulo,Guayaquil,2025,5,29,1.9955328582630185,0.11891581149616608
8,29,La Plata,Guayaquil,2025,5,29,1.6328910400985102,0.48870240328630227
8,29,Santiago,Guayaquil,2025,5,29,1.5669393020903646,0.3276848000512026
8,29,Buenos Aires,Guayaquil,2025,5,29,1.6508954368614555,0.7068705512899994
8,29,Avellaneda,Guayaquil,2025,5,29,1.300645372745911,0.38973131051510024
8,29,Quito,Guayaquil,2025,5,29,1.3610777981592452,1.0662796227739397
8,29,La Boca,Guayaquil,2025,5,29,1.0358516219244593,0.6382188614378588
8,29,Porto Alegre,Guayaquil,2025,5,29,1.3258404791198284,0.47312991973658264
8,29,Montevideo,Guayaquil,2025,5,29,1.3004967063835136,-0.03366805873829831
8,29,Santos,Guayaquil,2025,5,29,1.954789531923677,0.234375280399582
8,29,Bogota,Agua Branca,2025,5,29,1.339185536901399,1.3365828641160344
8,29,Rio de Janeiro,Agua Branca,2025,5,29,1.1348747347359067,0.7764338667941347
8,29,Asuncion,Agua Branca,2025,5,29,1.5538963911600299,0.3321950216798124
8,29,Medellin,Agua Branca,2025,5,29,0.8375757279792252,1.800218066726674
8,29,Sao Paulo,Agua Branca,2025,5,29,1.619447887349334,1.3006841754005427
8,29,La Plata,Agua Branca,2025,5,29,1.4923610005868306,0.7490730973594644
8,29,Santiago,Agua Branca,2025,5,29,1.2894656096147903,0.91119901347782
8,29,Buenos Aires,Agua Branca,2025,5,29,1.1179773249894616,1.0077480316213612
8,29,Avellaneda,Agua Branca,2025,5,29,1.549958877081787,0.7164546614272
8,29,Quito,Agua Branca,2025,5,29,1.125506120645006,0.7470057564322377
8,29,La Boca,Agua Branca,2025,5,29,1.3010975459405163,1.1345646688739484
8,29,Porto Alegre,Agua Branca,2025,5,29,1.0874037305079085,0.8758702575846858
8,29,Montevideo,Agua Branca,2025,5,29,1.0648607047667153,0.30497980635193317
8,29,Santos,Agua Branca,2025,5,29,0.93696859771048,1.1776203514089771
8,29,Rio de Janeiro,Bogota,2025,5,29,1.3762717051661533,1.4115102750774315
8,29,Asuncion,Bogota,2025,5,29,1.8206106053162208,0.13750497643242432
8,29,Medellin,Bogota,2025,5,29,1.7049768388831017,0.4076168748517189
8,29,Sao Paulo,Bogota,2025,5,29,1.7772944507424506,0.6793845022876108
8,29,La Plata,Bogota,2025,5,29,1.9206932583705456,0.8636338319360297
8,29,Santiago,Bogota,2025,5,29,2.0191144511838224,0.709579252995733
8,29,Buenos Aires,Bogota,2025,5,29,1.5506901180106945,1.0176317180138716
8,29,Avellaneda,Bogota,2025,5,29,1.6861766512046206,0.4312777161631501
8,29,Quito,Bogota,2025,5,29,1.6329131627256692,1.2482259552451784
8,29,La Boca,Bogota,2025,5,29,1.751345494035097,1.1999872615761997
8,29,Porto Alegre,Bogota,2025,5,29,1.8022424359363105,0.9767733684498829
8,29,Montevideo,Bogota,2025,5,29,1.3298437420602627,0.06739154199921922
8,29,Santos,Bogota,2025,5,29,1.7197025106025536,0.6620846909853637
8,29,Asuncion,Rio de Janeiro,2025,5,29,1.2684622215971366,0.19465545945725485
8,29,Medellin,Rio de Janeiro,2025,5,29,0.543772407054302,0.29688676287875737
8,29,Sao Paulo,Rio de Janeiro,2025,5,29,1.7559075971638978,0.7595117151120342
8,29,La Plata,Rio de Janeiro,2025,5,29,1.8040453839419686,0.591230695684853
8,29,Santiago,Rio de Janeiro,2025,5,29,0.7391598060295383,0.8469453855516631
8,29,Buenos Aires,Rio de Janeiro,2025,5,29,1.7619533922889565,0.6854611490066063
8,29,Avellaneda,Rio de Janeiro,2025,5,29,1.4386186924218025,0.3227096886936348
8,29,Quito,Rio de Janeiro,2025,5,29,2.0283175364214134,0.9444628073384802
8,29,La Boca,Rio de Janeiro,2025,5,29,1.2418614016516054,0.2638142182029373
8,29,Porto Alegre,Rio de Janeiro,2025,5,29,1.3499486656373536,0.652045729992566
8,29,Montevideo,Rio de Janeiro,2025,5,29,1.478309008058891,0.14637313381385725
8,29,Santos,Rio de Janeiro,2025,5,29,1.192827929684982,0.47498941057662186
8,29,Medellin,Asuncion,2025,5,29,0.1778297976995012,2.166090582126969
8,29,Sao Paulo,Asuncion,2025,5,29,1.670292197855167,2.2176731580745384
8,29,La Plata,Asuncion,2025,5,29,1.5603421142707272,0.8347243466870701
8,29,Santiago,Asuncion,2025,5,29,-0.04200277623394091,0.4899600904651153
8,29,Buenos Aires,Asuncion,2025,5,29,1.7233911797087205,2.158968737746143
8,29,Avellaneda,Asuncion,2025,5,29,2.2261199840252983,2.5700272019381014
8,29,Quito,Asuncion,2025,5,29,0.7378410978288585,1.7773308943627533
8,29,La Boca,Asuncion,2025,5,29,0.4249556264064882,2.7094775246332135
8,29,Porto Alegre,Asuncion,2025,5,29,1.0850117606236946,2.3918518995802067
8,29,Montevideo,Asuncion,2025,5,29,1.0001677782920846,2.511255348379079
8,29,Santos,Asuncion,2025,5,29,0.3357515396542977,1.3881591904037611
8,29,Sao Paulo,Medellin,2025,5,29,1.5077113151683341,0.9316630588340896
8,29,La Plata,Medellin,2025,5,29,1.5980864033089857,0.951740943719253
8,29,Santiago,Medellin,2025,5,29,0.41666302349098566,1.0332468071531182
8,29,Buenos Aires,Medellin,2025,5,29,1.8214720865119036,1.0128099473378966
8,29,Avellaneda,Medellin,2025,5,29,2.003471382847128,0.5065345510485655
8,29,Quito,Medellin,2025,5,29,0.5603088349855658,1.134876573458541
8,29,La Boca,Medellin,2025,5,29,0.46033022568104925,1.419658417245082
8,29,Porto Alegre,Medellin,2025,5,29,1.2059482379828839,0.9394131593244105
8,29,Montevideo,Medellin,2025,5,29,1.208670893282775,0.1944902815565878
8,29,Santos,Medellin,2025,5,29,0.16502665713337894,1.2171581220480803
8,29,La Plata,Sao Paulo,2025,5,29,0.9959700035442183,0.8737675577534638
8,29,Santiago,Sao Paulo,2025,5,29,0.26162221260102525,0.47267714032673747
8,29,Buenos Aires,Sao Paulo,2025,5,29,1.1607825014381303,1.646926558709794
8,29,Avellaneda,Sao Paulo,2025,5,29,0.6473595742876066,1.684351703546076
8,29,Quito,Sao Paulo,2025,5,29,0.3415707838219668,1.3327670575694541
8,29,La Boca,Sao Paulo,2025,5,29,0.7161441943207922,0.620203900827287
8,29,Porto Alegre,Sao Paulo,2025,5,29,0.5635540981037651,1.2623213059157297
8,29,Montevideo,Sao Paulo,2025,5,29,0.64783191491374,0.9135400249757768
8,29,Santos,Sao Paulo,2025,5,29,0.474302729665128,0.9733515687934352
8,29,Santiago,La Plata,2025,5,29,0.9504106906768396,0.3892129208641211
8,29,Buenos Aires,La Plata,2025,5,29,1.897942150610539,0.42935986689438194
8,29,Avellaneda,La Plata,2025,5,29,1.8183421571722702,0.07219972750808809
8,29,Quito,La Plata,2025,5,29,0.6177182559039591,0.21663241413812168
8,29,La Boca,La Plata,2025,5,29,0.5614340752875911,0.402035503992591
8,29,Porto Alegre,La Plata,2025,5,29,1.111680122899458,0.5812756662649703
8,29,Montevideo,La Plata,2025,5,29,1.0459503954479532,-0.28328439940310546
8,29,Santos,La Plata,2025,5,29,0.650411431689368,0.521829025893277
8,29,Buenos Aires,Santiago,2025,5,29,1.627821625314343,2.04595869847447
8,29,Avellaneda,Santiago,2025,5,29,1.7143065840770393,1.406378193067022
8,29,Quito,Santiago,2025,5,29,0.9962684671187441,1.7250361019605138
8,29,La Boca,Santiago,2025,5,29,1.3540319978179949,1.9037003723495374
8,29,Porto Alegre,Santiago,2025,5,29,1.0378701484561472,2.5804693878724447
8,29,Montevideo,Santiago,2025,5,29,1.0565731027352752,1.1819833197736411
8,29,Santos,Santiago,2025,5,29,1.3992922622638657,1.2185066161581812
8,29,Avellaneda,Buenos Aires,2025,5,29,1.0034691097919666,2.7429722829982444
8,29,Quito,Buenos Aires,2025,5,29,1.128778207391466,1.9461161472465274
8,29,La Boca,Buenos Aires,2025,5,29,0.9009200171592013,2.533483399850226
8,29,Porto Alegre,Buenos Aires,2025,5,29,0.962459557965944,2.4864896933639087
8,29,Montevideo,Buenos Aires,2025,5,29,0.7040022258162366,2.4586076021427155
8,29,Santos,Buenos Aires,2025,5,29,1.5470933976491144,1.5987280730712705
8,29,Quito,Avellaneda,2025,5,29,0.6199043345398718,1.2674116976326861
8,29,La Boca,Avellaneda,2025,5,29,0.5051995567492026,1.1966564396400683
8,29,Porto Alegre,Avellaneda,2025,5,29,0.9163006192625582,1.3049426626890734
8,29,Montevideo,Avellaneda,2025,5,29,1.1055142320788918,0.9808210566229482
8,29,Santos,Avellaneda,2025,5,29,0.7755343048854973,0.8981198474308248
8,29,La Boca,Quito,2025,5,29,1.8036999111719438,0.8778736593817273
8,29,Porto Alegre,Quito,2025,5,29,1.8554971496033816,1.20517340506737
8,29,Montevideo,Quito,2025,5,29,1.520913160675542,0.4161696606971619
8,29,Santos,Quito,2025,5,29,1.9905921848928618,1.0474151895149326
8,29,Porto Alegre,La Boca,2025,5,29,1.0586044359875983,2.135919071817801
8,29,Montevideo,La Boca,2025,5,29,0.9930183279693962,1.3886259006611739
8,29,Santos,La Boca,2025,5,29,0.8069077855284287,1.1407602215857398
8,29,Montevideo,Porto Alegre,2025,5,29,1.2023035960494184,-0.005542984915026454
8,29,Santos,Porto Alegre,2025,5,29,0.8804520412303961,0.4763636420903669
8,29,Santos,Montevideo,2025,5,29,0.5565685108408694,0.8001800461926593
8,32,Penarol,Itaquera,2025,5,29,0.5128748273966764,0.007700393474277799
8,32,Lima,Itaquera,2025,5,29,0.7786262576825436,0.43469857963013875
8,32,Belo Horizonte,Itaquera,2025,5,29,0.8143052297063017,1.1867918692154507
8,32,Guayaquil,Itaquera,2025,5,29,0.7550200484995291,0.5009835377122768
8,32,Agua Branca,Itaquera,2025,5,29,1.0473914749151316,0.9752457854179957
8,32,Bogota,Itaquera,2025,5,29,0.09108172496171985,1.3077576377953188
8,32,Rio de Janeiro,Itaquera,2025,5,29,0.7345108525857825,0.511023584515727
8,32,Asuncion,Itaquera,2025,5,29,0.39210428428913335,-0.13426295177724612
8,32,Medellin,Itaquera,2025,5,29,0.4994215115366756,0.7889281595866987
8,32,Sao Paulo,Itaquera,2025,5,29,0.2604277095435932,-0.055825013076766065
8,32,La Plata,Itaquera,2025,5,29,0.6945581517181506,0.6959391024442015
8,32,Santiago,Itaquera,2025,5,29,0.5634836078386329,0.412855225498215
8,32,Buenos Aires,Itaquera,2025,5,29,0.647735587976707,0.7626959003122732
8,32,Avellaneda,Itaquera,2025,5,29,0.6574696982431144,0.1630597830301357
8,32,Quito,Itaquera,2025,5,29,1.0723778614026687,0.6891284233077815
8,32,La Boca,Itaquera,2025,5,29,0.4856712525589422,0.35685628084564724
8,32,Porto Alegre,Itaquera,2025,5,29,0.6466388146824515,0.20560705895241094
8,32,Montevideo,Itaquera,2025,5,29,0.4362827250885923,-0.1973531170459723
8,32,Santos,Itaquera,2025,5,29,0.38904341001844184,0.3803613975832872
8,32,Lima,Penarol,2025,5,29,0.3338403468261164,0.49223231464033856
8,32,Belo Horizonte,Penarol,2025,5,29,0.7575803122286272,2.6393611447016907
8,32,Guayaquil,Penarol,2025,5,29,0.5022579066771701,1.2503786055277484
8,32,Agua Branca,Penarol,2025,5,29,0.9800780307433178,1.7497940444504023
8,32,Bogota,Penarol,2025,5,29,1.137057711246217,2.5563785958137655
8,32,Rio de Janeiro,Penarol,2025,5,29,1.173993726790742,2.123737684245791
8,32,Asuncion,Penarol,2025,5,29,1.6469362012733648,0.9202152318621754
8,32,Medellin,Penarol,2025,5,29,0.41786769891611286,2.651485679609884
8,32,Sao Paulo,Penarol,2025,5,29,1.837365127856967,2.2823456143616445
8,32,La Plata,Penarol,2025,5,29,1.7541622424506305,0.8328818650196922
8,32,Santiago,Penarol,2025,5,29,1.5714761770270835,0.763003487592535
8,32,Buenos Aires,Penarol,2025,5,29,1.606653969353328,2.4681032949400876
8,32,Avellaneda,Penarol,2025,5,29,0.8090615396478833,2.298871484332645
8,32,Quito,Penarol,2025,5,29,0.8609858488514818,1.7779584762089176
8,32,La Boca,Penarol,2025,5,29,0.674321803895453,2.0608940148460952
8,32,Porto Alegre,Penarol,2025,5,29,0.9985006735948815,2.4649027633156573
8,32,Montevideo,Penarol,2025,5,29,1.0121464895915946,1.902748006808889
8,32,Santos,Penarol,2025,5,29,1.5219880997168147,1.5080331792295751
8,32,Belo Horizonte,Lima,2025,5,29,0.11391702028330057,1.9677800298281345
8,32,Guayaquil,Lima,2025,5,29,0.6903167308895432,1.2138580543703021
8,32,Agua Branca,Lima,2025,5,29,0.032442024596165395,1.1657240006506298
8,32,Bogota,Lima,2025,5,29,0.3213621308458213,2.2668154267883267
8,32,Rio de Janeiro,Lima,2025,5,29,-0.05283633757745471,1.5244723707319419
8,32,Asuncion,Lima,2025,5,29,0.07772450182872868,0.3769704602777983
8,32,Medellin,Lima,2025,5,29,-0.02496304764222202,1.8480469767189929
8,32,Sao Paulo,Lima,2025,5,29,0.05362425108459575,1.6646585251715045
8,32,La Plata,Lima,2025,5,29,0.5140215670747202,1.0798503782164972
8,32,Santiago,Lima,2025,5,29,0.07245373763959621,1.044079814656399
8,32,Buenos Aires,Lima,2025,5,29,0.7393509019718825,1.7497596278470569
8,32,Avellaneda,Lima,2025,5,29,0.38272198038670824,0.889320427721746
8,32,Quito,Lima,2025,5,29,-0.03586026335858065,1.4414069324299472
8,32,La Boca,Lima,2025,5,29,-0.03973248484607812,1.510029418134046
8,32,Porto Alegre,Lima,2025,5,29,0.021297353181308425,2.0852515043022515
8,32,Montevideo,Lima,2025,5,29,0.35111772161773613,0.7893655978490943
8,32,Santos,Lima,2025,5,29,0.04027415971098786,1.5164072581044303
8,32,Guayaquil,Belo Horizonte,2025,5,29,0.18582876128271256,1.0888414519500187
8,32,Agua Branca,Belo Horizonte,2025,5,29,1.3572279129649323,1.729169653340319
8,32,Bogota,Belo Horizonte,2025,5,29,0.815743900316294,2.611345284054373
8,32,Rio de Janeiro,Belo Horizonte,2025,5,29,1.5788295584308307,2.3521061764795066
8,32,Asuncion,Belo Horizonte,2025,5,29,1.005476032932975,1.0007901320866115
8,32,Medellin,Belo Horizonte,2025,5,29,0.5673271125857451,2.4138954891046027
8,32,Sao Paulo,Belo Horizonte,2025,5,29,1.4587789575653256,2.5843699774234206
8,32,La Plata,Belo Horizonte,2025,5,29,0.8135714268809979,0.8303731036411459
8,32,Santiago,Belo Horizonte,2025,5,29,0.9072073975384044,0.9409347576728688
8,32,Buenos Aires,Belo Horizonte,2025,5,29,1.2987090793774363,2.2850270256039544
8,32,Avellaneda,Belo Horizonte,2025,5,29,1.046156669250299,2.7192824901871475
8,32,Quito,Belo Horizonte,2025,5,29,1.0204292773030026,1.821755045386367
8,32,La Boca,Belo Horizonte,2025,5,29,0.6020833892482021,2.4368185618220837
8,32,Porto Alegre,Belo Horizonte,2025,5,29,0.7313780886511836,2.5143989324777287
8,32,Montevideo,Belo Horizonte,2025,5,29,1.1418466366064375,2.3941077772050976
8,32,Santos,Belo Horizonte,2025,5,29,0.7972458250268885,1.568253069357772
8,32,Agua Branca,Guayaquil,2025,5,29,2.3674556924537193,0.7672418767982687
8,32,Bogota,Guayaquil,2025,5,29,0.9500804601770713,1.514901011755253
8,32,Rio de Janeiro,Guayaquil,2025,5,29,1.6897733750059216,0.7754255192901596
8,32,Asuncion,Guayaquil,2025,5,29,1.4914098680505112,0.022333799701275775
8,32,Medellin,Guayaquil,2025,5,29,2.0484188972371435,0.7954883042078026
8,32,Sao Paulo,Guayaquil,2025,5,29,2.3022045979700465,0.038874726554789595
8,32,La Plata,Guayaquil,2025,5,29,1.6938756645733337,0.4712819609916182
8,32,Santiago,Guayaquil,2025,5,29,1.4597200715282566,0.33729862050594417
8,32,Buenos Aires,Guayaquil,2025,5,29,1.9894865703974685,0.6699311667807579
8,32,Avellaneda,Guayaquil,2025,5,29,1.2390393776300486,0.3172387377277076
8,32,Quito,Guayaquil,2025,5,29,1.3516453914452227,1.029818860999502
8,32,La Boca,Guayaquil,2025,5,29,1.026786478452755,0.562398818886003
8,32,Porto Alegre,Guayaquil,2025,5,29,1.343270588253682,0.5554642442192864
8,32,Montevideo,Guayaquil,2025,5,29,1.4431035594680406,-0.0974722998309881
8,32,Santos,Guayaquil,2025,5,29,2.2378945429431165,0.16059521844353
8,32,Bogota,Agua Branca,2025,5,29,1.3428252337450948,1.53592740232715
8,32,Rio de Janeiro,Agua Branca,2025,5,29,1.1204901204570383,0.8572944283089398
8,32,Asuncion,Agua Branca,2025,5,29,1.332100046808526,0.25928047648558766
8,32,Medellin,Agua Branca,2025,5,29,0.7148424966087819,2.0297788767348557
8,32,Sao Paulo,Agua Branca,2025,5,29,1.4595926233440364,1.345668697499988
8,32,La Plata,Agua Branca,2025,5,29,1.3605381461401953,0.8071115670015918
8,32,Santiago,Agua Branca,2025,5,29,1.223588802551886,1.0141561537323132
8,32,Buenos Aires,Agua Branca,2025,5,29,1.2208803533993404,1.1132597685041263
8,32,Avellaneda,Agua Branca,2025,5,29,1.548143220451663,0.7354653320894201
8,32,Quito,Agua Branca,2025,5,29,0.9341085857347143,0.7290900564182378
8,32,La Boca,Agua Branca,2025,5,29,1.0698399283924218,1.0947148138896114
8,32,Porto Alegre,Agua Branca,2025,5,29,1.0152023029863153,0.9901816910853182
8,32,Montevideo,Agua Branca,2025,5,29,1.1032735586777302,0.3344107428439047
8,32,Santos,Agua Branca,2025,5,29,0.9166200434194576,1.1472092689734907
8,32,Rio de Janeiro,Bogota,2025,5,29,1.3433711385227394,1.64226502714156
8,32,Asuncion,Bogota,2025,5,29,1.8050911557813516,0.11129816756206776
8,32,Medellin,Bogota,2025,5,29,1.9494526217417423,0.5818487804873085
8,32,Sao Paulo,Bogota,2025,5,29,2.1259613063385494,0.7738117137244493
8,32,La Plata,Bogota,2025,5,29,1.9888229100617068,0.8483930691948113
8,32,Santiago,Bogota,2025,5,29,1.971927048641483,0.7358533058721487
8,32,Buenos Aires,Bogota,2025,5,29,1.9961548707525967,1.15317922202466
8,32,Avellaneda,Bogota,2025,5,29,1.6530007317809465,0.523776000432038
8,32,Quito,Bogota,2025,5,29,1.6346325436435318,1.2084992408122295
8,32,La Boca,Bogota,2025,5,29,1.6928344181195987,1.2057815080869565
8,32,Porto Alegre,Bogota,2025,5,29,1.769736799242419,1.2303987561030831
8,32,Montevideo,Bogota,2025,5,29,1.5561157266937813,0.06435256885820928
8,32,Santos,Bogota,2025,5,29,2.0284790743529806,0.6647777536394799
8,32,Asuncion,Rio de Janeiro,2025,5,29,0.9054274745394175,0.1232508921712455
8,32,Medellin,Rio de Janeiro,2025,5,29,0.46966753669010325,0.44008266440345106
8,32,Sao Paulo,Rio de Janeiro,2025,5,29,1.527525256448272,0.7249696596629661
8,32,La Plata,Rio de Janeiro,2025,5,29,1.4182307689120481,0.647089485773515
8,32,Santiago,Rio de Janeiro,2025,5,29,0.6792330560261713,0.9489698428704038
8,32,Buenos Aires,Rio de Janeiro,2025,5,29,1.9621704070292019,0.7063581275822379
8,32,Avellaneda,Rio de Janeiro,2025,5,29,1.405367100075774,0.2502171159062423
8,32,Quito,Rio de Janeiro,2025,5,29,1.5386316908590505,0.934067972873996
8,32,La Boca,Rio de Janeiro,2025,5,29,0.840260369250768,0.22311507767925454
8,32,Porto Alegre,Rio de Janeiro,2025,5,29,1.22934859458396,0.7635091876649268
8,32,Montevideo,Rio de Janeiro,2025,5,29,1.4762750847433195,0.08756953366417215
8,32,Santos,Rio de Janeiro,2025,5,29,1.107984685023456,0.4473210643273277
8,32,Medellin,Asuncion,2025,5,29,0.1356031600230251,2.428082826594125
8,32,Sao Paulo,Asuncion,2025,5,29,1.49785633021474,2.626907485016273
8,32,La Plata,Asuncion,2025,5,29,1.1947981223475679,0.9124871387349419
8,32,Santiago,Asuncion,2025,5,29,-0.044699347004776395,0.575932946468967
8,32,Buenos Aires,Asuncion,2025,5,29,1.9326725976115595,2.509198705677207
8,32,Avellaneda,Asuncion,2025,5,29,2.2111472502876013,3.001647637319603
8,32,Quito,Asuncion,2025,5,29,0.33236276187288727,1.8649875646932936
8,32,La Boca,Asuncion,2025,5,29,0.0867302244503197,2.80964244936347
8,32,Porto Alegre,Asuncion,2025,5,29,1.0350017440020147,2.7444382403222947
8,32,Montevideo,Asuncion,2025,5,29,1.0590938867787398,2.7809926265791094
8,32,Santos,Asuncion,2025,5,29,0.29180207005494907,1.5013884233018706
8,32,Sao Paulo,Medellin,2025,5,29,1.2926610553495232,0.8756905151742587
8,32,La Plata,Medellin,2025,5,29,1.2225380790856673,1.0066612702002664
8,32,Santiago,Medellin,2025,5,29,0.39359273826395624,1.109798950327738
8,32,Buenos Aires,Medellin,2025,5,29,2.0262236057817504,0.9852640943699299
8,32,Avellaneda,Medellin,2025,5,29,1.9804223643628025,0.43326546659685294
8,32,Quito,Medellin,2025,5,29,0.12273266735714089,1.116012830843829
8,32,La Boca,Medellin,2025,5,29,0.08798939288637551,1.366509842955646
8,32,Porto Alegre,Medellin,2025,5,29,1.146422185393674,0.9717849162023868
8,32,Montevideo,Medellin,2025,5,29,1.2703599599756252,0.1334455803941202
8,32,Santos,Medellin,2025,5,29,0.09553057811382361,1.1660773687773511
8,32,La Plata,Sao Paulo,2025,5,29,1.0006571511282654,0.8840118606280065
8,32,Santiago,Sao Paulo,2025,5,29,0.24185263507382904,0.494264866806953
8,32,Buenos Aires,Sao Paulo,2025,5,29,1.3603688575224355,1.7758842890151711
8,32,Avellaneda,Sao Paulo,2025,5,29,0.6423169861662765,1.9901071147594447
8,32,Quito,Sao Paulo,2025,5,29,0.32782034841192714,1.3180609847541382
8,32,La Boca,Sao Paulo,2025,5,29,0.7269003471069833,0.6499495638759587
8,32,Porto Alegre,Sao Paulo,2025,5,29,0.5677361398611349,1.5387590791062566
8,32,Montevideo,Sao Paulo,2025,5,29,0.7506071009420253,1.0954144935830656
8,32,Santos,Sao Paulo,2025,5,29,0.466077894949913,0.9259571752070574
8,32,Santiago,La Plata,2025,5,29,0.928344719996704,0.3877613021895995
8,32,Buenos Aires,La Plata,2025,5,29,2.076983478263634,0.4067673361814742
8,32,Avellaneda,La Plata,2025,5,29,1.7310027255905525,0.037173434391225016
8,32,Quito,La Plata,2025,5,29,0.5440478788262951,0.21068211487086372
8,32,La Boca,La Plata,2025,5,29,0.5473612972417593,0.33027509175763464
8,32,Porto Alegre,La Plata,2025,5,29,1.0495877563534923,0.6287761829660874
8,32,Montevideo,La Plata,2025,5,29,1.1418624831520996,-0.34255252241586204
8,32,Santos,La Plata,2025,5,29,0.6594391555848748,0.4566106036132621
8,32,Buenos Aires,Santiago,2025,5,29,1.6598991518905197,2.3039402751721894
8,32,Avellaneda,Santiago,2025,5,29,1.6665112512757991,1.7884016196292876
8,32,Quito,Santiago,2025,5,29,0.9601254120904686,1.8210254941042159
8,32,La Boca,Santiago,2025,5,29,1.2694179049170091,2.0799622218786284
8,32,Porto Alegre,Santiago,2025,5,29,0.9656687209345544,3.001211563411862
8,32,Montevideo,Santiago,2025,5,29,1.0512431700850209,1.3734977777500983
8,32,Santos,Santiago,2025,5,29,1.3867727613760235,1.3573055194480463
8,32,Avellaneda,Buenos Aires,2025,5,29,0.9646022239602486,3.2339897424408868
8,32,Quito,Buenos Aires,2025,5,29,1.118170091459732,2.0759704724715347
8,32,La Boca,Buenos Aires,2025,5,29,0.884707557610182,2.717781200600518
8,32,Porto Alegre,Buenos Aires,2025,5,29,0.999018652822967,2.8923251800717025
8,32,Montevideo,Buenos Aires,2025,5,29,0.7158450064885612,2.752114979277388
8,32,Santos,Buenos Aires,2025,5,29,1.517504294215974,1.8004291029356765
8,32,Quito,Avellaneda,2025,5,29,0.587544962732461,1.2642491650209746
8,32,La Boca,Avellaneda,2025,5,29,0.4619518879010222,1.15983014875044
8,32,Porto Alegre,Avellaneda,2025,5,29,0.8979794261369302,1.4252523972818332
8,32,Montevideo,Avellaneda,2025,5,29,1.1917124061415338,1.0696996159595036
8,32,Santos,Avellaneda,2025,5,29,0.7794169060306791,0.9187037266928887
8,32,La Boca,Quito,2025,5,29,1.7938243415257775,0.8472745534540105
8,32,Porto Alegre,Quito,2025,5,29,1.879700318264828,1.3869910210854655
8,32,Montevideo,Quito,2025,5,29,1.644539026258663,0.35373388825585306
8,32,Santos,Quito,2025,5,29,2.2724358255917845,1.0115612444164281
8,32,Porto Alegre,La Boca,2025,5,29,0.9909656395755954,2.497995553116385
8,32,Montevideo,La Boca,2025,5,29,1.0941170501616304,1.5802683717768475
8,32,Santos,La Boca,2025,5,29,0.8154406871354918,1.261176677300218
8,32,Montevideo,Porto Alegre,2025,5,29,1.2915137418808194,-0.07028568961536462
8,32,Santos,Porto Alegre,2025,5,29,0.9222687316481668,0.3956776308671295
8,32,Santos,Montevideo,2025,5,29,0.8863652799155127,0.8040860768487019
8,35,Penarol,Itaquera,2025,5,29,0.5122713241239278,-0.015522787001634954
8,35,Lima,Itaquera,2025,5,29,0.6495911046329532,0.4457048800107878
8,35,Belo Horizonte,Itaquera,2025,5,29,0.4548747071022938,1.166152845325411
8,35,Guayaquil,Itaquera,2025,5,29,0.7550200484995291,0.4808179174172694
8,35,Agua Branca,Itaquera,2025,5,29,0.5528713905960262,0.9306096659923841
8,35,Bogota,Itaquera,2025,5,29,0.09108172496171985,1.305119978093252
8,35,Rio de Janeiro,Itaquera,2025,5,29,0.40270741402432325,0.4576583624621913
8,35,Asuncion,Itaquera,2025,5,29,0.3707087026371954,-0.1381396144840965
8,35,Medellin,Itaquera,2025,5,29,0.4885073964339566,0.7832158937853151
8,35,Sao Paulo,Itaquera,2025,5,29,0.12533814782849484,-0.07566703781659652
8,35,La Plata,Itaquera,2025,5,29,0.6960796305247058,0.6276909173031665
8,35,Santiago,Itaquera,2025,5,29,0.5737191241464569,0.4240934605906401
8,35,Buenos Aires,Itaquera,2025,5,29,0.6558461222052272,0.7409662944143892
8,35,Avellaneda,Itaquera,2025,5,29,0.5310941740292846,0.15074314150111093
8,35,Quito,Itaquera,2025,5,29,0.5984727617376484,0.6830813122892899
8,35,La Boca,Itaquera,2025,5,29,0.47397654045837123,0.30533364989396794
8,35,Porto Alegre,Itaquera,2025,5,29,0.5155532668845657,0.19884392985686328
8,35,Montevideo,Itaquera,2025,5,29,0.4351445750593867,-0.22219174104920777
8,35,Santos,Itaquera,2025,5,29,0.390564888824997,0.3623662255999208
8,35,Lima,Penarol,2025,5,29,0.4195322908570514,0.5244355407930064
8,35,Belo Horizonte,Penarol,2025,5,29,0.8453972383388659,2.6146201251709087
8,35,Guayaquil,Penarol,2025,5,29,0.6040018479883755,1.2566389609873074
8,35,Agua Branca,Penarol,2025,5,29,1.067291453580808,1.7673974061053221
8,35,Bogota,Penarol,2025,5,29,1.2712314581547184,2.557520626604418
8,35,Rio de Janeiro,Penarol,2025,5,29,1.256151697654503,2.0322636078024803
8,35,Asuncion,Penarol,2025,5,29,1.591562030084657,0.9606941867726224
8,35,Medellin,Penarol,2025,5,29,0.4210008618963692,2.6175867289021055
8,35,Sao Paulo,Penarol,2025,5,29,2.0796443714213035,2.271797295970913
8,35,La Plata,Penarol,2025,5,29,1.9985664680942705,0.8153154776272947
8,35,Santiago,Penarol,2025,5,29,1.5730878612007848,0.8183177966510699
8,35,Buenos Aires,Penarol,2025,5,29,1.9491556754223147,2.4212864371055796
8,35,Avellaneda,Penarol,2025,5,29,0.8947534836788182,2.2761680922593324
8,35,Quito,Penarol,2025,5,29,0.9234076162542503,1.8207505718372077
8,35,La Boca,Penarol,2025,5,29,0.7367435712982218,1.9922764650180373
8,35,Porto Alegre,Penarol,2025,5,29,1.0001123577685826,2.4330523822834853
8,35,Montevideo,Penarol,2025,5,29,1.0136679683981498,1.8830090103571695
8,35,Santos,Penarol,2025,5,29,1.751400969053421,1.5586361977811647
8,35,Belo Horizonte,Lima,2025,5,29,0.12749650428494697,1.9517670460312853
8,35,Guayaquil,Lima,2025,5,29,0.6982810845076682,1.1716011893957652
8,35,Agua Branca,Lima,2025,5,29,0.04601984049956752,1.1717175628246972
8,35,Bogota,Lima,2025,5,29,0.3213621308458213,2.2098910971682026
8,35,Rio de Janeiro,Lima,2025,5,29,-0.044871983959329655,1.3934417861435375
8,35,Asuncion,Lima,2025,5,29,0.08568718734860946,0.3681318443697004
8,35,Medellin,Lima,2025,5,29,-0.01138356364057565,1.8749631604607335
8,35,Sao Paulo,Lima,2025,5,29,0.059237713369872824,1.6223904105350366
8,35,La Plata,Lima,2025,5,29,0.5276010510763667,1.0156070212679962
8,35,Santiago,Lima,2025,5,29,0.08041809125772126,1.0345221705958483
8,35,Buenos Aires,Lima,2025,5,29,0.7473135874917634,1.7072341427961981
8,35,Avellaneda,Lima,2025,5,29,0.39629979629011036,0.8875065411241897
8,35,Quito,Lima,2025,5,29,-0.024940408192695017,1.4252329601155445
8,35,La Boca,Lima,2025,5,29,-0.04239211368183886,1.4294474849223697
8,35,Porto Alegre,Lima,2025,5,29,0.029261706799433476,1.9952794612933809
8,35,Montevideo,Lima,2025,5,29,0.3564224464001004,0.766003748583663
8,35,Santos,Lima,2025,5,29,0.05385364371263423,1.4763208414415343
8,35,Guayaquil,Belo Horizonte,2025,5,29,0.2899109177916124,1.1073189422798377
8,35,Agua Branca,Belo Horizonte,2025,5,29,0.9764074613572157,1.7571475587636427
8,35,Bogota,Belo Horizonte,2025,5,29,0.819392810420594,2.5140724412451476
8,35,Rio de Janeiro,Belo Horizonte,2025,5,29,1.1702401083658975,2.2203583696294884
8,35,Asuncion,Belo Horizonte,2025,5,29,0.958494855076085,1.0851193624906554
8,35,Medellin,Belo Horizonte,2025,5,29,0.5662453749021507,2.392213673267084
8,35,Sao Paulo,Belo Horizonte,2025,5,29,1.287445552990478,2.593429361608627
8,35,La Plata,Belo Horizonte,2025,5,29,0.8141219293781229,0.8492870612194374
8,35,Santiago,Belo Horizonte,2025,5,29,0.9248688642021771,1.0075498601666362
8,35,Buenos Aires,Belo Horizonte,2025,5,29,1.3568890099639905,2.2633452097664355
8,35,Avellaneda,Belo Horizonte,2025,5,29,0.8989800736966593,2.691701314107716
8,35,Quito,Belo Horizonte,2025,5,29,0.6225254290423973,1.8883219592168108
8,35,La Boca,Belo Horizonte,2025,5,29,0.6528104445503996,2.4032972950583766
8,35,Porto Alegre,Belo Horizonte,2025,5,29,0.5697984184932752,2.4307224408118078
8,35,Montevideo,Belo Horizonte,2025,5,29,1.0814859016245666,2.387270517389834
8,35,Santos,Belo Horizonte,2025,5,29,0.8051991706081043,1.6384637904852997
8,35,Agua Branca,Guayaquil,2025,5,29,2.130561189540106,0.7412082161929237
8,35,Bogota,Guayaquil,2025,5,29,1.1324844403406693,1.4527542264100926
8,35,Rio de Janeiro,Guayaquil,2025,5,29,1.454322270173398,0.6776486266642505
8,35,Asuncion,Guayaquil,2025,5,29,1.4520876941420742,0.040787837524602875
8,35,Medellin,Guayaquil,2025,5,29,2.0601758923515225,0.7954883042078026
8,35,Sao Paulo,Guayaquil,2025,5,29,2.560535838814653,0.03929308548673423
8,35,La Plata,Guayaquil,2025,5,29,1.9522069054179405,0.43618435254124127
8,35,Santiago,Guayaquil,2025,5,29,1.5232735562494315,0.3377169794378888
8,35,Buenos Aires,Guayaquil,2025,5,29,2.363363525212804,0.6699311667807579
8,35,Avellaneda,Guayaquil,2025,5,29,1.399249068504175,0.3112354566323601
8,35,Quito,Guayaquil,2025,5,29,1.0739072358166168,1.030085110414688
8,35,La Boca,Guayaquil,2025,5,29,1.0994437621633475,0.5288775521222965
8,35,Porto Alegre,Guayaquil,2025,5,29,1.343270588253682,0.4934695683908848
8,35,Montevideo,Guayaquil,2025,5,29,1.4446250382745958,-0.10430955964625079
8,35,Santos,Guayaquil,2025,5,29,2.4656957281060206,0.16493074699034105
8,35,Bogota,Agua Branca,2025,5,29,1.3428252337450948,1.4469027697457166
8,35,Rio de Janeiro,Agua Branca,2025,5,29,1.058792292194284,0.8328559896382625
8,35,Asuncion,Agua Branca,2025,5,29,1.305611351500408,0.2953555690870867
8,35,Medellin,Agua Branca,2025,5,29,0.7031884386419283,2.139049936581518
8,35,Sao Paulo,Agua Branca,2025,5,29,1.2734428678860608,1.4074611270035464
8,35,La Plata,Agua Branca,2025,5,29,1.353321718502956,0.8597032532506046
8,35,Santiago,Agua Branca,2025,5,29,1.2396935899603845,1.017018037688916
8,35,Buenos Aires,Agua Branca,2025,5,29,1.2353717885358935,1.1014563736380611
8,35,Avellaneda,Agua Branca,2025,5,29,1.265875749178002,0.7331006691985096
8,35,Quito,Agua Branca,2025,5,29,0.7218980342365359,0.7508646967422951
8,35,La Boca,Agua Branca,2025,5,29,1.031287904270244,1.115410067532805
8,35,Porto Alegre,Agua Branca,2025,5,29,0.8586525597766572,0.9163836203908515
8,35,Montevideo,Agua Branca,2025,5,29,1.040704928049978,0.3382657305443569
8,35,Santos,Agua Branca,2025,5,29,0.9276370956697021,1.2253750147754232
8,35,Rio de Janeiro,Bogota,2025,5,29,1.3142844809221264,1.4992217299611628
8,35,Asuncion,Bogota,2025,5,29,1.7464983823002802,0.11278090905650008
8,35,Medellin,Bogota,2025,5,29,1.940417538476932,0.5901190392736967
8,35,Sao Paulo,Bogota,2025,5,29,2.221155464897013,0.7274457920030206
8,35,La Plata,Bogota,2025,5,29,2.2151026164180565,0.8019999704140549
8,35,Santiago,Bogota,2025,5,29,1.9872503001075612,0.7219890761487197
8,35,Buenos Aires,Bogota,2025,5,29,2.237757828575025,1.1049257191451778
8,35,Avellaneda,Bogota,2025,5,29,1.532150700290885,0.48539464988617437
8,35,Quito,Bogota,2025,5,29,1.4642248219372092,1.2079165071817692
8,35,La Boca,Bogota,2025,5,29,1.6444771609463513,1.1432009390632532
8,35,Porto Alegre,Bogota,2025,5,29,1.6386512514445335,1.120150577395199
8,35,Montevideo,Bogota,2025,5,29,1.5561157266937813,0.0276098902112845
8,35,Santos,Bogota,2025,5,29,2.254758780709329,0.6366429051227759
8,35,Asuncion,Rio de Janeiro,2025,5,29,0.8689670091619555,-0.05906886762230969
8,35,Medellin,Rio de Janeiro,2025,5,29,0.4514312112614598,0.4651714562716215
8,35,Sao Paulo,Rio de Janeiro,2025,5,29,1.4719111962492977,0.5132509322267041
8,35,La Plata,Rio de Janeiro,2025,5,29,1.493137522616403,0.6165718756244195
8,35,Santiago,Rio de Janeiro,2025,5,29,0.6746521997866409,0.7552524796221145
8,35,Buenos Aires,Rio de Janeiro,2025,5,29,2.056612913576502,0.6763923800106466
8,35,Avellaneda,Rio de Janeiro,2025,5,29,1.1943624868197844,0.05755854647052856
8,35,Quito,Rio de Janeiro,2025,5,29,0.9904353322546017,0.9157317634689153
8,35,La Boca,Rio de Janeiro,2025,5,29,0.8017083451285905,0.18281052046550458
8,35,Porto Alegre,Rio de Janeiro,2025,5,29,1.10221294615747,0.48937742546831814
8,35,Montevideo,Rio de Janeiro,2025,5,29,1.4730490539147578,-0.09625797201413112
8,35,Santos,Rio de Janeiro,2025,5,29,1.2096556742262208,0.43520825994677
8,35,Medellin,Asuncion,2025,5,29,0.1523284191799876,2.3941119123700165
8,35,Sao Paulo,Asuncion,2025,5,29,1.5330765750383761,2.62367777081489
8,35,La Plata,Asuncion,2025,5,29,1.3970187606383067,0.9557544943784728
8,35,Santiago,Asuncion,2025,5,29,-0.028501483073081098,0.6287897283500361
8,35,Buenos Aires,Asuncion,2025,5,29,2.115932942103476,2.4737585692269897
8,35,Avellaneda,Asuncion,2025,5,29,1.8674977762578073,2.9679429725106803
8,35,Quito,Asuncion,2025,5,29,0.12842696959399055,1.919161459283713
8,35,La Boca,Asuncion,2025,5,29,0.08034394504436106,2.800578501518438
8,35,Porto Alegre,Asuncion,2025,5,29,0.8768403166186557,2.6470034280436754
8,35,Montevideo,Asuncion,2025,5,29,0.990654129375823,2.770086087632221
8,35,Santos,Asuncion,2025,5,29,0.5331022748713625,1.5540930956661811
8,35,Sao Paulo,Medellin,2025,5,29,1.0871426058907798,0.9426144928996926
8,35,La Plata,Medellin,2025,5,29,1.1925507787049519,1.0621685191315184
8,35,Santiago,Medellin,2025,5,29,0.40664482704033544,1.1090728020365443
8,35,Buenos Aires,Medellin,2025,5,29,1.9641248700669836,0.9841195871467918
8,35,Avellaneda,Medellin,2025,5,29,1.6194812291832448,0.4384156074751773
8,35,Quito,Medellin,2025,5,29,-0.08825926976369464,1.1279670840133105
8,35,La Boca,Medellin,2025,5,29,0.07136759717259286,1.4103875537203876
8,35,Porto Alegre,Medellin,2025,5,29,0.9868197435518961,0.908645733150847
8,35,Montevideo,Medellin,2025,5,29,1.2090099437252153,0.13698027774512175
8,35,Santos,Medellin,2025,5,29,0.10349493173194864,1.2307789201276238
8,35,La Plata,Sao Paulo,2025,5,29,1.2263704554918133,0.8379722610143713
8,35,Santiago,Sao Paulo,2025,5,29,0.25313343356255313,0.5011373819512803
8,35,Buenos Aires,Sao Paulo,2025,5,29,1.6027234517254298,1.7015711290543583
8,35,Avellaneda,Sao Paulo,2025,5,29,0.6583918740129218,1.954744454030921
8,35,Quito,Sao Paulo,2025,5,29,0.3357847020300522,1.3079829990046572
8,35,La Boca,Sao Paulo,2025,5,29,0.7371358634148072,0.5692242432779568
8,35,Porto Alegre,Sao Paulo,2025,5,29,0.5773121776529612,1.4169993611874334
8,35,Montevideo,Sao Paulo,2025,5,29,0.7500406989492242,1.0685179469666328
8,35,Santos,Sao Paulo,2025,5,29,0.7019336390980879,0.9039311284927007
8,35,Santiago,La Plata,2025,5,29,0.9436679714627821,0.37595727839966353
8,35,Buenos Aires,La Plata,2025,5,29,2.2647654698799724,0.37999683558920216
8,35,Avellaneda,La Plata,2025,5,29,1.5714475921718012,0.06011484360393787
8,35,Quito,La Plata,2025,5,29,0.510279411957475,0.21069036494778734
8,35,La Boca,La Plata,2025,5,29,0.5238283466807627,0.25558675196398717
8,35,Porto Alegre,La Plata,2025,5,29,1.0167554187957748,0.6169721591761512
8,35,Montevideo,La Plata,2025,5,29,1.0761970233878644,-0.357671261116942
8,35,Santos,La Plata,2025,5,29,0.8857188619412234,0.43417563156780115
8,35,Buenos Aires,Santiago,2025,5,29,1.6945157535109934,2.263636763884347
8,35,Avellaneda,Santiago,2025,5,29,1.6040652849746522,1.7396581295192703
8,35,Quito,Santiago,2025,5,29,0.931723093347917,1.8307102371369819
8,35,La Boca,Santiago,2025,5,29,1.218401018908001,2.0464409551149214
8,35,Porto Alegre,Santiago,2025,5,29,0.9680069361322489,2.913043135234065
8,35,Montevideo,Santiago,2025,5,29,1.0480171392564592,1.35031532062855
8,35,Santos,Santiago,2025,5,29,1.486832066405087,1.336854413107796
8,35,Avellaneda,Buenos Aires,2025,5,29,0.9762222117758493,3.2533748632056008
8,35,Quito,Buenos Aires,2025,5,29,0.7537084929799847,2.1358436745811273
8,35,La Boca,Buenos Aires,2025,5,29,0.8453853837017451,2.6795145631091635
8,35,Porto Alegre,Buenos Aires,2025,5,29,1.00842402089951,2.800855924727442
8,35,Montevideo,Buenos Aires,2025,5,29,0.7252503745651045,2.7554957150235877
8,35,Santos,Buenos Aires,2025,5,29,1.7588044990323881,1.8770208712273004
8,35,Quito,Avellaneda,2025,5,29,0.5268151915795077,1.3175740765657478
8,35,La Boca,Avellaneda,2025,5,29,0.3771665350231939,1.109213963110355
8,35,Porto Alegre,Avellaneda,2025,5,29,0.9070192500710441,1.3908508589440232
8,35,Montevideo,Avellaneda,2025,5,29,1.1935762998756905,1.027579648859721
8,35,Santos,Avellaneda,2025,5,29,1.0167026566003632,0.9433620110907539
8,35,La Boca,Quito,2025,5,29,1.7428074555167694,0.7545848494723901
8,35,Porto Alegre,Quito,2025,5,29,1.8927545964456713,1.0833846793729973
8,35,Montevideo,Quito,2025,5,29,1.6549336756037456,0.1463581090919504
8,35,Santos,Quito,2025,5,29,2.379562283499697,0.9752781475972112
8,35,Porto Alegre,La Boca,2025,5,29,0.8694561295695362,2.3948484750363823
8,35,Montevideo,La Boca,2025,5,29,1.0935506481688297,1.5554297477736119
8,35,Santos,La Boca,2025,5,29,0.825016724927318,1.2437825999491454
8,35,Montevideo,Porto Alegre,2025,5,29,1.2338126357347092,-0.07712294943062732
8,35,Santos,Porto Alegre,2025,5,29,1.02795417509766,0.426006664162517
8,35,Santos,Montevideo,2025,5,29,0.8863542718786035,0.8054735552245178
8,38,Penarol,Itaquera,2025,5,29,0.5417432227135519,-0.026923504479761256
8,38,Lima,Itaquera,2025,5,29,0.6643621326765881,0.42500898853409413
8,38,Belo Horizonte,Itaquera,2025,5,29,0.5178033056573401,1.1999479942777682
8,38,Guayaquil,Itaquera,2025,5,29,0.7550200484995291,0.511230470284061
8,38,Agua Branca,Itaquera,2025,5,29,0.5794904416537736,0.8658927361296276
8,38,Bogota,Itaquera,2025,5,29,0.1347152290510221,1.3302066806837927
8,38,Rio de Janeiro,Itaquera,2025,5,29,0.39947975799325924,0.45806161618102426
8,38,Asuncion,Itaquera,2025,5,29,0.40055540972600695,-0.10434446553173907
8,38,Medellin,Itaquera,2025,5,29,0.5647768014308362,0.8136284466521068
8,38,Sao Paulo,Itaquera,2025,5,29,0.3368815198410656,-0.04493075156617955
8,38,La Plata,Itaquera,2025,5,29,0.7076230025372766,0.6152857681342768
8,38,Santiago,Itaquera,2025,5,29,0.5737191241464569,0.44941605116907807
8,38,Buenos Aires,Itaquera,2025,5,29,0.6698795793935427,0.7747614433667467
8,38,Avellaneda,Itaquera,2025,5,29,0.5457819738703933,0.08908507434029493
8,38,Quito,Itaquera,2025,5,29,0.6452506936554885,0.7134938651560816
8,38,La Boca,Itaquera,2025,5,29,0.5474567516364847,0.31394709989276587
8,38,Porto Alegre,Itaquera,2025,5,29,0.7450120947693095,0.23206462645916742
8,38,Montevideo,Itaquera,2025,5,29,0.6319299897332035,-0.22470696324247866
8,38,Santos,Itaquera,2025,5,29,0.4439690931366234,0.38340242827636956
8,38,Lima,Penarol,2025,5,29,0.5233120097791261,0.7205228257030725
8,38,Belo Horizonte,Penarol,2025,5,29,0.97903860376445,2.739973048675648
8,38,Guayaquil,Penarol,2025,5,29,0.6808013409512329,1.4957758511685697
8,38,Agua Branca,Penarol,2025,5,29,1.1496838300677166,1.8382827971516158
8,38,Bogota,Penarol,2025,5,29,1.3281489003542926,2.574364449826191
8,38,Rio de Janeiro,Penarol,2025,5,29,1.260559089775448,2.0387128219819624
8,38,Asuncion,Penarol,2025,5,29,1.5701478828558328,1.115516989054112
8,38,Medellin,Penarol,2025,5,29,0.5911397515196296,2.670938580523083
8,38,Sao Paulo,Penarol,2025,5,29,2.14412129203604,2.4667104051499007
8,38,La Plata,Penarol,2025,5,29,1.9560092089622088,0.8215664425179651
8,38,Santiago,Penarol,2025,5,29,1.5473135994273242,1.010935149163972
8,38,Buenos Aires,Penarol,2025,5,29,1.9549784125243153,2.4458781986111204
8,38,Avellaneda,Penarol,2025,5,29,0.9928010844401038,2.445771615468905
8,38,Quito,Penarol,2025,5,29,0.9381709858322063,1.980390506283487
8,38,La Boca,Penarol,2025,5,29,0.7515069408761778,2.0427632055695506
8,38,Porto Alegre,Penarol,2025,5,29,0.9827855952698079,2.4570148596339103
8,38,Montevideo,Penarol,2025,5,29,1.0097027415117663,1.9208778982372872
8,38,Santos,Penarol,2025,5,29,1.8406908228370193,1.6682783667252976
8,38,Belo Horizonte,Lima,2025,5,29,0.17850432139787134,2.068430613842094
8,38,Guayaquil,Lima,2025,5,29,0.7059161326596772,1.40319105753431
8,38,Agua Branca,Lima,2025,5,29,0.06071811011519279,1.2812257671174743
8,38,Bogota,Lima,2025,5,29,0.33613315888945616,2.228159861248453
8,38,Rio de Janeiro,Lima,2025,5,29,-0.039274480528139415,1.396885165236805
8,38,Asuncion,Lima,2025,5,29,0.10360264322078212,0.5054346368856141
8,38,Medellin,Lima,2025,5,29,0.043772947530315826,1.8897635072307986
8,38,Sao Paulo,Lima,2025,5,29,0.271971196692689,1.7955026035844461
8,38,La Plata,Lima,2025,5,29,0.5403345343991827,1.0818381960371488
8,38,Santiago,Lima,2025,5,29,0.08805313940973031,1.197549076121156
8,38,Buenos Aires,Lima,2025,5,29,0.7613470446800789,1.7345497875289706
8,38,Avellaneda,Lima,2025,5,29,0.4306684295675373,1.1027345283521572
8,38,Quito,Lima,2025,5,29,0.0006100958314867251,1.5795661349534589
8,38,La Boca,Lima,2025,5,29,-0.002070581614022234,1.4613784250417596
8,38,Porto Alegre,Lima,2025,5,29,0.26754569414643115,2.0137096201494473
8,38,Montevideo,Lima,2025,5,29,0.554397972384162,0.7760375193142222
8,38,Santos,Lima,2025,5,29,0.12412832082087355,1.5647241414058084
8,38,Guayaquil,Belo Horizonte,2025,5,29,0.2921138643641747,1.3491362577052899
8,38,Agua Branca,Belo Horizonte,2025,5,29,1.0543508691910068,1.9038244232803037
8,38,Bogota,Belo Horizonte,2025,5,29,0.8870973870663933,2.549227808117085
8,38,Rio de Janeiro,Belo Horizonte,2025,5,29,1.1797844949608074,2.223226791009848
8,38,Asuncion,Belo Horizonte,2025,5,29,0.9728482232285429,1.268593919026162
8,38,Medellin,Belo Horizonte,2025,5,29,0.6558138330633851,2.464610463656465
8,38,Sao Paulo,Belo Horizonte,2025,5,29,1.5570594680791783,2.8662300455092917
8,38,La Plata,Belo Horizonte,2025,5,29,0.8190412524646512,0.9278119544742041
8,38,Santiago,Belo Horizonte,2025,5,29,0.9270718107747393,1.181099009500316
8,38,Buenos Aires,Belo Horizonte,2025,5,29,1.3585735560444905,2.302277851437764
8,38,Avellaneda,Belo Horizonte,2025,5,29,0.9113348209312742,2.961305532882302
8,38,Quito,Belo Horizonte,2025,5,29,0.6325825941302252,2.0699209475644706
8,38,La Boca,Belo Horizonte,2025,5,29,0.6669446423396006,2.513369817666904
8,38,Porto Alegre,Belo Horizonte,2025,5,29,0.7847749066676312,2.465728555387811
8,38,Montevideo,Belo Horizonte,2025,5,29,1.2888404123517947,2.4286112627472645
8,38,Santos,Belo Horizonte,2025,5,29,0.8824612045536943,1.7510074152822948
8,38,Agua Branca,Guayaquil,2025,5,29,1.9606814376478365,0.6985895318710655
8,38,Bogota,Guayaquil,2025,5,29,1.1613469163863366,1.4861241753083305
8,38,Rio de Janeiro,Guayaquil,2025,5,29,1.454322270173398,0.7297127432147871
8,38,Asuncion,Guayaquil,2025,5,29,1.282207942249806,0.11241464407869053
8,38,Medellin,Guayaquil,2025,5,29,1.919158616504921,0.8302010531332479
8,38,Sao Paulo,Guayaquil,2025,5,29,2.560535838814653,0.09995572553038658
8,38,La Plata,Guayaquil,2025,5,29,1.9522069054179405,0.4788084562928488
8,38,Santiago,Guayaquil,2025,5,29,1.5232735562494315,0.36303957001632675
8,38,Buenos Aires,Guayaquil,2025,5,29,2.363363525212804,0.7076664578771976
8,38,Avellaneda,Guayaquil,2025,5,29,1.229369316611907,0.3349501969351272
8,38,Quito,Guayaquil,2025,5,29,1.1027697118622841,1.0998363487809293
8,38,La Boca,Guayaquil,2025,5,29,1.1283062382090148,0.5812827428597455
8,38,Porto Alegre,Guayaquil,2025,5,29,1.343270588253682,0.526690264993189
8,38,Montevideo,Guayaquil,2025,5,29,1.4446250382745958,-0.07094241244699935
8,38,Santos,Guayaquil,2025,5,29,2.4656957281060206,0.19296595451281257
8,38,Bogota,Agua Branca,2025,5,29,1.332038099298869,1.455960130921882
8,38,Rio de Janeiro,Agua Branca,2025,5,29,1.065621801251048,0.8154362017164369
8,38,Asuncion,Agua Branca,2025,5,29,1.3290168791149526,0.3219334150142835
8,38,Medellin,Agua Branca,2025,5,29,0.8671130105757285,2.154754610550984
8,38,Sao Paulo,Agua Branca,2025,5,29,1.3034236428726225,1.4831353451242524
8,38,La Plata,Agua Branca,2025,5,29,1.3412307660618052,0.84346339714212
8,38,Santiago,Agua Branca,2025,5,29,1.2076790276205007,1.030145993792573
8,38,Buenos Aires,Agua Branca,2025,5,29,1.2370563346163934,1.1158395850904774
8,38,Avellaneda,Agua Branca,2025,5,29,1.2637222977304934,0.8094432608077408
8,38,Quito,Agua Branca,2025,5,29,0.7698698348321176,0.7731566386251807
8,38,La Boca,Agua Branca,2025,5,29,1.0887688391466461,1.1681475745175445
8,38,Porto Alegre,Agua Branca,2025,5,29,0.8437479142137009,0.9335666933261969
8,38,Montevideo,Agua Branca,2025,5,29,1.0399124596596134,0.3329135305449162
8,38,Santos,Agua Branca,2025,5,29,0.9991437784035148,1.2336879547398725
8,38,Rio de Janeiro,Bogota,2025,5,29,1.3088523793426796,1.5038556293189895
8,38,Asuncion,Bogota,2025,5,29,1.7366954788971989,0.1376405971200283
8,38,Medellin,Bogota,2025,5,29,1.9757791641597915,0.6080574162739739
8,38,Sao Paulo,Bogota,2025,5,29,2.0530193317982572,0.7685132640436413
8,38,La Plata,Bogota,2025,5,29,2.175453005926163,0.8017190164620198
8,38,Santiago,Bogota,2025,5,29,1.9421685880362212,0.7400646088959717
8,38,Buenos Aires,Bogota,2025,5,29,2.237757828575025,1.12490522871099
8,38,Avellaneda,Bogota,2025,5,29,1.3819300230643028,0.49580606896785145
8,38,Quito,Bogota,2025,5,29,1.3086491118438481,1.2290612405850467
8,38,La Boca,Bogota,2025,5,29,1.6581046320094905,1.167481316896172
8,38,Porto Alegre,Bogota,2025,5,29,1.616917096824813,1.1355482323568444
8,38,Montevideo,Bogota,2025,5,29,1.5561157266937813,0.02454622504771675
8,38,Santos,Bogota,2025,5,29,2.2672421350020544,0.6438634684126794
8,38,Asuncion,Rio de Janeiro,2025,5,29,0.9744083634308373,-0.09111428555206776
8,38,Medellin,Rio de Janeiro,2025,5,29,0.49782244195495634,0.45053254496291234
8,38,Sao Paulo,Rio de Janeiro,2025,5,29,1.1901755235742013,0.547833836362326
8,38,La Plata,Rio de Janeiro,2025,5,29,1.580046980915422,0.5771741179297214
8,38,Santiago,Rio de Janeiro,2025,5,29,0.6912722003524373,0.7453698926757416
8,38,Buenos Aires,Rio de Janeiro,2025,5,29,2.0799513305695005,0.6651360647875032
8,38,Avellaneda,Rio de Janeiro,2025,5,29,0.8496289271614309,0.031760995741520026
8,38,Quito,Rio de Janeiro,2025,5,29,0.8923927695019865,0.8909138135604132
8,38,La Boca,Rio de Janeiro,2025,5,29,0.8944907653594242,0.23895736699174405
8,38,Porto Alegre,Rio de Janeiro,2025,5,29,1.141915605708335,0.47813472529393236
8,38,Montevideo,Rio de Janeiro,2025,5,29,1.4710245798988193,-0.10521014131659195
8,38,Santos,Rio de Janeiro,2025,5,29,1.1785591777597881,0.40906354168532805
8,38,Medellin,Asuncion,2025,5,29,0.18841001200588342,2.453538354847676
8,38,Sao Paulo,Asuncion,2025,5,29,1.2504289237985504,2.8965632727870005
8,38,La Plata,Asuncion,2025,5,29,1.4245208556726836,1.0971047628224104
8,38,Santiago,Asuncion,2025,5,29,-0.027693284086104157,0.8576467388746881
8,38,Buenos Aires,Asuncion,2025,5,29,2.1214356718145804,2.5000809169011675
8,38,Avellaneda,Asuncion,2025,5,29,1.5154060502632096,3.2978851641267477
8,38,Quito,Asuncion,2025,5,29,0.048509409118374494,2.1693897730360594
8,38,La Boca,Asuncion,2025,5,29,0.159116986712474,2.9239263296856457
8,38,Porto Alegre,Asuncion,2025,5,29,0.896174444694696,2.6727513233678
8,38,Montevideo,Asuncion,2025,5,29,0.9899165585205036,2.863129524851119
8,38,Santos,Asuncion,2025,5,29,0.5835513920744062,1.6736655790293087
8,38,Sao Paulo,Medellin,2025,5,29,1.0148463793169291,0.9707167863539304
8,38,La Plata,Medellin,2025,5,29,1.2249721968258573,1.0937360335933661
8,38,Santiago,Medellin,2025,5,29,0.4205201757587682,1.1390471188471067
8,38,Buenos Aires,Medellin,2025,5,29,1.9696275997780879,0.9837343195749072
8,38,Avellaneda,Medellin,2025,5,29,1.2894955520680418,0.5024656769182315
8,38,Quito,Medellin,2025,5,29,-0.16054178208730174,1.1585501644259566
8,38,La Boca,Medellin,2025,5,29,0.1617891163682943,1.4471819301623152
8,38,Porto Alegre,Medellin,2025,5,29,1.2172895706626061,0.9077532733389402
8,38,Montevideo,Medellin,2025,5,29,1.4131916959564241,0.17154898541967328
8,38,Santos,Medellin,2025,5,29,0.17997583508733525,1.2303936525557393
8,38,La Plata,Sao Paulo,2025,5,29,1.235675415296497,0.9841973090819183
8,38,Santiago,Sao Paulo,2025,5,29,0.2621183859763406,0.6704958676997755
8,38,Buenos Aires,Sao Paulo,2025,5,29,1.6112908406747943,1.7827598886103841
8,38,Avellaneda,Sao Paulo,2025,5,29,0.685612289689778,2.125749017956919
8,38,Quito,Sao Paulo,2025,5,29,0.3537001579022249,1.4748873624807362
8,38,La Boca,Sao Paulo,2025,5,29,0.7564699914908471,0.5808778186511893
8,38,Porto Alegre,Sao Paulo,2025,5,29,0.5966463057290011,1.4586852744026106
8,38,Montevideo,Sao Paulo,2025,5,29,0.7500537696541046,1.110576864264975
8,38,Santos,Sao Paulo,2025,5,29,0.7585654994407782,1.0599516886497693
8,38,Santiago,La Plata,2025,5,29,0.9444761704497591,0.40259763353569494
8,38,Buenos Aires,La Plata,2025,5,29,2.2702681995910767,0.4099365670444125
8,38,Avellaneda,La Plata,2025,5,29,1.572255791158778,0.05414710595238423
8,38,Quito,La Plata,2025,5,29,0.5391418880031421,0.2190973343692728
8,38,La Boca,La Plata,2025,5,29,0.5472587211469835,0.25994439115956297
8,38,Porto Alegre,La Plata,2025,5,29,1.0167554187957748,0.6427200545002759
8,38,Montevideo,La Plata,2025,5,29,1.0762100940927448,-0.3523774269762004
8,38,Santos,La Plata,2025,5,29,0.9190031648322942,0.4425857391126852
8,38,Buenos Aires,Santiago,2025,5,29,1.6828962168336872,2.319862041080179
8,38,Avellaneda,Santiago,2025,5,29,1.469804786945475,1.9137949993236574
8,38,Quito,Santiago,2025,5,29,0.9176239868802057,2.0105791921484055
8,38,La Boca,Santiago,2025,5,29,1.2162331636569288,2.0574701627936594
8,38,Porto Alegre,Santiago,2025,5,29,0.9506801736334735,2.937699009447589
8,38,Montevideo,Santiago,2025,5,29,1.0448025539302754,1.3623166304151912
8,38,Santos,Santiago,2025,5,29,1.509167985103085,1.4701766860124115
8,38,Avellaneda,Buenos Aires,2025,5,29,0.9208100644869044,3.8013589464819506
8,38,Quito,Buenos Aires,2025,5,29,0.7241160475759195,2.5092091983357006
8,38,La Boca,Buenos Aires,2025,5,29,0.8281418494054957,2.8445402928732086
8,38,Porto Alegre,Buenos Aires,2025,5,29,0.9985219266256077,2.8713497298197916
8,38,Montevideo,Buenos Aires,2025,5,29,0.7326048852923323,3.0038520485809674
8,38,Santos,Buenos Aires,2025,5,29,1.7818393712459837,2.078455892512788
8,38,Quito,Avellaneda,2025,5,29,0.563312715777184,1.5003245786446586
8,38,La Boca,Avellaneda,2025,5,29,0.42559531043750914,1.1493989323979972
8,38,Porto Alegre,Avellaneda,2025,5,29,0.9126167535022343,1.414813336294448
8,38,Montevideo,Avellaneda,2025,5,29,1.1908011842995523,1.0915766516130316
8,38,Santos,Avellaneda,2025,5,29,1.0215625891762343,1.033297767361574
8,38,La Boca,Quito,2025,5,29,1.7385194707077358,0.831884755421537
8,38,Porto Alegre,Quito,2025,5,29,1.8498773299227138,1.1206496531199308
8,38,Montevideo,Quito,2025,5,29,1.6509684487173621,0.1591470666112081
8,38,Santos,Quito,2025,5,29,2.3701649550338666,0.9923766408230885
8,38,Porto Alegre,La Boca,2025,5,29,1.0887902576455764,2.4212897672236062
8,38,Montevideo,La Boca,2025,5,29,1.2935637188737101,1.5624323435183032
8,38,Santos,La Boca,2025,5,29,0.7828906234502485,1.3477614023573614
8,38,Montevideo,Porto Alegre,2025,5,29,1.231037520158571,-0.08521174698471387
8,38,Santos,Porto Alegre,2025,5,29,1.0584502917077125,0.429639751141792
8,38,Santos,Montevideo,2025,5,29,0.9244854366406645,0.8239495172447688
8,41,Penarol,Itaquera,2025,5,29,0.6045860707470366,-0.16978896215955586
8,41,Lima,Itaquera,2025,5,29,0.7069843116994856,0.41406356151217844
8,41,Belo Horizonte,Itaquera,2025,5,29,0.5315657941677286,1.1440594363574463
8,41,Guayaquil,Itaquera,2025,5,29,0.8081705202933905,0.47668981662132826
8,41,Agua Branca,Itaquera,2025,5,29,0.5622744970985442,0.7430275023617975
8,41,Bogota,Itaquera,2025,5,29,0.21097886104078944,1.2860355771382228
8,41,Rio de Janeiro,Itaquera,2025,5,29,0.4553861431096342,0.38518261248141555
8,41,Asuncion,Itaquera,2025,5,29,0.3693437196500161,-0.214516253893884
8,41,Medellin,Itaquera,2025,5,29,0.5370498520276016,0.76483550244491
8,41,Sao Paulo,Itaquera,2025,5,29,0.3058015743469846,-0.055937542013625885
8,41,La Plata,Itaquera,2025,5,29,0.771829094797386,0.47767530557399707
8,41,Santiago,Itaquera,2025,5,29,0.63176953038854,0.42065385801578864
8,41,Buenos Aires,Itaquera,2025,5,29,0.7305635968728479,0.7572516298942304
8,41,Avellaneda,Itaquera,2025,5,29,0.591823373088231,0.05591751319998134
8,41,Quito,Itaquera,2025,5,29,0.7171651008364232,0.6158303843987981
8,41,La Boca,Itaquera,2025,5,29,0.5419597344199297,0.23873471617546335
8,41,Porto Alegre,Itaquera,2025,5,29,0.8106967229070701,0.18395898589908355
8,41,Montevideo,Itaquera,2025,5,29,0.7141806325267617,-0.28810962364481724
8,41,Santos,Itaquera,2025,5,29,0.43428669426683764,0.25224063108906336
8,41,Lima,Penarol,2025,5,29,0.621851771727173,0.24855860609199934
8,41,Belo Horizonte,Penarol,2025,5,29,1.0451759818924684,2.6303460599019073
8,41,Guayaquil,Penarol,2025,5,29,0.7926678010062563,1.1009024859097043
8,41,Agua Branca,Penarol,2025,5,29,1.2383279985511566,1.3230092431232074
8,41,Bogota,Penarol,2025,5,29,1.343285988179871,2.53930308684616
8,41,Rio de Janeiro,Penarol,2025,5,29,1.2226280200446495,1.92149630234751
8,41,Asuncion,Penarol,2025,5,29,1.617866905377337,0.4756821159126693
8,41,Medellin,Penarol,2025,5,29,0.6761444715984178,2.5011306148478343
8,41,Sao Paulo,Penarol,2025,5,29,2.0698811640924557,2.285533492987945
8,41,La Plata,Penarol,2025,5,29,1.9984636485498792,0.03484247895272417
8,41,Santiago,Penarol,2025,5,29,1.539190693547559,0.5478873558370951
8,41,Buenos Aires,Penarol,2025,5,29,2.002210484474917,2.1966383469400306
8,41,Avellaneda,Penarol,2025,5,29,1.0919787661458935,2.183704926651433
8,41,Quito,Penarol,2025,5,29,1.0108077124496038,1.5354057304648694
8,41,La Boca,Penarol,2025,5,29,0.8556190153622334,1.9125309074533254
8,41,Porto Alegre,Penarol,2025,5,29,1.104250146816901,2.4521537181058615
8,41,Montevideo,Penarol,2025,5,29,1.1204797348300823,1.8185289611056847
8,41,Santos,Penarol,2025,5,29,1.8022020616061147,1.1243832867735823
8,41,Belo Horizonte,Lima,2025,5,29,0.16958808398637662,1.954044587615762
8,41,Guayaquil,Lima,2025,5,29,0.6895571476734039,1.2667065562852329
8,41,Agua Branca,Lima,2025,5,29,0.05180187270369809,0.9584181349863404
8,41,Bogota,Lima,2025,5,29,0.5918095525028132,2.1781467884788994
8,41,Rio de Janeiro,Lima,2025,5,29,-0.044756569192954246,1.2833089398417066
8,41,Asuncion,Lima,2025,5,29,0.09463581388321089,0.15038276518390625
8,41,Medellin,Lima,2025,5,29,0.027413962544042773,1.8766058971671307
8,41,Sao Paulo,Lima,2025,5,29,0.2612202853054161,1.693055298804862
8,41,La Plata,Lima,2025,5,29,0.5348524457343676,0.6006499282120172
8,41,Santiago,Lima,2025,5,29,0.08806806796147038,1.0181539791713923
8,41,Buenos Aires,Lima,2025,5,29,1.0264445978439058,1.627779939702237
8,41,Avellaneda,Lima,2025,5,29,0.4128084456042401,0.8422487457738247
8,41,Quito,Lima,2025,5,29,-0.008077947085911221,1.3304691833885767
8,41,La Boca,Lima,2025,5,29,-0.012836421553035264,1.335777455183517
8,41,Porto Alegre,Lima,2025,5,29,0.5264068772518685,1.9919669703186584
8,41,Montevideo,Lima,2025,5,29,0.8107925540788523,0.6920081033858247
8,41,Santos,Lima,2025,5,29,0.11747680637236432,1.2916744771278534
8,41,Guayaquil,Belo Horizonte,2025,5,29,0.42296616388107633,1.1127361653298282
8,41,Agua Branca,Belo Horizonte,2025,5,29,1.187377093560229,1.702477641271092
8,41,Bogota,Belo Horizonte,2025,5,29,0.9095104612729007,2.483343755336993
8,41,Rio de Janeiro,Belo Horizonte,2025,5,29,1.1797994235125475,2.1083949606102808
8,41,Asuncion,Belo Horizonte,2025,5,29,1.086569371706303,1.0413476968478534
8,41,Medellin,Belo Horizonte,2025,5,29,0.7623803730604928,2.425945623358485
8,41,Sao Paulo,Belo Horizonte,2025,5,29,1.5570743966309184,2.749934755601148
8,41,La Plata,Belo Horizonte,2025,5,29,0.931215866060759,0.6172002956648815
8,41,Santiago,Belo Horizonte,2025,5,29,0.9513724988462736,0.9907008041717899
8,41,Buenos Aires,Belo Horizonte,2025,5,29,1.4727846981094868,2.254736903337673
8,41,Avellaneda,Belo Horizonte,2025,5,29,1.0512144142421163,2.767554406328792
8,41,Quito,Belo Horizonte,2025,5,29,0.7413230589796529,1.9248485578592873
8,41,La Boca,Belo Horizonte,2025,5,29,0.779104327383968,2.4523795056406166
8,41,Porto Alegre,Belo Horizonte,2025,5,29,0.9223042609164889,2.4328839447503015
8,41,Montevideo,Belo Horizonte,2025,5,29,1.3996174056701112,2.410605433133865
8,41,Santos,Belo Horizonte,2025,5,29,0.881078512827643,1.5402459163011935
8,41,Agua Branca,Guayaquil,2025,5,29,1.9096949250343185,0.531936587966398
8,41,Bogota,Guayaquil,2025,5,29,1.1677015930883146,1.4039500765179524
8,41,Rio de Janeiro,Guayaquil,2025,5,29,1.407877962604394,0.5748172284780277
8,41,Asuncion,Guayaquil,2025,5,29,1.1879068095252836,0.010818288691382199
8,41,Medellin,Guayaquil,2025,5,29,1.883324667491319,0.7716935551324344
8,41,Sao Paulo,Guayaquil,2025,5,29,2.4741888036629702,0.09468514736717688
8,41,La Plata,Guayaquil,2025,5,29,1.882288129266772,0.27272265404385304
8,41,Santiago,Guayaquil,2025,5,29,1.5214623226188306,0.34285280983787386
8,41,Buenos Aires,Guayaquil,2025,5,29,2.2821003212899025,0.656615295498857
8,41,Avellaneda,Guayaquil,2025,5,29,1.2029230261491126,0.23055209279173178
8,41,Quito,Guayaquil,2025,5,29,1.0569835747604683,1.0059994855784629
8,41,La Boca,Guayaquil,2025,5,29,1.1172620410491423,0.4375336560281956
8,41,Porto Alegre,Guayaquil,2025,5,29,1.339464113312372,0.4763127259483429
8,41,Montevideo,Guayaquil,2025,5,29,1.438430712248243,-0.1762331235755615
8,41,Santos,Guayaquil,2025,5,29,2.41409562543108,0.03896475907751599
8,41,Bogota,Agua Branca,2025,5,29,1.3253898582196482,1.3897974127820991
8,41,Rio de Janeiro,Agua Branca,2025,5,29,1.04991260704373,0.7166166467807377
8,41,Asuncion,Agua Branca,2025,5,29,1.3013293404167627,0.22119221761118837
8,41,Medellin,Agua Branca,2025,5,29,0.8461349936459517,2.078650607121207
8,41,Sao Paulo,Agua Branca,2025,5,29,1.276096043250439,1.5109435399842477
8,41,La Plata,Agua Branca,2025,5,29,1.3273005410188607,0.6541333261988682
8,41,Santiago,Agua Branca,2025,5,29,1.1878452131449517,1.0424392111368905
8,41,Buenos Aires,Agua Branca,2025,5,29,1.222406724719824,1.1479375953079591
8,41,Avellaneda,Agua Branca,2025,5,29,1.2298827083006192,0.807553391785212
8,41,Quito,Agua Branca,2025,5,29,0.758631198572962,0.7696766685404591
8,41,La Boca,Agua Branca,2025,5,29,1.0779528364808704,1.111029553338337
8,41,Porto Alegre,Agua Branca,2025,5,29,0.8270511230887551,0.8845271553587983
8,41,Montevideo,Agua Branca,2025,5,29,1.0332609452111041,0.31666773092635514
8,41,Santos,Agua Branca,2025,5,29,0.9924922639550053,1.2173053468080017
8,41,Rio de Janeiro,Bogota,2025,5,29,1.2973910113085203,1.3987884377994146
8,41,Asuncion,Bogota,2025,5,29,1.6824085612619302,0.10864417521879667
8,41,Medellin,Bogota,2025,5,29,1.9643177961256322,0.566442196648461
8,41,Sao Paulo,Bogota,2025,5,29,2.0050082322722664,0.7915567428946434
8,41,La Plata,Bogota,2025,5,29,2.1405171693098395,0.7139027386424488
8,41,Santiago,Bogota,2025,5,29,1.929935595824678,0.7284628442042362
8,41,Buenos Aires,Bogota,2025,5,29,2.34905590592914,1.0996815996193197
8,41,Avellaneda,Bogota,2025,5,29,1.3688547601546344,0.47448599610765146
8,41,Quito,Bogota,2025,5,29,1.2628629747420324,1.2250404458582527
8,41,La Boca,Bogota,2025,5,29,1.652557452066173,1.0832968159287175
8,41,Porto Alegre,Bogota,2025,5,29,1.7657751744268682,1.0830542676414527
8,41,Montevideo,Bogota,2025,5,29,1.7150524806039447,-0.03343864877201244
8,41,Santos,Bogota,2025,5,29,2.2240065912419964,0.5761463210752521
8,41,Asuncion,Rio de Janeiro,2025,5,29,0.9453767141561333,-0.07307993187532819
8,41,Medellin,Rio de Janeiro,2025,5,29,0.48750390386852527,0.4061621220230336
8,41,Sao Paulo,Rio de Janeiro,2025,5,29,1.1575192704940032,0.5865216196754206
8,41,La Plata,Rio de Janeiro,2025,5,29,1.5382665017142472,0.5232964624011724
8,41,Santiago,Rio de Janeiro,2025,5,29,0.7992062229435809,0.7909004199484616
8,41,Buenos Aires,Rio de Janeiro,2025,5,29,2.30004646750477,0.7099551120814421
8,41,Avellaneda,Rio de Janeiro,2025,5,29,0.8450385219819783,0.005100607310586412
8,41,Quito,Rio de Janeiro,2025,5,29,0.9477577646285814,0.9264595186342317
8,41,La Boca,Rio de Janeiro,2025,5,29,0.8976977738350673,0.18952192972409385
8,41,Porto Alegre,Rio de Janeiro,2025,5,29,1.418876030585572,0.44263635867496814
8,41,Montevideo,Rio de Janeiro,2025,5,29,1.740553097225282,-0.10862881234171198
8,41,Santos,Rio de Janeiro,2025,5,29,1.148453004131419,0.4511058501951586
8,41,Medellin,Asuncion,2025,5,29,0.1661152280480558,2.4165408325026476
8,41,Sao Paulo,Asuncion,2025,5,29,1.2247811437498763,2.7604050077391795
8,41,La Plata,Asuncion,2025,5,29,1.3851694440790652,0.9132770347839443
8,41,Santiago,Asuncion,2025,5,29,0.03865682929971362,0.690204867453337
8,41,Buenos Aires,Asuncion,2025,5,29,2.3444109715105363,2.4108663070480865
8,41,Avellaneda,Asuncion,2025,5,29,1.4767179455420176,3.144975806621927
8,41,Quito,Asuncion,2025,5,29,0.12872352344304394,1.984529267469681
8,41,La Boca,Asuncion,2025,5,29,0.159116986712474,2.9344201774299656
8,41,Porto Alegre,Asuncion,2025,5,29,1.1241503550491074,2.610513232325412
8,41,Montevideo,Asuncion,2025,5,29,1.2297117010015584,2.854899043614361
8,41,Santos,Asuncion,2025,5,29,0.5738041414334722,1.487983899022038
8,41,Sao Paulo,Medellin,2025,5,29,1.022869318208963,0.9494290311053043
8,41,La Plata,Medellin,2025,5,29,1.220714063848034,0.9708026218635932
8,41,Santiago,Medellin,2025,5,29,0.49818369674167995,1.1283039600281364
8,41,Buenos Aires,Medellin,2025,5,29,2.2304520914123533,0.9745912033497934
8,41,Avellaneda,Medellin,2025,5,29,1.267663368666317,0.4793683895355659
8,41,Quito,Medellin,2025,5,29,-0.08287826110438953,1.05381004802704
8,41,La Boca,Medellin,2025,5,29,0.15624193642497658,1.412653587114443
8,41,Porto Alegre,Medellin,2025,5,29,1.46011737827959,0.891900348055098
8,41,Montevideo,Medellin,2025,5,29,1.6740161875906892,0.15277113398614295
8,41,Santos,Medellin,2025,5,29,0.17859314336128415,1.1352882713652395
8,41,La Plata,Sao Paulo,2025,5,29,1.2336614606176257,0.5490945888890306
8,41,Santiago,Sao Paulo,2025,5,29,0.24864449228275773,0.4103149391364545
8,41,Buenos Aires,Sao Paulo,2025,5,29,1.857113747071259,1.6026613508707586
8,41,Avellaneda,Sao Paulo,2025,5,29,0.6650293234201711,1.977968730942603
8,41,Quito,Sao Paulo,2025,5,29,0.35898496339948327,1.17906601115236
8,41,La Boca,Sao Paulo,2025,5,29,0.7651740171830452,0.4431941341762812
8,41,Porto Alegre,Sao Paulo,2025,5,29,0.854873065622041,1.4545099346678105
8,41,Montevideo,Sao Paulo,2025,5,29,1.02042119976345,1.0104729766610094
8,41,Santos,Sao Paulo,2025,5,29,0.7620124707026815,0.7029389482255659
8,41,Santiago,La Plata,2025,5,29,1.0163905776306936,0.379571652666642
8,41,Buenos Aires,La Plata,2025,5,29,2.5007894447066596,0.37759119464677104
8,41,Avellaneda,La Plata,2025,5,29,1.539177476738521,0.010945894277312428
8,41,Quito,La Plata,2025,5,29,0.6110562951840769,0.13326431048967166
8,41,La Boca,La Plata,2025,5,29,0.5387651173288682,0.18330422743096422
8,41,Porto Alegre,La Plata,2025,5,29,1.2538341126107815,0.6143250497569404
8,41,Montevideo,La Plata,2025,5,29,1.3208168708741024,-0.41577051598911696
8,41,Santos,La Plata,2025,5,29,0.9093207659625083,0.29658838300025364
8,41,Buenos Aires,Santiago,2025,5,29,1.6346934620468452,2.050035369908059
8,41,Avellaneda,Santiago,2025,5,29,1.4565378687749566,1.6859017271090002
8,41,Quito,Santiago,2025,5,29,0.884525984499237,1.6105851040859005
8,41,La Boca,Santiago,2025,5,29,1.2201075263611725,1.9268005310844665
8,41,Porto Alegre,Santiago,2025,5,29,0.9410311743953597,2.888682974312635
8,41,Montevideo,Santiago,2025,5,29,1.047294224908468,1.2579084571530514
8,41,Santos,Santiago,2025,5,29,1.4742321484867613,0.935436558132995
8,41,Avellaneda,Buenos Aires,2025,5,29,1.0012620749459513,3.5943930575311343
8,41,Quito,Buenos Aires,2025,5,29,0.8275876897028891,2.163514855164968
8,41,La Boca,Buenos Aires,2025,5,29,0.9350327117274052,2.808411488827554
8,41,Porto Alegre,Buenos Aires,2025,5,29,1.095763789709404,2.841183963278988
8,41,Montevideo,Buenos Aires,2025,5,29,0.8381130558881902,2.9329556780420756
8,41,Santos,Buenos Aires,2025,5,29,1.7751878567974744,1.6377916683577693
8,41,Quito,Avellaneda,2025,5,29,0.5185209346277558,1.3511943249073013
8,41,La Boca,Avellaneda,2025,5,29,0.4122788771567389,1.090662841045383
8,41,Porto Alegre,Avellaneda,2025,5,29,1.1832518180402813,1.3904566694125973
8,41,Montevideo,Avellaneda,2025,5,29,1.4471957659942427,1.0075016102382865
8,41,Santos,Avellaneda,2025,5,29,0.9813579298374527,0.8325051389338203
8,41,La Boca,Quito,2025,5,29,1.7274752735478633,0.7470208985506659
8,41,Porto Alegre,Quito,2025,5,29,1.8467156690322892,1.1004263606858435
8,41,Montevideo,Quito,2025,5,29,1.649585756991311,0.10307901611345137
8,41,Santos,Quito,2025,5,29,2.335229118417543,0.9721694933120794
8,41,Porto Alegre,La Boca,2025,5,29,1.3251307269148707,2.3889514740697777
8,41,Montevideo,La Boca,2025,5,29,1.5381704956550672,1.5304438581256372
8,41,Santos,La Boca,2025,5,29,0.7815079317241973,1.1851439772224746
8,41,Montevideo,Porto Alegre,2025,5,29,1.5453558260297116,-0.16249837278292195
8,41,Santos,Porto Alegre,2025,5,29,1.0570675999816614,0.2494404909507403
8,41,Santos,Montevideo,2025,5,29,0.889549600024341,0.8024994873367092
8,44,Penarol,Itaquera,2025,5,29,0.6210000717039795,-0.25700221573247944
8,44,Lima,Itaquera,2025,5,29,0.6840146844629974,0.2934877746788588
8,44,Belo Horizonte,Itaquera,2025,5,29,0.6247633329305488,1.0833592588396364
8,44,Guayaquil,Itaquera,2025,5,29,0.7843097868155912,0.4472116854776079
8,44,Agua Branca,Itaquera,2025,5,29,0.579077251914209,0.5830302127874961
8,44,Bogota,Itaquera,2025,5,29,0.26892216249505524,1.178830309635666
8,44,Rio de Janeiro,Itaquera,2025,5,29,0.656954625649049,0.32069729275831643
8,44,Asuncion,Itaquera,2025,5,29,0.48315872426772144,-0.26341923615498913
8,44,Medellin,Itaquera,2025,5,29,0.601027068747302,0.6244165291596397
8,44,Sao Paulo,Itaquera,2025,5,29,0.36812463671041423,-0.1386789371473198
8,44,La Plata,Itaquera,2025,5,29,0.8170392338241643,0.41924431763751946
8,44,Santiago,Itaquera,2025,5,29,0.8717149702321729,0.2962217705597806
8,44,Buenos Aires,Itaquera,2025,5,29,0.7375794895539394,0.5483513580588238
8,44,Avellaneda,Itaquera,2025,5,29,0.654190221919641,0.0287085716375936
8,44,Quito,Itaquera,2025,5,29,0.8735778259449273,0.468045656003091
8,44,La Boca,Itaquera,2025,5,29,0.6550208401684368,0.07372316782630384
8,44,Porto Alegre,Itaquera,2025,5,29,0.8184610702924984,0.1350560036379783
8,44,Montevideo,Itaquera,2025,5,29,0.8071472183738403,-0.33701260590592264
8,44,Santos,Itaquera,2025,5,29,0.6387159198991279,0.1643315120088656
8,44,Lima,Penarol,2025,5,29,0.6097695717091115,0.26729658709651327
8,44,Belo Horizonte,Penarol,2025,5,29,1.0996133574266271,2.3308000864804717
8,44,Guayaquil,Penarol,2025,5,29,0.8401109719008305,1.020871209663998
8,44,Agua Branca,Penarol,2025,5,29,1.2336809827186057,1.0920132798944366
8,44,Bogota,Penarol,2025,5,29,1.34353790062961,2.498797477873852
8,44,Rio de Janeiro,Penarol,2025,5,29,1.323060414349955,1.872995663132506
8,44,Asuncion,Penarol,2025,5,29,1.664337763963701,0.4561114758727982
8,44,Medellin,Penarol,2025,5,29,0.6894348488181442,2.208010843419096
8,44,Sao Paulo,Penarol,2025,5,29,2.1127689817253517,1.9534990829276222
8,44,La Plata,Penarol,2025,5,29,2.0027579866938936,0.05584964953857063
8,44,Santiago,Penarol,2025,5,29,1.5862285575747004,0.5557500883757663
8,44,Buenos Aires,Penarol,2025,5,29,2.0529459712956695,1.904129604153108
8,44,Avellaneda,Penarol,2025,5,29,1.1851075879586332,1.8436754863484133
8,44,Quito,Penarol,2025,5,29,1.0581192716512329,1.2708691872448912
8,44,La Boca,Penarol,2025,5,29,0.8990965976579535,1.8999974980479641
8,44,Porto Alegre,Penarol,2025,5,29,1.1005863337743926,2.4116481091335538
8,44,Montevideo,Penarol,2025,5,29,1.116741890946945,1.8059955517003234
8,44,Santos,Penarol,2025,5,29,1.8021318635465724,0.8701109633776316
8,44,Belo Horizonte,Lima,2025,5,29,0.3917485197706471,1.702442568297633
8,44,Guayaquil,Lima,2025,5,29,0.6875901447855971,1.2614254397998796
8,44,Agua Branca,Lima,2025,5,29,0.1005650690051965,0.7064150011717226
8,44,Bogota,Lima,2025,5,29,0.7160738524282924,2.151338961412999
8,44,Rio de Janeiro,Lima,2025,5,29,0.23931111449614587,1.1983992363559253
8,44,Asuncion,Lima,2025,5,29,0.2876264643604841,0.15493824503053824
8,44,Medellin,Lima,2025,5,29,0.2064867189220854,1.3522582817464004
8,44,Sao Paulo,Lima,2025,5,29,0.36106088961416144,1.1324633488303681
8,44,La Plata,Lima,2025,5,29,0.6594086530646329,0.6643726101437839
8,44,Santiago,Lima,2025,5,29,0.44100161178909614,0.8019382637508374
8,44,Buenos Aires,Lima,2025,5,29,1.0596053971556216,1.3932668096361012
8,44,Avellaneda,Lima,2025,5,29,0.4882365809868558,0.5132467832993923
8,44,Quito,Lima,2025,5,29,0.27313783297352684,1.0413940026840316
8,44,La Boca,Lima,2025,5,29,0.20924000905587078,1.2485985621164033
8,44,Porto Alegre,Lima,2025,5,29,0.621132052392085,1.7202335173543597
8,44,Montevideo,Lima,2025,5,29,0.9674097802070342,0.6328409013006908
8,44,Santos,Lima,2025,5,29,0.48033487365784694,0.8566574356139258
8,44,Guayaquil,Belo Horizonte,2025,5,29,0.4465904635321076,1.096427571015888
8,44,Agua Branca,Belo Horizonte,2025,5,29,1.1967127762678649,1.471481678042321
8,44,Bogota,Belo Horizonte,2025,5,29,0.9384118959225071,2.4455084504425058
8,44,Rio de Janeiro,Belo Horizonte,2025,5,29,1.2214616317355007,2.0598943213952765
8,44,Asuncion,Belo Horizonte,2025,5,29,1.2069688849518814,1.0854997387397487
8,44,Medellin,Belo Horizonte,2025,5,29,0.8247345192256875,2.1328258519297454
8,44,Sao Paulo,Belo Horizonte,2025,5,29,1.6080953699342837,2.4205706496186457
8,44,La Plata,Belo Horizonte,2025,5,29,0.9703417892351667,0.7019301481824941
8,44,Santiago,Belo Horizonte,2025,5,29,1.0626715476754784,1.0649565227200475
8,44,Buenos Aires,Belo Horizonte,2025,5,29,1.5302946583917656,2.0286211465603343
8,44,Avellaneda,Belo Horizonte,2025,5,29,1.10259237809108,2.427524966025772
8,44,Quito,Belo Horizonte,2025,5,29,0.8717860295059563,1.662982318717129
8,44,La Boca,Belo Horizonte,2025,5,29,0.8500328881903052,2.439846096235255
8,44,Porto Alegre,Belo Horizonte,2025,5,29,0.9761670354412457,2.3923783357779937
8,44,Montevideo,Belo Horizonte,2025,5,29,1.4803686100957478,2.3980720237285036
8,44,Santos,Belo Horizonte,2025,5,29,0.9895031640123948,1.2859735929052436
8,44,Agua Branca,Guayaquil,2025,5,29,1.9355098279492393,0.37193929839209683
8,44,Bogota,Guayaquil,2025,5,29,1.1853495967795054,1.2999422493797301
8,44,Rio de Janeiro,Guayaquil,2025,5,29,1.4272024564086485,0.5005948252174134
8,44,Asuncion,Guayaquil,2025,5,29,1.2368490411363813,-0.048348913393751726
8,44,Medellin,Guayaquil,2025,5,29,1.9249886270180614,0.6312745818471641
8,44,Sao Paulo,Guayaquil,2025,5,29,2.50294863137437,0.015141192597817122
8,44,La Plata,Guayaquil,2025,5,29,1.8793175575024859,0.21481880239388906
8,44,Santiago,Guayaquil,2025,5,29,1.5582103078834653,0.21082680663565773
8,44,Buenos Aires,Guayaquil,2025,5,29,2.3256969712481035,0.45038532774127127
8,44,Avellaneda,Guayaquil,2025,5,29,1.2369504936653215,0.1930789314053152
8,44,Quito,Guayaquil,2025,5,29,1.0746132118627971,0.8511479777230613
8,44,La Boca,Guayaquil,2025,5,29,1.134910044740333,0.2622578878550081
8,44,Porto Alegre,Guayaquil,2025,5,29,1.3453620637312194,0.4274097436872376
8,44,Montevideo,Guayaquil,2025,5,29,1.4429550977048364,-0.23540032566069544
8,44,Santos,Guayaquil,2025,5,29,2.430295509029302,-0.0484172237161683
8,44,Bogota,Agua Branca,2025,5,29,1.371745588444049,1.3279913803217376
8,44,Rio de Janeiro,Agua Branca,2025,5,29,1.2475602898751972,0.6321204748471415
8,44,Asuncion,Agua Branca,2025,5,29,1.3937308636803094,0.2016215775713172
8,44,Medellin,Agua Branca,2025,5,29,0.9410830166821332,1.7907327712380168
8,44,Sao Paulo,Agua Branca,2025,5,29,1.3088285629016883,1.2263070368206925
8,44,La Plata,Agua Branca,2025,5,29,1.3579630662893667,0.588340774763976
8,44,Santiago,Agua Branca,2025,5,29,1.4099099878669428,0.7839215159226018
8,44,Buenos Aires,Agua Branca,2025,5,29,1.2099905891861045,1.0615389877837085
8,44,Avellaneda,Agua Branca,2025,5,29,1.2777607830481248,0.7972891719611834
8,44,Quito,Agua Branca,2025,5,29,0.9498941641487174,0.6570269553629181
8,44,La Boca,Agua Branca,2025,5,29,1.2365412029638632,0.983684730930257
8,44,Porto Alegre,Agua Branca,2025,5,29,0.8745246906659955,0.6594274950742727
8,44,Montevideo,Agua Branca,2025,5,29,1.1467008632852667,0.3041343215209939
8,44,Santos,Agua Branca,2025,5,29,1.2682362143674004,0.974700658650341
8,44,Rio de Janeiro,Bogota,2025,5,29,1.3488083782019002,1.3152159366696468
8,44,Asuncion,Bogota,2025,5,29,1.688893833878335,0.09933775500295416
8,44,Medellin,Bogota,2025,5,29,1.963004820290776,0.5036064063989514
8,44,Sao Paulo,Bogota,2025,5,29,2.0115997822770484,0.6897281663542808
8,44,La Plata,Bogota,2025,5,29,2.1499107217953073,0.7175855184714822
8,44,Santiago,Bogota,2025,5,29,1.9314246224705078,0.7408575297608103
8,44,Buenos Aires,Bogota,2025,5,29,2.361834624609209,1.0369556626948044
8,44,Avellaneda,Bogota,2025,5,29,1.4196444863270608,0.43624957671667625
8,44,Quito,Bogota,2025,5,29,1.3307763403385815,1.1455712562045974
8,44,La Boca,Bogota,2025,5,29,1.7204891842515844,1.0746843308994447
8,44,Porto Alegre,Bogota,2025,5,29,1.768478412209533,1.0145369676871645
8,44,Montevideo,Bogota,2025,5,29,1.7339094162217814,-0.035707838353345
8,44,Santos,Bogota,2025,5,29,2.2366336737377353,0.5285410497551267
8,44,Asuncion,Rio de Janeiro,2025,5,29,0.9305432244143631,-0.0033220004138970628
8,44,Medellin,Rio de Janeiro,2025,5,29,0.48826926189688286,0.4095744421464788
8,44,Sao Paulo,Rio de Janeiro,2025,5,29,1.1656414987235852,0.6321486729765938
8,44,La Plata,Rio de Janeiro,2025,5,29,1.5257518244906123,0.5570830273939871
8,44,Santiago,Rio de Janeiro,2025,5,29,0.8881189055478919,0.9436723736924046
8,44,Buenos Aires,Rio de Janeiro,2025,5,29,2.2960010364102437,0.7187668200760176
8,44,Avellaneda,Rio de Janeiro,2025,5,29,0.8555189858839737,0.08416495898786021
8,44,Quito,Rio de Janeiro,2025,5,29,0.9178350429001333,0.8491334967718838
8,44,La Boca,Rio de Janeiro,2025,5,29,0.9121368469186951,0.23955205712709585
8,44,Porto Alegre,Rio de Janeiro,2025,5,29,1.42455687153875,0.519431520770909
8,44,Montevideo,Rio de Janeiro,2025,5,29,1.7695766501987114,-0.03183365024577094
8,44,Santos,Rio de Janeiro,2025,5,29,1.2193924449846791,0.4616160550207941
8,44,Medellin,Asuncion,2025,5,29,0.12651698660821312,2.124032089715723
8,44,Sao Paulo,Asuncion,2025,5,29,1.2531603722017994,2.428370597678856
8,44,La Plata,Asuncion,2025,5,29,1.4254495982894826,0.9980068873015566
8,44,Santiago,Asuncion,2025,5,29,0.21450534548925804,0.7726655303896167
8,44,Buenos Aires,Asuncion,2025,5,29,2.3354280677697266,2.1787652493701164
8,44,Avellaneda,Asuncion,2025,5,29,1.4970075601019401,2.815210586142936
8,44,Quito,Asuncion,2025,5,29,0.2277208895086081,1.7302569440737312
8,44,La Boca,Asuncion,2025,5,29,0.2853110960250327,2.932150987848633
8,44,Porto Alegre,Asuncion,2025,5,29,1.175247673347469,2.5666926265302923
8,44,Montevideo,Asuncion,2025,5,29,1.3365648740634934,2.8526298540330286
8,44,Santos,Asuncion,2025,5,29,0.6978593105682755,1.233711575626088
8,44,Sao Paulo,Medellin,2025,5,29,1.0998467488094639,0.7403608009784083
8,44,La Plata,Medellin,2025,5,29,1.2565243697988882,0.9835820162705613
8,44,Santiago,Medellin,2025,5,29,0.6389329554023334,0.9081759590292195
8,44,Buenos Aires,Medellin,2025,5,29,2.225648992983495,0.9079989789064677
8,44,Avellaneda,Medellin,2025,5,29,1.3140112581562495,0.4793683895355659
8,44,Quito,Medellin,2025,5,29,0.06659660356266113,1.0177024455731183
8,44,La Boca,Medellin,2025,5,29,0.2587902774680053,1.3180496716891374
8,44,Porto Alegre,Medellin,2025,5,29,1.5086723219570066,0.7166705308007906
8,44,Montevideo,Medellin,2025,5,29,1.8315132189164944,0.13107709328742545
8,44,Santos,Medellin,2025,5,29,0.3017493462408959,0.9922626996352845
8,44,La Plata,Sao Paulo,2025,5,29,1.2724332058608092,0.5490945888890306
8,44,Santiago,Sao Paulo,2025,5,29,0.3937993506265754,0.3511477370513205
8,44,Buenos Aires,Sao Paulo,2025,5,29,1.842706125704228,1.263518815404061
8,44,Avellaneda,Sao Paulo,2025,5,29,0.6592405931764077,1.6107303490771963
8,44,Quito,Sao Paulo,2025,5,29,0.5366483503765254,0.8873205263699937
8,44,La Boca,Sao Paulo,2025,5,29,0.8854126657639845,0.3840269320911474
8,44,Porto Alegre,Sao Paulo,2025,5,29,0.9033407154843742,1.3673705330157304
8,44,Montevideo,Sao Paulo,2025,5,29,1.1363131201966077,0.9513057745758751
8,44,Santos,Sao Paulo,2025,5,29,0.9304968339941982,0.4214576832672286
8,44,Santiago,La Plata,2025,5,29,1.5129442057862847,0.0806874871156864
8,44,Buenos Aires,La Plata,2025,5,29,2.5683544173612494,0.19932184426165875
8,44,Avellaneda,La Plata,2025,5,29,1.6724374270520723,-0.02652726710910403
8,44,Quito,La Plata,2025,5,29,0.9291841536695722,-0.02478463773006432
8,44,La Boca,La Plata,2025,5,29,0.8691154380650996,0.038659380708070935
8,44,Porto Alegre,La Plata,2025,5,29,1.3326083127878448,0.3706032877746224
8,44,Montevideo,La Plata,2025,5,29,1.4921095477729338,-0.47493771807425095
8,44,Santos,La Plata,2025,5,29,1.3631445802386035,0.11378609979673991
8,44,Buenos Aires,Santiago,2025,5,29,1.698130682043658,1.7461826126416768
8,44,Avellaneda,Santiago,2025,5,29,1.5632007586177503,1.3351729650715163
8,44,Quito,Santiago,2025,5,29,1.005410774416591,1.3487188649437432
8,44,La Boca,Santiago,2025,5,29,1.2821153119578061,1.9142671216791047
8,44,Porto Alegre,Santiago,2025,5,29,0.9845694621788315,2.8341630467830514
8,44,Montevideo,Santiago,2025,5,29,1.1293599703093795,1.2453750477476904
8,44,Santos,Santiago,2025,5,29,1.5199178985849793,0.6811642347370457
8,44,Avellaneda,Buenos Aires,2025,5,29,1.0620988076900357,3.2646278370521427
8,44,Quito,Buenos Aires,2025,5,29,1.1309001445684392,1.9092425317690185
8,44,La Boca,Buenos Aires,2025,5,29,1.1408696947771149,2.8061422992462215
8,44,Porto Alegre,Buenos Aires,2025,5,29,1.1179624188084543,2.8006783543066804
8,44,Montevideo,Buenos Aires,2025,5,29,0.9274162864175929,2.930686488460743
8,44,Santos,Buenos Aires,2025,5,29,1.9817472510983023,1.3835193449618193
8,44,Quito,Avellaneda,2025,5,29,0.5308707812295275,1.0893280857651435
8,44,La Boca,Avellaneda,2025,5,29,0.4275232578622749,1.0781294316400218
8,44,Porto Alegre,Avellaneda,2025,5,29,1.2494049646310197,1.3392517387058251
8,44,Montevideo,Avellaneda,2025,5,29,1.4967432191414374,0.9949682008329256
8,44,Santos,Avellaneda,2025,5,29,1.0511046914111564,0.5782328155378703
8,44,La Boca,Quito,2025,5,29,1.805051277860303,0.6598420054835523
8,44,Porto Alegre,Quito,2025,5,29,1.8677604479401322,0.8588215182733783
8,44,Montevideo,Quito,2025,5,29,1.6580567978106442,0.12297616570559107
8,44,Santos,Quito,2025,5,29,2.357948570042926,0.789155585612769
8,44,Porto Alegre,La Boca,2025,5,29,1.377060380067225,2.34844586509747
8,44,Montevideo,La Boca,2025,5,29,1.6945915511949579,1.5179104487202761
8,44,Santos,La Boca,2025,5,29,1.1646740410869412,0.9308716538265248
8,44,Montevideo,Porto Alegre,2025,5,29,1.723951125093471,-0.22166557486805588
8,44,Santos,Porto Alegre,2025,5,29,1.4482022541812174,0.17374209867943233
8,44,Santos,Montevideo,2025,5,29,1.089811752322202,0.6600010518932683
8,47,Penarol,Itaquera,2025,5,29,0.7532066796181609,-0.25553467983223177
8,47,Lima,Itaquera,2025,5,29,0.8512667865137896,0.29322993732238317
8,47,Belo Horizonte,Itaquera,2025,5,29,0.7174849641745391,1.0661123673944448
8,47,Guayaquil,Itaquera,2025,5,29,0.8476078920713995,0.4469538481211323
8,47,Agua Branca,Itaquera,2025,5,29,0.597747635645441,0.5827723754310205
8,47,Bogota,Itaquera,2025,5,29,0.41753706103240895,1.178830309635666
8,47,Rio de Janeiro,Itaquera,2025,5,29,0.7887597767397466,0.32216482865856416
8,47,Asuncion,Itaquera,2025,5,29,0.5373111576356573,-0.26341923615498913
8,47,Medellin,Itaquera,2025,5,29,0.6598960505010005,0.6241586918031641
8,47,Sao Paulo,Itaquera,2025,5,29,0.4155050403275,-0.15592582859251136
8,47,La Plata,Itaquera,2025,5,29,0.9900093874981676,0.4209696908942428
8,47,Santiago,Itaquera,2025,5,29,0.9842224672957298,0.2841109709805347
8,47,Buenos Aires,Itaquera,2025,5,29,0.8734296939129517,0.5483513580588238
8,47,Avellaneda,Itaquera,2025,5,29,0.7321136576383667,0.028450734281117978
8,47,Quito,Itaquera,2025,5,29,0.8975922635605608,0.468045656003091
8,47,La Boca,Itaquera,2025,5,29,0.7247220007322535,0.05820164963783556
8,47,Porto Alegre,Itaquera,2025,5,29,0.9306921434473862,0.11806694954926228
8,47,Montevideo,Itaquera,2025,5,29,0.8489933537848545,-0.3355450700056749
8,47,Santos,Itaquera,2025,5,29,0.6439479512321296,0.1657990479091133
8,47,Lima,Penarol,2025,5,29,0.7971665736502839,0.24551561259223528
8,47,Belo Horizonte,Penarol,2025,5,29,1.1825207070657182,2.0910119991596483
8,47,Guayaquil,Penarol,2025,5,29,0.9902466558462727,1.0133712533721713
8,47,Agua Branca,Penarol,2025,5,29,1.2670271838767988,1.0920132798944366
8,47,Bogota,Penarol,2025,5,29,1.4234970044773128,2.498797477873852
8,47,Rio de Janeiro,Penarol,2025,5,29,1.3400071994166536,1.8529400618849512
8,47,Asuncion,Penarol,2025,5,29,1.655477708396967,0.4486115195809715
8,47,Medellin,Penarol,2025,5,29,0.7396436116783222,2.2038950291556696
8,47,Sao Paulo,Penarol,2025,5,29,2.102266104595004,1.9418833123723687
8,47,La Plata,Penarol,2025,5,29,2.0366907241697616,0.057575022795293966
8,47,Santiago,Penarol,2025,5,29,1.7203378704820345,0.5492704096864587
8,47,Buenos Aires,Penarol,2025,5,29,2.0679976485978173,1.904129604153108
8,47,Avellaneda,Penarol,2025,5,29,1.287155977603364,1.8436754863484133
8,47,Quito,Penarol,2025,5,29,1.1006726540544565,1.2592534166896376
8,47,La Boca,Penarol,2025,5,29,0.9940054536972582,1.6401538094795858
8,47,Porto Alegre,Penarol,2025,5,29,1.2069914817914917,2.404148152841727
8,47,Montevideo,Penarol,2025,5,29,1.1494382116968596,1.8012471799155199
8,47,Santos,Penarol,2025,5,29,1.7490514992735158,0.871836336634355
8,47,Belo Horizonte,Lima,2025,5,29,0.5074277448138566,1.6634040253671394
8,47,Guayaquil,Lima,2025,5,29,0.8664587360056917,1.207155248585267
8,47,Agua Branca,Lima,2025,5,29,0.13678217615432417,0.6411488275468108
8,47,Bogota,Lima,2025,5,29,0.942543273319567,2.183475679049725
8,47,Rio de Janeiro,Lima,2025,5,29,0.46590859035504145,1.1786095404703263
8,47,Asuncion,Lima,2025,5,29,0.3625570589245087,0.10652373233959635
8,47,Medellin,Lima,2025,5,29,0.2967767635861968,1.2983809338597105
8,47,Sao Paulo,Lima,2025,5,29,0.4116727310094402,1.084787598260889
8,47,La Plata,Lima,2025,5,29,0.9519271382598001,0.5912075359071651
8,47,Santiago,Lima,2025,5,29,0.6807512236506563,0.7618183932517444
8,47,Buenos Aires,Lima,2025,5,29,1.2934793640610247,1.3178077460339428
8,47,Avellaneda,Lima,2025,5,29,0.6641837792519723,0.4860925255911319
8,47,Quito,Lima,2025,5,29,0.3519549045711364,0.9504263104589729
8,47,La Boca,Lima,2025,5,29,0.30148847590195776,1.1433498516788931
8,47,Porto Alegre,Lima,2025,5,29,0.8489719293336061,1.7466336395322126
8,47,Montevideo,Lima,2025,5,29,1.1340362784722136,0.5969189091853637
8,47,Santos,Lima,2025,5,29,0.5011130348539358,0.8027800877272362
8,47,Guayaquil,Belo Horizonte,2025,5,29,0.630035445916852,1.096427571015888
8,47,Agua Branca,Belo Horizonte,2025,5,29,1.3296597513523296,1.471481678042321
8,47,Bogota,Belo Horizonte,2025,5,29,1.0145110374893047,2.511330268296284
8,47,Rio de Janeiro,Belo Horizonte,2025,5,29,1.3302879979669857,2.127441512505778
8,47,Asuncion,Belo Horizonte,2025,5,29,1.2774292775924185,1.0854997387397487
8,47,Medellin,Belo Horizonte,2025,5,29,0.9310571221716716,2.1328258519297454
8,47,Sao Paulo,Belo Horizonte,2025,5,29,1.6912739401408947,2.4205706496186457
8,47,La Plata,Belo Horizonte,2025,5,29,1.0459118179844724,0.7036555214392175
8,47,Santiago,Belo Horizonte,2025,5,29,1.2290598484185256,1.0700926145859933
8,47,Buenos Aires,Belo Horizonte,2025,5,29,1.6391210246232506,2.0286211465603343
8,47,Avellaneda,Belo Horizonte,2025,5,29,1.246111508456257,2.427524966025772
8,47,Quito,Belo Horizonte,2025,5,29,0.9728543514163317,1.662982318717129
8,47,La Boca,Belo Horizonte,2025,5,29,0.969677991710965,2.2017833821711537
8,47,Porto Alegre,Belo Horizonte,2025,5,29,1.0838905130572651,2.458200153631772
8,47,Montevideo,Belo Horizonte,2025,5,29,1.5586279264926675,2.399797396985227
8,47,Santos,Belo Horizonte,2025,5,29,1.0410461878476427,1.2876989661619669
8,47,Agua Branca,Guayaquil,2025,5,29,2.0501840637261344,0.37193929839209683
8,47,Bogota,Guayaquil,2025,5,29,1.1751433009470573,1.3657640672335083
8,47,Rio de Janeiro,Guayaquil,2025,5,29,1.5371979145150105,0.5616682712863882
8,47,Asuncion,Guayaquil,2025,5,29,1.2842294447534672,-0.05584886968557846
8,47,Medellin,Guayaquil,2025,5,29,1.999038581724035,0.6271587675837375
8,47,Sao Paulo,Guayaquil,2025,5,29,2.584325335408808,-0.013463632046152202
8,47,La Plata,Guayaquil,2025,5,29,1.9335883632514865,0.2165441756506124
8,47,Santiago,Guayaquil,2025,5,29,1.6327192198939082,0.18735807385763406
8,47,Buenos Aires,Guayaquil,2025,5,29,2.429177980904542,0.45038532774127127
8,47,Avellaneda,Guayaquil,2025,5,29,1.3171659096011812,0.1930789314053152
8,47,Quito,Guayaquil,2025,5,29,1.1523149915570163,0.8395322071678079
8,47,La Boca,Guayaquil,2025,5,29,1.2261336147033652,0.2405204619814886
8,47,Porto Alegre,Guayaquil,2025,5,29,1.4278467906124026,0.4687425511604735
8,47,Montevideo,Guayaquil,2025,5,29,1.4956848090699817,-0.240148697445499
8,47,Santos,Guayaquil,2025,5,29,2.4672426838440376,-0.04669185045944496
8,47,Bogota,Agua Branca,2025,5,29,1.4443047455593887,1.3938131981755157
8,47,Rio de Janeiro,Agua Branca,2025,5,29,1.2971254824114895,0.6994098286011676
8,47,Asuncion,Agua Branca,2025,5,29,1.4478832970482454,0.17066395179448451
8,47,Medellin,Agua Branca,2025,5,29,0.9945115053947144,1.7554014938412814
8,47,Sao Paulo,Agua Branca,2025,5,29,1.296327741768741,1.2049443311120742
8,47,La Plata,Agua Branca,2025,5,29,1.4839436541051518,0.5900661480206993
8,47,Santiago,Agua Branca,2025,5,29,1.4315917712553425,0.7676949020799292
8,47,Buenos Aires,Agua Branca,2025,5,29,1.341411670043007,1.0615389877837085
8,47,Avellaneda,Agua Branca,2025,5,29,1.3197006936240936,0.7660737088278751
8,47,Quito,Agua Branca,2025,5,29,0.9534344013291464,0.6529111410994914
8,47,La Boca,Agua Branca,2025,5,29,1.2901972865945852,0.9681632127417888
8,47,Porto Alegre,Agua Branca,2025,5,29,0.9397661979626653,0.6773026330625025
8,47,Montevideo,Agua Branca,2025,5,29,1.1787453226351952,0.30560185742124163
8,47,Santos,Agua Branca,2025,5,29,1.2491709299878984,0.945210568773756
8,47,Rio de Janeiro,Bogota,2025,5,29,1.3626332490605617,1.3645884200884666
8,47,Asuncion,Bogota,2025,5,29,1.692125271656528,0.09137407601615744
8,47,Medellin,Bogota,2025,5,29,1.9652052541071896,0.495384890055679
8,47,Sao Paulo,Bogota,2025,5,29,2.001206428716856,0.6724812749090892
8,47,La Plata,Bogota,2025,5,29,2.1496919107630053,0.6817568246948664
8,47,Santiago,Bogota,2025,5,29,1.978989626764588,0.7287467301815643
8,47,Buenos Aires,Bogota,2025,5,29,2.373545576671017,0.9994015956614652
8,47,Avellaneda,Bogota,2025,5,29,1.4962142938641307,0.4280280603734039
8,47,Quito,Bogota,2025,5,29,1.344382400164941,1.1080171891712585
8,47,La Boca,Bogota,2025,5,29,1.7274263677297095,1.0216087456776377
8,47,Porto Alegre,Bogota,2025,5,29,1.7682596011772311,1.0750432491635642
8,47,Montevideo,Bogota,2025,5,29,1.7371408539999744,-0.042203981439894026
8,47,Santos,Bogota,2025,5,29,2.222790071367048,0.5220449066685777
8,47,Asuncion,Rio de Janeiro,2025,5,29,0.9474132823067651,-0.0033220004138970628
8,47,Medellin,Rio de Janeiro,2025,5,29,0.5503696814287744,0.4093166047900032
8,47,Sao Paulo,Rio de Janeiro,2025,5,29,1.1719948507098155,0.6318908356201182
8,47,La Plata,Rio de Janeiro,2025,5,29,1.5527307175611869,0.5570830273939871
8,47,Santiago,Rio de Janeiro,2025,5,29,0.8676782444229465,0.9485506282018746
8,47,Buenos Aires,Rio de Janeiro,2025,5,29,2.3057193371531426,0.7187668200760176
8,47,Avellaneda,Rio de Janeiro,2025,5,29,0.879343221337748,0.08390712163138457
8,47,Quito,Rio de Janeiro,2025,5,29,0.911719870178475,0.8491334967718838
8,47,La Boca,Rio de Janeiro,2025,5,29,0.9751119925387174,0.23929421977062024
8,47,Porto Alegre,Rio de Janeiro,2025,5,29,1.42839916506356,0.6048905353228207
8,47,Montevideo,Rio de Janeiro,2025,5,29,1.8097920815653885,-0.03209148760224657
8,47,Santos,Rio de Janeiro,2025,5,29,1.2022678084180574,0.4613582176643185
8,47,Medellin,Asuncion,2025,5,29,0.21011614911442864,2.1237742523592473
8,47,Sao Paulo,Asuncion,2025,5,29,1.2851018298658463,2.4111237062336643
8,47,La Plata,Asuncion,2025,5,29,1.5587527816919282,0.9997322605582801
8,47,Santiago,Asuncion,2025,5,29,0.3137100392893284,0.7605547308103707
8,47,Buenos Aires,Asuncion,2025,5,29,2.4413978726987664,2.1787652493701164
8,47,Avellaneda,Asuncion,2025,5,29,1.5189366877911634,2.8149527487864603
8,47,Quito,Asuncion,2025,5,29,0.2424616395321724,1.7302569440737312
8,47,La Boca,Asuncion,2025,5,29,0.35419696042678545,2.6768413823393398
8,47,Porto Alegre,Asuncion,2025,5,29,1.2625426322275004,2.6155253902953546
8,47,Montevideo,Asuncion,2025,5,29,1.387923055544903,2.854097389933276
8,47,Santos,Asuncion,2025,5,29,0.7119465896064682,1.2351791115263355
8,47,Sao Paulo,Medellin,2025,5,29,1.0998467488094639,0.7233717468896923
8,47,La Plata,Medellin,2025,5,29,1.2598893185555566,0.9835820162705613
8,47,Santiago,Medellin,2025,5,29,0.6111102151717651,0.8963229968064492
8,47,Buenos Aires,Medellin,2025,5,29,2.227118833975613,0.9079989789064677
8,47,Avellaneda,Medellin,2025,5,29,1.3039989281814262,0.4484107637587332
8,47,Quito,Medellin,2025,5,29,0.05745065423299608,1.0177024455731183
8,47,La Boca,Medellin,2025,5,29,0.2892070130676739,1.3010606176004216
8,47,Porto Alegre,Medellin,2025,5,29,1.481878308845831,0.7541828654871534
8,47,Montevideo,Medellin,2025,5,29,1.8535549585740663,0.13107709328742545
8,47,Santos,Medellin,2025,5,29,0.3017493462408959,0.9613050738584518
8,47,La Plata,Sao Paulo,2025,5,29,1.5154117118073356,0.5055199026989545
8,47,Santiago,Sao Paulo,2025,5,29,0.5893583023775814,0.2958359622554352
8,47,Buenos Aires,Sao Paulo,2025,5,29,2.0388444742606384,1.2119473333485418
8,47,Avellaneda,Sao Paulo,2025,5,29,0.7974521730925301,1.5835760913689358
8,47,Quito,Sao Paulo,2025,5,29,0.6166744780685037,0.8277403719834011
8,47,La Boca,Sao Paulo,2025,5,29,0.9537780142797718,0.045888661790736265
8,47,Porto Alegre,Sao Paulo,2025,5,29,1.1040431502738233,1.3533285551602325
8,47,Montevideo,Sao Paulo,2025,5,29,1.2868381800909143,0.9096809759606448
8,47,Santos,Sao Paulo,2025,5,29,0.9401293949802698,0.3618775288806359
8,47,Santiago,La Plata,2025,5,29,1.435585585527666,0.05607250120707921
8,47,Buenos Aires,La Plata,2025,5,29,2.513858379775404,0.17783727617465514
8,47,Avellaneda,La Plata,2025,5,29,1.6656565348554417,-0.045975683187043315
8,47,Quito,La Plata,2025,5,29,0.9214978659090955,-0.054277878148141556
8,47,La Boca,La Plata,2025,5,29,0.9105141295687476,0.002490350392634425
8,47,Porto Alegre,La Plata,2025,5,29,1.3324667841776672,0.34012103094340174
8,47,Montevideo,La Plata,2025,5,29,1.5159805563562383,-0.4949547502610067
8,47,Santos,La Plata,2025,5,29,1.3481935047884848,0.08576039527891034
8,47,Buenos Aires,Santiago,2025,5,29,1.7406655727881732,1.7326822944468285
8,47,Avellaneda,Santiago,2025,5,29,1.6671442560270322,1.3159823863500526
8,47,Quito,Santiago,2025,5,29,1.0373336042110959,1.3197099181259944
8,47,La Boca,Santiago,2025,5,29,1.3072411656515692,1.6464962987908338
8,47,Porto Alegre,Santiago,2025,5,29,1.006742299703622,2.8929315263216724
8,47,Montevideo,Santiago,2025,5,29,1.146104090412464,1.228708412728917
8,47,Santos,Santiago,2025,5,29,1.5062931072465944,0.6596552442111239
8,47,Avellaneda,Buenos Aires,2025,5,29,1.1569716215123984,3.2374735793438822
8,47,Quito,Buenos Aires,2025,5,29,1.1343977853506744,1.8496623773824254
8,47,La Boca,Buenos Aires,2025,5,29,1.2030955315576324,2.4697294022025327
8,47,Porto Alegre,Buenos Aires,2025,5,29,1.140819157490288,2.811886572187742
8,47,Montevideo,Buenos Aires,2025,5,29,0.9867008826485487,2.890787063102236
8,47,Santos,Buenos Aires,2025,5,29,1.941695621509353,1.3256645638319495
8,47,Quito,Avellaneda,2025,5,29,0.5996208504487728,1.041536135410281
8,47,La Boca,Avellaneda,2025,5,29,0.5049496044777616,1.031805017185407
8,47,Porto Alegre,Avellaneda,2025,5,29,1.3201396280765936,1.3396983566824945
8,47,Montevideo,Avellaneda,2025,5,29,1.5079407969170278,0.9862428467559269
8,47,Santos,Avellaneda,2025,5,29,1.0476544426006615,0.561498789129798
8,47,La Boca,Quito,2025,5,29,1.8192580366675961,0.6290132578323331
8,47,Porto Alegre,Quito,2025,5,29,1.8571913211770452,0.8963338529597411
8,47,Montevideo,Quito,2025,5,29,1.6638818230272587,0.12444370160583876
8,47,Santos,Quito,2025,5,29,2.333754651941454,0.759665495736184
8,47,Porto Alegre,La Boca,2025,5,29,1.4021860076820465,2.4339048796493814
8,47,Montevideo,La Boca,2025,5,29,1.7027052107106413,1.5196358219769994
8,47,Santos,La Boca,2025,5,29,1.1679054788651342,0.9325970270832482
8,47,Montevideo,Porto Alegre,2025,5,29,1.7623948989444154,-0.21994020161133257
8,47,Santos,Porto Alegre,2025,5,29,1.465748977599113,0.17546747193615564
8,47,Santos,Montevideo,2025,5,29,1.1418333737310096,0.661468587793516
8,50,Penarol,Itaquera,2025,5,29,0.7493514024080906,-0.2580891372569801
8,50,Lima,Itaquera,2025,5,29,0.8533126248348628,0.2923504767312491
8,50,Belo Horizonte,Itaquera,2025,5,29,0.6700694119637949,1.065628617201737
8,50,Guayaquil,Itaquera,2025,5,29,0.8476078920713995,0.444399390696384
8,50,Agua Branca,Itaquera,2025,5,29,0.6041453807372902,0.5848430826630611
8,50,Bogota,Itaquera,2025,5,29,0.3891079415193733,1.178830309635666
8,50,Rio de Janeiro,Itaquera,2025,5,29,0.8118038305297083,0.3201955083867148
8,50,Asuncion,Itaquera,2025,5,29,0.5305027168820653,-0.2630235257565627
8,50,Medellin,Itaquera,2025,5,29,0.6612241193562151,0.6216042343784157
8,50,Sao Paulo,Itaquera,2025,5,29,0.4183399760994152,-0.15789514886436082
8,50,La Plata,Itaquera,2025,5,29,0.9955946348695133,0.42136540129266925
8,50,Santiago,Itaquera,2025,5,29,0.9855505361509443,0.2836272207878271
8,50,Buenos Aires,Itaquera,2025,5,29,0.8878592238582284,0.5483513580588238
8,50,Avellaneda,Itaquera,2025,5,29,0.7376989050097124,0.029641980922024535
8,50,Quito,Itaquera,2025,5,29,0.8917145482990787,0.4660763357312416
8,50,La Boca,Itaquera,2025,5,29,0.7045362829838685,0.05732218904670145
8,50,Porto Alegre,Itaquera,2025,5,29,0.9207360477312592,0.11639195271564803
8,50,Montevideo,Itaquera,2025,5,29,0.8229065205053261,-0.3360288201983825
8,50,Santos,Itaquera,2025,5,29,0.611156269668086,0.16786975514115396
8,50,Lima,Penarol,2025,5,29,0.9032835564546766,0.2893685332652138
8,50,Belo Horizonte,Penarol,2025,5,29,1.216372878948507,2.105711627425963
8,50,Guayaquil,Penarol,2025,5,29,1.0754218864342944,1.0445952530108755
8,50,Agua Branca,Penarol,2025,5,29,1.1976523138939936,1.0940839871264774
8,50,Bogota,Penarol,2025,5,29,1.3846517492637653,2.498797477873852
8,50,Rio de Janeiro,Penarol,2025,5,29,1.3254210909263349,1.8529400618849512
8,50,Asuncion,Penarol,2025,5,29,1.6304838206715084,0.48190622645171644
8,50,Medellin,Penarol,2025,5,29,0.8180146039203373,2.2038950291556696
8,50,Sao Paulo,Penarol,2025,5,29,2.027565784444323,1.9857362330453459
8,50,La Plata,Penarol,2025,5,29,2.010623061513003,0.09086972966603901
8,50,Santiago,Penarol,2025,5,29,1.7090902975504683,0.5825651165572037
8,50,Buenos Aires,Penarol,2025,5,29,2.015301493093126,1.916758525187382
8,50,Avellaneda,Penarol,2025,5,29,1.3514445412598408,1.845746193580454
8,50,Quito,Penarol,2025,5,29,1.0381020224176576,1.2718823377239117
8,50,La Boca,Penarol,2025,5,29,0.9575024847172183,1.6401538094795858
8,50,Porto Alegre,Penarol,2025,5,29,1.1903451730933792,2.416777073876001
8,50,Montevideo,Penarol,2025,5,29,1.1128337448140018,1.8159468081818344
8,50,Santos,Penarol,2025,5,29,1.637848210142795,0.9177599645393743
8,50,Belo Horizonte,Lima,2025,5,29,0.4931563319032748,1.6634040253671394
8,50,Guayaquil,Lima,2025,5,29,0.8664587360056917,1.207155248585267
8,50,Agua Branca,Lima,2025,5,29,0.13327935668037308,0.6411488275468108
8,50,Bogota,Lima,2025,5,29,0.9203443268041327,2.183475679049725
8,50,Rio de Janeiro,Lima,2025,5,29,0.48572813395027187,1.1786095404703263
8,50,Asuncion,Lima,2025,5,29,0.3991622374977432,0.10652373233959635
8,50,Medellin,Lima,2025,5,29,0.3075453570228273,1.2983809338597105
8,50,Sao Paulo,Lima,2025,5,29,0.41725797838078593,1.084787598260889
8,50,La Plata,Lima,2025,5,29,0.9575123856311458,0.5912075359071651
8,50,Santiago,Lima,2025,5,29,0.6915198170872868,0.7618183932517444
8,50,Buenos Aires,Lima,2025,5,29,1.32106877607836,1.3178077460339428
8,50,Avellaneda,Lima,2025,5,29,0.6794632059081224,0.4860925255911319
8,50,Quito,Lima,2025,5,29,0.34286683772583954,0.9504263104589729
8,50,La Boca,Lima,2025,5,29,0.27809240656975787,1.1433498516788931
8,50,Porto Alegre,Lima,2025,5,29,0.8489719293336061,1.7466336395322126
8,50,Montevideo,Lima,2025,5,29,1.1208823586334746,0.5969189091853637
8,50,Santos,Lima,2025,5,29,0.4920249680086387,0.8027800877272362
8,50,Guayaquil,Belo Horizonte,2025,5,29,0.7152106765048734,1.1276515706545922
8,50,Agua Branca,Belo Horizonte,2025,5,29,1.200399323386262,1.4735523852743617
8,50,Bogota,Belo Horizonte,2025,5,29,0.9795991282068934,2.511330268296284
8,50,Rio de Janeiro,Belo Horizonte,2025,5,29,1.376593421649357,2.1286356963460973
8,50,Asuncion,Belo Horizonte,2025,5,29,1.2748413660904836,1.118794445610494
8,50,Medellin,Belo Horizonte,2025,5,29,0.9072660874891982,2.1328258519297454
8,50,Sao Paulo,Belo Horizonte,2025,5,29,1.5829956706511406,2.4529888330976686
8,50,La Plata,Belo Horizonte,2025,5,29,1.051497065355818,0.7369502283099622
8,50,Santiago,Belo Horizonte,2025,5,29,1.2184129121801388,1.1033873214567385
8,50,Buenos Aires,Belo Horizonte,2025,5,29,1.5919447208782562,2.0286211465603343
8,50,Avellaneda,Belo Horizonte,2025,5,29,1.3880381075327566,2.430789857098132
8,50,Quito,Belo Horizonte,2025,5,29,0.9442609089748312,1.6641765025574484
8,50,La Boca,Belo Horizonte,2025,5,29,0.9335689596117885,2.2017833821711537
8,50,Porto Alegre,Belo Horizonte,2025,5,29,1.0784683999654532,2.458200153631772
8,50,Montevideo,Belo Horizonte,2025,5,29,1.4736803587198728,2.4018681042172676
8,50,Santos,Belo Horizonte,2025,5,29,0.8616095053462717,1.3209936730327116
8,50,Agua Branca,Guayaquil,2025,5,29,1.9980695322558808,0.3740100056241375
8,50,Bogota,Guayaquil,2025,5,29,1.1411688985287094,1.299079974219487
8,50,Rio de Janeiro,Guayaquil,2025,5,29,1.5462488646736106,0.5628624551267076
8,50,Asuncion,Guayaquil,2025,5,29,1.2858634680307812,-0.05377816245353779
8,50,Medellin,Guayaquil,2025,5,29,2.035519609981541,0.5604746745697162
8,50,Sao Paulo,Guayaquil,2025,5,29,2.5803222374042254,-0.01226944820583284
8,50,La Plata,Guayaquil,2025,5,29,1.929585265246904,0.21861488288265307
8,50,Santiago,Guayaquil,2025,5,29,1.6327192198939082,0.18942878108967473
8,50,Buenos Aires,Guayaquil,2025,5,29,2.4331542904153634,0.45038532774127127
8,50,Avellaneda,Guayaquil,2025,5,29,1.3592321852300318,0.19634382247767523
8,50,Quito,Guayaquil,2025,5,29,1.094615212715417,0.7740422979941061
8,50,La Boca,Guayaquil,2025,5,29,1.1945014985185245,0.2405204619814886
8,50,Porto Alegre,Guayaquil,2025,5,29,1.41120048191429,0.4687425511604735
8,50,Montevideo,Guayaquil,2025,5,29,1.4658845805331304,-0.23807799021345832
8,50,Santos,Guayaquil,2025,5,29,2.4095429050024384,-0.04462114322740429
8,50,Bogota,Agua Branca,2025,5,29,1.4419624593258815,1.3096121524741582
8,50,Rio de Janeiro,Agua Branca,2025,5,29,1.3201695362014514,0.6799235556419825
8,50,Asuncion,Agua Branca,2025,5,29,1.4832104584284653,0.17105966219291097
8,50,Medellin,Agua Branca,2025,5,29,0.9327948618183554,1.6686459907151758
8,50,Sao Paulo,Agua Branca,2025,5,29,1.1996369368515776,1.1854580581528886
8,50,La Plata,Agua Branca,2025,5,29,1.4895289014764979,0.5904618584191259
8,50,Santiago,Agua Branca,2025,5,29,1.4429610013851526,0.7496941991998856
8,50,Buenos Aires,Agua Branca,2025,5,29,1.2526560459676233,1.0440220350963731
8,50,Avellaneda,Agua Branca,2025,5,29,1.3714611485377486,0.7672649554687815
8,50,Quito,Agua Branca,2025,5,29,0.9648036314589564,0.5842577278136208
8,50,La Boca,Agua Branca,2025,5,29,1.2901972865945852,0.9497667994633189
8,50,Porto Alegre,Agua Branca,2025,5,29,0.9470570476378303,0.6581106835415523
8,50,Montevideo,Agua Branca,2025,5,29,1.1196646374681154,0.30511810722853405
8,50,Santos,Agua Branca,2025,5,29,1.1515738948472134,0.9297643233184608
8,50,Rio de Janeiro,Bogota,2025,5,29,1.3445814377829888,1.3467771439628953
8,50,Asuncion,Bogota,2025,5,29,1.668607175474502,0.0934447832481981
8,50,Medellin,Bogota,2025,5,29,1.9836344710871214,0.47698847677720896
8,50,Sao Paulo,Bogota,2025,5,29,1.9499860647555973,0.654669998783518
8,50,La Plata,Bogota,2025,5,29,2.140103565387077,0.683827531926907
8,50,Santiago,Bogota,2025,5,29,1.9677420538330215,0.7124210241351349
8,50,Buenos Aires,Bogota,2025,5,29,2.3223252127097576,0.9818846429741296
8,50,Avellaneda,Bogota,2025,5,29,1.4978675418823115,0.4292193070143105
8,50,Quito,Bogota,2025,5,29,1.3183147375081823,1.1077228657330231
8,50,La Boca,Bogota,2025,5,29,1.7274263677297095,1.0032123323991677
8,50,Porto Alegre,Bogota,2025,5,29,1.7682596011772311,1.0575262964762284
8,50,Montevideo,Bogota,2025,5,29,1.730336615653968,-0.04101273479898747
8,50,Santos,Bogota,2025,5,29,2.1550903901249585,0.5065986612132825
8,50,Asuncion,Rio de Janeiro,2025,5,29,0.9669832974387332,-0.0029262900154706046
8,50,Medellin,Rio de Janeiro,2025,5,29,0.5611382748654048,0.3741842187313321
8,50,Sao Paulo,Rio de Janeiro,2025,5,29,1.158202648406388,0.6138930699394876
8,50,La Plata,Rio de Janeiro,2025,5,29,1.5841340359170575,0.5574787377924135
8,50,Santiago,Rio de Janeiro,2025,5,29,0.878446837859577,0.9314293859129652
8,50,Buenos Aires,Rio de Janeiro,2025,5,29,2.30724108651372,0.7012498673886817
8,50,Avellaneda,Rio de Janeiro,2025,5,29,0.9465083816351817,0.0871720127037446
8,50,Quito,Rio de Janeiro,2025,5,29,0.9118035656195904,0.832712247240868
8,50,La Boca,Rio de Janeiro,2025,5,29,0.9372723535434075,0.22177726708328435
8,50,Porto Alegre,Rio de Janeiro,2025,5,29,1.470328802988716,0.5856985858018705
8,50,Montevideo,Rio de Janeiro,2025,5,29,1.7799918530285372,-0.03169577720382011
8,50,Santos,Rio de Janeiro,2025,5,29,1.1504657702178893,0.44591197220902334
8,50,Medellin,Asuncion,2025,5,29,0.22088474255105917,2.122099255525633
8,50,Sao Paulo,Asuncion,2025,5,29,1.2851018298658463,2.4106428932403694
8,50,La Plata,Asuncion,2025,5,29,1.6106385153332117,1.0001279709567066
8,50,Santiago,Asuncion,2025,5,29,0.3244786327259589,0.7609504412087972
8,50,Buenos Aires,Asuncion,2025,5,29,2.4945646576017464,2.1787652493701164
8,50,Avellaneda,Asuncion,2025,5,29,1.612634254905799,2.8182176398588203
8,50,Quito,Asuncion,2025,5,29,0.28079274027060586,1.7297761310804363
8,50,La Boca,Asuncion,2025,5,29,0.322958781122808,2.6768413823393398
8,50,Porto Alegre,Asuncion,2025,5,29,1.3017154031018072,2.6138503934617403
8,50,Montevideo,Asuncion,2025,5,29,1.3620561729391876,2.8544931003317027
8,50,Santos,Asuncion,2025,5,29,0.6681024464868324,1.2372498187583763
8,50,Sao Paulo,Medellin,2025,5,29,1.0998467488094639,0.7214024266178428
8,50,La Plata,Medellin,2025,5,29,1.3117750521968403,0.981907019436947
8,50,Santiago,Medellin,2025,5,29,0.6117108518649447,0.8937685393817009
8,50,Buenos Aires,Medellin,2025,5,29,2.2738618819879264,0.9079989789064677
8,50,Avellaneda,Medellin,2025,5,29,1.3976964952960615,0.4475313031675991
8,50,Quito,Medellin,2025,5,29,0.10993702456745895,1.0157331253012687
8,50,La Boca,Medellin,2025,5,29,0.2892070130676739,1.3001811570092874
8,50,Porto Alegre,Medellin,2025,5,29,1.5343646791802936,0.7525078686535392
8,50,Montevideo,Medellin,2025,5,29,1.8541555952672457,0.12852263586267715
8,50,Santos,Medellin,2025,5,29,0.2754360166315137,0.9613050738584518
8,50,La Plata,Sao Paulo,2025,5,29,1.5209969591786814,0.5055199026989545
8,50,Santiago,Sao Paulo,2025,5,29,0.5799177777961654,0.2958359622554352
8,50,Buenos Aires,Sao Paulo,2025,5,29,2.044429721631984,1.2119473333485418
8,50,Avellaneda,Sao Paulo,2025,5,29,0.8030374204638758,1.5835760913689358
8,50,Quito,Sao Paulo,2025,5,29,0.5801715090884637,0.8277403719834011
8,50,La Boca,Sao Paulo,2025,5,29,0.9137356362494594,0.045888661790736265
8,50,Porto Alegre,Sao Paulo,2025,5,29,1.0873968415757107,1.3533285551602325
8,50,Montevideo,Sao Paulo,2025,5,29,1.247597426972647,0.9096809759606448
8,50,Santos,Sao Paulo,2025,5,29,0.8767124596976684,0.3618775288806359
8,50,Santiago,La Plata,2025,5,29,1.435585585527666,0.05814320843911988
8,50,Buenos Aires,La Plata,2025,5,29,2.55904575716298,0.1904661972089293
8,50,Avellaneda,La Plata,2025,5,29,1.7593541019700774,-0.043904975955002645
8,50,Quito,La Plata,2025,5,29,0.9767591434646032,-0.10833305012788864
8,50,La Boca,La Plata,2025,5,29,0.9091774595534777,0.002490350392634425
8,50,Porto Alegre,La Plata,2025,5,29,1.3843525178189506,0.3527499519776759
8,50,Montevideo,La Plata,2025,5,29,1.5159805563562383,-0.4802551219946919
8,50,Santos,La Plata,2025,5,29,1.3212795384859233,0.1004600235452252
8,50,Buenos Aires,Santiago,2025,5,29,1.6062540640016656,1.7277942627937666
8,50,Avellaneda,Santiago,2025,5,29,1.7036086986099737,1.3180530935820933
8,50,Quito,Santiago,2025,5,29,0.9841678079938126,1.3323388391602684
8,50,La Boca,Santiago,2025,5,29,1.276002986347592,1.6289793461034978
8,50,Porto Alegre,Santiago,2025,5,29,0.9946299736298255,2.8880434946686107
8,50,Montevideo,Santiago,2025,5,29,1.0543522842936626,1.2434080409952317
8,50,Santos,Santiago,2025,5,29,1.2404980559525611,0.6880619194288072
8,50,Avellaneda,Buenos Aires,2025,5,29,1.258979672403332,3.2374735793438822
8,50,Quito,Buenos Aires,2025,5,29,1.1092640465004444,1.8496623773824254
8,50,La Boca,Buenos Aires,2025,5,29,1.1630531535273199,2.452212449515197
8,50,Porto Alegre,Buenos Aires,2025,5,29,1.1247734854853548,2.794369619500406
8,50,Montevideo,Buenos Aires,2025,5,29,0.8978199689446184,2.890787063102236
8,50,Santos,Buenos Aires,2025,5,29,1.7525652850762954,1.3393716107833178
8,50,Quito,Avellaneda,2025,5,29,0.5400679383995797,1.0538707330063197
8,50,La Boca,Avellaneda,2025,5,29,0.4684466354977218,1.0309255565942728
8,50,Porto Alegre,Avellaneda,2025,5,29,1.303493319378481,1.3523272777167685
8,50,Montevideo,Avellaneda,2025,5,29,1.411655008173911,1.0000630144311073
8,50,Santos,Avellaneda,2025,5,29,0.8023862417772811,0.5761984173961129
8,50,La Boca,Quito,2025,5,29,1.782755067687556,0.6114963051449971
8,50,Porto Alegre,Quito,2025,5,29,1.8405450124789327,0.8788169002724051
8,50,Montevideo,Quito,2025,5,29,1.627277356144401,0.12651440883787943
8,50,Santos,Quito,2025,5,29,2.202638035416763,0.7442192502808888
8,50,Porto Alegre,La Boca,2025,5,29,1.4413587785563533,2.4163879269620456
8,50,Montevideo,La Boca,2025,5,29,1.676838328104926,1.5217065292090401
8,50,Santos,La Boca,2025,5,29,1.143224428199035,0.9171507816279529
8,50,Montevideo,Porto Alegre,2025,5,29,1.7623948989444154,-0.21994020161133257
8,50,Santos,Porto Alegre,2025,5,29,1.4687666971867186,0.17546747193615564
8,50,Santos,Montevideo,2025,5,29,1.0407613112190586,0.658651263372495
8,53,Penarol,Itaquera,2025,5,29,0.7635330640402463,-0.22536383978849375
8,53,Lima,Itaquera,2025,5,29,0.9269973877728955,0.331229765833906
8,53,Belo Horizonte,Itaquera,2025,5,29,0.6357587691552763,1.0881908816833872
8,53,Guayaquil,Itaquera,2025,5,29,0.8476078920713995,0.4686334304218161
8,53,Agua Branca,Itaquera,2025,5,29,0.6064221817287131,0.6130851502641744
8,53,Bogota,Itaquera,2025,5,29,0.380892690408712,1.1935668072393633
8,53,Rio de Janeiro,Itaquera,2025,5,29,0.8259854921618639,0.3569288337308824
8,53,Asuncion,Itaquera,2025,5,29,0.5153760548000917,-0.23197000353185845
8,53,Medellin,Itaquera,2025,5,29,0.6612241193562151,0.6707378046943813
8,53,Sao Paulo,Itaquera,2025,5,29,0.42061677709083817,-0.12516985139587458
8,53,La Plata,Itaquera,2025,5,29,1.0431840061096884,0.4331991960463034
8,53,Santiago,Itaquera,2025,5,29,0.9997321977830999,0.33108901586001044
8,53,Buenos Aires,Itaquera,2025,5,29,0.9615439867962612,0.563087855662521
8,53,Avellaneda,Itaquera,2025,5,29,0.751880566641868,0.03746774779997743
8,53,Quito,Itaquera,2025,5,29,0.8678959575926444,0.47390210260919446
8,53,La Boca,Itaquera,2025,5,29,0.6665360306452784,0.09405551439086912
8,53,Porto Alegre,Itaquera,2025,5,29,1.0168177234121085,0.16385374778783163
8,53,Montevideo,Itaquera,2025,5,29,0.887899354818898,-0.29929549485421486
8,53,Santos,Itaquera,2025,5,29,0.5992425396023844,0.19892327736585805
8,53,Lima,Penarol,2025,5,29,0.9032835564546766,0.7181405606086734
8,53,Belo Horizonte,Penarol,2025,5,29,1.183850800228755,1.4049524254565124
8,53,Guayaquil,Penarol,2025,5,29,1.0784728483695663,1.3738730731848743
8,53,Agua Branca,Penarol,2025,5,29,1.1900053892409908,0.9857140884188078
8,53,Bogota,Penarol,2025,5,29,1.3613182298027577,1.9033603472839133
8,53,Rio de Janeiro,Penarol,2025,5,29,1.403133081364527,1.2301387826387058
8,53,Asuncion,Penarol,2025,5,29,1.6848622916486926,0.8860209330410034
8,53,Medellin,Penarol,2025,5,29,0.7946810844593296,1.772185093772942
8,53,Sao Paulo,Penarol,2025,5,29,2.020328582344696,1.9369491466369406
8,53,La Plata,Penarol,2025,5,29,2.0032229538524717,0.46398218326696794
8,53,Santiago,Penarol,2025,5,29,1.6857567780894602,0.989268328538609
8,53,Buenos Aires,Penarol,2025,5,29,2.008064290993499,1.6078035851547299
8,53,Avellaneda,Penarol,2025,5,29,1.3494564752470748,1.5297480377391646
8,53,Quito,Penarol,2025,5,29,1.0925172022484901,1.0480972510578537
8,53,La Boca,Penarol,2025,5,29,1.0088667026127793,0.9659103058321508
8,53,Porto Alegre,Penarol,2025,5,29,1.2132689700010102,1.8736612114062237
8,53,Montevideo,Penarol,2025,5,29,1.107421703166236,1.4151013210561076
8,53,Santos,Penarol,2025,5,29,1.625608688948779,0.9512894504775321
8,53,Belo Horizonte,Lima,2025,5,29,0.47315855165036796,1.2114740910678314
8,53,Guayaquil,Lima,2025,5,29,0.8664587360056917,1.3330012557458466
8,53,Agua Branca,Lima,2025,5,29,0.14746101831252875,0.6611581582217115
8,53,Bogota,Lima,2025,5,29,0.9203443268041327,1.6133062033099728
8,53,Rio de Janeiro,Lima,2025,5,29,0.5067095223113189,0.582340721269791
8,53,Asuncion,Lima,2025,5,29,0.39905055325532246,0.3625412059057898
8,53,Medellin,Lima,2025,5,29,0.3215999571927643,1.1035000692470864
8,53,Sao Paulo,Lima,2025,5,29,0.4314396400129416,1.0843806282126294
8,53,La Plata,Lima,2025,5,29,0.9307148786493474,0.7932372109746089
8,53,Santiago,Lima,2025,5,29,0.712501205448334,0.9961740215041427
8,53,Buenos Aires,Lima,2025,5,29,1.3278685028072514,1.1642717751028033
8,53,Avellaneda,Lima,2025,5,29,0.7076994677102149,0.4860925255911319
8,53,Quito,Lima,2025,5,29,0.33705071910508827,0.9500193404107131
8,53,La Boca,Lima,2025,5,29,0.2580946263168509,0.7990600340935907
8,53,Porto Alegre,Lima,2025,5,29,0.8642488833163227,1.1760571937442008
8,53,Montevideo,Lima,2025,5,29,1.1276820853623664,0.48576632501637795
8,53,Santos,Lima,2025,5,29,0.4934637228289329,0.7622242542256603
8,53,Guayaquil,Belo Horizonte,2025,5,29,0.671905158975405,1.4628669893354833
8,53,Agua Branca,Belo Horizonte,2025,5,29,1.180017602764425,1.365182486566693
8,53,Bogota,Belo Horizonte,2025,5,29,0.9084432453582517,1.8841046139906468
8,53,Rio de Janeiro,Belo Horizonte,2025,5,29,1.456293478100315,1.4740458933841534
8,53,Asuncion,Belo Horizonte,2025,5,29,1.2622924670893316,1.4638935026049869
8,53,Medellin,Belo Horizonte,2025,5,29,0.858518949678903,1.787758298141108
8,53,Sao Paulo,Belo Horizonte,2025,5,29,1.577554050370314,2.3825126131968593
8,53,La Plata,Belo Horizonte,2025,5,29,1.047623355281651,1.0510470323160965
8,53,Santiago,Belo Horizonte,2025,5,29,1.1696657743698435,1.4655088945952892
8,53,Buenos Aires,Belo Horizonte,2025,5,29,1.6143534659166032,1.7713086057513516
8,53,Avellaneda,Belo Horizonte,2025,5,29,1.3223238449649413,2.111708574106663
8,53,Quito,Belo Horizonte,2025,5,29,0.9314491958761756,1.4451704603995643
8,53,La Boca,Belo Horizonte,2025,5,29,0.920757246513133,1.5737642458486074
8,53,Porto Alegre,Belo Horizonte,2025,5,29,1.0523822449652855,1.8515054108733482
8,53,Montevideo,Belo Horizonte,2025,5,29,1.4911625353466773,2.005801661599713
8,53,Santos,Belo Horizonte,2025,5,29,0.7690977357966577,1.3790583928033529
8,53,Agua Branca,Guayaquil,2025,5,29,1.9032308066950903,0.40225207322525086
8,53,Bogota,Guayaquil,2025,5,29,1.0481847433619118,1.1652669851842288
8,53,Rio de Janeiro,Guayaquil,2025,5,29,1.6259489211245688,0.44937451858813765
8,53,Asuncion,Guayaquil,2025,5,29,1.2879444012731915,-0.02105286498505164
8,53,Medellin,Guayaquil,2025,5,29,1.928505917354017,0.6096082448856817
8,53,Sao Paulo,Guayaquil,2025,5,29,2.567261345963659,0.020455849262653494
8,53,La Plata,Guayaquil,2025,5,29,1.9394481707139695,0.2304486776362873
8,53,Santiago,Guayaquil,2025,5,29,1.5658489265262594,0.2385623514056403
8,53,Buenos Aires,Guayaquil,2025,5,29,2.420093398974797,0.4667936005887505
8,53,Avellaneda,Guayaquil,2025,5,29,1.2781528907039668,0.20416958935562812
8,53,Quito,Guayaquil,2025,5,29,1.095540115157994,0.781868064872059
8,53,La Boca,Guayaquil,2025,5,29,1.1800613690028516,0.2772537873256562
8,53,Porto Alegre,Guayaquil,2025,5,29,1.351888953496023,0.36765485959370137
8,53,Montevideo,Guayaquil,2025,5,29,1.460382454041946,-0.2013446648692907
8,53,Santos,Guayaquil,2025,5,29,2.343828642434623,-0.011895845758917977
8,53,Bogota,Agua Branca,2025,5,29,1.4456520688559529,1.0982929355499316
8,53,Rio de Janeiro,Agua Branca,2025,5,29,1.3411509245624984,0.44291196530523164
8,53,Asuncion,Agua Branca,2025,5,29,1.4654401745485015,0.23529570323981353
8,53,Medellin,Agua Branca,2025,5,29,0.9479099978590246,1.6615410790376288
8,53,Sao Paulo,Agua Branca,2025,5,29,1.213818598483733,1.1854580581528886
8,53,La Plata,Agua Branca,2025,5,29,1.472125438403101,0.6603777025854918
8,53,Santiago,Agua Branca,2025,5,29,1.4863511347845468,0.7918614248847331
8,53,Buenos Aires,Agua Branca,2025,5,29,1.2855541272649331,1.0202814444905366
8,53,Avellaneda,Agua Branca,2025,5,29,1.399697410339841,0.730954119748097
8,53,Quito,Agua Branca,2025,5,29,0.9463946999841931,0.6138547083836207
8,53,La Boca,Agua Branca,2025,5,29,1.2545557315523943,0.8779403746938125
8,53,Porto Alegre,Agua Branca,2025,5,29,0.9904471810372241,0.49911273473748574
8,53,Montevideo,Agua Branca,2025,5,29,1.1264643641970071,0.27281529938353066
8,53,Santos,Agua Branca,2025,5,29,1.1373688748782238,0.9032020080356689
8,53,Rio de Janeiro,Bogota,2025,5,29,1.424281494233947,0.8318243972487345
8,53,Asuncion,Bogota,2025,5,29,1.7130688518237196,0.09177300800441604
8,53,Medellin,Bogota,2025,5,29,1.8834844755212488,0.42734154000281216
8,53,Sao Paulo,Bogota,2025,5,29,1.9380812041148647,0.6406554176895288
8,53,La Plata,Bogota,2025,5,29,2.0911159053479764,0.7163630038054489
8,53,Santiago,Bogota,2025,5,29,1.9444085343720137,0.7321717812166663
8,53,Buenos Aires,Bogota,2025,5,29,2.3104203520690247,0.9269860302791043
8,53,Avellaneda,Bogota,2025,5,29,1.4825025099240619,0.350366446196776
8,53,Quito,Bogota,2025,5,29,1.326103337012409,1.099939474015199
8,53,La Boca,Bogota,2025,5,29,1.7198499352756866,0.7221688287866298
8,53,Porto Alegre,Bogota,2025,5,29,1.739145289281622,0.5770958436073829
8,53,Montevideo,Bogota,2025,5,29,1.6659839236566178,-0.07331554264399087
8,53,Santos,Bogota,2025,5,29,2.1184173132799686,0.4576198773271745
8,53,Asuncion,Rio de Janeiro,2025,5,29,0.9495397179701662,0.0297990074530156
8,53,Medellin,Rio de Janeiro,2025,5,29,0.5315577092378518,0.4625286346123802
8,53,Sao Paulo,Rio de Janeiro,2025,5,29,1.1597054876580903,0.7234358307490039
8,53,La Plata,Rio de Janeiro,2025,5,29,1.5579504150971617,0.6383042290091249
8,53,Santiago,Rio de Janeiro,2025,5,29,0.8630479338641797,1.0333373421123662
8,53,Buenos Aires,Rio de Janeiro,2025,5,29,2.2999472749536896,0.7221425067814269
8,53,Avellaneda,Rio de Janeiro,2025,5,29,0.9587019772545714,0.12561937432180695
8,53,Quito,Rio de Janeiro,2025,5,29,0.9048972438402918,0.899687052861791
8,53,La Boca,Rio de Janeiro,2025,5,29,0.9131334081966815,0.22890050710715212
8,53,Porto Alegre,Rio de Janeiro,2025,5,29,1.4845104646208716,0.43796566501682227
8,53,Montevideo,Rio de Janeiro,2025,5,29,1.7503546779405807,-0.004805109579759611
8,53,Santos,Rio de Janeiro,2025,5,29,1.1573536202900145,0.5108807440137324
8,53,Medellin,Asuncion,2025,5,29,0.2378518673085792,1.7606234288895153
8,53,Sao Paulo,Asuncion,2025,5,29,1.2819370105764425,2.34016667333956
8,53,La Plata,Asuncion,2025,5,29,1.5726382629946216,1.3692323966819537
8,53,Santiago,Asuncion,2025,5,29,0.27189433031703925,1.178971519535388
8,53,Buenos Aires,Asuncion,2025,5,29,2.5050685419993606,1.8438832594506587
8,53,Avellaneda,Asuncion,2025,5,29,1.6268159165379545,2.472668178866773
8,53,Quito,Asuncion,2025,5,29,0.25697414956417136,1.4843019109219744
8,53,La Boca,Asuncion,2025,5,29,0.20302450189085267,1.970677901544149
8,53,Porto Alegre,Asuncion,2025,5,29,1.3383058097723097,1.914622297908333
8,53,Montevideo,Asuncion,2025,5,29,1.3397073729232387,2.385604491813874
8,53,Santos,Asuncion,2025,5,29,0.6543896545159007,1.2768163103967956
8,53,Sao Paulo,Medellin,2025,5,29,1.0483820361887697,0.7214024266178428
8,53,La Plata,Medellin,2025,5,29,1.3068790099288123,0.981907019436947
8,53,Santiago,Medellin,2025,5,29,0.533100790434493,0.8700279487758639
8,53,Buenos Aires,Medellin,2025,5,29,2.384913758343455,0.8470499998289013
8,53,Avellaneda,Medellin,2025,5,29,1.3602863828453038,0.4475313031675991
8,53,Quito,Medellin,2025,5,29,0.04417896607218811,1.0157331253012687
8,53,La Boca,Medellin,2025,5,29,0.20926729294024712,1.2606575400847853
8,53,Porto Alegre,Medellin,2025,5,29,1.659654826628382,0.4837354935621322
8,53,Montevideo,Medellin,2025,5,29,1.9427987265844269,0.12852263586267715
8,53,Santos,Medellin,2025,5,29,0.28072353446450493,0.9051457780056598
8,53,La Plata,Sao Paulo,2025,5,29,1.4635094756736395,0.9628686164706061
8,53,Santiago,Sao Paulo,2025,5,29,0.5696098891674797,0.848887248012109
8,53,Buenos Aires,Sao Paulo,2025,5,29,2.0361628429465735,1.2208062339380066
8,53,Avellaneda,Sao Paulo,2025,5,29,0.8172190820960314,1.5971498524882086
8,53,Quito,Sao Paulo,2025,5,29,0.5399166491508491,0.9778844484448086
8,53,La Boca,Sao Paulo,2025,5,29,0.8322645029699134,0.08221501708664387
8,53,Porto Alegre,Sao Paulo,2025,5,29,1.1004224724080325,1.1844109309682287
8,53,Montevideo,Sao Paulo,2025,5,29,1.2112030160710732,0.9464143013048119
8,53,Santos,Sao Paulo,2025,5,29,0.869801048726356,0.6183267074201347
8,53,Santiago,La Plata,2025,5,29,1.1587652806474331,0.09086850590760633
8,53,Buenos Aires,La Plata,2025,5,29,2.5695496415605943,0.1904661972089293
8,53,Avellaneda,La Plata,2025,5,29,1.6279934651494117,-0.036079209077049756
8,53,Quito,La Plata,2025,5,29,0.7562066654126768,-0.1005072832499357
8,53,La Boca,La Plata,2025,5,29,0.6066909546081858,0.03521564786112067
8,53,Porto Alegre,La Plata,2025,5,29,1.3353425659111517,0.3854752494461622
8,53,Montevideo,La Plata,2025,5,29,1.4694928109935634,-0.4475298245262056
8,53,Santos,La Plata,2025,5,29,1.2006181787690757,0.13318532101371147
8,53,Buenos Aires,Santiago,2025,5,29,1.6062540640016656,1.357678146498118
8,53,Avellaneda,Santiago,2025,5,29,1.688243666651724,0.972503632590046
8,53,Quito,Santiago,2025,5,29,1.0531611109720498,1.0209568027111218
8,53,La Boca,Santiago,2025,5,29,1.3296312573675801,0.9123898824320483
8,53,Porto Alegre,Santiago,2025,5,29,0.9964843042008761,2.0810152349234015
8,53,Montevideo,Santiago,2025,5,29,1.051467109867828,0.7785274603530845
8,53,Santos,Santiago,2025,5,29,1.229791302479841,0.647286584024602
8,53,Avellaneda,Buenos Aires,2025,5,29,1.25929168654816,2.8919241183518354
8,53,Quito,Buenos Aires,2025,5,29,1.101789946973552,1.603781187175704
8,53,La Boca,Buenos Aires,2025,5,29,1.141397392368272,1.735216015795488
8,53,Porto Alegre,Buenos Aires,2025,5,29,1.102964408186218,1.9705261168594592
8,53,Montevideo,Buenos Aires,2025,5,29,0.927543492581141,2.4259064824600887
8,53,Santos,Buenos Aires,2025,5,29,1.6673968664526297,1.3491332179370301
8,53,Quito,Avellaneda,2025,5,29,0.5337711747569864,0.9522590605015645
8,53,La Boca,Avellaneda,2025,5,29,0.443733877961607,0.822232232585295
8,53,Porto Alegre,Avellaneda,2025,5,29,1.327237835808741,1.0401684429481537
8,53,Montevideo,Avellaneda,2025,5,29,1.4722820379697483,0.8092041738542282
8,53,Santos,Avellaneda,2025,5,29,0.7313662336622015,0.5623440413331858
8,53,La Boca,Quito,2025,5,29,1.7044620535713284,0.6114963051449971
8,53,Porto Alegre,Quito,2025,5,29,1.7457164380155081,0.6282240730809036
8,53,Montevideo,Quito,2025,5,29,1.5579223450526614,0.12651440883787943
8,53,Santos,Quito,2025,5,29,2.0899992408227064,0.7561110153554593
8,53,Porto Alegre,La Boca,2025,5,29,1.4637675235947003,1.6939854059079178
8,53,Montevideo,La Boca,2025,5,29,1.6311560086279693,1.1795490935978563
8,53,Santos,La Boca,2025,5,29,1.0957808273335632,0.8831006760316435
8,53,Montevideo,Porto Alegre,2025,5,29,1.72090947267613,-0.18320687626716503
8,53,Santos,Porto Alegre,2025,5,29,1.381704225451289,0.23504843816372045
8,53,Santos,Montevideo,2025,5,29,0.9258681564283038,0.5876090963671099
8,56,Penarol,Itaquera,2025,5,29,0.8041818712021935,-0.12417952250413046
8,56,Lima,Itaquera,2025,5,29,0.9246067861268578,0.21270834901960003
8,56,Belo Horizonte,Itaquera,2025,5,29,0.6410349535184307,0.5802734455611646
8,56,Guayaquil,Itaquera,2025,5,29,0.8911641281575184,0.3869849112558149
8,56,Agua Branca,Itaquera,2025,5,29,0.6064221817287131,0.5960875877742133
8,56,Bogota,Itaquera,2025,5,29,0.41139899539361824,0.8637545342909831
8,56,Rio de Janeiro,Itaquera,2025,5,29,1.0328361995099988,0.08681832452082093
8,56,Asuncion,Itaquera,2025,5,29,0.5493843427075,-0.12987146717840217
8,56,Medellin,Itaquera,2025,5,29,0.6665003037193694,0.5577828357249034
8,56,Sao Paulo,Itaquera,2025,5,29,0.625098728999992,-0.11766373738394376
8,56,La Plata,Itaquera,2025,5,29,1.1233290502741444,-0.017100903581767787
8,56,Santiago,Itaquera,2025,5,29,1.0021009532220821,0.33859512987194135
8,56,Buenos Aires,Itaquera,2025,5,29,1.1644609984655714,0.4764214496099084
8,56,Avellaneda,Itaquera,2025,5,29,0.7820973374897296,0.07515995374942257
8,56,Quito,Itaquera,2025,5,29,0.9032467341843821,0.2285119895694883
8,56,La Boca,Itaquera,2025,5,29,0.6524379865823572,0.007671386711754594
8,56,Porto Alegre,Itaquera,2025,5,29,1.0574665305740558,0.28354458341562017
8,56,Montevideo,Itaquera,2025,5,29,0.968044398983354,-0.19531309259404095
8,56,Santos,Itaquera,2025,5,29,0.6005850282867137,0.21106444061543872
8,56,Lima,Penarol,2025,5,29,1.1075756595869175,0.7167316092620326
8,56,Belo Horizonte,Penarol,2025,5,29,1.4851357698072634,1.4113788759243815
8,56,Guayaquil,Penarol,2025,5,29,1.3217374609503434,1.3142071215947857
8,56,Agua Branca,Penarol,2025,5,29,1.461519500969543,0.9857140884188078
8,56,Bogota,Penarol,2025,5,29,1.4447767399625706,1.952114907873432
8,56,Rio de Janeiro,Penarol,2025,5,29,2.0664722307716037,1.2869896527913371
8,56,Asuncion,Penarol,2025,5,29,1.773618355695618,0.8846119816943626
8,56,Medellin,Penarol,2025,5,29,1.128274801644255,1.7037753454539823
8,56,Sao Paulo,Penarol,2025,5,29,2.5105268665005935,1.8456755442194759
8,56,La Plata,Penarol,2025,5,29,2.1824202471722134,0.464888868166593
8,56,Santiago,Penarol,2025,5,29,1.8296532994468615,1.00427894178715
8,56,Buenos Aires,Penarol,2025,5,29,2.593352335678949,1.5405435904485443
8,56,Avellaneda,Penarol,2025,5,29,1.587665013003974,1.4474774297844377
8,56,Quito,Penarol,2025,5,29,1.3511697993649225,1.040742587958152
8,56,La Boca,Penarol,2025,5,29,1.2270278268205461,0.9873652085840149
8,56,Porto Alegre,Penarol,2025,5,29,1.2121859888210924,1.9291031302122141
8,56,Montevideo,Penarol,2025,5,29,1.3508369940808478,1.2999934506600286
8,56,Santos,Penarol,2025,5,29,1.9820953085238937,0.9738941068421704
8,56,Belo Horizonte,Lima,2025,5,29,0.47843473601352227,1.0762896110287588
8,56,Guayaquil,Lima,2025,5,29,0.9106828093820493,1.1777309509450833
8,56,Agua Branca,Lima,2025,5,29,0.155140338942029,0.6611581582217115
8,56,Bogota,Lima,2025,5,29,0.9445025414620042,1.5655497257891915
8,56,Rio de Janeiro,Lima,2025,5,29,0.7056859553399227,0.5440896877868323
8,56,Asuncion,Lima,2025,5,29,0.43847803083931486,0.361132254559149
8,56,Medellin,Lima,2025,5,29,0.3268761415559186,1.002253058486774
8,56,Sao Paulo,Lima,2025,5,29,0.6265766424462741,0.9320946704694733
8,56,La Plata,Lima,2025,5,29,1.005179669777008,0.6682054790110485
8,56,Santiago,Lima,2025,5,29,0.7148699608873166,1.0111846347526836
8,56,Buenos Aires,Lima,2025,5,29,1.523579077447269,1.0014074271859432
8,56,Avellaneda,Lima,2025,5,29,0.7322984255836981,0.341849195304272
8,56,Quito,Lima,2025,5,29,0.37306933298706485,0.8166725783410088
8,56,La Boca,Lima,2025,5,29,0.2376484919268953,0.7923398439611156
8,56,Porto Alegre,Lima,2025,5,29,0.9055655277685087,1.198661850108839
8,56,Montevideo,Lima,2025,5,29,1.2021468764900267,0.37065845462030006
8,56,Santos,Lima,2025,5,29,0.4954740488035011,0.7838685435838572
8,56,Guayaquil,Belo Horizonte,2025,5,29,0.9305321498601776,1.4032010377453947
8,56,Agua Branca,Belo Horizonte,2025,5,29,1.39452441151166,1.3610250733289773
8,56,Bogota,Belo Horizonte,2025,5,29,0.9851181578915814,1.9219737306302365
8,56,Rio de Janeiro,Belo Horizonte,2025,5,29,2.1624438195142823,1.500162724907854
8,56,Asuncion,Belo Horizonte,2025,5,29,1.3022414709800791,1.495735038904312
8,56,Medellin,Belo Horizonte,2025,5,29,1.1884932106213362,1.6686750477900463
8,56,Sao Paulo,Belo Horizonte,2025,5,29,2.0702098856326168,2.2590413667735514
8,56,La Plata,Belo Horizonte,2025,5,29,1.2121081951466244,1.0869136391349907
8,56,Santiago,Belo Horizonte,2025,5,29,1.306849532330266,1.5156142918793116
8,56,Buenos Aires,Belo Horizonte,2025,5,29,2.2100576895412067,1.7409899524095502
8,56,Avellaneda,Belo Horizonte,2025,5,29,1.574628895956255,1.9619921858479021
8,56,Quito,Belo Horizonte,2025,5,29,1.10569151075134,1.4719502143289023
8,56,La Boca,Belo Horizonte,2025,5,29,1.0993382512379979,1.5611772082051134
8,56,Porto Alegre,Belo Horizonte,2025,5,29,1.06508922846877,1.9069473296793387
8,56,Montevideo,Belo Horizonte,2025,5,29,1.7236755420461067,1.9250147416010082
8,56,Santos,Belo Horizonte,2025,5,29,1.095293475576773,1.4339531698075156
8,56,Agua Branca,Guayaquil,2025,5,29,2.1250567544472654,0.40396150749855403
8,56,Bogota,Guayaquil,2025,5,29,1.115418258413721,0.9920121539224254
8,56,Rio de Janeiro,Guayaquil,2025,5,29,2.2015136319528223,0.19797100614134058
8,56,Asuncion,Guayaquil,2025,5,29,1.3264833102454336,0.09851814841844259
8,56,Medellin,Guayaquil,2025,5,29,2.176051270008871,0.47429475872749494
8,56,Sao Paulo,Guayaquil,2025,5,29,2.981261187542639,-0.032292802482929116
8,56,La Plata,Guayaquil,2025,5,29,2.066946974082767,-0.05037176777797398
8,56,Santiago,Guayaquil,2025,5,29,1.6513238525523006,0.26633902744341936
8,56,Buenos Aires,Guayaquil,2025,5,29,2.9446596174444553,0.40151245405091823
8,56,Avellaneda,Guayaquil,2025,5,29,1.484743487085964,0.23239369918399833
8,56,Quito,Guayaquil,2025,5,29,1.3359573911918545,0.5544942738486552
8,56,La Boca,Guayaquil,2025,5,29,1.3819974981026146,0.12947535136841468
8,56,Porto Alegre,Guayaquil,2025,5,29,1.3487956463415371,0.4348756380981735
8,56,Montevideo,Guayaquil,2025,5,29,1.6608430835994437,-0.07929423736774834
8,56,Santos,Guayaquil,2025,5,29,2.633757750976254,-0.03351774286938949
8,56,Bogota,Agua Branca,2025,5,29,1.5192336742347965,0.8489864838983299
8,56,Rio de Janeiro,Agua Branca,2025,5,29,1.5764907913222288,0.25198275907122236
8,56,Asuncion,Agua Branca,2025,5,29,1.4570488368238061,0.3420234181404382
8,56,Medellin,Agua Branca,2025,5,29,0.950092875067693,1.3933614425294911
8,56,Sao Paulo,Agua Branca,2025,5,29,1.446789709804481,0.9974592194875556
8,56,La Plata,Agua Branca,2025,5,29,1.537684341585214,0.31084568112232885
8,56,Santiago,Agua Branca,2025,5,29,1.5741948162495705,0.8626267272671047
8,56,Buenos Aires,Agua Branca,2025,5,29,1.434578679474283,0.9759388764768289
8,56,Avellaneda,Agua Branca,2025,5,29,1.3818967425812199,0.6242470146557252
8,56,Quito,Agua Branca,2025,5,29,0.9424391580983129,0.44726920353523414
8,56,La Boca,Agua Branca,2025,5,29,1.2415866266341204,0.7369820127104655
8,56,Porto Alegre,Agua Branca,2025,5,29,0.9886963625670674,0.5946705303195542
8,56,Montevideo,Agua Branca,2025,5,29,1.1920232673791196,0.2669145579861243
8,56,Santos,Agua Branca,2025,5,29,1.2241862895885942,0.9292111186351154
8,56,Rio de Janeiro,Bogota,2025,5,29,1.9485974218417537,0.7082652347771379
8,56,Asuncion,Bogota,2025,5,29,1.8061899255320497,0.1938715443578727
8,56,Medellin,Bogota,2025,5,29,2.135913393682467,0.5090398875876622
8,56,Sao Paulo,Bogota,2025,5,29,2.290368854381693,0.6950341464865633
8,56,La Plata,Bogota,2025,5,29,2.226304996906546,0.47007533971224813
8,56,Santiago,Bogota,2025,5,29,2.0004613742643906,0.8059019481679672
8,56,Buenos Aires,Bogota,2025,5,29,2.8762544056359984,0.9375343822783108
8,56,Avellaneda,Bogota,2025,5,29,1.7296901436996077,0.39272082170323425
8,56,Quito,Bogota,2025,5,29,1.5946796914022676,0.912450235083891
8,56,La Boca,Bogota,2025,5,29,1.9562932330584812,0.723033126793592
8,56,Porto Alegre,Bogota,2025,5,29,1.736051982127136,0.7900982478893115
8,56,Montevideo,Bogota,2025,5,29,1.8741348414038879,0.028957425342880014
8,56,Santos,Bogota,2025,5,29,2.311530066193919,0.5302353467895428
8,56,Asuncion,Rio de Janeiro,2025,5,29,1.0422604244781153,0.16373491452522962
8,56,Medellin,Rio de Janeiro,2025,5,29,0.560111709688981,0.47271630703751777
8,56,Sao Paulo,Rio de Janeiro,2025,5,29,1.3657703749010877,0.7319475859398765
8,56,La Plata,Rio de Janeiro,2025,5,29,1.6626613932969767,0.3389709201539703
8,56,Santiago,Rio de Janeiro,2025,5,29,0.8917878125456231,1.1333337302698254
8,56,Buenos Aires,Rio de Janeiro,2025,5,29,2.5096790415578583,0.7916695659186145
8,56,Avellaneda,Rio de Janeiro,2025,5,29,0.9903537561080257,0.16171311277812828
8,56,Quito,Rio de Janeiro,2025,5,29,0.9973023938007111,0.8043944586340578
8,56,La Boca,Rio de Janeiro,2025,5,29,0.9163224859440288,0.2243219803450661
8,56,Porto Alegre,Rio de Janeiro,2025,5,29,1.5328799300530287,0.6178323874191219
8,56,Montevideo,Rio de Janeiro,2025,5,29,1.8047579870354997,0.1322491831123984
8,56,Santos,Rio de Janeiro,2025,5,29,1.2096716153694786,0.6164482816837906
8,56,Medellin,Asuncion,2025,5,29,0.24312805167173346,1.6503131701129319
8,56,Sao Paulo,Asuncion,2025,5,29,1.4600586267638969,2.2049726965927965
8,56,La Plata,Asuncion,2025,5,29,1.6188925682851276,1.3863920067375837
8,56,Santiago,Asuncion,2025,5,29,0.2742630857560218,1.2173541864959547
8,56,Buenos Aires,Asuncion,2025,5,29,2.6597379652342616,1.798880620967566
8,56,Avellaneda,Asuncion,2025,5,29,1.6550073580668048,2.3042447938447483
8,56,Quito,Asuncion,2025,5,29,0.2923249261559095,1.4977106031648204
8,56,La Boca,Asuncion,2025,5,29,0.18257836750089704,1.9406534429744589
8,56,Porto Alegre,Asuncion,2025,5,29,1.3789546169342568,1.9701840389386176
8,56,Montevideo,Asuncion,2025,5,29,1.377217849619915,2.2867495465738004
8,56,Santos,Asuncion,2025,5,29,0.65573214320023,1.3131239128619883
8,56,Sao Paulo,Medellin,2025,5,29,1.2498825730854684,0.6219956704378028
8,56,La Plata,Medellin,2025,5,29,1.3818495789949936,0.7434372337554422
8,56,Santiago,Medellin,2025,5,29,0.5354695458734756,0.8751601280904646
8,56,Buenos Aires,Medellin,2025,5,29,2.5739956853179025,0.8515369589823515
8,56,Avellaneda,Medellin,2025,5,29,1.3883127731131901,0.4560880492262636
8,56,Quito,Medellin,2025,5,29,0.08549561052437422,0.817835974844922
8,56,La Boca,Medellin,2025,5,29,0.20159621859218274,1.0856244031983964
8,56,Porto Alegre,Medellin,2025,5,29,1.697878163926082,0.5429524128669856
8,56,Montevideo,Medellin,2025,5,29,2.00902546705678,0.19801934319246078
8,56,Santos,Medellin,2025,5,29,0.2827338604390731,0.8563221352536462
8,56,La Plata,Sao Paulo,2025,5,29,1.5541992619093037,0.9001015257012839
8,56,Santiago,Sao Paulo,2025,5,29,0.588203639714466,0.878072875396529
8,56,Buenos Aires,Sao Paulo,2025,5,29,2.220986699635045,1.0746634307920888
8,56,Avellaneda,Sao Paulo,2025,5,29,0.8400813178037572,1.5148792445334818
8,56,Quito,Sao Paulo,2025,5,29,0.5921602581408294,0.9121656959247147
8,56,La Boca,Sao Paulo,2025,5,29,0.8280433636879616,0.11435230622183538
8,56,Porto Alegre,Sao Paulo,2025,5,29,1.1417391168602187,1.249385482544772
8,56,Montevideo,Sao Paulo,2025,5,29,1.3018928023067373,0.8634437200439242
8,56,Santos,Sao Paulo,2025,5,29,0.8718113747009242,0.6504639965553262
8,56,Santiago,La Plata,2025,5,29,1.1773590311944198,0.08945955456096552
8,56,Buenos Aires,La Plata,2025,5,29,2.689945593269521,0.18887864864830609
8,56,Avellaneda,La Plata,2025,5,29,1.629046678952038,0.05276346653789368
8,56,Quito,La Plata,2025,5,29,0.7691439559250393,-0.22682020544671222
8,56,La Boca,La Plata,2025,5,29,0.6099468447979157,-0.06326937056838364
8,56,Porto Alegre,La Plata,2025,5,29,1.334259584731234,0.4203801416014603
8,56,Montevideo,La Plata,2025,5,29,1.530244210415517,-0.3595047176471404
8,56,Santos,La Plata,2025,5,29,1.2026285047436438,0.07924753755406608
8,56,Buenos Aires,Santiago,2025,5,29,2.2076342354117573,1.4497005860299115
8,56,Avellaneda,Santiago,2025,5,29,1.952482800891032,1.0053408950313982
8,56,Quito,Santiago,2025,5,29,1.2794990500656478,1.0207823710777075
8,56,La Boca,Santiago,2025,5,29,1.5200795328980572,0.9715750595224896
8,56,Porto Alegre,Santiago,2025,5,29,1.0091912877043603,2.1730376744551942
8,56,Montevideo,Santiago,2025,5,29,1.2312123498072782,0.7785274603530845
8,56,Santos,Santiago,2025,5,29,1.571429242955853,0.7064717611150434
8,56,Avellaneda,Buenos Aires,2025,5,29,1.5014096685541836,2.7105046033226077
8,56,Quito,Buenos Aires,2025,5,29,1.3505489085614037,1.6043681810447612
8,56,La Boca,Buenos Aires,2025,5,29,1.355121912885824,1.7289848878360088
8,56,Porto Alegre,Buenos Aires,2025,5,29,1.1448315820328634,2.063837685513598
8,56,Montevideo,Buenos Aires,2025,5,29,1.0025588131032608,2.3130950402063704
8,56,Santos,Buenos Aires,2025,5,29,1.7546066514942218,1.4101945180188753
8,56,Quito,Avellaneda,2025,5,29,0.5682239545326837,0.8867546675588449
8,56,La Boca,Avellaneda,2025,5,29,0.42266346340743727,0.8758244244723512
8,56,Porto Alegre,Avellaneda,2025,5,29,1.3356331454730415,1.1275690536753538
8,56,Montevideo,Avellaneda,2025,5,29,1.6375649681048947,0.7271254581307653
8,56,Santos,Avellaneda,2025,5,29,0.9359676033949401,0.6169073896190335
8,56,La Boca,Quito,2025,5,29,1.9059829854698052,0.4604808324640158
8,56,Porto Alegre,Quito,2025,5,29,1.7439656195453515,0.7326055233930446
8,56,Montevideo,Quito,2025,5,29,1.774374549573819,0.13520913597601325
8,56,Santos,Quito,2025,5,29,2.42109868283304,0.7711026482508301
8,56,Porto Alegre,La Boca,2025,5,29,1.5050841680468863,1.7860078454397113
8,56,Montevideo,La Boca,2025,5,29,1.7218457948636334,1.1999135469815851
8,56,Santos,La Boca,2025,5,29,1.0977911533081313,0.9610889540757469
8,56,Montevideo,Porto Alegre,2025,5,29,1.775312781771049,-0.06069607445770928
8,56,Santos,Porto Alegre,2025,5,29,1.383714551425857,0.2655981787382891
8,56,Santos,Montevideo,2025,5,29,1.0689078037191333,0.5751263298923109
8,59,Penarol,Itaquera,2025,5,29,1.6368825698270857,-0.02039903338281286
8,59,Lima,Itaquera,2025,5,29,1.5187075794056122,0.19008074231279248
8,59,Belo Horizonte,Itaquera,2025,5,29,1.6519198698226312,0.41562910413668847
8,59,Guayaquil,Itaquera,2025,5,29,1.4182327122042626,0.2292218073465996
8,59,Agua Branca,Itaquera,2025,5,29,1.5974832839920365,0.5731094126223275
8,59,Bogota,Itaquera,2025,5,29,0.8923304468053005,0.6959203975095666
8,59,Rio de Janeiro,Itaquera,2025,5,29,2.1475990922786417,-0.009685530249349856
8,59,Asuncion,Itaquera,2025,5,29,1.2471376398561191,-0.039602183324555236
8,59,Medellin,Itaquera,2025,5,29,1.2226534302570262,0.48153193141082457
8,59,Sao Paulo,Itaquera,2025,5,29,1.2897242888532987,-0.01348797309901545
8,59,La Plata,Itaquera,2025,5,29,1.638921943576582,-0.06850236456715374
8,59,Santiago,Itaquera,2025,5,29,1.8460316478417482,0.4427108565840724
8,59,Buenos Aires,Itaquera,2025,5,29,1.3479294937911683,0.38522182386312065
8,59,Avellaneda,Itaquera,2025,5,29,1.4708939863684212,0.1301506276460433
8,59,Quito,Itaquera,2025,5,29,1.9112395836950054,0.1537027479194306
8,59,La Boca,Itaquera,2025,5,29,1.2654650515205284,0.025990821348218104
8,59,Porto Alegre,Itaquera,2025,5,29,1.3623724341465981,0.3031200321791877
8,59,Montevideo,Itaquera,2025,5,29,1.2043157872831025,-0.10770110771257582
8,59,Santos,Itaquera,2025,5,29,1.0070448496094788,0.21823145314443404
8,59,Lima,Penarol,2025,5,29,1.8092420244933245,0.7932933850250887
8,59,Belo Horizonte,Penarol,2025,5,29,2.0328964684244415,1.5590368731111524
8,59,Guayaquil,Penarol,2025,5,29,1.992084375796523,1.3335237486261926
8,59,Agua Branca,Penarol,2025,5,29,2.11543800961421,1.1124205474206217
8,59,Bogota,Penarol,2025,5,29,2.105539709954856,2.1099236589366157
8,59,Rio de Janeiro,Penarol,2025,5,29,2.7616676390707475,1.4615483678769223
8,59,Asuncion,Penarol,2025,5,29,2.185295612578943,0.9610931145008952
8,59,Medellin,Penarol,2025,5,29,1.803072769263896,1.8278906304315754
8,59,Sao Paulo,Penarol,2025,5,29,3.0767347433942382,1.900054575630577
8,59,La Plata,Penarol,2025,5,29,2.5570452281784704,0.5712333962287949
8,59,Santiago,Penarol,2025,5,29,2.44219264645429,1.0832076891219036
8,59,Buenos Aires,Penarol,2025,5,29,2.923753228629201,1.6638907254068063
8,59,Avellaneda,Penarol,2025,5,29,2.1643771078322978,1.5839754144986031
8,59,Quito,Penarol,2025,5,29,1.8095637437028573,1.1629788002110315
8,59,La Boca,Penarol,2025,5,29,1.8196370008992124,1.1947117459842347
8,59,Porto Alegre,Penarol,2025,5,29,1.7327287098592805,2.052907164634061
8,59,Montevideo,Penarol,2025,5,29,1.8003746005958197,1.4963434017357822
8,59,Santos,Penarol,2025,5,29,2.554779367440219,1.0718483605232707
8,59,Belo Horizonte,Lima,2025,5,29,1.4168598482856698,1.1273757544767595
8,59,Guayaquil,Lima,2025,5,29,1.4572757664116018,1.101879695074818
8,59,Agua Branca,Lima,2025,5,29,1.2690322273533008,0.6888059934947415
8,59,Bogota,Lima,2025,5,29,1.3852380326176128,1.6029240921574799
8,59,Rio de Janeiro,Lima,2025,5,29,1.9826690886122467,0.6210731384468826
8,59,Asuncion,Lima,2025,5,29,1.5078759976004574,0.3958162962418821
8,59,Medellin,Lima,2025,5,29,1.2514866171560244,1.0583673684177615
8,59,Sao Paulo,Lima,2025,5,29,1.302352189773263,0.9793804819363187
8,59,La Plata,Lima,2025,5,29,1.446773510660058,0.6370209458589909
8,59,Santiago,Lima,2025,5,29,1.9984085046826003,1.0444039795319222
8,59,Buenos Aires,Lima,2025,5,29,1.7354724142972162,1.0949170976547462
8,59,Avellaneda,Lima,2025,5,29,1.590411724207385,0.362162394161251
8,59,Quito,Lima,2025,5,29,1.4495388243823715,0.7903264753870043
8,59,La Boca,Lima,2025,5,29,1.3209297322580644,0.8982365012258796
8,59,Porto Alegre,Lima,2025,5,29,1.3894832339670515,1.3226960199963629
8,59,Montevideo,Lima,2025,5,29,1.5215198977938085,0.4730584992659493
8,59,Santos,Lima,2025,5,29,0.9011517900242727,0.819508664142239
8,59,Guayaquil,Belo Horizonte,2025,5,29,2.0186902105535762,1.4248714700492155
8,59,Agua Branca,Belo Horizonte,2025,5,29,2.796965092740643,1.4611473085675055
8,59,Bogota,Belo Horizonte,2025,5,29,2.1021382401908846,2.09187812385576
8,59,Rio de Janeiro,Belo Horizonte,2025,5,29,3.8753041614780854,1.6696195222771413
8,59,Asuncion,Belo Horizonte,2025,5,29,2.2366709233218685,1.5458794433708758
8,59,Medellin,Belo Horizonte,2025,5,29,2.26583045530797,1.7951441380400532
8,59,Sao Paulo,Belo Horizonte,2025,5,29,3.0137655578544797,2.294485818138575
8,59,La Plata,Belo Horizonte,2025,5,29,2.2268264550988506,1.1717024943495142
8,59,Santiago,Belo Horizonte,2025,5,29,2.6041136394453526,1.580838486540711
8,59,Buenos Aires,Belo Horizonte,2025,5,29,2.8626193067551093,1.880197624172242
8,59,Avellaneda,Belo Horizonte,2025,5,29,2.572277649291674,2.0643366705631236
8,59,Quito,Belo Horizonte,2025,5,29,2.4481057467244085,1.567873060880905
8,59,La Boca,Belo Horizonte,2025,5,29,2.10952391752686,1.7294766450090235
8,59,Porto Alegre,Belo Horizonte,2025,5,29,2.082833966353344,2.032884607122594
8,59,Montevideo,Belo Horizonte,2025,5,29,2.462369402689084,2.0952952518659806
8,59,Santos,Belo Horizonte,2025,5,29,2.126869465971611,1.5129494808034472
8,59,Agua Branca,Guayaquil,2025,5,29,2.8281984103795055,0.46043597262698127
8,59,Bogota,Guayaquil,2025,5,29,1.9471549826316408,0.895687223465363
8,59,Rio de Janeiro,Guayaquil,2025,5,29,3.463235364254897,0.15862670568656956
8,59,Asuncion,Guayaquil,2025,5,29,1.9471418120498842,0.1855609162831653
8,59,Medellin,Guayaquil,2025,5,29,2.538232427909569,0.46956137347843874
8,59,Sao Paulo,Guayaquil,2025,5,29,3.366255745425075,0.07666550781637355
8,59,La Plata,Guayaquil,2025,5,29,2.6068673253558865,-0.013783950239173781
8,59,Santiago,Guayaquil,2025,5,29,2.573723719503206,0.3744620870131774
8,59,Buenos Aires,Guayaquil,2025,5,29,3.191879115849312,0.39472516875933505
8,59,Avellaneda,Guayaquil,2025,5,29,2.127659355476156,0.27685453323047593
8,59,Quito,Guayaquil,2025,5,29,2.353951372176704,0.5715697698227276
8,59,La Boca,Guayaquil,2025,5,29,1.9809050393565262,0.20727531134886065
8,59,Porto Alegre,Guayaquil,2025,5,29,1.8665819884780817,0.4446271414220738
8,59,Montevideo,Guayaquil,2025,5,29,2.0269174682599536,0.011366211875939787
8,59,Santos,Guayaquil,2025,5,29,3.0146017712211077,0.05855897811982536
8,59,Bogota,Agua Branca,2025,5,29,2.164714392683768,0.9225525021907351
8,59,Rio de Janeiro,Agua Branca,2025,5,29,2.3914824564625934,0.322611966375131
8,59,Asuncion,Agua Branca,2025,5,29,2.0741474127861306,0.44616191934703175
8,59,Medellin,Agua Branca,2025,5,29,1.6527135753519306,1.4210029427141189
8,59,Sao Paulo,Agua Branca,2025,5,29,2.1813342671045812,1.0776638665084635
8,59,La Plata,Agua Branca,2025,5,29,2.1292227593988895,0.4373688329510348
8,59,Santiago,Agua Branca,2025,5,29,2.2940531892780385,0.97530151004675
8,59,Buenos Aires,Agua Branca,2025,5,29,1.8786301419861928,1.0191989430249244
8,59,Avellaneda,Agua Branca,2025,5,29,2.084608225459097,0.735957464951719
8,59,Quito,Agua Branca,2025,5,29,1.5907265128773296,0.5589806484037728
8,59,La Boca,Agua Branca,2025,5,29,1.9718842830452457,0.8411254941101673
8,59,Porto Alegre,Agua Branca,2025,5,29,1.653199879271998,0.6279300264800131
8,59,Montevideo,Agua Branca,2025,5,29,1.7694283102268913,0.37900225936172505
8,59,Santos,Agua Branca,2025,5,29,1.980353110829093,1.052333861315821
8,59,Rio de Janeiro,Bogota,2025,5,29,2.7663716545725205,0.7011761516454204
8,59,Asuncion,Bogota,2025,5,29,2.4737589923426166,0.28790591028584944
8,59,Medellin,Bogota,2025,5,29,2.740508668392061,0.4595739117626689
8,59,Sao Paulo,Bogota,2025,5,29,2.7967816393600007,0.785800427455374
8,59,La Plata,Bogota,2025,5,29,2.7589324917133466,0.4817005383684257
8,59,Santiago,Bogota,2025,5,29,2.7428904954836257,0.9296002277863048
8,59,Buenos Aires,Bogota,2025,5,29,3.2112831760013343,0.9233828511967865
8,59,Avellaneda,Bogota,2025,5,29,2.4493895316624985,0.5030899850998245
8,59,Quito,Bogota,2025,5,29,2.385534256213398,0.9165769949995671
8,59,La Boca,Bogota,2025,5,29,2.657149619802802,0.7436998897012115
8,59,Porto Alegre,Bogota,2025,5,29,2.40218781458287,0.8642523381838557
8,59,Montevideo,Bogota,2025,5,29,2.341705638621772,0.1354170255849964
8,59,Santos,Bogota,2025,5,29,2.7868304473777177,0.5832838920568904
8,59,Asuncion,Rio de Janeiro,2025,5,29,1.257103639277308,0.28918879003332054
8,59,Medellin,Rio de Janeiro,2025,5,29,1.092563545355129,0.487016716061036
8,59,Sao Paulo,Rio de Janeiro,2025,5,29,1.6077553316180633,0.8603856652983236
8,59,La Plata,Rio de Janeiro,2025,5,29,1.8487732768551788,0.457363917709046
8,59,Santiago,Rio de Janeiro,2025,5,29,1.3338324267764519,1.2771561567358445
8,59,Buenos Aires,Rio de Janeiro,2025,5,29,2.5916451729729757,0.8031479248802748
8,59,Avellaneda,Rio de Janeiro,2025,5,29,1.3658183556686962,0.3254117223715216
8,59,Quito,Rio de Janeiro,2025,5,29,1.6481821451770298,0.9020126027141288
8,59,La Boca,Rio de Janeiro,2025,5,29,1.2426447625356922,0.3655797498439405
8,59,Porto Alegre,Rio de Janeiro,2025,5,29,1.9146708452303753,0.6462955097828357
8,59,Montevideo,Rio de Janeiro,2025,5,29,1.9204724935932544,0.27548802607233436
8,59,Santos,Rio de Janeiro,2025,5,29,1.395820198477679,0.7869716771185329
8,59,Medellin,Asuncion,2025,5,29,1.0211791971596818,1.7895353904309474
8,59,Sao Paulo,Asuncion,2025,5,29,1.6764884480534457,2.255772075949304
8,59,La Plata,Asuncion,2025,5,29,1.8580190657602742,1.426684612224184
8,59,Santiago,Asuncion,2025,5,29,1.1584336297134084,1.2865720790867925
8,59,Buenos Aires,Asuncion,2025,5,29,2.6825787824842924,2.004466010577007
8,59,Avellaneda,Asuncion,2025,5,29,1.8249681260241915,2.361702259113523
8,59,Quito,Asuncion,2025,5,29,1.063413016290516,1.5847547366917705
8,59,La Boca,Asuncion,2025,5,29,1.1021297623155462,2.1154960429474383
8,59,Porto Alegre,Asuncion,2025,5,29,1.5402522611405653,2.1598717244069547
8,59,Montevideo,Asuncion,2025,5,29,1.4297946696785757,2.442578756825533
8,59,Santos,Asuncion,2025,5,29,0.977847452666305,1.4015933476553837
8,59,Sao Paulo,Medellin,2025,5,29,1.6193666749559805,0.7120582063705478
8,59,La Plata,Medellin,2025,5,29,1.831118322994752,0.6656238166086205
8,59,Santiago,Medellin,2025,5,29,1.4520007661040109,0.9457443395983176
8,59,Buenos Aires,Medellin,2025,5,29,2.6125304742898865,0.7846597761269982
8,59,Avellaneda,Medellin,2025,5,29,1.7988391598595848,0.48809975296484515
8,59,Quito,Medellin,2025,5,29,0.9904437688975408,0.7423952965899112
8,59,La Boca,Medellin,2025,5,29,1.1733685882810438,1.0817123029051718
8,59,Porto Alegre,Medellin,2025,5,29,1.9515657821438235,0.564826826174271
8,59,Montevideo,Medellin,2025,5,29,2.1484157001485307,0.2526431774377314
8,59,Santos,Medellin,2025,5,29,0.6251426813665463,0.871565942301985
8,59,La Plata,Sao Paulo,2025,5,29,2.0356958191510173,0.8561982823824675
8,59,Santiago,Sao Paulo,2025,5,29,1.837031033245616,0.9222635466313299
8,59,Buenos Aires,Sao Paulo,2025,5,29,2.4236594744834914,1.00024748079747
8,59,Avellaneda,Sao Paulo,2025,5,29,1.6716815180308422,1.4936438667956766
8,59,Quito,Sao Paulo,2025,5,29,1.6703669131467231,0.8649727840172388
8,59,La Boca,Sao Paulo,2025,5,29,1.881775694957991,0.1822469174769877
8,59,Porto Alegre,Sao Paulo,2025,5,29,1.5625811605089237,1.2371350928989353
8,59,Montevideo,Sao Paulo,2025,5,29,1.5990019228358068,0.9168422098543407
8,59,Santos,Sao Paulo,2025,5,29,1.2775937047445192,0.6854186700881678
8,59,Santiago,La Plata,2025,5,29,2.1768180972947917,0.19896871301887903
8,59,Buenos Aires,La Plata,2025,5,29,2.7927087777691675,0.21902484332005975
8,59,Avellaneda,La Plata,2025,5,29,2.157587412435686,0.09929889516448027
8,59,Quito,La Plata,2025,5,29,1.6583859182019873,-0.15576065256749977
8,59,La Boca,La Plata,2025,5,29,1.6685860916758675,0.021789188801906837
8,59,Porto Alegre,La Plata,2025,5,29,1.6554643929673172,0.42945431837586157
8,59,Montevideo,La Plata,2025,5,29,1.6872131815633358,-0.2783207001100677
8,59,Santos,La Plata,2025,5,29,1.5740043444945446,0.16125307810078965
8,59,Buenos Aires,Santiago,2025,5,29,2.8338501101596743,1.5978511989415547
8,59,Avellaneda,Santiago,2025,5,29,2.6559543423695704,1.1512977818745467
8,59,Quito,Santiago,2025,5,29,2.038814885913772,1.170895726599075
8,59,La Boca,Santiago,2025,5,29,2.2395354793928064,1.2166434314218897
8,59,Porto Alegre,Santiago,2025,5,29,1.750007144288686,2.331366560681023
8,59,Montevideo,Santiago,2025,5,29,1.9837211931536851,1.010512163004127
8,59,Santos,Santiago,2025,5,29,2.3079109300734078,0.8241300357662126
8,59,Avellaneda,Buenos Aires,2025,5,29,2.2255261620018008,2.7067850965428786
8,59,Quito,Buenos Aires,2025,5,29,2.351368726460101,1.6557231409984146
8,59,La Boca,Buenos Aires,2025,5,29,1.9209689130623233,1.8753419821935857
8,59,Porto Alegre,Buenos Aires,2025,5,29,1.8132959389193823,2.219401835473841
8,59,Montevideo,Buenos Aires,2025,5,29,1.780727559012219,2.4346924286131957
8,59,Santos,Buenos Aires,2025,5,29,2.418031457045279,1.4619871907623834
8,59,Quito,Avellaneda,2025,5,29,1.8451675348829029,0.9441777216302158
8,59,La Boca,Avellaneda,2025,5,29,1.8546926175717382,1.0438440452240614
8,59,Porto Alegre,Avellaneda,2025,5,29,2.021851196790513,1.2830556496351355
8,59,Montevideo,Avellaneda,2025,5,29,2.0974903767678152,0.9618035747550546
8,59,Santos,Avellaneda,2025,5,29,1.696732537789604,0.6896637083367291
8,59,La Boca,Quito,2025,5,29,2.383670188493845,0.43135250357549
8,59,Porto Alegre,Quito,2025,5,29,2.125531996430967,0.7227139613434787
8,59,Montevideo,Quito,2025,5,29,2.215647930576847,0.18044215587605567
8,59,Santos,Quito,2025,5,29,2.887455743683535,0.7412951760232951
8,59,Porto Alegre,La Boca,2025,5,29,1.83929315717704,1.9752336008801366
8,59,Montevideo,La Boca,2025,5,29,1.8476191241987592,1.4023568925661296
8,59,Santos,La Boca,2025,5,29,1.3301674392043799,1.0816394594353005
8,59,Montevideo,Porto Alegre,2025,5,29,1.9225975298131004,-0.020829433085937644
8,59,Santos,Porto Alegre,2025,5,29,1.5549594114704077,0.22352288647566648
8,59,Santos,Montevideo,2025,5,29,1.4166994864159872,0.700163879155713
