HORA,COLUNA,Time_Contra,Time_Casa
5,2,Liverpool,Tottenham
5,2,Aston,Tottenham
5,2,Everton,Tottenham
5,2,Wolverhampton,Tottenham
5,2,Southampton,Tottenham
5,2,West Ham,Tottenham
5,2,Palace,Tottenham
5,2,Burnley,Tottenham
5,2,Brentford,Tottenham
5,2,Leeds,Tottenham
5,2,Norwich,Tottenham
5,2,Islington,Tottenham
5,2,Newcastle,Tottenham
5,2,United,Tottenham
5,2,Watford,Tottenham
5,2,City,Tottenham
5,2,Leicester,Tottenham
5,2,Chelsea,Tottenham
5,2,Brighton,Tottenham
5,2,Aston,Liverpool
5,2,Everton,Liverpool
5,2,Wolverhampton,Liverpool
5,2,Southampton,Liverpool
5,2,West Ham,Liverpool
5,2,Palace,Liverpool
5,2,Burnley,Liverpool
5,2,Brentford,Liverpool
5,2,Leeds,Liverpool
5,2,Norwich,Liverpool
5,2,Islington,Liverpool
5,2,Newcastle,Liverpool
5,2,United,Liverpool
5,2,Watford,Liverpool
5,2,City,Liverpool
5,2,Leicester,Liverpool
5,2,Chelsea,Liverpool
5,2,Brighton,Liverpool
5,2,Everton,Aston
5,2,Wolverhampton,Aston
5,2,Southampton,Aston
5,2,West Ham,Aston
5,2,Palace,Aston
5,2,Burnley,Aston
5,2,Brentford,Aston
5,2,Leeds,Aston
5,2,Norwich,Aston
5,2,Islington,Aston
5,2,Newcastle,Aston
5,2,United,Aston
5,2,Watford,Aston
5,2,City,Aston
5,2,Leicester,Aston
5,2,Chelsea,Aston
5,2,Brighton,Aston
5,2,Wolverhampton,Everton
5,2,Southampton,Everton
5,2,West Ham,Everton
5,2,Palace,Everton
5,2,Burnley,Everton
5,2,Brentford,Everton
5,2,Leeds,Everton
5,2,Norwich,Everton
5,2,Islington,Everton
5,2,Newcastle,Everton
5,2,United,Everton
5,2,Watford,Everton
5,2,City,Everton
5,2,Leicester,Everton
5,2,Chelsea,Everton
5,2,Brighton,Everton
5,2,Southampton,Wolverhampton
5,2,West Ham,Wolverhampton
5,2,Palace,Wolverhampton
5,2,Burnley,Wolverhampton
5,2,Brentford,Wolverhampton
5,2,Leeds,Wolverhampton
5,2,Norwich,Wolverhampton
5,2,Islington,Wolverhampton
5,2,Newcastle,Wolverhampton
5,2,United,Wolverhampton
5,2,Watford,Wolverhampton
5,2,City,Wolverhampton
5,2,Leicester,Wolverhampton
5,2,Chelsea,Wolverhampton
5,2,Brighton,Wolverhampton
5,2,West Ham,Southampton
5,2,Palace,Southampton
5,2,Burnley,Southampton
5,2,Brentford,Southampton
5,2,Leeds,Southampton
5,2,Norwich,Southampton
5,2,Islington,Southampton
5,2,Newcastle,Southampton
5,2,United,Southampton
5,2,Watford,Southampton
5,2,City,Southampton
5,2,Leicester,Southampton
5,2,Chelsea,Southampton
5,2,Brighton,Southampton
5,2,Palace,West Ham
5,2,Burnley,West Ham
5,2,Brentford,West Ham
5,2,Leeds,West Ham
5,2,Norwich,West Ham
5,2,Islington,West Ham
5,2,Newcastle,West Ham
5,2,United,West Ham
5,2,Watford,West Ham
5,2,City,West Ham
5,2,Leicester,West Ham
5,2,Chelsea,West Ham
5,2,Brighton,West Ham
5,2,Burnley,Palace
5,2,Brentford,Palace
5,2,Leeds,Palace
5,2,Norwich,Palace
5,2,Islington,Palace
5,2,Newcastle,Palace
5,2,United,Palace
5,2,Watford,Palace
5,2,City,Palace
5,2,Leicester,Palace
5,2,Chelsea,Palace
5,2,Brighton,Palace
5,2,Brentford,Burnley
5,2,Leeds,Burnley
5,2,Norwich,Burnley
5,2,Islington,Burnley
5,2,Newcastle,Burnley
5,2,United,Burnley
5,2,Watford,Burnley
5,2,City,Burnley
5,2,Leicester,Burnley
5,2,Chelsea,Burnley
5,2,Brighton,Burnley
5,2,Leeds,Brentford
5,2,Norwich,Brentford
5,2,Islington,Brentford
5,2,Newcastle,Brentford
5,2,United,Brentford
5,2,Watford,Brentford
5,2,City,Brentford
5,2,Leicester,Brentford
5,2,Chelsea,Brentford
5,2,Brighton,Brentford
5,2,Norwich,Leeds
5,2,Islington,Leeds
5,2,Newcastle,Leeds
5,2,United,Leeds
5,2,Watford,Leeds
5,2,City,Leeds
5,2,Leicester,Leeds
5,2,Chelsea,Leeds
5,2,Brighton,Leeds
5,2,Islington,Norwich
5,2,Newcastle,Norwich
5,2,United,Norwich
5,2,Watford,Norwich
5,2,City,Norwich
5,2,Leicester,Norwich
5,2,Chelsea,Norwich
5,2,Brighton,Norwich
5,2,Newcastle,Islington
5,2,United,Islington
5,2,Watford,Islington
5,2,City,Islington
5,2,Leicester,Islington
5,2,Chelsea,Islington
5,2,Brighton,Islington
5,2,United,Newcastle
5,2,Watford,Newcastle
5,2,City,Newcastle
5,2,Leicester,Newcastle
5,2,Chelsea,Newcastle
5,2,Brighton,Newcastle
5,2,Watford,United
5,2,City,United
5,2,Leicester,United
5,2,Chelsea,United
5,2,Brighton,United
5,2,City,Watford
5,2,Leicester,Watford
5,2,Chelsea,Watford
5,2,Brighton,Watford
5,2,Leicester,City
5,2,Chelsea,City
5,2,Brighton,City
5,2,Chelsea,Leicester
5,2,Brighton,Leicester
5,2,Brighton,Chelsea
5,5,Liverpool,Tottenham
5,5,Aston,Tottenham
5,5,Everton,Tottenham
5,5,Wolverhampton,Tottenham
5,5,Southampton,Tottenham
5,5,West Ham,Tottenham
5,5,Palace,Tottenham
5,5,Burnley,Tottenham
5,5,Brentford,Tottenham
5,5,Leeds,Tottenham
5,5,Norwich,Tottenham
5,5,Islington,Tottenham
5,5,Newcastle,Tottenham
5,5,United,Tottenham
5,5,Watford,Tottenham
5,5,City,Tottenham
5,5,Leicester,Tottenham
5,5,Chelsea,Tottenham
5,5,Brighton,Tottenham
5,5,Aston,Liverpool
5,5,Everton,Liverpool
5,5,Wolverhampton,Liverpool
5,5,Southampton,Liverpool
5,5,West Ham,Liverpool
5,5,Palace,Liverpool
5,5,Burnley,Liverpool
5,5,Brentford,Liverpool
5,5,Leeds,Liverpool
5,5,Norwich,Liverpool
5,5,Islington,Liverpool
5,5,Newcastle,Liverpool
5,5,United,Liverpool
5,5,Watford,Liverpool
5,5,City,Liverpool
5,5,Leicester,Liverpool
5,5,Chelsea,Liverpool
5,5,Brighton,Liverpool
5,5,Everton,Aston
5,5,Wolverhampton,Aston
5,5,Southampton,Aston
5,5,West Ham,Aston
5,5,Palace,Aston
5,5,Burnley,Aston
5,5,Brentford,Aston
5,5,Leeds,Aston
5,5,Norwich,Aston
5,5,Islington,Aston
5,5,Newcastle,Aston
5,5,United,Aston
5,5,Watford,Aston
5,5,City,Aston
5,5,Leicester,Aston
5,5,Chelsea,Aston
5,5,Brighton,Aston
5,5,Wolverhampton,Everton
5,5,Southampton,Everton
5,5,West Ham,Everton
5,5,Palace,Everton
5,5,Burnley,Everton
5,5,Brentford,Everton
5,5,Leeds,Everton
5,5,Norwich,Everton
5,5,Islington,Everton
5,5,Newcastle,Everton
5,5,United,Everton
5,5,Watford,Everton
5,5,City,Everton
5,5,Leicester,Everton
5,5,Chelsea,Everton
5,5,Brighton,Everton
5,5,Southampton,Wolverhampton
5,5,West Ham,Wolverhampton
5,5,Palace,Wolverhampton
5,5,Burnley,Wolverhampton
5,5,Brentford,Wolverhampton
5,5,Leeds,Wolverhampton
5,5,Norwich,Wolverhampton
5,5,Islington,Wolverhampton
5,5,Newcastle,Wolverhampton
5,5,United,Wolverhampton
5,5,Watford,Wolverhampton
5,5,City,Wolverhampton
5,5,Leicester,Wolverhampton
5,5,Chelsea,Wolverhampton
5,5,Brighton,Wolverhampton
5,5,West Ham,Southampton
5,5,Palace,Southampton
5,5,Burnley,Southampton
5,5,Brentford,Southampton
5,5,Leeds,Southampton
5,5,Norwich,Southampton
5,5,Islington,Southampton
5,5,Newcastle,Southampton
5,5,United,Southampton
5,5,Watford,Southampton
5,5,City,Southampton
5,5,Leicester,Southampton
5,5,Chelsea,Southampton
5,5,Brighton,Southampton
5,5,Palace,West Ham
5,5,Burnley,West Ham
5,5,Brentford,West Ham
5,5,Leeds,West Ham
5,5,Norwich,West Ham
5,5,Islington,West Ham
5,5,Newcastle,West Ham
5,5,United,West Ham
5,5,Watford,West Ham
5,5,City,West Ham
5,5,Leicester,West Ham
5,5,Chelsea,West Ham
5,5,Brighton,West Ham
5,5,Burnley,Palace
5,5,Brentford,Palace
5,5,Leeds,Palace
5,5,Norwich,Palace
5,5,Islington,Palace
5,5,Newcastle,Palace
5,5,United,Palace
5,5,Watford,Palace
5,5,City,Palace
5,5,Leicester,Palace
5,5,Chelsea,Palace
5,5,Brighton,Palace
5,5,Brentford,Burnley
5,5,Leeds,Burnley
5,5,Norwich,Burnley
5,5,Islington,Burnley
5,5,Newcastle,Burnley
5,5,United,Burnley
5,5,Watford,Burnley
5,5,City,Burnley
5,5,Leicester,Burnley
5,5,Chelsea,Burnley
5,5,Brighton,Burnley
5,5,Leeds,Brentford
5,5,Norwich,Brentford
5,5,Islington,Brentford
5,5,Newcastle,Brentford
5,5,United,Brentford
5,5,Watford,Brentford
5,5,City,Brentford
5,5,Leicester,Brentford
5,5,Chelsea,Brentford
5,5,Brighton,Brentford
5,5,Norwich,Leeds
5,5,Islington,Leeds
5,5,Newcastle,Leeds
5,5,United,Leeds
5,5,Watford,Leeds
5,5,City,Leeds
5,5,Leicester,Leeds
5,5,Chelsea,Leeds
5,5,Brighton,Leeds
5,5,Islington,Norwich
5,5,Newcastle,Norwich
5,5,United,Norwich
5,5,Watford,Norwich
5,5,City,Norwich
5,5,Leicester,Norwich
5,5,Chelsea,Norwich
5,5,Brighton,Norwich
5,5,Newcastle,Islington
5,5,United,Islington
5,5,Watford,Islington
5,5,City,Islington
5,5,Leicester,Islington
5,5,Chelsea,Islington
5,5,Brighton,Islington
5,5,United,Newcastle
5,5,Watford,Newcastle
5,5,City,Newcastle
5,5,Leicester,Newcastle
5,5,Chelsea,Newcastle
5,5,Brighton,Newcastle
5,5,Watford,United
5,5,City,United
5,5,Leicester,United
5,5,Chelsea,United
5,5,Brighton,United
5,5,City,Watford
5,5,Leicester,Watford
5,5,Chelsea,Watford
5,5,Brighton,Watford
5,5,Leicester,City
5,5,Chelsea,City
5,5,Brighton,City
5,5,Chelsea,Leicester
5,5,Brighton,Leicester
5,5,Brighton,Chelsea
5,8,Liverpool,Tottenham
5,8,Aston,Tottenham
5,8,Everton,Tottenham
5,8,Wolverhampton,Tottenham
5,8,Southampton,Tottenham
5,8,West Ham,Tottenham
5,8,Palace,Tottenham
5,8,Burnley,Tottenham
5,8,Brentford,Tottenham
5,8,Leeds,Tottenham
5,8,Norwich,Tottenham
5,8,Islington,Tottenham
5,8,Newcastle,Tottenham
5,8,United,Tottenham
5,8,Watford,Tottenham
5,8,City,Tottenham
5,8,Leicester,Tottenham
5,8,Chelsea,Tottenham
5,8,Brighton,Tottenham
5,8,Aston,Liverpool
5,8,Everton,Liverpool
5,8,Wolverhampton,Liverpool
5,8,Southampton,Liverpool
5,8,West Ham,Liverpool
5,8,Palace,Liverpool
5,8,Burnley,Liverpool
5,8,Brentford,Liverpool
5,8,Leeds,Liverpool
5,8,Norwich,Liverpool
5,8,Islington,Liverpool
5,8,Newcastle,Liverpool
5,8,United,Liverpool
5,8,Watford,Liverpool
5,8,City,Liverpool
5,8,Leicester,Liverpool
5,8,Chelsea,Liverpool
5,8,Brighton,Liverpool
5,8,Everton,Aston
5,8,Wolverhampton,Aston
5,8,Southampton,Aston
5,8,West Ham,Aston
5,8,Palace,Aston
5,8,Burnley,Aston
5,8,Brentford,Aston
5,8,Leeds,Aston
5,8,Norwich,Aston
5,8,Islington,Aston
5,8,Newcastle,Aston
5,8,United,Aston
5,8,Watford,Aston
5,8,City,Aston
5,8,Leicester,Aston
5,8,Chelsea,Aston
5,8,Brighton,Aston
5,8,Wolverhampton,Everton
5,8,Southampton,Everton
5,8,West Ham,Everton
5,8,Palace,Everton
5,8,Burnley,Everton
5,8,Brentford,Everton
5,8,Leeds,Everton
5,8,Norwich,Everton
5,8,Islington,Everton
5,8,Newcastle,Everton
5,8,United,Everton
5,8,Watford,Everton
5,8,City,Everton
5,8,Leicester,Everton
5,8,Chelsea,Everton
5,8,Brighton,Everton
5,8,Southampton,Wolverhampton
5,8,West Ham,Wolverhampton
5,8,Palace,Wolverhampton
5,8,Burnley,Wolverhampton
5,8,Brentford,Wolverhampton
5,8,Leeds,Wolverhampton
5,8,Norwich,Wolverhampton
5,8,Islington,Wolverhampton
5,8,Newcastle,Wolverhampton
5,8,United,Wolverhampton
5,8,Watford,Wolverhampton
5,8,City,Wolverhampton
5,8,Leicester,Wolverhampton
5,8,Chelsea,Wolverhampton
5,8,Brighton,Wolverhampton
5,8,West Ham,Southampton
5,8,Palace,Southampton
5,8,Burnley,Southampton
5,8,Brentford,Southampton
5,8,Leeds,Southampton
5,8,Norwich,Southampton
5,8,Islington,Southampton
5,8,Newcastle,Southampton
5,8,United,Southampton
5,8,Watford,Southampton
5,8,City,Southampton
5,8,Leicester,Southampton
5,8,Chelsea,Southampton
5,8,Brighton,Southampton
5,8,Palace,West Ham
5,8,Burnley,West Ham
5,8,Brentford,West Ham
5,8,Leeds,West Ham
5,8,Norwich,West Ham
5,8,Islington,West Ham
5,8,Newcastle,West Ham
5,8,United,West Ham
5,8,Watford,West Ham
5,8,City,West Ham
5,8,Leicester,West Ham
5,8,Chelsea,West Ham
5,8,Brighton,West Ham
5,8,Burnley,Palace
5,8,Brentford,Palace
5,8,Leeds,Palace
5,8,Norwich,Palace
5,8,Islington,Palace
5,8,Newcastle,Palace
5,8,United,Palace
5,8,Watford,Palace
5,8,City,Palace
5,8,Leicester,Palace
5,8,Chelsea,Palace
5,8,Brighton,Palace
5,8,Brentford,Burnley
5,8,Leeds,Burnley
5,8,Norwich,Burnley
5,8,Islington,Burnley
5,8,Newcastle,Burnley
5,8,United,Burnley
5,8,Watford,Burnley
5,8,City,Burnley
5,8,Leicester,Burnley
5,8,Chelsea,Burnley
5,8,Brighton,Burnley
5,8,Leeds,Brentford
5,8,Norwich,Brentford
5,8,Islington,Brentford
5,8,Newcastle,Brentford
5,8,United,Brentford
5,8,Watford,Brentford
5,8,City,Brentford
5,8,Leicester,Brentford
5,8,Chelsea,Brentford
5,8,Brighton,Brentford
5,8,Norwich,Leeds
5,8,Islington,Leeds
5,8,Newcastle,Leeds
5,8,United,Leeds
5,8,Watford,Leeds
5,8,City,Leeds
5,8,Leicester,Leeds
5,8,Chelsea,Leeds
5,8,Brighton,Leeds
5,8,Islington,Norwich
5,8,Newcastle,Norwich
5,8,United,Norwich
5,8,Watford,Norwich
5,8,City,Norwich
5,8,Leicester,Norwich
5,8,Chelsea,Norwich
5,8,Brighton,Norwich
5,8,Newcastle,Islington
5,8,United,Islington
5,8,Watford,Islington
5,8,City,Islington
5,8,Leicester,Islington
5,8,Chelsea,Islington
5,8,Brighton,Islington
5,8,United,Newcastle
5,8,Watford,Newcastle
5,8,City,Newcastle
5,8,Leicester,Newcastle
5,8,Chelsea,Newcastle
5,8,Brighton,Newcastle
5,8,Watford,United
5,8,City,United
5,8,Leicester,United
5,8,Chelsea,United
5,8,Brighton,United
5,8,City,Watford
5,8,Leicester,Watford
5,8,Chelsea,Watford
5,8,Brighton,Watford
5,8,Leicester,City
5,8,Chelsea,City
5,8,Brighton,City
5,8,Chelsea,Leicester
5,8,Brighton,Leicester
5,8,Brighton,Chelsea
5,11,Liverpool,Tottenham
5,11,Aston,Tottenham
5,11,Everton,Tottenham
5,11,Wolverhampton,Tottenham
5,11,Southampton,Tottenham
5,11,West Ham,Tottenham
5,11,Palace,Tottenham
5,11,Burnley,Tottenham
5,11,Brentford,Tottenham
5,11,Leeds,Tottenham
5,11,Norwich,Tottenham
5,11,Islington,Tottenham
5,11,Newcastle,Tottenham
5,11,United,Tottenham
5,11,Watford,Tottenham
5,11,City,Tottenham
5,11,Leicester,Tottenham
5,11,Chelsea,Tottenham
5,11,Brighton,Tottenham
5,11,Aston,Liverpool
5,11,Everton,Liverpool
5,11,Wolverhampton,Liverpool
5,11,Southampton,Liverpool
5,11,West Ham,Liverpool
5,11,Palace,Liverpool
5,11,Burnley,Liverpool
5,11,Brentford,Liverpool
5,11,Leeds,Liverpool
5,11,Norwich,Liverpool
5,11,Islington,Liverpool
5,11,Newcastle,Liverpool
5,11,United,Liverpool
5,11,Watford,Liverpool
5,11,City,Liverpool
5,11,Leicester,Liverpool
5,11,Chelsea,Liverpool
5,11,Brighton,Liverpool
5,11,Everton,Aston
5,11,Wolverhampton,Aston
5,11,Southampton,Aston
5,11,West Ham,Aston
5,11,Palace,Aston
5,11,Burnley,Aston
5,11,Brentford,Aston
5,11,Leeds,Aston
5,11,Norwich,Aston
5,11,Islington,Aston
5,11,Newcastle,Aston
5,11,United,Aston
5,11,Watford,Aston
5,11,City,Aston
5,11,Leicester,Aston
5,11,Chelsea,Aston
5,11,Brighton,Aston
5,11,Wolverhampton,Everton
5,11,Southampton,Everton
5,11,West Ham,Everton
5,11,Palace,Everton
5,11,Burnley,Everton
5,11,Brentford,Everton
5,11,Leeds,Everton
5,11,Norwich,Everton
5,11,Islington,Everton
5,11,Newcastle,Everton
5,11,United,Everton
5,11,Watford,Everton
5,11,City,Everton
5,11,Leicester,Everton
5,11,Chelsea,Everton
5,11,Brighton,Everton
5,11,Southampton,Wolverhampton
5,11,West Ham,Wolverhampton
5,11,Palace,Wolverhampton
5,11,Burnley,Wolverhampton
5,11,Brentford,Wolverhampton
5,11,Leeds,Wolverhampton
5,11,Norwich,Wolverhampton
5,11,Islington,Wolverhampton
5,11,Newcastle,Wolverhampton
5,11,United,Wolverhampton
5,11,Watford,Wolverhampton
5,11,City,Wolverhampton
5,11,Leicester,Wolverhampton
5,11,Chelsea,Wolverhampton
5,11,Brighton,Wolverhampton
5,11,West Ham,Southampton
5,11,Palace,Southampton
5,11,Burnley,Southampton
5,11,Brentford,Southampton
5,11,Leeds,Southampton
5,11,Norwich,Southampton
5,11,Islington,Southampton
5,11,Newcastle,Southampton
5,11,United,Southampton
5,11,Watford,Southampton
5,11,City,Southampton
5,11,Leicester,Southampton
5,11,Chelsea,Southampton
5,11,Brighton,Southampton
5,11,Palace,West Ham
5,11,Burnley,West Ham
5,11,Brentford,West Ham
5,11,Leeds,West Ham
5,11,Norwich,West Ham
5,11,Islington,West Ham
5,11,Newcastle,West Ham
5,11,United,West Ham
5,11,Watford,West Ham
5,11,City,West Ham
5,11,Leicester,West Ham
5,11,Chelsea,West Ham
5,11,Brighton,West Ham
5,11,Burnley,Palace
5,11,Brentford,Palace
5,11,Leeds,Palace
5,11,Norwich,Palace
5,11,Islington,Palace
5,11,Newcastle,Palace
5,11,United,Palace
5,11,Watford,Palace
5,11,City,Palace
5,11,Leicester,Palace
5,11,Chelsea,Palace
5,11,Brighton,Palace
5,11,Brentford,Burnley
5,11,Leeds,Burnley
5,11,Norwich,Burnley
5,11,Islington,Burnley
5,11,Newcastle,Burnley
5,11,United,Burnley
5,11,Watford,Burnley
5,11,City,Burnley
5,11,Leicester,Burnley
5,11,Chelsea,Burnley
5,11,Brighton,Burnley
5,11,Leeds,Brentford
5,11,Norwich,Brentford
5,11,Islington,Brentford
5,11,Newcastle,Brentford
5,11,United,Brentford
5,11,Watford,Brentford
5,11,City,Brentford
5,11,Leicester,Brentford
5,11,Chelsea,Brentford
5,11,Brighton,Brentford
5,11,Norwich,Leeds
5,11,Islington,Leeds
5,11,Newcastle,Leeds
5,11,United,Leeds
5,11,Watford,Leeds
5,11,City,Leeds
5,11,Leicester,Leeds
5,11,Chelsea,Leeds
5,11,Brighton,Leeds
5,11,Islington,Norwich
5,11,Newcastle,Norwich
5,11,United,Norwich
5,11,Watford,Norwich
5,11,City,Norwich
5,11,Leicester,Norwich
5,11,Chelsea,Norwich
5,11,Brighton,Norwich
5,11,Newcastle,Islington
5,11,United,Islington
5,11,Watford,Islington
5,11,City,Islington
5,11,Leicester,Islington
5,11,Chelsea,Islington
5,11,Brighton,Islington
5,11,United,Newcastle
5,11,Watford,Newcastle
5,11,City,Newcastle
5,11,Leicester,Newcastle
5,11,Chelsea,Newcastle
5,11,Brighton,Newcastle
5,11,Watford,United
5,11,City,United
5,11,Leicester,United
5,11,Chelsea,United
5,11,Brighton,United
5,11,City,Watford
5,11,Leicester,Watford
5,11,Chelsea,Watford
5,11,Brighton,Watford
5,11,Leicester,City
5,11,Chelsea,City
5,11,Brighton,City
5,11,Chelsea,Leicester
5,11,Brighton,Leicester
5,11,Brighton,Chelsea
5,14,Liverpool,Tottenham
5,14,Aston,Tottenham
5,14,Everton,Tottenham
5,14,Wolverhampton,Tottenham
5,14,Southampton,Tottenham
5,14,West Ham,Tottenham
5,14,Palace,Tottenham
5,14,Burnley,Tottenham
5,14,Brentford,Tottenham
5,14,Leeds,Tottenham
5,14,Norwich,Tottenham
5,14,Islington,Tottenham
5,14,Newcastle,Tottenham
5,14,United,Tottenham
5,14,Watford,Tottenham
5,14,City,Tottenham
5,14,Leicester,Tottenham
5,14,Chelsea,Tottenham
5,14,Brighton,Tottenham
5,14,Aston,Liverpool
5,14,Everton,Liverpool
5,14,Wolverhampton,Liverpool
5,14,Southampton,Liverpool
5,14,West Ham,Liverpool
5,14,Palace,Liverpool
5,14,Burnley,Liverpool
5,14,Brentford,Liverpool
5,14,Leeds,Liverpool
5,14,Norwich,Liverpool
5,14,Islington,Liverpool
5,14,Newcastle,Liverpool
5,14,United,Liverpool
5,14,Watford,Liverpool
5,14,City,Liverpool
5,14,Leicester,Liverpool
5,14,Chelsea,Liverpool
5,14,Brighton,Liverpool
5,14,Everton,Aston
5,14,Wolverhampton,Aston
5,14,Southampton,Aston
5,14,West Ham,Aston
5,14,Palace,Aston
5,14,Burnley,Aston
5,14,Brentford,Aston
5,14,Leeds,Aston
5,14,Norwich,Aston
5,14,Islington,Aston
5,14,Newcastle,Aston
5,14,United,Aston
5,14,Watford,Aston
5,14,City,Aston
5,14,Leicester,Aston
5,14,Chelsea,Aston
5,14,Brighton,Aston
5,14,Wolverhampton,Everton
5,14,Southampton,Everton
5,14,West Ham,Everton
5,14,Palace,Everton
5,14,Burnley,Everton
5,14,Brentford,Everton
5,14,Leeds,Everton
5,14,Norwich,Everton
5,14,Islington,Everton
5,14,Newcastle,Everton
5,14,United,Everton
5,14,Watford,Everton
5,14,City,Everton
5,14,Leicester,Everton
5,14,Chelsea,Everton
5,14,Brighton,Everton
5,14,Southampton,Wolverhampton
5,14,West Ham,Wolverhampton
5,14,Palace,Wolverhampton
5,14,Burnley,Wolverhampton
5,14,Brentford,Wolverhampton
5,14,Leeds,Wolverhampton
5,14,Norwich,Wolverhampton
5,14,Islington,Wolverhampton
5,14,Newcastle,Wolverhampton
5,14,United,Wolverhampton
5,14,Watford,Wolverhampton
5,14,City,Wolverhampton
5,14,Leicester,Wolverhampton
5,14,Chelsea,Wolverhampton
5,14,Brighton,Wolverhampton
5,14,West Ham,Southampton
5,14,Palace,Southampton
5,14,Burnley,Southampton
5,14,Brentford,Southampton
5,14,Leeds,Southampton
5,14,Norwich,Southampton
5,14,Islington,Southampton
5,14,Newcastle,Southampton
5,14,United,Southampton
5,14,Watford,Southampton
5,14,City,Southampton
5,14,Leicester,Southampton
5,14,Chelsea,Southampton
5,14,Brighton,Southampton
5,14,Palace,West Ham
5,14,Burnley,West Ham
5,14,Brentford,West Ham
5,14,Leeds,West Ham
5,14,Norwich,West Ham
5,14,Islington,West Ham
5,14,Newcastle,West Ham
5,14,United,West Ham
5,14,Watford,West Ham
5,14,City,West Ham
5,14,Leicester,West Ham
5,14,Chelsea,West Ham
5,14,Brighton,West Ham
5,14,Burnley,Palace
5,14,Brentford,Palace
5,14,Leeds,Palace
5,14,Norwich,Palace
5,14,Islington,Palace
5,14,Newcastle,Palace
5,14,United,Palace
5,14,Watford,Palace
5,14,City,Palace
5,14,Leicester,Palace
5,14,Chelsea,Palace
5,14,Brighton,Palace
5,14,Brentford,Burnley
5,14,Leeds,Burnley
5,14,Norwich,Burnley
5,14,Islington,Burnley
5,14,Newcastle,Burnley
5,14,United,Burnley
5,14,Watford,Burnley
5,14,City,Burnley
5,14,Leicester,Burnley
5,14,Chelsea,Burnley
5,14,Brighton,Burnley
5,14,Leeds,Brentford
5,14,Norwich,Brentford
5,14,Islington,Brentford
5,14,Newcastle,Brentford
5,14,United,Brentford
5,14,Watford,Brentford
5,14,City,Brentford
5,14,Leicester,Brentford
5,14,Chelsea,Brentford
5,14,Brighton,Brentford
5,14,Norwich,Leeds
5,14,Islington,Leeds
5,14,Newcastle,Leeds
5,14,United,Leeds
5,14,Watford,Leeds
5,14,City,Leeds
5,14,Leicester,Leeds
5,14,Chelsea,Leeds
5,14,Brighton,Leeds
5,14,Islington,Norwich
5,14,Newcastle,Norwich
5,14,United,Norwich
5,14,Watford,Norwich
5,14,City,Norwich
5,14,Leicester,Norwich
5,14,Chelsea,Norwich
5,14,Brighton,Norwich
5,14,Newcastle,Islington
5,14,United,Islington
5,14,Watford,Islington
5,14,City,Islington
5,14,Leicester,Islington
5,14,Chelsea,Islington
5,14,Brighton,Islington
5,14,United,Newcastle
5,14,Watford,Newcastle
5,14,City,Newcastle
5,14,Leicester,Newcastle
5,14,Chelsea,Newcastle
5,14,Brighton,Newcastle
5,14,Watford,United
5,14,City,United
5,14,Leicester,United
5,14,Chelsea,United
5,14,Brighton,United
5,14,City,Watford
5,14,Leicester,Watford
5,14,Chelsea,Watford
5,14,Brighton,Watford
5,14,Leicester,City
5,14,Chelsea,City
5,14,Brighton,City
5,14,Chelsea,Leicester
5,14,Brighton,Leicester
5,14,Brighton,Chelsea
5,17,Liverpool,Tottenham
5,17,Aston,Tottenham
5,17,Everton,Tottenham
5,17,Wolverhampton,Tottenham
5,17,Southampton,Tottenham
5,17,West Ham,Tottenham
5,17,Palace,Tottenham
5,17,Burnley,Tottenham
5,17,Brentford,Tottenham
5,17,Leeds,Tottenham
5,17,Norwich,Tottenham
5,17,Islington,Tottenham
5,17,Newcastle,Tottenham
5,17,United,Tottenham
5,17,Watford,Tottenham
5,17,City,Tottenham
5,17,Leicester,Tottenham
5,17,Chelsea,Tottenham
5,17,Brighton,Tottenham
5,17,Aston,Liverpool
5,17,Everton,Liverpool
5,17,Wolverhampton,Liverpool
5,17,Southampton,Liverpool
5,17,West Ham,Liverpool
5,17,Palace,Liverpool
5,17,Burnley,Liverpool
5,17,Brentford,Liverpool
5,17,Leeds,Liverpool
5,17,Norwich,Liverpool
5,17,Islington,Liverpool
5,17,Newcastle,Liverpool
5,17,United,Liverpool
5,17,Watford,Liverpool
5,17,City,Liverpool
5,17,Leicester,Liverpool
5,17,Chelsea,Liverpool
5,17,Brighton,Liverpool
5,17,Everton,Aston
5,17,Wolverhampton,Aston
5,17,Southampton,Aston
5,17,West Ham,Aston
5,17,Palace,Aston
5,17,Burnley,Aston
5,17,Brentford,Aston
5,17,Leeds,Aston
5,17,Norwich,Aston
5,17,Islington,Aston
5,17,Newcastle,Aston
5,17,United,Aston
5,17,Watford,Aston
5,17,City,Aston
5,17,Leicester,Aston
5,17,Chelsea,Aston
5,17,Brighton,Aston
5,17,Wolverhampton,Everton
5,17,Southampton,Everton
5,17,West Ham,Everton
5,17,Palace,Everton
5,17,Burnley,Everton
5,17,Brentford,Everton
5,17,Leeds,Everton
5,17,Norwich,Everton
5,17,Islington,Everton
5,17,Newcastle,Everton
5,17,United,Everton
5,17,Watford,Everton
5,17,City,Everton
5,17,Leicester,Everton
5,17,Chelsea,Everton
5,17,Brighton,Everton
5,17,Southampton,Wolverhampton
5,17,West Ham,Wolverhampton
5,17,Palace,Wolverhampton
5,17,Burnley,Wolverhampton
5,17,Brentford,Wolverhampton
5,17,Leeds,Wolverhampton
5,17,Norwich,Wolverhampton
5,17,Islington,Wolverhampton
5,17,Newcastle,Wolverhampton
5,17,United,Wolverhampton
5,17,Watford,Wolverhampton
5,17,City,Wolverhampton
5,17,Leicester,Wolverhampton
5,17,Chelsea,Wolverhampton
5,17,Brighton,Wolverhampton
5,17,West Ham,Southampton
5,17,Palace,Southampton
5,17,Burnley,Southampton
5,17,Brentford,Southampton
5,17,Leeds,Southampton
5,17,Norwich,Southampton
5,17,Islington,Southampton
5,17,Newcastle,Southampton
5,17,United,Southampton
5,17,Watford,Southampton
5,17,City,Southampton
5,17,Leicester,Southampton
5,17,Chelsea,Southampton
5,17,Brighton,Southampton
5,17,Palace,West Ham
5,17,Burnley,West Ham
5,17,Brentford,West Ham
5,17,Leeds,West Ham
5,17,Norwich,West Ham
5,17,Islington,West Ham
5,17,Newcastle,West Ham
5,17,United,West Ham
5,17,Watford,West Ham
5,17,City,West Ham
5,17,Leicester,West Ham
5,17,Chelsea,West Ham
5,17,Brighton,West Ham
5,17,Burnley,Palace
5,17,Brentford,Palace
5,17,Leeds,Palace
5,17,Norwich,Palace
5,17,Islington,Palace
5,17,Newcastle,Palace
5,17,United,Palace
5,17,Watford,Palace
5,17,City,Palace
5,17,Leicester,Palace
5,17,Chelsea,Palace
5,17,Brighton,Palace
5,17,Brentford,Burnley
5,17,Leeds,Burnley
5,17,Norwich,Burnley
5,17,Islington,Burnley
5,17,Newcastle,Burnley
5,17,United,Burnley
5,17,Watford,Burnley
5,17,City,Burnley
5,17,Leicester,Burnley
5,17,Chelsea,Burnley
5,17,Brighton,Burnley
5,17,Leeds,Brentford
5,17,Norwich,Brentford
5,17,Islington,Brentford
5,17,Newcastle,Brentford
5,17,United,Brentford
5,17,Watford,Brentford
5,17,City,Brentford
5,17,Leicester,Brentford
5,17,Chelsea,Brentford
5,17,Brighton,Brentford
5,17,Norwich,Leeds
5,17,Islington,Leeds
5,17,Newcastle,Leeds
5,17,United,Leeds
5,17,Watford,Leeds
5,17,City,Leeds
5,17,Leicester,Leeds
5,17,Chelsea,Leeds
5,17,Brighton,Leeds
5,17,Islington,Norwich
5,17,Newcastle,Norwich
5,17,United,Norwich
5,17,Watford,Norwich
5,17,City,Norwich
5,17,Leicester,Norwich
5,17,Chelsea,Norwich
5,17,Brighton,Norwich
5,17,Newcastle,Islington
5,17,United,Islington
5,17,Watford,Islington
5,17,City,Islington
5,17,Leicester,Islington
5,17,Chelsea,Islington
5,17,Brighton,Islington
5,17,United,Newcastle
5,17,Watford,Newcastle
5,17,City,Newcastle
5,17,Leicester,Newcastle
5,17,Chelsea,Newcastle
5,17,Brighton,Newcastle
5,17,Watford,United
5,17,City,United
5,17,Leicester,United
5,17,Chelsea,United
5,17,Brighton,United
5,17,City,Watford
5,17,Leicester,Watford
5,17,Chelsea,Watford
5,17,Brighton,Watford
5,17,Leicester,City
5,17,Chelsea,City
5,17,Brighton,City
5,17,Chelsea,Leicester
5,17,Brighton,Leicester
5,17,Brighton,Chelsea
5,20,Liverpool,Tottenham
5,20,Aston,Tottenham
5,20,Everton,Tottenham
5,20,Wolverhampton,Tottenham
5,20,Southampton,Tottenham
5,20,West Ham,Tottenham
5,20,Palace,Tottenham
5,20,Burnley,Tottenham
5,20,Brentford,Tottenham
5,20,Leeds,Tottenham
5,20,Norwich,Tottenham
5,20,Islington,Tottenham
5,20,Newcastle,Tottenham
5,20,United,Tottenham
5,20,Watford,Tottenham
5,20,City,Tottenham
5,20,Leicester,Tottenham
5,20,Chelsea,Tottenham
5,20,Brighton,Tottenham
5,20,Aston,Liverpool
5,20,Everton,Liverpool
5,20,Wolverhampton,Liverpool
5,20,Southampton,Liverpool
5,20,West Ham,Liverpool
5,20,Palace,Liverpool
5,20,Burnley,Liverpool
5,20,Brentford,Liverpool
5,20,Leeds,Liverpool
5,20,Norwich,Liverpool
5,20,Islington,Liverpool
5,20,Newcastle,Liverpool
5,20,United,Liverpool
5,20,Watford,Liverpool
5,20,City,Liverpool
5,20,Leicester,Liverpool
5,20,Chelsea,Liverpool
5,20,Brighton,Liverpool
5,20,Everton,Aston
5,20,Wolverhampton,Aston
5,20,Southampton,Aston
5,20,West Ham,Aston
5,20,Palace,Aston
5,20,Burnley,Aston
5,20,Brentford,Aston
5,20,Leeds,Aston
5,20,Norwich,Aston
5,20,Islington,Aston
5,20,Newcastle,Aston
5,20,United,Aston
5,20,Watford,Aston
5,20,City,Aston
5,20,Leicester,Aston
5,20,Chelsea,Aston
5,20,Brighton,Aston
5,20,Wolverhampton,Everton
5,20,Southampton,Everton
5,20,West Ham,Everton
5,20,Palace,Everton
5,20,Burnley,Everton
5,20,Brentford,Everton
5,20,Leeds,Everton
5,20,Norwich,Everton
5,20,Islington,Everton
5,20,Newcastle,Everton
5,20,United,Everton
5,20,Watford,Everton
5,20,City,Everton
5,20,Leicester,Everton
5,20,Chelsea,Everton
5,20,Brighton,Everton
5,20,Southampton,Wolverhampton
5,20,West Ham,Wolverhampton
5,20,Palace,Wolverhampton
5,20,Burnley,Wolverhampton
5,20,Brentford,Wolverhampton
5,20,Leeds,Wolverhampton
5,20,Norwich,Wolverhampton
5,20,Islington,Wolverhampton
5,20,Newcastle,Wolverhampton
5,20,United,Wolverhampton
5,20,Watford,Wolverhampton
5,20,City,Wolverhampton
5,20,Leicester,Wolverhampton
5,20,Chelsea,Wolverhampton
5,20,Brighton,Wolverhampton
5,20,West Ham,Southampton
5,20,Palace,Southampton
5,20,Burnley,Southampton
5,20,Brentford,Southampton
5,20,Leeds,Southampton
5,20,Norwich,Southampton
5,20,Islington,Southampton
5,20,Newcastle,Southampton
5,20,United,Southampton
5,20,Watford,Southampton
5,20,City,Southampton
5,20,Leicester,Southampton
5,20,Chelsea,Southampton
5,20,Brighton,Southampton
5,20,Palace,West Ham
5,20,Burnley,West Ham
5,20,Brentford,West Ham
5,20,Leeds,West Ham
5,20,Norwich,West Ham
5,20,Islington,West Ham
5,20,Newcastle,West Ham
5,20,United,West Ham
5,20,Watford,West Ham
5,20,City,West Ham
5,20,Leicester,West Ham
5,20,Chelsea,West Ham
5,20,Brighton,West Ham
5,20,Burnley,Palace
5,20,Brentford,Palace
5,20,Leeds,Palace
5,20,Norwich,Palace
5,20,Islington,Palace
5,20,Newcastle,Palace
5,20,United,Palace
5,20,Watford,Palace
5,20,City,Palace
5,20,Leicester,Palace
5,20,Chelsea,Palace
5,20,Brighton,Palace
5,20,Brentford,Burnley
5,20,Leeds,Burnley
5,20,Norwich,Burnley
5,20,Islington,Burnley
5,20,Newcastle,Burnley
5,20,United,Burnley
5,20,Watford,Burnley
5,20,City,Burnley
5,20,Leicester,Burnley
5,20,Chelsea,Burnley
5,20,Brighton,Burnley
5,20,Leeds,Brentford
5,20,Norwich,Brentford
5,20,Islington,Brentford
5,20,Newcastle,Brentford
5,20,United,Brentford
5,20,Watford,Brentford
5,20,City,Brentford
5,20,Leicester,Brentford
5,20,Chelsea,Brentford
5,20,Brighton,Brentford
5,20,Norwich,Leeds
5,20,Islington,Leeds
5,20,Newcastle,Leeds
5,20,United,Leeds
5,20,Watford,Leeds
5,20,City,Leeds
5,20,Leicester,Leeds
5,20,Chelsea,Leeds
5,20,Brighton,Leeds
5,20,Islington,Norwich
5,20,Newcastle,Norwich
5,20,United,Norwich
5,20,Watford,Norwich
5,20,City,Norwich
5,20,Leicester,Norwich
5,20,Chelsea,Norwich
5,20,Brighton,Norwich
5,20,Newcastle,Islington
5,20,United,Islington
5,20,Watford,Islington
5,20,City,Islington
5,20,Leicester,Islington
5,20,Chelsea,Islington
5,20,Brighton,Islington
5,20,United,Newcastle
5,20,Watford,Newcastle
5,20,City,Newcastle
5,20,Leicester,Newcastle
5,20,Chelsea,Newcastle
5,20,Brighton,Newcastle
5,20,Watford,United
5,20,City,United
5,20,Leicester,United
5,20,Chelsea,United
5,20,Brighton,United
5,20,City,Watford
5,20,Leicester,Watford
5,20,Chelsea,Watford
5,20,Brighton,Watford
5,20,Leicester,City
5,20,Chelsea,City
5,20,Brighton,City
5,20,Chelsea,Leicester
5,20,Brighton,Leicester
5,20,Brighton,Chelsea
5,23,Liverpool,Tottenham
5,23,Aston,Tottenham
5,23,Everton,Tottenham
5,23,Wolverhampton,Tottenham
5,23,Southampton,Tottenham
5,23,West Ham,Tottenham
5,23,Palace,Tottenham
5,23,Burnley,Tottenham
5,23,Brentford,Tottenham
5,23,Leeds,Tottenham
5,23,Norwich,Tottenham
5,23,Islington,Tottenham
5,23,Newcastle,Tottenham
5,23,United,Tottenham
5,23,Watford,Tottenham
5,23,City,Tottenham
5,23,Leicester,Tottenham
5,23,Chelsea,Tottenham
5,23,Brighton,Tottenham
5,23,Aston,Liverpool
5,23,Everton,Liverpool
5,23,Wolverhampton,Liverpool
5,23,Southampton,Liverpool
5,23,West Ham,Liverpool
5,23,Palace,Liverpool
5,23,Burnley,Liverpool
5,23,Brentford,Liverpool
5,23,Leeds,Liverpool
5,23,Norwich,Liverpool
5,23,Islington,Liverpool
5,23,Newcastle,Liverpool
5,23,United,Liverpool
5,23,Watford,Liverpool
5,23,City,Liverpool
5,23,Leicester,Liverpool
5,23,Chelsea,Liverpool
5,23,Brighton,Liverpool
5,23,Everton,Aston
5,23,Wolverhampton,Aston
5,23,Southampton,Aston
5,23,West Ham,Aston
5,23,Palace,Aston
5,23,Burnley,Aston
5,23,Brentford,Aston
5,23,Leeds,Aston
5,23,Norwich,Aston
5,23,Islington,Aston
5,23,Newcastle,Aston
5,23,United,Aston
5,23,Watford,Aston
5,23,City,Aston
5,23,Leicester,Aston
5,23,Chelsea,Aston
5,23,Brighton,Aston
5,23,Wolverhampton,Everton
5,23,Southampton,Everton
5,23,West Ham,Everton
5,23,Palace,Everton
5,23,Burnley,Everton
5,23,Brentford,Everton
5,23,Leeds,Everton
5,23,Norwich,Everton
5,23,Islington,Everton
5,23,Newcastle,Everton
5,23,United,Everton
5,23,Watford,Everton
5,23,City,Everton
5,23,Leicester,Everton
5,23,Chelsea,Everton
5,23,Brighton,Everton
5,23,Southampton,Wolverhampton
5,23,West Ham,Wolverhampton
5,23,Palace,Wolverhampton
5,23,Burnley,Wolverhampton
5,23,Brentford,Wolverhampton
5,23,Leeds,Wolverhampton
5,23,Norwich,Wolverhampton
5,23,Islington,Wolverhampton
5,23,Newcastle,Wolverhampton
5,23,United,Wolverhampton
5,23,Watford,Wolverhampton
5,23,City,Wolverhampton
5,23,Leicester,Wolverhampton
5,23,Chelsea,Wolverhampton
5,23,Brighton,Wolverhampton
5,23,West Ham,Southampton
5,23,Palace,Southampton
5,23,Burnley,Southampton
5,23,Brentford,Southampton
5,23,Leeds,Southampton
5,23,Norwich,Southampton
5,23,Islington,Southampton
5,23,Newcastle,Southampton
5,23,United,Southampton
5,23,Watford,Southampton
5,23,City,Southampton
5,23,Leicester,Southampton
5,23,Chelsea,Southampton
5,23,Brighton,Southampton
5,23,Palace,West Ham
5,23,Burnley,West Ham
5,23,Brentford,West Ham
5,23,Leeds,West Ham
5,23,Norwich,West Ham
5,23,Islington,West Ham
5,23,Newcastle,West Ham
5,23,United,West Ham
5,23,Watford,West Ham
5,23,City,West Ham
5,23,Leicester,West Ham
5,23,Chelsea,West Ham
5,23,Brighton,West Ham
5,23,Burnley,Palace
5,23,Brentford,Palace
5,23,Leeds,Palace
5,23,Norwich,Palace
5,23,Islington,Palace
5,23,Newcastle,Palace
5,23,United,Palace
5,23,Watford,Palace
5,23,City,Palace
5,23,Leicester,Palace
5,23,Chelsea,Palace
5,23,Brighton,Palace
5,23,Brentford,Burnley
5,23,Leeds,Burnley
5,23,Norwich,Burnley
5,23,Islington,Burnley
5,23,Newcastle,Burnley
5,23,United,Burnley
5,23,Watford,Burnley
5,23,City,Burnley
5,23,Leicester,Burnley
5,23,Chelsea,Burnley
5,23,Brighton,Burnley
5,23,Leeds,Brentford
5,23,Norwich,Brentford
5,23,Islington,Brentford
5,23,Newcastle,Brentford
5,23,United,Brentford
5,23,Watford,Brentford
5,23,City,Brentford
5,23,Leicester,Brentford
5,23,Chelsea,Brentford
5,23,Brighton,Brentford
5,23,Norwich,Leeds
5,23,Islington,Leeds
5,23,Newcastle,Leeds
5,23,United,Leeds
5,23,Watford,Leeds
5,23,City,Leeds
5,23,Leicester,Leeds
5,23,Chelsea,Leeds
5,23,Brighton,Leeds
5,23,Islington,Norwich
5,23,Newcastle,Norwich
5,23,United,Norwich
5,23,Watford,Norwich
5,23,City,Norwich
5,23,Leicester,Norwich
5,23,Chelsea,Norwich
5,23,Brighton,Norwich
5,23,Newcastle,Islington
5,23,United,Islington
5,23,Watford,Islington
5,23,City,Islington
5,23,Leicester,Islington
5,23,Chelsea,Islington
5,23,Brighton,Islington
5,23,United,Newcastle
5,23,Watford,Newcastle
5,23,City,Newcastle
5,23,Leicester,Newcastle
5,23,Chelsea,Newcastle
5,23,Brighton,Newcastle
5,23,Watford,United
5,23,City,United
5,23,Leicester,United
5,23,Chelsea,United
5,23,Brighton,United
5,23,City,Watford
5,23,Leicester,Watford
5,23,Chelsea,Watford
5,23,Brighton,Watford
5,23,Leicester,City
5,23,Chelsea,City
5,23,Brighton,City
5,23,Chelsea,Leicester
5,23,Brighton,Leicester
5,23,Brighton,Chelsea
5,26,Liverpool,Tottenham
5,26,Aston,Tottenham
5,26,Everton,Tottenham
5,26,Wolverhampton,Tottenham
5,26,Southampton,Tottenham
5,26,West Ham,Tottenham
5,26,Palace,Tottenham
5,26,Burnley,Tottenham
5,26,Brentford,Tottenham
5,26,Leeds,Tottenham
5,26,Norwich,Tottenham
5,26,Islington,Tottenham
5,26,Newcastle,Tottenham
5,26,United,Tottenham
5,26,Watford,Tottenham
5,26,City,Tottenham
5,26,Leicester,Tottenham
5,26,Chelsea,Tottenham
5,26,Brighton,Tottenham
5,26,Aston,Liverpool
5,26,Everton,Liverpool
5,26,Wolverhampton,Liverpool
5,26,Southampton,Liverpool
5,26,West Ham,Liverpool
5,26,Palace,Liverpool
5,26,Burnley,Liverpool
5,26,Brentford,Liverpool
5,26,Leeds,Liverpool
5,26,Norwich,Liverpool
5,26,Islington,Liverpool
5,26,Newcastle,Liverpool
5,26,United,Liverpool
5,26,Watford,Liverpool
5,26,City,Liverpool
5,26,Leicester,Liverpool
5,26,Chelsea,Liverpool
5,26,Brighton,Liverpool
5,26,Everton,Aston
5,26,Wolverhampton,Aston
5,26,Southampton,Aston
5,26,West Ham,Aston
5,26,Palace,Aston
5,26,Burnley,Aston
5,26,Brentford,Aston
5,26,Leeds,Aston
5,26,Norwich,Aston
5,26,Islington,Aston
5,26,Newcastle,Aston
5,26,United,Aston
5,26,Watford,Aston
5,26,City,Aston
5,26,Leicester,Aston
5,26,Chelsea,Aston
5,26,Brighton,Aston
5,26,Wolverhampton,Everton
5,26,Southampton,Everton
5,26,West Ham,Everton
5,26,Palace,Everton
5,26,Burnley,Everton
5,26,Brentford,Everton
5,26,Leeds,Everton
5,26,Norwich,Everton
5,26,Islington,Everton
5,26,Newcastle,Everton
5,26,United,Everton
5,26,Watford,Everton
5,26,City,Everton
5,26,Leicester,Everton
5,26,Chelsea,Everton
5,26,Brighton,Everton
5,26,Southampton,Wolverhampton
5,26,West Ham,Wolverhampton
5,26,Palace,Wolverhampton
5,26,Burnley,Wolverhampton
5,26,Brentford,Wolverhampton
5,26,Leeds,Wolverhampton
5,26,Norwich,Wolverhampton
5,26,Islington,Wolverhampton
5,26,Newcastle,Wolverhampton
5,26,United,Wolverhampton
5,26,Watford,Wolverhampton
5,26,City,Wolverhampton
5,26,Leicester,Wolverhampton
5,26,Chelsea,Wolverhampton
5,26,Brighton,Wolverhampton
5,26,West Ham,Southampton
5,26,Palace,Southampton
5,26,Burnley,Southampton
5,26,Brentford,Southampton
5,26,Leeds,Southampton
5,26,Norwich,Southampton
5,26,Islington,Southampton
5,26,Newcastle,Southampton
5,26,United,Southampton
5,26,Watford,Southampton
5,26,City,Southampton
5,26,Leicester,Southampton
5,26,Chelsea,Southampton
5,26,Brighton,Southampton
5,26,Palace,West Ham
5,26,Burnley,West Ham
5,26,Brentford,West Ham
5,26,Leeds,West Ham
5,26,Norwich,West Ham
5,26,Islington,West Ham
5,26,Newcastle,West Ham
5,26,United,West Ham
5,26,Watford,West Ham
5,26,City,West Ham
5,26,Leicester,West Ham
5,26,Chelsea,West Ham
5,26,Brighton,West Ham
5,26,Burnley,Palace
5,26,Brentford,Palace
5,26,Leeds,Palace
5,26,Norwich,Palace
5,26,Islington,Palace
5,26,Newcastle,Palace
5,26,United,Palace
5,26,Watford,Palace
5,26,City,Palace
5,26,Leicester,Palace
5,26,Chelsea,Palace
5,26,Brighton,Palace
5,26,Brentford,Burnley
5,26,Leeds,Burnley
5,26,Norwich,Burnley
5,26,Islington,Burnley
5,26,Newcastle,Burnley
5,26,United,Burnley
5,26,Watford,Burnley
5,26,City,Burnley
5,26,Leicester,Burnley
5,26,Chelsea,Burnley
5,26,Brighton,Burnley
5,26,Leeds,Brentford
5,26,Norwich,Brentford
5,26,Islington,Brentford
5,26,Newcastle,Brentford
5,26,United,Brentford
5,26,Watford,Brentford
5,26,City,Brentford
5,26,Leicester,Brentford
5,26,Chelsea,Brentford
5,26,Brighton,Brentford
5,26,Norwich,Leeds
5,26,Islington,Leeds
5,26,Newcastle,Leeds
5,26,United,Leeds
5,26,Watford,Leeds
5,26,City,Leeds
5,26,Leicester,Leeds
5,26,Chelsea,Leeds
5,26,Brighton,Leeds
5,26,Islington,Norwich
5,26,Newcastle,Norwich
5,26,United,Norwich
5,26,Watford,Norwich
5,26,City,Norwich
5,26,Leicester,Norwich
5,26,Chelsea,Norwich
5,26,Brighton,Norwich
5,26,Newcastle,Islington
5,26,United,Islington
5,26,Watford,Islington
5,26,City,Islington
5,26,Leicester,Islington
5,26,Chelsea,Islington
5,26,Brighton,Islington
5,26,United,Newcastle
5,26,Watford,Newcastle
5,26,City,Newcastle
5,26,Leicester,Newcastle
5,26,Chelsea,Newcastle
5,26,Brighton,Newcastle
5,26,Watford,United
5,26,City,United
5,26,Leicester,United
5,26,Chelsea,United
5,26,Brighton,United
5,26,City,Watford
5,26,Leicester,Watford
5,26,Chelsea,Watford
5,26,Brighton,Watford
5,26,Leicester,City
5,26,Chelsea,City
5,26,Brighton,City
5,26,Chelsea,Leicester
5,26,Brighton,Leicester
5,26,Brighton,Chelsea
5,29,Liverpool,Tottenham
5,29,Aston,Tottenham
5,29,Everton,Tottenham
5,29,Wolverhampton,Tottenham
5,29,Southampton,Tottenham
5,29,West Ham,Tottenham
5,29,Palace,Tottenham
5,29,Burnley,Tottenham
5,29,Brentford,Tottenham
5,29,Leeds,Tottenham
5,29,Norwich,Tottenham
5,29,Islington,Tottenham
5,29,Newcastle,Tottenham
5,29,United,Tottenham
5,29,Watford,Tottenham
5,29,City,Tottenham
5,29,Leicester,Tottenham
5,29,Chelsea,Tottenham
5,29,Brighton,Tottenham
5,29,Aston,Liverpool
5,29,Everton,Liverpool
5,29,Wolverhampton,Liverpool
5,29,Southampton,Liverpool
5,29,West Ham,Liverpool
5,29,Palace,Liverpool
5,29,Burnley,Liverpool
5,29,Brentford,Liverpool
5,29,Leeds,Liverpool
5,29,Norwich,Liverpool
5,29,Islington,Liverpool
5,29,Newcastle,Liverpool
5,29,United,Liverpool
5,29,Watford,Liverpool
5,29,City,Liverpool
5,29,Leicester,Liverpool
5,29,Chelsea,Liverpool
5,29,Brighton,Liverpool
5,29,Everton,Aston
5,29,Wolverhampton,Aston
5,29,Southampton,Aston
5,29,West Ham,Aston
5,29,Palace,Aston
5,29,Burnley,Aston
5,29,Brentford,Aston
5,29,Leeds,Aston
5,29,Norwich,Aston
5,29,Islington,Aston
5,29,Newcastle,Aston
5,29,United,Aston
5,29,Watford,Aston
5,29,City,Aston
5,29,Leicester,Aston
5,29,Chelsea,Aston
5,29,Brighton,Aston
5,29,Wolverhampton,Everton
5,29,Southampton,Everton
5,29,West Ham,Everton
5,29,Palace,Everton
5,29,Burnley,Everton
5,29,Brentford,Everton
5,29,Leeds,Everton
5,29,Norwich,Everton
5,29,Islington,Everton
5,29,Newcastle,Everton
5,29,United,Everton
5,29,Watford,Everton
5,29,City,Everton
5,29,Leicester,Everton
5,29,Chelsea,Everton
5,29,Brighton,Everton
5,29,Southampton,Wolverhampton
5,29,West Ham,Wolverhampton
5,29,Palace,Wolverhampton
5,29,Burnley,Wolverhampton
5,29,Brentford,Wolverhampton
5,29,Leeds,Wolverhampton
5,29,Norwich,Wolverhampton
5,29,Islington,Wolverhampton
5,29,Newcastle,Wolverhampton
5,29,United,Wolverhampton
5,29,Watford,Wolverhampton
5,29,City,Wolverhampton
5,29,Leicester,Wolverhampton
5,29,Chelsea,Wolverhampton
5,29,Brighton,Wolverhampton
5,29,West Ham,Southampton
5,29,Palace,Southampton
5,29,Burnley,Southampton
5,29,Brentford,Southampton
5,29,Leeds,Southampton
5,29,Norwich,Southampton
5,29,Islington,Southampton
5,29,Newcastle,Southampton
5,29,United,Southampton
5,29,Watford,Southampton
5,29,City,Southampton
5,29,Leicester,Southampton
5,29,Chelsea,Southampton
5,29,Brighton,Southampton
5,29,Palace,West Ham
5,29,Burnley,West Ham
5,29,Brentford,West Ham
5,29,Leeds,West Ham
5,29,Norwich,West Ham
5,29,Islington,West Ham
5,29,Newcastle,West Ham
5,29,United,West Ham
5,29,Watford,West Ham
5,29,City,West Ham
5,29,Leicester,West Ham
5,29,Chelsea,West Ham
5,29,Brighton,West Ham
5,29,Burnley,Palace
5,29,Brentford,Palace
5,29,Leeds,Palace
5,29,Norwich,Palace
5,29,Islington,Palace
5,29,Newcastle,Palace
5,29,United,Palace
5,29,Watford,Palace
5,29,City,Palace
5,29,Leicester,Palace
5,29,Chelsea,Palace
5,29,Brighton,Palace
5,29,Brentford,Burnley
5,29,Leeds,Burnley
5,29,Norwich,Burnley
5,29,Islington,Burnley
5,29,Newcastle,Burnley
5,29,United,Burnley
5,29,Watford,Burnley
5,29,City,Burnley
5,29,Leicester,Burnley
5,29,Chelsea,Burnley
5,29,Brighton,Burnley
5,29,Leeds,Brentford
5,29,Norwich,Brentford
5,29,Islington,Brentford
5,29,Newcastle,Brentford
5,29,United,Brentford
5,29,Watford,Brentford
5,29,City,Brentford
5,29,Leicester,Brentford
5,29,Chelsea,Brentford
5,29,Brighton,Brentford
5,29,Norwich,Leeds
5,29,Islington,Leeds
5,29,Newcastle,Leeds
5,29,United,Leeds
5,29,Watford,Leeds
5,29,City,Leeds
5,29,Leicester,Leeds
5,29,Chelsea,Leeds
5,29,Brighton,Leeds
5,29,Islington,Norwich
5,29,Newcastle,Norwich
5,29,United,Norwich
5,29,Watford,Norwich
5,29,City,Norwich
5,29,Leicester,Norwich
5,29,Chelsea,Norwich
5,29,Brighton,Norwich
5,29,Newcastle,Islington
5,29,United,Islington
5,29,Watford,Islington
5,29,City,Islington
5,29,Leicester,Islington
5,29,Chelsea,Islington
5,29,Brighton,Islington
5,29,United,Newcastle
5,29,Watford,Newcastle
5,29,City,Newcastle
5,29,Leicester,Newcastle
5,29,Chelsea,Newcastle
5,29,Brighton,Newcastle
5,29,Watford,United
5,29,City,United
5,29,Leicester,United
5,29,Chelsea,United
5,29,Brighton,United
5,29,City,Watford
5,29,Leicester,Watford
5,29,Chelsea,Watford
5,29,Brighton,Watford
5,29,Leicester,City
5,29,Chelsea,City
5,29,Brighton,City
5,29,Chelsea,Leicester
5,29,Brighton,Leicester
5,29,Brighton,Chelsea
5,32,Liverpool,Tottenham
5,32,Aston,Tottenham
5,32,Everton,Tottenham
5,32,Wolverhampton,Tottenham
5,32,Southampton,Tottenham
5,32,West Ham,Tottenham
5,32,Palace,Tottenham
5,32,Burnley,Tottenham
5,32,Brentford,Tottenham
5,32,Leeds,Tottenham
5,32,Norwich,Tottenham
5,32,Islington,Tottenham
5,32,Newcastle,Tottenham
5,32,United,Tottenham
5,32,Watford,Tottenham
5,32,City,Tottenham
5,32,Leicester,Tottenham
5,32,Chelsea,Tottenham
5,32,Brighton,Tottenham
5,32,Aston,Liverpool
5,32,Everton,Liverpool
5,32,Wolverhampton,Liverpool
5,32,Southampton,Liverpool
5,32,West Ham,Liverpool
5,32,Palace,Liverpool
5,32,Burnley,Liverpool
5,32,Brentford,Liverpool
5,32,Leeds,Liverpool
5,32,Norwich,Liverpool
5,32,Islington,Liverpool
5,32,Newcastle,Liverpool
5,32,United,Liverpool
5,32,Watford,Liverpool
5,32,City,Liverpool
5,32,Leicester,Liverpool
5,32,Chelsea,Liverpool
5,32,Brighton,Liverpool
5,32,Everton,Aston
5,32,Wolverhampton,Aston
5,32,Southampton,Aston
5,32,West Ham,Aston
5,32,Palace,Aston
5,32,Burnley,Aston
5,32,Brentford,Aston
5,32,Leeds,Aston
5,32,Norwich,Aston
5,32,Islington,Aston
5,32,Newcastle,Aston
5,32,United,Aston
5,32,Watford,Aston
5,32,City,Aston
5,32,Leicester,Aston
5,32,Chelsea,Aston
5,32,Brighton,Aston
5,32,Wolverhampton,Everton
5,32,Southampton,Everton
5,32,West Ham,Everton
5,32,Palace,Everton
5,32,Burnley,Everton
5,32,Brentford,Everton
5,32,Leeds,Everton
5,32,Norwich,Everton
5,32,Islington,Everton
5,32,Newcastle,Everton
5,32,United,Everton
5,32,Watford,Everton
5,32,City,Everton
5,32,Leicester,Everton
5,32,Chelsea,Everton
5,32,Brighton,Everton
5,32,Southampton,Wolverhampton
5,32,West Ham,Wolverhampton
5,32,Palace,Wolverhampton
5,32,Burnley,Wolverhampton
5,32,Brentford,Wolverhampton
5,32,Leeds,Wolverhampton
5,32,Norwich,Wolverhampton
5,32,Islington,Wolverhampton
5,32,Newcastle,Wolverhampton
5,32,United,Wolverhampton
5,32,Watford,Wolverhampton
5,32,City,Wolverhampton
5,32,Leicester,Wolverhampton
5,32,Chelsea,Wolverhampton
5,32,Brighton,Wolverhampton
5,32,West Ham,Southampton
5,32,Palace,Southampton
5,32,Burnley,Southampton
5,32,Brentford,Southampton
5,32,Leeds,Southampton
5,32,Norwich,Southampton
5,32,Islington,Southampton
5,32,Newcastle,Southampton
5,32,United,Southampton
5,32,Watford,Southampton
5,32,City,Southampton
5,32,Leicester,Southampton
5,32,Chelsea,Southampton
5,32,Brighton,Southampton
5,32,Palace,West Ham
5,32,Burnley,West Ham
5,32,Brentford,West Ham
5,32,Leeds,West Ham
5,32,Norwich,West Ham
5,32,Islington,West Ham
5,32,Newcastle,West Ham
5,32,United,West Ham
5,32,Watford,West Ham
5,32,City,West Ham
5,32,Leicester,West Ham
5,32,Chelsea,West Ham
5,32,Brighton,West Ham
5,32,Burnley,Palace
5,32,Brentford,Palace
5,32,Leeds,Palace
5,32,Norwich,Palace
5,32,Islington,Palace
5,32,Newcastle,Palace
5,32,United,Palace
5,32,Watford,Palace
5,32,City,Palace
5,32,Leicester,Palace
5,32,Chelsea,Palace
5,32,Brighton,Palace
5,32,Brentford,Burnley
5,32,Leeds,Burnley
5,32,Norwich,Burnley
5,32,Islington,Burnley
5,32,Newcastle,Burnley
5,32,United,Burnley
5,32,Watford,Burnley
5,32,City,Burnley
5,32,Leicester,Burnley
5,32,Chelsea,Burnley
5,32,Brighton,Burnley
5,32,Leeds,Brentford
5,32,Norwich,Brentford
5,32,Islington,Brentford
5,32,Newcastle,Brentford
5,32,United,Brentford
5,32,Watford,Brentford
5,32,City,Brentford
5,32,Leicester,Brentford
5,32,Chelsea,Brentford
5,32,Brighton,Brentford
5,32,Norwich,Leeds
5,32,Islington,Leeds
5,32,Newcastle,Leeds
5,32,United,Leeds
5,32,Watford,Leeds
5,32,City,Leeds
5,32,Leicester,Leeds
5,32,Chelsea,Leeds
5,32,Brighton,Leeds
5,32,Islington,Norwich
5,32,Newcastle,Norwich
5,32,United,Norwich
5,32,Watford,Norwich
5,32,City,Norwich
5,32,Leicester,Norwich
5,32,Chelsea,Norwich
5,32,Brighton,Norwich
5,32,Newcastle,Islington
5,32,United,Islington
5,32,Watford,Islington
5,32,City,Islington
5,32,Leicester,Islington
5,32,Chelsea,Islington
5,32,Brighton,Islington
5,32,United,Newcastle
5,32,Watford,Newcastle
5,32,City,Newcastle
5,32,Leicester,Newcastle
5,32,Chelsea,Newcastle
5,32,Brighton,Newcastle
5,32,Watford,United
5,32,City,United
5,32,Leicester,United
5,32,Chelsea,United
5,32,Brighton,United
5,32,City,Watford
5,32,Leicester,Watford
5,32,Chelsea,Watford
5,32,Brighton,Watford
5,32,Leicester,City
5,32,Chelsea,City
5,32,Brighton,City
5,32,Chelsea,Leicester
5,32,Brighton,Leicester
5,32,Brighton,Chelsea
5,35,Liverpool,Tottenham
5,35,Aston,Tottenham
5,35,Everton,Tottenham
5,35,Wolverhampton,Tottenham
5,35,Southampton,Tottenham
5,35,West Ham,Tottenham
5,35,Palace,Tottenham
5,35,Burnley,Tottenham
5,35,Brentford,Tottenham
5,35,Leeds,Tottenham
5,35,Norwich,Tottenham
5,35,Islington,Tottenham
5,35,Newcastle,Tottenham
5,35,United,Tottenham
5,35,Watford,Tottenham
5,35,City,Tottenham
5,35,Leicester,Tottenham
5,35,Chelsea,Tottenham
5,35,Brighton,Tottenham
5,35,Aston,Liverpool
5,35,Everton,Liverpool
5,35,Wolverhampton,Liverpool
5,35,Southampton,Liverpool
5,35,West Ham,Liverpool
5,35,Palace,Liverpool
5,35,Burnley,Liverpool
5,35,Brentford,Liverpool
5,35,Leeds,Liverpool
5,35,Norwich,Liverpool
5,35,Islington,Liverpool
5,35,Newcastle,Liverpool
5,35,United,Liverpool
5,35,Watford,Liverpool
5,35,City,Liverpool
5,35,Leicester,Liverpool
5,35,Chelsea,Liverpool
5,35,Brighton,Liverpool
5,35,Everton,Aston
5,35,Wolverhampton,Aston
5,35,Southampton,Aston
5,35,West Ham,Aston
5,35,Palace,Aston
5,35,Burnley,Aston
5,35,Brentford,Aston
5,35,Leeds,Aston
5,35,Norwich,Aston
5,35,Islington,Aston
5,35,Newcastle,Aston
5,35,United,Aston
5,35,Watford,Aston
5,35,City,Aston
5,35,Leicester,Aston
5,35,Chelsea,Aston
5,35,Brighton,Aston
5,35,Wolverhampton,Everton
5,35,Southampton,Everton
5,35,West Ham,Everton
5,35,Palace,Everton
5,35,Burnley,Everton
5,35,Brentford,Everton
5,35,Leeds,Everton
5,35,Norwich,Everton
5,35,Islington,Everton
5,35,Newcastle,Everton
5,35,United,Everton
5,35,Watford,Everton
5,35,City,Everton
5,35,Leicester,Everton
5,35,Chelsea,Everton
5,35,Brighton,Everton
5,35,Southampton,Wolverhampton
5,35,West Ham,Wolverhampton
5,35,Palace,Wolverhampton
5,35,Burnley,Wolverhampton
5,35,Brentford,Wolverhampton
5,35,Leeds,Wolverhampton
5,35,Norwich,Wolverhampton
5,35,Islington,Wolverhampton
5,35,Newcastle,Wolverhampton
5,35,United,Wolverhampton
5,35,Watford,Wolverhampton
5,35,City,Wolverhampton
5,35,Leicester,Wolverhampton
5,35,Chelsea,Wolverhampton
5,35,Brighton,Wolverhampton
5,35,West Ham,Southampton
5,35,Palace,Southampton
5,35,Burnley,Southampton
5,35,Brentford,Southampton
5,35,Leeds,Southampton
5,35,Norwich,Southampton
5,35,Islington,Southampton
5,35,Newcastle,Southampton
5,35,United,Southampton
5,35,Watford,Southampton
5,35,City,Southampton
5,35,Leicester,Southampton
5,35,Chelsea,Southampton
5,35,Brighton,Southampton
5,35,Palace,West Ham
5,35,Burnley,West Ham
5,35,Brentford,West Ham
5,35,Leeds,West Ham
5,35,Norwich,West Ham
5,35,Islington,West Ham
5,35,Newcastle,West Ham
5,35,United,West Ham
5,35,Watford,West Ham
5,35,City,West Ham
5,35,Leicester,West Ham
5,35,Chelsea,West Ham
5,35,Brighton,West Ham
5,35,Burnley,Palace
5,35,Brentford,Palace
5,35,Leeds,Palace
5,35,Norwich,Palace
5,35,Islington,Palace
5,35,Newcastle,Palace
5,35,United,Palace
5,35,Watford,Palace
5,35,City,Palace
5,35,Leicester,Palace
5,35,Chelsea,Palace
5,35,Brighton,Palace
5,35,Brentford,Burnley
5,35,Leeds,Burnley
5,35,Norwich,Burnley
5,35,Islington,Burnley
5,35,Newcastle,Burnley
5,35,United,Burnley
5,35,Watford,Burnley
5,35,City,Burnley
5,35,Leicester,Burnley
5,35,Chelsea,Burnley
5,35,Brighton,Burnley
5,35,Leeds,Brentford
5,35,Norwich,Brentford
5,35,Islington,Brentford
5,35,Newcastle,Brentford
5,35,United,Brentford
5,35,Watford,Brentford
5,35,City,Brentford
5,35,Leicester,Brentford
5,35,Chelsea,Brentford
5,35,Brighton,Brentford
5,35,Norwich,Leeds
5,35,Islington,Leeds
5,35,Newcastle,Leeds
5,35,United,Leeds
5,35,Watford,Leeds
5,35,City,Leeds
5,35,Leicester,Leeds
5,35,Chelsea,Leeds
5,35,Brighton,Leeds
5,35,Islington,Norwich
5,35,Newcastle,Norwich
5,35,United,Norwich
5,35,Watford,Norwich
5,35,City,Norwich
5,35,Leicester,Norwich
5,35,Chelsea,Norwich
5,35,Brighton,Norwich
5,35,Newcastle,Islington
5,35,United,Islington
5,35,Watford,Islington
5,35,City,Islington
5,35,Leicester,Islington
5,35,Chelsea,Islington
5,35,Brighton,Islington
5,35,United,Newcastle
5,35,Watford,Newcastle
5,35,City,Newcastle
5,35,Leicester,Newcastle
5,35,Chelsea,Newcastle
5,35,Brighton,Newcastle
5,35,Watford,United
5,35,City,United
5,35,Leicester,United
5,35,Chelsea,United
5,35,Brighton,United
5,35,City,Watford
5,35,Leicester,Watford
5,35,Chelsea,Watford
5,35,Brighton,Watford
5,35,Leicester,City
5,35,Chelsea,City
5,35,Brighton,City
5,35,Chelsea,Leicester
5,35,Brighton,Leicester
5,35,Brighton,Chelsea
5,38,Liverpool,Tottenham
5,38,Aston,Tottenham
5,38,Everton,Tottenham
5,38,Wolverhampton,Tottenham
5,38,Southampton,Tottenham
5,38,West Ham,Tottenham
5,38,Palace,Tottenham
5,38,Burnley,Tottenham
5,38,Brentford,Tottenham
5,38,Leeds,Tottenham
5,38,Norwich,Tottenham
5,38,Islington,Tottenham
5,38,Newcastle,Tottenham
5,38,United,Tottenham
5,38,Watford,Tottenham
5,38,City,Tottenham
5,38,Leicester,Tottenham
5,38,Chelsea,Tottenham
5,38,Brighton,Tottenham
5,38,Aston,Liverpool
5,38,Everton,Liverpool
5,38,Wolverhampton,Liverpool
5,38,Southampton,Liverpool
5,38,West Ham,Liverpool
5,38,Palace,Liverpool
5,38,Burnley,Liverpool
5,38,Brentford,Liverpool
5,38,Leeds,Liverpool
5,38,Norwich,Liverpool
5,38,Islington,Liverpool
5,38,Newcastle,Liverpool
5,38,United,Liverpool
5,38,Watford,Liverpool
5,38,City,Liverpool
5,38,Leicester,Liverpool
5,38,Chelsea,Liverpool
5,38,Brighton,Liverpool
5,38,Everton,Aston
5,38,Wolverhampton,Aston
5,38,Southampton,Aston
5,38,West Ham,Aston
5,38,Palace,Aston
5,38,Burnley,Aston
5,38,Brentford,Aston
5,38,Leeds,Aston
5,38,Norwich,Aston
5,38,Islington,Aston
5,38,Newcastle,Aston
5,38,United,Aston
5,38,Watford,Aston
5,38,City,Aston
5,38,Leicester,Aston
5,38,Chelsea,Aston
5,38,Brighton,Aston
5,38,Wolverhampton,Everton
5,38,Southampton,Everton
5,38,West Ham,Everton
5,38,Palace,Everton
5,38,Burnley,Everton
5,38,Brentford,Everton
5,38,Leeds,Everton
5,38,Norwich,Everton
5,38,Islington,Everton
5,38,Newcastle,Everton
5,38,United,Everton
5,38,Watford,Everton
5,38,City,Everton
5,38,Leicester,Everton
5,38,Chelsea,Everton
5,38,Brighton,Everton
5,38,Southampton,Wolverhampton
5,38,West Ham,Wolverhampton
5,38,Palace,Wolverhampton
5,38,Burnley,Wolverhampton
5,38,Brentford,Wolverhampton
5,38,Leeds,Wolverhampton
5,38,Norwich,Wolverhampton
5,38,Islington,Wolverhampton
5,38,Newcastle,Wolverhampton
5,38,United,Wolverhampton
5,38,Watford,Wolverhampton
5,38,City,Wolverhampton
5,38,Leicester,Wolverhampton
5,38,Chelsea,Wolverhampton
5,38,Brighton,Wolverhampton
5,38,West Ham,Southampton
5,38,Palace,Southampton
5,38,Burnley,Southampton
5,38,Brentford,Southampton
5,38,Leeds,Southampton
5,38,Norwich,Southampton
5,38,Islington,Southampton
5,38,Newcastle,Southampton
5,38,United,Southampton
5,38,Watford,Southampton
5,38,City,Southampton
5,38,Leicester,Southampton
5,38,Chelsea,Southampton
5,38,Brighton,Southampton
5,38,Palace,West Ham
5,38,Burnley,West Ham
5,38,Brentford,West Ham
5,38,Leeds,West Ham
5,38,Norwich,West Ham
5,38,Islington,West Ham
5,38,Newcastle,West Ham
5,38,United,West Ham
5,38,Watford,West Ham
5,38,City,West Ham
5,38,Leicester,West Ham
5,38,Chelsea,West Ham
5,38,Brighton,West Ham
5,38,Burnley,Palace
5,38,Brentford,Palace
5,38,Leeds,Palace
5,38,Norwich,Palace
5,38,Islington,Palace
5,38,Newcastle,Palace
5,38,United,Palace
5,38,Watford,Palace
5,38,City,Palace
5,38,Leicester,Palace
5,38,Chelsea,Palace
5,38,Brighton,Palace
5,38,Brentford,Burnley
5,38,Leeds,Burnley
5,38,Norwich,Burnley
5,38,Islington,Burnley
5,38,Newcastle,Burnley
5,38,United,Burnley
5,38,Watford,Burnley
5,38,City,Burnley
5,38,Leicester,Burnley
5,38,Chelsea,Burnley
5,38,Brighton,Burnley
5,38,Leeds,Brentford
5,38,Norwich,Brentford
5,38,Islington,Brentford
5,38,Newcastle,Brentford
5,38,United,Brentford
5,38,Watford,Brentford
5,38,City,Brentford
5,38,Leicester,Brentford
5,38,Chelsea,Brentford
5,38,Brighton,Brentford
5,38,Norwich,Leeds
5,38,Islington,Leeds
5,38,Newcastle,Leeds
5,38,United,Leeds
5,38,Watford,Leeds
5,38,City,Leeds
5,38,Leicester,Leeds
5,38,Chelsea,Leeds
5,38,Brighton,Leeds
5,38,Islington,Norwich
5,38,Newcastle,Norwich
5,38,United,Norwich
5,38,Watford,Norwich
5,38,City,Norwich
5,38,Leicester,Norwich
5,38,Chelsea,Norwich
5,38,Brighton,Norwich
5,38,Newcastle,Islington
5,38,United,Islington
5,38,Watford,Islington
5,38,City,Islington
5,38,Leicester,Islington
5,38,Chelsea,Islington
5,38,Brighton,Islington
5,38,United,Newcastle
5,38,Watford,Newcastle
5,38,City,Newcastle
5,38,Leicester,Newcastle
5,38,Chelsea,Newcastle
5,38,Brighton,Newcastle
5,38,Watford,United
5,38,City,United
5,38,Leicester,United
5,38,Chelsea,United
5,38,Brighton,United
5,38,City,Watford
5,38,Leicester,Watford
5,38,Chelsea,Watford
5,38,Brighton,Watford
5,38,Leicester,City
5,38,Chelsea,City
5,38,Brighton,City
5,38,Chelsea,Leicester
5,38,Brighton,Leicester
5,38,Brighton,Chelsea
5,41,Liverpool,Tottenham
5,41,Aston,Tottenham
5,41,Everton,Tottenham
5,41,Wolverhampton,Tottenham
5,41,Southampton,Tottenham
5,41,West Ham,Tottenham
5,41,Palace,Tottenham
5,41,Burnley,Tottenham
5,41,Brentford,Tottenham
5,41,Leeds,Tottenham
5,41,Norwich,Tottenham
5,41,Islington,Tottenham
5,41,Newcastle,Tottenham
5,41,United,Tottenham
5,41,Watford,Tottenham
5,41,City,Tottenham
5,41,Leicester,Tottenham
5,41,Chelsea,Tottenham
5,41,Brighton,Tottenham
5,41,Aston,Liverpool
5,41,Everton,Liverpool
5,41,Wolverhampton,Liverpool
5,41,Southampton,Liverpool
5,41,West Ham,Liverpool
5,41,Palace,Liverpool
5,41,Burnley,Liverpool
5,41,Brentford,Liverpool
5,41,Leeds,Liverpool
5,41,Norwich,Liverpool
5,41,Islington,Liverpool
5,41,Newcastle,Liverpool
5,41,United,Liverpool
5,41,Watford,Liverpool
5,41,City,Liverpool
5,41,Leicester,Liverpool
5,41,Chelsea,Liverpool
5,41,Brighton,Liverpool
5,41,Everton,Aston
5,41,Wolverhampton,Aston
5,41,Southampton,Aston
5,41,West Ham,Aston
5,41,Palace,Aston
5,41,Burnley,Aston
5,41,Brentford,Aston
5,41,Leeds,Aston
5,41,Norwich,Aston
5,41,Islington,Aston
5,41,Newcastle,Aston
5,41,United,Aston
5,41,Watford,Aston
5,41,City,Aston
5,41,Leicester,Aston
5,41,Chelsea,Aston
5,41,Brighton,Aston
5,41,Wolverhampton,Everton
5,41,Southampton,Everton
5,41,West Ham,Everton
5,41,Palace,Everton
5,41,Burnley,Everton
5,41,Brentford,Everton
5,41,Leeds,Everton
5,41,Norwich,Everton
5,41,Islington,Everton
5,41,Newcastle,Everton
5,41,United,Everton
5,41,Watford,Everton
5,41,City,Everton
5,41,Leicester,Everton
5,41,Chelsea,Everton
5,41,Brighton,Everton
5,41,Southampton,Wolverhampton
5,41,West Ham,Wolverhampton
5,41,Palace,Wolverhampton
5,41,Burnley,Wolverhampton
5,41,Brentford,Wolverhampton
5,41,Leeds,Wolverhampton
5,41,Norwich,Wolverhampton
5,41,Islington,Wolverhampton
5,41,Newcastle,Wolverhampton
5,41,United,Wolverhampton
5,41,Watford,Wolverhampton
5,41,City,Wolverhampton
5,41,Leicester,Wolverhampton
5,41,Chelsea,Wolverhampton
5,41,Brighton,Wolverhampton
5,41,West Ham,Southampton
5,41,Palace,Southampton
5,41,Burnley,Southampton
5,41,Brentford,Southampton
5,41,Leeds,Southampton
5,41,Norwich,Southampton
5,41,Islington,Southampton
5,41,Newcastle,Southampton
5,41,United,Southampton
5,41,Watford,Southampton
5,41,City,Southampton
5,41,Leicester,Southampton
5,41,Chelsea,Southampton
5,41,Brighton,Southampton
5,41,Palace,West Ham
5,41,Burnley,West Ham
5,41,Brentford,West Ham
5,41,Leeds,West Ham
5,41,Norwich,West Ham
5,41,Islington,West Ham
5,41,Newcastle,West Ham
5,41,United,West Ham
5,41,Watford,West Ham
5,41,City,West Ham
5,41,Leicester,West Ham
5,41,Chelsea,West Ham
5,41,Brighton,West Ham
5,41,Burnley,Palace
5,41,Brentford,Palace
5,41,Leeds,Palace
5,41,Norwich,Palace
5,41,Islington,Palace
5,41,Newcastle,Palace
5,41,United,Palace
5,41,Watford,Palace
5,41,City,Palace
5,41,Leicester,Palace
5,41,Chelsea,Palace
5,41,Brighton,Palace
5,41,Brentford,Burnley
5,41,Leeds,Burnley
5,41,Norwich,Burnley
5,41,Islington,Burnley
5,41,Newcastle,Burnley
5,41,United,Burnley
5,41,Watford,Burnley
5,41,City,Burnley
5,41,Leicester,Burnley
5,41,Chelsea,Burnley
5,41,Brighton,Burnley
5,41,Leeds,Brentford
5,41,Norwich,Brentford
5,41,Islington,Brentford
5,41,Newcastle,Brentford
5,41,United,Brentford
5,41,Watford,Brentford
5,41,City,Brentford
5,41,Leicester,Brentford
5,41,Chelsea,Brentford
5,41,Brighton,Brentford
5,41,Norwich,Leeds
5,41,Islington,Leeds
5,41,Newcastle,Leeds
5,41,United,Leeds
5,41,Watford,Leeds
5,41,City,Leeds
5,41,Leicester,Leeds
5,41,Chelsea,Leeds
5,41,Brighton,Leeds
5,41,Islington,Norwich
5,41,Newcastle,Norwich
5,41,United,Norwich
5,41,Watford,Norwich
5,41,City,Norwich
5,41,Leicester,Norwich
5,41,Chelsea,Norwich
5,41,Brighton,Norwich
5,41,Newcastle,Islington
5,41,United,Islington
5,41,Watford,Islington
5,41,City,Islington
5,41,Leicester,Islington
5,41,Chelsea,Islington
5,41,Brighton,Islington
5,41,United,Newcastle
5,41,Watford,Newcastle
5,41,City,Newcastle
5,41,Leicester,Newcastle
5,41,Chelsea,Newcastle
5,41,Brighton,Newcastle
5,41,Watford,United
5,41,City,United
5,41,Leicester,United
5,41,Chelsea,United
5,41,Brighton,United
5,41,City,Watford
5,41,Leicester,Watford
5,41,Chelsea,Watford
5,41,Brighton,Watford
5,41,Leicester,City
5,41,Chelsea,City
5,41,Brighton,City
5,41,Chelsea,Leicester
5,41,Brighton,Leicester
5,41,Brighton,Chelsea
5,44,Liverpool,Tottenham
5,44,Aston,Tottenham
5,44,Everton,Tottenham
5,44,Wolverhampton,Tottenham
5,44,Southampton,Tottenham
5,44,West Ham,Tottenham
5,44,Palace,Tottenham
5,44,Burnley,Tottenham
5,44,Brentford,Tottenham
5,44,Leeds,Tottenham
5,44,Norwich,Tottenham
5,44,Islington,Tottenham
5,44,Newcastle,Tottenham
5,44,United,Tottenham
5,44,Watford,Tottenham
5,44,City,Tottenham
5,44,Leicester,Tottenham
5,44,Chelsea,Tottenham
5,44,Brighton,Tottenham
5,44,Aston,Liverpool
5,44,Everton,Liverpool
5,44,Wolverhampton,Liverpool
5,44,Southampton,Liverpool
5,44,West Ham,Liverpool
5,44,Palace,Liverpool
5,44,Burnley,Liverpool
5,44,Brentford,Liverpool
5,44,Leeds,Liverpool
5,44,Norwich,Liverpool
5,44,Islington,Liverpool
5,44,Newcastle,Liverpool
5,44,United,Liverpool
5,44,Watford,Liverpool
5,44,City,Liverpool
5,44,Leicester,Liverpool
5,44,Chelsea,Liverpool
5,44,Brighton,Liverpool
5,44,Everton,Aston
5,44,Wolverhampton,Aston
5,44,Southampton,Aston
5,44,West Ham,Aston
5,44,Palace,Aston
5,44,Burnley,Aston
5,44,Brentford,Aston
5,44,Leeds,Aston
5,44,Norwich,Aston
5,44,Islington,Aston
5,44,Newcastle,Aston
5,44,United,Aston
5,44,Watford,Aston
5,44,City,Aston
5,44,Leicester,Aston
5,44,Chelsea,Aston
5,44,Brighton,Aston
5,44,Wolverhampton,Everton
5,44,Southampton,Everton
5,44,West Ham,Everton
5,44,Palace,Everton
5,44,Burnley,Everton
5,44,Brentford,Everton
5,44,Leeds,Everton
5,44,Norwich,Everton
5,44,Islington,Everton
5,44,Newcastle,Everton
5,44,United,Everton
5,44,Watford,Everton
5,44,City,Everton
5,44,Leicester,Everton
5,44,Chelsea,Everton
5,44,Brighton,Everton
5,44,Southampton,Wolverhampton
5,44,West Ham,Wolverhampton
5,44,Palace,Wolverhampton
5,44,Burnley,Wolverhampton
5,44,Brentford,Wolverhampton
5,44,Leeds,Wolverhampton
5,44,Norwich,Wolverhampton
5,44,Islington,Wolverhampton
5,44,Newcastle,Wolverhampton
5,44,United,Wolverhampton
5,44,Watford,Wolverhampton
5,44,City,Wolverhampton
5,44,Leicester,Wolverhampton
5,44,Chelsea,Wolverhampton
5,44,Brighton,Wolverhampton
5,44,West Ham,Southampton
5,44,Palace,Southampton
5,44,Burnley,Southampton
5,44,Brentford,Southampton
5,44,Leeds,Southampton
5,44,Norwich,Southampton
5,44,Islington,Southampton
5,44,Newcastle,Southampton
5,44,United,Southampton
5,44,Watford,Southampton
5,44,City,Southampton
5,44,Leicester,Southampton
5,44,Chelsea,Southampton
5,44,Brighton,Southampton
5,44,Palace,West Ham
5,44,Burnley,West Ham
5,44,Brentford,West Ham
5,44,Leeds,West Ham
5,44,Norwich,West Ham
5,44,Islington,West Ham
5,44,Newcastle,West Ham
5,44,United,West Ham
5,44,Watford,West Ham
5,44,City,West Ham
5,44,Leicester,West Ham
5,44,Chelsea,West Ham
5,44,Brighton,West Ham
5,44,Burnley,Palace
5,44,Brentford,Palace
5,44,Leeds,Palace
5,44,Norwich,Palace
5,44,Islington,Palace
5,44,Newcastle,Palace
5,44,United,Palace
5,44,Watford,Palace
5,44,City,Palace
5,44,Leicester,Palace
5,44,Chelsea,Palace
5,44,Brighton,Palace
5,44,Brentford,Burnley
5,44,Leeds,Burnley
5,44,Norwich,Burnley
5,44,Islington,Burnley
5,44,Newcastle,Burnley
5,44,United,Burnley
5,44,Watford,Burnley
5,44,City,Burnley
5,44,Leicester,Burnley
5,44,Chelsea,Burnley
5,44,Brighton,Burnley
5,44,Leeds,Brentford
5,44,Norwich,Brentford
5,44,Islington,Brentford
5,44,Newcastle,Brentford
5,44,United,Brentford
5,44,Watford,Brentford
5,44,City,Brentford
5,44,Leicester,Brentford
5,44,Chelsea,Brentford
5,44,Brighton,Brentford
5,44,Norwich,Leeds
5,44,Islington,Leeds
5,44,Newcastle,Leeds
5,44,United,Leeds
5,44,Watford,Leeds
5,44,City,Leeds
5,44,Leicester,Leeds
5,44,Chelsea,Leeds
5,44,Brighton,Leeds
5,44,Islington,Norwich
5,44,Newcastle,Norwich
5,44,United,Norwich
5,44,Watford,Norwich
5,44,City,Norwich
5,44,Leicester,Norwich
5,44,Chelsea,Norwich
5,44,Brighton,Norwich
5,44,Newcastle,Islington
5,44,United,Islington
5,44,Watford,Islington
5,44,City,Islington
5,44,Leicester,Islington
5,44,Chelsea,Islington
5,44,Brighton,Islington
5,44,United,Newcastle
5,44,Watford,Newcastle
5,44,City,Newcastle
5,44,Leicester,Newcastle
5,44,Chelsea,Newcastle
5,44,Brighton,Newcastle
5,44,Watford,United
5,44,City,United
5,44,Leicester,United
5,44,Chelsea,United
5,44,Brighton,United
5,44,City,Watford
5,44,Leicester,Watford
5,44,Chelsea,Watford
5,44,Brighton,Watford
5,44,Leicester,City
5,44,Chelsea,City
5,44,Brighton,City
5,44,Chelsea,Leicester
5,44,Brighton,Leicester
5,44,Brighton,Chelsea
5,47,Liverpool,Tottenham
5,47,Aston,Tottenham
5,47,Everton,Tottenham
5,47,Wolverhampton,Tottenham
5,47,Southampton,Tottenham
5,47,West Ham,Tottenham
5,47,Palace,Tottenham
5,47,Burnley,Tottenham
5,47,Brentford,Tottenham
5,47,Leeds,Tottenham
5,47,Norwich,Tottenham
5,47,Islington,Tottenham
5,47,Newcastle,Tottenham
5,47,United,Tottenham
5,47,Watford,Tottenham
5,47,City,Tottenham
5,47,Leicester,Tottenham
5,47,Chelsea,Tottenham
5,47,Brighton,Tottenham
5,47,Aston,Liverpool
5,47,Everton,Liverpool
5,47,Wolverhampton,Liverpool
5,47,Southampton,Liverpool
5,47,West Ham,Liverpool
5,47,Palace,Liverpool
5,47,Burnley,Liverpool
5,47,Brentford,Liverpool
5,47,Leeds,Liverpool
5,47,Norwich,Liverpool
5,47,Islington,Liverpool
5,47,Newcastle,Liverpool
5,47,United,Liverpool
5,47,Watford,Liverpool
5,47,City,Liverpool
5,47,Leicester,Liverpool
5,47,Chelsea,Liverpool
5,47,Brighton,Liverpool
5,47,Everton,Aston
5,47,Wolverhampton,Aston
5,47,Southampton,Aston
5,47,West Ham,Aston
5,47,Palace,Aston
5,47,Burnley,Aston
5,47,Brentford,Aston
5,47,Leeds,Aston
5,47,Norwich,Aston
5,47,Islington,Aston
5,47,Newcastle,Aston
5,47,United,Aston
5,47,Watford,Aston
5,47,City,Aston
5,47,Leicester,Aston
5,47,Chelsea,Aston
5,47,Brighton,Aston
5,47,Wolverhampton,Everton
5,47,Southampton,Everton
5,47,West Ham,Everton
5,47,Palace,Everton
5,47,Burnley,Everton
5,47,Brentford,Everton
5,47,Leeds,Everton
5,47,Norwich,Everton
5,47,Islington,Everton
5,47,Newcastle,Everton
5,47,United,Everton
5,47,Watford,Everton
5,47,City,Everton
5,47,Leicester,Everton
5,47,Chelsea,Everton
5,47,Brighton,Everton
5,47,Southampton,Wolverhampton
5,47,West Ham,Wolverhampton
5,47,Palace,Wolverhampton
5,47,Burnley,Wolverhampton
5,47,Brentford,Wolverhampton
5,47,Leeds,Wolverhampton
5,47,Norwich,Wolverhampton
5,47,Islington,Wolverhampton
5,47,Newcastle,Wolverhampton
5,47,United,Wolverhampton
5,47,Watford,Wolverhampton
5,47,City,Wolverhampton
5,47,Leicester,Wolverhampton
5,47,Chelsea,Wolverhampton
5,47,Brighton,Wolverhampton
5,47,West Ham,Southampton
5,47,Palace,Southampton
5,47,Burnley,Southampton
5,47,Brentford,Southampton
5,47,Leeds,Southampton
5,47,Norwich,Southampton
5,47,Islington,Southampton
5,47,Newcastle,Southampton
5,47,United,Southampton
5,47,Watford,Southampton
5,47,City,Southampton
5,47,Leicester,Southampton
5,47,Chelsea,Southampton
5,47,Brighton,Southampton
5,47,Palace,West Ham
5,47,Burnley,West Ham
5,47,Brentford,West Ham
5,47,Leeds,West Ham
5,47,Norwich,West Ham
5,47,Islington,West Ham
5,47,Newcastle,West Ham
5,47,United,West Ham
5,47,Watford,West Ham
5,47,City,West Ham
5,47,Leicester,West Ham
5,47,Chelsea,West Ham
5,47,Brighton,West Ham
5,47,Burnley,Palace
5,47,Brentford,Palace
5,47,Leeds,Palace
5,47,Norwich,Palace
5,47,Islington,Palace
5,47,Newcastle,Palace
5,47,United,Palace
5,47,Watford,Palace
5,47,City,Palace
5,47,Leicester,Palace
5,47,Chelsea,Palace
5,47,Brighton,Palace
5,47,Brentford,Burnley
5,47,Leeds,Burnley
5,47,Norwich,Burnley
5,47,Islington,Burnley
5,47,Newcastle,Burnley
5,47,United,Burnley
5,47,Watford,Burnley
5,47,City,Burnley
5,47,Leicester,Burnley
5,47,Chelsea,Burnley
5,47,Brighton,Burnley
5,47,Leeds,Brentford
5,47,Norwich,Brentford
5,47,Islington,Brentford
5,47,Newcastle,Brentford
5,47,United,Brentford
5,47,Watford,Brentford
5,47,City,Brentford
5,47,Leicester,Brentford
5,47,Chelsea,Brentford
5,47,Brighton,Brentford
5,47,Norwich,Leeds
5,47,Islington,Leeds
5,47,Newcastle,Leeds
5,47,United,Leeds
5,47,Watford,Leeds
5,47,City,Leeds
5,47,Leicester,Leeds
5,47,Chelsea,Leeds
5,47,Brighton,Leeds
5,47,Islington,Norwich
5,47,Newcastle,Norwich
5,47,United,Norwich
5,47,Watford,Norwich
5,47,City,Norwich
5,47,Leicester,Norwich
5,47,Chelsea,Norwich
5,47,Brighton,Norwich
5,47,Newcastle,Islington
5,47,United,Islington
5,47,Watford,Islington
5,47,City,Islington
5,47,Leicester,Islington
5,47,Chelsea,Islington
5,47,Brighton,Islington
5,47,United,Newcastle
5,47,Watford,Newcastle
5,47,City,Newcastle
5,47,Leicester,Newcastle
5,47,Chelsea,Newcastle
5,47,Brighton,Newcastle
5,47,Watford,United
5,47,City,United
5,47,Leicester,United
5,47,Chelsea,United
5,47,Brighton,United
5,47,City,Watford
5,47,Leicester,Watford
5,47,Chelsea,Watford
5,47,Brighton,Watford
5,47,Leicester,City
5,47,Chelsea,City
5,47,Brighton,City
5,47,Chelsea,Leicester
5,47,Brighton,Leicester
5,47,Brighton,Chelsea
5,50,Liverpool,Tottenham
5,50,Aston,Tottenham
5,50,Everton,Tottenham
5,50,Wolverhampton,Tottenham
5,50,Southampton,Tottenham
5,50,West Ham,Tottenham
5,50,Palace,Tottenham
5,50,Burnley,Tottenham
5,50,Brentford,Tottenham
5,50,Leeds,Tottenham
5,50,Norwich,Tottenham
5,50,Islington,Tottenham
5,50,Newcastle,Tottenham
5,50,United,Tottenham
5,50,Watford,Tottenham
5,50,City,Tottenham
5,50,Leicester,Tottenham
5,50,Chelsea,Tottenham
5,50,Brighton,Tottenham
5,50,Aston,Liverpool
5,50,Everton,Liverpool
5,50,Wolverhampton,Liverpool
5,50,Southampton,Liverpool
5,50,West Ham,Liverpool
5,50,Palace,Liverpool
5,50,Burnley,Liverpool
5,50,Brentford,Liverpool
5,50,Leeds,Liverpool
5,50,Norwich,Liverpool
5,50,Islington,Liverpool
5,50,Newcastle,Liverpool
5,50,United,Liverpool
5,50,Watford,Liverpool
5,50,City,Liverpool
5,50,Leicester,Liverpool
5,50,Chelsea,Liverpool
5,50,Brighton,Liverpool
5,50,Everton,Aston
5,50,Wolverhampton,Aston
5,50,Southampton,Aston
5,50,West Ham,Aston
5,50,Palace,Aston
5,50,Burnley,Aston
5,50,Brentford,Aston
5,50,Leeds,Aston
5,50,Norwich,Aston
5,50,Islington,Aston
5,50,Newcastle,Aston
5,50,United,Aston
5,50,Watford,Aston
5,50,City,Aston
5,50,Leicester,Aston
5,50,Chelsea,Aston
5,50,Brighton,Aston
5,50,Wolverhampton,Everton
5,50,Southampton,Everton
5,50,West Ham,Everton
5,50,Palace,Everton
5,50,Burnley,Everton
5,50,Brentford,Everton
5,50,Leeds,Everton
5,50,Norwich,Everton
5,50,Islington,Everton
5,50,Newcastle,Everton
5,50,United,Everton
5,50,Watford,Everton
5,50,City,Everton
5,50,Leicester,Everton
5,50,Chelsea,Everton
5,50,Brighton,Everton
5,50,Southampton,Wolverhampton
5,50,West Ham,Wolverhampton
5,50,Palace,Wolverhampton
5,50,Burnley,Wolverhampton
5,50,Brentford,Wolverhampton
5,50,Leeds,Wolverhampton
5,50,Norwich,Wolverhampton
5,50,Islington,Wolverhampton
5,50,Newcastle,Wolverhampton
5,50,United,Wolverhampton
5,50,Watford,Wolverhampton
5,50,City,Wolverhampton
5,50,Leicester,Wolverhampton
5,50,Chelsea,Wolverhampton
5,50,Brighton,Wolverhampton
5,50,West Ham,Southampton
5,50,Palace,Southampton
5,50,Burnley,Southampton
5,50,Brentford,Southampton
5,50,Leeds,Southampton
5,50,Norwich,Southampton
5,50,Islington,Southampton
5,50,Newcastle,Southampton
5,50,United,Southampton
5,50,Watford,Southampton
5,50,City,Southampton
5,50,Leicester,Southampton
5,50,Chelsea,Southampton
5,50,Brighton,Southampton
5,50,Palace,West Ham
5,50,Burnley,West Ham
5,50,Brentford,West Ham
5,50,Leeds,West Ham
5,50,Norwich,West Ham
5,50,Islington,West Ham
5,50,Newcastle,West Ham
5,50,United,West Ham
5,50,Watford,West Ham
5,50,City,West Ham
5,50,Leicester,West Ham
5,50,Chelsea,West Ham
5,50,Brighton,West Ham
5,50,Burnley,Palace
5,50,Brentford,Palace
5,50,Leeds,Palace
5,50,Norwich,Palace
5,50,Islington,Palace
5,50,Newcastle,Palace
5,50,United,Palace
5,50,Watford,Palace
5,50,City,Palace
5,50,Leicester,Palace
5,50,Chelsea,Palace
5,50,Brighton,Palace
5,50,Brentford,Burnley
5,50,Leeds,Burnley
5,50,Norwich,Burnley
5,50,Islington,Burnley
5,50,Newcastle,Burnley
5,50,United,Burnley
5,50,Watford,Burnley
5,50,City,Burnley
5,50,Leicester,Burnley
5,50,Chelsea,Burnley
5,50,Brighton,Burnley
5,50,Leeds,Brentford
5,50,Norwich,Brentford
5,50,Islington,Brentford
5,50,Newcastle,Brentford
5,50,United,Brentford
5,50,Watford,Brentford
5,50,City,Brentford
5,50,Leicester,Brentford
5,50,Chelsea,Brentford
5,50,Brighton,Brentford
5,50,Norwich,Leeds
5,50,Islington,Leeds
5,50,Newcastle,Leeds
5,50,United,Leeds
5,50,Watford,Leeds
5,50,City,Leeds
5,50,Leicester,Leeds
5,50,Chelsea,Leeds
5,50,Brighton,Leeds
5,50,Islington,Norwich
5,50,Newcastle,Norwich
5,50,United,Norwich
5,50,Watford,Norwich
5,50,City,Norwich
5,50,Leicester,Norwich
5,50,Chelsea,Norwich
5,50,Brighton,Norwich
5,50,Newcastle,Islington
5,50,United,Islington
5,50,Watford,Islington
5,50,City,Islington
5,50,Leicester,Islington
5,50,Chelsea,Islington
5,50,Brighton,Islington
5,50,United,Newcastle
5,50,Watford,Newcastle
5,50,City,Newcastle
5,50,Leicester,Newcastle
5,50,Chelsea,Newcastle
5,50,Brighton,Newcastle
5,50,Watford,United
5,50,City,United
5,50,Leicester,United
5,50,Chelsea,United
5,50,Brighton,United
5,50,City,Watford
5,50,Leicester,Watford
5,50,Chelsea,Watford
5,50,Brighton,Watford
5,50,Leicester,City
5,50,Chelsea,City
5,50,Brighton,City
5,50,Chelsea,Leicester
5,50,Brighton,Leicester
5,50,Brighton,Chelsea
5,53,Liverpool,Tottenham
5,53,Aston,Tottenham
5,53,Everton,Tottenham
5,53,Wolverhampton,Tottenham
5,53,Southampton,Tottenham
5,53,West Ham,Tottenham
5,53,Palace,Tottenham
5,53,Burnley,Tottenham
5,53,Brentford,Tottenham
5,53,Leeds,Tottenham
5,53,Norwich,Tottenham
5,53,Islington,Tottenham
5,53,Newcastle,Tottenham
5,53,United,Tottenham
5,53,Watford,Tottenham
5,53,City,Tottenham
5,53,Leicester,Tottenham
5,53,Chelsea,Tottenham
5,53,Brighton,Tottenham
5,53,Aston,Liverpool
5,53,Everton,Liverpool
5,53,Wolverhampton,Liverpool
5,53,Southampton,Liverpool
5,53,West Ham,Liverpool
5,53,Palace,Liverpool
5,53,Burnley,Liverpool
5,53,Brentford,Liverpool
5,53,Leeds,Liverpool
5,53,Norwich,Liverpool
5,53,Islington,Liverpool
5,53,Newcastle,Liverpool
5,53,United,Liverpool
5,53,Watford,Liverpool
5,53,City,Liverpool
5,53,Leicester,Liverpool
5,53,Chelsea,Liverpool
5,53,Brighton,Liverpool
5,53,Everton,Aston
5,53,Wolverhampton,Aston
5,53,Southampton,Aston
5,53,West Ham,Aston
5,53,Palace,Aston
5,53,Burnley,Aston
5,53,Brentford,Aston
5,53,Leeds,Aston
5,53,Norwich,Aston
5,53,Islington,Aston
5,53,Newcastle,Aston
5,53,United,Aston
5,53,Watford,Aston
5,53,City,Aston
5,53,Leicester,Aston
5,53,Chelsea,Aston
5,53,Brighton,Aston
5,53,Wolverhampton,Everton
5,53,Southampton,Everton
5,53,West Ham,Everton
5,53,Palace,Everton
5,53,Burnley,Everton
5,53,Brentford,Everton
5,53,Leeds,Everton
5,53,Norwich,Everton
5,53,Islington,Everton
5,53,Newcastle,Everton
5,53,United,Everton
5,53,Watford,Everton
5,53,City,Everton
5,53,Leicester,Everton
5,53,Chelsea,Everton
5,53,Brighton,Everton
5,53,Southampton,Wolverhampton
5,53,West Ham,Wolverhampton
5,53,Palace,Wolverhampton
5,53,Burnley,Wolverhampton
5,53,Brentford,Wolverhampton
5,53,Leeds,Wolverhampton
5,53,Norwich,Wolverhampton
5,53,Islington,Wolverhampton
5,53,Newcastle,Wolverhampton
5,53,United,Wolverhampton
5,53,Watford,Wolverhampton
5,53,City,Wolverhampton
5,53,Leicester,Wolverhampton
5,53,Chelsea,Wolverhampton
5,53,Brighton,Wolverhampton
5,53,West Ham,Southampton
5,53,Palace,Southampton
5,53,Burnley,Southampton
5,53,Brentford,Southampton
5,53,Leeds,Southampton
5,53,Norwich,Southampton
5,53,Islington,Southampton
5,53,Newcastle,Southampton
5,53,United,Southampton
5,53,Watford,Southampton
5,53,City,Southampton
5,53,Leicester,Southampton
5,53,Chelsea,Southampton
5,53,Brighton,Southampton
5,53,Palace,West Ham
5,53,Burnley,West Ham
5,53,Brentford,West Ham
5,53,Leeds,West Ham
5,53,Norwich,West Ham
5,53,Islington,West Ham
5,53,Newcastle,West Ham
5,53,United,West Ham
5,53,Watford,West Ham
5,53,City,West Ham
5,53,Leicester,West Ham
5,53,Chelsea,West Ham
5,53,Brighton,West Ham
5,53,Burnley,Palace
5,53,Brentford,Palace
5,53,Leeds,Palace
5,53,Norwich,Palace
5,53,Islington,Palace
5,53,Newcastle,Palace
5,53,United,Palace
5,53,Watford,Palace
5,53,City,Palace
5,53,Leicester,Palace
5,53,Chelsea,Palace
5,53,Brighton,Palace
5,53,Brentford,Burnley
5,53,Leeds,Burnley
5,53,Norwich,Burnley
5,53,Islington,Burnley
5,53,Newcastle,Burnley
5,53,United,Burnley
5,53,Watford,Burnley
5,53,City,Burnley
5,53,Leicester,Burnley
5,53,Chelsea,Burnley
5,53,Brighton,Burnley
5,53,Leeds,Brentford
5,53,Norwich,Brentford
5,53,Islington,Brentford
5,53,Newcastle,Brentford
5,53,United,Brentford
5,53,Watford,Brentford
5,53,City,Brentford
5,53,Leicester,Brentford
5,53,Chelsea,Brentford
5,53,Brighton,Brentford
5,53,Norwich,Leeds
5,53,Islington,Leeds
5,53,Newcastle,Leeds
5,53,United,Leeds
5,53,Watford,Leeds
5,53,City,Leeds
5,53,Leicester,Leeds
5,53,Chelsea,Leeds
5,53,Brighton,Leeds
5,53,Islington,Norwich
5,53,Newcastle,Norwich
5,53,United,Norwich
5,53,Watford,Norwich
5,53,City,Norwich
5,53,Leicester,Norwich
5,53,Chelsea,Norwich
5,53,Brighton,Norwich
5,53,Newcastle,Islington
5,53,United,Islington
5,53,Watford,Islington
5,53,City,Islington
5,53,Leicester,Islington
5,53,Chelsea,Islington
5,53,Brighton,Islington
5,53,United,Newcastle
5,53,Watford,Newcastle
5,53,City,Newcastle
5,53,Leicester,Newcastle
5,53,Chelsea,Newcastle
5,53,Brighton,Newcastle
5,53,Watford,United
5,53,City,United
5,53,Leicester,United
5,53,Chelsea,United
5,53,Brighton,United
5,53,City,Watford
5,53,Leicester,Watford
5,53,Chelsea,Watford
5,53,Brighton,Watford
5,53,Leicester,City
5,53,Chelsea,City
5,53,Brighton,City
5,53,Chelsea,Leicester
5,53,Brighton,Leicester
5,53,Brighton,Chelsea
5,56,Liverpool,Tottenham
5,56,Aston,Tottenham
5,56,Everton,Tottenham
5,56,Wolverhampton,Tottenham
5,56,Southampton,Tottenham
5,56,West Ham,Tottenham
5,56,Palace,Tottenham
5,56,Burnley,Tottenham
5,56,Brentford,Tottenham
5,56,Leeds,Tottenham
5,56,Norwich,Tottenham
5,56,Islington,Tottenham
5,56,Newcastle,Tottenham
5,56,United,Tottenham
5,56,Watford,Tottenham
5,56,City,Tottenham
5,56,Leicester,Tottenham
5,56,Chelsea,Tottenham
5,56,Brighton,Tottenham
5,56,Aston,Liverpool
5,56,Everton,Liverpool
5,56,Wolverhampton,Liverpool
5,56,Southampton,Liverpool
5,56,West Ham,Liverpool
5,56,Palace,Liverpool
5,56,Burnley,Liverpool
5,56,Brentford,Liverpool
5,56,Leeds,Liverpool
5,56,Norwich,Liverpool
5,56,Islington,Liverpool
5,56,Newcastle,Liverpool
5,56,United,Liverpool
5,56,Watford,Liverpool
5,56,City,Liverpool
5,56,Leicester,Liverpool
5,56,Chelsea,Liverpool
5,56,Brighton,Liverpool
5,56,Everton,Aston
5,56,Wolverhampton,Aston
5,56,Southampton,Aston
5,56,West Ham,Aston
5,56,Palace,Aston
5,56,Burnley,Aston
5,56,Brentford,Aston
5,56,Leeds,Aston
5,56,Norwich,Aston
5,56,Islington,Aston
5,56,Newcastle,Aston
5,56,United,Aston
5,56,Watford,Aston
5,56,City,Aston
5,56,Leicester,Aston
5,56,Chelsea,Aston
5,56,Brighton,Aston
5,56,Wolverhampton,Everton
5,56,Southampton,Everton
5,56,West Ham,Everton
5,56,Palace,Everton
5,56,Burnley,Everton
5,56,Brentford,Everton
5,56,Leeds,Everton
5,56,Norwich,Everton
5,56,Islington,Everton
5,56,Newcastle,Everton
5,56,United,Everton
5,56,Watford,Everton
5,56,City,Everton
5,56,Leicester,Everton
5,56,Chelsea,Everton
5,56,Brighton,Everton
5,56,Southampton,Wolverhampton
5,56,West Ham,Wolverhampton
5,56,Palace,Wolverhampton
5,56,Burnley,Wolverhampton
5,56,Brentford,Wolverhampton
5,56,Leeds,Wolverhampton
5,56,Norwich,Wolverhampton
5,56,Islington,Wolverhampton
5,56,Newcastle,Wolverhampton
5,56,United,Wolverhampton
5,56,Watford,Wolverhampton
5,56,City,Wolverhampton
5,56,Leicester,Wolverhampton
5,56,Chelsea,Wolverhampton
5,56,Brighton,Wolverhampton
5,56,West Ham,Southampton
5,56,Palace,Southampton
5,56,Burnley,Southampton
5,56,Brentford,Southampton
5,56,Leeds,Southampton
5,56,Norwich,Southampton
5,56,Islington,Southampton
5,56,Newcastle,Southampton
5,56,United,Southampton
5,56,Watford,Southampton
5,56,City,Southampton
5,56,Leicester,Southampton
5,56,Chelsea,Southampton
5,56,Brighton,Southampton
5,56,Palace,West Ham
5,56,Burnley,West Ham
5,56,Brentford,West Ham
5,56,Leeds,West Ham
5,56,Norwich,West Ham
5,56,Islington,West Ham
5,56,Newcastle,West Ham
5,56,United,West Ham
5,56,Watford,West Ham
5,56,City,West Ham
5,56,Leicester,West Ham
5,56,Chelsea,West Ham
5,56,Brighton,West Ham
5,56,Burnley,Palace
5,56,Brentford,Palace
5,56,Leeds,Palace
5,56,Norwich,Palace
5,56,Islington,Palace
5,56,Newcastle,Palace
5,56,United,Palace
5,56,Watford,Palace
5,56,City,Palace
5,56,Leicester,Palace
5,56,Chelsea,Palace
5,56,Brighton,Palace
5,56,Brentford,Burnley
5,56,Leeds,Burnley
5,56,Norwich,Burnley
5,56,Islington,Burnley
5,56,Newcastle,Burnley
5,56,United,Burnley
5,56,Watford,Burnley
5,56,City,Burnley
5,56,Leicester,Burnley
5,56,Chelsea,Burnley
5,56,Brighton,Burnley
5,56,Leeds,Brentford
5,56,Norwich,Brentford
5,56,Islington,Brentford
5,56,Newcastle,Brentford
5,56,United,Brentford
5,56,Watford,Brentford
5,56,City,Brentford
5,56,Leicester,Brentford
5,56,Chelsea,Brentford
5,56,Brighton,Brentford
5,56,Norwich,Leeds
5,56,Islington,Leeds
5,56,Newcastle,Leeds
5,56,United,Leeds
5,56,Watford,Leeds
5,56,City,Leeds
5,56,Leicester,Leeds
5,56,Chelsea,Leeds
5,56,Brighton,Leeds
5,56,Islington,Norwich
5,56,Newcastle,Norwich
5,56,United,Norwich
5,56,Watford,Norwich
5,56,City,Norwich
5,56,Leicester,Norwich
5,56,Chelsea,Norwich
5,56,Brighton,Norwich
5,56,Newcastle,Islington
5,56,United,Islington
5,56,Watford,Islington
5,56,City,Islington
5,56,Leicester,Islington
5,56,Chelsea,Islington
5,56,Brighton,Islington
5,56,United,Newcastle
5,56,Watford,Newcastle
5,56,City,Newcastle
5,56,Leicester,Newcastle
5,56,Chelsea,Newcastle
5,56,Brighton,Newcastle
5,56,Watford,United
5,56,City,United
5,56,Leicester,United
5,56,Chelsea,United
5,56,Brighton,United
5,56,City,Watford
5,56,Leicester,Watford
5,56,Chelsea,Watford
5,56,Brighton,Watford
5,56,Leicester,City
5,56,Chelsea,City
5,56,Brighton,City
5,56,Chelsea,Leicester
5,56,Brighton,Leicester
5,56,Brighton,Chelsea
5,59,Liverpool,Tottenham
5,59,Aston,Tottenham
5,59,Everton,Tottenham
5,59,Wolverhampton,Tottenham
5,59,Southampton,Tottenham
5,59,West Ham,Tottenham
5,59,Palace,Tottenham
5,59,Burnley,Tottenham
5,59,Brentford,Tottenham
5,59,Leeds,Tottenham
5,59,Norwich,Tottenham
5,59,Islington,Tottenham
5,59,Newcastle,Tottenham
5,59,United,Tottenham
5,59,Watford,Tottenham
5,59,City,Tottenham
5,59,Leicester,Tottenham
5,59,Chelsea,Tottenham
5,59,Brighton,Tottenham
5,59,Aston,Liverpool
5,59,Everton,Liverpool
5,59,Wolverhampton,Liverpool
5,59,Southampton,Liverpool
5,59,West Ham,Liverpool
5,59,Palace,Liverpool
5,59,Burnley,Liverpool
5,59,Brentford,Liverpool
5,59,Leeds,Liverpool
5,59,Norwich,Liverpool
5,59,Islington,Liverpool
5,59,Newcastle,Liverpool
5,59,United,Liverpool
5,59,Watford,Liverpool
5,59,City,Liverpool
5,59,Leicester,Liverpool
5,59,Chelsea,Liverpool
5,59,Brighton,Liverpool
5,59,Everton,Aston
5,59,Wolverhampton,Aston
5,59,Southampton,Aston
5,59,West Ham,Aston
5,59,Palace,Aston
5,59,Burnley,Aston
5,59,Brentford,Aston
5,59,Leeds,Aston
5,59,Norwich,Aston
5,59,Islington,Aston
5,59,Newcastle,Aston
5,59,United,Aston
5,59,Watford,Aston
5,59,City,Aston
5,59,Leicester,Aston
5,59,Chelsea,Aston
5,59,Brighton,Aston
5,59,Wolverhampton,Everton
5,59,Southampton,Everton
5,59,West Ham,Everton
5,59,Palace,Everton
5,59,Burnley,Everton
5,59,Brentford,Everton
5,59,Leeds,Everton
5,59,Norwich,Everton
5,59,Islington,Everton
5,59,Newcastle,Everton
5,59,United,Everton
5,59,Watford,Everton
5,59,City,Everton
5,59,Leicester,Everton
5,59,Chelsea,Everton
5,59,Brighton,Everton
5,59,Southampton,Wolverhampton
5,59,West Ham,Wolverhampton
5,59,Palace,Wolverhampton
5,59,Burnley,Wolverhampton
5,59,Brentford,Wolverhampton
5,59,Leeds,Wolverhampton
5,59,Norwich,Wolverhampton
5,59,Islington,Wolverhampton
5,59,Newcastle,Wolverhampton
5,59,United,Wolverhampton
5,59,Watford,Wolverhampton
5,59,City,Wolverhampton
5,59,Leicester,Wolverhampton
5,59,Chelsea,Wolverhampton
5,59,Brighton,Wolverhampton
5,59,West Ham,Southampton
5,59,Palace,Southampton
5,59,Burnley,Southampton
5,59,Brentford,Southampton
5,59,Leeds,Southampton
5,59,Norwich,Southampton
5,59,Islington,Southampton
5,59,Newcastle,Southampton
5,59,United,Southampton
5,59,Watford,Southampton
5,59,City,Southampton
5,59,Leicester,Southampton
5,59,Chelsea,Southampton
5,59,Brighton,Southampton
5,59,Palace,West Ham
5,59,Burnley,West Ham
5,59,Brentford,West Ham
5,59,Leeds,West Ham
5,59,Norwich,West Ham
5,59,Islington,West Ham
5,59,Newcastle,West Ham
5,59,United,West Ham
5,59,Watford,West Ham
5,59,City,West Ham
5,59,Leicester,West Ham
5,59,Chelsea,West Ham
5,59,Brighton,West Ham
5,59,Burnley,Palace
5,59,Brentford,Palace
5,59,Leeds,Palace
5,59,Norwich,Palace
5,59,Islington,Palace
5,59,Newcastle,Palace
5,59,United,Palace
5,59,Watford,Palace
5,59,City,Palace
5,59,Leicester,Palace
5,59,Chelsea,Palace
5,59,Brighton,Palace
5,59,Brentford,Burnley
5,59,Leeds,Burnley
5,59,Norwich,Burnley
5,59,Islington,Burnley
5,59,Newcastle,Burnley
5,59,United,Burnley
5,59,Watford,Burnley
5,59,City,Burnley
5,59,Leicester,Burnley
5,59,Chelsea,Burnley
5,59,Brighton,Burnley
5,59,Leeds,Brentford
5,59,Norwich,Brentford
5,59,Islington,Brentford
5,59,Newcastle,Brentford
5,59,United,Brentford
5,59,Watford,Brentford
5,59,City,Brentford
5,59,Leicester,Brentford
5,59,Chelsea,Brentford
5,59,Brighton,Brentford
5,59,Norwich,Leeds
5,59,Islington,Leeds
5,59,Newcastle,Leeds
5,59,United,Leeds
5,59,Watford,Leeds
5,59,City,Leeds
5,59,Leicester,Leeds
5,59,Chelsea,Leeds
5,59,Brighton,Leeds
5,59,Islington,Norwich
5,59,Newcastle,Norwich
5,59,United,Norwich
5,59,Watford,Norwich
5,59,City,Norwich
5,59,Leicester,Norwich
5,59,Chelsea,Norwich
5,59,Brighton,Norwich
5,59,Newcastle,Islington
5,59,United,Islington
5,59,Watford,Islington
5,59,City,Islington
5,59,Leicester,Islington
5,59,Chelsea,Islington
5,59,Brighton,Islington
5,59,United,Newcastle
5,59,Watford,Newcastle
5,59,City,Newcastle
5,59,Leicester,Newcastle
5,59,Chelsea,Newcastle
5,59,Brighton,Newcastle
5,59,Watford,United
5,59,City,United
5,59,Leicester,United
5,59,Chelsea,United
5,59,Brighton,United
5,59,City,Watford
5,59,Leicester,Watford
5,59,Chelsea,Watford
5,59,Brighton,Watford
5,59,Leicester,City
5,59,Chelsea,City
5,59,Brighton,City
5,59,Chelsea,Leicester
5,59,Brighton,Leicester
5,59,Brighton,Chelsea
6,2,Liverpool,Tottenham
6,2,Aston,Tottenham
6,2,Everton,Tottenham
6,2,Wolverhampton,Tottenham
6,2,Southampton,Tottenham
6,2,West Ham,Tottenham
6,2,Palace,Tottenham
6,2,Burnley,Tottenham
6,2,Brentford,Tottenham
6,2,Leeds,Tottenham
6,2,Norwich,Tottenham
6,2,Islington,Tottenham
6,2,Newcastle,Tottenham
6,2,United,Tottenham
6,2,Watford,Tottenham
6,2,City,Tottenham
6,2,Leicester,Tottenham
6,2,Chelsea,Tottenham
6,2,Brighton,Tottenham
6,2,Aston,Liverpool
6,2,Everton,Liverpool
6,2,Wolverhampton,Liverpool
6,2,Southampton,Liverpool
6,2,West Ham,Liverpool
6,2,Palace,Liverpool
6,2,Burnley,Liverpool
6,2,Brentford,Liverpool
6,2,Leeds,Liverpool
6,2,Norwich,Liverpool
6,2,Islington,Liverpool
6,2,Newcastle,Liverpool
6,2,United,Liverpool
6,2,Watford,Liverpool
6,2,City,Liverpool
6,2,Leicester,Liverpool
6,2,Chelsea,Liverpool
6,2,Brighton,Liverpool
6,2,Everton,Aston
6,2,Wolverhampton,Aston
6,2,Southampton,Aston
6,2,West Ham,Aston
6,2,Palace,Aston
6,2,Burnley,Aston
6,2,Brentford,Aston
6,2,Leeds,Aston
6,2,Norwich,Aston
6,2,Islington,Aston
6,2,Newcastle,Aston
6,2,United,Aston
6,2,Watford,Aston
6,2,City,Aston
6,2,Leicester,Aston
6,2,Chelsea,Aston
6,2,Brighton,Aston
6,2,Wolverhampton,Everton
6,2,Southampton,Everton
6,2,West Ham,Everton
6,2,Palace,Everton
6,2,Burnley,Everton
6,2,Brentford,Everton
6,2,Leeds,Everton
6,2,Norwich,Everton
6,2,Islington,Everton
6,2,Newcastle,Everton
6,2,United,Everton
6,2,Watford,Everton
6,2,City,Everton
6,2,Leicester,Everton
6,2,Chelsea,Everton
6,2,Brighton,Everton
6,2,Southampton,Wolverhampton
6,2,West Ham,Wolverhampton
6,2,Palace,Wolverhampton
6,2,Burnley,Wolverhampton
6,2,Brentford,Wolverhampton
6,2,Leeds,Wolverhampton
6,2,Norwich,Wolverhampton
6,2,Islington,Wolverhampton
6,2,Newcastle,Wolverhampton
6,2,United,Wolverhampton
6,2,Watford,Wolverhampton
6,2,City,Wolverhampton
6,2,Leicester,Wolverhampton
6,2,Chelsea,Wolverhampton
6,2,Brighton,Wolverhampton
6,2,West Ham,Southampton
6,2,Palace,Southampton
6,2,Burnley,Southampton
6,2,Brentford,Southampton
6,2,Leeds,Southampton
6,2,Norwich,Southampton
6,2,Islington,Southampton
6,2,Newcastle,Southampton
6,2,United,Southampton
6,2,Watford,Southampton
6,2,City,Southampton
6,2,Leicester,Southampton
6,2,Chelsea,Southampton
6,2,Brighton,Southampton
6,2,Palace,West Ham
6,2,Burnley,West Ham
6,2,Brentford,West Ham
6,2,Leeds,West Ham
6,2,Norwich,West Ham
6,2,Islington,West Ham
6,2,Newcastle,West Ham
6,2,United,West Ham
6,2,Watford,West Ham
6,2,City,West Ham
6,2,Leicester,West Ham
6,2,Chelsea,West Ham
6,2,Brighton,West Ham
6,2,Burnley,Palace
6,2,Brentford,Palace
6,2,Leeds,Palace
6,2,Norwich,Palace
6,2,Islington,Palace
6,2,Newcastle,Palace
6,2,United,Palace
6,2,Watford,Palace
6,2,City,Palace
6,2,Leicester,Palace
6,2,Chelsea,Palace
6,2,Brighton,Palace
6,2,Brentford,Burnley
6,2,Leeds,Burnley
6,2,Norwich,Burnley
6,2,Islington,Burnley
6,2,Newcastle,Burnley
6,2,United,Burnley
6,2,Watford,Burnley
6,2,City,Burnley
6,2,Leicester,Burnley
6,2,Chelsea,Burnley
6,2,Brighton,Burnley
6,2,Leeds,Brentford
6,2,Norwich,Brentford
6,2,Islington,Brentford
6,2,Newcastle,Brentford
6,2,United,Brentford
6,2,Watford,Brentford
6,2,City,Brentford
6,2,Leicester,Brentford
6,2,Chelsea,Brentford
6,2,Brighton,Brentford
6,2,Norwich,Leeds
6,2,Islington,Leeds
6,2,Newcastle,Leeds
6,2,United,Leeds
6,2,Watford,Leeds
6,2,City,Leeds
6,2,Leicester,Leeds
6,2,Chelsea,Leeds
6,2,Brighton,Leeds
6,2,Islington,Norwich
6,2,Newcastle,Norwich
6,2,United,Norwich
6,2,Watford,Norwich
6,2,City,Norwich
6,2,Leicester,Norwich
6,2,Chelsea,Norwich
6,2,Brighton,Norwich
6,2,Newcastle,Islington
6,2,United,Islington
6,2,Watford,Islington
6,2,City,Islington
6,2,Leicester,Islington
6,2,Chelsea,Islington
6,2,Brighton,Islington
6,2,United,Newcastle
6,2,Watford,Newcastle
6,2,City,Newcastle
6,2,Leicester,Newcastle
6,2,Chelsea,Newcastle
6,2,Brighton,Newcastle
6,2,Watford,United
6,2,City,United
6,2,Leicester,United
6,2,Chelsea,United
6,2,Brighton,United
6,2,City,Watford
6,2,Leicester,Watford
6,2,Chelsea,Watford
6,2,Brighton,Watford
6,2,Leicester,City
6,2,Chelsea,City
6,2,Brighton,City
6,2,Chelsea,Leicester
6,2,Brighton,Leicester
6,2,Brighton,Chelsea
6,5,Liverpool,Tottenham
6,5,Aston,Tottenham
6,5,Everton,Tottenham
6,5,Wolverhampton,Tottenham
6,5,Southampton,Tottenham
6,5,West Ham,Tottenham
6,5,Palace,Tottenham
6,5,Burnley,Tottenham
6,5,Brentford,Tottenham
6,5,Leeds,Tottenham
6,5,Norwich,Tottenham
6,5,Islington,Tottenham
6,5,Newcastle,Tottenham
6,5,United,Tottenham
6,5,Watford,Tottenham
6,5,City,Tottenham
6,5,Leicester,Tottenham
6,5,Chelsea,Tottenham
6,5,Brighton,Tottenham
6,5,Aston,Liverpool
6,5,Everton,Liverpool
6,5,Wolverhampton,Liverpool
6,5,Southampton,Liverpool
6,5,West Ham,Liverpool
6,5,Palace,Liverpool
6,5,Burnley,Liverpool
6,5,Brentford,Liverpool
6,5,Leeds,Liverpool
6,5,Norwich,Liverpool
6,5,Islington,Liverpool
6,5,Newcastle,Liverpool
6,5,United,Liverpool
6,5,Watford,Liverpool
6,5,City,Liverpool
6,5,Leicester,Liverpool
6,5,Chelsea,Liverpool
6,5,Brighton,Liverpool
6,5,Everton,Aston
6,5,Wolverhampton,Aston
6,5,Southampton,Aston
6,5,West Ham,Aston
6,5,Palace,Aston
6,5,Burnley,Aston
6,5,Brentford,Aston
6,5,Leeds,Aston
6,5,Norwich,Aston
6,5,Islington,Aston
6,5,Newcastle,Aston
6,5,United,Aston
6,5,Watford,Aston
6,5,City,Aston
6,5,Leicester,Aston
6,5,Chelsea,Aston
6,5,Brighton,Aston
6,5,Wolverhampton,Everton
6,5,Southampton,Everton
6,5,West Ham,Everton
6,5,Palace,Everton
6,5,Burnley,Everton
6,5,Brentford,Everton
6,5,Leeds,Everton
6,5,Norwich,Everton
6,5,Islington,Everton
6,5,Newcastle,Everton
6,5,United,Everton
6,5,Watford,Everton
6,5,City,Everton
6,5,Leicester,Everton
6,5,Chelsea,Everton
6,5,Brighton,Everton
6,5,Southampton,Wolverhampton
6,5,West Ham,Wolverhampton
6,5,Palace,Wolverhampton
6,5,Burnley,Wolverhampton
6,5,Brentford,Wolverhampton
6,5,Leeds,Wolverhampton
6,5,Norwich,Wolverhampton
6,5,Islington,Wolverhampton
6,5,Newcastle,Wolverhampton
6,5,United,Wolverhampton
6,5,Watford,Wolverhampton
6,5,City,Wolverhampton
6,5,Leicester,Wolverhampton
6,5,Chelsea,Wolverhampton
6,5,Brighton,Wolverhampton
6,5,West Ham,Southampton
6,5,Palace,Southampton
6,5,Burnley,Southampton
6,5,Brentford,Southampton
6,5,Leeds,Southampton
6,5,Norwich,Southampton
6,5,Islington,Southampton
6,5,Newcastle,Southampton
6,5,United,Southampton
6,5,Watford,Southampton
6,5,City,Southampton
6,5,Leicester,Southampton
6,5,Chelsea,Southampton
6,5,Brighton,Southampton
6,5,Palace,West Ham
6,5,Burnley,West Ham
6,5,Brentford,West Ham
6,5,Leeds,West Ham
6,5,Norwich,West Ham
6,5,Islington,West Ham
6,5,Newcastle,West Ham
6,5,United,West Ham
6,5,Watford,West Ham
6,5,City,West Ham
6,5,Leicester,West Ham
6,5,Chelsea,West Ham
6,5,Brighton,West Ham
6,5,Burnley,Palace
6,5,Brentford,Palace
6,5,Leeds,Palace
6,5,Norwich,Palace
6,5,Islington,Palace
6,5,Newcastle,Palace
6,5,United,Palace
6,5,Watford,Palace
6,5,City,Palace
6,5,Leicester,Palace
6,5,Chelsea,Palace
6,5,Brighton,Palace
6,5,Brentford,Burnley
6,5,Leeds,Burnley
6,5,Norwich,Burnley
6,5,Islington,Burnley
6,5,Newcastle,Burnley
6,5,United,Burnley
6,5,Watford,Burnley
6,5,City,Burnley
6,5,Leicester,Burnley
6,5,Chelsea,Burnley
6,5,Brighton,Burnley
6,5,Leeds,Brentford
6,5,Norwich,Brentford
6,5,Islington,Brentford
6,5,Newcastle,Brentford
6,5,United,Brentford
6,5,Watford,Brentford
6,5,City,Brentford
6,5,Leicester,Brentford
6,5,Chelsea,Brentford
6,5,Brighton,Brentford
6,5,Norwich,Leeds
6,5,Islington,Leeds
6,5,Newcastle,Leeds
6,5,United,Leeds
6,5,Watford,Leeds
6,5,City,Leeds
6,5,Leicester,Leeds
6,5,Chelsea,Leeds
6,5,Brighton,Leeds
6,5,Islington,Norwich
6,5,Newcastle,Norwich
6,5,United,Norwich
6,5,Watford,Norwich
6,5,City,Norwich
6,5,Leicester,Norwich
6,5,Chelsea,Norwich
6,5,Brighton,Norwich
6,5,Newcastle,Islington
6,5,United,Islington
6,5,Watford,Islington
6,5,City,Islington
6,5,Leicester,Islington
6,5,Chelsea,Islington
6,5,Brighton,Islington
6,5,United,Newcastle
6,5,Watford,Newcastle
6,5,City,Newcastle
6,5,Leicester,Newcastle
6,5,Chelsea,Newcastle
6,5,Brighton,Newcastle
6,5,Watford,United
6,5,City,United
6,5,Leicester,United
6,5,Chelsea,United
6,5,Brighton,United
6,5,City,Watford
6,5,Leicester,Watford
6,5,Chelsea,Watford
6,5,Brighton,Watford
6,5,Leicester,City
6,5,Chelsea,City
6,5,Brighton,City
6,5,Chelsea,Leicester
6,5,Brighton,Leicester
6,5,Brighton,Chelsea
6,8,Liverpool,Tottenham
6,8,Aston,Tottenham
6,8,Everton,Tottenham
6,8,Wolverhampton,Tottenham
6,8,Southampton,Tottenham
6,8,West Ham,Tottenham
6,8,Palace,Tottenham
6,8,Burnley,Tottenham
6,8,Brentford,Tottenham
6,8,Leeds,Tottenham
6,8,Norwich,Tottenham
6,8,Islington,Tottenham
6,8,Newcastle,Tottenham
6,8,United,Tottenham
6,8,Watford,Tottenham
6,8,City,Tottenham
6,8,Leicester,Tottenham
6,8,Chelsea,Tottenham
6,8,Brighton,Tottenham
6,8,Aston,Liverpool
6,8,Everton,Liverpool
6,8,Wolverhampton,Liverpool
6,8,Southampton,Liverpool
6,8,West Ham,Liverpool
6,8,Palace,Liverpool
6,8,Burnley,Liverpool
6,8,Brentford,Liverpool
6,8,Leeds,Liverpool
6,8,Norwich,Liverpool
6,8,Islington,Liverpool
6,8,Newcastle,Liverpool
6,8,United,Liverpool
6,8,Watford,Liverpool
6,8,City,Liverpool
6,8,Leicester,Liverpool
6,8,Chelsea,Liverpool
6,8,Brighton,Liverpool
6,8,Everton,Aston
6,8,Wolverhampton,Aston
6,8,Southampton,Aston
6,8,West Ham,Aston
6,8,Palace,Aston
6,8,Burnley,Aston
6,8,Brentford,Aston
6,8,Leeds,Aston
6,8,Norwich,Aston
6,8,Islington,Aston
6,8,Newcastle,Aston
6,8,United,Aston
6,8,Watford,Aston
6,8,City,Aston
6,8,Leicester,Aston
6,8,Chelsea,Aston
6,8,Brighton,Aston
6,8,Wolverhampton,Everton
6,8,Southampton,Everton
6,8,West Ham,Everton
6,8,Palace,Everton
6,8,Burnley,Everton
6,8,Brentford,Everton
6,8,Leeds,Everton
6,8,Norwich,Everton
6,8,Islington,Everton
6,8,Newcastle,Everton
6,8,United,Everton
6,8,Watford,Everton
6,8,City,Everton
6,8,Leicester,Everton
6,8,Chelsea,Everton
6,8,Brighton,Everton
6,8,Southampton,Wolverhampton
6,8,West Ham,Wolverhampton
6,8,Palace,Wolverhampton
6,8,Burnley,Wolverhampton
6,8,Brentford,Wolverhampton
6,8,Leeds,Wolverhampton
6,8,Norwich,Wolverhampton
6,8,Islington,Wolverhampton
6,8,Newcastle,Wolverhampton
6,8,United,Wolverhampton
6,8,Watford,Wolverhampton
6,8,City,Wolverhampton
6,8,Leicester,Wolverhampton
6,8,Chelsea,Wolverhampton
6,8,Brighton,Wolverhampton
6,8,West Ham,Southampton
6,8,Palace,Southampton
6,8,Burnley,Southampton
6,8,Brentford,Southampton
6,8,Leeds,Southampton
6,8,Norwich,Southampton
6,8,Islington,Southampton
6,8,Newcastle,Southampton
6,8,United,Southampton
6,8,Watford,Southampton
6,8,City,Southampton
6,8,Leicester,Southampton
6,8,Chelsea,Southampton
6,8,Brighton,Southampton
6,8,Palace,West Ham
6,8,Burnley,West Ham
6,8,Brentford,West Ham
6,8,Leeds,West Ham
6,8,Norwich,West Ham
6,8,Islington,West Ham
6,8,Newcastle,West Ham
6,8,United,West Ham
6,8,Watford,West Ham
6,8,City,West Ham
6,8,Leicester,West Ham
6,8,Chelsea,West Ham
6,8,Brighton,West Ham
6,8,Burnley,Palace
6,8,Brentford,Palace
6,8,Leeds,Palace
6,8,Norwich,Palace
6,8,Islington,Palace
6,8,Newcastle,Palace
6,8,United,Palace
6,8,Watford,Palace
6,8,City,Palace
6,8,Leicester,Palace
6,8,Chelsea,Palace
6,8,Brighton,Palace
6,8,Brentford,Burnley
6,8,Leeds,Burnley
6,8,Norwich,Burnley
6,8,Islington,Burnley
6,8,Newcastle,Burnley
6,8,United,Burnley
6,8,Watford,Burnley
6,8,City,Burnley
6,8,Leicester,Burnley
6,8,Chelsea,Burnley
6,8,Brighton,Burnley
6,8,Leeds,Brentford
6,8,Norwich,Brentford
6,8,Islington,Brentford
6,8,Newcastle,Brentford
6,8,United,Brentford
6,8,Watford,Brentford
6,8,City,Brentford
6,8,Leicester,Brentford
6,8,Chelsea,Brentford
6,8,Brighton,Brentford
6,8,Norwich,Leeds
6,8,Islington,Leeds
6,8,Newcastle,Leeds
6,8,United,Leeds
6,8,Watford,Leeds
6,8,City,Leeds
6,8,Leicester,Leeds
6,8,Chelsea,Leeds
6,8,Brighton,Leeds
6,8,Islington,Norwich
6,8,Newcastle,Norwich
6,8,United,Norwich
6,8,Watford,Norwich
6,8,City,Norwich
6,8,Leicester,Norwich
6,8,Chelsea,Norwich
6,8,Brighton,Norwich
6,8,Newcastle,Islington
6,8,United,Islington
6,8,Watford,Islington
6,8,City,Islington
6,8,Leicester,Islington
6,8,Chelsea,Islington
6,8,Brighton,Islington
6,8,United,Newcastle
6,8,Watford,Newcastle
6,8,City,Newcastle
6,8,Leicester,Newcastle
6,8,Chelsea,Newcastle
6,8,Brighton,Newcastle
6,8,Watford,United
6,8,City,United
6,8,Leicester,United
6,8,Chelsea,United
6,8,Brighton,United
6,8,City,Watford
6,8,Leicester,Watford
6,8,Chelsea,Watford
6,8,Brighton,Watford
6,8,Leicester,City
6,8,Chelsea,City
6,8,Brighton,City
6,8,Chelsea,Leicester
6,8,Brighton,Leicester
6,8,Brighton,Chelsea
6,11,Liverpool,Tottenham
6,11,Aston,Tottenham
6,11,Everton,Tottenham
6,11,Wolverhampton,Tottenham
6,11,Southampton,Tottenham
6,11,West Ham,Tottenham
6,11,Palace,Tottenham
6,11,Burnley,Tottenham
6,11,Brentford,Tottenham
6,11,Leeds,Tottenham
6,11,Norwich,Tottenham
6,11,Islington,Tottenham
6,11,Newcastle,Tottenham
6,11,United,Tottenham
6,11,Watford,Tottenham
6,11,City,Tottenham
6,11,Leicester,Tottenham
6,11,Chelsea,Tottenham
6,11,Brighton,Tottenham
6,11,Aston,Liverpool
6,11,Everton,Liverpool
6,11,Wolverhampton,Liverpool
6,11,Southampton,Liverpool
6,11,West Ham,Liverpool
6,11,Palace,Liverpool
6,11,Burnley,Liverpool
6,11,Brentford,Liverpool
6,11,Leeds,Liverpool
6,11,Norwich,Liverpool
6,11,Islington,Liverpool
6,11,Newcastle,Liverpool
6,11,United,Liverpool
6,11,Watford,Liverpool
6,11,City,Liverpool
6,11,Leicester,Liverpool
6,11,Chelsea,Liverpool
6,11,Brighton,Liverpool
6,11,Everton,Aston
6,11,Wolverhampton,Aston
6,11,Southampton,Aston
6,11,West Ham,Aston
6,11,Palace,Aston
6,11,Burnley,Aston
6,11,Brentford,Aston
6,11,Leeds,Aston
6,11,Norwich,Aston
6,11,Islington,Aston
6,11,Newcastle,Aston
6,11,United,Aston
6,11,Watford,Aston
6,11,City,Aston
6,11,Leicester,Aston
6,11,Chelsea,Aston
6,11,Brighton,Aston
6,11,Wolverhampton,Everton
6,11,Southampton,Everton
6,11,West Ham,Everton
6,11,Palace,Everton
6,11,Burnley,Everton
6,11,Brentford,Everton
6,11,Leeds,Everton
6,11,Norwich,Everton
6,11,Islington,Everton
6,11,Newcastle,Everton
6,11,United,Everton
6,11,Watford,Everton
6,11,City,Everton
6,11,Leicester,Everton
6,11,Chelsea,Everton
6,11,Brighton,Everton
6,11,Southampton,Wolverhampton
6,11,West Ham,Wolverhampton
6,11,Palace,Wolverhampton
6,11,Burnley,Wolverhampton
6,11,Brentford,Wolverhampton
6,11,Leeds,Wolverhampton
6,11,Norwich,Wolverhampton
6,11,Islington,Wolverhampton
6,11,Newcastle,Wolverhampton
6,11,United,Wolverhampton
6,11,Watford,Wolverhampton
6,11,City,Wolverhampton
6,11,Leicester,Wolverhampton
6,11,Chelsea,Wolverhampton
6,11,Brighton,Wolverhampton
6,11,West Ham,Southampton
6,11,Palace,Southampton
6,11,Burnley,Southampton
6,11,Brentford,Southampton
6,11,Leeds,Southampton
6,11,Norwich,Southampton
6,11,Islington,Southampton
6,11,Newcastle,Southampton
6,11,United,Southampton
6,11,Watford,Southampton
6,11,City,Southampton
6,11,Leicester,Southampton
6,11,Chelsea,Southampton
6,11,Brighton,Southampton
6,11,Palace,West Ham
6,11,Burnley,West Ham
6,11,Brentford,West Ham
6,11,Leeds,West Ham
6,11,Norwich,West Ham
6,11,Islington,West Ham
6,11,Newcastle,West Ham
6,11,United,West Ham
6,11,Watford,West Ham
6,11,City,West Ham
6,11,Leicester,West Ham
6,11,Chelsea,West Ham
6,11,Brighton,West Ham
6,11,Burnley,Palace
6,11,Brentford,Palace
6,11,Leeds,Palace
6,11,Norwich,Palace
6,11,Islington,Palace
6,11,Newcastle,Palace
6,11,United,Palace
6,11,Watford,Palace
6,11,City,Palace
6,11,Leicester,Palace
6,11,Chelsea,Palace
6,11,Brighton,Palace
6,11,Brentford,Burnley
6,11,Leeds,Burnley
6,11,Norwich,Burnley
6,11,Islington,Burnley
6,11,Newcastle,Burnley
6,11,United,Burnley
6,11,Watford,Burnley
6,11,City,Burnley
6,11,Leicester,Burnley
6,11,Chelsea,Burnley
6,11,Brighton,Burnley
6,11,Leeds,Brentford
6,11,Norwich,Brentford
6,11,Islington,Brentford
6,11,Newcastle,Brentford
6,11,United,Brentford
6,11,Watford,Brentford
6,11,City,Brentford
6,11,Leicester,Brentford
6,11,Chelsea,Brentford
6,11,Brighton,Brentford
6,11,Norwich,Leeds
6,11,Islington,Leeds
6,11,Newcastle,Leeds
6,11,United,Leeds
6,11,Watford,Leeds
6,11,City,Leeds
6,11,Leicester,Leeds
6,11,Chelsea,Leeds
6,11,Brighton,Leeds
6,11,Islington,Norwich
6,11,Newcastle,Norwich
6,11,United,Norwich
6,11,Watford,Norwich
6,11,City,Norwich
6,11,Leicester,Norwich
6,11,Chelsea,Norwich
6,11,Brighton,Norwich
6,11,Newcastle,Islington
6,11,United,Islington
6,11,Watford,Islington
6,11,City,Islington
6,11,Leicester,Islington
6,11,Chelsea,Islington
6,11,Brighton,Islington
6,11,United,Newcastle
6,11,Watford,Newcastle
6,11,City,Newcastle
6,11,Leicester,Newcastle
6,11,Chelsea,Newcastle
6,11,Brighton,Newcastle
6,11,Watford,United
6,11,City,United
6,11,Leicester,United
6,11,Chelsea,United
6,11,Brighton,United
6,11,City,Watford
6,11,Leicester,Watford
6,11,Chelsea,Watford
6,11,Brighton,Watford
6,11,Leicester,City
6,11,Chelsea,City
6,11,Brighton,City
6,11,Chelsea,Leicester
6,11,Brighton,Leicester
6,11,Brighton,Chelsea
6,14,Liverpool,Tottenham
6,14,Aston,Tottenham
6,14,Everton,Tottenham
6,14,Wolverhampton,Tottenham
6,14,Southampton,Tottenham
6,14,West Ham,Tottenham
6,14,Palace,Tottenham
6,14,Burnley,Tottenham
6,14,Brentford,Tottenham
6,14,Leeds,Tottenham
6,14,Norwich,Tottenham
6,14,Islington,Tottenham
6,14,Newcastle,Tottenham
6,14,United,Tottenham
6,14,Watford,Tottenham
6,14,City,Tottenham
6,14,Leicester,Tottenham
6,14,Chelsea,Tottenham
6,14,Brighton,Tottenham
6,14,Aston,Liverpool
6,14,Everton,Liverpool
6,14,Wolverhampton,Liverpool
6,14,Southampton,Liverpool
6,14,West Ham,Liverpool
6,14,Palace,Liverpool
6,14,Burnley,Liverpool
6,14,Brentford,Liverpool
6,14,Leeds,Liverpool
6,14,Norwich,Liverpool
6,14,Islington,Liverpool
6,14,Newcastle,Liverpool
6,14,United,Liverpool
6,14,Watford,Liverpool
6,14,City,Liverpool
6,14,Leicester,Liverpool
6,14,Chelsea,Liverpool
6,14,Brighton,Liverpool
6,14,Everton,Aston
6,14,Wolverhampton,Aston
6,14,Southampton,Aston
6,14,West Ham,Aston
6,14,Palace,Aston
6,14,Burnley,Aston
6,14,Brentford,Aston
6,14,Leeds,Aston
6,14,Norwich,Aston
6,14,Islington,Aston
6,14,Newcastle,Aston
6,14,United,Aston
6,14,Watford,Aston
6,14,City,Aston
6,14,Leicester,Aston
6,14,Chelsea,Aston
6,14,Brighton,Aston
6,14,Wolverhampton,Everton
6,14,Southampton,Everton
6,14,West Ham,Everton
6,14,Palace,Everton
6,14,Burnley,Everton
6,14,Brentford,Everton
6,14,Leeds,Everton
6,14,Norwich,Everton
6,14,Islington,Everton
6,14,Newcastle,Everton
6,14,United,Everton
6,14,Watford,Everton
6,14,City,Everton
6,14,Leicester,Everton
6,14,Chelsea,Everton
6,14,Brighton,Everton
6,14,Southampton,Wolverhampton
6,14,West Ham,Wolverhampton
6,14,Palace,Wolverhampton
6,14,Burnley,Wolverhampton
6,14,Brentford,Wolverhampton
6,14,Leeds,Wolverhampton
6,14,Norwich,Wolverhampton
6,14,Islington,Wolverhampton
6,14,Newcastle,Wolverhampton
6,14,United,Wolverhampton
6,14,Watford,Wolverhampton
6,14,City,Wolverhampton
6,14,Leicester,Wolverhampton
6,14,Chelsea,Wolverhampton
6,14,Brighton,Wolverhampton
6,14,West Ham,Southampton
6,14,Palace,Southampton
6,14,Burnley,Southampton
6,14,Brentford,Southampton
6,14,Leeds,Southampton
6,14,Norwich,Southampton
6,14,Islington,Southampton
6,14,Newcastle,Southampton
6,14,United,Southampton
6,14,Watford,Southampton
6,14,City,Southampton
6,14,Leicester,Southampton
6,14,Chelsea,Southampton
6,14,Brighton,Southampton
6,14,Palace,West Ham
6,14,Burnley,West Ham
6,14,Brentford,West Ham
6,14,Leeds,West Ham
6,14,Norwich,West Ham
6,14,Islington,West Ham
6,14,Newcastle,West Ham
6,14,United,West Ham
6,14,Watford,West Ham
6,14,City,West Ham
6,14,Leicester,West Ham
6,14,Chelsea,West Ham
6,14,Brighton,West Ham
6,14,Burnley,Palace
6,14,Brentford,Palace
6,14,Leeds,Palace
6,14,Norwich,Palace
6,14,Islington,Palace
6,14,Newcastle,Palace
6,14,United,Palace
6,14,Watford,Palace
6,14,City,Palace
6,14,Leicester,Palace
6,14,Chelsea,Palace
6,14,Brighton,Palace
6,14,Brentford,Burnley
6,14,Leeds,Burnley
6,14,Norwich,Burnley
6,14,Islington,Burnley
6,14,Newcastle,Burnley
6,14,United,Burnley
6,14,Watford,Burnley
6,14,City,Burnley
6,14,Leicester,Burnley
6,14,Chelsea,Burnley
6,14,Brighton,Burnley
6,14,Leeds,Brentford
6,14,Norwich,Brentford
6,14,Islington,Brentford
6,14,Newcastle,Brentford
6,14,United,Brentford
6,14,Watford,Brentford
6,14,City,Brentford
6,14,Leicester,Brentford
6,14,Chelsea,Brentford
6,14,Brighton,Brentford
6,14,Norwich,Leeds
6,14,Islington,Leeds
6,14,Newcastle,Leeds
6,14,United,Leeds
6,14,Watford,Leeds
6,14,City,Leeds
6,14,Leicester,Leeds
6,14,Chelsea,Leeds
6,14,Brighton,Leeds
6,14,Islington,Norwich
6,14,Newcastle,Norwich
6,14,United,Norwich
6,14,Watford,Norwich
6,14,City,Norwich
6,14,Leicester,Norwich
6,14,Chelsea,Norwich
6,14,Brighton,Norwich
6,14,Newcastle,Islington
6,14,United,Islington
6,14,Watford,Islington
6,14,City,Islington
6,14,Leicester,Islington
6,14,Chelsea,Islington
6,14,Brighton,Islington
6,14,United,Newcastle
6,14,Watford,Newcastle
6,14,City,Newcastle
6,14,Leicester,Newcastle
6,14,Chelsea,Newcastle
6,14,Brighton,Newcastle
6,14,Watford,United
6,14,City,United
6,14,Leicester,United
6,14,Chelsea,United
6,14,Brighton,United
6,14,City,Watford
6,14,Leicester,Watford
6,14,Chelsea,Watford
6,14,Brighton,Watford
6,14,Leicester,City
6,14,Chelsea,City
6,14,Brighton,City
6,14,Chelsea,Leicester
6,14,Brighton,Leicester
6,14,Brighton,Chelsea
6,17,Liverpool,Tottenham
6,17,Aston,Tottenham
6,17,Everton,Tottenham
6,17,Wolverhampton,Tottenham
6,17,Southampton,Tottenham
6,17,West Ham,Tottenham
6,17,Palace,Tottenham
6,17,Burnley,Tottenham
6,17,Brentford,Tottenham
6,17,Leeds,Tottenham
6,17,Norwich,Tottenham
6,17,Islington,Tottenham
6,17,Newcastle,Tottenham
6,17,United,Tottenham
6,17,Watford,Tottenham
6,17,City,Tottenham
6,17,Leicester,Tottenham
6,17,Chelsea,Tottenham
6,17,Brighton,Tottenham
6,17,Aston,Liverpool
6,17,Everton,Liverpool
6,17,Wolverhampton,Liverpool
6,17,Southampton,Liverpool
6,17,West Ham,Liverpool
6,17,Palace,Liverpool
6,17,Burnley,Liverpool
6,17,Brentford,Liverpool
6,17,Leeds,Liverpool
6,17,Norwich,Liverpool
6,17,Islington,Liverpool
6,17,Newcastle,Liverpool
6,17,United,Liverpool
6,17,Watford,Liverpool
6,17,City,Liverpool
6,17,Leicester,Liverpool
6,17,Chelsea,Liverpool
6,17,Brighton,Liverpool
6,17,Everton,Aston
6,17,Wolverhampton,Aston
6,17,Southampton,Aston
6,17,West Ham,Aston
6,17,Palace,Aston
6,17,Burnley,Aston
6,17,Brentford,Aston
6,17,Leeds,Aston
6,17,Norwich,Aston
6,17,Islington,Aston
6,17,Newcastle,Aston
6,17,United,Aston
6,17,Watford,Aston
6,17,City,Aston
6,17,Leicester,Aston
6,17,Chelsea,Aston
6,17,Brighton,Aston
6,17,Wolverhampton,Everton
6,17,Southampton,Everton
6,17,West Ham,Everton
6,17,Palace,Everton
6,17,Burnley,Everton
6,17,Brentford,Everton
6,17,Leeds,Everton
6,17,Norwich,Everton
6,17,Islington,Everton
6,17,Newcastle,Everton
6,17,United,Everton
6,17,Watford,Everton
6,17,City,Everton
6,17,Leicester,Everton
6,17,Chelsea,Everton
6,17,Brighton,Everton
6,17,Southampton,Wolverhampton
6,17,West Ham,Wolverhampton
6,17,Palace,Wolverhampton
6,17,Burnley,Wolverhampton
6,17,Brentford,Wolverhampton
6,17,Leeds,Wolverhampton
6,17,Norwich,Wolverhampton
6,17,Islington,Wolverhampton
6,17,Newcastle,Wolverhampton
6,17,United,Wolverhampton
6,17,Watford,Wolverhampton
6,17,City,Wolverhampton
6,17,Leicester,Wolverhampton
6,17,Chelsea,Wolverhampton
6,17,Brighton,Wolverhampton
6,17,West Ham,Southampton
6,17,Palace,Southampton
6,17,Burnley,Southampton
6,17,Brentford,Southampton
6,17,Leeds,Southampton
6,17,Norwich,Southampton
6,17,Islington,Southampton
6,17,Newcastle,Southampton
6,17,United,Southampton
6,17,Watford,Southampton
6,17,City,Southampton
6,17,Leicester,Southampton
6,17,Chelsea,Southampton
6,17,Brighton,Southampton
6,17,Palace,West Ham
6,17,Burnley,West Ham
6,17,Brentford,West Ham
6,17,Leeds,West Ham
6,17,Norwich,West Ham
6,17,Islington,West Ham
6,17,Newcastle,West Ham
6,17,United,West Ham
6,17,Watford,West Ham
6,17,City,West Ham
6,17,Leicester,West Ham
6,17,Chelsea,West Ham
6,17,Brighton,West Ham
6,17,Burnley,Palace
6,17,Brentford,Palace
6,17,Leeds,Palace
6,17,Norwich,Palace
6,17,Islington,Palace
6,17,Newcastle,Palace
6,17,United,Palace
6,17,Watford,Palace
6,17,City,Palace
6,17,Leicester,Palace
6,17,Chelsea,Palace
6,17,Brighton,Palace
6,17,Brentford,Burnley
6,17,Leeds,Burnley
6,17,Norwich,Burnley
6,17,Islington,Burnley
6,17,Newcastle,Burnley
6,17,United,Burnley
6,17,Watford,Burnley
6,17,City,Burnley
6,17,Leicester,Burnley
6,17,Chelsea,Burnley
6,17,Brighton,Burnley
6,17,Leeds,Brentford
6,17,Norwich,Brentford
6,17,Islington,Brentford
6,17,Newcastle,Brentford
6,17,United,Brentford
6,17,Watford,Brentford
6,17,City,Brentford
6,17,Leicester,Brentford
6,17,Chelsea,Brentford
6,17,Brighton,Brentford
6,17,Norwich,Leeds
6,17,Islington,Leeds
6,17,Newcastle,Leeds
6,17,United,Leeds
6,17,Watford,Leeds
6,17,City,Leeds
6,17,Leicester,Leeds
6,17,Chelsea,Leeds
6,17,Brighton,Leeds
6,17,Islington,Norwich
6,17,Newcastle,Norwich
6,17,United,Norwich
6,17,Watford,Norwich
6,17,City,Norwich
6,17,Leicester,Norwich
6,17,Chelsea,Norwich
6,17,Brighton,Norwich
6,17,Newcastle,Islington
6,17,United,Islington
6,17,Watford,Islington
6,17,City,Islington
6,17,Leicester,Islington
6,17,Chelsea,Islington
6,17,Brighton,Islington
6,17,United,Newcastle
6,17,Watford,Newcastle
6,17,City,Newcastle
6,17,Leicester,Newcastle
6,17,Chelsea,Newcastle
6,17,Brighton,Newcastle
6,17,Watford,United
6,17,City,United
6,17,Leicester,United
6,17,Chelsea,United
6,17,Brighton,United
6,17,City,Watford
6,17,Leicester,Watford
6,17,Chelsea,Watford
6,17,Brighton,Watford
6,17,Leicester,City
6,17,Chelsea,City
6,17,Brighton,City
6,17,Chelsea,Leicester
6,17,Brighton,Leicester
6,17,Brighton,Chelsea
6,20,Liverpool,Tottenham
6,20,Aston,Tottenham
6,20,Everton,Tottenham
6,20,Wolverhampton,Tottenham
6,20,Southampton,Tottenham
6,20,West Ham,Tottenham
6,20,Palace,Tottenham
6,20,Burnley,Tottenham
6,20,Brentford,Tottenham
6,20,Leeds,Tottenham
6,20,Norwich,Tottenham
6,20,Islington,Tottenham
6,20,Newcastle,Tottenham
6,20,United,Tottenham
6,20,Watford,Tottenham
6,20,City,Tottenham
6,20,Leicester,Tottenham
6,20,Chelsea,Tottenham
6,20,Brighton,Tottenham
6,20,Aston,Liverpool
6,20,Everton,Liverpool
6,20,Wolverhampton,Liverpool
6,20,Southampton,Liverpool
6,20,West Ham,Liverpool
6,20,Palace,Liverpool
6,20,Burnley,Liverpool
6,20,Brentford,Liverpool
6,20,Leeds,Liverpool
6,20,Norwich,Liverpool
6,20,Islington,Liverpool
6,20,Newcastle,Liverpool
6,20,United,Liverpool
6,20,Watford,Liverpool
6,20,City,Liverpool
6,20,Leicester,Liverpool
6,20,Chelsea,Liverpool
6,20,Brighton,Liverpool
6,20,Everton,Aston
6,20,Wolverhampton,Aston
6,20,Southampton,Aston
6,20,West Ham,Aston
6,20,Palace,Aston
6,20,Burnley,Aston
6,20,Brentford,Aston
6,20,Leeds,Aston
6,20,Norwich,Aston
6,20,Islington,Aston
6,20,Newcastle,Aston
6,20,United,Aston
6,20,Watford,Aston
6,20,City,Aston
6,20,Leicester,Aston
6,20,Chelsea,Aston
6,20,Brighton,Aston
6,20,Wolverhampton,Everton
6,20,Southampton,Everton
6,20,West Ham,Everton
6,20,Palace,Everton
6,20,Burnley,Everton
6,20,Brentford,Everton
6,20,Leeds,Everton
6,20,Norwich,Everton
6,20,Islington,Everton
6,20,Newcastle,Everton
6,20,United,Everton
6,20,Watford,Everton
6,20,City,Everton
6,20,Leicester,Everton
6,20,Chelsea,Everton
6,20,Brighton,Everton
6,20,Southampton,Wolverhampton
6,20,West Ham,Wolverhampton
6,20,Palace,Wolverhampton
6,20,Burnley,Wolverhampton
6,20,Brentford,Wolverhampton
6,20,Leeds,Wolverhampton
6,20,Norwich,Wolverhampton
6,20,Islington,Wolverhampton
6,20,Newcastle,Wolverhampton
6,20,United,Wolverhampton
6,20,Watford,Wolverhampton
6,20,City,Wolverhampton
6,20,Leicester,Wolverhampton
6,20,Chelsea,Wolverhampton
6,20,Brighton,Wolverhampton
6,20,West Ham,Southampton
6,20,Palace,Southampton
6,20,Burnley,Southampton
6,20,Brentford,Southampton
6,20,Leeds,Southampton
6,20,Norwich,Southampton
6,20,Islington,Southampton
6,20,Newcastle,Southampton
6,20,United,Southampton
6,20,Watford,Southampton
6,20,City,Southampton
6,20,Leicester,Southampton
6,20,Chelsea,Southampton
6,20,Brighton,Southampton
6,20,Palace,West Ham
6,20,Burnley,West Ham
6,20,Brentford,West Ham
6,20,Leeds,West Ham
6,20,Norwich,West Ham
6,20,Islington,West Ham
6,20,Newcastle,West Ham
6,20,United,West Ham
6,20,Watford,West Ham
6,20,City,West Ham
6,20,Leicester,West Ham
6,20,Chelsea,West Ham
6,20,Brighton,West Ham
6,20,Burnley,Palace
6,20,Brentford,Palace
6,20,Leeds,Palace
6,20,Norwich,Palace
6,20,Islington,Palace
6,20,Newcastle,Palace
6,20,United,Palace
6,20,Watford,Palace
6,20,City,Palace
6,20,Leicester,Palace
6,20,Chelsea,Palace
6,20,Brighton,Palace
6,20,Brentford,Burnley
6,20,Leeds,Burnley
6,20,Norwich,Burnley
6,20,Islington,Burnley
6,20,Newcastle,Burnley
6,20,United,Burnley
6,20,Watford,Burnley
6,20,City,Burnley
6,20,Leicester,Burnley
6,20,Chelsea,Burnley
6,20,Brighton,Burnley
6,20,Leeds,Brentford
6,20,Norwich,Brentford
6,20,Islington,Brentford
6,20,Newcastle,Brentford
6,20,United,Brentford
6,20,Watford,Brentford
6,20,City,Brentford
6,20,Leicester,Brentford
6,20,Chelsea,Brentford
6,20,Brighton,Brentford
6,20,Norwich,Leeds
6,20,Islington,Leeds
6,20,Newcastle,Leeds
6,20,United,Leeds
6,20,Watford,Leeds
6,20,City,Leeds
6,20,Leicester,Leeds
6,20,Chelsea,Leeds
6,20,Brighton,Leeds
6,20,Islington,Norwich
6,20,Newcastle,Norwich
6,20,United,Norwich
6,20,Watford,Norwich
6,20,City,Norwich
6,20,Leicester,Norwich
6,20,Chelsea,Norwich
6,20,Brighton,Norwich
6,20,Newcastle,Islington
6,20,United,Islington
6,20,Watford,Islington
6,20,City,Islington
6,20,Leicester,Islington
6,20,Chelsea,Islington
6,20,Brighton,Islington
6,20,United,Newcastle
6,20,Watford,Newcastle
6,20,City,Newcastle
6,20,Leicester,Newcastle
6,20,Chelsea,Newcastle
6,20,Brighton,Newcastle
6,20,Watford,United
6,20,City,United
6,20,Leicester,United
6,20,Chelsea,United
6,20,Brighton,United
6,20,City,Watford
6,20,Leicester,Watford
6,20,Chelsea,Watford
6,20,Brighton,Watford
6,20,Leicester,City
6,20,Chelsea,City
6,20,Brighton,City
6,20,Chelsea,Leicester
6,20,Brighton,Leicester
6,20,Brighton,Chelsea
6,23,Liverpool,Tottenham
6,23,Aston,Tottenham
6,23,Everton,Tottenham
6,23,Wolverhampton,Tottenham
6,23,Southampton,Tottenham
6,23,West Ham,Tottenham
6,23,Palace,Tottenham
6,23,Burnley,Tottenham
6,23,Brentford,Tottenham
6,23,Leeds,Tottenham
6,23,Norwich,Tottenham
6,23,Islington,Tottenham
6,23,Newcastle,Tottenham
6,23,United,Tottenham
6,23,Watford,Tottenham
6,23,City,Tottenham
6,23,Leicester,Tottenham
6,23,Chelsea,Tottenham
6,23,Brighton,Tottenham
6,23,Aston,Liverpool
6,23,Everton,Liverpool
6,23,Wolverhampton,Liverpool
6,23,Southampton,Liverpool
6,23,West Ham,Liverpool
6,23,Palace,Liverpool
6,23,Burnley,Liverpool
6,23,Brentford,Liverpool
6,23,Leeds,Liverpool
6,23,Norwich,Liverpool
6,23,Islington,Liverpool
6,23,Newcastle,Liverpool
6,23,United,Liverpool
6,23,Watford,Liverpool
6,23,City,Liverpool
6,23,Leicester,Liverpool
6,23,Chelsea,Liverpool
6,23,Brighton,Liverpool
6,23,Everton,Aston
6,23,Wolverhampton,Aston
6,23,Southampton,Aston
6,23,West Ham,Aston
6,23,Palace,Aston
6,23,Burnley,Aston
6,23,Brentford,Aston
6,23,Leeds,Aston
6,23,Norwich,Aston
6,23,Islington,Aston
6,23,Newcastle,Aston
6,23,United,Aston
6,23,Watford,Aston
6,23,City,Aston
6,23,Leicester,Aston
6,23,Chelsea,Aston
6,23,Brighton,Aston
6,23,Wolverhampton,Everton
6,23,Southampton,Everton
6,23,West Ham,Everton
6,23,Palace,Everton
6,23,Burnley,Everton
6,23,Brentford,Everton
6,23,Leeds,Everton
6,23,Norwich,Everton
6,23,Islington,Everton
6,23,Newcastle,Everton
6,23,United,Everton
6,23,Watford,Everton
6,23,City,Everton
6,23,Leicester,Everton
6,23,Chelsea,Everton
6,23,Brighton,Everton
6,23,Southampton,Wolverhampton
6,23,West Ham,Wolverhampton
6,23,Palace,Wolverhampton
6,23,Burnley,Wolverhampton
6,23,Brentford,Wolverhampton
6,23,Leeds,Wolverhampton
6,23,Norwich,Wolverhampton
6,23,Islington,Wolverhampton
6,23,Newcastle,Wolverhampton
6,23,United,Wolverhampton
6,23,Watford,Wolverhampton
6,23,City,Wolverhampton
6,23,Leicester,Wolverhampton
6,23,Chelsea,Wolverhampton
6,23,Brighton,Wolverhampton
6,23,West Ham,Southampton
6,23,Palace,Southampton
6,23,Burnley,Southampton
6,23,Brentford,Southampton
6,23,Leeds,Southampton
6,23,Norwich,Southampton
6,23,Islington,Southampton
6,23,Newcastle,Southampton
6,23,United,Southampton
6,23,Watford,Southampton
6,23,City,Southampton
6,23,Leicester,Southampton
6,23,Chelsea,Southampton
6,23,Brighton,Southampton
6,23,Palace,West Ham
6,23,Burnley,West Ham
6,23,Brentford,West Ham
6,23,Leeds,West Ham
6,23,Norwich,West Ham
6,23,Islington,West Ham
6,23,Newcastle,West Ham
6,23,United,West Ham
6,23,Watford,West Ham
6,23,City,West Ham
6,23,Leicester,West Ham
6,23,Chelsea,West Ham
6,23,Brighton,West Ham
6,23,Burnley,Palace
6,23,Brentford,Palace
6,23,Leeds,Palace
6,23,Norwich,Palace
6,23,Islington,Palace
6,23,Newcastle,Palace
6,23,United,Palace
6,23,Watford,Palace
6,23,City,Palace
6,23,Leicester,Palace
6,23,Chelsea,Palace
6,23,Brighton,Palace
6,23,Brentford,Burnley
6,23,Leeds,Burnley
6,23,Norwich,Burnley
6,23,Islington,Burnley
6,23,Newcastle,Burnley
6,23,United,Burnley
6,23,Watford,Burnley
6,23,City,Burnley
6,23,Leicester,Burnley
6,23,Chelsea,Burnley
6,23,Brighton,Burnley
6,23,Leeds,Brentford
6,23,Norwich,Brentford
6,23,Islington,Brentford
6,23,Newcastle,Brentford
6,23,United,Brentford
6,23,Watford,Brentford
6,23,City,Brentford
6,23,Leicester,Brentford
6,23,Chelsea,Brentford
6,23,Brighton,Brentford
6,23,Norwich,Leeds
6,23,Islington,Leeds
6,23,Newcastle,Leeds
6,23,United,Leeds
6,23,Watford,Leeds
6,23,City,Leeds
6,23,Leicester,Leeds
6,23,Chelsea,Leeds
6,23,Brighton,Leeds
6,23,Islington,Norwich
6,23,Newcastle,Norwich
6,23,United,Norwich
6,23,Watford,Norwich
6,23,City,Norwich
6,23,Leicester,Norwich
6,23,Chelsea,Norwich
6,23,Brighton,Norwich
6,23,Newcastle,Islington
6,23,United,Islington
6,23,Watford,Islington
6,23,City,Islington
6,23,Leicester,Islington
6,23,Chelsea,Islington
6,23,Brighton,Islington
6,23,United,Newcastle
6,23,Watford,Newcastle
6,23,City,Newcastle
6,23,Leicester,Newcastle
6,23,Chelsea,Newcastle
6,23,Brighton,Newcastle
6,23,Watford,United
6,23,City,United
6,23,Leicester,United
6,23,Chelsea,United
6,23,Brighton,United
6,23,City,Watford
6,23,Leicester,Watford
6,23,Chelsea,Watford
6,23,Brighton,Watford
6,23,Leicester,City
6,23,Chelsea,City
6,23,Brighton,City
6,23,Chelsea,Leicester
6,23,Brighton,Leicester
6,23,Brighton,Chelsea
6,26,Liverpool,Tottenham
6,26,Aston,Tottenham
6,26,Everton,Tottenham
6,26,Wolverhampton,Tottenham
6,26,Southampton,Tottenham
6,26,West Ham,Tottenham
6,26,Palace,Tottenham
6,26,Burnley,Tottenham
6,26,Brentford,Tottenham
6,26,Leeds,Tottenham
6,26,Norwich,Tottenham
6,26,Islington,Tottenham
6,26,Newcastle,Tottenham
6,26,United,Tottenham
6,26,Watford,Tottenham
6,26,City,Tottenham
6,26,Leicester,Tottenham
6,26,Chelsea,Tottenham
6,26,Brighton,Tottenham
6,26,Aston,Liverpool
6,26,Everton,Liverpool
6,26,Wolverhampton,Liverpool
6,26,Southampton,Liverpool
6,26,West Ham,Liverpool
6,26,Palace,Liverpool
6,26,Burnley,Liverpool
6,26,Brentford,Liverpool
6,26,Leeds,Liverpool
6,26,Norwich,Liverpool
6,26,Islington,Liverpool
6,26,Newcastle,Liverpool
6,26,United,Liverpool
6,26,Watford,Liverpool
6,26,City,Liverpool
6,26,Leicester,Liverpool
6,26,Chelsea,Liverpool
6,26,Brighton,Liverpool
6,26,Everton,Aston
6,26,Wolverhampton,Aston
6,26,Southampton,Aston
6,26,West Ham,Aston
6,26,Palace,Aston
6,26,Burnley,Aston
6,26,Brentford,Aston
6,26,Leeds,Aston
6,26,Norwich,Aston
6,26,Islington,Aston
6,26,Newcastle,Aston
6,26,United,Aston
6,26,Watford,Aston
6,26,City,Aston
6,26,Leicester,Aston
6,26,Chelsea,Aston
6,26,Brighton,Aston
6,26,Wolverhampton,Everton
6,26,Southampton,Everton
6,26,West Ham,Everton
6,26,Palace,Everton
6,26,Burnley,Everton
6,26,Brentford,Everton
6,26,Leeds,Everton
6,26,Norwich,Everton
6,26,Islington,Everton
6,26,Newcastle,Everton
6,26,United,Everton
6,26,Watford,Everton
6,26,City,Everton
6,26,Leicester,Everton
6,26,Chelsea,Everton
6,26,Brighton,Everton
6,26,Southampton,Wolverhampton
6,26,West Ham,Wolverhampton
6,26,Palace,Wolverhampton
6,26,Burnley,Wolverhampton
6,26,Brentford,Wolverhampton
6,26,Leeds,Wolverhampton
6,26,Norwich,Wolverhampton
6,26,Islington,Wolverhampton
6,26,Newcastle,Wolverhampton
6,26,United,Wolverhampton
6,26,Watford,Wolverhampton
6,26,City,Wolverhampton
6,26,Leicester,Wolverhampton
6,26,Chelsea,Wolverhampton
6,26,Brighton,Wolverhampton
6,26,West Ham,Southampton
6,26,Palace,Southampton
6,26,Burnley,Southampton
6,26,Brentford,Southampton
6,26,Leeds,Southampton
6,26,Norwich,Southampton
6,26,Islington,Southampton
6,26,Newcastle,Southampton
6,26,United,Southampton
6,26,Watford,Southampton
6,26,City,Southampton
6,26,Leicester,Southampton
6,26,Chelsea,Southampton
6,26,Brighton,Southampton
6,26,Palace,West Ham
6,26,Burnley,West Ham
6,26,Brentford,West Ham
6,26,Leeds,West Ham
6,26,Norwich,West Ham
6,26,Islington,West Ham
6,26,Newcastle,West Ham
6,26,United,West Ham
6,26,Watford,West Ham
6,26,City,West Ham
6,26,Leicester,West Ham
6,26,Chelsea,West Ham
6,26,Brighton,West Ham
6,26,Burnley,Palace
6,26,Brentford,Palace
6,26,Leeds,Palace
6,26,Norwich,Palace
6,26,Islington,Palace
6,26,Newcastle,Palace
6,26,United,Palace
6,26,Watford,Palace
6,26,City,Palace
6,26,Leicester,Palace
6,26,Chelsea,Palace
6,26,Brighton,Palace
6,26,Brentford,Burnley
6,26,Leeds,Burnley
6,26,Norwich,Burnley
6,26,Islington,Burnley
6,26,Newcastle,Burnley
6,26,United,Burnley
6,26,Watford,Burnley
6,26,City,Burnley
6,26,Leicester,Burnley
6,26,Chelsea,Burnley
6,26,Brighton,Burnley
6,26,Leeds,Brentford
6,26,Norwich,Brentford
6,26,Islington,Brentford
6,26,Newcastle,Brentford
6,26,United,Brentford
6,26,Watford,Brentford
6,26,City,Brentford
6,26,Leicester,Brentford
6,26,Chelsea,Brentford
6,26,Brighton,Brentford
6,26,Norwich,Leeds
6,26,Islington,Leeds
6,26,Newcastle,Leeds
6,26,United,Leeds
6,26,Watford,Leeds
6,26,City,Leeds
6,26,Leicester,Leeds
6,26,Chelsea,Leeds
6,26,Brighton,Leeds
6,26,Islington,Norwich
6,26,Newcastle,Norwich
6,26,United,Norwich
6,26,Watford,Norwich
6,26,City,Norwich
6,26,Leicester,Norwich
6,26,Chelsea,Norwich
6,26,Brighton,Norwich
6,26,Newcastle,Islington
6,26,United,Islington
6,26,Watford,Islington
6,26,City,Islington
6,26,Leicester,Islington
6,26,Chelsea,Islington
6,26,Brighton,Islington
6,26,United,Newcastle
6,26,Watford,Newcastle
6,26,City,Newcastle
6,26,Leicester,Newcastle
6,26,Chelsea,Newcastle
6,26,Brighton,Newcastle
6,26,Watford,United
6,26,City,United
6,26,Leicester,United
6,26,Chelsea,United
6,26,Brighton,United
6,26,City,Watford
6,26,Leicester,Watford
6,26,Chelsea,Watford
6,26,Brighton,Watford
6,26,Leicester,City
6,26,Chelsea,City
6,26,Brighton,City
6,26,Chelsea,Leicester
6,26,Brighton,Leicester
6,26,Brighton,Chelsea
6,29,Liverpool,Tottenham
6,29,Aston,Tottenham
6,29,Everton,Tottenham
6,29,Wolverhampton,Tottenham
6,29,Southampton,Tottenham
6,29,West Ham,Tottenham
6,29,Palace,Tottenham
6,29,Burnley,Tottenham
6,29,Brentford,Tottenham
6,29,Leeds,Tottenham
6,29,Norwich,Tottenham
6,29,Islington,Tottenham
6,29,Newcastle,Tottenham
6,29,United,Tottenham
6,29,Watford,Tottenham
6,29,City,Tottenham
6,29,Leicester,Tottenham
6,29,Chelsea,Tottenham
6,29,Brighton,Tottenham
6,29,Aston,Liverpool
6,29,Everton,Liverpool
6,29,Wolverhampton,Liverpool
6,29,Southampton,Liverpool
6,29,West Ham,Liverpool
6,29,Palace,Liverpool
6,29,Burnley,Liverpool
6,29,Brentford,Liverpool
6,29,Leeds,Liverpool
6,29,Norwich,Liverpool
6,29,Islington,Liverpool
6,29,Newcastle,Liverpool
6,29,United,Liverpool
6,29,Watford,Liverpool
6,29,City,Liverpool
6,29,Leicester,Liverpool
6,29,Chelsea,Liverpool
6,29,Brighton,Liverpool
6,29,Everton,Aston
6,29,Wolverhampton,Aston
6,29,Southampton,Aston
6,29,West Ham,Aston
6,29,Palace,Aston
6,29,Burnley,Aston
6,29,Brentford,Aston
6,29,Leeds,Aston
6,29,Norwich,Aston
6,29,Islington,Aston
6,29,Newcastle,Aston
6,29,United,Aston
6,29,Watford,Aston
6,29,City,Aston
6,29,Leicester,Aston
6,29,Chelsea,Aston
6,29,Brighton,Aston
6,29,Wolverhampton,Everton
6,29,Southampton,Everton
6,29,West Ham,Everton
6,29,Palace,Everton
6,29,Burnley,Everton
6,29,Brentford,Everton
6,29,Leeds,Everton
6,29,Norwich,Everton
6,29,Islington,Everton
6,29,Newcastle,Everton
6,29,United,Everton
6,29,Watford,Everton
6,29,City,Everton
6,29,Leicester,Everton
6,29,Chelsea,Everton
6,29,Brighton,Everton
6,29,Southampton,Wolverhampton
6,29,West Ham,Wolverhampton
6,29,Palace,Wolverhampton
6,29,Burnley,Wolverhampton
6,29,Brentford,Wolverhampton
6,29,Leeds,Wolverhampton
6,29,Norwich,Wolverhampton
6,29,Islington,Wolverhampton
6,29,Newcastle,Wolverhampton
6,29,United,Wolverhampton
6,29,Watford,Wolverhampton
6,29,City,Wolverhampton
6,29,Leicester,Wolverhampton
6,29,Chelsea,Wolverhampton
6,29,Brighton,Wolverhampton
6,29,West Ham,Southampton
6,29,Palace,Southampton
6,29,Burnley,Southampton
6,29,Brentford,Southampton
6,29,Leeds,Southampton
6,29,Norwich,Southampton
6,29,Islington,Southampton
6,29,Newcastle,Southampton
6,29,United,Southampton
6,29,Watford,Southampton
6,29,City,Southampton
6,29,Leicester,Southampton
6,29,Chelsea,Southampton
6,29,Brighton,Southampton
6,29,Palace,West Ham
6,29,Burnley,West Ham
6,29,Brentford,West Ham
6,29,Leeds,West Ham
6,29,Norwich,West Ham
6,29,Islington,West Ham
6,29,Newcastle,West Ham
6,29,United,West Ham
6,29,Watford,West Ham
6,29,City,West Ham
6,29,Leicester,West Ham
6,29,Chelsea,West Ham
6,29,Brighton,West Ham
6,29,Burnley,Palace
6,29,Brentford,Palace
6,29,Leeds,Palace
6,29,Norwich,Palace
6,29,Islington,Palace
6,29,Newcastle,Palace
6,29,United,Palace
6,29,Watford,Palace
6,29,City,Palace
6,29,Leicester,Palace
6,29,Chelsea,Palace
6,29,Brighton,Palace
6,29,Brentford,Burnley
6,29,Leeds,Burnley
6,29,Norwich,Burnley
6,29,Islington,Burnley
6,29,Newcastle,Burnley
6,29,United,Burnley
6,29,Watford,Burnley
6,29,City,Burnley
6,29,Leicester,Burnley
6,29,Chelsea,Burnley
6,29,Brighton,Burnley
6,29,Leeds,Brentford
6,29,Norwich,Brentford
6,29,Islington,Brentford
6,29,Newcastle,Brentford
6,29,United,Brentford
6,29,Watford,Brentford
6,29,City,Brentford
6,29,Leicester,Brentford
6,29,Chelsea,Brentford
6,29,Brighton,Brentford
6,29,Norwich,Leeds
6,29,Islington,Leeds
6,29,Newcastle,Leeds
6,29,United,Leeds
6,29,Watford,Leeds
6,29,City,Leeds
6,29,Leicester,Leeds
6,29,Chelsea,Leeds
6,29,Brighton,Leeds
6,29,Islington,Norwich
6,29,Newcastle,Norwich
6,29,United,Norwich
6,29,Watford,Norwich
6,29,City,Norwich
6,29,Leicester,Norwich
6,29,Chelsea,Norwich
6,29,Brighton,Norwich
6,29,Newcastle,Islington
6,29,United,Islington
6,29,Watford,Islington
6,29,City,Islington
6,29,Leicester,Islington
6,29,Chelsea,Islington
6,29,Brighton,Islington
6,29,United,Newcastle
6,29,Watford,Newcastle
6,29,City,Newcastle
6,29,Leicester,Newcastle
6,29,Chelsea,Newcastle
6,29,Brighton,Newcastle
6,29,Watford,United
6,29,City,United
6,29,Leicester,United
6,29,Chelsea,United
6,29,Brighton,United
6,29,City,Watford
6,29,Leicester,Watford
6,29,Chelsea,Watford
6,29,Brighton,Watford
6,29,Leicester,City
6,29,Chelsea,City
6,29,Brighton,City
6,29,Chelsea,Leicester
6,29,Brighton,Leicester
6,29,Brighton,Chelsea
6,32,Liverpool,Tottenham
6,32,Aston,Tottenham
6,32,Everton,Tottenham
6,32,Wolverhampton,Tottenham
6,32,Southampton,Tottenham
6,32,West Ham,Tottenham
6,32,Palace,Tottenham
6,32,Burnley,Tottenham
6,32,Brentford,Tottenham
6,32,Leeds,Tottenham
6,32,Norwich,Tottenham
6,32,Islington,Tottenham
6,32,Newcastle,Tottenham
6,32,United,Tottenham
6,32,Watford,Tottenham
6,32,City,Tottenham
6,32,Leicester,Tottenham
6,32,Chelsea,Tottenham
6,32,Brighton,Tottenham
6,32,Aston,Liverpool
6,32,Everton,Liverpool
6,32,Wolverhampton,Liverpool
6,32,Southampton,Liverpool
6,32,West Ham,Liverpool
6,32,Palace,Liverpool
6,32,Burnley,Liverpool
6,32,Brentford,Liverpool
6,32,Leeds,Liverpool
6,32,Norwich,Liverpool
6,32,Islington,Liverpool
6,32,Newcastle,Liverpool
6,32,United,Liverpool
6,32,Watford,Liverpool
6,32,City,Liverpool
6,32,Leicester,Liverpool
6,32,Chelsea,Liverpool
6,32,Brighton,Liverpool
6,32,Everton,Aston
6,32,Wolverhampton,Aston
6,32,Southampton,Aston
6,32,West Ham,Aston
6,32,Palace,Aston
6,32,Burnley,Aston
6,32,Brentford,Aston
6,32,Leeds,Aston
6,32,Norwich,Aston
6,32,Islington,Aston
6,32,Newcastle,Aston
6,32,United,Aston
6,32,Watford,Aston
6,32,City,Aston
6,32,Leicester,Aston
6,32,Chelsea,Aston
6,32,Brighton,Aston
6,32,Wolverhampton,Everton
6,32,Southampton,Everton
6,32,West Ham,Everton
6,32,Palace,Everton
6,32,Burnley,Everton
6,32,Brentford,Everton
6,32,Leeds,Everton
6,32,Norwich,Everton
6,32,Islington,Everton
6,32,Newcastle,Everton
6,32,United,Everton
6,32,Watford,Everton
6,32,City,Everton
6,32,Leicester,Everton
6,32,Chelsea,Everton
6,32,Brighton,Everton
6,32,Southampton,Wolverhampton
6,32,West Ham,Wolverhampton
6,32,Palace,Wolverhampton
6,32,Burnley,Wolverhampton
6,32,Brentford,Wolverhampton
6,32,Leeds,Wolverhampton
6,32,Norwich,Wolverhampton
6,32,Islington,Wolverhampton
6,32,Newcastle,Wolverhampton
6,32,United,Wolverhampton
6,32,Watford,Wolverhampton
6,32,City,Wolverhampton
6,32,Leicester,Wolverhampton
6,32,Chelsea,Wolverhampton
6,32,Brighton,Wolverhampton
6,32,West Ham,Southampton
6,32,Palace,Southampton
6,32,Burnley,Southampton
6,32,Brentford,Southampton
6,32,Leeds,Southampton
6,32,Norwich,Southampton
6,32,Islington,Southampton
6,32,Newcastle,Southampton
6,32,United,Southampton
6,32,Watford,Southampton
6,32,City,Southampton
6,32,Leicester,Southampton
6,32,Chelsea,Southampton
6,32,Brighton,Southampton
6,32,Palace,West Ham
6,32,Burnley,West Ham
6,32,Brentford,West Ham
6,32,Leeds,West Ham
6,32,Norwich,West Ham
6,32,Islington,West Ham
6,32,Newcastle,West Ham
6,32,United,West Ham
6,32,Watford,West Ham
6,32,City,West Ham
6,32,Leicester,West Ham
6,32,Chelsea,West Ham
6,32,Brighton,West Ham
6,32,Burnley,Palace
6,32,Brentford,Palace
6,32,Leeds,Palace
6,32,Norwich,Palace
6,32,Islington,Palace
6,32,Newcastle,Palace
6,32,United,Palace
6,32,Watford,Palace
6,32,City,Palace
6,32,Leicester,Palace
6,32,Chelsea,Palace
6,32,Brighton,Palace
6,32,Brentford,Burnley
6,32,Leeds,Burnley
6,32,Norwich,Burnley
6,32,Islington,Burnley
6,32,Newcastle,Burnley
6,32,United,Burnley
6,32,Watford,Burnley
6,32,City,Burnley
6,32,Leicester,Burnley
6,32,Chelsea,Burnley
6,32,Brighton,Burnley
6,32,Leeds,Brentford
6,32,Norwich,Brentford
6,32,Islington,Brentford
6,32,Newcastle,Brentford
6,32,United,Brentford
6,32,Watford,Brentford
6,32,City,Brentford
6,32,Leicester,Brentford
6,32,Chelsea,Brentford
6,32,Brighton,Brentford
6,32,Norwich,Leeds
6,32,Islington,Leeds
6,32,Newcastle,Leeds
6,32,United,Leeds
6,32,Watford,Leeds
6,32,City,Leeds
6,32,Leicester,Leeds
6,32,Chelsea,Leeds
6,32,Brighton,Leeds
6,32,Islington,Norwich
6,32,Newcastle,Norwich
6,32,United,Norwich
6,32,Watford,Norwich
6,32,City,Norwich
6,32,Leicester,Norwich
6,32,Chelsea,Norwich
6,32,Brighton,Norwich
6,32,Newcastle,Islington
6,32,United,Islington
6,32,Watford,Islington
6,32,City,Islington
6,32,Leicester,Islington
6,32,Chelsea,Islington
6,32,Brighton,Islington
6,32,United,Newcastle
6,32,Watford,Newcastle
6,32,City,Newcastle
6,32,Leicester,Newcastle
6,32,Chelsea,Newcastle
6,32,Brighton,Newcastle
6,32,Watford,United
6,32,City,United
6,32,Leicester,United
6,32,Chelsea,United
6,32,Brighton,United
6,32,City,Watford
6,32,Leicester,Watford
6,32,Chelsea,Watford
6,32,Brighton,Watford
6,32,Leicester,City
6,32,Chelsea,City
6,32,Brighton,City
6,32,Chelsea,Leicester
6,32,Brighton,Leicester
6,32,Brighton,Chelsea
6,35,Liverpool,Tottenham
6,35,Aston,Tottenham
6,35,Everton,Tottenham
6,35,Wolverhampton,Tottenham
6,35,Southampton,Tottenham
6,35,West Ham,Tottenham
6,35,Palace,Tottenham
6,35,Burnley,Tottenham
6,35,Brentford,Tottenham
6,35,Leeds,Tottenham
6,35,Norwich,Tottenham
6,35,Islington,Tottenham
6,35,Newcastle,Tottenham
6,35,United,Tottenham
6,35,Watford,Tottenham
6,35,City,Tottenham
6,35,Leicester,Tottenham
6,35,Chelsea,Tottenham
6,35,Brighton,Tottenham
6,35,Aston,Liverpool
6,35,Everton,Liverpool
6,35,Wolverhampton,Liverpool
6,35,Southampton,Liverpool
6,35,West Ham,Liverpool
6,35,Palace,Liverpool
6,35,Burnley,Liverpool
6,35,Brentford,Liverpool
6,35,Leeds,Liverpool
6,35,Norwich,Liverpool
6,35,Islington,Liverpool
6,35,Newcastle,Liverpool
6,35,United,Liverpool
6,35,Watford,Liverpool
6,35,City,Liverpool
6,35,Leicester,Liverpool
6,35,Chelsea,Liverpool
6,35,Brighton,Liverpool
6,35,Everton,Aston
6,35,Wolverhampton,Aston
6,35,Southampton,Aston
6,35,West Ham,Aston
6,35,Palace,Aston
6,35,Burnley,Aston
6,35,Brentford,Aston
6,35,Leeds,Aston
6,35,Norwich,Aston
6,35,Islington,Aston
6,35,Newcastle,Aston
6,35,United,Aston
6,35,Watford,Aston
6,35,City,Aston
6,35,Leicester,Aston
6,35,Chelsea,Aston
6,35,Brighton,Aston
6,35,Wolverhampton,Everton
6,35,Southampton,Everton
6,35,West Ham,Everton
6,35,Palace,Everton
6,35,Burnley,Everton
6,35,Brentford,Everton
6,35,Leeds,Everton
6,35,Norwich,Everton
6,35,Islington,Everton
6,35,Newcastle,Everton
6,35,United,Everton
6,35,Watford,Everton
6,35,City,Everton
6,35,Leicester,Everton
6,35,Chelsea,Everton
6,35,Brighton,Everton
6,35,Southampton,Wolverhampton
6,35,West Ham,Wolverhampton
6,35,Palace,Wolverhampton
6,35,Burnley,Wolverhampton
6,35,Brentford,Wolverhampton
6,35,Leeds,Wolverhampton
6,35,Norwich,Wolverhampton
6,35,Islington,Wolverhampton
6,35,Newcastle,Wolverhampton
6,35,United,Wolverhampton
6,35,Watford,Wolverhampton
6,35,City,Wolverhampton
6,35,Leicester,Wolverhampton
6,35,Chelsea,Wolverhampton
6,35,Brighton,Wolverhampton
6,35,West Ham,Southampton
6,35,Palace,Southampton
6,35,Burnley,Southampton
6,35,Brentford,Southampton
6,35,Leeds,Southampton
6,35,Norwich,Southampton
6,35,Islington,Southampton
6,35,Newcastle,Southampton
6,35,United,Southampton
6,35,Watford,Southampton
6,35,City,Southampton
6,35,Leicester,Southampton
6,35,Chelsea,Southampton
6,35,Brighton,Southampton
6,35,Palace,West Ham
6,35,Burnley,West Ham
6,35,Brentford,West Ham
6,35,Leeds,West Ham
6,35,Norwich,West Ham
6,35,Islington,West Ham
6,35,Newcastle,West Ham
6,35,United,West Ham
6,35,Watford,West Ham
6,35,City,West Ham
6,35,Leicester,West Ham
6,35,Chelsea,West Ham
6,35,Brighton,West Ham
6,35,Burnley,Palace
6,35,Brentford,Palace
6,35,Leeds,Palace
6,35,Norwich,Palace
6,35,Islington,Palace
6,35,Newcastle,Palace
6,35,United,Palace
6,35,Watford,Palace
6,35,City,Palace
6,35,Leicester,Palace
6,35,Chelsea,Palace
6,35,Brighton,Palace
6,35,Brentford,Burnley
6,35,Leeds,Burnley
6,35,Norwich,Burnley
6,35,Islington,Burnley
6,35,Newcastle,Burnley
6,35,United,Burnley
6,35,Watford,Burnley
6,35,City,Burnley
6,35,Leicester,Burnley
6,35,Chelsea,Burnley
6,35,Brighton,Burnley
6,35,Leeds,Brentford
6,35,Norwich,Brentford
6,35,Islington,Brentford
6,35,Newcastle,Brentford
6,35,United,Brentford
6,35,Watford,Brentford
6,35,City,Brentford
6,35,Leicester,Brentford
6,35,Chelsea,Brentford
6,35,Brighton,Brentford
6,35,Norwich,Leeds
6,35,Islington,Leeds
6,35,Newcastle,Leeds
6,35,United,Leeds
6,35,Watford,Leeds
6,35,City,Leeds
6,35,Leicester,Leeds
6,35,Chelsea,Leeds
6,35,Brighton,Leeds
6,35,Islington,Norwich
6,35,Newcastle,Norwich
6,35,United,Norwich
6,35,Watford,Norwich
6,35,City,Norwich
6,35,Leicester,Norwich
6,35,Chelsea,Norwich
6,35,Brighton,Norwich
6,35,Newcastle,Islington
6,35,United,Islington
6,35,Watford,Islington
6,35,City,Islington
6,35,Leicester,Islington
6,35,Chelsea,Islington
6,35,Brighton,Islington
6,35,United,Newcastle
6,35,Watford,Newcastle
6,35,City,Newcastle
6,35,Leicester,Newcastle
6,35,Chelsea,Newcastle
6,35,Brighton,Newcastle
6,35,Watford,United
6,35,City,United
6,35,Leicester,United
6,35,Chelsea,United
6,35,Brighton,United
6,35,City,Watford
6,35,Leicester,Watford
6,35,Chelsea,Watford
6,35,Brighton,Watford
6,35,Leicester,City
6,35,Chelsea,City
6,35,Brighton,City
6,35,Chelsea,Leicester
6,35,Brighton,Leicester
6,35,Brighton,Chelsea
6,38,Liverpool,Tottenham
6,38,Aston,Tottenham
6,38,Everton,Tottenham
6,38,Wolverhampton,Tottenham
6,38,Southampton,Tottenham
6,38,West Ham,Tottenham
6,38,Palace,Tottenham
6,38,Burnley,Tottenham
6,38,Brentford,Tottenham
6,38,Leeds,Tottenham
6,38,Norwich,Tottenham
6,38,Islington,Tottenham
6,38,Newcastle,Tottenham
6,38,United,Tottenham
6,38,Watford,Tottenham
6,38,City,Tottenham
6,38,Leicester,Tottenham
6,38,Chelsea,Tottenham
6,38,Brighton,Tottenham
6,38,Aston,Liverpool
6,38,Everton,Liverpool
6,38,Wolverhampton,Liverpool
6,38,Southampton,Liverpool
6,38,West Ham,Liverpool
6,38,Palace,Liverpool
6,38,Burnley,Liverpool
6,38,Brentford,Liverpool
6,38,Leeds,Liverpool
6,38,Norwich,Liverpool
6,38,Islington,Liverpool
6,38,Newcastle,Liverpool
6,38,United,Liverpool
6,38,Watford,Liverpool
6,38,City,Liverpool
6,38,Leicester,Liverpool
6,38,Chelsea,Liverpool
6,38,Brighton,Liverpool
6,38,Everton,Aston
6,38,Wolverhampton,Aston
6,38,Southampton,Aston
6,38,West Ham,Aston
6,38,Palace,Aston
6,38,Burnley,Aston
6,38,Brentford,Aston
6,38,Leeds,Aston
6,38,Norwich,Aston
6,38,Islington,Aston
6,38,Newcastle,Aston
6,38,United,Aston
6,38,Watford,Aston
6,38,City,Aston
6,38,Leicester,Aston
6,38,Chelsea,Aston
6,38,Brighton,Aston
6,38,Wolverhampton,Everton
6,38,Southampton,Everton
6,38,West Ham,Everton
6,38,Palace,Everton
6,38,Burnley,Everton
6,38,Brentford,Everton
6,38,Leeds,Everton
6,38,Norwich,Everton
6,38,Islington,Everton
6,38,Newcastle,Everton
6,38,United,Everton
6,38,Watford,Everton
6,38,City,Everton
6,38,Leicester,Everton
6,38,Chelsea,Everton
6,38,Brighton,Everton
6,38,Southampton,Wolverhampton
6,38,West Ham,Wolverhampton
6,38,Palace,Wolverhampton
6,38,Burnley,Wolverhampton
6,38,Brentford,Wolverhampton
6,38,Leeds,Wolverhampton
6,38,Norwich,Wolverhampton
6,38,Islington,Wolverhampton
6,38,Newcastle,Wolverhampton
6,38,United,Wolverhampton
6,38,Watford,Wolverhampton
6,38,City,Wolverhampton
6,38,Leicester,Wolverhampton
6,38,Chelsea,Wolverhampton
6,38,Brighton,Wolverhampton
6,38,West Ham,Southampton
6,38,Palace,Southampton
6,38,Burnley,Southampton
6,38,Brentford,Southampton
6,38,Leeds,Southampton
6,38,Norwich,Southampton
6,38,Islington,Southampton
6,38,Newcastle,Southampton
6,38,United,Southampton
6,38,Watford,Southampton
6,38,City,Southampton
6,38,Leicester,Southampton
6,38,Chelsea,Southampton
6,38,Brighton,Southampton
6,38,Palace,West Ham
6,38,Burnley,West Ham
6,38,Brentford,West Ham
6,38,Leeds,West Ham
6,38,Norwich,West Ham
6,38,Islington,West Ham
6,38,Newcastle,West Ham
6,38,United,West Ham
6,38,Watford,West Ham
6,38,City,West Ham
6,38,Leicester,West Ham
6,38,Chelsea,West Ham
6,38,Brighton,West Ham
6,38,Burnley,Palace
6,38,Brentford,Palace
6,38,Leeds,Palace
6,38,Norwich,Palace
6,38,Islington,Palace
6,38,Newcastle,Palace
6,38,United,Palace
6,38,Watford,Palace
6,38,City,Palace
6,38,Leicester,Palace
6,38,Chelsea,Palace
6,38,Brighton,Palace
6,38,Brentford,Burnley
6,38,Leeds,Burnley
6,38,Norwich,Burnley
6,38,Islington,Burnley
6,38,Newcastle,Burnley
6,38,United,Burnley
6,38,Watford,Burnley
6,38,City,Burnley
6,38,Leicester,Burnley
6,38,Chelsea,Burnley
6,38,Brighton,Burnley
6,38,Leeds,Brentford
6,38,Norwich,Brentford
6,38,Islington,Brentford
6,38,Newcastle,Brentford
6,38,United,Brentford
6,38,Watford,Brentford
6,38,City,Brentford
6,38,Leicester,Brentford
6,38,Chelsea,Brentford
6,38,Brighton,Brentford
6,38,Norwich,Leeds
6,38,Islington,Leeds
6,38,Newcastle,Leeds
6,38,United,Leeds
6,38,Watford,Leeds
6,38,City,Leeds
6,38,Leicester,Leeds
6,38,Chelsea,Leeds
6,38,Brighton,Leeds
6,38,Islington,Norwich
6,38,Newcastle,Norwich
6,38,United,Norwich
6,38,Watford,Norwich
6,38,City,Norwich
6,38,Leicester,Norwich
6,38,Chelsea,Norwich
6,38,Brighton,Norwich
6,38,Newcastle,Islington
6,38,United,Islington
6,38,Watford,Islington
6,38,City,Islington
6,38,Leicester,Islington
6,38,Chelsea,Islington
6,38,Brighton,Islington
6,38,United,Newcastle
6,38,Watford,Newcastle
6,38,City,Newcastle
6,38,Leicester,Newcastle
6,38,Chelsea,Newcastle
6,38,Brighton,Newcastle
6,38,Watford,United
6,38,City,United
6,38,Leicester,United
6,38,Chelsea,United
6,38,Brighton,United
6,38,City,Watford
6,38,Leicester,Watford
6,38,Chelsea,Watford
6,38,Brighton,Watford
6,38,Leicester,City
6,38,Chelsea,City
6,38,Brighton,City
6,38,Chelsea,Leicester
6,38,Brighton,Leicester
6,38,Brighton,Chelsea
6,41,Liverpool,Tottenham
6,41,Aston,Tottenham
6,41,Everton,Tottenham
6,41,Wolverhampton,Tottenham
6,41,Southampton,Tottenham
6,41,West Ham,Tottenham
6,41,Palace,Tottenham
6,41,Burnley,Tottenham
6,41,Brentford,Tottenham
6,41,Leeds,Tottenham
6,41,Norwich,Tottenham
6,41,Islington,Tottenham
6,41,Newcastle,Tottenham
6,41,United,Tottenham
6,41,Watford,Tottenham
6,41,City,Tottenham
6,41,Leicester,Tottenham
6,41,Chelsea,Tottenham
6,41,Brighton,Tottenham
6,41,Aston,Liverpool
6,41,Everton,Liverpool
6,41,Wolverhampton,Liverpool
6,41,Southampton,Liverpool
6,41,West Ham,Liverpool
6,41,Palace,Liverpool
6,41,Burnley,Liverpool
6,41,Brentford,Liverpool
6,41,Leeds,Liverpool
6,41,Norwich,Liverpool
6,41,Islington,Liverpool
6,41,Newcastle,Liverpool
6,41,United,Liverpool
6,41,Watford,Liverpool
6,41,City,Liverpool
6,41,Leicester,Liverpool
6,41,Chelsea,Liverpool
6,41,Brighton,Liverpool
6,41,Everton,Aston
6,41,Wolverhampton,Aston
6,41,Southampton,Aston
6,41,West Ham,Aston
6,41,Palace,Aston
6,41,Burnley,Aston
6,41,Brentford,Aston
6,41,Leeds,Aston
6,41,Norwich,Aston
6,41,Islington,Aston
6,41,Newcastle,Aston
6,41,United,Aston
6,41,Watford,Aston
6,41,City,Aston
6,41,Leicester,Aston
6,41,Chelsea,Aston
6,41,Brighton,Aston
6,41,Wolverhampton,Everton
6,41,Southampton,Everton
6,41,West Ham,Everton
6,41,Palace,Everton
6,41,Burnley,Everton
6,41,Brentford,Everton
6,41,Leeds,Everton
6,41,Norwich,Everton
6,41,Islington,Everton
6,41,Newcastle,Everton
6,41,United,Everton
6,41,Watford,Everton
6,41,City,Everton
6,41,Leicester,Everton
6,41,Chelsea,Everton
6,41,Brighton,Everton
6,41,Southampton,Wolverhampton
6,41,West Ham,Wolverhampton
6,41,Palace,Wolverhampton
6,41,Burnley,Wolverhampton
6,41,Brentford,Wolverhampton
6,41,Leeds,Wolverhampton
6,41,Norwich,Wolverhampton
6,41,Islington,Wolverhampton
6,41,Newcastle,Wolverhampton
6,41,United,Wolverhampton
6,41,Watford,Wolverhampton
6,41,City,Wolverhampton
6,41,Leicester,Wolverhampton
6,41,Chelsea,Wolverhampton
6,41,Brighton,Wolverhampton
6,41,West Ham,Southampton
6,41,Palace,Southampton
6,41,Burnley,Southampton
6,41,Brentford,Southampton
6,41,Leeds,Southampton
6,41,Norwich,Southampton
6,41,Islington,Southampton
6,41,Newcastle,Southampton
6,41,United,Southampton
6,41,Watford,Southampton
6,41,City,Southampton
6,41,Leicester,Southampton
6,41,Chelsea,Southampton
6,41,Brighton,Southampton
6,41,Palace,West Ham
6,41,Burnley,West Ham
6,41,Brentford,West Ham
6,41,Leeds,West Ham
6,41,Norwich,West Ham
6,41,Islington,West Ham
6,41,Newcastle,West Ham
6,41,United,West Ham
6,41,Watford,West Ham
6,41,City,West Ham
6,41,Leicester,West Ham
6,41,Chelsea,West Ham
6,41,Brighton,West Ham
6,41,Burnley,Palace
6,41,Brentford,Palace
6,41,Leeds,Palace
6,41,Norwich,Palace
6,41,Islington,Palace
6,41,Newcastle,Palace
6,41,United,Palace
6,41,Watford,Palace
6,41,City,Palace
6,41,Leicester,Palace
6,41,Chelsea,Palace
6,41,Brighton,Palace
6,41,Brentford,Burnley
6,41,Leeds,Burnley
6,41,Norwich,Burnley
6,41,Islington,Burnley
6,41,Newcastle,Burnley
6,41,United,Burnley
6,41,Watford,Burnley
6,41,City,Burnley
6,41,Leicester,Burnley
6,41,Chelsea,Burnley
6,41,Brighton,Burnley
6,41,Leeds,Brentford
6,41,Norwich,Brentford
6,41,Islington,Brentford
6,41,Newcastle,Brentford
6,41,United,Brentford
6,41,Watford,Brentford
6,41,City,Brentford
6,41,Leicester,Brentford
6,41,Chelsea,Brentford
6,41,Brighton,Brentford
6,41,Norwich,Leeds
6,41,Islington,Leeds
6,41,Newcastle,Leeds
6,41,United,Leeds
6,41,Watford,Leeds
6,41,City,Leeds
6,41,Leicester,Leeds
6,41,Chelsea,Leeds
6,41,Brighton,Leeds
6,41,Islington,Norwich
6,41,Newcastle,Norwich
6,41,United,Norwich
6,41,Watford,Norwich
6,41,City,Norwich
6,41,Leicester,Norwich
6,41,Chelsea,Norwich
6,41,Brighton,Norwich
6,41,Newcastle,Islington
6,41,United,Islington
6,41,Watford,Islington
6,41,City,Islington
6,41,Leicester,Islington
6,41,Chelsea,Islington
6,41,Brighton,Islington
6,41,United,Newcastle
6,41,Watford,Newcastle
6,41,City,Newcastle
6,41,Leicester,Newcastle
6,41,Chelsea,Newcastle
6,41,Brighton,Newcastle
6,41,Watford,United
6,41,City,United
6,41,Leicester,United
6,41,Chelsea,United
6,41,Brighton,United
6,41,City,Watford
6,41,Leicester,Watford
6,41,Chelsea,Watford
6,41,Brighton,Watford
6,41,Leicester,City
6,41,Chelsea,City
6,41,Brighton,City
6,41,Chelsea,Leicester
6,41,Brighton,Leicester
6,41,Brighton,Chelsea
6,44,Liverpool,Tottenham
6,44,Aston,Tottenham
6,44,Everton,Tottenham
6,44,Wolverhampton,Tottenham
6,44,Southampton,Tottenham
6,44,West Ham,Tottenham
6,44,Palace,Tottenham
6,44,Burnley,Tottenham
6,44,Brentford,Tottenham
6,44,Leeds,Tottenham
6,44,Norwich,Tottenham
6,44,Islington,Tottenham
6,44,Newcastle,Tottenham
6,44,United,Tottenham
6,44,Watford,Tottenham
6,44,City,Tottenham
6,44,Leicester,Tottenham
6,44,Chelsea,Tottenham
6,44,Brighton,Tottenham
6,44,Aston,Liverpool
6,44,Everton,Liverpool
6,44,Wolverhampton,Liverpool
6,44,Southampton,Liverpool
6,44,West Ham,Liverpool
6,44,Palace,Liverpool
6,44,Burnley,Liverpool
6,44,Brentford,Liverpool
6,44,Leeds,Liverpool
6,44,Norwich,Liverpool
6,44,Islington,Liverpool
6,44,Newcastle,Liverpool
6,44,United,Liverpool
6,44,Watford,Liverpool
6,44,City,Liverpool
6,44,Leicester,Liverpool
6,44,Chelsea,Liverpool
6,44,Brighton,Liverpool
6,44,Everton,Aston
6,44,Wolverhampton,Aston
6,44,Southampton,Aston
6,44,West Ham,Aston
6,44,Palace,Aston
6,44,Burnley,Aston
6,44,Brentford,Aston
6,44,Leeds,Aston
6,44,Norwich,Aston
6,44,Islington,Aston
6,44,Newcastle,Aston
6,44,United,Aston
6,44,Watford,Aston
6,44,City,Aston
6,44,Leicester,Aston
6,44,Chelsea,Aston
6,44,Brighton,Aston
6,44,Wolverhampton,Everton
6,44,Southampton,Everton
6,44,West Ham,Everton
6,44,Palace,Everton
6,44,Burnley,Everton
6,44,Brentford,Everton
6,44,Leeds,Everton
6,44,Norwich,Everton
6,44,Islington,Everton
6,44,Newcastle,Everton
6,44,United,Everton
6,44,Watford,Everton
6,44,City,Everton
6,44,Leicester,Everton
6,44,Chelsea,Everton
6,44,Brighton,Everton
6,44,Southampton,Wolverhampton
6,44,West Ham,Wolverhampton
6,44,Palace,Wolverhampton
6,44,Burnley,Wolverhampton
6,44,Brentford,Wolverhampton
6,44,Leeds,Wolverhampton
6,44,Norwich,Wolverhampton
6,44,Islington,Wolverhampton
6,44,Newcastle,Wolverhampton
6,44,United,Wolverhampton
6,44,Watford,Wolverhampton
6,44,City,Wolverhampton
6,44,Leicester,Wolverhampton
6,44,Chelsea,Wolverhampton
6,44,Brighton,Wolverhampton
6,44,West Ham,Southampton
6,44,Palace,Southampton
6,44,Burnley,Southampton
6,44,Brentford,Southampton
6,44,Leeds,Southampton
6,44,Norwich,Southampton
6,44,Islington,Southampton
6,44,Newcastle,Southampton
6,44,United,Southampton
6,44,Watford,Southampton
6,44,City,Southampton
6,44,Leicester,Southampton
6,44,Chelsea,Southampton
6,44,Brighton,Southampton
6,44,Palace,West Ham
6,44,Burnley,West Ham
6,44,Brentford,West Ham
6,44,Leeds,West Ham
6,44,Norwich,West Ham
6,44,Islington,West Ham
6,44,Newcastle,West Ham
6,44,United,West Ham
6,44,Watford,West Ham
6,44,City,West Ham
6,44,Leicester,West Ham
6,44,Chelsea,West Ham
6,44,Brighton,West Ham
6,44,Burnley,Palace
6,44,Brentford,Palace
6,44,Leeds,Palace
6,44,Norwich,Palace
6,44,Islington,Palace
6,44,Newcastle,Palace
6,44,United,Palace
6,44,Watford,Palace
6,44,City,Palace
6,44,Leicester,Palace
6,44,Chelsea,Palace
6,44,Brighton,Palace
6,44,Brentford,Burnley
6,44,Leeds,Burnley
6,44,Norwich,Burnley
6,44,Islington,Burnley
6,44,Newcastle,Burnley
6,44,United,Burnley
6,44,Watford,Burnley
6,44,City,Burnley
6,44,Leicester,Burnley
6,44,Chelsea,Burnley
6,44,Brighton,Burnley
6,44,Leeds,Brentford
6,44,Norwich,Brentford
6,44,Islington,Brentford
6,44,Newcastle,Brentford
6,44,United,Brentford
6,44,Watford,Brentford
6,44,City,Brentford
6,44,Leicester,Brentford
6,44,Chelsea,Brentford
6,44,Brighton,Brentford
6,44,Norwich,Leeds
6,44,Islington,Leeds
6,44,Newcastle,Leeds
6,44,United,Leeds
6,44,Watford,Leeds
6,44,City,Leeds
6,44,Leicester,Leeds
6,44,Chelsea,Leeds
6,44,Brighton,Leeds
6,44,Islington,Norwich
6,44,Newcastle,Norwich
6,44,United,Norwich
6,44,Watford,Norwich
6,44,City,Norwich
6,44,Leicester,Norwich
6,44,Chelsea,Norwich
6,44,Brighton,Norwich
6,44,Newcastle,Islington
6,44,United,Islington
6,44,Watford,Islington
6,44,City,Islington
6,44,Leicester,Islington
6,44,Chelsea,Islington
6,44,Brighton,Islington
6,44,United,Newcastle
6,44,Watford,Newcastle
6,44,City,Newcastle
6,44,Leicester,Newcastle
6,44,Chelsea,Newcastle
6,44,Brighton,Newcastle
6,44,Watford,United
6,44,City,United
6,44,Leicester,United
6,44,Chelsea,United
6,44,Brighton,United
6,44,City,Watford
6,44,Leicester,Watford
6,44,Chelsea,Watford
6,44,Brighton,Watford
6,44,Leicester,City
6,44,Chelsea,City
6,44,Brighton,City
6,44,Chelsea,Leicester
6,44,Brighton,Leicester
6,44,Brighton,Chelsea
6,47,Liverpool,Tottenham
6,47,Aston,Tottenham
6,47,Everton,Tottenham
6,47,Wolverhampton,Tottenham
6,47,Southampton,Tottenham
6,47,West Ham,Tottenham
6,47,Palace,Tottenham
6,47,Burnley,Tottenham
6,47,Brentford,Tottenham
6,47,Leeds,Tottenham
6,47,Norwich,Tottenham
6,47,Islington,Tottenham
6,47,Newcastle,Tottenham
6,47,United,Tottenham
6,47,Watford,Tottenham
6,47,City,Tottenham
6,47,Leicester,Tottenham
6,47,Chelsea,Tottenham
6,47,Brighton,Tottenham
6,47,Aston,Liverpool
6,47,Everton,Liverpool
6,47,Wolverhampton,Liverpool
6,47,Southampton,Liverpool
6,47,West Ham,Liverpool
6,47,Palace,Liverpool
6,47,Burnley,Liverpool
6,47,Brentford,Liverpool
6,47,Leeds,Liverpool
6,47,Norwich,Liverpool
6,47,Islington,Liverpool
6,47,Newcastle,Liverpool
6,47,United,Liverpool
6,47,Watford,Liverpool
6,47,City,Liverpool
6,47,Leicester,Liverpool
6,47,Chelsea,Liverpool
6,47,Brighton,Liverpool
6,47,Everton,Aston
6,47,Wolverhampton,Aston
6,47,Southampton,Aston
6,47,West Ham,Aston
6,47,Palace,Aston
6,47,Burnley,Aston
6,47,Brentford,Aston
6,47,Leeds,Aston
6,47,Norwich,Aston
6,47,Islington,Aston
6,47,Newcastle,Aston
6,47,United,Aston
6,47,Watford,Aston
6,47,City,Aston
6,47,Leicester,Aston
6,47,Chelsea,Aston
6,47,Brighton,Aston
6,47,Wolverhampton,Everton
6,47,Southampton,Everton
6,47,West Ham,Everton
6,47,Palace,Everton
6,47,Burnley,Everton
6,47,Brentford,Everton
6,47,Leeds,Everton
6,47,Norwich,Everton
6,47,Islington,Everton
6,47,Newcastle,Everton
6,47,United,Everton
6,47,Watford,Everton
6,47,City,Everton
6,47,Leicester,Everton
6,47,Chelsea,Everton
6,47,Brighton,Everton
6,47,Southampton,Wolverhampton
6,47,West Ham,Wolverhampton
6,47,Palace,Wolverhampton
6,47,Burnley,Wolverhampton
6,47,Brentford,Wolverhampton
6,47,Leeds,Wolverhampton
6,47,Norwich,Wolverhampton
6,47,Islington,Wolverhampton
6,47,Newcastle,Wolverhampton
6,47,United,Wolverhampton
6,47,Watford,Wolverhampton
6,47,City,Wolverhampton
6,47,Leicester,Wolverhampton
6,47,Chelsea,Wolverhampton
6,47,Brighton,Wolverhampton
6,47,West Ham,Southampton
6,47,Palace,Southampton
6,47,Burnley,Southampton
6,47,Brentford,Southampton
6,47,Leeds,Southampton
6,47,Norwich,Southampton
6,47,Islington,Southampton
6,47,Newcastle,Southampton
6,47,United,Southampton
6,47,Watford,Southampton
6,47,City,Southampton
6,47,Leicester,Southampton
6,47,Chelsea,Southampton
6,47,Brighton,Southampton
6,47,Palace,West Ham
6,47,Burnley,West Ham
6,47,Brentford,West Ham
6,47,Leeds,West Ham
6,47,Norwich,West Ham
6,47,Islington,West Ham
6,47,Newcastle,West Ham
6,47,United,West Ham
6,47,Watford,West Ham
6,47,City,West Ham
6,47,Leicester,West Ham
6,47,Chelsea,West Ham
6,47,Brighton,West Ham
6,47,Burnley,Palace
6,47,Brentford,Palace
6,47,Leeds,Palace
6,47,Norwich,Palace
6,47,Islington,Palace
6,47,Newcastle,Palace
6,47,United,Palace
6,47,Watford,Palace
6,47,City,Palace
6,47,Leicester,Palace
6,47,Chelsea,Palace
6,47,Brighton,Palace
6,47,Brentford,Burnley
6,47,Leeds,Burnley
6,47,Norwich,Burnley
6,47,Islington,Burnley
6,47,Newcastle,Burnley
6,47,United,Burnley
6,47,Watford,Burnley
6,47,City,Burnley
6,47,Leicester,Burnley
6,47,Chelsea,Burnley
6,47,Brighton,Burnley
6,47,Leeds,Brentford
6,47,Norwich,Brentford
6,47,Islington,Brentford
6,47,Newcastle,Brentford
6,47,United,Brentford
6,47,Watford,Brentford
6,47,City,Brentford
6,47,Leicester,Brentford
6,47,Chelsea,Brentford
6,47,Brighton,Brentford
6,47,Norwich,Leeds
6,47,Islington,Leeds
6,47,Newcastle,Leeds
6,47,United,Leeds
6,47,Watford,Leeds
6,47,City,Leeds
6,47,Leicester,Leeds
6,47,Chelsea,Leeds
6,47,Brighton,Leeds
6,47,Islington,Norwich
6,47,Newcastle,Norwich
6,47,United,Norwich
6,47,Watford,Norwich
6,47,City,Norwich
6,47,Leicester,Norwich
6,47,Chelsea,Norwich
6,47,Brighton,Norwich
6,47,Newcastle,Islington
6,47,United,Islington
6,47,Watford,Islington
6,47,City,Islington
6,47,Leicester,Islington
6,47,Chelsea,Islington
6,47,Brighton,Islington
6,47,United,Newcastle
6,47,Watford,Newcastle
6,47,City,Newcastle
6,47,Leicester,Newcastle
6,47,Chelsea,Newcastle
6,47,Brighton,Newcastle
6,47,Watford,United
6,47,City,United
6,47,Leicester,United
6,47,Chelsea,United
6,47,Brighton,United
6,47,City,Watford
6,47,Leicester,Watford
6,47,Chelsea,Watford
6,47,Brighton,Watford
6,47,Leicester,City
6,47,Chelsea,City
6,47,Brighton,City
6,47,Chelsea,Leicester
6,47,Brighton,Leicester
6,47,Brighton,Chelsea
6,50,Liverpool,Tottenham
6,50,Aston,Tottenham
6,50,Everton,Tottenham
6,50,Wolverhampton,Tottenham
6,50,Southampton,Tottenham
6,50,West Ham,Tottenham
6,50,Palace,Tottenham
6,50,Burnley,Tottenham
6,50,Brentford,Tottenham
6,50,Leeds,Tottenham
6,50,Norwich,Tottenham
6,50,Islington,Tottenham
6,50,Newcastle,Tottenham
6,50,United,Tottenham
6,50,Watford,Tottenham
6,50,City,Tottenham
6,50,Leicester,Tottenham
6,50,Chelsea,Tottenham
6,50,Brighton,Tottenham
6,50,Aston,Liverpool
6,50,Everton,Liverpool
6,50,Wolverhampton,Liverpool
6,50,Southampton,Liverpool
6,50,West Ham,Liverpool
6,50,Palace,Liverpool
6,50,Burnley,Liverpool
6,50,Brentford,Liverpool
6,50,Leeds,Liverpool
6,50,Norwich,Liverpool
6,50,Islington,Liverpool
6,50,Newcastle,Liverpool
6,50,United,Liverpool
6,50,Watford,Liverpool
6,50,City,Liverpool
6,50,Leicester,Liverpool
6,50,Chelsea,Liverpool
6,50,Brighton,Liverpool
6,50,Everton,Aston
6,50,Wolverhampton,Aston
6,50,Southampton,Aston
6,50,West Ham,Aston
6,50,Palace,Aston
6,50,Burnley,Aston
6,50,Brentford,Aston
6,50,Leeds,Aston
6,50,Norwich,Aston
6,50,Islington,Aston
6,50,Newcastle,Aston
6,50,United,Aston
6,50,Watford,Aston
6,50,City,Aston
6,50,Leicester,Aston
6,50,Chelsea,Aston
6,50,Brighton,Aston
6,50,Wolverhampton,Everton
6,50,Southampton,Everton
6,50,West Ham,Everton
6,50,Palace,Everton
6,50,Burnley,Everton
6,50,Brentford,Everton
6,50,Leeds,Everton
6,50,Norwich,Everton
6,50,Islington,Everton
6,50,Newcastle,Everton
6,50,United,Everton
6,50,Watford,Everton
6,50,City,Everton
6,50,Leicester,Everton
6,50,Chelsea,Everton
6,50,Brighton,Everton
6,50,Southampton,Wolverhampton
6,50,West Ham,Wolverhampton
6,50,Palace,Wolverhampton
6,50,Burnley,Wolverhampton
6,50,Brentford,Wolverhampton
6,50,Leeds,Wolverhampton
6,50,Norwich,Wolverhampton
6,50,Islington,Wolverhampton
6,50,Newcastle,Wolverhampton
6,50,United,Wolverhampton
6,50,Watford,Wolverhampton
6,50,City,Wolverhampton
6,50,Leicester,Wolverhampton
6,50,Chelsea,Wolverhampton
6,50,Brighton,Wolverhampton
6,50,West Ham,Southampton
6,50,Palace,Southampton
6,50,Burnley,Southampton
6,50,Brentford,Southampton
6,50,Leeds,Southampton
6,50,Norwich,Southampton
6,50,Islington,Southampton
6,50,Newcastle,Southampton
6,50,United,Southampton
6,50,Watford,Southampton
6,50,City,Southampton
6,50,Leicester,Southampton
6,50,Chelsea,Southampton
6,50,Brighton,Southampton
6,50,Palace,West Ham
6,50,Burnley,West Ham
6,50,Brentford,West Ham
6,50,Leeds,West Ham
6,50,Norwich,West Ham
6,50,Islington,West Ham
6,50,Newcastle,West Ham
6,50,United,West Ham
6,50,Watford,West Ham
6,50,City,West Ham
6,50,Leicester,West Ham
6,50,Chelsea,West Ham
6,50,Brighton,West Ham
6,50,Burnley,Palace
6,50,Brentford,Palace
6,50,Leeds,Palace
6,50,Norwich,Palace
6,50,Islington,Palace
6,50,Newcastle,Palace
6,50,United,Palace
6,50,Watford,Palace
6,50,City,Palace
6,50,Leicester,Palace
6,50,Chelsea,Palace
6,50,Brighton,Palace
6,50,Brentford,Burnley
6,50,Leeds,Burnley
6,50,Norwich,Burnley
6,50,Islington,Burnley
6,50,Newcastle,Burnley
6,50,United,Burnley
6,50,Watford,Burnley
6,50,City,Burnley
6,50,Leicester,Burnley
6,50,Chelsea,Burnley
6,50,Brighton,Burnley
6,50,Leeds,Brentford
6,50,Norwich,Brentford
6,50,Islington,Brentford
6,50,Newcastle,Brentford
6,50,United,Brentford
6,50,Watford,Brentford
6,50,City,Brentford
6,50,Leicester,Brentford
6,50,Chelsea,Brentford
6,50,Brighton,Brentford
6,50,Norwich,Leeds
6,50,Islington,Leeds
6,50,Newcastle,Leeds
6,50,United,Leeds
6,50,Watford,Leeds
6,50,City,Leeds
6,50,Leicester,Leeds
6,50,Chelsea,Leeds
6,50,Brighton,Leeds
6,50,Islington,Norwich
6,50,Newcastle,Norwich
6,50,United,Norwich
6,50,Watford,Norwich
6,50,City,Norwich
6,50,Leicester,Norwich
6,50,Chelsea,Norwich
6,50,Brighton,Norwich
6,50,Newcastle,Islington
6,50,United,Islington
6,50,Watford,Islington
6,50,City,Islington
6,50,Leicester,Islington
6,50,Chelsea,Islington
6,50,Brighton,Islington
6,50,United,Newcastle
6,50,Watford,Newcastle
6,50,City,Newcastle
6,50,Leicester,Newcastle
6,50,Chelsea,Newcastle
6,50,Brighton,Newcastle
6,50,Watford,United
6,50,City,United
6,50,Leicester,United
6,50,Chelsea,United
6,50,Brighton,United
6,50,City,Watford
6,50,Leicester,Watford
6,50,Chelsea,Watford
6,50,Brighton,Watford
6,50,Leicester,City
6,50,Chelsea,City
6,50,Brighton,City
6,50,Chelsea,Leicester
6,50,Brighton,Leicester
6,50,Brighton,Chelsea
6,53,Liverpool,Tottenham
6,53,Aston,Tottenham
6,53,Everton,Tottenham
6,53,Wolverhampton,Tottenham
6,53,Southampton,Tottenham
6,53,West Ham,Tottenham
6,53,Palace,Tottenham
6,53,Burnley,Tottenham
6,53,Brentford,Tottenham
6,53,Leeds,Tottenham
6,53,Norwich,Tottenham
6,53,Islington,Tottenham
6,53,Newcastle,Tottenham
6,53,United,Tottenham
6,53,Watford,Tottenham
6,53,City,Tottenham
6,53,Leicester,Tottenham
6,53,Chelsea,Tottenham
6,53,Brighton,Tottenham
6,53,Aston,Liverpool
6,53,Everton,Liverpool
6,53,Wolverhampton,Liverpool
6,53,Southampton,Liverpool
6,53,West Ham,Liverpool
6,53,Palace,Liverpool
6,53,Burnley,Liverpool
6,53,Brentford,Liverpool
6,53,Leeds,Liverpool
6,53,Norwich,Liverpool
6,53,Islington,Liverpool
6,53,Newcastle,Liverpool
6,53,United,Liverpool
6,53,Watford,Liverpool
6,53,City,Liverpool
6,53,Leicester,Liverpool
6,53,Chelsea,Liverpool
6,53,Brighton,Liverpool
6,53,Everton,Aston
6,53,Wolverhampton,Aston
6,53,Southampton,Aston
6,53,West Ham,Aston
6,53,Palace,Aston
6,53,Burnley,Aston
6,53,Brentford,Aston
6,53,Leeds,Aston
6,53,Norwich,Aston
6,53,Islington,Aston
6,53,Newcastle,Aston
6,53,United,Aston
6,53,Watford,Aston
6,53,City,Aston
6,53,Leicester,Aston
6,53,Chelsea,Aston
6,53,Brighton,Aston
6,53,Wolverhampton,Everton
6,53,Southampton,Everton
6,53,West Ham,Everton
6,53,Palace,Everton
6,53,Burnley,Everton
6,53,Brentford,Everton
6,53,Leeds,Everton
6,53,Norwich,Everton
6,53,Islington,Everton
6,53,Newcastle,Everton
6,53,United,Everton
6,53,Watford,Everton
6,53,City,Everton
6,53,Leicester,Everton
6,53,Chelsea,Everton
6,53,Brighton,Everton
6,53,Southampton,Wolverhampton
6,53,West Ham,Wolverhampton
6,53,Palace,Wolverhampton
6,53,Burnley,Wolverhampton
6,53,Brentford,Wolverhampton
6,53,Leeds,Wolverhampton
6,53,Norwich,Wolverhampton
6,53,Islington,Wolverhampton
6,53,Newcastle,Wolverhampton
6,53,United,Wolverhampton
6,53,Watford,Wolverhampton
6,53,City,Wolverhampton
6,53,Leicester,Wolverhampton
6,53,Chelsea,Wolverhampton
6,53,Brighton,Wolverhampton
6,53,West Ham,Southampton
6,53,Palace,Southampton
6,53,Burnley,Southampton
6,53,Brentford,Southampton
6,53,Leeds,Southampton
6,53,Norwich,Southampton
6,53,Islington,Southampton
6,53,Newcastle,Southampton
6,53,United,Southampton
6,53,Watford,Southampton
6,53,City,Southampton
6,53,Leicester,Southampton
6,53,Chelsea,Southampton
6,53,Brighton,Southampton
6,53,Palace,West Ham
6,53,Burnley,West Ham
6,53,Brentford,West Ham
6,53,Leeds,West Ham
6,53,Norwich,West Ham
6,53,Islington,West Ham
6,53,Newcastle,West Ham
6,53,United,West Ham
6,53,Watford,West Ham
6,53,City,West Ham
6,53,Leicester,West Ham
6,53,Chelsea,West Ham
6,53,Brighton,West Ham
6,53,Burnley,Palace
6,53,Brentford,Palace
6,53,Leeds,Palace
6,53,Norwich,Palace
6,53,Islington,Palace
6,53,Newcastle,Palace
6,53,United,Palace
6,53,Watford,Palace
6,53,City,Palace
6,53,Leicester,Palace
6,53,Chelsea,Palace
6,53,Brighton,Palace
6,53,Brentford,Burnley
6,53,Leeds,Burnley
6,53,Norwich,Burnley
6,53,Islington,Burnley
6,53,Newcastle,Burnley
6,53,United,Burnley
6,53,Watford,Burnley
6,53,City,Burnley
6,53,Leicester,Burnley
6,53,Chelsea,Burnley
6,53,Brighton,Burnley
6,53,Leeds,Brentford
6,53,Norwich,Brentford
6,53,Islington,Brentford
6,53,Newcastle,Brentford
6,53,United,Brentford
6,53,Watford,Brentford
6,53,City,Brentford
6,53,Leicester,Brentford
6,53,Chelsea,Brentford
6,53,Brighton,Brentford
6,53,Norwich,Leeds
6,53,Islington,Leeds
6,53,Newcastle,Leeds
6,53,United,Leeds
6,53,Watford,Leeds
6,53,City,Leeds
6,53,Leicester,Leeds
6,53,Chelsea,Leeds
6,53,Brighton,Leeds
6,53,Islington,Norwich
6,53,Newcastle,Norwich
6,53,United,Norwich
6,53,Watford,Norwich
6,53,City,Norwich
6,53,Leicester,Norwich
6,53,Chelsea,Norwich
6,53,Brighton,Norwich
6,53,Newcastle,Islington
6,53,United,Islington
6,53,Watford,Islington
6,53,City,Islington
6,53,Leicester,Islington
6,53,Chelsea,Islington
6,53,Brighton,Islington
6,53,United,Newcastle
6,53,Watford,Newcastle
6,53,City,Newcastle
6,53,Leicester,Newcastle
6,53,Chelsea,Newcastle
6,53,Brighton,Newcastle
6,53,Watford,United
6,53,City,United
6,53,Leicester,United
6,53,Chelsea,United
6,53,Brighton,United
6,53,City,Watford
6,53,Leicester,Watford
6,53,Chelsea,Watford
6,53,Brighton,Watford
6,53,Leicester,City
6,53,Chelsea,City
6,53,Brighton,City
6,53,Chelsea,Leicester
6,53,Brighton,Leicester
6,53,Brighton,Chelsea
6,56,Liverpool,Tottenham
6,56,Aston,Tottenham
6,56,Everton,Tottenham
6,56,Wolverhampton,Tottenham
6,56,Southampton,Tottenham
6,56,West Ham,Tottenham
6,56,Palace,Tottenham
6,56,Burnley,Tottenham
6,56,Brentford,Tottenham
6,56,Leeds,Tottenham
6,56,Norwich,Tottenham
6,56,Islington,Tottenham
6,56,Newcastle,Tottenham
6,56,United,Tottenham
6,56,Watford,Tottenham
6,56,City,Tottenham
6,56,Leicester,Tottenham
6,56,Chelsea,Tottenham
6,56,Brighton,Tottenham
6,56,Aston,Liverpool
6,56,Everton,Liverpool
6,56,Wolverhampton,Liverpool
6,56,Southampton,Liverpool
6,56,West Ham,Liverpool
6,56,Palace,Liverpool
6,56,Burnley,Liverpool
6,56,Brentford,Liverpool
6,56,Leeds,Liverpool
6,56,Norwich,Liverpool
6,56,Islington,Liverpool
6,56,Newcastle,Liverpool
6,56,United,Liverpool
6,56,Watford,Liverpool
6,56,City,Liverpool
6,56,Leicester,Liverpool
6,56,Chelsea,Liverpool
6,56,Brighton,Liverpool
6,56,Everton,Aston
6,56,Wolverhampton,Aston
6,56,Southampton,Aston
6,56,West Ham,Aston
6,56,Palace,Aston
6,56,Burnley,Aston
6,56,Brentford,Aston
6,56,Leeds,Aston
6,56,Norwich,Aston
6,56,Islington,Aston
6,56,Newcastle,Aston
6,56,United,Aston
6,56,Watford,Aston
6,56,City,Aston
6,56,Leicester,Aston
6,56,Chelsea,Aston
6,56,Brighton,Aston
6,56,Wolverhampton,Everton
6,56,Southampton,Everton
6,56,West Ham,Everton
6,56,Palace,Everton
6,56,Burnley,Everton
6,56,Brentford,Everton
6,56,Leeds,Everton
6,56,Norwich,Everton
6,56,Islington,Everton
6,56,Newcastle,Everton
6,56,United,Everton
6,56,Watford,Everton
6,56,City,Everton
6,56,Leicester,Everton
6,56,Chelsea,Everton
6,56,Brighton,Everton
6,56,Southampton,Wolverhampton
6,56,West Ham,Wolverhampton
6,56,Palace,Wolverhampton
6,56,Burnley,Wolverhampton
6,56,Brentford,Wolverhampton
6,56,Leeds,Wolverhampton
6,56,Norwich,Wolverhampton
6,56,Islington,Wolverhampton
6,56,Newcastle,Wolverhampton
6,56,United,Wolverhampton
6,56,Watford,Wolverhampton
6,56,City,Wolverhampton
6,56,Leicester,Wolverhampton
6,56,Chelsea,Wolverhampton
6,56,Brighton,Wolverhampton
6,56,West Ham,Southampton
6,56,Palace,Southampton
6,56,Burnley,Southampton
6,56,Brentford,Southampton
6,56,Leeds,Southampton
6,56,Norwich,Southampton
6,56,Islington,Southampton
6,56,Newcastle,Southampton
6,56,United,Southampton
6,56,Watford,Southampton
6,56,City,Southampton
6,56,Leicester,Southampton
6,56,Chelsea,Southampton
6,56,Brighton,Southampton
6,56,Palace,West Ham
6,56,Burnley,West Ham
6,56,Brentford,West Ham
6,56,Leeds,West Ham
6,56,Norwich,West Ham
6,56,Islington,West Ham
6,56,Newcastle,West Ham
6,56,United,West Ham
6,56,Watford,West Ham
6,56,City,West Ham
6,56,Leicester,West Ham
6,56,Chelsea,West Ham
6,56,Brighton,West Ham
6,56,Burnley,Palace
6,56,Brentford,Palace
6,56,Leeds,Palace
6,56,Norwich,Palace
6,56,Islington,Palace
6,56,Newcastle,Palace
6,56,United,Palace
6,56,Watford,Palace
6,56,City,Palace
6,56,Leicester,Palace
6,56,Chelsea,Palace
6,56,Brighton,Palace
6,56,Brentford,Burnley
6,56,Leeds,Burnley
6,56,Norwich,Burnley
6,56,Islington,Burnley
6,56,Newcastle,Burnley
6,56,United,Burnley
6,56,Watford,Burnley
6,56,City,Burnley
6,56,Leicester,Burnley
6,56,Chelsea,Burnley
6,56,Brighton,Burnley
6,56,Leeds,Brentford
6,56,Norwich,Brentford
6,56,Islington,Brentford
6,56,Newcastle,Brentford
6,56,United,Brentford
6,56,Watford,Brentford
6,56,City,Brentford
6,56,Leicester,Brentford
6,56,Chelsea,Brentford
6,56,Brighton,Brentford
6,56,Norwich,Leeds
6,56,Islington,Leeds
6,56,Newcastle,Leeds
6,56,United,Leeds
6,56,Watford,Leeds
6,56,City,Leeds
6,56,Leicester,Leeds
6,56,Chelsea,Leeds
6,56,Brighton,Leeds
6,56,Islington,Norwich
6,56,Newcastle,Norwich
6,56,United,Norwich
6,56,Watford,Norwich
6,56,City,Norwich
6,56,Leicester,Norwich
6,56,Chelsea,Norwich
6,56,Brighton,Norwich
6,56,Newcastle,Islington
6,56,United,Islington
6,56,Watford,Islington
6,56,City,Islington
6,56,Leicester,Islington
6,56,Chelsea,Islington
6,56,Brighton,Islington
6,56,United,Newcastle
6,56,Watford,Newcastle
6,56,City,Newcastle
6,56,Leicester,Newcastle
6,56,Chelsea,Newcastle
6,56,Brighton,Newcastle
6,56,Watford,United
6,56,City,United
6,56,Leicester,United
6,56,Chelsea,United
6,56,Brighton,United
6,56,City,Watford
6,56,Leicester,Watford
6,56,Chelsea,Watford
6,56,Brighton,Watford
6,56,Leicester,City
6,56,Chelsea,City
6,56,Brighton,City
6,56,Chelsea,Leicester
6,56,Brighton,Leicester
6,56,Brighton,Chelsea
6,59,Liverpool,Tottenham
6,59,Aston,Tottenham
6,59,Everton,Tottenham
6,59,Wolverhampton,Tottenham
6,59,Southampton,Tottenham
6,59,West Ham,Tottenham
6,59,Palace,Tottenham
6,59,Burnley,Tottenham
6,59,Brentford,Tottenham
6,59,Leeds,Tottenham
6,59,Norwich,Tottenham
6,59,Islington,Tottenham
6,59,Newcastle,Tottenham
6,59,United,Tottenham
6,59,Watford,Tottenham
6,59,City,Tottenham
6,59,Leicester,Tottenham
6,59,Chelsea,Tottenham
6,59,Brighton,Tottenham
6,59,Aston,Liverpool
6,59,Everton,Liverpool
6,59,Wolverhampton,Liverpool
6,59,Southampton,Liverpool
6,59,West Ham,Liverpool
6,59,Palace,Liverpool
6,59,Burnley,Liverpool
6,59,Brentford,Liverpool
6,59,Leeds,Liverpool
6,59,Norwich,Liverpool
6,59,Islington,Liverpool
6,59,Newcastle,Liverpool
6,59,United,Liverpool
6,59,Watford,Liverpool
6,59,City,Liverpool
6,59,Leicester,Liverpool
6,59,Chelsea,Liverpool
6,59,Brighton,Liverpool
6,59,Everton,Aston
6,59,Wolverhampton,Aston
6,59,Southampton,Aston
6,59,West Ham,Aston
6,59,Palace,Aston
6,59,Burnley,Aston
6,59,Brentford,Aston
6,59,Leeds,Aston
6,59,Norwich,Aston
6,59,Islington,Aston
6,59,Newcastle,Aston
6,59,United,Aston
6,59,Watford,Aston
6,59,City,Aston
6,59,Leicester,Aston
6,59,Chelsea,Aston
6,59,Brighton,Aston
6,59,Wolverhampton,Everton
6,59,Southampton,Everton
6,59,West Ham,Everton
6,59,Palace,Everton
6,59,Burnley,Everton
6,59,Brentford,Everton
6,59,Leeds,Everton
6,59,Norwich,Everton
6,59,Islington,Everton
6,59,Newcastle,Everton
6,59,United,Everton
6,59,Watford,Everton
6,59,City,Everton
6,59,Leicester,Everton
6,59,Chelsea,Everton
6,59,Brighton,Everton
6,59,Southampton,Wolverhampton
6,59,West Ham,Wolverhampton
6,59,Palace,Wolverhampton
6,59,Burnley,Wolverhampton
6,59,Brentford,Wolverhampton
6,59,Leeds,Wolverhampton
6,59,Norwich,Wolverhampton
6,59,Islington,Wolverhampton
6,59,Newcastle,Wolverhampton
6,59,United,Wolverhampton
6,59,Watford,Wolverhampton
6,59,City,Wolverhampton
6,59,Leicester,Wolverhampton
6,59,Chelsea,Wolverhampton
6,59,Brighton,Wolverhampton
6,59,West Ham,Southampton
6,59,Palace,Southampton
6,59,Burnley,Southampton
6,59,Brentford,Southampton
6,59,Leeds,Southampton
6,59,Norwich,Southampton
6,59,Islington,Southampton
6,59,Newcastle,Southampton
6,59,United,Southampton
6,59,Watford,Southampton
6,59,City,Southampton
6,59,Leicester,Southampton
6,59,Chelsea,Southampton
6,59,Brighton,Southampton
6,59,Palace,West Ham
6,59,Burnley,West Ham
6,59,Brentford,West Ham
6,59,Leeds,West Ham
6,59,Norwich,West Ham
6,59,Islington,West Ham
6,59,Newcastle,West Ham
6,59,United,West Ham
6,59,Watford,West Ham
6,59,City,West Ham
6,59,Leicester,West Ham
6,59,Chelsea,West Ham
6,59,Brighton,West Ham
6,59,Burnley,Palace
6,59,Brentford,Palace
6,59,Leeds,Palace
6,59,Norwich,Palace
6,59,Islington,Palace
6,59,Newcastle,Palace
6,59,United,Palace
6,59,Watford,Palace
6,59,City,Palace
6,59,Leicester,Palace
6,59,Chelsea,Palace
6,59,Brighton,Palace
6,59,Brentford,Burnley
6,59,Leeds,Burnley
6,59,Norwich,Burnley
6,59,Islington,Burnley
6,59,Newcastle,Burnley
6,59,United,Burnley
6,59,Watford,Burnley
6,59,City,Burnley
6,59,Leicester,Burnley
6,59,Chelsea,Burnley
6,59,Brighton,Burnley
6,59,Leeds,Brentford
6,59,Norwich,Brentford
6,59,Islington,Brentford
6,59,Newcastle,Brentford
6,59,United,Brentford
6,59,Watford,Brentford
6,59,City,Brentford
6,59,Leicester,Brentford
6,59,Chelsea,Brentford
6,59,Brighton,Brentford
6,59,Norwich,Leeds
6,59,Islington,Leeds
6,59,Newcastle,Leeds
6,59,United,Leeds
6,59,Watford,Leeds
6,59,City,Leeds
6,59,Leicester,Leeds
6,59,Chelsea,Leeds
6,59,Brighton,Leeds
6,59,Islington,Norwich
6,59,Newcastle,Norwich
6,59,United,Norwich
6,59,Watford,Norwich
6,59,City,Norwich
6,59,Leicester,Norwich
6,59,Chelsea,Norwich
6,59,Brighton,Norwich
6,59,Newcastle,Islington
6,59,United,Islington
6,59,Watford,Islington
6,59,City,Islington
6,59,Leicester,Islington
6,59,Chelsea,Islington
6,59,Brighton,Islington
6,59,United,Newcastle
6,59,Watford,Newcastle
6,59,City,Newcastle
6,59,Leicester,Newcastle
6,59,Chelsea,Newcastle
6,59,Brighton,Newcastle
6,59,Watford,United
6,59,City,United
6,59,Leicester,United
6,59,Chelsea,United
6,59,Brighton,United
6,59,City,Watford
6,59,Leicester,Watford
6,59,Chelsea,Watford
6,59,Brighton,Watford
6,59,Leicester,City
6,59,Chelsea,City
6,59,Brighton,City
6,59,Chelsea,Leicester
6,59,Brighton,Leicester
6,59,Brighton,Chelsea
7,2,Liverpool,Tottenham
7,2,Aston,Tottenham
7,2,Everton,Tottenham
7,2,Wolverhampton,Tottenham
7,2,Southampton,Tottenham
7,2,West Ham,Tottenham
7,2,Palace,Tottenham
7,2,Burnley,Tottenham
7,2,Brentford,Tottenham
7,2,Leeds,Tottenham
7,2,Norwich,Tottenham
7,2,Islington,Tottenham
7,2,Newcastle,Tottenham
7,2,United,Tottenham
7,2,Watford,Tottenham
7,2,City,Tottenham
7,2,Leicester,Tottenham
7,2,Chelsea,Tottenham
7,2,Brighton,Tottenham
7,2,Aston,Liverpool
7,2,Everton,Liverpool
7,2,Wolverhampton,Liverpool
7,2,Southampton,Liverpool
7,2,West Ham,Liverpool
7,2,Palace,Liverpool
7,2,Burnley,Liverpool
7,2,Brentford,Liverpool
7,2,Leeds,Liverpool
7,2,Norwich,Liverpool
7,2,Islington,Liverpool
7,2,Newcastle,Liverpool
7,2,United,Liverpool
7,2,Watford,Liverpool
7,2,City,Liverpool
7,2,Leicester,Liverpool
7,2,Chelsea,Liverpool
7,2,Brighton,Liverpool
7,2,Everton,Aston
7,2,Wolverhampton,Aston
7,2,Southampton,Aston
7,2,West Ham,Aston
7,2,Palace,Aston
7,2,Burnley,Aston
7,2,Brentford,Aston
7,2,Leeds,Aston
7,2,Norwich,Aston
7,2,Islington,Aston
7,2,Newcastle,Aston
7,2,United,Aston
7,2,Watford,Aston
7,2,City,Aston
7,2,Leicester,Aston
7,2,Chelsea,Aston
7,2,Brighton,Aston
7,2,Wolverhampton,Everton
7,2,Southampton,Everton
7,2,West Ham,Everton
7,2,Palace,Everton
7,2,Burnley,Everton
7,2,Brentford,Everton
7,2,Leeds,Everton
7,2,Norwich,Everton
7,2,Islington,Everton
7,2,Newcastle,Everton
7,2,United,Everton
7,2,Watford,Everton
7,2,City,Everton
7,2,Leicester,Everton
7,2,Chelsea,Everton
7,2,Brighton,Everton
7,2,Southampton,Wolverhampton
7,2,West Ham,Wolverhampton
7,2,Palace,Wolverhampton
7,2,Burnley,Wolverhampton
7,2,Brentford,Wolverhampton
7,2,Leeds,Wolverhampton
7,2,Norwich,Wolverhampton
7,2,Islington,Wolverhampton
7,2,Newcastle,Wolverhampton
7,2,United,Wolverhampton
7,2,Watford,Wolverhampton
7,2,City,Wolverhampton
7,2,Leicester,Wolverhampton
7,2,Chelsea,Wolverhampton
7,2,Brighton,Wolverhampton
7,2,West Ham,Southampton
7,2,Palace,Southampton
7,2,Burnley,Southampton
7,2,Brentford,Southampton
7,2,Leeds,Southampton
7,2,Norwich,Southampton
7,2,Islington,Southampton
7,2,Newcastle,Southampton
7,2,United,Southampton
7,2,Watford,Southampton
7,2,City,Southampton
7,2,Leicester,Southampton
7,2,Chelsea,Southampton
7,2,Brighton,Southampton
7,2,Palace,West Ham
7,2,Burnley,West Ham
7,2,Brentford,West Ham
7,2,Leeds,West Ham
7,2,Norwich,West Ham
7,2,Islington,West Ham
7,2,Newcastle,West Ham
7,2,United,West Ham
7,2,Watford,West Ham
7,2,City,West Ham
7,2,Leicester,West Ham
7,2,Chelsea,West Ham
7,2,Brighton,West Ham
7,2,Burnley,Palace
7,2,Brentford,Palace
7,2,Leeds,Palace
7,2,Norwich,Palace
7,2,Islington,Palace
7,2,Newcastle,Palace
7,2,United,Palace
7,2,Watford,Palace
7,2,City,Palace
7,2,Leicester,Palace
7,2,Chelsea,Palace
7,2,Brighton,Palace
7,2,Brentford,Burnley
7,2,Leeds,Burnley
7,2,Norwich,Burnley
7,2,Islington,Burnley
7,2,Newcastle,Burnley
7,2,United,Burnley
7,2,Watford,Burnley
7,2,City,Burnley
7,2,Leicester,Burnley
7,2,Chelsea,Burnley
7,2,Brighton,Burnley
7,2,Leeds,Brentford
7,2,Norwich,Brentford
7,2,Islington,Brentford
7,2,Newcastle,Brentford
7,2,United,Brentford
7,2,Watford,Brentford
7,2,City,Brentford
7,2,Leicester,Brentford
7,2,Chelsea,Brentford
7,2,Brighton,Brentford
7,2,Norwich,Leeds
7,2,Islington,Leeds
7,2,Newcastle,Leeds
7,2,United,Leeds
7,2,Watford,Leeds
7,2,City,Leeds
7,2,Leicester,Leeds
7,2,Chelsea,Leeds
7,2,Brighton,Leeds
7,2,Islington,Norwich
7,2,Newcastle,Norwich
7,2,United,Norwich
7,2,Watford,Norwich
7,2,City,Norwich
7,2,Leicester,Norwich
7,2,Chelsea,Norwich
7,2,Brighton,Norwich
7,2,Newcastle,Islington
7,2,United,Islington
7,2,Watford,Islington
7,2,City,Islington
7,2,Leicester,Islington
7,2,Chelsea,Islington
7,2,Brighton,Islington
7,2,United,Newcastle
7,2,Watford,Newcastle
7,2,City,Newcastle
7,2,Leicester,Newcastle
7,2,Chelsea,Newcastle
7,2,Brighton,Newcastle
7,2,Watford,United
7,2,City,United
7,2,Leicester,United
7,2,Chelsea,United
7,2,Brighton,United
7,2,City,Watford
7,2,Leicester,Watford
7,2,Chelsea,Watford
7,2,Brighton,Watford
7,2,Leicester,City
7,2,Chelsea,City
7,2,Brighton,City
7,2,Chelsea,Leicester
7,2,Brighton,Leicester
7,2,Brighton,Chelsea
7,5,Liverpool,Tottenham
7,5,Aston,Tottenham
7,5,Everton,Tottenham
7,5,Wolverhampton,Tottenham
7,5,Southampton,Tottenham
7,5,West Ham,Tottenham
7,5,Palace,Tottenham
7,5,Burnley,Tottenham
7,5,Brentford,Tottenham
7,5,Leeds,Tottenham
7,5,Norwich,Tottenham
7,5,Islington,Tottenham
7,5,Newcastle,Tottenham
7,5,United,Tottenham
7,5,Watford,Tottenham
7,5,City,Tottenham
7,5,Leicester,Tottenham
7,5,Chelsea,Tottenham
7,5,Brighton,Tottenham
7,5,Aston,Liverpool
7,5,Everton,Liverpool
7,5,Wolverhampton,Liverpool
7,5,Southampton,Liverpool
7,5,West Ham,Liverpool
7,5,Palace,Liverpool
7,5,Burnley,Liverpool
7,5,Brentford,Liverpool
7,5,Leeds,Liverpool
7,5,Norwich,Liverpool
7,5,Islington,Liverpool
7,5,Newcastle,Liverpool
7,5,United,Liverpool
7,5,Watford,Liverpool
7,5,City,Liverpool
7,5,Leicester,Liverpool
7,5,Chelsea,Liverpool
7,5,Brighton,Liverpool
7,5,Everton,Aston
7,5,Wolverhampton,Aston
7,5,Southampton,Aston
7,5,West Ham,Aston
7,5,Palace,Aston
7,5,Burnley,Aston
7,5,Brentford,Aston
7,5,Leeds,Aston
7,5,Norwich,Aston
7,5,Islington,Aston
7,5,Newcastle,Aston
7,5,United,Aston
7,5,Watford,Aston
7,5,City,Aston
7,5,Leicester,Aston
7,5,Chelsea,Aston
7,5,Brighton,Aston
7,5,Wolverhampton,Everton
7,5,Southampton,Everton
7,5,West Ham,Everton
7,5,Palace,Everton
7,5,Burnley,Everton
7,5,Brentford,Everton
7,5,Leeds,Everton
7,5,Norwich,Everton
7,5,Islington,Everton
7,5,Newcastle,Everton
7,5,United,Everton
7,5,Watford,Everton
7,5,City,Everton
7,5,Leicester,Everton
7,5,Chelsea,Everton
7,5,Brighton,Everton
7,5,Southampton,Wolverhampton
7,5,West Ham,Wolverhampton
7,5,Palace,Wolverhampton
7,5,Burnley,Wolverhampton
7,5,Brentford,Wolverhampton
7,5,Leeds,Wolverhampton
7,5,Norwich,Wolverhampton
7,5,Islington,Wolverhampton
7,5,Newcastle,Wolverhampton
7,5,United,Wolverhampton
7,5,Watford,Wolverhampton
7,5,City,Wolverhampton
7,5,Leicester,Wolverhampton
7,5,Chelsea,Wolverhampton
7,5,Brighton,Wolverhampton
7,5,West Ham,Southampton
7,5,Palace,Southampton
7,5,Burnley,Southampton
7,5,Brentford,Southampton
7,5,Leeds,Southampton
7,5,Norwich,Southampton
7,5,Islington,Southampton
7,5,Newcastle,Southampton
7,5,United,Southampton
7,5,Watford,Southampton
7,5,City,Southampton
7,5,Leicester,Southampton
7,5,Chelsea,Southampton
7,5,Brighton,Southampton
7,5,Palace,West Ham
7,5,Burnley,West Ham
7,5,Brentford,West Ham
7,5,Leeds,West Ham
7,5,Norwich,West Ham
7,5,Islington,West Ham
7,5,Newcastle,West Ham
7,5,United,West Ham
7,5,Watford,West Ham
7,5,City,West Ham
7,5,Leicester,West Ham
7,5,Chelsea,West Ham
7,5,Brighton,West Ham
7,5,Burnley,Palace
7,5,Brentford,Palace
7,5,Leeds,Palace
7,5,Norwich,Palace
7,5,Islington,Palace
7,5,Newcastle,Palace
7,5,United,Palace
7,5,Watford,Palace
7,5,City,Palace
7,5,Leicester,Palace
7,5,Chelsea,Palace
7,5,Brighton,Palace
7,5,Brentford,Burnley
7,5,Leeds,Burnley
7,5,Norwich,Burnley
7,5,Islington,Burnley
7,5,Newcastle,Burnley
7,5,United,Burnley
7,5,Watford,Burnley
7,5,City,Burnley
7,5,Leicester,Burnley
7,5,Chelsea,Burnley
7,5,Brighton,Burnley
7,5,Leeds,Brentford
7,5,Norwich,Brentford
7,5,Islington,Brentford
7,5,Newcastle,Brentford
7,5,United,Brentford
7,5,Watford,Brentford
7,5,City,Brentford
7,5,Leicester,Brentford
7,5,Chelsea,Brentford
7,5,Brighton,Brentford
7,5,Norwich,Leeds
7,5,Islington,Leeds
7,5,Newcastle,Leeds
7,5,United,Leeds
7,5,Watford,Leeds
7,5,City,Leeds
7,5,Leicester,Leeds
7,5,Chelsea,Leeds
7,5,Brighton,Leeds
7,5,Islington,Norwich
7,5,Newcastle,Norwich
7,5,United,Norwich
7,5,Watford,Norwich
7,5,City,Norwich
7,5,Leicester,Norwich
7,5,Chelsea,Norwich
7,5,Brighton,Norwich
7,5,Newcastle,Islington
7,5,United,Islington
7,5,Watford,Islington
7,5,City,Islington
7,5,Leicester,Islington
7,5,Chelsea,Islington
7,5,Brighton,Islington
7,5,United,Newcastle
7,5,Watford,Newcastle
7,5,City,Newcastle
7,5,Leicester,Newcastle
7,5,Chelsea,Newcastle
7,5,Brighton,Newcastle
7,5,Watford,United
7,5,City,United
7,5,Leicester,United
7,5,Chelsea,United
7,5,Brighton,United
7,5,City,Watford
7,5,Leicester,Watford
7,5,Chelsea,Watford
7,5,Brighton,Watford
7,5,Leicester,City
7,5,Chelsea,City
7,5,Brighton,City
7,5,Chelsea,Leicester
7,5,Brighton,Leicester
7,5,Brighton,Chelsea
7,8,Liverpool,Tottenham
7,8,Aston,Tottenham
7,8,Everton,Tottenham
7,8,Wolverhampton,Tottenham
7,8,Southampton,Tottenham
7,8,West Ham,Tottenham
7,8,Palace,Tottenham
7,8,Burnley,Tottenham
7,8,Brentford,Tottenham
7,8,Leeds,Tottenham
7,8,Norwich,Tottenham
7,8,Islington,Tottenham
7,8,Newcastle,Tottenham
7,8,United,Tottenham
7,8,Watford,Tottenham
7,8,City,Tottenham
7,8,Leicester,Tottenham
7,8,Chelsea,Tottenham
7,8,Brighton,Tottenham
7,8,Aston,Liverpool
7,8,Everton,Liverpool
7,8,Wolverhampton,Liverpool
7,8,Southampton,Liverpool
7,8,West Ham,Liverpool
7,8,Palace,Liverpool
7,8,Burnley,Liverpool
7,8,Brentford,Liverpool
7,8,Leeds,Liverpool
7,8,Norwich,Liverpool
7,8,Islington,Liverpool
7,8,Newcastle,Liverpool
7,8,United,Liverpool
7,8,Watford,Liverpool
7,8,City,Liverpool
7,8,Leicester,Liverpool
7,8,Chelsea,Liverpool
7,8,Brighton,Liverpool
7,8,Everton,Aston
7,8,Wolverhampton,Aston
7,8,Southampton,Aston
7,8,West Ham,Aston
7,8,Palace,Aston
7,8,Burnley,Aston
7,8,Brentford,Aston
7,8,Leeds,Aston
7,8,Norwich,Aston
7,8,Islington,Aston
7,8,Newcastle,Aston
7,8,United,Aston
7,8,Watford,Aston
7,8,City,Aston
7,8,Leicester,Aston
7,8,Chelsea,Aston
7,8,Brighton,Aston
7,8,Wolverhampton,Everton
7,8,Southampton,Everton
7,8,West Ham,Everton
7,8,Palace,Everton
7,8,Burnley,Everton
7,8,Brentford,Everton
7,8,Leeds,Everton
7,8,Norwich,Everton
7,8,Islington,Everton
7,8,Newcastle,Everton
7,8,United,Everton
7,8,Watford,Everton
7,8,City,Everton
7,8,Leicester,Everton
7,8,Chelsea,Everton
7,8,Brighton,Everton
7,8,Southampton,Wolverhampton
7,8,West Ham,Wolverhampton
7,8,Palace,Wolverhampton
7,8,Burnley,Wolverhampton
7,8,Brentford,Wolverhampton
7,8,Leeds,Wolverhampton
7,8,Norwich,Wolverhampton
7,8,Islington,Wolverhampton
7,8,Newcastle,Wolverhampton
7,8,United,Wolverhampton
7,8,Watford,Wolverhampton
7,8,City,Wolverhampton
7,8,Leicester,Wolverhampton
7,8,Chelsea,Wolverhampton
7,8,Brighton,Wolverhampton
7,8,West Ham,Southampton
7,8,Palace,Southampton
7,8,Burnley,Southampton
7,8,Brentford,Southampton
7,8,Leeds,Southampton
7,8,Norwich,Southampton
7,8,Islington,Southampton
7,8,Newcastle,Southampton
7,8,United,Southampton
7,8,Watford,Southampton
7,8,City,Southampton
7,8,Leicester,Southampton
7,8,Chelsea,Southampton
7,8,Brighton,Southampton
7,8,Palace,West Ham
7,8,Burnley,West Ham
7,8,Brentford,West Ham
7,8,Leeds,West Ham
7,8,Norwich,West Ham
7,8,Islington,West Ham
7,8,Newcastle,West Ham
7,8,United,West Ham
7,8,Watford,West Ham
7,8,City,West Ham
7,8,Leicester,West Ham
7,8,Chelsea,West Ham
7,8,Brighton,West Ham
7,8,Burnley,Palace
7,8,Brentford,Palace
7,8,Leeds,Palace
7,8,Norwich,Palace
7,8,Islington,Palace
7,8,Newcastle,Palace
7,8,United,Palace
7,8,Watford,Palace
7,8,City,Palace
7,8,Leicester,Palace
7,8,Chelsea,Palace
7,8,Brighton,Palace
7,8,Brentford,Burnley
7,8,Leeds,Burnley
7,8,Norwich,Burnley
7,8,Islington,Burnley
7,8,Newcastle,Burnley
7,8,United,Burnley
7,8,Watford,Burnley
7,8,City,Burnley
7,8,Leicester,Burnley
7,8,Chelsea,Burnley
7,8,Brighton,Burnley
7,8,Leeds,Brentford
7,8,Norwich,Brentford
7,8,Islington,Brentford
7,8,Newcastle,Brentford
7,8,United,Brentford
7,8,Watford,Brentford
7,8,City,Brentford
7,8,Leicester,Brentford
7,8,Chelsea,Brentford
7,8,Brighton,Brentford
7,8,Norwich,Leeds
7,8,Islington,Leeds
7,8,Newcastle,Leeds
7,8,United,Leeds
7,8,Watford,Leeds
7,8,City,Leeds
7,8,Leicester,Leeds
7,8,Chelsea,Leeds
7,8,Brighton,Leeds
7,8,Islington,Norwich
7,8,Newcastle,Norwich
7,8,United,Norwich
7,8,Watford,Norwich
7,8,City,Norwich
7,8,Leicester,Norwich
7,8,Chelsea,Norwich
7,8,Brighton,Norwich
7,8,Newcastle,Islington
7,8,United,Islington
7,8,Watford,Islington
7,8,City,Islington
7,8,Leicester,Islington
7,8,Chelsea,Islington
7,8,Brighton,Islington
7,8,United,Newcastle
7,8,Watford,Newcastle
7,8,City,Newcastle
7,8,Leicester,Newcastle
7,8,Chelsea,Newcastle
7,8,Brighton,Newcastle
7,8,Watford,United
7,8,City,United
7,8,Leicester,United
7,8,Chelsea,United
7,8,Brighton,United
7,8,City,Watford
7,8,Leicester,Watford
7,8,Chelsea,Watford
7,8,Brighton,Watford
7,8,Leicester,City
7,8,Chelsea,City
7,8,Brighton,City
7,8,Chelsea,Leicester
7,8,Brighton,Leicester
7,8,Brighton,Chelsea
7,11,Liverpool,Tottenham
7,11,Aston,Tottenham
7,11,Everton,Tottenham
7,11,Wolverhampton,Tottenham
7,11,Southampton,Tottenham
7,11,West Ham,Tottenham
7,11,Palace,Tottenham
7,11,Burnley,Tottenham
7,11,Brentford,Tottenham
7,11,Leeds,Tottenham
7,11,Norwich,Tottenham
7,11,Islington,Tottenham
7,11,Newcastle,Tottenham
7,11,United,Tottenham
7,11,Watford,Tottenham
7,11,City,Tottenham
7,11,Leicester,Tottenham
7,11,Chelsea,Tottenham
7,11,Brighton,Tottenham
7,11,Aston,Liverpool
7,11,Everton,Liverpool
7,11,Wolverhampton,Liverpool
7,11,Southampton,Liverpool
7,11,West Ham,Liverpool
7,11,Palace,Liverpool
7,11,Burnley,Liverpool
7,11,Brentford,Liverpool
7,11,Leeds,Liverpool
7,11,Norwich,Liverpool
7,11,Islington,Liverpool
7,11,Newcastle,Liverpool
7,11,United,Liverpool
7,11,Watford,Liverpool
7,11,City,Liverpool
7,11,Leicester,Liverpool
7,11,Chelsea,Liverpool
7,11,Brighton,Liverpool
7,11,Everton,Aston
7,11,Wolverhampton,Aston
7,11,Southampton,Aston
7,11,West Ham,Aston
7,11,Palace,Aston
7,11,Burnley,Aston
7,11,Brentford,Aston
7,11,Leeds,Aston
7,11,Norwich,Aston
7,11,Islington,Aston
7,11,Newcastle,Aston
7,11,United,Aston
7,11,Watford,Aston
7,11,City,Aston
7,11,Leicester,Aston
7,11,Chelsea,Aston
7,11,Brighton,Aston
7,11,Wolverhampton,Everton
7,11,Southampton,Everton
7,11,West Ham,Everton
7,11,Palace,Everton
7,11,Burnley,Everton
7,11,Brentford,Everton
7,11,Leeds,Everton
7,11,Norwich,Everton
7,11,Islington,Everton
7,11,Newcastle,Everton
7,11,United,Everton
7,11,Watford,Everton
7,11,City,Everton
7,11,Leicester,Everton
7,11,Chelsea,Everton
7,11,Brighton,Everton
7,11,Southampton,Wolverhampton
7,11,West Ham,Wolverhampton
7,11,Palace,Wolverhampton
7,11,Burnley,Wolverhampton
7,11,Brentford,Wolverhampton
7,11,Leeds,Wolverhampton
7,11,Norwich,Wolverhampton
7,11,Islington,Wolverhampton
7,11,Newcastle,Wolverhampton
7,11,United,Wolverhampton
7,11,Watford,Wolverhampton
7,11,City,Wolverhampton
7,11,Leicester,Wolverhampton
7,11,Chelsea,Wolverhampton
7,11,Brighton,Wolverhampton
7,11,West Ham,Southampton
7,11,Palace,Southampton
7,11,Burnley,Southampton
7,11,Brentford,Southampton
7,11,Leeds,Southampton
7,11,Norwich,Southampton
7,11,Islington,Southampton
7,11,Newcastle,Southampton
7,11,United,Southampton
7,11,Watford,Southampton
7,11,City,Southampton
7,11,Leicester,Southampton
7,11,Chelsea,Southampton
7,11,Brighton,Southampton
7,11,Palace,West Ham
7,11,Burnley,West Ham
7,11,Brentford,West Ham
7,11,Leeds,West Ham
7,11,Norwich,West Ham
7,11,Islington,West Ham
7,11,Newcastle,West Ham
7,11,United,West Ham
7,11,Watford,West Ham
7,11,City,West Ham
7,11,Leicester,West Ham
7,11,Chelsea,West Ham
7,11,Brighton,West Ham
7,11,Burnley,Palace
7,11,Brentford,Palace
7,11,Leeds,Palace
7,11,Norwich,Palace
7,11,Islington,Palace
7,11,Newcastle,Palace
7,11,United,Palace
7,11,Watford,Palace
7,11,City,Palace
7,11,Leicester,Palace
7,11,Chelsea,Palace
7,11,Brighton,Palace
7,11,Brentford,Burnley
7,11,Leeds,Burnley
7,11,Norwich,Burnley
7,11,Islington,Burnley
7,11,Newcastle,Burnley
7,11,United,Burnley
7,11,Watford,Burnley
7,11,City,Burnley
7,11,Leicester,Burnley
7,11,Chelsea,Burnley
7,11,Brighton,Burnley
7,11,Leeds,Brentford
7,11,Norwich,Brentford
7,11,Islington,Brentford
7,11,Newcastle,Brentford
7,11,United,Brentford
7,11,Watford,Brentford
7,11,City,Brentford
7,11,Leicester,Brentford
7,11,Chelsea,Brentford
7,11,Brighton,Brentford
7,11,Norwich,Leeds
7,11,Islington,Leeds
7,11,Newcastle,Leeds
7,11,United,Leeds
7,11,Watford,Leeds
7,11,City,Leeds
7,11,Leicester,Leeds
7,11,Chelsea,Leeds
7,11,Brighton,Leeds
7,11,Islington,Norwich
7,11,Newcastle,Norwich
7,11,United,Norwich
7,11,Watford,Norwich
7,11,City,Norwich
7,11,Leicester,Norwich
7,11,Chelsea,Norwich
7,11,Brighton,Norwich
7,11,Newcastle,Islington
7,11,United,Islington
7,11,Watford,Islington
7,11,City,Islington
7,11,Leicester,Islington
7,11,Chelsea,Islington
7,11,Brighton,Islington
7,11,United,Newcastle
7,11,Watford,Newcastle
7,11,City,Newcastle
7,11,Leicester,Newcastle
7,11,Chelsea,Newcastle
7,11,Brighton,Newcastle
7,11,Watford,United
7,11,City,United
7,11,Leicester,United
7,11,Chelsea,United
7,11,Brighton,United
7,11,City,Watford
7,11,Leicester,Watford
7,11,Chelsea,Watford
7,11,Brighton,Watford
7,11,Leicester,City
7,11,Chelsea,City
7,11,Brighton,City
7,11,Chelsea,Leicester
7,11,Brighton,Leicester
7,11,Brighton,Chelsea
7,14,Liverpool,Tottenham
7,14,Aston,Tottenham
7,14,Everton,Tottenham
7,14,Wolverhampton,Tottenham
7,14,Southampton,Tottenham
7,14,West Ham,Tottenham
7,14,Palace,Tottenham
7,14,Burnley,Tottenham
7,14,Brentford,Tottenham
7,14,Leeds,Tottenham
7,14,Norwich,Tottenham
7,14,Islington,Tottenham
7,14,Newcastle,Tottenham
7,14,United,Tottenham
7,14,Watford,Tottenham
7,14,City,Tottenham
7,14,Leicester,Tottenham
7,14,Chelsea,Tottenham
7,14,Brighton,Tottenham
7,14,Aston,Liverpool
7,14,Everton,Liverpool
7,14,Wolverhampton,Liverpool
7,14,Southampton,Liverpool
7,14,West Ham,Liverpool
7,14,Palace,Liverpool
7,14,Burnley,Liverpool
7,14,Brentford,Liverpool
7,14,Leeds,Liverpool
7,14,Norwich,Liverpool
7,14,Islington,Liverpool
7,14,Newcastle,Liverpool
7,14,United,Liverpool
7,14,Watford,Liverpool
7,14,City,Liverpool
7,14,Leicester,Liverpool
7,14,Chelsea,Liverpool
7,14,Brighton,Liverpool
7,14,Everton,Aston
7,14,Wolverhampton,Aston
7,14,Southampton,Aston
7,14,West Ham,Aston
7,14,Palace,Aston
7,14,Burnley,Aston
7,14,Brentford,Aston
7,14,Leeds,Aston
7,14,Norwich,Aston
7,14,Islington,Aston
7,14,Newcastle,Aston
7,14,United,Aston
7,14,Watford,Aston
7,14,City,Aston
7,14,Leicester,Aston
7,14,Chelsea,Aston
7,14,Brighton,Aston
7,14,Wolverhampton,Everton
7,14,Southampton,Everton
7,14,West Ham,Everton
7,14,Palace,Everton
7,14,Burnley,Everton
7,14,Brentford,Everton
7,14,Leeds,Everton
7,14,Norwich,Everton
7,14,Islington,Everton
7,14,Newcastle,Everton
7,14,United,Everton
7,14,Watford,Everton
7,14,City,Everton
7,14,Leicester,Everton
7,14,Chelsea,Everton
7,14,Brighton,Everton
7,14,Southampton,Wolverhampton
7,14,West Ham,Wolverhampton
7,14,Palace,Wolverhampton
7,14,Burnley,Wolverhampton
7,14,Brentford,Wolverhampton
7,14,Leeds,Wolverhampton
7,14,Norwich,Wolverhampton
7,14,Islington,Wolverhampton
7,14,Newcastle,Wolverhampton
7,14,United,Wolverhampton
7,14,Watford,Wolverhampton
7,14,City,Wolverhampton
7,14,Leicester,Wolverhampton
7,14,Chelsea,Wolverhampton
7,14,Brighton,Wolverhampton
7,14,West Ham,Southampton
7,14,Palace,Southampton
7,14,Burnley,Southampton
7,14,Brentford,Southampton
7,14,Leeds,Southampton
7,14,Norwich,Southampton
7,14,Islington,Southampton
7,14,Newcastle,Southampton
7,14,United,Southampton
7,14,Watford,Southampton
7,14,City,Southampton
7,14,Leicester,Southampton
7,14,Chelsea,Southampton
7,14,Brighton,Southampton
7,14,Palace,West Ham
7,14,Burnley,West Ham
7,14,Brentford,West Ham
7,14,Leeds,West Ham
7,14,Norwich,West Ham
7,14,Islington,West Ham
7,14,Newcastle,West Ham
7,14,United,West Ham
7,14,Watford,West Ham
7,14,City,West Ham
7,14,Leicester,West Ham
7,14,Chelsea,West Ham
7,14,Brighton,West Ham
7,14,Burnley,Palace
7,14,Brentford,Palace
7,14,Leeds,Palace
7,14,Norwich,Palace
7,14,Islington,Palace
7,14,Newcastle,Palace
7,14,United,Palace
7,14,Watford,Palace
7,14,City,Palace
7,14,Leicester,Palace
7,14,Chelsea,Palace
7,14,Brighton,Palace
7,14,Brentford,Burnley
7,14,Leeds,Burnley
7,14,Norwich,Burnley
7,14,Islington,Burnley
7,14,Newcastle,Burnley
7,14,United,Burnley
7,14,Watford,Burnley
7,14,City,Burnley
7,14,Leicester,Burnley
7,14,Chelsea,Burnley
7,14,Brighton,Burnley
7,14,Leeds,Brentford
7,14,Norwich,Brentford
7,14,Islington,Brentford
7,14,Newcastle,Brentford
7,14,United,Brentford
7,14,Watford,Brentford
7,14,City,Brentford
7,14,Leicester,Brentford
7,14,Chelsea,Brentford
7,14,Brighton,Brentford
7,14,Norwich,Leeds
7,14,Islington,Leeds
7,14,Newcastle,Leeds
7,14,United,Leeds
7,14,Watford,Leeds
7,14,City,Leeds
7,14,Leicester,Leeds
7,14,Chelsea,Leeds
7,14,Brighton,Leeds
7,14,Islington,Norwich
7,14,Newcastle,Norwich
7,14,United,Norwich
7,14,Watford,Norwich
7,14,City,Norwich
7,14,Leicester,Norwich
7,14,Chelsea,Norwich
7,14,Brighton,Norwich
7,14,Newcastle,Islington
7,14,United,Islington
7,14,Watford,Islington
7,14,City,Islington
7,14,Leicester,Islington
7,14,Chelsea,Islington
7,14,Brighton,Islington
7,14,United,Newcastle
7,14,Watford,Newcastle
7,14,City,Newcastle
7,14,Leicester,Newcastle
7,14,Chelsea,Newcastle
7,14,Brighton,Newcastle
7,14,Watford,United
7,14,City,United
7,14,Leicester,United
7,14,Chelsea,United
7,14,Brighton,United
7,14,City,Watford
7,14,Leicester,Watford
7,14,Chelsea,Watford
7,14,Brighton,Watford
7,14,Leicester,City
7,14,Chelsea,City
7,14,Brighton,City
7,14,Chelsea,Leicester
7,14,Brighton,Leicester
7,14,Brighton,Chelsea
7,17,Liverpool,Tottenham
7,17,Aston,Tottenham
7,17,Everton,Tottenham
7,17,Wolverhampton,Tottenham
7,17,Southampton,Tottenham
7,17,West Ham,Tottenham
7,17,Palace,Tottenham
7,17,Burnley,Tottenham
7,17,Brentford,Tottenham
7,17,Leeds,Tottenham
7,17,Norwich,Tottenham
7,17,Islington,Tottenham
7,17,Newcastle,Tottenham
7,17,United,Tottenham
7,17,Watford,Tottenham
7,17,City,Tottenham
7,17,Leicester,Tottenham
7,17,Chelsea,Tottenham
7,17,Brighton,Tottenham
7,17,Aston,Liverpool
7,17,Everton,Liverpool
7,17,Wolverhampton,Liverpool
7,17,Southampton,Liverpool
7,17,West Ham,Liverpool
7,17,Palace,Liverpool
7,17,Burnley,Liverpool
7,17,Brentford,Liverpool
7,17,Leeds,Liverpool
7,17,Norwich,Liverpool
7,17,Islington,Liverpool
7,17,Newcastle,Liverpool
7,17,United,Liverpool
7,17,Watford,Liverpool
7,17,City,Liverpool
7,17,Leicester,Liverpool
7,17,Chelsea,Liverpool
7,17,Brighton,Liverpool
7,17,Everton,Aston
7,17,Wolverhampton,Aston
7,17,Southampton,Aston
7,17,West Ham,Aston
7,17,Palace,Aston
7,17,Burnley,Aston
7,17,Brentford,Aston
7,17,Leeds,Aston
7,17,Norwich,Aston
7,17,Islington,Aston
7,17,Newcastle,Aston
7,17,United,Aston
7,17,Watford,Aston
7,17,City,Aston
7,17,Leicester,Aston
7,17,Chelsea,Aston
7,17,Brighton,Aston
7,17,Wolverhampton,Everton
7,17,Southampton,Everton
7,17,West Ham,Everton
7,17,Palace,Everton
7,17,Burnley,Everton
7,17,Brentford,Everton
7,17,Leeds,Everton
7,17,Norwich,Everton
7,17,Islington,Everton
7,17,Newcastle,Everton
7,17,United,Everton
7,17,Watford,Everton
7,17,City,Everton
7,17,Leicester,Everton
7,17,Chelsea,Everton
7,17,Brighton,Everton
7,17,Southampton,Wolverhampton
7,17,West Ham,Wolverhampton
7,17,Palace,Wolverhampton
7,17,Burnley,Wolverhampton
7,17,Brentford,Wolverhampton
7,17,Leeds,Wolverhampton
7,17,Norwich,Wolverhampton
7,17,Islington,Wolverhampton
7,17,Newcastle,Wolverhampton
7,17,United,Wolverhampton
7,17,Watford,Wolverhampton
7,17,City,Wolverhampton
7,17,Leicester,Wolverhampton
7,17,Chelsea,Wolverhampton
7,17,Brighton,Wolverhampton
7,17,West Ham,Southampton
7,17,Palace,Southampton
7,17,Burnley,Southampton
7,17,Brentford,Southampton
7,17,Leeds,Southampton
7,17,Norwich,Southampton
7,17,Islington,Southampton
7,17,Newcastle,Southampton
7,17,United,Southampton
7,17,Watford,Southampton
7,17,City,Southampton
7,17,Leicester,Southampton
7,17,Chelsea,Southampton
7,17,Brighton,Southampton
7,17,Palace,West Ham
7,17,Burnley,West Ham
7,17,Brentford,West Ham
7,17,Leeds,West Ham
7,17,Norwich,West Ham
7,17,Islington,West Ham
7,17,Newcastle,West Ham
7,17,United,West Ham
7,17,Watford,West Ham
7,17,City,West Ham
7,17,Leicester,West Ham
7,17,Chelsea,West Ham
7,17,Brighton,West Ham
7,17,Burnley,Palace
7,17,Brentford,Palace
7,17,Leeds,Palace
7,17,Norwich,Palace
7,17,Islington,Palace
7,17,Newcastle,Palace
7,17,United,Palace
7,17,Watford,Palace
7,17,City,Palace
7,17,Leicester,Palace
7,17,Chelsea,Palace
7,17,Brighton,Palace
7,17,Brentford,Burnley
7,17,Leeds,Burnley
7,17,Norwich,Burnley
7,17,Islington,Burnley
7,17,Newcastle,Burnley
7,17,United,Burnley
7,17,Watford,Burnley
7,17,City,Burnley
7,17,Leicester,Burnley
7,17,Chelsea,Burnley
7,17,Brighton,Burnley
7,17,Leeds,Brentford
7,17,Norwich,Brentford
7,17,Islington,Brentford
7,17,Newcastle,Brentford
7,17,United,Brentford
7,17,Watford,Brentford
7,17,City,Brentford
7,17,Leicester,Brentford
7,17,Chelsea,Brentford
7,17,Brighton,Brentford
7,17,Norwich,Leeds
7,17,Islington,Leeds
7,17,Newcastle,Leeds
7,17,United,Leeds
7,17,Watford,Leeds
7,17,City,Leeds
7,17,Leicester,Leeds
7,17,Chelsea,Leeds
7,17,Brighton,Leeds
7,17,Islington,Norwich
7,17,Newcastle,Norwich
7,17,United,Norwich
7,17,Watford,Norwich
7,17,City,Norwich
7,17,Leicester,Norwich
7,17,Chelsea,Norwich
7,17,Brighton,Norwich
7,17,Newcastle,Islington
7,17,United,Islington
7,17,Watford,Islington
7,17,City,Islington
7,17,Leicester,Islington
7,17,Chelsea,Islington
7,17,Brighton,Islington
7,17,United,Newcastle
7,17,Watford,Newcastle
7,17,City,Newcastle
7,17,Leicester,Newcastle
7,17,Chelsea,Newcastle
7,17,Brighton,Newcastle
7,17,Watford,United
7,17,City,United
7,17,Leicester,United
7,17,Chelsea,United
7,17,Brighton,United
7,17,City,Watford
7,17,Leicester,Watford
7,17,Chelsea,Watford
7,17,Brighton,Watford
7,17,Leicester,City
7,17,Chelsea,City
7,17,Brighton,City
7,17,Chelsea,Leicester
7,17,Brighton,Leicester
7,17,Brighton,Chelsea
7,20,Liverpool,Tottenham
7,20,Aston,Tottenham
7,20,Everton,Tottenham
7,20,Wolverhampton,Tottenham
7,20,Southampton,Tottenham
7,20,West Ham,Tottenham
7,20,Palace,Tottenham
7,20,Burnley,Tottenham
7,20,Brentford,Tottenham
7,20,Leeds,Tottenham
7,20,Norwich,Tottenham
7,20,Islington,Tottenham
7,20,Newcastle,Tottenham
7,20,United,Tottenham
7,20,Watford,Tottenham
7,20,City,Tottenham
7,20,Leicester,Tottenham
7,20,Chelsea,Tottenham
7,20,Brighton,Tottenham
7,20,Aston,Liverpool
7,20,Everton,Liverpool
7,20,Wolverhampton,Liverpool
7,20,Southampton,Liverpool
7,20,West Ham,Liverpool
7,20,Palace,Liverpool
7,20,Burnley,Liverpool
7,20,Brentford,Liverpool
7,20,Leeds,Liverpool
7,20,Norwich,Liverpool
7,20,Islington,Liverpool
7,20,Newcastle,Liverpool
7,20,United,Liverpool
7,20,Watford,Liverpool
7,20,City,Liverpool
7,20,Leicester,Liverpool
7,20,Chelsea,Liverpool
7,20,Brighton,Liverpool
7,20,Everton,Aston
7,20,Wolverhampton,Aston
7,20,Southampton,Aston
7,20,West Ham,Aston
7,20,Palace,Aston
7,20,Burnley,Aston
7,20,Brentford,Aston
7,20,Leeds,Aston
7,20,Norwich,Aston
7,20,Islington,Aston
7,20,Newcastle,Aston
7,20,United,Aston
7,20,Watford,Aston
7,20,City,Aston
7,20,Leicester,Aston
7,20,Chelsea,Aston
7,20,Brighton,Aston
7,20,Wolverhampton,Everton
7,20,Southampton,Everton
7,20,West Ham,Everton
7,20,Palace,Everton
7,20,Burnley,Everton
7,20,Brentford,Everton
7,20,Leeds,Everton
7,20,Norwich,Everton
7,20,Islington,Everton
7,20,Newcastle,Everton
7,20,United,Everton
7,20,Watford,Everton
7,20,City,Everton
7,20,Leicester,Everton
7,20,Chelsea,Everton
7,20,Brighton,Everton
7,20,Southampton,Wolverhampton
7,20,West Ham,Wolverhampton
7,20,Palace,Wolverhampton
7,20,Burnley,Wolverhampton
7,20,Brentford,Wolverhampton
7,20,Leeds,Wolverhampton
7,20,Norwich,Wolverhampton
7,20,Islington,Wolverhampton
7,20,Newcastle,Wolverhampton
7,20,United,Wolverhampton
7,20,Watford,Wolverhampton
7,20,City,Wolverhampton
7,20,Leicester,Wolverhampton
7,20,Chelsea,Wolverhampton
7,20,Brighton,Wolverhampton
7,20,West Ham,Southampton
7,20,Palace,Southampton
7,20,Burnley,Southampton
7,20,Brentford,Southampton
7,20,Leeds,Southampton
7,20,Norwich,Southampton
7,20,Islington,Southampton
7,20,Newcastle,Southampton
7,20,United,Southampton
7,20,Watford,Southampton
7,20,City,Southampton
7,20,Leicester,Southampton
7,20,Chelsea,Southampton
7,20,Brighton,Southampton
7,20,Palace,West Ham
7,20,Burnley,West Ham
7,20,Brentford,West Ham
7,20,Leeds,West Ham
7,20,Norwich,West Ham
7,20,Islington,West Ham
7,20,Newcastle,West Ham
7,20,United,West Ham
7,20,Watford,West Ham
7,20,City,West Ham
7,20,Leicester,West Ham
7,20,Chelsea,West Ham
7,20,Brighton,West Ham
7,20,Burnley,Palace
7,20,Brentford,Palace
7,20,Leeds,Palace
7,20,Norwich,Palace
7,20,Islington,Palace
7,20,Newcastle,Palace
7,20,United,Palace
7,20,Watford,Palace
7,20,City,Palace
7,20,Leicester,Palace
7,20,Chelsea,Palace
7,20,Brighton,Palace
7,20,Brentford,Burnley
7,20,Leeds,Burnley
7,20,Norwich,Burnley
7,20,Islington,Burnley
7,20,Newcastle,Burnley
7,20,United,Burnley
7,20,Watford,Burnley
7,20,City,Burnley
7,20,Leicester,Burnley
7,20,Chelsea,Burnley
7,20,Brighton,Burnley
7,20,Leeds,Brentford
7,20,Norwich,Brentford
7,20,Islington,Brentford
7,20,Newcastle,Brentford
7,20,United,Brentford
7,20,Watford,Brentford
7,20,City,Brentford
7,20,Leicester,Brentford
7,20,Chelsea,Brentford
7,20,Brighton,Brentford
7,20,Norwich,Leeds
7,20,Islington,Leeds
7,20,Newcastle,Leeds
7,20,United,Leeds
7,20,Watford,Leeds
7,20,City,Leeds
7,20,Leicester,Leeds
7,20,Chelsea,Leeds
7,20,Brighton,Leeds
7,20,Islington,Norwich
7,20,Newcastle,Norwich
7,20,United,Norwich
7,20,Watford,Norwich
7,20,City,Norwich
7,20,Leicester,Norwich
7,20,Chelsea,Norwich
7,20,Brighton,Norwich
7,20,Newcastle,Islington
7,20,United,Islington
7,20,Watford,Islington
7,20,City,Islington
7,20,Leicester,Islington
7,20,Chelsea,Islington
7,20,Brighton,Islington
7,20,United,Newcastle
7,20,Watford,Newcastle
7,20,City,Newcastle
7,20,Leicester,Newcastle
7,20,Chelsea,Newcastle
7,20,Brighton,Newcastle
7,20,Watford,United
7,20,City,United
7,20,Leicester,United
7,20,Chelsea,United
7,20,Brighton,United
7,20,City,Watford
7,20,Leicester,Watford
7,20,Chelsea,Watford
7,20,Brighton,Watford
7,20,Leicester,City
7,20,Chelsea,City
7,20,Brighton,City
7,20,Chelsea,Leicester
7,20,Brighton,Leicester
7,20,Brighton,Chelsea
7,23,Liverpool,Tottenham
7,23,Aston,Tottenham
7,23,Everton,Tottenham
7,23,Wolverhampton,Tottenham
7,23,Southampton,Tottenham
7,23,West Ham,Tottenham
7,23,Palace,Tottenham
7,23,Burnley,Tottenham
7,23,Brentford,Tottenham
7,23,Leeds,Tottenham
7,23,Norwich,Tottenham
7,23,Islington,Tottenham
7,23,Newcastle,Tottenham
7,23,United,Tottenham
7,23,Watford,Tottenham
7,23,City,Tottenham
7,23,Leicester,Tottenham
7,23,Chelsea,Tottenham
7,23,Brighton,Tottenham
7,23,Aston,Liverpool
7,23,Everton,Liverpool
7,23,Wolverhampton,Liverpool
7,23,Southampton,Liverpool
7,23,West Ham,Liverpool
7,23,Palace,Liverpool
7,23,Burnley,Liverpool
7,23,Brentford,Liverpool
7,23,Leeds,Liverpool
7,23,Norwich,Liverpool
7,23,Islington,Liverpool
7,23,Newcastle,Liverpool
7,23,United,Liverpool
7,23,Watford,Liverpool
7,23,City,Liverpool
7,23,Leicester,Liverpool
7,23,Chelsea,Liverpool
7,23,Brighton,Liverpool
7,23,Everton,Aston
7,23,Wolverhampton,Aston
7,23,Southampton,Aston
7,23,West Ham,Aston
7,23,Palace,Aston
7,23,Burnley,Aston
7,23,Brentford,Aston
7,23,Leeds,Aston
7,23,Norwich,Aston
7,23,Islington,Aston
7,23,Newcastle,Aston
7,23,United,Aston
7,23,Watford,Aston
7,23,City,Aston
7,23,Leicester,Aston
7,23,Chelsea,Aston
7,23,Brighton,Aston
7,23,Wolverhampton,Everton
7,23,Southampton,Everton
7,23,West Ham,Everton
7,23,Palace,Everton
7,23,Burnley,Everton
7,23,Brentford,Everton
7,23,Leeds,Everton
7,23,Norwich,Everton
7,23,Islington,Everton
7,23,Newcastle,Everton
7,23,United,Everton
7,23,Watford,Everton
7,23,City,Everton
7,23,Leicester,Everton
7,23,Chelsea,Everton
7,23,Brighton,Everton
7,23,Southampton,Wolverhampton
7,23,West Ham,Wolverhampton
7,23,Palace,Wolverhampton
7,23,Burnley,Wolverhampton
7,23,Brentford,Wolverhampton
7,23,Leeds,Wolverhampton
7,23,Norwich,Wolverhampton
7,23,Islington,Wolverhampton
7,23,Newcastle,Wolverhampton
7,23,United,Wolverhampton
7,23,Watford,Wolverhampton
7,23,City,Wolverhampton
7,23,Leicester,Wolverhampton
7,23,Chelsea,Wolverhampton
7,23,Brighton,Wolverhampton
7,23,West Ham,Southampton
7,23,Palace,Southampton
7,23,Burnley,Southampton
7,23,Brentford,Southampton
7,23,Leeds,Southampton
7,23,Norwich,Southampton
7,23,Islington,Southampton
7,23,Newcastle,Southampton
7,23,United,Southampton
7,23,Watford,Southampton
7,23,City,Southampton
7,23,Leicester,Southampton
7,23,Chelsea,Southampton
7,23,Brighton,Southampton
7,23,Palace,West Ham
7,23,Burnley,West Ham
7,23,Brentford,West Ham
7,23,Leeds,West Ham
7,23,Norwich,West Ham
7,23,Islington,West Ham
7,23,Newcastle,West Ham
7,23,United,West Ham
7,23,Watford,West Ham
7,23,City,West Ham
7,23,Leicester,West Ham
7,23,Chelsea,West Ham
7,23,Brighton,West Ham
7,23,Burnley,Palace
7,23,Brentford,Palace
7,23,Leeds,Palace
7,23,Norwich,Palace
7,23,Islington,Palace
7,23,Newcastle,Palace
7,23,United,Palace
7,23,Watford,Palace
7,23,City,Palace
7,23,Leicester,Palace
7,23,Chelsea,Palace
7,23,Brighton,Palace
7,23,Brentford,Burnley
7,23,Leeds,Burnley
7,23,Norwich,Burnley
7,23,Islington,Burnley
7,23,Newcastle,Burnley
7,23,United,Burnley
7,23,Watford,Burnley
7,23,City,Burnley
7,23,Leicester,Burnley
7,23,Chelsea,Burnley
7,23,Brighton,Burnley
7,23,Leeds,Brentford
7,23,Norwich,Brentford
7,23,Islington,Brentford
7,23,Newcastle,Brentford
7,23,United,Brentford
7,23,Watford,Brentford
7,23,City,Brentford
7,23,Leicester,Brentford
7,23,Chelsea,Brentford
7,23,Brighton,Brentford
7,23,Norwich,Leeds
7,23,Islington,Leeds
7,23,Newcastle,Leeds
7,23,United,Leeds
7,23,Watford,Leeds
7,23,City,Leeds
7,23,Leicester,Leeds
7,23,Chelsea,Leeds
7,23,Brighton,Leeds
7,23,Islington,Norwich
7,23,Newcastle,Norwich
7,23,United,Norwich
7,23,Watford,Norwich
7,23,City,Norwich
7,23,Leicester,Norwich
7,23,Chelsea,Norwich
7,23,Brighton,Norwich
7,23,Newcastle,Islington
7,23,United,Islington
7,23,Watford,Islington
7,23,City,Islington
7,23,Leicester,Islington
7,23,Chelsea,Islington
7,23,Brighton,Islington
7,23,United,Newcastle
7,23,Watford,Newcastle
7,23,City,Newcastle
7,23,Leicester,Newcastle
7,23,Chelsea,Newcastle
7,23,Brighton,Newcastle
7,23,Watford,United
7,23,City,United
7,23,Leicester,United
7,23,Chelsea,United
7,23,Brighton,United
7,23,City,Watford
7,23,Leicester,Watford
7,23,Chelsea,Watford
7,23,Brighton,Watford
7,23,Leicester,City
7,23,Chelsea,City
7,23,Brighton,City
7,23,Chelsea,Leicester
7,23,Brighton,Leicester
7,23,Brighton,Chelsea
7,26,Liverpool,Tottenham
7,26,Aston,Tottenham
7,26,Everton,Tottenham
7,26,Wolverhampton,Tottenham
7,26,Southampton,Tottenham
7,26,West Ham,Tottenham
7,26,Palace,Tottenham
7,26,Burnley,Tottenham
7,26,Brentford,Tottenham
7,26,Leeds,Tottenham
7,26,Norwich,Tottenham
7,26,Islington,Tottenham
7,26,Newcastle,Tottenham
7,26,United,Tottenham
7,26,Watford,Tottenham
7,26,City,Tottenham
7,26,Leicester,Tottenham
7,26,Chelsea,Tottenham
7,26,Brighton,Tottenham
7,26,Aston,Liverpool
7,26,Everton,Liverpool
7,26,Wolverhampton,Liverpool
7,26,Southampton,Liverpool
7,26,West Ham,Liverpool
7,26,Palace,Liverpool
7,26,Burnley,Liverpool
7,26,Brentford,Liverpool
7,26,Leeds,Liverpool
7,26,Norwich,Liverpool
7,26,Islington,Liverpool
7,26,Newcastle,Liverpool
7,26,United,Liverpool
7,26,Watford,Liverpool
7,26,City,Liverpool
7,26,Leicester,Liverpool
7,26,Chelsea,Liverpool
7,26,Brighton,Liverpool
7,26,Everton,Aston
7,26,Wolverhampton,Aston
7,26,Southampton,Aston
7,26,West Ham,Aston
7,26,Palace,Aston
7,26,Burnley,Aston
7,26,Brentford,Aston
7,26,Leeds,Aston
7,26,Norwich,Aston
7,26,Islington,Aston
7,26,Newcastle,Aston
7,26,United,Aston
7,26,Watford,Aston
7,26,City,Aston
7,26,Leicester,Aston
7,26,Chelsea,Aston
7,26,Brighton,Aston
7,26,Wolverhampton,Everton
7,26,Southampton,Everton
7,26,West Ham,Everton
7,26,Palace,Everton
7,26,Burnley,Everton
7,26,Brentford,Everton
7,26,Leeds,Everton
7,26,Norwich,Everton
7,26,Islington,Everton
7,26,Newcastle,Everton
7,26,United,Everton
7,26,Watford,Everton
7,26,City,Everton
7,26,Leicester,Everton
7,26,Chelsea,Everton
7,26,Brighton,Everton
7,26,Southampton,Wolverhampton
7,26,West Ham,Wolverhampton
7,26,Palace,Wolverhampton
7,26,Burnley,Wolverhampton
7,26,Brentford,Wolverhampton
7,26,Leeds,Wolverhampton
7,26,Norwich,Wolverhampton
7,26,Islington,Wolverhampton
7,26,Newcastle,Wolverhampton
7,26,United,Wolverhampton
7,26,Watford,Wolverhampton
7,26,City,Wolverhampton
7,26,Leicester,Wolverhampton
7,26,Chelsea,Wolverhampton
7,26,Brighton,Wolverhampton
7,26,West Ham,Southampton
7,26,Palace,Southampton
7,26,Burnley,Southampton
7,26,Brentford,Southampton
7,26,Leeds,Southampton
7,26,Norwich,Southampton
7,26,Islington,Southampton
7,26,Newcastle,Southampton
7,26,United,Southampton
7,26,Watford,Southampton
7,26,City,Southampton
7,26,Leicester,Southampton
7,26,Chelsea,Southampton
7,26,Brighton,Southampton
7,26,Palace,West Ham
7,26,Burnley,West Ham
7,26,Brentford,West Ham
7,26,Leeds,West Ham
7,26,Norwich,West Ham
7,26,Islington,West Ham
7,26,Newcastle,West Ham
7,26,United,West Ham
7,26,Watford,West Ham
7,26,City,West Ham
7,26,Leicester,West Ham
7,26,Chelsea,West Ham
7,26,Brighton,West Ham
7,26,Burnley,Palace
7,26,Brentford,Palace
7,26,Leeds,Palace
7,26,Norwich,Palace
7,26,Islington,Palace
7,26,Newcastle,Palace
7,26,United,Palace
7,26,Watford,Palace
7,26,City,Palace
7,26,Leicester,Palace
7,26,Chelsea,Palace
7,26,Brighton,Palace
7,26,Brentford,Burnley
7,26,Leeds,Burnley
7,26,Norwich,Burnley
7,26,Islington,Burnley
7,26,Newcastle,Burnley
7,26,United,Burnley
7,26,Watford,Burnley
7,26,City,Burnley
7,26,Leicester,Burnley
7,26,Chelsea,Burnley
7,26,Brighton,Burnley
7,26,Leeds,Brentford
7,26,Norwich,Brentford
7,26,Islington,Brentford
7,26,Newcastle,Brentford
7,26,United,Brentford
7,26,Watford,Brentford
7,26,City,Brentford
7,26,Leicester,Brentford
7,26,Chelsea,Brentford
7,26,Brighton,Brentford
7,26,Norwich,Leeds
7,26,Islington,Leeds
7,26,Newcastle,Leeds
7,26,United,Leeds
7,26,Watford,Leeds
7,26,City,Leeds
7,26,Leicester,Leeds
7,26,Chelsea,Leeds
7,26,Brighton,Leeds
7,26,Islington,Norwich
7,26,Newcastle,Norwich
7,26,United,Norwich
7,26,Watford,Norwich
7,26,City,Norwich
7,26,Leicester,Norwich
7,26,Chelsea,Norwich
7,26,Brighton,Norwich
7,26,Newcastle,Islington
7,26,United,Islington
7,26,Watford,Islington
7,26,City,Islington
7,26,Leicester,Islington
7,26,Chelsea,Islington
7,26,Brighton,Islington
7,26,United,Newcastle
7,26,Watford,Newcastle
7,26,City,Newcastle
7,26,Leicester,Newcastle
7,26,Chelsea,Newcastle
7,26,Brighton,Newcastle
7,26,Watford,United
7,26,City,United
7,26,Leicester,United
7,26,Chelsea,United
7,26,Brighton,United
7,26,City,Watford
7,26,Leicester,Watford
7,26,Chelsea,Watford
7,26,Brighton,Watford
7,26,Leicester,City
7,26,Chelsea,City
7,26,Brighton,City
7,26,Chelsea,Leicester
7,26,Brighton,Leicester
7,26,Brighton,Chelsea
7,29,Liverpool,Tottenham
7,29,Aston,Tottenham
7,29,Everton,Tottenham
7,29,Wolverhampton,Tottenham
7,29,Southampton,Tottenham
7,29,West Ham,Tottenham
7,29,Palace,Tottenham
7,29,Burnley,Tottenham
7,29,Brentford,Tottenham
7,29,Leeds,Tottenham
7,29,Norwich,Tottenham
7,29,Islington,Tottenham
7,29,Newcastle,Tottenham
7,29,United,Tottenham
7,29,Watford,Tottenham
7,29,City,Tottenham
7,29,Leicester,Tottenham
7,29,Chelsea,Tottenham
7,29,Brighton,Tottenham
7,29,Aston,Liverpool
7,29,Everton,Liverpool
7,29,Wolverhampton,Liverpool
7,29,Southampton,Liverpool
7,29,West Ham,Liverpool
7,29,Palace,Liverpool
7,29,Burnley,Liverpool
7,29,Brentford,Liverpool
7,29,Leeds,Liverpool
7,29,Norwich,Liverpool
7,29,Islington,Liverpool
7,29,Newcastle,Liverpool
7,29,United,Liverpool
7,29,Watford,Liverpool
7,29,City,Liverpool
7,29,Leicester,Liverpool
7,29,Chelsea,Liverpool
7,29,Brighton,Liverpool
7,29,Everton,Aston
7,29,Wolverhampton,Aston
7,29,Southampton,Aston
7,29,West Ham,Aston
7,29,Palace,Aston
7,29,Burnley,Aston
7,29,Brentford,Aston
7,29,Leeds,Aston
7,29,Norwich,Aston
7,29,Islington,Aston
7,29,Newcastle,Aston
7,29,United,Aston
7,29,Watford,Aston
7,29,City,Aston
7,29,Leicester,Aston
7,29,Chelsea,Aston
7,29,Brighton,Aston
7,29,Wolverhampton,Everton
7,29,Southampton,Everton
7,29,West Ham,Everton
7,29,Palace,Everton
7,29,Burnley,Everton
7,29,Brentford,Everton
7,29,Leeds,Everton
7,29,Norwich,Everton
7,29,Islington,Everton
7,29,Newcastle,Everton
7,29,United,Everton
7,29,Watford,Everton
7,29,City,Everton
7,29,Leicester,Everton
7,29,Chelsea,Everton
7,29,Brighton,Everton
7,29,Southampton,Wolverhampton
7,29,West Ham,Wolverhampton
7,29,Palace,Wolverhampton
7,29,Burnley,Wolverhampton
7,29,Brentford,Wolverhampton
7,29,Leeds,Wolverhampton
7,29,Norwich,Wolverhampton
7,29,Islington,Wolverhampton
7,29,Newcastle,Wolverhampton
7,29,United,Wolverhampton
7,29,Watford,Wolverhampton
7,29,City,Wolverhampton
7,29,Leicester,Wolverhampton
7,29,Chelsea,Wolverhampton
7,29,Brighton,Wolverhampton
7,29,West Ham,Southampton
7,29,Palace,Southampton
7,29,Burnley,Southampton
7,29,Brentford,Southampton
7,29,Leeds,Southampton
7,29,Norwich,Southampton
7,29,Islington,Southampton
7,29,Newcastle,Southampton
7,29,United,Southampton
7,29,Watford,Southampton
7,29,City,Southampton
7,29,Leicester,Southampton
7,29,Chelsea,Southampton
7,29,Brighton,Southampton
7,29,Palace,West Ham
7,29,Burnley,West Ham
7,29,Brentford,West Ham
7,29,Leeds,West Ham
7,29,Norwich,West Ham
7,29,Islington,West Ham
7,29,Newcastle,West Ham
7,29,United,West Ham
7,29,Watford,West Ham
7,29,City,West Ham
7,29,Leicester,West Ham
7,29,Chelsea,West Ham
7,29,Brighton,West Ham
7,29,Burnley,Palace
7,29,Brentford,Palace
7,29,Leeds,Palace
7,29,Norwich,Palace
7,29,Islington,Palace
7,29,Newcastle,Palace
7,29,United,Palace
7,29,Watford,Palace
7,29,City,Palace
7,29,Leicester,Palace
7,29,Chelsea,Palace
7,29,Brighton,Palace
7,29,Brentford,Burnley
7,29,Leeds,Burnley
7,29,Norwich,Burnley
7,29,Islington,Burnley
7,29,Newcastle,Burnley
7,29,United,Burnley
7,29,Watford,Burnley
7,29,City,Burnley
7,29,Leicester,Burnley
7,29,Chelsea,Burnley
7,29,Brighton,Burnley
7,29,Leeds,Brentford
7,29,Norwich,Brentford
7,29,Islington,Brentford
7,29,Newcastle,Brentford
7,29,United,Brentford
7,29,Watford,Brentford
7,29,City,Brentford
7,29,Leicester,Brentford
7,29,Chelsea,Brentford
7,29,Brighton,Brentford
7,29,Norwich,Leeds
7,29,Islington,Leeds
7,29,Newcastle,Leeds
7,29,United,Leeds
7,29,Watford,Leeds
7,29,City,Leeds
7,29,Leicester,Leeds
7,29,Chelsea,Leeds
7,29,Brighton,Leeds
7,29,Islington,Norwich
7,29,Newcastle,Norwich
7,29,United,Norwich
7,29,Watford,Norwich
7,29,City,Norwich
7,29,Leicester,Norwich
7,29,Chelsea,Norwich
7,29,Brighton,Norwich
7,29,Newcastle,Islington
7,29,United,Islington
7,29,Watford,Islington
7,29,City,Islington
7,29,Leicester,Islington
7,29,Chelsea,Islington
7,29,Brighton,Islington
7,29,United,Newcastle
7,29,Watford,Newcastle
7,29,City,Newcastle
7,29,Leicester,Newcastle
7,29,Chelsea,Newcastle
7,29,Brighton,Newcastle
7,29,Watford,United
7,29,City,United
7,29,Leicester,United
7,29,Chelsea,United
7,29,Brighton,United
7,29,City,Watford
7,29,Leicester,Watford
7,29,Chelsea,Watford
7,29,Brighton,Watford
7,29,Leicester,City
7,29,Chelsea,City
7,29,Brighton,City
7,29,Chelsea,Leicester
7,29,Brighton,Leicester
7,29,Brighton,Chelsea
7,32,Liverpool,Tottenham
7,32,Aston,Tottenham
7,32,Everton,Tottenham
7,32,Wolverhampton,Tottenham
7,32,Southampton,Tottenham
7,32,West Ham,Tottenham
7,32,Palace,Tottenham
7,32,Burnley,Tottenham
7,32,Brentford,Tottenham
7,32,Leeds,Tottenham
7,32,Norwich,Tottenham
7,32,Islington,Tottenham
7,32,Newcastle,Tottenham
7,32,United,Tottenham
7,32,Watford,Tottenham
7,32,City,Tottenham
7,32,Leicester,Tottenham
7,32,Chelsea,Tottenham
7,32,Brighton,Tottenham
7,32,Aston,Liverpool
7,32,Everton,Liverpool
7,32,Wolverhampton,Liverpool
7,32,Southampton,Liverpool
7,32,West Ham,Liverpool
7,32,Palace,Liverpool
7,32,Burnley,Liverpool
7,32,Brentford,Liverpool
7,32,Leeds,Liverpool
7,32,Norwich,Liverpool
7,32,Islington,Liverpool
7,32,Newcastle,Liverpool
7,32,United,Liverpool
7,32,Watford,Liverpool
7,32,City,Liverpool
7,32,Leicester,Liverpool
7,32,Chelsea,Liverpool
7,32,Brighton,Liverpool
7,32,Everton,Aston
7,32,Wolverhampton,Aston
7,32,Southampton,Aston
7,32,West Ham,Aston
7,32,Palace,Aston
7,32,Burnley,Aston
7,32,Brentford,Aston
7,32,Leeds,Aston
7,32,Norwich,Aston
7,32,Islington,Aston
7,32,Newcastle,Aston
7,32,United,Aston
7,32,Watford,Aston
7,32,City,Aston
7,32,Leicester,Aston
7,32,Chelsea,Aston
7,32,Brighton,Aston
7,32,Wolverhampton,Everton
7,32,Southampton,Everton
7,32,West Ham,Everton
7,32,Palace,Everton
7,32,Burnley,Everton
7,32,Brentford,Everton
7,32,Leeds,Everton
7,32,Norwich,Everton
7,32,Islington,Everton
7,32,Newcastle,Everton
7,32,United,Everton
7,32,Watford,Everton
7,32,City,Everton
7,32,Leicester,Everton
7,32,Chelsea,Everton
7,32,Brighton,Everton
7,32,Southampton,Wolverhampton
7,32,West Ham,Wolverhampton
7,32,Palace,Wolverhampton
7,32,Burnley,Wolverhampton
7,32,Brentford,Wolverhampton
7,32,Leeds,Wolverhampton
7,32,Norwich,Wolverhampton
7,32,Islington,Wolverhampton
7,32,Newcastle,Wolverhampton
7,32,United,Wolverhampton
7,32,Watford,Wolverhampton
7,32,City,Wolverhampton
7,32,Leicester,Wolverhampton
7,32,Chelsea,Wolverhampton
7,32,Brighton,Wolverhampton
7,32,West Ham,Southampton
7,32,Palace,Southampton
7,32,Burnley,Southampton
7,32,Brentford,Southampton
7,32,Leeds,Southampton
7,32,Norwich,Southampton
7,32,Islington,Southampton
7,32,Newcastle,Southampton
7,32,United,Southampton
7,32,Watford,Southampton
7,32,City,Southampton
7,32,Leicester,Southampton
7,32,Chelsea,Southampton
7,32,Brighton,Southampton
7,32,Palace,West Ham
7,32,Burnley,West Ham
7,32,Brentford,West Ham
7,32,Leeds,West Ham
7,32,Norwich,West Ham
7,32,Islington,West Ham
7,32,Newcastle,West Ham
7,32,United,West Ham
7,32,Watford,West Ham
7,32,City,West Ham
7,32,Leicester,West Ham
7,32,Chelsea,West Ham
7,32,Brighton,West Ham
7,32,Burnley,Palace
7,32,Brentford,Palace
7,32,Leeds,Palace
7,32,Norwich,Palace
7,32,Islington,Palace
7,32,Newcastle,Palace
7,32,United,Palace
7,32,Watford,Palace
7,32,City,Palace
7,32,Leicester,Palace
7,32,Chelsea,Palace
7,32,Brighton,Palace
7,32,Brentford,Burnley
7,32,Leeds,Burnley
7,32,Norwich,Burnley
7,32,Islington,Burnley
7,32,Newcastle,Burnley
7,32,United,Burnley
7,32,Watford,Burnley
7,32,City,Burnley
7,32,Leicester,Burnley
7,32,Chelsea,Burnley
7,32,Brighton,Burnley
7,32,Leeds,Brentford
7,32,Norwich,Brentford
7,32,Islington,Brentford
7,32,Newcastle,Brentford
7,32,United,Brentford
7,32,Watford,Brentford
7,32,City,Brentford
7,32,Leicester,Brentford
7,32,Chelsea,Brentford
7,32,Brighton,Brentford
7,32,Norwich,Leeds
7,32,Islington,Leeds
7,32,Newcastle,Leeds
7,32,United,Leeds
7,32,Watford,Leeds
7,32,City,Leeds
7,32,Leicester,Leeds
7,32,Chelsea,Leeds
7,32,Brighton,Leeds
7,32,Islington,Norwich
7,32,Newcastle,Norwich
7,32,United,Norwich
7,32,Watford,Norwich
7,32,City,Norwich
7,32,Leicester,Norwich
7,32,Chelsea,Norwich
7,32,Brighton,Norwich
7,32,Newcastle,Islington
7,32,United,Islington
7,32,Watford,Islington
7,32,City,Islington
7,32,Leicester,Islington
7,32,Chelsea,Islington
7,32,Brighton,Islington
7,32,United,Newcastle
7,32,Watford,Newcastle
7,32,City,Newcastle
7,32,Leicester,Newcastle
7,32,Chelsea,Newcastle
7,32,Brighton,Newcastle
7,32,Watford,United
7,32,City,United
7,32,Leicester,United
7,32,Chelsea,United
7,32,Brighton,United
7,32,City,Watford
7,32,Leicester,Watford
7,32,Chelsea,Watford
7,32,Brighton,Watford
7,32,Leicester,City
7,32,Chelsea,City
7,32,Brighton,City
7,32,Chelsea,Leicester
7,32,Brighton,Leicester
7,32,Brighton,Chelsea
7,35,Liverpool,Tottenham
7,35,Aston,Tottenham
7,35,Everton,Tottenham
7,35,Wolverhampton,Tottenham
7,35,Southampton,Tottenham
7,35,West Ham,Tottenham
7,35,Palace,Tottenham
7,35,Burnley,Tottenham
7,35,Brentford,Tottenham
7,35,Leeds,Tottenham
7,35,Norwich,Tottenham
7,35,Islington,Tottenham
7,35,Newcastle,Tottenham
7,35,United,Tottenham
7,35,Watford,Tottenham
7,35,City,Tottenham
7,35,Leicester,Tottenham
7,35,Chelsea,Tottenham
7,35,Brighton,Tottenham
7,35,Aston,Liverpool
7,35,Everton,Liverpool
7,35,Wolverhampton,Liverpool
7,35,Southampton,Liverpool
7,35,West Ham,Liverpool
7,35,Palace,Liverpool
7,35,Burnley,Liverpool
7,35,Brentford,Liverpool
7,35,Leeds,Liverpool
7,35,Norwich,Liverpool
7,35,Islington,Liverpool
7,35,Newcastle,Liverpool
7,35,United,Liverpool
7,35,Watford,Liverpool
7,35,City,Liverpool
7,35,Leicester,Liverpool
7,35,Chelsea,Liverpool
7,35,Brighton,Liverpool
7,35,Everton,Aston
7,35,Wolverhampton,Aston
7,35,Southampton,Aston
7,35,West Ham,Aston
7,35,Palace,Aston
7,35,Burnley,Aston
7,35,Brentford,Aston
7,35,Leeds,Aston
7,35,Norwich,Aston
7,35,Islington,Aston
7,35,Newcastle,Aston
7,35,United,Aston
7,35,Watford,Aston
7,35,City,Aston
7,35,Leicester,Aston
7,35,Chelsea,Aston
7,35,Brighton,Aston
7,35,Wolverhampton,Everton
7,35,Southampton,Everton
7,35,West Ham,Everton
7,35,Palace,Everton
7,35,Burnley,Everton
7,35,Brentford,Everton
7,35,Leeds,Everton
7,35,Norwich,Everton
7,35,Islington,Everton
7,35,Newcastle,Everton
7,35,United,Everton
7,35,Watford,Everton
7,35,City,Everton
7,35,Leicester,Everton
7,35,Chelsea,Everton
7,35,Brighton,Everton
7,35,Southampton,Wolverhampton
7,35,West Ham,Wolverhampton
7,35,Palace,Wolverhampton
7,35,Burnley,Wolverhampton
7,35,Brentford,Wolverhampton
7,35,Leeds,Wolverhampton
7,35,Norwich,Wolverhampton
7,35,Islington,Wolverhampton
7,35,Newcastle,Wolverhampton
7,35,United,Wolverhampton
7,35,Watford,Wolverhampton
7,35,City,Wolverhampton
7,35,Leicester,Wolverhampton
7,35,Chelsea,Wolverhampton
7,35,Brighton,Wolverhampton
7,35,West Ham,Southampton
7,35,Palace,Southampton
7,35,Burnley,Southampton
7,35,Brentford,Southampton
7,35,Leeds,Southampton
7,35,Norwich,Southampton
7,35,Islington,Southampton
7,35,Newcastle,Southampton
7,35,United,Southampton
7,35,Watford,Southampton
7,35,City,Southampton
7,35,Leicester,Southampton
7,35,Chelsea,Southampton
7,35,Brighton,Southampton
7,35,Palace,West Ham
7,35,Burnley,West Ham
7,35,Brentford,West Ham
7,35,Leeds,West Ham
7,35,Norwich,West Ham
7,35,Islington,West Ham
7,35,Newcastle,West Ham
7,35,United,West Ham
7,35,Watford,West Ham
7,35,City,West Ham
7,35,Leicester,West Ham
7,35,Chelsea,West Ham
7,35,Brighton,West Ham
7,35,Burnley,Palace
7,35,Brentford,Palace
7,35,Leeds,Palace
7,35,Norwich,Palace
7,35,Islington,Palace
7,35,Newcastle,Palace
7,35,United,Palace
7,35,Watford,Palace
7,35,City,Palace
7,35,Leicester,Palace
7,35,Chelsea,Palace
7,35,Brighton,Palace
7,35,Brentford,Burnley
7,35,Leeds,Burnley
7,35,Norwich,Burnley
7,35,Islington,Burnley
7,35,Newcastle,Burnley
7,35,United,Burnley
7,35,Watford,Burnley
7,35,City,Burnley
7,35,Leicester,Burnley
7,35,Chelsea,Burnley
7,35,Brighton,Burnley
7,35,Leeds,Brentford
7,35,Norwich,Brentford
7,35,Islington,Brentford
7,35,Newcastle,Brentford
7,35,United,Brentford
7,35,Watford,Brentford
7,35,City,Brentford
7,35,Leicester,Brentford
7,35,Chelsea,Brentford
7,35,Brighton,Brentford
7,35,Norwich,Leeds
7,35,Islington,Leeds
7,35,Newcastle,Leeds
7,35,United,Leeds
7,35,Watford,Leeds
7,35,City,Leeds
7,35,Leicester,Leeds
7,35,Chelsea,Leeds
7,35,Brighton,Leeds
7,35,Islington,Norwich
7,35,Newcastle,Norwich
7,35,United,Norwich
7,35,Watford,Norwich
7,35,City,Norwich
7,35,Leicester,Norwich
7,35,Chelsea,Norwich
7,35,Brighton,Norwich
7,35,Newcastle,Islington
7,35,United,Islington
7,35,Watford,Islington
7,35,City,Islington
7,35,Leicester,Islington
7,35,Chelsea,Islington
7,35,Brighton,Islington
7,35,United,Newcastle
7,35,Watford,Newcastle
7,35,City,Newcastle
7,35,Leicester,Newcastle
7,35,Chelsea,Newcastle
7,35,Brighton,Newcastle
7,35,Watford,United
7,35,City,United
7,35,Leicester,United
7,35,Chelsea,United
7,35,Brighton,United
7,35,City,Watford
7,35,Leicester,Watford
7,35,Chelsea,Watford
7,35,Brighton,Watford
7,35,Leicester,City
7,35,Chelsea,City
7,35,Brighton,City
7,35,Chelsea,Leicester
7,35,Brighton,Leicester
7,35,Brighton,Chelsea
7,38,Liverpool,Tottenham
7,38,Aston,Tottenham
7,38,Everton,Tottenham
7,38,Wolverhampton,Tottenham
7,38,Southampton,Tottenham
7,38,West Ham,Tottenham
7,38,Palace,Tottenham
7,38,Burnley,Tottenham
7,38,Brentford,Tottenham
7,38,Leeds,Tottenham
7,38,Norwich,Tottenham
7,38,Islington,Tottenham
7,38,Newcastle,Tottenham
7,38,United,Tottenham
7,38,Watford,Tottenham
7,38,City,Tottenham
7,38,Leicester,Tottenham
7,38,Chelsea,Tottenham
7,38,Brighton,Tottenham
7,38,Aston,Liverpool
7,38,Everton,Liverpool
7,38,Wolverhampton,Liverpool
7,38,Southampton,Liverpool
7,38,West Ham,Liverpool
7,38,Palace,Liverpool
7,38,Burnley,Liverpool
7,38,Brentford,Liverpool
7,38,Leeds,Liverpool
7,38,Norwich,Liverpool
7,38,Islington,Liverpool
7,38,Newcastle,Liverpool
7,38,United,Liverpool
7,38,Watford,Liverpool
7,38,City,Liverpool
7,38,Leicester,Liverpool
7,38,Chelsea,Liverpool
7,38,Brighton,Liverpool
7,38,Everton,Aston
7,38,Wolverhampton,Aston
7,38,Southampton,Aston
7,38,West Ham,Aston
7,38,Palace,Aston
7,38,Burnley,Aston
7,38,Brentford,Aston
7,38,Leeds,Aston
7,38,Norwich,Aston
7,38,Islington,Aston
7,38,Newcastle,Aston
7,38,United,Aston
7,38,Watford,Aston
7,38,City,Aston
7,38,Leicester,Aston
7,38,Chelsea,Aston
7,38,Brighton,Aston
7,38,Wolverhampton,Everton
7,38,Southampton,Everton
7,38,West Ham,Everton
7,38,Palace,Everton
7,38,Burnley,Everton
7,38,Brentford,Everton
7,38,Leeds,Everton
7,38,Norwich,Everton
7,38,Islington,Everton
7,38,Newcastle,Everton
7,38,United,Everton
7,38,Watford,Everton
7,38,City,Everton
7,38,Leicester,Everton
7,38,Chelsea,Everton
7,38,Brighton,Everton
7,38,Southampton,Wolverhampton
7,38,West Ham,Wolverhampton
7,38,Palace,Wolverhampton
7,38,Burnley,Wolverhampton
7,38,Brentford,Wolverhampton
7,38,Leeds,Wolverhampton
7,38,Norwich,Wolverhampton
7,38,Islington,Wolverhampton
7,38,Newcastle,Wolverhampton
7,38,United,Wolverhampton
7,38,Watford,Wolverhampton
7,38,City,Wolverhampton
7,38,Leicester,Wolverhampton
7,38,Chelsea,Wolverhampton
7,38,Brighton,Wolverhampton
7,38,West Ham,Southampton
7,38,Palace,Southampton
7,38,Burnley,Southampton
7,38,Brentford,Southampton
7,38,Leeds,Southampton
7,38,Norwich,Southampton
7,38,Islington,Southampton
7,38,Newcastle,Southampton
7,38,United,Southampton
7,38,Watford,Southampton
7,38,City,Southampton
7,38,Leicester,Southampton
7,38,Chelsea,Southampton
7,38,Brighton,Southampton
7,38,Palace,West Ham
7,38,Burnley,West Ham
7,38,Brentford,West Ham
7,38,Leeds,West Ham
7,38,Norwich,West Ham
7,38,Islington,West Ham
7,38,Newcastle,West Ham
7,38,United,West Ham
7,38,Watford,West Ham
7,38,City,West Ham
7,38,Leicester,West Ham
7,38,Chelsea,West Ham
7,38,Brighton,West Ham
7,38,Burnley,Palace
7,38,Brentford,Palace
7,38,Leeds,Palace
7,38,Norwich,Palace
7,38,Islington,Palace
7,38,Newcastle,Palace
7,38,United,Palace
7,38,Watford,Palace
7,38,City,Palace
7,38,Leicester,Palace
7,38,Chelsea,Palace
7,38,Brighton,Palace
7,38,Brentford,Burnley
7,38,Leeds,Burnley
7,38,Norwich,Burnley
7,38,Islington,Burnley
7,38,Newcastle,Burnley
7,38,United,Burnley
7,38,Watford,Burnley
7,38,City,Burnley
7,38,Leicester,Burnley
7,38,Chelsea,Burnley
7,38,Brighton,Burnley
7,38,Leeds,Brentford
7,38,Norwich,Brentford
7,38,Islington,Brentford
7,38,Newcastle,Brentford
7,38,United,Brentford
7,38,Watford,Brentford
7,38,City,Brentford
7,38,Leicester,Brentford
7,38,Chelsea,Brentford
7,38,Brighton,Brentford
7,38,Norwich,Leeds
7,38,Islington,Leeds
7,38,Newcastle,Leeds
7,38,United,Leeds
7,38,Watford,Leeds
7,38,City,Leeds
7,38,Leicester,Leeds
7,38,Chelsea,Leeds
7,38,Brighton,Leeds
7,38,Islington,Norwich
7,38,Newcastle,Norwich
7,38,United,Norwich
7,38,Watford,Norwich
7,38,City,Norwich
7,38,Leicester,Norwich
7,38,Chelsea,Norwich
7,38,Brighton,Norwich
7,38,Newcastle,Islington
7,38,United,Islington
7,38,Watford,Islington
7,38,City,Islington
7,38,Leicester,Islington
7,38,Chelsea,Islington
7,38,Brighton,Islington
7,38,United,Newcastle
7,38,Watford,Newcastle
7,38,City,Newcastle
7,38,Leicester,Newcastle
7,38,Chelsea,Newcastle
7,38,Brighton,Newcastle
7,38,Watford,United
7,38,City,United
7,38,Leicester,United
7,38,Chelsea,United
7,38,Brighton,United
7,38,City,Watford
7,38,Leicester,Watford
7,38,Chelsea,Watford
7,38,Brighton,Watford
7,38,Leicester,City
7,38,Chelsea,City
7,38,Brighton,City
7,38,Chelsea,Leicester
7,38,Brighton,Leicester
7,38,Brighton,Chelsea
7,41,Liverpool,Tottenham
7,41,Aston,Tottenham
7,41,Everton,Tottenham
7,41,Wolverhampton,Tottenham
7,41,Southampton,Tottenham
7,41,West Ham,Tottenham
7,41,Palace,Tottenham
7,41,Burnley,Tottenham
7,41,Brentford,Tottenham
7,41,Leeds,Tottenham
7,41,Norwich,Tottenham
7,41,Islington,Tottenham
7,41,Newcastle,Tottenham
7,41,United,Tottenham
7,41,Watford,Tottenham
7,41,City,Tottenham
7,41,Leicester,Tottenham
7,41,Chelsea,Tottenham
7,41,Brighton,Tottenham
7,41,Aston,Liverpool
7,41,Everton,Liverpool
7,41,Wolverhampton,Liverpool
7,41,Southampton,Liverpool
7,41,West Ham,Liverpool
7,41,Palace,Liverpool
7,41,Burnley,Liverpool
7,41,Brentford,Liverpool
7,41,Leeds,Liverpool
7,41,Norwich,Liverpool
7,41,Islington,Liverpool
7,41,Newcastle,Liverpool
7,41,United,Liverpool
7,41,Watford,Liverpool
7,41,City,Liverpool
7,41,Leicester,Liverpool
7,41,Chelsea,Liverpool
7,41,Brighton,Liverpool
7,41,Everton,Aston
7,41,Wolverhampton,Aston
7,41,Southampton,Aston
7,41,West Ham,Aston
7,41,Palace,Aston
7,41,Burnley,Aston
7,41,Brentford,Aston
7,41,Leeds,Aston
7,41,Norwich,Aston
7,41,Islington,Aston
7,41,Newcastle,Aston
7,41,United,Aston
7,41,Watford,Aston
7,41,City,Aston
7,41,Leicester,Aston
7,41,Chelsea,Aston
7,41,Brighton,Aston
7,41,Wolverhampton,Everton
7,41,Southampton,Everton
7,41,West Ham,Everton
7,41,Palace,Everton
7,41,Burnley,Everton
7,41,Brentford,Everton
7,41,Leeds,Everton
7,41,Norwich,Everton
7,41,Islington,Everton
7,41,Newcastle,Everton
7,41,United,Everton
7,41,Watford,Everton
7,41,City,Everton
7,41,Leicester,Everton
7,41,Chelsea,Everton
7,41,Brighton,Everton
7,41,Southampton,Wolverhampton
7,41,West Ham,Wolverhampton
7,41,Palace,Wolverhampton
7,41,Burnley,Wolverhampton
7,41,Brentford,Wolverhampton
7,41,Leeds,Wolverhampton
7,41,Norwich,Wolverhampton
7,41,Islington,Wolverhampton
7,41,Newcastle,Wolverhampton
7,41,United,Wolverhampton
7,41,Watford,Wolverhampton
7,41,City,Wolverhampton
7,41,Leicester,Wolverhampton
7,41,Chelsea,Wolverhampton
7,41,Brighton,Wolverhampton
7,41,West Ham,Southampton
7,41,Palace,Southampton
7,41,Burnley,Southampton
7,41,Brentford,Southampton
7,41,Leeds,Southampton
7,41,Norwich,Southampton
7,41,Islington,Southampton
7,41,Newcastle,Southampton
7,41,United,Southampton
7,41,Watford,Southampton
7,41,City,Southampton
7,41,Leicester,Southampton
7,41,Chelsea,Southampton
7,41,Brighton,Southampton
7,41,Palace,West Ham
7,41,Burnley,West Ham
7,41,Brentford,West Ham
7,41,Leeds,West Ham
7,41,Norwich,West Ham
7,41,Islington,West Ham
7,41,Newcastle,West Ham
7,41,United,West Ham
7,41,Watford,West Ham
7,41,City,West Ham
7,41,Leicester,West Ham
7,41,Chelsea,West Ham
7,41,Brighton,West Ham
7,41,Burnley,Palace
7,41,Brentford,Palace
7,41,Leeds,Palace
7,41,Norwich,Palace
7,41,Islington,Palace
7,41,Newcastle,Palace
7,41,United,Palace
7,41,Watford,Palace
7,41,City,Palace
7,41,Leicester,Palace
7,41,Chelsea,Palace
7,41,Brighton,Palace
7,41,Brentford,Burnley
7,41,Leeds,Burnley
7,41,Norwich,Burnley
7,41,Islington,Burnley
7,41,Newcastle,Burnley
7,41,United,Burnley
7,41,Watford,Burnley
7,41,City,Burnley
7,41,Leicester,Burnley
7,41,Chelsea,Burnley
7,41,Brighton,Burnley
7,41,Leeds,Brentford
7,41,Norwich,Brentford
7,41,Islington,Brentford
7,41,Newcastle,Brentford
7,41,United,Brentford
7,41,Watford,Brentford
7,41,City,Brentford
7,41,Leicester,Brentford
7,41,Chelsea,Brentford
7,41,Brighton,Brentford
7,41,Norwich,Leeds
7,41,Islington,Leeds
7,41,Newcastle,Leeds
7,41,United,Leeds
7,41,Watford,Leeds
7,41,City,Leeds
7,41,Leicester,Leeds
7,41,Chelsea,Leeds
7,41,Brighton,Leeds
7,41,Islington,Norwich
7,41,Newcastle,Norwich
7,41,United,Norwich
7,41,Watford,Norwich
7,41,City,Norwich
7,41,Leicester,Norwich
7,41,Chelsea,Norwich
7,41,Brighton,Norwich
7,41,Newcastle,Islington
7,41,United,Islington
7,41,Watford,Islington
7,41,City,Islington
7,41,Leicester,Islington
7,41,Chelsea,Islington
7,41,Brighton,Islington
7,41,United,Newcastle
7,41,Watford,Newcastle
7,41,City,Newcastle
7,41,Leicester,Newcastle
7,41,Chelsea,Newcastle
7,41,Brighton,Newcastle
7,41,Watford,United
7,41,City,United
7,41,Leicester,United
7,41,Chelsea,United
7,41,Brighton,United
7,41,City,Watford
7,41,Leicester,Watford
7,41,Chelsea,Watford
7,41,Brighton,Watford
7,41,Leicester,City
7,41,Chelsea,City
7,41,Brighton,City
7,41,Chelsea,Leicester
7,41,Brighton,Leicester
7,41,Brighton,Chelsea
7,44,Liverpool,Tottenham
7,44,Aston,Tottenham
7,44,Everton,Tottenham
7,44,Wolverhampton,Tottenham
7,44,Southampton,Tottenham
7,44,West Ham,Tottenham
7,44,Palace,Tottenham
7,44,Burnley,Tottenham
7,44,Brentford,Tottenham
7,44,Leeds,Tottenham
7,44,Norwich,Tottenham
7,44,Islington,Tottenham
7,44,Newcastle,Tottenham
7,44,United,Tottenham
7,44,Watford,Tottenham
7,44,City,Tottenham
7,44,Leicester,Tottenham
7,44,Chelsea,Tottenham
7,44,Brighton,Tottenham
7,44,Aston,Liverpool
7,44,Everton,Liverpool
7,44,Wolverhampton,Liverpool
7,44,Southampton,Liverpool
7,44,West Ham,Liverpool
7,44,Palace,Liverpool
7,44,Burnley,Liverpool
7,44,Brentford,Liverpool
7,44,Leeds,Liverpool
7,44,Norwich,Liverpool
7,44,Islington,Liverpool
7,44,Newcastle,Liverpool
7,44,United,Liverpool
7,44,Watford,Liverpool
7,44,City,Liverpool
7,44,Leicester,Liverpool
7,44,Chelsea,Liverpool
7,44,Brighton,Liverpool
7,44,Everton,Aston
7,44,Wolverhampton,Aston
7,44,Southampton,Aston
7,44,West Ham,Aston
7,44,Palace,Aston
7,44,Burnley,Aston
7,44,Brentford,Aston
7,44,Leeds,Aston
7,44,Norwich,Aston
7,44,Islington,Aston
7,44,Newcastle,Aston
7,44,United,Aston
7,44,Watford,Aston
7,44,City,Aston
7,44,Leicester,Aston
7,44,Chelsea,Aston
7,44,Brighton,Aston
7,44,Wolverhampton,Everton
7,44,Southampton,Everton
7,44,West Ham,Everton
7,44,Palace,Everton
7,44,Burnley,Everton
7,44,Brentford,Everton
7,44,Leeds,Everton
7,44,Norwich,Everton
7,44,Islington,Everton
7,44,Newcastle,Everton
7,44,United,Everton
7,44,Watford,Everton
7,44,City,Everton
7,44,Leicester,Everton
7,44,Chelsea,Everton
7,44,Brighton,Everton
7,44,Southampton,Wolverhampton
7,44,West Ham,Wolverhampton
7,44,Palace,Wolverhampton
7,44,Burnley,Wolverhampton
7,44,Brentford,Wolverhampton
7,44,Leeds,Wolverhampton
7,44,Norwich,Wolverhampton
7,44,Islington,Wolverhampton
7,44,Newcastle,Wolverhampton
7,44,United,Wolverhampton
7,44,Watford,Wolverhampton
7,44,City,Wolverhampton
7,44,Leicester,Wolverhampton
7,44,Chelsea,Wolverhampton
7,44,Brighton,Wolverhampton
7,44,West Ham,Southampton
7,44,Palace,Southampton
7,44,Burnley,Southampton
7,44,Brentford,Southampton
7,44,Leeds,Southampton
7,44,Norwich,Southampton
7,44,Islington,Southampton
7,44,Newcastle,Southampton
7,44,United,Southampton
7,44,Watford,Southampton
7,44,City,Southampton
7,44,Leicester,Southampton
7,44,Chelsea,Southampton
7,44,Brighton,Southampton
7,44,Palace,West Ham
7,44,Burnley,West Ham
7,44,Brentford,West Ham
7,44,Leeds,West Ham
7,44,Norwich,West Ham
7,44,Islington,West Ham
7,44,Newcastle,West Ham
7,44,United,West Ham
7,44,Watford,West Ham
7,44,City,West Ham
7,44,Leicester,West Ham
7,44,Chelsea,West Ham
7,44,Brighton,West Ham
7,44,Burnley,Palace
7,44,Brentford,Palace
7,44,Leeds,Palace
7,44,Norwich,Palace
7,44,Islington,Palace
7,44,Newcastle,Palace
7,44,United,Palace
7,44,Watford,Palace
7,44,City,Palace
7,44,Leicester,Palace
7,44,Chelsea,Palace
7,44,Brighton,Palace
7,44,Brentford,Burnley
7,44,Leeds,Burnley
7,44,Norwich,Burnley
7,44,Islington,Burnley
7,44,Newcastle,Burnley
7,44,United,Burnley
7,44,Watford,Burnley
7,44,City,Burnley
7,44,Leicester,Burnley
7,44,Chelsea,Burnley
7,44,Brighton,Burnley
7,44,Leeds,Brentford
7,44,Norwich,Brentford
7,44,Islington,Brentford
7,44,Newcastle,Brentford
7,44,United,Brentford
7,44,Watford,Brentford
7,44,City,Brentford
7,44,Leicester,Brentford
7,44,Chelsea,Brentford
7,44,Brighton,Brentford
7,44,Norwich,Leeds
7,44,Islington,Leeds
7,44,Newcastle,Leeds
7,44,United,Leeds
7,44,Watford,Leeds
7,44,City,Leeds
7,44,Leicester,Leeds
7,44,Chelsea,Leeds
7,44,Brighton,Leeds
7,44,Islington,Norwich
7,44,Newcastle,Norwich
7,44,United,Norwich
7,44,Watford,Norwich
7,44,City,Norwich
7,44,Leicester,Norwich
7,44,Chelsea,Norwich
7,44,Brighton,Norwich
7,44,Newcastle,Islington
7,44,United,Islington
7,44,Watford,Islington
7,44,City,Islington
7,44,Leicester,Islington
7,44,Chelsea,Islington
7,44,Brighton,Islington
7,44,United,Newcastle
7,44,Watford,Newcastle
7,44,City,Newcastle
7,44,Leicester,Newcastle
7,44,Chelsea,Newcastle
7,44,Brighton,Newcastle
7,44,Watford,United
7,44,City,United
7,44,Leicester,United
7,44,Chelsea,United
7,44,Brighton,United
7,44,City,Watford
7,44,Leicester,Watford
7,44,Chelsea,Watford
7,44,Brighton,Watford
7,44,Leicester,City
7,44,Chelsea,City
7,44,Brighton,City
7,44,Chelsea,Leicester
7,44,Brighton,Leicester
7,44,Brighton,Chelsea
7,47,Liverpool,Tottenham
7,47,Aston,Tottenham
7,47,Everton,Tottenham
7,47,Wolverhampton,Tottenham
7,47,Southampton,Tottenham
7,47,West Ham,Tottenham
7,47,Palace,Tottenham
7,47,Burnley,Tottenham
7,47,Brentford,Tottenham
7,47,Leeds,Tottenham
7,47,Norwich,Tottenham
7,47,Islington,Tottenham
7,47,Newcastle,Tottenham
7,47,United,Tottenham
7,47,Watford,Tottenham
7,47,City,Tottenham
7,47,Leicester,Tottenham
7,47,Chelsea,Tottenham
7,47,Brighton,Tottenham
7,47,Aston,Liverpool
7,47,Everton,Liverpool
7,47,Wolverhampton,Liverpool
7,47,Southampton,Liverpool
7,47,West Ham,Liverpool
7,47,Palace,Liverpool
7,47,Burnley,Liverpool
7,47,Brentford,Liverpool
7,47,Leeds,Liverpool
7,47,Norwich,Liverpool
7,47,Islington,Liverpool
7,47,Newcastle,Liverpool
7,47,United,Liverpool
7,47,Watford,Liverpool
7,47,City,Liverpool
7,47,Leicester,Liverpool
7,47,Chelsea,Liverpool
7,47,Brighton,Liverpool
7,47,Everton,Aston
7,47,Wolverhampton,Aston
7,47,Southampton,Aston
7,47,West Ham,Aston
7,47,Palace,Aston
7,47,Burnley,Aston
7,47,Brentford,Aston
7,47,Leeds,Aston
7,47,Norwich,Aston
7,47,Islington,Aston
7,47,Newcastle,Aston
7,47,United,Aston
7,47,Watford,Aston
7,47,City,Aston
7,47,Leicester,Aston
7,47,Chelsea,Aston
7,47,Brighton,Aston
7,47,Wolverhampton,Everton
7,47,Southampton,Everton
7,47,West Ham,Everton
7,47,Palace,Everton
7,47,Burnley,Everton
7,47,Brentford,Everton
7,47,Leeds,Everton
7,47,Norwich,Everton
7,47,Islington,Everton
7,47,Newcastle,Everton
7,47,United,Everton
7,47,Watford,Everton
7,47,City,Everton
7,47,Leicester,Everton
7,47,Chelsea,Everton
7,47,Brighton,Everton
7,47,Southampton,Wolverhampton
7,47,West Ham,Wolverhampton
7,47,Palace,Wolverhampton
7,47,Burnley,Wolverhampton
7,47,Brentford,Wolverhampton
7,47,Leeds,Wolverhampton
7,47,Norwich,Wolverhampton
7,47,Islington,Wolverhampton
7,47,Newcastle,Wolverhampton
7,47,United,Wolverhampton
7,47,Watford,Wolverhampton
7,47,City,Wolverhampton
7,47,Leicester,Wolverhampton
7,47,Chelsea,Wolverhampton
7,47,Brighton,Wolverhampton
7,47,West Ham,Southampton
7,47,Palace,Southampton
7,47,Burnley,Southampton
7,47,Brentford,Southampton
7,47,Leeds,Southampton
7,47,Norwich,Southampton
7,47,Islington,Southampton
7,47,Newcastle,Southampton
7,47,United,Southampton
7,47,Watford,Southampton
7,47,City,Southampton
7,47,Leicester,Southampton
7,47,Chelsea,Southampton
7,47,Brighton,Southampton
7,47,Palace,West Ham
7,47,Burnley,West Ham
7,47,Brentford,West Ham
7,47,Leeds,West Ham
7,47,Norwich,West Ham
7,47,Islington,West Ham
7,47,Newcastle,West Ham
7,47,United,West Ham
7,47,Watford,West Ham
7,47,City,West Ham
7,47,Leicester,West Ham
7,47,Chelsea,West Ham
7,47,Brighton,West Ham
7,47,Burnley,Palace
7,47,Brentford,Palace
7,47,Leeds,Palace
7,47,Norwich,Palace
7,47,Islington,Palace
7,47,Newcastle,Palace
7,47,United,Palace
7,47,Watford,Palace
7,47,City,Palace
7,47,Leicester,Palace
7,47,Chelsea,Palace
7,47,Brighton,Palace
7,47,Brentford,Burnley
7,47,Leeds,Burnley
7,47,Norwich,Burnley
7,47,Islington,Burnley
7,47,Newcastle,Burnley
7,47,United,Burnley
7,47,Watford,Burnley
7,47,City,Burnley
7,47,Leicester,Burnley
7,47,Chelsea,Burnley
7,47,Brighton,Burnley
7,47,Leeds,Brentford
7,47,Norwich,Brentford
7,47,Islington,Brentford
7,47,Newcastle,Brentford
7,47,United,Brentford
7,47,Watford,Brentford
7,47,City,Brentford
7,47,Leicester,Brentford
7,47,Chelsea,Brentford
7,47,Brighton,Brentford
7,47,Norwich,Leeds
7,47,Islington,Leeds
7,47,Newcastle,Leeds
7,47,United,Leeds
7,47,Watford,Leeds
7,47,City,Leeds
7,47,Leicester,Leeds
7,47,Chelsea,Leeds
7,47,Brighton,Leeds
7,47,Islington,Norwich
7,47,Newcastle,Norwich
7,47,United,Norwich
7,47,Watford,Norwich
7,47,City,Norwich
7,47,Leicester,Norwich
7,47,Chelsea,Norwich
7,47,Brighton,Norwich
7,47,Newcastle,Islington
7,47,United,Islington
7,47,Watford,Islington
7,47,City,Islington
7,47,Leicester,Islington
7,47,Chelsea,Islington
7,47,Brighton,Islington
7,47,United,Newcastle
7,47,Watford,Newcastle
7,47,City,Newcastle
7,47,Leicester,Newcastle
7,47,Chelsea,Newcastle
7,47,Brighton,Newcastle
7,47,Watford,United
7,47,City,United
7,47,Leicester,United
7,47,Chelsea,United
7,47,Brighton,United
7,47,City,Watford
7,47,Leicester,Watford
7,47,Chelsea,Watford
7,47,Brighton,Watford
7,47,Leicester,City
7,47,Chelsea,City
7,47,Brighton,City
7,47,Chelsea,Leicester
7,47,Brighton,Leicester
7,47,Brighton,Chelsea
7,50,Liverpool,Tottenham
7,50,Aston,Tottenham
7,50,Everton,Tottenham
7,50,Wolverhampton,Tottenham
7,50,Southampton,Tottenham
7,50,West Ham,Tottenham
7,50,Palace,Tottenham
7,50,Burnley,Tottenham
7,50,Brentford,Tottenham
7,50,Leeds,Tottenham
7,50,Norwich,Tottenham
7,50,Islington,Tottenham
7,50,Newcastle,Tottenham
7,50,United,Tottenham
7,50,Watford,Tottenham
7,50,City,Tottenham
7,50,Leicester,Tottenham
7,50,Chelsea,Tottenham
7,50,Brighton,Tottenham
7,50,Aston,Liverpool
7,50,Everton,Liverpool
7,50,Wolverhampton,Liverpool
7,50,Southampton,Liverpool
7,50,West Ham,Liverpool
7,50,Palace,Liverpool
7,50,Burnley,Liverpool
7,50,Brentford,Liverpool
7,50,Leeds,Liverpool
7,50,Norwich,Liverpool
7,50,Islington,Liverpool
7,50,Newcastle,Liverpool
7,50,United,Liverpool
7,50,Watford,Liverpool
7,50,City,Liverpool
7,50,Leicester,Liverpool
7,50,Chelsea,Liverpool
7,50,Brighton,Liverpool
7,50,Everton,Aston
7,50,Wolverhampton,Aston
7,50,Southampton,Aston
7,50,West Ham,Aston
7,50,Palace,Aston
7,50,Burnley,Aston
7,50,Brentford,Aston
7,50,Leeds,Aston
7,50,Norwich,Aston
7,50,Islington,Aston
7,50,Newcastle,Aston
7,50,United,Aston
7,50,Watford,Aston
7,50,City,Aston
7,50,Leicester,Aston
7,50,Chelsea,Aston
7,50,Brighton,Aston
7,50,Wolverhampton,Everton
7,50,Southampton,Everton
7,50,West Ham,Everton
7,50,Palace,Everton
7,50,Burnley,Everton
7,50,Brentford,Everton
7,50,Leeds,Everton
7,50,Norwich,Everton
7,50,Islington,Everton
7,50,Newcastle,Everton
7,50,United,Everton
7,50,Watford,Everton
7,50,City,Everton
7,50,Leicester,Everton
7,50,Chelsea,Everton
7,50,Brighton,Everton
7,50,Southampton,Wolverhampton
7,50,West Ham,Wolverhampton
7,50,Palace,Wolverhampton
7,50,Burnley,Wolverhampton
7,50,Brentford,Wolverhampton
7,50,Leeds,Wolverhampton
7,50,Norwich,Wolverhampton
7,50,Islington,Wolverhampton
7,50,Newcastle,Wolverhampton
7,50,United,Wolverhampton
7,50,Watford,Wolverhampton
7,50,City,Wolverhampton
7,50,Leicester,Wolverhampton
7,50,Chelsea,Wolverhampton
7,50,Brighton,Wolverhampton
7,50,West Ham,Southampton
7,50,Palace,Southampton
7,50,Burnley,Southampton
7,50,Brentford,Southampton
7,50,Leeds,Southampton
7,50,Norwich,Southampton
7,50,Islington,Southampton
7,50,Newcastle,Southampton
7,50,United,Southampton
7,50,Watford,Southampton
7,50,City,Southampton
7,50,Leicester,Southampton
7,50,Chelsea,Southampton
7,50,Brighton,Southampton
7,50,Palace,West Ham
7,50,Burnley,West Ham
7,50,Brentford,West Ham
7,50,Leeds,West Ham
7,50,Norwich,West Ham
7,50,Islington,West Ham
7,50,Newcastle,West Ham
7,50,United,West Ham
7,50,Watford,West Ham
7,50,City,West Ham
7,50,Leicester,West Ham
7,50,Chelsea,West Ham
7,50,Brighton,West Ham
7,50,Burnley,Palace
7,50,Brentford,Palace
7,50,Leeds,Palace
7,50,Norwich,Palace
7,50,Islington,Palace
7,50,Newcastle,Palace
7,50,United,Palace
7,50,Watford,Palace
7,50,City,Palace
7,50,Leicester,Palace
7,50,Chelsea,Palace
7,50,Brighton,Palace
7,50,Brentford,Burnley
7,50,Leeds,Burnley
7,50,Norwich,Burnley
7,50,Islington,Burnley
7,50,Newcastle,Burnley
7,50,United,Burnley
7,50,Watford,Burnley
7,50,City,Burnley
7,50,Leicester,Burnley
7,50,Chelsea,Burnley
7,50,Brighton,Burnley
7,50,Leeds,Brentford
7,50,Norwich,Brentford
7,50,Islington,Brentford
7,50,Newcastle,Brentford
7,50,United,Brentford
7,50,Watford,Brentford
7,50,City,Brentford
7,50,Leicester,Brentford
7,50,Chelsea,Brentford
7,50,Brighton,Brentford
7,50,Norwich,Leeds
7,50,Islington,Leeds
7,50,Newcastle,Leeds
7,50,United,Leeds
7,50,Watford,Leeds
7,50,City,Leeds
7,50,Leicester,Leeds
7,50,Chelsea,Leeds
7,50,Brighton,Leeds
7,50,Islington,Norwich
7,50,Newcastle,Norwich
7,50,United,Norwich
7,50,Watford,Norwich
7,50,City,Norwich
7,50,Leicester,Norwich
7,50,Chelsea,Norwich
7,50,Brighton,Norwich
7,50,Newcastle,Islington
7,50,United,Islington
7,50,Watford,Islington
7,50,City,Islington
7,50,Leicester,Islington
7,50,Chelsea,Islington
7,50,Brighton,Islington
7,50,United,Newcastle
7,50,Watford,Newcastle
7,50,City,Newcastle
7,50,Leicester,Newcastle
7,50,Chelsea,Newcastle
7,50,Brighton,Newcastle
7,50,Watford,United
7,50,City,United
7,50,Leicester,United
7,50,Chelsea,United
7,50,Brighton,United
7,50,City,Watford
7,50,Leicester,Watford
7,50,Chelsea,Watford
7,50,Brighton,Watford
7,50,Leicester,City
7,50,Chelsea,City
7,50,Brighton,City
7,50,Chelsea,Leicester
7,50,Brighton,Leicester
7,50,Brighton,Chelsea
7,53,Liverpool,Tottenham
7,53,Aston,Tottenham
7,53,Everton,Tottenham
7,53,Wolverhampton,Tottenham
7,53,Southampton,Tottenham
7,53,West Ham,Tottenham
7,53,Palace,Tottenham
7,53,Burnley,Tottenham
7,53,Brentford,Tottenham
7,53,Leeds,Tottenham
7,53,Norwich,Tottenham
7,53,Islington,Tottenham
7,53,Newcastle,Tottenham
7,53,United,Tottenham
7,53,Watford,Tottenham
7,53,City,Tottenham
7,53,Leicester,Tottenham
7,53,Chelsea,Tottenham
7,53,Brighton,Tottenham
7,53,Aston,Liverpool
7,53,Everton,Liverpool
7,53,Wolverhampton,Liverpool
7,53,Southampton,Liverpool
7,53,West Ham,Liverpool
7,53,Palace,Liverpool
7,53,Burnley,Liverpool
7,53,Brentford,Liverpool
7,53,Leeds,Liverpool
7,53,Norwich,Liverpool
7,53,Islington,Liverpool
7,53,Newcastle,Liverpool
7,53,United,Liverpool
7,53,Watford,Liverpool
7,53,City,Liverpool
7,53,Leicester,Liverpool
7,53,Chelsea,Liverpool
7,53,Brighton,Liverpool
7,53,Everton,Aston
7,53,Wolverhampton,Aston
7,53,Southampton,Aston
7,53,West Ham,Aston
7,53,Palace,Aston
7,53,Burnley,Aston
7,53,Brentford,Aston
7,53,Leeds,Aston
7,53,Norwich,Aston
7,53,Islington,Aston
7,53,Newcastle,Aston
7,53,United,Aston
7,53,Watford,Aston
7,53,City,Aston
7,53,Leicester,Aston
7,53,Chelsea,Aston
7,53,Brighton,Aston
7,53,Wolverhampton,Everton
7,53,Southampton,Everton
7,53,West Ham,Everton
7,53,Palace,Everton
7,53,Burnley,Everton
7,53,Brentford,Everton
7,53,Leeds,Everton
7,53,Norwich,Everton
7,53,Islington,Everton
7,53,Newcastle,Everton
7,53,United,Everton
7,53,Watford,Everton
7,53,City,Everton
7,53,Leicester,Everton
7,53,Chelsea,Everton
7,53,Brighton,Everton
7,53,Southampton,Wolverhampton
7,53,West Ham,Wolverhampton
7,53,Palace,Wolverhampton
7,53,Burnley,Wolverhampton
7,53,Brentford,Wolverhampton
7,53,Leeds,Wolverhampton
7,53,Norwich,Wolverhampton
7,53,Islington,Wolverhampton
7,53,Newcastle,Wolverhampton
7,53,United,Wolverhampton
7,53,Watford,Wolverhampton
7,53,City,Wolverhampton
7,53,Leicester,Wolverhampton
7,53,Chelsea,Wolverhampton
7,53,Brighton,Wolverhampton
7,53,West Ham,Southampton
7,53,Palace,Southampton
7,53,Burnley,Southampton
7,53,Brentford,Southampton
7,53,Leeds,Southampton
7,53,Norwich,Southampton
7,53,Islington,Southampton
7,53,Newcastle,Southampton
7,53,United,Southampton
7,53,Watford,Southampton
7,53,City,Southampton
7,53,Leicester,Southampton
7,53,Chelsea,Southampton
7,53,Brighton,Southampton
7,53,Palace,West Ham
7,53,Burnley,West Ham
7,53,Brentford,West Ham
7,53,Leeds,West Ham
7,53,Norwich,West Ham
7,53,Islington,West Ham
7,53,Newcastle,West Ham
7,53,United,West Ham
7,53,Watford,West Ham
7,53,City,West Ham
7,53,Leicester,West Ham
7,53,Chelsea,West Ham
7,53,Brighton,West Ham
7,53,Burnley,Palace
7,53,Brentford,Palace
7,53,Leeds,Palace
7,53,Norwich,Palace
7,53,Islington,Palace
7,53,Newcastle,Palace
7,53,United,Palace
7,53,Watford,Palace
7,53,City,Palace
7,53,Leicester,Palace
7,53,Chelsea,Palace
7,53,Brighton,Palace
7,53,Brentford,Burnley
7,53,Leeds,Burnley
7,53,Norwich,Burnley
7,53,Islington,Burnley
7,53,Newcastle,Burnley
7,53,United,Burnley
7,53,Watford,Burnley
7,53,City,Burnley
7,53,Leicester,Burnley
7,53,Chelsea,Burnley
7,53,Brighton,Burnley
7,53,Leeds,Brentford
7,53,Norwich,Brentford
7,53,Islington,Brentford
7,53,Newcastle,Brentford
7,53,United,Brentford
7,53,Watford,Brentford
7,53,City,Brentford
7,53,Leicester,Brentford
7,53,Chelsea,Brentford
7,53,Brighton,Brentford
7,53,Norwich,Leeds
7,53,Islington,Leeds
7,53,Newcastle,Leeds
7,53,United,Leeds
7,53,Watford,Leeds
7,53,City,Leeds
7,53,Leicester,Leeds
7,53,Chelsea,Leeds
7,53,Brighton,Leeds
7,53,Islington,Norwich
7,53,Newcastle,Norwich
7,53,United,Norwich
7,53,Watford,Norwich
7,53,City,Norwich
7,53,Leicester,Norwich
7,53,Chelsea,Norwich
7,53,Brighton,Norwich
7,53,Newcastle,Islington
7,53,United,Islington
7,53,Watford,Islington
7,53,City,Islington
7,53,Leicester,Islington
7,53,Chelsea,Islington
7,53,Brighton,Islington
7,53,United,Newcastle
7,53,Watford,Newcastle
7,53,City,Newcastle
7,53,Leicester,Newcastle
7,53,Chelsea,Newcastle
7,53,Brighton,Newcastle
7,53,Watford,United
7,53,City,United
7,53,Leicester,United
7,53,Chelsea,United
7,53,Brighton,United
7,53,City,Watford
7,53,Leicester,Watford
7,53,Chelsea,Watford
7,53,Brighton,Watford
7,53,Leicester,City
7,53,Chelsea,City
7,53,Brighton,City
7,53,Chelsea,Leicester
7,53,Brighton,Leicester
7,53,Brighton,Chelsea
7,56,Liverpool,Tottenham
7,56,Aston,Tottenham
7,56,Everton,Tottenham
7,56,Wolverhampton,Tottenham
7,56,Southampton,Tottenham
7,56,West Ham,Tottenham
7,56,Palace,Tottenham
7,56,Burnley,Tottenham
7,56,Brentford,Tottenham
7,56,Leeds,Tottenham
7,56,Norwich,Tottenham
7,56,Islington,Tottenham
7,56,Newcastle,Tottenham
7,56,United,Tottenham
7,56,Watford,Tottenham
7,56,City,Tottenham
7,56,Leicester,Tottenham
7,56,Chelsea,Tottenham
7,56,Brighton,Tottenham
7,56,Aston,Liverpool
7,56,Everton,Liverpool
7,56,Wolverhampton,Liverpool
7,56,Southampton,Liverpool
7,56,West Ham,Liverpool
7,56,Palace,Liverpool
7,56,Burnley,Liverpool
7,56,Brentford,Liverpool
7,56,Leeds,Liverpool
7,56,Norwich,Liverpool
7,56,Islington,Liverpool
7,56,Newcastle,Liverpool
7,56,United,Liverpool
7,56,Watford,Liverpool
7,56,City,Liverpool
7,56,Leicester,Liverpool
7,56,Chelsea,Liverpool
7,56,Brighton,Liverpool
7,56,Everton,Aston
7,56,Wolverhampton,Aston
7,56,Southampton,Aston
7,56,West Ham,Aston
7,56,Palace,Aston
7,56,Burnley,Aston
7,56,Brentford,Aston
7,56,Leeds,Aston
7,56,Norwich,Aston
7,56,Islington,Aston
7,56,Newcastle,Aston
7,56,United,Aston
7,56,Watford,Aston
7,56,City,Aston
7,56,Leicester,Aston
7,56,Chelsea,Aston
7,56,Brighton,Aston
7,56,Wolverhampton,Everton
7,56,Southampton,Everton
7,56,West Ham,Everton
7,56,Palace,Everton
7,56,Burnley,Everton
7,56,Brentford,Everton
7,56,Leeds,Everton
7,56,Norwich,Everton
7,56,Islington,Everton
7,56,Newcastle,Everton
7,56,United,Everton
7,56,Watford,Everton
7,56,City,Everton
7,56,Leicester,Everton
7,56,Chelsea,Everton
7,56,Brighton,Everton
7,56,Southampton,Wolverhampton
7,56,West Ham,Wolverhampton
7,56,Palace,Wolverhampton
7,56,Burnley,Wolverhampton
7,56,Brentford,Wolverhampton
7,56,Leeds,Wolverhampton
7,56,Norwich,Wolverhampton
7,56,Islington,Wolverhampton
7,56,Newcastle,Wolverhampton
7,56,United,Wolverhampton
7,56,Watford,Wolverhampton
7,56,City,Wolverhampton
7,56,Leicester,Wolverhampton
7,56,Chelsea,Wolverhampton
7,56,Brighton,Wolverhampton
7,56,West Ham,Southampton
7,56,Palace,Southampton
7,56,Burnley,Southampton
7,56,Brentford,Southampton
7,56,Leeds,Southampton
7,56,Norwich,Southampton
7,56,Islington,Southampton
7,56,Newcastle,Southampton
7,56,United,Southampton
7,56,Watford,Southampton
7,56,City,Southampton
7,56,Leicester,Southampton
7,56,Chelsea,Southampton
7,56,Brighton,Southampton
7,56,Palace,West Ham
7,56,Burnley,West Ham
7,56,Brentford,West Ham
7,56,Leeds,West Ham
7,56,Norwich,West Ham
7,56,Islington,West Ham
7,56,Newcastle,West Ham
7,56,United,West Ham
7,56,Watford,West Ham
7,56,City,West Ham
7,56,Leicester,West Ham
7,56,Chelsea,West Ham
7,56,Brighton,West Ham
7,56,Burnley,Palace
7,56,Brentford,Palace
7,56,Leeds,Palace
7,56,Norwich,Palace
7,56,Islington,Palace
7,56,Newcastle,Palace
7,56,United,Palace
7,56,Watford,Palace
7,56,City,Palace
7,56,Leicester,Palace
7,56,Chelsea,Palace
7,56,Brighton,Palace
7,56,Brentford,Burnley
7,56,Leeds,Burnley
7,56,Norwich,Burnley
7,56,Islington,Burnley
7,56,Newcastle,Burnley
7,56,United,Burnley
7,56,Watford,Burnley
7,56,City,Burnley
7,56,Leicester,Burnley
7,56,Chelsea,Burnley
7,56,Brighton,Burnley
7,56,Leeds,Brentford
7,56,Norwich,Brentford
7,56,Islington,Brentford
7,56,Newcastle,Brentford
7,56,United,Brentford
7,56,Watford,Brentford
7,56,City,Brentford
7,56,Leicester,Brentford
7,56,Chelsea,Brentford
7,56,Brighton,Brentford
7,56,Norwich,Leeds
7,56,Islington,Leeds
7,56,Newcastle,Leeds
7,56,United,Leeds
7,56,Watford,Leeds
7,56,City,Leeds
7,56,Leicester,Leeds
7,56,Chelsea,Leeds
7,56,Brighton,Leeds
7,56,Islington,Norwich
7,56,Newcastle,Norwich
7,56,United,Norwich
7,56,Watford,Norwich
7,56,City,Norwich
7,56,Leicester,Norwich
7,56,Chelsea,Norwich
7,56,Brighton,Norwich
7,56,Newcastle,Islington
7,56,United,Islington
7,56,Watford,Islington
7,56,City,Islington
7,56,Leicester,Islington
7,56,Chelsea,Islington
7,56,Brighton,Islington
7,56,United,Newcastle
7,56,Watford,Newcastle
7,56,City,Newcastle
7,56,Leicester,Newcastle
7,56,Chelsea,Newcastle
7,56,Brighton,Newcastle
7,56,Watford,United
7,56,City,United
7,56,Leicester,United
7,56,Chelsea,United
7,56,Brighton,United
7,56,City,Watford
7,56,Leicester,Watford
7,56,Chelsea,Watford
7,56,Brighton,Watford
7,56,Leicester,City
7,56,Chelsea,City
7,56,Brighton,City
7,56,Chelsea,Leicester
7,56,Brighton,Leicester
7,56,Brighton,Chelsea
7,59,Liverpool,Tottenham
7,59,Aston,Tottenham
7,59,Everton,Tottenham
7,59,Wolverhampton,Tottenham
7,59,Southampton,Tottenham
7,59,West Ham,Tottenham
7,59,Palace,Tottenham
7,59,Burnley,Tottenham
7,59,Brentford,Tottenham
7,59,Leeds,Tottenham
7,59,Norwich,Tottenham
7,59,Islington,Tottenham
7,59,Newcastle,Tottenham
7,59,United,Tottenham
7,59,Watford,Tottenham
7,59,City,Tottenham
7,59,Leicester,Tottenham
7,59,Chelsea,Tottenham
7,59,Brighton,Tottenham
7,59,Aston,Liverpool
7,59,Everton,Liverpool
7,59,Wolverhampton,Liverpool
7,59,Southampton,Liverpool
7,59,West Ham,Liverpool
7,59,Palace,Liverpool
7,59,Burnley,Liverpool
7,59,Brentford,Liverpool
7,59,Leeds,Liverpool
7,59,Norwich,Liverpool
7,59,Islington,Liverpool
7,59,Newcastle,Liverpool
7,59,United,Liverpool
7,59,Watford,Liverpool
7,59,City,Liverpool
7,59,Leicester,Liverpool
7,59,Chelsea,Liverpool
7,59,Brighton,Liverpool
7,59,Everton,Aston
7,59,Wolverhampton,Aston
7,59,Southampton,Aston
7,59,West Ham,Aston
7,59,Palace,Aston
7,59,Burnley,Aston
7,59,Brentford,Aston
7,59,Leeds,Aston
7,59,Norwich,Aston
7,59,Islington,Aston
7,59,Newcastle,Aston
7,59,United,Aston
7,59,Watford,Aston
7,59,City,Aston
7,59,Leicester,Aston
7,59,Chelsea,Aston
7,59,Brighton,Aston
7,59,Wolverhampton,Everton
7,59,Southampton,Everton
7,59,West Ham,Everton
7,59,Palace,Everton
7,59,Burnley,Everton
7,59,Brentford,Everton
7,59,Leeds,Everton
7,59,Norwich,Everton
7,59,Islington,Everton
7,59,Newcastle,Everton
7,59,United,Everton
7,59,Watford,Everton
7,59,City,Everton
7,59,Leicester,Everton
7,59,Chelsea,Everton
7,59,Brighton,Everton
7,59,Southampton,Wolverhampton
7,59,West Ham,Wolverhampton
7,59,Palace,Wolverhampton
7,59,Burnley,Wolverhampton
7,59,Brentford,Wolverhampton
7,59,Leeds,Wolverhampton
7,59,Norwich,Wolverhampton
7,59,Islington,Wolverhampton
7,59,Newcastle,Wolverhampton
7,59,United,Wolverhampton
7,59,Watford,Wolverhampton
7,59,City,Wolverhampton
7,59,Leicester,Wolverhampton
7,59,Chelsea,Wolverhampton
7,59,Brighton,Wolverhampton
7,59,West Ham,Southampton
7,59,Palace,Southampton
7,59,Burnley,Southampton
7,59,Brentford,Southampton
7,59,Leeds,Southampton
7,59,Norwich,Southampton
7,59,Islington,Southampton
7,59,Newcastle,Southampton
7,59,United,Southampton
7,59,Watford,Southampton
7,59,City,Southampton
7,59,Leicester,Southampton
7,59,Chelsea,Southampton
7,59,Brighton,Southampton
7,59,Palace,West Ham
7,59,Burnley,West Ham
7,59,Brentford,West Ham
7,59,Leeds,West Ham
7,59,Norwich,West Ham
7,59,Islington,West Ham
7,59,Newcastle,West Ham
7,59,United,West Ham
7,59,Watford,West Ham
7,59,City,West Ham
7,59,Leicester,West Ham
7,59,Chelsea,West Ham
7,59,Brighton,West Ham
7,59,Burnley,Palace
7,59,Brentford,Palace
7,59,Leeds,Palace
7,59,Norwich,Palace
7,59,Islington,Palace
7,59,Newcastle,Palace
7,59,United,Palace
7,59,Watford,Palace
7,59,City,Palace
7,59,Leicester,Palace
7,59,Chelsea,Palace
7,59,Brighton,Palace
7,59,Brentford,Burnley
7,59,Leeds,Burnley
7,59,Norwich,Burnley
7,59,Islington,Burnley
7,59,Newcastle,Burnley
7,59,United,Burnley
7,59,Watford,Burnley
7,59,City,Burnley
7,59,Leicester,Burnley
7,59,Chelsea,Burnley
7,59,Brighton,Burnley
7,59,Leeds,Brentford
7,59,Norwich,Brentford
7,59,Islington,Brentford
7,59,Newcastle,Brentford
7,59,United,Brentford
7,59,Watford,Brentford
7,59,City,Brentford
7,59,Leicester,Brentford
7,59,Chelsea,Brentford
7,59,Brighton,Brentford
7,59,Norwich,Leeds
7,59,Islington,Leeds
7,59,Newcastle,Leeds
7,59,United,Leeds
7,59,Watford,Leeds
7,59,City,Leeds
7,59,Leicester,Leeds
7,59,Chelsea,Leeds
7,59,Brighton,Leeds
7,59,Islington,Norwich
7,59,Newcastle,Norwich
7,59,United,Norwich
7,59,Watford,Norwich
7,59,City,Norwich
7,59,Leicester,Norwich
7,59,Chelsea,Norwich
7,59,Brighton,Norwich
7,59,Newcastle,Islington
7,59,United,Islington
7,59,Watford,Islington
7,59,City,Islington
7,59,Leicester,Islington
7,59,Chelsea,Islington
7,59,Brighton,Islington
7,59,United,Newcastle
7,59,Watford,Newcastle
7,59,City,Newcastle
7,59,Leicester,Newcastle
7,59,Chelsea,Newcastle
7,59,Brighton,Newcastle
7,59,Watford,United
7,59,City,United
7,59,Leicester,United
7,59,Chelsea,United
7,59,Brighton,United
7,59,City,Watford
7,59,Leicester,Watford
7,59,Chelsea,Watford
7,59,Brighton,Watford
7,59,Leicester,City
7,59,Chelsea,City
7,59,Brighton,City
7,59,Chelsea,Leicester
7,59,Brighton,Leicester
7,59,Brighton,Chelsea
8,2,Liverpool,Tottenham
8,2,Aston,Tottenham
8,2,Everton,Tottenham
8,2,Wolverhampton,Tottenham
8,2,Southampton,Tottenham
8,2,West Ham,Tottenham
8,2,Palace,Tottenham
8,2,Burnley,Tottenham
8,2,Brentford,Tottenham
8,2,Leeds,Tottenham
8,2,Norwich,Tottenham
8,2,Islington,Tottenham
8,2,Newcastle,Tottenham
8,2,United,Tottenham
8,2,Watford,Tottenham
8,2,City,Tottenham
8,2,Leicester,Tottenham
8,2,Chelsea,Tottenham
8,2,Brighton,Tottenham
8,2,Aston,Liverpool
8,2,Everton,Liverpool
8,2,Wolverhampton,Liverpool
8,2,Southampton,Liverpool
8,2,West Ham,Liverpool
8,2,Palace,Liverpool
8,2,Burnley,Liverpool
8,2,Brentford,Liverpool
8,2,Leeds,Liverpool
8,2,Norwich,Liverpool
8,2,Islington,Liverpool
8,2,Newcastle,Liverpool
8,2,United,Liverpool
8,2,Watford,Liverpool
8,2,City,Liverpool
8,2,Leicester,Liverpool
8,2,Chelsea,Liverpool
8,2,Brighton,Liverpool
8,2,Everton,Aston
8,2,Wolverhampton,Aston
8,2,Southampton,Aston
8,2,West Ham,Aston
8,2,Palace,Aston
8,2,Burnley,Aston
8,2,Brentford,Aston
8,2,Leeds,Aston
8,2,Norwich,Aston
8,2,Islington,Aston
8,2,Newcastle,Aston
8,2,United,Aston
8,2,Watford,Aston
8,2,City,Aston
8,2,Leicester,Aston
8,2,Chelsea,Aston
8,2,Brighton,Aston
8,2,Wolverhampton,Everton
8,2,Southampton,Everton
8,2,West Ham,Everton
8,2,Palace,Everton
8,2,Burnley,Everton
8,2,Brentford,Everton
8,2,Leeds,Everton
8,2,Norwich,Everton
8,2,Islington,Everton
8,2,Newcastle,Everton
8,2,United,Everton
8,2,Watford,Everton
8,2,City,Everton
8,2,Leicester,Everton
8,2,Chelsea,Everton
8,2,Brighton,Everton
8,2,Southampton,Wolverhampton
8,2,West Ham,Wolverhampton
8,2,Palace,Wolverhampton
8,2,Burnley,Wolverhampton
8,2,Brentford,Wolverhampton
8,2,Leeds,Wolverhampton
8,2,Norwich,Wolverhampton
8,2,Islington,Wolverhampton
8,2,Newcastle,Wolverhampton
8,2,United,Wolverhampton
8,2,Watford,Wolverhampton
8,2,City,Wolverhampton
8,2,Leicester,Wolverhampton
8,2,Chelsea,Wolverhampton
8,2,Brighton,Wolverhampton
8,2,West Ham,Southampton
8,2,Palace,Southampton
8,2,Burnley,Southampton
8,2,Brentford,Southampton
8,2,Leeds,Southampton
8,2,Norwich,Southampton
8,2,Islington,Southampton
8,2,Newcastle,Southampton
8,2,United,Southampton
8,2,Watford,Southampton
8,2,City,Southampton
8,2,Leicester,Southampton
8,2,Chelsea,Southampton
8,2,Brighton,Southampton
8,2,Palace,West Ham
8,2,Burnley,West Ham
8,2,Brentford,West Ham
8,2,Leeds,West Ham
8,2,Norwich,West Ham
8,2,Islington,West Ham
8,2,Newcastle,West Ham
8,2,United,West Ham
8,2,Watford,West Ham
8,2,City,West Ham
8,2,Leicester,West Ham
8,2,Chelsea,West Ham
8,2,Brighton,West Ham
8,2,Burnley,Palace
8,2,Brentford,Palace
8,2,Leeds,Palace
8,2,Norwich,Palace
8,2,Islington,Palace
8,2,Newcastle,Palace
8,2,United,Palace
8,2,Watford,Palace
8,2,City,Palace
8,2,Leicester,Palace
8,2,Chelsea,Palace
8,2,Brighton,Palace
8,2,Brentford,Burnley
8,2,Leeds,Burnley
8,2,Norwich,Burnley
8,2,Islington,Burnley
8,2,Newcastle,Burnley
8,2,United,Burnley
8,2,Watford,Burnley
8,2,City,Burnley
8,2,Leicester,Burnley
8,2,Chelsea,Burnley
8,2,Brighton,Burnley
8,2,Leeds,Brentford
8,2,Norwich,Brentford
8,2,Islington,Brentford
8,2,Newcastle,Brentford
8,2,United,Brentford
8,2,Watford,Brentford
8,2,City,Brentford
8,2,Leicester,Brentford
8,2,Chelsea,Brentford
8,2,Brighton,Brentford
8,2,Norwich,Leeds
8,2,Islington,Leeds
8,2,Newcastle,Leeds
8,2,United,Leeds
8,2,Watford,Leeds
8,2,City,Leeds
8,2,Leicester,Leeds
8,2,Chelsea,Leeds
8,2,Brighton,Leeds
8,2,Islington,Norwich
8,2,Newcastle,Norwich
8,2,United,Norwich
8,2,Watford,Norwich
8,2,City,Norwich
8,2,Leicester,Norwich
8,2,Chelsea,Norwich
8,2,Brighton,Norwich
8,2,Newcastle,Islington
8,2,United,Islington
8,2,Watford,Islington
8,2,City,Islington
8,2,Leicester,Islington
8,2,Chelsea,Islington
8,2,Brighton,Islington
8,2,United,Newcastle
8,2,Watford,Newcastle
8,2,City,Newcastle
8,2,Leicester,Newcastle
8,2,Chelsea,Newcastle
8,2,Brighton,Newcastle
8,2,Watford,United
8,2,City,United
8,2,Leicester,United
8,2,Chelsea,United
8,2,Brighton,United
8,2,City,Watford
8,2,Leicester,Watford
8,2,Chelsea,Watford
8,2,Brighton,Watford
8,2,Leicester,City
8,2,Chelsea,City
8,2,Brighton,City
8,2,Chelsea,Leicester
8,2,Brighton,Leicester
8,2,Brighton,Chelsea
8,5,Liverpool,Tottenham
8,5,Aston,Tottenham
8,5,Everton,Tottenham
8,5,Wolverhampton,Tottenham
8,5,Southampton,Tottenham
8,5,West Ham,Tottenham
8,5,Palace,Tottenham
8,5,Burnley,Tottenham
8,5,Brentford,Tottenham
8,5,Leeds,Tottenham
8,5,Norwich,Tottenham
8,5,Islington,Tottenham
8,5,Newcastle,Tottenham
8,5,United,Tottenham
8,5,Watford,Tottenham
8,5,City,Tottenham
8,5,Leicester,Tottenham
8,5,Chelsea,Tottenham
8,5,Brighton,Tottenham
8,5,Aston,Liverpool
8,5,Everton,Liverpool
8,5,Wolverhampton,Liverpool
8,5,Southampton,Liverpool
8,5,West Ham,Liverpool
8,5,Palace,Liverpool
8,5,Burnley,Liverpool
8,5,Brentford,Liverpool
8,5,Leeds,Liverpool
8,5,Norwich,Liverpool
8,5,Islington,Liverpool
8,5,Newcastle,Liverpool
8,5,United,Liverpool
8,5,Watford,Liverpool
8,5,City,Liverpool
8,5,Leicester,Liverpool
8,5,Chelsea,Liverpool
8,5,Brighton,Liverpool
8,5,Everton,Aston
8,5,Wolverhampton,Aston
8,5,Southampton,Aston
8,5,West Ham,Aston
8,5,Palace,Aston
8,5,Burnley,Aston
8,5,Brentford,Aston
8,5,Leeds,Aston
8,5,Norwich,Aston
8,5,Islington,Aston
8,5,Newcastle,Aston
8,5,United,Aston
8,5,Watford,Aston
8,5,City,Aston
8,5,Leicester,Aston
8,5,Chelsea,Aston
8,5,Brighton,Aston
8,5,Wolverhampton,Everton
8,5,Southampton,Everton
8,5,West Ham,Everton
8,5,Palace,Everton
8,5,Burnley,Everton
8,5,Brentford,Everton
8,5,Leeds,Everton
8,5,Norwich,Everton
8,5,Islington,Everton
8,5,Newcastle,Everton
8,5,United,Everton
8,5,Watford,Everton
8,5,City,Everton
8,5,Leicester,Everton
8,5,Chelsea,Everton
8,5,Brighton,Everton
8,5,Southampton,Wolverhampton
8,5,West Ham,Wolverhampton
8,5,Palace,Wolverhampton
8,5,Burnley,Wolverhampton
8,5,Brentford,Wolverhampton
8,5,Leeds,Wolverhampton
8,5,Norwich,Wolverhampton
8,5,Islington,Wolverhampton
8,5,Newcastle,Wolverhampton
8,5,United,Wolverhampton
8,5,Watford,Wolverhampton
8,5,City,Wolverhampton
8,5,Leicester,Wolverhampton
8,5,Chelsea,Wolverhampton
8,5,Brighton,Wolverhampton
8,5,West Ham,Southampton
8,5,Palace,Southampton
8,5,Burnley,Southampton
8,5,Brentford,Southampton
8,5,Leeds,Southampton
8,5,Norwich,Southampton
8,5,Islington,Southampton
8,5,Newcastle,Southampton
8,5,United,Southampton
8,5,Watford,Southampton
8,5,City,Southampton
8,5,Leicester,Southampton
8,5,Chelsea,Southampton
8,5,Brighton,Southampton
8,5,Palace,West Ham
8,5,Burnley,West Ham
8,5,Brentford,West Ham
8,5,Leeds,West Ham
8,5,Norwich,West Ham
8,5,Islington,West Ham
8,5,Newcastle,West Ham
8,5,United,West Ham
8,5,Watford,West Ham
8,5,City,West Ham
8,5,Leicester,West Ham
8,5,Chelsea,West Ham
8,5,Brighton,West Ham
8,5,Burnley,Palace
8,5,Brentford,Palace
8,5,Leeds,Palace
8,5,Norwich,Palace
8,5,Islington,Palace
8,5,Newcastle,Palace
8,5,United,Palace
8,5,Watford,Palace
8,5,City,Palace
8,5,Leicester,Palace
8,5,Chelsea,Palace
8,5,Brighton,Palace
8,5,Brentford,Burnley
8,5,Leeds,Burnley
8,5,Norwich,Burnley
8,5,Islington,Burnley
8,5,Newcastle,Burnley
8,5,United,Burnley
8,5,Watford,Burnley
8,5,City,Burnley
8,5,Leicester,Burnley
8,5,Chelsea,Burnley
8,5,Brighton,Burnley
8,5,Leeds,Brentford
8,5,Norwich,Brentford
8,5,Islington,Brentford
8,5,Newcastle,Brentford
8,5,United,Brentford
8,5,Watford,Brentford
8,5,City,Brentford
8,5,Leicester,Brentford
8,5,Chelsea,Brentford
8,5,Brighton,Brentford
8,5,Norwich,Leeds
8,5,Islington,Leeds
8,5,Newcastle,Leeds
8,5,United,Leeds
8,5,Watford,Leeds
8,5,City,Leeds
8,5,Leicester,Leeds
8,5,Chelsea,Leeds
8,5,Brighton,Leeds
8,5,Islington,Norwich
8,5,Newcastle,Norwich
8,5,United,Norwich
8,5,Watford,Norwich
8,5,City,Norwich
8,5,Leicester,Norwich
8,5,Chelsea,Norwich
8,5,Brighton,Norwich
8,5,Newcastle,Islington
8,5,United,Islington
8,5,Watford,Islington
8,5,City,Islington
8,5,Leicester,Islington
8,5,Chelsea,Islington
8,5,Brighton,Islington
8,5,United,Newcastle
8,5,Watford,Newcastle
8,5,City,Newcastle
8,5,Leicester,Newcastle
8,5,Chelsea,Newcastle
8,5,Brighton,Newcastle
8,5,Watford,United
8,5,City,United
8,5,Leicester,United
8,5,Chelsea,United
8,5,Brighton,United
8,5,City,Watford
8,5,Leicester,Watford
8,5,Chelsea,Watford
8,5,Brighton,Watford
8,5,Leicester,City
8,5,Chelsea,City
8,5,Brighton,City
8,5,Chelsea,Leicester
8,5,Brighton,Leicester
8,5,Brighton,Chelsea
8,8,Liverpool,Tottenham
8,8,Aston,Tottenham
8,8,Everton,Tottenham
8,8,Wolverhampton,Tottenham
8,8,Southampton,Tottenham
8,8,West Ham,Tottenham
8,8,Palace,Tottenham
8,8,Burnley,Tottenham
8,8,Brentford,Tottenham
8,8,Leeds,Tottenham
8,8,Norwich,Tottenham
8,8,Islington,Tottenham
8,8,Newcastle,Tottenham
8,8,United,Tottenham
8,8,Watford,Tottenham
8,8,City,Tottenham
8,8,Leicester,Tottenham
8,8,Chelsea,Tottenham
8,8,Brighton,Tottenham
8,8,Aston,Liverpool
8,8,Everton,Liverpool
8,8,Wolverhampton,Liverpool
8,8,Southampton,Liverpool
8,8,West Ham,Liverpool
8,8,Palace,Liverpool
8,8,Burnley,Liverpool
8,8,Brentford,Liverpool
8,8,Leeds,Liverpool
8,8,Norwich,Liverpool
8,8,Islington,Liverpool
8,8,Newcastle,Liverpool
8,8,United,Liverpool
8,8,Watford,Liverpool
8,8,City,Liverpool
8,8,Leicester,Liverpool
8,8,Chelsea,Liverpool
8,8,Brighton,Liverpool
8,8,Everton,Aston
8,8,Wolverhampton,Aston
8,8,Southampton,Aston
8,8,West Ham,Aston
8,8,Palace,Aston
8,8,Burnley,Aston
8,8,Brentford,Aston
8,8,Leeds,Aston
8,8,Norwich,Aston
8,8,Islington,Aston
8,8,Newcastle,Aston
8,8,United,Aston
8,8,Watford,Aston
8,8,City,Aston
8,8,Leicester,Aston
8,8,Chelsea,Aston
8,8,Brighton,Aston
8,8,Wolverhampton,Everton
8,8,Southampton,Everton
8,8,West Ham,Everton
8,8,Palace,Everton
8,8,Burnley,Everton
8,8,Brentford,Everton
8,8,Leeds,Everton
8,8,Norwich,Everton
8,8,Islington,Everton
8,8,Newcastle,Everton
8,8,United,Everton
8,8,Watford,Everton
8,8,City,Everton
8,8,Leicester,Everton
8,8,Chelsea,Everton
8,8,Brighton,Everton
8,8,Southampton,Wolverhampton
8,8,West Ham,Wolverhampton
8,8,Palace,Wolverhampton
8,8,Burnley,Wolverhampton
8,8,Brentford,Wolverhampton
8,8,Leeds,Wolverhampton
8,8,Norwich,Wolverhampton
8,8,Islington,Wolverhampton
8,8,Newcastle,Wolverhampton
8,8,United,Wolverhampton
8,8,Watford,Wolverhampton
8,8,City,Wolverhampton
8,8,Leicester,Wolverhampton
8,8,Chelsea,Wolverhampton
8,8,Brighton,Wolverhampton
8,8,West Ham,Southampton
8,8,Palace,Southampton
8,8,Burnley,Southampton
8,8,Brentford,Southampton
8,8,Leeds,Southampton
8,8,Norwich,Southampton
8,8,Islington,Southampton
8,8,Newcastle,Southampton
8,8,United,Southampton
8,8,Watford,Southampton
8,8,City,Southampton
8,8,Leicester,Southampton
8,8,Chelsea,Southampton
8,8,Brighton,Southampton
8,8,Palace,West Ham
8,8,Burnley,West Ham
8,8,Brentford,West Ham
8,8,Leeds,West Ham
8,8,Norwich,West Ham
8,8,Islington,West Ham
8,8,Newcastle,West Ham
8,8,United,West Ham
8,8,Watford,West Ham
8,8,City,West Ham
8,8,Leicester,West Ham
8,8,Chelsea,West Ham
8,8,Brighton,West Ham
8,8,Burnley,Palace
8,8,Brentford,Palace
8,8,Leeds,Palace
8,8,Norwich,Palace
8,8,Islington,Palace
8,8,Newcastle,Palace
8,8,United,Palace
8,8,Watford,Palace
8,8,City,Palace
8,8,Leicester,Palace
8,8,Chelsea,Palace
8,8,Brighton,Palace
8,8,Brentford,Burnley
8,8,Leeds,Burnley
8,8,Norwich,Burnley
8,8,Islington,Burnley
8,8,Newcastle,Burnley
8,8,United,Burnley
8,8,Watford,Burnley
8,8,City,Burnley
8,8,Leicester,Burnley
8,8,Chelsea,Burnley
8,8,Brighton,Burnley
8,8,Leeds,Brentford
8,8,Norwich,Brentford
8,8,Islington,Brentford
8,8,Newcastle,Brentford
8,8,United,Brentford
8,8,Watford,Brentford
8,8,City,Brentford
8,8,Leicester,Brentford
8,8,Chelsea,Brentford
8,8,Brighton,Brentford
8,8,Norwich,Leeds
8,8,Islington,Leeds
8,8,Newcastle,Leeds
8,8,United,Leeds
8,8,Watford,Leeds
8,8,City,Leeds
8,8,Leicester,Leeds
8,8,Chelsea,Leeds
8,8,Brighton,Leeds
8,8,Islington,Norwich
8,8,Newcastle,Norwich
8,8,United,Norwich
8,8,Watford,Norwich
8,8,City,Norwich
8,8,Leicester,Norwich
8,8,Chelsea,Norwich
8,8,Brighton,Norwich
8,8,Newcastle,Islington
8,8,United,Islington
8,8,Watford,Islington
8,8,City,Islington
8,8,Leicester,Islington
8,8,Chelsea,Islington
8,8,Brighton,Islington
8,8,United,Newcastle
8,8,Watford,Newcastle
8,8,City,Newcastle
8,8,Leicester,Newcastle
8,8,Chelsea,Newcastle
8,8,Brighton,Newcastle
8,8,Watford,United
8,8,City,United
8,8,Leicester,United
8,8,Chelsea,United
8,8,Brighton,United
8,8,City,Watford
8,8,Leicester,Watford
8,8,Chelsea,Watford
8,8,Brighton,Watford
8,8,Leicester,City
8,8,Chelsea,City
8,8,Brighton,City
8,8,Chelsea,Leicester
8,8,Brighton,Leicester
8,8,Brighton,Chelsea
8,11,Liverpool,Tottenham
8,11,Aston,Tottenham
8,11,Everton,Tottenham
8,11,Wolverhampton,Tottenham
8,11,Southampton,Tottenham
8,11,West Ham,Tottenham
8,11,Palace,Tottenham
8,11,Burnley,Tottenham
8,11,Brentford,Tottenham
8,11,Leeds,Tottenham
8,11,Norwich,Tottenham
8,11,Islington,Tottenham
8,11,Newcastle,Tottenham
8,11,United,Tottenham
8,11,Watford,Tottenham
8,11,City,Tottenham
8,11,Leicester,Tottenham
8,11,Chelsea,Tottenham
8,11,Brighton,Tottenham
8,11,Aston,Liverpool
8,11,Everton,Liverpool
8,11,Wolverhampton,Liverpool
8,11,Southampton,Liverpool
8,11,West Ham,Liverpool
8,11,Palace,Liverpool
8,11,Burnley,Liverpool
8,11,Brentford,Liverpool
8,11,Leeds,Liverpool
8,11,Norwich,Liverpool
8,11,Islington,Liverpool
8,11,Newcastle,Liverpool
8,11,United,Liverpool
8,11,Watford,Liverpool
8,11,City,Liverpool
8,11,Leicester,Liverpool
8,11,Chelsea,Liverpool
8,11,Brighton,Liverpool
8,11,Everton,Aston
8,11,Wolverhampton,Aston
8,11,Southampton,Aston
8,11,West Ham,Aston
8,11,Palace,Aston
8,11,Burnley,Aston
8,11,Brentford,Aston
8,11,Leeds,Aston
8,11,Norwich,Aston
8,11,Islington,Aston
8,11,Newcastle,Aston
8,11,United,Aston
8,11,Watford,Aston
8,11,City,Aston
8,11,Leicester,Aston
8,11,Chelsea,Aston
8,11,Brighton,Aston
8,11,Wolverhampton,Everton
8,11,Southampton,Everton
8,11,West Ham,Everton
8,11,Palace,Everton
8,11,Burnley,Everton
8,11,Brentford,Everton
8,11,Leeds,Everton
8,11,Norwich,Everton
8,11,Islington,Everton
8,11,Newcastle,Everton
8,11,United,Everton
8,11,Watford,Everton
8,11,City,Everton
8,11,Leicester,Everton
8,11,Chelsea,Everton
8,11,Brighton,Everton
8,11,Southampton,Wolverhampton
8,11,West Ham,Wolverhampton
8,11,Palace,Wolverhampton
8,11,Burnley,Wolverhampton
8,11,Brentford,Wolverhampton
8,11,Leeds,Wolverhampton
8,11,Norwich,Wolverhampton
8,11,Islington,Wolverhampton
8,11,Newcastle,Wolverhampton
8,11,United,Wolverhampton
8,11,Watford,Wolverhampton
8,11,City,Wolverhampton
8,11,Leicester,Wolverhampton
8,11,Chelsea,Wolverhampton
8,11,Brighton,Wolverhampton
8,11,West Ham,Southampton
8,11,Palace,Southampton
8,11,Burnley,Southampton
8,11,Brentford,Southampton
8,11,Leeds,Southampton
8,11,Norwich,Southampton
8,11,Islington,Southampton
8,11,Newcastle,Southampton
8,11,United,Southampton
8,11,Watford,Southampton
8,11,City,Southampton
8,11,Leicester,Southampton
8,11,Chelsea,Southampton
8,11,Brighton,Southampton
8,11,Palace,West Ham
8,11,Burnley,West Ham
8,11,Brentford,West Ham
8,11,Leeds,West Ham
8,11,Norwich,West Ham
8,11,Islington,West Ham
8,11,Newcastle,West Ham
8,11,United,West Ham
8,11,Watford,West Ham
8,11,City,West Ham
8,11,Leicester,West Ham
8,11,Chelsea,West Ham
8,11,Brighton,West Ham
8,11,Burnley,Palace
8,11,Brentford,Palace
8,11,Leeds,Palace
8,11,Norwich,Palace
8,11,Islington,Palace
8,11,Newcastle,Palace
8,11,United,Palace
8,11,Watford,Palace
8,11,City,Palace
8,11,Leicester,Palace
8,11,Chelsea,Palace
8,11,Brighton,Palace
8,11,Brentford,Burnley
8,11,Leeds,Burnley
8,11,Norwich,Burnley
8,11,Islington,Burnley
8,11,Newcastle,Burnley
8,11,United,Burnley
8,11,Watford,Burnley
8,11,City,Burnley
8,11,Leicester,Burnley
8,11,Chelsea,Burnley
8,11,Brighton,Burnley
8,11,Leeds,Brentford
8,11,Norwich,Brentford
8,11,Islington,Brentford
8,11,Newcastle,Brentford
8,11,United,Brentford
8,11,Watford,Brentford
8,11,City,Brentford
8,11,Leicester,Brentford
8,11,Chelsea,Brentford
8,11,Brighton,Brentford
8,11,Norwich,Leeds
8,11,Islington,Leeds
8,11,Newcastle,Leeds
8,11,United,Leeds
8,11,Watford,Leeds
8,11,City,Leeds
8,11,Leicester,Leeds
8,11,Chelsea,Leeds
8,11,Brighton,Leeds
8,11,Islington,Norwich
8,11,Newcastle,Norwich
8,11,United,Norwich
8,11,Watford,Norwich
8,11,City,Norwich
8,11,Leicester,Norwich
8,11,Chelsea,Norwich
8,11,Brighton,Norwich
8,11,Newcastle,Islington
8,11,United,Islington
8,11,Watford,Islington
8,11,City,Islington
8,11,Leicester,Islington
8,11,Chelsea,Islington
8,11,Brighton,Islington
8,11,United,Newcastle
8,11,Watford,Newcastle
8,11,City,Newcastle
8,11,Leicester,Newcastle
8,11,Chelsea,Newcastle
8,11,Brighton,Newcastle
8,11,Watford,United
8,11,City,United
8,11,Leicester,United
8,11,Chelsea,United
8,11,Brighton,United
8,11,City,Watford
8,11,Leicester,Watford
8,11,Chelsea,Watford
8,11,Brighton,Watford
8,11,Leicester,City
8,11,Chelsea,City
8,11,Brighton,City
8,11,Chelsea,Leicester
8,11,Brighton,Leicester
8,11,Brighton,Chelsea
8,14,Liverpool,Tottenham
8,14,Aston,Tottenham
8,14,Everton,Tottenham
8,14,Wolverhampton,Tottenham
8,14,Southampton,Tottenham
8,14,West Ham,Tottenham
8,14,Palace,Tottenham
8,14,Burnley,Tottenham
8,14,Brentford,Tottenham
8,14,Leeds,Tottenham
8,14,Norwich,Tottenham
8,14,Islington,Tottenham
8,14,Newcastle,Tottenham
8,14,United,Tottenham
8,14,Watford,Tottenham
8,14,City,Tottenham
8,14,Leicester,Tottenham
8,14,Chelsea,Tottenham
8,14,Brighton,Tottenham
8,14,Aston,Liverpool
8,14,Everton,Liverpool
8,14,Wolverhampton,Liverpool
8,14,Southampton,Liverpool
8,14,West Ham,Liverpool
8,14,Palace,Liverpool
8,14,Burnley,Liverpool
8,14,Brentford,Liverpool
8,14,Leeds,Liverpool
8,14,Norwich,Liverpool
8,14,Islington,Liverpool
8,14,Newcastle,Liverpool
8,14,United,Liverpool
8,14,Watford,Liverpool
8,14,City,Liverpool
8,14,Leicester,Liverpool
8,14,Chelsea,Liverpool
8,14,Brighton,Liverpool
8,14,Everton,Aston
8,14,Wolverhampton,Aston
8,14,Southampton,Aston
8,14,West Ham,Aston
8,14,Palace,Aston
8,14,Burnley,Aston
8,14,Brentford,Aston
8,14,Leeds,Aston
8,14,Norwich,Aston
8,14,Islington,Aston
8,14,Newcastle,Aston
8,14,United,Aston
8,14,Watford,Aston
8,14,City,Aston
8,14,Leicester,Aston
8,14,Chelsea,Aston
8,14,Brighton,Aston
8,14,Wolverhampton,Everton
8,14,Southampton,Everton
8,14,West Ham,Everton
8,14,Palace,Everton
8,14,Burnley,Everton
8,14,Brentford,Everton
8,14,Leeds,Everton
8,14,Norwich,Everton
8,14,Islington,Everton
8,14,Newcastle,Everton
8,14,United,Everton
8,14,Watford,Everton
8,14,City,Everton
8,14,Leicester,Everton
8,14,Chelsea,Everton
8,14,Brighton,Everton
8,14,Southampton,Wolverhampton
8,14,West Ham,Wolverhampton
8,14,Palace,Wolverhampton
8,14,Burnley,Wolverhampton
8,14,Brentford,Wolverhampton
8,14,Leeds,Wolverhampton
8,14,Norwich,Wolverhampton
8,14,Islington,Wolverhampton
8,14,Newcastle,Wolverhampton
8,14,United,Wolverhampton
8,14,Watford,Wolverhampton
8,14,City,Wolverhampton
8,14,Leicester,Wolverhampton
8,14,Chelsea,Wolverhampton
8,14,Brighton,Wolverhampton
8,14,West Ham,Southampton
8,14,Palace,Southampton
8,14,Burnley,Southampton
8,14,Brentford,Southampton
8,14,Leeds,Southampton
8,14,Norwich,Southampton
8,14,Islington,Southampton
8,14,Newcastle,Southampton
8,14,United,Southampton
8,14,Watford,Southampton
8,14,City,Southampton
8,14,Leicester,Southampton
8,14,Chelsea,Southampton
8,14,Brighton,Southampton
8,14,Palace,West Ham
8,14,Burnley,West Ham
8,14,Brentford,West Ham
8,14,Leeds,West Ham
8,14,Norwich,West Ham
8,14,Islington,West Ham
8,14,Newcastle,West Ham
8,14,United,West Ham
8,14,Watford,West Ham
8,14,City,West Ham
8,14,Leicester,West Ham
8,14,Chelsea,West Ham
8,14,Brighton,West Ham
8,14,Burnley,Palace
8,14,Brentford,Palace
8,14,Leeds,Palace
8,14,Norwich,Palace
8,14,Islington,Palace
8,14,Newcastle,Palace
8,14,United,Palace
8,14,Watford,Palace
8,14,City,Palace
8,14,Leicester,Palace
8,14,Chelsea,Palace
8,14,Brighton,Palace
8,14,Brentford,Burnley
8,14,Leeds,Burnley
8,14,Norwich,Burnley
8,14,Islington,Burnley
8,14,Newcastle,Burnley
8,14,United,Burnley
8,14,Watford,Burnley
8,14,City,Burnley
8,14,Leicester,Burnley
8,14,Chelsea,Burnley
8,14,Brighton,Burnley
8,14,Leeds,Brentford
8,14,Norwich,Brentford
8,14,Islington,Brentford
8,14,Newcastle,Brentford
8,14,United,Brentford
8,14,Watford,Brentford
8,14,City,Brentford
8,14,Leicester,Brentford
8,14,Chelsea,Brentford
8,14,Brighton,Brentford
8,14,Norwich,Leeds
8,14,Islington,Leeds
8,14,Newcastle,Leeds
8,14,United,Leeds
8,14,Watford,Leeds
8,14,City,Leeds
8,14,Leicester,Leeds
8,14,Chelsea,Leeds
8,14,Brighton,Leeds
8,14,Islington,Norwich
8,14,Newcastle,Norwich
8,14,United,Norwich
8,14,Watford,Norwich
8,14,City,Norwich
8,14,Leicester,Norwich
8,14,Chelsea,Norwich
8,14,Brighton,Norwich
8,14,Newcastle,Islington
8,14,United,Islington
8,14,Watford,Islington
8,14,City,Islington
8,14,Leicester,Islington
8,14,Chelsea,Islington
8,14,Brighton,Islington
8,14,United,Newcastle
8,14,Watford,Newcastle
8,14,City,Newcastle
8,14,Leicester,Newcastle
8,14,Chelsea,Newcastle
8,14,Brighton,Newcastle
8,14,Watford,United
8,14,City,United
8,14,Leicester,United
8,14,Chelsea,United
8,14,Brighton,United
8,14,City,Watford
8,14,Leicester,Watford
8,14,Chelsea,Watford
8,14,Brighton,Watford
8,14,Leicester,City
8,14,Chelsea,City
8,14,Brighton,City
8,14,Chelsea,Leicester
8,14,Brighton,Leicester
8,14,Brighton,Chelsea
8,17,Liverpool,Tottenham
8,17,Aston,Tottenham
8,17,Everton,Tottenham
8,17,Wolverhampton,Tottenham
8,17,Southampton,Tottenham
8,17,West Ham,Tottenham
8,17,Palace,Tottenham
8,17,Burnley,Tottenham
8,17,Brentford,Tottenham
8,17,Leeds,Tottenham
8,17,Norwich,Tottenham
8,17,Islington,Tottenham
8,17,Newcastle,Tottenham
8,17,United,Tottenham
8,17,Watford,Tottenham
8,17,City,Tottenham
8,17,Leicester,Tottenham
8,17,Chelsea,Tottenham
8,17,Brighton,Tottenham
8,17,Aston,Liverpool
8,17,Everton,Liverpool
8,17,Wolverhampton,Liverpool
8,17,Southampton,Liverpool
8,17,West Ham,Liverpool
8,17,Palace,Liverpool
8,17,Burnley,Liverpool
8,17,Brentford,Liverpool
8,17,Leeds,Liverpool
8,17,Norwich,Liverpool
8,17,Islington,Liverpool
8,17,Newcastle,Liverpool
8,17,United,Liverpool
8,17,Watford,Liverpool
8,17,City,Liverpool
8,17,Leicester,Liverpool
8,17,Chelsea,Liverpool
8,17,Brighton,Liverpool
8,17,Everton,Aston
8,17,Wolverhampton,Aston
8,17,Southampton,Aston
8,17,West Ham,Aston
8,17,Palace,Aston
8,17,Burnley,Aston
8,17,Brentford,Aston
8,17,Leeds,Aston
8,17,Norwich,Aston
8,17,Islington,Aston
8,17,Newcastle,Aston
8,17,United,Aston
8,17,Watford,Aston
8,17,City,Aston
8,17,Leicester,Aston
8,17,Chelsea,Aston
8,17,Brighton,Aston
8,17,Wolverhampton,Everton
8,17,Southampton,Everton
8,17,West Ham,Everton
8,17,Palace,Everton
8,17,Burnley,Everton
8,17,Brentford,Everton
8,17,Leeds,Everton
8,17,Norwich,Everton
8,17,Islington,Everton
8,17,Newcastle,Everton
8,17,United,Everton
8,17,Watford,Everton
8,17,City,Everton
8,17,Leicester,Everton
8,17,Chelsea,Everton
8,17,Brighton,Everton
8,17,Southampton,Wolverhampton
8,17,West Ham,Wolverhampton
8,17,Palace,Wolverhampton
8,17,Burnley,Wolverhampton
8,17,Brentford,Wolverhampton
8,17,Leeds,Wolverhampton
8,17,Norwich,Wolverhampton
8,17,Islington,Wolverhampton
8,17,Newcastle,Wolverhampton
8,17,United,Wolverhampton
8,17,Watford,Wolverhampton
8,17,City,Wolverhampton
8,17,Leicester,Wolverhampton
8,17,Chelsea,Wolverhampton
8,17,Brighton,Wolverhampton
8,17,West Ham,Southampton
8,17,Palace,Southampton
8,17,Burnley,Southampton
8,17,Brentford,Southampton
8,17,Leeds,Southampton
8,17,Norwich,Southampton
8,17,Islington,Southampton
8,17,Newcastle,Southampton
8,17,United,Southampton
8,17,Watford,Southampton
8,17,City,Southampton
8,17,Leicester,Southampton
8,17,Chelsea,Southampton
8,17,Brighton,Southampton
8,17,Palace,West Ham
8,17,Burnley,West Ham
8,17,Brentford,West Ham
8,17,Leeds,West Ham
8,17,Norwich,West Ham
8,17,Islington,West Ham
8,17,Newcastle,West Ham
8,17,United,West Ham
8,17,Watford,West Ham
8,17,City,West Ham
8,17,Leicester,West Ham
8,17,Chelsea,West Ham
8,17,Brighton,West Ham
8,17,Burnley,Palace
8,17,Brentford,Palace
8,17,Leeds,Palace
8,17,Norwich,Palace
8,17,Islington,Palace
8,17,Newcastle,Palace
8,17,United,Palace
8,17,Watford,Palace
8,17,City,Palace
8,17,Leicester,Palace
8,17,Chelsea,Palace
8,17,Brighton,Palace
8,17,Brentford,Burnley
8,17,Leeds,Burnley
8,17,Norwich,Burnley
8,17,Islington,Burnley
8,17,Newcastle,Burnley
8,17,United,Burnley
8,17,Watford,Burnley
8,17,City,Burnley
8,17,Leicester,Burnley
8,17,Chelsea,Burnley
8,17,Brighton,Burnley
8,17,Leeds,Brentford
8,17,Norwich,Brentford
8,17,Islington,Brentford
8,17,Newcastle,Brentford
8,17,United,Brentford
8,17,Watford,Brentford
8,17,City,Brentford
8,17,Leicester,Brentford
8,17,Chelsea,Brentford
8,17,Brighton,Brentford
8,17,Norwich,Leeds
8,17,Islington,Leeds
8,17,Newcastle,Leeds
8,17,United,Leeds
8,17,Watford,Leeds
8,17,City,Leeds
8,17,Leicester,Leeds
8,17,Chelsea,Leeds
8,17,Brighton,Leeds
8,17,Islington,Norwich
8,17,Newcastle,Norwich
8,17,United,Norwich
8,17,Watford,Norwich
8,17,City,Norwich
8,17,Leicester,Norwich
8,17,Chelsea,Norwich
8,17,Brighton,Norwich
8,17,Newcastle,Islington
8,17,United,Islington
8,17,Watford,Islington
8,17,City,Islington
8,17,Leicester,Islington
8,17,Chelsea,Islington
8,17,Brighton,Islington
8,17,United,Newcastle
8,17,Watford,Newcastle
8,17,City,Newcastle
8,17,Leicester,Newcastle
8,17,Chelsea,Newcastle
8,17,Brighton,Newcastle
8,17,Watford,United
8,17,City,United
8,17,Leicester,United
8,17,Chelsea,United
8,17,Brighton,United
8,17,City,Watford
8,17,Leicester,Watford
8,17,Chelsea,Watford
8,17,Brighton,Watford
8,17,Leicester,City
8,17,Chelsea,City
8,17,Brighton,City
8,17,Chelsea,Leicester
8,17,Brighton,Leicester
8,17,Brighton,Chelsea
8,20,Liverpool,Tottenham
8,20,Aston,Tottenham
8,20,Everton,Tottenham
8,20,Wolverhampton,Tottenham
8,20,Southampton,Tottenham
8,20,West Ham,Tottenham
8,20,Palace,Tottenham
8,20,Burnley,Tottenham
8,20,Brentford,Tottenham
8,20,Leeds,Tottenham
8,20,Norwich,Tottenham
8,20,Islington,Tottenham
8,20,Newcastle,Tottenham
8,20,United,Tottenham
8,20,Watford,Tottenham
8,20,City,Tottenham
8,20,Leicester,Tottenham
8,20,Chelsea,Tottenham
8,20,Brighton,Tottenham
8,20,Aston,Liverpool
8,20,Everton,Liverpool
8,20,Wolverhampton,Liverpool
8,20,Southampton,Liverpool
8,20,West Ham,Liverpool
8,20,Palace,Liverpool
8,20,Burnley,Liverpool
8,20,Brentford,Liverpool
8,20,Leeds,Liverpool
8,20,Norwich,Liverpool
8,20,Islington,Liverpool
8,20,Newcastle,Liverpool
8,20,United,Liverpool
8,20,Watford,Liverpool
8,20,City,Liverpool
8,20,Leicester,Liverpool
8,20,Chelsea,Liverpool
8,20,Brighton,Liverpool
8,20,Everton,Aston
8,20,Wolverhampton,Aston
8,20,Southampton,Aston
8,20,West Ham,Aston
8,20,Palace,Aston
8,20,Burnley,Aston
8,20,Brentford,Aston
8,20,Leeds,Aston
8,20,Norwich,Aston
8,20,Islington,Aston
8,20,Newcastle,Aston
8,20,United,Aston
8,20,Watford,Aston
8,20,City,Aston
8,20,Leicester,Aston
8,20,Chelsea,Aston
8,20,Brighton,Aston
8,20,Wolverhampton,Everton
8,20,Southampton,Everton
8,20,West Ham,Everton
8,20,Palace,Everton
8,20,Burnley,Everton
8,20,Brentford,Everton
8,20,Leeds,Everton
8,20,Norwich,Everton
8,20,Islington,Everton
8,20,Newcastle,Everton
8,20,United,Everton
8,20,Watford,Everton
8,20,City,Everton
8,20,Leicester,Everton
8,20,Chelsea,Everton
8,20,Brighton,Everton
8,20,Southampton,Wolverhampton
8,20,West Ham,Wolverhampton
8,20,Palace,Wolverhampton
8,20,Burnley,Wolverhampton
8,20,Brentford,Wolverhampton
8,20,Leeds,Wolverhampton
8,20,Norwich,Wolverhampton
8,20,Islington,Wolverhampton
8,20,Newcastle,Wolverhampton
8,20,United,Wolverhampton
8,20,Watford,Wolverhampton
8,20,City,Wolverhampton
8,20,Leicester,Wolverhampton
8,20,Chelsea,Wolverhampton
8,20,Brighton,Wolverhampton
8,20,West Ham,Southampton
8,20,Palace,Southampton
8,20,Burnley,Southampton
8,20,Brentford,Southampton
8,20,Leeds,Southampton
8,20,Norwich,Southampton
8,20,Islington,Southampton
8,20,Newcastle,Southampton
8,20,United,Southampton
8,20,Watford,Southampton
8,20,City,Southampton
8,20,Leicester,Southampton
8,20,Chelsea,Southampton
8,20,Brighton,Southampton
8,20,Palace,West Ham
8,20,Burnley,West Ham
8,20,Brentford,West Ham
8,20,Leeds,West Ham
8,20,Norwich,West Ham
8,20,Islington,West Ham
8,20,Newcastle,West Ham
8,20,United,West Ham
8,20,Watford,West Ham
8,20,City,West Ham
8,20,Leicester,West Ham
8,20,Chelsea,West Ham
8,20,Brighton,West Ham
8,20,Burnley,Palace
8,20,Brentford,Palace
8,20,Leeds,Palace
8,20,Norwich,Palace
8,20,Islington,Palace
8,20,Newcastle,Palace
8,20,United,Palace
8,20,Watford,Palace
8,20,City,Palace
8,20,Leicester,Palace
8,20,Chelsea,Palace
8,20,Brighton,Palace
8,20,Brentford,Burnley
8,20,Leeds,Burnley
8,20,Norwich,Burnley
8,20,Islington,Burnley
8,20,Newcastle,Burnley
8,20,United,Burnley
8,20,Watford,Burnley
8,20,City,Burnley
8,20,Leicester,Burnley
8,20,Chelsea,Burnley
8,20,Brighton,Burnley
8,20,Leeds,Brentford
8,20,Norwich,Brentford
8,20,Islington,Brentford
8,20,Newcastle,Brentford
8,20,United,Brentford
8,20,Watford,Brentford
8,20,City,Brentford
8,20,Leicester,Brentford
8,20,Chelsea,Brentford
8,20,Brighton,Brentford
8,20,Norwich,Leeds
8,20,Islington,Leeds
8,20,Newcastle,Leeds
8,20,United,Leeds
8,20,Watford,Leeds
8,20,City,Leeds
8,20,Leicester,Leeds
8,20,Chelsea,Leeds
8,20,Brighton,Leeds
8,20,Islington,Norwich
8,20,Newcastle,Norwich
8,20,United,Norwich
8,20,Watford,Norwich
8,20,City,Norwich
8,20,Leicester,Norwich
8,20,Chelsea,Norwich
8,20,Brighton,Norwich
8,20,Newcastle,Islington
8,20,United,Islington
8,20,Watford,Islington
8,20,City,Islington
8,20,Leicester,Islington
8,20,Chelsea,Islington
8,20,Brighton,Islington
8,20,United,Newcastle
8,20,Watford,Newcastle
8,20,City,Newcastle
8,20,Leicester,Newcastle
8,20,Chelsea,Newcastle
8,20,Brighton,Newcastle
8,20,Watford,United
8,20,City,United
8,20,Leicester,United
8,20,Chelsea,United
8,20,Brighton,United
8,20,City,Watford
8,20,Leicester,Watford
8,20,Chelsea,Watford
8,20,Brighton,Watford
8,20,Leicester,City
8,20,Chelsea,City
8,20,Brighton,City
8,20,Chelsea,Leicester
8,20,Brighton,Leicester
8,20,Brighton,Chelsea
8,23,Liverpool,Tottenham
8,23,Aston,Tottenham
8,23,Everton,Tottenham
8,23,Wolverhampton,Tottenham
8,23,Southampton,Tottenham
8,23,West Ham,Tottenham
8,23,Palace,Tottenham
8,23,Burnley,Tottenham
8,23,Brentford,Tottenham
8,23,Leeds,Tottenham
8,23,Norwich,Tottenham
8,23,Islington,Tottenham
8,23,Newcastle,Tottenham
8,23,United,Tottenham
8,23,Watford,Tottenham
8,23,City,Tottenham
8,23,Leicester,Tottenham
8,23,Chelsea,Tottenham
8,23,Brighton,Tottenham
8,23,Aston,Liverpool
8,23,Everton,Liverpool
8,23,Wolverhampton,Liverpool
8,23,Southampton,Liverpool
8,23,West Ham,Liverpool
8,23,Palace,Liverpool
8,23,Burnley,Liverpool
8,23,Brentford,Liverpool
8,23,Leeds,Liverpool
8,23,Norwich,Liverpool
8,23,Islington,Liverpool
8,23,Newcastle,Liverpool
8,23,United,Liverpool
8,23,Watford,Liverpool
8,23,City,Liverpool
8,23,Leicester,Liverpool
8,23,Chelsea,Liverpool
8,23,Brighton,Liverpool
8,23,Everton,Aston
8,23,Wolverhampton,Aston
8,23,Southampton,Aston
8,23,West Ham,Aston
8,23,Palace,Aston
8,23,Burnley,Aston
8,23,Brentford,Aston
8,23,Leeds,Aston
8,23,Norwich,Aston
8,23,Islington,Aston
8,23,Newcastle,Aston
8,23,United,Aston
8,23,Watford,Aston
8,23,City,Aston
8,23,Leicester,Aston
8,23,Chelsea,Aston
8,23,Brighton,Aston
8,23,Wolverhampton,Everton
8,23,Southampton,Everton
8,23,West Ham,Everton
8,23,Palace,Everton
8,23,Burnley,Everton
8,23,Brentford,Everton
8,23,Leeds,Everton
8,23,Norwich,Everton
8,23,Islington,Everton
8,23,Newcastle,Everton
8,23,United,Everton
8,23,Watford,Everton
8,23,City,Everton
8,23,Leicester,Everton
8,23,Chelsea,Everton
8,23,Brighton,Everton
8,23,Southampton,Wolverhampton
8,23,West Ham,Wolverhampton
8,23,Palace,Wolverhampton
8,23,Burnley,Wolverhampton
8,23,Brentford,Wolverhampton
8,23,Leeds,Wolverhampton
8,23,Norwich,Wolverhampton
8,23,Islington,Wolverhampton
8,23,Newcastle,Wolverhampton
8,23,United,Wolverhampton
8,23,Watford,Wolverhampton
8,23,City,Wolverhampton
8,23,Leicester,Wolverhampton
8,23,Chelsea,Wolverhampton
8,23,Brighton,Wolverhampton
8,23,West Ham,Southampton
8,23,Palace,Southampton
8,23,Burnley,Southampton
8,23,Brentford,Southampton
8,23,Leeds,Southampton
8,23,Norwich,Southampton
8,23,Islington,Southampton
8,23,Newcastle,Southampton
8,23,United,Southampton
8,23,Watford,Southampton
8,23,City,Southampton
8,23,Leicester,Southampton
8,23,Chelsea,Southampton
8,23,Brighton,Southampton
8,23,Palace,West Ham
8,23,Burnley,West Ham
8,23,Brentford,West Ham
8,23,Leeds,West Ham
8,23,Norwich,West Ham
8,23,Islington,West Ham
8,23,Newcastle,West Ham
8,23,United,West Ham
8,23,Watford,West Ham
8,23,City,West Ham
8,23,Leicester,West Ham
8,23,Chelsea,West Ham
8,23,Brighton,West Ham
8,23,Burnley,Palace
8,23,Brentford,Palace
8,23,Leeds,Palace
8,23,Norwich,Palace
8,23,Islington,Palace
8,23,Newcastle,Palace
8,23,United,Palace
8,23,Watford,Palace
8,23,City,Palace
8,23,Leicester,Palace
8,23,Chelsea,Palace
8,23,Brighton,Palace
8,23,Brentford,Burnley
8,23,Leeds,Burnley
8,23,Norwich,Burnley
8,23,Islington,Burnley
8,23,Newcastle,Burnley
8,23,United,Burnley
8,23,Watford,Burnley
8,23,City,Burnley
8,23,Leicester,Burnley
8,23,Chelsea,Burnley
8,23,Brighton,Burnley
8,23,Leeds,Brentford
8,23,Norwich,Brentford
8,23,Islington,Brentford
8,23,Newcastle,Brentford
8,23,United,Brentford
8,23,Watford,Brentford
8,23,City,Brentford
8,23,Leicester,Brentford
8,23,Chelsea,Brentford
8,23,Brighton,Brentford
8,23,Norwich,Leeds
8,23,Islington,Leeds
8,23,Newcastle,Leeds
8,23,United,Leeds
8,23,Watford,Leeds
8,23,City,Leeds
8,23,Leicester,Leeds
8,23,Chelsea,Leeds
8,23,Brighton,Leeds
8,23,Islington,Norwich
8,23,Newcastle,Norwich
8,23,United,Norwich
8,23,Watford,Norwich
8,23,City,Norwich
8,23,Leicester,Norwich
8,23,Chelsea,Norwich
8,23,Brighton,Norwich
8,23,Newcastle,Islington
8,23,United,Islington
8,23,Watford,Islington
8,23,City,Islington
8,23,Leicester,Islington
8,23,Chelsea,Islington
8,23,Brighton,Islington
8,23,United,Newcastle
8,23,Watford,Newcastle
8,23,City,Newcastle
8,23,Leicester,Newcastle
8,23,Chelsea,Newcastle
8,23,Brighton,Newcastle
8,23,Watford,United
8,23,City,United
8,23,Leicester,United
8,23,Chelsea,United
8,23,Brighton,United
8,23,City,Watford
8,23,Leicester,Watford
8,23,Chelsea,Watford
8,23,Brighton,Watford
8,23,Leicester,City
8,23,Chelsea,City
8,23,Brighton,City
8,23,Chelsea,Leicester
8,23,Brighton,Leicester
8,23,Brighton,Chelsea
8,26,Liverpool,Tottenham
8,26,Aston,Tottenham
8,26,Everton,Tottenham
8,26,Wolverhampton,Tottenham
8,26,Southampton,Tottenham
8,26,West Ham,Tottenham
8,26,Palace,Tottenham
8,26,Burnley,Tottenham
8,26,Brentford,Tottenham
8,26,Leeds,Tottenham
8,26,Norwich,Tottenham
8,26,Islington,Tottenham
8,26,Newcastle,Tottenham
8,26,United,Tottenham
8,26,Watford,Tottenham
8,26,City,Tottenham
8,26,Leicester,Tottenham
8,26,Chelsea,Tottenham
8,26,Brighton,Tottenham
8,26,Aston,Liverpool
8,26,Everton,Liverpool
8,26,Wolverhampton,Liverpool
8,26,Southampton,Liverpool
8,26,West Ham,Liverpool
8,26,Palace,Liverpool
8,26,Burnley,Liverpool
8,26,Brentford,Liverpool
8,26,Leeds,Liverpool
8,26,Norwich,Liverpool
8,26,Islington,Liverpool
8,26,Newcastle,Liverpool
8,26,United,Liverpool
8,26,Watford,Liverpool
8,26,City,Liverpool
8,26,Leicester,Liverpool
8,26,Chelsea,Liverpool
8,26,Brighton,Liverpool
8,26,Everton,Aston
8,26,Wolverhampton,Aston
8,26,Southampton,Aston
8,26,West Ham,Aston
8,26,Palace,Aston
8,26,Burnley,Aston
8,26,Brentford,Aston
8,26,Leeds,Aston
8,26,Norwich,Aston
8,26,Islington,Aston
8,26,Newcastle,Aston
8,26,United,Aston
8,26,Watford,Aston
8,26,City,Aston
8,26,Leicester,Aston
8,26,Chelsea,Aston
8,26,Brighton,Aston
8,26,Wolverhampton,Everton
8,26,Southampton,Everton
8,26,West Ham,Everton
8,26,Palace,Everton
8,26,Burnley,Everton
8,26,Brentford,Everton
8,26,Leeds,Everton
8,26,Norwich,Everton
8,26,Islington,Everton
8,26,Newcastle,Everton
8,26,United,Everton
8,26,Watford,Everton
8,26,City,Everton
8,26,Leicester,Everton
8,26,Chelsea,Everton
8,26,Brighton,Everton
8,26,Southampton,Wolverhampton
8,26,West Ham,Wolverhampton
8,26,Palace,Wolverhampton
8,26,Burnley,Wolverhampton
8,26,Brentford,Wolverhampton
8,26,Leeds,Wolverhampton
8,26,Norwich,Wolverhampton
8,26,Islington,Wolverhampton
8,26,Newcastle,Wolverhampton
8,26,United,Wolverhampton
8,26,Watford,Wolverhampton
8,26,City,Wolverhampton
8,26,Leicester,Wolverhampton
8,26,Chelsea,Wolverhampton
8,26,Brighton,Wolverhampton
8,26,West Ham,Southampton
8,26,Palace,Southampton
8,26,Burnley,Southampton
8,26,Brentford,Southampton
8,26,Leeds,Southampton
8,26,Norwich,Southampton
8,26,Islington,Southampton
8,26,Newcastle,Southampton
8,26,United,Southampton
8,26,Watford,Southampton
8,26,City,Southampton
8,26,Leicester,Southampton
8,26,Chelsea,Southampton
8,26,Brighton,Southampton
8,26,Palace,West Ham
8,26,Burnley,West Ham
8,26,Brentford,West Ham
8,26,Leeds,West Ham
8,26,Norwich,West Ham
8,26,Islington,West Ham
8,26,Newcastle,West Ham
8,26,United,West Ham
8,26,Watford,West Ham
8,26,City,West Ham
8,26,Leicester,West Ham
8,26,Chelsea,West Ham
8,26,Brighton,West Ham
8,26,Burnley,Palace
8,26,Brentford,Palace
8,26,Leeds,Palace
8,26,Norwich,Palace
8,26,Islington,Palace
8,26,Newcastle,Palace
8,26,United,Palace
8,26,Watford,Palace
8,26,City,Palace
8,26,Leicester,Palace
8,26,Chelsea,Palace
8,26,Brighton,Palace
8,26,Brentford,Burnley
8,26,Leeds,Burnley
8,26,Norwich,Burnley
8,26,Islington,Burnley
8,26,Newcastle,Burnley
8,26,United,Burnley
8,26,Watford,Burnley
8,26,City,Burnley
8,26,Leicester,Burnley
8,26,Chelsea,Burnley
8,26,Brighton,Burnley
8,26,Leeds,Brentford
8,26,Norwich,Brentford
8,26,Islington,Brentford
8,26,Newcastle,Brentford
8,26,United,Brentford
8,26,Watford,Brentford
8,26,City,Brentford
8,26,Leicester,Brentford
8,26,Chelsea,Brentford
8,26,Brighton,Brentford
8,26,Norwich,Leeds
8,26,Islington,Leeds
8,26,Newcastle,Leeds
8,26,United,Leeds
8,26,Watford,Leeds
8,26,City,Leeds
8,26,Leicester,Leeds
8,26,Chelsea,Leeds
8,26,Brighton,Leeds
8,26,Islington,Norwich
8,26,Newcastle,Norwich
8,26,United,Norwich
8,26,Watford,Norwich
8,26,City,Norwich
8,26,Leicester,Norwich
8,26,Chelsea,Norwich
8,26,Brighton,Norwich
8,26,Newcastle,Islington
8,26,United,Islington
8,26,Watford,Islington
8,26,City,Islington
8,26,Leicester,Islington
8,26,Chelsea,Islington
8,26,Brighton,Islington
8,26,United,Newcastle
8,26,Watford,Newcastle
8,26,City,Newcastle
8,26,Leicester,Newcastle
8,26,Chelsea,Newcastle
8,26,Brighton,Newcastle
8,26,Watford,United
8,26,City,United
8,26,Leicester,United
8,26,Chelsea,United
8,26,Brighton,United
8,26,City,Watford
8,26,Leicester,Watford
8,26,Chelsea,Watford
8,26,Brighton,Watford
8,26,Leicester,City
8,26,Chelsea,City
8,26,Brighton,City
8,26,Chelsea,Leicester
8,26,Brighton,Leicester
8,26,Brighton,Chelsea
8,29,Liverpool,Tottenham
8,29,Aston,Tottenham
8,29,Everton,Tottenham
8,29,Wolverhampton,Tottenham
8,29,Southampton,Tottenham
8,29,West Ham,Tottenham
8,29,Palace,Tottenham
8,29,Burnley,Tottenham
8,29,Brentford,Tottenham
8,29,Leeds,Tottenham
8,29,Norwich,Tottenham
8,29,Islington,Tottenham
8,29,Newcastle,Tottenham
8,29,United,Tottenham
8,29,Watford,Tottenham
8,29,City,Tottenham
8,29,Leicester,Tottenham
8,29,Chelsea,Tottenham
8,29,Brighton,Tottenham
8,29,Aston,Liverpool
8,29,Everton,Liverpool
8,29,Wolverhampton,Liverpool
8,29,Southampton,Liverpool
8,29,West Ham,Liverpool
8,29,Palace,Liverpool
8,29,Burnley,Liverpool
8,29,Brentford,Liverpool
8,29,Leeds,Liverpool
8,29,Norwich,Liverpool
8,29,Islington,Liverpool
8,29,Newcastle,Liverpool
8,29,United,Liverpool
8,29,Watford,Liverpool
8,29,City,Liverpool
8,29,Leicester,Liverpool
8,29,Chelsea,Liverpool
8,29,Brighton,Liverpool
8,29,Everton,Aston
8,29,Wolverhampton,Aston
8,29,Southampton,Aston
8,29,West Ham,Aston
8,29,Palace,Aston
8,29,Burnley,Aston
8,29,Brentford,Aston
8,29,Leeds,Aston
8,29,Norwich,Aston
8,29,Islington,Aston
8,29,Newcastle,Aston
8,29,United,Aston
8,29,Watford,Aston
8,29,City,Aston
8,29,Leicester,Aston
8,29,Chelsea,Aston
8,29,Brighton,Aston
8,29,Wolverhampton,Everton
8,29,Southampton,Everton
8,29,West Ham,Everton
8,29,Palace,Everton
8,29,Burnley,Everton
8,29,Brentford,Everton
8,29,Leeds,Everton
8,29,Norwich,Everton
8,29,Islington,Everton
8,29,Newcastle,Everton
8,29,United,Everton
8,29,Watford,Everton
8,29,City,Everton
8,29,Leicester,Everton
8,29,Chelsea,Everton
8,29,Brighton,Everton
8,29,Southampton,Wolverhampton
8,29,West Ham,Wolverhampton
8,29,Palace,Wolverhampton
8,29,Burnley,Wolverhampton
8,29,Brentford,Wolverhampton
8,29,Leeds,Wolverhampton
8,29,Norwich,Wolverhampton
8,29,Islington,Wolverhampton
8,29,Newcastle,Wolverhampton
8,29,United,Wolverhampton
8,29,Watford,Wolverhampton
8,29,City,Wolverhampton
8,29,Leicester,Wolverhampton
8,29,Chelsea,Wolverhampton
8,29,Brighton,Wolverhampton
8,29,West Ham,Southampton
8,29,Palace,Southampton
8,29,Burnley,Southampton
8,29,Brentford,Southampton
8,29,Leeds,Southampton
8,29,Norwich,Southampton
8,29,Islington,Southampton
8,29,Newcastle,Southampton
8,29,United,Southampton
8,29,Watford,Southampton
8,29,City,Southampton
8,29,Leicester,Southampton
8,29,Chelsea,Southampton
8,29,Brighton,Southampton
8,29,Palace,West Ham
8,29,Burnley,West Ham
8,29,Brentford,West Ham
8,29,Leeds,West Ham
8,29,Norwich,West Ham
8,29,Islington,West Ham
8,29,Newcastle,West Ham
8,29,United,West Ham
8,29,Watford,West Ham
8,29,City,West Ham
8,29,Leicester,West Ham
8,29,Chelsea,West Ham
8,29,Brighton,West Ham
8,29,Burnley,Palace
8,29,Brentford,Palace
8,29,Leeds,Palace
8,29,Norwich,Palace
8,29,Islington,Palace
8,29,Newcastle,Palace
8,29,United,Palace
8,29,Watford,Palace
8,29,City,Palace
8,29,Leicester,Palace
8,29,Chelsea,Palace
8,29,Brighton,Palace
8,29,Brentford,Burnley
8,29,Leeds,Burnley
8,29,Norwich,Burnley
8,29,Islington,Burnley
8,29,Newcastle,Burnley
8,29,United,Burnley
8,29,Watford,Burnley
8,29,City,Burnley
8,29,Leicester,Burnley
8,29,Chelsea,Burnley
8,29,Brighton,Burnley
8,29,Leeds,Brentford
8,29,Norwich,Brentford
8,29,Islington,Brentford
8,29,Newcastle,Brentford
8,29,United,Brentford
8,29,Watford,Brentford
8,29,City,Brentford
8,29,Leicester,Brentford
8,29,Chelsea,Brentford
8,29,Brighton,Brentford
8,29,Norwich,Leeds
8,29,Islington,Leeds
8,29,Newcastle,Leeds
8,29,United,Leeds
8,29,Watford,Leeds
8,29,City,Leeds
8,29,Leicester,Leeds
8,29,Chelsea,Leeds
8,29,Brighton,Leeds
8,29,Islington,Norwich
8,29,Newcastle,Norwich
8,29,United,Norwich
8,29,Watford,Norwich
8,29,City,Norwich
8,29,Leicester,Norwich
8,29,Chelsea,Norwich
8,29,Brighton,Norwich
8,29,Newcastle,Islington
8,29,United,Islington
8,29,Watford,Islington
8,29,City,Islington
8,29,Leicester,Islington
8,29,Chelsea,Islington
8,29,Brighton,Islington
8,29,United,Newcastle
8,29,Watford,Newcastle
8,29,City,Newcastle
8,29,Leicester,Newcastle
8,29,Chelsea,Newcastle
8,29,Brighton,Newcastle
8,29,Watford,United
8,29,City,United
8,29,Leicester,United
8,29,Chelsea,United
8,29,Brighton,United
8,29,City,Watford
8,29,Leicester,Watford
8,29,Chelsea,Watford
8,29,Brighton,Watford
8,29,Leicester,City
8,29,Chelsea,City
8,29,Brighton,City
8,29,Chelsea,Leicester
8,29,Brighton,Leicester
8,29,Brighton,Chelsea
8,32,Liverpool,Tottenham
8,32,Aston,Tottenham
8,32,Everton,Tottenham
8,32,Wolverhampton,Tottenham
8,32,Southampton,Tottenham
8,32,West Ham,Tottenham
8,32,Palace,Tottenham
8,32,Burnley,Tottenham
8,32,Brentford,Tottenham
8,32,Leeds,Tottenham
8,32,Norwich,Tottenham
8,32,Islington,Tottenham
8,32,Newcastle,Tottenham
8,32,United,Tottenham
8,32,Watford,Tottenham
8,32,City,Tottenham
8,32,Leicester,Tottenham
8,32,Chelsea,Tottenham
8,32,Brighton,Tottenham
8,32,Aston,Liverpool
8,32,Everton,Liverpool
8,32,Wolverhampton,Liverpool
8,32,Southampton,Liverpool
8,32,West Ham,Liverpool
8,32,Palace,Liverpool
8,32,Burnley,Liverpool
8,32,Brentford,Liverpool
8,32,Leeds,Liverpool
8,32,Norwich,Liverpool
8,32,Islington,Liverpool
8,32,Newcastle,Liverpool
8,32,United,Liverpool
8,32,Watford,Liverpool
8,32,City,Liverpool
8,32,Leicester,Liverpool
8,32,Chelsea,Liverpool
8,32,Brighton,Liverpool
8,32,Everton,Aston
8,32,Wolverhampton,Aston
8,32,Southampton,Aston
8,32,West Ham,Aston
8,32,Palace,Aston
8,32,Burnley,Aston
8,32,Brentford,Aston
8,32,Leeds,Aston
8,32,Norwich,Aston
8,32,Islington,Aston
8,32,Newcastle,Aston
8,32,United,Aston
8,32,Watford,Aston
8,32,City,Aston
8,32,Leicester,Aston
8,32,Chelsea,Aston
8,32,Brighton,Aston
8,32,Wolverhampton,Everton
8,32,Southampton,Everton
8,32,West Ham,Everton
8,32,Palace,Everton
8,32,Burnley,Everton
8,32,Brentford,Everton
8,32,Leeds,Everton
8,32,Norwich,Everton
8,32,Islington,Everton
8,32,Newcastle,Everton
8,32,United,Everton
8,32,Watford,Everton
8,32,City,Everton
8,32,Leicester,Everton
8,32,Chelsea,Everton
8,32,Brighton,Everton
8,32,Southampton,Wolverhampton
8,32,West Ham,Wolverhampton
8,32,Palace,Wolverhampton
8,32,Burnley,Wolverhampton
8,32,Brentford,Wolverhampton
8,32,Leeds,Wolverhampton
8,32,Norwich,Wolverhampton
8,32,Islington,Wolverhampton
8,32,Newcastle,Wolverhampton
8,32,United,Wolverhampton
8,32,Watford,Wolverhampton
8,32,City,Wolverhampton
8,32,Leicester,Wolverhampton
8,32,Chelsea,Wolverhampton
8,32,Brighton,Wolverhampton
8,32,West Ham,Southampton
8,32,Palace,Southampton
8,32,Burnley,Southampton
8,32,Brentford,Southampton
8,32,Leeds,Southampton
8,32,Norwich,Southampton
8,32,Islington,Southampton
8,32,Newcastle,Southampton
8,32,United,Southampton
8,32,Watford,Southampton
8,32,City,Southampton
8,32,Leicester,Southampton
8,32,Chelsea,Southampton
8,32,Brighton,Southampton
8,32,Palace,West Ham
8,32,Burnley,West Ham
8,32,Brentford,West Ham
8,32,Leeds,West Ham
8,32,Norwich,West Ham
8,32,Islington,West Ham
8,32,Newcastle,West Ham
8,32,United,West Ham
8,32,Watford,West Ham
8,32,City,West Ham
8,32,Leicester,West Ham
8,32,Chelsea,West Ham
8,32,Brighton,West Ham
8,32,Burnley,Palace
8,32,Brentford,Palace
8,32,Leeds,Palace
8,32,Norwich,Palace
8,32,Islington,Palace
8,32,Newcastle,Palace
8,32,United,Palace
8,32,Watford,Palace
8,32,City,Palace
8,32,Leicester,Palace
8,32,Chelsea,Palace
8,32,Brighton,Palace
8,32,Brentford,Burnley
8,32,Leeds,Burnley
8,32,Norwich,Burnley
8,32,Islington,Burnley
8,32,Newcastle,Burnley
8,32,United,Burnley
8,32,Watford,Burnley
8,32,City,Burnley
8,32,Leicester,Burnley
8,32,Chelsea,Burnley
8,32,Brighton,Burnley
8,32,Leeds,Brentford
8,32,Norwich,Brentford
8,32,Islington,Brentford
8,32,Newcastle,Brentford
8,32,United,Brentford
8,32,Watford,Brentford
8,32,City,Brentford
8,32,Leicester,Brentford
8,32,Chelsea,Brentford
8,32,Brighton,Brentford
8,32,Norwich,Leeds
8,32,Islington,Leeds
8,32,Newcastle,Leeds
8,32,United,Leeds
8,32,Watford,Leeds
8,32,City,Leeds
8,32,Leicester,Leeds
8,32,Chelsea,Leeds
8,32,Brighton,Leeds
8,32,Islington,Norwich
8,32,Newcastle,Norwich
8,32,United,Norwich
8,32,Watford,Norwich
8,32,City,Norwich
8,32,Leicester,Norwich
8,32,Chelsea,Norwich
8,32,Brighton,Norwich
8,32,Newcastle,Islington
8,32,United,Islington
8,32,Watford,Islington
8,32,City,Islington
8,32,Leicester,Islington
8,32,Chelsea,Islington
8,32,Brighton,Islington
8,32,United,Newcastle
8,32,Watford,Newcastle
8,32,City,Newcastle
8,32,Leicester,Newcastle
8,32,Chelsea,Newcastle
8,32,Brighton,Newcastle
8,32,Watford,United
8,32,City,United
8,32,Leicester,United
8,32,Chelsea,United
8,32,Brighton,United
8,32,City,Watford
8,32,Leicester,Watford
8,32,Chelsea,Watford
8,32,Brighton,Watford
8,32,Leicester,City
8,32,Chelsea,City
8,32,Brighton,City
8,32,Chelsea,Leicester
8,32,Brighton,Leicester
8,32,Brighton,Chelsea
8,35,Liverpool,Tottenham
8,35,Aston,Tottenham
8,35,Everton,Tottenham
8,35,Wolverhampton,Tottenham
8,35,Southampton,Tottenham
8,35,West Ham,Tottenham
8,35,Palace,Tottenham
8,35,Burnley,Tottenham
8,35,Brentford,Tottenham
8,35,Leeds,Tottenham
8,35,Norwich,Tottenham
8,35,Islington,Tottenham
8,35,Newcastle,Tottenham
8,35,United,Tottenham
8,35,Watford,Tottenham
8,35,City,Tottenham
8,35,Leicester,Tottenham
8,35,Chelsea,Tottenham
8,35,Brighton,Tottenham
8,35,Aston,Liverpool
8,35,Everton,Liverpool
8,35,Wolverhampton,Liverpool
8,35,Southampton,Liverpool
8,35,West Ham,Liverpool
8,35,Palace,Liverpool
8,35,Burnley,Liverpool
8,35,Brentford,Liverpool
8,35,Leeds,Liverpool
8,35,Norwich,Liverpool
8,35,Islington,Liverpool
8,35,Newcastle,Liverpool
8,35,United,Liverpool
8,35,Watford,Liverpool
8,35,City,Liverpool
8,35,Leicester,Liverpool
8,35,Chelsea,Liverpool
8,35,Brighton,Liverpool
8,35,Everton,Aston
8,35,Wolverhampton,Aston
8,35,Southampton,Aston
8,35,West Ham,Aston
8,35,Palace,Aston
8,35,Burnley,Aston
8,35,Brentford,Aston
8,35,Leeds,Aston
8,35,Norwich,Aston
8,35,Islington,Aston
8,35,Newcastle,Aston
8,35,United,Aston
8,35,Watford,Aston
8,35,City,Aston
8,35,Leicester,Aston
8,35,Chelsea,Aston
8,35,Brighton,Aston
8,35,Wolverhampton,Everton
8,35,Southampton,Everton
8,35,West Ham,Everton
8,35,Palace,Everton
8,35,Burnley,Everton
8,35,Brentford,Everton
8,35,Leeds,Everton
8,35,Norwich,Everton
8,35,Islington,Everton
8,35,Newcastle,Everton
8,35,United,Everton
8,35,Watford,Everton
8,35,City,Everton
8,35,Leicester,Everton
8,35,Chelsea,Everton
8,35,Brighton,Everton
8,35,Southampton,Wolverhampton
8,35,West Ham,Wolverhampton
8,35,Palace,Wolverhampton
8,35,Burnley,Wolverhampton
8,35,Brentford,Wolverhampton
8,35,Leeds,Wolverhampton
8,35,Norwich,Wolverhampton
8,35,Islington,Wolverhampton
8,35,Newcastle,Wolverhampton
8,35,United,Wolverhampton
8,35,Watford,Wolverhampton
8,35,City,Wolverhampton
8,35,Leicester,Wolverhampton
8,35,Chelsea,Wolverhampton
8,35,Brighton,Wolverhampton
8,35,West Ham,Southampton
8,35,Palace,Southampton
8,35,Burnley,Southampton
8,35,Brentford,Southampton
8,35,Leeds,Southampton
8,35,Norwich,Southampton
8,35,Islington,Southampton
8,35,Newcastle,Southampton
8,35,United,Southampton
8,35,Watford,Southampton
8,35,City,Southampton
8,35,Leicester,Southampton
8,35,Chelsea,Southampton
8,35,Brighton,Southampton
8,35,Palace,West Ham
8,35,Burnley,West Ham
8,35,Brentford,West Ham
8,35,Leeds,West Ham
8,35,Norwich,West Ham
8,35,Islington,West Ham
8,35,Newcastle,West Ham
8,35,United,West Ham
8,35,Watford,West Ham
8,35,City,West Ham
8,35,Leicester,West Ham
8,35,Chelsea,West Ham
8,35,Brighton,West Ham
8,35,Burnley,Palace
8,35,Brentford,Palace
8,35,Leeds,Palace
8,35,Norwich,Palace
8,35,Islington,Palace
8,35,Newcastle,Palace
8,35,United,Palace
8,35,Watford,Palace
8,35,City,Palace
8,35,Leicester,Palace
8,35,Chelsea,Palace
8,35,Brighton,Palace
8,35,Brentford,Burnley
8,35,Leeds,Burnley
8,35,Norwich,Burnley
8,35,Islington,Burnley
8,35,Newcastle,Burnley
8,35,United,Burnley
8,35,Watford,Burnley
8,35,City,Burnley
8,35,Leicester,Burnley
8,35,Chelsea,Burnley
8,35,Brighton,Burnley
8,35,Leeds,Brentford
8,35,Norwich,Brentford
8,35,Islington,Brentford
8,35,Newcastle,Brentford
8,35,United,Brentford
8,35,Watford,Brentford
8,35,City,Brentford
8,35,Leicester,Brentford
8,35,Chelsea,Brentford
8,35,Brighton,Brentford
8,35,Norwich,Leeds
8,35,Islington,Leeds
8,35,Newcastle,Leeds
8,35,United,Leeds
8,35,Watford,Leeds
8,35,City,Leeds
8,35,Leicester,Leeds
8,35,Chelsea,Leeds
8,35,Brighton,Leeds
8,35,Islington,Norwich
8,35,Newcastle,Norwich
8,35,United,Norwich
8,35,Watford,Norwich
8,35,City,Norwich
8,35,Leicester,Norwich
8,35,Chelsea,Norwich
8,35,Brighton,Norwich
8,35,Newcastle,Islington
8,35,United,Islington
8,35,Watford,Islington
8,35,City,Islington
8,35,Leicester,Islington
8,35,Chelsea,Islington
8,35,Brighton,Islington
8,35,United,Newcastle
8,35,Watford,Newcastle
8,35,City,Newcastle
8,35,Leicester,Newcastle
8,35,Chelsea,Newcastle
8,35,Brighton,Newcastle
8,35,Watford,United
8,35,City,United
8,35,Leicester,United
8,35,Chelsea,United
8,35,Brighton,United
8,35,City,Watford
8,35,Leicester,Watford
8,35,Chelsea,Watford
8,35,Brighton,Watford
8,35,Leicester,City
8,35,Chelsea,City
8,35,Brighton,City
8,35,Chelsea,Leicester
8,35,Brighton,Leicester
8,35,Brighton,Chelsea
8,38,Liverpool,Tottenham
8,38,Aston,Tottenham
8,38,Everton,Tottenham
8,38,Wolverhampton,Tottenham
8,38,Southampton,Tottenham
8,38,West Ham,Tottenham
8,38,Palace,Tottenham
8,38,Burnley,Tottenham
8,38,Brentford,Tottenham
8,38,Leeds,Tottenham
8,38,Norwich,Tottenham
8,38,Islington,Tottenham
8,38,Newcastle,Tottenham
8,38,United,Tottenham
8,38,Watford,Tottenham
8,38,City,Tottenham
8,38,Leicester,Tottenham
8,38,Chelsea,Tottenham
8,38,Brighton,Tottenham
8,38,Aston,Liverpool
8,38,Everton,Liverpool
8,38,Wolverhampton,Liverpool
8,38,Southampton,Liverpool
8,38,West Ham,Liverpool
8,38,Palace,Liverpool
8,38,Burnley,Liverpool
8,38,Brentford,Liverpool
8,38,Leeds,Liverpool
8,38,Norwich,Liverpool
8,38,Islington,Liverpool
8,38,Newcastle,Liverpool
8,38,United,Liverpool
8,38,Watford,Liverpool
8,38,City,Liverpool
8,38,Leicester,Liverpool
8,38,Chelsea,Liverpool
8,38,Brighton,Liverpool
8,38,Everton,Aston
8,38,Wolverhampton,Aston
8,38,Southampton,Aston
8,38,West Ham,Aston
8,38,Palace,Aston
8,38,Burnley,Aston
8,38,Brentford,Aston
8,38,Leeds,Aston
8,38,Norwich,Aston
8,38,Islington,Aston
8,38,Newcastle,Aston
8,38,United,Aston
8,38,Watford,Aston
8,38,City,Aston
8,38,Leicester,Aston
8,38,Chelsea,Aston
8,38,Brighton,Aston
8,38,Wolverhampton,Everton
8,38,Southampton,Everton
8,38,West Ham,Everton
8,38,Palace,Everton
8,38,Burnley,Everton
8,38,Brentford,Everton
8,38,Leeds,Everton
8,38,Norwich,Everton
8,38,Islington,Everton
8,38,Newcastle,Everton
8,38,United,Everton
8,38,Watford,Everton
8,38,City,Everton
8,38,Leicester,Everton
8,38,Chelsea,Everton
8,38,Brighton,Everton
8,38,Southampton,Wolverhampton
8,38,West Ham,Wolverhampton
8,38,Palace,Wolverhampton
8,38,Burnley,Wolverhampton
8,38,Brentford,Wolverhampton
8,38,Leeds,Wolverhampton
8,38,Norwich,Wolverhampton
8,38,Islington,Wolverhampton
8,38,Newcastle,Wolverhampton
8,38,United,Wolverhampton
8,38,Watford,Wolverhampton
8,38,City,Wolverhampton
8,38,Leicester,Wolverhampton
8,38,Chelsea,Wolverhampton
8,38,Brighton,Wolverhampton
8,38,West Ham,Southampton
8,38,Palace,Southampton
8,38,Burnley,Southampton
8,38,Brentford,Southampton
8,38,Leeds,Southampton
8,38,Norwich,Southampton
8,38,Islington,Southampton
8,38,Newcastle,Southampton
8,38,United,Southampton
8,38,Watford,Southampton
8,38,City,Southampton
8,38,Leicester,Southampton
8,38,Chelsea,Southampton
8,38,Brighton,Southampton
8,38,Palace,West Ham
8,38,Burnley,West Ham
8,38,Brentford,West Ham
8,38,Leeds,West Ham
8,38,Norwich,West Ham
8,38,Islington,West Ham
8,38,Newcastle,West Ham
8,38,United,West Ham
8,38,Watford,West Ham
8,38,City,West Ham
8,38,Leicester,West Ham
8,38,Chelsea,West Ham
8,38,Brighton,West Ham
8,38,Burnley,Palace
8,38,Brentford,Palace
8,38,Leeds,Palace
8,38,Norwich,Palace
8,38,Islington,Palace
8,38,Newcastle,Palace
8,38,United,Palace
8,38,Watford,Palace
8,38,City,Palace
8,38,Leicester,Palace
8,38,Chelsea,Palace
8,38,Brighton,Palace
8,38,Brentford,Burnley
8,38,Leeds,Burnley
8,38,Norwich,Burnley
8,38,Islington,Burnley
8,38,Newcastle,Burnley
8,38,United,Burnley
8,38,Watford,Burnley
8,38,City,Burnley
8,38,Leicester,Burnley
8,38,Chelsea,Burnley
8,38,Brighton,Burnley
8,38,Leeds,Brentford
8,38,Norwich,Brentford
8,38,Islington,Brentford
8,38,Newcastle,Brentford
8,38,United,Brentford
8,38,Watford,Brentford
8,38,City,Brentford
8,38,Leicester,Brentford
8,38,Chelsea,Brentford
8,38,Brighton,Brentford
8,38,Norwich,Leeds
8,38,Islington,Leeds
8,38,Newcastle,Leeds
8,38,United,Leeds
8,38,Watford,Leeds
8,38,City,Leeds
8,38,Leicester,Leeds
8,38,Chelsea,Leeds
8,38,Brighton,Leeds
8,38,Islington,Norwich
8,38,Newcastle,Norwich
8,38,United,Norwich
8,38,Watford,Norwich
8,38,City,Norwich
8,38,Leicester,Norwich
8,38,Chelsea,Norwich
8,38,Brighton,Norwich
8,38,Newcastle,Islington
8,38,United,Islington
8,38,Watford,Islington
8,38,City,Islington
8,38,Leicester,Islington
8,38,Chelsea,Islington
8,38,Brighton,Islington
8,38,United,Newcastle
8,38,Watford,Newcastle
8,38,City,Newcastle
8,38,Leicester,Newcastle
8,38,Chelsea,Newcastle
8,38,Brighton,Newcastle
8,38,Watford,United
8,38,City,United
8,38,Leicester,United
8,38,Chelsea,United
8,38,Brighton,United
8,38,City,Watford
8,38,Leicester,Watford
8,38,Chelsea,Watford
8,38,Brighton,Watford
8,38,Leicester,City
8,38,Chelsea,City
8,38,Brighton,City
8,38,Chelsea,Leicester
8,38,Brighton,Leicester
8,38,Brighton,Chelsea
8,41,Liverpool,Tottenham
8,41,Aston,Tottenham
8,41,Everton,Tottenham
8,41,Wolverhampton,Tottenham
8,41,Southampton,Tottenham
8,41,West Ham,Tottenham
8,41,Palace,Tottenham
8,41,Burnley,Tottenham
8,41,Brentford,Tottenham
8,41,Leeds,Tottenham
8,41,Norwich,Tottenham
8,41,Islington,Tottenham
8,41,Newcastle,Tottenham
8,41,United,Tottenham
8,41,Watford,Tottenham
8,41,City,Tottenham
8,41,Leicester,Tottenham
8,41,Chelsea,Tottenham
8,41,Brighton,Tottenham
8,41,Aston,Liverpool
8,41,Everton,Liverpool
8,41,Wolverhampton,Liverpool
8,41,Southampton,Liverpool
8,41,West Ham,Liverpool
8,41,Palace,Liverpool
8,41,Burnley,Liverpool
8,41,Brentford,Liverpool
8,41,Leeds,Liverpool
8,41,Norwich,Liverpool
8,41,Islington,Liverpool
8,41,Newcastle,Liverpool
8,41,United,Liverpool
8,41,Watford,Liverpool
8,41,City,Liverpool
8,41,Leicester,Liverpool
8,41,Chelsea,Liverpool
8,41,Brighton,Liverpool
8,41,Everton,Aston
8,41,Wolverhampton,Aston
8,41,Southampton,Aston
8,41,West Ham,Aston
8,41,Palace,Aston
8,41,Burnley,Aston
8,41,Brentford,Aston
8,41,Leeds,Aston
8,41,Norwich,Aston
8,41,Islington,Aston
8,41,Newcastle,Aston
8,41,United,Aston
8,41,Watford,Aston
8,41,City,Aston
8,41,Leicester,Aston
8,41,Chelsea,Aston
8,41,Brighton,Aston
8,41,Wolverhampton,Everton
8,41,Southampton,Everton
8,41,West Ham,Everton
8,41,Palace,Everton
8,41,Burnley,Everton
8,41,Brentford,Everton
8,41,Leeds,Everton
8,41,Norwich,Everton
8,41,Islington,Everton
8,41,Newcastle,Everton
8,41,United,Everton
8,41,Watford,Everton
8,41,City,Everton
8,41,Leicester,Everton
8,41,Chelsea,Everton
8,41,Brighton,Everton
8,41,Southampton,Wolverhampton
8,41,West Ham,Wolverhampton
8,41,Palace,Wolverhampton
8,41,Burnley,Wolverhampton
8,41,Brentford,Wolverhampton
8,41,Leeds,Wolverhampton
8,41,Norwich,Wolverhampton
8,41,Islington,Wolverhampton
8,41,Newcastle,Wolverhampton
8,41,United,Wolverhampton
8,41,Watford,Wolverhampton
8,41,City,Wolverhampton
8,41,Leicester,Wolverhampton
8,41,Chelsea,Wolverhampton
8,41,Brighton,Wolverhampton
8,41,West Ham,Southampton
8,41,Palace,Southampton
8,41,Burnley,Southampton
8,41,Brentford,Southampton
8,41,Leeds,Southampton
8,41,Norwich,Southampton
8,41,Islington,Southampton
8,41,Newcastle,Southampton
8,41,United,Southampton
8,41,Watford,Southampton
8,41,City,Southampton
8,41,Leicester,Southampton
8,41,Chelsea,Southampton
8,41,Brighton,Southampton
8,41,Palace,West Ham
8,41,Burnley,West Ham
8,41,Brentford,West Ham
8,41,Leeds,West Ham
8,41,Norwich,West Ham
8,41,Islington,West Ham
8,41,Newcastle,West Ham
8,41,United,West Ham
8,41,Watford,West Ham
8,41,City,West Ham
8,41,Leicester,West Ham
8,41,Chelsea,West Ham
8,41,Brighton,West Ham
8,41,Burnley,Palace
8,41,Brentford,Palace
8,41,Leeds,Palace
8,41,Norwich,Palace
8,41,Islington,Palace
8,41,Newcastle,Palace
8,41,United,Palace
8,41,Watford,Palace
8,41,City,Palace
8,41,Leicester,Palace
8,41,Chelsea,Palace
8,41,Brighton,Palace
8,41,Brentford,Burnley
8,41,Leeds,Burnley
8,41,Norwich,Burnley
8,41,Islington,Burnley
8,41,Newcastle,Burnley
8,41,United,Burnley
8,41,Watford,Burnley
8,41,City,Burnley
8,41,Leicester,Burnley
8,41,Chelsea,Burnley
8,41,Brighton,Burnley
8,41,Leeds,Brentford
8,41,Norwich,Brentford
8,41,Islington,Brentford
8,41,Newcastle,Brentford
8,41,United,Brentford
8,41,Watford,Brentford
8,41,City,Brentford
8,41,Leicester,Brentford
8,41,Chelsea,Brentford
8,41,Brighton,Brentford
8,41,Norwich,Leeds
8,41,Islington,Leeds
8,41,Newcastle,Leeds
8,41,United,Leeds
8,41,Watford,Leeds
8,41,City,Leeds
8,41,Leicester,Leeds
8,41,Chelsea,Leeds
8,41,Brighton,Leeds
8,41,Islington,Norwich
8,41,Newcastle,Norwich
8,41,United,Norwich
8,41,Watford,Norwich
8,41,City,Norwich
8,41,Leicester,Norwich
8,41,Chelsea,Norwich
8,41,Brighton,Norwich
8,41,Newcastle,Islington
8,41,United,Islington
8,41,Watford,Islington
8,41,City,Islington
8,41,Leicester,Islington
8,41,Chelsea,Islington
8,41,Brighton,Islington
8,41,United,Newcastle
8,41,Watford,Newcastle
8,41,City,Newcastle
8,41,Leicester,Newcastle
8,41,Chelsea,Newcastle
8,41,Brighton,Newcastle
8,41,Watford,United
8,41,City,United
8,41,Leicester,United
8,41,Chelsea,United
8,41,Brighton,United
8,41,City,Watford
8,41,Leicester,Watford
8,41,Chelsea,Watford
8,41,Brighton,Watford
8,41,Leicester,City
8,41,Chelsea,City
8,41,Brighton,City
8,41,Chelsea,Leicester
8,41,Brighton,Leicester
8,41,Brighton,Chelsea
8,44,Liverpool,Tottenham
8,44,Aston,Tottenham
8,44,Everton,Tottenham
8,44,Wolverhampton,Tottenham
8,44,Southampton,Tottenham
8,44,West Ham,Tottenham
8,44,Palace,Tottenham
8,44,Burnley,Tottenham
8,44,Brentford,Tottenham
8,44,Leeds,Tottenham
8,44,Norwich,Tottenham
8,44,Islington,Tottenham
8,44,Newcastle,Tottenham
8,44,United,Tottenham
8,44,Watford,Tottenham
8,44,City,Tottenham
8,44,Leicester,Tottenham
8,44,Chelsea,Tottenham
8,44,Brighton,Tottenham
8,44,Aston,Liverpool
8,44,Everton,Liverpool
8,44,Wolverhampton,Liverpool
8,44,Southampton,Liverpool
8,44,West Ham,Liverpool
8,44,Palace,Liverpool
8,44,Burnley,Liverpool
8,44,Brentford,Liverpool
8,44,Leeds,Liverpool
8,44,Norwich,Liverpool
8,44,Islington,Liverpool
8,44,Newcastle,Liverpool
8,44,United,Liverpool
8,44,Watford,Liverpool
8,44,City,Liverpool
8,44,Leicester,Liverpool
8,44,Chelsea,Liverpool
8,44,Brighton,Liverpool
8,44,Everton,Aston
8,44,Wolverhampton,Aston
8,44,Southampton,Aston
8,44,West Ham,Aston
8,44,Palace,Aston
8,44,Burnley,Aston
8,44,Brentford,Aston
8,44,Leeds,Aston
8,44,Norwich,Aston
8,44,Islington,Aston
8,44,Newcastle,Aston
8,44,United,Aston
8,44,Watford,Aston
8,44,City,Aston
8,44,Leicester,Aston
8,44,Chelsea,Aston
8,44,Brighton,Aston
8,44,Wolverhampton,Everton
8,44,Southampton,Everton
8,44,West Ham,Everton
8,44,Palace,Everton
8,44,Burnley,Everton
8,44,Brentford,Everton
8,44,Leeds,Everton
8,44,Norwich,Everton
8,44,Islington,Everton
8,44,Newcastle,Everton
8,44,United,Everton
8,44,Watford,Everton
8,44,City,Everton
8,44,Leicester,Everton
8,44,Chelsea,Everton
8,44,Brighton,Everton
8,44,Southampton,Wolverhampton
8,44,West Ham,Wolverhampton
8,44,Palace,Wolverhampton
8,44,Burnley,Wolverhampton
8,44,Brentford,Wolverhampton
8,44,Leeds,Wolverhampton
8,44,Norwich,Wolverhampton
8,44,Islington,Wolverhampton
8,44,Newcastle,Wolverhampton
8,44,United,Wolverhampton
8,44,Watford,Wolverhampton
8,44,City,Wolverhampton
8,44,Leicester,Wolverhampton
8,44,Chelsea,Wolverhampton
8,44,Brighton,Wolverhampton
8,44,West Ham,Southampton
8,44,Palace,Southampton
8,44,Burnley,Southampton
8,44,Brentford,Southampton
8,44,Leeds,Southampton
8,44,Norwich,Southampton
8,44,Islington,Southampton
8,44,Newcastle,Southampton
8,44,United,Southampton
8,44,Watford,Southampton
8,44,City,Southampton
8,44,Leicester,Southampton
8,44,Chelsea,Southampton
8,44,Brighton,Southampton
8,44,Palace,West Ham
8,44,Burnley,West Ham
8,44,Brentford,West Ham
8,44,Leeds,West Ham
8,44,Norwich,West Ham
8,44,Islington,West Ham
8,44,Newcastle,West Ham
8,44,United,West Ham
8,44,Watford,West Ham
8,44,City,West Ham
8,44,Leicester,West Ham
8,44,Chelsea,West Ham
8,44,Brighton,West Ham
8,44,Burnley,Palace
8,44,Brentford,Palace
8,44,Leeds,Palace
8,44,Norwich,Palace
8,44,Islington,Palace
8,44,Newcastle,Palace
8,44,United,Palace
8,44,Watford,Palace
8,44,City,Palace
8,44,Leicester,Palace
8,44,Chelsea,Palace
8,44,Brighton,Palace
8,44,Brentford,Burnley
8,44,Leeds,Burnley
8,44,Norwich,Burnley
8,44,Islington,Burnley
8,44,Newcastle,Burnley
8,44,United,Burnley
8,44,Watford,Burnley
8,44,City,Burnley
8,44,Leicester,Burnley
8,44,Chelsea,Burnley
8,44,Brighton,Burnley
8,44,Leeds,Brentford
8,44,Norwich,Brentford
8,44,Islington,Brentford
8,44,Newcastle,Brentford
8,44,United,Brentford
8,44,Watford,Brentford
8,44,City,Brentford
8,44,Leicester,Brentford
8,44,Chelsea,Brentford
8,44,Brighton,Brentford
8,44,Norwich,Leeds
8,44,Islington,Leeds
8,44,Newcastle,Leeds
8,44,United,Leeds
8,44,Watford,Leeds
8,44,City,Leeds
8,44,Leicester,Leeds
8,44,Chelsea,Leeds
8,44,Brighton,Leeds
8,44,Islington,Norwich
8,44,Newcastle,Norwich
8,44,United,Norwich
8,44,Watford,Norwich
8,44,City,Norwich
8,44,Leicester,Norwich
8,44,Chelsea,Norwich
8,44,Brighton,Norwich
8,44,Newcastle,Islington
8,44,United,Islington
8,44,Watford,Islington
8,44,City,Islington
8,44,Leicester,Islington
8,44,Chelsea,Islington
8,44,Brighton,Islington
8,44,United,Newcastle
8,44,Watford,Newcastle
8,44,City,Newcastle
8,44,Leicester,Newcastle
8,44,Chelsea,Newcastle
8,44,Brighton,Newcastle
8,44,Watford,United
8,44,City,United
8,44,Leicester,United
8,44,Chelsea,United
8,44,Brighton,United
8,44,City,Watford
8,44,Leicester,Watford
8,44,Chelsea,Watford
8,44,Brighton,Watford
8,44,Leicester,City
8,44,Chelsea,City
8,44,Brighton,City
8,44,Chelsea,Leicester
8,44,Brighton,Leicester
8,44,Brighton,Chelsea
8,47,Liverpool,Tottenham
8,47,Aston,Tottenham
8,47,Everton,Tottenham
8,47,Wolverhampton,Tottenham
8,47,Southampton,Tottenham
8,47,West Ham,Tottenham
8,47,Palace,Tottenham
8,47,Burnley,Tottenham
8,47,Brentford,Tottenham
8,47,Leeds,Tottenham
8,47,Norwich,Tottenham
8,47,Islington,Tottenham
8,47,Newcastle,Tottenham
8,47,United,Tottenham
8,47,Watford,Tottenham
8,47,City,Tottenham
8,47,Leicester,Tottenham
8,47,Chelsea,Tottenham
8,47,Brighton,Tottenham
8,47,Aston,Liverpool
8,47,Everton,Liverpool
8,47,Wolverhampton,Liverpool
8,47,Southampton,Liverpool
8,47,West Ham,Liverpool
8,47,Palace,Liverpool
8,47,Burnley,Liverpool
8,47,Brentford,Liverpool
8,47,Leeds,Liverpool
8,47,Norwich,Liverpool
8,47,Islington,Liverpool
8,47,Newcastle,Liverpool
8,47,United,Liverpool
8,47,Watford,Liverpool
8,47,City,Liverpool
8,47,Leicester,Liverpool
8,47,Chelsea,Liverpool
8,47,Brighton,Liverpool
8,47,Everton,Aston
8,47,Wolverhampton,Aston
8,47,Southampton,Aston
8,47,West Ham,Aston
8,47,Palace,Aston
8,47,Burnley,Aston
8,47,Brentford,Aston
8,47,Leeds,Aston
8,47,Norwich,Aston
8,47,Islington,Aston
8,47,Newcastle,Aston
8,47,United,Aston
8,47,Watford,Aston
8,47,City,Aston
8,47,Leicester,Aston
8,47,Chelsea,Aston
8,47,Brighton,Aston
8,47,Wolverhampton,Everton
8,47,Southampton,Everton
8,47,West Ham,Everton
8,47,Palace,Everton
8,47,Burnley,Everton
8,47,Brentford,Everton
8,47,Leeds,Everton
8,47,Norwich,Everton
8,47,Islington,Everton
8,47,Newcastle,Everton
8,47,United,Everton
8,47,Watford,Everton
8,47,City,Everton
8,47,Leicester,Everton
8,47,Chelsea,Everton
8,47,Brighton,Everton
8,47,Southampton,Wolverhampton
8,47,West Ham,Wolverhampton
8,47,Palace,Wolverhampton
8,47,Burnley,Wolverhampton
8,47,Brentford,Wolverhampton
8,47,Leeds,Wolverhampton
8,47,Norwich,Wolverhampton
8,47,Islington,Wolverhampton
8,47,Newcastle,Wolverhampton
8,47,United,Wolverhampton
8,47,Watford,Wolverhampton
8,47,City,Wolverhampton
8,47,Leicester,Wolverhampton
8,47,Chelsea,Wolverhampton
8,47,Brighton,Wolverhampton
8,47,West Ham,Southampton
8,47,Palace,Southampton
8,47,Burnley,Southampton
8,47,Brentford,Southampton
8,47,Leeds,Southampton
8,47,Norwich,Southampton
8,47,Islington,Southampton
8,47,Newcastle,Southampton
8,47,United,Southampton
8,47,Watford,Southampton
8,47,City,Southampton
8,47,Leicester,Southampton
8,47,Chelsea,Southampton
8,47,Brighton,Southampton
8,47,Palace,West Ham
8,47,Burnley,West Ham
8,47,Brentford,West Ham
8,47,Leeds,West Ham
8,47,Norwich,West Ham
8,47,Islington,West Ham
8,47,Newcastle,West Ham
8,47,United,West Ham
8,47,Watford,West Ham
8,47,City,West Ham
8,47,Leicester,West Ham
8,47,Chelsea,West Ham
8,47,Brighton,West Ham
8,47,Burnley,Palace
8,47,Brentford,Palace
8,47,Leeds,Palace
8,47,Norwich,Palace
8,47,Islington,Palace
8,47,Newcastle,Palace
8,47,United,Palace
8,47,Watford,Palace
8,47,City,Palace
8,47,Leicester,Palace
8,47,Chelsea,Palace
8,47,Brighton,Palace
8,47,Brentford,Burnley
8,47,Leeds,Burnley
8,47,Norwich,Burnley
8,47,Islington,Burnley
8,47,Newcastle,Burnley
8,47,United,Burnley
8,47,Watford,Burnley
8,47,City,Burnley
8,47,Leicester,Burnley
8,47,Chelsea,Burnley
8,47,Brighton,Burnley
8,47,Leeds,Brentford
8,47,Norwich,Brentford
8,47,Islington,Brentford
8,47,Newcastle,Brentford
8,47,United,Brentford
8,47,Watford,Brentford
8,47,City,Brentford
8,47,Leicester,Brentford
8,47,Chelsea,Brentford
8,47,Brighton,Brentford
8,47,Norwich,Leeds
8,47,Islington,Leeds
8,47,Newcastle,Leeds
8,47,United,Leeds
8,47,Watford,Leeds
8,47,City,Leeds
8,47,Leicester,Leeds
8,47,Chelsea,Leeds
8,47,Brighton,Leeds
8,47,Islington,Norwich
8,47,Newcastle,Norwich
8,47,United,Norwich
8,47,Watford,Norwich
8,47,City,Norwich
8,47,Leicester,Norwich
8,47,Chelsea,Norwich
8,47,Brighton,Norwich
8,47,Newcastle,Islington
8,47,United,Islington
8,47,Watford,Islington
8,47,City,Islington
8,47,Leicester,Islington
8,47,Chelsea,Islington
8,47,Brighton,Islington
8,47,United,Newcastle
8,47,Watford,Newcastle
8,47,City,Newcastle
8,47,Leicester,Newcastle
8,47,Chelsea,Newcastle
8,47,Brighton,Newcastle
8,47,Watford,United
8,47,City,United
8,47,Leicester,United
8,47,Chelsea,United
8,47,Brighton,United
8,47,City,Watford
8,47,Leicester,Watford
8,47,Chelsea,Watford
8,47,Brighton,Watford
8,47,Leicester,City
8,47,Chelsea,City
8,47,Brighton,City
8,47,Chelsea,Leicester
8,47,Brighton,Leicester
8,47,Brighton,Chelsea
8,50,Liverpool,Tottenham
8,50,Aston,Tottenham
8,50,Everton,Tottenham
8,50,Wolverhampton,Tottenham
8,50,Southampton,Tottenham
8,50,West Ham,Tottenham
8,50,Palace,Tottenham
8,50,Burnley,Tottenham
8,50,Brentford,Tottenham
8,50,Leeds,Tottenham
8,50,Norwich,Tottenham
8,50,Islington,Tottenham
8,50,Newcastle,Tottenham
8,50,United,Tottenham
8,50,Watford,Tottenham
8,50,City,Tottenham
8,50,Leicester,Tottenham
8,50,Chelsea,Tottenham
8,50,Brighton,Tottenham
8,50,Aston,Liverpool
8,50,Everton,Liverpool
8,50,Wolverhampton,Liverpool
8,50,Southampton,Liverpool
8,50,West Ham,Liverpool
8,50,Palace,Liverpool
8,50,Burnley,Liverpool
8,50,Brentford,Liverpool
8,50,Leeds,Liverpool
8,50,Norwich,Liverpool
8,50,Islington,Liverpool
8,50,Newcastle,Liverpool
8,50,United,Liverpool
8,50,Watford,Liverpool
8,50,City,Liverpool
8,50,Leicester,Liverpool
8,50,Chelsea,Liverpool
8,50,Brighton,Liverpool
8,50,Everton,Aston
8,50,Wolverhampton,Aston
8,50,Southampton,Aston
8,50,West Ham,Aston
8,50,Palace,Aston
8,50,Burnley,Aston
8,50,Brentford,Aston
8,50,Leeds,Aston
8,50,Norwich,Aston
8,50,Islington,Aston
8,50,Newcastle,Aston
8,50,United,Aston
8,50,Watford,Aston
8,50,City,Aston
8,50,Leicester,Aston
8,50,Chelsea,Aston
8,50,Brighton,Aston
8,50,Wolverhampton,Everton
8,50,Southampton,Everton
8,50,West Ham,Everton
8,50,Palace,Everton
8,50,Burnley,Everton
8,50,Brentford,Everton
8,50,Leeds,Everton
8,50,Norwich,Everton
8,50,Islington,Everton
8,50,Newcastle,Everton
8,50,United,Everton
8,50,Watford,Everton
8,50,City,Everton
8,50,Leicester,Everton
8,50,Chelsea,Everton
8,50,Brighton,Everton
8,50,Southampton,Wolverhampton
8,50,West Ham,Wolverhampton
8,50,Palace,Wolverhampton
8,50,Burnley,Wolverhampton
8,50,Brentford,Wolverhampton
8,50,Leeds,Wolverhampton
8,50,Norwich,Wolverhampton
8,50,Islington,Wolverhampton
8,50,Newcastle,Wolverhampton
8,50,United,Wolverhampton
8,50,Watford,Wolverhampton
8,50,City,Wolverhampton
8,50,Leicester,Wolverhampton
8,50,Chelsea,Wolverhampton
8,50,Brighton,Wolverhampton
8,50,West Ham,Southampton
8,50,Palace,Southampton
8,50,Burnley,Southampton
8,50,Brentford,Southampton
8,50,Leeds,Southampton
8,50,Norwich,Southampton
8,50,Islington,Southampton
8,50,Newcastle,Southampton
8,50,United,Southampton
8,50,Watford,Southampton
8,50,City,Southampton
8,50,Leicester,Southampton
8,50,Chelsea,Southampton
8,50,Brighton,Southampton
8,50,Palace,West Ham
8,50,Burnley,West Ham
8,50,Brentford,West Ham
8,50,Leeds,West Ham
8,50,Norwich,West Ham
8,50,Islington,West Ham
8,50,Newcastle,West Ham
8,50,United,West Ham
8,50,Watford,West Ham
8,50,City,West Ham
8,50,Leicester,West Ham
8,50,Chelsea,West Ham
8,50,Brighton,West Ham
8,50,Burnley,Palace
8,50,Brentford,Palace
8,50,Leeds,Palace
8,50,Norwich,Palace
8,50,Islington,Palace
8,50,Newcastle,Palace
8,50,United,Palace
8,50,Watford,Palace
8,50,City,Palace
8,50,Leicester,Palace
8,50,Chelsea,Palace
8,50,Brighton,Palace
8,50,Brentford,Burnley
8,50,Leeds,Burnley
8,50,Norwich,Burnley
8,50,Islington,Burnley
8,50,Newcastle,Burnley
8,50,United,Burnley
8,50,Watford,Burnley
8,50,City,Burnley
8,50,Leicester,Burnley
8,50,Chelsea,Burnley
8,50,Brighton,Burnley
8,50,Leeds,Brentford
8,50,Norwich,Brentford
8,50,Islington,Brentford
8,50,Newcastle,Brentford
8,50,United,Brentford
8,50,Watford,Brentford
8,50,City,Brentford
8,50,Leicester,Brentford
8,50,Chelsea,Brentford
8,50,Brighton,Brentford
8,50,Norwich,Leeds
8,50,Islington,Leeds
8,50,Newcastle,Leeds
8,50,United,Leeds
8,50,Watford,Leeds
8,50,City,Leeds
8,50,Leicester,Leeds
8,50,Chelsea,Leeds
8,50,Brighton,Leeds
8,50,Islington,Norwich
8,50,Newcastle,Norwich
8,50,United,Norwich
8,50,Watford,Norwich
8,50,City,Norwich
8,50,Leicester,Norwich
8,50,Chelsea,Norwich
8,50,Brighton,Norwich
8,50,Newcastle,Islington
8,50,United,Islington
8,50,Watford,Islington
8,50,City,Islington
8,50,Leicester,Islington
8,50,Chelsea,Islington
8,50,Brighton,Islington
8,50,United,Newcastle
8,50,Watford,Newcastle
8,50,City,Newcastle
8,50,Leicester,Newcastle
8,50,Chelsea,Newcastle
8,50,Brighton,Newcastle
8,50,Watford,United
8,50,City,United
8,50,Leicester,United
8,50,Chelsea,United
8,50,Brighton,United
8,50,City,Watford
8,50,Leicester,Watford
8,50,Chelsea,Watford
8,50,Brighton,Watford
8,50,Leicester,City
8,50,Chelsea,City
8,50,Brighton,City
8,50,Chelsea,Leicester
8,50,Brighton,Leicester
8,50,Brighton,Chelsea
8,53,Liverpool,Tottenham
8,53,Aston,Tottenham
8,53,Everton,Tottenham
8,53,Wolverhampton,Tottenham
8,53,Southampton,Tottenham
8,53,West Ham,Tottenham
8,53,Palace,Tottenham
8,53,Burnley,Tottenham
8,53,Brentford,Tottenham
8,53,Leeds,Tottenham
8,53,Norwich,Tottenham
8,53,Islington,Tottenham
8,53,Newcastle,Tottenham
8,53,United,Tottenham
8,53,Watford,Tottenham
8,53,City,Tottenham
8,53,Leicester,Tottenham
8,53,Chelsea,Tottenham
8,53,Brighton,Tottenham
8,53,Aston,Liverpool
8,53,Everton,Liverpool
8,53,Wolverhampton,Liverpool
8,53,Southampton,Liverpool
8,53,West Ham,Liverpool
8,53,Palace,Liverpool
8,53,Burnley,Liverpool
8,53,Brentford,Liverpool
8,53,Leeds,Liverpool
8,53,Norwich,Liverpool
8,53,Islington,Liverpool
8,53,Newcastle,Liverpool
8,53,United,Liverpool
8,53,Watford,Liverpool
8,53,City,Liverpool
8,53,Leicester,Liverpool
8,53,Chelsea,Liverpool
8,53,Brighton,Liverpool
8,53,Everton,Aston
8,53,Wolverhampton,Aston
8,53,Southampton,Aston
8,53,West Ham,Aston
8,53,Palace,Aston
8,53,Burnley,Aston
8,53,Brentford,Aston
8,53,Leeds,Aston
8,53,Norwich,Aston
8,53,Islington,Aston
8,53,Newcastle,Aston
8,53,United,Aston
8,53,Watford,Aston
8,53,City,Aston
8,53,Leicester,Aston
8,53,Chelsea,Aston
8,53,Brighton,Aston
8,53,Wolverhampton,Everton
8,53,Southampton,Everton
8,53,West Ham,Everton
8,53,Palace,Everton
8,53,Burnley,Everton
8,53,Brentford,Everton
8,53,Leeds,Everton
8,53,Norwich,Everton
8,53,Islington,Everton
8,53,Newcastle,Everton
8,53,United,Everton
8,53,Watford,Everton
8,53,City,Everton
8,53,Leicester,Everton
8,53,Chelsea,Everton
8,53,Brighton,Everton
8,53,Southampton,Wolverhampton
8,53,West Ham,Wolverhampton
8,53,Palace,Wolverhampton
8,53,Burnley,Wolverhampton
8,53,Brentford,Wolverhampton
8,53,Leeds,Wolverhampton
8,53,Norwich,Wolverhampton
8,53,Islington,Wolverhampton
8,53,Newcastle,Wolverhampton
8,53,United,Wolverhampton
8,53,Watford,Wolverhampton
8,53,City,Wolverhampton
8,53,Leicester,Wolverhampton
8,53,Chelsea,Wolverhampton
8,53,Brighton,Wolverhampton
8,53,West Ham,Southampton
8,53,Palace,Southampton
8,53,Burnley,Southampton
8,53,Brentford,Southampton
8,53,Leeds,Southampton
8,53,Norwich,Southampton
8,53,Islington,Southampton
8,53,Newcastle,Southampton
8,53,United,Southampton
8,53,Watford,Southampton
8,53,City,Southampton
8,53,Leicester,Southampton
8,53,Chelsea,Southampton
8,53,Brighton,Southampton
8,53,Palace,West Ham
8,53,Burnley,West Ham
8,53,Brentford,West Ham
8,53,Leeds,West Ham
8,53,Norwich,West Ham
8,53,Islington,West Ham
8,53,Newcastle,West Ham
8,53,United,West Ham
8,53,Watford,West Ham
8,53,City,West Ham
8,53,Leicester,West Ham
8,53,Chelsea,West Ham
8,53,Brighton,West Ham
8,53,Burnley,Palace
8,53,Brentford,Palace
8,53,Leeds,Palace
8,53,Norwich,Palace
8,53,Islington,Palace
8,53,Newcastle,Palace
8,53,United,Palace
8,53,Watford,Palace
8,53,City,Palace
8,53,Leicester,Palace
8,53,Chelsea,Palace
8,53,Brighton,Palace
8,53,Brentford,Burnley
8,53,Leeds,Burnley
8,53,Norwich,Burnley
8,53,Islington,Burnley
8,53,Newcastle,Burnley
8,53,United,Burnley
8,53,Watford,Burnley
8,53,City,Burnley
8,53,Leicester,Burnley
8,53,Chelsea,Burnley
8,53,Brighton,Burnley
8,53,Leeds,Brentford
8,53,Norwich,Brentford
8,53,Islington,Brentford
8,53,Newcastle,Brentford
8,53,United,Brentford
8,53,Watford,Brentford
8,53,City,Brentford
8,53,Leicester,Brentford
8,53,Chelsea,Brentford
8,53,Brighton,Brentford
8,53,Norwich,Leeds
8,53,Islington,Leeds
8,53,Newcastle,Leeds
8,53,United,Leeds
8,53,Watford,Leeds
8,53,City,Leeds
8,53,Leicester,Leeds
8,53,Chelsea,Leeds
8,53,Brighton,Leeds
8,53,Islington,Norwich
8,53,Newcastle,Norwich
8,53,United,Norwich
8,53,Watford,Norwich
8,53,City,Norwich
8,53,Leicester,Norwich
8,53,Chelsea,Norwich
8,53,Brighton,Norwich
8,53,Newcastle,Islington
8,53,United,Islington
8,53,Watford,Islington
8,53,City,Islington
8,53,Leicester,Islington
8,53,Chelsea,Islington
8,53,Brighton,Islington
8,53,United,Newcastle
8,53,Watford,Newcastle
8,53,City,Newcastle
8,53,Leicester,Newcastle
8,53,Chelsea,Newcastle
8,53,Brighton,Newcastle
8,53,Watford,United
8,53,City,United
8,53,Leicester,United
8,53,Chelsea,United
8,53,Brighton,United
8,53,City,Watford
8,53,Leicester,Watford
8,53,Chelsea,Watford
8,53,Brighton,Watford
8,53,Leicester,City
8,53,Chelsea,City
8,53,Brighton,City
8,53,Chelsea,Leicester
8,53,Brighton,Leicester
8,53,Brighton,Chelsea
8,56,Liverpool,Tottenham
8,56,Aston,Tottenham
8,56,Everton,Tottenham
8,56,Wolverhampton,Tottenham
8,56,Southampton,Tottenham
8,56,West Ham,Tottenham
8,56,Palace,Tottenham
8,56,Burnley,Tottenham
8,56,Brentford,Tottenham
8,56,Leeds,Tottenham
8,56,Norwich,Tottenham
8,56,Islington,Tottenham
8,56,Newcastle,Tottenham
8,56,United,Tottenham
8,56,Watford,Tottenham
8,56,City,Tottenham
8,56,Leicester,Tottenham
8,56,Chelsea,Tottenham
8,56,Brighton,Tottenham
8,56,Aston,Liverpool
8,56,Everton,Liverpool
8,56,Wolverhampton,Liverpool
8,56,Southampton,Liverpool
8,56,West Ham,Liverpool
8,56,Palace,Liverpool
8,56,Burnley,Liverpool
8,56,Brentford,Liverpool
8,56,Leeds,Liverpool
8,56,Norwich,Liverpool
8,56,Islington,Liverpool
8,56,Newcastle,Liverpool
8,56,United,Liverpool
8,56,Watford,Liverpool
8,56,City,Liverpool
8,56,Leicester,Liverpool
8,56,Chelsea,Liverpool
8,56,Brighton,Liverpool
8,56,Everton,Aston
8,56,Wolverhampton,Aston
8,56,Southampton,Aston
8,56,West Ham,Aston
8,56,Palace,Aston
8,56,Burnley,Aston
8,56,Brentford,Aston
8,56,Leeds,Aston
8,56,Norwich,Aston
8,56,Islington,Aston
8,56,Newcastle,Aston
8,56,United,Aston
8,56,Watford,Aston
8,56,City,Aston
8,56,Leicester,Aston
8,56,Chelsea,Aston
8,56,Brighton,Aston
8,56,Wolverhampton,Everton
8,56,Southampton,Everton
8,56,West Ham,Everton
8,56,Palace,Everton
8,56,Burnley,Everton
8,56,Brentford,Everton
8,56,Leeds,Everton
8,56,Norwich,Everton
8,56,Islington,Everton
8,56,Newcastle,Everton
8,56,United,Everton
8,56,Watford,Everton
8,56,City,Everton
8,56,Leicester,Everton
8,56,Chelsea,Everton
8,56,Brighton,Everton
8,56,Southampton,Wolverhampton
8,56,West Ham,Wolverhampton
8,56,Palace,Wolverhampton
8,56,Burnley,Wolverhampton
8,56,Brentford,Wolverhampton
8,56,Leeds,Wolverhampton
8,56,Norwich,Wolverhampton
8,56,Islington,Wolverhampton
8,56,Newcastle,Wolverhampton
8,56,United,Wolverhampton
8,56,Watford,Wolverhampton
8,56,City,Wolverhampton
8,56,Leicester,Wolverhampton
8,56,Chelsea,Wolverhampton
8,56,Brighton,Wolverhampton
8,56,West Ham,Southampton
8,56,Palace,Southampton
8,56,Burnley,Southampton
8,56,Brentford,Southampton
8,56,Leeds,Southampton
8,56,Norwich,Southampton
8,56,Islington,Southampton
8,56,Newcastle,Southampton
8,56,United,Southampton
8,56,Watford,Southampton
8,56,City,Southampton
8,56,Leicester,Southampton
8,56,Chelsea,Southampton
8,56,Brighton,Southampton
8,56,Palace,West Ham
8,56,Burnley,West Ham
8,56,Brentford,West Ham
8,56,Leeds,West Ham
8,56,Norwich,West Ham
8,56,Islington,West Ham
8,56,Newcastle,West Ham
8,56,United,West Ham
8,56,Watford,West Ham
8,56,City,West Ham
8,56,Leicester,West Ham
8,56,Chelsea,West Ham
8,56,Brighton,West Ham
8,56,Burnley,Palace
8,56,Brentford,Palace
8,56,Leeds,Palace
8,56,Norwich,Palace
8,56,Islington,Palace
8,56,Newcastle,Palace
8,56,United,Palace
8,56,Watford,Palace
8,56,City,Palace
8,56,Leicester,Palace
8,56,Chelsea,Palace
8,56,Brighton,Palace
8,56,Brentford,Burnley
8,56,Leeds,Burnley
8,56,Norwich,Burnley
8,56,Islington,Burnley
8,56,Newcastle,Burnley
8,56,United,Burnley
8,56,Watford,Burnley
8,56,City,Burnley
8,56,Leicester,Burnley
8,56,Chelsea,Burnley
8,56,Brighton,Burnley
8,56,Leeds,Brentford
8,56,Norwich,Brentford
8,56,Islington,Brentford
8,56,Newcastle,Brentford
8,56,United,Brentford
8,56,Watford,Brentford
8,56,City,Brentford
8,56,Leicester,Brentford
8,56,Chelsea,Brentford
8,56,Brighton,Brentford
8,56,Norwich,Leeds
8,56,Islington,Leeds
8,56,Newcastle,Leeds
8,56,United,Leeds
8,56,Watford,Leeds
8,56,City,Leeds
8,56,Leicester,Leeds
8,56,Chelsea,Leeds
8,56,Brighton,Leeds
8,56,Islington,Norwich
8,56,Newcastle,Norwich
8,56,United,Norwich
8,56,Watford,Norwich
8,56,City,Norwich
8,56,Leicester,Norwich
8,56,Chelsea,Norwich
8,56,Brighton,Norwich
8,56,Newcastle,Islington
8,56,United,Islington
8,56,Watford,Islington
8,56,City,Islington
8,56,Leicester,Islington
8,56,Chelsea,Islington
8,56,Brighton,Islington
8,56,United,Newcastle
8,56,Watford,Newcastle
8,56,City,Newcastle
8,56,Leicester,Newcastle
8,56,Chelsea,Newcastle
8,56,Brighton,Newcastle
8,56,Watford,United
8,56,City,United
8,56,Leicester,United
8,56,Chelsea,United
8,56,Brighton,United
8,56,City,Watford
8,56,Leicester,Watford
8,56,Chelsea,Watford
8,56,Brighton,Watford
8,56,Leicester,City
8,56,Chelsea,City
8,56,Brighton,City
8,56,Chelsea,Leicester
8,56,Brighton,Leicester
8,56,Brighton,Chelsea
8,59,Liverpool,Tottenham
8,59,Aston,Tottenham
8,59,Everton,Tottenham
8,59,Wolverhampton,Tottenham
8,59,Southampton,Tottenham
8,59,West Ham,Tottenham
8,59,Palace,Tottenham
8,59,Burnley,Tottenham
8,59,Brentford,Tottenham
8,59,Leeds,Tottenham
8,59,Norwich,Tottenham
8,59,Islington,Tottenham
8,59,Newcastle,Tottenham
8,59,United,Tottenham
8,59,Watford,Tottenham
8,59,City,Tottenham
8,59,Leicester,Tottenham
8,59,Chelsea,Tottenham
8,59,Brighton,Tottenham
8,59,Aston,Liverpool
8,59,Everton,Liverpool
8,59,Wolverhampton,Liverpool
8,59,Southampton,Liverpool
8,59,West Ham,Liverpool
8,59,Palace,Liverpool
8,59,Burnley,Liverpool
8,59,Brentford,Liverpool
8,59,Leeds,Liverpool
8,59,Norwich,Liverpool
8,59,Islington,Liverpool
8,59,Newcastle,Liverpool
8,59,United,Liverpool
8,59,Watford,Liverpool
8,59,City,Liverpool
8,59,Leicester,Liverpool
8,59,Chelsea,Liverpool
8,59,Brighton,Liverpool
8,59,Everton,Aston
8,59,Wolverhampton,Aston
8,59,Southampton,Aston
8,59,West Ham,Aston
8,59,Palace,Aston
8,59,Burnley,Aston
8,59,Brentford,Aston
8,59,Leeds,Aston
8,59,Norwich,Aston
8,59,Islington,Aston
8,59,Newcastle,Aston
8,59,United,Aston
8,59,Watford,Aston
8,59,City,Aston
8,59,Leicester,Aston
8,59,Chelsea,Aston
8,59,Brighton,Aston
8,59,Wolverhampton,Everton
8,59,Southampton,Everton
8,59,West Ham,Everton
8,59,Palace,Everton
8,59,Burnley,Everton
8,59,Brentford,Everton
8,59,Leeds,Everton
8,59,Norwich,Everton
8,59,Islington,Everton
8,59,Newcastle,Everton
8,59,United,Everton
8,59,Watford,Everton
8,59,City,Everton
8,59,Leicester,Everton
8,59,Chelsea,Everton
8,59,Brighton,Everton
8,59,Southampton,Wolverhampton
8,59,West Ham,Wolverhampton
8,59,Palace,Wolverhampton
8,59,Burnley,Wolverhampton
8,59,Brentford,Wolverhampton
8,59,Leeds,Wolverhampton
8,59,Norwich,Wolverhampton
8,59,Islington,Wolverhampton
8,59,Newcastle,Wolverhampton
8,59,United,Wolverhampton
8,59,Watford,Wolverhampton
8,59,City,Wolverhampton
8,59,Leicester,Wolverhampton
8,59,Chelsea,Wolverhampton
8,59,Brighton,Wolverhampton
8,59,West Ham,Southampton
8,59,Palace,Southampton
8,59,Burnley,Southampton
8,59,Brentford,Southampton
8,59,Leeds,Southampton
8,59,Norwich,Southampton
8,59,Islington,Southampton
8,59,Newcastle,Southampton
8,59,United,Southampton
8,59,Watford,Southampton
8,59,City,Southampton
8,59,Leicester,Southampton
8,59,Chelsea,Southampton
8,59,Brighton,Southampton
8,59,Palace,West Ham
8,59,Burnley,West Ham
8,59,Brentford,West Ham
8,59,Leeds,West Ham
8,59,Norwich,West Ham
8,59,Islington,West Ham
8,59,Newcastle,West Ham
8,59,United,West Ham
8,59,Watford,West Ham
8,59,City,West Ham
8,59,Leicester,West Ham
8,59,Chelsea,West Ham
8,59,Brighton,West Ham
8,59,Burnley,Palace
8,59,Brentford,Palace
8,59,Leeds,Palace
8,59,Norwich,Palace
8,59,Islington,Palace
8,59,Newcastle,Palace
8,59,United,Palace
8,59,Watford,Palace
8,59,City,Palace
8,59,Leicester,Palace
8,59,Chelsea,Palace
8,59,Brighton,Palace
8,59,Brentford,Burnley
8,59,Leeds,Burnley
8,59,Norwich,Burnley
8,59,Islington,Burnley
8,59,Newcastle,Burnley
8,59,United,Burnley
8,59,Watford,Burnley
8,59,City,Burnley
8,59,Leicester,Burnley
8,59,Chelsea,Burnley
8,59,Brighton,Burnley
8,59,Leeds,Brentford
8,59,Norwich,Brentford
8,59,Islington,Brentford
8,59,Newcastle,Brentford
8,59,United,Brentford
8,59,Watford,Brentford
8,59,City,Brentford
8,59,Leicester,Brentford
8,59,Chelsea,Brentford
8,59,Brighton,Brentford
8,59,Norwich,Leeds
8,59,Islington,Leeds
8,59,Newcastle,Leeds
8,59,United,Leeds
8,59,Watford,Leeds
8,59,City,Leeds
8,59,Leicester,Leeds
8,59,Chelsea,Leeds
8,59,Brighton,Leeds
8,59,Islington,Norwich
8,59,Newcastle,Norwich
8,59,United,Norwich
8,59,Watford,Norwich
8,59,City,Norwich
8,59,Leicester,Norwich
8,59,Chelsea,Norwich
8,59,Brighton,Norwich
8,59,Newcastle,Islington
8,59,United,Islington
8,59,Watford,Islington
8,59,City,Islington
8,59,Leicester,Islington
8,59,Chelsea,Islington
8,59,Brighton,Islington
8,59,United,Newcastle
8,59,Watford,Newcastle
8,59,City,Newcastle
8,59,Leicester,Newcastle
8,59,Chelsea,Newcastle
8,59,Brighton,Newcastle
8,59,Watford,United
8,59,City,United
8,59,Leicester,United
8,59,Chelsea,United
8,59,Brighton,United
8,59,City,Watford
8,59,Leicester,Watford
8,59,Chelsea,Watford
8,59,Brighton,Watford
8,59,Leicester,City
8,59,Chelsea,City
8,59,Brighton,City
8,59,Chelsea,Leicester
8,59,Brighton,Leicester
8,59,Brighton,Chelsea
