HORA,COLUNA,Time_Contra,Time_Casa
5,2,Eslovênia,Países Baixos
5,2,Bélgica,Países Baixos
5,2,Romênia,Países Baixos
5,2,Ucrânia,Países Baixos
5,2,Polônia,Países Baixos
5,2,Eslováquia,Países Baixos
5,2,Turquia,Países Baixos
5,2,Sérvia,Países Baixos
5,2,Espanha,Países Baixos
5,2,França,Países Baixos
5,2,Croácia,Países Baixos
5,2,Escócia,Países Baixos
5,2,Hungria,Países Baixos
5,2,Portugal,Países Baixos
5,2,Suíça,Países Baixos
5,2,República Tcheca,Países Baixos
5,2,Dinamarca,Países Baixos
5,2,Inglaterra,Países Baixos
5,2,Itália,Países Baixos
5,2,Geórgia,Países Baixos
5,2,Alemanha,Países Baixos
5,2,Albânia,Países Baixos
5,2,Áustria,Países Baixos
5,2,Bélgica,Eslovênia
5,2,Romênia,Eslovênia
5,2,Ucrânia,Eslovênia
5,2,Polônia,Eslovênia
5,2,Eslováquia,Eslovênia
5,2,Turquia,Eslovênia
5,2,Sérvia,Eslovênia
5,2,Espanha,Eslovênia
5,2,França,Eslovênia
5,2,Croácia,Eslovênia
5,2,Escócia,Eslovênia
5,2,Hungria,Eslovênia
5,2,Portugal,Eslovênia
5,2,Suíça,Eslovênia
5,2,República Tcheca,Eslovênia
5,2,Dinamarca,Eslovênia
5,2,Inglaterra,Eslovênia
5,2,Itália,Eslovênia
5,2,Geórgia,Eslovênia
5,2,Alemanha,Eslovênia
5,2,Albânia,Eslovênia
5,2,Áustria,Eslovênia
5,2,Romênia,Bélgica
5,2,Ucrânia,Bélgica
5,2,Polônia,Bélgica
5,2,Eslováquia,Bélgica
5,2,Turquia,Bélgica
5,2,Sérvia,Bélgica
5,2,Espanha,Bélgica
5,2,França,Bélgica
5,2,Croácia,Bélgica
5,2,Escócia,Bélgica
5,2,Hungria,Bélgica
5,2,Portugal,Bélgica
5,2,Suíça,Bélgica
5,2,República Tcheca,Bélgica
5,2,Dinamarca,Bélgica
5,2,Inglaterra,Bélgica
5,2,Itália,Bélgica
5,2,Geórgia,Bélgica
5,2,Alemanha,Bélgica
5,2,Albânia,Bélgica
5,2,Áustria,Bélgica
5,2,Ucrânia,Romênia
5,2,Polônia,Romênia
5,2,Eslováquia,Romênia
5,2,Turquia,Romênia
5,2,Sérvia,Romênia
5,2,Espanha,Romênia
5,2,França,Romênia
5,2,Croácia,Romênia
5,2,Escócia,Romênia
5,2,Hungria,Romênia
5,2,Portugal,Romênia
5,2,Suíça,Romênia
5,2,República Tcheca,Romênia
5,2,Dinamarca,Romênia
5,2,Inglaterra,Romênia
5,2,Itália,Romênia
5,2,Geórgia,Romênia
5,2,Alemanha,Romênia
5,2,Albânia,Romênia
5,2,Áustria,Romênia
5,2,Polônia,Ucrânia
5,2,Eslováquia,Ucrânia
5,2,Turquia,Ucrânia
5,2,Sérvia,Ucrânia
5,2,Espanha,Ucrânia
5,2,França,Ucrânia
5,2,Croácia,Ucrânia
5,2,Escócia,Ucrânia
5,2,Hungria,Ucrânia
5,2,Portugal,Ucrânia
5,2,Suíça,Ucrânia
5,2,República Tcheca,Ucrânia
5,2,Dinamarca,Ucrânia
5,2,Inglaterra,Ucrânia
5,2,Itália,Ucrânia
5,2,Geórgia,Ucrânia
5,2,Alemanha,Ucrânia
5,2,Albânia,Ucrânia
5,2,Áustria,Ucrânia
5,2,Eslováquia,Polônia
5,2,Turquia,Polônia
5,2,Sérvia,Polônia
5,2,Espanha,Polônia
5,2,França,Polônia
5,2,Croácia,Polônia
5,2,Escócia,Polônia
5,2,Hungria,Polônia
5,2,Portugal,Polônia
5,2,Suíça,Polônia
5,2,República Tcheca,Polônia
5,2,Dinamarca,Polônia
5,2,Inglaterra,Polônia
5,2,Itália,Polônia
5,2,Geórgia,Polônia
5,2,Alemanha,Polônia
5,2,Albânia,Polônia
5,2,Áustria,Polônia
5,2,Turquia,Eslováquia
5,2,Sérvia,Eslováquia
5,2,Espanha,Eslováquia
5,2,França,Eslováquia
5,2,Croácia,Eslováquia
5,2,Escócia,Eslováquia
5,2,Hungria,Eslováquia
5,2,Portugal,Eslováquia
5,2,Suíça,Eslováquia
5,2,República Tcheca,Eslováquia
5,2,Dinamarca,Eslováquia
5,2,Inglaterra,Eslováquia
5,2,Itália,Eslováquia
5,2,Geórgia,Eslováquia
5,2,Alemanha,Eslováquia
5,2,Albânia,Eslováquia
5,2,Áustria,Eslováquia
5,2,Sérvia,Turquia
5,2,Espanha,Turquia
5,2,França,Turquia
5,2,Croácia,Turquia
5,2,Escócia,Turquia
5,2,Hungria,Turquia
5,2,Portugal,Turquia
5,2,Suíça,Turquia
5,2,República Tcheca,Turquia
5,2,Dinamarca,Turquia
5,2,Inglaterra,Turquia
5,2,Itália,Turquia
5,2,Geórgia,Turquia
5,2,Alemanha,Turquia
5,2,Albânia,Turquia
5,2,Áustria,Turquia
5,2,Espanha,Sérvia
5,2,França,Sérvia
5,2,Croácia,Sérvia
5,2,Escócia,Sérvia
5,2,Hungria,Sérvia
5,2,Portugal,Sérvia
5,2,Suíça,Sérvia
5,2,República Tcheca,Sérvia
5,2,Dinamarca,Sérvia
5,2,Inglaterra,Sérvia
5,2,Itália,Sérvia
5,2,Geórgia,Sérvia
5,2,Alemanha,Sérvia
5,2,Albânia,Sérvia
5,2,Áustria,Sérvia
5,2,França,Espanha
5,2,Croácia,Espanha
5,2,Escócia,Espanha
5,2,Hungria,Espanha
5,2,Portugal,Espanha
5,2,Suíça,Espanha
5,2,República Tcheca,Espanha
5,2,Dinamarca,Espanha
5,2,Inglaterra,Espanha
5,2,Itália,Espanha
5,2,Geórgia,Espanha
5,2,Alemanha,Espanha
5,2,Albânia,Espanha
5,2,Áustria,Espanha
5,2,Croácia,França
5,2,Escócia,França
5,2,Hungria,França
5,2,Portugal,França
5,2,Suíça,França
5,2,República Tcheca,França
5,2,Dinamarca,França
5,2,Inglaterra,França
5,2,Itália,França
5,2,Geórgia,França
5,2,Alemanha,França
5,2,Albânia,França
5,2,Áustria,França
5,2,Escócia,Croácia
5,2,Hungria,Croácia
5,2,Portugal,Croácia
5,2,Suíça,Croácia
5,2,República Tcheca,Croácia
5,2,Dinamarca,Croácia
5,2,Inglaterra,Croácia
5,2,Itália,Croácia
5,2,Geórgia,Croácia
5,2,Alemanha,Croácia
5,2,Albânia,Croácia
5,2,Áustria,Croácia
5,2,Hungria,Escócia
5,2,Portugal,Escócia
5,2,Suíça,Escócia
5,2,República Tcheca,Escócia
5,2,Dinamarca,Escócia
5,2,Inglaterra,Escócia
5,2,Itália,Escócia
5,2,Geórgia,Escócia
5,2,Alemanha,Escócia
5,2,Albânia,Escócia
5,2,Áustria,Escócia
5,2,Portugal,Hungria
5,2,Suíça,Hungria
5,2,República Tcheca,Hungria
5,2,Dinamarca,Hungria
5,2,Inglaterra,Hungria
5,2,Itália,Hungria
5,2,Geórgia,Hungria
5,2,Alemanha,Hungria
5,2,Albânia,Hungria
5,2,Áustria,Hungria
5,2,Suíça,Portugal
5,2,República Tcheca,Portugal
5,2,Dinamarca,Portugal
5,2,Inglaterra,Portugal
5,2,Itália,Portugal
5,2,Geórgia,Portugal
5,2,Alemanha,Portugal
5,2,Albânia,Portugal
5,2,Áustria,Portugal
5,2,República Tcheca,Suíça
5,2,Dinamarca,Suíça
5,2,Inglaterra,Suíça
5,2,Itália,Suíça
5,2,Geórgia,Suíça
5,2,Alemanha,Suíça
5,2,Albânia,Suíça
5,2,Áustria,Suíça
5,2,Dinamarca,República Tcheca
5,2,Inglaterra,República Tcheca
5,2,Itália,República Tcheca
5,2,Geórgia,República Tcheca
5,2,Alemanha,República Tcheca
5,2,Albânia,República Tcheca
5,2,Áustria,República Tcheca
5,2,Inglaterra,Dinamarca
5,2,Itália,Dinamarca
5,2,Geórgia,Dinamarca
5,2,Alemanha,Dinamarca
5,2,Albânia,Dinamarca
5,2,Áustria,Dinamarca
5,2,Itália,Inglaterra
5,2,Geórgia,Inglaterra
5,2,Alemanha,Inglaterra
5,2,Albânia,Inglaterra
5,2,Áustria,Inglaterra
5,2,Geórgia,Itália
5,2,Alemanha,Itália
5,2,Albânia,Itália
5,2,Áustria,Itália
5,2,Alemanha,Geórgia
5,2,Albânia,Geórgia
5,2,Áustria,Geórgia
5,2,Albânia,Alemanha
5,2,Áustria,Alemanha
5,2,Áustria,Albânia
5,5,Eslovênia,Países Baixos
5,5,Bélgica,Países Baixos
5,5,Romênia,Países Baixos
5,5,Ucrânia,Países Baixos
5,5,Polônia,Países Baixos
5,5,Eslováquia,Países Baixos
5,5,Turquia,Países Baixos
5,5,Sérvia,Países Baixos
5,5,Espanha,Países Baixos
5,5,França,Países Baixos
5,5,Croácia,Países Baixos
5,5,Escócia,Países Baixos
5,5,Hungria,Países Baixos
5,5,Portugal,Países Baixos
5,5,Suíça,Países Baixos
5,5,República Tcheca,Países Baixos
5,5,Dinamarca,Países Baixos
5,5,Inglaterra,Países Baixos
5,5,Itália,Países Baixos
5,5,Geórgia,Países Baixos
5,5,Alemanha,Países Baixos
5,5,Albânia,Países Baixos
5,5,Áustria,Países Baixos
5,5,Bélgica,Eslovênia
5,5,Romênia,Eslovênia
5,5,Ucrânia,Eslovênia
5,5,Polônia,Eslovênia
5,5,Eslováquia,Eslovênia
5,5,Turquia,Eslovênia
5,5,Sérvia,Eslovênia
5,5,Espanha,Eslovênia
5,5,França,Eslovênia
5,5,Croácia,Eslovênia
5,5,Escócia,Eslovênia
5,5,Hungria,Eslovênia
5,5,Portugal,Eslovênia
5,5,Suíça,Eslovênia
5,5,República Tcheca,Eslovênia
5,5,Dinamarca,Eslovênia
5,5,Inglaterra,Eslovênia
5,5,Itália,Eslovênia
5,5,Geórgia,Eslovênia
5,5,Alemanha,Eslovênia
5,5,Albânia,Eslovênia
5,5,Áustria,Eslovênia
5,5,Romênia,Bélgica
5,5,Ucrânia,Bélgica
5,5,Polônia,Bélgica
5,5,Eslováquia,Bélgica
5,5,Turquia,Bélgica
5,5,Sérvia,Bélgica
5,5,Espanha,Bélgica
5,5,França,Bélgica
5,5,Croácia,Bélgica
5,5,Escócia,Bélgica
5,5,Hungria,Bélgica
5,5,Portugal,Bélgica
5,5,Suíça,Bélgica
5,5,República Tcheca,Bélgica
5,5,Dinamarca,Bélgica
5,5,Inglaterra,Bélgica
5,5,Itália,Bélgica
5,5,Geórgia,Bélgica
5,5,Alemanha,Bélgica
5,5,Albânia,Bélgica
5,5,Áustria,Bélgica
5,5,Ucrânia,Romênia
5,5,Polônia,Romênia
5,5,Eslováquia,Romênia
5,5,Turquia,Romênia
5,5,Sérvia,Romênia
5,5,Espanha,Romênia
5,5,França,Romênia
5,5,Croácia,Romênia
5,5,Escócia,Romênia
5,5,Hungria,Romênia
5,5,Portugal,Romênia
5,5,Suíça,Romênia
5,5,República Tcheca,Romênia
5,5,Dinamarca,Romênia
5,5,Inglaterra,Romênia
5,5,Itália,Romênia
5,5,Geórgia,Romênia
5,5,Alemanha,Romênia
5,5,Albânia,Romênia
5,5,Áustria,Romênia
5,5,Polônia,Ucrânia
5,5,Eslováquia,Ucrânia
5,5,Turquia,Ucrânia
5,5,Sérvia,Ucrânia
5,5,Espanha,Ucrânia
5,5,França,Ucrânia
5,5,Croácia,Ucrânia
5,5,Escócia,Ucrânia
5,5,Hungria,Ucrânia
5,5,Portugal,Ucrânia
5,5,Suíça,Ucrânia
5,5,República Tcheca,Ucrânia
5,5,Dinamarca,Ucrânia
5,5,Inglaterra,Ucrânia
5,5,Itália,Ucrânia
5,5,Geórgia,Ucrânia
5,5,Alemanha,Ucrânia
5,5,Albânia,Ucrânia
5,5,Áustria,Ucrânia
5,5,Eslováquia,Polônia
5,5,Turquia,Polônia
5,5,Sérvia,Polônia
5,5,Espanha,Polônia
5,5,França,Polônia
5,5,Croácia,Polônia
5,5,Escócia,Polônia
5,5,Hungria,Polônia
5,5,Portugal,Polônia
5,5,Suíça,Polônia
5,5,República Tcheca,Polônia
5,5,Dinamarca,Polônia
5,5,Inglaterra,Polônia
5,5,Itália,Polônia
5,5,Geórgia,Polônia
5,5,Alemanha,Polônia
5,5,Albânia,Polônia
5,5,Áustria,Polônia
5,5,Turquia,Eslováquia
5,5,Sérvia,Eslováquia
5,5,Espanha,Eslováquia
5,5,França,Eslováquia
5,5,Croácia,Eslováquia
5,5,Escócia,Eslováquia
5,5,Hungria,Eslováquia
5,5,Portugal,Eslováquia
5,5,Suíça,Eslováquia
5,5,República Tcheca,Eslováquia
5,5,Dinamarca,Eslováquia
5,5,Inglaterra,Eslováquia
5,5,Itália,Eslováquia
5,5,Geórgia,Eslováquia
5,5,Alemanha,Eslováquia
5,5,Albânia,Eslováquia
5,5,Áustria,Eslováquia
5,5,Sérvia,Turquia
5,5,Espanha,Turquia
5,5,França,Turquia
5,5,Croácia,Turquia
5,5,Escócia,Turquia
5,5,Hungria,Turquia
5,5,Portugal,Turquia
5,5,Suíça,Turquia
5,5,República Tcheca,Turquia
5,5,Dinamarca,Turquia
5,5,Inglaterra,Turquia
5,5,Itália,Turquia
5,5,Geórgia,Turquia
5,5,Alemanha,Turquia
5,5,Albânia,Turquia
5,5,Áustria,Turquia
5,5,Espanha,Sérvia
5,5,França,Sérvia
5,5,Croácia,Sérvia
5,5,Escócia,Sérvia
5,5,Hungria,Sérvia
5,5,Portugal,Sérvia
5,5,Suíça,Sérvia
5,5,República Tcheca,Sérvia
5,5,Dinamarca,Sérvia
5,5,Inglaterra,Sérvia
5,5,Itália,Sérvia
5,5,Geórgia,Sérvia
5,5,Alemanha,Sérvia
5,5,Albânia,Sérvia
5,5,Áustria,Sérvia
5,5,França,Espanha
5,5,Croácia,Espanha
5,5,Escócia,Espanha
5,5,Hungria,Espanha
5,5,Portugal,Espanha
5,5,Suíça,Espanha
5,5,República Tcheca,Espanha
5,5,Dinamarca,Espanha
5,5,Inglaterra,Espanha
5,5,Itália,Espanha
5,5,Geórgia,Espanha
5,5,Alemanha,Espanha
5,5,Albânia,Espanha
5,5,Áustria,Espanha
5,5,Croácia,França
5,5,Escócia,França
5,5,Hungria,França
5,5,Portugal,França
5,5,Suíça,França
5,5,República Tcheca,França
5,5,Dinamarca,França
5,5,Inglaterra,França
5,5,Itália,França
5,5,Geórgia,França
5,5,Alemanha,França
5,5,Albânia,França
5,5,Áustria,França
5,5,Escócia,Croácia
5,5,Hungria,Croácia
5,5,Portugal,Croácia
5,5,Suíça,Croácia
5,5,República Tcheca,Croácia
5,5,Dinamarca,Croácia
5,5,Inglaterra,Croácia
5,5,Itália,Croácia
5,5,Geórgia,Croácia
5,5,Alemanha,Croácia
5,5,Albânia,Croácia
5,5,Áustria,Croácia
5,5,Hungria,Escócia
5,5,Portugal,Escócia
5,5,Suíça,Escócia
5,5,República Tcheca,Escócia
5,5,Dinamarca,Escócia
5,5,Inglaterra,Escócia
5,5,Itália,Escócia
5,5,Geórgia,Escócia
5,5,Alemanha,Escócia
5,5,Albânia,Escócia
5,5,Áustria,Escócia
5,5,Portugal,Hungria
5,5,Suíça,Hungria
5,5,República Tcheca,Hungria
5,5,Dinamarca,Hungria
5,5,Inglaterra,Hungria
5,5,Itália,Hungria
5,5,Geórgia,Hungria
5,5,Alemanha,Hungria
5,5,Albânia,Hungria
5,5,Áustria,Hungria
5,5,Suíça,Portugal
5,5,República Tcheca,Portugal
5,5,Dinamarca,Portugal
5,5,Inglaterra,Portugal
5,5,Itália,Portugal
5,5,Geórgia,Portugal
5,5,Alemanha,Portugal
5,5,Albânia,Portugal
5,5,Áustria,Portugal
5,5,República Tcheca,Suíça
5,5,Dinamarca,Suíça
5,5,Inglaterra,Suíça
5,5,Itália,Suíça
5,5,Geórgia,Suíça
5,5,Alemanha,Suíça
5,5,Albânia,Suíça
5,5,Áustria,Suíça
5,5,Dinamarca,República Tcheca
5,5,Inglaterra,República Tcheca
5,5,Itália,República Tcheca
5,5,Geórgia,República Tcheca
5,5,Alemanha,República Tcheca
5,5,Albânia,República Tcheca
5,5,Áustria,República Tcheca
5,5,Inglaterra,Dinamarca
5,5,Itália,Dinamarca
5,5,Geórgia,Dinamarca
5,5,Alemanha,Dinamarca
5,5,Albânia,Dinamarca
5,5,Áustria,Dinamarca
5,5,Itália,Inglaterra
5,5,Geórgia,Inglaterra
5,5,Alemanha,Inglaterra
5,5,Albânia,Inglaterra
5,5,Áustria,Inglaterra
5,5,Geórgia,Itália
5,5,Alemanha,Itália
5,5,Albânia,Itália
5,5,Áustria,Itália
5,5,Alemanha,Geórgia
5,5,Albânia,Geórgia
5,5,Áustria,Geórgia
5,5,Albânia,Alemanha
5,5,Áustria,Alemanha
5,5,Áustria,Albânia
5,8,Eslovênia,Países Baixos
5,8,Bélgica,Países Baixos
5,8,Romênia,Países Baixos
5,8,Ucrânia,Países Baixos
5,8,Polônia,Países Baixos
5,8,Eslováquia,Países Baixos
5,8,Turquia,Países Baixos
5,8,Sérvia,Países Baixos
5,8,Espanha,Países Baixos
5,8,França,Países Baixos
5,8,Croácia,Países Baixos
5,8,Escócia,Países Baixos
5,8,Hungria,Países Baixos
5,8,Portugal,Países Baixos
5,8,Suíça,Países Baixos
5,8,República Tcheca,Países Baixos
5,8,Dinamarca,Países Baixos
5,8,Inglaterra,Países Baixos
5,8,Itália,Países Baixos
5,8,Geórgia,Países Baixos
5,8,Alemanha,Países Baixos
5,8,Albânia,Países Baixos
5,8,Áustria,Países Baixos
5,8,Bélgica,Eslovênia
5,8,Romênia,Eslovênia
5,8,Ucrânia,Eslovênia
5,8,Polônia,Eslovênia
5,8,Eslováquia,Eslovênia
5,8,Turquia,Eslovênia
5,8,Sérvia,Eslovênia
5,8,Espanha,Eslovênia
5,8,França,Eslovênia
5,8,Croácia,Eslovênia
5,8,Escócia,Eslovênia
5,8,Hungria,Eslovênia
5,8,Portugal,Eslovênia
5,8,Suíça,Eslovênia
5,8,República Tcheca,Eslovênia
5,8,Dinamarca,Eslovênia
5,8,Inglaterra,Eslovênia
5,8,Itália,Eslovênia
5,8,Geórgia,Eslovênia
5,8,Alemanha,Eslovênia
5,8,Albânia,Eslovênia
5,8,Áustria,Eslovênia
5,8,Romênia,Bélgica
5,8,Ucrânia,Bélgica
5,8,Polônia,Bélgica
5,8,Eslováquia,Bélgica
5,8,Turquia,Bélgica
5,8,Sérvia,Bélgica
5,8,Espanha,Bélgica
5,8,França,Bélgica
5,8,Croácia,Bélgica
5,8,Escócia,Bélgica
5,8,Hungria,Bélgica
5,8,Portugal,Bélgica
5,8,Suíça,Bélgica
5,8,República Tcheca,Bélgica
5,8,Dinamarca,Bélgica
5,8,Inglaterra,Bélgica
5,8,Itália,Bélgica
5,8,Geórgia,Bélgica
5,8,Alemanha,Bélgica
5,8,Albânia,Bélgica
5,8,Áustria,Bélgica
5,8,Ucrânia,Romênia
5,8,Polônia,Romênia
5,8,Eslováquia,Romênia
5,8,Turquia,Romênia
5,8,Sérvia,Romênia
5,8,Espanha,Romênia
5,8,França,Romênia
5,8,Croácia,Romênia
5,8,Escócia,Romênia
5,8,Hungria,Romênia
5,8,Portugal,Romênia
5,8,Suíça,Romênia
5,8,República Tcheca,Romênia
5,8,Dinamarca,Romênia
5,8,Inglaterra,Romênia
5,8,Itália,Romênia
5,8,Geórgia,Romênia
5,8,Alemanha,Romênia
5,8,Albânia,Romênia
5,8,Áustria,Romênia
5,8,Polônia,Ucrânia
5,8,Eslováquia,Ucrânia
5,8,Turquia,Ucrânia
5,8,Sérvia,Ucrânia
5,8,Espanha,Ucrânia
5,8,França,Ucrânia
5,8,Croácia,Ucrânia
5,8,Escócia,Ucrânia
5,8,Hungria,Ucrânia
5,8,Portugal,Ucrânia
5,8,Suíça,Ucrânia
5,8,República Tcheca,Ucrânia
5,8,Dinamarca,Ucrânia
5,8,Inglaterra,Ucrânia
5,8,Itália,Ucrânia
5,8,Geórgia,Ucrânia
5,8,Alemanha,Ucrânia
5,8,Albânia,Ucrânia
5,8,Áustria,Ucrânia
5,8,Eslováquia,Polônia
5,8,Turquia,Polônia
5,8,Sérvia,Polônia
5,8,Espanha,Polônia
5,8,França,Polônia
5,8,Croácia,Polônia
5,8,Escócia,Polônia
5,8,Hungria,Polônia
5,8,Portugal,Polônia
5,8,Suíça,Polônia
5,8,República Tcheca,Polônia
5,8,Dinamarca,Polônia
5,8,Inglaterra,Polônia
5,8,Itália,Polônia
5,8,Geórgia,Polônia
5,8,Alemanha,Polônia
5,8,Albânia,Polônia
5,8,Áustria,Polônia
5,8,Turquia,Eslováquia
5,8,Sérvia,Eslováquia
5,8,Espanha,Eslováquia
5,8,França,Eslováquia
5,8,Croácia,Eslováquia
5,8,Escócia,Eslováquia
5,8,Hungria,Eslováquia
5,8,Portugal,Eslováquia
5,8,Suíça,Eslováquia
5,8,República Tcheca,Eslováquia
5,8,Dinamarca,Eslováquia
5,8,Inglaterra,Eslováquia
5,8,Itália,Eslováquia
5,8,Geórgia,Eslováquia
5,8,Alemanha,Eslováquia
5,8,Albânia,Eslováquia
5,8,Áustria,Eslováquia
5,8,Sérvia,Turquia
5,8,Espanha,Turquia
5,8,França,Turquia
5,8,Croácia,Turquia
5,8,Escócia,Turquia
5,8,Hungria,Turquia
5,8,Portugal,Turquia
5,8,Suíça,Turquia
5,8,República Tcheca,Turquia
5,8,Dinamarca,Turquia
5,8,Inglaterra,Turquia
5,8,Itália,Turquia
5,8,Geórgia,Turquia
5,8,Alemanha,Turquia
5,8,Albânia,Turquia
5,8,Áustria,Turquia
5,8,Espanha,Sérvia
5,8,França,Sérvia
5,8,Croácia,Sérvia
5,8,Escócia,Sérvia
5,8,Hungria,Sérvia
5,8,Portugal,Sérvia
5,8,Suíça,Sérvia
5,8,República Tcheca,Sérvia
5,8,Dinamarca,Sérvia
5,8,Inglaterra,Sérvia
5,8,Itália,Sérvia
5,8,Geórgia,Sérvia
5,8,Alemanha,Sérvia
5,8,Albânia,Sérvia
5,8,Áustria,Sérvia
5,8,França,Espanha
5,8,Croácia,Espanha
5,8,Escócia,Espanha
5,8,Hungria,Espanha
5,8,Portugal,Espanha
5,8,Suíça,Espanha
5,8,República Tcheca,Espanha
5,8,Dinamarca,Espanha
5,8,Inglaterra,Espanha
5,8,Itália,Espanha
5,8,Geórgia,Espanha
5,8,Alemanha,Espanha
5,8,Albânia,Espanha
5,8,Áustria,Espanha
5,8,Croácia,França
5,8,Escócia,França
5,8,Hungria,França
5,8,Portugal,França
5,8,Suíça,França
5,8,República Tcheca,França
5,8,Dinamarca,França
5,8,Inglaterra,França
5,8,Itália,França
5,8,Geórgia,França
5,8,Alemanha,França
5,8,Albânia,França
5,8,Áustria,França
5,8,Escócia,Croácia
5,8,Hungria,Croácia
5,8,Portugal,Croácia
5,8,Suíça,Croácia
5,8,República Tcheca,Croácia
5,8,Dinamarca,Croácia
5,8,Inglaterra,Croácia
5,8,Itália,Croácia
5,8,Geórgia,Croácia
5,8,Alemanha,Croácia
5,8,Albânia,Croácia
5,8,Áustria,Croácia
5,8,Hungria,Escócia
5,8,Portugal,Escócia
5,8,Suíça,Escócia
5,8,República Tcheca,Escócia
5,8,Dinamarca,Escócia
5,8,Inglaterra,Escócia
5,8,Itália,Escócia
5,8,Geórgia,Escócia
5,8,Alemanha,Escócia
5,8,Albânia,Escócia
5,8,Áustria,Escócia
5,8,Portugal,Hungria
5,8,Suíça,Hungria
5,8,República Tcheca,Hungria
5,8,Dinamarca,Hungria
5,8,Inglaterra,Hungria
5,8,Itália,Hungria
5,8,Geórgia,Hungria
5,8,Alemanha,Hungria
5,8,Albânia,Hungria
5,8,Áustria,Hungria
5,8,Suíça,Portugal
5,8,República Tcheca,Portugal
5,8,Dinamarca,Portugal
5,8,Inglaterra,Portugal
5,8,Itália,Portugal
5,8,Geórgia,Portugal
5,8,Alemanha,Portugal
5,8,Albânia,Portugal
5,8,Áustria,Portugal
5,8,República Tcheca,Suíça
5,8,Dinamarca,Suíça
5,8,Inglaterra,Suíça
5,8,Itália,Suíça
5,8,Geórgia,Suíça
5,8,Alemanha,Suíça
5,8,Albânia,Suíça
5,8,Áustria,Suíça
5,8,Dinamarca,República Tcheca
5,8,Inglaterra,República Tcheca
5,8,Itália,República Tcheca
5,8,Geórgia,República Tcheca
5,8,Alemanha,República Tcheca
5,8,Albânia,República Tcheca
5,8,Áustria,República Tcheca
5,8,Inglaterra,Dinamarca
5,8,Itália,Dinamarca
5,8,Geórgia,Dinamarca
5,8,Alemanha,Dinamarca
5,8,Albânia,Dinamarca
5,8,Áustria,Dinamarca
5,8,Itália,Inglaterra
5,8,Geórgia,Inglaterra
5,8,Alemanha,Inglaterra
5,8,Albânia,Inglaterra
5,8,Áustria,Inglaterra
5,8,Geórgia,Itália
5,8,Alemanha,Itália
5,8,Albânia,Itália
5,8,Áustria,Itália
5,8,Alemanha,Geórgia
5,8,Albânia,Geórgia
5,8,Áustria,Geórgia
5,8,Albânia,Alemanha
5,8,Áustria,Alemanha
5,8,Áustria,Albânia
5,11,Eslovênia,Países Baixos
5,11,Bélgica,Países Baixos
5,11,Romênia,Países Baixos
5,11,Ucrânia,Países Baixos
5,11,Polônia,Países Baixos
5,11,Eslováquia,Países Baixos
5,11,Turquia,Países Baixos
5,11,Sérvia,Países Baixos
5,11,Espanha,Países Baixos
5,11,França,Países Baixos
5,11,Croácia,Países Baixos
5,11,Escócia,Países Baixos
5,11,Hungria,Países Baixos
5,11,Portugal,Países Baixos
5,11,Suíça,Países Baixos
5,11,República Tcheca,Países Baixos
5,11,Dinamarca,Países Baixos
5,11,Inglaterra,Países Baixos
5,11,Itália,Países Baixos
5,11,Geórgia,Países Baixos
5,11,Alemanha,Países Baixos
5,11,Albânia,Países Baixos
5,11,Áustria,Países Baixos
5,11,Bélgica,Eslovênia
5,11,Romênia,Eslovênia
5,11,Ucrânia,Eslovênia
5,11,Polônia,Eslovênia
5,11,Eslováquia,Eslovênia
5,11,Turquia,Eslovênia
5,11,Sérvia,Eslovênia
5,11,Espanha,Eslovênia
5,11,França,Eslovênia
5,11,Croácia,Eslovênia
5,11,Escócia,Eslovênia
5,11,Hungria,Eslovênia
5,11,Portugal,Eslovênia
5,11,Suíça,Eslovênia
5,11,República Tcheca,Eslovênia
5,11,Dinamarca,Eslovênia
5,11,Inglaterra,Eslovênia
5,11,Itália,Eslovênia
5,11,Geórgia,Eslovênia
5,11,Alemanha,Eslovênia
5,11,Albânia,Eslovênia
5,11,Áustria,Eslovênia
5,11,Romênia,Bélgica
5,11,Ucrânia,Bélgica
5,11,Polônia,Bélgica
5,11,Eslováquia,Bélgica
5,11,Turquia,Bélgica
5,11,Sérvia,Bélgica
5,11,Espanha,Bélgica
5,11,França,Bélgica
5,11,Croácia,Bélgica
5,11,Escócia,Bélgica
5,11,Hungria,Bélgica
5,11,Portugal,Bélgica
5,11,Suíça,Bélgica
5,11,República Tcheca,Bélgica
5,11,Dinamarca,Bélgica
5,11,Inglaterra,Bélgica
5,11,Itália,Bélgica
5,11,Geórgia,Bélgica
5,11,Alemanha,Bélgica
5,11,Albânia,Bélgica
5,11,Áustria,Bélgica
5,11,Ucrânia,Romênia
5,11,Polônia,Romênia
5,11,Eslováquia,Romênia
5,11,Turquia,Romênia
5,11,Sérvia,Romênia
5,11,Espanha,Romênia
5,11,França,Romênia
5,11,Croácia,Romênia
5,11,Escócia,Romênia
5,11,Hungria,Romênia
5,11,Portugal,Romênia
5,11,Suíça,Romênia
5,11,República Tcheca,Romênia
5,11,Dinamarca,Romênia
5,11,Inglaterra,Romênia
5,11,Itália,Romênia
5,11,Geórgia,Romênia
5,11,Alemanha,Romênia
5,11,Albânia,Romênia
5,11,Áustria,Romênia
5,11,Polônia,Ucrânia
5,11,Eslováquia,Ucrânia
5,11,Turquia,Ucrânia
5,11,Sérvia,Ucrânia
5,11,Espanha,Ucrânia
5,11,França,Ucrânia
5,11,Croácia,Ucrânia
5,11,Escócia,Ucrânia
5,11,Hungria,Ucrânia
5,11,Portugal,Ucrânia
5,11,Suíça,Ucrânia
5,11,República Tcheca,Ucrânia
5,11,Dinamarca,Ucrânia
5,11,Inglaterra,Ucrânia
5,11,Itália,Ucrânia
5,11,Geórgia,Ucrânia
5,11,Alemanha,Ucrânia
5,11,Albânia,Ucrânia
5,11,Áustria,Ucrânia
5,11,Eslováquia,Polônia
5,11,Turquia,Polônia
5,11,Sérvia,Polônia
5,11,Espanha,Polônia
5,11,França,Polônia
5,11,Croácia,Polônia
5,11,Escócia,Polônia
5,11,Hungria,Polônia
5,11,Portugal,Polônia
5,11,Suíça,Polônia
5,11,República Tcheca,Polônia
5,11,Dinamarca,Polônia
5,11,Inglaterra,Polônia
5,11,Itália,Polônia
5,11,Geórgia,Polônia
5,11,Alemanha,Polônia
5,11,Albânia,Polônia
5,11,Áustria,Polônia
5,11,Turquia,Eslováquia
5,11,Sérvia,Eslováquia
5,11,Espanha,Eslováquia
5,11,França,Eslováquia
5,11,Croácia,Eslováquia
5,11,Escócia,Eslováquia
5,11,Hungria,Eslováquia
5,11,Portugal,Eslováquia
5,11,Suíça,Eslováquia
5,11,República Tcheca,Eslováquia
5,11,Dinamarca,Eslováquia
5,11,Inglaterra,Eslováquia
5,11,Itália,Eslováquia
5,11,Geórgia,Eslováquia
5,11,Alemanha,Eslováquia
5,11,Albânia,Eslováquia
5,11,Áustria,Eslováquia
5,11,Sérvia,Turquia
5,11,Espanha,Turquia
5,11,França,Turquia
5,11,Croácia,Turquia
5,11,Escócia,Turquia
5,11,Hungria,Turquia
5,11,Portugal,Turquia
5,11,Suíça,Turquia
5,11,República Tcheca,Turquia
5,11,Dinamarca,Turquia
5,11,Inglaterra,Turquia
5,11,Itália,Turquia
5,11,Geórgia,Turquia
5,11,Alemanha,Turquia
5,11,Albânia,Turquia
5,11,Áustria,Turquia
5,11,Espanha,Sérvia
5,11,França,Sérvia
5,11,Croácia,Sérvia
5,11,Escócia,Sérvia
5,11,Hungria,Sérvia
5,11,Portugal,Sérvia
5,11,Suíça,Sérvia
5,11,República Tcheca,Sérvia
5,11,Dinamarca,Sérvia
5,11,Inglaterra,Sérvia
5,11,Itália,Sérvia
5,11,Geórgia,Sérvia
5,11,Alemanha,Sérvia
5,11,Albânia,Sérvia
5,11,Áustria,Sérvia
5,11,França,Espanha
5,11,Croácia,Espanha
5,11,Escócia,Espanha
5,11,Hungria,Espanha
5,11,Portugal,Espanha
5,11,Suíça,Espanha
5,11,República Tcheca,Espanha
5,11,Dinamarca,Espanha
5,11,Inglaterra,Espanha
5,11,Itália,Espanha
5,11,Geórgia,Espanha
5,11,Alemanha,Espanha
5,11,Albânia,Espanha
5,11,Áustria,Espanha
5,11,Croácia,França
5,11,Escócia,França
5,11,Hungria,França
5,11,Portugal,França
5,11,Suíça,França
5,11,República Tcheca,França
5,11,Dinamarca,França
5,11,Inglaterra,França
5,11,Itália,França
5,11,Geórgia,França
5,11,Alemanha,França
5,11,Albânia,França
5,11,Áustria,França
5,11,Escócia,Croácia
5,11,Hungria,Croácia
5,11,Portugal,Croácia
5,11,Suíça,Croácia
5,11,República Tcheca,Croácia
5,11,Dinamarca,Croácia
5,11,Inglaterra,Croácia
5,11,Itália,Croácia
5,11,Geórgia,Croácia
5,11,Alemanha,Croácia
5,11,Albânia,Croácia
5,11,Áustria,Croácia
5,11,Hungria,Escócia
5,11,Portugal,Escócia
5,11,Suíça,Escócia
5,11,República Tcheca,Escócia
5,11,Dinamarca,Escócia
5,11,Inglaterra,Escócia
5,11,Itália,Escócia
5,11,Geórgia,Escócia
5,11,Alemanha,Escócia
5,11,Albânia,Escócia
5,11,Áustria,Escócia
5,11,Portugal,Hungria
5,11,Suíça,Hungria
5,11,República Tcheca,Hungria
5,11,Dinamarca,Hungria
5,11,Inglaterra,Hungria
5,11,Itália,Hungria
5,11,Geórgia,Hungria
5,11,Alemanha,Hungria
5,11,Albânia,Hungria
5,11,Áustria,Hungria
5,11,Suíça,Portugal
5,11,República Tcheca,Portugal
5,11,Dinamarca,Portugal
5,11,Inglaterra,Portugal
5,11,Itália,Portugal
5,11,Geórgia,Portugal
5,11,Alemanha,Portugal
5,11,Albânia,Portugal
5,11,Áustria,Portugal
5,11,República Tcheca,Suíça
5,11,Dinamarca,Suíça
5,11,Inglaterra,Suíça
5,11,Itália,Suíça
5,11,Geórgia,Suíça
5,11,Alemanha,Suíça
5,11,Albânia,Suíça
5,11,Áustria,Suíça
5,11,Dinamarca,República Tcheca
5,11,Inglaterra,República Tcheca
5,11,Itália,República Tcheca
5,11,Geórgia,República Tcheca
5,11,Alemanha,República Tcheca
5,11,Albânia,República Tcheca
5,11,Áustria,República Tcheca
5,11,Inglaterra,Dinamarca
5,11,Itália,Dinamarca
5,11,Geórgia,Dinamarca
5,11,Alemanha,Dinamarca
5,11,Albânia,Dinamarca
5,11,Áustria,Dinamarca
5,11,Itália,Inglaterra
5,11,Geórgia,Inglaterra
5,11,Alemanha,Inglaterra
5,11,Albânia,Inglaterra
5,11,Áustria,Inglaterra
5,11,Geórgia,Itália
5,11,Alemanha,Itália
5,11,Albânia,Itália
5,11,Áustria,Itália
5,11,Alemanha,Geórgia
5,11,Albânia,Geórgia
5,11,Áustria,Geórgia
5,11,Albânia,Alemanha
5,11,Áustria,Alemanha
5,11,Áustria,Albânia
5,14,Eslovênia,Países Baixos
5,14,Bélgica,Países Baixos
5,14,Romênia,Países Baixos
5,14,Ucrânia,Países Baixos
5,14,Polônia,Países Baixos
5,14,Eslováquia,Países Baixos
5,14,Turquia,Países Baixos
5,14,Sérvia,Países Baixos
5,14,Espanha,Países Baixos
5,14,França,Países Baixos
5,14,Croácia,Países Baixos
5,14,Escócia,Países Baixos
5,14,Hungria,Países Baixos
5,14,Portugal,Países Baixos
5,14,Suíça,Países Baixos
5,14,República Tcheca,Países Baixos
5,14,Dinamarca,Países Baixos
5,14,Inglaterra,Países Baixos
5,14,Itália,Países Baixos
5,14,Geórgia,Países Baixos
5,14,Alemanha,Países Baixos
5,14,Albânia,Países Baixos
5,14,Áustria,Países Baixos
5,14,Bélgica,Eslovênia
5,14,Romênia,Eslovênia
5,14,Ucrânia,Eslovênia
5,14,Polônia,Eslovênia
5,14,Eslováquia,Eslovênia
5,14,Turquia,Eslovênia
5,14,Sérvia,Eslovênia
5,14,Espanha,Eslovênia
5,14,França,Eslovênia
5,14,Croácia,Eslovênia
5,14,Escócia,Eslovênia
5,14,Hungria,Eslovênia
5,14,Portugal,Eslovênia
5,14,Suíça,Eslovênia
5,14,República Tcheca,Eslovênia
5,14,Dinamarca,Eslovênia
5,14,Inglaterra,Eslovênia
5,14,Itália,Eslovênia
5,14,Geórgia,Eslovênia
5,14,Alemanha,Eslovênia
5,14,Albânia,Eslovênia
5,14,Áustria,Eslovênia
5,14,Romênia,Bélgica
5,14,Ucrânia,Bélgica
5,14,Polônia,Bélgica
5,14,Eslováquia,Bélgica
5,14,Turquia,Bélgica
5,14,Sérvia,Bélgica
5,14,Espanha,Bélgica
5,14,França,Bélgica
5,14,Croácia,Bélgica
5,14,Escócia,Bélgica
5,14,Hungria,Bélgica
5,14,Portugal,Bélgica
5,14,Suíça,Bélgica
5,14,República Tcheca,Bélgica
5,14,Dinamarca,Bélgica
5,14,Inglaterra,Bélgica
5,14,Itália,Bélgica
5,14,Geórgia,Bélgica
5,14,Alemanha,Bélgica
5,14,Albânia,Bélgica
5,14,Áustria,Bélgica
5,14,Ucrânia,Romênia
5,14,Polônia,Romênia
5,14,Eslováquia,Romênia
5,14,Turquia,Romênia
5,14,Sérvia,Romênia
5,14,Espanha,Romênia
5,14,França,Romênia
5,14,Croácia,Romênia
5,14,Escócia,Romênia
5,14,Hungria,Romênia
5,14,Portugal,Romênia
5,14,Suíça,Romênia
5,14,República Tcheca,Romênia
5,14,Dinamarca,Romênia
5,14,Inglaterra,Romênia
5,14,Itália,Romênia
5,14,Geórgia,Romênia
5,14,Alemanha,Romênia
5,14,Albânia,Romênia
5,14,Áustria,Romênia
5,14,Polônia,Ucrânia
5,14,Eslováquia,Ucrânia
5,14,Turquia,Ucrânia
5,14,Sérvia,Ucrânia
5,14,Espanha,Ucrânia
5,14,França,Ucrânia
5,14,Croácia,Ucrânia
5,14,Escócia,Ucrânia
5,14,Hungria,Ucrânia
5,14,Portugal,Ucrânia
5,14,Suíça,Ucrânia
5,14,República Tcheca,Ucrânia
5,14,Dinamarca,Ucrânia
5,14,Inglaterra,Ucrânia
5,14,Itália,Ucrânia
5,14,Geórgia,Ucrânia
5,14,Alemanha,Ucrânia
5,14,Albânia,Ucrânia
5,14,Áustria,Ucrânia
5,14,Eslováquia,Polônia
5,14,Turquia,Polônia
5,14,Sérvia,Polônia
5,14,Espanha,Polônia
5,14,França,Polônia
5,14,Croácia,Polônia
5,14,Escócia,Polônia
5,14,Hungria,Polônia
5,14,Portugal,Polônia
5,14,Suíça,Polônia
5,14,República Tcheca,Polônia
5,14,Dinamarca,Polônia
5,14,Inglaterra,Polônia
5,14,Itália,Polônia
5,14,Geórgia,Polônia
5,14,Alemanha,Polônia
5,14,Albânia,Polônia
5,14,Áustria,Polônia
5,14,Turquia,Eslováquia
5,14,Sérvia,Eslováquia
5,14,Espanha,Eslováquia
5,14,França,Eslováquia
5,14,Croácia,Eslováquia
5,14,Escócia,Eslováquia
5,14,Hungria,Eslováquia
5,14,Portugal,Eslováquia
5,14,Suíça,Eslováquia
5,14,República Tcheca,Eslováquia
5,14,Dinamarca,Eslováquia
5,14,Inglaterra,Eslováquia
5,14,Itália,Eslováquia
5,14,Geórgia,Eslováquia
5,14,Alemanha,Eslováquia
5,14,Albânia,Eslováquia
5,14,Áustria,Eslováquia
5,14,Sérvia,Turquia
5,14,Espanha,Turquia
5,14,França,Turquia
5,14,Croácia,Turquia
5,14,Escócia,Turquia
5,14,Hungria,Turquia
5,14,Portugal,Turquia
5,14,Suíça,Turquia
5,14,República Tcheca,Turquia
5,14,Dinamarca,Turquia
5,14,Inglaterra,Turquia
5,14,Itália,Turquia
5,14,Geórgia,Turquia
5,14,Alemanha,Turquia
5,14,Albânia,Turquia
5,14,Áustria,Turquia
5,14,Espanha,Sérvia
5,14,França,Sérvia
5,14,Croácia,Sérvia
5,14,Escócia,Sérvia
5,14,Hungria,Sérvia
5,14,Portugal,Sérvia
5,14,Suíça,Sérvia
5,14,República Tcheca,Sérvia
5,14,Dinamarca,Sérvia
5,14,Inglaterra,Sérvia
5,14,Itália,Sérvia
5,14,Geórgia,Sérvia
5,14,Alemanha,Sérvia
5,14,Albânia,Sérvia
5,14,Áustria,Sérvia
5,14,França,Espanha
5,14,Croácia,Espanha
5,14,Escócia,Espanha
5,14,Hungria,Espanha
5,14,Portugal,Espanha
5,14,Suíça,Espanha
5,14,República Tcheca,Espanha
5,14,Dinamarca,Espanha
5,14,Inglaterra,Espanha
5,14,Itália,Espanha
5,14,Geórgia,Espanha
5,14,Alemanha,Espanha
5,14,Albânia,Espanha
5,14,Áustria,Espanha
5,14,Croácia,França
5,14,Escócia,França
5,14,Hungria,França
5,14,Portugal,França
5,14,Suíça,França
5,14,República Tcheca,França
5,14,Dinamarca,França
5,14,Inglaterra,França
5,14,Itália,França
5,14,Geórgia,França
5,14,Alemanha,França
5,14,Albânia,França
5,14,Áustria,França
5,14,Escócia,Croácia
5,14,Hungria,Croácia
5,14,Portugal,Croácia
5,14,Suíça,Croácia
5,14,República Tcheca,Croácia
5,14,Dinamarca,Croácia
5,14,Inglaterra,Croácia
5,14,Itália,Croácia
5,14,Geórgia,Croácia
5,14,Alemanha,Croácia
5,14,Albânia,Croácia
5,14,Áustria,Croácia
5,14,Hungria,Escócia
5,14,Portugal,Escócia
5,14,Suíça,Escócia
5,14,República Tcheca,Escócia
5,14,Dinamarca,Escócia
5,14,Inglaterra,Escócia
5,14,Itália,Escócia
5,14,Geórgia,Escócia
5,14,Alemanha,Escócia
5,14,Albânia,Escócia
5,14,Áustria,Escócia
5,14,Portugal,Hungria
5,14,Suíça,Hungria
5,14,República Tcheca,Hungria
5,14,Dinamarca,Hungria
5,14,Inglaterra,Hungria
5,14,Itália,Hungria
5,14,Geórgia,Hungria
5,14,Alemanha,Hungria
5,14,Albânia,Hungria
5,14,Áustria,Hungria
5,14,Suíça,Portugal
5,14,República Tcheca,Portugal
5,14,Dinamarca,Portugal
5,14,Inglaterra,Portugal
5,14,Itália,Portugal
5,14,Geórgia,Portugal
5,14,Alemanha,Portugal
5,14,Albânia,Portugal
5,14,Áustria,Portugal
5,14,República Tcheca,Suíça
5,14,Dinamarca,Suíça
5,14,Inglaterra,Suíça
5,14,Itália,Suíça
5,14,Geórgia,Suíça
5,14,Alemanha,Suíça
5,14,Albânia,Suíça
5,14,Áustria,Suíça
5,14,Dinamarca,República Tcheca
5,14,Inglaterra,República Tcheca
5,14,Itália,República Tcheca
5,14,Geórgia,República Tcheca
5,14,Alemanha,República Tcheca
5,14,Albânia,República Tcheca
5,14,Áustria,República Tcheca
5,14,Inglaterra,Dinamarca
5,14,Itália,Dinamarca
5,14,Geórgia,Dinamarca
5,14,Alemanha,Dinamarca
5,14,Albânia,Dinamarca
5,14,Áustria,Dinamarca
5,14,Itália,Inglaterra
5,14,Geórgia,Inglaterra
5,14,Alemanha,Inglaterra
5,14,Albânia,Inglaterra
5,14,Áustria,Inglaterra
5,14,Geórgia,Itália
5,14,Alemanha,Itália
5,14,Albânia,Itália
5,14,Áustria,Itália
5,14,Alemanha,Geórgia
5,14,Albânia,Geórgia
5,14,Áustria,Geórgia
5,14,Albânia,Alemanha
5,14,Áustria,Alemanha
5,14,Áustria,Albânia
5,17,Eslovênia,Países Baixos
5,17,Bélgica,Países Baixos
5,17,Romênia,Países Baixos
5,17,Ucrânia,Países Baixos
5,17,Polônia,Países Baixos
5,17,Eslováquia,Países Baixos
5,17,Turquia,Países Baixos
5,17,Sérvia,Países Baixos
5,17,Espanha,Países Baixos
5,17,França,Países Baixos
5,17,Croácia,Países Baixos
5,17,Escócia,Países Baixos
5,17,Hungria,Países Baixos
5,17,Portugal,Países Baixos
5,17,Suíça,Países Baixos
5,17,República Tcheca,Países Baixos
5,17,Dinamarca,Países Baixos
5,17,Inglaterra,Países Baixos
5,17,Itália,Países Baixos
5,17,Geórgia,Países Baixos
5,17,Alemanha,Países Baixos
5,17,Albânia,Países Baixos
5,17,Áustria,Países Baixos
5,17,Bélgica,Eslovênia
5,17,Romênia,Eslovênia
5,17,Ucrânia,Eslovênia
5,17,Polônia,Eslovênia
5,17,Eslováquia,Eslovênia
5,17,Turquia,Eslovênia
5,17,Sérvia,Eslovênia
5,17,Espanha,Eslovênia
5,17,França,Eslovênia
5,17,Croácia,Eslovênia
5,17,Escócia,Eslovênia
5,17,Hungria,Eslovênia
5,17,Portugal,Eslovênia
5,17,Suíça,Eslovênia
5,17,República Tcheca,Eslovênia
5,17,Dinamarca,Eslovênia
5,17,Inglaterra,Eslovênia
5,17,Itália,Eslovênia
5,17,Geórgia,Eslovênia
5,17,Alemanha,Eslovênia
5,17,Albânia,Eslovênia
5,17,Áustria,Eslovênia
5,17,Romênia,Bélgica
5,17,Ucrânia,Bélgica
5,17,Polônia,Bélgica
5,17,Eslováquia,Bélgica
5,17,Turquia,Bélgica
5,17,Sérvia,Bélgica
5,17,Espanha,Bélgica
5,17,França,Bélgica
5,17,Croácia,Bélgica
5,17,Escócia,Bélgica
5,17,Hungria,Bélgica
5,17,Portugal,Bélgica
5,17,Suíça,Bélgica
5,17,República Tcheca,Bélgica
5,17,Dinamarca,Bélgica
5,17,Inglaterra,Bélgica
5,17,Itália,Bélgica
5,17,Geórgia,Bélgica
5,17,Alemanha,Bélgica
5,17,Albânia,Bélgica
5,17,Áustria,Bélgica
5,17,Ucrânia,Romênia
5,17,Polônia,Romênia
5,17,Eslováquia,Romênia
5,17,Turquia,Romênia
5,17,Sérvia,Romênia
5,17,Espanha,Romênia
5,17,França,Romênia
5,17,Croácia,Romênia
5,17,Escócia,Romênia
5,17,Hungria,Romênia
5,17,Portugal,Romênia
5,17,Suíça,Romênia
5,17,República Tcheca,Romênia
5,17,Dinamarca,Romênia
5,17,Inglaterra,Romênia
5,17,Itália,Romênia
5,17,Geórgia,Romênia
5,17,Alemanha,Romênia
5,17,Albânia,Romênia
5,17,Áustria,Romênia
5,17,Polônia,Ucrânia
5,17,Eslováquia,Ucrânia
5,17,Turquia,Ucrânia
5,17,Sérvia,Ucrânia
5,17,Espanha,Ucrânia
5,17,França,Ucrânia
5,17,Croácia,Ucrânia
5,17,Escócia,Ucrânia
5,17,Hungria,Ucrânia
5,17,Portugal,Ucrânia
5,17,Suíça,Ucrânia
5,17,República Tcheca,Ucrânia
5,17,Dinamarca,Ucrânia
5,17,Inglaterra,Ucrânia
5,17,Itália,Ucrânia
5,17,Geórgia,Ucrânia
5,17,Alemanha,Ucrânia
5,17,Albânia,Ucrânia
5,17,Áustria,Ucrânia
5,17,Eslováquia,Polônia
5,17,Turquia,Polônia
5,17,Sérvia,Polônia
5,17,Espanha,Polônia
5,17,França,Polônia
5,17,Croácia,Polônia
5,17,Escócia,Polônia
5,17,Hungria,Polônia
5,17,Portugal,Polônia
5,17,Suíça,Polônia
5,17,República Tcheca,Polônia
5,17,Dinamarca,Polônia
5,17,Inglaterra,Polônia
5,17,Itália,Polônia
5,17,Geórgia,Polônia
5,17,Alemanha,Polônia
5,17,Albânia,Polônia
5,17,Áustria,Polônia
5,17,Turquia,Eslováquia
5,17,Sérvia,Eslováquia
5,17,Espanha,Eslováquia
5,17,França,Eslováquia
5,17,Croácia,Eslováquia
5,17,Escócia,Eslováquia
5,17,Hungria,Eslováquia
5,17,Portugal,Eslováquia
5,17,Suíça,Eslováquia
5,17,República Tcheca,Eslováquia
5,17,Dinamarca,Eslováquia
5,17,Inglaterra,Eslováquia
5,17,Itália,Eslováquia
5,17,Geórgia,Eslováquia
5,17,Alemanha,Eslováquia
5,17,Albânia,Eslováquia
5,17,Áustria,Eslováquia
5,17,Sérvia,Turquia
5,17,Espanha,Turquia
5,17,França,Turquia
5,17,Croácia,Turquia
5,17,Escócia,Turquia
5,17,Hungria,Turquia
5,17,Portugal,Turquia
5,17,Suíça,Turquia
5,17,República Tcheca,Turquia
5,17,Dinamarca,Turquia
5,17,Inglaterra,Turquia
5,17,Itália,Turquia
5,17,Geórgia,Turquia
5,17,Alemanha,Turquia
5,17,Albânia,Turquia
5,17,Áustria,Turquia
5,17,Espanha,Sérvia
5,17,França,Sérvia
5,17,Croácia,Sérvia
5,17,Escócia,Sérvia
5,17,Hungria,Sérvia
5,17,Portugal,Sérvia
5,17,Suíça,Sérvia
5,17,República Tcheca,Sérvia
5,17,Dinamarca,Sérvia
5,17,Inglaterra,Sérvia
5,17,Itália,Sérvia
5,17,Geórgia,Sérvia
5,17,Alemanha,Sérvia
5,17,Albânia,Sérvia
5,17,Áustria,Sérvia
5,17,França,Espanha
5,17,Croácia,Espanha
5,17,Escócia,Espanha
5,17,Hungria,Espanha
5,17,Portugal,Espanha
5,17,Suíça,Espanha
5,17,República Tcheca,Espanha
5,17,Dinamarca,Espanha
5,17,Inglaterra,Espanha
5,17,Itália,Espanha
5,17,Geórgia,Espanha
5,17,Alemanha,Espanha
5,17,Albânia,Espanha
5,17,Áustria,Espanha
5,17,Croácia,França
5,17,Escócia,França
5,17,Hungria,França
5,17,Portugal,França
5,17,Suíça,França
5,17,República Tcheca,França
5,17,Dinamarca,França
5,17,Inglaterra,França
5,17,Itália,França
5,17,Geórgia,França
5,17,Alemanha,França
5,17,Albânia,França
5,17,Áustria,França
5,17,Escócia,Croácia
5,17,Hungria,Croácia
5,17,Portugal,Croácia
5,17,Suíça,Croácia
5,17,República Tcheca,Croácia
5,17,Dinamarca,Croácia
5,17,Inglaterra,Croácia
5,17,Itália,Croácia
5,17,Geórgia,Croácia
5,17,Alemanha,Croácia
5,17,Albânia,Croácia
5,17,Áustria,Croácia
5,17,Hungria,Escócia
5,17,Portugal,Escócia
5,17,Suíça,Escócia
5,17,República Tcheca,Escócia
5,17,Dinamarca,Escócia
5,17,Inglaterra,Escócia
5,17,Itália,Escócia
5,17,Geórgia,Escócia
5,17,Alemanha,Escócia
5,17,Albânia,Escócia
5,17,Áustria,Escócia
5,17,Portugal,Hungria
5,17,Suíça,Hungria
5,17,República Tcheca,Hungria
5,17,Dinamarca,Hungria
5,17,Inglaterra,Hungria
5,17,Itália,Hungria
5,17,Geórgia,Hungria
5,17,Alemanha,Hungria
5,17,Albânia,Hungria
5,17,Áustria,Hungria
5,17,Suíça,Portugal
5,17,República Tcheca,Portugal
5,17,Dinamarca,Portugal
5,17,Inglaterra,Portugal
5,17,Itália,Portugal
5,17,Geórgia,Portugal
5,17,Alemanha,Portugal
5,17,Albânia,Portugal
5,17,Áustria,Portugal
5,17,República Tcheca,Suíça
5,17,Dinamarca,Suíça
5,17,Inglaterra,Suíça
5,17,Itália,Suíça
5,17,Geórgia,Suíça
5,17,Alemanha,Suíça
5,17,Albânia,Suíça
5,17,Áustria,Suíça
5,17,Dinamarca,República Tcheca
5,17,Inglaterra,República Tcheca
5,17,Itália,República Tcheca
5,17,Geórgia,República Tcheca
5,17,Alemanha,República Tcheca
5,17,Albânia,República Tcheca
5,17,Áustria,República Tcheca
5,17,Inglaterra,Dinamarca
5,17,Itália,Dinamarca
5,17,Geórgia,Dinamarca
5,17,Alemanha,Dinamarca
5,17,Albânia,Dinamarca
5,17,Áustria,Dinamarca
5,17,Itália,Inglaterra
5,17,Geórgia,Inglaterra
5,17,Alemanha,Inglaterra
5,17,Albânia,Inglaterra
5,17,Áustria,Inglaterra
5,17,Geórgia,Itália
5,17,Alemanha,Itália
5,17,Albânia,Itália
5,17,Áustria,Itália
5,17,Alemanha,Geórgia
5,17,Albânia,Geórgia
5,17,Áustria,Geórgia
5,17,Albânia,Alemanha
5,17,Áustria,Alemanha
5,17,Áustria,Albânia
5,20,Eslovênia,Países Baixos
5,20,Bélgica,Países Baixos
5,20,Romênia,Países Baixos
5,20,Ucrânia,Países Baixos
5,20,Polônia,Países Baixos
5,20,Eslováquia,Países Baixos
5,20,Turquia,Países Baixos
5,20,Sérvia,Países Baixos
5,20,Espanha,Países Baixos
5,20,França,Países Baixos
5,20,Croácia,Países Baixos
5,20,Escócia,Países Baixos
5,20,Hungria,Países Baixos
5,20,Portugal,Países Baixos
5,20,Suíça,Países Baixos
5,20,República Tcheca,Países Baixos
5,20,Dinamarca,Países Baixos
5,20,Inglaterra,Países Baixos
5,20,Itália,Países Baixos
5,20,Geórgia,Países Baixos
5,20,Alemanha,Países Baixos
5,20,Albânia,Países Baixos
5,20,Áustria,Países Baixos
5,20,Bélgica,Eslovênia
5,20,Romênia,Eslovênia
5,20,Ucrânia,Eslovênia
5,20,Polônia,Eslovênia
5,20,Eslováquia,Eslovênia
5,20,Turquia,Eslovênia
5,20,Sérvia,Eslovênia
5,20,Espanha,Eslovênia
5,20,França,Eslovênia
5,20,Croácia,Eslovênia
5,20,Escócia,Eslovênia
5,20,Hungria,Eslovênia
5,20,Portugal,Eslovênia
5,20,Suíça,Eslovênia
5,20,República Tcheca,Eslovênia
5,20,Dinamarca,Eslovênia
5,20,Inglaterra,Eslovênia
5,20,Itália,Eslovênia
5,20,Geórgia,Eslovênia
5,20,Alemanha,Eslovênia
5,20,Albânia,Eslovênia
5,20,Áustria,Eslovênia
5,20,Romênia,Bélgica
5,20,Ucrânia,Bélgica
5,20,Polônia,Bélgica
5,20,Eslováquia,Bélgica
5,20,Turquia,Bélgica
5,20,Sérvia,Bélgica
5,20,Espanha,Bélgica
5,20,França,Bélgica
5,20,Croácia,Bélgica
5,20,Escócia,Bélgica
5,20,Hungria,Bélgica
5,20,Portugal,Bélgica
5,20,Suíça,Bélgica
5,20,República Tcheca,Bélgica
5,20,Dinamarca,Bélgica
5,20,Inglaterra,Bélgica
5,20,Itália,Bélgica
5,20,Geórgia,Bélgica
5,20,Alemanha,Bélgica
5,20,Albânia,Bélgica
5,20,Áustria,Bélgica
5,20,Ucrânia,Romênia
5,20,Polônia,Romênia
5,20,Eslováquia,Romênia
5,20,Turquia,Romênia
5,20,Sérvia,Romênia
5,20,Espanha,Romênia
5,20,França,Romênia
5,20,Croácia,Romênia
5,20,Escócia,Romênia
5,20,Hungria,Romênia
5,20,Portugal,Romênia
5,20,Suíça,Romênia
5,20,República Tcheca,Romênia
5,20,Dinamarca,Romênia
5,20,Inglaterra,Romênia
5,20,Itália,Romênia
5,20,Geórgia,Romênia
5,20,Alemanha,Romênia
5,20,Albânia,Romênia
5,20,Áustria,Romênia
5,20,Polônia,Ucrânia
5,20,Eslováquia,Ucrânia
5,20,Turquia,Ucrânia
5,20,Sérvia,Ucrânia
5,20,Espanha,Ucrânia
5,20,França,Ucrânia
5,20,Croácia,Ucrânia
5,20,Escócia,Ucrânia
5,20,Hungria,Ucrânia
5,20,Portugal,Ucrânia
5,20,Suíça,Ucrânia
5,20,República Tcheca,Ucrânia
5,20,Dinamarca,Ucrânia
5,20,Inglaterra,Ucrânia
5,20,Itália,Ucrânia
5,20,Geórgia,Ucrânia
5,20,Alemanha,Ucrânia
5,20,Albânia,Ucrânia
5,20,Áustria,Ucrânia
5,20,Eslováquia,Polônia
5,20,Turquia,Polônia
5,20,Sérvia,Polônia
5,20,Espanha,Polônia
5,20,França,Polônia
5,20,Croácia,Polônia
5,20,Escócia,Polônia
5,20,Hungria,Polônia
5,20,Portugal,Polônia
5,20,Suíça,Polônia
5,20,República Tcheca,Polônia
5,20,Dinamarca,Polônia
5,20,Inglaterra,Polônia
5,20,Itália,Polônia
5,20,Geórgia,Polônia
5,20,Alemanha,Polônia
5,20,Albânia,Polônia
5,20,Áustria,Polônia
5,20,Turquia,Eslováquia
5,20,Sérvia,Eslováquia
5,20,Espanha,Eslováquia
5,20,França,Eslováquia
5,20,Croácia,Eslováquia
5,20,Escócia,Eslováquia
5,20,Hungria,Eslováquia
5,20,Portugal,Eslováquia
5,20,Suíça,Eslováquia
5,20,República Tcheca,Eslováquia
5,20,Dinamarca,Eslováquia
5,20,Inglaterra,Eslováquia
5,20,Itália,Eslováquia
5,20,Geórgia,Eslováquia
5,20,Alemanha,Eslováquia
5,20,Albânia,Eslováquia
5,20,Áustria,Eslováquia
5,20,Sérvia,Turquia
5,20,Espanha,Turquia
5,20,França,Turquia
5,20,Croácia,Turquia
5,20,Escócia,Turquia
5,20,Hungria,Turquia
5,20,Portugal,Turquia
5,20,Suíça,Turquia
5,20,República Tcheca,Turquia
5,20,Dinamarca,Turquia
5,20,Inglaterra,Turquia
5,20,Itália,Turquia
5,20,Geórgia,Turquia
5,20,Alemanha,Turquia
5,20,Albânia,Turquia
5,20,Áustria,Turquia
5,20,Espanha,Sérvia
5,20,França,Sérvia
5,20,Croácia,Sérvia
5,20,Escócia,Sérvia
5,20,Hungria,Sérvia
5,20,Portugal,Sérvia
5,20,Suíça,Sérvia
5,20,República Tcheca,Sérvia
5,20,Dinamarca,Sérvia
5,20,Inglaterra,Sérvia
5,20,Itália,Sérvia
5,20,Geórgia,Sérvia
5,20,Alemanha,Sérvia
5,20,Albânia,Sérvia
5,20,Áustria,Sérvia
5,20,França,Espanha
5,20,Croácia,Espanha
5,20,Escócia,Espanha
5,20,Hungria,Espanha
5,20,Portugal,Espanha
5,20,Suíça,Espanha
5,20,República Tcheca,Espanha
5,20,Dinamarca,Espanha
5,20,Inglaterra,Espanha
5,20,Itália,Espanha
5,20,Geórgia,Espanha
5,20,Alemanha,Espanha
5,20,Albânia,Espanha
5,20,Áustria,Espanha
5,20,Croácia,França
5,20,Escócia,França
5,20,Hungria,França
5,20,Portugal,França
5,20,Suíça,França
5,20,República Tcheca,França
5,20,Dinamarca,França
5,20,Inglaterra,França
5,20,Itália,França
5,20,Geórgia,França
5,20,Alemanha,França
5,20,Albânia,França
5,20,Áustria,França
5,20,Escócia,Croácia
5,20,Hungria,Croácia
5,20,Portugal,Croácia
5,20,Suíça,Croácia
5,20,República Tcheca,Croácia
5,20,Dinamarca,Croácia
5,20,Inglaterra,Croácia
5,20,Itália,Croácia
5,20,Geórgia,Croácia
5,20,Alemanha,Croácia
5,20,Albânia,Croácia
5,20,Áustria,Croácia
5,20,Hungria,Escócia
5,20,Portugal,Escócia
5,20,Suíça,Escócia
5,20,República Tcheca,Escócia
5,20,Dinamarca,Escócia
5,20,Inglaterra,Escócia
5,20,Itália,Escócia
5,20,Geórgia,Escócia
5,20,Alemanha,Escócia
5,20,Albânia,Escócia
5,20,Áustria,Escócia
5,20,Portugal,Hungria
5,20,Suíça,Hungria
5,20,República Tcheca,Hungria
5,20,Dinamarca,Hungria
5,20,Inglaterra,Hungria
5,20,Itália,Hungria
5,20,Geórgia,Hungria
5,20,Alemanha,Hungria
5,20,Albânia,Hungria
5,20,Áustria,Hungria
5,20,Suíça,Portugal
5,20,República Tcheca,Portugal
5,20,Dinamarca,Portugal
5,20,Inglaterra,Portugal
5,20,Itália,Portugal
5,20,Geórgia,Portugal
5,20,Alemanha,Portugal
5,20,Albânia,Portugal
5,20,Áustria,Portugal
5,20,República Tcheca,Suíça
5,20,Dinamarca,Suíça
5,20,Inglaterra,Suíça
5,20,Itália,Suíça
5,20,Geórgia,Suíça
5,20,Alemanha,Suíça
5,20,Albânia,Suíça
5,20,Áustria,Suíça
5,20,Dinamarca,República Tcheca
5,20,Inglaterra,República Tcheca
5,20,Itália,República Tcheca
5,20,Geórgia,República Tcheca
5,20,Alemanha,República Tcheca
5,20,Albânia,República Tcheca
5,20,Áustria,República Tcheca
5,20,Inglaterra,Dinamarca
5,20,Itália,Dinamarca
5,20,Geórgia,Dinamarca
5,20,Alemanha,Dinamarca
5,20,Albânia,Dinamarca
5,20,Áustria,Dinamarca
5,20,Itália,Inglaterra
5,20,Geórgia,Inglaterra
5,20,Alemanha,Inglaterra
5,20,Albânia,Inglaterra
5,20,Áustria,Inglaterra
5,20,Geórgia,Itália
5,20,Alemanha,Itália
5,20,Albânia,Itália
5,20,Áustria,Itália
5,20,Alemanha,Geórgia
5,20,Albânia,Geórgia
5,20,Áustria,Geórgia
5,20,Albânia,Alemanha
5,20,Áustria,Alemanha
5,20,Áustria,Albânia
5,23,Eslovênia,Países Baixos
5,23,Bélgica,Países Baixos
5,23,Romênia,Países Baixos
5,23,Ucrânia,Países Baixos
5,23,Polônia,Países Baixos
5,23,Eslováquia,Países Baixos
5,23,Turquia,Países Baixos
5,23,Sérvia,Países Baixos
5,23,Espanha,Países Baixos
5,23,França,Países Baixos
5,23,Croácia,Países Baixos
5,23,Escócia,Países Baixos
5,23,Hungria,Países Baixos
5,23,Portugal,Países Baixos
5,23,Suíça,Países Baixos
5,23,República Tcheca,Países Baixos
5,23,Dinamarca,Países Baixos
5,23,Inglaterra,Países Baixos
5,23,Itália,Países Baixos
5,23,Geórgia,Países Baixos
5,23,Alemanha,Países Baixos
5,23,Albânia,Países Baixos
5,23,Áustria,Países Baixos
5,23,Bélgica,Eslovênia
5,23,Romênia,Eslovênia
5,23,Ucrânia,Eslovênia
5,23,Polônia,Eslovênia
5,23,Eslováquia,Eslovênia
5,23,Turquia,Eslovênia
5,23,Sérvia,Eslovênia
5,23,Espanha,Eslovênia
5,23,França,Eslovênia
5,23,Croácia,Eslovênia
5,23,Escócia,Eslovênia
5,23,Hungria,Eslovênia
5,23,Portugal,Eslovênia
5,23,Suíça,Eslovênia
5,23,República Tcheca,Eslovênia
5,23,Dinamarca,Eslovênia
5,23,Inglaterra,Eslovênia
5,23,Itália,Eslovênia
5,23,Geórgia,Eslovênia
5,23,Alemanha,Eslovênia
5,23,Albânia,Eslovênia
5,23,Áustria,Eslovênia
5,23,Romênia,Bélgica
5,23,Ucrânia,Bélgica
5,23,Polônia,Bélgica
5,23,Eslováquia,Bélgica
5,23,Turquia,Bélgica
5,23,Sérvia,Bélgica
5,23,Espanha,Bélgica
5,23,França,Bélgica
5,23,Croácia,Bélgica
5,23,Escócia,Bélgica
5,23,Hungria,Bélgica
5,23,Portugal,Bélgica
5,23,Suíça,Bélgica
5,23,República Tcheca,Bélgica
5,23,Dinamarca,Bélgica
5,23,Inglaterra,Bélgica
5,23,Itália,Bélgica
5,23,Geórgia,Bélgica
5,23,Alemanha,Bélgica
5,23,Albânia,Bélgica
5,23,Áustria,Bélgica
5,23,Ucrânia,Romênia
5,23,Polônia,Romênia
5,23,Eslováquia,Romênia
5,23,Turquia,Romênia
5,23,Sérvia,Romênia
5,23,Espanha,Romênia
5,23,França,Romênia
5,23,Croácia,Romênia
5,23,Escócia,Romênia
5,23,Hungria,Romênia
5,23,Portugal,Romênia
5,23,Suíça,Romênia
5,23,República Tcheca,Romênia
5,23,Dinamarca,Romênia
5,23,Inglaterra,Romênia
5,23,Itália,Romênia
5,23,Geórgia,Romênia
5,23,Alemanha,Romênia
5,23,Albânia,Romênia
5,23,Áustria,Romênia
5,23,Polônia,Ucrânia
5,23,Eslováquia,Ucrânia
5,23,Turquia,Ucrânia
5,23,Sérvia,Ucrânia
5,23,Espanha,Ucrânia
5,23,França,Ucrânia
5,23,Croácia,Ucrânia
5,23,Escócia,Ucrânia
5,23,Hungria,Ucrânia
5,23,Portugal,Ucrânia
5,23,Suíça,Ucrânia
5,23,República Tcheca,Ucrânia
5,23,Dinamarca,Ucrânia
5,23,Inglaterra,Ucrânia
5,23,Itália,Ucrânia
5,23,Geórgia,Ucrânia
5,23,Alemanha,Ucrânia
5,23,Albânia,Ucrânia
5,23,Áustria,Ucrânia
5,23,Eslováquia,Polônia
5,23,Turquia,Polônia
5,23,Sérvia,Polônia
5,23,Espanha,Polônia
5,23,França,Polônia
5,23,Croácia,Polônia
5,23,Escócia,Polônia
5,23,Hungria,Polônia
5,23,Portugal,Polônia
5,23,Suíça,Polônia
5,23,República Tcheca,Polônia
5,23,Dinamarca,Polônia
5,23,Inglaterra,Polônia
5,23,Itália,Polônia
5,23,Geórgia,Polônia
5,23,Alemanha,Polônia
5,23,Albânia,Polônia
5,23,Áustria,Polônia
5,23,Turquia,Eslováquia
5,23,Sérvia,Eslováquia
5,23,Espanha,Eslováquia
5,23,França,Eslováquia
5,23,Croácia,Eslováquia
5,23,Escócia,Eslováquia
5,23,Hungria,Eslováquia
5,23,Portugal,Eslováquia
5,23,Suíça,Eslováquia
5,23,República Tcheca,Eslováquia
5,23,Dinamarca,Eslováquia
5,23,Inglaterra,Eslováquia
5,23,Itália,Eslováquia
5,23,Geórgia,Eslováquia
5,23,Alemanha,Eslováquia
5,23,Albânia,Eslováquia
5,23,Áustria,Eslováquia
5,23,Sérvia,Turquia
5,23,Espanha,Turquia
5,23,França,Turquia
5,23,Croácia,Turquia
5,23,Escócia,Turquia
5,23,Hungria,Turquia
5,23,Portugal,Turquia
5,23,Suíça,Turquia
5,23,República Tcheca,Turquia
5,23,Dinamarca,Turquia
5,23,Inglaterra,Turquia
5,23,Itália,Turquia
5,23,Geórgia,Turquia
5,23,Alemanha,Turquia
5,23,Albânia,Turquia
5,23,Áustria,Turquia
5,23,Espanha,Sérvia
5,23,França,Sérvia
5,23,Croácia,Sérvia
5,23,Escócia,Sérvia
5,23,Hungria,Sérvia
5,23,Portugal,Sérvia
5,23,Suíça,Sérvia
5,23,República Tcheca,Sérvia
5,23,Dinamarca,Sérvia
5,23,Inglaterra,Sérvia
5,23,Itália,Sérvia
5,23,Geórgia,Sérvia
5,23,Alemanha,Sérvia
5,23,Albânia,Sérvia
5,23,Áustria,Sérvia
5,23,França,Espanha
5,23,Croácia,Espanha
5,23,Escócia,Espanha
5,23,Hungria,Espanha
5,23,Portugal,Espanha
5,23,Suíça,Espanha
5,23,República Tcheca,Espanha
5,23,Dinamarca,Espanha
5,23,Inglaterra,Espanha
5,23,Itália,Espanha
5,23,Geórgia,Espanha
5,23,Alemanha,Espanha
5,23,Albânia,Espanha
5,23,Áustria,Espanha
5,23,Croácia,França
5,23,Escócia,França
5,23,Hungria,França
5,23,Portugal,França
5,23,Suíça,França
5,23,República Tcheca,França
5,23,Dinamarca,França
5,23,Inglaterra,França
5,23,Itália,França
5,23,Geórgia,França
5,23,Alemanha,França
5,23,Albânia,França
5,23,Áustria,França
5,23,Escócia,Croácia
5,23,Hungria,Croácia
5,23,Portugal,Croácia
5,23,Suíça,Croácia
5,23,República Tcheca,Croácia
5,23,Dinamarca,Croácia
5,23,Inglaterra,Croácia
5,23,Itália,Croácia
5,23,Geórgia,Croácia
5,23,Alemanha,Croácia
5,23,Albânia,Croácia
5,23,Áustria,Croácia
5,23,Hungria,Escócia
5,23,Portugal,Escócia
5,23,Suíça,Escócia
5,23,República Tcheca,Escócia
5,23,Dinamarca,Escócia
5,23,Inglaterra,Escócia
5,23,Itália,Escócia
5,23,Geórgia,Escócia
5,23,Alemanha,Escócia
5,23,Albânia,Escócia
5,23,Áustria,Escócia
5,23,Portugal,Hungria
5,23,Suíça,Hungria
5,23,República Tcheca,Hungria
5,23,Dinamarca,Hungria
5,23,Inglaterra,Hungria
5,23,Itália,Hungria
5,23,Geórgia,Hungria
5,23,Alemanha,Hungria
5,23,Albânia,Hungria
5,23,Áustria,Hungria
5,23,Suíça,Portugal
5,23,República Tcheca,Portugal
5,23,Dinamarca,Portugal
5,23,Inglaterra,Portugal
5,23,Itália,Portugal
5,23,Geórgia,Portugal
5,23,Alemanha,Portugal
5,23,Albânia,Portugal
5,23,Áustria,Portugal
5,23,República Tcheca,Suíça
5,23,Dinamarca,Suíça
5,23,Inglaterra,Suíça
5,23,Itália,Suíça
5,23,Geórgia,Suíça
5,23,Alemanha,Suíça
5,23,Albânia,Suíça
5,23,Áustria,Suíça
5,23,Dinamarca,República Tcheca
5,23,Inglaterra,República Tcheca
5,23,Itália,República Tcheca
5,23,Geórgia,República Tcheca
5,23,Alemanha,República Tcheca
5,23,Albânia,República Tcheca
5,23,Áustria,República Tcheca
5,23,Inglaterra,Dinamarca
5,23,Itália,Dinamarca
5,23,Geórgia,Dinamarca
5,23,Alemanha,Dinamarca
5,23,Albânia,Dinamarca
5,23,Áustria,Dinamarca
5,23,Itália,Inglaterra
5,23,Geórgia,Inglaterra
5,23,Alemanha,Inglaterra
5,23,Albânia,Inglaterra
5,23,Áustria,Inglaterra
5,23,Geórgia,Itália
5,23,Alemanha,Itália
5,23,Albânia,Itália
5,23,Áustria,Itália
5,23,Alemanha,Geórgia
5,23,Albânia,Geórgia
5,23,Áustria,Geórgia
5,23,Albânia,Alemanha
5,23,Áustria,Alemanha
5,23,Áustria,Albânia
5,26,Eslovênia,Países Baixos
5,26,Bélgica,Países Baixos
5,26,Romênia,Países Baixos
5,26,Ucrânia,Países Baixos
5,26,Polônia,Países Baixos
5,26,Eslováquia,Países Baixos
5,26,Turquia,Países Baixos
5,26,Sérvia,Países Baixos
5,26,Espanha,Países Baixos
5,26,França,Países Baixos
5,26,Croácia,Países Baixos
5,26,Escócia,Países Baixos
5,26,Hungria,Países Baixos
5,26,Portugal,Países Baixos
5,26,Suíça,Países Baixos
5,26,República Tcheca,Países Baixos
5,26,Dinamarca,Países Baixos
5,26,Inglaterra,Países Baixos
5,26,Itália,Países Baixos
5,26,Geórgia,Países Baixos
5,26,Alemanha,Países Baixos
5,26,Albânia,Países Baixos
5,26,Áustria,Países Baixos
5,26,Bélgica,Eslovênia
5,26,Romênia,Eslovênia
5,26,Ucrânia,Eslovênia
5,26,Polônia,Eslovênia
5,26,Eslováquia,Eslovênia
5,26,Turquia,Eslovênia
5,26,Sérvia,Eslovênia
5,26,Espanha,Eslovênia
5,26,França,Eslovênia
5,26,Croácia,Eslovênia
5,26,Escócia,Eslovênia
5,26,Hungria,Eslovênia
5,26,Portugal,Eslovênia
5,26,Suíça,Eslovênia
5,26,República Tcheca,Eslovênia
5,26,Dinamarca,Eslovênia
5,26,Inglaterra,Eslovênia
5,26,Itália,Eslovênia
5,26,Geórgia,Eslovênia
5,26,Alemanha,Eslovênia
5,26,Albânia,Eslovênia
5,26,Áustria,Eslovênia
5,26,Romênia,Bélgica
5,26,Ucrânia,Bélgica
5,26,Polônia,Bélgica
5,26,Eslováquia,Bélgica
5,26,Turquia,Bélgica
5,26,Sérvia,Bélgica
5,26,Espanha,Bélgica
5,26,França,Bélgica
5,26,Croácia,Bélgica
5,26,Escócia,Bélgica
5,26,Hungria,Bélgica
5,26,Portugal,Bélgica
5,26,Suíça,Bélgica
5,26,República Tcheca,Bélgica
5,26,Dinamarca,Bélgica
5,26,Inglaterra,Bélgica
5,26,Itália,Bélgica
5,26,Geórgia,Bélgica
5,26,Alemanha,Bélgica
5,26,Albânia,Bélgica
5,26,Áustria,Bélgica
5,26,Ucrânia,Romênia
5,26,Polônia,Romênia
5,26,Eslováquia,Romênia
5,26,Turquia,Romênia
5,26,Sérvia,Romênia
5,26,Espanha,Romênia
5,26,França,Romênia
5,26,Croácia,Romênia
5,26,Escócia,Romênia
5,26,Hungria,Romênia
5,26,Portugal,Romênia
5,26,Suíça,Romênia
5,26,República Tcheca,Romênia
5,26,Dinamarca,Romênia
5,26,Inglaterra,Romênia
5,26,Itália,Romênia
5,26,Geórgia,Romênia
5,26,Alemanha,Romênia
5,26,Albânia,Romênia
5,26,Áustria,Romênia
5,26,Polônia,Ucrânia
5,26,Eslováquia,Ucrânia
5,26,Turquia,Ucrânia
5,26,Sérvia,Ucrânia
5,26,Espanha,Ucrânia
5,26,França,Ucrânia
5,26,Croácia,Ucrânia
5,26,Escócia,Ucrânia
5,26,Hungria,Ucrânia
5,26,Portugal,Ucrânia
5,26,Suíça,Ucrânia
5,26,República Tcheca,Ucrânia
5,26,Dinamarca,Ucrânia
5,26,Inglaterra,Ucrânia
5,26,Itália,Ucrânia
5,26,Geórgia,Ucrânia
5,26,Alemanha,Ucrânia
5,26,Albânia,Ucrânia
5,26,Áustria,Ucrânia
5,26,Eslováquia,Polônia
5,26,Turquia,Polônia
5,26,Sérvia,Polônia
5,26,Espanha,Polônia
5,26,França,Polônia
5,26,Croácia,Polônia
5,26,Escócia,Polônia
5,26,Hungria,Polônia
5,26,Portugal,Polônia
5,26,Suíça,Polônia
5,26,República Tcheca,Polônia
5,26,Dinamarca,Polônia
5,26,Inglaterra,Polônia
5,26,Itália,Polônia
5,26,Geórgia,Polônia
5,26,Alemanha,Polônia
5,26,Albânia,Polônia
5,26,Áustria,Polônia
5,26,Turquia,Eslováquia
5,26,Sérvia,Eslováquia
5,26,Espanha,Eslováquia
5,26,França,Eslováquia
5,26,Croácia,Eslováquia
5,26,Escócia,Eslováquia
5,26,Hungria,Eslováquia
5,26,Portugal,Eslováquia
5,26,Suíça,Eslováquia
5,26,República Tcheca,Eslováquia
5,26,Dinamarca,Eslováquia
5,26,Inglaterra,Eslováquia
5,26,Itália,Eslováquia
5,26,Geórgia,Eslováquia
5,26,Alemanha,Eslováquia
5,26,Albânia,Eslováquia
5,26,Áustria,Eslováquia
5,26,Sérvia,Turquia
5,26,Espanha,Turquia
5,26,França,Turquia
5,26,Croácia,Turquia
5,26,Escócia,Turquia
5,26,Hungria,Turquia
5,26,Portugal,Turquia
5,26,Suíça,Turquia
5,26,República Tcheca,Turquia
5,26,Dinamarca,Turquia
5,26,Inglaterra,Turquia
5,26,Itália,Turquia
5,26,Geórgia,Turquia
5,26,Alemanha,Turquia
5,26,Albânia,Turquia
5,26,Áustria,Turquia
5,26,Espanha,Sérvia
5,26,França,Sérvia
5,26,Croácia,Sérvia
5,26,Escócia,Sérvia
5,26,Hungria,Sérvia
5,26,Portugal,Sérvia
5,26,Suíça,Sérvia
5,26,República Tcheca,Sérvia
5,26,Dinamarca,Sérvia
5,26,Inglaterra,Sérvia
5,26,Itália,Sérvia
5,26,Geórgia,Sérvia
5,26,Alemanha,Sérvia
5,26,Albânia,Sérvia
5,26,Áustria,Sérvia
5,26,França,Espanha
5,26,Croácia,Espanha
5,26,Escócia,Espanha
5,26,Hungria,Espanha
5,26,Portugal,Espanha
5,26,Suíça,Espanha
5,26,República Tcheca,Espanha
5,26,Dinamarca,Espanha
5,26,Inglaterra,Espanha
5,26,Itália,Espanha
5,26,Geórgia,Espanha
5,26,Alemanha,Espanha
5,26,Albânia,Espanha
5,26,Áustria,Espanha
5,26,Croácia,França
5,26,Escócia,França
5,26,Hungria,França
5,26,Portugal,França
5,26,Suíça,França
5,26,República Tcheca,França
5,26,Dinamarca,França
5,26,Inglaterra,França
5,26,Itália,França
5,26,Geórgia,França
5,26,Alemanha,França
5,26,Albânia,França
5,26,Áustria,França
5,26,Escócia,Croácia
5,26,Hungria,Croácia
5,26,Portugal,Croácia
5,26,Suíça,Croácia
5,26,República Tcheca,Croácia
5,26,Dinamarca,Croácia
5,26,Inglaterra,Croácia
5,26,Itália,Croácia
5,26,Geórgia,Croácia
5,26,Alemanha,Croácia
5,26,Albânia,Croácia
5,26,Áustria,Croácia
5,26,Hungria,Escócia
5,26,Portugal,Escócia
5,26,Suíça,Escócia
5,26,República Tcheca,Escócia
5,26,Dinamarca,Escócia
5,26,Inglaterra,Escócia
5,26,Itália,Escócia
5,26,Geórgia,Escócia
5,26,Alemanha,Escócia
5,26,Albânia,Escócia
5,26,Áustria,Escócia
5,26,Portugal,Hungria
5,26,Suíça,Hungria
5,26,República Tcheca,Hungria
5,26,Dinamarca,Hungria
5,26,Inglaterra,Hungria
5,26,Itália,Hungria
5,26,Geórgia,Hungria
5,26,Alemanha,Hungria
5,26,Albânia,Hungria
5,26,Áustria,Hungria
5,26,Suíça,Portugal
5,26,República Tcheca,Portugal
5,26,Dinamarca,Portugal
5,26,Inglaterra,Portugal
5,26,Itália,Portugal
5,26,Geórgia,Portugal
5,26,Alemanha,Portugal
5,26,Albânia,Portugal
5,26,Áustria,Portugal
5,26,República Tcheca,Suíça
5,26,Dinamarca,Suíça
5,26,Inglaterra,Suíça
5,26,Itália,Suíça
5,26,Geórgia,Suíça
5,26,Alemanha,Suíça
5,26,Albânia,Suíça
5,26,Áustria,Suíça
5,26,Dinamarca,República Tcheca
5,26,Inglaterra,República Tcheca
5,26,Itália,República Tcheca
5,26,Geórgia,República Tcheca
5,26,Alemanha,República Tcheca
5,26,Albânia,República Tcheca
5,26,Áustria,República Tcheca
5,26,Inglaterra,Dinamarca
5,26,Itália,Dinamarca
5,26,Geórgia,Dinamarca
5,26,Alemanha,Dinamarca
5,26,Albânia,Dinamarca
5,26,Áustria,Dinamarca
5,26,Itália,Inglaterra
5,26,Geórgia,Inglaterra
5,26,Alemanha,Inglaterra
5,26,Albânia,Inglaterra
5,26,Áustria,Inglaterra
5,26,Geórgia,Itália
5,26,Alemanha,Itália
5,26,Albânia,Itália
5,26,Áustria,Itália
5,26,Alemanha,Geórgia
5,26,Albânia,Geórgia
5,26,Áustria,Geórgia
5,26,Albânia,Alemanha
5,26,Áustria,Alemanha
5,26,Áustria,Albânia
5,29,Eslovênia,Países Baixos
5,29,Bélgica,Países Baixos
5,29,Romênia,Países Baixos
5,29,Ucrânia,Países Baixos
5,29,Polônia,Países Baixos
5,29,Eslováquia,Países Baixos
5,29,Turquia,Países Baixos
5,29,Sérvia,Países Baixos
5,29,Espanha,Países Baixos
5,29,França,Países Baixos
5,29,Croácia,Países Baixos
5,29,Escócia,Países Baixos
5,29,Hungria,Países Baixos
5,29,Portugal,Países Baixos
5,29,Suíça,Países Baixos
5,29,República Tcheca,Países Baixos
5,29,Dinamarca,Países Baixos
5,29,Inglaterra,Países Baixos
5,29,Itália,Países Baixos
5,29,Geórgia,Países Baixos
5,29,Alemanha,Países Baixos
5,29,Albânia,Países Baixos
5,29,Áustria,Países Baixos
5,29,Bélgica,Eslovênia
5,29,Romênia,Eslovênia
5,29,Ucrânia,Eslovênia
5,29,Polônia,Eslovênia
5,29,Eslováquia,Eslovênia
5,29,Turquia,Eslovênia
5,29,Sérvia,Eslovênia
5,29,Espanha,Eslovênia
5,29,França,Eslovênia
5,29,Croácia,Eslovênia
5,29,Escócia,Eslovênia
5,29,Hungria,Eslovênia
5,29,Portugal,Eslovênia
5,29,Suíça,Eslovênia
5,29,República Tcheca,Eslovênia
5,29,Dinamarca,Eslovênia
5,29,Inglaterra,Eslovênia
5,29,Itália,Eslovênia
5,29,Geórgia,Eslovênia
5,29,Alemanha,Eslovênia
5,29,Albânia,Eslovênia
5,29,Áustria,Eslovênia
5,29,Romênia,Bélgica
5,29,Ucrânia,Bélgica
5,29,Polônia,Bélgica
5,29,Eslováquia,Bélgica
5,29,Turquia,Bélgica
5,29,Sérvia,Bélgica
5,29,Espanha,Bélgica
5,29,França,Bélgica
5,29,Croácia,Bélgica
5,29,Escócia,Bélgica
5,29,Hungria,Bélgica
5,29,Portugal,Bélgica
5,29,Suíça,Bélgica
5,29,República Tcheca,Bélgica
5,29,Dinamarca,Bélgica
5,29,Inglaterra,Bélgica
5,29,Itália,Bélgica
5,29,Geórgia,Bélgica
5,29,Alemanha,Bélgica
5,29,Albânia,Bélgica
5,29,Áustria,Bélgica
5,29,Ucrânia,Romênia
5,29,Polônia,Romênia
5,29,Eslováquia,Romênia
5,29,Turquia,Romênia
5,29,Sérvia,Romênia
5,29,Espanha,Romênia
5,29,França,Romênia
5,29,Croácia,Romênia
5,29,Escócia,Romênia
5,29,Hungria,Romênia
5,29,Portugal,Romênia
5,29,Suíça,Romênia
5,29,República Tcheca,Romênia
5,29,Dinamarca,Romênia
5,29,Inglaterra,Romênia
5,29,Itália,Romênia
5,29,Geórgia,Romênia
5,29,Alemanha,Romênia
5,29,Albânia,Romênia
5,29,Áustria,Romênia
5,29,Polônia,Ucrânia
5,29,Eslováquia,Ucrânia
5,29,Turquia,Ucrânia
5,29,Sérvia,Ucrânia
5,29,Espanha,Ucrânia
5,29,França,Ucrânia
5,29,Croácia,Ucrânia
5,29,Escócia,Ucrânia
5,29,Hungria,Ucrânia
5,29,Portugal,Ucrânia
5,29,Suíça,Ucrânia
5,29,República Tcheca,Ucrânia
5,29,Dinamarca,Ucrânia
5,29,Inglaterra,Ucrânia
5,29,Itália,Ucrânia
5,29,Geórgia,Ucrânia
5,29,Alemanha,Ucrânia
5,29,Albânia,Ucrânia
5,29,Áustria,Ucrânia
5,29,Eslováquia,Polônia
5,29,Turquia,Polônia
5,29,Sérvia,Polônia
5,29,Espanha,Polônia
5,29,França,Polônia
5,29,Croácia,Polônia
5,29,Escócia,Polônia
5,29,Hungria,Polônia
5,29,Portugal,Polônia
5,29,Suíça,Polônia
5,29,República Tcheca,Polônia
5,29,Dinamarca,Polônia
5,29,Inglaterra,Polônia
5,29,Itália,Polônia
5,29,Geórgia,Polônia
5,29,Alemanha,Polônia
5,29,Albânia,Polônia
5,29,Áustria,Polônia
5,29,Turquia,Eslováquia
5,29,Sérvia,Eslováquia
5,29,Espanha,Eslováquia
5,29,França,Eslováquia
5,29,Croácia,Eslováquia
5,29,Escócia,Eslováquia
5,29,Hungria,Eslováquia
5,29,Portugal,Eslováquia
5,29,Suíça,Eslováquia
5,29,República Tcheca,Eslováquia
5,29,Dinamarca,Eslováquia
5,29,Inglaterra,Eslováquia
5,29,Itália,Eslováquia
5,29,Geórgia,Eslováquia
5,29,Alemanha,Eslováquia
5,29,Albânia,Eslováquia
5,29,Áustria,Eslováquia
5,29,Sérvia,Turquia
5,29,Espanha,Turquia
5,29,França,Turquia
5,29,Croácia,Turquia
5,29,Escócia,Turquia
5,29,Hungria,Turquia
5,29,Portugal,Turquia
5,29,Suíça,Turquia
5,29,República Tcheca,Turquia
5,29,Dinamarca,Turquia
5,29,Inglaterra,Turquia
5,29,Itália,Turquia
5,29,Geórgia,Turquia
5,29,Alemanha,Turquia
5,29,Albânia,Turquia
5,29,Áustria,Turquia
5,29,Espanha,Sérvia
5,29,França,Sérvia
5,29,Croácia,Sérvia
5,29,Escócia,Sérvia
5,29,Hungria,Sérvia
5,29,Portugal,Sérvia
5,29,Suíça,Sérvia
5,29,República Tcheca,Sérvia
5,29,Dinamarca,Sérvia
5,29,Inglaterra,Sérvia
5,29,Itália,Sérvia
5,29,Geórgia,Sérvia
5,29,Alemanha,Sérvia
5,29,Albânia,Sérvia
5,29,Áustria,Sérvia
5,29,França,Espanha
5,29,Croácia,Espanha
5,29,Escócia,Espanha
5,29,Hungria,Espanha
5,29,Portugal,Espanha
5,29,Suíça,Espanha
5,29,República Tcheca,Espanha
5,29,Dinamarca,Espanha
5,29,Inglaterra,Espanha
5,29,Itália,Espanha
5,29,Geórgia,Espanha
5,29,Alemanha,Espanha
5,29,Albânia,Espanha
5,29,Áustria,Espanha
5,29,Croácia,França
5,29,Escócia,França
5,29,Hungria,França
5,29,Portugal,França
5,29,Suíça,França
5,29,República Tcheca,França
5,29,Dinamarca,França
5,29,Inglaterra,França
5,29,Itália,França
5,29,Geórgia,França
5,29,Alemanha,França
5,29,Albânia,França
5,29,Áustria,França
5,29,Escócia,Croácia
5,29,Hungria,Croácia
5,29,Portugal,Croácia
5,29,Suíça,Croácia
5,29,República Tcheca,Croácia
5,29,Dinamarca,Croácia
5,29,Inglaterra,Croácia
5,29,Itália,Croácia
5,29,Geórgia,Croácia
5,29,Alemanha,Croácia
5,29,Albânia,Croácia
5,29,Áustria,Croácia
5,29,Hungria,Escócia
5,29,Portugal,Escócia
5,29,Suíça,Escócia
5,29,República Tcheca,Escócia
5,29,Dinamarca,Escócia
5,29,Inglaterra,Escócia
5,29,Itália,Escócia
5,29,Geórgia,Escócia
5,29,Alemanha,Escócia
5,29,Albânia,Escócia
5,29,Áustria,Escócia
5,29,Portugal,Hungria
5,29,Suíça,Hungria
5,29,República Tcheca,Hungria
5,29,Dinamarca,Hungria
5,29,Inglaterra,Hungria
5,29,Itália,Hungria
5,29,Geórgia,Hungria
5,29,Alemanha,Hungria
5,29,Albânia,Hungria
5,29,Áustria,Hungria
5,29,Suíça,Portugal
5,29,República Tcheca,Portugal
5,29,Dinamarca,Portugal
5,29,Inglaterra,Portugal
5,29,Itália,Portugal
5,29,Geórgia,Portugal
5,29,Alemanha,Portugal
5,29,Albânia,Portugal
5,29,Áustria,Portugal
5,29,República Tcheca,Suíça
5,29,Dinamarca,Suíça
5,29,Inglaterra,Suíça
5,29,Itália,Suíça
5,29,Geórgia,Suíça
5,29,Alemanha,Suíça
5,29,Albânia,Suíça
5,29,Áustria,Suíça
5,29,Dinamarca,República Tcheca
5,29,Inglaterra,República Tcheca
5,29,Itália,República Tcheca
5,29,Geórgia,República Tcheca
5,29,Alemanha,República Tcheca
5,29,Albânia,República Tcheca
5,29,Áustria,República Tcheca
5,29,Inglaterra,Dinamarca
5,29,Itália,Dinamarca
5,29,Geórgia,Dinamarca
5,29,Alemanha,Dinamarca
5,29,Albânia,Dinamarca
5,29,Áustria,Dinamarca
5,29,Itália,Inglaterra
5,29,Geórgia,Inglaterra
5,29,Alemanha,Inglaterra
5,29,Albânia,Inglaterra
5,29,Áustria,Inglaterra
5,29,Geórgia,Itália
5,29,Alemanha,Itália
5,29,Albânia,Itália
5,29,Áustria,Itália
5,29,Alemanha,Geórgia
5,29,Albânia,Geórgia
5,29,Áustria,Geórgia
5,29,Albânia,Alemanha
5,29,Áustria,Alemanha
5,29,Áustria,Albânia
5,32,Eslovênia,Países Baixos
5,32,Bélgica,Países Baixos
5,32,Romênia,Países Baixos
5,32,Ucrânia,Países Baixos
5,32,Polônia,Países Baixos
5,32,Eslováquia,Países Baixos
5,32,Turquia,Países Baixos
5,32,Sérvia,Países Baixos
5,32,Espanha,Países Baixos
5,32,França,Países Baixos
5,32,Croácia,Países Baixos
5,32,Escócia,Países Baixos
5,32,Hungria,Países Baixos
5,32,Portugal,Países Baixos
5,32,Suíça,Países Baixos
5,32,República Tcheca,Países Baixos
5,32,Dinamarca,Países Baixos
5,32,Inglaterra,Países Baixos
5,32,Itália,Países Baixos
5,32,Geórgia,Países Baixos
5,32,Alemanha,Países Baixos
5,32,Albânia,Países Baixos
5,32,Áustria,Países Baixos
5,32,Bélgica,Eslovênia
5,32,Romênia,Eslovênia
5,32,Ucrânia,Eslovênia
5,32,Polônia,Eslovênia
5,32,Eslováquia,Eslovênia
5,32,Turquia,Eslovênia
5,32,Sérvia,Eslovênia
5,32,Espanha,Eslovênia
5,32,França,Eslovênia
5,32,Croácia,Eslovênia
5,32,Escócia,Eslovênia
5,32,Hungria,Eslovênia
5,32,Portugal,Eslovênia
5,32,Suíça,Eslovênia
5,32,República Tcheca,Eslovênia
5,32,Dinamarca,Eslovênia
5,32,Inglaterra,Eslovênia
5,32,Itália,Eslovênia
5,32,Geórgia,Eslovênia
5,32,Alemanha,Eslovênia
5,32,Albânia,Eslovênia
5,32,Áustria,Eslovênia
5,32,Romênia,Bélgica
5,32,Ucrânia,Bélgica
5,32,Polônia,Bélgica
5,32,Eslováquia,Bélgica
5,32,Turquia,Bélgica
5,32,Sérvia,Bélgica
5,32,Espanha,Bélgica
5,32,França,Bélgica
5,32,Croácia,Bélgica
5,32,Escócia,Bélgica
5,32,Hungria,Bélgica
5,32,Portugal,Bélgica
5,32,Suíça,Bélgica
5,32,República Tcheca,Bélgica
5,32,Dinamarca,Bélgica
5,32,Inglaterra,Bélgica
5,32,Itália,Bélgica
5,32,Geórgia,Bélgica
5,32,Alemanha,Bélgica
5,32,Albânia,Bélgica
5,32,Áustria,Bélgica
5,32,Ucrânia,Romênia
5,32,Polônia,Romênia
5,32,Eslováquia,Romênia
5,32,Turquia,Romênia
5,32,Sérvia,Romênia
5,32,Espanha,Romênia
5,32,França,Romênia
5,32,Croácia,Romênia
5,32,Escócia,Romênia
5,32,Hungria,Romênia
5,32,Portugal,Romênia
5,32,Suíça,Romênia
5,32,República Tcheca,Romênia
5,32,Dinamarca,Romênia
5,32,Inglaterra,Romênia
5,32,Itália,Romênia
5,32,Geórgia,Romênia
5,32,Alemanha,Romênia
5,32,Albânia,Romênia
5,32,Áustria,Romênia
5,32,Polônia,Ucrânia
5,32,Eslováquia,Ucrânia
5,32,Turquia,Ucrânia
5,32,Sérvia,Ucrânia
5,32,Espanha,Ucrânia
5,32,França,Ucrânia
5,32,Croácia,Ucrânia
5,32,Escócia,Ucrânia
5,32,Hungria,Ucrânia
5,32,Portugal,Ucrânia
5,32,Suíça,Ucrânia
5,32,República Tcheca,Ucrânia
5,32,Dinamarca,Ucrânia
5,32,Inglaterra,Ucrânia
5,32,Itália,Ucrânia
5,32,Geórgia,Ucrânia
5,32,Alemanha,Ucrânia
5,32,Albânia,Ucrânia
5,32,Áustria,Ucrânia
5,32,Eslováquia,Polônia
5,32,Turquia,Polônia
5,32,Sérvia,Polônia
5,32,Espanha,Polônia
5,32,França,Polônia
5,32,Croácia,Polônia
5,32,Escócia,Polônia
5,32,Hungria,Polônia
5,32,Portugal,Polônia
5,32,Suíça,Polônia
5,32,República Tcheca,Polônia
5,32,Dinamarca,Polônia
5,32,Inglaterra,Polônia
5,32,Itália,Polônia
5,32,Geórgia,Polônia
5,32,Alemanha,Polônia
5,32,Albânia,Polônia
5,32,Áustria,Polônia
5,32,Turquia,Eslováquia
5,32,Sérvia,Eslováquia
5,32,Espanha,Eslováquia
5,32,França,Eslováquia
5,32,Croácia,Eslováquia
5,32,Escócia,Eslováquia
5,32,Hungria,Eslováquia
5,32,Portugal,Eslováquia
5,32,Suíça,Eslováquia
5,32,República Tcheca,Eslováquia
5,32,Dinamarca,Eslováquia
5,32,Inglaterra,Eslováquia
5,32,Itália,Eslováquia
5,32,Geórgia,Eslováquia
5,32,Alemanha,Eslováquia
5,32,Albânia,Eslováquia
5,32,Áustria,Eslováquia
5,32,Sérvia,Turquia
5,32,Espanha,Turquia
5,32,França,Turquia
5,32,Croácia,Turquia
5,32,Escócia,Turquia
5,32,Hungria,Turquia
5,32,Portugal,Turquia
5,32,Suíça,Turquia
5,32,República Tcheca,Turquia
5,32,Dinamarca,Turquia
5,32,Inglaterra,Turquia
5,32,Itália,Turquia
5,32,Geórgia,Turquia
5,32,Alemanha,Turquia
5,32,Albânia,Turquia
5,32,Áustria,Turquia
5,32,Espanha,Sérvia
5,32,França,Sérvia
5,32,Croácia,Sérvia
5,32,Escócia,Sérvia
5,32,Hungria,Sérvia
5,32,Portugal,Sérvia
5,32,Suíça,Sérvia
5,32,República Tcheca,Sérvia
5,32,Dinamarca,Sérvia
5,32,Inglaterra,Sérvia
5,32,Itália,Sérvia
5,32,Geórgia,Sérvia
5,32,Alemanha,Sérvia
5,32,Albânia,Sérvia
5,32,Áustria,Sérvia
5,32,França,Espanha
5,32,Croácia,Espanha
5,32,Escócia,Espanha
5,32,Hungria,Espanha
5,32,Portugal,Espanha
5,32,Suíça,Espanha
5,32,República Tcheca,Espanha
5,32,Dinamarca,Espanha
5,32,Inglaterra,Espanha
5,32,Itália,Espanha
5,32,Geórgia,Espanha
5,32,Alemanha,Espanha
5,32,Albânia,Espanha
5,32,Áustria,Espanha
5,32,Croácia,França
5,32,Escócia,França
5,32,Hungria,França
5,32,Portugal,França
5,32,Suíça,França
5,32,República Tcheca,França
5,32,Dinamarca,França
5,32,Inglaterra,França
5,32,Itália,França
5,32,Geórgia,França
5,32,Alemanha,França
5,32,Albânia,França
5,32,Áustria,França
5,32,Escócia,Croácia
5,32,Hungria,Croácia
5,32,Portugal,Croácia
5,32,Suíça,Croácia
5,32,República Tcheca,Croácia
5,32,Dinamarca,Croácia
5,32,Inglaterra,Croácia
5,32,Itália,Croácia
5,32,Geórgia,Croácia
5,32,Alemanha,Croácia
5,32,Albânia,Croácia
5,32,Áustria,Croácia
5,32,Hungria,Escócia
5,32,Portugal,Escócia
5,32,Suíça,Escócia
5,32,República Tcheca,Escócia
5,32,Dinamarca,Escócia
5,32,Inglaterra,Escócia
5,32,Itália,Escócia
5,32,Geórgia,Escócia
5,32,Alemanha,Escócia
5,32,Albânia,Escócia
5,32,Áustria,Escócia
5,32,Portugal,Hungria
5,32,Suíça,Hungria
5,32,República Tcheca,Hungria
5,32,Dinamarca,Hungria
5,32,Inglaterra,Hungria
5,32,Itália,Hungria
5,32,Geórgia,Hungria
5,32,Alemanha,Hungria
5,32,Albânia,Hungria
5,32,Áustria,Hungria
5,32,Suíça,Portugal
5,32,República Tcheca,Portugal
5,32,Dinamarca,Portugal
5,32,Inglaterra,Portugal
5,32,Itália,Portugal
5,32,Geórgia,Portugal
5,32,Alemanha,Portugal
5,32,Albânia,Portugal
5,32,Áustria,Portugal
5,32,República Tcheca,Suíça
5,32,Dinamarca,Suíça
5,32,Inglaterra,Suíça
5,32,Itália,Suíça
5,32,Geórgia,Suíça
5,32,Alemanha,Suíça
5,32,Albânia,Suíça
5,32,Áustria,Suíça
5,32,Dinamarca,República Tcheca
5,32,Inglaterra,República Tcheca
5,32,Itália,República Tcheca
5,32,Geórgia,República Tcheca
5,32,Alemanha,República Tcheca
5,32,Albânia,República Tcheca
5,32,Áustria,República Tcheca
5,32,Inglaterra,Dinamarca
5,32,Itália,Dinamarca
5,32,Geórgia,Dinamarca
5,32,Alemanha,Dinamarca
5,32,Albânia,Dinamarca
5,32,Áustria,Dinamarca
5,32,Itália,Inglaterra
5,32,Geórgia,Inglaterra
5,32,Alemanha,Inglaterra
5,32,Albânia,Inglaterra
5,32,Áustria,Inglaterra
5,32,Geórgia,Itália
5,32,Alemanha,Itália
5,32,Albânia,Itália
5,32,Áustria,Itália
5,32,Alemanha,Geórgia
5,32,Albânia,Geórgia
5,32,Áustria,Geórgia
5,32,Albânia,Alemanha
5,32,Áustria,Alemanha
5,32,Áustria,Albânia
5,35,Eslovênia,Países Baixos
5,35,Bélgica,Países Baixos
5,35,Romênia,Países Baixos
5,35,Ucrânia,Países Baixos
5,35,Polônia,Países Baixos
5,35,Eslováquia,Países Baixos
5,35,Turquia,Países Baixos
5,35,Sérvia,Países Baixos
5,35,Espanha,Países Baixos
5,35,França,Países Baixos
5,35,Croácia,Países Baixos
5,35,Escócia,Países Baixos
5,35,Hungria,Países Baixos
5,35,Portugal,Países Baixos
5,35,Suíça,Países Baixos
5,35,República Tcheca,Países Baixos
5,35,Dinamarca,Países Baixos
5,35,Inglaterra,Países Baixos
5,35,Itália,Países Baixos
5,35,Geórgia,Países Baixos
5,35,Alemanha,Países Baixos
5,35,Albânia,Países Baixos
5,35,Áustria,Países Baixos
5,35,Bélgica,Eslovênia
5,35,Romênia,Eslovênia
5,35,Ucrânia,Eslovênia
5,35,Polônia,Eslovênia
5,35,Eslováquia,Eslovênia
5,35,Turquia,Eslovênia
5,35,Sérvia,Eslovênia
5,35,Espanha,Eslovênia
5,35,França,Eslovênia
5,35,Croácia,Eslovênia
5,35,Escócia,Eslovênia
5,35,Hungria,Eslovênia
5,35,Portugal,Eslovênia
5,35,Suíça,Eslovênia
5,35,República Tcheca,Eslovênia
5,35,Dinamarca,Eslovênia
5,35,Inglaterra,Eslovênia
5,35,Itália,Eslovênia
5,35,Geórgia,Eslovênia
5,35,Alemanha,Eslovênia
5,35,Albânia,Eslovênia
5,35,Áustria,Eslovênia
5,35,Romênia,Bélgica
5,35,Ucrânia,Bélgica
5,35,Polônia,Bélgica
5,35,Eslováquia,Bélgica
5,35,Turquia,Bélgica
5,35,Sérvia,Bélgica
5,35,Espanha,Bélgica
5,35,França,Bélgica
5,35,Croácia,Bélgica
5,35,Escócia,Bélgica
5,35,Hungria,Bélgica
5,35,Portugal,Bélgica
5,35,Suíça,Bélgica
5,35,República Tcheca,Bélgica
5,35,Dinamarca,Bélgica
5,35,Inglaterra,Bélgica
5,35,Itália,Bélgica
5,35,Geórgia,Bélgica
5,35,Alemanha,Bélgica
5,35,Albânia,Bélgica
5,35,Áustria,Bélgica
5,35,Ucrânia,Romênia
5,35,Polônia,Romênia
5,35,Eslováquia,Romênia
5,35,Turquia,Romênia
5,35,Sérvia,Romênia
5,35,Espanha,Romênia
5,35,França,Romênia
5,35,Croácia,Romênia
5,35,Escócia,Romênia
5,35,Hungria,Romênia
5,35,Portugal,Romênia
5,35,Suíça,Romênia
5,35,República Tcheca,Romênia
5,35,Dinamarca,Romênia
5,35,Inglaterra,Romênia
5,35,Itália,Romênia
5,35,Geórgia,Romênia
5,35,Alemanha,Romênia
5,35,Albânia,Romênia
5,35,Áustria,Romênia
5,35,Polônia,Ucrânia
5,35,Eslováquia,Ucrânia
5,35,Turquia,Ucrânia
5,35,Sérvia,Ucrânia
5,35,Espanha,Ucrânia
5,35,França,Ucrânia
5,35,Croácia,Ucrânia
5,35,Escócia,Ucrânia
5,35,Hungria,Ucrânia
5,35,Portugal,Ucrânia
5,35,Suíça,Ucrânia
5,35,República Tcheca,Ucrânia
5,35,Dinamarca,Ucrânia
5,35,Inglaterra,Ucrânia
5,35,Itália,Ucrânia
5,35,Geórgia,Ucrânia
5,35,Alemanha,Ucrânia
5,35,Albânia,Ucrânia
5,35,Áustria,Ucrânia
5,35,Eslováquia,Polônia
5,35,Turquia,Polônia
5,35,Sérvia,Polônia
5,35,Espanha,Polônia
5,35,França,Polônia
5,35,Croácia,Polônia
5,35,Escócia,Polônia
5,35,Hungria,Polônia
5,35,Portugal,Polônia
5,35,Suíça,Polônia
5,35,República Tcheca,Polônia
5,35,Dinamarca,Polônia
5,35,Inglaterra,Polônia
5,35,Itália,Polônia
5,35,Geórgia,Polônia
5,35,Alemanha,Polônia
5,35,Albânia,Polônia
5,35,Áustria,Polônia
5,35,Turquia,Eslováquia
5,35,Sérvia,Eslováquia
5,35,Espanha,Eslováquia
5,35,França,Eslováquia
5,35,Croácia,Eslováquia
5,35,Escócia,Eslováquia
5,35,Hungria,Eslováquia
5,35,Portugal,Eslováquia
5,35,Suíça,Eslováquia
5,35,República Tcheca,Eslováquia
5,35,Dinamarca,Eslováquia
5,35,Inglaterra,Eslováquia
5,35,Itália,Eslováquia
5,35,Geórgia,Eslováquia
5,35,Alemanha,Eslováquia
5,35,Albânia,Eslováquia
5,35,Áustria,Eslováquia
5,35,Sérvia,Turquia
5,35,Espanha,Turquia
5,35,França,Turquia
5,35,Croácia,Turquia
5,35,Escócia,Turquia
5,35,Hungria,Turquia
5,35,Portugal,Turquia
5,35,Suíça,Turquia
5,35,República Tcheca,Turquia
5,35,Dinamarca,Turquia
5,35,Inglaterra,Turquia
5,35,Itália,Turquia
5,35,Geórgia,Turquia
5,35,Alemanha,Turquia
5,35,Albânia,Turquia
5,35,Áustria,Turquia
5,35,Espanha,Sérvia
5,35,França,Sérvia
5,35,Croácia,Sérvia
5,35,Escócia,Sérvia
5,35,Hungria,Sérvia
5,35,Portugal,Sérvia
5,35,Suíça,Sérvia
5,35,República Tcheca,Sérvia
5,35,Dinamarca,Sérvia
5,35,Inglaterra,Sérvia
5,35,Itália,Sérvia
5,35,Geórgia,Sérvia
5,35,Alemanha,Sérvia
5,35,Albânia,Sérvia
5,35,Áustria,Sérvia
5,35,França,Espanha
5,35,Croácia,Espanha
5,35,Escócia,Espanha
5,35,Hungria,Espanha
5,35,Portugal,Espanha
5,35,Suíça,Espanha
5,35,República Tcheca,Espanha
5,35,Dinamarca,Espanha
5,35,Inglaterra,Espanha
5,35,Itália,Espanha
5,35,Geórgia,Espanha
5,35,Alemanha,Espanha
5,35,Albânia,Espanha
5,35,Áustria,Espanha
5,35,Croácia,França
5,35,Escócia,França
5,35,Hungria,França
5,35,Portugal,França
5,35,Suíça,França
5,35,República Tcheca,França
5,35,Dinamarca,França
5,35,Inglaterra,França
5,35,Itália,França
5,35,Geórgia,França
5,35,Alemanha,França
5,35,Albânia,França
5,35,Áustria,França
5,35,Escócia,Croácia
5,35,Hungria,Croácia
5,35,Portugal,Croácia
5,35,Suíça,Croácia
5,35,República Tcheca,Croácia
5,35,Dinamarca,Croácia
5,35,Inglaterra,Croácia
5,35,Itália,Croácia
5,35,Geórgia,Croácia
5,35,Alemanha,Croácia
5,35,Albânia,Croácia
5,35,Áustria,Croácia
5,35,Hungria,Escócia
5,35,Portugal,Escócia
5,35,Suíça,Escócia
5,35,República Tcheca,Escócia
5,35,Dinamarca,Escócia
5,35,Inglaterra,Escócia
5,35,Itália,Escócia
5,35,Geórgia,Escócia
5,35,Alemanha,Escócia
5,35,Albânia,Escócia
5,35,Áustria,Escócia
5,35,Portugal,Hungria
5,35,Suíça,Hungria
5,35,República Tcheca,Hungria
5,35,Dinamarca,Hungria
5,35,Inglaterra,Hungria
5,35,Itália,Hungria
5,35,Geórgia,Hungria
5,35,Alemanha,Hungria
5,35,Albânia,Hungria
5,35,Áustria,Hungria
5,35,Suíça,Portugal
5,35,República Tcheca,Portugal
5,35,Dinamarca,Portugal
5,35,Inglaterra,Portugal
5,35,Itália,Portugal
5,35,Geórgia,Portugal
5,35,Alemanha,Portugal
5,35,Albânia,Portugal
5,35,Áustria,Portugal
5,35,República Tcheca,Suíça
5,35,Dinamarca,Suíça
5,35,Inglaterra,Suíça
5,35,Itália,Suíça
5,35,Geórgia,Suíça
5,35,Alemanha,Suíça
5,35,Albânia,Suíça
5,35,Áustria,Suíça
5,35,Dinamarca,República Tcheca
5,35,Inglaterra,República Tcheca
5,35,Itália,República Tcheca
5,35,Geórgia,República Tcheca
5,35,Alemanha,República Tcheca
5,35,Albânia,República Tcheca
5,35,Áustria,República Tcheca
5,35,Inglaterra,Dinamarca
5,35,Itália,Dinamarca
5,35,Geórgia,Dinamarca
5,35,Alemanha,Dinamarca
5,35,Albânia,Dinamarca
5,35,Áustria,Dinamarca
5,35,Itália,Inglaterra
5,35,Geórgia,Inglaterra
5,35,Alemanha,Inglaterra
5,35,Albânia,Inglaterra
5,35,Áustria,Inglaterra
5,35,Geórgia,Itália
5,35,Alemanha,Itália
5,35,Albânia,Itália
5,35,Áustria,Itália
5,35,Alemanha,Geórgia
5,35,Albânia,Geórgia
5,35,Áustria,Geórgia
5,35,Albânia,Alemanha
5,35,Áustria,Alemanha
5,35,Áustria,Albânia
5,38,Eslovênia,Países Baixos
5,38,Bélgica,Países Baixos
5,38,Romênia,Países Baixos
5,38,Ucrânia,Países Baixos
5,38,Polônia,Países Baixos
5,38,Eslováquia,Países Baixos
5,38,Turquia,Países Baixos
5,38,Sérvia,Países Baixos
5,38,Espanha,Países Baixos
5,38,França,Países Baixos
5,38,Croácia,Países Baixos
5,38,Escócia,Países Baixos
5,38,Hungria,Países Baixos
5,38,Portugal,Países Baixos
5,38,Suíça,Países Baixos
5,38,República Tcheca,Países Baixos
5,38,Dinamarca,Países Baixos
5,38,Inglaterra,Países Baixos
5,38,Itália,Países Baixos
5,38,Geórgia,Países Baixos
5,38,Alemanha,Países Baixos
5,38,Albânia,Países Baixos
5,38,Áustria,Países Baixos
5,38,Bélgica,Eslovênia
5,38,Romênia,Eslovênia
5,38,Ucrânia,Eslovênia
5,38,Polônia,Eslovênia
5,38,Eslováquia,Eslovênia
5,38,Turquia,Eslovênia
5,38,Sérvia,Eslovênia
5,38,Espanha,Eslovênia
5,38,França,Eslovênia
5,38,Croácia,Eslovênia
5,38,Escócia,Eslovênia
5,38,Hungria,Eslovênia
5,38,Portugal,Eslovênia
5,38,Suíça,Eslovênia
5,38,República Tcheca,Eslovênia
5,38,Dinamarca,Eslovênia
5,38,Inglaterra,Eslovênia
5,38,Itália,Eslovênia
5,38,Geórgia,Eslovênia
5,38,Alemanha,Eslovênia
5,38,Albânia,Eslovênia
5,38,Áustria,Eslovênia
5,38,Romênia,Bélgica
5,38,Ucrânia,Bélgica
5,38,Polônia,Bélgica
5,38,Eslováquia,Bélgica
5,38,Turquia,Bélgica
5,38,Sérvia,Bélgica
5,38,Espanha,Bélgica
5,38,França,Bélgica
5,38,Croácia,Bélgica
5,38,Escócia,Bélgica
5,38,Hungria,Bélgica
5,38,Portugal,Bélgica
5,38,Suíça,Bélgica
5,38,República Tcheca,Bélgica
5,38,Dinamarca,Bélgica
5,38,Inglaterra,Bélgica
5,38,Itália,Bélgica
5,38,Geórgia,Bélgica
5,38,Alemanha,Bélgica
5,38,Albânia,Bélgica
5,38,Áustria,Bélgica
5,38,Ucrânia,Romênia
5,38,Polônia,Romênia
5,38,Eslováquia,Romênia
5,38,Turquia,Romênia
5,38,Sérvia,Romênia
5,38,Espanha,Romênia
5,38,França,Romênia
5,38,Croácia,Romênia
5,38,Escócia,Romênia
5,38,Hungria,Romênia
5,38,Portugal,Romênia
5,38,Suíça,Romênia
5,38,República Tcheca,Romênia
5,38,Dinamarca,Romênia
5,38,Inglaterra,Romênia
5,38,Itália,Romênia
5,38,Geórgia,Romênia
5,38,Alemanha,Romênia
5,38,Albânia,Romênia
5,38,Áustria,Romênia
5,38,Polônia,Ucrânia
5,38,Eslováquia,Ucrânia
5,38,Turquia,Ucrânia
5,38,Sérvia,Ucrânia
5,38,Espanha,Ucrânia
5,38,França,Ucrânia
5,38,Croácia,Ucrânia
5,38,Escócia,Ucrânia
5,38,Hungria,Ucrânia
5,38,Portugal,Ucrânia
5,38,Suíça,Ucrânia
5,38,República Tcheca,Ucrânia
5,38,Dinamarca,Ucrânia
5,38,Inglaterra,Ucrânia
5,38,Itália,Ucrânia
5,38,Geórgia,Ucrânia
5,38,Alemanha,Ucrânia
5,38,Albânia,Ucrânia
5,38,Áustria,Ucrânia
5,38,Eslováquia,Polônia
5,38,Turquia,Polônia
5,38,Sérvia,Polônia
5,38,Espanha,Polônia
5,38,França,Polônia
5,38,Croácia,Polônia
5,38,Escócia,Polônia
5,38,Hungria,Polônia
5,38,Portugal,Polônia
5,38,Suíça,Polônia
5,38,República Tcheca,Polônia
5,38,Dinamarca,Polônia
5,38,Inglaterra,Polônia
5,38,Itália,Polônia
5,38,Geórgia,Polônia
5,38,Alemanha,Polônia
5,38,Albânia,Polônia
5,38,Áustria,Polônia
5,38,Turquia,Eslováquia
5,38,Sérvia,Eslováquia
5,38,Espanha,Eslováquia
5,38,França,Eslováquia
5,38,Croácia,Eslováquia
5,38,Escócia,Eslováquia
5,38,Hungria,Eslováquia
5,38,Portugal,Eslováquia
5,38,Suíça,Eslováquia
5,38,República Tcheca,Eslováquia
5,38,Dinamarca,Eslováquia
5,38,Inglaterra,Eslováquia
5,38,Itália,Eslováquia
5,38,Geórgia,Eslováquia
5,38,Alemanha,Eslováquia
5,38,Albânia,Eslováquia
5,38,Áustria,Eslováquia
5,38,Sérvia,Turquia
5,38,Espanha,Turquia
5,38,França,Turquia
5,38,Croácia,Turquia
5,38,Escócia,Turquia
5,38,Hungria,Turquia
5,38,Portugal,Turquia
5,38,Suíça,Turquia
5,38,República Tcheca,Turquia
5,38,Dinamarca,Turquia
5,38,Inglaterra,Turquia
5,38,Itália,Turquia
5,38,Geórgia,Turquia
5,38,Alemanha,Turquia
5,38,Albânia,Turquia
5,38,Áustria,Turquia
5,38,Espanha,Sérvia
5,38,França,Sérvia
5,38,Croácia,Sérvia
5,38,Escócia,Sérvia
5,38,Hungria,Sérvia
5,38,Portugal,Sérvia
5,38,Suíça,Sérvia
5,38,República Tcheca,Sérvia
5,38,Dinamarca,Sérvia
5,38,Inglaterra,Sérvia
5,38,Itália,Sérvia
5,38,Geórgia,Sérvia
5,38,Alemanha,Sérvia
5,38,Albânia,Sérvia
5,38,Áustria,Sérvia
5,38,França,Espanha
5,38,Croácia,Espanha
5,38,Escócia,Espanha
5,38,Hungria,Espanha
5,38,Portugal,Espanha
5,38,Suíça,Espanha
5,38,República Tcheca,Espanha
5,38,Dinamarca,Espanha
5,38,Inglaterra,Espanha
5,38,Itália,Espanha
5,38,Geórgia,Espanha
5,38,Alemanha,Espanha
5,38,Albânia,Espanha
5,38,Áustria,Espanha
5,38,Croácia,França
5,38,Escócia,França
5,38,Hungria,França
5,38,Portugal,França
5,38,Suíça,França
5,38,República Tcheca,França
5,38,Dinamarca,França
5,38,Inglaterra,França
5,38,Itália,França
5,38,Geórgia,França
5,38,Alemanha,França
5,38,Albânia,França
5,38,Áustria,França
5,38,Escócia,Croácia
5,38,Hungria,Croácia
5,38,Portugal,Croácia
5,38,Suíça,Croácia
5,38,República Tcheca,Croácia
5,38,Dinamarca,Croácia
5,38,Inglaterra,Croácia
5,38,Itália,Croácia
5,38,Geórgia,Croácia
5,38,Alemanha,Croácia
5,38,Albânia,Croácia
5,38,Áustria,Croácia
5,38,Hungria,Escócia
5,38,Portugal,Escócia
5,38,Suíça,Escócia
5,38,República Tcheca,Escócia
5,38,Dinamarca,Escócia
5,38,Inglaterra,Escócia
5,38,Itália,Escócia
5,38,Geórgia,Escócia
5,38,Alemanha,Escócia
5,38,Albânia,Escócia
5,38,Áustria,Escócia
5,38,Portugal,Hungria
5,38,Suíça,Hungria
5,38,República Tcheca,Hungria
5,38,Dinamarca,Hungria
5,38,Inglaterra,Hungria
5,38,Itália,Hungria
5,38,Geórgia,Hungria
5,38,Alemanha,Hungria
5,38,Albânia,Hungria
5,38,Áustria,Hungria
5,38,Suíça,Portugal
5,38,República Tcheca,Portugal
5,38,Dinamarca,Portugal
5,38,Inglaterra,Portugal
5,38,Itália,Portugal
5,38,Geórgia,Portugal
5,38,Alemanha,Portugal
5,38,Albânia,Portugal
5,38,Áustria,Portugal
5,38,República Tcheca,Suíça
5,38,Dinamarca,Suíça
5,38,Inglaterra,Suíça
5,38,Itália,Suíça
5,38,Geórgia,Suíça
5,38,Alemanha,Suíça
5,38,Albânia,Suíça
5,38,Áustria,Suíça
5,38,Dinamarca,República Tcheca
5,38,Inglaterra,República Tcheca
5,38,Itália,República Tcheca
5,38,Geórgia,República Tcheca
5,38,Alemanha,República Tcheca
5,38,Albânia,República Tcheca
5,38,Áustria,República Tcheca
5,38,Inglaterra,Dinamarca
5,38,Itália,Dinamarca
5,38,Geórgia,Dinamarca
5,38,Alemanha,Dinamarca
5,38,Albânia,Dinamarca
5,38,Áustria,Dinamarca
5,38,Itália,Inglaterra
5,38,Geórgia,Inglaterra
5,38,Alemanha,Inglaterra
5,38,Albânia,Inglaterra
5,38,Áustria,Inglaterra
5,38,Geórgia,Itália
5,38,Alemanha,Itália
5,38,Albânia,Itália
5,38,Áustria,Itália
5,38,Alemanha,Geórgia
5,38,Albânia,Geórgia
5,38,Áustria,Geórgia
5,38,Albânia,Alemanha
5,38,Áustria,Alemanha
5,38,Áustria,Albânia
5,41,Eslovênia,Países Baixos
5,41,Bélgica,Países Baixos
5,41,Romênia,Países Baixos
5,41,Ucrânia,Países Baixos
5,41,Polônia,Países Baixos
5,41,Eslováquia,Países Baixos
5,41,Turquia,Países Baixos
5,41,Sérvia,Países Baixos
5,41,Espanha,Países Baixos
5,41,França,Países Baixos
5,41,Croácia,Países Baixos
5,41,Escócia,Países Baixos
5,41,Hungria,Países Baixos
5,41,Portugal,Países Baixos
5,41,Suíça,Países Baixos
5,41,República Tcheca,Países Baixos
5,41,Dinamarca,Países Baixos
5,41,Inglaterra,Países Baixos
5,41,Itália,Países Baixos
5,41,Geórgia,Países Baixos
5,41,Alemanha,Países Baixos
5,41,Albânia,Países Baixos
5,41,Áustria,Países Baixos
5,41,Bélgica,Eslovênia
5,41,Romênia,Eslovênia
5,41,Ucrânia,Eslovênia
5,41,Polônia,Eslovênia
5,41,Eslováquia,Eslovênia
5,41,Turquia,Eslovênia
5,41,Sérvia,Eslovênia
5,41,Espanha,Eslovênia
5,41,França,Eslovênia
5,41,Croácia,Eslovênia
5,41,Escócia,Eslovênia
5,41,Hungria,Eslovênia
5,41,Portugal,Eslovênia
5,41,Suíça,Eslovênia
5,41,República Tcheca,Eslovênia
5,41,Dinamarca,Eslovênia
5,41,Inglaterra,Eslovênia
5,41,Itália,Eslovênia
5,41,Geórgia,Eslovênia
5,41,Alemanha,Eslovênia
5,41,Albânia,Eslovênia
5,41,Áustria,Eslovênia
5,41,Romênia,Bélgica
5,41,Ucrânia,Bélgica
5,41,Polônia,Bélgica
5,41,Eslováquia,Bélgica
5,41,Turquia,Bélgica
5,41,Sérvia,Bélgica
5,41,Espanha,Bélgica
5,41,França,Bélgica
5,41,Croácia,Bélgica
5,41,Escócia,Bélgica
5,41,Hungria,Bélgica
5,41,Portugal,Bélgica
5,41,Suíça,Bélgica
5,41,República Tcheca,Bélgica
5,41,Dinamarca,Bélgica
5,41,Inglaterra,Bélgica
5,41,Itália,Bélgica
5,41,Geórgia,Bélgica
5,41,Alemanha,Bélgica
5,41,Albânia,Bélgica
5,41,Áustria,Bélgica
5,41,Ucrânia,Romênia
5,41,Polônia,Romênia
5,41,Eslováquia,Romênia
5,41,Turquia,Romênia
5,41,Sérvia,Romênia
5,41,Espanha,Romênia
5,41,França,Romênia
5,41,Croácia,Romênia
5,41,Escócia,Romênia
5,41,Hungria,Romênia
5,41,Portugal,Romênia
5,41,Suíça,Romênia
5,41,República Tcheca,Romênia
5,41,Dinamarca,Romênia
5,41,Inglaterra,Romênia
5,41,Itália,Romênia
5,41,Geórgia,Romênia
5,41,Alemanha,Romênia
5,41,Albânia,Romênia
5,41,Áustria,Romênia
5,41,Polônia,Ucrânia
5,41,Eslováquia,Ucrânia
5,41,Turquia,Ucrânia
5,41,Sérvia,Ucrânia
5,41,Espanha,Ucrânia
5,41,França,Ucrânia
5,41,Croácia,Ucrânia
5,41,Escócia,Ucrânia
5,41,Hungria,Ucrânia
5,41,Portugal,Ucrânia
5,41,Suíça,Ucrânia
5,41,República Tcheca,Ucrânia
5,41,Dinamarca,Ucrânia
5,41,Inglaterra,Ucrânia
5,41,Itália,Ucrânia
5,41,Geórgia,Ucrânia
5,41,Alemanha,Ucrânia
5,41,Albânia,Ucrânia
5,41,Áustria,Ucrânia
5,41,Eslováquia,Polônia
5,41,Turquia,Polônia
5,41,Sérvia,Polônia
5,41,Espanha,Polônia
5,41,França,Polônia
5,41,Croácia,Polônia
5,41,Escócia,Polônia
5,41,Hungria,Polônia
5,41,Portugal,Polônia
5,41,Suíça,Polônia
5,41,República Tcheca,Polônia
5,41,Dinamarca,Polônia
5,41,Inglaterra,Polônia
5,41,Itália,Polônia
5,41,Geórgia,Polônia
5,41,Alemanha,Polônia
5,41,Albânia,Polônia
5,41,Áustria,Polônia
5,41,Turquia,Eslováquia
5,41,Sérvia,Eslováquia
5,41,Espanha,Eslováquia
5,41,França,Eslováquia
5,41,Croácia,Eslováquia
5,41,Escócia,Eslováquia
5,41,Hungria,Eslováquia
5,41,Portugal,Eslováquia
5,41,Suíça,Eslováquia
5,41,República Tcheca,Eslováquia
5,41,Dinamarca,Eslováquia
5,41,Inglaterra,Eslováquia
5,41,Itália,Eslováquia
5,41,Geórgia,Eslováquia
5,41,Alemanha,Eslováquia
5,41,Albânia,Eslováquia
5,41,Áustria,Eslováquia
5,41,Sérvia,Turquia
5,41,Espanha,Turquia
5,41,França,Turquia
5,41,Croácia,Turquia
5,41,Escócia,Turquia
5,41,Hungria,Turquia
5,41,Portugal,Turquia
5,41,Suíça,Turquia
5,41,República Tcheca,Turquia
5,41,Dinamarca,Turquia
5,41,Inglaterra,Turquia
5,41,Itália,Turquia
5,41,Geórgia,Turquia
5,41,Alemanha,Turquia
5,41,Albânia,Turquia
5,41,Áustria,Turquia
5,41,Espanha,Sérvia
5,41,França,Sérvia
5,41,Croácia,Sérvia
5,41,Escócia,Sérvia
5,41,Hungria,Sérvia
5,41,Portugal,Sérvia
5,41,Suíça,Sérvia
5,41,República Tcheca,Sérvia
5,41,Dinamarca,Sérvia
5,41,Inglaterra,Sérvia
5,41,Itália,Sérvia
5,41,Geórgia,Sérvia
5,41,Alemanha,Sérvia
5,41,Albânia,Sérvia
5,41,Áustria,Sérvia
5,41,França,Espanha
5,41,Croácia,Espanha
5,41,Escócia,Espanha
5,41,Hungria,Espanha
5,41,Portugal,Espanha
5,41,Suíça,Espanha
5,41,República Tcheca,Espanha
5,41,Dinamarca,Espanha
5,41,Inglaterra,Espanha
5,41,Itália,Espanha
5,41,Geórgia,Espanha
5,41,Alemanha,Espanha
5,41,Albânia,Espanha
5,41,Áustria,Espanha
5,41,Croácia,França
5,41,Escócia,França
5,41,Hungria,França
5,41,Portugal,França
5,41,Suíça,França
5,41,República Tcheca,França
5,41,Dinamarca,França
5,41,Inglaterra,França
5,41,Itália,França
5,41,Geórgia,França
5,41,Alemanha,França
5,41,Albânia,França
5,41,Áustria,França
5,41,Escócia,Croácia
5,41,Hungria,Croácia
5,41,Portugal,Croácia
5,41,Suíça,Croácia
5,41,República Tcheca,Croácia
5,41,Dinamarca,Croácia
5,41,Inglaterra,Croácia
5,41,Itália,Croácia
5,41,Geórgia,Croácia
5,41,Alemanha,Croácia
5,41,Albânia,Croácia
5,41,Áustria,Croácia
5,41,Hungria,Escócia
5,41,Portugal,Escócia
5,41,Suíça,Escócia
5,41,República Tcheca,Escócia
5,41,Dinamarca,Escócia
5,41,Inglaterra,Escócia
5,41,Itália,Escócia
5,41,Geórgia,Escócia
5,41,Alemanha,Escócia
5,41,Albânia,Escócia
5,41,Áustria,Escócia
5,41,Portugal,Hungria
5,41,Suíça,Hungria
5,41,República Tcheca,Hungria
5,41,Dinamarca,Hungria
5,41,Inglaterra,Hungria
5,41,Itália,Hungria
5,41,Geórgia,Hungria
5,41,Alemanha,Hungria
5,41,Albânia,Hungria
5,41,Áustria,Hungria
5,41,Suíça,Portugal
5,41,República Tcheca,Portugal
5,41,Dinamarca,Portugal
5,41,Inglaterra,Portugal
5,41,Itália,Portugal
5,41,Geórgia,Portugal
5,41,Alemanha,Portugal
5,41,Albânia,Portugal
5,41,Áustria,Portugal
5,41,República Tcheca,Suíça
5,41,Dinamarca,Suíça
5,41,Inglaterra,Suíça
5,41,Itália,Suíça
5,41,Geórgia,Suíça
5,41,Alemanha,Suíça
5,41,Albânia,Suíça
5,41,Áustria,Suíça
5,41,Dinamarca,República Tcheca
5,41,Inglaterra,República Tcheca
5,41,Itália,República Tcheca
5,41,Geórgia,República Tcheca
5,41,Alemanha,República Tcheca
5,41,Albânia,República Tcheca
5,41,Áustria,República Tcheca
5,41,Inglaterra,Dinamarca
5,41,Itália,Dinamarca
5,41,Geórgia,Dinamarca
5,41,Alemanha,Dinamarca
5,41,Albânia,Dinamarca
5,41,Áustria,Dinamarca
5,41,Itália,Inglaterra
5,41,Geórgia,Inglaterra
5,41,Alemanha,Inglaterra
5,41,Albânia,Inglaterra
5,41,Áustria,Inglaterra
5,41,Geórgia,Itália
5,41,Alemanha,Itália
5,41,Albânia,Itália
5,41,Áustria,Itália
5,41,Alemanha,Geórgia
5,41,Albânia,Geórgia
5,41,Áustria,Geórgia
5,41,Albânia,Alemanha
5,41,Áustria,Alemanha
5,41,Áustria,Albânia
5,44,Eslovênia,Países Baixos
5,44,Bélgica,Países Baixos
5,44,Romênia,Países Baixos
5,44,Ucrânia,Países Baixos
5,44,Polônia,Países Baixos
5,44,Eslováquia,Países Baixos
5,44,Turquia,Países Baixos
5,44,Sérvia,Países Baixos
5,44,Espanha,Países Baixos
5,44,França,Países Baixos
5,44,Croácia,Países Baixos
5,44,Escócia,Países Baixos
5,44,Hungria,Países Baixos
5,44,Portugal,Países Baixos
5,44,Suíça,Países Baixos
5,44,República Tcheca,Países Baixos
5,44,Dinamarca,Países Baixos
5,44,Inglaterra,Países Baixos
5,44,Itália,Países Baixos
5,44,Geórgia,Países Baixos
5,44,Alemanha,Países Baixos
5,44,Albânia,Países Baixos
5,44,Áustria,Países Baixos
5,44,Bélgica,Eslovênia
5,44,Romênia,Eslovênia
5,44,Ucrânia,Eslovênia
5,44,Polônia,Eslovênia
5,44,Eslováquia,Eslovênia
5,44,Turquia,Eslovênia
5,44,Sérvia,Eslovênia
5,44,Espanha,Eslovênia
5,44,França,Eslovênia
5,44,Croácia,Eslovênia
5,44,Escócia,Eslovênia
5,44,Hungria,Eslovênia
5,44,Portugal,Eslovênia
5,44,Suíça,Eslovênia
5,44,República Tcheca,Eslovênia
5,44,Dinamarca,Eslovênia
5,44,Inglaterra,Eslovênia
5,44,Itália,Eslovênia
5,44,Geórgia,Eslovênia
5,44,Alemanha,Eslovênia
5,44,Albânia,Eslovênia
5,44,Áustria,Eslovênia
5,44,Romênia,Bélgica
5,44,Ucrânia,Bélgica
5,44,Polônia,Bélgica
5,44,Eslováquia,Bélgica
5,44,Turquia,Bélgica
5,44,Sérvia,Bélgica
5,44,Espanha,Bélgica
5,44,França,Bélgica
5,44,Croácia,Bélgica
5,44,Escócia,Bélgica
5,44,Hungria,Bélgica
5,44,Portugal,Bélgica
5,44,Suíça,Bélgica
5,44,República Tcheca,Bélgica
5,44,Dinamarca,Bélgica
5,44,Inglaterra,Bélgica
5,44,Itália,Bélgica
5,44,Geórgia,Bélgica
5,44,Alemanha,Bélgica
5,44,Albânia,Bélgica
5,44,Áustria,Bélgica
5,44,Ucrânia,Romênia
5,44,Polônia,Romênia
5,44,Eslováquia,Romênia
5,44,Turquia,Romênia
5,44,Sérvia,Romênia
5,44,Espanha,Romênia
5,44,França,Romênia
5,44,Croácia,Romênia
5,44,Escócia,Romênia
5,44,Hungria,Romênia
5,44,Portugal,Romênia
5,44,Suíça,Romênia
5,44,República Tcheca,Romênia
5,44,Dinamarca,Romênia
5,44,Inglaterra,Romênia
5,44,Itália,Romênia
5,44,Geórgia,Romênia
5,44,Alemanha,Romênia
5,44,Albânia,Romênia
5,44,Áustria,Romênia
5,44,Polônia,Ucrânia
5,44,Eslováquia,Ucrânia
5,44,Turquia,Ucrânia
5,44,Sérvia,Ucrânia
5,44,Espanha,Ucrânia
5,44,França,Ucrânia
5,44,Croácia,Ucrânia
5,44,Escócia,Ucrânia
5,44,Hungria,Ucrânia
5,44,Portugal,Ucrânia
5,44,Suíça,Ucrânia
5,44,República Tcheca,Ucrânia
5,44,Dinamarca,Ucrânia
5,44,Inglaterra,Ucrânia
5,44,Itália,Ucrânia
5,44,Geórgia,Ucrânia
5,44,Alemanha,Ucrânia
5,44,Albânia,Ucrânia
5,44,Áustria,Ucrânia
5,44,Eslováquia,Polônia
5,44,Turquia,Polônia
5,44,Sérvia,Polônia
5,44,Espanha,Polônia
5,44,França,Polônia
5,44,Croácia,Polônia
5,44,Escócia,Polônia
5,44,Hungria,Polônia
5,44,Portugal,Polônia
5,44,Suíça,Polônia
5,44,República Tcheca,Polônia
5,44,Dinamarca,Polônia
5,44,Inglaterra,Polônia
5,44,Itália,Polônia
5,44,Geórgia,Polônia
5,44,Alemanha,Polônia
5,44,Albânia,Polônia
5,44,Áustria,Polônia
5,44,Turquia,Eslováquia
5,44,Sérvia,Eslováquia
5,44,Espanha,Eslováquia
5,44,França,Eslováquia
5,44,Croácia,Eslováquia
5,44,Escócia,Eslováquia
5,44,Hungria,Eslováquia
5,44,Portugal,Eslováquia
5,44,Suíça,Eslováquia
5,44,República Tcheca,Eslováquia
5,44,Dinamarca,Eslováquia
5,44,Inglaterra,Eslováquia
5,44,Itália,Eslováquia
5,44,Geórgia,Eslováquia
5,44,Alemanha,Eslováquia
5,44,Albânia,Eslováquia
5,44,Áustria,Eslováquia
5,44,Sérvia,Turquia
5,44,Espanha,Turquia
5,44,França,Turquia
5,44,Croácia,Turquia
5,44,Escócia,Turquia
5,44,Hungria,Turquia
5,44,Portugal,Turquia
5,44,Suíça,Turquia
5,44,República Tcheca,Turquia
5,44,Dinamarca,Turquia
5,44,Inglaterra,Turquia
5,44,Itália,Turquia
5,44,Geórgia,Turquia
5,44,Alemanha,Turquia
5,44,Albânia,Turquia
5,44,Áustria,Turquia
5,44,Espanha,Sérvia
5,44,França,Sérvia
5,44,Croácia,Sérvia
5,44,Escócia,Sérvia
5,44,Hungria,Sérvia
5,44,Portugal,Sérvia
5,44,Suíça,Sérvia
5,44,República Tcheca,Sérvia
5,44,Dinamarca,Sérvia
5,44,Inglaterra,Sérvia
5,44,Itália,Sérvia
5,44,Geórgia,Sérvia
5,44,Alemanha,Sérvia
5,44,Albânia,Sérvia
5,44,Áustria,Sérvia
5,44,França,Espanha
5,44,Croácia,Espanha
5,44,Escócia,Espanha
5,44,Hungria,Espanha
5,44,Portugal,Espanha
5,44,Suíça,Espanha
5,44,República Tcheca,Espanha
5,44,Dinamarca,Espanha
5,44,Inglaterra,Espanha
5,44,Itália,Espanha
5,44,Geórgia,Espanha
5,44,Alemanha,Espanha
5,44,Albânia,Espanha
5,44,Áustria,Espanha
5,44,Croácia,França
5,44,Escócia,França
5,44,Hungria,França
5,44,Portugal,França
5,44,Suíça,França
5,44,República Tcheca,França
5,44,Dinamarca,França
5,44,Inglaterra,França
5,44,Itália,França
5,44,Geórgia,França
5,44,Alemanha,França
5,44,Albânia,França
5,44,Áustria,França
5,44,Escócia,Croácia
5,44,Hungria,Croácia
5,44,Portugal,Croácia
5,44,Suíça,Croácia
5,44,República Tcheca,Croácia
5,44,Dinamarca,Croácia
5,44,Inglaterra,Croácia
5,44,Itália,Croácia
5,44,Geórgia,Croácia
5,44,Alemanha,Croácia
5,44,Albânia,Croácia
5,44,Áustria,Croácia
5,44,Hungria,Escócia
5,44,Portugal,Escócia
5,44,Suíça,Escócia
5,44,República Tcheca,Escócia
5,44,Dinamarca,Escócia
5,44,Inglaterra,Escócia
5,44,Itália,Escócia
5,44,Geórgia,Escócia
5,44,Alemanha,Escócia
5,44,Albânia,Escócia
5,44,Áustria,Escócia
5,44,Portugal,Hungria
5,44,Suíça,Hungria
5,44,República Tcheca,Hungria
5,44,Dinamarca,Hungria
5,44,Inglaterra,Hungria
5,44,Itália,Hungria
5,44,Geórgia,Hungria
5,44,Alemanha,Hungria
5,44,Albânia,Hungria
5,44,Áustria,Hungria
5,44,Suíça,Portugal
5,44,República Tcheca,Portugal
5,44,Dinamarca,Portugal
5,44,Inglaterra,Portugal
5,44,Itália,Portugal
5,44,Geórgia,Portugal
5,44,Alemanha,Portugal
5,44,Albânia,Portugal
5,44,Áustria,Portugal
5,44,República Tcheca,Suíça
5,44,Dinamarca,Suíça
5,44,Inglaterra,Suíça
5,44,Itália,Suíça
5,44,Geórgia,Suíça
5,44,Alemanha,Suíça
5,44,Albânia,Suíça
5,44,Áustria,Suíça
5,44,Dinamarca,República Tcheca
5,44,Inglaterra,República Tcheca
5,44,Itália,República Tcheca
5,44,Geórgia,República Tcheca
5,44,Alemanha,República Tcheca
5,44,Albânia,República Tcheca
5,44,Áustria,República Tcheca
5,44,Inglaterra,Dinamarca
5,44,Itália,Dinamarca
5,44,Geórgia,Dinamarca
5,44,Alemanha,Dinamarca
5,44,Albânia,Dinamarca
5,44,Áustria,Dinamarca
5,44,Itália,Inglaterra
5,44,Geórgia,Inglaterra
5,44,Alemanha,Inglaterra
5,44,Albânia,Inglaterra
5,44,Áustria,Inglaterra
5,44,Geórgia,Itália
5,44,Alemanha,Itália
5,44,Albânia,Itália
5,44,Áustria,Itália
5,44,Alemanha,Geórgia
5,44,Albânia,Geórgia
5,44,Áustria,Geórgia
5,44,Albânia,Alemanha
5,44,Áustria,Alemanha
5,44,Áustria,Albânia
5,47,Eslovênia,Países Baixos
5,47,Bélgica,Países Baixos
5,47,Romênia,Países Baixos
5,47,Ucrânia,Países Baixos
5,47,Polônia,Países Baixos
5,47,Eslováquia,Países Baixos
5,47,Turquia,Países Baixos
5,47,Sérvia,Países Baixos
5,47,Espanha,Países Baixos
5,47,França,Países Baixos
5,47,Croácia,Países Baixos
5,47,Escócia,Países Baixos
5,47,Hungria,Países Baixos
5,47,Portugal,Países Baixos
5,47,Suíça,Países Baixos
5,47,República Tcheca,Países Baixos
5,47,Dinamarca,Países Baixos
5,47,Inglaterra,Países Baixos
5,47,Itália,Países Baixos
5,47,Geórgia,Países Baixos
5,47,Alemanha,Países Baixos
5,47,Albânia,Países Baixos
5,47,Áustria,Países Baixos
5,47,Bélgica,Eslovênia
5,47,Romênia,Eslovênia
5,47,Ucrânia,Eslovênia
5,47,Polônia,Eslovênia
5,47,Eslováquia,Eslovênia
5,47,Turquia,Eslovênia
5,47,Sérvia,Eslovênia
5,47,Espanha,Eslovênia
5,47,França,Eslovênia
5,47,Croácia,Eslovênia
5,47,Escócia,Eslovênia
5,47,Hungria,Eslovênia
5,47,Portugal,Eslovênia
5,47,Suíça,Eslovênia
5,47,República Tcheca,Eslovênia
5,47,Dinamarca,Eslovênia
5,47,Inglaterra,Eslovênia
5,47,Itália,Eslovênia
5,47,Geórgia,Eslovênia
5,47,Alemanha,Eslovênia
5,47,Albânia,Eslovênia
5,47,Áustria,Eslovênia
5,47,Romênia,Bélgica
5,47,Ucrânia,Bélgica
5,47,Polônia,Bélgica
5,47,Eslováquia,Bélgica
5,47,Turquia,Bélgica
5,47,Sérvia,Bélgica
5,47,Espanha,Bélgica
5,47,França,Bélgica
5,47,Croácia,Bélgica
5,47,Escócia,Bélgica
5,47,Hungria,Bélgica
5,47,Portugal,Bélgica
5,47,Suíça,Bélgica
5,47,República Tcheca,Bélgica
5,47,Dinamarca,Bélgica
5,47,Inglaterra,Bélgica
5,47,Itália,Bélgica
5,47,Geórgia,Bélgica
5,47,Alemanha,Bélgica
5,47,Albânia,Bélgica
5,47,Áustria,Bélgica
5,47,Ucrânia,Romênia
5,47,Polônia,Romênia
5,47,Eslováquia,Romênia
5,47,Turquia,Romênia
5,47,Sérvia,Romênia
5,47,Espanha,Romênia
5,47,França,Romênia
5,47,Croácia,Romênia
5,47,Escócia,Romênia
5,47,Hungria,Romênia
5,47,Portugal,Romênia
5,47,Suíça,Romênia
5,47,República Tcheca,Romênia
5,47,Dinamarca,Romênia
5,47,Inglaterra,Romênia
5,47,Itália,Romênia
5,47,Geórgia,Romênia
5,47,Alemanha,Romênia
5,47,Albânia,Romênia
5,47,Áustria,Romênia
5,47,Polônia,Ucrânia
5,47,Eslováquia,Ucrânia
5,47,Turquia,Ucrânia
5,47,Sérvia,Ucrânia
5,47,Espanha,Ucrânia
5,47,França,Ucrânia
5,47,Croácia,Ucrânia
5,47,Escócia,Ucrânia
5,47,Hungria,Ucrânia
5,47,Portugal,Ucrânia
5,47,Suíça,Ucrânia
5,47,República Tcheca,Ucrânia
5,47,Dinamarca,Ucrânia
5,47,Inglaterra,Ucrânia
5,47,Itália,Ucrânia
5,47,Geórgia,Ucrânia
5,47,Alemanha,Ucrânia
5,47,Albânia,Ucrânia
5,47,Áustria,Ucrânia
5,47,Eslováquia,Polônia
5,47,Turquia,Polônia
5,47,Sérvia,Polônia
5,47,Espanha,Polônia
5,47,França,Polônia
5,47,Croácia,Polônia
5,47,Escócia,Polônia
5,47,Hungria,Polônia
5,47,Portugal,Polônia
5,47,Suíça,Polônia
5,47,República Tcheca,Polônia
5,47,Dinamarca,Polônia
5,47,Inglaterra,Polônia
5,47,Itália,Polônia
5,47,Geórgia,Polônia
5,47,Alemanha,Polônia
5,47,Albânia,Polônia
5,47,Áustria,Polônia
5,47,Turquia,Eslováquia
5,47,Sérvia,Eslováquia
5,47,Espanha,Eslováquia
5,47,França,Eslováquia
5,47,Croácia,Eslováquia
5,47,Escócia,Eslováquia
5,47,Hungria,Eslováquia
5,47,Portugal,Eslováquia
5,47,Suíça,Eslováquia
5,47,República Tcheca,Eslováquia
5,47,Dinamarca,Eslováquia
5,47,Inglaterra,Eslováquia
5,47,Itália,Eslováquia
5,47,Geórgia,Eslováquia
5,47,Alemanha,Eslováquia
5,47,Albânia,Eslováquia
5,47,Áustria,Eslováquia
5,47,Sérvia,Turquia
5,47,Espanha,Turquia
5,47,França,Turquia
5,47,Croácia,Turquia
5,47,Escócia,Turquia
5,47,Hungria,Turquia
5,47,Portugal,Turquia
5,47,Suíça,Turquia
5,47,República Tcheca,Turquia
5,47,Dinamarca,Turquia
5,47,Inglaterra,Turquia
5,47,Itália,Turquia
5,47,Geórgia,Turquia
5,47,Alemanha,Turquia
5,47,Albânia,Turquia
5,47,Áustria,Turquia
5,47,Espanha,Sérvia
5,47,França,Sérvia
5,47,Croácia,Sérvia
5,47,Escócia,Sérvia
5,47,Hungria,Sérvia
5,47,Portugal,Sérvia
5,47,Suíça,Sérvia
5,47,República Tcheca,Sérvia
5,47,Dinamarca,Sérvia
5,47,Inglaterra,Sérvia
5,47,Itália,Sérvia
5,47,Geórgia,Sérvia
5,47,Alemanha,Sérvia
5,47,Albânia,Sérvia
5,47,Áustria,Sérvia
5,47,França,Espanha
5,47,Croácia,Espanha
5,47,Escócia,Espanha
5,47,Hungria,Espanha
5,47,Portugal,Espanha
5,47,Suíça,Espanha
5,47,República Tcheca,Espanha
5,47,Dinamarca,Espanha
5,47,Inglaterra,Espanha
5,47,Itália,Espanha
5,47,Geórgia,Espanha
5,47,Alemanha,Espanha
5,47,Albânia,Espanha
5,47,Áustria,Espanha
5,47,Croácia,França
5,47,Escócia,França
5,47,Hungria,França
5,47,Portugal,França
5,47,Suíça,França
5,47,República Tcheca,França
5,47,Dinamarca,França
5,47,Inglaterra,França
5,47,Itália,França
5,47,Geórgia,França
5,47,Alemanha,França
5,47,Albânia,França
5,47,Áustria,França
5,47,Escócia,Croácia
5,47,Hungria,Croácia
5,47,Portugal,Croácia
5,47,Suíça,Croácia
5,47,República Tcheca,Croácia
5,47,Dinamarca,Croácia
5,47,Inglaterra,Croácia
5,47,Itália,Croácia
5,47,Geórgia,Croácia
5,47,Alemanha,Croácia
5,47,Albânia,Croácia
5,47,Áustria,Croácia
5,47,Hungria,Escócia
5,47,Portugal,Escócia
5,47,Suíça,Escócia
5,47,República Tcheca,Escócia
5,47,Dinamarca,Escócia
5,47,Inglaterra,Escócia
5,47,Itália,Escócia
5,47,Geórgia,Escócia
5,47,Alemanha,Escócia
5,47,Albânia,Escócia
5,47,Áustria,Escócia
5,47,Portugal,Hungria
5,47,Suíça,Hungria
5,47,República Tcheca,Hungria
5,47,Dinamarca,Hungria
5,47,Inglaterra,Hungria
5,47,Itália,Hungria
5,47,Geórgia,Hungria
5,47,Alemanha,Hungria
5,47,Albânia,Hungria
5,47,Áustria,Hungria
5,47,Suíça,Portugal
5,47,República Tcheca,Portugal
5,47,Dinamarca,Portugal
5,47,Inglaterra,Portugal
5,47,Itália,Portugal
5,47,Geórgia,Portugal
5,47,Alemanha,Portugal
5,47,Albânia,Portugal
5,47,Áustria,Portugal
5,47,República Tcheca,Suíça
5,47,Dinamarca,Suíça
5,47,Inglaterra,Suíça
5,47,Itália,Suíça
5,47,Geórgia,Suíça
5,47,Alemanha,Suíça
5,47,Albânia,Suíça
5,47,Áustria,Suíça
5,47,Dinamarca,República Tcheca
5,47,Inglaterra,República Tcheca
5,47,Itália,República Tcheca
5,47,Geórgia,República Tcheca
5,47,Alemanha,República Tcheca
5,47,Albânia,República Tcheca
5,47,Áustria,República Tcheca
5,47,Inglaterra,Dinamarca
5,47,Itália,Dinamarca
5,47,Geórgia,Dinamarca
5,47,Alemanha,Dinamarca
5,47,Albânia,Dinamarca
5,47,Áustria,Dinamarca
5,47,Itália,Inglaterra
5,47,Geórgia,Inglaterra
5,47,Alemanha,Inglaterra
5,47,Albânia,Inglaterra
5,47,Áustria,Inglaterra
5,47,Geórgia,Itália
5,47,Alemanha,Itália
5,47,Albânia,Itália
5,47,Áustria,Itália
5,47,Alemanha,Geórgia
5,47,Albânia,Geórgia
5,47,Áustria,Geórgia
5,47,Albânia,Alemanha
5,47,Áustria,Alemanha
5,47,Áustria,Albânia
5,50,Eslovênia,Países Baixos
5,50,Bélgica,Países Baixos
5,50,Romênia,Países Baixos
5,50,Ucrânia,Países Baixos
5,50,Polônia,Países Baixos
5,50,Eslováquia,Países Baixos
5,50,Turquia,Países Baixos
5,50,Sérvia,Países Baixos
5,50,Espanha,Países Baixos
5,50,França,Países Baixos
5,50,Croácia,Países Baixos
5,50,Escócia,Países Baixos
5,50,Hungria,Países Baixos
5,50,Portugal,Países Baixos
5,50,Suíça,Países Baixos
5,50,República Tcheca,Países Baixos
5,50,Dinamarca,Países Baixos
5,50,Inglaterra,Países Baixos
5,50,Itália,Países Baixos
5,50,Geórgia,Países Baixos
5,50,Alemanha,Países Baixos
5,50,Albânia,Países Baixos
5,50,Áustria,Países Baixos
5,50,Bélgica,Eslovênia
5,50,Romênia,Eslovênia
5,50,Ucrânia,Eslovênia
5,50,Polônia,Eslovênia
5,50,Eslováquia,Eslovênia
5,50,Turquia,Eslovênia
5,50,Sérvia,Eslovênia
5,50,Espanha,Eslovênia
5,50,França,Eslovênia
5,50,Croácia,Eslovênia
5,50,Escócia,Eslovênia
5,50,Hungria,Eslovênia
5,50,Portugal,Eslovênia
5,50,Suíça,Eslovênia
5,50,República Tcheca,Eslovênia
5,50,Dinamarca,Eslovênia
5,50,Inglaterra,Eslovênia
5,50,Itália,Eslovênia
5,50,Geórgia,Eslovênia
5,50,Alemanha,Eslovênia
5,50,Albânia,Eslovênia
5,50,Áustria,Eslovênia
5,50,Romênia,Bélgica
5,50,Ucrânia,Bélgica
5,50,Polônia,Bélgica
5,50,Eslováquia,Bélgica
5,50,Turquia,Bélgica
5,50,Sérvia,Bélgica
5,50,Espanha,Bélgica
5,50,França,Bélgica
5,50,Croácia,Bélgica
5,50,Escócia,Bélgica
5,50,Hungria,Bélgica
5,50,Portugal,Bélgica
5,50,Suíça,Bélgica
5,50,República Tcheca,Bélgica
5,50,Dinamarca,Bélgica
5,50,Inglaterra,Bélgica
5,50,Itália,Bélgica
5,50,Geórgia,Bélgica
5,50,Alemanha,Bélgica
5,50,Albânia,Bélgica
5,50,Áustria,Bélgica
5,50,Ucrânia,Romênia
5,50,Polônia,Romênia
5,50,Eslováquia,Romênia
5,50,Turquia,Romênia
5,50,Sérvia,Romênia
5,50,Espanha,Romênia
5,50,França,Romênia
5,50,Croácia,Romênia
5,50,Escócia,Romênia
5,50,Hungria,Romênia
5,50,Portugal,Romênia
5,50,Suíça,Romênia
5,50,República Tcheca,Romênia
5,50,Dinamarca,Romênia
5,50,Inglaterra,Romênia
5,50,Itália,Romênia
5,50,Geórgia,Romênia
5,50,Alemanha,Romênia
5,50,Albânia,Romênia
5,50,Áustria,Romênia
5,50,Polônia,Ucrânia
5,50,Eslováquia,Ucrânia
5,50,Turquia,Ucrânia
5,50,Sérvia,Ucrânia
5,50,Espanha,Ucrânia
5,50,França,Ucrânia
5,50,Croácia,Ucrânia
5,50,Escócia,Ucrânia
5,50,Hungria,Ucrânia
5,50,Portugal,Ucrânia
5,50,Suíça,Ucrânia
5,50,República Tcheca,Ucrânia
5,50,Dinamarca,Ucrânia
5,50,Inglaterra,Ucrânia
5,50,Itália,Ucrânia
5,50,Geórgia,Ucrânia
5,50,Alemanha,Ucrânia
5,50,Albânia,Ucrânia
5,50,Áustria,Ucrânia
5,50,Eslováquia,Polônia
5,50,Turquia,Polônia
5,50,Sérvia,Polônia
5,50,Espanha,Polônia
5,50,França,Polônia
5,50,Croácia,Polônia
5,50,Escócia,Polônia
5,50,Hungria,Polônia
5,50,Portugal,Polônia
5,50,Suíça,Polônia
5,50,República Tcheca,Polônia
5,50,Dinamarca,Polônia
5,50,Inglaterra,Polônia
5,50,Itália,Polônia
5,50,Geórgia,Polônia
5,50,Alemanha,Polônia
5,50,Albânia,Polônia
5,50,Áustria,Polônia
5,50,Turquia,Eslováquia
5,50,Sérvia,Eslováquia
5,50,Espanha,Eslováquia
5,50,França,Eslováquia
5,50,Croácia,Eslováquia
5,50,Escócia,Eslováquia
5,50,Hungria,Eslováquia
5,50,Portugal,Eslováquia
5,50,Suíça,Eslováquia
5,50,República Tcheca,Eslováquia
5,50,Dinamarca,Eslováquia
5,50,Inglaterra,Eslováquia
5,50,Itália,Eslováquia
5,50,Geórgia,Eslováquia
5,50,Alemanha,Eslováquia
5,50,Albânia,Eslováquia
5,50,Áustria,Eslováquia
5,50,Sérvia,Turquia
5,50,Espanha,Turquia
5,50,França,Turquia
5,50,Croácia,Turquia
5,50,Escócia,Turquia
5,50,Hungria,Turquia
5,50,Portugal,Turquia
5,50,Suíça,Turquia
5,50,República Tcheca,Turquia
5,50,Dinamarca,Turquia
5,50,Inglaterra,Turquia
5,50,Itália,Turquia
5,50,Geórgia,Turquia
5,50,Alemanha,Turquia
5,50,Albânia,Turquia
5,50,Áustria,Turquia
5,50,Espanha,Sérvia
5,50,França,Sérvia
5,50,Croácia,Sérvia
5,50,Escócia,Sérvia
5,50,Hungria,Sérvia
5,50,Portugal,Sérvia
5,50,Suíça,Sérvia
5,50,República Tcheca,Sérvia
5,50,Dinamarca,Sérvia
5,50,Inglaterra,Sérvia
5,50,Itália,Sérvia
5,50,Geórgia,Sérvia
5,50,Alemanha,Sérvia
5,50,Albânia,Sérvia
5,50,Áustria,Sérvia
5,50,França,Espanha
5,50,Croácia,Espanha
5,50,Escócia,Espanha
5,50,Hungria,Espanha
5,50,Portugal,Espanha
5,50,Suíça,Espanha
5,50,República Tcheca,Espanha
5,50,Dinamarca,Espanha
5,50,Inglaterra,Espanha
5,50,Itália,Espanha
5,50,Geórgia,Espanha
5,50,Alemanha,Espanha
5,50,Albânia,Espanha
5,50,Áustria,Espanha
5,50,Croácia,França
5,50,Escócia,França
5,50,Hungria,França
5,50,Portugal,França
5,50,Suíça,França
5,50,República Tcheca,França
5,50,Dinamarca,França
5,50,Inglaterra,França
5,50,Itália,França
5,50,Geórgia,França
5,50,Alemanha,França
5,50,Albânia,França
5,50,Áustria,França
5,50,Escócia,Croácia
5,50,Hungria,Croácia
5,50,Portugal,Croácia
5,50,Suíça,Croácia
5,50,República Tcheca,Croácia
5,50,Dinamarca,Croácia
5,50,Inglaterra,Croácia
5,50,Itália,Croácia
5,50,Geórgia,Croácia
5,50,Alemanha,Croácia
5,50,Albânia,Croácia
5,50,Áustria,Croácia
5,50,Hungria,Escócia
5,50,Portugal,Escócia
5,50,Suíça,Escócia
5,50,República Tcheca,Escócia
5,50,Dinamarca,Escócia
5,50,Inglaterra,Escócia
5,50,Itália,Escócia
5,50,Geórgia,Escócia
5,50,Alemanha,Escócia
5,50,Albânia,Escócia
5,50,Áustria,Escócia
5,50,Portugal,Hungria
5,50,Suíça,Hungria
5,50,República Tcheca,Hungria
5,50,Dinamarca,Hungria
5,50,Inglaterra,Hungria
5,50,Itália,Hungria
5,50,Geórgia,Hungria
5,50,Alemanha,Hungria
5,50,Albânia,Hungria
5,50,Áustria,Hungria
5,50,Suíça,Portugal
5,50,República Tcheca,Portugal
5,50,Dinamarca,Portugal
5,50,Inglaterra,Portugal
5,50,Itália,Portugal
5,50,Geórgia,Portugal
5,50,Alemanha,Portugal
5,50,Albânia,Portugal
5,50,Áustria,Portugal
5,50,República Tcheca,Suíça
5,50,Dinamarca,Suíça
5,50,Inglaterra,Suíça
5,50,Itália,Suíça
5,50,Geórgia,Suíça
5,50,Alemanha,Suíça
5,50,Albânia,Suíça
5,50,Áustria,Suíça
5,50,Dinamarca,República Tcheca
5,50,Inglaterra,República Tcheca
5,50,Itália,República Tcheca
5,50,Geórgia,República Tcheca
5,50,Alemanha,República Tcheca
5,50,Albânia,República Tcheca
5,50,Áustria,República Tcheca
5,50,Inglaterra,Dinamarca
5,50,Itália,Dinamarca
5,50,Geórgia,Dinamarca
5,50,Alemanha,Dinamarca
5,50,Albânia,Dinamarca
5,50,Áustria,Dinamarca
5,50,Itália,Inglaterra
5,50,Geórgia,Inglaterra
5,50,Alemanha,Inglaterra
5,50,Albânia,Inglaterra
5,50,Áustria,Inglaterra
5,50,Geórgia,Itália
5,50,Alemanha,Itália
5,50,Albânia,Itália
5,50,Áustria,Itália
5,50,Alemanha,Geórgia
5,50,Albânia,Geórgia
5,50,Áustria,Geórgia
5,50,Albânia,Alemanha
5,50,Áustria,Alemanha
5,50,Áustria,Albânia
5,53,Eslovênia,Países Baixos
5,53,Bélgica,Países Baixos
5,53,Romênia,Países Baixos
5,53,Ucrânia,Países Baixos
5,53,Polônia,Países Baixos
5,53,Eslováquia,Países Baixos
5,53,Turquia,Países Baixos
5,53,Sérvia,Países Baixos
5,53,Espanha,Países Baixos
5,53,França,Países Baixos
5,53,Croácia,Países Baixos
5,53,Escócia,Países Baixos
5,53,Hungria,Países Baixos
5,53,Portugal,Países Baixos
5,53,Suíça,Países Baixos
5,53,República Tcheca,Países Baixos
5,53,Dinamarca,Países Baixos
5,53,Inglaterra,Países Baixos
5,53,Itália,Países Baixos
5,53,Geórgia,Países Baixos
5,53,Alemanha,Países Baixos
5,53,Albânia,Países Baixos
5,53,Áustria,Países Baixos
5,53,Bélgica,Eslovênia
5,53,Romênia,Eslovênia
5,53,Ucrânia,Eslovênia
5,53,Polônia,Eslovênia
5,53,Eslováquia,Eslovênia
5,53,Turquia,Eslovênia
5,53,Sérvia,Eslovênia
5,53,Espanha,Eslovênia
5,53,França,Eslovênia
5,53,Croácia,Eslovênia
5,53,Escócia,Eslovênia
5,53,Hungria,Eslovênia
5,53,Portugal,Eslovênia
5,53,Suíça,Eslovênia
5,53,República Tcheca,Eslovênia
5,53,Dinamarca,Eslovênia
5,53,Inglaterra,Eslovênia
5,53,Itália,Eslovênia
5,53,Geórgia,Eslovênia
5,53,Alemanha,Eslovênia
5,53,Albânia,Eslovênia
5,53,Áustria,Eslovênia
5,53,Romênia,Bélgica
5,53,Ucrânia,Bélgica
5,53,Polônia,Bélgica
5,53,Eslováquia,Bélgica
5,53,Turquia,Bélgica
5,53,Sérvia,Bélgica
5,53,Espanha,Bélgica
5,53,França,Bélgica
5,53,Croácia,Bélgica
5,53,Escócia,Bélgica
5,53,Hungria,Bélgica
5,53,Portugal,Bélgica
5,53,Suíça,Bélgica
5,53,República Tcheca,Bélgica
5,53,Dinamarca,Bélgica
5,53,Inglaterra,Bélgica
5,53,Itália,Bélgica
5,53,Geórgia,Bélgica
5,53,Alemanha,Bélgica
5,53,Albânia,Bélgica
5,53,Áustria,Bélgica
5,53,Ucrânia,Romênia
5,53,Polônia,Romênia
5,53,Eslováquia,Romênia
5,53,Turquia,Romênia
5,53,Sérvia,Romênia
5,53,Espanha,Romênia
5,53,França,Romênia
5,53,Croácia,Romênia
5,53,Escócia,Romênia
5,53,Hungria,Romênia
5,53,Portugal,Romênia
5,53,Suíça,Romênia
5,53,República Tcheca,Romênia
5,53,Dinamarca,Romênia
5,53,Inglaterra,Romênia
5,53,Itália,Romênia
5,53,Geórgia,Romênia
5,53,Alemanha,Romênia
5,53,Albânia,Romênia
5,53,Áustria,Romênia
5,53,Polônia,Ucrânia
5,53,Eslováquia,Ucrânia
5,53,Turquia,Ucrânia
5,53,Sérvia,Ucrânia
5,53,Espanha,Ucrânia
5,53,França,Ucrânia
5,53,Croácia,Ucrânia
5,53,Escócia,Ucrânia
5,53,Hungria,Ucrânia
5,53,Portugal,Ucrânia
5,53,Suíça,Ucrânia
5,53,República Tcheca,Ucrânia
5,53,Dinamarca,Ucrânia
5,53,Inglaterra,Ucrânia
5,53,Itália,Ucrânia
5,53,Geórgia,Ucrânia
5,53,Alemanha,Ucrânia
5,53,Albânia,Ucrânia
5,53,Áustria,Ucrânia
5,53,Eslováquia,Polônia
5,53,Turquia,Polônia
5,53,Sérvia,Polônia
5,53,Espanha,Polônia
5,53,França,Polônia
5,53,Croácia,Polônia
5,53,Escócia,Polônia
5,53,Hungria,Polônia
5,53,Portugal,Polônia
5,53,Suíça,Polônia
5,53,República Tcheca,Polônia
5,53,Dinamarca,Polônia
5,53,Inglaterra,Polônia
5,53,Itália,Polônia
5,53,Geórgia,Polônia
5,53,Alemanha,Polônia
5,53,Albânia,Polônia
5,53,Áustria,Polônia
5,53,Turquia,Eslováquia
5,53,Sérvia,Eslováquia
5,53,Espanha,Eslováquia
5,53,França,Eslováquia
5,53,Croácia,Eslováquia
5,53,Escócia,Eslováquia
5,53,Hungria,Eslováquia
5,53,Portugal,Eslováquia
5,53,Suíça,Eslováquia
5,53,República Tcheca,Eslováquia
5,53,Dinamarca,Eslováquia
5,53,Inglaterra,Eslováquia
5,53,Itália,Eslováquia
5,53,Geórgia,Eslováquia
5,53,Alemanha,Eslováquia
5,53,Albânia,Eslováquia
5,53,Áustria,Eslováquia
5,53,Sérvia,Turquia
5,53,Espanha,Turquia
5,53,França,Turquia
5,53,Croácia,Turquia
5,53,Escócia,Turquia
5,53,Hungria,Turquia
5,53,Portugal,Turquia
5,53,Suíça,Turquia
5,53,República Tcheca,Turquia
5,53,Dinamarca,Turquia
5,53,Inglaterra,Turquia
5,53,Itália,Turquia
5,53,Geórgia,Turquia
5,53,Alemanha,Turquia
5,53,Albânia,Turquia
5,53,Áustria,Turquia
5,53,Espanha,Sérvia
5,53,França,Sérvia
5,53,Croácia,Sérvia
5,53,Escócia,Sérvia
5,53,Hungria,Sérvia
5,53,Portugal,Sérvia
5,53,Suíça,Sérvia
5,53,República Tcheca,Sérvia
5,53,Dinamarca,Sérvia
5,53,Inglaterra,Sérvia
5,53,Itália,Sérvia
5,53,Geórgia,Sérvia
5,53,Alemanha,Sérvia
5,53,Albânia,Sérvia
5,53,Áustria,Sérvia
5,53,França,Espanha
5,53,Croácia,Espanha
5,53,Escócia,Espanha
5,53,Hungria,Espanha
5,53,Portugal,Espanha
5,53,Suíça,Espanha
5,53,República Tcheca,Espanha
5,53,Dinamarca,Espanha
5,53,Inglaterra,Espanha
5,53,Itália,Espanha
5,53,Geórgia,Espanha
5,53,Alemanha,Espanha
5,53,Albânia,Espanha
5,53,Áustria,Espanha
5,53,Croácia,França
5,53,Escócia,França
5,53,Hungria,França
5,53,Portugal,França
5,53,Suíça,França
5,53,República Tcheca,França
5,53,Dinamarca,França
5,53,Inglaterra,França
5,53,Itália,França
5,53,Geórgia,França
5,53,Alemanha,França
5,53,Albânia,França
5,53,Áustria,França
5,53,Escócia,Croácia
5,53,Hungria,Croácia
5,53,Portugal,Croácia
5,53,Suíça,Croácia
5,53,República Tcheca,Croácia
5,53,Dinamarca,Croácia
5,53,Inglaterra,Croácia
5,53,Itália,Croácia
5,53,Geórgia,Croácia
5,53,Alemanha,Croácia
5,53,Albânia,Croácia
5,53,Áustria,Croácia
5,53,Hungria,Escócia
5,53,Portugal,Escócia
5,53,Suíça,Escócia
5,53,República Tcheca,Escócia
5,53,Dinamarca,Escócia
5,53,Inglaterra,Escócia
5,53,Itália,Escócia
5,53,Geórgia,Escócia
5,53,Alemanha,Escócia
5,53,Albânia,Escócia
5,53,Áustria,Escócia
5,53,Portugal,Hungria
5,53,Suíça,Hungria
5,53,República Tcheca,Hungria
5,53,Dinamarca,Hungria
5,53,Inglaterra,Hungria
5,53,Itália,Hungria
5,53,Geórgia,Hungria
5,53,Alemanha,Hungria
5,53,Albânia,Hungria
5,53,Áustria,Hungria
5,53,Suíça,Portugal
5,53,República Tcheca,Portugal
5,53,Dinamarca,Portugal
5,53,Inglaterra,Portugal
5,53,Itália,Portugal
5,53,Geórgia,Portugal
5,53,Alemanha,Portugal
5,53,Albânia,Portugal
5,53,Áustria,Portugal
5,53,República Tcheca,Suíça
5,53,Dinamarca,Suíça
5,53,Inglaterra,Suíça
5,53,Itália,Suíça
5,53,Geórgia,Suíça
5,53,Alemanha,Suíça
5,53,Albânia,Suíça
5,53,Áustria,Suíça
5,53,Dinamarca,República Tcheca
5,53,Inglaterra,República Tcheca
5,53,Itália,República Tcheca
5,53,Geórgia,República Tcheca
5,53,Alemanha,República Tcheca
5,53,Albânia,República Tcheca
5,53,Áustria,República Tcheca
5,53,Inglaterra,Dinamarca
5,53,Itália,Dinamarca
5,53,Geórgia,Dinamarca
5,53,Alemanha,Dinamarca
5,53,Albânia,Dinamarca
5,53,Áustria,Dinamarca
5,53,Itália,Inglaterra
5,53,Geórgia,Inglaterra
5,53,Alemanha,Inglaterra
5,53,Albânia,Inglaterra
5,53,Áustria,Inglaterra
5,53,Geórgia,Itália
5,53,Alemanha,Itália
5,53,Albânia,Itália
5,53,Áustria,Itália
5,53,Alemanha,Geórgia
5,53,Albânia,Geórgia
5,53,Áustria,Geórgia
5,53,Albânia,Alemanha
5,53,Áustria,Alemanha
5,53,Áustria,Albânia
5,56,Eslovênia,Países Baixos
5,56,Bélgica,Países Baixos
5,56,Romênia,Países Baixos
5,56,Ucrânia,Países Baixos
5,56,Polônia,Países Baixos
5,56,Eslováquia,Países Baixos
5,56,Turquia,Países Baixos
5,56,Sérvia,Países Baixos
5,56,Espanha,Países Baixos
5,56,França,Países Baixos
5,56,Croácia,Países Baixos
5,56,Escócia,Países Baixos
5,56,Hungria,Países Baixos
5,56,Portugal,Países Baixos
5,56,Suíça,Países Baixos
5,56,República Tcheca,Países Baixos
5,56,Dinamarca,Países Baixos
5,56,Inglaterra,Países Baixos
5,56,Itália,Países Baixos
5,56,Geórgia,Países Baixos
5,56,Alemanha,Países Baixos
5,56,Albânia,Países Baixos
5,56,Áustria,Países Baixos
5,56,Bélgica,Eslovênia
5,56,Romênia,Eslovênia
5,56,Ucrânia,Eslovênia
5,56,Polônia,Eslovênia
5,56,Eslováquia,Eslovênia
5,56,Turquia,Eslovênia
5,56,Sérvia,Eslovênia
5,56,Espanha,Eslovênia
5,56,França,Eslovênia
5,56,Croácia,Eslovênia
5,56,Escócia,Eslovênia
5,56,Hungria,Eslovênia
5,56,Portugal,Eslovênia
5,56,Suíça,Eslovênia
5,56,República Tcheca,Eslovênia
5,56,Dinamarca,Eslovênia
5,56,Inglaterra,Eslovênia
5,56,Itália,Eslovênia
5,56,Geórgia,Eslovênia
5,56,Alemanha,Eslovênia
5,56,Albânia,Eslovênia
5,56,Áustria,Eslovênia
5,56,Romênia,Bélgica
5,56,Ucrânia,Bélgica
5,56,Polônia,Bélgica
5,56,Eslováquia,Bélgica
5,56,Turquia,Bélgica
5,56,Sérvia,Bélgica
5,56,Espanha,Bélgica
5,56,França,Bélgica
5,56,Croácia,Bélgica
5,56,Escócia,Bélgica
5,56,Hungria,Bélgica
5,56,Portugal,Bélgica
5,56,Suíça,Bélgica
5,56,República Tcheca,Bélgica
5,56,Dinamarca,Bélgica
5,56,Inglaterra,Bélgica
5,56,Itália,Bélgica
5,56,Geórgia,Bélgica
5,56,Alemanha,Bélgica
5,56,Albânia,Bélgica
5,56,Áustria,Bélgica
5,56,Ucrânia,Romênia
5,56,Polônia,Romênia
5,56,Eslováquia,Romênia
5,56,Turquia,Romênia
5,56,Sérvia,Romênia
5,56,Espanha,Romênia
5,56,França,Romênia
5,56,Croácia,Romênia
5,56,Escócia,Romênia
5,56,Hungria,Romênia
5,56,Portugal,Romênia
5,56,Suíça,Romênia
5,56,República Tcheca,Romênia
5,56,Dinamarca,Romênia
5,56,Inglaterra,Romênia
5,56,Itália,Romênia
5,56,Geórgia,Romênia
5,56,Alemanha,Romênia
5,56,Albânia,Romênia
5,56,Áustria,Romênia
5,56,Polônia,Ucrânia
5,56,Eslováquia,Ucrânia
5,56,Turquia,Ucrânia
5,56,Sérvia,Ucrânia
5,56,Espanha,Ucrânia
5,56,França,Ucrânia
5,56,Croácia,Ucrânia
5,56,Escócia,Ucrânia
5,56,Hungria,Ucrânia
5,56,Portugal,Ucrânia
5,56,Suíça,Ucrânia
5,56,República Tcheca,Ucrânia
5,56,Dinamarca,Ucrânia
5,56,Inglaterra,Ucrânia
5,56,Itália,Ucrânia
5,56,Geórgia,Ucrânia
5,56,Alemanha,Ucrânia
5,56,Albânia,Ucrânia
5,56,Áustria,Ucrânia
5,56,Eslováquia,Polônia
5,56,Turquia,Polônia
5,56,Sérvia,Polônia
5,56,Espanha,Polônia
5,56,França,Polônia
5,56,Croácia,Polônia
5,56,Escócia,Polônia
5,56,Hungria,Polônia
5,56,Portugal,Polônia
5,56,Suíça,Polônia
5,56,República Tcheca,Polônia
5,56,Dinamarca,Polônia
5,56,Inglaterra,Polônia
5,56,Itália,Polônia
5,56,Geórgia,Polônia
5,56,Alemanha,Polônia
5,56,Albânia,Polônia
5,56,Áustria,Polônia
5,56,Turquia,Eslováquia
5,56,Sérvia,Eslováquia
5,56,Espanha,Eslováquia
5,56,França,Eslováquia
5,56,Croácia,Eslováquia
5,56,Escócia,Eslováquia
5,56,Hungria,Eslováquia
5,56,Portugal,Eslováquia
5,56,Suíça,Eslováquia
5,56,República Tcheca,Eslováquia
5,56,Dinamarca,Eslováquia
5,56,Inglaterra,Eslováquia
5,56,Itália,Eslováquia
5,56,Geórgia,Eslováquia
5,56,Alemanha,Eslováquia
5,56,Albânia,Eslováquia
5,56,Áustria,Eslováquia
5,56,Sérvia,Turquia
5,56,Espanha,Turquia
5,56,França,Turquia
5,56,Croácia,Turquia
5,56,Escócia,Turquia
5,56,Hungria,Turquia
5,56,Portugal,Turquia
5,56,Suíça,Turquia
5,56,República Tcheca,Turquia
5,56,Dinamarca,Turquia
5,56,Inglaterra,Turquia
5,56,Itália,Turquia
5,56,Geórgia,Turquia
5,56,Alemanha,Turquia
5,56,Albânia,Turquia
5,56,Áustria,Turquia
5,56,Espanha,Sérvia
5,56,França,Sérvia
5,56,Croácia,Sérvia
5,56,Escócia,Sérvia
5,56,Hungria,Sérvia
5,56,Portugal,Sérvia
5,56,Suíça,Sérvia
5,56,República Tcheca,Sérvia
5,56,Dinamarca,Sérvia
5,56,Inglaterra,Sérvia
5,56,Itália,Sérvia
5,56,Geórgia,Sérvia
5,56,Alemanha,Sérvia
5,56,Albânia,Sérvia
5,56,Áustria,Sérvia
5,56,França,Espanha
5,56,Croácia,Espanha
5,56,Escócia,Espanha
5,56,Hungria,Espanha
5,56,Portugal,Espanha
5,56,Suíça,Espanha
5,56,República Tcheca,Espanha
5,56,Dinamarca,Espanha
5,56,Inglaterra,Espanha
5,56,Itália,Espanha
5,56,Geórgia,Espanha
5,56,Alemanha,Espanha
5,56,Albânia,Espanha
5,56,Áustria,Espanha
5,56,Croácia,França
5,56,Escócia,França
5,56,Hungria,França
5,56,Portugal,França
5,56,Suíça,França
5,56,República Tcheca,França
5,56,Dinamarca,França
5,56,Inglaterra,França
5,56,Itália,França
5,56,Geórgia,França
5,56,Alemanha,França
5,56,Albânia,França
5,56,Áustria,França
5,56,Escócia,Croácia
5,56,Hungria,Croácia
5,56,Portugal,Croácia
5,56,Suíça,Croácia
5,56,República Tcheca,Croácia
5,56,Dinamarca,Croácia
5,56,Inglaterra,Croácia
5,56,Itália,Croácia
5,56,Geórgia,Croácia
5,56,Alemanha,Croácia
5,56,Albânia,Croácia
5,56,Áustria,Croácia
5,56,Hungria,Escócia
5,56,Portugal,Escócia
5,56,Suíça,Escócia
5,56,República Tcheca,Escócia
5,56,Dinamarca,Escócia
5,56,Inglaterra,Escócia
5,56,Itália,Escócia
5,56,Geórgia,Escócia
5,56,Alemanha,Escócia
5,56,Albânia,Escócia
5,56,Áustria,Escócia
5,56,Portugal,Hungria
5,56,Suíça,Hungria
5,56,República Tcheca,Hungria
5,56,Dinamarca,Hungria
5,56,Inglaterra,Hungria
5,56,Itália,Hungria
5,56,Geórgia,Hungria
5,56,Alemanha,Hungria
5,56,Albânia,Hungria
5,56,Áustria,Hungria
5,56,Suíça,Portugal
5,56,República Tcheca,Portugal
5,56,Dinamarca,Portugal
5,56,Inglaterra,Portugal
5,56,Itália,Portugal
5,56,Geórgia,Portugal
5,56,Alemanha,Portugal
5,56,Albânia,Portugal
5,56,Áustria,Portugal
5,56,República Tcheca,Suíça
5,56,Dinamarca,Suíça
5,56,Inglaterra,Suíça
5,56,Itália,Suíça
5,56,Geórgia,Suíça
5,56,Alemanha,Suíça
5,56,Albânia,Suíça
5,56,Áustria,Suíça
5,56,Dinamarca,República Tcheca
5,56,Inglaterra,República Tcheca
5,56,Itália,República Tcheca
5,56,Geórgia,República Tcheca
5,56,Alemanha,República Tcheca
5,56,Albânia,República Tcheca
5,56,Áustria,República Tcheca
5,56,Inglaterra,Dinamarca
5,56,Itália,Dinamarca
5,56,Geórgia,Dinamarca
5,56,Alemanha,Dinamarca
5,56,Albânia,Dinamarca
5,56,Áustria,Dinamarca
5,56,Itália,Inglaterra
5,56,Geórgia,Inglaterra
5,56,Alemanha,Inglaterra
5,56,Albânia,Inglaterra
5,56,Áustria,Inglaterra
5,56,Geórgia,Itália
5,56,Alemanha,Itália
5,56,Albânia,Itália
5,56,Áustria,Itália
5,56,Alemanha,Geórgia
5,56,Albânia,Geórgia
5,56,Áustria,Geórgia
5,56,Albânia,Alemanha
5,56,Áustria,Alemanha
5,56,Áustria,Albânia
5,59,Eslovênia,Países Baixos
5,59,Bélgica,Países Baixos
5,59,Romênia,Países Baixos
5,59,Ucrânia,Países Baixos
5,59,Polônia,Países Baixos
5,59,Eslováquia,Países Baixos
5,59,Turquia,Países Baixos
5,59,Sérvia,Países Baixos
5,59,Espanha,Países Baixos
5,59,França,Países Baixos
5,59,Croácia,Países Baixos
5,59,Escócia,Países Baixos
5,59,Hungria,Países Baixos
5,59,Portugal,Países Baixos
5,59,Suíça,Países Baixos
5,59,República Tcheca,Países Baixos
5,59,Dinamarca,Países Baixos
5,59,Inglaterra,Países Baixos
5,59,Itália,Países Baixos
5,59,Geórgia,Países Baixos
5,59,Alemanha,Países Baixos
5,59,Albânia,Países Baixos
5,59,Áustria,Países Baixos
5,59,Bélgica,Eslovênia
5,59,Romênia,Eslovênia
5,59,Ucrânia,Eslovênia
5,59,Polônia,Eslovênia
5,59,Eslováquia,Eslovênia
5,59,Turquia,Eslovênia
5,59,Sérvia,Eslovênia
5,59,Espanha,Eslovênia
5,59,França,Eslovênia
5,59,Croácia,Eslovênia
5,59,Escócia,Eslovênia
5,59,Hungria,Eslovênia
5,59,Portugal,Eslovênia
5,59,Suíça,Eslovênia
5,59,República Tcheca,Eslovênia
5,59,Dinamarca,Eslovênia
5,59,Inglaterra,Eslovênia
5,59,Itália,Eslovênia
5,59,Geórgia,Eslovênia
5,59,Alemanha,Eslovênia
5,59,Albânia,Eslovênia
5,59,Áustria,Eslovênia
5,59,Romênia,Bélgica
5,59,Ucrânia,Bélgica
5,59,Polônia,Bélgica
5,59,Eslováquia,Bélgica
5,59,Turquia,Bélgica
5,59,Sérvia,Bélgica
5,59,Espanha,Bélgica
5,59,França,Bélgica
5,59,Croácia,Bélgica
5,59,Escócia,Bélgica
5,59,Hungria,Bélgica
5,59,Portugal,Bélgica
5,59,Suíça,Bélgica
5,59,República Tcheca,Bélgica
5,59,Dinamarca,Bélgica
5,59,Inglaterra,Bélgica
5,59,Itália,Bélgica
5,59,Geórgia,Bélgica
5,59,Alemanha,Bélgica
5,59,Albânia,Bélgica
5,59,Áustria,Bélgica
5,59,Ucrânia,Romênia
5,59,Polônia,Romênia
5,59,Eslováquia,Romênia
5,59,Turquia,Romênia
5,59,Sérvia,Romênia
5,59,Espanha,Romênia
5,59,França,Romênia
5,59,Croácia,Romênia
5,59,Escócia,Romênia
5,59,Hungria,Romênia
5,59,Portugal,Romênia
5,59,Suíça,Romênia
5,59,República Tcheca,Romênia
5,59,Dinamarca,Romênia
5,59,Inglaterra,Romênia
5,59,Itália,Romênia
5,59,Geórgia,Romênia
5,59,Alemanha,Romênia
5,59,Albânia,Romênia
5,59,Áustria,Romênia
5,59,Polônia,Ucrânia
5,59,Eslováquia,Ucrânia
5,59,Turquia,Ucrânia
5,59,Sérvia,Ucrânia
5,59,Espanha,Ucrânia
5,59,França,Ucrânia
5,59,Croácia,Ucrânia
5,59,Escócia,Ucrânia
5,59,Hungria,Ucrânia
5,59,Portugal,Ucrânia
5,59,Suíça,Ucrânia
5,59,República Tcheca,Ucrânia
5,59,Dinamarca,Ucrânia
5,59,Inglaterra,Ucrânia
5,59,Itália,Ucrânia
5,59,Geórgia,Ucrânia
5,59,Alemanha,Ucrânia
5,59,Albânia,Ucrânia
5,59,Áustria,Ucrânia
5,59,Eslováquia,Polônia
5,59,Turquia,Polônia
5,59,Sérvia,Polônia
5,59,Espanha,Polônia
5,59,França,Polônia
5,59,Croácia,Polônia
5,59,Escócia,Polônia
5,59,Hungria,Polônia
5,59,Portugal,Polônia
5,59,Suíça,Polônia
5,59,República Tcheca,Polônia
5,59,Dinamarca,Polônia
5,59,Inglaterra,Polônia
5,59,Itália,Polônia
5,59,Geórgia,Polônia
5,59,Alemanha,Polônia
5,59,Albânia,Polônia
5,59,Áustria,Polônia
5,59,Turquia,Eslováquia
5,59,Sérvia,Eslováquia
5,59,Espanha,Eslováquia
5,59,França,Eslováquia
5,59,Croácia,Eslováquia
5,59,Escócia,Eslováquia
5,59,Hungria,Eslováquia
5,59,Portugal,Eslováquia
5,59,Suíça,Eslováquia
5,59,República Tcheca,Eslováquia
5,59,Dinamarca,Eslováquia
5,59,Inglaterra,Eslováquia
5,59,Itália,Eslováquia
5,59,Geórgia,Eslováquia
5,59,Alemanha,Eslováquia
5,59,Albânia,Eslováquia
5,59,Áustria,Eslováquia
5,59,Sérvia,Turquia
5,59,Espanha,Turquia
5,59,França,Turquia
5,59,Croácia,Turquia
5,59,Escócia,Turquia
5,59,Hungria,Turquia
5,59,Portugal,Turquia
5,59,Suíça,Turquia
5,59,República Tcheca,Turquia
5,59,Dinamarca,Turquia
5,59,Inglaterra,Turquia
5,59,Itália,Turquia
5,59,Geórgia,Turquia
5,59,Alemanha,Turquia
5,59,Albânia,Turquia
5,59,Áustria,Turquia
5,59,Espanha,Sérvia
5,59,França,Sérvia
5,59,Croácia,Sérvia
5,59,Escócia,Sérvia
5,59,Hungria,Sérvia
5,59,Portugal,Sérvia
5,59,Suíça,Sérvia
5,59,República Tcheca,Sérvia
5,59,Dinamarca,Sérvia
5,59,Inglaterra,Sérvia
5,59,Itália,Sérvia
5,59,Geórgia,Sérvia
5,59,Alemanha,Sérvia
5,59,Albânia,Sérvia
5,59,Áustria,Sérvia
5,59,França,Espanha
5,59,Croácia,Espanha
5,59,Escócia,Espanha
5,59,Hungria,Espanha
5,59,Portugal,Espanha
5,59,Suíça,Espanha
5,59,República Tcheca,Espanha
5,59,Dinamarca,Espanha
5,59,Inglaterra,Espanha
5,59,Itália,Espanha
5,59,Geórgia,Espanha
5,59,Alemanha,Espanha
5,59,Albânia,Espanha
5,59,Áustria,Espanha
5,59,Croácia,França
5,59,Escócia,França
5,59,Hungria,França
5,59,Portugal,França
5,59,Suíça,França
5,59,República Tcheca,França
5,59,Dinamarca,França
5,59,Inglaterra,França
5,59,Itália,França
5,59,Geórgia,França
5,59,Alemanha,França
5,59,Albânia,França
5,59,Áustria,França
5,59,Escócia,Croácia
5,59,Hungria,Croácia
5,59,Portugal,Croácia
5,59,Suíça,Croácia
5,59,República Tcheca,Croácia
5,59,Dinamarca,Croácia
5,59,Inglaterra,Croácia
5,59,Itália,Croácia
5,59,Geórgia,Croácia
5,59,Alemanha,Croácia
5,59,Albânia,Croácia
5,59,Áustria,Croácia
5,59,Hungria,Escócia
5,59,Portugal,Escócia
5,59,Suíça,Escócia
5,59,República Tcheca,Escócia
5,59,Dinamarca,Escócia
5,59,Inglaterra,Escócia
5,59,Itália,Escócia
5,59,Geórgia,Escócia
5,59,Alemanha,Escócia
5,59,Albânia,Escócia
5,59,Áustria,Escócia
5,59,Portugal,Hungria
5,59,Suíça,Hungria
5,59,República Tcheca,Hungria
5,59,Dinamarca,Hungria
5,59,Inglaterra,Hungria
5,59,Itália,Hungria
5,59,Geórgia,Hungria
5,59,Alemanha,Hungria
5,59,Albânia,Hungria
5,59,Áustria,Hungria
5,59,Suíça,Portugal
5,59,República Tcheca,Portugal
5,59,Dinamarca,Portugal
5,59,Inglaterra,Portugal
5,59,Itália,Portugal
5,59,Geórgia,Portugal
5,59,Alemanha,Portugal
5,59,Albânia,Portugal
5,59,Áustria,Portugal
5,59,República Tcheca,Suíça
5,59,Dinamarca,Suíça
5,59,Inglaterra,Suíça
5,59,Itália,Suíça
5,59,Geórgia,Suíça
5,59,Alemanha,Suíça
5,59,Albânia,Suíça
5,59,Áustria,Suíça
5,59,Dinamarca,República Tcheca
5,59,Inglaterra,República Tcheca
5,59,Itália,República Tcheca
5,59,Geórgia,República Tcheca
5,59,Alemanha,República Tcheca
5,59,Albânia,República Tcheca
5,59,Áustria,República Tcheca
5,59,Inglaterra,Dinamarca
5,59,Itália,Dinamarca
5,59,Geórgia,Dinamarca
5,59,Alemanha,Dinamarca
5,59,Albânia,Dinamarca
5,59,Áustria,Dinamarca
5,59,Itália,Inglaterra
5,59,Geórgia,Inglaterra
5,59,Alemanha,Inglaterra
5,59,Albânia,Inglaterra
5,59,Áustria,Inglaterra
5,59,Geórgia,Itália
5,59,Alemanha,Itália
5,59,Albânia,Itália
5,59,Áustria,Itália
5,59,Alemanha,Geórgia
5,59,Albânia,Geórgia
5,59,Áustria,Geórgia
5,59,Albânia,Alemanha
5,59,Áustria,Alemanha
5,59,Áustria,Albânia
6,2,Eslovênia,Países Baixos
6,2,Bélgica,Países Baixos
6,2,Romênia,Países Baixos
6,2,Ucrânia,Países Baixos
6,2,Polônia,Países Baixos
6,2,Eslováquia,Países Baixos
6,2,Turquia,Países Baixos
6,2,Sérvia,Países Baixos
6,2,Espanha,Países Baixos
6,2,França,Países Baixos
6,2,Croácia,Países Baixos
6,2,Escócia,Países Baixos
6,2,Hungria,Países Baixos
6,2,Portugal,Países Baixos
6,2,Suíça,Países Baixos
6,2,República Tcheca,Países Baixos
6,2,Dinamarca,Países Baixos
6,2,Inglaterra,Países Baixos
6,2,Itália,Países Baixos
6,2,Geórgia,Países Baixos
6,2,Alemanha,Países Baixos
6,2,Albânia,Países Baixos
6,2,Áustria,Países Baixos
6,2,Bélgica,Eslovênia
6,2,Romênia,Eslovênia
6,2,Ucrânia,Eslovênia
6,2,Polônia,Eslovênia
6,2,Eslováquia,Eslovênia
6,2,Turquia,Eslovênia
6,2,Sérvia,Eslovênia
6,2,Espanha,Eslovênia
6,2,França,Eslovênia
6,2,Croácia,Eslovênia
6,2,Escócia,Eslovênia
6,2,Hungria,Eslovênia
6,2,Portugal,Eslovênia
6,2,Suíça,Eslovênia
6,2,República Tcheca,Eslovênia
6,2,Dinamarca,Eslovênia
6,2,Inglaterra,Eslovênia
6,2,Itália,Eslovênia
6,2,Geórgia,Eslovênia
6,2,Alemanha,Eslovênia
6,2,Albânia,Eslovênia
6,2,Áustria,Eslovênia
6,2,Romênia,Bélgica
6,2,Ucrânia,Bélgica
6,2,Polônia,Bélgica
6,2,Eslováquia,Bélgica
6,2,Turquia,Bélgica
6,2,Sérvia,Bélgica
6,2,Espanha,Bélgica
6,2,França,Bélgica
6,2,Croácia,Bélgica
6,2,Escócia,Bélgica
6,2,Hungria,Bélgica
6,2,Portugal,Bélgica
6,2,Suíça,Bélgica
6,2,República Tcheca,Bélgica
6,2,Dinamarca,Bélgica
6,2,Inglaterra,Bélgica
6,2,Itália,Bélgica
6,2,Geórgia,Bélgica
6,2,Alemanha,Bélgica
6,2,Albânia,Bélgica
6,2,Áustria,Bélgica
6,2,Ucrânia,Romênia
6,2,Polônia,Romênia
6,2,Eslováquia,Romênia
6,2,Turquia,Romênia
6,2,Sérvia,Romênia
6,2,Espanha,Romênia
6,2,França,Romênia
6,2,Croácia,Romênia
6,2,Escócia,Romênia
6,2,Hungria,Romênia
6,2,Portugal,Romênia
6,2,Suíça,Romênia
6,2,República Tcheca,Romênia
6,2,Dinamarca,Romênia
6,2,Inglaterra,Romênia
6,2,Itália,Romênia
6,2,Geórgia,Romênia
6,2,Alemanha,Romênia
6,2,Albânia,Romênia
6,2,Áustria,Romênia
6,2,Polônia,Ucrânia
6,2,Eslováquia,Ucrânia
6,2,Turquia,Ucrânia
6,2,Sérvia,Ucrânia
6,2,Espanha,Ucrânia
6,2,França,Ucrânia
6,2,Croácia,Ucrânia
6,2,Escócia,Ucrânia
6,2,Hungria,Ucrânia
6,2,Portugal,Ucrânia
6,2,Suíça,Ucrânia
6,2,República Tcheca,Ucrânia
6,2,Dinamarca,Ucrânia
6,2,Inglaterra,Ucrânia
6,2,Itália,Ucrânia
6,2,Geórgia,Ucrânia
6,2,Alemanha,Ucrânia
6,2,Albânia,Ucrânia
6,2,Áustria,Ucrânia
6,2,Eslováquia,Polônia
6,2,Turquia,Polônia
6,2,Sérvia,Polônia
6,2,Espanha,Polônia
6,2,França,Polônia
6,2,Croácia,Polônia
6,2,Escócia,Polônia
6,2,Hungria,Polônia
6,2,Portugal,Polônia
6,2,Suíça,Polônia
6,2,República Tcheca,Polônia
6,2,Dinamarca,Polônia
6,2,Inglaterra,Polônia
6,2,Itália,Polônia
6,2,Geórgia,Polônia
6,2,Alemanha,Polônia
6,2,Albânia,Polônia
6,2,Áustria,Polônia
6,2,Turquia,Eslováquia
6,2,Sérvia,Eslováquia
6,2,Espanha,Eslováquia
6,2,França,Eslováquia
6,2,Croácia,Eslováquia
6,2,Escócia,Eslováquia
6,2,Hungria,Eslováquia
6,2,Portugal,Eslováquia
6,2,Suíça,Eslováquia
6,2,República Tcheca,Eslováquia
6,2,Dinamarca,Eslováquia
6,2,Inglaterra,Eslováquia
6,2,Itália,Eslováquia
6,2,Geórgia,Eslováquia
6,2,Alemanha,Eslováquia
6,2,Albânia,Eslováquia
6,2,Áustria,Eslováquia
6,2,Sérvia,Turquia
6,2,Espanha,Turquia
6,2,França,Turquia
6,2,Croácia,Turquia
6,2,Escócia,Turquia
6,2,Hungria,Turquia
6,2,Portugal,Turquia
6,2,Suíça,Turquia
6,2,República Tcheca,Turquia
6,2,Dinamarca,Turquia
6,2,Inglaterra,Turquia
6,2,Itália,Turquia
6,2,Geórgia,Turquia
6,2,Alemanha,Turquia
6,2,Albânia,Turquia
6,2,Áustria,Turquia
6,2,Espanha,Sérvia
6,2,França,Sérvia
6,2,Croácia,Sérvia
6,2,Escócia,Sérvia
6,2,Hungria,Sérvia
6,2,Portugal,Sérvia
6,2,Suíça,Sérvia
6,2,República Tcheca,Sérvia
6,2,Dinamarca,Sérvia
6,2,Inglaterra,Sérvia
6,2,Itália,Sérvia
6,2,Geórgia,Sérvia
6,2,Alemanha,Sérvia
6,2,Albânia,Sérvia
6,2,Áustria,Sérvia
6,2,França,Espanha
6,2,Croácia,Espanha
6,2,Escócia,Espanha
6,2,Hungria,Espanha
6,2,Portugal,Espanha
6,2,Suíça,Espanha
6,2,República Tcheca,Espanha
6,2,Dinamarca,Espanha
6,2,Inglaterra,Espanha
6,2,Itália,Espanha
6,2,Geórgia,Espanha
6,2,Alemanha,Espanha
6,2,Albânia,Espanha
6,2,Áustria,Espanha
6,2,Croácia,França
6,2,Escócia,França
6,2,Hungria,França
6,2,Portugal,França
6,2,Suíça,França
6,2,República Tcheca,França
6,2,Dinamarca,França
6,2,Inglaterra,França
6,2,Itália,França
6,2,Geórgia,França
6,2,Alemanha,França
6,2,Albânia,França
6,2,Áustria,França
6,2,Escócia,Croácia
6,2,Hungria,Croácia
6,2,Portugal,Croácia
6,2,Suíça,Croácia
6,2,República Tcheca,Croácia
6,2,Dinamarca,Croácia
6,2,Inglaterra,Croácia
6,2,Itália,Croácia
6,2,Geórgia,Croácia
6,2,Alemanha,Croácia
6,2,Albânia,Croácia
6,2,Áustria,Croácia
6,2,Hungria,Escócia
6,2,Portugal,Escócia
6,2,Suíça,Escócia
6,2,República Tcheca,Escócia
6,2,Dinamarca,Escócia
6,2,Inglaterra,Escócia
6,2,Itália,Escócia
6,2,Geórgia,Escócia
6,2,Alemanha,Escócia
6,2,Albânia,Escócia
6,2,Áustria,Escócia
6,2,Portugal,Hungria
6,2,Suíça,Hungria
6,2,República Tcheca,Hungria
6,2,Dinamarca,Hungria
6,2,Inglaterra,Hungria
6,2,Itália,Hungria
6,2,Geórgia,Hungria
6,2,Alemanha,Hungria
6,2,Albânia,Hungria
6,2,Áustria,Hungria
6,2,Suíça,Portugal
6,2,República Tcheca,Portugal
6,2,Dinamarca,Portugal
6,2,Inglaterra,Portugal
6,2,Itália,Portugal
6,2,Geórgia,Portugal
6,2,Alemanha,Portugal
6,2,Albânia,Portugal
6,2,Áustria,Portugal
6,2,República Tcheca,Suíça
6,2,Dinamarca,Suíça
6,2,Inglaterra,Suíça
6,2,Itália,Suíça
6,2,Geórgia,Suíça
6,2,Alemanha,Suíça
6,2,Albânia,Suíça
6,2,Áustria,Suíça
6,2,Dinamarca,República Tcheca
6,2,Inglaterra,República Tcheca
6,2,Itália,República Tcheca
6,2,Geórgia,República Tcheca
6,2,Alemanha,República Tcheca
6,2,Albânia,República Tcheca
6,2,Áustria,República Tcheca
6,2,Inglaterra,Dinamarca
6,2,Itália,Dinamarca
6,2,Geórgia,Dinamarca
6,2,Alemanha,Dinamarca
6,2,Albânia,Dinamarca
6,2,Áustria,Dinamarca
6,2,Itália,Inglaterra
6,2,Geórgia,Inglaterra
6,2,Alemanha,Inglaterra
6,2,Albânia,Inglaterra
6,2,Áustria,Inglaterra
6,2,Geórgia,Itália
6,2,Alemanha,Itália
6,2,Albânia,Itália
6,2,Áustria,Itália
6,2,Alemanha,Geórgia
6,2,Albânia,Geórgia
6,2,Áustria,Geórgia
6,2,Albânia,Alemanha
6,2,Áustria,Alemanha
6,2,Áustria,Albânia
6,5,Eslovênia,Países Baixos
6,5,Bélgica,Países Baixos
6,5,Romênia,Países Baixos
6,5,Ucrânia,Países Baixos
6,5,Polônia,Países Baixos
6,5,Eslováquia,Países Baixos
6,5,Turquia,Países Baixos
6,5,Sérvia,Países Baixos
6,5,Espanha,Países Baixos
6,5,França,Países Baixos
6,5,Croácia,Países Baixos
6,5,Escócia,Países Baixos
6,5,Hungria,Países Baixos
6,5,Portugal,Países Baixos
6,5,Suíça,Países Baixos
6,5,República Tcheca,Países Baixos
6,5,Dinamarca,Países Baixos
6,5,Inglaterra,Países Baixos
6,5,Itália,Países Baixos
6,5,Geórgia,Países Baixos
6,5,Alemanha,Países Baixos
6,5,Albânia,Países Baixos
6,5,Áustria,Países Baixos
6,5,Bélgica,Eslovênia
6,5,Romênia,Eslovênia
6,5,Ucrânia,Eslovênia
6,5,Polônia,Eslovênia
6,5,Eslováquia,Eslovênia
6,5,Turquia,Eslovênia
6,5,Sérvia,Eslovênia
6,5,Espanha,Eslovênia
6,5,França,Eslovênia
6,5,Croácia,Eslovênia
6,5,Escócia,Eslovênia
6,5,Hungria,Eslovênia
6,5,Portugal,Eslovênia
6,5,Suíça,Eslovênia
6,5,República Tcheca,Eslovênia
6,5,Dinamarca,Eslovênia
6,5,Inglaterra,Eslovênia
6,5,Itália,Eslovênia
6,5,Geórgia,Eslovênia
6,5,Alemanha,Eslovênia
6,5,Albânia,Eslovênia
6,5,Áustria,Eslovênia
6,5,Romênia,Bélgica
6,5,Ucrânia,Bélgica
6,5,Polônia,Bélgica
6,5,Eslováquia,Bélgica
6,5,Turquia,Bélgica
6,5,Sérvia,Bélgica
6,5,Espanha,Bélgica
6,5,França,Bélgica
6,5,Croácia,Bélgica
6,5,Escócia,Bélgica
6,5,Hungria,Bélgica
6,5,Portugal,Bélgica
6,5,Suíça,Bélgica
6,5,República Tcheca,Bélgica
6,5,Dinamarca,Bélgica
6,5,Inglaterra,Bélgica
6,5,Itália,Bélgica
6,5,Geórgia,Bélgica
6,5,Alemanha,Bélgica
6,5,Albânia,Bélgica
6,5,Áustria,Bélgica
6,5,Ucrânia,Romênia
6,5,Polônia,Romênia
6,5,Eslováquia,Romênia
6,5,Turquia,Romênia
6,5,Sérvia,Romênia
6,5,Espanha,Romênia
6,5,França,Romênia
6,5,Croácia,Romênia
6,5,Escócia,Romênia
6,5,Hungria,Romênia
6,5,Portugal,Romênia
6,5,Suíça,Romênia
6,5,República Tcheca,Romênia
6,5,Dinamarca,Romênia
6,5,Inglaterra,Romênia
6,5,Itália,Romênia
6,5,Geórgia,Romênia
6,5,Alemanha,Romênia
6,5,Albânia,Romênia
6,5,Áustria,Romênia
6,5,Polônia,Ucrânia
6,5,Eslováquia,Ucrânia
6,5,Turquia,Ucrânia
6,5,Sérvia,Ucrânia
6,5,Espanha,Ucrânia
6,5,França,Ucrânia
6,5,Croácia,Ucrânia
6,5,Escócia,Ucrânia
6,5,Hungria,Ucrânia
6,5,Portugal,Ucrânia
6,5,Suíça,Ucrânia
6,5,República Tcheca,Ucrânia
6,5,Dinamarca,Ucrânia
6,5,Inglaterra,Ucrânia
6,5,Itália,Ucrânia
6,5,Geórgia,Ucrânia
6,5,Alemanha,Ucrânia
6,5,Albânia,Ucrânia
6,5,Áustria,Ucrânia
6,5,Eslováquia,Polônia
6,5,Turquia,Polônia
6,5,Sérvia,Polônia
6,5,Espanha,Polônia
6,5,França,Polônia
6,5,Croácia,Polônia
6,5,Escócia,Polônia
6,5,Hungria,Polônia
6,5,Portugal,Polônia
6,5,Suíça,Polônia
6,5,República Tcheca,Polônia
6,5,Dinamarca,Polônia
6,5,Inglaterra,Polônia
6,5,Itália,Polônia
6,5,Geórgia,Polônia
6,5,Alemanha,Polônia
6,5,Albânia,Polônia
6,5,Áustria,Polônia
6,5,Turquia,Eslováquia
6,5,Sérvia,Eslováquia
6,5,Espanha,Eslováquia
6,5,França,Eslováquia
6,5,Croácia,Eslováquia
6,5,Escócia,Eslováquia
6,5,Hungria,Eslováquia
6,5,Portugal,Eslováquia
6,5,Suíça,Eslováquia
6,5,República Tcheca,Eslováquia
6,5,Dinamarca,Eslováquia
6,5,Inglaterra,Eslováquia
6,5,Itália,Eslováquia
6,5,Geórgia,Eslováquia
6,5,Alemanha,Eslováquia
6,5,Albânia,Eslováquia
6,5,Áustria,Eslováquia
6,5,Sérvia,Turquia
6,5,Espanha,Turquia
6,5,França,Turquia
6,5,Croácia,Turquia
6,5,Escócia,Turquia
6,5,Hungria,Turquia
6,5,Portugal,Turquia
6,5,Suíça,Turquia
6,5,República Tcheca,Turquia
6,5,Dinamarca,Turquia
6,5,Inglaterra,Turquia
6,5,Itália,Turquia
6,5,Geórgia,Turquia
6,5,Alemanha,Turquia
6,5,Albânia,Turquia
6,5,Áustria,Turquia
6,5,Espanha,Sérvia
6,5,França,Sérvia
6,5,Croácia,Sérvia
6,5,Escócia,Sérvia
6,5,Hungria,Sérvia
6,5,Portugal,Sérvia
6,5,Suíça,Sérvia
6,5,República Tcheca,Sérvia
6,5,Dinamarca,Sérvia
6,5,Inglaterra,Sérvia
6,5,Itália,Sérvia
6,5,Geórgia,Sérvia
6,5,Alemanha,Sérvia
6,5,Albânia,Sérvia
6,5,Áustria,Sérvia
6,5,França,Espanha
6,5,Croácia,Espanha
6,5,Escócia,Espanha
6,5,Hungria,Espanha
6,5,Portugal,Espanha
6,5,Suíça,Espanha
6,5,República Tcheca,Espanha
6,5,Dinamarca,Espanha
6,5,Inglaterra,Espanha
6,5,Itália,Espanha
6,5,Geórgia,Espanha
6,5,Alemanha,Espanha
6,5,Albânia,Espanha
6,5,Áustria,Espanha
6,5,Croácia,França
6,5,Escócia,França
6,5,Hungria,França
6,5,Portugal,França
6,5,Suíça,França
6,5,República Tcheca,França
6,5,Dinamarca,França
6,5,Inglaterra,França
6,5,Itália,França
6,5,Geórgia,França
6,5,Alemanha,França
6,5,Albânia,França
6,5,Áustria,França
6,5,Escócia,Croácia
6,5,Hungria,Croácia
6,5,Portugal,Croácia
6,5,Suíça,Croácia
6,5,República Tcheca,Croácia
6,5,Dinamarca,Croácia
6,5,Inglaterra,Croácia
6,5,Itália,Croácia
6,5,Geórgia,Croácia
6,5,Alemanha,Croácia
6,5,Albânia,Croácia
6,5,Áustria,Croácia
6,5,Hungria,Escócia
6,5,Portugal,Escócia
6,5,Suíça,Escócia
6,5,República Tcheca,Escócia
6,5,Dinamarca,Escócia
6,5,Inglaterra,Escócia
6,5,Itália,Escócia
6,5,Geórgia,Escócia
6,5,Alemanha,Escócia
6,5,Albânia,Escócia
6,5,Áustria,Escócia
6,5,Portugal,Hungria
6,5,Suíça,Hungria
6,5,República Tcheca,Hungria
6,5,Dinamarca,Hungria
6,5,Inglaterra,Hungria
6,5,Itália,Hungria
6,5,Geórgia,Hungria
6,5,Alemanha,Hungria
6,5,Albânia,Hungria
6,5,Áustria,Hungria
6,5,Suíça,Portugal
6,5,República Tcheca,Portugal
6,5,Dinamarca,Portugal
6,5,Inglaterra,Portugal
6,5,Itália,Portugal
6,5,Geórgia,Portugal
6,5,Alemanha,Portugal
6,5,Albânia,Portugal
6,5,Áustria,Portugal
6,5,República Tcheca,Suíça
6,5,Dinamarca,Suíça
6,5,Inglaterra,Suíça
6,5,Itália,Suíça
6,5,Geórgia,Suíça
6,5,Alemanha,Suíça
6,5,Albânia,Suíça
6,5,Áustria,Suíça
6,5,Dinamarca,República Tcheca
6,5,Inglaterra,República Tcheca
6,5,Itália,República Tcheca
6,5,Geórgia,República Tcheca
6,5,Alemanha,República Tcheca
6,5,Albânia,República Tcheca
6,5,Áustria,República Tcheca
6,5,Inglaterra,Dinamarca
6,5,Itália,Dinamarca
6,5,Geórgia,Dinamarca
6,5,Alemanha,Dinamarca
6,5,Albânia,Dinamarca
6,5,Áustria,Dinamarca
6,5,Itália,Inglaterra
6,5,Geórgia,Inglaterra
6,5,Alemanha,Inglaterra
6,5,Albânia,Inglaterra
6,5,Áustria,Inglaterra
6,5,Geórgia,Itália
6,5,Alemanha,Itália
6,5,Albânia,Itália
6,5,Áustria,Itália
6,5,Alemanha,Geórgia
6,5,Albânia,Geórgia
6,5,Áustria,Geórgia
6,5,Albânia,Alemanha
6,5,Áustria,Alemanha
6,5,Áustria,Albânia
6,8,Eslovênia,Países Baixos
6,8,Bélgica,Países Baixos
6,8,Romênia,Países Baixos
6,8,Ucrânia,Países Baixos
6,8,Polônia,Países Baixos
6,8,Eslováquia,Países Baixos
6,8,Turquia,Países Baixos
6,8,Sérvia,Países Baixos
6,8,Espanha,Países Baixos
6,8,França,Países Baixos
6,8,Croácia,Países Baixos
6,8,Escócia,Países Baixos
6,8,Hungria,Países Baixos
6,8,Portugal,Países Baixos
6,8,Suíça,Países Baixos
6,8,República Tcheca,Países Baixos
6,8,Dinamarca,Países Baixos
6,8,Inglaterra,Países Baixos
6,8,Itália,Países Baixos
6,8,Geórgia,Países Baixos
6,8,Alemanha,Países Baixos
6,8,Albânia,Países Baixos
6,8,Áustria,Países Baixos
6,8,Bélgica,Eslovênia
6,8,Romênia,Eslovênia
6,8,Ucrânia,Eslovênia
6,8,Polônia,Eslovênia
6,8,Eslováquia,Eslovênia
6,8,Turquia,Eslovênia
6,8,Sérvia,Eslovênia
6,8,Espanha,Eslovênia
6,8,França,Eslovênia
6,8,Croácia,Eslovênia
6,8,Escócia,Eslovênia
6,8,Hungria,Eslovênia
6,8,Portugal,Eslovênia
6,8,Suíça,Eslovênia
6,8,República Tcheca,Eslovênia
6,8,Dinamarca,Eslovênia
6,8,Inglaterra,Eslovênia
6,8,Itália,Eslovênia
6,8,Geórgia,Eslovênia
6,8,Alemanha,Eslovênia
6,8,Albânia,Eslovênia
6,8,Áustria,Eslovênia
6,8,Romênia,Bélgica
6,8,Ucrânia,Bélgica
6,8,Polônia,Bélgica
6,8,Eslováquia,Bélgica
6,8,Turquia,Bélgica
6,8,Sérvia,Bélgica
6,8,Espanha,Bélgica
6,8,França,Bélgica
6,8,Croácia,Bélgica
6,8,Escócia,Bélgica
6,8,Hungria,Bélgica
6,8,Portugal,Bélgica
6,8,Suíça,Bélgica
6,8,República Tcheca,Bélgica
6,8,Dinamarca,Bélgica
6,8,Inglaterra,Bélgica
6,8,Itália,Bélgica
6,8,Geórgia,Bélgica
6,8,Alemanha,Bélgica
6,8,Albânia,Bélgica
6,8,Áustria,Bélgica
6,8,Ucrânia,Romênia
6,8,Polônia,Romênia
6,8,Eslováquia,Romênia
6,8,Turquia,Romênia
6,8,Sérvia,Romênia
6,8,Espanha,Romênia
6,8,França,Romênia
6,8,Croácia,Romênia
6,8,Escócia,Romênia
6,8,Hungria,Romênia
6,8,Portugal,Romênia
6,8,Suíça,Romênia
6,8,República Tcheca,Romênia
6,8,Dinamarca,Romênia
6,8,Inglaterra,Romênia
6,8,Itália,Romênia
6,8,Geórgia,Romênia
6,8,Alemanha,Romênia
6,8,Albânia,Romênia
6,8,Áustria,Romênia
6,8,Polônia,Ucrânia
6,8,Eslováquia,Ucrânia
6,8,Turquia,Ucrânia
6,8,Sérvia,Ucrânia
6,8,Espanha,Ucrânia
6,8,França,Ucrânia
6,8,Croácia,Ucrânia
6,8,Escócia,Ucrânia
6,8,Hungria,Ucrânia
6,8,Portugal,Ucrânia
6,8,Suíça,Ucrânia
6,8,República Tcheca,Ucrânia
6,8,Dinamarca,Ucrânia
6,8,Inglaterra,Ucrânia
6,8,Itália,Ucrânia
6,8,Geórgia,Ucrânia
6,8,Alemanha,Ucrânia
6,8,Albânia,Ucrânia
6,8,Áustria,Ucrânia
6,8,Eslováquia,Polônia
6,8,Turquia,Polônia
6,8,Sérvia,Polônia
6,8,Espanha,Polônia
6,8,França,Polônia
6,8,Croácia,Polônia
6,8,Escócia,Polônia
6,8,Hungria,Polônia
6,8,Portugal,Polônia
6,8,Suíça,Polônia
6,8,República Tcheca,Polônia
6,8,Dinamarca,Polônia
6,8,Inglaterra,Polônia
6,8,Itália,Polônia
6,8,Geórgia,Polônia
6,8,Alemanha,Polônia
6,8,Albânia,Polônia
6,8,Áustria,Polônia
6,8,Turquia,Eslováquia
6,8,Sérvia,Eslováquia
6,8,Espanha,Eslováquia
6,8,França,Eslováquia
6,8,Croácia,Eslováquia
6,8,Escócia,Eslováquia
6,8,Hungria,Eslováquia
6,8,Portugal,Eslováquia
6,8,Suíça,Eslováquia
6,8,República Tcheca,Eslováquia
6,8,Dinamarca,Eslováquia
6,8,Inglaterra,Eslováquia
6,8,Itália,Eslováquia
6,8,Geórgia,Eslováquia
6,8,Alemanha,Eslováquia
6,8,Albânia,Eslováquia
6,8,Áustria,Eslováquia
6,8,Sérvia,Turquia
6,8,Espanha,Turquia
6,8,França,Turquia
6,8,Croácia,Turquia
6,8,Escócia,Turquia
6,8,Hungria,Turquia
6,8,Portugal,Turquia
6,8,Suíça,Turquia
6,8,República Tcheca,Turquia
6,8,Dinamarca,Turquia
6,8,Inglaterra,Turquia
6,8,Itália,Turquia
6,8,Geórgia,Turquia
6,8,Alemanha,Turquia
6,8,Albânia,Turquia
6,8,Áustria,Turquia
6,8,Espanha,Sérvia
6,8,França,Sérvia
6,8,Croácia,Sérvia
6,8,Escócia,Sérvia
6,8,Hungria,Sérvia
6,8,Portugal,Sérvia
6,8,Suíça,Sérvia
6,8,República Tcheca,Sérvia
6,8,Dinamarca,Sérvia
6,8,Inglaterra,Sérvia
6,8,Itália,Sérvia
6,8,Geórgia,Sérvia
6,8,Alemanha,Sérvia
6,8,Albânia,Sérvia
6,8,Áustria,Sérvia
6,8,França,Espanha
6,8,Croácia,Espanha
6,8,Escócia,Espanha
6,8,Hungria,Espanha
6,8,Portugal,Espanha
6,8,Suíça,Espanha
6,8,República Tcheca,Espanha
6,8,Dinamarca,Espanha
6,8,Inglaterra,Espanha
6,8,Itália,Espanha
6,8,Geórgia,Espanha
6,8,Alemanha,Espanha
6,8,Albânia,Espanha
6,8,Áustria,Espanha
6,8,Croácia,França
6,8,Escócia,França
6,8,Hungria,França
6,8,Portugal,França
6,8,Suíça,França
6,8,República Tcheca,França
6,8,Dinamarca,França
6,8,Inglaterra,França
6,8,Itália,França
6,8,Geórgia,França
6,8,Alemanha,França
6,8,Albânia,França
6,8,Áustria,França
6,8,Escócia,Croácia
6,8,Hungria,Croácia
6,8,Portugal,Croácia
6,8,Suíça,Croácia
6,8,República Tcheca,Croácia
6,8,Dinamarca,Croácia
6,8,Inglaterra,Croácia
6,8,Itália,Croácia
6,8,Geórgia,Croácia
6,8,Alemanha,Croácia
6,8,Albânia,Croácia
6,8,Áustria,Croácia
6,8,Hungria,Escócia
6,8,Portugal,Escócia
6,8,Suíça,Escócia
6,8,República Tcheca,Escócia
6,8,Dinamarca,Escócia
6,8,Inglaterra,Escócia
6,8,Itália,Escócia
6,8,Geórgia,Escócia
6,8,Alemanha,Escócia
6,8,Albânia,Escócia
6,8,Áustria,Escócia
6,8,Portugal,Hungria
6,8,Suíça,Hungria
6,8,República Tcheca,Hungria
6,8,Dinamarca,Hungria
6,8,Inglaterra,Hungria
6,8,Itália,Hungria
6,8,Geórgia,Hungria
6,8,Alemanha,Hungria
6,8,Albânia,Hungria
6,8,Áustria,Hungria
6,8,Suíça,Portugal
6,8,República Tcheca,Portugal
6,8,Dinamarca,Portugal
6,8,Inglaterra,Portugal
6,8,Itália,Portugal
6,8,Geórgia,Portugal
6,8,Alemanha,Portugal
6,8,Albânia,Portugal
6,8,Áustria,Portugal
6,8,República Tcheca,Suíça
6,8,Dinamarca,Suíça
6,8,Inglaterra,Suíça
6,8,Itália,Suíça
6,8,Geórgia,Suíça
6,8,Alemanha,Suíça
6,8,Albânia,Suíça
6,8,Áustria,Suíça
6,8,Dinamarca,República Tcheca
6,8,Inglaterra,República Tcheca
6,8,Itália,República Tcheca
6,8,Geórgia,República Tcheca
6,8,Alemanha,República Tcheca
6,8,Albânia,República Tcheca
6,8,Áustria,República Tcheca
6,8,Inglaterra,Dinamarca
6,8,Itália,Dinamarca
6,8,Geórgia,Dinamarca
6,8,Alemanha,Dinamarca
6,8,Albânia,Dinamarca
6,8,Áustria,Dinamarca
6,8,Itália,Inglaterra
6,8,Geórgia,Inglaterra
6,8,Alemanha,Inglaterra
6,8,Albânia,Inglaterra
6,8,Áustria,Inglaterra
6,8,Geórgia,Itália
6,8,Alemanha,Itália
6,8,Albânia,Itália
6,8,Áustria,Itália
6,8,Alemanha,Geórgia
6,8,Albânia,Geórgia
6,8,Áustria,Geórgia
6,8,Albânia,Alemanha
6,8,Áustria,Alemanha
6,8,Áustria,Albânia
6,11,Eslovênia,Países Baixos
6,11,Bélgica,Países Baixos
6,11,Romênia,Países Baixos
6,11,Ucrânia,Países Baixos
6,11,Polônia,Países Baixos
6,11,Eslováquia,Países Baixos
6,11,Turquia,Países Baixos
6,11,Sérvia,Países Baixos
6,11,Espanha,Países Baixos
6,11,França,Países Baixos
6,11,Croácia,Países Baixos
6,11,Escócia,Países Baixos
6,11,Hungria,Países Baixos
6,11,Portugal,Países Baixos
6,11,Suíça,Países Baixos
6,11,República Tcheca,Países Baixos
6,11,Dinamarca,Países Baixos
6,11,Inglaterra,Países Baixos
6,11,Itália,Países Baixos
6,11,Geórgia,Países Baixos
6,11,Alemanha,Países Baixos
6,11,Albânia,Países Baixos
6,11,Áustria,Países Baixos
6,11,Bélgica,Eslovênia
6,11,Romênia,Eslovênia
6,11,Ucrânia,Eslovênia
6,11,Polônia,Eslovênia
6,11,Eslováquia,Eslovênia
6,11,Turquia,Eslovênia
6,11,Sérvia,Eslovênia
6,11,Espanha,Eslovênia
6,11,França,Eslovênia
6,11,Croácia,Eslovênia
6,11,Escócia,Eslovênia
6,11,Hungria,Eslovênia
6,11,Portugal,Eslovênia
6,11,Suíça,Eslovênia
6,11,República Tcheca,Eslovênia
6,11,Dinamarca,Eslovênia
6,11,Inglaterra,Eslovênia
6,11,Itália,Eslovênia
6,11,Geórgia,Eslovênia
6,11,Alemanha,Eslovênia
6,11,Albânia,Eslovênia
6,11,Áustria,Eslovênia
6,11,Romênia,Bélgica
6,11,Ucrânia,Bélgica
6,11,Polônia,Bélgica
6,11,Eslováquia,Bélgica
6,11,Turquia,Bélgica
6,11,Sérvia,Bélgica
6,11,Espanha,Bélgica
6,11,França,Bélgica
6,11,Croácia,Bélgica
6,11,Escócia,Bélgica
6,11,Hungria,Bélgica
6,11,Portugal,Bélgica
6,11,Suíça,Bélgica
6,11,República Tcheca,Bélgica
6,11,Dinamarca,Bélgica
6,11,Inglaterra,Bélgica
6,11,Itália,Bélgica
6,11,Geórgia,Bélgica
6,11,Alemanha,Bélgica
6,11,Albânia,Bélgica
6,11,Áustria,Bélgica
6,11,Ucrânia,Romênia
6,11,Polônia,Romênia
6,11,Eslováquia,Romênia
6,11,Turquia,Romênia
6,11,Sérvia,Romênia
6,11,Espanha,Romênia
6,11,França,Romênia
6,11,Croácia,Romênia
6,11,Escócia,Romênia
6,11,Hungria,Romênia
6,11,Portugal,Romênia
6,11,Suíça,Romênia
6,11,República Tcheca,Romênia
6,11,Dinamarca,Romênia
6,11,Inglaterra,Romênia
6,11,Itália,Romênia
6,11,Geórgia,Romênia
6,11,Alemanha,Romênia
6,11,Albânia,Romênia
6,11,Áustria,Romênia
6,11,Polônia,Ucrânia
6,11,Eslováquia,Ucrânia
6,11,Turquia,Ucrânia
6,11,Sérvia,Ucrânia
6,11,Espanha,Ucrânia
6,11,França,Ucrânia
6,11,Croácia,Ucrânia
6,11,Escócia,Ucrânia
6,11,Hungria,Ucrânia
6,11,Portugal,Ucrânia
6,11,Suíça,Ucrânia
6,11,República Tcheca,Ucrânia
6,11,Dinamarca,Ucrânia
6,11,Inglaterra,Ucrânia
6,11,Itália,Ucrânia
6,11,Geórgia,Ucrânia
6,11,Alemanha,Ucrânia
6,11,Albânia,Ucrânia
6,11,Áustria,Ucrânia
6,11,Eslováquia,Polônia
6,11,Turquia,Polônia
6,11,Sérvia,Polônia
6,11,Espanha,Polônia
6,11,França,Polônia
6,11,Croácia,Polônia
6,11,Escócia,Polônia
6,11,Hungria,Polônia
6,11,Portugal,Polônia
6,11,Suíça,Polônia
6,11,República Tcheca,Polônia
6,11,Dinamarca,Polônia
6,11,Inglaterra,Polônia
6,11,Itália,Polônia
6,11,Geórgia,Polônia
6,11,Alemanha,Polônia
6,11,Albânia,Polônia
6,11,Áustria,Polônia
6,11,Turquia,Eslováquia
6,11,Sérvia,Eslováquia
6,11,Espanha,Eslováquia
6,11,França,Eslováquia
6,11,Croácia,Eslováquia
6,11,Escócia,Eslováquia
6,11,Hungria,Eslováquia
6,11,Portugal,Eslováquia
6,11,Suíça,Eslováquia
6,11,República Tcheca,Eslováquia
6,11,Dinamarca,Eslováquia
6,11,Inglaterra,Eslováquia
6,11,Itália,Eslováquia
6,11,Geórgia,Eslováquia
6,11,Alemanha,Eslováquia
6,11,Albânia,Eslováquia
6,11,Áustria,Eslováquia
6,11,Sérvia,Turquia
6,11,Espanha,Turquia
6,11,França,Turquia
6,11,Croácia,Turquia
6,11,Escócia,Turquia
6,11,Hungria,Turquia
6,11,Portugal,Turquia
6,11,Suíça,Turquia
6,11,República Tcheca,Turquia
6,11,Dinamarca,Turquia
6,11,Inglaterra,Turquia
6,11,Itália,Turquia
6,11,Geórgia,Turquia
6,11,Alemanha,Turquia
6,11,Albânia,Turquia
6,11,Áustria,Turquia
6,11,Espanha,Sérvia
6,11,França,Sérvia
6,11,Croácia,Sérvia
6,11,Escócia,Sérvia
6,11,Hungria,Sérvia
6,11,Portugal,Sérvia
6,11,Suíça,Sérvia
6,11,República Tcheca,Sérvia
6,11,Dinamarca,Sérvia
6,11,Inglaterra,Sérvia
6,11,Itália,Sérvia
6,11,Geórgia,Sérvia
6,11,Alemanha,Sérvia
6,11,Albânia,Sérvia
6,11,Áustria,Sérvia
6,11,França,Espanha
6,11,Croácia,Espanha
6,11,Escócia,Espanha
6,11,Hungria,Espanha
6,11,Portugal,Espanha
6,11,Suíça,Espanha
6,11,República Tcheca,Espanha
6,11,Dinamarca,Espanha
6,11,Inglaterra,Espanha
6,11,Itália,Espanha
6,11,Geórgia,Espanha
6,11,Alemanha,Espanha
6,11,Albânia,Espanha
6,11,Áustria,Espanha
6,11,Croácia,França
6,11,Escócia,França
6,11,Hungria,França
6,11,Portugal,França
6,11,Suíça,França
6,11,República Tcheca,França
6,11,Dinamarca,França
6,11,Inglaterra,França
6,11,Itália,França
6,11,Geórgia,França
6,11,Alemanha,França
6,11,Albânia,França
6,11,Áustria,França
6,11,Escócia,Croácia
6,11,Hungria,Croácia
6,11,Portugal,Croácia
6,11,Suíça,Croácia
6,11,República Tcheca,Croácia
6,11,Dinamarca,Croácia
6,11,Inglaterra,Croácia
6,11,Itália,Croácia
6,11,Geórgia,Croácia
6,11,Alemanha,Croácia
6,11,Albânia,Croácia
6,11,Áustria,Croácia
6,11,Hungria,Escócia
6,11,Portugal,Escócia
6,11,Suíça,Escócia
6,11,República Tcheca,Escócia
6,11,Dinamarca,Escócia
6,11,Inglaterra,Escócia
6,11,Itália,Escócia
6,11,Geórgia,Escócia
6,11,Alemanha,Escócia
6,11,Albânia,Escócia
6,11,Áustria,Escócia
6,11,Portugal,Hungria
6,11,Suíça,Hungria
6,11,República Tcheca,Hungria
6,11,Dinamarca,Hungria
6,11,Inglaterra,Hungria
6,11,Itália,Hungria
6,11,Geórgia,Hungria
6,11,Alemanha,Hungria
6,11,Albânia,Hungria
6,11,Áustria,Hungria
6,11,Suíça,Portugal
6,11,República Tcheca,Portugal
6,11,Dinamarca,Portugal
6,11,Inglaterra,Portugal
6,11,Itália,Portugal
6,11,Geórgia,Portugal
6,11,Alemanha,Portugal
6,11,Albânia,Portugal
6,11,Áustria,Portugal
6,11,República Tcheca,Suíça
6,11,Dinamarca,Suíça
6,11,Inglaterra,Suíça
6,11,Itália,Suíça
6,11,Geórgia,Suíça
6,11,Alemanha,Suíça
6,11,Albânia,Suíça
6,11,Áustria,Suíça
6,11,Dinamarca,República Tcheca
6,11,Inglaterra,República Tcheca
6,11,Itália,República Tcheca
6,11,Geórgia,República Tcheca
6,11,Alemanha,República Tcheca
6,11,Albânia,República Tcheca
6,11,Áustria,República Tcheca
6,11,Inglaterra,Dinamarca
6,11,Itália,Dinamarca
6,11,Geórgia,Dinamarca
6,11,Alemanha,Dinamarca
6,11,Albânia,Dinamarca
6,11,Áustria,Dinamarca
6,11,Itália,Inglaterra
6,11,Geórgia,Inglaterra
6,11,Alemanha,Inglaterra
6,11,Albânia,Inglaterra
6,11,Áustria,Inglaterra
6,11,Geórgia,Itália
6,11,Alemanha,Itália
6,11,Albânia,Itália
6,11,Áustria,Itália
6,11,Alemanha,Geórgia
6,11,Albânia,Geórgia
6,11,Áustria,Geórgia
6,11,Albânia,Alemanha
6,11,Áustria,Alemanha
6,11,Áustria,Albânia
6,14,Eslovênia,Países Baixos
6,14,Bélgica,Países Baixos
6,14,Romênia,Países Baixos
6,14,Ucrânia,Países Baixos
6,14,Polônia,Países Baixos
6,14,Eslováquia,Países Baixos
6,14,Turquia,Países Baixos
6,14,Sérvia,Países Baixos
6,14,Espanha,Países Baixos
6,14,França,Países Baixos
6,14,Croácia,Países Baixos
6,14,Escócia,Países Baixos
6,14,Hungria,Países Baixos
6,14,Portugal,Países Baixos
6,14,Suíça,Países Baixos
6,14,República Tcheca,Países Baixos
6,14,Dinamarca,Países Baixos
6,14,Inglaterra,Países Baixos
6,14,Itália,Países Baixos
6,14,Geórgia,Países Baixos
6,14,Alemanha,Países Baixos
6,14,Albânia,Países Baixos
6,14,Áustria,Países Baixos
6,14,Bélgica,Eslovênia
6,14,Romênia,Eslovênia
6,14,Ucrânia,Eslovênia
6,14,Polônia,Eslovênia
6,14,Eslováquia,Eslovênia
6,14,Turquia,Eslovênia
6,14,Sérvia,Eslovênia
6,14,Espanha,Eslovênia
6,14,França,Eslovênia
6,14,Croácia,Eslovênia
6,14,Escócia,Eslovênia
6,14,Hungria,Eslovênia
6,14,Portugal,Eslovênia
6,14,Suíça,Eslovênia
6,14,República Tcheca,Eslovênia
6,14,Dinamarca,Eslovênia
6,14,Inglaterra,Eslovênia
6,14,Itália,Eslovênia
6,14,Geórgia,Eslovênia
6,14,Alemanha,Eslovênia
6,14,Albânia,Eslovênia
6,14,Áustria,Eslovênia
6,14,Romênia,Bélgica
6,14,Ucrânia,Bélgica
6,14,Polônia,Bélgica
6,14,Eslováquia,Bélgica
6,14,Turquia,Bélgica
6,14,Sérvia,Bélgica
6,14,Espanha,Bélgica
6,14,França,Bélgica
6,14,Croácia,Bélgica
6,14,Escócia,Bélgica
6,14,Hungria,Bélgica
6,14,Portugal,Bélgica
6,14,Suíça,Bélgica
6,14,República Tcheca,Bélgica
6,14,Dinamarca,Bélgica
6,14,Inglaterra,Bélgica
6,14,Itália,Bélgica
6,14,Geórgia,Bélgica
6,14,Alemanha,Bélgica
6,14,Albânia,Bélgica
6,14,Áustria,Bélgica
6,14,Ucrânia,Romênia
6,14,Polônia,Romênia
6,14,Eslováquia,Romênia
6,14,Turquia,Romênia
6,14,Sérvia,Romênia
6,14,Espanha,Romênia
6,14,França,Romênia
6,14,Croácia,Romênia
6,14,Escócia,Romênia
6,14,Hungria,Romênia
6,14,Portugal,Romênia
6,14,Suíça,Romênia
6,14,República Tcheca,Romênia
6,14,Dinamarca,Romênia
6,14,Inglaterra,Romênia
6,14,Itália,Romênia
6,14,Geórgia,Romênia
6,14,Alemanha,Romênia
6,14,Albânia,Romênia
6,14,Áustria,Romênia
6,14,Polônia,Ucrânia
6,14,Eslováquia,Ucrânia
6,14,Turquia,Ucrânia
6,14,Sérvia,Ucrânia
6,14,Espanha,Ucrânia
6,14,França,Ucrânia
6,14,Croácia,Ucrânia
6,14,Escócia,Ucrânia
6,14,Hungria,Ucrânia
6,14,Portugal,Ucrânia
6,14,Suíça,Ucrânia
6,14,República Tcheca,Ucrânia
6,14,Dinamarca,Ucrânia
6,14,Inglaterra,Ucrânia
6,14,Itália,Ucrânia
6,14,Geórgia,Ucrânia
6,14,Alemanha,Ucrânia
6,14,Albânia,Ucrânia
6,14,Áustria,Ucrânia
6,14,Eslováquia,Polônia
6,14,Turquia,Polônia
6,14,Sérvia,Polônia
6,14,Espanha,Polônia
6,14,França,Polônia
6,14,Croácia,Polônia
6,14,Escócia,Polônia
6,14,Hungria,Polônia
6,14,Portugal,Polônia
6,14,Suíça,Polônia
6,14,República Tcheca,Polônia
6,14,Dinamarca,Polônia
6,14,Inglaterra,Polônia
6,14,Itália,Polônia
6,14,Geórgia,Polônia
6,14,Alemanha,Polônia
6,14,Albânia,Polônia
6,14,Áustria,Polônia
6,14,Turquia,Eslováquia
6,14,Sérvia,Eslováquia
6,14,Espanha,Eslováquia
6,14,França,Eslováquia
6,14,Croácia,Eslováquia
6,14,Escócia,Eslováquia
6,14,Hungria,Eslováquia
6,14,Portugal,Eslováquia
6,14,Suíça,Eslováquia
6,14,República Tcheca,Eslováquia
6,14,Dinamarca,Eslováquia
6,14,Inglaterra,Eslováquia
6,14,Itália,Eslováquia
6,14,Geórgia,Eslováquia
6,14,Alemanha,Eslováquia
6,14,Albânia,Eslováquia
6,14,Áustria,Eslováquia
6,14,Sérvia,Turquia
6,14,Espanha,Turquia
6,14,França,Turquia
6,14,Croácia,Turquia
6,14,Escócia,Turquia
6,14,Hungria,Turquia
6,14,Portugal,Turquia
6,14,Suíça,Turquia
6,14,República Tcheca,Turquia
6,14,Dinamarca,Turquia
6,14,Inglaterra,Turquia
6,14,Itália,Turquia
6,14,Geórgia,Turquia
6,14,Alemanha,Turquia
6,14,Albânia,Turquia
6,14,Áustria,Turquia
6,14,Espanha,Sérvia
6,14,França,Sérvia
6,14,Croácia,Sérvia
6,14,Escócia,Sérvia
6,14,Hungria,Sérvia
6,14,Portugal,Sérvia
6,14,Suíça,Sérvia
6,14,República Tcheca,Sérvia
6,14,Dinamarca,Sérvia
6,14,Inglaterra,Sérvia
6,14,Itália,Sérvia
6,14,Geórgia,Sérvia
6,14,Alemanha,Sérvia
6,14,Albânia,Sérvia
6,14,Áustria,Sérvia
6,14,França,Espanha
6,14,Croácia,Espanha
6,14,Escócia,Espanha
6,14,Hungria,Espanha
6,14,Portugal,Espanha
6,14,Suíça,Espanha
6,14,República Tcheca,Espanha
6,14,Dinamarca,Espanha
6,14,Inglaterra,Espanha
6,14,Itália,Espanha
6,14,Geórgia,Espanha
6,14,Alemanha,Espanha
6,14,Albânia,Espanha
6,14,Áustria,Espanha
6,14,Croácia,França
6,14,Escócia,França
6,14,Hungria,França
6,14,Portugal,França
6,14,Suíça,França
6,14,República Tcheca,França
6,14,Dinamarca,França
6,14,Inglaterra,França
6,14,Itália,França
6,14,Geórgia,França
6,14,Alemanha,França
6,14,Albânia,França
6,14,Áustria,França
6,14,Escócia,Croácia
6,14,Hungria,Croácia
6,14,Portugal,Croácia
6,14,Suíça,Croácia
6,14,República Tcheca,Croácia
6,14,Dinamarca,Croácia
6,14,Inglaterra,Croácia
6,14,Itália,Croácia
6,14,Geórgia,Croácia
6,14,Alemanha,Croácia
6,14,Albânia,Croácia
6,14,Áustria,Croácia
6,14,Hungria,Escócia
6,14,Portugal,Escócia
6,14,Suíça,Escócia
6,14,República Tcheca,Escócia
6,14,Dinamarca,Escócia
6,14,Inglaterra,Escócia
6,14,Itália,Escócia
6,14,Geórgia,Escócia
6,14,Alemanha,Escócia
6,14,Albânia,Escócia
6,14,Áustria,Escócia
6,14,Portugal,Hungria
6,14,Suíça,Hungria
6,14,República Tcheca,Hungria
6,14,Dinamarca,Hungria
6,14,Inglaterra,Hungria
6,14,Itália,Hungria
6,14,Geórgia,Hungria
6,14,Alemanha,Hungria
6,14,Albânia,Hungria
6,14,Áustria,Hungria
6,14,Suíça,Portugal
6,14,República Tcheca,Portugal
6,14,Dinamarca,Portugal
6,14,Inglaterra,Portugal
6,14,Itália,Portugal
6,14,Geórgia,Portugal
6,14,Alemanha,Portugal
6,14,Albânia,Portugal
6,14,Áustria,Portugal
6,14,República Tcheca,Suíça
6,14,Dinamarca,Suíça
6,14,Inglaterra,Suíça
6,14,Itália,Suíça
6,14,Geórgia,Suíça
6,14,Alemanha,Suíça
6,14,Albânia,Suíça
6,14,Áustria,Suíça
6,14,Dinamarca,República Tcheca
6,14,Inglaterra,República Tcheca
6,14,Itália,República Tcheca
6,14,Geórgia,República Tcheca
6,14,Alemanha,República Tcheca
6,14,Albânia,República Tcheca
6,14,Áustria,República Tcheca
6,14,Inglaterra,Dinamarca
6,14,Itália,Dinamarca
6,14,Geórgia,Dinamarca
6,14,Alemanha,Dinamarca
6,14,Albânia,Dinamarca
6,14,Áustria,Dinamarca
6,14,Itália,Inglaterra
6,14,Geórgia,Inglaterra
6,14,Alemanha,Inglaterra
6,14,Albânia,Inglaterra
6,14,Áustria,Inglaterra
6,14,Geórgia,Itália
6,14,Alemanha,Itália
6,14,Albânia,Itália
6,14,Áustria,Itália
6,14,Alemanha,Geórgia
6,14,Albânia,Geórgia
6,14,Áustria,Geórgia
6,14,Albânia,Alemanha
6,14,Áustria,Alemanha
6,14,Áustria,Albânia
6,17,Eslovênia,Países Baixos
6,17,Bélgica,Países Baixos
6,17,Romênia,Países Baixos
6,17,Ucrânia,Países Baixos
6,17,Polônia,Países Baixos
6,17,Eslováquia,Países Baixos
6,17,Turquia,Países Baixos
6,17,Sérvia,Países Baixos
6,17,Espanha,Países Baixos
6,17,França,Países Baixos
6,17,Croácia,Países Baixos
6,17,Escócia,Países Baixos
6,17,Hungria,Países Baixos
6,17,Portugal,Países Baixos
6,17,Suíça,Países Baixos
6,17,República Tcheca,Países Baixos
6,17,Dinamarca,Países Baixos
6,17,Inglaterra,Países Baixos
6,17,Itália,Países Baixos
6,17,Geórgia,Países Baixos
6,17,Alemanha,Países Baixos
6,17,Albânia,Países Baixos
6,17,Áustria,Países Baixos
6,17,Bélgica,Eslovênia
6,17,Romênia,Eslovênia
6,17,Ucrânia,Eslovênia
6,17,Polônia,Eslovênia
6,17,Eslováquia,Eslovênia
6,17,Turquia,Eslovênia
6,17,Sérvia,Eslovênia
6,17,Espanha,Eslovênia
6,17,França,Eslovênia
6,17,Croácia,Eslovênia
6,17,Escócia,Eslovênia
6,17,Hungria,Eslovênia
6,17,Portugal,Eslovênia
6,17,Suíça,Eslovênia
6,17,República Tcheca,Eslovênia
6,17,Dinamarca,Eslovênia
6,17,Inglaterra,Eslovênia
6,17,Itália,Eslovênia
6,17,Geórgia,Eslovênia
6,17,Alemanha,Eslovênia
6,17,Albânia,Eslovênia
6,17,Áustria,Eslovênia
6,17,Romênia,Bélgica
6,17,Ucrânia,Bélgica
6,17,Polônia,Bélgica
6,17,Eslováquia,Bélgica
6,17,Turquia,Bélgica
6,17,Sérvia,Bélgica
6,17,Espanha,Bélgica
6,17,França,Bélgica
6,17,Croácia,Bélgica
6,17,Escócia,Bélgica
6,17,Hungria,Bélgica
6,17,Portugal,Bélgica
6,17,Suíça,Bélgica
6,17,República Tcheca,Bélgica
6,17,Dinamarca,Bélgica
6,17,Inglaterra,Bélgica
6,17,Itália,Bélgica
6,17,Geórgia,Bélgica
6,17,Alemanha,Bélgica
6,17,Albânia,Bélgica
6,17,Áustria,Bélgica
6,17,Ucrânia,Romênia
6,17,Polônia,Romênia
6,17,Eslováquia,Romênia
6,17,Turquia,Romênia
6,17,Sérvia,Romênia
6,17,Espanha,Romênia
6,17,França,Romênia
6,17,Croácia,Romênia
6,17,Escócia,Romênia
6,17,Hungria,Romênia
6,17,Portugal,Romênia
6,17,Suíça,Romênia
6,17,República Tcheca,Romênia
6,17,Dinamarca,Romênia
6,17,Inglaterra,Romênia
6,17,Itália,Romênia
6,17,Geórgia,Romênia
6,17,Alemanha,Romênia
6,17,Albânia,Romênia
6,17,Áustria,Romênia
6,17,Polônia,Ucrânia
6,17,Eslováquia,Ucrânia
6,17,Turquia,Ucrânia
6,17,Sérvia,Ucrânia
6,17,Espanha,Ucrânia
6,17,França,Ucrânia
6,17,Croácia,Ucrânia
6,17,Escócia,Ucrânia
6,17,Hungria,Ucrânia
6,17,Portugal,Ucrânia
6,17,Suíça,Ucrânia
6,17,República Tcheca,Ucrânia
6,17,Dinamarca,Ucrânia
6,17,Inglaterra,Ucrânia
6,17,Itália,Ucrânia
6,17,Geórgia,Ucrânia
6,17,Alemanha,Ucrânia
6,17,Albânia,Ucrânia
6,17,Áustria,Ucrânia
6,17,Eslováquia,Polônia
6,17,Turquia,Polônia
6,17,Sérvia,Polônia
6,17,Espanha,Polônia
6,17,França,Polônia
6,17,Croácia,Polônia
6,17,Escócia,Polônia
6,17,Hungria,Polônia
6,17,Portugal,Polônia
6,17,Suíça,Polônia
6,17,República Tcheca,Polônia
6,17,Dinamarca,Polônia
6,17,Inglaterra,Polônia
6,17,Itália,Polônia
6,17,Geórgia,Polônia
6,17,Alemanha,Polônia
6,17,Albânia,Polônia
6,17,Áustria,Polônia
6,17,Turquia,Eslováquia
6,17,Sérvia,Eslováquia
6,17,Espanha,Eslováquia
6,17,França,Eslováquia
6,17,Croácia,Eslováquia
6,17,Escócia,Eslováquia
6,17,Hungria,Eslováquia
6,17,Portugal,Eslováquia
6,17,Suíça,Eslováquia
6,17,República Tcheca,Eslováquia
6,17,Dinamarca,Eslováquia
6,17,Inglaterra,Eslováquia
6,17,Itália,Eslováquia
6,17,Geórgia,Eslováquia
6,17,Alemanha,Eslováquia
6,17,Albânia,Eslováquia
6,17,Áustria,Eslováquia
6,17,Sérvia,Turquia
6,17,Espanha,Turquia
6,17,França,Turquia
6,17,Croácia,Turquia
6,17,Escócia,Turquia
6,17,Hungria,Turquia
6,17,Portugal,Turquia
6,17,Suíça,Turquia
6,17,República Tcheca,Turquia
6,17,Dinamarca,Turquia
6,17,Inglaterra,Turquia
6,17,Itália,Turquia
6,17,Geórgia,Turquia
6,17,Alemanha,Turquia
6,17,Albânia,Turquia
6,17,Áustria,Turquia
6,17,Espanha,Sérvia
6,17,França,Sérvia
6,17,Croácia,Sérvia
6,17,Escócia,Sérvia
6,17,Hungria,Sérvia
6,17,Portugal,Sérvia
6,17,Suíça,Sérvia
6,17,República Tcheca,Sérvia
6,17,Dinamarca,Sérvia
6,17,Inglaterra,Sérvia
6,17,Itália,Sérvia
6,17,Geórgia,Sérvia
6,17,Alemanha,Sérvia
6,17,Albânia,Sérvia
6,17,Áustria,Sérvia
6,17,França,Espanha
6,17,Croácia,Espanha
6,17,Escócia,Espanha
6,17,Hungria,Espanha
6,17,Portugal,Espanha
6,17,Suíça,Espanha
6,17,República Tcheca,Espanha
6,17,Dinamarca,Espanha
6,17,Inglaterra,Espanha
6,17,Itália,Espanha
6,17,Geórgia,Espanha
6,17,Alemanha,Espanha
6,17,Albânia,Espanha
6,17,Áustria,Espanha
6,17,Croácia,França
6,17,Escócia,França
6,17,Hungria,França
6,17,Portugal,França
6,17,Suíça,França
6,17,República Tcheca,França
6,17,Dinamarca,França
6,17,Inglaterra,França
6,17,Itália,França
6,17,Geórgia,França
6,17,Alemanha,França
6,17,Albânia,França
6,17,Áustria,França
6,17,Escócia,Croácia
6,17,Hungria,Croácia
6,17,Portugal,Croácia
6,17,Suíça,Croácia
6,17,República Tcheca,Croácia
6,17,Dinamarca,Croácia
6,17,Inglaterra,Croácia
6,17,Itália,Croácia
6,17,Geórgia,Croácia
6,17,Alemanha,Croácia
6,17,Albânia,Croácia
6,17,Áustria,Croácia
6,17,Hungria,Escócia
6,17,Portugal,Escócia
6,17,Suíça,Escócia
6,17,República Tcheca,Escócia
6,17,Dinamarca,Escócia
6,17,Inglaterra,Escócia
6,17,Itália,Escócia
6,17,Geórgia,Escócia
6,17,Alemanha,Escócia
6,17,Albânia,Escócia
6,17,Áustria,Escócia
6,17,Portugal,Hungria
6,17,Suíça,Hungria
6,17,República Tcheca,Hungria
6,17,Dinamarca,Hungria
6,17,Inglaterra,Hungria
6,17,Itália,Hungria
6,17,Geórgia,Hungria
6,17,Alemanha,Hungria
6,17,Albânia,Hungria
6,17,Áustria,Hungria
6,17,Suíça,Portugal
6,17,República Tcheca,Portugal
6,17,Dinamarca,Portugal
6,17,Inglaterra,Portugal
6,17,Itália,Portugal
6,17,Geórgia,Portugal
6,17,Alemanha,Portugal
6,17,Albânia,Portugal
6,17,Áustria,Portugal
6,17,República Tcheca,Suíça
6,17,Dinamarca,Suíça
6,17,Inglaterra,Suíça
6,17,Itália,Suíça
6,17,Geórgia,Suíça
6,17,Alemanha,Suíça
6,17,Albânia,Suíça
6,17,Áustria,Suíça
6,17,Dinamarca,República Tcheca
6,17,Inglaterra,República Tcheca
6,17,Itália,República Tcheca
6,17,Geórgia,República Tcheca
6,17,Alemanha,República Tcheca
6,17,Albânia,República Tcheca
6,17,Áustria,República Tcheca
6,17,Inglaterra,Dinamarca
6,17,Itália,Dinamarca
6,17,Geórgia,Dinamarca
6,17,Alemanha,Dinamarca
6,17,Albânia,Dinamarca
6,17,Áustria,Dinamarca
6,17,Itália,Inglaterra
6,17,Geórgia,Inglaterra
6,17,Alemanha,Inglaterra
6,17,Albânia,Inglaterra
6,17,Áustria,Inglaterra
6,17,Geórgia,Itália
6,17,Alemanha,Itália
6,17,Albânia,Itália
6,17,Áustria,Itália
6,17,Alemanha,Geórgia
6,17,Albânia,Geórgia
6,17,Áustria,Geórgia
6,17,Albânia,Alemanha
6,17,Áustria,Alemanha
6,17,Áustria,Albânia
6,20,Eslovênia,Países Baixos
6,20,Bélgica,Países Baixos
6,20,Romênia,Países Baixos
6,20,Ucrânia,Países Baixos
6,20,Polônia,Países Baixos
6,20,Eslováquia,Países Baixos
6,20,Turquia,Países Baixos
6,20,Sérvia,Países Baixos
6,20,Espanha,Países Baixos
6,20,França,Países Baixos
6,20,Croácia,Países Baixos
6,20,Escócia,Países Baixos
6,20,Hungria,Países Baixos
6,20,Portugal,Países Baixos
6,20,Suíça,Países Baixos
6,20,República Tcheca,Países Baixos
6,20,Dinamarca,Países Baixos
6,20,Inglaterra,Países Baixos
6,20,Itália,Países Baixos
6,20,Geórgia,Países Baixos
6,20,Alemanha,Países Baixos
6,20,Albânia,Países Baixos
6,20,Áustria,Países Baixos
6,20,Bélgica,Eslovênia
6,20,Romênia,Eslovênia
6,20,Ucrânia,Eslovênia
6,20,Polônia,Eslovênia
6,20,Eslováquia,Eslovênia
6,20,Turquia,Eslovênia
6,20,Sérvia,Eslovênia
6,20,Espanha,Eslovênia
6,20,França,Eslovênia
6,20,Croácia,Eslovênia
6,20,Escócia,Eslovênia
6,20,Hungria,Eslovênia
6,20,Portugal,Eslovênia
6,20,Suíça,Eslovênia
6,20,República Tcheca,Eslovênia
6,20,Dinamarca,Eslovênia
6,20,Inglaterra,Eslovênia
6,20,Itália,Eslovênia
6,20,Geórgia,Eslovênia
6,20,Alemanha,Eslovênia
6,20,Albânia,Eslovênia
6,20,Áustria,Eslovênia
6,20,Romênia,Bélgica
6,20,Ucrânia,Bélgica
6,20,Polônia,Bélgica
6,20,Eslováquia,Bélgica
6,20,Turquia,Bélgica
6,20,Sérvia,Bélgica
6,20,Espanha,Bélgica
6,20,França,Bélgica
6,20,Croácia,Bélgica
6,20,Escócia,Bélgica
6,20,Hungria,Bélgica
6,20,Portugal,Bélgica
6,20,Suíça,Bélgica
6,20,República Tcheca,Bélgica
6,20,Dinamarca,Bélgica
6,20,Inglaterra,Bélgica
6,20,Itália,Bélgica
6,20,Geórgia,Bélgica
6,20,Alemanha,Bélgica
6,20,Albânia,Bélgica
6,20,Áustria,Bélgica
6,20,Ucrânia,Romênia
6,20,Polônia,Romênia
6,20,Eslováquia,Romênia
6,20,Turquia,Romênia
6,20,Sérvia,Romênia
6,20,Espanha,Romênia
6,20,França,Romênia
6,20,Croácia,Romênia
6,20,Escócia,Romênia
6,20,Hungria,Romênia
6,20,Portugal,Romênia
6,20,Suíça,Romênia
6,20,República Tcheca,Romênia
6,20,Dinamarca,Romênia
6,20,Inglaterra,Romênia
6,20,Itália,Romênia
6,20,Geórgia,Romênia
6,20,Alemanha,Romênia
6,20,Albânia,Romênia
6,20,Áustria,Romênia
6,20,Polônia,Ucrânia
6,20,Eslováquia,Ucrânia
6,20,Turquia,Ucrânia
6,20,Sérvia,Ucrânia
6,20,Espanha,Ucrânia
6,20,França,Ucrânia
6,20,Croácia,Ucrânia
6,20,Escócia,Ucrânia
6,20,Hungria,Ucrânia
6,20,Portugal,Ucrânia
6,20,Suíça,Ucrânia
6,20,República Tcheca,Ucrânia
6,20,Dinamarca,Ucrânia
6,20,Inglaterra,Ucrânia
6,20,Itália,Ucrânia
6,20,Geórgia,Ucrânia
6,20,Alemanha,Ucrânia
6,20,Albânia,Ucrânia
6,20,Áustria,Ucrânia
6,20,Eslováquia,Polônia
6,20,Turquia,Polônia
6,20,Sérvia,Polônia
6,20,Espanha,Polônia
6,20,França,Polônia
6,20,Croácia,Polônia
6,20,Escócia,Polônia
6,20,Hungria,Polônia
6,20,Portugal,Polônia
6,20,Suíça,Polônia
6,20,República Tcheca,Polônia
6,20,Dinamarca,Polônia
6,20,Inglaterra,Polônia
6,20,Itália,Polônia
6,20,Geórgia,Polônia
6,20,Alemanha,Polônia
6,20,Albânia,Polônia
6,20,Áustria,Polônia
6,20,Turquia,Eslováquia
6,20,Sérvia,Eslováquia
6,20,Espanha,Eslováquia
6,20,França,Eslováquia
6,20,Croácia,Eslováquia
6,20,Escócia,Eslováquia
6,20,Hungria,Eslováquia
6,20,Portugal,Eslováquia
6,20,Suíça,Eslováquia
6,20,República Tcheca,Eslováquia
6,20,Dinamarca,Eslováquia
6,20,Inglaterra,Eslováquia
6,20,Itália,Eslováquia
6,20,Geórgia,Eslováquia
6,20,Alemanha,Eslováquia
6,20,Albânia,Eslováquia
6,20,Áustria,Eslováquia
6,20,Sérvia,Turquia
6,20,Espanha,Turquia
6,20,França,Turquia
6,20,Croácia,Turquia
6,20,Escócia,Turquia
6,20,Hungria,Turquia
6,20,Portugal,Turquia
6,20,Suíça,Turquia
6,20,República Tcheca,Turquia
6,20,Dinamarca,Turquia
6,20,Inglaterra,Turquia
6,20,Itália,Turquia
6,20,Geórgia,Turquia
6,20,Alemanha,Turquia
6,20,Albânia,Turquia
6,20,Áustria,Turquia
6,20,Espanha,Sérvia
6,20,França,Sérvia
6,20,Croácia,Sérvia
6,20,Escócia,Sérvia
6,20,Hungria,Sérvia
6,20,Portugal,Sérvia
6,20,Suíça,Sérvia
6,20,República Tcheca,Sérvia
6,20,Dinamarca,Sérvia
6,20,Inglaterra,Sérvia
6,20,Itália,Sérvia
6,20,Geórgia,Sérvia
6,20,Alemanha,Sérvia
6,20,Albânia,Sérvia
6,20,Áustria,Sérvia
6,20,França,Espanha
6,20,Croácia,Espanha
6,20,Escócia,Espanha
6,20,Hungria,Espanha
6,20,Portugal,Espanha
6,20,Suíça,Espanha
6,20,República Tcheca,Espanha
6,20,Dinamarca,Espanha
6,20,Inglaterra,Espanha
6,20,Itália,Espanha
6,20,Geórgia,Espanha
6,20,Alemanha,Espanha
6,20,Albânia,Espanha
6,20,Áustria,Espanha
6,20,Croácia,França
6,20,Escócia,França
6,20,Hungria,França
6,20,Portugal,França
6,20,Suíça,França
6,20,República Tcheca,França
6,20,Dinamarca,França
6,20,Inglaterra,França
6,20,Itália,França
6,20,Geórgia,França
6,20,Alemanha,França
6,20,Albânia,França
6,20,Áustria,França
6,20,Escócia,Croácia
6,20,Hungria,Croácia
6,20,Portugal,Croácia
6,20,Suíça,Croácia
6,20,República Tcheca,Croácia
6,20,Dinamarca,Croácia
6,20,Inglaterra,Croácia
6,20,Itália,Croácia
6,20,Geórgia,Croácia
6,20,Alemanha,Croácia
6,20,Albânia,Croácia
6,20,Áustria,Croácia
6,20,Hungria,Escócia
6,20,Portugal,Escócia
6,20,Suíça,Escócia
6,20,República Tcheca,Escócia
6,20,Dinamarca,Escócia
6,20,Inglaterra,Escócia
6,20,Itália,Escócia
6,20,Geórgia,Escócia
6,20,Alemanha,Escócia
6,20,Albânia,Escócia
6,20,Áustria,Escócia
6,20,Portugal,Hungria
6,20,Suíça,Hungria
6,20,República Tcheca,Hungria
6,20,Dinamarca,Hungria
6,20,Inglaterra,Hungria
6,20,Itália,Hungria
6,20,Geórgia,Hungria
6,20,Alemanha,Hungria
6,20,Albânia,Hungria
6,20,Áustria,Hungria
6,20,Suíça,Portugal
6,20,República Tcheca,Portugal
6,20,Dinamarca,Portugal
6,20,Inglaterra,Portugal
6,20,Itália,Portugal
6,20,Geórgia,Portugal
6,20,Alemanha,Portugal
6,20,Albânia,Portugal
6,20,Áustria,Portugal
6,20,República Tcheca,Suíça
6,20,Dinamarca,Suíça
6,20,Inglaterra,Suíça
6,20,Itália,Suíça
6,20,Geórgia,Suíça
6,20,Alemanha,Suíça
6,20,Albânia,Suíça
6,20,Áustria,Suíça
6,20,Dinamarca,República Tcheca
6,20,Inglaterra,República Tcheca
6,20,Itália,República Tcheca
6,20,Geórgia,República Tcheca
6,20,Alemanha,República Tcheca
6,20,Albânia,República Tcheca
6,20,Áustria,República Tcheca
6,20,Inglaterra,Dinamarca
6,20,Itália,Dinamarca
6,20,Geórgia,Dinamarca
6,20,Alemanha,Dinamarca
6,20,Albânia,Dinamarca
6,20,Áustria,Dinamarca
6,20,Itália,Inglaterra
6,20,Geórgia,Inglaterra
6,20,Alemanha,Inglaterra
6,20,Albânia,Inglaterra
6,20,Áustria,Inglaterra
6,20,Geórgia,Itália
6,20,Alemanha,Itália
6,20,Albânia,Itália
6,20,Áustria,Itália
6,20,Alemanha,Geórgia
6,20,Albânia,Geórgia
6,20,Áustria,Geórgia
6,20,Albânia,Alemanha
6,20,Áustria,Alemanha
6,20,Áustria,Albânia
6,23,Eslovênia,Países Baixos
6,23,Bélgica,Países Baixos
6,23,Romênia,Países Baixos
6,23,Ucrânia,Países Baixos
6,23,Polônia,Países Baixos
6,23,Eslováquia,Países Baixos
6,23,Turquia,Países Baixos
6,23,Sérvia,Países Baixos
6,23,Espanha,Países Baixos
6,23,França,Países Baixos
6,23,Croácia,Países Baixos
6,23,Escócia,Países Baixos
6,23,Hungria,Países Baixos
6,23,Portugal,Países Baixos
6,23,Suíça,Países Baixos
6,23,República Tcheca,Países Baixos
6,23,Dinamarca,Países Baixos
6,23,Inglaterra,Países Baixos
6,23,Itália,Países Baixos
6,23,Geórgia,Países Baixos
6,23,Alemanha,Países Baixos
6,23,Albânia,Países Baixos
6,23,Áustria,Países Baixos
6,23,Bélgica,Eslovênia
6,23,Romênia,Eslovênia
6,23,Ucrânia,Eslovênia
6,23,Polônia,Eslovênia
6,23,Eslováquia,Eslovênia
6,23,Turquia,Eslovênia
6,23,Sérvia,Eslovênia
6,23,Espanha,Eslovênia
6,23,França,Eslovênia
6,23,Croácia,Eslovênia
6,23,Escócia,Eslovênia
6,23,Hungria,Eslovênia
6,23,Portugal,Eslovênia
6,23,Suíça,Eslovênia
6,23,República Tcheca,Eslovênia
6,23,Dinamarca,Eslovênia
6,23,Inglaterra,Eslovênia
6,23,Itália,Eslovênia
6,23,Geórgia,Eslovênia
6,23,Alemanha,Eslovênia
6,23,Albânia,Eslovênia
6,23,Áustria,Eslovênia
6,23,Romênia,Bélgica
6,23,Ucrânia,Bélgica
6,23,Polônia,Bélgica
6,23,Eslováquia,Bélgica
6,23,Turquia,Bélgica
6,23,Sérvia,Bélgica
6,23,Espanha,Bélgica
6,23,França,Bélgica
6,23,Croácia,Bélgica
6,23,Escócia,Bélgica
6,23,Hungria,Bélgica
6,23,Portugal,Bélgica
6,23,Suíça,Bélgica
6,23,República Tcheca,Bélgica
6,23,Dinamarca,Bélgica
6,23,Inglaterra,Bélgica
6,23,Itália,Bélgica
6,23,Geórgia,Bélgica
6,23,Alemanha,Bélgica
6,23,Albânia,Bélgica
6,23,Áustria,Bélgica
6,23,Ucrânia,Romênia
6,23,Polônia,Romênia
6,23,Eslováquia,Romênia
6,23,Turquia,Romênia
6,23,Sérvia,Romênia
6,23,Espanha,Romênia
6,23,França,Romênia
6,23,Croácia,Romênia
6,23,Escócia,Romênia
6,23,Hungria,Romênia
6,23,Portugal,Romênia
6,23,Suíça,Romênia
6,23,República Tcheca,Romênia
6,23,Dinamarca,Romênia
6,23,Inglaterra,Romênia
6,23,Itália,Romênia
6,23,Geórgia,Romênia
6,23,Alemanha,Romênia
6,23,Albânia,Romênia
6,23,Áustria,Romênia
6,23,Polônia,Ucrânia
6,23,Eslováquia,Ucrânia
6,23,Turquia,Ucrânia
6,23,Sérvia,Ucrânia
6,23,Espanha,Ucrânia
6,23,França,Ucrânia
6,23,Croácia,Ucrânia
6,23,Escócia,Ucrânia
6,23,Hungria,Ucrânia
6,23,Portugal,Ucrânia
6,23,Suíça,Ucrânia
6,23,República Tcheca,Ucrânia
6,23,Dinamarca,Ucrânia
6,23,Inglaterra,Ucrânia
6,23,Itália,Ucrânia
6,23,Geórgia,Ucrânia
6,23,Alemanha,Ucrânia
6,23,Albânia,Ucrânia
6,23,Áustria,Ucrânia
6,23,Eslováquia,Polônia
6,23,Turquia,Polônia
6,23,Sérvia,Polônia
6,23,Espanha,Polônia
6,23,França,Polônia
6,23,Croácia,Polônia
6,23,Escócia,Polônia
6,23,Hungria,Polônia
6,23,Portugal,Polônia
6,23,Suíça,Polônia
6,23,República Tcheca,Polônia
6,23,Dinamarca,Polônia
6,23,Inglaterra,Polônia
6,23,Itália,Polônia
6,23,Geórgia,Polônia
6,23,Alemanha,Polônia
6,23,Albânia,Polônia
6,23,Áustria,Polônia
6,23,Turquia,Eslováquia
6,23,Sérvia,Eslováquia
6,23,Espanha,Eslováquia
6,23,França,Eslováquia
6,23,Croácia,Eslováquia
6,23,Escócia,Eslováquia
6,23,Hungria,Eslováquia
6,23,Portugal,Eslováquia
6,23,Suíça,Eslováquia
6,23,República Tcheca,Eslováquia
6,23,Dinamarca,Eslováquia
6,23,Inglaterra,Eslováquia
6,23,Itália,Eslováquia
6,23,Geórgia,Eslováquia
6,23,Alemanha,Eslováquia
6,23,Albânia,Eslováquia
6,23,Áustria,Eslováquia
6,23,Sérvia,Turquia
6,23,Espanha,Turquia
6,23,França,Turquia
6,23,Croácia,Turquia
6,23,Escócia,Turquia
6,23,Hungria,Turquia
6,23,Portugal,Turquia
6,23,Suíça,Turquia
6,23,República Tcheca,Turquia
6,23,Dinamarca,Turquia
6,23,Inglaterra,Turquia
6,23,Itália,Turquia
6,23,Geórgia,Turquia
6,23,Alemanha,Turquia
6,23,Albânia,Turquia
6,23,Áustria,Turquia
6,23,Espanha,Sérvia
6,23,França,Sérvia
6,23,Croácia,Sérvia
6,23,Escócia,Sérvia
6,23,Hungria,Sérvia
6,23,Portugal,Sérvia
6,23,Suíça,Sérvia
6,23,República Tcheca,Sérvia
6,23,Dinamarca,Sérvia
6,23,Inglaterra,Sérvia
6,23,Itália,Sérvia
6,23,Geórgia,Sérvia
6,23,Alemanha,Sérvia
6,23,Albânia,Sérvia
6,23,Áustria,Sérvia
6,23,França,Espanha
6,23,Croácia,Espanha
6,23,Escócia,Espanha
6,23,Hungria,Espanha
6,23,Portugal,Espanha
6,23,Suíça,Espanha
6,23,República Tcheca,Espanha
6,23,Dinamarca,Espanha
6,23,Inglaterra,Espanha
6,23,Itália,Espanha
6,23,Geórgia,Espanha
6,23,Alemanha,Espanha
6,23,Albânia,Espanha
6,23,Áustria,Espanha
6,23,Croácia,França
6,23,Escócia,França
6,23,Hungria,França
6,23,Portugal,França
6,23,Suíça,França
6,23,República Tcheca,França
6,23,Dinamarca,França
6,23,Inglaterra,França
6,23,Itália,França
6,23,Geórgia,França
6,23,Alemanha,França
6,23,Albânia,França
6,23,Áustria,França
6,23,Escócia,Croácia
6,23,Hungria,Croácia
6,23,Portugal,Croácia
6,23,Suíça,Croácia
6,23,República Tcheca,Croácia
6,23,Dinamarca,Croácia
6,23,Inglaterra,Croácia
6,23,Itália,Croácia
6,23,Geórgia,Croácia
6,23,Alemanha,Croácia
6,23,Albânia,Croácia
6,23,Áustria,Croácia
6,23,Hungria,Escócia
6,23,Portugal,Escócia
6,23,Suíça,Escócia
6,23,República Tcheca,Escócia
6,23,Dinamarca,Escócia
6,23,Inglaterra,Escócia
6,23,Itália,Escócia
6,23,Geórgia,Escócia
6,23,Alemanha,Escócia
6,23,Albânia,Escócia
6,23,Áustria,Escócia
6,23,Portugal,Hungria
6,23,Suíça,Hungria
6,23,República Tcheca,Hungria
6,23,Dinamarca,Hungria
6,23,Inglaterra,Hungria
6,23,Itália,Hungria
6,23,Geórgia,Hungria
6,23,Alemanha,Hungria
6,23,Albânia,Hungria
6,23,Áustria,Hungria
6,23,Suíça,Portugal
6,23,República Tcheca,Portugal
6,23,Dinamarca,Portugal
6,23,Inglaterra,Portugal
6,23,Itália,Portugal
6,23,Geórgia,Portugal
6,23,Alemanha,Portugal
6,23,Albânia,Portugal
6,23,Áustria,Portugal
6,23,República Tcheca,Suíça
6,23,Dinamarca,Suíça
6,23,Inglaterra,Suíça
6,23,Itália,Suíça
6,23,Geórgia,Suíça
6,23,Alemanha,Suíça
6,23,Albânia,Suíça
6,23,Áustria,Suíça
6,23,Dinamarca,República Tcheca
6,23,Inglaterra,República Tcheca
6,23,Itália,República Tcheca
6,23,Geórgia,República Tcheca
6,23,Alemanha,República Tcheca
6,23,Albânia,República Tcheca
6,23,Áustria,República Tcheca
6,23,Inglaterra,Dinamarca
6,23,Itália,Dinamarca
6,23,Geórgia,Dinamarca
6,23,Alemanha,Dinamarca
6,23,Albânia,Dinamarca
6,23,Áustria,Dinamarca
6,23,Itália,Inglaterra
6,23,Geórgia,Inglaterra
6,23,Alemanha,Inglaterra
6,23,Albânia,Inglaterra
6,23,Áustria,Inglaterra
6,23,Geórgia,Itália
6,23,Alemanha,Itália
6,23,Albânia,Itália
6,23,Áustria,Itália
6,23,Alemanha,Geórgia
6,23,Albânia,Geórgia
6,23,Áustria,Geórgia
6,23,Albânia,Alemanha
6,23,Áustria,Alemanha
6,23,Áustria,Albânia
6,26,Eslovênia,Países Baixos
6,26,Bélgica,Países Baixos
6,26,Romênia,Países Baixos
6,26,Ucrânia,Países Baixos
6,26,Polônia,Países Baixos
6,26,Eslováquia,Países Baixos
6,26,Turquia,Países Baixos
6,26,Sérvia,Países Baixos
6,26,Espanha,Países Baixos
6,26,França,Países Baixos
6,26,Croácia,Países Baixos
6,26,Escócia,Países Baixos
6,26,Hungria,Países Baixos
6,26,Portugal,Países Baixos
6,26,Suíça,Países Baixos
6,26,República Tcheca,Países Baixos
6,26,Dinamarca,Países Baixos
6,26,Inglaterra,Países Baixos
6,26,Itália,Países Baixos
6,26,Geórgia,Países Baixos
6,26,Alemanha,Países Baixos
6,26,Albânia,Países Baixos
6,26,Áustria,Países Baixos
6,26,Bélgica,Eslovênia
6,26,Romênia,Eslovênia
6,26,Ucrânia,Eslovênia
6,26,Polônia,Eslovênia
6,26,Eslováquia,Eslovênia
6,26,Turquia,Eslovênia
6,26,Sérvia,Eslovênia
6,26,Espanha,Eslovênia
6,26,França,Eslovênia
6,26,Croácia,Eslovênia
6,26,Escócia,Eslovênia
6,26,Hungria,Eslovênia
6,26,Portugal,Eslovênia
6,26,Suíça,Eslovênia
6,26,República Tcheca,Eslovênia
6,26,Dinamarca,Eslovênia
6,26,Inglaterra,Eslovênia
6,26,Itália,Eslovênia
6,26,Geórgia,Eslovênia
6,26,Alemanha,Eslovênia
6,26,Albânia,Eslovênia
6,26,Áustria,Eslovênia
6,26,Romênia,Bélgica
6,26,Ucrânia,Bélgica
6,26,Polônia,Bélgica
6,26,Eslováquia,Bélgica
6,26,Turquia,Bélgica
6,26,Sérvia,Bélgica
6,26,Espanha,Bélgica
6,26,França,Bélgica
6,26,Croácia,Bélgica
6,26,Escócia,Bélgica
6,26,Hungria,Bélgica
6,26,Portugal,Bélgica
6,26,Suíça,Bélgica
6,26,República Tcheca,Bélgica
6,26,Dinamarca,Bélgica
6,26,Inglaterra,Bélgica
6,26,Itália,Bélgica
6,26,Geórgia,Bélgica
6,26,Alemanha,Bélgica
6,26,Albânia,Bélgica
6,26,Áustria,Bélgica
6,26,Ucrânia,Romênia
6,26,Polônia,Romênia
6,26,Eslováquia,Romênia
6,26,Turquia,Romênia
6,26,Sérvia,Romênia
6,26,Espanha,Romênia
6,26,França,Romênia
6,26,Croácia,Romênia
6,26,Escócia,Romênia
6,26,Hungria,Romênia
6,26,Portugal,Romênia
6,26,Suíça,Romênia
6,26,República Tcheca,Romênia
6,26,Dinamarca,Romênia
6,26,Inglaterra,Romênia
6,26,Itália,Romênia
6,26,Geórgia,Romênia
6,26,Alemanha,Romênia
6,26,Albânia,Romênia
6,26,Áustria,Romênia
6,26,Polônia,Ucrânia
6,26,Eslováquia,Ucrânia
6,26,Turquia,Ucrânia
6,26,Sérvia,Ucrânia
6,26,Espanha,Ucrânia
6,26,França,Ucrânia
6,26,Croácia,Ucrânia
6,26,Escócia,Ucrânia
6,26,Hungria,Ucrânia
6,26,Portugal,Ucrânia
6,26,Suíça,Ucrânia
6,26,República Tcheca,Ucrânia
6,26,Dinamarca,Ucrânia
6,26,Inglaterra,Ucrânia
6,26,Itália,Ucrânia
6,26,Geórgia,Ucrânia
6,26,Alemanha,Ucrânia
6,26,Albânia,Ucrânia
6,26,Áustria,Ucrânia
6,26,Eslováquia,Polônia
6,26,Turquia,Polônia
6,26,Sérvia,Polônia
6,26,Espanha,Polônia
6,26,França,Polônia
6,26,Croácia,Polônia
6,26,Escócia,Polônia
6,26,Hungria,Polônia
6,26,Portugal,Polônia
6,26,Suíça,Polônia
6,26,República Tcheca,Polônia
6,26,Dinamarca,Polônia
6,26,Inglaterra,Polônia
6,26,Itália,Polônia
6,26,Geórgia,Polônia
6,26,Alemanha,Polônia
6,26,Albânia,Polônia
6,26,Áustria,Polônia
6,26,Turquia,Eslováquia
6,26,Sérvia,Eslováquia
6,26,Espanha,Eslováquia
6,26,França,Eslováquia
6,26,Croácia,Eslováquia
6,26,Escócia,Eslováquia
6,26,Hungria,Eslováquia
6,26,Portugal,Eslováquia
6,26,Suíça,Eslováquia
6,26,República Tcheca,Eslováquia
6,26,Dinamarca,Eslováquia
6,26,Inglaterra,Eslováquia
6,26,Itália,Eslováquia
6,26,Geórgia,Eslováquia
6,26,Alemanha,Eslováquia
6,26,Albânia,Eslováquia
6,26,Áustria,Eslováquia
6,26,Sérvia,Turquia
6,26,Espanha,Turquia
6,26,França,Turquia
6,26,Croácia,Turquia
6,26,Escócia,Turquia
6,26,Hungria,Turquia
6,26,Portugal,Turquia
6,26,Suíça,Turquia
6,26,República Tcheca,Turquia
6,26,Dinamarca,Turquia
6,26,Inglaterra,Turquia
6,26,Itália,Turquia
6,26,Geórgia,Turquia
6,26,Alemanha,Turquia
6,26,Albânia,Turquia
6,26,Áustria,Turquia
6,26,Espanha,Sérvia
6,26,França,Sérvia
6,26,Croácia,Sérvia
6,26,Escócia,Sérvia
6,26,Hungria,Sérvia
6,26,Portugal,Sérvia
6,26,Suíça,Sérvia
6,26,República Tcheca,Sérvia
6,26,Dinamarca,Sérvia
6,26,Inglaterra,Sérvia
6,26,Itália,Sérvia
6,26,Geórgia,Sérvia
6,26,Alemanha,Sérvia
6,26,Albânia,Sérvia
6,26,Áustria,Sérvia
6,26,França,Espanha
6,26,Croácia,Espanha
6,26,Escócia,Espanha
6,26,Hungria,Espanha
6,26,Portugal,Espanha
6,26,Suíça,Espanha
6,26,República Tcheca,Espanha
6,26,Dinamarca,Espanha
6,26,Inglaterra,Espanha
6,26,Itália,Espanha
6,26,Geórgia,Espanha
6,26,Alemanha,Espanha
6,26,Albânia,Espanha
6,26,Áustria,Espanha
6,26,Croácia,França
6,26,Escócia,França
6,26,Hungria,França
6,26,Portugal,França
6,26,Suíça,França
6,26,República Tcheca,França
6,26,Dinamarca,França
6,26,Inglaterra,França
6,26,Itália,França
6,26,Geórgia,França
6,26,Alemanha,França
6,26,Albânia,França
6,26,Áustria,França
6,26,Escócia,Croácia
6,26,Hungria,Croácia
6,26,Portugal,Croácia
6,26,Suíça,Croácia
6,26,República Tcheca,Croácia
6,26,Dinamarca,Croácia
6,26,Inglaterra,Croácia
6,26,Itália,Croácia
6,26,Geórgia,Croácia
6,26,Alemanha,Croácia
6,26,Albânia,Croácia
6,26,Áustria,Croácia
6,26,Hungria,Escócia
6,26,Portugal,Escócia
6,26,Suíça,Escócia
6,26,República Tcheca,Escócia
6,26,Dinamarca,Escócia
6,26,Inglaterra,Escócia
6,26,Itália,Escócia
6,26,Geórgia,Escócia
6,26,Alemanha,Escócia
6,26,Albânia,Escócia
6,26,Áustria,Escócia
6,26,Portugal,Hungria
6,26,Suíça,Hungria
6,26,República Tcheca,Hungria
6,26,Dinamarca,Hungria
6,26,Inglaterra,Hungria
6,26,Itália,Hungria
6,26,Geórgia,Hungria
6,26,Alemanha,Hungria
6,26,Albânia,Hungria
6,26,Áustria,Hungria
6,26,Suíça,Portugal
6,26,República Tcheca,Portugal
6,26,Dinamarca,Portugal
6,26,Inglaterra,Portugal
6,26,Itália,Portugal
6,26,Geórgia,Portugal
6,26,Alemanha,Portugal
6,26,Albânia,Portugal
6,26,Áustria,Portugal
6,26,República Tcheca,Suíça
6,26,Dinamarca,Suíça
6,26,Inglaterra,Suíça
6,26,Itália,Suíça
6,26,Geórgia,Suíça
6,26,Alemanha,Suíça
6,26,Albânia,Suíça
6,26,Áustria,Suíça
6,26,Dinamarca,República Tcheca
6,26,Inglaterra,República Tcheca
6,26,Itália,República Tcheca
6,26,Geórgia,República Tcheca
6,26,Alemanha,República Tcheca
6,26,Albânia,República Tcheca
6,26,Áustria,República Tcheca
6,26,Inglaterra,Dinamarca
6,26,Itália,Dinamarca
6,26,Geórgia,Dinamarca
6,26,Alemanha,Dinamarca
6,26,Albânia,Dinamarca
6,26,Áustria,Dinamarca
6,26,Itália,Inglaterra
6,26,Geórgia,Inglaterra
6,26,Alemanha,Inglaterra
6,26,Albânia,Inglaterra
6,26,Áustria,Inglaterra
6,26,Geórgia,Itália
6,26,Alemanha,Itália
6,26,Albânia,Itália
6,26,Áustria,Itália
6,26,Alemanha,Geórgia
6,26,Albânia,Geórgia
6,26,Áustria,Geórgia
6,26,Albânia,Alemanha
6,26,Áustria,Alemanha
6,26,Áustria,Albânia
6,29,Eslovênia,Países Baixos
6,29,Bélgica,Países Baixos
6,29,Romênia,Países Baixos
6,29,Ucrânia,Países Baixos
6,29,Polônia,Países Baixos
6,29,Eslováquia,Países Baixos
6,29,Turquia,Países Baixos
6,29,Sérvia,Países Baixos
6,29,Espanha,Países Baixos
6,29,França,Países Baixos
6,29,Croácia,Países Baixos
6,29,Escócia,Países Baixos
6,29,Hungria,Países Baixos
6,29,Portugal,Países Baixos
6,29,Suíça,Países Baixos
6,29,República Tcheca,Países Baixos
6,29,Dinamarca,Países Baixos
6,29,Inglaterra,Países Baixos
6,29,Itália,Países Baixos
6,29,Geórgia,Países Baixos
6,29,Alemanha,Países Baixos
6,29,Albânia,Países Baixos
6,29,Áustria,Países Baixos
6,29,Bélgica,Eslovênia
6,29,Romênia,Eslovênia
6,29,Ucrânia,Eslovênia
6,29,Polônia,Eslovênia
6,29,Eslováquia,Eslovênia
6,29,Turquia,Eslovênia
6,29,Sérvia,Eslovênia
6,29,Espanha,Eslovênia
6,29,França,Eslovênia
6,29,Croácia,Eslovênia
6,29,Escócia,Eslovênia
6,29,Hungria,Eslovênia
6,29,Portugal,Eslovênia
6,29,Suíça,Eslovênia
6,29,República Tcheca,Eslovênia
6,29,Dinamarca,Eslovênia
6,29,Inglaterra,Eslovênia
6,29,Itália,Eslovênia
6,29,Geórgia,Eslovênia
6,29,Alemanha,Eslovênia
6,29,Albânia,Eslovênia
6,29,Áustria,Eslovênia
6,29,Romênia,Bélgica
6,29,Ucrânia,Bélgica
6,29,Polônia,Bélgica
6,29,Eslováquia,Bélgica
6,29,Turquia,Bélgica
6,29,Sérvia,Bélgica
6,29,Espanha,Bélgica
6,29,França,Bélgica
6,29,Croácia,Bélgica
6,29,Escócia,Bélgica
6,29,Hungria,Bélgica
6,29,Portugal,Bélgica
6,29,Suíça,Bélgica
6,29,República Tcheca,Bélgica
6,29,Dinamarca,Bélgica
6,29,Inglaterra,Bélgica
6,29,Itália,Bélgica
6,29,Geórgia,Bélgica
6,29,Alemanha,Bélgica
6,29,Albânia,Bélgica
6,29,Áustria,Bélgica
6,29,Ucrânia,Romênia
6,29,Polônia,Romênia
6,29,Eslováquia,Romênia
6,29,Turquia,Romênia
6,29,Sérvia,Romênia
6,29,Espanha,Romênia
6,29,França,Romênia
6,29,Croácia,Romênia
6,29,Escócia,Romênia
6,29,Hungria,Romênia
6,29,Portugal,Romênia
6,29,Suíça,Romênia
6,29,República Tcheca,Romênia
6,29,Dinamarca,Romênia
6,29,Inglaterra,Romênia
6,29,Itália,Romênia
6,29,Geórgia,Romênia
6,29,Alemanha,Romênia
6,29,Albânia,Romênia
6,29,Áustria,Romênia
6,29,Polônia,Ucrânia
6,29,Eslováquia,Ucrânia
6,29,Turquia,Ucrânia
6,29,Sérvia,Ucrânia
6,29,Espanha,Ucrânia
6,29,França,Ucrânia
6,29,Croácia,Ucrânia
6,29,Escócia,Ucrânia
6,29,Hungria,Ucrânia
6,29,Portugal,Ucrânia
6,29,Suíça,Ucrânia
6,29,República Tcheca,Ucrânia
6,29,Dinamarca,Ucrânia
6,29,Inglaterra,Ucrânia
6,29,Itália,Ucrânia
6,29,Geórgia,Ucrânia
6,29,Alemanha,Ucrânia
6,29,Albânia,Ucrânia
6,29,Áustria,Ucrânia
6,29,Eslováquia,Polônia
6,29,Turquia,Polônia
6,29,Sérvia,Polônia
6,29,Espanha,Polônia
6,29,França,Polônia
6,29,Croácia,Polônia
6,29,Escócia,Polônia
6,29,Hungria,Polônia
6,29,Portugal,Polônia
6,29,Suíça,Polônia
6,29,República Tcheca,Polônia
6,29,Dinamarca,Polônia
6,29,Inglaterra,Polônia
6,29,Itália,Polônia
6,29,Geórgia,Polônia
6,29,Alemanha,Polônia
6,29,Albânia,Polônia
6,29,Áustria,Polônia
6,29,Turquia,Eslováquia
6,29,Sérvia,Eslováquia
6,29,Espanha,Eslováquia
6,29,França,Eslováquia
6,29,Croácia,Eslováquia
6,29,Escócia,Eslováquia
6,29,Hungria,Eslováquia
6,29,Portugal,Eslováquia
6,29,Suíça,Eslováquia
6,29,República Tcheca,Eslováquia
6,29,Dinamarca,Eslováquia
6,29,Inglaterra,Eslováquia
6,29,Itália,Eslováquia
6,29,Geórgia,Eslováquia
6,29,Alemanha,Eslováquia
6,29,Albânia,Eslováquia
6,29,Áustria,Eslováquia
6,29,Sérvia,Turquia
6,29,Espanha,Turquia
6,29,França,Turquia
6,29,Croácia,Turquia
6,29,Escócia,Turquia
6,29,Hungria,Turquia
6,29,Portugal,Turquia
6,29,Suíça,Turquia
6,29,República Tcheca,Turquia
6,29,Dinamarca,Turquia
6,29,Inglaterra,Turquia
6,29,Itália,Turquia
6,29,Geórgia,Turquia
6,29,Alemanha,Turquia
6,29,Albânia,Turquia
6,29,Áustria,Turquia
6,29,Espanha,Sérvia
6,29,França,Sérvia
6,29,Croácia,Sérvia
6,29,Escócia,Sérvia
6,29,Hungria,Sérvia
6,29,Portugal,Sérvia
6,29,Suíça,Sérvia
6,29,República Tcheca,Sérvia
6,29,Dinamarca,Sérvia
6,29,Inglaterra,Sérvia
6,29,Itália,Sérvia
6,29,Geórgia,Sérvia
6,29,Alemanha,Sérvia
6,29,Albânia,Sérvia
6,29,Áustria,Sérvia
6,29,França,Espanha
6,29,Croácia,Espanha
6,29,Escócia,Espanha
6,29,Hungria,Espanha
6,29,Portugal,Espanha
6,29,Suíça,Espanha
6,29,República Tcheca,Espanha
6,29,Dinamarca,Espanha
6,29,Inglaterra,Espanha
6,29,Itália,Espanha
6,29,Geórgia,Espanha
6,29,Alemanha,Espanha
6,29,Albânia,Espanha
6,29,Áustria,Espanha
6,29,Croácia,França
6,29,Escócia,França
6,29,Hungria,França
6,29,Portugal,França
6,29,Suíça,França
6,29,República Tcheca,França
6,29,Dinamarca,França
6,29,Inglaterra,França
6,29,Itália,França
6,29,Geórgia,França
6,29,Alemanha,França
6,29,Albânia,França
6,29,Áustria,França
6,29,Escócia,Croácia
6,29,Hungria,Croácia
6,29,Portugal,Croácia
6,29,Suíça,Croácia
6,29,República Tcheca,Croácia
6,29,Dinamarca,Croácia
6,29,Inglaterra,Croácia
6,29,Itália,Croácia
6,29,Geórgia,Croácia
6,29,Alemanha,Croácia
6,29,Albânia,Croácia
6,29,Áustria,Croácia
6,29,Hungria,Escócia
6,29,Portugal,Escócia
6,29,Suíça,Escócia
6,29,República Tcheca,Escócia
6,29,Dinamarca,Escócia
6,29,Inglaterra,Escócia
6,29,Itália,Escócia
6,29,Geórgia,Escócia
6,29,Alemanha,Escócia
6,29,Albânia,Escócia
6,29,Áustria,Escócia
6,29,Portugal,Hungria
6,29,Suíça,Hungria
6,29,República Tcheca,Hungria
6,29,Dinamarca,Hungria
6,29,Inglaterra,Hungria
6,29,Itália,Hungria
6,29,Geórgia,Hungria
6,29,Alemanha,Hungria
6,29,Albânia,Hungria
6,29,Áustria,Hungria
6,29,Suíça,Portugal
6,29,República Tcheca,Portugal
6,29,Dinamarca,Portugal
6,29,Inglaterra,Portugal
6,29,Itália,Portugal
6,29,Geórgia,Portugal
6,29,Alemanha,Portugal
6,29,Albânia,Portugal
6,29,Áustria,Portugal
6,29,República Tcheca,Suíça
6,29,Dinamarca,Suíça
6,29,Inglaterra,Suíça
6,29,Itália,Suíça
6,29,Geórgia,Suíça
6,29,Alemanha,Suíça
6,29,Albânia,Suíça
6,29,Áustria,Suíça
6,29,Dinamarca,República Tcheca
6,29,Inglaterra,República Tcheca
6,29,Itália,República Tcheca
6,29,Geórgia,República Tcheca
6,29,Alemanha,República Tcheca
6,29,Albânia,República Tcheca
6,29,Áustria,República Tcheca
6,29,Inglaterra,Dinamarca
6,29,Itália,Dinamarca
6,29,Geórgia,Dinamarca
6,29,Alemanha,Dinamarca
6,29,Albânia,Dinamarca
6,29,Áustria,Dinamarca
6,29,Itália,Inglaterra
6,29,Geórgia,Inglaterra
6,29,Alemanha,Inglaterra
6,29,Albânia,Inglaterra
6,29,Áustria,Inglaterra
6,29,Geórgia,Itália
6,29,Alemanha,Itália
6,29,Albânia,Itália
6,29,Áustria,Itália
6,29,Alemanha,Geórgia
6,29,Albânia,Geórgia
6,29,Áustria,Geórgia
6,29,Albânia,Alemanha
6,29,Áustria,Alemanha
6,29,Áustria,Albânia
6,32,Eslovênia,Países Baixos
6,32,Bélgica,Países Baixos
6,32,Romênia,Países Baixos
6,32,Ucrânia,Países Baixos
6,32,Polônia,Países Baixos
6,32,Eslováquia,Países Baixos
6,32,Turquia,Países Baixos
6,32,Sérvia,Países Baixos
6,32,Espanha,Países Baixos
6,32,França,Países Baixos
6,32,Croácia,Países Baixos
6,32,Escócia,Países Baixos
6,32,Hungria,Países Baixos
6,32,Portugal,Países Baixos
6,32,Suíça,Países Baixos
6,32,República Tcheca,Países Baixos
6,32,Dinamarca,Países Baixos
6,32,Inglaterra,Países Baixos
6,32,Itália,Países Baixos
6,32,Geórgia,Países Baixos
6,32,Alemanha,Países Baixos
6,32,Albânia,Países Baixos
6,32,Áustria,Países Baixos
6,32,Bélgica,Eslovênia
6,32,Romênia,Eslovênia
6,32,Ucrânia,Eslovênia
6,32,Polônia,Eslovênia
6,32,Eslováquia,Eslovênia
6,32,Turquia,Eslovênia
6,32,Sérvia,Eslovênia
6,32,Espanha,Eslovênia
6,32,França,Eslovênia
6,32,Croácia,Eslovênia
6,32,Escócia,Eslovênia
6,32,Hungria,Eslovênia
6,32,Portugal,Eslovênia
6,32,Suíça,Eslovênia
6,32,República Tcheca,Eslovênia
6,32,Dinamarca,Eslovênia
6,32,Inglaterra,Eslovênia
6,32,Itália,Eslovênia
6,32,Geórgia,Eslovênia
6,32,Alemanha,Eslovênia
6,32,Albânia,Eslovênia
6,32,Áustria,Eslovênia
6,32,Romênia,Bélgica
6,32,Ucrânia,Bélgica
6,32,Polônia,Bélgica
6,32,Eslováquia,Bélgica
6,32,Turquia,Bélgica
6,32,Sérvia,Bélgica
6,32,Espanha,Bélgica
6,32,França,Bélgica
6,32,Croácia,Bélgica
6,32,Escócia,Bélgica
6,32,Hungria,Bélgica
6,32,Portugal,Bélgica
6,32,Suíça,Bélgica
6,32,República Tcheca,Bélgica
6,32,Dinamarca,Bélgica
6,32,Inglaterra,Bélgica
6,32,Itália,Bélgica
6,32,Geórgia,Bélgica
6,32,Alemanha,Bélgica
6,32,Albânia,Bélgica
6,32,Áustria,Bélgica
6,32,Ucrânia,Romênia
6,32,Polônia,Romênia
6,32,Eslováquia,Romênia
6,32,Turquia,Romênia
6,32,Sérvia,Romênia
6,32,Espanha,Romênia
6,32,França,Romênia
6,32,Croácia,Romênia
6,32,Escócia,Romênia
6,32,Hungria,Romênia
6,32,Portugal,Romênia
6,32,Suíça,Romênia
6,32,República Tcheca,Romênia
6,32,Dinamarca,Romênia
6,32,Inglaterra,Romênia
6,32,Itália,Romênia
6,32,Geórgia,Romênia
6,32,Alemanha,Romênia
6,32,Albânia,Romênia
6,32,Áustria,Romênia
6,32,Polônia,Ucrânia
6,32,Eslováquia,Ucrânia
6,32,Turquia,Ucrânia
6,32,Sérvia,Ucrânia
6,32,Espanha,Ucrânia
6,32,França,Ucrânia
6,32,Croácia,Ucrânia
6,32,Escócia,Ucrânia
6,32,Hungria,Ucrânia
6,32,Portugal,Ucrânia
6,32,Suíça,Ucrânia
6,32,República Tcheca,Ucrânia
6,32,Dinamarca,Ucrânia
6,32,Inglaterra,Ucrânia
6,32,Itália,Ucrânia
6,32,Geórgia,Ucrânia
6,32,Alemanha,Ucrânia
6,32,Albânia,Ucrânia
6,32,Áustria,Ucrânia
6,32,Eslováquia,Polônia
6,32,Turquia,Polônia
6,32,Sérvia,Polônia
6,32,Espanha,Polônia
6,32,França,Polônia
6,32,Croácia,Polônia
6,32,Escócia,Polônia
6,32,Hungria,Polônia
6,32,Portugal,Polônia
6,32,Suíça,Polônia
6,32,República Tcheca,Polônia
6,32,Dinamarca,Polônia
6,32,Inglaterra,Polônia
6,32,Itália,Polônia
6,32,Geórgia,Polônia
6,32,Alemanha,Polônia
6,32,Albânia,Polônia
6,32,Áustria,Polônia
6,32,Turquia,Eslováquia
6,32,Sérvia,Eslováquia
6,32,Espanha,Eslováquia
6,32,França,Eslováquia
6,32,Croácia,Eslováquia
6,32,Escócia,Eslováquia
6,32,Hungria,Eslováquia
6,32,Portugal,Eslováquia
6,32,Suíça,Eslováquia
6,32,República Tcheca,Eslováquia
6,32,Dinamarca,Eslováquia
6,32,Inglaterra,Eslováquia
6,32,Itália,Eslováquia
6,32,Geórgia,Eslováquia
6,32,Alemanha,Eslováquia
6,32,Albânia,Eslováquia
6,32,Áustria,Eslováquia
6,32,Sérvia,Turquia
6,32,Espanha,Turquia
6,32,França,Turquia
6,32,Croácia,Turquia
6,32,Escócia,Turquia
6,32,Hungria,Turquia
6,32,Portugal,Turquia
6,32,Suíça,Turquia
6,32,República Tcheca,Turquia
6,32,Dinamarca,Turquia
6,32,Inglaterra,Turquia
6,32,Itália,Turquia
6,32,Geórgia,Turquia
6,32,Alemanha,Turquia
6,32,Albânia,Turquia
6,32,Áustria,Turquia
6,32,Espanha,Sérvia
6,32,França,Sérvia
6,32,Croácia,Sérvia
6,32,Escócia,Sérvia
6,32,Hungria,Sérvia
6,32,Portugal,Sérvia
6,32,Suíça,Sérvia
6,32,República Tcheca,Sérvia
6,32,Dinamarca,Sérvia
6,32,Inglaterra,Sérvia
6,32,Itália,Sérvia
6,32,Geórgia,Sérvia
6,32,Alemanha,Sérvia
6,32,Albânia,Sérvia
6,32,Áustria,Sérvia
6,32,França,Espanha
6,32,Croácia,Espanha
6,32,Escócia,Espanha
6,32,Hungria,Espanha
6,32,Portugal,Espanha
6,32,Suíça,Espanha
6,32,República Tcheca,Espanha
6,32,Dinamarca,Espanha
6,32,Inglaterra,Espanha
6,32,Itália,Espanha
6,32,Geórgia,Espanha
6,32,Alemanha,Espanha
6,32,Albânia,Espanha
6,32,Áustria,Espanha
6,32,Croácia,França
6,32,Escócia,França
6,32,Hungria,França
6,32,Portugal,França
6,32,Suíça,França
6,32,República Tcheca,França
6,32,Dinamarca,França
6,32,Inglaterra,França
6,32,Itália,França
6,32,Geórgia,França
6,32,Alemanha,França
6,32,Albânia,França
6,32,Áustria,França
6,32,Escócia,Croácia
6,32,Hungria,Croácia
6,32,Portugal,Croácia
6,32,Suíça,Croácia
6,32,República Tcheca,Croácia
6,32,Dinamarca,Croácia
6,32,Inglaterra,Croácia
6,32,Itália,Croácia
6,32,Geórgia,Croácia
6,32,Alemanha,Croácia
6,32,Albânia,Croácia
6,32,Áustria,Croácia
6,32,Hungria,Escócia
6,32,Portugal,Escócia
6,32,Suíça,Escócia
6,32,República Tcheca,Escócia
6,32,Dinamarca,Escócia
6,32,Inglaterra,Escócia
6,32,Itália,Escócia
6,32,Geórgia,Escócia
6,32,Alemanha,Escócia
6,32,Albânia,Escócia
6,32,Áustria,Escócia
6,32,Portugal,Hungria
6,32,Suíça,Hungria
6,32,República Tcheca,Hungria
6,32,Dinamarca,Hungria
6,32,Inglaterra,Hungria
6,32,Itália,Hungria
6,32,Geórgia,Hungria
6,32,Alemanha,Hungria
6,32,Albânia,Hungria
6,32,Áustria,Hungria
6,32,Suíça,Portugal
6,32,República Tcheca,Portugal
6,32,Dinamarca,Portugal
6,32,Inglaterra,Portugal
6,32,Itália,Portugal
6,32,Geórgia,Portugal
6,32,Alemanha,Portugal
6,32,Albânia,Portugal
6,32,Áustria,Portugal
6,32,República Tcheca,Suíça
6,32,Dinamarca,Suíça
6,32,Inglaterra,Suíça
6,32,Itália,Suíça
6,32,Geórgia,Suíça
6,32,Alemanha,Suíça
6,32,Albânia,Suíça
6,32,Áustria,Suíça
6,32,Dinamarca,República Tcheca
6,32,Inglaterra,República Tcheca
6,32,Itália,República Tcheca
6,32,Geórgia,República Tcheca
6,32,Alemanha,República Tcheca
6,32,Albânia,República Tcheca
6,32,Áustria,República Tcheca
6,32,Inglaterra,Dinamarca
6,32,Itália,Dinamarca
6,32,Geórgia,Dinamarca
6,32,Alemanha,Dinamarca
6,32,Albânia,Dinamarca
6,32,Áustria,Dinamarca
6,32,Itália,Inglaterra
6,32,Geórgia,Inglaterra
6,32,Alemanha,Inglaterra
6,32,Albânia,Inglaterra
6,32,Áustria,Inglaterra
6,32,Geórgia,Itália
6,32,Alemanha,Itália
6,32,Albânia,Itália
6,32,Áustria,Itália
6,32,Alemanha,Geórgia
6,32,Albânia,Geórgia
6,32,Áustria,Geórgia
6,32,Albânia,Alemanha
6,32,Áustria,Alemanha
6,32,Áustria,Albânia
6,35,Eslovênia,Países Baixos
6,35,Bélgica,Países Baixos
6,35,Romênia,Países Baixos
6,35,Ucrânia,Países Baixos
6,35,Polônia,Países Baixos
6,35,Eslováquia,Países Baixos
6,35,Turquia,Países Baixos
6,35,Sérvia,Países Baixos
6,35,Espanha,Países Baixos
6,35,França,Países Baixos
6,35,Croácia,Países Baixos
6,35,Escócia,Países Baixos
6,35,Hungria,Países Baixos
6,35,Portugal,Países Baixos
6,35,Suíça,Países Baixos
6,35,República Tcheca,Países Baixos
6,35,Dinamarca,Países Baixos
6,35,Inglaterra,Países Baixos
6,35,Itália,Países Baixos
6,35,Geórgia,Países Baixos
6,35,Alemanha,Países Baixos
6,35,Albânia,Países Baixos
6,35,Áustria,Países Baixos
6,35,Bélgica,Eslovênia
6,35,Romênia,Eslovênia
6,35,Ucrânia,Eslovênia
6,35,Polônia,Eslovênia
6,35,Eslováquia,Eslovênia
6,35,Turquia,Eslovênia
6,35,Sérvia,Eslovênia
6,35,Espanha,Eslovênia
6,35,França,Eslovênia
6,35,Croácia,Eslovênia
6,35,Escócia,Eslovênia
6,35,Hungria,Eslovênia
6,35,Portugal,Eslovênia
6,35,Suíça,Eslovênia
6,35,República Tcheca,Eslovênia
6,35,Dinamarca,Eslovênia
6,35,Inglaterra,Eslovênia
6,35,Itália,Eslovênia
6,35,Geórgia,Eslovênia
6,35,Alemanha,Eslovênia
6,35,Albânia,Eslovênia
6,35,Áustria,Eslovênia
6,35,Romênia,Bélgica
6,35,Ucrânia,Bélgica
6,35,Polônia,Bélgica
6,35,Eslováquia,Bélgica
6,35,Turquia,Bélgica
6,35,Sérvia,Bélgica
6,35,Espanha,Bélgica
6,35,França,Bélgica
6,35,Croácia,Bélgica
6,35,Escócia,Bélgica
6,35,Hungria,Bélgica
6,35,Portugal,Bélgica
6,35,Suíça,Bélgica
6,35,República Tcheca,Bélgica
6,35,Dinamarca,Bélgica
6,35,Inglaterra,Bélgica
6,35,Itália,Bélgica
6,35,Geórgia,Bélgica
6,35,Alemanha,Bélgica
6,35,Albânia,Bélgica
6,35,Áustria,Bélgica
6,35,Ucrânia,Romênia
6,35,Polônia,Romênia
6,35,Eslováquia,Romênia
6,35,Turquia,Romênia
6,35,Sérvia,Romênia
6,35,Espanha,Romênia
6,35,França,Romênia
6,35,Croácia,Romênia
6,35,Escócia,Romênia
6,35,Hungria,Romênia
6,35,Portugal,Romênia
6,35,Suíça,Romênia
6,35,República Tcheca,Romênia
6,35,Dinamarca,Romênia
6,35,Inglaterra,Romênia
6,35,Itália,Romênia
6,35,Geórgia,Romênia
6,35,Alemanha,Romênia
6,35,Albânia,Romênia
6,35,Áustria,Romênia
6,35,Polônia,Ucrânia
6,35,Eslováquia,Ucrânia
6,35,Turquia,Ucrânia
6,35,Sérvia,Ucrânia
6,35,Espanha,Ucrânia
6,35,França,Ucrânia
6,35,Croácia,Ucrânia
6,35,Escócia,Ucrânia
6,35,Hungria,Ucrânia
6,35,Portugal,Ucrânia
6,35,Suíça,Ucrânia
6,35,República Tcheca,Ucrânia
6,35,Dinamarca,Ucrânia
6,35,Inglaterra,Ucrânia
6,35,Itália,Ucrânia
6,35,Geórgia,Ucrânia
6,35,Alemanha,Ucrânia
6,35,Albânia,Ucrânia
6,35,Áustria,Ucrânia
6,35,Eslováquia,Polônia
6,35,Turquia,Polônia
6,35,Sérvia,Polônia
6,35,Espanha,Polônia
6,35,França,Polônia
6,35,Croácia,Polônia
6,35,Escócia,Polônia
6,35,Hungria,Polônia
6,35,Portugal,Polônia
6,35,Suíça,Polônia
6,35,República Tcheca,Polônia
6,35,Dinamarca,Polônia
6,35,Inglaterra,Polônia
6,35,Itália,Polônia
6,35,Geórgia,Polônia
6,35,Alemanha,Polônia
6,35,Albânia,Polônia
6,35,Áustria,Polônia
6,35,Turquia,Eslováquia
6,35,Sérvia,Eslováquia
6,35,Espanha,Eslováquia
6,35,França,Eslováquia
6,35,Croácia,Eslováquia
6,35,Escócia,Eslováquia
6,35,Hungria,Eslováquia
6,35,Portugal,Eslováquia
6,35,Suíça,Eslováquia
6,35,República Tcheca,Eslováquia
6,35,Dinamarca,Eslováquia
6,35,Inglaterra,Eslováquia
6,35,Itália,Eslováquia
6,35,Geórgia,Eslováquia
6,35,Alemanha,Eslováquia
6,35,Albânia,Eslováquia
6,35,Áustria,Eslováquia
6,35,Sérvia,Turquia
6,35,Espanha,Turquia
6,35,França,Turquia
6,35,Croácia,Turquia
6,35,Escócia,Turquia
6,35,Hungria,Turquia
6,35,Portugal,Turquia
6,35,Suíça,Turquia
6,35,República Tcheca,Turquia
6,35,Dinamarca,Turquia
6,35,Inglaterra,Turquia
6,35,Itália,Turquia
6,35,Geórgia,Turquia
6,35,Alemanha,Turquia
6,35,Albânia,Turquia
6,35,Áustria,Turquia
6,35,Espanha,Sérvia
6,35,França,Sérvia
6,35,Croácia,Sérvia
6,35,Escócia,Sérvia
6,35,Hungria,Sérvia
6,35,Portugal,Sérvia
6,35,Suíça,Sérvia
6,35,República Tcheca,Sérvia
6,35,Dinamarca,Sérvia
6,35,Inglaterra,Sérvia
6,35,Itália,Sérvia
6,35,Geórgia,Sérvia
6,35,Alemanha,Sérvia
6,35,Albânia,Sérvia
6,35,Áustria,Sérvia
6,35,França,Espanha
6,35,Croácia,Espanha
6,35,Escócia,Espanha
6,35,Hungria,Espanha
6,35,Portugal,Espanha
6,35,Suíça,Espanha
6,35,República Tcheca,Espanha
6,35,Dinamarca,Espanha
6,35,Inglaterra,Espanha
6,35,Itália,Espanha
6,35,Geórgia,Espanha
6,35,Alemanha,Espanha
6,35,Albânia,Espanha
6,35,Áustria,Espanha
6,35,Croácia,França
6,35,Escócia,França
6,35,Hungria,França
6,35,Portugal,França
6,35,Suíça,França
6,35,República Tcheca,França
6,35,Dinamarca,França
6,35,Inglaterra,França
6,35,Itália,França
6,35,Geórgia,França
6,35,Alemanha,França
6,35,Albânia,França
6,35,Áustria,França
6,35,Escócia,Croácia
6,35,Hungria,Croácia
6,35,Portugal,Croácia
6,35,Suíça,Croácia
6,35,República Tcheca,Croácia
6,35,Dinamarca,Croácia
6,35,Inglaterra,Croácia
6,35,Itália,Croácia
6,35,Geórgia,Croácia
6,35,Alemanha,Croácia
6,35,Albânia,Croácia
6,35,Áustria,Croácia
6,35,Hungria,Escócia
6,35,Portugal,Escócia
6,35,Suíça,Escócia
6,35,República Tcheca,Escócia
6,35,Dinamarca,Escócia
6,35,Inglaterra,Escócia
6,35,Itália,Escócia
6,35,Geórgia,Escócia
6,35,Alemanha,Escócia
6,35,Albânia,Escócia
6,35,Áustria,Escócia
6,35,Portugal,Hungria
6,35,Suíça,Hungria
6,35,República Tcheca,Hungria
6,35,Dinamarca,Hungria
6,35,Inglaterra,Hungria
6,35,Itália,Hungria
6,35,Geórgia,Hungria
6,35,Alemanha,Hungria
6,35,Albânia,Hungria
6,35,Áustria,Hungria
6,35,Suíça,Portugal
6,35,República Tcheca,Portugal
6,35,Dinamarca,Portugal
6,35,Inglaterra,Portugal
6,35,Itália,Portugal
6,35,Geórgia,Portugal
6,35,Alemanha,Portugal
6,35,Albânia,Portugal
6,35,Áustria,Portugal
6,35,República Tcheca,Suíça
6,35,Dinamarca,Suíça
6,35,Inglaterra,Suíça
6,35,Itália,Suíça
6,35,Geórgia,Suíça
6,35,Alemanha,Suíça
6,35,Albânia,Suíça
6,35,Áustria,Suíça
6,35,Dinamarca,República Tcheca
6,35,Inglaterra,República Tcheca
6,35,Itália,República Tcheca
6,35,Geórgia,República Tcheca
6,35,Alemanha,República Tcheca
6,35,Albânia,República Tcheca
6,35,Áustria,República Tcheca
6,35,Inglaterra,Dinamarca
6,35,Itália,Dinamarca
6,35,Geórgia,Dinamarca
6,35,Alemanha,Dinamarca
6,35,Albânia,Dinamarca
6,35,Áustria,Dinamarca
6,35,Itália,Inglaterra
6,35,Geórgia,Inglaterra
6,35,Alemanha,Inglaterra
6,35,Albânia,Inglaterra
6,35,Áustria,Inglaterra
6,35,Geórgia,Itália
6,35,Alemanha,Itália
6,35,Albânia,Itália
6,35,Áustria,Itália
6,35,Alemanha,Geórgia
6,35,Albânia,Geórgia
6,35,Áustria,Geórgia
6,35,Albânia,Alemanha
6,35,Áustria,Alemanha
6,35,Áustria,Albânia
6,38,Eslovênia,Países Baixos
6,38,Bélgica,Países Baixos
6,38,Romênia,Países Baixos
6,38,Ucrânia,Países Baixos
6,38,Polônia,Países Baixos
6,38,Eslováquia,Países Baixos
6,38,Turquia,Países Baixos
6,38,Sérvia,Países Baixos
6,38,Espanha,Países Baixos
6,38,França,Países Baixos
6,38,Croácia,Países Baixos
6,38,Escócia,Países Baixos
6,38,Hungria,Países Baixos
6,38,Portugal,Países Baixos
6,38,Suíça,Países Baixos
6,38,República Tcheca,Países Baixos
6,38,Dinamarca,Países Baixos
6,38,Inglaterra,Países Baixos
6,38,Itália,Países Baixos
6,38,Geórgia,Países Baixos
6,38,Alemanha,Países Baixos
6,38,Albânia,Países Baixos
6,38,Áustria,Países Baixos
6,38,Bélgica,Eslovênia
6,38,Romênia,Eslovênia
6,38,Ucrânia,Eslovênia
6,38,Polônia,Eslovênia
6,38,Eslováquia,Eslovênia
6,38,Turquia,Eslovênia
6,38,Sérvia,Eslovênia
6,38,Espanha,Eslovênia
6,38,França,Eslovênia
6,38,Croácia,Eslovênia
6,38,Escócia,Eslovênia
6,38,Hungria,Eslovênia
6,38,Portugal,Eslovênia
6,38,Suíça,Eslovênia
6,38,República Tcheca,Eslovênia
6,38,Dinamarca,Eslovênia
6,38,Inglaterra,Eslovênia
6,38,Itália,Eslovênia
6,38,Geórgia,Eslovênia
6,38,Alemanha,Eslovênia
6,38,Albânia,Eslovênia
6,38,Áustria,Eslovênia
6,38,Romênia,Bélgica
6,38,Ucrânia,Bélgica
6,38,Polônia,Bélgica
6,38,Eslováquia,Bélgica
6,38,Turquia,Bélgica
6,38,Sérvia,Bélgica
6,38,Espanha,Bélgica
6,38,França,Bélgica
6,38,Croácia,Bélgica
6,38,Escócia,Bélgica
6,38,Hungria,Bélgica
6,38,Portugal,Bélgica
6,38,Suíça,Bélgica
6,38,República Tcheca,Bélgica
6,38,Dinamarca,Bélgica
6,38,Inglaterra,Bélgica
6,38,Itália,Bélgica
6,38,Geórgia,Bélgica
6,38,Alemanha,Bélgica
6,38,Albânia,Bélgica
6,38,Áustria,Bélgica
6,38,Ucrânia,Romênia
6,38,Polônia,Romênia
6,38,Eslováquia,Romênia
6,38,Turquia,Romênia
6,38,Sérvia,Romênia
6,38,Espanha,Romênia
6,38,França,Romênia
6,38,Croácia,Romênia
6,38,Escócia,Romênia
6,38,Hungria,Romênia
6,38,Portugal,Romênia
6,38,Suíça,Romênia
6,38,República Tcheca,Romênia
6,38,Dinamarca,Romênia
6,38,Inglaterra,Romênia
6,38,Itália,Romênia
6,38,Geórgia,Romênia
6,38,Alemanha,Romênia
6,38,Albânia,Romênia
6,38,Áustria,Romênia
6,38,Polônia,Ucrânia
6,38,Eslováquia,Ucrânia
6,38,Turquia,Ucrânia
6,38,Sérvia,Ucrânia
6,38,Espanha,Ucrânia
6,38,França,Ucrânia
6,38,Croácia,Ucrânia
6,38,Escócia,Ucrânia
6,38,Hungria,Ucrânia
6,38,Portugal,Ucrânia
6,38,Suíça,Ucrânia
6,38,República Tcheca,Ucrânia
6,38,Dinamarca,Ucrânia
6,38,Inglaterra,Ucrânia
6,38,Itália,Ucrânia
6,38,Geórgia,Ucrânia
6,38,Alemanha,Ucrânia
6,38,Albânia,Ucrânia
6,38,Áustria,Ucrânia
6,38,Eslováquia,Polônia
6,38,Turquia,Polônia
6,38,Sérvia,Polônia
6,38,Espanha,Polônia
6,38,França,Polônia
6,38,Croácia,Polônia
6,38,Escócia,Polônia
6,38,Hungria,Polônia
6,38,Portugal,Polônia
6,38,Suíça,Polônia
6,38,República Tcheca,Polônia
6,38,Dinamarca,Polônia
6,38,Inglaterra,Polônia
6,38,Itália,Polônia
6,38,Geórgia,Polônia
6,38,Alemanha,Polônia
6,38,Albânia,Polônia
6,38,Áustria,Polônia
6,38,Turquia,Eslováquia
6,38,Sérvia,Eslováquia
6,38,Espanha,Eslováquia
6,38,França,Eslováquia
6,38,Croácia,Eslováquia
6,38,Escócia,Eslováquia
6,38,Hungria,Eslováquia
6,38,Portugal,Eslováquia
6,38,Suíça,Eslováquia
6,38,República Tcheca,Eslováquia
6,38,Dinamarca,Eslováquia
6,38,Inglaterra,Eslováquia
6,38,Itália,Eslováquia
6,38,Geórgia,Eslováquia
6,38,Alemanha,Eslováquia
6,38,Albânia,Eslováquia
6,38,Áustria,Eslováquia
6,38,Sérvia,Turquia
6,38,Espanha,Turquia
6,38,França,Turquia
6,38,Croácia,Turquia
6,38,Escócia,Turquia
6,38,Hungria,Turquia
6,38,Portugal,Turquia
6,38,Suíça,Turquia
6,38,República Tcheca,Turquia
6,38,Dinamarca,Turquia
6,38,Inglaterra,Turquia
6,38,Itália,Turquia
6,38,Geórgia,Turquia
6,38,Alemanha,Turquia
6,38,Albânia,Turquia
6,38,Áustria,Turquia
6,38,Espanha,Sérvia
6,38,França,Sérvia
6,38,Croácia,Sérvia
6,38,Escócia,Sérvia
6,38,Hungria,Sérvia
6,38,Portugal,Sérvia
6,38,Suíça,Sérvia
6,38,República Tcheca,Sérvia
6,38,Dinamarca,Sérvia
6,38,Inglaterra,Sérvia
6,38,Itália,Sérvia
6,38,Geórgia,Sérvia
6,38,Alemanha,Sérvia
6,38,Albânia,Sérvia
6,38,Áustria,Sérvia
6,38,França,Espanha
6,38,Croácia,Espanha
6,38,Escócia,Espanha
6,38,Hungria,Espanha
6,38,Portugal,Espanha
6,38,Suíça,Espanha
6,38,República Tcheca,Espanha
6,38,Dinamarca,Espanha
6,38,Inglaterra,Espanha
6,38,Itália,Espanha
6,38,Geórgia,Espanha
6,38,Alemanha,Espanha
6,38,Albânia,Espanha
6,38,Áustria,Espanha
6,38,Croácia,França
6,38,Escócia,França
6,38,Hungria,França
6,38,Portugal,França
6,38,Suíça,França
6,38,República Tcheca,França
6,38,Dinamarca,França
6,38,Inglaterra,França
6,38,Itália,França
6,38,Geórgia,França
6,38,Alemanha,França
6,38,Albânia,França
6,38,Áustria,França
6,38,Escócia,Croácia
6,38,Hungria,Croácia
6,38,Portugal,Croácia
6,38,Suíça,Croácia
6,38,República Tcheca,Croácia
6,38,Dinamarca,Croácia
6,38,Inglaterra,Croácia
6,38,Itália,Croácia
6,38,Geórgia,Croácia
6,38,Alemanha,Croácia
6,38,Albânia,Croácia
6,38,Áustria,Croácia
6,38,Hungria,Escócia
6,38,Portugal,Escócia
6,38,Suíça,Escócia
6,38,República Tcheca,Escócia
6,38,Dinamarca,Escócia
6,38,Inglaterra,Escócia
6,38,Itália,Escócia
6,38,Geórgia,Escócia
6,38,Alemanha,Escócia
6,38,Albânia,Escócia
6,38,Áustria,Escócia
6,38,Portugal,Hungria
6,38,Suíça,Hungria
6,38,República Tcheca,Hungria
6,38,Dinamarca,Hungria
6,38,Inglaterra,Hungria
6,38,Itália,Hungria
6,38,Geórgia,Hungria
6,38,Alemanha,Hungria
6,38,Albânia,Hungria
6,38,Áustria,Hungria
6,38,Suíça,Portugal
6,38,República Tcheca,Portugal
6,38,Dinamarca,Portugal
6,38,Inglaterra,Portugal
6,38,Itália,Portugal
6,38,Geórgia,Portugal
6,38,Alemanha,Portugal
6,38,Albânia,Portugal
6,38,Áustria,Portugal
6,38,República Tcheca,Suíça
6,38,Dinamarca,Suíça
6,38,Inglaterra,Suíça
6,38,Itália,Suíça
6,38,Geórgia,Suíça
6,38,Alemanha,Suíça
6,38,Albânia,Suíça
6,38,Áustria,Suíça
6,38,Dinamarca,República Tcheca
6,38,Inglaterra,República Tcheca
6,38,Itália,República Tcheca
6,38,Geórgia,República Tcheca
6,38,Alemanha,República Tcheca
6,38,Albânia,República Tcheca
6,38,Áustria,República Tcheca
6,38,Inglaterra,Dinamarca
6,38,Itália,Dinamarca
6,38,Geórgia,Dinamarca
6,38,Alemanha,Dinamarca
6,38,Albânia,Dinamarca
6,38,Áustria,Dinamarca
6,38,Itália,Inglaterra
6,38,Geórgia,Inglaterra
6,38,Alemanha,Inglaterra
6,38,Albânia,Inglaterra
6,38,Áustria,Inglaterra
6,38,Geórgia,Itália
6,38,Alemanha,Itália
6,38,Albânia,Itália
6,38,Áustria,Itália
6,38,Alemanha,Geórgia
6,38,Albânia,Geórgia
6,38,Áustria,Geórgia
6,38,Albânia,Alemanha
6,38,Áustria,Alemanha
6,38,Áustria,Albânia
6,41,Eslovênia,Países Baixos
6,41,Bélgica,Países Baixos
6,41,Romênia,Países Baixos
6,41,Ucrânia,Países Baixos
6,41,Polônia,Países Baixos
6,41,Eslováquia,Países Baixos
6,41,Turquia,Países Baixos
6,41,Sérvia,Países Baixos
6,41,Espanha,Países Baixos
6,41,França,Países Baixos
6,41,Croácia,Países Baixos
6,41,Escócia,Países Baixos
6,41,Hungria,Países Baixos
6,41,Portugal,Países Baixos
6,41,Suíça,Países Baixos
6,41,República Tcheca,Países Baixos
6,41,Dinamarca,Países Baixos
6,41,Inglaterra,Países Baixos
6,41,Itália,Países Baixos
6,41,Geórgia,Países Baixos
6,41,Alemanha,Países Baixos
6,41,Albânia,Países Baixos
6,41,Áustria,Países Baixos
6,41,Bélgica,Eslovênia
6,41,Romênia,Eslovênia
6,41,Ucrânia,Eslovênia
6,41,Polônia,Eslovênia
6,41,Eslováquia,Eslovênia
6,41,Turquia,Eslovênia
6,41,Sérvia,Eslovênia
6,41,Espanha,Eslovênia
6,41,França,Eslovênia
6,41,Croácia,Eslovênia
6,41,Escócia,Eslovênia
6,41,Hungria,Eslovênia
6,41,Portugal,Eslovênia
6,41,Suíça,Eslovênia
6,41,República Tcheca,Eslovênia
6,41,Dinamarca,Eslovênia
6,41,Inglaterra,Eslovênia
6,41,Itália,Eslovênia
6,41,Geórgia,Eslovênia
6,41,Alemanha,Eslovênia
6,41,Albânia,Eslovênia
6,41,Áustria,Eslovênia
6,41,Romênia,Bélgica
6,41,Ucrânia,Bélgica
6,41,Polônia,Bélgica
6,41,Eslováquia,Bélgica
6,41,Turquia,Bélgica
6,41,Sérvia,Bélgica
6,41,Espanha,Bélgica
6,41,França,Bélgica
6,41,Croácia,Bélgica
6,41,Escócia,Bélgica
6,41,Hungria,Bélgica
6,41,Portugal,Bélgica
6,41,Suíça,Bélgica
6,41,República Tcheca,Bélgica
6,41,Dinamarca,Bélgica
6,41,Inglaterra,Bélgica
6,41,Itália,Bélgica
6,41,Geórgia,Bélgica
6,41,Alemanha,Bélgica
6,41,Albânia,Bélgica
6,41,Áustria,Bélgica
6,41,Ucrânia,Romênia
6,41,Polônia,Romênia
6,41,Eslováquia,Romênia
6,41,Turquia,Romênia
6,41,Sérvia,Romênia
6,41,Espanha,Romênia
6,41,França,Romênia
6,41,Croácia,Romênia
6,41,Escócia,Romênia
6,41,Hungria,Romênia
6,41,Portugal,Romênia
6,41,Suíça,Romênia
6,41,República Tcheca,Romênia
6,41,Dinamarca,Romênia
6,41,Inglaterra,Romênia
6,41,Itália,Romênia
6,41,Geórgia,Romênia
6,41,Alemanha,Romênia
6,41,Albânia,Romênia
6,41,Áustria,Romênia
6,41,Polônia,Ucrânia
6,41,Eslováquia,Ucrânia
6,41,Turquia,Ucrânia
6,41,Sérvia,Ucrânia
6,41,Espanha,Ucrânia
6,41,França,Ucrânia
6,41,Croácia,Ucrânia
6,41,Escócia,Ucrânia
6,41,Hungria,Ucrânia
6,41,Portugal,Ucrânia
6,41,Suíça,Ucrânia
6,41,República Tcheca,Ucrânia
6,41,Dinamarca,Ucrânia
6,41,Inglaterra,Ucrânia
6,41,Itália,Ucrânia
6,41,Geórgia,Ucrânia
6,41,Alemanha,Ucrânia
6,41,Albânia,Ucrânia
6,41,Áustria,Ucrânia
6,41,Eslováquia,Polônia
6,41,Turquia,Polônia
6,41,Sérvia,Polônia
6,41,Espanha,Polônia
6,41,França,Polônia
6,41,Croácia,Polônia
6,41,Escócia,Polônia
6,41,Hungria,Polônia
6,41,Portugal,Polônia
6,41,Suíça,Polônia
6,41,República Tcheca,Polônia
6,41,Dinamarca,Polônia
6,41,Inglaterra,Polônia
6,41,Itália,Polônia
6,41,Geórgia,Polônia
6,41,Alemanha,Polônia
6,41,Albânia,Polônia
6,41,Áustria,Polônia
6,41,Turquia,Eslováquia
6,41,Sérvia,Eslováquia
6,41,Espanha,Eslováquia
6,41,França,Eslováquia
6,41,Croácia,Eslováquia
6,41,Escócia,Eslováquia
6,41,Hungria,Eslováquia
6,41,Portugal,Eslováquia
6,41,Suíça,Eslováquia
6,41,República Tcheca,Eslováquia
6,41,Dinamarca,Eslováquia
6,41,Inglaterra,Eslováquia
6,41,Itália,Eslováquia
6,41,Geórgia,Eslováquia
6,41,Alemanha,Eslováquia
6,41,Albânia,Eslováquia
6,41,Áustria,Eslováquia
6,41,Sérvia,Turquia
6,41,Espanha,Turquia
6,41,França,Turquia
6,41,Croácia,Turquia
6,41,Escócia,Turquia
6,41,Hungria,Turquia
6,41,Portugal,Turquia
6,41,Suíça,Turquia
6,41,República Tcheca,Turquia
6,41,Dinamarca,Turquia
6,41,Inglaterra,Turquia
6,41,Itália,Turquia
6,41,Geórgia,Turquia
6,41,Alemanha,Turquia
6,41,Albânia,Turquia
6,41,Áustria,Turquia
6,41,Espanha,Sérvia
6,41,França,Sérvia
6,41,Croácia,Sérvia
6,41,Escócia,Sérvia
6,41,Hungria,Sérvia
6,41,Portugal,Sérvia
6,41,Suíça,Sérvia
6,41,República Tcheca,Sérvia
6,41,Dinamarca,Sérvia
6,41,Inglaterra,Sérvia
6,41,Itália,Sérvia
6,41,Geórgia,Sérvia
6,41,Alemanha,Sérvia
6,41,Albânia,Sérvia
6,41,Áustria,Sérvia
6,41,França,Espanha
6,41,Croácia,Espanha
6,41,Escócia,Espanha
6,41,Hungria,Espanha
6,41,Portugal,Espanha
6,41,Suíça,Espanha
6,41,República Tcheca,Espanha
6,41,Dinamarca,Espanha
6,41,Inglaterra,Espanha
6,41,Itália,Espanha
6,41,Geórgia,Espanha
6,41,Alemanha,Espanha
6,41,Albânia,Espanha
6,41,Áustria,Espanha
6,41,Croácia,França
6,41,Escócia,França
6,41,Hungria,França
6,41,Portugal,França
6,41,Suíça,França
6,41,República Tcheca,França
6,41,Dinamarca,França
6,41,Inglaterra,França
6,41,Itália,França
6,41,Geórgia,França
6,41,Alemanha,França
6,41,Albânia,França
6,41,Áustria,França
6,41,Escócia,Croácia
6,41,Hungria,Croácia
6,41,Portugal,Croácia
6,41,Suíça,Croácia
6,41,República Tcheca,Croácia
6,41,Dinamarca,Croácia
6,41,Inglaterra,Croácia
6,41,Itália,Croácia
6,41,Geórgia,Croácia
6,41,Alemanha,Croácia
6,41,Albânia,Croácia
6,41,Áustria,Croácia
6,41,Hungria,Escócia
6,41,Portugal,Escócia
6,41,Suíça,Escócia
6,41,República Tcheca,Escócia
6,41,Dinamarca,Escócia
6,41,Inglaterra,Escócia
6,41,Itália,Escócia
6,41,Geórgia,Escócia
6,41,Alemanha,Escócia
6,41,Albânia,Escócia
6,41,Áustria,Escócia
6,41,Portugal,Hungria
6,41,Suíça,Hungria
6,41,República Tcheca,Hungria
6,41,Dinamarca,Hungria
6,41,Inglaterra,Hungria
6,41,Itália,Hungria
6,41,Geórgia,Hungria
6,41,Alemanha,Hungria
6,41,Albânia,Hungria
6,41,Áustria,Hungria
6,41,Suíça,Portugal
6,41,República Tcheca,Portugal
6,41,Dinamarca,Portugal
6,41,Inglaterra,Portugal
6,41,Itália,Portugal
6,41,Geórgia,Portugal
6,41,Alemanha,Portugal
6,41,Albânia,Portugal
6,41,Áustria,Portugal
6,41,República Tcheca,Suíça
6,41,Dinamarca,Suíça
6,41,Inglaterra,Suíça
6,41,Itália,Suíça
6,41,Geórgia,Suíça
6,41,Alemanha,Suíça
6,41,Albânia,Suíça
6,41,Áustria,Suíça
6,41,Dinamarca,República Tcheca
6,41,Inglaterra,República Tcheca
6,41,Itália,República Tcheca
6,41,Geórgia,República Tcheca
6,41,Alemanha,República Tcheca
6,41,Albânia,República Tcheca
6,41,Áustria,República Tcheca
6,41,Inglaterra,Dinamarca
6,41,Itália,Dinamarca
6,41,Geórgia,Dinamarca
6,41,Alemanha,Dinamarca
6,41,Albânia,Dinamarca
6,41,Áustria,Dinamarca
6,41,Itália,Inglaterra
6,41,Geórgia,Inglaterra
6,41,Alemanha,Inglaterra
6,41,Albânia,Inglaterra
6,41,Áustria,Inglaterra
6,41,Geórgia,Itália
6,41,Alemanha,Itália
6,41,Albânia,Itália
6,41,Áustria,Itália
6,41,Alemanha,Geórgia
6,41,Albânia,Geórgia
6,41,Áustria,Geórgia
6,41,Albânia,Alemanha
6,41,Áustria,Alemanha
6,41,Áustria,Albânia
6,44,Eslovênia,Países Baixos
6,44,Bélgica,Países Baixos
6,44,Romênia,Países Baixos
6,44,Ucrânia,Países Baixos
6,44,Polônia,Países Baixos
6,44,Eslováquia,Países Baixos
6,44,Turquia,Países Baixos
6,44,Sérvia,Países Baixos
6,44,Espanha,Países Baixos
6,44,França,Países Baixos
6,44,Croácia,Países Baixos
6,44,Escócia,Países Baixos
6,44,Hungria,Países Baixos
6,44,Portugal,Países Baixos
6,44,Suíça,Países Baixos
6,44,República Tcheca,Países Baixos
6,44,Dinamarca,Países Baixos
6,44,Inglaterra,Países Baixos
6,44,Itália,Países Baixos
6,44,Geórgia,Países Baixos
6,44,Alemanha,Países Baixos
6,44,Albânia,Países Baixos
6,44,Áustria,Países Baixos
6,44,Bélgica,Eslovênia
6,44,Romênia,Eslovênia
6,44,Ucrânia,Eslovênia
6,44,Polônia,Eslovênia
6,44,Eslováquia,Eslovênia
6,44,Turquia,Eslovênia
6,44,Sérvia,Eslovênia
6,44,Espanha,Eslovênia
6,44,França,Eslovênia
6,44,Croácia,Eslovênia
6,44,Escócia,Eslovênia
6,44,Hungria,Eslovênia
6,44,Portugal,Eslovênia
6,44,Suíça,Eslovênia
6,44,República Tcheca,Eslovênia
6,44,Dinamarca,Eslovênia
6,44,Inglaterra,Eslovênia
6,44,Itália,Eslovênia
6,44,Geórgia,Eslovênia
6,44,Alemanha,Eslovênia
6,44,Albânia,Eslovênia
6,44,Áustria,Eslovênia
6,44,Romênia,Bélgica
6,44,Ucrânia,Bélgica
6,44,Polônia,Bélgica
6,44,Eslováquia,Bélgica
6,44,Turquia,Bélgica
6,44,Sérvia,Bélgica
6,44,Espanha,Bélgica
6,44,França,Bélgica
6,44,Croácia,Bélgica
6,44,Escócia,Bélgica
6,44,Hungria,Bélgica
6,44,Portugal,Bélgica
6,44,Suíça,Bélgica
6,44,República Tcheca,Bélgica
6,44,Dinamarca,Bélgica
6,44,Inglaterra,Bélgica
6,44,Itália,Bélgica
6,44,Geórgia,Bélgica
6,44,Alemanha,Bélgica
6,44,Albânia,Bélgica
6,44,Áustria,Bélgica
6,44,Ucrânia,Romênia
6,44,Polônia,Romênia
6,44,Eslováquia,Romênia
6,44,Turquia,Romênia
6,44,Sérvia,Romênia
6,44,Espanha,Romênia
6,44,França,Romênia
6,44,Croácia,Romênia
6,44,Escócia,Romênia
6,44,Hungria,Romênia
6,44,Portugal,Romênia
6,44,Suíça,Romênia
6,44,República Tcheca,Romênia
6,44,Dinamarca,Romênia
6,44,Inglaterra,Romênia
6,44,Itália,Romênia
6,44,Geórgia,Romênia
6,44,Alemanha,Romênia
6,44,Albânia,Romênia
6,44,Áustria,Romênia
6,44,Polônia,Ucrânia
6,44,Eslováquia,Ucrânia
6,44,Turquia,Ucrânia
6,44,Sérvia,Ucrânia
6,44,Espanha,Ucrânia
6,44,França,Ucrânia
6,44,Croácia,Ucrânia
6,44,Escócia,Ucrânia
6,44,Hungria,Ucrânia
6,44,Portugal,Ucrânia
6,44,Suíça,Ucrânia
6,44,República Tcheca,Ucrânia
6,44,Dinamarca,Ucrânia
6,44,Inglaterra,Ucrânia
6,44,Itália,Ucrânia
6,44,Geórgia,Ucrânia
6,44,Alemanha,Ucrânia
6,44,Albânia,Ucrânia
6,44,Áustria,Ucrânia
6,44,Eslováquia,Polônia
6,44,Turquia,Polônia
6,44,Sérvia,Polônia
6,44,Espanha,Polônia
6,44,França,Polônia
6,44,Croácia,Polônia
6,44,Escócia,Polônia
6,44,Hungria,Polônia
6,44,Portugal,Polônia
6,44,Suíça,Polônia
6,44,República Tcheca,Polônia
6,44,Dinamarca,Polônia
6,44,Inglaterra,Polônia
6,44,Itália,Polônia
6,44,Geórgia,Polônia
6,44,Alemanha,Polônia
6,44,Albânia,Polônia
6,44,Áustria,Polônia
6,44,Turquia,Eslováquia
6,44,Sérvia,Eslováquia
6,44,Espanha,Eslováquia
6,44,França,Eslováquia
6,44,Croácia,Eslováquia
6,44,Escócia,Eslováquia
6,44,Hungria,Eslováquia
6,44,Portugal,Eslováquia
6,44,Suíça,Eslováquia
6,44,República Tcheca,Eslováquia
6,44,Dinamarca,Eslováquia
6,44,Inglaterra,Eslováquia
6,44,Itália,Eslováquia
6,44,Geórgia,Eslováquia
6,44,Alemanha,Eslováquia
6,44,Albânia,Eslováquia
6,44,Áustria,Eslováquia
6,44,Sérvia,Turquia
6,44,Espanha,Turquia
6,44,França,Turquia
6,44,Croácia,Turquia
6,44,Escócia,Turquia
6,44,Hungria,Turquia
6,44,Portugal,Turquia
6,44,Suíça,Turquia
6,44,República Tcheca,Turquia
6,44,Dinamarca,Turquia
6,44,Inglaterra,Turquia
6,44,Itália,Turquia
6,44,Geórgia,Turquia
6,44,Alemanha,Turquia
6,44,Albânia,Turquia
6,44,Áustria,Turquia
6,44,Espanha,Sérvia
6,44,França,Sérvia
6,44,Croácia,Sérvia
6,44,Escócia,Sérvia
6,44,Hungria,Sérvia
6,44,Portugal,Sérvia
6,44,Suíça,Sérvia
6,44,República Tcheca,Sérvia
6,44,Dinamarca,Sérvia
6,44,Inglaterra,Sérvia
6,44,Itália,Sérvia
6,44,Geórgia,Sérvia
6,44,Alemanha,Sérvia
6,44,Albânia,Sérvia
6,44,Áustria,Sérvia
6,44,França,Espanha
6,44,Croácia,Espanha
6,44,Escócia,Espanha
6,44,Hungria,Espanha
6,44,Portugal,Espanha
6,44,Suíça,Espanha
6,44,República Tcheca,Espanha
6,44,Dinamarca,Espanha
6,44,Inglaterra,Espanha
6,44,Itália,Espanha
6,44,Geórgia,Espanha
6,44,Alemanha,Espanha
6,44,Albânia,Espanha
6,44,Áustria,Espanha
6,44,Croácia,França
6,44,Escócia,França
6,44,Hungria,França
6,44,Portugal,França
6,44,Suíça,França
6,44,República Tcheca,França
6,44,Dinamarca,França
6,44,Inglaterra,França
6,44,Itália,França
6,44,Geórgia,França
6,44,Alemanha,França
6,44,Albânia,França
6,44,Áustria,França
6,44,Escócia,Croácia
6,44,Hungria,Croácia
6,44,Portugal,Croácia
6,44,Suíça,Croácia
6,44,República Tcheca,Croácia
6,44,Dinamarca,Croácia
6,44,Inglaterra,Croácia
6,44,Itália,Croácia
6,44,Geórgia,Croácia
6,44,Alemanha,Croácia
6,44,Albânia,Croácia
6,44,Áustria,Croácia
6,44,Hungria,Escócia
6,44,Portugal,Escócia
6,44,Suíça,Escócia
6,44,República Tcheca,Escócia
6,44,Dinamarca,Escócia
6,44,Inglaterra,Escócia
6,44,Itália,Escócia
6,44,Geórgia,Escócia
6,44,Alemanha,Escócia
6,44,Albânia,Escócia
6,44,Áustria,Escócia
6,44,Portugal,Hungria
6,44,Suíça,Hungria
6,44,República Tcheca,Hungria
6,44,Dinamarca,Hungria
6,44,Inglaterra,Hungria
6,44,Itália,Hungria
6,44,Geórgia,Hungria
6,44,Alemanha,Hungria
6,44,Albânia,Hungria
6,44,Áustria,Hungria
6,44,Suíça,Portugal
6,44,República Tcheca,Portugal
6,44,Dinamarca,Portugal
6,44,Inglaterra,Portugal
6,44,Itália,Portugal
6,44,Geórgia,Portugal
6,44,Alemanha,Portugal
6,44,Albânia,Portugal
6,44,Áustria,Portugal
6,44,República Tcheca,Suíça
6,44,Dinamarca,Suíça
6,44,Inglaterra,Suíça
6,44,Itália,Suíça
6,44,Geórgia,Suíça
6,44,Alemanha,Suíça
6,44,Albânia,Suíça
6,44,Áustria,Suíça
6,44,Dinamarca,República Tcheca
6,44,Inglaterra,República Tcheca
6,44,Itália,República Tcheca
6,44,Geórgia,República Tcheca
6,44,Alemanha,República Tcheca
6,44,Albânia,República Tcheca
6,44,Áustria,República Tcheca
6,44,Inglaterra,Dinamarca
6,44,Itália,Dinamarca
6,44,Geórgia,Dinamarca
6,44,Alemanha,Dinamarca
6,44,Albânia,Dinamarca
6,44,Áustria,Dinamarca
6,44,Itália,Inglaterra
6,44,Geórgia,Inglaterra
6,44,Alemanha,Inglaterra
6,44,Albânia,Inglaterra
6,44,Áustria,Inglaterra
6,44,Geórgia,Itália
6,44,Alemanha,Itália
6,44,Albânia,Itália
6,44,Áustria,Itália
6,44,Alemanha,Geórgia
6,44,Albânia,Geórgia
6,44,Áustria,Geórgia
6,44,Albânia,Alemanha
6,44,Áustria,Alemanha
6,44,Áustria,Albânia
6,47,Eslovênia,Países Baixos
6,47,Bélgica,Países Baixos
6,47,Romênia,Países Baixos
6,47,Ucrânia,Países Baixos
6,47,Polônia,Países Baixos
6,47,Eslováquia,Países Baixos
6,47,Turquia,Países Baixos
6,47,Sérvia,Países Baixos
6,47,Espanha,Países Baixos
6,47,França,Países Baixos
6,47,Croácia,Países Baixos
6,47,Escócia,Países Baixos
6,47,Hungria,Países Baixos
6,47,Portugal,Países Baixos
6,47,Suíça,Países Baixos
6,47,República Tcheca,Países Baixos
6,47,Dinamarca,Países Baixos
6,47,Inglaterra,Países Baixos
6,47,Itália,Países Baixos
6,47,Geórgia,Países Baixos
6,47,Alemanha,Países Baixos
6,47,Albânia,Países Baixos
6,47,Áustria,Países Baixos
6,47,Bélgica,Eslovênia
6,47,Romênia,Eslovênia
6,47,Ucrânia,Eslovênia
6,47,Polônia,Eslovênia
6,47,Eslováquia,Eslovênia
6,47,Turquia,Eslovênia
6,47,Sérvia,Eslovênia
6,47,Espanha,Eslovênia
6,47,França,Eslovênia
6,47,Croácia,Eslovênia
6,47,Escócia,Eslovênia
6,47,Hungria,Eslovênia
6,47,Portugal,Eslovênia
6,47,Suíça,Eslovênia
6,47,República Tcheca,Eslovênia
6,47,Dinamarca,Eslovênia
6,47,Inglaterra,Eslovênia
6,47,Itália,Eslovênia
6,47,Geórgia,Eslovênia
6,47,Alemanha,Eslovênia
6,47,Albânia,Eslovênia
6,47,Áustria,Eslovênia
6,47,Romênia,Bélgica
6,47,Ucrânia,Bélgica
6,47,Polônia,Bélgica
6,47,Eslováquia,Bélgica
6,47,Turquia,Bélgica
6,47,Sérvia,Bélgica
6,47,Espanha,Bélgica
6,47,França,Bélgica
6,47,Croácia,Bélgica
6,47,Escócia,Bélgica
6,47,Hungria,Bélgica
6,47,Portugal,Bélgica
6,47,Suíça,Bélgica
6,47,República Tcheca,Bélgica
6,47,Dinamarca,Bélgica
6,47,Inglaterra,Bélgica
6,47,Itália,Bélgica
6,47,Geórgia,Bélgica
6,47,Alemanha,Bélgica
6,47,Albânia,Bélgica
6,47,Áustria,Bélgica
6,47,Ucrânia,Romênia
6,47,Polônia,Romênia
6,47,Eslováquia,Romênia
6,47,Turquia,Romênia
6,47,Sérvia,Romênia
6,47,Espanha,Romênia
6,47,França,Romênia
6,47,Croácia,Romênia
6,47,Escócia,Romênia
6,47,Hungria,Romênia
6,47,Portugal,Romênia
6,47,Suíça,Romênia
6,47,República Tcheca,Romênia
6,47,Dinamarca,Romênia
6,47,Inglaterra,Romênia
6,47,Itália,Romênia
6,47,Geórgia,Romênia
6,47,Alemanha,Romênia
6,47,Albânia,Romênia
6,47,Áustria,Romênia
6,47,Polônia,Ucrânia
6,47,Eslováquia,Ucrânia
6,47,Turquia,Ucrânia
6,47,Sérvia,Ucrânia
6,47,Espanha,Ucrânia
6,47,França,Ucrânia
6,47,Croácia,Ucrânia
6,47,Escócia,Ucrânia
6,47,Hungria,Ucrânia
6,47,Portugal,Ucrânia
6,47,Suíça,Ucrânia
6,47,República Tcheca,Ucrânia
6,47,Dinamarca,Ucrânia
6,47,Inglaterra,Ucrânia
6,47,Itália,Ucrânia
6,47,Geórgia,Ucrânia
6,47,Alemanha,Ucrânia
6,47,Albânia,Ucrânia
6,47,Áustria,Ucrânia
6,47,Eslováquia,Polônia
6,47,Turquia,Polônia
6,47,Sérvia,Polônia
6,47,Espanha,Polônia
6,47,França,Polônia
6,47,Croácia,Polônia
6,47,Escócia,Polônia
6,47,Hungria,Polônia
6,47,Portugal,Polônia
6,47,Suíça,Polônia
6,47,República Tcheca,Polônia
6,47,Dinamarca,Polônia
6,47,Inglaterra,Polônia
6,47,Itália,Polônia
6,47,Geórgia,Polônia
6,47,Alemanha,Polônia
6,47,Albânia,Polônia
6,47,Áustria,Polônia
6,47,Turquia,Eslováquia
6,47,Sérvia,Eslováquia
6,47,Espanha,Eslováquia
6,47,França,Eslováquia
6,47,Croácia,Eslováquia
6,47,Escócia,Eslováquia
6,47,Hungria,Eslováquia
6,47,Portugal,Eslováquia
6,47,Suíça,Eslováquia
6,47,República Tcheca,Eslováquia
6,47,Dinamarca,Eslováquia
6,47,Inglaterra,Eslováquia
6,47,Itália,Eslováquia
6,47,Geórgia,Eslováquia
6,47,Alemanha,Eslováquia
6,47,Albânia,Eslováquia
6,47,Áustria,Eslováquia
6,47,Sérvia,Turquia
6,47,Espanha,Turquia
6,47,França,Turquia
6,47,Croácia,Turquia
6,47,Escócia,Turquia
6,47,Hungria,Turquia
6,47,Portugal,Turquia
6,47,Suíça,Turquia
6,47,República Tcheca,Turquia
6,47,Dinamarca,Turquia
6,47,Inglaterra,Turquia
6,47,Itália,Turquia
6,47,Geórgia,Turquia
6,47,Alemanha,Turquia
6,47,Albânia,Turquia
6,47,Áustria,Turquia
6,47,Espanha,Sérvia
6,47,França,Sérvia
6,47,Croácia,Sérvia
6,47,Escócia,Sérvia
6,47,Hungria,Sérvia
6,47,Portugal,Sérvia
6,47,Suíça,Sérvia
6,47,República Tcheca,Sérvia
6,47,Dinamarca,Sérvia
6,47,Inglaterra,Sérvia
6,47,Itália,Sérvia
6,47,Geórgia,Sérvia
6,47,Alemanha,Sérvia
6,47,Albânia,Sérvia
6,47,Áustria,Sérvia
6,47,França,Espanha
6,47,Croácia,Espanha
6,47,Escócia,Espanha
6,47,Hungria,Espanha
6,47,Portugal,Espanha
6,47,Suíça,Espanha
6,47,República Tcheca,Espanha
6,47,Dinamarca,Espanha
6,47,Inglaterra,Espanha
6,47,Itália,Espanha
6,47,Geórgia,Espanha
6,47,Alemanha,Espanha
6,47,Albânia,Espanha
6,47,Áustria,Espanha
6,47,Croácia,França
6,47,Escócia,França
6,47,Hungria,França
6,47,Portugal,França
6,47,Suíça,França
6,47,República Tcheca,França
6,47,Dinamarca,França
6,47,Inglaterra,França
6,47,Itália,França
6,47,Geórgia,França
6,47,Alemanha,França
6,47,Albânia,França
6,47,Áustria,França
6,47,Escócia,Croácia
6,47,Hungria,Croácia
6,47,Portugal,Croácia
6,47,Suíça,Croácia
6,47,República Tcheca,Croácia
6,47,Dinamarca,Croácia
6,47,Inglaterra,Croácia
6,47,Itália,Croácia
6,47,Geórgia,Croácia
6,47,Alemanha,Croácia
6,47,Albânia,Croácia
6,47,Áustria,Croácia
6,47,Hungria,Escócia
6,47,Portugal,Escócia
6,47,Suíça,Escócia
6,47,República Tcheca,Escócia
6,47,Dinamarca,Escócia
6,47,Inglaterra,Escócia
6,47,Itália,Escócia
6,47,Geórgia,Escócia
6,47,Alemanha,Escócia
6,47,Albânia,Escócia
6,47,Áustria,Escócia
6,47,Portugal,Hungria
6,47,Suíça,Hungria
6,47,República Tcheca,Hungria
6,47,Dinamarca,Hungria
6,47,Inglaterra,Hungria
6,47,Itália,Hungria
6,47,Geórgia,Hungria
6,47,Alemanha,Hungria
6,47,Albânia,Hungria
6,47,Áustria,Hungria
6,47,Suíça,Portugal
6,47,República Tcheca,Portugal
6,47,Dinamarca,Portugal
6,47,Inglaterra,Portugal
6,47,Itália,Portugal
6,47,Geórgia,Portugal
6,47,Alemanha,Portugal
6,47,Albânia,Portugal
6,47,Áustria,Portugal
6,47,República Tcheca,Suíça
6,47,Dinamarca,Suíça
6,47,Inglaterra,Suíça
6,47,Itália,Suíça
6,47,Geórgia,Suíça
6,47,Alemanha,Suíça
6,47,Albânia,Suíça
6,47,Áustria,Suíça
6,47,Dinamarca,República Tcheca
6,47,Inglaterra,República Tcheca
6,47,Itália,República Tcheca
6,47,Geórgia,República Tcheca
6,47,Alemanha,República Tcheca
6,47,Albânia,República Tcheca
6,47,Áustria,República Tcheca
6,47,Inglaterra,Dinamarca
6,47,Itália,Dinamarca
6,47,Geórgia,Dinamarca
6,47,Alemanha,Dinamarca
6,47,Albânia,Dinamarca
6,47,Áustria,Dinamarca
6,47,Itália,Inglaterra
6,47,Geórgia,Inglaterra
6,47,Alemanha,Inglaterra
6,47,Albânia,Inglaterra
6,47,Áustria,Inglaterra
6,47,Geórgia,Itália
6,47,Alemanha,Itália
6,47,Albânia,Itália
6,47,Áustria,Itália
6,47,Alemanha,Geórgia
6,47,Albânia,Geórgia
6,47,Áustria,Geórgia
6,47,Albânia,Alemanha
6,47,Áustria,Alemanha
6,47,Áustria,Albânia
6,50,Eslovênia,Países Baixos
6,50,Bélgica,Países Baixos
6,50,Romênia,Países Baixos
6,50,Ucrânia,Países Baixos
6,50,Polônia,Países Baixos
6,50,Eslováquia,Países Baixos
6,50,Turquia,Países Baixos
6,50,Sérvia,Países Baixos
6,50,Espanha,Países Baixos
6,50,França,Países Baixos
6,50,Croácia,Países Baixos
6,50,Escócia,Países Baixos
6,50,Hungria,Países Baixos
6,50,Portugal,Países Baixos
6,50,Suíça,Países Baixos
6,50,República Tcheca,Países Baixos
6,50,Dinamarca,Países Baixos
6,50,Inglaterra,Países Baixos
6,50,Itália,Países Baixos
6,50,Geórgia,Países Baixos
6,50,Alemanha,Países Baixos
6,50,Albânia,Países Baixos
6,50,Áustria,Países Baixos
6,50,Bélgica,Eslovênia
6,50,Romênia,Eslovênia
6,50,Ucrânia,Eslovênia
6,50,Polônia,Eslovênia
6,50,Eslováquia,Eslovênia
6,50,Turquia,Eslovênia
6,50,Sérvia,Eslovênia
6,50,Espanha,Eslovênia
6,50,França,Eslovênia
6,50,Croácia,Eslovênia
6,50,Escócia,Eslovênia
6,50,Hungria,Eslovênia
6,50,Portugal,Eslovênia
6,50,Suíça,Eslovênia
6,50,República Tcheca,Eslovênia
6,50,Dinamarca,Eslovênia
6,50,Inglaterra,Eslovênia
6,50,Itália,Eslovênia
6,50,Geórgia,Eslovênia
6,50,Alemanha,Eslovênia
6,50,Albânia,Eslovênia
6,50,Áustria,Eslovênia
6,50,Romênia,Bélgica
6,50,Ucrânia,Bélgica
6,50,Polônia,Bélgica
6,50,Eslováquia,Bélgica
6,50,Turquia,Bélgica
6,50,Sérvia,Bélgica
6,50,Espanha,Bélgica
6,50,França,Bélgica
6,50,Croácia,Bélgica
6,50,Escócia,Bélgica
6,50,Hungria,Bélgica
6,50,Portugal,Bélgica
6,50,Suíça,Bélgica
6,50,República Tcheca,Bélgica
6,50,Dinamarca,Bélgica
6,50,Inglaterra,Bélgica
6,50,Itália,Bélgica
6,50,Geórgia,Bélgica
6,50,Alemanha,Bélgica
6,50,Albânia,Bélgica
6,50,Áustria,Bélgica
6,50,Ucrânia,Romênia
6,50,Polônia,Romênia
6,50,Eslováquia,Romênia
6,50,Turquia,Romênia
6,50,Sérvia,Romênia
6,50,Espanha,Romênia
6,50,França,Romênia
6,50,Croácia,Romênia
6,50,Escócia,Romênia
6,50,Hungria,Romênia
6,50,Portugal,Romênia
6,50,Suíça,Romênia
6,50,República Tcheca,Romênia
6,50,Dinamarca,Romênia
6,50,Inglaterra,Romênia
6,50,Itália,Romênia
6,50,Geórgia,Romênia
6,50,Alemanha,Romênia
6,50,Albânia,Romênia
6,50,Áustria,Romênia
6,50,Polônia,Ucrânia
6,50,Eslováquia,Ucrânia
6,50,Turquia,Ucrânia
6,50,Sérvia,Ucrânia
6,50,Espanha,Ucrânia
6,50,França,Ucrânia
6,50,Croácia,Ucrânia
6,50,Escócia,Ucrânia
6,50,Hungria,Ucrânia
6,50,Portugal,Ucrânia
6,50,Suíça,Ucrânia
6,50,República Tcheca,Ucrânia
6,50,Dinamarca,Ucrânia
6,50,Inglaterra,Ucrânia
6,50,Itália,Ucrânia
6,50,Geórgia,Ucrânia
6,50,Alemanha,Ucrânia
6,50,Albânia,Ucrânia
6,50,Áustria,Ucrânia
6,50,Eslováquia,Polônia
6,50,Turquia,Polônia
6,50,Sérvia,Polônia
6,50,Espanha,Polônia
6,50,França,Polônia
6,50,Croácia,Polônia
6,50,Escócia,Polônia
6,50,Hungria,Polônia
6,50,Portugal,Polônia
6,50,Suíça,Polônia
6,50,República Tcheca,Polônia
6,50,Dinamarca,Polônia
6,50,Inglaterra,Polônia
6,50,Itália,Polônia
6,50,Geórgia,Polônia
6,50,Alemanha,Polônia
6,50,Albânia,Polônia
6,50,Áustria,Polônia
6,50,Turquia,Eslováquia
6,50,Sérvia,Eslováquia
6,50,Espanha,Eslováquia
6,50,França,Eslováquia
6,50,Croácia,Eslováquia
6,50,Escócia,Eslováquia
6,50,Hungria,Eslováquia
6,50,Portugal,Eslováquia
6,50,Suíça,Eslováquia
6,50,República Tcheca,Eslováquia
6,50,Dinamarca,Eslováquia
6,50,Inglaterra,Eslováquia
6,50,Itália,Eslováquia
6,50,Geórgia,Eslováquia
6,50,Alemanha,Eslováquia
6,50,Albânia,Eslováquia
6,50,Áustria,Eslováquia
6,50,Sérvia,Turquia
6,50,Espanha,Turquia
6,50,França,Turquia
6,50,Croácia,Turquia
6,50,Escócia,Turquia
6,50,Hungria,Turquia
6,50,Portugal,Turquia
6,50,Suíça,Turquia
6,50,República Tcheca,Turquia
6,50,Dinamarca,Turquia
6,50,Inglaterra,Turquia
6,50,Itália,Turquia
6,50,Geórgia,Turquia
6,50,Alemanha,Turquia
6,50,Albânia,Turquia
6,50,Áustria,Turquia
6,50,Espanha,Sérvia
6,50,França,Sérvia
6,50,Croácia,Sérvia
6,50,Escócia,Sérvia
6,50,Hungria,Sérvia
6,50,Portugal,Sérvia
6,50,Suíça,Sérvia
6,50,República Tcheca,Sérvia
6,50,Dinamarca,Sérvia
6,50,Inglaterra,Sérvia
6,50,Itália,Sérvia
6,50,Geórgia,Sérvia
6,50,Alemanha,Sérvia
6,50,Albânia,Sérvia
6,50,Áustria,Sérvia
6,50,França,Espanha
6,50,Croácia,Espanha
6,50,Escócia,Espanha
6,50,Hungria,Espanha
6,50,Portugal,Espanha
6,50,Suíça,Espanha
6,50,República Tcheca,Espanha
6,50,Dinamarca,Espanha
6,50,Inglaterra,Espanha
6,50,Itália,Espanha
6,50,Geórgia,Espanha
6,50,Alemanha,Espanha
6,50,Albânia,Espanha
6,50,Áustria,Espanha
6,50,Croácia,França
6,50,Escócia,França
6,50,Hungria,França
6,50,Portugal,França
6,50,Suíça,França
6,50,República Tcheca,França
6,50,Dinamarca,França
6,50,Inglaterra,França
6,50,Itália,França
6,50,Geórgia,França
6,50,Alemanha,França
6,50,Albânia,França
6,50,Áustria,França
6,50,Escócia,Croácia
6,50,Hungria,Croácia
6,50,Portugal,Croácia
6,50,Suíça,Croácia
6,50,República Tcheca,Croácia
6,50,Dinamarca,Croácia
6,50,Inglaterra,Croácia
6,50,Itália,Croácia
6,50,Geórgia,Croácia
6,50,Alemanha,Croácia
6,50,Albânia,Croácia
6,50,Áustria,Croácia
6,50,Hungria,Escócia
6,50,Portugal,Escócia
6,50,Suíça,Escócia
6,50,República Tcheca,Escócia
6,50,Dinamarca,Escócia
6,50,Inglaterra,Escócia
6,50,Itália,Escócia
6,50,Geórgia,Escócia
6,50,Alemanha,Escócia
6,50,Albânia,Escócia
6,50,Áustria,Escócia
6,50,Portugal,Hungria
6,50,Suíça,Hungria
6,50,República Tcheca,Hungria
6,50,Dinamarca,Hungria
6,50,Inglaterra,Hungria
6,50,Itália,Hungria
6,50,Geórgia,Hungria
6,50,Alemanha,Hungria
6,50,Albânia,Hungria
6,50,Áustria,Hungria
6,50,Suíça,Portugal
6,50,República Tcheca,Portugal
6,50,Dinamarca,Portugal
6,50,Inglaterra,Portugal
6,50,Itália,Portugal
6,50,Geórgia,Portugal
6,50,Alemanha,Portugal
6,50,Albânia,Portugal
6,50,Áustria,Portugal
6,50,República Tcheca,Suíça
6,50,Dinamarca,Suíça
6,50,Inglaterra,Suíça
6,50,Itália,Suíça
6,50,Geórgia,Suíça
6,50,Alemanha,Suíça
6,50,Albânia,Suíça
6,50,Áustria,Suíça
6,50,Dinamarca,República Tcheca
6,50,Inglaterra,República Tcheca
6,50,Itália,República Tcheca
6,50,Geórgia,República Tcheca
6,50,Alemanha,República Tcheca
6,50,Albânia,República Tcheca
6,50,Áustria,República Tcheca
6,50,Inglaterra,Dinamarca
6,50,Itália,Dinamarca
6,50,Geórgia,Dinamarca
6,50,Alemanha,Dinamarca
6,50,Albânia,Dinamarca
6,50,Áustria,Dinamarca
6,50,Itália,Inglaterra
6,50,Geórgia,Inglaterra
6,50,Alemanha,Inglaterra
6,50,Albânia,Inglaterra
6,50,Áustria,Inglaterra
6,50,Geórgia,Itália
6,50,Alemanha,Itália
6,50,Albânia,Itália
6,50,Áustria,Itália
6,50,Alemanha,Geórgia
6,50,Albânia,Geórgia
6,50,Áustria,Geórgia
6,50,Albânia,Alemanha
6,50,Áustria,Alemanha
6,50,Áustria,Albânia
6,53,Eslovênia,Países Baixos
6,53,Bélgica,Países Baixos
6,53,Romênia,Países Baixos
6,53,Ucrânia,Países Baixos
6,53,Polônia,Países Baixos
6,53,Eslováquia,Países Baixos
6,53,Turquia,Países Baixos
6,53,Sérvia,Países Baixos
6,53,Espanha,Países Baixos
6,53,França,Países Baixos
6,53,Croácia,Países Baixos
6,53,Escócia,Países Baixos
6,53,Hungria,Países Baixos
6,53,Portugal,Países Baixos
6,53,Suíça,Países Baixos
6,53,República Tcheca,Países Baixos
6,53,Dinamarca,Países Baixos
6,53,Inglaterra,Países Baixos
6,53,Itália,Países Baixos
6,53,Geórgia,Países Baixos
6,53,Alemanha,Países Baixos
6,53,Albânia,Países Baixos
6,53,Áustria,Países Baixos
6,53,Bélgica,Eslovênia
6,53,Romênia,Eslovênia
6,53,Ucrânia,Eslovênia
6,53,Polônia,Eslovênia
6,53,Eslováquia,Eslovênia
6,53,Turquia,Eslovênia
6,53,Sérvia,Eslovênia
6,53,Espanha,Eslovênia
6,53,França,Eslovênia
6,53,Croácia,Eslovênia
6,53,Escócia,Eslovênia
6,53,Hungria,Eslovênia
6,53,Portugal,Eslovênia
6,53,Suíça,Eslovênia
6,53,República Tcheca,Eslovênia
6,53,Dinamarca,Eslovênia
6,53,Inglaterra,Eslovênia
6,53,Itália,Eslovênia
6,53,Geórgia,Eslovênia
6,53,Alemanha,Eslovênia
6,53,Albânia,Eslovênia
6,53,Áustria,Eslovênia
6,53,Romênia,Bélgica
6,53,Ucrânia,Bélgica
6,53,Polônia,Bélgica
6,53,Eslováquia,Bélgica
6,53,Turquia,Bélgica
6,53,Sérvia,Bélgica
6,53,Espanha,Bélgica
6,53,França,Bélgica
6,53,Croácia,Bélgica
6,53,Escócia,Bélgica
6,53,Hungria,Bélgica
6,53,Portugal,Bélgica
6,53,Suíça,Bélgica
6,53,República Tcheca,Bélgica
6,53,Dinamarca,Bélgica
6,53,Inglaterra,Bélgica
6,53,Itália,Bélgica
6,53,Geórgia,Bélgica
6,53,Alemanha,Bélgica
6,53,Albânia,Bélgica
6,53,Áustria,Bélgica
6,53,Ucrânia,Romênia
6,53,Polônia,Romênia
6,53,Eslováquia,Romênia
6,53,Turquia,Romênia
6,53,Sérvia,Romênia
6,53,Espanha,Romênia
6,53,França,Romênia
6,53,Croácia,Romênia
6,53,Escócia,Romênia
6,53,Hungria,Romênia
6,53,Portugal,Romênia
6,53,Suíça,Romênia
6,53,República Tcheca,Romênia
6,53,Dinamarca,Romênia
6,53,Inglaterra,Romênia
6,53,Itália,Romênia
6,53,Geórgia,Romênia
6,53,Alemanha,Romênia
6,53,Albânia,Romênia
6,53,Áustria,Romênia
6,53,Polônia,Ucrânia
6,53,Eslováquia,Ucrânia
6,53,Turquia,Ucrânia
6,53,Sérvia,Ucrânia
6,53,Espanha,Ucrânia
6,53,França,Ucrânia
6,53,Croácia,Ucrânia
6,53,Escócia,Ucrânia
6,53,Hungria,Ucrânia
6,53,Portugal,Ucrânia
6,53,Suíça,Ucrânia
6,53,República Tcheca,Ucrânia
6,53,Dinamarca,Ucrânia
6,53,Inglaterra,Ucrânia
6,53,Itália,Ucrânia
6,53,Geórgia,Ucrânia
6,53,Alemanha,Ucrânia
6,53,Albânia,Ucrânia
6,53,Áustria,Ucrânia
6,53,Eslováquia,Polônia
6,53,Turquia,Polônia
6,53,Sérvia,Polônia
6,53,Espanha,Polônia
6,53,França,Polônia
6,53,Croácia,Polônia
6,53,Escócia,Polônia
6,53,Hungria,Polônia
6,53,Portugal,Polônia
6,53,Suíça,Polônia
6,53,República Tcheca,Polônia
6,53,Dinamarca,Polônia
6,53,Inglaterra,Polônia
6,53,Itália,Polônia
6,53,Geórgia,Polônia
6,53,Alemanha,Polônia
6,53,Albânia,Polônia
6,53,Áustria,Polônia
6,53,Turquia,Eslováquia
6,53,Sérvia,Eslováquia
6,53,Espanha,Eslováquia
6,53,França,Eslováquia
6,53,Croácia,Eslováquia
6,53,Escócia,Eslováquia
6,53,Hungria,Eslováquia
6,53,Portugal,Eslováquia
6,53,Suíça,Eslováquia
6,53,República Tcheca,Eslováquia
6,53,Dinamarca,Eslováquia
6,53,Inglaterra,Eslováquia
6,53,Itália,Eslováquia
6,53,Geórgia,Eslováquia
6,53,Alemanha,Eslováquia
6,53,Albânia,Eslováquia
6,53,Áustria,Eslováquia
6,53,Sérvia,Turquia
6,53,Espanha,Turquia
6,53,França,Turquia
6,53,Croácia,Turquia
6,53,Escócia,Turquia
6,53,Hungria,Turquia
6,53,Portugal,Turquia
6,53,Suíça,Turquia
6,53,República Tcheca,Turquia
6,53,Dinamarca,Turquia
6,53,Inglaterra,Turquia
6,53,Itália,Turquia
6,53,Geórgia,Turquia
6,53,Alemanha,Turquia
6,53,Albânia,Turquia
6,53,Áustria,Turquia
6,53,Espanha,Sérvia
6,53,França,Sérvia
6,53,Croácia,Sérvia
6,53,Escócia,Sérvia
6,53,Hungria,Sérvia
6,53,Portugal,Sérvia
6,53,Suíça,Sérvia
6,53,República Tcheca,Sérvia
6,53,Dinamarca,Sérvia
6,53,Inglaterra,Sérvia
6,53,Itália,Sérvia
6,53,Geórgia,Sérvia
6,53,Alemanha,Sérvia
6,53,Albânia,Sérvia
6,53,Áustria,Sérvia
6,53,França,Espanha
6,53,Croácia,Espanha
6,53,Escócia,Espanha
6,53,Hungria,Espanha
6,53,Portugal,Espanha
6,53,Suíça,Espanha
6,53,República Tcheca,Espanha
6,53,Dinamarca,Espanha
6,53,Inglaterra,Espanha
6,53,Itália,Espanha
6,53,Geórgia,Espanha
6,53,Alemanha,Espanha
6,53,Albânia,Espanha
6,53,Áustria,Espanha
6,53,Croácia,França
6,53,Escócia,França
6,53,Hungria,França
6,53,Portugal,França
6,53,Suíça,França
6,53,República Tcheca,França
6,53,Dinamarca,França
6,53,Inglaterra,França
6,53,Itália,França
6,53,Geórgia,França
6,53,Alemanha,França
6,53,Albânia,França
6,53,Áustria,França
6,53,Escócia,Croácia
6,53,Hungria,Croácia
6,53,Portugal,Croácia
6,53,Suíça,Croácia
6,53,República Tcheca,Croácia
6,53,Dinamarca,Croácia
6,53,Inglaterra,Croácia
6,53,Itália,Croácia
6,53,Geórgia,Croácia
6,53,Alemanha,Croácia
6,53,Albânia,Croácia
6,53,Áustria,Croácia
6,53,Hungria,Escócia
6,53,Portugal,Escócia
6,53,Suíça,Escócia
6,53,República Tcheca,Escócia
6,53,Dinamarca,Escócia
6,53,Inglaterra,Escócia
6,53,Itália,Escócia
6,53,Geórgia,Escócia
6,53,Alemanha,Escócia
6,53,Albânia,Escócia
6,53,Áustria,Escócia
6,53,Portugal,Hungria
6,53,Suíça,Hungria
6,53,República Tcheca,Hungria
6,53,Dinamarca,Hungria
6,53,Inglaterra,Hungria
6,53,Itália,Hungria
6,53,Geórgia,Hungria
6,53,Alemanha,Hungria
6,53,Albânia,Hungria
6,53,Áustria,Hungria
6,53,Suíça,Portugal
6,53,República Tcheca,Portugal
6,53,Dinamarca,Portugal
6,53,Inglaterra,Portugal
6,53,Itália,Portugal
6,53,Geórgia,Portugal
6,53,Alemanha,Portugal
6,53,Albânia,Portugal
6,53,Áustria,Portugal
6,53,República Tcheca,Suíça
6,53,Dinamarca,Suíça
6,53,Inglaterra,Suíça
6,53,Itália,Suíça
6,53,Geórgia,Suíça
6,53,Alemanha,Suíça
6,53,Albânia,Suíça
6,53,Áustria,Suíça
6,53,Dinamarca,República Tcheca
6,53,Inglaterra,República Tcheca
6,53,Itália,República Tcheca
6,53,Geórgia,República Tcheca
6,53,Alemanha,República Tcheca
6,53,Albânia,República Tcheca
6,53,Áustria,República Tcheca
6,53,Inglaterra,Dinamarca
6,53,Itália,Dinamarca
6,53,Geórgia,Dinamarca
6,53,Alemanha,Dinamarca
6,53,Albânia,Dinamarca
6,53,Áustria,Dinamarca
6,53,Itália,Inglaterra
6,53,Geórgia,Inglaterra
6,53,Alemanha,Inglaterra
6,53,Albânia,Inglaterra
6,53,Áustria,Inglaterra
6,53,Geórgia,Itália
6,53,Alemanha,Itália
6,53,Albânia,Itália
6,53,Áustria,Itália
6,53,Alemanha,Geórgia
6,53,Albânia,Geórgia
6,53,Áustria,Geórgia
6,53,Albânia,Alemanha
6,53,Áustria,Alemanha
6,53,Áustria,Albânia
6,56,Eslovênia,Países Baixos
6,56,Bélgica,Países Baixos
6,56,Romênia,Países Baixos
6,56,Ucrânia,Países Baixos
6,56,Polônia,Países Baixos
6,56,Eslováquia,Países Baixos
6,56,Turquia,Países Baixos
6,56,Sérvia,Países Baixos
6,56,Espanha,Países Baixos
6,56,França,Países Baixos
6,56,Croácia,Países Baixos
6,56,Escócia,Países Baixos
6,56,Hungria,Países Baixos
6,56,Portugal,Países Baixos
6,56,Suíça,Países Baixos
6,56,República Tcheca,Países Baixos
6,56,Dinamarca,Países Baixos
6,56,Inglaterra,Países Baixos
6,56,Itália,Países Baixos
6,56,Geórgia,Países Baixos
6,56,Alemanha,Países Baixos
6,56,Albânia,Países Baixos
6,56,Áustria,Países Baixos
6,56,Bélgica,Eslovênia
6,56,Romênia,Eslovênia
6,56,Ucrânia,Eslovênia
6,56,Polônia,Eslovênia
6,56,Eslováquia,Eslovênia
6,56,Turquia,Eslovênia
6,56,Sérvia,Eslovênia
6,56,Espanha,Eslovênia
6,56,França,Eslovênia
6,56,Croácia,Eslovênia
6,56,Escócia,Eslovênia
6,56,Hungria,Eslovênia
6,56,Portugal,Eslovênia
6,56,Suíça,Eslovênia
6,56,República Tcheca,Eslovênia
6,56,Dinamarca,Eslovênia
6,56,Inglaterra,Eslovênia
6,56,Itália,Eslovênia
6,56,Geórgia,Eslovênia
6,56,Alemanha,Eslovênia
6,56,Albânia,Eslovênia
6,56,Áustria,Eslovênia
6,56,Romênia,Bélgica
6,56,Ucrânia,Bélgica
6,56,Polônia,Bélgica
6,56,Eslováquia,Bélgica
6,56,Turquia,Bélgica
6,56,Sérvia,Bélgica
6,56,Espanha,Bélgica
6,56,França,Bélgica
6,56,Croácia,Bélgica
6,56,Escócia,Bélgica
6,56,Hungria,Bélgica
6,56,Portugal,Bélgica
6,56,Suíça,Bélgica
6,56,República Tcheca,Bélgica
6,56,Dinamarca,Bélgica
6,56,Inglaterra,Bélgica
6,56,Itália,Bélgica
6,56,Geórgia,Bélgica
6,56,Alemanha,Bélgica
6,56,Albânia,Bélgica
6,56,Áustria,Bélgica
6,56,Ucrânia,Romênia
6,56,Polônia,Romênia
6,56,Eslováquia,Romênia
6,56,Turquia,Romênia
6,56,Sérvia,Romênia
6,56,Espanha,Romênia
6,56,França,Romênia
6,56,Croácia,Romênia
6,56,Escócia,Romênia
6,56,Hungria,Romênia
6,56,Portugal,Romênia
6,56,Suíça,Romênia
6,56,República Tcheca,Romênia
6,56,Dinamarca,Romênia
6,56,Inglaterra,Romênia
6,56,Itália,Romênia
6,56,Geórgia,Romênia
6,56,Alemanha,Romênia
6,56,Albânia,Romênia
6,56,Áustria,Romênia
6,56,Polônia,Ucrânia
6,56,Eslováquia,Ucrânia
6,56,Turquia,Ucrânia
6,56,Sérvia,Ucrânia
6,56,Espanha,Ucrânia
6,56,França,Ucrânia
6,56,Croácia,Ucrânia
6,56,Escócia,Ucrânia
6,56,Hungria,Ucrânia
6,56,Portugal,Ucrânia
6,56,Suíça,Ucrânia
6,56,República Tcheca,Ucrânia
6,56,Dinamarca,Ucrânia
6,56,Inglaterra,Ucrânia
6,56,Itália,Ucrânia
6,56,Geórgia,Ucrânia
6,56,Alemanha,Ucrânia
6,56,Albânia,Ucrânia
6,56,Áustria,Ucrânia
6,56,Eslováquia,Polônia
6,56,Turquia,Polônia
6,56,Sérvia,Polônia
6,56,Espanha,Polônia
6,56,França,Polônia
6,56,Croácia,Polônia
6,56,Escócia,Polônia
6,56,Hungria,Polônia
6,56,Portugal,Polônia
6,56,Suíça,Polônia
6,56,República Tcheca,Polônia
6,56,Dinamarca,Polônia
6,56,Inglaterra,Polônia
6,56,Itália,Polônia
6,56,Geórgia,Polônia
6,56,Alemanha,Polônia
6,56,Albânia,Polônia
6,56,Áustria,Polônia
6,56,Turquia,Eslováquia
6,56,Sérvia,Eslováquia
6,56,Espanha,Eslováquia
6,56,França,Eslováquia
6,56,Croácia,Eslováquia
6,56,Escócia,Eslováquia
6,56,Hungria,Eslováquia
6,56,Portugal,Eslováquia
6,56,Suíça,Eslováquia
6,56,República Tcheca,Eslováquia
6,56,Dinamarca,Eslováquia
6,56,Inglaterra,Eslováquia
6,56,Itália,Eslováquia
6,56,Geórgia,Eslováquia
6,56,Alemanha,Eslováquia
6,56,Albânia,Eslováquia
6,56,Áustria,Eslováquia
6,56,Sérvia,Turquia
6,56,Espanha,Turquia
6,56,França,Turquia
6,56,Croácia,Turquia
6,56,Escócia,Turquia
6,56,Hungria,Turquia
6,56,Portugal,Turquia
6,56,Suíça,Turquia
6,56,República Tcheca,Turquia
6,56,Dinamarca,Turquia
6,56,Inglaterra,Turquia
6,56,Itália,Turquia
6,56,Geórgia,Turquia
6,56,Alemanha,Turquia
6,56,Albânia,Turquia
6,56,Áustria,Turquia
6,56,Espanha,Sérvia
6,56,França,Sérvia
6,56,Croácia,Sérvia
6,56,Escócia,Sérvia
6,56,Hungria,Sérvia
6,56,Portugal,Sérvia
6,56,Suíça,Sérvia
6,56,República Tcheca,Sérvia
6,56,Dinamarca,Sérvia
6,56,Inglaterra,Sérvia
6,56,Itália,Sérvia
6,56,Geórgia,Sérvia
6,56,Alemanha,Sérvia
6,56,Albânia,Sérvia
6,56,Áustria,Sérvia
6,56,França,Espanha
6,56,Croácia,Espanha
6,56,Escócia,Espanha
6,56,Hungria,Espanha
6,56,Portugal,Espanha
6,56,Suíça,Espanha
6,56,República Tcheca,Espanha
6,56,Dinamarca,Espanha
6,56,Inglaterra,Espanha
6,56,Itália,Espanha
6,56,Geórgia,Espanha
6,56,Alemanha,Espanha
6,56,Albânia,Espanha
6,56,Áustria,Espanha
6,56,Croácia,França
6,56,Escócia,França
6,56,Hungria,França
6,56,Portugal,França
6,56,Suíça,França
6,56,República Tcheca,França
6,56,Dinamarca,França
6,56,Inglaterra,França
6,56,Itália,França
6,56,Geórgia,França
6,56,Alemanha,França
6,56,Albânia,França
6,56,Áustria,França
6,56,Escócia,Croácia
6,56,Hungria,Croácia
6,56,Portugal,Croácia
6,56,Suíça,Croácia
6,56,República Tcheca,Croácia
6,56,Dinamarca,Croácia
6,56,Inglaterra,Croácia
6,56,Itália,Croácia
6,56,Geórgia,Croácia
6,56,Alemanha,Croácia
6,56,Albânia,Croácia
6,56,Áustria,Croácia
6,56,Hungria,Escócia
6,56,Portugal,Escócia
6,56,Suíça,Escócia
6,56,República Tcheca,Escócia
6,56,Dinamarca,Escócia
6,56,Inglaterra,Escócia
6,56,Itália,Escócia
6,56,Geórgia,Escócia
6,56,Alemanha,Escócia
6,56,Albânia,Escócia
6,56,Áustria,Escócia
6,56,Portugal,Hungria
6,56,Suíça,Hungria
6,56,República Tcheca,Hungria
6,56,Dinamarca,Hungria
6,56,Inglaterra,Hungria
6,56,Itália,Hungria
6,56,Geórgia,Hungria
6,56,Alemanha,Hungria
6,56,Albânia,Hungria
6,56,Áustria,Hungria
6,56,Suíça,Portugal
6,56,República Tcheca,Portugal
6,56,Dinamarca,Portugal
6,56,Inglaterra,Portugal
6,56,Itália,Portugal
6,56,Geórgia,Portugal
6,56,Alemanha,Portugal
6,56,Albânia,Portugal
6,56,Áustria,Portugal
6,56,República Tcheca,Suíça
6,56,Dinamarca,Suíça
6,56,Inglaterra,Suíça
6,56,Itália,Suíça
6,56,Geórgia,Suíça
6,56,Alemanha,Suíça
6,56,Albânia,Suíça
6,56,Áustria,Suíça
6,56,Dinamarca,República Tcheca
6,56,Inglaterra,República Tcheca
6,56,Itália,República Tcheca
6,56,Geórgia,República Tcheca
6,56,Alemanha,República Tcheca
6,56,Albânia,República Tcheca
6,56,Áustria,República Tcheca
6,56,Inglaterra,Dinamarca
6,56,Itália,Dinamarca
6,56,Geórgia,Dinamarca
6,56,Alemanha,Dinamarca
6,56,Albânia,Dinamarca
6,56,Áustria,Dinamarca
6,56,Itália,Inglaterra
6,56,Geórgia,Inglaterra
6,56,Alemanha,Inglaterra
6,56,Albânia,Inglaterra
6,56,Áustria,Inglaterra
6,56,Geórgia,Itália
6,56,Alemanha,Itália
6,56,Albânia,Itália
6,56,Áustria,Itália
6,56,Alemanha,Geórgia
6,56,Albânia,Geórgia
6,56,Áustria,Geórgia
6,56,Albânia,Alemanha
6,56,Áustria,Alemanha
6,56,Áustria,Albânia
6,59,Eslovênia,Países Baixos
6,59,Bélgica,Países Baixos
6,59,Romênia,Países Baixos
6,59,Ucrânia,Países Baixos
6,59,Polônia,Países Baixos
6,59,Eslováquia,Países Baixos
6,59,Turquia,Países Baixos
6,59,Sérvia,Países Baixos
6,59,Espanha,Países Baixos
6,59,França,Países Baixos
6,59,Croácia,Países Baixos
6,59,Escócia,Países Baixos
6,59,Hungria,Países Baixos
6,59,Portugal,Países Baixos
6,59,Suíça,Países Baixos
6,59,República Tcheca,Países Baixos
6,59,Dinamarca,Países Baixos
6,59,Inglaterra,Países Baixos
6,59,Itália,Países Baixos
6,59,Geórgia,Países Baixos
6,59,Alemanha,Países Baixos
6,59,Albânia,Países Baixos
6,59,Áustria,Países Baixos
6,59,Bélgica,Eslovênia
6,59,Romênia,Eslovênia
6,59,Ucrânia,Eslovênia
6,59,Polônia,Eslovênia
6,59,Eslováquia,Eslovênia
6,59,Turquia,Eslovênia
6,59,Sérvia,Eslovênia
6,59,Espanha,Eslovênia
6,59,França,Eslovênia
6,59,Croácia,Eslovênia
6,59,Escócia,Eslovênia
6,59,Hungria,Eslovênia
6,59,Portugal,Eslovênia
6,59,Suíça,Eslovênia
6,59,República Tcheca,Eslovênia
6,59,Dinamarca,Eslovênia
6,59,Inglaterra,Eslovênia
6,59,Itália,Eslovênia
6,59,Geórgia,Eslovênia
6,59,Alemanha,Eslovênia
6,59,Albânia,Eslovênia
6,59,Áustria,Eslovênia
6,59,Romênia,Bélgica
6,59,Ucrânia,Bélgica
6,59,Polônia,Bélgica
6,59,Eslováquia,Bélgica
6,59,Turquia,Bélgica
6,59,Sérvia,Bélgica
6,59,Espanha,Bélgica
6,59,França,Bélgica
6,59,Croácia,Bélgica
6,59,Escócia,Bélgica
6,59,Hungria,Bélgica
6,59,Portugal,Bélgica
6,59,Suíça,Bélgica
6,59,República Tcheca,Bélgica
6,59,Dinamarca,Bélgica
6,59,Inglaterra,Bélgica
6,59,Itália,Bélgica
6,59,Geórgia,Bélgica
6,59,Alemanha,Bélgica
6,59,Albânia,Bélgica
6,59,Áustria,Bélgica
6,59,Ucrânia,Romênia
6,59,Polônia,Romênia
6,59,Eslováquia,Romênia
6,59,Turquia,Romênia
6,59,Sérvia,Romênia
6,59,Espanha,Romênia
6,59,França,Romênia
6,59,Croácia,Romênia
6,59,Escócia,Romênia
6,59,Hungria,Romênia
6,59,Portugal,Romênia
6,59,Suíça,Romênia
6,59,República Tcheca,Romênia
6,59,Dinamarca,Romênia
6,59,Inglaterra,Romênia
6,59,Itália,Romênia
6,59,Geórgia,Romênia
6,59,Alemanha,Romênia
6,59,Albânia,Romênia
6,59,Áustria,Romênia
6,59,Polônia,Ucrânia
6,59,Eslováquia,Ucrânia
6,59,Turquia,Ucrânia
6,59,Sérvia,Ucrânia
6,59,Espanha,Ucrânia
6,59,França,Ucrânia
6,59,Croácia,Ucrânia
6,59,Escócia,Ucrânia
6,59,Hungria,Ucrânia
6,59,Portugal,Ucrânia
6,59,Suíça,Ucrânia
6,59,República Tcheca,Ucrânia
6,59,Dinamarca,Ucrânia
6,59,Inglaterra,Ucrânia
6,59,Itália,Ucrânia
6,59,Geórgia,Ucrânia
6,59,Alemanha,Ucrânia
6,59,Albânia,Ucrânia
6,59,Áustria,Ucrânia
6,59,Eslováquia,Polônia
6,59,Turquia,Polônia
6,59,Sérvia,Polônia
6,59,Espanha,Polônia
6,59,França,Polônia
6,59,Croácia,Polônia
6,59,Escócia,Polônia
6,59,Hungria,Polônia
6,59,Portugal,Polônia
6,59,Suíça,Polônia
6,59,República Tcheca,Polônia
6,59,Dinamarca,Polônia
6,59,Inglaterra,Polônia
6,59,Itália,Polônia
6,59,Geórgia,Polônia
6,59,Alemanha,Polônia
6,59,Albânia,Polônia
6,59,Áustria,Polônia
6,59,Turquia,Eslováquia
6,59,Sérvia,Eslováquia
6,59,Espanha,Eslováquia
6,59,França,Eslováquia
6,59,Croácia,Eslováquia
6,59,Escócia,Eslováquia
6,59,Hungria,Eslováquia
6,59,Portugal,Eslováquia
6,59,Suíça,Eslováquia
6,59,República Tcheca,Eslováquia
6,59,Dinamarca,Eslováquia
6,59,Inglaterra,Eslováquia
6,59,Itália,Eslováquia
6,59,Geórgia,Eslováquia
6,59,Alemanha,Eslováquia
6,59,Albânia,Eslováquia
6,59,Áustria,Eslováquia
6,59,Sérvia,Turquia
6,59,Espanha,Turquia
6,59,França,Turquia
6,59,Croácia,Turquia
6,59,Escócia,Turquia
6,59,Hungria,Turquia
6,59,Portugal,Turquia
6,59,Suíça,Turquia
6,59,República Tcheca,Turquia
6,59,Dinamarca,Turquia
6,59,Inglaterra,Turquia
6,59,Itália,Turquia
6,59,Geórgia,Turquia
6,59,Alemanha,Turquia
6,59,Albânia,Turquia
6,59,Áustria,Turquia
6,59,Espanha,Sérvia
6,59,França,Sérvia
6,59,Croácia,Sérvia
6,59,Escócia,Sérvia
6,59,Hungria,Sérvia
6,59,Portugal,Sérvia
6,59,Suíça,Sérvia
6,59,República Tcheca,Sérvia
6,59,Dinamarca,Sérvia
6,59,Inglaterra,Sérvia
6,59,Itália,Sérvia
6,59,Geórgia,Sérvia
6,59,Alemanha,Sérvia
6,59,Albânia,Sérvia
6,59,Áustria,Sérvia
6,59,França,Espanha
6,59,Croácia,Espanha
6,59,Escócia,Espanha
6,59,Hungria,Espanha
6,59,Portugal,Espanha
6,59,Suíça,Espanha
6,59,República Tcheca,Espanha
6,59,Dinamarca,Espanha
6,59,Inglaterra,Espanha
6,59,Itália,Espanha
6,59,Geórgia,Espanha
6,59,Alemanha,Espanha
6,59,Albânia,Espanha
6,59,Áustria,Espanha
6,59,Croácia,França
6,59,Escócia,França
6,59,Hungria,França
6,59,Portugal,França
6,59,Suíça,França
6,59,República Tcheca,França
6,59,Dinamarca,França
6,59,Inglaterra,França
6,59,Itália,França
6,59,Geórgia,França
6,59,Alemanha,França
6,59,Albânia,França
6,59,Áustria,França
6,59,Escócia,Croácia
6,59,Hungria,Croácia
6,59,Portugal,Croácia
6,59,Suíça,Croácia
6,59,República Tcheca,Croácia
6,59,Dinamarca,Croácia
6,59,Inglaterra,Croácia
6,59,Itália,Croácia
6,59,Geórgia,Croácia
6,59,Alemanha,Croácia
6,59,Albânia,Croácia
6,59,Áustria,Croácia
6,59,Hungria,Escócia
6,59,Portugal,Escócia
6,59,Suíça,Escócia
6,59,República Tcheca,Escócia
6,59,Dinamarca,Escócia
6,59,Inglaterra,Escócia
6,59,Itália,Escócia
6,59,Geórgia,Escócia
6,59,Alemanha,Escócia
6,59,Albânia,Escócia
6,59,Áustria,Escócia
6,59,Portugal,Hungria
6,59,Suíça,Hungria
6,59,República Tcheca,Hungria
6,59,Dinamarca,Hungria
6,59,Inglaterra,Hungria
6,59,Itália,Hungria
6,59,Geórgia,Hungria
6,59,Alemanha,Hungria
6,59,Albânia,Hungria
6,59,Áustria,Hungria
6,59,Suíça,Portugal
6,59,República Tcheca,Portugal
6,59,Dinamarca,Portugal
6,59,Inglaterra,Portugal
6,59,Itália,Portugal
6,59,Geórgia,Portugal
6,59,Alemanha,Portugal
6,59,Albânia,Portugal
6,59,Áustria,Portugal
6,59,República Tcheca,Suíça
6,59,Dinamarca,Suíça
6,59,Inglaterra,Suíça
6,59,Itália,Suíça
6,59,Geórgia,Suíça
6,59,Alemanha,Suíça
6,59,Albânia,Suíça
6,59,Áustria,Suíça
6,59,Dinamarca,República Tcheca
6,59,Inglaterra,República Tcheca
6,59,Itália,República Tcheca
6,59,Geórgia,República Tcheca
6,59,Alemanha,República Tcheca
6,59,Albânia,República Tcheca
6,59,Áustria,República Tcheca
6,59,Inglaterra,Dinamarca
6,59,Itália,Dinamarca
6,59,Geórgia,Dinamarca
6,59,Alemanha,Dinamarca
6,59,Albânia,Dinamarca
6,59,Áustria,Dinamarca
6,59,Itália,Inglaterra
6,59,Geórgia,Inglaterra
6,59,Alemanha,Inglaterra
6,59,Albânia,Inglaterra
6,59,Áustria,Inglaterra
6,59,Geórgia,Itália
6,59,Alemanha,Itália
6,59,Albânia,Itália
6,59,Áustria,Itália
6,59,Alemanha,Geórgia
6,59,Albânia,Geórgia
6,59,Áustria,Geórgia
6,59,Albânia,Alemanha
6,59,Áustria,Alemanha
6,59,Áustria,Albânia
7,2,Eslovênia,Países Baixos
7,2,Bélgica,Países Baixos
7,2,Romênia,Países Baixos
7,2,Ucrânia,Países Baixos
7,2,Polônia,Países Baixos
7,2,Eslováquia,Países Baixos
7,2,Turquia,Países Baixos
7,2,Sérvia,Países Baixos
7,2,Espanha,Países Baixos
7,2,França,Países Baixos
7,2,Croácia,Países Baixos
7,2,Escócia,Países Baixos
7,2,Hungria,Países Baixos
7,2,Portugal,Países Baixos
7,2,Suíça,Países Baixos
7,2,República Tcheca,Países Baixos
7,2,Dinamarca,Países Baixos
7,2,Inglaterra,Países Baixos
7,2,Itália,Países Baixos
7,2,Geórgia,Países Baixos
7,2,Alemanha,Países Baixos
7,2,Albânia,Países Baixos
7,2,Áustria,Países Baixos
7,2,Bélgica,Eslovênia
7,2,Romênia,Eslovênia
7,2,Ucrânia,Eslovênia
7,2,Polônia,Eslovênia
7,2,Eslováquia,Eslovênia
7,2,Turquia,Eslovênia
7,2,Sérvia,Eslovênia
7,2,Espanha,Eslovênia
7,2,França,Eslovênia
7,2,Croácia,Eslovênia
7,2,Escócia,Eslovênia
7,2,Hungria,Eslovênia
7,2,Portugal,Eslovênia
7,2,Suíça,Eslovênia
7,2,República Tcheca,Eslovênia
7,2,Dinamarca,Eslovênia
7,2,Inglaterra,Eslovênia
7,2,Itália,Eslovênia
7,2,Geórgia,Eslovênia
7,2,Alemanha,Eslovênia
7,2,Albânia,Eslovênia
7,2,Áustria,Eslovênia
7,2,Romênia,Bélgica
7,2,Ucrânia,Bélgica
7,2,Polônia,Bélgica
7,2,Eslováquia,Bélgica
7,2,Turquia,Bélgica
7,2,Sérvia,Bélgica
7,2,Espanha,Bélgica
7,2,França,Bélgica
7,2,Croácia,Bélgica
7,2,Escócia,Bélgica
7,2,Hungria,Bélgica
7,2,Portugal,Bélgica
7,2,Suíça,Bélgica
7,2,República Tcheca,Bélgica
7,2,Dinamarca,Bélgica
7,2,Inglaterra,Bélgica
7,2,Itália,Bélgica
7,2,Geórgia,Bélgica
7,2,Alemanha,Bélgica
7,2,Albânia,Bélgica
7,2,Áustria,Bélgica
7,2,Ucrânia,Romênia
7,2,Polônia,Romênia
7,2,Eslováquia,Romênia
7,2,Turquia,Romênia
7,2,Sérvia,Romênia
7,2,Espanha,Romênia
7,2,França,Romênia
7,2,Croácia,Romênia
7,2,Escócia,Romênia
7,2,Hungria,Romênia
7,2,Portugal,Romênia
7,2,Suíça,Romênia
7,2,República Tcheca,Romênia
7,2,Dinamarca,Romênia
7,2,Inglaterra,Romênia
7,2,Itália,Romênia
7,2,Geórgia,Romênia
7,2,Alemanha,Romênia
7,2,Albânia,Romênia
7,2,Áustria,Romênia
7,2,Polônia,Ucrânia
7,2,Eslováquia,Ucrânia
7,2,Turquia,Ucrânia
7,2,Sérvia,Ucrânia
7,2,Espanha,Ucrânia
7,2,França,Ucrânia
7,2,Croácia,Ucrânia
7,2,Escócia,Ucrânia
7,2,Hungria,Ucrânia
7,2,Portugal,Ucrânia
7,2,Suíça,Ucrânia
7,2,República Tcheca,Ucrânia
7,2,Dinamarca,Ucrânia
7,2,Inglaterra,Ucrânia
7,2,Itália,Ucrânia
7,2,Geórgia,Ucrânia
7,2,Alemanha,Ucrânia
7,2,Albânia,Ucrânia
7,2,Áustria,Ucrânia
7,2,Eslováquia,Polônia
7,2,Turquia,Polônia
7,2,Sérvia,Polônia
7,2,Espanha,Polônia
7,2,França,Polônia
7,2,Croácia,Polônia
7,2,Escócia,Polônia
7,2,Hungria,Polônia
7,2,Portugal,Polônia
7,2,Suíça,Polônia
7,2,República Tcheca,Polônia
7,2,Dinamarca,Polônia
7,2,Inglaterra,Polônia
7,2,Itália,Polônia
7,2,Geórgia,Polônia
7,2,Alemanha,Polônia
7,2,Albânia,Polônia
7,2,Áustria,Polônia
7,2,Turquia,Eslováquia
7,2,Sérvia,Eslováquia
7,2,Espanha,Eslováquia
7,2,França,Eslováquia
7,2,Croácia,Eslováquia
7,2,Escócia,Eslováquia
7,2,Hungria,Eslováquia
7,2,Portugal,Eslováquia
7,2,Suíça,Eslováquia
7,2,República Tcheca,Eslováquia
7,2,Dinamarca,Eslováquia
7,2,Inglaterra,Eslováquia
7,2,Itália,Eslováquia
7,2,Geórgia,Eslováquia
7,2,Alemanha,Eslováquia
7,2,Albânia,Eslováquia
7,2,Áustria,Eslováquia
7,2,Sérvia,Turquia
7,2,Espanha,Turquia
7,2,França,Turquia
7,2,Croácia,Turquia
7,2,Escócia,Turquia
7,2,Hungria,Turquia
7,2,Portugal,Turquia
7,2,Suíça,Turquia
7,2,República Tcheca,Turquia
7,2,Dinamarca,Turquia
7,2,Inglaterra,Turquia
7,2,Itália,Turquia
7,2,Geórgia,Turquia
7,2,Alemanha,Turquia
7,2,Albânia,Turquia
7,2,Áustria,Turquia
7,2,Espanha,Sérvia
7,2,França,Sérvia
7,2,Croácia,Sérvia
7,2,Escócia,Sérvia
7,2,Hungria,Sérvia
7,2,Portugal,Sérvia
7,2,Suíça,Sérvia
7,2,República Tcheca,Sérvia
7,2,Dinamarca,Sérvia
7,2,Inglaterra,Sérvia
7,2,Itália,Sérvia
7,2,Geórgia,Sérvia
7,2,Alemanha,Sérvia
7,2,Albânia,Sérvia
7,2,Áustria,Sérvia
7,2,França,Espanha
7,2,Croácia,Espanha
7,2,Escócia,Espanha
7,2,Hungria,Espanha
7,2,Portugal,Espanha
7,2,Suíça,Espanha
7,2,República Tcheca,Espanha
7,2,Dinamarca,Espanha
7,2,Inglaterra,Espanha
7,2,Itália,Espanha
7,2,Geórgia,Espanha
7,2,Alemanha,Espanha
7,2,Albânia,Espanha
7,2,Áustria,Espanha
7,2,Croácia,França
7,2,Escócia,França
7,2,Hungria,França
7,2,Portugal,França
7,2,Suíça,França
7,2,República Tcheca,França
7,2,Dinamarca,França
7,2,Inglaterra,França
7,2,Itália,França
7,2,Geórgia,França
7,2,Alemanha,França
7,2,Albânia,França
7,2,Áustria,França
7,2,Escócia,Croácia
7,2,Hungria,Croácia
7,2,Portugal,Croácia
7,2,Suíça,Croácia
7,2,República Tcheca,Croácia
7,2,Dinamarca,Croácia
7,2,Inglaterra,Croácia
7,2,Itália,Croácia
7,2,Geórgia,Croácia
7,2,Alemanha,Croácia
7,2,Albânia,Croácia
7,2,Áustria,Croácia
7,2,Hungria,Escócia
7,2,Portugal,Escócia
7,2,Suíça,Escócia
7,2,República Tcheca,Escócia
7,2,Dinamarca,Escócia
7,2,Inglaterra,Escócia
7,2,Itália,Escócia
7,2,Geórgia,Escócia
7,2,Alemanha,Escócia
7,2,Albânia,Escócia
7,2,Áustria,Escócia
7,2,Portugal,Hungria
7,2,Suíça,Hungria
7,2,República Tcheca,Hungria
7,2,Dinamarca,Hungria
7,2,Inglaterra,Hungria
7,2,Itália,Hungria
7,2,Geórgia,Hungria
7,2,Alemanha,Hungria
7,2,Albânia,Hungria
7,2,Áustria,Hungria
7,2,Suíça,Portugal
7,2,República Tcheca,Portugal
7,2,Dinamarca,Portugal
7,2,Inglaterra,Portugal
7,2,Itália,Portugal
7,2,Geórgia,Portugal
7,2,Alemanha,Portugal
7,2,Albânia,Portugal
7,2,Áustria,Portugal
7,2,República Tcheca,Suíça
7,2,Dinamarca,Suíça
7,2,Inglaterra,Suíça
7,2,Itália,Suíça
7,2,Geórgia,Suíça
7,2,Alemanha,Suíça
7,2,Albânia,Suíça
7,2,Áustria,Suíça
7,2,Dinamarca,República Tcheca
7,2,Inglaterra,República Tcheca
7,2,Itália,República Tcheca
7,2,Geórgia,República Tcheca
7,2,Alemanha,República Tcheca
7,2,Albânia,República Tcheca
7,2,Áustria,República Tcheca
7,2,Inglaterra,Dinamarca
7,2,Itália,Dinamarca
7,2,Geórgia,Dinamarca
7,2,Alemanha,Dinamarca
7,2,Albânia,Dinamarca
7,2,Áustria,Dinamarca
7,2,Itália,Inglaterra
7,2,Geórgia,Inglaterra
7,2,Alemanha,Inglaterra
7,2,Albânia,Inglaterra
7,2,Áustria,Inglaterra
7,2,Geórgia,Itália
7,2,Alemanha,Itália
7,2,Albânia,Itália
7,2,Áustria,Itália
7,2,Alemanha,Geórgia
7,2,Albânia,Geórgia
7,2,Áustria,Geórgia
7,2,Albânia,Alemanha
7,2,Áustria,Alemanha
7,2,Áustria,Albânia
7,5,Eslovênia,Países Baixos
7,5,Bélgica,Países Baixos
7,5,Romênia,Países Baixos
7,5,Ucrânia,Países Baixos
7,5,Polônia,Países Baixos
7,5,Eslováquia,Países Baixos
7,5,Turquia,Países Baixos
7,5,Sérvia,Países Baixos
7,5,Espanha,Países Baixos
7,5,França,Países Baixos
7,5,Croácia,Países Baixos
7,5,Escócia,Países Baixos
7,5,Hungria,Países Baixos
7,5,Portugal,Países Baixos
7,5,Suíça,Países Baixos
7,5,República Tcheca,Países Baixos
7,5,Dinamarca,Países Baixos
7,5,Inglaterra,Países Baixos
7,5,Itália,Países Baixos
7,5,Geórgia,Países Baixos
7,5,Alemanha,Países Baixos
7,5,Albânia,Países Baixos
7,5,Áustria,Países Baixos
7,5,Bélgica,Eslovênia
7,5,Romênia,Eslovênia
7,5,Ucrânia,Eslovênia
7,5,Polônia,Eslovênia
7,5,Eslováquia,Eslovênia
7,5,Turquia,Eslovênia
7,5,Sérvia,Eslovênia
7,5,Espanha,Eslovênia
7,5,França,Eslovênia
7,5,Croácia,Eslovênia
7,5,Escócia,Eslovênia
7,5,Hungria,Eslovênia
7,5,Portugal,Eslovênia
7,5,Suíça,Eslovênia
7,5,República Tcheca,Eslovênia
7,5,Dinamarca,Eslovênia
7,5,Inglaterra,Eslovênia
7,5,Itália,Eslovênia
7,5,Geórgia,Eslovênia
7,5,Alemanha,Eslovênia
7,5,Albânia,Eslovênia
7,5,Áustria,Eslovênia
7,5,Romênia,Bélgica
7,5,Ucrânia,Bélgica
7,5,Polônia,Bélgica
7,5,Eslováquia,Bélgica
7,5,Turquia,Bélgica
7,5,Sérvia,Bélgica
7,5,Espanha,Bélgica
7,5,França,Bélgica
7,5,Croácia,Bélgica
7,5,Escócia,Bélgica
7,5,Hungria,Bélgica
7,5,Portugal,Bélgica
7,5,Suíça,Bélgica
7,5,República Tcheca,Bélgica
7,5,Dinamarca,Bélgica
7,5,Inglaterra,Bélgica
7,5,Itália,Bélgica
7,5,Geórgia,Bélgica
7,5,Alemanha,Bélgica
7,5,Albânia,Bélgica
7,5,Áustria,Bélgica
7,5,Ucrânia,Romênia
7,5,Polônia,Romênia
7,5,Eslováquia,Romênia
7,5,Turquia,Romênia
7,5,Sérvia,Romênia
7,5,Espanha,Romênia
7,5,França,Romênia
7,5,Croácia,Romênia
7,5,Escócia,Romênia
7,5,Hungria,Romênia
7,5,Portugal,Romênia
7,5,Suíça,Romênia
7,5,República Tcheca,Romênia
7,5,Dinamarca,Romênia
7,5,Inglaterra,Romênia
7,5,Itália,Romênia
7,5,Geórgia,Romênia
7,5,Alemanha,Romênia
7,5,Albânia,Romênia
7,5,Áustria,Romênia
7,5,Polônia,Ucrânia
7,5,Eslováquia,Ucrânia
7,5,Turquia,Ucrânia
7,5,Sérvia,Ucrânia
7,5,Espanha,Ucrânia
7,5,França,Ucrânia
7,5,Croácia,Ucrânia
7,5,Escócia,Ucrânia
7,5,Hungria,Ucrânia
7,5,Portugal,Ucrânia
7,5,Suíça,Ucrânia
7,5,República Tcheca,Ucrânia
7,5,Dinamarca,Ucrânia
7,5,Inglaterra,Ucrânia
7,5,Itália,Ucrânia
7,5,Geórgia,Ucrânia
7,5,Alemanha,Ucrânia
7,5,Albânia,Ucrânia
7,5,Áustria,Ucrânia
7,5,Eslováquia,Polônia
7,5,Turquia,Polônia
7,5,Sérvia,Polônia
7,5,Espanha,Polônia
7,5,França,Polônia
7,5,Croácia,Polônia
7,5,Escócia,Polônia
7,5,Hungria,Polônia
7,5,Portugal,Polônia
7,5,Suíça,Polônia
7,5,República Tcheca,Polônia
7,5,Dinamarca,Polônia
7,5,Inglaterra,Polônia
7,5,Itália,Polônia
7,5,Geórgia,Polônia
7,5,Alemanha,Polônia
7,5,Albânia,Polônia
7,5,Áustria,Polônia
7,5,Turquia,Eslováquia
7,5,Sérvia,Eslováquia
7,5,Espanha,Eslováquia
7,5,França,Eslováquia
7,5,Croácia,Eslováquia
7,5,Escócia,Eslováquia
7,5,Hungria,Eslováquia
7,5,Portugal,Eslováquia
7,5,Suíça,Eslováquia
7,5,República Tcheca,Eslováquia
7,5,Dinamarca,Eslováquia
7,5,Inglaterra,Eslováquia
7,5,Itália,Eslováquia
7,5,Geórgia,Eslováquia
7,5,Alemanha,Eslováquia
7,5,Albânia,Eslováquia
7,5,Áustria,Eslováquia
7,5,Sérvia,Turquia
7,5,Espanha,Turquia
7,5,França,Turquia
7,5,Croácia,Turquia
7,5,Escócia,Turquia
7,5,Hungria,Turquia
7,5,Portugal,Turquia
7,5,Suíça,Turquia
7,5,República Tcheca,Turquia
7,5,Dinamarca,Turquia
7,5,Inglaterra,Turquia
7,5,Itália,Turquia
7,5,Geórgia,Turquia
7,5,Alemanha,Turquia
7,5,Albânia,Turquia
7,5,Áustria,Turquia
7,5,Espanha,Sérvia
7,5,França,Sérvia
7,5,Croácia,Sérvia
7,5,Escócia,Sérvia
7,5,Hungria,Sérvia
7,5,Portugal,Sérvia
7,5,Suíça,Sérvia
7,5,República Tcheca,Sérvia
7,5,Dinamarca,Sérvia
7,5,Inglaterra,Sérvia
7,5,Itália,Sérvia
7,5,Geórgia,Sérvia
7,5,Alemanha,Sérvia
7,5,Albânia,Sérvia
7,5,Áustria,Sérvia
7,5,França,Espanha
7,5,Croácia,Espanha
7,5,Escócia,Espanha
7,5,Hungria,Espanha
7,5,Portugal,Espanha
7,5,Suíça,Espanha
7,5,República Tcheca,Espanha
7,5,Dinamarca,Espanha
7,5,Inglaterra,Espanha
7,5,Itália,Espanha
7,5,Geórgia,Espanha
7,5,Alemanha,Espanha
7,5,Albânia,Espanha
7,5,Áustria,Espanha
7,5,Croácia,França
7,5,Escócia,França
7,5,Hungria,França
7,5,Portugal,França
7,5,Suíça,França
7,5,República Tcheca,França
7,5,Dinamarca,França
7,5,Inglaterra,França
7,5,Itália,França
7,5,Geórgia,França
7,5,Alemanha,França
7,5,Albânia,França
7,5,Áustria,França
7,5,Escócia,Croácia
7,5,Hungria,Croácia
7,5,Portugal,Croácia
7,5,Suíça,Croácia
7,5,República Tcheca,Croácia
7,5,Dinamarca,Croácia
7,5,Inglaterra,Croácia
7,5,Itália,Croácia
7,5,Geórgia,Croácia
7,5,Alemanha,Croácia
7,5,Albânia,Croácia
7,5,Áustria,Croácia
7,5,Hungria,Escócia
7,5,Portugal,Escócia
7,5,Suíça,Escócia
7,5,República Tcheca,Escócia
7,5,Dinamarca,Escócia
7,5,Inglaterra,Escócia
7,5,Itália,Escócia
7,5,Geórgia,Escócia
7,5,Alemanha,Escócia
7,5,Albânia,Escócia
7,5,Áustria,Escócia
7,5,Portugal,Hungria
7,5,Suíça,Hungria
7,5,República Tcheca,Hungria
7,5,Dinamarca,Hungria
7,5,Inglaterra,Hungria
7,5,Itália,Hungria
7,5,Geórgia,Hungria
7,5,Alemanha,Hungria
7,5,Albânia,Hungria
7,5,Áustria,Hungria
7,5,Suíça,Portugal
7,5,República Tcheca,Portugal
7,5,Dinamarca,Portugal
7,5,Inglaterra,Portugal
7,5,Itália,Portugal
7,5,Geórgia,Portugal
7,5,Alemanha,Portugal
7,5,Albânia,Portugal
7,5,Áustria,Portugal
7,5,República Tcheca,Suíça
7,5,Dinamarca,Suíça
7,5,Inglaterra,Suíça
7,5,Itália,Suíça
7,5,Geórgia,Suíça
7,5,Alemanha,Suíça
7,5,Albânia,Suíça
7,5,Áustria,Suíça
7,5,Dinamarca,República Tcheca
7,5,Inglaterra,República Tcheca
7,5,Itália,República Tcheca
7,5,Geórgia,República Tcheca
7,5,Alemanha,República Tcheca
7,5,Albânia,República Tcheca
7,5,Áustria,República Tcheca
7,5,Inglaterra,Dinamarca
7,5,Itália,Dinamarca
7,5,Geórgia,Dinamarca
7,5,Alemanha,Dinamarca
7,5,Albânia,Dinamarca
7,5,Áustria,Dinamarca
7,5,Itália,Inglaterra
7,5,Geórgia,Inglaterra
7,5,Alemanha,Inglaterra
7,5,Albânia,Inglaterra
7,5,Áustria,Inglaterra
7,5,Geórgia,Itália
7,5,Alemanha,Itália
7,5,Albânia,Itália
7,5,Áustria,Itália
7,5,Alemanha,Geórgia
7,5,Albânia,Geórgia
7,5,Áustria,Geórgia
7,5,Albânia,Alemanha
7,5,Áustria,Alemanha
7,5,Áustria,Albânia
7,8,Eslovênia,Países Baixos
7,8,Bélgica,Países Baixos
7,8,Romênia,Países Baixos
7,8,Ucrânia,Países Baixos
7,8,Polônia,Países Baixos
7,8,Eslováquia,Países Baixos
7,8,Turquia,Países Baixos
7,8,Sérvia,Países Baixos
7,8,Espanha,Países Baixos
7,8,França,Países Baixos
7,8,Croácia,Países Baixos
7,8,Escócia,Países Baixos
7,8,Hungria,Países Baixos
7,8,Portugal,Países Baixos
7,8,Suíça,Países Baixos
7,8,República Tcheca,Países Baixos
7,8,Dinamarca,Países Baixos
7,8,Inglaterra,Países Baixos
7,8,Itália,Países Baixos
7,8,Geórgia,Países Baixos
7,8,Alemanha,Países Baixos
7,8,Albânia,Países Baixos
7,8,Áustria,Países Baixos
7,8,Bélgica,Eslovênia
7,8,Romênia,Eslovênia
7,8,Ucrânia,Eslovênia
7,8,Polônia,Eslovênia
7,8,Eslováquia,Eslovênia
7,8,Turquia,Eslovênia
7,8,Sérvia,Eslovênia
7,8,Espanha,Eslovênia
7,8,França,Eslovênia
7,8,Croácia,Eslovênia
7,8,Escócia,Eslovênia
7,8,Hungria,Eslovênia
7,8,Portugal,Eslovênia
7,8,Suíça,Eslovênia
7,8,República Tcheca,Eslovênia
7,8,Dinamarca,Eslovênia
7,8,Inglaterra,Eslovênia
7,8,Itália,Eslovênia
7,8,Geórgia,Eslovênia
7,8,Alemanha,Eslovênia
7,8,Albânia,Eslovênia
7,8,Áustria,Eslovênia
7,8,Romênia,Bélgica
7,8,Ucrânia,Bélgica
7,8,Polônia,Bélgica
7,8,Eslováquia,Bélgica
7,8,Turquia,Bélgica
7,8,Sérvia,Bélgica
7,8,Espanha,Bélgica
7,8,França,Bélgica
7,8,Croácia,Bélgica
7,8,Escócia,Bélgica
7,8,Hungria,Bélgica
7,8,Portugal,Bélgica
7,8,Suíça,Bélgica
7,8,República Tcheca,Bélgica
7,8,Dinamarca,Bélgica
7,8,Inglaterra,Bélgica
7,8,Itália,Bélgica
7,8,Geórgia,Bélgica
7,8,Alemanha,Bélgica
7,8,Albânia,Bélgica
7,8,Áustria,Bélgica
7,8,Ucrânia,Romênia
7,8,Polônia,Romênia
7,8,Eslováquia,Romênia
7,8,Turquia,Romênia
7,8,Sérvia,Romênia
7,8,Espanha,Romênia
7,8,França,Romênia
7,8,Croácia,Romênia
7,8,Escócia,Romênia
7,8,Hungria,Romênia
7,8,Portugal,Romênia
7,8,Suíça,Romênia
7,8,República Tcheca,Romênia
7,8,Dinamarca,Romênia
7,8,Inglaterra,Romênia
7,8,Itália,Romênia
7,8,Geórgia,Romênia
7,8,Alemanha,Romênia
7,8,Albânia,Romênia
7,8,Áustria,Romênia
7,8,Polônia,Ucrânia
7,8,Eslováquia,Ucrânia
7,8,Turquia,Ucrânia
7,8,Sérvia,Ucrânia
7,8,Espanha,Ucrânia
7,8,França,Ucrânia
7,8,Croácia,Ucrânia
7,8,Escócia,Ucrânia
7,8,Hungria,Ucrânia
7,8,Portugal,Ucrânia
7,8,Suíça,Ucrânia
7,8,República Tcheca,Ucrânia
7,8,Dinamarca,Ucrânia
7,8,Inglaterra,Ucrânia
7,8,Itália,Ucrânia
7,8,Geórgia,Ucrânia
7,8,Alemanha,Ucrânia
7,8,Albânia,Ucrânia
7,8,Áustria,Ucrânia
7,8,Eslováquia,Polônia
7,8,Turquia,Polônia
7,8,Sérvia,Polônia
7,8,Espanha,Polônia
7,8,França,Polônia
7,8,Croácia,Polônia
7,8,Escócia,Polônia
7,8,Hungria,Polônia
7,8,Portugal,Polônia
7,8,Suíça,Polônia
7,8,República Tcheca,Polônia
7,8,Dinamarca,Polônia
7,8,Inglaterra,Polônia
7,8,Itália,Polônia
7,8,Geórgia,Polônia
7,8,Alemanha,Polônia
7,8,Albânia,Polônia
7,8,Áustria,Polônia
7,8,Turquia,Eslováquia
7,8,Sérvia,Eslováquia
7,8,Espanha,Eslováquia
7,8,França,Eslováquia
7,8,Croácia,Eslováquia
7,8,Escócia,Eslováquia
7,8,Hungria,Eslováquia
7,8,Portugal,Eslováquia
7,8,Suíça,Eslováquia
7,8,República Tcheca,Eslováquia
7,8,Dinamarca,Eslováquia
7,8,Inglaterra,Eslováquia
7,8,Itália,Eslováquia
7,8,Geórgia,Eslováquia
7,8,Alemanha,Eslováquia
7,8,Albânia,Eslováquia
7,8,Áustria,Eslováquia
7,8,Sérvia,Turquia
7,8,Espanha,Turquia
7,8,França,Turquia
7,8,Croácia,Turquia
7,8,Escócia,Turquia
7,8,Hungria,Turquia
7,8,Portugal,Turquia
7,8,Suíça,Turquia
7,8,República Tcheca,Turquia
7,8,Dinamarca,Turquia
7,8,Inglaterra,Turquia
7,8,Itália,Turquia
7,8,Geórgia,Turquia
7,8,Alemanha,Turquia
7,8,Albânia,Turquia
7,8,Áustria,Turquia
7,8,Espanha,Sérvia
7,8,França,Sérvia
7,8,Croácia,Sérvia
7,8,Escócia,Sérvia
7,8,Hungria,Sérvia
7,8,Portugal,Sérvia
7,8,Suíça,Sérvia
7,8,República Tcheca,Sérvia
7,8,Dinamarca,Sérvia
7,8,Inglaterra,Sérvia
7,8,Itália,Sérvia
7,8,Geórgia,Sérvia
7,8,Alemanha,Sérvia
7,8,Albânia,Sérvia
7,8,Áustria,Sérvia
7,8,França,Espanha
7,8,Croácia,Espanha
7,8,Escócia,Espanha
7,8,Hungria,Espanha
7,8,Portugal,Espanha
7,8,Suíça,Espanha
7,8,República Tcheca,Espanha
7,8,Dinamarca,Espanha
7,8,Inglaterra,Espanha
7,8,Itália,Espanha
7,8,Geórgia,Espanha
7,8,Alemanha,Espanha
7,8,Albânia,Espanha
7,8,Áustria,Espanha
7,8,Croácia,França
7,8,Escócia,França
7,8,Hungria,França
7,8,Portugal,França
7,8,Suíça,França
7,8,República Tcheca,França
7,8,Dinamarca,França
7,8,Inglaterra,França
7,8,Itália,França
7,8,Geórgia,França
7,8,Alemanha,França
7,8,Albânia,França
7,8,Áustria,França
7,8,Escócia,Croácia
7,8,Hungria,Croácia
7,8,Portugal,Croácia
7,8,Suíça,Croácia
7,8,República Tcheca,Croácia
7,8,Dinamarca,Croácia
7,8,Inglaterra,Croácia
7,8,Itália,Croácia
7,8,Geórgia,Croácia
7,8,Alemanha,Croácia
7,8,Albânia,Croácia
7,8,Áustria,Croácia
7,8,Hungria,Escócia
7,8,Portugal,Escócia
7,8,Suíça,Escócia
7,8,República Tcheca,Escócia
7,8,Dinamarca,Escócia
7,8,Inglaterra,Escócia
7,8,Itália,Escócia
7,8,Geórgia,Escócia
7,8,Alemanha,Escócia
7,8,Albânia,Escócia
7,8,Áustria,Escócia
7,8,Portugal,Hungria
7,8,Suíça,Hungria
7,8,República Tcheca,Hungria
7,8,Dinamarca,Hungria
7,8,Inglaterra,Hungria
7,8,Itália,Hungria
7,8,Geórgia,Hungria
7,8,Alemanha,Hungria
7,8,Albânia,Hungria
7,8,Áustria,Hungria
7,8,Suíça,Portugal
7,8,República Tcheca,Portugal
7,8,Dinamarca,Portugal
7,8,Inglaterra,Portugal
7,8,Itália,Portugal
7,8,Geórgia,Portugal
7,8,Alemanha,Portugal
7,8,Albânia,Portugal
7,8,Áustria,Portugal
7,8,República Tcheca,Suíça
7,8,Dinamarca,Suíça
7,8,Inglaterra,Suíça
7,8,Itália,Suíça
7,8,Geórgia,Suíça
7,8,Alemanha,Suíça
7,8,Albânia,Suíça
7,8,Áustria,Suíça
7,8,Dinamarca,República Tcheca
7,8,Inglaterra,República Tcheca
7,8,Itália,República Tcheca
7,8,Geórgia,República Tcheca
7,8,Alemanha,República Tcheca
7,8,Albânia,República Tcheca
7,8,Áustria,República Tcheca
7,8,Inglaterra,Dinamarca
7,8,Itália,Dinamarca
7,8,Geórgia,Dinamarca
7,8,Alemanha,Dinamarca
7,8,Albânia,Dinamarca
7,8,Áustria,Dinamarca
7,8,Itália,Inglaterra
7,8,Geórgia,Inglaterra
7,8,Alemanha,Inglaterra
7,8,Albânia,Inglaterra
7,8,Áustria,Inglaterra
7,8,Geórgia,Itália
7,8,Alemanha,Itália
7,8,Albânia,Itália
7,8,Áustria,Itália
7,8,Alemanha,Geórgia
7,8,Albânia,Geórgia
7,8,Áustria,Geórgia
7,8,Albânia,Alemanha
7,8,Áustria,Alemanha
7,8,Áustria,Albânia
7,11,Eslovênia,Países Baixos
7,11,Bélgica,Países Baixos
7,11,Romênia,Países Baixos
7,11,Ucrânia,Países Baixos
7,11,Polônia,Países Baixos
7,11,Eslováquia,Países Baixos
7,11,Turquia,Países Baixos
7,11,Sérvia,Países Baixos
7,11,Espanha,Países Baixos
7,11,França,Países Baixos
7,11,Croácia,Países Baixos
7,11,Escócia,Países Baixos
7,11,Hungria,Países Baixos
7,11,Portugal,Países Baixos
7,11,Suíça,Países Baixos
7,11,República Tcheca,Países Baixos
7,11,Dinamarca,Países Baixos
7,11,Inglaterra,Países Baixos
7,11,Itália,Países Baixos
7,11,Geórgia,Países Baixos
7,11,Alemanha,Países Baixos
7,11,Albânia,Países Baixos
7,11,Áustria,Países Baixos
7,11,Bélgica,Eslovênia
7,11,Romênia,Eslovênia
7,11,Ucrânia,Eslovênia
7,11,Polônia,Eslovênia
7,11,Eslováquia,Eslovênia
7,11,Turquia,Eslovênia
7,11,Sérvia,Eslovênia
7,11,Espanha,Eslovênia
7,11,França,Eslovênia
7,11,Croácia,Eslovênia
7,11,Escócia,Eslovênia
7,11,Hungria,Eslovênia
7,11,Portugal,Eslovênia
7,11,Suíça,Eslovênia
7,11,República Tcheca,Eslovênia
7,11,Dinamarca,Eslovênia
7,11,Inglaterra,Eslovênia
7,11,Itália,Eslovênia
7,11,Geórgia,Eslovênia
7,11,Alemanha,Eslovênia
7,11,Albânia,Eslovênia
7,11,Áustria,Eslovênia
7,11,Romênia,Bélgica
7,11,Ucrânia,Bélgica
7,11,Polônia,Bélgica
7,11,Eslováquia,Bélgica
7,11,Turquia,Bélgica
7,11,Sérvia,Bélgica
7,11,Espanha,Bélgica
7,11,França,Bélgica
7,11,Croácia,Bélgica
7,11,Escócia,Bélgica
7,11,Hungria,Bélgica
7,11,Portugal,Bélgica
7,11,Suíça,Bélgica
7,11,República Tcheca,Bélgica
7,11,Dinamarca,Bélgica
7,11,Inglaterra,Bélgica
7,11,Itália,Bélgica
7,11,Geórgia,Bélgica
7,11,Alemanha,Bélgica
7,11,Albânia,Bélgica
7,11,Áustria,Bélgica
7,11,Ucrânia,Romênia
7,11,Polônia,Romênia
7,11,Eslováquia,Romênia
7,11,Turquia,Romênia
7,11,Sérvia,Romênia
7,11,Espanha,Romênia
7,11,França,Romênia
7,11,Croácia,Romênia
7,11,Escócia,Romênia
7,11,Hungria,Romênia
7,11,Portugal,Romênia
7,11,Suíça,Romênia
7,11,República Tcheca,Romênia
7,11,Dinamarca,Romênia
7,11,Inglaterra,Romênia
7,11,Itália,Romênia
7,11,Geórgia,Romênia
7,11,Alemanha,Romênia
7,11,Albânia,Romênia
7,11,Áustria,Romênia
7,11,Polônia,Ucrânia
7,11,Eslováquia,Ucrânia
7,11,Turquia,Ucrânia
7,11,Sérvia,Ucrânia
7,11,Espanha,Ucrânia
7,11,França,Ucrânia
7,11,Croácia,Ucrânia
7,11,Escócia,Ucrânia
7,11,Hungria,Ucrânia
7,11,Portugal,Ucrânia
7,11,Suíça,Ucrânia
7,11,República Tcheca,Ucrânia
7,11,Dinamarca,Ucrânia
7,11,Inglaterra,Ucrânia
7,11,Itália,Ucrânia
7,11,Geórgia,Ucrânia
7,11,Alemanha,Ucrânia
7,11,Albânia,Ucrânia
7,11,Áustria,Ucrânia
7,11,Eslováquia,Polônia
7,11,Turquia,Polônia
7,11,Sérvia,Polônia
7,11,Espanha,Polônia
7,11,França,Polônia
7,11,Croácia,Polônia
7,11,Escócia,Polônia
7,11,Hungria,Polônia
7,11,Portugal,Polônia
7,11,Suíça,Polônia
7,11,República Tcheca,Polônia
7,11,Dinamarca,Polônia
7,11,Inglaterra,Polônia
7,11,Itália,Polônia
7,11,Geórgia,Polônia
7,11,Alemanha,Polônia
7,11,Albânia,Polônia
7,11,Áustria,Polônia
7,11,Turquia,Eslováquia
7,11,Sérvia,Eslováquia
7,11,Espanha,Eslováquia
7,11,França,Eslováquia
7,11,Croácia,Eslováquia
7,11,Escócia,Eslováquia
7,11,Hungria,Eslováquia
7,11,Portugal,Eslováquia
7,11,Suíça,Eslováquia
7,11,República Tcheca,Eslováquia
7,11,Dinamarca,Eslováquia
7,11,Inglaterra,Eslováquia
7,11,Itália,Eslováquia
7,11,Geórgia,Eslováquia
7,11,Alemanha,Eslováquia
7,11,Albânia,Eslováquia
7,11,Áustria,Eslováquia
7,11,Sérvia,Turquia
7,11,Espanha,Turquia
7,11,França,Turquia
7,11,Croácia,Turquia
7,11,Escócia,Turquia
7,11,Hungria,Turquia
7,11,Portugal,Turquia
7,11,Suíça,Turquia
7,11,República Tcheca,Turquia
7,11,Dinamarca,Turquia
7,11,Inglaterra,Turquia
7,11,Itália,Turquia
7,11,Geórgia,Turquia
7,11,Alemanha,Turquia
7,11,Albânia,Turquia
7,11,Áustria,Turquia
7,11,Espanha,Sérvia
7,11,França,Sérvia
7,11,Croácia,Sérvia
7,11,Escócia,Sérvia
7,11,Hungria,Sérvia
7,11,Portugal,Sérvia
7,11,Suíça,Sérvia
7,11,República Tcheca,Sérvia
7,11,Dinamarca,Sérvia
7,11,Inglaterra,Sérvia
7,11,Itália,Sérvia
7,11,Geórgia,Sérvia
7,11,Alemanha,Sérvia
7,11,Albânia,Sérvia
7,11,Áustria,Sérvia
7,11,França,Espanha
7,11,Croácia,Espanha
7,11,Escócia,Espanha
7,11,Hungria,Espanha
7,11,Portugal,Espanha
7,11,Suíça,Espanha
7,11,República Tcheca,Espanha
7,11,Dinamarca,Espanha
7,11,Inglaterra,Espanha
7,11,Itália,Espanha
7,11,Geórgia,Espanha
7,11,Alemanha,Espanha
7,11,Albânia,Espanha
7,11,Áustria,Espanha
7,11,Croácia,França
7,11,Escócia,França
7,11,Hungria,França
7,11,Portugal,França
7,11,Suíça,França
7,11,República Tcheca,França
7,11,Dinamarca,França
7,11,Inglaterra,França
7,11,Itália,França
7,11,Geórgia,França
7,11,Alemanha,França
7,11,Albânia,França
7,11,Áustria,França
7,11,Escócia,Croácia
7,11,Hungria,Croácia
7,11,Portugal,Croácia
7,11,Suíça,Croácia
7,11,República Tcheca,Croácia
7,11,Dinamarca,Croácia
7,11,Inglaterra,Croácia
7,11,Itália,Croácia
7,11,Geórgia,Croácia
7,11,Alemanha,Croácia
7,11,Albânia,Croácia
7,11,Áustria,Croácia
7,11,Hungria,Escócia
7,11,Portugal,Escócia
7,11,Suíça,Escócia
7,11,República Tcheca,Escócia
7,11,Dinamarca,Escócia
7,11,Inglaterra,Escócia
7,11,Itália,Escócia
7,11,Geórgia,Escócia
7,11,Alemanha,Escócia
7,11,Albânia,Escócia
7,11,Áustria,Escócia
7,11,Portugal,Hungria
7,11,Suíça,Hungria
7,11,República Tcheca,Hungria
7,11,Dinamarca,Hungria
7,11,Inglaterra,Hungria
7,11,Itália,Hungria
7,11,Geórgia,Hungria
7,11,Alemanha,Hungria
7,11,Albânia,Hungria
7,11,Áustria,Hungria
7,11,Suíça,Portugal
7,11,República Tcheca,Portugal
7,11,Dinamarca,Portugal
7,11,Inglaterra,Portugal
7,11,Itália,Portugal
7,11,Geórgia,Portugal
7,11,Alemanha,Portugal
7,11,Albânia,Portugal
7,11,Áustria,Portugal
7,11,República Tcheca,Suíça
7,11,Dinamarca,Suíça
7,11,Inglaterra,Suíça
7,11,Itália,Suíça
7,11,Geórgia,Suíça
7,11,Alemanha,Suíça
7,11,Albânia,Suíça
7,11,Áustria,Suíça
7,11,Dinamarca,República Tcheca
7,11,Inglaterra,República Tcheca
7,11,Itália,República Tcheca
7,11,Geórgia,República Tcheca
7,11,Alemanha,República Tcheca
7,11,Albânia,República Tcheca
7,11,Áustria,República Tcheca
7,11,Inglaterra,Dinamarca
7,11,Itália,Dinamarca
7,11,Geórgia,Dinamarca
7,11,Alemanha,Dinamarca
7,11,Albânia,Dinamarca
7,11,Áustria,Dinamarca
7,11,Itália,Inglaterra
7,11,Geórgia,Inglaterra
7,11,Alemanha,Inglaterra
7,11,Albânia,Inglaterra
7,11,Áustria,Inglaterra
7,11,Geórgia,Itália
7,11,Alemanha,Itália
7,11,Albânia,Itália
7,11,Áustria,Itália
7,11,Alemanha,Geórgia
7,11,Albânia,Geórgia
7,11,Áustria,Geórgia
7,11,Albânia,Alemanha
7,11,Áustria,Alemanha
7,11,Áustria,Albânia
7,14,Eslovênia,Países Baixos
7,14,Bélgica,Países Baixos
7,14,Romênia,Países Baixos
7,14,Ucrânia,Países Baixos
7,14,Polônia,Países Baixos
7,14,Eslováquia,Países Baixos
7,14,Turquia,Países Baixos
7,14,Sérvia,Países Baixos
7,14,Espanha,Países Baixos
7,14,França,Países Baixos
7,14,Croácia,Países Baixos
7,14,Escócia,Países Baixos
7,14,Hungria,Países Baixos
7,14,Portugal,Países Baixos
7,14,Suíça,Países Baixos
7,14,República Tcheca,Países Baixos
7,14,Dinamarca,Países Baixos
7,14,Inglaterra,Países Baixos
7,14,Itália,Países Baixos
7,14,Geórgia,Países Baixos
7,14,Alemanha,Países Baixos
7,14,Albânia,Países Baixos
7,14,Áustria,Países Baixos
7,14,Bélgica,Eslovênia
7,14,Romênia,Eslovênia
7,14,Ucrânia,Eslovênia
7,14,Polônia,Eslovênia
7,14,Eslováquia,Eslovênia
7,14,Turquia,Eslovênia
7,14,Sérvia,Eslovênia
7,14,Espanha,Eslovênia
7,14,França,Eslovênia
7,14,Croácia,Eslovênia
7,14,Escócia,Eslovênia
7,14,Hungria,Eslovênia
7,14,Portugal,Eslovênia
7,14,Suíça,Eslovênia
7,14,República Tcheca,Eslovênia
7,14,Dinamarca,Eslovênia
7,14,Inglaterra,Eslovênia
7,14,Itália,Eslovênia
7,14,Geórgia,Eslovênia
7,14,Alemanha,Eslovênia
7,14,Albânia,Eslovênia
7,14,Áustria,Eslovênia
7,14,Romênia,Bélgica
7,14,Ucrânia,Bélgica
7,14,Polônia,Bélgica
7,14,Eslováquia,Bélgica
7,14,Turquia,Bélgica
7,14,Sérvia,Bélgica
7,14,Espanha,Bélgica
7,14,França,Bélgica
7,14,Croácia,Bélgica
7,14,Escócia,Bélgica
7,14,Hungria,Bélgica
7,14,Portugal,Bélgica
7,14,Suíça,Bélgica
7,14,República Tcheca,Bélgica
7,14,Dinamarca,Bélgica
7,14,Inglaterra,Bélgica
7,14,Itália,Bélgica
7,14,Geórgia,Bélgica
7,14,Alemanha,Bélgica
7,14,Albânia,Bélgica
7,14,Áustria,Bélgica
7,14,Ucrânia,Romênia
7,14,Polônia,Romênia
7,14,Eslováquia,Romênia
7,14,Turquia,Romênia
7,14,Sérvia,Romênia
7,14,Espanha,Romênia
7,14,França,Romênia
7,14,Croácia,Romênia
7,14,Escócia,Romênia
7,14,Hungria,Romênia
7,14,Portugal,Romênia
7,14,Suíça,Romênia
7,14,República Tcheca,Romênia
7,14,Dinamarca,Romênia
7,14,Inglaterra,Romênia
7,14,Itália,Romênia
7,14,Geórgia,Romênia
7,14,Alemanha,Romênia
7,14,Albânia,Romênia
7,14,Áustria,Romênia
7,14,Polônia,Ucrânia
7,14,Eslováquia,Ucrânia
7,14,Turquia,Ucrânia
7,14,Sérvia,Ucrânia
7,14,Espanha,Ucrânia
7,14,França,Ucrânia
7,14,Croácia,Ucrânia
7,14,Escócia,Ucrânia
7,14,Hungria,Ucrânia
7,14,Portugal,Ucrânia
7,14,Suíça,Ucrânia
7,14,República Tcheca,Ucrânia
7,14,Dinamarca,Ucrânia
7,14,Inglaterra,Ucrânia
7,14,Itália,Ucrânia
7,14,Geórgia,Ucrânia
7,14,Alemanha,Ucrânia
7,14,Albânia,Ucrânia
7,14,Áustria,Ucrânia
7,14,Eslováquia,Polônia
7,14,Turquia,Polônia
7,14,Sérvia,Polônia
7,14,Espanha,Polônia
7,14,França,Polônia
7,14,Croácia,Polônia
7,14,Escócia,Polônia
7,14,Hungria,Polônia
7,14,Portugal,Polônia
7,14,Suíça,Polônia
7,14,República Tcheca,Polônia
7,14,Dinamarca,Polônia
7,14,Inglaterra,Polônia
7,14,Itália,Polônia
7,14,Geórgia,Polônia
7,14,Alemanha,Polônia
7,14,Albânia,Polônia
7,14,Áustria,Polônia
7,14,Turquia,Eslováquia
7,14,Sérvia,Eslováquia
7,14,Espanha,Eslováquia
7,14,França,Eslováquia
7,14,Croácia,Eslováquia
7,14,Escócia,Eslováquia
7,14,Hungria,Eslováquia
7,14,Portugal,Eslováquia
7,14,Suíça,Eslováquia
7,14,República Tcheca,Eslováquia
7,14,Dinamarca,Eslováquia
7,14,Inglaterra,Eslováquia
7,14,Itália,Eslováquia
7,14,Geórgia,Eslováquia
7,14,Alemanha,Eslováquia
7,14,Albânia,Eslováquia
7,14,Áustria,Eslováquia
7,14,Sérvia,Turquia
7,14,Espanha,Turquia
7,14,França,Turquia
7,14,Croácia,Turquia
7,14,Escócia,Turquia
7,14,Hungria,Turquia
7,14,Portugal,Turquia
7,14,Suíça,Turquia
7,14,República Tcheca,Turquia
7,14,Dinamarca,Turquia
7,14,Inglaterra,Turquia
7,14,Itália,Turquia
7,14,Geórgia,Turquia
7,14,Alemanha,Turquia
7,14,Albânia,Turquia
7,14,Áustria,Turquia
7,14,Espanha,Sérvia
7,14,França,Sérvia
7,14,Croácia,Sérvia
7,14,Escócia,Sérvia
7,14,Hungria,Sérvia
7,14,Portugal,Sérvia
7,14,Suíça,Sérvia
7,14,República Tcheca,Sérvia
7,14,Dinamarca,Sérvia
7,14,Inglaterra,Sérvia
7,14,Itália,Sérvia
7,14,Geórgia,Sérvia
7,14,Alemanha,Sérvia
7,14,Albânia,Sérvia
7,14,Áustria,Sérvia
7,14,França,Espanha
7,14,Croácia,Espanha
7,14,Escócia,Espanha
7,14,Hungria,Espanha
7,14,Portugal,Espanha
7,14,Suíça,Espanha
7,14,República Tcheca,Espanha
7,14,Dinamarca,Espanha
7,14,Inglaterra,Espanha
7,14,Itália,Espanha
7,14,Geórgia,Espanha
7,14,Alemanha,Espanha
7,14,Albânia,Espanha
7,14,Áustria,Espanha
7,14,Croácia,França
7,14,Escócia,França
7,14,Hungria,França
7,14,Portugal,França
7,14,Suíça,França
7,14,República Tcheca,França
7,14,Dinamarca,França
7,14,Inglaterra,França
7,14,Itália,França
7,14,Geórgia,França
7,14,Alemanha,França
7,14,Albânia,França
7,14,Áustria,França
7,14,Escócia,Croácia
7,14,Hungria,Croácia
7,14,Portugal,Croácia
7,14,Suíça,Croácia
7,14,República Tcheca,Croácia
7,14,Dinamarca,Croácia
7,14,Inglaterra,Croácia
7,14,Itália,Croácia
7,14,Geórgia,Croácia
7,14,Alemanha,Croácia
7,14,Albânia,Croácia
7,14,Áustria,Croácia
7,14,Hungria,Escócia
7,14,Portugal,Escócia
7,14,Suíça,Escócia
7,14,República Tcheca,Escócia
7,14,Dinamarca,Escócia
7,14,Inglaterra,Escócia
7,14,Itália,Escócia
7,14,Geórgia,Escócia
7,14,Alemanha,Escócia
7,14,Albânia,Escócia
7,14,Áustria,Escócia
7,14,Portugal,Hungria
7,14,Suíça,Hungria
7,14,República Tcheca,Hungria
7,14,Dinamarca,Hungria
7,14,Inglaterra,Hungria
7,14,Itália,Hungria
7,14,Geórgia,Hungria
7,14,Alemanha,Hungria
7,14,Albânia,Hungria
7,14,Áustria,Hungria
7,14,Suíça,Portugal
7,14,República Tcheca,Portugal
7,14,Dinamarca,Portugal
7,14,Inglaterra,Portugal
7,14,Itália,Portugal
7,14,Geórgia,Portugal
7,14,Alemanha,Portugal
7,14,Albânia,Portugal
7,14,Áustria,Portugal
7,14,República Tcheca,Suíça
7,14,Dinamarca,Suíça
7,14,Inglaterra,Suíça
7,14,Itália,Suíça
7,14,Geórgia,Suíça
7,14,Alemanha,Suíça
7,14,Albânia,Suíça
7,14,Áustria,Suíça
7,14,Dinamarca,República Tcheca
7,14,Inglaterra,República Tcheca
7,14,Itália,República Tcheca
7,14,Geórgia,República Tcheca
7,14,Alemanha,República Tcheca
7,14,Albânia,República Tcheca
7,14,Áustria,República Tcheca
7,14,Inglaterra,Dinamarca
7,14,Itália,Dinamarca
7,14,Geórgia,Dinamarca
7,14,Alemanha,Dinamarca
7,14,Albânia,Dinamarca
7,14,Áustria,Dinamarca
7,14,Itália,Inglaterra
7,14,Geórgia,Inglaterra
7,14,Alemanha,Inglaterra
7,14,Albânia,Inglaterra
7,14,Áustria,Inglaterra
7,14,Geórgia,Itália
7,14,Alemanha,Itália
7,14,Albânia,Itália
7,14,Áustria,Itália
7,14,Alemanha,Geórgia
7,14,Albânia,Geórgia
7,14,Áustria,Geórgia
7,14,Albânia,Alemanha
7,14,Áustria,Alemanha
7,14,Áustria,Albânia
7,17,Eslovênia,Países Baixos
7,17,Bélgica,Países Baixos
7,17,Romênia,Países Baixos
7,17,Ucrânia,Países Baixos
7,17,Polônia,Países Baixos
7,17,Eslováquia,Países Baixos
7,17,Turquia,Países Baixos
7,17,Sérvia,Países Baixos
7,17,Espanha,Países Baixos
7,17,França,Países Baixos
7,17,Croácia,Países Baixos
7,17,Escócia,Países Baixos
7,17,Hungria,Países Baixos
7,17,Portugal,Países Baixos
7,17,Suíça,Países Baixos
7,17,República Tcheca,Países Baixos
7,17,Dinamarca,Países Baixos
7,17,Inglaterra,Países Baixos
7,17,Itália,Países Baixos
7,17,Geórgia,Países Baixos
7,17,Alemanha,Países Baixos
7,17,Albânia,Países Baixos
7,17,Áustria,Países Baixos
7,17,Bélgica,Eslovênia
7,17,Romênia,Eslovênia
7,17,Ucrânia,Eslovênia
7,17,Polônia,Eslovênia
7,17,Eslováquia,Eslovênia
7,17,Turquia,Eslovênia
7,17,Sérvia,Eslovênia
7,17,Espanha,Eslovênia
7,17,França,Eslovênia
7,17,Croácia,Eslovênia
7,17,Escócia,Eslovênia
7,17,Hungria,Eslovênia
7,17,Portugal,Eslovênia
7,17,Suíça,Eslovênia
7,17,República Tcheca,Eslovênia
7,17,Dinamarca,Eslovênia
7,17,Inglaterra,Eslovênia
7,17,Itália,Eslovênia
7,17,Geórgia,Eslovênia
7,17,Alemanha,Eslovênia
7,17,Albânia,Eslovênia
7,17,Áustria,Eslovênia
7,17,Romênia,Bélgica
7,17,Ucrânia,Bélgica
7,17,Polônia,Bélgica
7,17,Eslováquia,Bélgica
7,17,Turquia,Bélgica
7,17,Sérvia,Bélgica
7,17,Espanha,Bélgica
7,17,França,Bélgica
7,17,Croácia,Bélgica
7,17,Escócia,Bélgica
7,17,Hungria,Bélgica
7,17,Portugal,Bélgica
7,17,Suíça,Bélgica
7,17,República Tcheca,Bélgica
7,17,Dinamarca,Bélgica
7,17,Inglaterra,Bélgica
7,17,Itália,Bélgica
7,17,Geórgia,Bélgica
7,17,Alemanha,Bélgica
7,17,Albânia,Bélgica
7,17,Áustria,Bélgica
7,17,Ucrânia,Romênia
7,17,Polônia,Romênia
7,17,Eslováquia,Romênia
7,17,Turquia,Romênia
7,17,Sérvia,Romênia
7,17,Espanha,Romênia
7,17,França,Romênia
7,17,Croácia,Romênia
7,17,Escócia,Romênia
7,17,Hungria,Romênia
7,17,Portugal,Romênia
7,17,Suíça,Romênia
7,17,República Tcheca,Romênia
7,17,Dinamarca,Romênia
7,17,Inglaterra,Romênia
7,17,Itália,Romênia
7,17,Geórgia,Romênia
7,17,Alemanha,Romênia
7,17,Albânia,Romênia
7,17,Áustria,Romênia
7,17,Polônia,Ucrânia
7,17,Eslováquia,Ucrânia
7,17,Turquia,Ucrânia
7,17,Sérvia,Ucrânia
7,17,Espanha,Ucrânia
7,17,França,Ucrânia
7,17,Croácia,Ucrânia
7,17,Escócia,Ucrânia
7,17,Hungria,Ucrânia
7,17,Portugal,Ucrânia
7,17,Suíça,Ucrânia
7,17,República Tcheca,Ucrânia
7,17,Dinamarca,Ucrânia
7,17,Inglaterra,Ucrânia
7,17,Itália,Ucrânia
7,17,Geórgia,Ucrânia
7,17,Alemanha,Ucrânia
7,17,Albânia,Ucrânia
7,17,Áustria,Ucrânia
7,17,Eslováquia,Polônia
7,17,Turquia,Polônia
7,17,Sérvia,Polônia
7,17,Espanha,Polônia
7,17,França,Polônia
7,17,Croácia,Polônia
7,17,Escócia,Polônia
7,17,Hungria,Polônia
7,17,Portugal,Polônia
7,17,Suíça,Polônia
7,17,República Tcheca,Polônia
7,17,Dinamarca,Polônia
7,17,Inglaterra,Polônia
7,17,Itália,Polônia
7,17,Geórgia,Polônia
7,17,Alemanha,Polônia
7,17,Albânia,Polônia
7,17,Áustria,Polônia
7,17,Turquia,Eslováquia
7,17,Sérvia,Eslováquia
7,17,Espanha,Eslováquia
7,17,França,Eslováquia
7,17,Croácia,Eslováquia
7,17,Escócia,Eslováquia
7,17,Hungria,Eslováquia
7,17,Portugal,Eslováquia
7,17,Suíça,Eslováquia
7,17,República Tcheca,Eslováquia
7,17,Dinamarca,Eslováquia
7,17,Inglaterra,Eslováquia
7,17,Itália,Eslováquia
7,17,Geórgia,Eslováquia
7,17,Alemanha,Eslováquia
7,17,Albânia,Eslováquia
7,17,Áustria,Eslováquia
7,17,Sérvia,Turquia
7,17,Espanha,Turquia
7,17,França,Turquia
7,17,Croácia,Turquia
7,17,Escócia,Turquia
7,17,Hungria,Turquia
7,17,Portugal,Turquia
7,17,Suíça,Turquia
7,17,República Tcheca,Turquia
7,17,Dinamarca,Turquia
7,17,Inglaterra,Turquia
7,17,Itália,Turquia
7,17,Geórgia,Turquia
7,17,Alemanha,Turquia
7,17,Albânia,Turquia
7,17,Áustria,Turquia
7,17,Espanha,Sérvia
7,17,França,Sérvia
7,17,Croácia,Sérvia
7,17,Escócia,Sérvia
7,17,Hungria,Sérvia
7,17,Portugal,Sérvia
7,17,Suíça,Sérvia
7,17,República Tcheca,Sérvia
7,17,Dinamarca,Sérvia
7,17,Inglaterra,Sérvia
7,17,Itália,Sérvia
7,17,Geórgia,Sérvia
7,17,Alemanha,Sérvia
7,17,Albânia,Sérvia
7,17,Áustria,Sérvia
7,17,França,Espanha
7,17,Croácia,Espanha
7,17,Escócia,Espanha
7,17,Hungria,Espanha
7,17,Portugal,Espanha
7,17,Suíça,Espanha
7,17,República Tcheca,Espanha
7,17,Dinamarca,Espanha
7,17,Inglaterra,Espanha
7,17,Itália,Espanha
7,17,Geórgia,Espanha
7,17,Alemanha,Espanha
7,17,Albânia,Espanha
7,17,Áustria,Espanha
7,17,Croácia,França
7,17,Escócia,França
7,17,Hungria,França
7,17,Portugal,França
7,17,Suíça,França
7,17,República Tcheca,França
7,17,Dinamarca,França
7,17,Inglaterra,França
7,17,Itália,França
7,17,Geórgia,França
7,17,Alemanha,França
7,17,Albânia,França
7,17,Áustria,França
7,17,Escócia,Croácia
7,17,Hungria,Croácia
7,17,Portugal,Croácia
7,17,Suíça,Croácia
7,17,República Tcheca,Croácia
7,17,Dinamarca,Croácia
7,17,Inglaterra,Croácia
7,17,Itália,Croácia
7,17,Geórgia,Croácia
7,17,Alemanha,Croácia
7,17,Albânia,Croácia
7,17,Áustria,Croácia
7,17,Hungria,Escócia
7,17,Portugal,Escócia
7,17,Suíça,Escócia
7,17,República Tcheca,Escócia
7,17,Dinamarca,Escócia
7,17,Inglaterra,Escócia
7,17,Itália,Escócia
7,17,Geórgia,Escócia
7,17,Alemanha,Escócia
7,17,Albânia,Escócia
7,17,Áustria,Escócia
7,17,Portugal,Hungria
7,17,Suíça,Hungria
7,17,República Tcheca,Hungria
7,17,Dinamarca,Hungria
7,17,Inglaterra,Hungria
7,17,Itália,Hungria
7,17,Geórgia,Hungria
7,17,Alemanha,Hungria
7,17,Albânia,Hungria
7,17,Áustria,Hungria
7,17,Suíça,Portugal
7,17,República Tcheca,Portugal
7,17,Dinamarca,Portugal
7,17,Inglaterra,Portugal
7,17,Itália,Portugal
7,17,Geórgia,Portugal
7,17,Alemanha,Portugal
7,17,Albânia,Portugal
7,17,Áustria,Portugal
7,17,República Tcheca,Suíça
7,17,Dinamarca,Suíça
7,17,Inglaterra,Suíça
7,17,Itália,Suíça
7,17,Geórgia,Suíça
7,17,Alemanha,Suíça
7,17,Albânia,Suíça
7,17,Áustria,Suíça
7,17,Dinamarca,República Tcheca
7,17,Inglaterra,República Tcheca
7,17,Itália,República Tcheca
7,17,Geórgia,República Tcheca
7,17,Alemanha,República Tcheca
7,17,Albânia,República Tcheca
7,17,Áustria,República Tcheca
7,17,Inglaterra,Dinamarca
7,17,Itália,Dinamarca
7,17,Geórgia,Dinamarca
7,17,Alemanha,Dinamarca
7,17,Albânia,Dinamarca
7,17,Áustria,Dinamarca
7,17,Itália,Inglaterra
7,17,Geórgia,Inglaterra
7,17,Alemanha,Inglaterra
7,17,Albânia,Inglaterra
7,17,Áustria,Inglaterra
7,17,Geórgia,Itália
7,17,Alemanha,Itália
7,17,Albânia,Itália
7,17,Áustria,Itália
7,17,Alemanha,Geórgia
7,17,Albânia,Geórgia
7,17,Áustria,Geórgia
7,17,Albânia,Alemanha
7,17,Áustria,Alemanha
7,17,Áustria,Albânia
7,20,Eslovênia,Países Baixos
7,20,Bélgica,Países Baixos
7,20,Romênia,Países Baixos
7,20,Ucrânia,Países Baixos
7,20,Polônia,Países Baixos
7,20,Eslováquia,Países Baixos
7,20,Turquia,Países Baixos
7,20,Sérvia,Países Baixos
7,20,Espanha,Países Baixos
7,20,França,Países Baixos
7,20,Croácia,Países Baixos
7,20,Escócia,Países Baixos
7,20,Hungria,Países Baixos
7,20,Portugal,Países Baixos
7,20,Suíça,Países Baixos
7,20,República Tcheca,Países Baixos
7,20,Dinamarca,Países Baixos
7,20,Inglaterra,Países Baixos
7,20,Itália,Países Baixos
7,20,Geórgia,Países Baixos
7,20,Alemanha,Países Baixos
7,20,Albânia,Países Baixos
7,20,Áustria,Países Baixos
7,20,Bélgica,Eslovênia
7,20,Romênia,Eslovênia
7,20,Ucrânia,Eslovênia
7,20,Polônia,Eslovênia
7,20,Eslováquia,Eslovênia
7,20,Turquia,Eslovênia
7,20,Sérvia,Eslovênia
7,20,Espanha,Eslovênia
7,20,França,Eslovênia
7,20,Croácia,Eslovênia
7,20,Escócia,Eslovênia
7,20,Hungria,Eslovênia
7,20,Portugal,Eslovênia
7,20,Suíça,Eslovênia
7,20,República Tcheca,Eslovênia
7,20,Dinamarca,Eslovênia
7,20,Inglaterra,Eslovênia
7,20,Itália,Eslovênia
7,20,Geórgia,Eslovênia
7,20,Alemanha,Eslovênia
7,20,Albânia,Eslovênia
7,20,Áustria,Eslovênia
7,20,Romênia,Bélgica
7,20,Ucrânia,Bélgica
7,20,Polônia,Bélgica
7,20,Eslováquia,Bélgica
7,20,Turquia,Bélgica
7,20,Sérvia,Bélgica
7,20,Espanha,Bélgica
7,20,França,Bélgica
7,20,Croácia,Bélgica
7,20,Escócia,Bélgica
7,20,Hungria,Bélgica
7,20,Portugal,Bélgica
7,20,Suíça,Bélgica
7,20,República Tcheca,Bélgica
7,20,Dinamarca,Bélgica
7,20,Inglaterra,Bélgica
7,20,Itália,Bélgica
7,20,Geórgia,Bélgica
7,20,Alemanha,Bélgica
7,20,Albânia,Bélgica
7,20,Áustria,Bélgica
7,20,Ucrânia,Romênia
7,20,Polônia,Romênia
7,20,Eslováquia,Romênia
7,20,Turquia,Romênia
7,20,Sérvia,Romênia
7,20,Espanha,Romênia
7,20,França,Romênia
7,20,Croácia,Romênia
7,20,Escócia,Romênia
7,20,Hungria,Romênia
7,20,Portugal,Romênia
7,20,Suíça,Romênia
7,20,República Tcheca,Romênia
7,20,Dinamarca,Romênia
7,20,Inglaterra,Romênia
7,20,Itália,Romênia
7,20,Geórgia,Romênia
7,20,Alemanha,Romênia
7,20,Albânia,Romênia
7,20,Áustria,Romênia
7,20,Polônia,Ucrânia
7,20,Eslováquia,Ucrânia
7,20,Turquia,Ucrânia
7,20,Sérvia,Ucrânia
7,20,Espanha,Ucrânia
7,20,França,Ucrânia
7,20,Croácia,Ucrânia
7,20,Escócia,Ucrânia
7,20,Hungria,Ucrânia
7,20,Portugal,Ucrânia
7,20,Suíça,Ucrânia
7,20,República Tcheca,Ucrânia
7,20,Dinamarca,Ucrânia
7,20,Inglaterra,Ucrânia
7,20,Itália,Ucrânia
7,20,Geórgia,Ucrânia
7,20,Alemanha,Ucrânia
7,20,Albânia,Ucrânia
7,20,Áustria,Ucrânia
7,20,Eslováquia,Polônia
7,20,Turquia,Polônia
7,20,Sérvia,Polônia
7,20,Espanha,Polônia
7,20,França,Polônia
7,20,Croácia,Polônia
7,20,Escócia,Polônia
7,20,Hungria,Polônia
7,20,Portugal,Polônia
7,20,Suíça,Polônia
7,20,República Tcheca,Polônia
7,20,Dinamarca,Polônia
7,20,Inglaterra,Polônia
7,20,Itália,Polônia
7,20,Geórgia,Polônia
7,20,Alemanha,Polônia
7,20,Albânia,Polônia
7,20,Áustria,Polônia
7,20,Turquia,Eslováquia
7,20,Sérvia,Eslováquia
7,20,Espanha,Eslováquia
7,20,França,Eslováquia
7,20,Croácia,Eslováquia
7,20,Escócia,Eslováquia
7,20,Hungria,Eslováquia
7,20,Portugal,Eslováquia
7,20,Suíça,Eslováquia
7,20,República Tcheca,Eslováquia
7,20,Dinamarca,Eslováquia
7,20,Inglaterra,Eslováquia
7,20,Itália,Eslováquia
7,20,Geórgia,Eslováquia
7,20,Alemanha,Eslováquia
7,20,Albânia,Eslováquia
7,20,Áustria,Eslováquia
7,20,Sérvia,Turquia
7,20,Espanha,Turquia
7,20,França,Turquia
7,20,Croácia,Turquia
7,20,Escócia,Turquia
7,20,Hungria,Turquia
7,20,Portugal,Turquia
7,20,Suíça,Turquia
7,20,República Tcheca,Turquia
7,20,Dinamarca,Turquia
7,20,Inglaterra,Turquia
7,20,Itália,Turquia
7,20,Geórgia,Turquia
7,20,Alemanha,Turquia
7,20,Albânia,Turquia
7,20,Áustria,Turquia
7,20,Espanha,Sérvia
7,20,França,Sérvia
7,20,Croácia,Sérvia
7,20,Escócia,Sérvia
7,20,Hungria,Sérvia
7,20,Portugal,Sérvia
7,20,Suíça,Sérvia
7,20,República Tcheca,Sérvia
7,20,Dinamarca,Sérvia
7,20,Inglaterra,Sérvia
7,20,Itália,Sérvia
7,20,Geórgia,Sérvia
7,20,Alemanha,Sérvia
7,20,Albânia,Sérvia
7,20,Áustria,Sérvia
7,20,França,Espanha
7,20,Croácia,Espanha
7,20,Escócia,Espanha
7,20,Hungria,Espanha
7,20,Portugal,Espanha
7,20,Suíça,Espanha
7,20,República Tcheca,Espanha
7,20,Dinamarca,Espanha
7,20,Inglaterra,Espanha
7,20,Itália,Espanha
7,20,Geórgia,Espanha
7,20,Alemanha,Espanha
7,20,Albânia,Espanha
7,20,Áustria,Espanha
7,20,Croácia,França
7,20,Escócia,França
7,20,Hungria,França
7,20,Portugal,França
7,20,Suíça,França
7,20,República Tcheca,França
7,20,Dinamarca,França
7,20,Inglaterra,França
7,20,Itália,França
7,20,Geórgia,França
7,20,Alemanha,França
7,20,Albânia,França
7,20,Áustria,França
7,20,Escócia,Croácia
7,20,Hungria,Croácia
7,20,Portugal,Croácia
7,20,Suíça,Croácia
7,20,República Tcheca,Croácia
7,20,Dinamarca,Croácia
7,20,Inglaterra,Croácia
7,20,Itália,Croácia
7,20,Geórgia,Croácia
7,20,Alemanha,Croácia
7,20,Albânia,Croácia
7,20,Áustria,Croácia
7,20,Hungria,Escócia
7,20,Portugal,Escócia
7,20,Suíça,Escócia
7,20,República Tcheca,Escócia
7,20,Dinamarca,Escócia
7,20,Inglaterra,Escócia
7,20,Itália,Escócia
7,20,Geórgia,Escócia
7,20,Alemanha,Escócia
7,20,Albânia,Escócia
7,20,Áustria,Escócia
7,20,Portugal,Hungria
7,20,Suíça,Hungria
7,20,República Tcheca,Hungria
7,20,Dinamarca,Hungria
7,20,Inglaterra,Hungria
7,20,Itália,Hungria
7,20,Geórgia,Hungria
7,20,Alemanha,Hungria
7,20,Albânia,Hungria
7,20,Áustria,Hungria
7,20,Suíça,Portugal
7,20,República Tcheca,Portugal
7,20,Dinamarca,Portugal
7,20,Inglaterra,Portugal
7,20,Itália,Portugal
7,20,Geórgia,Portugal
7,20,Alemanha,Portugal
7,20,Albânia,Portugal
7,20,Áustria,Portugal
7,20,República Tcheca,Suíça
7,20,Dinamarca,Suíça
7,20,Inglaterra,Suíça
7,20,Itália,Suíça
7,20,Geórgia,Suíça
7,20,Alemanha,Suíça
7,20,Albânia,Suíça
7,20,Áustria,Suíça
7,20,Dinamarca,República Tcheca
7,20,Inglaterra,República Tcheca
7,20,Itália,República Tcheca
7,20,Geórgia,República Tcheca
7,20,Alemanha,República Tcheca
7,20,Albânia,República Tcheca
7,20,Áustria,República Tcheca
7,20,Inglaterra,Dinamarca
7,20,Itália,Dinamarca
7,20,Geórgia,Dinamarca
7,20,Alemanha,Dinamarca
7,20,Albânia,Dinamarca
7,20,Áustria,Dinamarca
7,20,Itália,Inglaterra
7,20,Geórgia,Inglaterra
7,20,Alemanha,Inglaterra
7,20,Albânia,Inglaterra
7,20,Áustria,Inglaterra
7,20,Geórgia,Itália
7,20,Alemanha,Itália
7,20,Albânia,Itália
7,20,Áustria,Itália
7,20,Alemanha,Geórgia
7,20,Albânia,Geórgia
7,20,Áustria,Geórgia
7,20,Albânia,Alemanha
7,20,Áustria,Alemanha
7,20,Áustria,Albânia
7,23,Eslovênia,Países Baixos
7,23,Bélgica,Países Baixos
7,23,Romênia,Países Baixos
7,23,Ucrânia,Países Baixos
7,23,Polônia,Países Baixos
7,23,Eslováquia,Países Baixos
7,23,Turquia,Países Baixos
7,23,Sérvia,Países Baixos
7,23,Espanha,Países Baixos
7,23,França,Países Baixos
7,23,Croácia,Países Baixos
7,23,Escócia,Países Baixos
7,23,Hungria,Países Baixos
7,23,Portugal,Países Baixos
7,23,Suíça,Países Baixos
7,23,República Tcheca,Países Baixos
7,23,Dinamarca,Países Baixos
7,23,Inglaterra,Países Baixos
7,23,Itália,Países Baixos
7,23,Geórgia,Países Baixos
7,23,Alemanha,Países Baixos
7,23,Albânia,Países Baixos
7,23,Áustria,Países Baixos
7,23,Bélgica,Eslovênia
7,23,Romênia,Eslovênia
7,23,Ucrânia,Eslovênia
7,23,Polônia,Eslovênia
7,23,Eslováquia,Eslovênia
7,23,Turquia,Eslovênia
7,23,Sérvia,Eslovênia
7,23,Espanha,Eslovênia
7,23,França,Eslovênia
7,23,Croácia,Eslovênia
7,23,Escócia,Eslovênia
7,23,Hungria,Eslovênia
7,23,Portugal,Eslovênia
7,23,Suíça,Eslovênia
7,23,República Tcheca,Eslovênia
7,23,Dinamarca,Eslovênia
7,23,Inglaterra,Eslovênia
7,23,Itália,Eslovênia
7,23,Geórgia,Eslovênia
7,23,Alemanha,Eslovênia
7,23,Albânia,Eslovênia
7,23,Áustria,Eslovênia
7,23,Romênia,Bélgica
7,23,Ucrânia,Bélgica
7,23,Polônia,Bélgica
7,23,Eslováquia,Bélgica
7,23,Turquia,Bélgica
7,23,Sérvia,Bélgica
7,23,Espanha,Bélgica
7,23,França,Bélgica
7,23,Croácia,Bélgica
7,23,Escócia,Bélgica
7,23,Hungria,Bélgica
7,23,Portugal,Bélgica
7,23,Suíça,Bélgica
7,23,República Tcheca,Bélgica
7,23,Dinamarca,Bélgica
7,23,Inglaterra,Bélgica
7,23,Itália,Bélgica
7,23,Geórgia,Bélgica
7,23,Alemanha,Bélgica
7,23,Albânia,Bélgica
7,23,Áustria,Bélgica
7,23,Ucrânia,Romênia
7,23,Polônia,Romênia
7,23,Eslováquia,Romênia
7,23,Turquia,Romênia
7,23,Sérvia,Romênia
7,23,Espanha,Romênia
7,23,França,Romênia
7,23,Croácia,Romênia
7,23,Escócia,Romênia
7,23,Hungria,Romênia
7,23,Portugal,Romênia
7,23,Suíça,Romênia
7,23,República Tcheca,Romênia
7,23,Dinamarca,Romênia
7,23,Inglaterra,Romênia
7,23,Itália,Romênia
7,23,Geórgia,Romênia
7,23,Alemanha,Romênia
7,23,Albânia,Romênia
7,23,Áustria,Romênia
7,23,Polônia,Ucrânia
7,23,Eslováquia,Ucrânia
7,23,Turquia,Ucrânia
7,23,Sérvia,Ucrânia
7,23,Espanha,Ucrânia
7,23,França,Ucrânia
7,23,Croácia,Ucrânia
7,23,Escócia,Ucrânia
7,23,Hungria,Ucrânia
7,23,Portugal,Ucrânia
7,23,Suíça,Ucrânia
7,23,República Tcheca,Ucrânia
7,23,Dinamarca,Ucrânia
7,23,Inglaterra,Ucrânia
7,23,Itália,Ucrânia
7,23,Geórgia,Ucrânia
7,23,Alemanha,Ucrânia
7,23,Albânia,Ucrânia
7,23,Áustria,Ucrânia
7,23,Eslováquia,Polônia
7,23,Turquia,Polônia
7,23,Sérvia,Polônia
7,23,Espanha,Polônia
7,23,França,Polônia
7,23,Croácia,Polônia
7,23,Escócia,Polônia
7,23,Hungria,Polônia
7,23,Portugal,Polônia
7,23,Suíça,Polônia
7,23,República Tcheca,Polônia
7,23,Dinamarca,Polônia
7,23,Inglaterra,Polônia
7,23,Itália,Polônia
7,23,Geórgia,Polônia
7,23,Alemanha,Polônia
7,23,Albânia,Polônia
7,23,Áustria,Polônia
7,23,Turquia,Eslováquia
7,23,Sérvia,Eslováquia
7,23,Espanha,Eslováquia
7,23,França,Eslováquia
7,23,Croácia,Eslováquia
7,23,Escócia,Eslováquia
7,23,Hungria,Eslováquia
7,23,Portugal,Eslováquia
7,23,Suíça,Eslováquia
7,23,República Tcheca,Eslováquia
7,23,Dinamarca,Eslováquia
7,23,Inglaterra,Eslováquia
7,23,Itália,Eslováquia
7,23,Geórgia,Eslováquia
7,23,Alemanha,Eslováquia
7,23,Albânia,Eslováquia
7,23,Áustria,Eslováquia
7,23,Sérvia,Turquia
7,23,Espanha,Turquia
7,23,França,Turquia
7,23,Croácia,Turquia
7,23,Escócia,Turquia
7,23,Hungria,Turquia
7,23,Portugal,Turquia
7,23,Suíça,Turquia
7,23,República Tcheca,Turquia
7,23,Dinamarca,Turquia
7,23,Inglaterra,Turquia
7,23,Itália,Turquia
7,23,Geórgia,Turquia
7,23,Alemanha,Turquia
7,23,Albânia,Turquia
7,23,Áustria,Turquia
7,23,Espanha,Sérvia
7,23,França,Sérvia
7,23,Croácia,Sérvia
7,23,Escócia,Sérvia
7,23,Hungria,Sérvia
7,23,Portugal,Sérvia
7,23,Suíça,Sérvia
7,23,República Tcheca,Sérvia
7,23,Dinamarca,Sérvia
7,23,Inglaterra,Sérvia
7,23,Itália,Sérvia
7,23,Geórgia,Sérvia
7,23,Alemanha,Sérvia
7,23,Albânia,Sérvia
7,23,Áustria,Sérvia
7,23,França,Espanha
7,23,Croácia,Espanha
7,23,Escócia,Espanha
7,23,Hungria,Espanha
7,23,Portugal,Espanha
7,23,Suíça,Espanha
7,23,República Tcheca,Espanha
7,23,Dinamarca,Espanha
7,23,Inglaterra,Espanha
7,23,Itália,Espanha
7,23,Geórgia,Espanha
7,23,Alemanha,Espanha
7,23,Albânia,Espanha
7,23,Áustria,Espanha
7,23,Croácia,França
7,23,Escócia,França
7,23,Hungria,França
7,23,Portugal,França
7,23,Suíça,França
7,23,República Tcheca,França
7,23,Dinamarca,França
7,23,Inglaterra,França
7,23,Itália,França
7,23,Geórgia,França
7,23,Alemanha,França
7,23,Albânia,França
7,23,Áustria,França
7,23,Escócia,Croácia
7,23,Hungria,Croácia
7,23,Portugal,Croácia
7,23,Suíça,Croácia
7,23,República Tcheca,Croácia
7,23,Dinamarca,Croácia
7,23,Inglaterra,Croácia
7,23,Itália,Croácia
7,23,Geórgia,Croácia
7,23,Alemanha,Croácia
7,23,Albânia,Croácia
7,23,Áustria,Croácia
7,23,Hungria,Escócia
7,23,Portugal,Escócia
7,23,Suíça,Escócia
7,23,República Tcheca,Escócia
7,23,Dinamarca,Escócia
7,23,Inglaterra,Escócia
7,23,Itália,Escócia
7,23,Geórgia,Escócia
7,23,Alemanha,Escócia
7,23,Albânia,Escócia
7,23,Áustria,Escócia
7,23,Portugal,Hungria
7,23,Suíça,Hungria
7,23,República Tcheca,Hungria
7,23,Dinamarca,Hungria
7,23,Inglaterra,Hungria
7,23,Itália,Hungria
7,23,Geórgia,Hungria
7,23,Alemanha,Hungria
7,23,Albânia,Hungria
7,23,Áustria,Hungria
7,23,Suíça,Portugal
7,23,República Tcheca,Portugal
7,23,Dinamarca,Portugal
7,23,Inglaterra,Portugal
7,23,Itália,Portugal
7,23,Geórgia,Portugal
7,23,Alemanha,Portugal
7,23,Albânia,Portugal
7,23,Áustria,Portugal
7,23,República Tcheca,Suíça
7,23,Dinamarca,Suíça
7,23,Inglaterra,Suíça
7,23,Itália,Suíça
7,23,Geórgia,Suíça
7,23,Alemanha,Suíça
7,23,Albânia,Suíça
7,23,Áustria,Suíça
7,23,Dinamarca,República Tcheca
7,23,Inglaterra,República Tcheca
7,23,Itália,República Tcheca
7,23,Geórgia,República Tcheca
7,23,Alemanha,República Tcheca
7,23,Albânia,República Tcheca
7,23,Áustria,República Tcheca
7,23,Inglaterra,Dinamarca
7,23,Itália,Dinamarca
7,23,Geórgia,Dinamarca
7,23,Alemanha,Dinamarca
7,23,Albânia,Dinamarca
7,23,Áustria,Dinamarca
7,23,Itália,Inglaterra
7,23,Geórgia,Inglaterra
7,23,Alemanha,Inglaterra
7,23,Albânia,Inglaterra
7,23,Áustria,Inglaterra
7,23,Geórgia,Itália
7,23,Alemanha,Itália
7,23,Albânia,Itália
7,23,Áustria,Itália
7,23,Alemanha,Geórgia
7,23,Albânia,Geórgia
7,23,Áustria,Geórgia
7,23,Albânia,Alemanha
7,23,Áustria,Alemanha
7,23,Áustria,Albânia
7,26,Eslovênia,Países Baixos
7,26,Bélgica,Países Baixos
7,26,Romênia,Países Baixos
7,26,Ucrânia,Países Baixos
7,26,Polônia,Países Baixos
7,26,Eslováquia,Países Baixos
7,26,Turquia,Países Baixos
7,26,Sérvia,Países Baixos
7,26,Espanha,Países Baixos
7,26,França,Países Baixos
7,26,Croácia,Países Baixos
7,26,Escócia,Países Baixos
7,26,Hungria,Países Baixos
7,26,Portugal,Países Baixos
7,26,Suíça,Países Baixos
7,26,República Tcheca,Países Baixos
7,26,Dinamarca,Países Baixos
7,26,Inglaterra,Países Baixos
7,26,Itália,Países Baixos
7,26,Geórgia,Países Baixos
7,26,Alemanha,Países Baixos
7,26,Albânia,Países Baixos
7,26,Áustria,Países Baixos
7,26,Bélgica,Eslovênia
7,26,Romênia,Eslovênia
7,26,Ucrânia,Eslovênia
7,26,Polônia,Eslovênia
7,26,Eslováquia,Eslovênia
7,26,Turquia,Eslovênia
7,26,Sérvia,Eslovênia
7,26,Espanha,Eslovênia
7,26,França,Eslovênia
7,26,Croácia,Eslovênia
7,26,Escócia,Eslovênia
7,26,Hungria,Eslovênia
7,26,Portugal,Eslovênia
7,26,Suíça,Eslovênia
7,26,República Tcheca,Eslovênia
7,26,Dinamarca,Eslovênia
7,26,Inglaterra,Eslovênia
7,26,Itália,Eslovênia
7,26,Geórgia,Eslovênia
7,26,Alemanha,Eslovênia
7,26,Albânia,Eslovênia
7,26,Áustria,Eslovênia
7,26,Romênia,Bélgica
7,26,Ucrânia,Bélgica
7,26,Polônia,Bélgica
7,26,Eslováquia,Bélgica
7,26,Turquia,Bélgica
7,26,Sérvia,Bélgica
7,26,Espanha,Bélgica
7,26,França,Bélgica
7,26,Croácia,Bélgica
7,26,Escócia,Bélgica
7,26,Hungria,Bélgica
7,26,Portugal,Bélgica
7,26,Suíça,Bélgica
7,26,República Tcheca,Bélgica
7,26,Dinamarca,Bélgica
7,26,Inglaterra,Bélgica
7,26,Itália,Bélgica
7,26,Geórgia,Bélgica
7,26,Alemanha,Bélgica
7,26,Albânia,Bélgica
7,26,Áustria,Bélgica
7,26,Ucrânia,Romênia
7,26,Polônia,Romênia
7,26,Eslováquia,Romênia
7,26,Turquia,Romênia
7,26,Sérvia,Romênia
7,26,Espanha,Romênia
7,26,França,Romênia
7,26,Croácia,Romênia
7,26,Escócia,Romênia
7,26,Hungria,Romênia
7,26,Portugal,Romênia
7,26,Suíça,Romênia
7,26,República Tcheca,Romênia
7,26,Dinamarca,Romênia
7,26,Inglaterra,Romênia
7,26,Itália,Romênia
7,26,Geórgia,Romênia
7,26,Alemanha,Romênia
7,26,Albânia,Romênia
7,26,Áustria,Romênia
7,26,Polônia,Ucrânia
7,26,Eslováquia,Ucrânia
7,26,Turquia,Ucrânia
7,26,Sérvia,Ucrânia
7,26,Espanha,Ucrânia
7,26,França,Ucrânia
7,26,Croácia,Ucrânia
7,26,Escócia,Ucrânia
7,26,Hungria,Ucrânia
7,26,Portugal,Ucrânia
7,26,Suíça,Ucrânia
7,26,República Tcheca,Ucrânia
7,26,Dinamarca,Ucrânia
7,26,Inglaterra,Ucrânia
7,26,Itália,Ucrânia
7,26,Geórgia,Ucrânia
7,26,Alemanha,Ucrânia
7,26,Albânia,Ucrânia
7,26,Áustria,Ucrânia
7,26,Eslováquia,Polônia
7,26,Turquia,Polônia
7,26,Sérvia,Polônia
7,26,Espanha,Polônia
7,26,França,Polônia
7,26,Croácia,Polônia
7,26,Escócia,Polônia
7,26,Hungria,Polônia
7,26,Portugal,Polônia
7,26,Suíça,Polônia
7,26,República Tcheca,Polônia
7,26,Dinamarca,Polônia
7,26,Inglaterra,Polônia
7,26,Itália,Polônia
7,26,Geórgia,Polônia
7,26,Alemanha,Polônia
7,26,Albânia,Polônia
7,26,Áustria,Polônia
7,26,Turquia,Eslováquia
7,26,Sérvia,Eslováquia
7,26,Espanha,Eslováquia
7,26,França,Eslováquia
7,26,Croácia,Eslováquia
7,26,Escócia,Eslováquia
7,26,Hungria,Eslováquia
7,26,Portugal,Eslováquia
7,26,Suíça,Eslováquia
7,26,República Tcheca,Eslováquia
7,26,Dinamarca,Eslováquia
7,26,Inglaterra,Eslováquia
7,26,Itália,Eslováquia
7,26,Geórgia,Eslováquia
7,26,Alemanha,Eslováquia
7,26,Albânia,Eslováquia
7,26,Áustria,Eslováquia
7,26,Sérvia,Turquia
7,26,Espanha,Turquia
7,26,França,Turquia
7,26,Croácia,Turquia
7,26,Escócia,Turquia
7,26,Hungria,Turquia
7,26,Portugal,Turquia
7,26,Suíça,Turquia
7,26,República Tcheca,Turquia
7,26,Dinamarca,Turquia
7,26,Inglaterra,Turquia
7,26,Itália,Turquia
7,26,Geórgia,Turquia
7,26,Alemanha,Turquia
7,26,Albânia,Turquia
7,26,Áustria,Turquia
7,26,Espanha,Sérvia
7,26,França,Sérvia
7,26,Croácia,Sérvia
7,26,Escócia,Sérvia
7,26,Hungria,Sérvia
7,26,Portugal,Sérvia
7,26,Suíça,Sérvia
7,26,República Tcheca,Sérvia
7,26,Dinamarca,Sérvia
7,26,Inglaterra,Sérvia
7,26,Itália,Sérvia
7,26,Geórgia,Sérvia
7,26,Alemanha,Sérvia
7,26,Albânia,Sérvia
7,26,Áustria,Sérvia
7,26,França,Espanha
7,26,Croácia,Espanha
7,26,Escócia,Espanha
7,26,Hungria,Espanha
7,26,Portugal,Espanha
7,26,Suíça,Espanha
7,26,República Tcheca,Espanha
7,26,Dinamarca,Espanha
7,26,Inglaterra,Espanha
7,26,Itália,Espanha
7,26,Geórgia,Espanha
7,26,Alemanha,Espanha
7,26,Albânia,Espanha
7,26,Áustria,Espanha
7,26,Croácia,França
7,26,Escócia,França
7,26,Hungria,França
7,26,Portugal,França
7,26,Suíça,França
7,26,República Tcheca,França
7,26,Dinamarca,França
7,26,Inglaterra,França
7,26,Itália,França
7,26,Geórgia,França
7,26,Alemanha,França
7,26,Albânia,França
7,26,Áustria,França
7,26,Escócia,Croácia
7,26,Hungria,Croácia
7,26,Portugal,Croácia
7,26,Suíça,Croácia
7,26,República Tcheca,Croácia
7,26,Dinamarca,Croácia
7,26,Inglaterra,Croácia
7,26,Itália,Croácia
7,26,Geórgia,Croácia
7,26,Alemanha,Croácia
7,26,Albânia,Croácia
7,26,Áustria,Croácia
7,26,Hungria,Escócia
7,26,Portugal,Escócia
7,26,Suíça,Escócia
7,26,República Tcheca,Escócia
7,26,Dinamarca,Escócia
7,26,Inglaterra,Escócia
7,26,Itália,Escócia
7,26,Geórgia,Escócia
7,26,Alemanha,Escócia
7,26,Albânia,Escócia
7,26,Áustria,Escócia
7,26,Portugal,Hungria
7,26,Suíça,Hungria
7,26,República Tcheca,Hungria
7,26,Dinamarca,Hungria
7,26,Inglaterra,Hungria
7,26,Itália,Hungria
7,26,Geórgia,Hungria
7,26,Alemanha,Hungria
7,26,Albânia,Hungria
7,26,Áustria,Hungria
7,26,Suíça,Portugal
7,26,República Tcheca,Portugal
7,26,Dinamarca,Portugal
7,26,Inglaterra,Portugal
7,26,Itália,Portugal
7,26,Geórgia,Portugal
7,26,Alemanha,Portugal
7,26,Albânia,Portugal
7,26,Áustria,Portugal
7,26,República Tcheca,Suíça
7,26,Dinamarca,Suíça
7,26,Inglaterra,Suíça
7,26,Itália,Suíça
7,26,Geórgia,Suíça
7,26,Alemanha,Suíça
7,26,Albânia,Suíça
7,26,Áustria,Suíça
7,26,Dinamarca,República Tcheca
7,26,Inglaterra,República Tcheca
7,26,Itália,República Tcheca
7,26,Geórgia,República Tcheca
7,26,Alemanha,República Tcheca
7,26,Albânia,República Tcheca
7,26,Áustria,República Tcheca
7,26,Inglaterra,Dinamarca
7,26,Itália,Dinamarca
7,26,Geórgia,Dinamarca
7,26,Alemanha,Dinamarca
7,26,Albânia,Dinamarca
7,26,Áustria,Dinamarca
7,26,Itália,Inglaterra
7,26,Geórgia,Inglaterra
7,26,Alemanha,Inglaterra
7,26,Albânia,Inglaterra
7,26,Áustria,Inglaterra
7,26,Geórgia,Itália
7,26,Alemanha,Itália
7,26,Albânia,Itália
7,26,Áustria,Itália
7,26,Alemanha,Geórgia
7,26,Albânia,Geórgia
7,26,Áustria,Geórgia
7,26,Albânia,Alemanha
7,26,Áustria,Alemanha
7,26,Áustria,Albânia
7,29,Eslovênia,Países Baixos
7,29,Bélgica,Países Baixos
7,29,Romênia,Países Baixos
7,29,Ucrânia,Países Baixos
7,29,Polônia,Países Baixos
7,29,Eslováquia,Países Baixos
7,29,Turquia,Países Baixos
7,29,Sérvia,Países Baixos
7,29,Espanha,Países Baixos
7,29,França,Países Baixos
7,29,Croácia,Países Baixos
7,29,Escócia,Países Baixos
7,29,Hungria,Países Baixos
7,29,Portugal,Países Baixos
7,29,Suíça,Países Baixos
7,29,República Tcheca,Países Baixos
7,29,Dinamarca,Países Baixos
7,29,Inglaterra,Países Baixos
7,29,Itália,Países Baixos
7,29,Geórgia,Países Baixos
7,29,Alemanha,Países Baixos
7,29,Albânia,Países Baixos
7,29,Áustria,Países Baixos
7,29,Bélgica,Eslovênia
7,29,Romênia,Eslovênia
7,29,Ucrânia,Eslovênia
7,29,Polônia,Eslovênia
7,29,Eslováquia,Eslovênia
7,29,Turquia,Eslovênia
7,29,Sérvia,Eslovênia
7,29,Espanha,Eslovênia
7,29,França,Eslovênia
7,29,Croácia,Eslovênia
7,29,Escócia,Eslovênia
7,29,Hungria,Eslovênia
7,29,Portugal,Eslovênia
7,29,Suíça,Eslovênia
7,29,República Tcheca,Eslovênia
7,29,Dinamarca,Eslovênia
7,29,Inglaterra,Eslovênia
7,29,Itália,Eslovênia
7,29,Geórgia,Eslovênia
7,29,Alemanha,Eslovênia
7,29,Albânia,Eslovênia
7,29,Áustria,Eslovênia
7,29,Romênia,Bélgica
7,29,Ucrânia,Bélgica
7,29,Polônia,Bélgica
7,29,Eslováquia,Bélgica
7,29,Turquia,Bélgica
7,29,Sérvia,Bélgica
7,29,Espanha,Bélgica
7,29,França,Bélgica
7,29,Croácia,Bélgica
7,29,Escócia,Bélgica
7,29,Hungria,Bélgica
7,29,Portugal,Bélgica
7,29,Suíça,Bélgica
7,29,República Tcheca,Bélgica
7,29,Dinamarca,Bélgica
7,29,Inglaterra,Bélgica
7,29,Itália,Bélgica
7,29,Geórgia,Bélgica
7,29,Alemanha,Bélgica
7,29,Albânia,Bélgica
7,29,Áustria,Bélgica
7,29,Ucrânia,Romênia
7,29,Polônia,Romênia
7,29,Eslováquia,Romênia
7,29,Turquia,Romênia
7,29,Sérvia,Romênia
7,29,Espanha,Romênia
7,29,França,Romênia
7,29,Croácia,Romênia
7,29,Escócia,Romênia
7,29,Hungria,Romênia
7,29,Portugal,Romênia
7,29,Suíça,Romênia
7,29,República Tcheca,Romênia
7,29,Dinamarca,Romênia
7,29,Inglaterra,Romênia
7,29,Itália,Romênia
7,29,Geórgia,Romênia
7,29,Alemanha,Romênia
7,29,Albânia,Romênia
7,29,Áustria,Romênia
7,29,Polônia,Ucrânia
7,29,Eslováquia,Ucrânia
7,29,Turquia,Ucrânia
7,29,Sérvia,Ucrânia
7,29,Espanha,Ucrânia
7,29,França,Ucrânia
7,29,Croácia,Ucrânia
7,29,Escócia,Ucrânia
7,29,Hungria,Ucrânia
7,29,Portugal,Ucrânia
7,29,Suíça,Ucrânia
7,29,República Tcheca,Ucrânia
7,29,Dinamarca,Ucrânia
7,29,Inglaterra,Ucrânia
7,29,Itália,Ucrânia
7,29,Geórgia,Ucrânia
7,29,Alemanha,Ucrânia
7,29,Albânia,Ucrânia
7,29,Áustria,Ucrânia
7,29,Eslováquia,Polônia
7,29,Turquia,Polônia
7,29,Sérvia,Polônia
7,29,Espanha,Polônia
7,29,França,Polônia
7,29,Croácia,Polônia
7,29,Escócia,Polônia
7,29,Hungria,Polônia
7,29,Portugal,Polônia
7,29,Suíça,Polônia
7,29,República Tcheca,Polônia
7,29,Dinamarca,Polônia
7,29,Inglaterra,Polônia
7,29,Itália,Polônia
7,29,Geórgia,Polônia
7,29,Alemanha,Polônia
7,29,Albânia,Polônia
7,29,Áustria,Polônia
7,29,Turquia,Eslováquia
7,29,Sérvia,Eslováquia
7,29,Espanha,Eslováquia
7,29,França,Eslováquia
7,29,Croácia,Eslováquia
7,29,Escócia,Eslováquia
7,29,Hungria,Eslováquia
7,29,Portugal,Eslováquia
7,29,Suíça,Eslováquia
7,29,República Tcheca,Eslováquia
7,29,Dinamarca,Eslováquia
7,29,Inglaterra,Eslováquia
7,29,Itália,Eslováquia
7,29,Geórgia,Eslováquia
7,29,Alemanha,Eslováquia
7,29,Albânia,Eslováquia
7,29,Áustria,Eslováquia
7,29,Sérvia,Turquia
7,29,Espanha,Turquia
7,29,França,Turquia
7,29,Croácia,Turquia
7,29,Escócia,Turquia
7,29,Hungria,Turquia
7,29,Portugal,Turquia
7,29,Suíça,Turquia
7,29,República Tcheca,Turquia
7,29,Dinamarca,Turquia
7,29,Inglaterra,Turquia
7,29,Itália,Turquia
7,29,Geórgia,Turquia
7,29,Alemanha,Turquia
7,29,Albânia,Turquia
7,29,Áustria,Turquia
7,29,Espanha,Sérvia
7,29,França,Sérvia
7,29,Croácia,Sérvia
7,29,Escócia,Sérvia
7,29,Hungria,Sérvia
7,29,Portugal,Sérvia
7,29,Suíça,Sérvia
7,29,República Tcheca,Sérvia
7,29,Dinamarca,Sérvia
7,29,Inglaterra,Sérvia
7,29,Itália,Sérvia
7,29,Geórgia,Sérvia
7,29,Alemanha,Sérvia
7,29,Albânia,Sérvia
7,29,Áustria,Sérvia
7,29,França,Espanha
7,29,Croácia,Espanha
7,29,Escócia,Espanha
7,29,Hungria,Espanha
7,29,Portugal,Espanha
7,29,Suíça,Espanha
7,29,República Tcheca,Espanha
7,29,Dinamarca,Espanha
7,29,Inglaterra,Espanha
7,29,Itália,Espanha
7,29,Geórgia,Espanha
7,29,Alemanha,Espanha
7,29,Albânia,Espanha
7,29,Áustria,Espanha
7,29,Croácia,França
7,29,Escócia,França
7,29,Hungria,França
7,29,Portugal,França
7,29,Suíça,França
7,29,República Tcheca,França
7,29,Dinamarca,França
7,29,Inglaterra,França
7,29,Itália,França
7,29,Geórgia,França
7,29,Alemanha,França
7,29,Albânia,França
7,29,Áustria,França
7,29,Escócia,Croácia
7,29,Hungria,Croácia
7,29,Portugal,Croácia
7,29,Suíça,Croácia
7,29,República Tcheca,Croácia
7,29,Dinamarca,Croácia
7,29,Inglaterra,Croácia
7,29,Itália,Croácia
7,29,Geórgia,Croácia
7,29,Alemanha,Croácia
7,29,Albânia,Croácia
7,29,Áustria,Croácia
7,29,Hungria,Escócia
7,29,Portugal,Escócia
7,29,Suíça,Escócia
7,29,República Tcheca,Escócia
7,29,Dinamarca,Escócia
7,29,Inglaterra,Escócia
7,29,Itália,Escócia
7,29,Geórgia,Escócia
7,29,Alemanha,Escócia
7,29,Albânia,Escócia
7,29,Áustria,Escócia
7,29,Portugal,Hungria
7,29,Suíça,Hungria
7,29,República Tcheca,Hungria
7,29,Dinamarca,Hungria
7,29,Inglaterra,Hungria
7,29,Itália,Hungria
7,29,Geórgia,Hungria
7,29,Alemanha,Hungria
7,29,Albânia,Hungria
7,29,Áustria,Hungria
7,29,Suíça,Portugal
7,29,República Tcheca,Portugal
7,29,Dinamarca,Portugal
7,29,Inglaterra,Portugal
7,29,Itália,Portugal
7,29,Geórgia,Portugal
7,29,Alemanha,Portugal
7,29,Albânia,Portugal
7,29,Áustria,Portugal
7,29,República Tcheca,Suíça
7,29,Dinamarca,Suíça
7,29,Inglaterra,Suíça
7,29,Itália,Suíça
7,29,Geórgia,Suíça
7,29,Alemanha,Suíça
7,29,Albânia,Suíça
7,29,Áustria,Suíça
7,29,Dinamarca,República Tcheca
7,29,Inglaterra,República Tcheca
7,29,Itália,República Tcheca
7,29,Geórgia,República Tcheca
7,29,Alemanha,República Tcheca
7,29,Albânia,República Tcheca
7,29,Áustria,República Tcheca
7,29,Inglaterra,Dinamarca
7,29,Itália,Dinamarca
7,29,Geórgia,Dinamarca
7,29,Alemanha,Dinamarca
7,29,Albânia,Dinamarca
7,29,Áustria,Dinamarca
7,29,Itália,Inglaterra
7,29,Geórgia,Inglaterra
7,29,Alemanha,Inglaterra
7,29,Albânia,Inglaterra
7,29,Áustria,Inglaterra
7,29,Geórgia,Itália
7,29,Alemanha,Itália
7,29,Albânia,Itália
7,29,Áustria,Itália
7,29,Alemanha,Geórgia
7,29,Albânia,Geórgia
7,29,Áustria,Geórgia
7,29,Albânia,Alemanha
7,29,Áustria,Alemanha
7,29,Áustria,Albânia
7,32,Eslovênia,Países Baixos
7,32,Bélgica,Países Baixos
7,32,Romênia,Países Baixos
7,32,Ucrânia,Países Baixos
7,32,Polônia,Países Baixos
7,32,Eslováquia,Países Baixos
7,32,Turquia,Países Baixos
7,32,Sérvia,Países Baixos
7,32,Espanha,Países Baixos
7,32,França,Países Baixos
7,32,Croácia,Países Baixos
7,32,Escócia,Países Baixos
7,32,Hungria,Países Baixos
7,32,Portugal,Países Baixos
7,32,Suíça,Países Baixos
7,32,República Tcheca,Países Baixos
7,32,Dinamarca,Países Baixos
7,32,Inglaterra,Países Baixos
7,32,Itália,Países Baixos
7,32,Geórgia,Países Baixos
7,32,Alemanha,Países Baixos
7,32,Albânia,Países Baixos
7,32,Áustria,Países Baixos
7,32,Bélgica,Eslovênia
7,32,Romênia,Eslovênia
7,32,Ucrânia,Eslovênia
7,32,Polônia,Eslovênia
7,32,Eslováquia,Eslovênia
7,32,Turquia,Eslovênia
7,32,Sérvia,Eslovênia
7,32,Espanha,Eslovênia
7,32,França,Eslovênia
7,32,Croácia,Eslovênia
7,32,Escócia,Eslovênia
7,32,Hungria,Eslovênia
7,32,Portugal,Eslovênia
7,32,Suíça,Eslovênia
7,32,República Tcheca,Eslovênia
7,32,Dinamarca,Eslovênia
7,32,Inglaterra,Eslovênia
7,32,Itália,Eslovênia
7,32,Geórgia,Eslovênia
7,32,Alemanha,Eslovênia
7,32,Albânia,Eslovênia
7,32,Áustria,Eslovênia
7,32,Romênia,Bélgica
7,32,Ucrânia,Bélgica
7,32,Polônia,Bélgica
7,32,Eslováquia,Bélgica
7,32,Turquia,Bélgica
7,32,Sérvia,Bélgica
7,32,Espanha,Bélgica
7,32,França,Bélgica
7,32,Croácia,Bélgica
7,32,Escócia,Bélgica
7,32,Hungria,Bélgica
7,32,Portugal,Bélgica
7,32,Suíça,Bélgica
7,32,República Tcheca,Bélgica
7,32,Dinamarca,Bélgica
7,32,Inglaterra,Bélgica
7,32,Itália,Bélgica
7,32,Geórgia,Bélgica
7,32,Alemanha,Bélgica
7,32,Albânia,Bélgica
7,32,Áustria,Bélgica
7,32,Ucrânia,Romênia
7,32,Polônia,Romênia
7,32,Eslováquia,Romênia
7,32,Turquia,Romênia
7,32,Sérvia,Romênia
7,32,Espanha,Romênia
7,32,França,Romênia
7,32,Croácia,Romênia
7,32,Escócia,Romênia
7,32,Hungria,Romênia
7,32,Portugal,Romênia
7,32,Suíça,Romênia
7,32,República Tcheca,Romênia
7,32,Dinamarca,Romênia
7,32,Inglaterra,Romênia
7,32,Itália,Romênia
7,32,Geórgia,Romênia
7,32,Alemanha,Romênia
7,32,Albânia,Romênia
7,32,Áustria,Romênia
7,32,Polônia,Ucrânia
7,32,Eslováquia,Ucrânia
7,32,Turquia,Ucrânia
7,32,Sérvia,Ucrânia
7,32,Espanha,Ucrânia
7,32,França,Ucrânia
7,32,Croácia,Ucrânia
7,32,Escócia,Ucrânia
7,32,Hungria,Ucrânia
7,32,Portugal,Ucrânia
7,32,Suíça,Ucrânia
7,32,República Tcheca,Ucrânia
7,32,Dinamarca,Ucrânia
7,32,Inglaterra,Ucrânia
7,32,Itália,Ucrânia
7,32,Geórgia,Ucrânia
7,32,Alemanha,Ucrânia
7,32,Albânia,Ucrânia
7,32,Áustria,Ucrânia
7,32,Eslováquia,Polônia
7,32,Turquia,Polônia
7,32,Sérvia,Polônia
7,32,Espanha,Polônia
7,32,França,Polônia
7,32,Croácia,Polônia
7,32,Escócia,Polônia
7,32,Hungria,Polônia
7,32,Portugal,Polônia
7,32,Suíça,Polônia
7,32,República Tcheca,Polônia
7,32,Dinamarca,Polônia
7,32,Inglaterra,Polônia
7,32,Itália,Polônia
7,32,Geórgia,Polônia
7,32,Alemanha,Polônia
7,32,Albânia,Polônia
7,32,Áustria,Polônia
7,32,Turquia,Eslováquia
7,32,Sérvia,Eslováquia
7,32,Espanha,Eslováquia
7,32,França,Eslováquia
7,32,Croácia,Eslováquia
7,32,Escócia,Eslováquia
7,32,Hungria,Eslováquia
7,32,Portugal,Eslováquia
7,32,Suíça,Eslováquia
7,32,República Tcheca,Eslováquia
7,32,Dinamarca,Eslováquia
7,32,Inglaterra,Eslováquia
7,32,Itália,Eslováquia
7,32,Geórgia,Eslováquia
7,32,Alemanha,Eslováquia
7,32,Albânia,Eslováquia
7,32,Áustria,Eslováquia
7,32,Sérvia,Turquia
7,32,Espanha,Turquia
7,32,França,Turquia
7,32,Croácia,Turquia
7,32,Escócia,Turquia
7,32,Hungria,Turquia
7,32,Portugal,Turquia
7,32,Suíça,Turquia
7,32,República Tcheca,Turquia
7,32,Dinamarca,Turquia
7,32,Inglaterra,Turquia
7,32,Itália,Turquia
7,32,Geórgia,Turquia
7,32,Alemanha,Turquia
7,32,Albânia,Turquia
7,32,Áustria,Turquia
7,32,Espanha,Sérvia
7,32,França,Sérvia
7,32,Croácia,Sérvia
7,32,Escócia,Sérvia
7,32,Hungria,Sérvia
7,32,Portugal,Sérvia
7,32,Suíça,Sérvia
7,32,República Tcheca,Sérvia
7,32,Dinamarca,Sérvia
7,32,Inglaterra,Sérvia
7,32,Itália,Sérvia
7,32,Geórgia,Sérvia
7,32,Alemanha,Sérvia
7,32,Albânia,Sérvia
7,32,Áustria,Sérvia
7,32,França,Espanha
7,32,Croácia,Espanha
7,32,Escócia,Espanha
7,32,Hungria,Espanha
7,32,Portugal,Espanha
7,32,Suíça,Espanha
7,32,República Tcheca,Espanha
7,32,Dinamarca,Espanha
7,32,Inglaterra,Espanha
7,32,Itália,Espanha
7,32,Geórgia,Espanha
7,32,Alemanha,Espanha
7,32,Albânia,Espanha
7,32,Áustria,Espanha
7,32,Croácia,França
7,32,Escócia,França
7,32,Hungria,França
7,32,Portugal,França
7,32,Suíça,França
7,32,República Tcheca,França
7,32,Dinamarca,França
7,32,Inglaterra,França
7,32,Itália,França
7,32,Geórgia,França
7,32,Alemanha,França
7,32,Albânia,França
7,32,Áustria,França
7,32,Escócia,Croácia
7,32,Hungria,Croácia
7,32,Portugal,Croácia
7,32,Suíça,Croácia
7,32,República Tcheca,Croácia
7,32,Dinamarca,Croácia
7,32,Inglaterra,Croácia
7,32,Itália,Croácia
7,32,Geórgia,Croácia
7,32,Alemanha,Croácia
7,32,Albânia,Croácia
7,32,Áustria,Croácia
7,32,Hungria,Escócia
7,32,Portugal,Escócia
7,32,Suíça,Escócia
7,32,República Tcheca,Escócia
7,32,Dinamarca,Escócia
7,32,Inglaterra,Escócia
7,32,Itália,Escócia
7,32,Geórgia,Escócia
7,32,Alemanha,Escócia
7,32,Albânia,Escócia
7,32,Áustria,Escócia
7,32,Portugal,Hungria
7,32,Suíça,Hungria
7,32,República Tcheca,Hungria
7,32,Dinamarca,Hungria
7,32,Inglaterra,Hungria
7,32,Itália,Hungria
7,32,Geórgia,Hungria
7,32,Alemanha,Hungria
7,32,Albânia,Hungria
7,32,Áustria,Hungria
7,32,Suíça,Portugal
7,32,República Tcheca,Portugal
7,32,Dinamarca,Portugal
7,32,Inglaterra,Portugal
7,32,Itália,Portugal
7,32,Geórgia,Portugal
7,32,Alemanha,Portugal
7,32,Albânia,Portugal
7,32,Áustria,Portugal
7,32,República Tcheca,Suíça
7,32,Dinamarca,Suíça
7,32,Inglaterra,Suíça
7,32,Itália,Suíça
7,32,Geórgia,Suíça
7,32,Alemanha,Suíça
7,32,Albânia,Suíça
7,32,Áustria,Suíça
7,32,Dinamarca,República Tcheca
7,32,Inglaterra,República Tcheca
7,32,Itália,República Tcheca
7,32,Geórgia,República Tcheca
7,32,Alemanha,República Tcheca
7,32,Albânia,República Tcheca
7,32,Áustria,República Tcheca
7,32,Inglaterra,Dinamarca
7,32,Itália,Dinamarca
7,32,Geórgia,Dinamarca
7,32,Alemanha,Dinamarca
7,32,Albânia,Dinamarca
7,32,Áustria,Dinamarca
7,32,Itália,Inglaterra
7,32,Geórgia,Inglaterra
7,32,Alemanha,Inglaterra
7,32,Albânia,Inglaterra
7,32,Áustria,Inglaterra
7,32,Geórgia,Itália
7,32,Alemanha,Itália
7,32,Albânia,Itália
7,32,Áustria,Itália
7,32,Alemanha,Geórgia
7,32,Albânia,Geórgia
7,32,Áustria,Geórgia
7,32,Albânia,Alemanha
7,32,Áustria,Alemanha
7,32,Áustria,Albânia
7,35,Eslovênia,Países Baixos
7,35,Bélgica,Países Baixos
7,35,Romênia,Países Baixos
7,35,Ucrânia,Países Baixos
7,35,Polônia,Países Baixos
7,35,Eslováquia,Países Baixos
7,35,Turquia,Países Baixos
7,35,Sérvia,Países Baixos
7,35,Espanha,Países Baixos
7,35,França,Países Baixos
7,35,Croácia,Países Baixos
7,35,Escócia,Países Baixos
7,35,Hungria,Países Baixos
7,35,Portugal,Países Baixos
7,35,Suíça,Países Baixos
7,35,República Tcheca,Países Baixos
7,35,Dinamarca,Países Baixos
7,35,Inglaterra,Países Baixos
7,35,Itália,Países Baixos
7,35,Geórgia,Países Baixos
7,35,Alemanha,Países Baixos
7,35,Albânia,Países Baixos
7,35,Áustria,Países Baixos
7,35,Bélgica,Eslovênia
7,35,Romênia,Eslovênia
7,35,Ucrânia,Eslovênia
7,35,Polônia,Eslovênia
7,35,Eslováquia,Eslovênia
7,35,Turquia,Eslovênia
7,35,Sérvia,Eslovênia
7,35,Espanha,Eslovênia
7,35,França,Eslovênia
7,35,Croácia,Eslovênia
7,35,Escócia,Eslovênia
7,35,Hungria,Eslovênia
7,35,Portugal,Eslovênia
7,35,Suíça,Eslovênia
7,35,República Tcheca,Eslovênia
7,35,Dinamarca,Eslovênia
7,35,Inglaterra,Eslovênia
7,35,Itália,Eslovênia
7,35,Geórgia,Eslovênia
7,35,Alemanha,Eslovênia
7,35,Albânia,Eslovênia
7,35,Áustria,Eslovênia
7,35,Romênia,Bélgica
7,35,Ucrânia,Bélgica
7,35,Polônia,Bélgica
7,35,Eslováquia,Bélgica
7,35,Turquia,Bélgica
7,35,Sérvia,Bélgica
7,35,Espanha,Bélgica
7,35,França,Bélgica
7,35,Croácia,Bélgica
7,35,Escócia,Bélgica
7,35,Hungria,Bélgica
7,35,Portugal,Bélgica
7,35,Suíça,Bélgica
7,35,República Tcheca,Bélgica
7,35,Dinamarca,Bélgica
7,35,Inglaterra,Bélgica
7,35,Itália,Bélgica
7,35,Geórgia,Bélgica
7,35,Alemanha,Bélgica
7,35,Albânia,Bélgica
7,35,Áustria,Bélgica
7,35,Ucrânia,Romênia
7,35,Polônia,Romênia
7,35,Eslováquia,Romênia
7,35,Turquia,Romênia
7,35,Sérvia,Romênia
7,35,Espanha,Romênia
7,35,França,Romênia
7,35,Croácia,Romênia
7,35,Escócia,Romênia
7,35,Hungria,Romênia
7,35,Portugal,Romênia
7,35,Suíça,Romênia
7,35,República Tcheca,Romênia
7,35,Dinamarca,Romênia
7,35,Inglaterra,Romênia
7,35,Itália,Romênia
7,35,Geórgia,Romênia
7,35,Alemanha,Romênia
7,35,Albânia,Romênia
7,35,Áustria,Romênia
7,35,Polônia,Ucrânia
7,35,Eslováquia,Ucrânia
7,35,Turquia,Ucrânia
7,35,Sérvia,Ucrânia
7,35,Espanha,Ucrânia
7,35,França,Ucrânia
7,35,Croácia,Ucrânia
7,35,Escócia,Ucrânia
7,35,Hungria,Ucrânia
7,35,Portugal,Ucrânia
7,35,Suíça,Ucrânia
7,35,República Tcheca,Ucrânia
7,35,Dinamarca,Ucrânia
7,35,Inglaterra,Ucrânia
7,35,Itália,Ucrânia
7,35,Geórgia,Ucrânia
7,35,Alemanha,Ucrânia
7,35,Albânia,Ucrânia
7,35,Áustria,Ucrânia
7,35,Eslováquia,Polônia
7,35,Turquia,Polônia
7,35,Sérvia,Polônia
7,35,Espanha,Polônia
7,35,França,Polônia
7,35,Croácia,Polônia
7,35,Escócia,Polônia
7,35,Hungria,Polônia
7,35,Portugal,Polônia
7,35,Suíça,Polônia
7,35,República Tcheca,Polônia
7,35,Dinamarca,Polônia
7,35,Inglaterra,Polônia
7,35,Itália,Polônia
7,35,Geórgia,Polônia
7,35,Alemanha,Polônia
7,35,Albânia,Polônia
7,35,Áustria,Polônia
7,35,Turquia,Eslováquia
7,35,Sérvia,Eslováquia
7,35,Espanha,Eslováquia
7,35,França,Eslováquia
7,35,Croácia,Eslováquia
7,35,Escócia,Eslováquia
7,35,Hungria,Eslováquia
7,35,Portugal,Eslováquia
7,35,Suíça,Eslováquia
7,35,República Tcheca,Eslováquia
7,35,Dinamarca,Eslováquia
7,35,Inglaterra,Eslováquia
7,35,Itália,Eslováquia
7,35,Geórgia,Eslováquia
7,35,Alemanha,Eslováquia
7,35,Albânia,Eslováquia
7,35,Áustria,Eslováquia
7,35,Sérvia,Turquia
7,35,Espanha,Turquia
7,35,França,Turquia
7,35,Croácia,Turquia
7,35,Escócia,Turquia
7,35,Hungria,Turquia
7,35,Portugal,Turquia
7,35,Suíça,Turquia
7,35,República Tcheca,Turquia
7,35,Dinamarca,Turquia
7,35,Inglaterra,Turquia
7,35,Itália,Turquia
7,35,Geórgia,Turquia
7,35,Alemanha,Turquia
7,35,Albânia,Turquia
7,35,Áustria,Turquia
7,35,Espanha,Sérvia
7,35,França,Sérvia
7,35,Croácia,Sérvia
7,35,Escócia,Sérvia
7,35,Hungria,Sérvia
7,35,Portugal,Sérvia
7,35,Suíça,Sérvia
7,35,República Tcheca,Sérvia
7,35,Dinamarca,Sérvia
7,35,Inglaterra,Sérvia
7,35,Itália,Sérvia
7,35,Geórgia,Sérvia
7,35,Alemanha,Sérvia
7,35,Albânia,Sérvia
7,35,Áustria,Sérvia
7,35,França,Espanha
7,35,Croácia,Espanha
7,35,Escócia,Espanha
7,35,Hungria,Espanha
7,35,Portugal,Espanha
7,35,Suíça,Espanha
7,35,República Tcheca,Espanha
7,35,Dinamarca,Espanha
7,35,Inglaterra,Espanha
7,35,Itália,Espanha
7,35,Geórgia,Espanha
7,35,Alemanha,Espanha
7,35,Albânia,Espanha
7,35,Áustria,Espanha
7,35,Croácia,França
7,35,Escócia,França
7,35,Hungria,França
7,35,Portugal,França
7,35,Suíça,França
7,35,República Tcheca,França
7,35,Dinamarca,França
7,35,Inglaterra,França
7,35,Itália,França
7,35,Geórgia,França
7,35,Alemanha,França
7,35,Albânia,França
7,35,Áustria,França
7,35,Escócia,Croácia
7,35,Hungria,Croácia
7,35,Portugal,Croácia
7,35,Suíça,Croácia
7,35,República Tcheca,Croácia
7,35,Dinamarca,Croácia
7,35,Inglaterra,Croácia
7,35,Itália,Croácia
7,35,Geórgia,Croácia
7,35,Alemanha,Croácia
7,35,Albânia,Croácia
7,35,Áustria,Croácia
7,35,Hungria,Escócia
7,35,Portugal,Escócia
7,35,Suíça,Escócia
7,35,República Tcheca,Escócia
7,35,Dinamarca,Escócia
7,35,Inglaterra,Escócia
7,35,Itália,Escócia
7,35,Geórgia,Escócia
7,35,Alemanha,Escócia
7,35,Albânia,Escócia
7,35,Áustria,Escócia
7,35,Portugal,Hungria
7,35,Suíça,Hungria
7,35,República Tcheca,Hungria
7,35,Dinamarca,Hungria
7,35,Inglaterra,Hungria
7,35,Itália,Hungria
7,35,Geórgia,Hungria
7,35,Alemanha,Hungria
7,35,Albânia,Hungria
7,35,Áustria,Hungria
7,35,Suíça,Portugal
7,35,República Tcheca,Portugal
7,35,Dinamarca,Portugal
7,35,Inglaterra,Portugal
7,35,Itália,Portugal
7,35,Geórgia,Portugal
7,35,Alemanha,Portugal
7,35,Albânia,Portugal
7,35,Áustria,Portugal
7,35,República Tcheca,Suíça
7,35,Dinamarca,Suíça
7,35,Inglaterra,Suíça
7,35,Itália,Suíça
7,35,Geórgia,Suíça
7,35,Alemanha,Suíça
7,35,Albânia,Suíça
7,35,Áustria,Suíça
7,35,Dinamarca,República Tcheca
7,35,Inglaterra,República Tcheca
7,35,Itália,República Tcheca
7,35,Geórgia,República Tcheca
7,35,Alemanha,República Tcheca
7,35,Albânia,República Tcheca
7,35,Áustria,República Tcheca
7,35,Inglaterra,Dinamarca
7,35,Itália,Dinamarca
7,35,Geórgia,Dinamarca
7,35,Alemanha,Dinamarca
7,35,Albânia,Dinamarca
7,35,Áustria,Dinamarca
7,35,Itália,Inglaterra
7,35,Geórgia,Inglaterra
7,35,Alemanha,Inglaterra
7,35,Albânia,Inglaterra
7,35,Áustria,Inglaterra
7,35,Geórgia,Itália
7,35,Alemanha,Itália
7,35,Albânia,Itália
7,35,Áustria,Itália
7,35,Alemanha,Geórgia
7,35,Albânia,Geórgia
7,35,Áustria,Geórgia
7,35,Albânia,Alemanha
7,35,Áustria,Alemanha
7,35,Áustria,Albânia
7,38,Eslovênia,Países Baixos
7,38,Bélgica,Países Baixos
7,38,Romênia,Países Baixos
7,38,Ucrânia,Países Baixos
7,38,Polônia,Países Baixos
7,38,Eslováquia,Países Baixos
7,38,Turquia,Países Baixos
7,38,Sérvia,Países Baixos
7,38,Espanha,Países Baixos
7,38,França,Países Baixos
7,38,Croácia,Países Baixos
7,38,Escócia,Países Baixos
7,38,Hungria,Países Baixos
7,38,Portugal,Países Baixos
7,38,Suíça,Países Baixos
7,38,República Tcheca,Países Baixos
7,38,Dinamarca,Países Baixos
7,38,Inglaterra,Países Baixos
7,38,Itália,Países Baixos
7,38,Geórgia,Países Baixos
7,38,Alemanha,Países Baixos
7,38,Albânia,Países Baixos
7,38,Áustria,Países Baixos
7,38,Bélgica,Eslovênia
7,38,Romênia,Eslovênia
7,38,Ucrânia,Eslovênia
7,38,Polônia,Eslovênia
7,38,Eslováquia,Eslovênia
7,38,Turquia,Eslovênia
7,38,Sérvia,Eslovênia
7,38,Espanha,Eslovênia
7,38,França,Eslovênia
7,38,Croácia,Eslovênia
7,38,Escócia,Eslovênia
7,38,Hungria,Eslovênia
7,38,Portugal,Eslovênia
7,38,Suíça,Eslovênia
7,38,República Tcheca,Eslovênia
7,38,Dinamarca,Eslovênia
7,38,Inglaterra,Eslovênia
7,38,Itália,Eslovênia
7,38,Geórgia,Eslovênia
7,38,Alemanha,Eslovênia
7,38,Albânia,Eslovênia
7,38,Áustria,Eslovênia
7,38,Romênia,Bélgica
7,38,Ucrânia,Bélgica
7,38,Polônia,Bélgica
7,38,Eslováquia,Bélgica
7,38,Turquia,Bélgica
7,38,Sérvia,Bélgica
7,38,Espanha,Bélgica
7,38,França,Bélgica
7,38,Croácia,Bélgica
7,38,Escócia,Bélgica
7,38,Hungria,Bélgica
7,38,Portugal,Bélgica
7,38,Suíça,Bélgica
7,38,República Tcheca,Bélgica
7,38,Dinamarca,Bélgica
7,38,Inglaterra,Bélgica
7,38,Itália,Bélgica
7,38,Geórgia,Bélgica
7,38,Alemanha,Bélgica
7,38,Albânia,Bélgica
7,38,Áustria,Bélgica
7,38,Ucrânia,Romênia
7,38,Polônia,Romênia
7,38,Eslováquia,Romênia
7,38,Turquia,Romênia
7,38,Sérvia,Romênia
7,38,Espanha,Romênia
7,38,França,Romênia
7,38,Croácia,Romênia
7,38,Escócia,Romênia
7,38,Hungria,Romênia
7,38,Portugal,Romênia
7,38,Suíça,Romênia
7,38,República Tcheca,Romênia
7,38,Dinamarca,Romênia
7,38,Inglaterra,Romênia
7,38,Itália,Romênia
7,38,Geórgia,Romênia
7,38,Alemanha,Romênia
7,38,Albânia,Romênia
7,38,Áustria,Romênia
7,38,Polônia,Ucrânia
7,38,Eslováquia,Ucrânia
7,38,Turquia,Ucrânia
7,38,Sérvia,Ucrânia
7,38,Espanha,Ucrânia
7,38,França,Ucrânia
7,38,Croácia,Ucrânia
7,38,Escócia,Ucrânia
7,38,Hungria,Ucrânia
7,38,Portugal,Ucrânia
7,38,Suíça,Ucrânia
7,38,República Tcheca,Ucrânia
7,38,Dinamarca,Ucrânia
7,38,Inglaterra,Ucrânia
7,38,Itália,Ucrânia
7,38,Geórgia,Ucrânia
7,38,Alemanha,Ucrânia
7,38,Albânia,Ucrânia
7,38,Áustria,Ucrânia
7,38,Eslováquia,Polônia
7,38,Turquia,Polônia
7,38,Sérvia,Polônia
7,38,Espanha,Polônia
7,38,França,Polônia
7,38,Croácia,Polônia
7,38,Escócia,Polônia
7,38,Hungria,Polônia
7,38,Portugal,Polônia
7,38,Suíça,Polônia
7,38,República Tcheca,Polônia
7,38,Dinamarca,Polônia
7,38,Inglaterra,Polônia
7,38,Itália,Polônia
7,38,Geórgia,Polônia
7,38,Alemanha,Polônia
7,38,Albânia,Polônia
7,38,Áustria,Polônia
7,38,Turquia,Eslováquia
7,38,Sérvia,Eslováquia
7,38,Espanha,Eslováquia
7,38,França,Eslováquia
7,38,Croácia,Eslováquia
7,38,Escócia,Eslováquia
7,38,Hungria,Eslováquia
7,38,Portugal,Eslováquia
7,38,Suíça,Eslováquia
7,38,República Tcheca,Eslováquia
7,38,Dinamarca,Eslováquia
7,38,Inglaterra,Eslováquia
7,38,Itália,Eslováquia
7,38,Geórgia,Eslováquia
7,38,Alemanha,Eslováquia
7,38,Albânia,Eslováquia
7,38,Áustria,Eslováquia
7,38,Sérvia,Turquia
7,38,Espanha,Turquia
7,38,França,Turquia
7,38,Croácia,Turquia
7,38,Escócia,Turquia
7,38,Hungria,Turquia
7,38,Portugal,Turquia
7,38,Suíça,Turquia
7,38,República Tcheca,Turquia
7,38,Dinamarca,Turquia
7,38,Inglaterra,Turquia
7,38,Itália,Turquia
7,38,Geórgia,Turquia
7,38,Alemanha,Turquia
7,38,Albânia,Turquia
7,38,Áustria,Turquia
7,38,Espanha,Sérvia
7,38,França,Sérvia
7,38,Croácia,Sérvia
7,38,Escócia,Sérvia
7,38,Hungria,Sérvia
7,38,Portugal,Sérvia
7,38,Suíça,Sérvia
7,38,República Tcheca,Sérvia
7,38,Dinamarca,Sérvia
7,38,Inglaterra,Sérvia
7,38,Itália,Sérvia
7,38,Geórgia,Sérvia
7,38,Alemanha,Sérvia
7,38,Albânia,Sérvia
7,38,Áustria,Sérvia
7,38,França,Espanha
7,38,Croácia,Espanha
7,38,Escócia,Espanha
7,38,Hungria,Espanha
7,38,Portugal,Espanha
7,38,Suíça,Espanha
7,38,República Tcheca,Espanha
7,38,Dinamarca,Espanha
7,38,Inglaterra,Espanha
7,38,Itália,Espanha
7,38,Geórgia,Espanha
7,38,Alemanha,Espanha
7,38,Albânia,Espanha
7,38,Áustria,Espanha
7,38,Croácia,França
7,38,Escócia,França
7,38,Hungria,França
7,38,Portugal,França
7,38,Suíça,França
7,38,República Tcheca,França
7,38,Dinamarca,França
7,38,Inglaterra,França
7,38,Itália,França
7,38,Geórgia,França
7,38,Alemanha,França
7,38,Albânia,França
7,38,Áustria,França
7,38,Escócia,Croácia
7,38,Hungria,Croácia
7,38,Portugal,Croácia
7,38,Suíça,Croácia
7,38,República Tcheca,Croácia
7,38,Dinamarca,Croácia
7,38,Inglaterra,Croácia
7,38,Itália,Croácia
7,38,Geórgia,Croácia
7,38,Alemanha,Croácia
7,38,Albânia,Croácia
7,38,Áustria,Croácia
7,38,Hungria,Escócia
7,38,Portugal,Escócia
7,38,Suíça,Escócia
7,38,República Tcheca,Escócia
7,38,Dinamarca,Escócia
7,38,Inglaterra,Escócia
7,38,Itália,Escócia
7,38,Geórgia,Escócia
7,38,Alemanha,Escócia
7,38,Albânia,Escócia
7,38,Áustria,Escócia
7,38,Portugal,Hungria
7,38,Suíça,Hungria
7,38,República Tcheca,Hungria
7,38,Dinamarca,Hungria
7,38,Inglaterra,Hungria
7,38,Itália,Hungria
7,38,Geórgia,Hungria
7,38,Alemanha,Hungria
7,38,Albânia,Hungria
7,38,Áustria,Hungria
7,38,Suíça,Portugal
7,38,República Tcheca,Portugal
7,38,Dinamarca,Portugal
7,38,Inglaterra,Portugal
7,38,Itália,Portugal
7,38,Geórgia,Portugal
7,38,Alemanha,Portugal
7,38,Albânia,Portugal
7,38,Áustria,Portugal
7,38,República Tcheca,Suíça
7,38,Dinamarca,Suíça
7,38,Inglaterra,Suíça
7,38,Itália,Suíça
7,38,Geórgia,Suíça
7,38,Alemanha,Suíça
7,38,Albânia,Suíça
7,38,Áustria,Suíça
7,38,Dinamarca,República Tcheca
7,38,Inglaterra,República Tcheca
7,38,Itália,República Tcheca
7,38,Geórgia,República Tcheca
7,38,Alemanha,República Tcheca
7,38,Albânia,República Tcheca
7,38,Áustria,República Tcheca
7,38,Inglaterra,Dinamarca
7,38,Itália,Dinamarca
7,38,Geórgia,Dinamarca
7,38,Alemanha,Dinamarca
7,38,Albânia,Dinamarca
7,38,Áustria,Dinamarca
7,38,Itália,Inglaterra
7,38,Geórgia,Inglaterra
7,38,Alemanha,Inglaterra
7,38,Albânia,Inglaterra
7,38,Áustria,Inglaterra
7,38,Geórgia,Itália
7,38,Alemanha,Itália
7,38,Albânia,Itália
7,38,Áustria,Itália
7,38,Alemanha,Geórgia
7,38,Albânia,Geórgia
7,38,Áustria,Geórgia
7,38,Albânia,Alemanha
7,38,Áustria,Alemanha
7,38,Áustria,Albânia
7,41,Eslovênia,Países Baixos
7,41,Bélgica,Países Baixos
7,41,Romênia,Países Baixos
7,41,Ucrânia,Países Baixos
7,41,Polônia,Países Baixos
7,41,Eslováquia,Países Baixos
7,41,Turquia,Países Baixos
7,41,Sérvia,Países Baixos
7,41,Espanha,Países Baixos
7,41,França,Países Baixos
7,41,Croácia,Países Baixos
7,41,Escócia,Países Baixos
7,41,Hungria,Países Baixos
7,41,Portugal,Países Baixos
7,41,Suíça,Países Baixos
7,41,República Tcheca,Países Baixos
7,41,Dinamarca,Países Baixos
7,41,Inglaterra,Países Baixos
7,41,Itália,Países Baixos
7,41,Geórgia,Países Baixos
7,41,Alemanha,Países Baixos
7,41,Albânia,Países Baixos
7,41,Áustria,Países Baixos
7,41,Bélgica,Eslovênia
7,41,Romênia,Eslovênia
7,41,Ucrânia,Eslovênia
7,41,Polônia,Eslovênia
7,41,Eslováquia,Eslovênia
7,41,Turquia,Eslovênia
7,41,Sérvia,Eslovênia
7,41,Espanha,Eslovênia
7,41,França,Eslovênia
7,41,Croácia,Eslovênia
7,41,Escócia,Eslovênia
7,41,Hungria,Eslovênia
7,41,Portugal,Eslovênia
7,41,Suíça,Eslovênia
7,41,República Tcheca,Eslovênia
7,41,Dinamarca,Eslovênia
7,41,Inglaterra,Eslovênia
7,41,Itália,Eslovênia
7,41,Geórgia,Eslovênia
7,41,Alemanha,Eslovênia
7,41,Albânia,Eslovênia
7,41,Áustria,Eslovênia
7,41,Romênia,Bélgica
7,41,Ucrânia,Bélgica
7,41,Polônia,Bélgica
7,41,Eslováquia,Bélgica
7,41,Turquia,Bélgica
7,41,Sérvia,Bélgica
7,41,Espanha,Bélgica
7,41,França,Bélgica
7,41,Croácia,Bélgica
7,41,Escócia,Bélgica
7,41,Hungria,Bélgica
7,41,Portugal,Bélgica
7,41,Suíça,Bélgica
7,41,República Tcheca,Bélgica
7,41,Dinamarca,Bélgica
7,41,Inglaterra,Bélgica
7,41,Itália,Bélgica
7,41,Geórgia,Bélgica
7,41,Alemanha,Bélgica
7,41,Albânia,Bélgica
7,41,Áustria,Bélgica
7,41,Ucrânia,Romênia
7,41,Polônia,Romênia
7,41,Eslováquia,Romênia
7,41,Turquia,Romênia
7,41,Sérvia,Romênia
7,41,Espanha,Romênia
7,41,França,Romênia
7,41,Croácia,Romênia
7,41,Escócia,Romênia
7,41,Hungria,Romênia
7,41,Portugal,Romênia
7,41,Suíça,Romênia
7,41,República Tcheca,Romênia
7,41,Dinamarca,Romênia
7,41,Inglaterra,Romênia
7,41,Itália,Romênia
7,41,Geórgia,Romênia
7,41,Alemanha,Romênia
7,41,Albânia,Romênia
7,41,Áustria,Romênia
7,41,Polônia,Ucrânia
7,41,Eslováquia,Ucrânia
7,41,Turquia,Ucrânia
7,41,Sérvia,Ucrânia
7,41,Espanha,Ucrânia
7,41,França,Ucrânia
7,41,Croácia,Ucrânia
7,41,Escócia,Ucrânia
7,41,Hungria,Ucrânia
7,41,Portugal,Ucrânia
7,41,Suíça,Ucrânia
7,41,República Tcheca,Ucrânia
7,41,Dinamarca,Ucrânia
7,41,Inglaterra,Ucrânia
7,41,Itália,Ucrânia
7,41,Geórgia,Ucrânia
7,41,Alemanha,Ucrânia
7,41,Albânia,Ucrânia
7,41,Áustria,Ucrânia
7,41,Eslováquia,Polônia
7,41,Turquia,Polônia
7,41,Sérvia,Polônia
7,41,Espanha,Polônia
7,41,França,Polônia
7,41,Croácia,Polônia
7,41,Escócia,Polônia
7,41,Hungria,Polônia
7,41,Portugal,Polônia
7,41,Suíça,Polônia
7,41,República Tcheca,Polônia
7,41,Dinamarca,Polônia
7,41,Inglaterra,Polônia
7,41,Itália,Polônia
7,41,Geórgia,Polônia
7,41,Alemanha,Polônia
7,41,Albânia,Polônia
7,41,Áustria,Polônia
7,41,Turquia,Eslováquia
7,41,Sérvia,Eslováquia
7,41,Espanha,Eslováquia
7,41,França,Eslováquia
7,41,Croácia,Eslováquia
7,41,Escócia,Eslováquia
7,41,Hungria,Eslováquia
7,41,Portugal,Eslováquia
7,41,Suíça,Eslováquia
7,41,República Tcheca,Eslováquia
7,41,Dinamarca,Eslováquia
7,41,Inglaterra,Eslováquia
7,41,Itália,Eslováquia
7,41,Geórgia,Eslováquia
7,41,Alemanha,Eslováquia
7,41,Albânia,Eslováquia
7,41,Áustria,Eslováquia
7,41,Sérvia,Turquia
7,41,Espanha,Turquia
7,41,França,Turquia
7,41,Croácia,Turquia
7,41,Escócia,Turquia
7,41,Hungria,Turquia
7,41,Portugal,Turquia
7,41,Suíça,Turquia
7,41,República Tcheca,Turquia
7,41,Dinamarca,Turquia
7,41,Inglaterra,Turquia
7,41,Itália,Turquia
7,41,Geórgia,Turquia
7,41,Alemanha,Turquia
7,41,Albânia,Turquia
7,41,Áustria,Turquia
7,41,Espanha,Sérvia
7,41,França,Sérvia
7,41,Croácia,Sérvia
7,41,Escócia,Sérvia
7,41,Hungria,Sérvia
7,41,Portugal,Sérvia
7,41,Suíça,Sérvia
7,41,República Tcheca,Sérvia
7,41,Dinamarca,Sérvia
7,41,Inglaterra,Sérvia
7,41,Itália,Sérvia
7,41,Geórgia,Sérvia
7,41,Alemanha,Sérvia
7,41,Albânia,Sérvia
7,41,Áustria,Sérvia
7,41,França,Espanha
7,41,Croácia,Espanha
7,41,Escócia,Espanha
7,41,Hungria,Espanha
7,41,Portugal,Espanha
7,41,Suíça,Espanha
7,41,República Tcheca,Espanha
7,41,Dinamarca,Espanha
7,41,Inglaterra,Espanha
7,41,Itália,Espanha
7,41,Geórgia,Espanha
7,41,Alemanha,Espanha
7,41,Albânia,Espanha
7,41,Áustria,Espanha
7,41,Croácia,França
7,41,Escócia,França
7,41,Hungria,França
7,41,Portugal,França
7,41,Suíça,França
7,41,República Tcheca,França
7,41,Dinamarca,França
7,41,Inglaterra,França
7,41,Itália,França
7,41,Geórgia,França
7,41,Alemanha,França
7,41,Albânia,França
7,41,Áustria,França
7,41,Escócia,Croácia
7,41,Hungria,Croácia
7,41,Portugal,Croácia
7,41,Suíça,Croácia
7,41,República Tcheca,Croácia
7,41,Dinamarca,Croácia
7,41,Inglaterra,Croácia
7,41,Itália,Croácia
7,41,Geórgia,Croácia
7,41,Alemanha,Croácia
7,41,Albânia,Croácia
7,41,Áustria,Croácia
7,41,Hungria,Escócia
7,41,Portugal,Escócia
7,41,Suíça,Escócia
7,41,República Tcheca,Escócia
7,41,Dinamarca,Escócia
7,41,Inglaterra,Escócia
7,41,Itália,Escócia
7,41,Geórgia,Escócia
7,41,Alemanha,Escócia
7,41,Albânia,Escócia
7,41,Áustria,Escócia
7,41,Portugal,Hungria
7,41,Suíça,Hungria
7,41,República Tcheca,Hungria
7,41,Dinamarca,Hungria
7,41,Inglaterra,Hungria
7,41,Itália,Hungria
7,41,Geórgia,Hungria
7,41,Alemanha,Hungria
7,41,Albânia,Hungria
7,41,Áustria,Hungria
7,41,Suíça,Portugal
7,41,República Tcheca,Portugal
7,41,Dinamarca,Portugal
7,41,Inglaterra,Portugal
7,41,Itália,Portugal
7,41,Geórgia,Portugal
7,41,Alemanha,Portugal
7,41,Albânia,Portugal
7,41,Áustria,Portugal
7,41,República Tcheca,Suíça
7,41,Dinamarca,Suíça
7,41,Inglaterra,Suíça
7,41,Itália,Suíça
7,41,Geórgia,Suíça
7,41,Alemanha,Suíça
7,41,Albânia,Suíça
7,41,Áustria,Suíça
7,41,Dinamarca,República Tcheca
7,41,Inglaterra,República Tcheca
7,41,Itália,República Tcheca
7,41,Geórgia,República Tcheca
7,41,Alemanha,República Tcheca
7,41,Albânia,República Tcheca
7,41,Áustria,República Tcheca
7,41,Inglaterra,Dinamarca
7,41,Itália,Dinamarca
7,41,Geórgia,Dinamarca
7,41,Alemanha,Dinamarca
7,41,Albânia,Dinamarca
7,41,Áustria,Dinamarca
7,41,Itália,Inglaterra
7,41,Geórgia,Inglaterra
7,41,Alemanha,Inglaterra
7,41,Albânia,Inglaterra
7,41,Áustria,Inglaterra
7,41,Geórgia,Itália
7,41,Alemanha,Itália
7,41,Albânia,Itália
7,41,Áustria,Itália
7,41,Alemanha,Geórgia
7,41,Albânia,Geórgia
7,41,Áustria,Geórgia
7,41,Albânia,Alemanha
7,41,Áustria,Alemanha
7,41,Áustria,Albânia
7,44,Eslovênia,Países Baixos
7,44,Bélgica,Países Baixos
7,44,Romênia,Países Baixos
7,44,Ucrânia,Países Baixos
7,44,Polônia,Países Baixos
7,44,Eslováquia,Países Baixos
7,44,Turquia,Países Baixos
7,44,Sérvia,Países Baixos
7,44,Espanha,Países Baixos
7,44,França,Países Baixos
7,44,Croácia,Países Baixos
7,44,Escócia,Países Baixos
7,44,Hungria,Países Baixos
7,44,Portugal,Países Baixos
7,44,Suíça,Países Baixos
7,44,República Tcheca,Países Baixos
7,44,Dinamarca,Países Baixos
7,44,Inglaterra,Países Baixos
7,44,Itália,Países Baixos
7,44,Geórgia,Países Baixos
7,44,Alemanha,Países Baixos
7,44,Albânia,Países Baixos
7,44,Áustria,Países Baixos
7,44,Bélgica,Eslovênia
7,44,Romênia,Eslovênia
7,44,Ucrânia,Eslovênia
7,44,Polônia,Eslovênia
7,44,Eslováquia,Eslovênia
7,44,Turquia,Eslovênia
7,44,Sérvia,Eslovênia
7,44,Espanha,Eslovênia
7,44,França,Eslovênia
7,44,Croácia,Eslovênia
7,44,Escócia,Eslovênia
7,44,Hungria,Eslovênia
7,44,Portugal,Eslovênia
7,44,Suíça,Eslovênia
7,44,República Tcheca,Eslovênia
7,44,Dinamarca,Eslovênia
7,44,Inglaterra,Eslovênia
7,44,Itália,Eslovênia
7,44,Geórgia,Eslovênia
7,44,Alemanha,Eslovênia
7,44,Albânia,Eslovênia
7,44,Áustria,Eslovênia
7,44,Romênia,Bélgica
7,44,Ucrânia,Bélgica
7,44,Polônia,Bélgica
7,44,Eslováquia,Bélgica
7,44,Turquia,Bélgica
7,44,Sérvia,Bélgica
7,44,Espanha,Bélgica
7,44,França,Bélgica
7,44,Croácia,Bélgica
7,44,Escócia,Bélgica
7,44,Hungria,Bélgica
7,44,Portugal,Bélgica
7,44,Suíça,Bélgica
7,44,República Tcheca,Bélgica
7,44,Dinamarca,Bélgica
7,44,Inglaterra,Bélgica
7,44,Itália,Bélgica
7,44,Geórgia,Bélgica
7,44,Alemanha,Bélgica
7,44,Albânia,Bélgica
7,44,Áustria,Bélgica
7,44,Ucrânia,Romênia
7,44,Polônia,Romênia
7,44,Eslováquia,Romênia
7,44,Turquia,Romênia
7,44,Sérvia,Romênia
7,44,Espanha,Romênia
7,44,França,Romênia
7,44,Croácia,Romênia
7,44,Escócia,Romênia
7,44,Hungria,Romênia
7,44,Portugal,Romênia
7,44,Suíça,Romênia
7,44,República Tcheca,Romênia
7,44,Dinamarca,Romênia
7,44,Inglaterra,Romênia
7,44,Itália,Romênia
7,44,Geórgia,Romênia
7,44,Alemanha,Romênia
7,44,Albânia,Romênia
7,44,Áustria,Romênia
7,44,Polônia,Ucrânia
7,44,Eslováquia,Ucrânia
7,44,Turquia,Ucrânia
7,44,Sérvia,Ucrânia
7,44,Espanha,Ucrânia
7,44,França,Ucrânia
7,44,Croácia,Ucrânia
7,44,Escócia,Ucrânia
7,44,Hungria,Ucrânia
7,44,Portugal,Ucrânia
7,44,Suíça,Ucrânia
7,44,República Tcheca,Ucrânia
7,44,Dinamarca,Ucrânia
7,44,Inglaterra,Ucrânia
7,44,Itália,Ucrânia
7,44,Geórgia,Ucrânia
7,44,Alemanha,Ucrânia
7,44,Albânia,Ucrânia
7,44,Áustria,Ucrânia
7,44,Eslováquia,Polônia
7,44,Turquia,Polônia
7,44,Sérvia,Polônia
7,44,Espanha,Polônia
7,44,França,Polônia
7,44,Croácia,Polônia
7,44,Escócia,Polônia
7,44,Hungria,Polônia
7,44,Portugal,Polônia
7,44,Suíça,Polônia
7,44,República Tcheca,Polônia
7,44,Dinamarca,Polônia
7,44,Inglaterra,Polônia
7,44,Itália,Polônia
7,44,Geórgia,Polônia
7,44,Alemanha,Polônia
7,44,Albânia,Polônia
7,44,Áustria,Polônia
7,44,Turquia,Eslováquia
7,44,Sérvia,Eslováquia
7,44,Espanha,Eslováquia
7,44,França,Eslováquia
7,44,Croácia,Eslováquia
7,44,Escócia,Eslováquia
7,44,Hungria,Eslováquia
7,44,Portugal,Eslováquia
7,44,Suíça,Eslováquia
7,44,República Tcheca,Eslováquia
7,44,Dinamarca,Eslováquia
7,44,Inglaterra,Eslováquia
7,44,Itália,Eslováquia
7,44,Geórgia,Eslováquia
7,44,Alemanha,Eslováquia
7,44,Albânia,Eslováquia
7,44,Áustria,Eslováquia
7,44,Sérvia,Turquia
7,44,Espanha,Turquia
7,44,França,Turquia
7,44,Croácia,Turquia
7,44,Escócia,Turquia
7,44,Hungria,Turquia
7,44,Portugal,Turquia
7,44,Suíça,Turquia
7,44,República Tcheca,Turquia
7,44,Dinamarca,Turquia
7,44,Inglaterra,Turquia
7,44,Itália,Turquia
7,44,Geórgia,Turquia
7,44,Alemanha,Turquia
7,44,Albânia,Turquia
7,44,Áustria,Turquia
7,44,Espanha,Sérvia
7,44,França,Sérvia
7,44,Croácia,Sérvia
7,44,Escócia,Sérvia
7,44,Hungria,Sérvia
7,44,Portugal,Sérvia
7,44,Suíça,Sérvia
7,44,República Tcheca,Sérvia
7,44,Dinamarca,Sérvia
7,44,Inglaterra,Sérvia
7,44,Itália,Sérvia
7,44,Geórgia,Sérvia
7,44,Alemanha,Sérvia
7,44,Albânia,Sérvia
7,44,Áustria,Sérvia
7,44,França,Espanha
7,44,Croácia,Espanha
7,44,Escócia,Espanha
7,44,Hungria,Espanha
7,44,Portugal,Espanha
7,44,Suíça,Espanha
7,44,República Tcheca,Espanha
7,44,Dinamarca,Espanha
7,44,Inglaterra,Espanha
7,44,Itália,Espanha
7,44,Geórgia,Espanha
7,44,Alemanha,Espanha
7,44,Albânia,Espanha
7,44,Áustria,Espanha
7,44,Croácia,França
7,44,Escócia,França
7,44,Hungria,França
7,44,Portugal,França
7,44,Suíça,França
7,44,República Tcheca,França
7,44,Dinamarca,França
7,44,Inglaterra,França
7,44,Itália,França
7,44,Geórgia,França
7,44,Alemanha,França
7,44,Albânia,França
7,44,Áustria,França
7,44,Escócia,Croácia
7,44,Hungria,Croácia
7,44,Portugal,Croácia
7,44,Suíça,Croácia
7,44,República Tcheca,Croácia
7,44,Dinamarca,Croácia
7,44,Inglaterra,Croácia
7,44,Itália,Croácia
7,44,Geórgia,Croácia
7,44,Alemanha,Croácia
7,44,Albânia,Croácia
7,44,Áustria,Croácia
7,44,Hungria,Escócia
7,44,Portugal,Escócia
7,44,Suíça,Escócia
7,44,República Tcheca,Escócia
7,44,Dinamarca,Escócia
7,44,Inglaterra,Escócia
7,44,Itália,Escócia
7,44,Geórgia,Escócia
7,44,Alemanha,Escócia
7,44,Albânia,Escócia
7,44,Áustria,Escócia
7,44,Portugal,Hungria
7,44,Suíça,Hungria
7,44,República Tcheca,Hungria
7,44,Dinamarca,Hungria
7,44,Inglaterra,Hungria
7,44,Itália,Hungria
7,44,Geórgia,Hungria
7,44,Alemanha,Hungria
7,44,Albânia,Hungria
7,44,Áustria,Hungria
7,44,Suíça,Portugal
7,44,República Tcheca,Portugal
7,44,Dinamarca,Portugal
7,44,Inglaterra,Portugal
7,44,Itália,Portugal
7,44,Geórgia,Portugal
7,44,Alemanha,Portugal
7,44,Albânia,Portugal
7,44,Áustria,Portugal
7,44,República Tcheca,Suíça
7,44,Dinamarca,Suíça
7,44,Inglaterra,Suíça
7,44,Itália,Suíça
7,44,Geórgia,Suíça
7,44,Alemanha,Suíça
7,44,Albânia,Suíça
7,44,Áustria,Suíça
7,44,Dinamarca,República Tcheca
7,44,Inglaterra,República Tcheca
7,44,Itália,República Tcheca
7,44,Geórgia,República Tcheca
7,44,Alemanha,República Tcheca
7,44,Albânia,República Tcheca
7,44,Áustria,República Tcheca
7,44,Inglaterra,Dinamarca
7,44,Itália,Dinamarca
7,44,Geórgia,Dinamarca
7,44,Alemanha,Dinamarca
7,44,Albânia,Dinamarca
7,44,Áustria,Dinamarca
7,44,Itália,Inglaterra
7,44,Geórgia,Inglaterra
7,44,Alemanha,Inglaterra
7,44,Albânia,Inglaterra
7,44,Áustria,Inglaterra
7,44,Geórgia,Itália
7,44,Alemanha,Itália
7,44,Albânia,Itália
7,44,Áustria,Itália
7,44,Alemanha,Geórgia
7,44,Albânia,Geórgia
7,44,Áustria,Geórgia
7,44,Albânia,Alemanha
7,44,Áustria,Alemanha
7,44,Áustria,Albânia
7,47,Eslovênia,Países Baixos
7,47,Bélgica,Países Baixos
7,47,Romênia,Países Baixos
7,47,Ucrânia,Países Baixos
7,47,Polônia,Países Baixos
7,47,Eslováquia,Países Baixos
7,47,Turquia,Países Baixos
7,47,Sérvia,Países Baixos
7,47,Espanha,Países Baixos
7,47,França,Países Baixos
7,47,Croácia,Países Baixos
7,47,Escócia,Países Baixos
7,47,Hungria,Países Baixos
7,47,Portugal,Países Baixos
7,47,Suíça,Países Baixos
7,47,República Tcheca,Países Baixos
7,47,Dinamarca,Países Baixos
7,47,Inglaterra,Países Baixos
7,47,Itália,Países Baixos
7,47,Geórgia,Países Baixos
7,47,Alemanha,Países Baixos
7,47,Albânia,Países Baixos
7,47,Áustria,Países Baixos
7,47,Bélgica,Eslovênia
7,47,Romênia,Eslovênia
7,47,Ucrânia,Eslovênia
7,47,Polônia,Eslovênia
7,47,Eslováquia,Eslovênia
7,47,Turquia,Eslovênia
7,47,Sérvia,Eslovênia
7,47,Espanha,Eslovênia
7,47,França,Eslovênia
7,47,Croácia,Eslovênia
7,47,Escócia,Eslovênia
7,47,Hungria,Eslovênia
7,47,Portugal,Eslovênia
7,47,Suíça,Eslovênia
7,47,República Tcheca,Eslovênia
7,47,Dinamarca,Eslovênia
7,47,Inglaterra,Eslovênia
7,47,Itália,Eslovênia
7,47,Geórgia,Eslovênia
7,47,Alemanha,Eslovênia
7,47,Albânia,Eslovênia
7,47,Áustria,Eslovênia
7,47,Romênia,Bélgica
7,47,Ucrânia,Bélgica
7,47,Polônia,Bélgica
7,47,Eslováquia,Bélgica
7,47,Turquia,Bélgica
7,47,Sérvia,Bélgica
7,47,Espanha,Bélgica
7,47,França,Bélgica
7,47,Croácia,Bélgica
7,47,Escócia,Bélgica
7,47,Hungria,Bélgica
7,47,Portugal,Bélgica
7,47,Suíça,Bélgica
7,47,República Tcheca,Bélgica
7,47,Dinamarca,Bélgica
7,47,Inglaterra,Bélgica
7,47,Itália,Bélgica
7,47,Geórgia,Bélgica
7,47,Alemanha,Bélgica
7,47,Albânia,Bélgica
7,47,Áustria,Bélgica
7,47,Ucrânia,Romênia
7,47,Polônia,Romênia
7,47,Eslováquia,Romênia
7,47,Turquia,Romênia
7,47,Sérvia,Romênia
7,47,Espanha,Romênia
7,47,França,Romênia
7,47,Croácia,Romênia
7,47,Escócia,Romênia
7,47,Hungria,Romênia
7,47,Portugal,Romênia
7,47,Suíça,Romênia
7,47,República Tcheca,Romênia
7,47,Dinamarca,Romênia
7,47,Inglaterra,Romênia
7,47,Itália,Romênia
7,47,Geórgia,Romênia
7,47,Alemanha,Romênia
7,47,Albânia,Romênia
7,47,Áustria,Romênia
7,47,Polônia,Ucrânia
7,47,Eslováquia,Ucrânia
7,47,Turquia,Ucrânia
7,47,Sérvia,Ucrânia
7,47,Espanha,Ucrânia
7,47,França,Ucrânia
7,47,Croácia,Ucrânia
7,47,Escócia,Ucrânia
7,47,Hungria,Ucrânia
7,47,Portugal,Ucrânia
7,47,Suíça,Ucrânia
7,47,República Tcheca,Ucrânia
7,47,Dinamarca,Ucrânia
7,47,Inglaterra,Ucrânia
7,47,Itália,Ucrânia
7,47,Geórgia,Ucrânia
7,47,Alemanha,Ucrânia
7,47,Albânia,Ucrânia
7,47,Áustria,Ucrânia
7,47,Eslováquia,Polônia
7,47,Turquia,Polônia
7,47,Sérvia,Polônia
7,47,Espanha,Polônia
7,47,França,Polônia
7,47,Croácia,Polônia
7,47,Escócia,Polônia
7,47,Hungria,Polônia
7,47,Portugal,Polônia
7,47,Suíça,Polônia
7,47,República Tcheca,Polônia
7,47,Dinamarca,Polônia
7,47,Inglaterra,Polônia
7,47,Itália,Polônia
7,47,Geórgia,Polônia
7,47,Alemanha,Polônia
7,47,Albânia,Polônia
7,47,Áustria,Polônia
7,47,Turquia,Eslováquia
7,47,Sérvia,Eslováquia
7,47,Espanha,Eslováquia
7,47,França,Eslováquia
7,47,Croácia,Eslováquia
7,47,Escócia,Eslováquia
7,47,Hungria,Eslováquia
7,47,Portugal,Eslováquia
7,47,Suíça,Eslováquia
7,47,República Tcheca,Eslováquia
7,47,Dinamarca,Eslováquia
7,47,Inglaterra,Eslováquia
7,47,Itália,Eslováquia
7,47,Geórgia,Eslováquia
7,47,Alemanha,Eslováquia
7,47,Albânia,Eslováquia
7,47,Áustria,Eslováquia
7,47,Sérvia,Turquia
7,47,Espanha,Turquia
7,47,França,Turquia
7,47,Croácia,Turquia
7,47,Escócia,Turquia
7,47,Hungria,Turquia
7,47,Portugal,Turquia
7,47,Suíça,Turquia
7,47,República Tcheca,Turquia
7,47,Dinamarca,Turquia
7,47,Inglaterra,Turquia
7,47,Itália,Turquia
7,47,Geórgia,Turquia
7,47,Alemanha,Turquia
7,47,Albânia,Turquia
7,47,Áustria,Turquia
7,47,Espanha,Sérvia
7,47,França,Sérvia
7,47,Croácia,Sérvia
7,47,Escócia,Sérvia
7,47,Hungria,Sérvia
7,47,Portugal,Sérvia
7,47,Suíça,Sérvia
7,47,República Tcheca,Sérvia
7,47,Dinamarca,Sérvia
7,47,Inglaterra,Sérvia
7,47,Itália,Sérvia
7,47,Geórgia,Sérvia
7,47,Alemanha,Sérvia
7,47,Albânia,Sérvia
7,47,Áustria,Sérvia
7,47,França,Espanha
7,47,Croácia,Espanha
7,47,Escócia,Espanha
7,47,Hungria,Espanha
7,47,Portugal,Espanha
7,47,Suíça,Espanha
7,47,República Tcheca,Espanha
7,47,Dinamarca,Espanha
7,47,Inglaterra,Espanha
7,47,Itália,Espanha
7,47,Geórgia,Espanha
7,47,Alemanha,Espanha
7,47,Albânia,Espanha
7,47,Áustria,Espanha
7,47,Croácia,França
7,47,Escócia,França
7,47,Hungria,França
7,47,Portugal,França
7,47,Suíça,França
7,47,República Tcheca,França
7,47,Dinamarca,França
7,47,Inglaterra,França
7,47,Itália,França
7,47,Geórgia,França
7,47,Alemanha,França
7,47,Albânia,França
7,47,Áustria,França
7,47,Escócia,Croácia
7,47,Hungria,Croácia
7,47,Portugal,Croácia
7,47,Suíça,Croácia
7,47,República Tcheca,Croácia
7,47,Dinamarca,Croácia
7,47,Inglaterra,Croácia
7,47,Itália,Croácia
7,47,Geórgia,Croácia
7,47,Alemanha,Croácia
7,47,Albânia,Croácia
7,47,Áustria,Croácia
7,47,Hungria,Escócia
7,47,Portugal,Escócia
7,47,Suíça,Escócia
7,47,República Tcheca,Escócia
7,47,Dinamarca,Escócia
7,47,Inglaterra,Escócia
7,47,Itália,Escócia
7,47,Geórgia,Escócia
7,47,Alemanha,Escócia
7,47,Albânia,Escócia
7,47,Áustria,Escócia
7,47,Portugal,Hungria
7,47,Suíça,Hungria
7,47,República Tcheca,Hungria
7,47,Dinamarca,Hungria
7,47,Inglaterra,Hungria
7,47,Itália,Hungria
7,47,Geórgia,Hungria
7,47,Alemanha,Hungria
7,47,Albânia,Hungria
7,47,Áustria,Hungria
7,47,Suíça,Portugal
7,47,República Tcheca,Portugal
7,47,Dinamarca,Portugal
7,47,Inglaterra,Portugal
7,47,Itália,Portugal
7,47,Geórgia,Portugal
7,47,Alemanha,Portugal
7,47,Albânia,Portugal
7,47,Áustria,Portugal
7,47,República Tcheca,Suíça
7,47,Dinamarca,Suíça
7,47,Inglaterra,Suíça
7,47,Itália,Suíça
7,47,Geórgia,Suíça
7,47,Alemanha,Suíça
7,47,Albânia,Suíça
7,47,Áustria,Suíça
7,47,Dinamarca,República Tcheca
7,47,Inglaterra,República Tcheca
7,47,Itália,República Tcheca
7,47,Geórgia,República Tcheca
7,47,Alemanha,República Tcheca
7,47,Albânia,República Tcheca
7,47,Áustria,República Tcheca
7,47,Inglaterra,Dinamarca
7,47,Itália,Dinamarca
7,47,Geórgia,Dinamarca
7,47,Alemanha,Dinamarca
7,47,Albânia,Dinamarca
7,47,Áustria,Dinamarca
7,47,Itália,Inglaterra
7,47,Geórgia,Inglaterra
7,47,Alemanha,Inglaterra
7,47,Albânia,Inglaterra
7,47,Áustria,Inglaterra
7,47,Geórgia,Itália
7,47,Alemanha,Itália
7,47,Albânia,Itália
7,47,Áustria,Itália
7,47,Alemanha,Geórgia
7,47,Albânia,Geórgia
7,47,Áustria,Geórgia
7,47,Albânia,Alemanha
7,47,Áustria,Alemanha
7,47,Áustria,Albânia
7,50,Eslovênia,Países Baixos
7,50,Bélgica,Países Baixos
7,50,Romênia,Países Baixos
7,50,Ucrânia,Países Baixos
7,50,Polônia,Países Baixos
7,50,Eslováquia,Países Baixos
7,50,Turquia,Países Baixos
7,50,Sérvia,Países Baixos
7,50,Espanha,Países Baixos
7,50,França,Países Baixos
7,50,Croácia,Países Baixos
7,50,Escócia,Países Baixos
7,50,Hungria,Países Baixos
7,50,Portugal,Países Baixos
7,50,Suíça,Países Baixos
7,50,República Tcheca,Países Baixos
7,50,Dinamarca,Países Baixos
7,50,Inglaterra,Países Baixos
7,50,Itália,Países Baixos
7,50,Geórgia,Países Baixos
7,50,Alemanha,Países Baixos
7,50,Albânia,Países Baixos
7,50,Áustria,Países Baixos
7,50,Bélgica,Eslovênia
7,50,Romênia,Eslovênia
7,50,Ucrânia,Eslovênia
7,50,Polônia,Eslovênia
7,50,Eslováquia,Eslovênia
7,50,Turquia,Eslovênia
7,50,Sérvia,Eslovênia
7,50,Espanha,Eslovênia
7,50,França,Eslovênia
7,50,Croácia,Eslovênia
7,50,Escócia,Eslovênia
7,50,Hungria,Eslovênia
7,50,Portugal,Eslovênia
7,50,Suíça,Eslovênia
7,50,República Tcheca,Eslovênia
7,50,Dinamarca,Eslovênia
7,50,Inglaterra,Eslovênia
7,50,Itália,Eslovênia
7,50,Geórgia,Eslovênia
7,50,Alemanha,Eslovênia
7,50,Albânia,Eslovênia
7,50,Áustria,Eslovênia
7,50,Romênia,Bélgica
7,50,Ucrânia,Bélgica
7,50,Polônia,Bélgica
7,50,Eslováquia,Bélgica
7,50,Turquia,Bélgica
7,50,Sérvia,Bélgica
7,50,Espanha,Bélgica
7,50,França,Bélgica
7,50,Croácia,Bélgica
7,50,Escócia,Bélgica
7,50,Hungria,Bélgica
7,50,Portugal,Bélgica
7,50,Suíça,Bélgica
7,50,República Tcheca,Bélgica
7,50,Dinamarca,Bélgica
7,50,Inglaterra,Bélgica
7,50,Itália,Bélgica
7,50,Geórgia,Bélgica
7,50,Alemanha,Bélgica
7,50,Albânia,Bélgica
7,50,Áustria,Bélgica
7,50,Ucrânia,Romênia
7,50,Polônia,Romênia
7,50,Eslováquia,Romênia
7,50,Turquia,Romênia
7,50,Sérvia,Romênia
7,50,Espanha,Romênia
7,50,França,Romênia
7,50,Croácia,Romênia
7,50,Escócia,Romênia
7,50,Hungria,Romênia
7,50,Portugal,Romênia
7,50,Suíça,Romênia
7,50,República Tcheca,Romênia
7,50,Dinamarca,Romênia
7,50,Inglaterra,Romênia
7,50,Itália,Romênia
7,50,Geórgia,Romênia
7,50,Alemanha,Romênia
7,50,Albânia,Romênia
7,50,Áustria,Romênia
7,50,Polônia,Ucrânia
7,50,Eslováquia,Ucrânia
7,50,Turquia,Ucrânia
7,50,Sérvia,Ucrânia
7,50,Espanha,Ucrânia
7,50,França,Ucrânia
7,50,Croácia,Ucrânia
7,50,Escócia,Ucrânia
7,50,Hungria,Ucrânia
7,50,Portugal,Ucrânia
7,50,Suíça,Ucrânia
7,50,República Tcheca,Ucrânia
7,50,Dinamarca,Ucrânia
7,50,Inglaterra,Ucrânia
7,50,Itália,Ucrânia
7,50,Geórgia,Ucrânia
7,50,Alemanha,Ucrânia
7,50,Albânia,Ucrânia
7,50,Áustria,Ucrânia
7,50,Eslováquia,Polônia
7,50,Turquia,Polônia
7,50,Sérvia,Polônia
7,50,Espanha,Polônia
7,50,França,Polônia
7,50,Croácia,Polônia
7,50,Escócia,Polônia
7,50,Hungria,Polônia
7,50,Portugal,Polônia
7,50,Suíça,Polônia
7,50,República Tcheca,Polônia
7,50,Dinamarca,Polônia
7,50,Inglaterra,Polônia
7,50,Itália,Polônia
7,50,Geórgia,Polônia
7,50,Alemanha,Polônia
7,50,Albânia,Polônia
7,50,Áustria,Polônia
7,50,Turquia,Eslováquia
7,50,Sérvia,Eslováquia
7,50,Espanha,Eslováquia
7,50,França,Eslováquia
7,50,Croácia,Eslováquia
7,50,Escócia,Eslováquia
7,50,Hungria,Eslováquia
7,50,Portugal,Eslováquia
7,50,Suíça,Eslováquia
7,50,República Tcheca,Eslováquia
7,50,Dinamarca,Eslováquia
7,50,Inglaterra,Eslováquia
7,50,Itália,Eslováquia
7,50,Geórgia,Eslováquia
7,50,Alemanha,Eslováquia
7,50,Albânia,Eslováquia
7,50,Áustria,Eslováquia
7,50,Sérvia,Turquia
7,50,Espanha,Turquia
7,50,França,Turquia
7,50,Croácia,Turquia
7,50,Escócia,Turquia
7,50,Hungria,Turquia
7,50,Portugal,Turquia
7,50,Suíça,Turquia
7,50,República Tcheca,Turquia
7,50,Dinamarca,Turquia
7,50,Inglaterra,Turquia
7,50,Itália,Turquia
7,50,Geórgia,Turquia
7,50,Alemanha,Turquia
7,50,Albânia,Turquia
7,50,Áustria,Turquia
7,50,Espanha,Sérvia
7,50,França,Sérvia
7,50,Croácia,Sérvia
7,50,Escócia,Sérvia
7,50,Hungria,Sérvia
7,50,Portugal,Sérvia
7,50,Suíça,Sérvia
7,50,República Tcheca,Sérvia
7,50,Dinamarca,Sérvia
7,50,Inglaterra,Sérvia
7,50,Itália,Sérvia
7,50,Geórgia,Sérvia
7,50,Alemanha,Sérvia
7,50,Albânia,Sérvia
7,50,Áustria,Sérvia
7,50,França,Espanha
7,50,Croácia,Espanha
7,50,Escócia,Espanha
7,50,Hungria,Espanha
7,50,Portugal,Espanha
7,50,Suíça,Espanha
7,50,República Tcheca,Espanha
7,50,Dinamarca,Espanha
7,50,Inglaterra,Espanha
7,50,Itália,Espanha
7,50,Geórgia,Espanha
7,50,Alemanha,Espanha
7,50,Albânia,Espanha
7,50,Áustria,Espanha
7,50,Croácia,França
7,50,Escócia,França
7,50,Hungria,França
7,50,Portugal,França
7,50,Suíça,França
7,50,República Tcheca,França
7,50,Dinamarca,França
7,50,Inglaterra,França
7,50,Itália,França
7,50,Geórgia,França
7,50,Alemanha,França
7,50,Albânia,França
7,50,Áustria,França
7,50,Escócia,Croácia
7,50,Hungria,Croácia
7,50,Portugal,Croácia
7,50,Suíça,Croácia
7,50,República Tcheca,Croácia
7,50,Dinamarca,Croácia
7,50,Inglaterra,Croácia
7,50,Itália,Croácia
7,50,Geórgia,Croácia
7,50,Alemanha,Croácia
7,50,Albânia,Croácia
7,50,Áustria,Croácia
7,50,Hungria,Escócia
7,50,Portugal,Escócia
7,50,Suíça,Escócia
7,50,República Tcheca,Escócia
7,50,Dinamarca,Escócia
7,50,Inglaterra,Escócia
7,50,Itália,Escócia
7,50,Geórgia,Escócia
7,50,Alemanha,Escócia
7,50,Albânia,Escócia
7,50,Áustria,Escócia
7,50,Portugal,Hungria
7,50,Suíça,Hungria
7,50,República Tcheca,Hungria
7,50,Dinamarca,Hungria
7,50,Inglaterra,Hungria
7,50,Itália,Hungria
7,50,Geórgia,Hungria
7,50,Alemanha,Hungria
7,50,Albânia,Hungria
7,50,Áustria,Hungria
7,50,Suíça,Portugal
7,50,República Tcheca,Portugal
7,50,Dinamarca,Portugal
7,50,Inglaterra,Portugal
7,50,Itália,Portugal
7,50,Geórgia,Portugal
7,50,Alemanha,Portugal
7,50,Albânia,Portugal
7,50,Áustria,Portugal
7,50,República Tcheca,Suíça
7,50,Dinamarca,Suíça
7,50,Inglaterra,Suíça
7,50,Itália,Suíça
7,50,Geórgia,Suíça
7,50,Alemanha,Suíça
7,50,Albânia,Suíça
7,50,Áustria,Suíça
7,50,Dinamarca,República Tcheca
7,50,Inglaterra,República Tcheca
7,50,Itália,República Tcheca
7,50,Geórgia,República Tcheca
7,50,Alemanha,República Tcheca
7,50,Albânia,República Tcheca
7,50,Áustria,República Tcheca
7,50,Inglaterra,Dinamarca
7,50,Itália,Dinamarca
7,50,Geórgia,Dinamarca
7,50,Alemanha,Dinamarca
7,50,Albânia,Dinamarca
7,50,Áustria,Dinamarca
7,50,Itália,Inglaterra
7,50,Geórgia,Inglaterra
7,50,Alemanha,Inglaterra
7,50,Albânia,Inglaterra
7,50,Áustria,Inglaterra
7,50,Geórgia,Itália
7,50,Alemanha,Itália
7,50,Albânia,Itália
7,50,Áustria,Itália
7,50,Alemanha,Geórgia
7,50,Albânia,Geórgia
7,50,Áustria,Geórgia
7,50,Albânia,Alemanha
7,50,Áustria,Alemanha
7,50,Áustria,Albânia
7,53,Eslovênia,Países Baixos
7,53,Bélgica,Países Baixos
7,53,Romênia,Países Baixos
7,53,Ucrânia,Países Baixos
7,53,Polônia,Países Baixos
7,53,Eslováquia,Países Baixos
7,53,Turquia,Países Baixos
7,53,Sérvia,Países Baixos
7,53,Espanha,Países Baixos
7,53,França,Países Baixos
7,53,Croácia,Países Baixos
7,53,Escócia,Países Baixos
7,53,Hungria,Países Baixos
7,53,Portugal,Países Baixos
7,53,Suíça,Países Baixos
7,53,República Tcheca,Países Baixos
7,53,Dinamarca,Países Baixos
7,53,Inglaterra,Países Baixos
7,53,Itália,Países Baixos
7,53,Geórgia,Países Baixos
7,53,Alemanha,Países Baixos
7,53,Albânia,Países Baixos
7,53,Áustria,Países Baixos
7,53,Bélgica,Eslovênia
7,53,Romênia,Eslovênia
7,53,Ucrânia,Eslovênia
7,53,Polônia,Eslovênia
7,53,Eslováquia,Eslovênia
7,53,Turquia,Eslovênia
7,53,Sérvia,Eslovênia
7,53,Espanha,Eslovênia
7,53,França,Eslovênia
7,53,Croácia,Eslovênia
7,53,Escócia,Eslovênia
7,53,Hungria,Eslovênia
7,53,Portugal,Eslovênia
7,53,Suíça,Eslovênia
7,53,República Tcheca,Eslovênia
7,53,Dinamarca,Eslovênia
7,53,Inglaterra,Eslovênia
7,53,Itália,Eslovênia
7,53,Geórgia,Eslovênia
7,53,Alemanha,Eslovênia
7,53,Albânia,Eslovênia
7,53,Áustria,Eslovênia
7,53,Romênia,Bélgica
7,53,Ucrânia,Bélgica
7,53,Polônia,Bélgica
7,53,Eslováquia,Bélgica
7,53,Turquia,Bélgica
7,53,Sérvia,Bélgica
7,53,Espanha,Bélgica
7,53,França,Bélgica
7,53,Croácia,Bélgica
7,53,Escócia,Bélgica
7,53,Hungria,Bélgica
7,53,Portugal,Bélgica
7,53,Suíça,Bélgica
7,53,República Tcheca,Bélgica
7,53,Dinamarca,Bélgica
7,53,Inglaterra,Bélgica
7,53,Itália,Bélgica
7,53,Geórgia,Bélgica
7,53,Alemanha,Bélgica
7,53,Albânia,Bélgica
7,53,Áustria,Bélgica
7,53,Ucrânia,Romênia
7,53,Polônia,Romênia
7,53,Eslováquia,Romênia
7,53,Turquia,Romênia
7,53,Sérvia,Romênia
7,53,Espanha,Romênia
7,53,França,Romênia
7,53,Croácia,Romênia
7,53,Escócia,Romênia
7,53,Hungria,Romênia
7,53,Portugal,Romênia
7,53,Suíça,Romênia
7,53,República Tcheca,Romênia
7,53,Dinamarca,Romênia
7,53,Inglaterra,Romênia
7,53,Itália,Romênia
7,53,Geórgia,Romênia
7,53,Alemanha,Romênia
7,53,Albânia,Romênia
7,53,Áustria,Romênia
7,53,Polônia,Ucrânia
7,53,Eslováquia,Ucrânia
7,53,Turquia,Ucrânia
7,53,Sérvia,Ucrânia
7,53,Espanha,Ucrânia
7,53,França,Ucrânia
7,53,Croácia,Ucrânia
7,53,Escócia,Ucrânia
7,53,Hungria,Ucrânia
7,53,Portugal,Ucrânia
7,53,Suíça,Ucrânia
7,53,República Tcheca,Ucrânia
7,53,Dinamarca,Ucrânia
7,53,Inglaterra,Ucrânia
7,53,Itália,Ucrânia
7,53,Geórgia,Ucrânia
7,53,Alemanha,Ucrânia
7,53,Albânia,Ucrânia
7,53,Áustria,Ucrânia
7,53,Eslováquia,Polônia
7,53,Turquia,Polônia
7,53,Sérvia,Polônia
7,53,Espanha,Polônia
7,53,França,Polônia
7,53,Croácia,Polônia
7,53,Escócia,Polônia
7,53,Hungria,Polônia
7,53,Portugal,Polônia
7,53,Suíça,Polônia
7,53,República Tcheca,Polônia
7,53,Dinamarca,Polônia
7,53,Inglaterra,Polônia
7,53,Itália,Polônia
7,53,Geórgia,Polônia
7,53,Alemanha,Polônia
7,53,Albânia,Polônia
7,53,Áustria,Polônia
7,53,Turquia,Eslováquia
7,53,Sérvia,Eslováquia
7,53,Espanha,Eslováquia
7,53,França,Eslováquia
7,53,Croácia,Eslováquia
7,53,Escócia,Eslováquia
7,53,Hungria,Eslováquia
7,53,Portugal,Eslováquia
7,53,Suíça,Eslováquia
7,53,República Tcheca,Eslováquia
7,53,Dinamarca,Eslováquia
7,53,Inglaterra,Eslováquia
7,53,Itália,Eslováquia
7,53,Geórgia,Eslováquia
7,53,Alemanha,Eslováquia
7,53,Albânia,Eslováquia
7,53,Áustria,Eslováquia
7,53,Sérvia,Turquia
7,53,Espanha,Turquia
7,53,França,Turquia
7,53,Croácia,Turquia
7,53,Escócia,Turquia
7,53,Hungria,Turquia
7,53,Portugal,Turquia
7,53,Suíça,Turquia
7,53,República Tcheca,Turquia
7,53,Dinamarca,Turquia
7,53,Inglaterra,Turquia
7,53,Itália,Turquia
7,53,Geórgia,Turquia
7,53,Alemanha,Turquia
7,53,Albânia,Turquia
7,53,Áustria,Turquia
7,53,Espanha,Sérvia
7,53,França,Sérvia
7,53,Croácia,Sérvia
7,53,Escócia,Sérvia
7,53,Hungria,Sérvia
7,53,Portugal,Sérvia
7,53,Suíça,Sérvia
7,53,República Tcheca,Sérvia
7,53,Dinamarca,Sérvia
7,53,Inglaterra,Sérvia
7,53,Itália,Sérvia
7,53,Geórgia,Sérvia
7,53,Alemanha,Sérvia
7,53,Albânia,Sérvia
7,53,Áustria,Sérvia
7,53,França,Espanha
7,53,Croácia,Espanha
7,53,Escócia,Espanha
7,53,Hungria,Espanha
7,53,Portugal,Espanha
7,53,Suíça,Espanha
7,53,República Tcheca,Espanha
7,53,Dinamarca,Espanha
7,53,Inglaterra,Espanha
7,53,Itália,Espanha
7,53,Geórgia,Espanha
7,53,Alemanha,Espanha
7,53,Albânia,Espanha
7,53,Áustria,Espanha
7,53,Croácia,França
7,53,Escócia,França
7,53,Hungria,França
7,53,Portugal,França
7,53,Suíça,França
7,53,República Tcheca,França
7,53,Dinamarca,França
7,53,Inglaterra,França
7,53,Itália,França
7,53,Geórgia,França
7,53,Alemanha,França
7,53,Albânia,França
7,53,Áustria,França
7,53,Escócia,Croácia
7,53,Hungria,Croácia
7,53,Portugal,Croácia
7,53,Suíça,Croácia
7,53,República Tcheca,Croácia
7,53,Dinamarca,Croácia
7,53,Inglaterra,Croácia
7,53,Itália,Croácia
7,53,Geórgia,Croácia
7,53,Alemanha,Croácia
7,53,Albânia,Croácia
7,53,Áustria,Croácia
7,53,Hungria,Escócia
7,53,Portugal,Escócia
7,53,Suíça,Escócia
7,53,República Tcheca,Escócia
7,53,Dinamarca,Escócia
7,53,Inglaterra,Escócia
7,53,Itália,Escócia
7,53,Geórgia,Escócia
7,53,Alemanha,Escócia
7,53,Albânia,Escócia
7,53,Áustria,Escócia
7,53,Portugal,Hungria
7,53,Suíça,Hungria
7,53,República Tcheca,Hungria
7,53,Dinamarca,Hungria
7,53,Inglaterra,Hungria
7,53,Itália,Hungria
7,53,Geórgia,Hungria
7,53,Alemanha,Hungria
7,53,Albânia,Hungria
7,53,Áustria,Hungria
7,53,Suíça,Portugal
7,53,República Tcheca,Portugal
7,53,Dinamarca,Portugal
7,53,Inglaterra,Portugal
7,53,Itália,Portugal
7,53,Geórgia,Portugal
7,53,Alemanha,Portugal
7,53,Albânia,Portugal
7,53,Áustria,Portugal
7,53,República Tcheca,Suíça
7,53,Dinamarca,Suíça
7,53,Inglaterra,Suíça
7,53,Itália,Suíça
7,53,Geórgia,Suíça
7,53,Alemanha,Suíça
7,53,Albânia,Suíça
7,53,Áustria,Suíça
7,53,Dinamarca,República Tcheca
7,53,Inglaterra,República Tcheca
7,53,Itália,República Tcheca
7,53,Geórgia,República Tcheca
7,53,Alemanha,República Tcheca
7,53,Albânia,República Tcheca
7,53,Áustria,República Tcheca
7,53,Inglaterra,Dinamarca
7,53,Itália,Dinamarca
7,53,Geórgia,Dinamarca
7,53,Alemanha,Dinamarca
7,53,Albânia,Dinamarca
7,53,Áustria,Dinamarca
7,53,Itália,Inglaterra
7,53,Geórgia,Inglaterra
7,53,Alemanha,Inglaterra
7,53,Albânia,Inglaterra
7,53,Áustria,Inglaterra
7,53,Geórgia,Itália
7,53,Alemanha,Itália
7,53,Albânia,Itália
7,53,Áustria,Itália
7,53,Alemanha,Geórgia
7,53,Albânia,Geórgia
7,53,Áustria,Geórgia
7,53,Albânia,Alemanha
7,53,Áustria,Alemanha
7,53,Áustria,Albânia
7,56,Eslovênia,Países Baixos
7,56,Bélgica,Países Baixos
7,56,Romênia,Países Baixos
7,56,Ucrânia,Países Baixos
7,56,Polônia,Países Baixos
7,56,Eslováquia,Países Baixos
7,56,Turquia,Países Baixos
7,56,Sérvia,Países Baixos
7,56,Espanha,Países Baixos
7,56,França,Países Baixos
7,56,Croácia,Países Baixos
7,56,Escócia,Países Baixos
7,56,Hungria,Países Baixos
7,56,Portugal,Países Baixos
7,56,Suíça,Países Baixos
7,56,República Tcheca,Países Baixos
7,56,Dinamarca,Países Baixos
7,56,Inglaterra,Países Baixos
7,56,Itália,Países Baixos
7,56,Geórgia,Países Baixos
7,56,Alemanha,Países Baixos
7,56,Albânia,Países Baixos
7,56,Áustria,Países Baixos
7,56,Bélgica,Eslovênia
7,56,Romênia,Eslovênia
7,56,Ucrânia,Eslovênia
7,56,Polônia,Eslovênia
7,56,Eslováquia,Eslovênia
7,56,Turquia,Eslovênia
7,56,Sérvia,Eslovênia
7,56,Espanha,Eslovênia
7,56,França,Eslovênia
7,56,Croácia,Eslovênia
7,56,Escócia,Eslovênia
7,56,Hungria,Eslovênia
7,56,Portugal,Eslovênia
7,56,Suíça,Eslovênia
7,56,República Tcheca,Eslovênia
7,56,Dinamarca,Eslovênia
7,56,Inglaterra,Eslovênia
7,56,Itália,Eslovênia
7,56,Geórgia,Eslovênia
7,56,Alemanha,Eslovênia
7,56,Albânia,Eslovênia
7,56,Áustria,Eslovênia
7,56,Romênia,Bélgica
7,56,Ucrânia,Bélgica
7,56,Polônia,Bélgica
7,56,Eslováquia,Bélgica
7,56,Turquia,Bélgica
7,56,Sérvia,Bélgica
7,56,Espanha,Bélgica
7,56,França,Bélgica
7,56,Croácia,Bélgica
7,56,Escócia,Bélgica
7,56,Hungria,Bélgica
7,56,Portugal,Bélgica
7,56,Suíça,Bélgica
7,56,República Tcheca,Bélgica
7,56,Dinamarca,Bélgica
7,56,Inglaterra,Bélgica
7,56,Itália,Bélgica
7,56,Geórgia,Bélgica
7,56,Alemanha,Bélgica
7,56,Albânia,Bélgica
7,56,Áustria,Bélgica
7,56,Ucrânia,Romênia
7,56,Polônia,Romênia
7,56,Eslováquia,Romênia
7,56,Turquia,Romênia
7,56,Sérvia,Romênia
7,56,Espanha,Romênia
7,56,França,Romênia
7,56,Croácia,Romênia
7,56,Escócia,Romênia
7,56,Hungria,Romênia
7,56,Portugal,Romênia
7,56,Suíça,Romênia
7,56,República Tcheca,Romênia
7,56,Dinamarca,Romênia
7,56,Inglaterra,Romênia
7,56,Itália,Romênia
7,56,Geórgia,Romênia
7,56,Alemanha,Romênia
7,56,Albânia,Romênia
7,56,Áustria,Romênia
7,56,Polônia,Ucrânia
7,56,Eslováquia,Ucrânia
7,56,Turquia,Ucrânia
7,56,Sérvia,Ucrânia
7,56,Espanha,Ucrânia
7,56,França,Ucrânia
7,56,Croácia,Ucrânia
7,56,Escócia,Ucrânia
7,56,Hungria,Ucrânia
7,56,Portugal,Ucrânia
7,56,Suíça,Ucrânia
7,56,República Tcheca,Ucrânia
7,56,Dinamarca,Ucrânia
7,56,Inglaterra,Ucrânia
7,56,Itália,Ucrânia
7,56,Geórgia,Ucrânia
7,56,Alemanha,Ucrânia
7,56,Albânia,Ucrânia
7,56,Áustria,Ucrânia
7,56,Eslováquia,Polônia
7,56,Turquia,Polônia
7,56,Sérvia,Polônia
7,56,Espanha,Polônia
7,56,França,Polônia
7,56,Croácia,Polônia
7,56,Escócia,Polônia
7,56,Hungria,Polônia
7,56,Portugal,Polônia
7,56,Suíça,Polônia
7,56,República Tcheca,Polônia
7,56,Dinamarca,Polônia
7,56,Inglaterra,Polônia
7,56,Itália,Polônia
7,56,Geórgia,Polônia
7,56,Alemanha,Polônia
7,56,Albânia,Polônia
7,56,Áustria,Polônia
7,56,Turquia,Eslováquia
7,56,Sérvia,Eslováquia
7,56,Espanha,Eslováquia
7,56,França,Eslováquia
7,56,Croácia,Eslováquia
7,56,Escócia,Eslováquia
7,56,Hungria,Eslováquia
7,56,Portugal,Eslováquia
7,56,Suíça,Eslováquia
7,56,República Tcheca,Eslováquia
7,56,Dinamarca,Eslováquia
7,56,Inglaterra,Eslováquia
7,56,Itália,Eslováquia
7,56,Geórgia,Eslováquia
7,56,Alemanha,Eslováquia
7,56,Albânia,Eslováquia
7,56,Áustria,Eslováquia
7,56,Sérvia,Turquia
7,56,Espanha,Turquia
7,56,França,Turquia
7,56,Croácia,Turquia
7,56,Escócia,Turquia
7,56,Hungria,Turquia
7,56,Portugal,Turquia
7,56,Suíça,Turquia
7,56,República Tcheca,Turquia
7,56,Dinamarca,Turquia
7,56,Inglaterra,Turquia
7,56,Itália,Turquia
7,56,Geórgia,Turquia
7,56,Alemanha,Turquia
7,56,Albânia,Turquia
7,56,Áustria,Turquia
7,56,Espanha,Sérvia
7,56,França,Sérvia
7,56,Croácia,Sérvia
7,56,Escócia,Sérvia
7,56,Hungria,Sérvia
7,56,Portugal,Sérvia
7,56,Suíça,Sérvia
7,56,República Tcheca,Sérvia
7,56,Dinamarca,Sérvia
7,56,Inglaterra,Sérvia
7,56,Itália,Sérvia
7,56,Geórgia,Sérvia
7,56,Alemanha,Sérvia
7,56,Albânia,Sérvia
7,56,Áustria,Sérvia
7,56,França,Espanha
7,56,Croácia,Espanha
7,56,Escócia,Espanha
7,56,Hungria,Espanha
7,56,Portugal,Espanha
7,56,Suíça,Espanha
7,56,República Tcheca,Espanha
7,56,Dinamarca,Espanha
7,56,Inglaterra,Espanha
7,56,Itália,Espanha
7,56,Geórgia,Espanha
7,56,Alemanha,Espanha
7,56,Albânia,Espanha
7,56,Áustria,Espanha
7,56,Croácia,França
7,56,Escócia,França
7,56,Hungria,França
7,56,Portugal,França
7,56,Suíça,França
7,56,República Tcheca,França
7,56,Dinamarca,França
7,56,Inglaterra,França
7,56,Itália,França
7,56,Geórgia,França
7,56,Alemanha,França
7,56,Albânia,França
7,56,Áustria,França
7,56,Escócia,Croácia
7,56,Hungria,Croácia
7,56,Portugal,Croácia
7,56,Suíça,Croácia
7,56,República Tcheca,Croácia
7,56,Dinamarca,Croácia
7,56,Inglaterra,Croácia
7,56,Itália,Croácia
7,56,Geórgia,Croácia
7,56,Alemanha,Croácia
7,56,Albânia,Croácia
7,56,Áustria,Croácia
7,56,Hungria,Escócia
7,56,Portugal,Escócia
7,56,Suíça,Escócia
7,56,República Tcheca,Escócia
7,56,Dinamarca,Escócia
7,56,Inglaterra,Escócia
7,56,Itália,Escócia
7,56,Geórgia,Escócia
7,56,Alemanha,Escócia
7,56,Albânia,Escócia
7,56,Áustria,Escócia
7,56,Portugal,Hungria
7,56,Suíça,Hungria
7,56,República Tcheca,Hungria
7,56,Dinamarca,Hungria
7,56,Inglaterra,Hungria
7,56,Itália,Hungria
7,56,Geórgia,Hungria
7,56,Alemanha,Hungria
7,56,Albânia,Hungria
7,56,Áustria,Hungria
7,56,Suíça,Portugal
7,56,República Tcheca,Portugal
7,56,Dinamarca,Portugal
7,56,Inglaterra,Portugal
7,56,Itália,Portugal
7,56,Geórgia,Portugal
7,56,Alemanha,Portugal
7,56,Albânia,Portugal
7,56,Áustria,Portugal
7,56,República Tcheca,Suíça
7,56,Dinamarca,Suíça
7,56,Inglaterra,Suíça
7,56,Itália,Suíça
7,56,Geórgia,Suíça
7,56,Alemanha,Suíça
7,56,Albânia,Suíça
7,56,Áustria,Suíça
7,56,Dinamarca,República Tcheca
7,56,Inglaterra,República Tcheca
7,56,Itália,República Tcheca
7,56,Geórgia,República Tcheca
7,56,Alemanha,República Tcheca
7,56,Albânia,República Tcheca
7,56,Áustria,República Tcheca
7,56,Inglaterra,Dinamarca
7,56,Itália,Dinamarca
7,56,Geórgia,Dinamarca
7,56,Alemanha,Dinamarca
7,56,Albânia,Dinamarca
7,56,Áustria,Dinamarca
7,56,Itália,Inglaterra
7,56,Geórgia,Inglaterra
7,56,Alemanha,Inglaterra
7,56,Albânia,Inglaterra
7,56,Áustria,Inglaterra
7,56,Geórgia,Itália
7,56,Alemanha,Itália
7,56,Albânia,Itália
7,56,Áustria,Itália
7,56,Alemanha,Geórgia
7,56,Albânia,Geórgia
7,56,Áustria,Geórgia
7,56,Albânia,Alemanha
7,56,Áustria,Alemanha
7,56,Áustria,Albânia
7,59,Eslovênia,Países Baixos
7,59,Bélgica,Países Baixos
7,59,Romênia,Países Baixos
7,59,Ucrânia,Países Baixos
7,59,Polônia,Países Baixos
7,59,Eslováquia,Países Baixos
7,59,Turquia,Países Baixos
7,59,Sérvia,Países Baixos
7,59,Espanha,Países Baixos
7,59,França,Países Baixos
7,59,Croácia,Países Baixos
7,59,Escócia,Países Baixos
7,59,Hungria,Países Baixos
7,59,Portugal,Países Baixos
7,59,Suíça,Países Baixos
7,59,República Tcheca,Países Baixos
7,59,Dinamarca,Países Baixos
7,59,Inglaterra,Países Baixos
7,59,Itália,Países Baixos
7,59,Geórgia,Países Baixos
7,59,Alemanha,Países Baixos
7,59,Albânia,Países Baixos
7,59,Áustria,Países Baixos
7,59,Bélgica,Eslovênia
7,59,Romênia,Eslovênia
7,59,Ucrânia,Eslovênia
7,59,Polônia,Eslovênia
7,59,Eslováquia,Eslovênia
7,59,Turquia,Eslovênia
7,59,Sérvia,Eslovênia
7,59,Espanha,Eslovênia
7,59,França,Eslovênia
7,59,Croácia,Eslovênia
7,59,Escócia,Eslovênia
7,59,Hungria,Eslovênia
7,59,Portugal,Eslovênia
7,59,Suíça,Eslovênia
7,59,República Tcheca,Eslovênia
7,59,Dinamarca,Eslovênia
7,59,Inglaterra,Eslovênia
7,59,Itália,Eslovênia
7,59,Geórgia,Eslovênia
7,59,Alemanha,Eslovênia
7,59,Albânia,Eslovênia
7,59,Áustria,Eslovênia
7,59,Romênia,Bélgica
7,59,Ucrânia,Bélgica
7,59,Polônia,Bélgica
7,59,Eslováquia,Bélgica
7,59,Turquia,Bélgica
7,59,Sérvia,Bélgica
7,59,Espanha,Bélgica
7,59,França,Bélgica
7,59,Croácia,Bélgica
7,59,Escócia,Bélgica
7,59,Hungria,Bélgica
7,59,Portugal,Bélgica
7,59,Suíça,Bélgica
7,59,República Tcheca,Bélgica
7,59,Dinamarca,Bélgica
7,59,Inglaterra,Bélgica
7,59,Itália,Bélgica
7,59,Geórgia,Bélgica
7,59,Alemanha,Bélgica
7,59,Albânia,Bélgica
7,59,Áustria,Bélgica
7,59,Ucrânia,Romênia
7,59,Polônia,Romênia
7,59,Eslováquia,Romênia
7,59,Turquia,Romênia
7,59,Sérvia,Romênia
7,59,Espanha,Romênia
7,59,França,Romênia
7,59,Croácia,Romênia
7,59,Escócia,Romênia
7,59,Hungria,Romênia
7,59,Portugal,Romênia
7,59,Suíça,Romênia
7,59,República Tcheca,Romênia
7,59,Dinamarca,Romênia
7,59,Inglaterra,Romênia
7,59,Itália,Romênia
7,59,Geórgia,Romênia
7,59,Alemanha,Romênia
7,59,Albânia,Romênia
7,59,Áustria,Romênia
7,59,Polônia,Ucrânia
7,59,Eslováquia,Ucrânia
7,59,Turquia,Ucrânia
7,59,Sérvia,Ucrânia
7,59,Espanha,Ucrânia
7,59,França,Ucrânia
7,59,Croácia,Ucrânia
7,59,Escócia,Ucrânia
7,59,Hungria,Ucrânia
7,59,Portugal,Ucrânia
7,59,Suíça,Ucrânia
7,59,República Tcheca,Ucrânia
7,59,Dinamarca,Ucrânia
7,59,Inglaterra,Ucrânia
7,59,Itália,Ucrânia
7,59,Geórgia,Ucrânia
7,59,Alemanha,Ucrânia
7,59,Albânia,Ucrânia
7,59,Áustria,Ucrânia
7,59,Eslováquia,Polônia
7,59,Turquia,Polônia
7,59,Sérvia,Polônia
7,59,Espanha,Polônia
7,59,França,Polônia
7,59,Croácia,Polônia
7,59,Escócia,Polônia
7,59,Hungria,Polônia
7,59,Portugal,Polônia
7,59,Suíça,Polônia
7,59,República Tcheca,Polônia
7,59,Dinamarca,Polônia
7,59,Inglaterra,Polônia
7,59,Itália,Polônia
7,59,Geórgia,Polônia
7,59,Alemanha,Polônia
7,59,Albânia,Polônia
7,59,Áustria,Polônia
7,59,Turquia,Eslováquia
7,59,Sérvia,Eslováquia
7,59,Espanha,Eslováquia
7,59,França,Eslováquia
7,59,Croácia,Eslováquia
7,59,Escócia,Eslováquia
7,59,Hungria,Eslováquia
7,59,Portugal,Eslováquia
7,59,Suíça,Eslováquia
7,59,República Tcheca,Eslováquia
7,59,Dinamarca,Eslováquia
7,59,Inglaterra,Eslováquia
7,59,Itália,Eslováquia
7,59,Geórgia,Eslováquia
7,59,Alemanha,Eslováquia
7,59,Albânia,Eslováquia
7,59,Áustria,Eslováquia
7,59,Sérvia,Turquia
7,59,Espanha,Turquia
7,59,França,Turquia
7,59,Croácia,Turquia
7,59,Escócia,Turquia
7,59,Hungria,Turquia
7,59,Portugal,Turquia
7,59,Suíça,Turquia
7,59,República Tcheca,Turquia
7,59,Dinamarca,Turquia
7,59,Inglaterra,Turquia
7,59,Itália,Turquia
7,59,Geórgia,Turquia
7,59,Alemanha,Turquia
7,59,Albânia,Turquia
7,59,Áustria,Turquia
7,59,Espanha,Sérvia
7,59,França,Sérvia
7,59,Croácia,Sérvia
7,59,Escócia,Sérvia
7,59,Hungria,Sérvia
7,59,Portugal,Sérvia
7,59,Suíça,Sérvia
7,59,República Tcheca,Sérvia
7,59,Dinamarca,Sérvia
7,59,Inglaterra,Sérvia
7,59,Itália,Sérvia
7,59,Geórgia,Sérvia
7,59,Alemanha,Sérvia
7,59,Albânia,Sérvia
7,59,Áustria,Sérvia
7,59,França,Espanha
7,59,Croácia,Espanha
7,59,Escócia,Espanha
7,59,Hungria,Espanha
7,59,Portugal,Espanha
7,59,Suíça,Espanha
7,59,República Tcheca,Espanha
7,59,Dinamarca,Espanha
7,59,Inglaterra,Espanha
7,59,Itália,Espanha
7,59,Geórgia,Espanha
7,59,Alemanha,Espanha
7,59,Albânia,Espanha
7,59,Áustria,Espanha
7,59,Croácia,França
7,59,Escócia,França
7,59,Hungria,França
7,59,Portugal,França
7,59,Suíça,França
7,59,República Tcheca,França
7,59,Dinamarca,França
7,59,Inglaterra,França
7,59,Itália,França
7,59,Geórgia,França
7,59,Alemanha,França
7,59,Albânia,França
7,59,Áustria,França
7,59,Escócia,Croácia
7,59,Hungria,Croácia
7,59,Portugal,Croácia
7,59,Suíça,Croácia
7,59,República Tcheca,Croácia
7,59,Dinamarca,Croácia
7,59,Inglaterra,Croácia
7,59,Itália,Croácia
7,59,Geórgia,Croácia
7,59,Alemanha,Croácia
7,59,Albânia,Croácia
7,59,Áustria,Croácia
7,59,Hungria,Escócia
7,59,Portugal,Escócia
7,59,Suíça,Escócia
7,59,República Tcheca,Escócia
7,59,Dinamarca,Escócia
7,59,Inglaterra,Escócia
7,59,Itália,Escócia
7,59,Geórgia,Escócia
7,59,Alemanha,Escócia
7,59,Albânia,Escócia
7,59,Áustria,Escócia
7,59,Portugal,Hungria
7,59,Suíça,Hungria
7,59,República Tcheca,Hungria
7,59,Dinamarca,Hungria
7,59,Inglaterra,Hungria
7,59,Itália,Hungria
7,59,Geórgia,Hungria
7,59,Alemanha,Hungria
7,59,Albânia,Hungria
7,59,Áustria,Hungria
7,59,Suíça,Portugal
7,59,República Tcheca,Portugal
7,59,Dinamarca,Portugal
7,59,Inglaterra,Portugal
7,59,Itália,Portugal
7,59,Geórgia,Portugal
7,59,Alemanha,Portugal
7,59,Albânia,Portugal
7,59,Áustria,Portugal
7,59,República Tcheca,Suíça
7,59,Dinamarca,Suíça
7,59,Inglaterra,Suíça
7,59,Itália,Suíça
7,59,Geórgia,Suíça
7,59,Alemanha,Suíça
7,59,Albânia,Suíça
7,59,Áustria,Suíça
7,59,Dinamarca,República Tcheca
7,59,Inglaterra,República Tcheca
7,59,Itália,República Tcheca
7,59,Geórgia,República Tcheca
7,59,Alemanha,República Tcheca
7,59,Albânia,República Tcheca
7,59,Áustria,República Tcheca
7,59,Inglaterra,Dinamarca
7,59,Itália,Dinamarca
7,59,Geórgia,Dinamarca
7,59,Alemanha,Dinamarca
7,59,Albânia,Dinamarca
7,59,Áustria,Dinamarca
7,59,Itália,Inglaterra
7,59,Geórgia,Inglaterra
7,59,Alemanha,Inglaterra
7,59,Albânia,Inglaterra
7,59,Áustria,Inglaterra
7,59,Geórgia,Itália
7,59,Alemanha,Itália
7,59,Albânia,Itália
7,59,Áustria,Itália
7,59,Alemanha,Geórgia
7,59,Albânia,Geórgia
7,59,Áustria,Geórgia
7,59,Albânia,Alemanha
7,59,Áustria,Alemanha
7,59,Áustria,Albânia
8,2,Eslovênia,Países Baixos
8,2,Bélgica,Países Baixos
8,2,Romênia,Países Baixos
8,2,Ucrânia,Países Baixos
8,2,Polônia,Países Baixos
8,2,Eslováquia,Países Baixos
8,2,Turquia,Países Baixos
8,2,Sérvia,Países Baixos
8,2,Espanha,Países Baixos
8,2,França,Países Baixos
8,2,Croácia,Países Baixos
8,2,Escócia,Países Baixos
8,2,Hungria,Países Baixos
8,2,Portugal,Países Baixos
8,2,Suíça,Países Baixos
8,2,República Tcheca,Países Baixos
8,2,Dinamarca,Países Baixos
8,2,Inglaterra,Países Baixos
8,2,Itália,Países Baixos
8,2,Geórgia,Países Baixos
8,2,Alemanha,Países Baixos
8,2,Albânia,Países Baixos
8,2,Áustria,Países Baixos
8,2,Bélgica,Eslovênia
8,2,Romênia,Eslovênia
8,2,Ucrânia,Eslovênia
8,2,Polônia,Eslovênia
8,2,Eslováquia,Eslovênia
8,2,Turquia,Eslovênia
8,2,Sérvia,Eslovênia
8,2,Espanha,Eslovênia
8,2,França,Eslovênia
8,2,Croácia,Eslovênia
8,2,Escócia,Eslovênia
8,2,Hungria,Eslovênia
8,2,Portugal,Eslovênia
8,2,Suíça,Eslovênia
8,2,República Tcheca,Eslovênia
8,2,Dinamarca,Eslovênia
8,2,Inglaterra,Eslovênia
8,2,Itália,Eslovênia
8,2,Geórgia,Eslovênia
8,2,Alemanha,Eslovênia
8,2,Albânia,Eslovênia
8,2,Áustria,Eslovênia
8,2,Romênia,Bélgica
8,2,Ucrânia,Bélgica
8,2,Polônia,Bélgica
8,2,Eslováquia,Bélgica
8,2,Turquia,Bélgica
8,2,Sérvia,Bélgica
8,2,Espanha,Bélgica
8,2,França,Bélgica
8,2,Croácia,Bélgica
8,2,Escócia,Bélgica
8,2,Hungria,Bélgica
8,2,Portugal,Bélgica
8,2,Suíça,Bélgica
8,2,República Tcheca,Bélgica
8,2,Dinamarca,Bélgica
8,2,Inglaterra,Bélgica
8,2,Itália,Bélgica
8,2,Geórgia,Bélgica
8,2,Alemanha,Bélgica
8,2,Albânia,Bélgica
8,2,Áustria,Bélgica
8,2,Ucrânia,Romênia
8,2,Polônia,Romênia
8,2,Eslováquia,Romênia
8,2,Turquia,Romênia
8,2,Sérvia,Romênia
8,2,Espanha,Romênia
8,2,França,Romênia
8,2,Croácia,Romênia
8,2,Escócia,Romênia
8,2,Hungria,Romênia
8,2,Portugal,Romênia
8,2,Suíça,Romênia
8,2,República Tcheca,Romênia
8,2,Dinamarca,Romênia
8,2,Inglaterra,Romênia
8,2,Itália,Romênia
8,2,Geórgia,Romênia
8,2,Alemanha,Romênia
8,2,Albânia,Romênia
8,2,Áustria,Romênia
8,2,Polônia,Ucrânia
8,2,Eslováquia,Ucrânia
8,2,Turquia,Ucrânia
8,2,Sérvia,Ucrânia
8,2,Espanha,Ucrânia
8,2,França,Ucrânia
8,2,Croácia,Ucrânia
8,2,Escócia,Ucrânia
8,2,Hungria,Ucrânia
8,2,Portugal,Ucrânia
8,2,Suíça,Ucrânia
8,2,República Tcheca,Ucrânia
8,2,Dinamarca,Ucrânia
8,2,Inglaterra,Ucrânia
8,2,Itália,Ucrânia
8,2,Geórgia,Ucrânia
8,2,Alemanha,Ucrânia
8,2,Albânia,Ucrânia
8,2,Áustria,Ucrânia
8,2,Eslováquia,Polônia
8,2,Turquia,Polônia
8,2,Sérvia,Polônia
8,2,Espanha,Polônia
8,2,França,Polônia
8,2,Croácia,Polônia
8,2,Escócia,Polônia
8,2,Hungria,Polônia
8,2,Portugal,Polônia
8,2,Suíça,Polônia
8,2,República Tcheca,Polônia
8,2,Dinamarca,Polônia
8,2,Inglaterra,Polônia
8,2,Itália,Polônia
8,2,Geórgia,Polônia
8,2,Alemanha,Polônia
8,2,Albânia,Polônia
8,2,Áustria,Polônia
8,2,Turquia,Eslováquia
8,2,Sérvia,Eslováquia
8,2,Espanha,Eslováquia
8,2,França,Eslováquia
8,2,Croácia,Eslováquia
8,2,Escócia,Eslováquia
8,2,Hungria,Eslováquia
8,2,Portugal,Eslováquia
8,2,Suíça,Eslováquia
8,2,República Tcheca,Eslováquia
8,2,Dinamarca,Eslováquia
8,2,Inglaterra,Eslováquia
8,2,Itália,Eslováquia
8,2,Geórgia,Eslováquia
8,2,Alemanha,Eslováquia
8,2,Albânia,Eslováquia
8,2,Áustria,Eslováquia
8,2,Sérvia,Turquia
8,2,Espanha,Turquia
8,2,França,Turquia
8,2,Croácia,Turquia
8,2,Escócia,Turquia
8,2,Hungria,Turquia
8,2,Portugal,Turquia
8,2,Suíça,Turquia
8,2,República Tcheca,Turquia
8,2,Dinamarca,Turquia
8,2,Inglaterra,Turquia
8,2,Itália,Turquia
8,2,Geórgia,Turquia
8,2,Alemanha,Turquia
8,2,Albânia,Turquia
8,2,Áustria,Turquia
8,2,Espanha,Sérvia
8,2,França,Sérvia
8,2,Croácia,Sérvia
8,2,Escócia,Sérvia
8,2,Hungria,Sérvia
8,2,Portugal,Sérvia
8,2,Suíça,Sérvia
8,2,República Tcheca,Sérvia
8,2,Dinamarca,Sérvia
8,2,Inglaterra,Sérvia
8,2,Itália,Sérvia
8,2,Geórgia,Sérvia
8,2,Alemanha,Sérvia
8,2,Albânia,Sérvia
8,2,Áustria,Sérvia
8,2,França,Espanha
8,2,Croácia,Espanha
8,2,Escócia,Espanha
8,2,Hungria,Espanha
8,2,Portugal,Espanha
8,2,Suíça,Espanha
8,2,República Tcheca,Espanha
8,2,Dinamarca,Espanha
8,2,Inglaterra,Espanha
8,2,Itália,Espanha
8,2,Geórgia,Espanha
8,2,Alemanha,Espanha
8,2,Albânia,Espanha
8,2,Áustria,Espanha
8,2,Croácia,França
8,2,Escócia,França
8,2,Hungria,França
8,2,Portugal,França
8,2,Suíça,França
8,2,República Tcheca,França
8,2,Dinamarca,França
8,2,Inglaterra,França
8,2,Itália,França
8,2,Geórgia,França
8,2,Alemanha,França
8,2,Albânia,França
8,2,Áustria,França
8,2,Escócia,Croácia
8,2,Hungria,Croácia
8,2,Portugal,Croácia
8,2,Suíça,Croácia
8,2,República Tcheca,Croácia
8,2,Dinamarca,Croácia
8,2,Inglaterra,Croácia
8,2,Itália,Croácia
8,2,Geórgia,Croácia
8,2,Alemanha,Croácia
8,2,Albânia,Croácia
8,2,Áustria,Croácia
8,2,Hungria,Escócia
8,2,Portugal,Escócia
8,2,Suíça,Escócia
8,2,República Tcheca,Escócia
8,2,Dinamarca,Escócia
8,2,Inglaterra,Escócia
8,2,Itália,Escócia
8,2,Geórgia,Escócia
8,2,Alemanha,Escócia
8,2,Albânia,Escócia
8,2,Áustria,Escócia
8,2,Portugal,Hungria
8,2,Suíça,Hungria
8,2,República Tcheca,Hungria
8,2,Dinamarca,Hungria
8,2,Inglaterra,Hungria
8,2,Itália,Hungria
8,2,Geórgia,Hungria
8,2,Alemanha,Hungria
8,2,Albânia,Hungria
8,2,Áustria,Hungria
8,2,Suíça,Portugal
8,2,República Tcheca,Portugal
8,2,Dinamarca,Portugal
8,2,Inglaterra,Portugal
8,2,Itália,Portugal
8,2,Geórgia,Portugal
8,2,Alemanha,Portugal
8,2,Albânia,Portugal
8,2,Áustria,Portugal
8,2,República Tcheca,Suíça
8,2,Dinamarca,Suíça
8,2,Inglaterra,Suíça
8,2,Itália,Suíça
8,2,Geórgia,Suíça
8,2,Alemanha,Suíça
8,2,Albânia,Suíça
8,2,Áustria,Suíça
8,2,Dinamarca,República Tcheca
8,2,Inglaterra,República Tcheca
8,2,Itália,República Tcheca
8,2,Geórgia,República Tcheca
8,2,Alemanha,República Tcheca
8,2,Albânia,República Tcheca
8,2,Áustria,República Tcheca
8,2,Inglaterra,Dinamarca
8,2,Itália,Dinamarca
8,2,Geórgia,Dinamarca
8,2,Alemanha,Dinamarca
8,2,Albânia,Dinamarca
8,2,Áustria,Dinamarca
8,2,Itália,Inglaterra
8,2,Geórgia,Inglaterra
8,2,Alemanha,Inglaterra
8,2,Albânia,Inglaterra
8,2,Áustria,Inglaterra
8,2,Geórgia,Itália
8,2,Alemanha,Itália
8,2,Albânia,Itália
8,2,Áustria,Itália
8,2,Alemanha,Geórgia
8,2,Albânia,Geórgia
8,2,Áustria,Geórgia
8,2,Albânia,Alemanha
8,2,Áustria,Alemanha
8,2,Áustria,Albânia
8,5,Eslovênia,Países Baixos
8,5,Bélgica,Países Baixos
8,5,Romênia,Países Baixos
8,5,Ucrânia,Países Baixos
8,5,Polônia,Países Baixos
8,5,Eslováquia,Países Baixos
8,5,Turquia,Países Baixos
8,5,Sérvia,Países Baixos
8,5,Espanha,Países Baixos
8,5,França,Países Baixos
8,5,Croácia,Países Baixos
8,5,Escócia,Países Baixos
8,5,Hungria,Países Baixos
8,5,Portugal,Países Baixos
8,5,Suíça,Países Baixos
8,5,República Tcheca,Países Baixos
8,5,Dinamarca,Países Baixos
8,5,Inglaterra,Países Baixos
8,5,Itália,Países Baixos
8,5,Geórgia,Países Baixos
8,5,Alemanha,Países Baixos
8,5,Albânia,Países Baixos
8,5,Áustria,Países Baixos
8,5,Bélgica,Eslovênia
8,5,Romênia,Eslovênia
8,5,Ucrânia,Eslovênia
8,5,Polônia,Eslovênia
8,5,Eslováquia,Eslovênia
8,5,Turquia,Eslovênia
8,5,Sérvia,Eslovênia
8,5,Espanha,Eslovênia
8,5,França,Eslovênia
8,5,Croácia,Eslovênia
8,5,Escócia,Eslovênia
8,5,Hungria,Eslovênia
8,5,Portugal,Eslovênia
8,5,Suíça,Eslovênia
8,5,República Tcheca,Eslovênia
8,5,Dinamarca,Eslovênia
8,5,Inglaterra,Eslovênia
8,5,Itália,Eslovênia
8,5,Geórgia,Eslovênia
8,5,Alemanha,Eslovênia
8,5,Albânia,Eslovênia
8,5,Áustria,Eslovênia
8,5,Romênia,Bélgica
8,5,Ucrânia,Bélgica
8,5,Polônia,Bélgica
8,5,Eslováquia,Bélgica
8,5,Turquia,Bélgica
8,5,Sérvia,Bélgica
8,5,Espanha,Bélgica
8,5,França,Bélgica
8,5,Croácia,Bélgica
8,5,Escócia,Bélgica
8,5,Hungria,Bélgica
8,5,Portugal,Bélgica
8,5,Suíça,Bélgica
8,5,República Tcheca,Bélgica
8,5,Dinamarca,Bélgica
8,5,Inglaterra,Bélgica
8,5,Itália,Bélgica
8,5,Geórgia,Bélgica
8,5,Alemanha,Bélgica
8,5,Albânia,Bélgica
8,5,Áustria,Bélgica
8,5,Ucrânia,Romênia
8,5,Polônia,Romênia
8,5,Eslováquia,Romênia
8,5,Turquia,Romênia
8,5,Sérvia,Romênia
8,5,Espanha,Romênia
8,5,França,Romênia
8,5,Croácia,Romênia
8,5,Escócia,Romênia
8,5,Hungria,Romênia
8,5,Portugal,Romênia
8,5,Suíça,Romênia
8,5,República Tcheca,Romênia
8,5,Dinamarca,Romênia
8,5,Inglaterra,Romênia
8,5,Itália,Romênia
8,5,Geórgia,Romênia
8,5,Alemanha,Romênia
8,5,Albânia,Romênia
8,5,Áustria,Romênia
8,5,Polônia,Ucrânia
8,5,Eslováquia,Ucrânia
8,5,Turquia,Ucrânia
8,5,Sérvia,Ucrânia
8,5,Espanha,Ucrânia
8,5,França,Ucrânia
8,5,Croácia,Ucrânia
8,5,Escócia,Ucrânia
8,5,Hungria,Ucrânia
8,5,Portugal,Ucrânia
8,5,Suíça,Ucrânia
8,5,República Tcheca,Ucrânia
8,5,Dinamarca,Ucrânia
8,5,Inglaterra,Ucrânia
8,5,Itália,Ucrânia
8,5,Geórgia,Ucrânia
8,5,Alemanha,Ucrânia
8,5,Albânia,Ucrânia
8,5,Áustria,Ucrânia
8,5,Eslováquia,Polônia
8,5,Turquia,Polônia
8,5,Sérvia,Polônia
8,5,Espanha,Polônia
8,5,França,Polônia
8,5,Croácia,Polônia
8,5,Escócia,Polônia
8,5,Hungria,Polônia
8,5,Portugal,Polônia
8,5,Suíça,Polônia
8,5,República Tcheca,Polônia
8,5,Dinamarca,Polônia
8,5,Inglaterra,Polônia
8,5,Itália,Polônia
8,5,Geórgia,Polônia
8,5,Alemanha,Polônia
8,5,Albânia,Polônia
8,5,Áustria,Polônia
8,5,Turquia,Eslováquia
8,5,Sérvia,Eslováquia
8,5,Espanha,Eslováquia
8,5,França,Eslováquia
8,5,Croácia,Eslováquia
8,5,Escócia,Eslováquia
8,5,Hungria,Eslováquia
8,5,Portugal,Eslováquia
8,5,Suíça,Eslováquia
8,5,República Tcheca,Eslováquia
8,5,Dinamarca,Eslováquia
8,5,Inglaterra,Eslováquia
8,5,Itália,Eslováquia
8,5,Geórgia,Eslováquia
8,5,Alemanha,Eslováquia
8,5,Albânia,Eslováquia
8,5,Áustria,Eslováquia
8,5,Sérvia,Turquia
8,5,Espanha,Turquia
8,5,França,Turquia
8,5,Croácia,Turquia
8,5,Escócia,Turquia
8,5,Hungria,Turquia
8,5,Portugal,Turquia
8,5,Suíça,Turquia
8,5,República Tcheca,Turquia
8,5,Dinamarca,Turquia
8,5,Inglaterra,Turquia
8,5,Itália,Turquia
8,5,Geórgia,Turquia
8,5,Alemanha,Turquia
8,5,Albânia,Turquia
8,5,Áustria,Turquia
8,5,Espanha,Sérvia
8,5,França,Sérvia
8,5,Croácia,Sérvia
8,5,Escócia,Sérvia
8,5,Hungria,Sérvia
8,5,Portugal,Sérvia
8,5,Suíça,Sérvia
8,5,República Tcheca,Sérvia
8,5,Dinamarca,Sérvia
8,5,Inglaterra,Sérvia
8,5,Itália,Sérvia
8,5,Geórgia,Sérvia
8,5,Alemanha,Sérvia
8,5,Albânia,Sérvia
8,5,Áustria,Sérvia
8,5,França,Espanha
8,5,Croácia,Espanha
8,5,Escócia,Espanha
8,5,Hungria,Espanha
8,5,Portugal,Espanha
8,5,Suíça,Espanha
8,5,República Tcheca,Espanha
8,5,Dinamarca,Espanha
8,5,Inglaterra,Espanha
8,5,Itália,Espanha
8,5,Geórgia,Espanha
8,5,Alemanha,Espanha
8,5,Albânia,Espanha
8,5,Áustria,Espanha
8,5,Croácia,França
8,5,Escócia,França
8,5,Hungria,França
8,5,Portugal,França
8,5,Suíça,França
8,5,República Tcheca,França
8,5,Dinamarca,França
8,5,Inglaterra,França
8,5,Itália,França
8,5,Geórgia,França
8,5,Alemanha,França
8,5,Albânia,França
8,5,Áustria,França
8,5,Escócia,Croácia
8,5,Hungria,Croácia
8,5,Portugal,Croácia
8,5,Suíça,Croácia
8,5,República Tcheca,Croácia
8,5,Dinamarca,Croácia
8,5,Inglaterra,Croácia
8,5,Itália,Croácia
8,5,Geórgia,Croácia
8,5,Alemanha,Croácia
8,5,Albânia,Croácia
8,5,Áustria,Croácia
8,5,Hungria,Escócia
8,5,Portugal,Escócia
8,5,Suíça,Escócia
8,5,República Tcheca,Escócia
8,5,Dinamarca,Escócia
8,5,Inglaterra,Escócia
8,5,Itália,Escócia
8,5,Geórgia,Escócia
8,5,Alemanha,Escócia
8,5,Albânia,Escócia
8,5,Áustria,Escócia
8,5,Portugal,Hungria
8,5,Suíça,Hungria
8,5,República Tcheca,Hungria
8,5,Dinamarca,Hungria
8,5,Inglaterra,Hungria
8,5,Itália,Hungria
8,5,Geórgia,Hungria
8,5,Alemanha,Hungria
8,5,Albânia,Hungria
8,5,Áustria,Hungria
8,5,Suíça,Portugal
8,5,República Tcheca,Portugal
8,5,Dinamarca,Portugal
8,5,Inglaterra,Portugal
8,5,Itália,Portugal
8,5,Geórgia,Portugal
8,5,Alemanha,Portugal
8,5,Albânia,Portugal
8,5,Áustria,Portugal
8,5,República Tcheca,Suíça
8,5,Dinamarca,Suíça
8,5,Inglaterra,Suíça
8,5,Itália,Suíça
8,5,Geórgia,Suíça
8,5,Alemanha,Suíça
8,5,Albânia,Suíça
8,5,Áustria,Suíça
8,5,Dinamarca,República Tcheca
8,5,Inglaterra,República Tcheca
8,5,Itália,República Tcheca
8,5,Geórgia,República Tcheca
8,5,Alemanha,República Tcheca
8,5,Albânia,República Tcheca
8,5,Áustria,República Tcheca
8,5,Inglaterra,Dinamarca
8,5,Itália,Dinamarca
8,5,Geórgia,Dinamarca
8,5,Alemanha,Dinamarca
8,5,Albânia,Dinamarca
8,5,Áustria,Dinamarca
8,5,Itália,Inglaterra
8,5,Geórgia,Inglaterra
8,5,Alemanha,Inglaterra
8,5,Albânia,Inglaterra
8,5,Áustria,Inglaterra
8,5,Geórgia,Itália
8,5,Alemanha,Itália
8,5,Albânia,Itália
8,5,Áustria,Itália
8,5,Alemanha,Geórgia
8,5,Albânia,Geórgia
8,5,Áustria,Geórgia
8,5,Albânia,Alemanha
8,5,Áustria,Alemanha
8,5,Áustria,Albânia
8,8,Eslovênia,Países Baixos
8,8,Bélgica,Países Baixos
8,8,Romênia,Países Baixos
8,8,Ucrânia,Países Baixos
8,8,Polônia,Países Baixos
8,8,Eslováquia,Países Baixos
8,8,Turquia,Países Baixos
8,8,Sérvia,Países Baixos
8,8,Espanha,Países Baixos
8,8,França,Países Baixos
8,8,Croácia,Países Baixos
8,8,Escócia,Países Baixos
8,8,Hungria,Países Baixos
8,8,Portugal,Países Baixos
8,8,Suíça,Países Baixos
8,8,República Tcheca,Países Baixos
8,8,Dinamarca,Países Baixos
8,8,Inglaterra,Países Baixos
8,8,Itália,Países Baixos
8,8,Geórgia,Países Baixos
8,8,Alemanha,Países Baixos
8,8,Albânia,Países Baixos
8,8,Áustria,Países Baixos
8,8,Bélgica,Eslovênia
8,8,Romênia,Eslovênia
8,8,Ucrânia,Eslovênia
8,8,Polônia,Eslovênia
8,8,Eslováquia,Eslovênia
8,8,Turquia,Eslovênia
8,8,Sérvia,Eslovênia
8,8,Espanha,Eslovênia
8,8,França,Eslovênia
8,8,Croácia,Eslovênia
8,8,Escócia,Eslovênia
8,8,Hungria,Eslovênia
8,8,Portugal,Eslovênia
8,8,Suíça,Eslovênia
8,8,República Tcheca,Eslovênia
8,8,Dinamarca,Eslovênia
8,8,Inglaterra,Eslovênia
8,8,Itália,Eslovênia
8,8,Geórgia,Eslovênia
8,8,Alemanha,Eslovênia
8,8,Albânia,Eslovênia
8,8,Áustria,Eslovênia
8,8,Romênia,Bélgica
8,8,Ucrânia,Bélgica
8,8,Polônia,Bélgica
8,8,Eslováquia,Bélgica
8,8,Turquia,Bélgica
8,8,Sérvia,Bélgica
8,8,Espanha,Bélgica
8,8,França,Bélgica
8,8,Croácia,Bélgica
8,8,Escócia,Bélgica
8,8,Hungria,Bélgica
8,8,Portugal,Bélgica
8,8,Suíça,Bélgica
8,8,República Tcheca,Bélgica
8,8,Dinamarca,Bélgica
8,8,Inglaterra,Bélgica
8,8,Itália,Bélgica
8,8,Geórgia,Bélgica
8,8,Alemanha,Bélgica
8,8,Albânia,Bélgica
8,8,Áustria,Bélgica
8,8,Ucrânia,Romênia
8,8,Polônia,Romênia
8,8,Eslováquia,Romênia
8,8,Turquia,Romênia
8,8,Sérvia,Romênia
8,8,Espanha,Romênia
8,8,França,Romênia
8,8,Croácia,Romênia
8,8,Escócia,Romênia
8,8,Hungria,Romênia
8,8,Portugal,Romênia
8,8,Suíça,Romênia
8,8,República Tcheca,Romênia
8,8,Dinamarca,Romênia
8,8,Inglaterra,Romênia
8,8,Itália,Romênia
8,8,Geórgia,Romênia
8,8,Alemanha,Romênia
8,8,Albânia,Romênia
8,8,Áustria,Romênia
8,8,Polônia,Ucrânia
8,8,Eslováquia,Ucrânia
8,8,Turquia,Ucrânia
8,8,Sérvia,Ucrânia
8,8,Espanha,Ucrânia
8,8,França,Ucrânia
8,8,Croácia,Ucrânia
8,8,Escócia,Ucrânia
8,8,Hungria,Ucrânia
8,8,Portugal,Ucrânia
8,8,Suíça,Ucrânia
8,8,República Tcheca,Ucrânia
8,8,Dinamarca,Ucrânia
8,8,Inglaterra,Ucrânia
8,8,Itália,Ucrânia
8,8,Geórgia,Ucrânia
8,8,Alemanha,Ucrânia
8,8,Albânia,Ucrânia
8,8,Áustria,Ucrânia
8,8,Eslováquia,Polônia
8,8,Turquia,Polônia
8,8,Sérvia,Polônia
8,8,Espanha,Polônia
8,8,França,Polônia
8,8,Croácia,Polônia
8,8,Escócia,Polônia
8,8,Hungria,Polônia
8,8,Portugal,Polônia
8,8,Suíça,Polônia
8,8,República Tcheca,Polônia
8,8,Dinamarca,Polônia
8,8,Inglaterra,Polônia
8,8,Itália,Polônia
8,8,Geórgia,Polônia
8,8,Alemanha,Polônia
8,8,Albânia,Polônia
8,8,Áustria,Polônia
8,8,Turquia,Eslováquia
8,8,Sérvia,Eslováquia
8,8,Espanha,Eslováquia
8,8,França,Eslováquia
8,8,Croácia,Eslováquia
8,8,Escócia,Eslováquia
8,8,Hungria,Eslováquia
8,8,Portugal,Eslováquia
8,8,Suíça,Eslováquia
8,8,República Tcheca,Eslováquia
8,8,Dinamarca,Eslováquia
8,8,Inglaterra,Eslováquia
8,8,Itália,Eslováquia
8,8,Geórgia,Eslováquia
8,8,Alemanha,Eslováquia
8,8,Albânia,Eslováquia
8,8,Áustria,Eslováquia
8,8,Sérvia,Turquia
8,8,Espanha,Turquia
8,8,França,Turquia
8,8,Croácia,Turquia
8,8,Escócia,Turquia
8,8,Hungria,Turquia
8,8,Portugal,Turquia
8,8,Suíça,Turquia
8,8,República Tcheca,Turquia
8,8,Dinamarca,Turquia
8,8,Inglaterra,Turquia
8,8,Itália,Turquia
8,8,Geórgia,Turquia
8,8,Alemanha,Turquia
8,8,Albânia,Turquia
8,8,Áustria,Turquia
8,8,Espanha,Sérvia
8,8,França,Sérvia
8,8,Croácia,Sérvia
8,8,Escócia,Sérvia
8,8,Hungria,Sérvia
8,8,Portugal,Sérvia
8,8,Suíça,Sérvia
8,8,República Tcheca,Sérvia
8,8,Dinamarca,Sérvia
8,8,Inglaterra,Sérvia
8,8,Itália,Sérvia
8,8,Geórgia,Sérvia
8,8,Alemanha,Sérvia
8,8,Albânia,Sérvia
8,8,Áustria,Sérvia
8,8,França,Espanha
8,8,Croácia,Espanha
8,8,Escócia,Espanha
8,8,Hungria,Espanha
8,8,Portugal,Espanha
8,8,Suíça,Espanha
8,8,República Tcheca,Espanha
8,8,Dinamarca,Espanha
8,8,Inglaterra,Espanha
8,8,Itália,Espanha
8,8,Geórgia,Espanha
8,8,Alemanha,Espanha
8,8,Albânia,Espanha
8,8,Áustria,Espanha
8,8,Croácia,França
8,8,Escócia,França
8,8,Hungria,França
8,8,Portugal,França
8,8,Suíça,França
8,8,República Tcheca,França
8,8,Dinamarca,França
8,8,Inglaterra,França
8,8,Itália,França
8,8,Geórgia,França
8,8,Alemanha,França
8,8,Albânia,França
8,8,Áustria,França
8,8,Escócia,Croácia
8,8,Hungria,Croácia
8,8,Portugal,Croácia
8,8,Suíça,Croácia
8,8,República Tcheca,Croácia
8,8,Dinamarca,Croácia
8,8,Inglaterra,Croácia
8,8,Itália,Croácia
8,8,Geórgia,Croácia
8,8,Alemanha,Croácia
8,8,Albânia,Croácia
8,8,Áustria,Croácia
8,8,Hungria,Escócia
8,8,Portugal,Escócia
8,8,Suíça,Escócia
8,8,República Tcheca,Escócia
8,8,Dinamarca,Escócia
8,8,Inglaterra,Escócia
8,8,Itália,Escócia
8,8,Geórgia,Escócia
8,8,Alemanha,Escócia
8,8,Albânia,Escócia
8,8,Áustria,Escócia
8,8,Portugal,Hungria
8,8,Suíça,Hungria
8,8,República Tcheca,Hungria
8,8,Dinamarca,Hungria
8,8,Inglaterra,Hungria
8,8,Itália,Hungria
8,8,Geórgia,Hungria
8,8,Alemanha,Hungria
8,8,Albânia,Hungria
8,8,Áustria,Hungria
8,8,Suíça,Portugal
8,8,República Tcheca,Portugal
8,8,Dinamarca,Portugal
8,8,Inglaterra,Portugal
8,8,Itália,Portugal
8,8,Geórgia,Portugal
8,8,Alemanha,Portugal
8,8,Albânia,Portugal
8,8,Áustria,Portugal
8,8,República Tcheca,Suíça
8,8,Dinamarca,Suíça
8,8,Inglaterra,Suíça
8,8,Itália,Suíça
8,8,Geórgia,Suíça
8,8,Alemanha,Suíça
8,8,Albânia,Suíça
8,8,Áustria,Suíça
8,8,Dinamarca,República Tcheca
8,8,Inglaterra,República Tcheca
8,8,Itália,República Tcheca
8,8,Geórgia,República Tcheca
8,8,Alemanha,República Tcheca
8,8,Albânia,República Tcheca
8,8,Áustria,República Tcheca
8,8,Inglaterra,Dinamarca
8,8,Itália,Dinamarca
8,8,Geórgia,Dinamarca
8,8,Alemanha,Dinamarca
8,8,Albânia,Dinamarca
8,8,Áustria,Dinamarca
8,8,Itália,Inglaterra
8,8,Geórgia,Inglaterra
8,8,Alemanha,Inglaterra
8,8,Albânia,Inglaterra
8,8,Áustria,Inglaterra
8,8,Geórgia,Itália
8,8,Alemanha,Itália
8,8,Albânia,Itália
8,8,Áustria,Itália
8,8,Alemanha,Geórgia
8,8,Albânia,Geórgia
8,8,Áustria,Geórgia
8,8,Albânia,Alemanha
8,8,Áustria,Alemanha
8,8,Áustria,Albânia
8,11,Eslovênia,Países Baixos
8,11,Bélgica,Países Baixos
8,11,Romênia,Países Baixos
8,11,Ucrânia,Países Baixos
8,11,Polônia,Países Baixos
8,11,Eslováquia,Países Baixos
8,11,Turquia,Países Baixos
8,11,Sérvia,Países Baixos
8,11,Espanha,Países Baixos
8,11,França,Países Baixos
8,11,Croácia,Países Baixos
8,11,Escócia,Países Baixos
8,11,Hungria,Países Baixos
8,11,Portugal,Países Baixos
8,11,Suíça,Países Baixos
8,11,República Tcheca,Países Baixos
8,11,Dinamarca,Países Baixos
8,11,Inglaterra,Países Baixos
8,11,Itália,Países Baixos
8,11,Geórgia,Países Baixos
8,11,Alemanha,Países Baixos
8,11,Albânia,Países Baixos
8,11,Áustria,Países Baixos
8,11,Bélgica,Eslovênia
8,11,Romênia,Eslovênia
8,11,Ucrânia,Eslovênia
8,11,Polônia,Eslovênia
8,11,Eslováquia,Eslovênia
8,11,Turquia,Eslovênia
8,11,Sérvia,Eslovênia
8,11,Espanha,Eslovênia
8,11,França,Eslovênia
8,11,Croácia,Eslovênia
8,11,Escócia,Eslovênia
8,11,Hungria,Eslovênia
8,11,Portugal,Eslovênia
8,11,Suíça,Eslovênia
8,11,República Tcheca,Eslovênia
8,11,Dinamarca,Eslovênia
8,11,Inglaterra,Eslovênia
8,11,Itália,Eslovênia
8,11,Geórgia,Eslovênia
8,11,Alemanha,Eslovênia
8,11,Albânia,Eslovênia
8,11,Áustria,Eslovênia
8,11,Romênia,Bélgica
8,11,Ucrânia,Bélgica
8,11,Polônia,Bélgica
8,11,Eslováquia,Bélgica
8,11,Turquia,Bélgica
8,11,Sérvia,Bélgica
8,11,Espanha,Bélgica
8,11,França,Bélgica
8,11,Croácia,Bélgica
8,11,Escócia,Bélgica
8,11,Hungria,Bélgica
8,11,Portugal,Bélgica
8,11,Suíça,Bélgica
8,11,República Tcheca,Bélgica
8,11,Dinamarca,Bélgica
8,11,Inglaterra,Bélgica
8,11,Itália,Bélgica
8,11,Geórgia,Bélgica
8,11,Alemanha,Bélgica
8,11,Albânia,Bélgica
8,11,Áustria,Bélgica
8,11,Ucrânia,Romênia
8,11,Polônia,Romênia
8,11,Eslováquia,Romênia
8,11,Turquia,Romênia
8,11,Sérvia,Romênia
8,11,Espanha,Romênia
8,11,França,Romênia
8,11,Croácia,Romênia
8,11,Escócia,Romênia
8,11,Hungria,Romênia
8,11,Portugal,Romênia
8,11,Suíça,Romênia
8,11,República Tcheca,Romênia
8,11,Dinamarca,Romênia
8,11,Inglaterra,Romênia
8,11,Itália,Romênia
8,11,Geórgia,Romênia
8,11,Alemanha,Romênia
8,11,Albânia,Romênia
8,11,Áustria,Romênia
8,11,Polônia,Ucrânia
8,11,Eslováquia,Ucrânia
8,11,Turquia,Ucrânia
8,11,Sérvia,Ucrânia
8,11,Espanha,Ucrânia
8,11,França,Ucrânia
8,11,Croácia,Ucrânia
8,11,Escócia,Ucrânia
8,11,Hungria,Ucrânia
8,11,Portugal,Ucrânia
8,11,Suíça,Ucrânia
8,11,República Tcheca,Ucrânia
8,11,Dinamarca,Ucrânia
8,11,Inglaterra,Ucrânia
8,11,Itália,Ucrânia
8,11,Geórgia,Ucrânia
8,11,Alemanha,Ucrânia
8,11,Albânia,Ucrânia
8,11,Áustria,Ucrânia
8,11,Eslováquia,Polônia
8,11,Turquia,Polônia
8,11,Sérvia,Polônia
8,11,Espanha,Polônia
8,11,França,Polônia
8,11,Croácia,Polônia
8,11,Escócia,Polônia
8,11,Hungria,Polônia
8,11,Portugal,Polônia
8,11,Suíça,Polônia
8,11,República Tcheca,Polônia
8,11,Dinamarca,Polônia
8,11,Inglaterra,Polônia
8,11,Itália,Polônia
8,11,Geórgia,Polônia
8,11,Alemanha,Polônia
8,11,Albânia,Polônia
8,11,Áustria,Polônia
8,11,Turquia,Eslováquia
8,11,Sérvia,Eslováquia
8,11,Espanha,Eslováquia
8,11,França,Eslováquia
8,11,Croácia,Eslováquia
8,11,Escócia,Eslováquia
8,11,Hungria,Eslováquia
8,11,Portugal,Eslováquia
8,11,Suíça,Eslováquia
8,11,República Tcheca,Eslováquia
8,11,Dinamarca,Eslováquia
8,11,Inglaterra,Eslováquia
8,11,Itália,Eslováquia
8,11,Geórgia,Eslováquia
8,11,Alemanha,Eslováquia
8,11,Albânia,Eslováquia
8,11,Áustria,Eslováquia
8,11,Sérvia,Turquia
8,11,Espanha,Turquia
8,11,França,Turquia
8,11,Croácia,Turquia
8,11,Escócia,Turquia
8,11,Hungria,Turquia
8,11,Portugal,Turquia
8,11,Suíça,Turquia
8,11,República Tcheca,Turquia
8,11,Dinamarca,Turquia
8,11,Inglaterra,Turquia
8,11,Itália,Turquia
8,11,Geórgia,Turquia
8,11,Alemanha,Turquia
8,11,Albânia,Turquia
8,11,Áustria,Turquia
8,11,Espanha,Sérvia
8,11,França,Sérvia
8,11,Croácia,Sérvia
8,11,Escócia,Sérvia
8,11,Hungria,Sérvia
8,11,Portugal,Sérvia
8,11,Suíça,Sérvia
8,11,República Tcheca,Sérvia
8,11,Dinamarca,Sérvia
8,11,Inglaterra,Sérvia
8,11,Itália,Sérvia
8,11,Geórgia,Sérvia
8,11,Alemanha,Sérvia
8,11,Albânia,Sérvia
8,11,Áustria,Sérvia
8,11,França,Espanha
8,11,Croácia,Espanha
8,11,Escócia,Espanha
8,11,Hungria,Espanha
8,11,Portugal,Espanha
8,11,Suíça,Espanha
8,11,República Tcheca,Espanha
8,11,Dinamarca,Espanha
8,11,Inglaterra,Espanha
8,11,Itália,Espanha
8,11,Geórgia,Espanha
8,11,Alemanha,Espanha
8,11,Albânia,Espanha
8,11,Áustria,Espanha
8,11,Croácia,França
8,11,Escócia,França
8,11,Hungria,França
8,11,Portugal,França
8,11,Suíça,França
8,11,República Tcheca,França
8,11,Dinamarca,França
8,11,Inglaterra,França
8,11,Itália,França
8,11,Geórgia,França
8,11,Alemanha,França
8,11,Albânia,França
8,11,Áustria,França
8,11,Escócia,Croácia
8,11,Hungria,Croácia
8,11,Portugal,Croácia
8,11,Suíça,Croácia
8,11,República Tcheca,Croácia
8,11,Dinamarca,Croácia
8,11,Inglaterra,Croácia
8,11,Itália,Croácia
8,11,Geórgia,Croácia
8,11,Alemanha,Croácia
8,11,Albânia,Croácia
8,11,Áustria,Croácia
8,11,Hungria,Escócia
8,11,Portugal,Escócia
8,11,Suíça,Escócia
8,11,República Tcheca,Escócia
8,11,Dinamarca,Escócia
8,11,Inglaterra,Escócia
8,11,Itália,Escócia
8,11,Geórgia,Escócia
8,11,Alemanha,Escócia
8,11,Albânia,Escócia
8,11,Áustria,Escócia
8,11,Portugal,Hungria
8,11,Suíça,Hungria
8,11,República Tcheca,Hungria
8,11,Dinamarca,Hungria
8,11,Inglaterra,Hungria
8,11,Itália,Hungria
8,11,Geórgia,Hungria
8,11,Alemanha,Hungria
8,11,Albânia,Hungria
8,11,Áustria,Hungria
8,11,Suíça,Portugal
8,11,República Tcheca,Portugal
8,11,Dinamarca,Portugal
8,11,Inglaterra,Portugal
8,11,Itália,Portugal
8,11,Geórgia,Portugal
8,11,Alemanha,Portugal
8,11,Albânia,Portugal
8,11,Áustria,Portugal
8,11,República Tcheca,Suíça
8,11,Dinamarca,Suíça
8,11,Inglaterra,Suíça
8,11,Itália,Suíça
8,11,Geórgia,Suíça
8,11,Alemanha,Suíça
8,11,Albânia,Suíça
8,11,Áustria,Suíça
8,11,Dinamarca,República Tcheca
8,11,Inglaterra,República Tcheca
8,11,Itália,República Tcheca
8,11,Geórgia,República Tcheca
8,11,Alemanha,República Tcheca
8,11,Albânia,República Tcheca
8,11,Áustria,República Tcheca
8,11,Inglaterra,Dinamarca
8,11,Itália,Dinamarca
8,11,Geórgia,Dinamarca
8,11,Alemanha,Dinamarca
8,11,Albânia,Dinamarca
8,11,Áustria,Dinamarca
8,11,Itália,Inglaterra
8,11,Geórgia,Inglaterra
8,11,Alemanha,Inglaterra
8,11,Albânia,Inglaterra
8,11,Áustria,Inglaterra
8,11,Geórgia,Itália
8,11,Alemanha,Itália
8,11,Albânia,Itália
8,11,Áustria,Itália
8,11,Alemanha,Geórgia
8,11,Albânia,Geórgia
8,11,Áustria,Geórgia
8,11,Albânia,Alemanha
8,11,Áustria,Alemanha
8,11,Áustria,Albânia
8,14,Eslovênia,Países Baixos
8,14,Bélgica,Países Baixos
8,14,Romênia,Países Baixos
8,14,Ucrânia,Países Baixos
8,14,Polônia,Países Baixos
8,14,Eslováquia,Países Baixos
8,14,Turquia,Países Baixos
8,14,Sérvia,Países Baixos
8,14,Espanha,Países Baixos
8,14,França,Países Baixos
8,14,Croácia,Países Baixos
8,14,Escócia,Países Baixos
8,14,Hungria,Países Baixos
8,14,Portugal,Países Baixos
8,14,Suíça,Países Baixos
8,14,República Tcheca,Países Baixos
8,14,Dinamarca,Países Baixos
8,14,Inglaterra,Países Baixos
8,14,Itália,Países Baixos
8,14,Geórgia,Países Baixos
8,14,Alemanha,Países Baixos
8,14,Albânia,Países Baixos
8,14,Áustria,Países Baixos
8,14,Bélgica,Eslovênia
8,14,Romênia,Eslovênia
8,14,Ucrânia,Eslovênia
8,14,Polônia,Eslovênia
8,14,Eslováquia,Eslovênia
8,14,Turquia,Eslovênia
8,14,Sérvia,Eslovênia
8,14,Espanha,Eslovênia
8,14,França,Eslovênia
8,14,Croácia,Eslovênia
8,14,Escócia,Eslovênia
8,14,Hungria,Eslovênia
8,14,Portugal,Eslovênia
8,14,Suíça,Eslovênia
8,14,República Tcheca,Eslovênia
8,14,Dinamarca,Eslovênia
8,14,Inglaterra,Eslovênia
8,14,Itália,Eslovênia
8,14,Geórgia,Eslovênia
8,14,Alemanha,Eslovênia
8,14,Albânia,Eslovênia
8,14,Áustria,Eslovênia
8,14,Romênia,Bélgica
8,14,Ucrânia,Bélgica
8,14,Polônia,Bélgica
8,14,Eslováquia,Bélgica
8,14,Turquia,Bélgica
8,14,Sérvia,Bélgica
8,14,Espanha,Bélgica
8,14,França,Bélgica
8,14,Croácia,Bélgica
8,14,Escócia,Bélgica
8,14,Hungria,Bélgica
8,14,Portugal,Bélgica
8,14,Suíça,Bélgica
8,14,República Tcheca,Bélgica
8,14,Dinamarca,Bélgica
8,14,Inglaterra,Bélgica
8,14,Itália,Bélgica
8,14,Geórgia,Bélgica
8,14,Alemanha,Bélgica
8,14,Albânia,Bélgica
8,14,Áustria,Bélgica
8,14,Ucrânia,Romênia
8,14,Polônia,Romênia
8,14,Eslováquia,Romênia
8,14,Turquia,Romênia
8,14,Sérvia,Romênia
8,14,Espanha,Romênia
8,14,França,Romênia
8,14,Croácia,Romênia
8,14,Escócia,Romênia
8,14,Hungria,Romênia
8,14,Portugal,Romênia
8,14,Suíça,Romênia
8,14,República Tcheca,Romênia
8,14,Dinamarca,Romênia
8,14,Inglaterra,Romênia
8,14,Itália,Romênia
8,14,Geórgia,Romênia
8,14,Alemanha,Romênia
8,14,Albânia,Romênia
8,14,Áustria,Romênia
8,14,Polônia,Ucrânia
8,14,Eslováquia,Ucrânia
8,14,Turquia,Ucrânia
8,14,Sérvia,Ucrânia
8,14,Espanha,Ucrânia
8,14,França,Ucrânia
8,14,Croácia,Ucrânia
8,14,Escócia,Ucrânia
8,14,Hungria,Ucrânia
8,14,Portugal,Ucrânia
8,14,Suíça,Ucrânia
8,14,República Tcheca,Ucrânia
8,14,Dinamarca,Ucrânia
8,14,Inglaterra,Ucrânia
8,14,Itália,Ucrânia
8,14,Geórgia,Ucrânia
8,14,Alemanha,Ucrânia
8,14,Albânia,Ucrânia
8,14,Áustria,Ucrânia
8,14,Eslováquia,Polônia
8,14,Turquia,Polônia
8,14,Sérvia,Polônia
8,14,Espanha,Polônia
8,14,França,Polônia
8,14,Croácia,Polônia
8,14,Escócia,Polônia
8,14,Hungria,Polônia
8,14,Portugal,Polônia
8,14,Suíça,Polônia
8,14,República Tcheca,Polônia
8,14,Dinamarca,Polônia
8,14,Inglaterra,Polônia
8,14,Itália,Polônia
8,14,Geórgia,Polônia
8,14,Alemanha,Polônia
8,14,Albânia,Polônia
8,14,Áustria,Polônia
8,14,Turquia,Eslováquia
8,14,Sérvia,Eslováquia
8,14,Espanha,Eslováquia
8,14,França,Eslováquia
8,14,Croácia,Eslováquia
8,14,Escócia,Eslováquia
8,14,Hungria,Eslováquia
8,14,Portugal,Eslováquia
8,14,Suíça,Eslováquia
8,14,República Tcheca,Eslováquia
8,14,Dinamarca,Eslováquia
8,14,Inglaterra,Eslováquia
8,14,Itália,Eslováquia
8,14,Geórgia,Eslováquia
8,14,Alemanha,Eslováquia
8,14,Albânia,Eslováquia
8,14,Áustria,Eslováquia
8,14,Sérvia,Turquia
8,14,Espanha,Turquia
8,14,França,Turquia
8,14,Croácia,Turquia
8,14,Escócia,Turquia
8,14,Hungria,Turquia
8,14,Portugal,Turquia
8,14,Suíça,Turquia
8,14,República Tcheca,Turquia
8,14,Dinamarca,Turquia
8,14,Inglaterra,Turquia
8,14,Itália,Turquia
8,14,Geórgia,Turquia
8,14,Alemanha,Turquia
8,14,Albânia,Turquia
8,14,Áustria,Turquia
8,14,Espanha,Sérvia
8,14,França,Sérvia
8,14,Croácia,Sérvia
8,14,Escócia,Sérvia
8,14,Hungria,Sérvia
8,14,Portugal,Sérvia
8,14,Suíça,Sérvia
8,14,República Tcheca,Sérvia
8,14,Dinamarca,Sérvia
8,14,Inglaterra,Sérvia
8,14,Itália,Sérvia
8,14,Geórgia,Sérvia
8,14,Alemanha,Sérvia
8,14,Albânia,Sérvia
8,14,Áustria,Sérvia
8,14,França,Espanha
8,14,Croácia,Espanha
8,14,Escócia,Espanha
8,14,Hungria,Espanha
8,14,Portugal,Espanha
8,14,Suíça,Espanha
8,14,República Tcheca,Espanha
8,14,Dinamarca,Espanha
8,14,Inglaterra,Espanha
8,14,Itália,Espanha
8,14,Geórgia,Espanha
8,14,Alemanha,Espanha
8,14,Albânia,Espanha
8,14,Áustria,Espanha
8,14,Croácia,França
8,14,Escócia,França
8,14,Hungria,França
8,14,Portugal,França
8,14,Suíça,França
8,14,República Tcheca,França
8,14,Dinamarca,França
8,14,Inglaterra,França
8,14,Itália,França
8,14,Geórgia,França
8,14,Alemanha,França
8,14,Albânia,França
8,14,Áustria,França
8,14,Escócia,Croácia
8,14,Hungria,Croácia
8,14,Portugal,Croácia
8,14,Suíça,Croácia
8,14,República Tcheca,Croácia
8,14,Dinamarca,Croácia
8,14,Inglaterra,Croácia
8,14,Itália,Croácia
8,14,Geórgia,Croácia
8,14,Alemanha,Croácia
8,14,Albânia,Croácia
8,14,Áustria,Croácia
8,14,Hungria,Escócia
8,14,Portugal,Escócia
8,14,Suíça,Escócia
8,14,República Tcheca,Escócia
8,14,Dinamarca,Escócia
8,14,Inglaterra,Escócia
8,14,Itália,Escócia
8,14,Geórgia,Escócia
8,14,Alemanha,Escócia
8,14,Albânia,Escócia
8,14,Áustria,Escócia
8,14,Portugal,Hungria
8,14,Suíça,Hungria
8,14,República Tcheca,Hungria
8,14,Dinamarca,Hungria
8,14,Inglaterra,Hungria
8,14,Itália,Hungria
8,14,Geórgia,Hungria
8,14,Alemanha,Hungria
8,14,Albânia,Hungria
8,14,Áustria,Hungria
8,14,Suíça,Portugal
8,14,República Tcheca,Portugal
8,14,Dinamarca,Portugal
8,14,Inglaterra,Portugal
8,14,Itália,Portugal
8,14,Geórgia,Portugal
8,14,Alemanha,Portugal
8,14,Albânia,Portugal
8,14,Áustria,Portugal
8,14,República Tcheca,Suíça
8,14,Dinamarca,Suíça
8,14,Inglaterra,Suíça
8,14,Itália,Suíça
8,14,Geórgia,Suíça
8,14,Alemanha,Suíça
8,14,Albânia,Suíça
8,14,Áustria,Suíça
8,14,Dinamarca,República Tcheca
8,14,Inglaterra,República Tcheca
8,14,Itália,República Tcheca
8,14,Geórgia,República Tcheca
8,14,Alemanha,República Tcheca
8,14,Albânia,República Tcheca
8,14,Áustria,República Tcheca
8,14,Inglaterra,Dinamarca
8,14,Itália,Dinamarca
8,14,Geórgia,Dinamarca
8,14,Alemanha,Dinamarca
8,14,Albânia,Dinamarca
8,14,Áustria,Dinamarca
8,14,Itália,Inglaterra
8,14,Geórgia,Inglaterra
8,14,Alemanha,Inglaterra
8,14,Albânia,Inglaterra
8,14,Áustria,Inglaterra
8,14,Geórgia,Itália
8,14,Alemanha,Itália
8,14,Albânia,Itália
8,14,Áustria,Itália
8,14,Alemanha,Geórgia
8,14,Albânia,Geórgia
8,14,Áustria,Geórgia
8,14,Albânia,Alemanha
8,14,Áustria,Alemanha
8,14,Áustria,Albânia
8,17,Eslovênia,Países Baixos
8,17,Bélgica,Países Baixos
8,17,Romênia,Países Baixos
8,17,Ucrânia,Países Baixos
8,17,Polônia,Países Baixos
8,17,Eslováquia,Países Baixos
8,17,Turquia,Países Baixos
8,17,Sérvia,Países Baixos
8,17,Espanha,Países Baixos
8,17,França,Países Baixos
8,17,Croácia,Países Baixos
8,17,Escócia,Países Baixos
8,17,Hungria,Países Baixos
8,17,Portugal,Países Baixos
8,17,Suíça,Países Baixos
8,17,República Tcheca,Países Baixos
8,17,Dinamarca,Países Baixos
8,17,Inglaterra,Países Baixos
8,17,Itália,Países Baixos
8,17,Geórgia,Países Baixos
8,17,Alemanha,Países Baixos
8,17,Albânia,Países Baixos
8,17,Áustria,Países Baixos
8,17,Bélgica,Eslovênia
8,17,Romênia,Eslovênia
8,17,Ucrânia,Eslovênia
8,17,Polônia,Eslovênia
8,17,Eslováquia,Eslovênia
8,17,Turquia,Eslovênia
8,17,Sérvia,Eslovênia
8,17,Espanha,Eslovênia
8,17,França,Eslovênia
8,17,Croácia,Eslovênia
8,17,Escócia,Eslovênia
8,17,Hungria,Eslovênia
8,17,Portugal,Eslovênia
8,17,Suíça,Eslovênia
8,17,República Tcheca,Eslovênia
8,17,Dinamarca,Eslovênia
8,17,Inglaterra,Eslovênia
8,17,Itália,Eslovênia
8,17,Geórgia,Eslovênia
8,17,Alemanha,Eslovênia
8,17,Albânia,Eslovênia
8,17,Áustria,Eslovênia
8,17,Romênia,Bélgica
8,17,Ucrânia,Bélgica
8,17,Polônia,Bélgica
8,17,Eslováquia,Bélgica
8,17,Turquia,Bélgica
8,17,Sérvia,Bélgica
8,17,Espanha,Bélgica
8,17,França,Bélgica
8,17,Croácia,Bélgica
8,17,Escócia,Bélgica
8,17,Hungria,Bélgica
8,17,Portugal,Bélgica
8,17,Suíça,Bélgica
8,17,República Tcheca,Bélgica
8,17,Dinamarca,Bélgica
8,17,Inglaterra,Bélgica
8,17,Itália,Bélgica
8,17,Geórgia,Bélgica
8,17,Alemanha,Bélgica
8,17,Albânia,Bélgica
8,17,Áustria,Bélgica
8,17,Ucrânia,Romênia
8,17,Polônia,Romênia
8,17,Eslováquia,Romênia
8,17,Turquia,Romênia
8,17,Sérvia,Romênia
8,17,Espanha,Romênia
8,17,França,Romênia
8,17,Croácia,Romênia
8,17,Escócia,Romênia
8,17,Hungria,Romênia
8,17,Portugal,Romênia
8,17,Suíça,Romênia
8,17,República Tcheca,Romênia
8,17,Dinamarca,Romênia
8,17,Inglaterra,Romênia
8,17,Itália,Romênia
8,17,Geórgia,Romênia
8,17,Alemanha,Romênia
8,17,Albânia,Romênia
8,17,Áustria,Romênia
8,17,Polônia,Ucrânia
8,17,Eslováquia,Ucrânia
8,17,Turquia,Ucrânia
8,17,Sérvia,Ucrânia
8,17,Espanha,Ucrânia
8,17,França,Ucrânia
8,17,Croácia,Ucrânia
8,17,Escócia,Ucrânia
8,17,Hungria,Ucrânia
8,17,Portugal,Ucrânia
8,17,Suíça,Ucrânia
8,17,República Tcheca,Ucrânia
8,17,Dinamarca,Ucrânia
8,17,Inglaterra,Ucrânia
8,17,Itália,Ucrânia
8,17,Geórgia,Ucrânia
8,17,Alemanha,Ucrânia
8,17,Albânia,Ucrânia
8,17,Áustria,Ucrânia
8,17,Eslováquia,Polônia
8,17,Turquia,Polônia
8,17,Sérvia,Polônia
8,17,Espanha,Polônia
8,17,França,Polônia
8,17,Croácia,Polônia
8,17,Escócia,Polônia
8,17,Hungria,Polônia
8,17,Portugal,Polônia
8,17,Suíça,Polônia
8,17,República Tcheca,Polônia
8,17,Dinamarca,Polônia
8,17,Inglaterra,Polônia
8,17,Itália,Polônia
8,17,Geórgia,Polônia
8,17,Alemanha,Polônia
8,17,Albânia,Polônia
8,17,Áustria,Polônia
8,17,Turquia,Eslováquia
8,17,Sérvia,Eslováquia
8,17,Espanha,Eslováquia
8,17,França,Eslováquia
8,17,Croácia,Eslováquia
8,17,Escócia,Eslováquia
8,17,Hungria,Eslováquia
8,17,Portugal,Eslováquia
8,17,Suíça,Eslováquia
8,17,República Tcheca,Eslováquia
8,17,Dinamarca,Eslováquia
8,17,Inglaterra,Eslováquia
8,17,Itália,Eslováquia
8,17,Geórgia,Eslováquia
8,17,Alemanha,Eslováquia
8,17,Albânia,Eslováquia
8,17,Áustria,Eslováquia
8,17,Sérvia,Turquia
8,17,Espanha,Turquia
8,17,França,Turquia
8,17,Croácia,Turquia
8,17,Escócia,Turquia
8,17,Hungria,Turquia
8,17,Portugal,Turquia
8,17,Suíça,Turquia
8,17,República Tcheca,Turquia
8,17,Dinamarca,Turquia
8,17,Inglaterra,Turquia
8,17,Itália,Turquia
8,17,Geórgia,Turquia
8,17,Alemanha,Turquia
8,17,Albânia,Turquia
8,17,Áustria,Turquia
8,17,Espanha,Sérvia
8,17,França,Sérvia
8,17,Croácia,Sérvia
8,17,Escócia,Sérvia
8,17,Hungria,Sérvia
8,17,Portugal,Sérvia
8,17,Suíça,Sérvia
8,17,República Tcheca,Sérvia
8,17,Dinamarca,Sérvia
8,17,Inglaterra,Sérvia
8,17,Itália,Sérvia
8,17,Geórgia,Sérvia
8,17,Alemanha,Sérvia
8,17,Albânia,Sérvia
8,17,Áustria,Sérvia
8,17,França,Espanha
8,17,Croácia,Espanha
8,17,Escócia,Espanha
8,17,Hungria,Espanha
8,17,Portugal,Espanha
8,17,Suíça,Espanha
8,17,República Tcheca,Espanha
8,17,Dinamarca,Espanha
8,17,Inglaterra,Espanha
8,17,Itália,Espanha
8,17,Geórgia,Espanha
8,17,Alemanha,Espanha
8,17,Albânia,Espanha
8,17,Áustria,Espanha
8,17,Croácia,França
8,17,Escócia,França
8,17,Hungria,França
8,17,Portugal,França
8,17,Suíça,França
8,17,República Tcheca,França
8,17,Dinamarca,França
8,17,Inglaterra,França
8,17,Itália,França
8,17,Geórgia,França
8,17,Alemanha,França
8,17,Albânia,França
8,17,Áustria,França
8,17,Escócia,Croácia
8,17,Hungria,Croácia
8,17,Portugal,Croácia
8,17,Suíça,Croácia
8,17,República Tcheca,Croácia
8,17,Dinamarca,Croácia
8,17,Inglaterra,Croácia
8,17,Itália,Croácia
8,17,Geórgia,Croácia
8,17,Alemanha,Croácia
8,17,Albânia,Croácia
8,17,Áustria,Croácia
8,17,Hungria,Escócia
8,17,Portugal,Escócia
8,17,Suíça,Escócia
8,17,República Tcheca,Escócia
8,17,Dinamarca,Escócia
8,17,Inglaterra,Escócia
8,17,Itália,Escócia
8,17,Geórgia,Escócia
8,17,Alemanha,Escócia
8,17,Albânia,Escócia
8,17,Áustria,Escócia
8,17,Portugal,Hungria
8,17,Suíça,Hungria
8,17,República Tcheca,Hungria
8,17,Dinamarca,Hungria
8,17,Inglaterra,Hungria
8,17,Itália,Hungria
8,17,Geórgia,Hungria
8,17,Alemanha,Hungria
8,17,Albânia,Hungria
8,17,Áustria,Hungria
8,17,Suíça,Portugal
8,17,República Tcheca,Portugal
8,17,Dinamarca,Portugal
8,17,Inglaterra,Portugal
8,17,Itália,Portugal
8,17,Geórgia,Portugal
8,17,Alemanha,Portugal
8,17,Albânia,Portugal
8,17,Áustria,Portugal
8,17,República Tcheca,Suíça
8,17,Dinamarca,Suíça
8,17,Inglaterra,Suíça
8,17,Itália,Suíça
8,17,Geórgia,Suíça
8,17,Alemanha,Suíça
8,17,Albânia,Suíça
8,17,Áustria,Suíça
8,17,Dinamarca,República Tcheca
8,17,Inglaterra,República Tcheca
8,17,Itália,República Tcheca
8,17,Geórgia,República Tcheca
8,17,Alemanha,República Tcheca
8,17,Albânia,República Tcheca
8,17,Áustria,República Tcheca
8,17,Inglaterra,Dinamarca
8,17,Itália,Dinamarca
8,17,Geórgia,Dinamarca
8,17,Alemanha,Dinamarca
8,17,Albânia,Dinamarca
8,17,Áustria,Dinamarca
8,17,Itália,Inglaterra
8,17,Geórgia,Inglaterra
8,17,Alemanha,Inglaterra
8,17,Albânia,Inglaterra
8,17,Áustria,Inglaterra
8,17,Geórgia,Itália
8,17,Alemanha,Itália
8,17,Albânia,Itália
8,17,Áustria,Itália
8,17,Alemanha,Geórgia
8,17,Albânia,Geórgia
8,17,Áustria,Geórgia
8,17,Albânia,Alemanha
8,17,Áustria,Alemanha
8,17,Áustria,Albânia
8,20,Eslovênia,Países Baixos
8,20,Bélgica,Países Baixos
8,20,Romênia,Países Baixos
8,20,Ucrânia,Países Baixos
8,20,Polônia,Países Baixos
8,20,Eslováquia,Países Baixos
8,20,Turquia,Países Baixos
8,20,Sérvia,Países Baixos
8,20,Espanha,Países Baixos
8,20,França,Países Baixos
8,20,Croácia,Países Baixos
8,20,Escócia,Países Baixos
8,20,Hungria,Países Baixos
8,20,Portugal,Países Baixos
8,20,Suíça,Países Baixos
8,20,República Tcheca,Países Baixos
8,20,Dinamarca,Países Baixos
8,20,Inglaterra,Países Baixos
8,20,Itália,Países Baixos
8,20,Geórgia,Países Baixos
8,20,Alemanha,Países Baixos
8,20,Albânia,Países Baixos
8,20,Áustria,Países Baixos
8,20,Bélgica,Eslovênia
8,20,Romênia,Eslovênia
8,20,Ucrânia,Eslovênia
8,20,Polônia,Eslovênia
8,20,Eslováquia,Eslovênia
8,20,Turquia,Eslovênia
8,20,Sérvia,Eslovênia
8,20,Espanha,Eslovênia
8,20,França,Eslovênia
8,20,Croácia,Eslovênia
8,20,Escócia,Eslovênia
8,20,Hungria,Eslovênia
8,20,Portugal,Eslovênia
8,20,Suíça,Eslovênia
8,20,República Tcheca,Eslovênia
8,20,Dinamarca,Eslovênia
8,20,Inglaterra,Eslovênia
8,20,Itália,Eslovênia
8,20,Geórgia,Eslovênia
8,20,Alemanha,Eslovênia
8,20,Albânia,Eslovênia
8,20,Áustria,Eslovênia
8,20,Romênia,Bélgica
8,20,Ucrânia,Bélgica
8,20,Polônia,Bélgica
8,20,Eslováquia,Bélgica
8,20,Turquia,Bélgica
8,20,Sérvia,Bélgica
8,20,Espanha,Bélgica
8,20,França,Bélgica
8,20,Croácia,Bélgica
8,20,Escócia,Bélgica
8,20,Hungria,Bélgica
8,20,Portugal,Bélgica
8,20,Suíça,Bélgica
8,20,República Tcheca,Bélgica
8,20,Dinamarca,Bélgica
8,20,Inglaterra,Bélgica
8,20,Itália,Bélgica
8,20,Geórgia,Bélgica
8,20,Alemanha,Bélgica
8,20,Albânia,Bélgica
8,20,Áustria,Bélgica
8,20,Ucrânia,Romênia
8,20,Polônia,Romênia
8,20,Eslováquia,Romênia
8,20,Turquia,Romênia
8,20,Sérvia,Romênia
8,20,Espanha,Romênia
8,20,França,Romênia
8,20,Croácia,Romênia
8,20,Escócia,Romênia
8,20,Hungria,Romênia
8,20,Portugal,Romênia
8,20,Suíça,Romênia
8,20,República Tcheca,Romênia
8,20,Dinamarca,Romênia
8,20,Inglaterra,Romênia
8,20,Itália,Romênia
8,20,Geórgia,Romênia
8,20,Alemanha,Romênia
8,20,Albânia,Romênia
8,20,Áustria,Romênia
8,20,Polônia,Ucrânia
8,20,Eslováquia,Ucrânia
8,20,Turquia,Ucrânia
8,20,Sérvia,Ucrânia
8,20,Espanha,Ucrânia
8,20,França,Ucrânia
8,20,Croácia,Ucrânia
8,20,Escócia,Ucrânia
8,20,Hungria,Ucrânia
8,20,Portugal,Ucrânia
8,20,Suíça,Ucrânia
8,20,República Tcheca,Ucrânia
8,20,Dinamarca,Ucrânia
8,20,Inglaterra,Ucrânia
8,20,Itália,Ucrânia
8,20,Geórgia,Ucrânia
8,20,Alemanha,Ucrânia
8,20,Albânia,Ucrânia
8,20,Áustria,Ucrânia
8,20,Eslováquia,Polônia
8,20,Turquia,Polônia
8,20,Sérvia,Polônia
8,20,Espanha,Polônia
8,20,França,Polônia
8,20,Croácia,Polônia
8,20,Escócia,Polônia
8,20,Hungria,Polônia
8,20,Portugal,Polônia
8,20,Suíça,Polônia
8,20,República Tcheca,Polônia
8,20,Dinamarca,Polônia
8,20,Inglaterra,Polônia
8,20,Itália,Polônia
8,20,Geórgia,Polônia
8,20,Alemanha,Polônia
8,20,Albânia,Polônia
8,20,Áustria,Polônia
8,20,Turquia,Eslováquia
8,20,Sérvia,Eslováquia
8,20,Espanha,Eslováquia
8,20,França,Eslováquia
8,20,Croácia,Eslováquia
8,20,Escócia,Eslováquia
8,20,Hungria,Eslováquia
8,20,Portugal,Eslováquia
8,20,Suíça,Eslováquia
8,20,República Tcheca,Eslováquia
8,20,Dinamarca,Eslováquia
8,20,Inglaterra,Eslováquia
8,20,Itália,Eslováquia
8,20,Geórgia,Eslováquia
8,20,Alemanha,Eslováquia
8,20,Albânia,Eslováquia
8,20,Áustria,Eslováquia
8,20,Sérvia,Turquia
8,20,Espanha,Turquia
8,20,França,Turquia
8,20,Croácia,Turquia
8,20,Escócia,Turquia
8,20,Hungria,Turquia
8,20,Portugal,Turquia
8,20,Suíça,Turquia
8,20,República Tcheca,Turquia
8,20,Dinamarca,Turquia
8,20,Inglaterra,Turquia
8,20,Itália,Turquia
8,20,Geórgia,Turquia
8,20,Alemanha,Turquia
8,20,Albânia,Turquia
8,20,Áustria,Turquia
8,20,Espanha,Sérvia
8,20,França,Sérvia
8,20,Croácia,Sérvia
8,20,Escócia,Sérvia
8,20,Hungria,Sérvia
8,20,Portugal,Sérvia
8,20,Suíça,Sérvia
8,20,República Tcheca,Sérvia
8,20,Dinamarca,Sérvia
8,20,Inglaterra,Sérvia
8,20,Itália,Sérvia
8,20,Geórgia,Sérvia
8,20,Alemanha,Sérvia
8,20,Albânia,Sérvia
8,20,Áustria,Sérvia
8,20,França,Espanha
8,20,Croácia,Espanha
8,20,Escócia,Espanha
8,20,Hungria,Espanha
8,20,Portugal,Espanha
8,20,Suíça,Espanha
8,20,República Tcheca,Espanha
8,20,Dinamarca,Espanha
8,20,Inglaterra,Espanha
8,20,Itália,Espanha
8,20,Geórgia,Espanha
8,20,Alemanha,Espanha
8,20,Albânia,Espanha
8,20,Áustria,Espanha
8,20,Croácia,França
8,20,Escócia,França
8,20,Hungria,França
8,20,Portugal,França
8,20,Suíça,França
8,20,República Tcheca,França
8,20,Dinamarca,França
8,20,Inglaterra,França
8,20,Itália,França
8,20,Geórgia,França
8,20,Alemanha,França
8,20,Albânia,França
8,20,Áustria,França
8,20,Escócia,Croácia
8,20,Hungria,Croácia
8,20,Portugal,Croácia
8,20,Suíça,Croácia
8,20,República Tcheca,Croácia
8,20,Dinamarca,Croácia
8,20,Inglaterra,Croácia
8,20,Itália,Croácia
8,20,Geórgia,Croácia
8,20,Alemanha,Croácia
8,20,Albânia,Croácia
8,20,Áustria,Croácia
8,20,Hungria,Escócia
8,20,Portugal,Escócia
8,20,Suíça,Escócia
8,20,República Tcheca,Escócia
8,20,Dinamarca,Escócia
8,20,Inglaterra,Escócia
8,20,Itália,Escócia
8,20,Geórgia,Escócia
8,20,Alemanha,Escócia
8,20,Albânia,Escócia
8,20,Áustria,Escócia
8,20,Portugal,Hungria
8,20,Suíça,Hungria
8,20,República Tcheca,Hungria
8,20,Dinamarca,Hungria
8,20,Inglaterra,Hungria
8,20,Itália,Hungria
8,20,Geórgia,Hungria
8,20,Alemanha,Hungria
8,20,Albânia,Hungria
8,20,Áustria,Hungria
8,20,Suíça,Portugal
8,20,República Tcheca,Portugal
8,20,Dinamarca,Portugal
8,20,Inglaterra,Portugal
8,20,Itália,Portugal
8,20,Geórgia,Portugal
8,20,Alemanha,Portugal
8,20,Albânia,Portugal
8,20,Áustria,Portugal
8,20,República Tcheca,Suíça
8,20,Dinamarca,Suíça
8,20,Inglaterra,Suíça
8,20,Itália,Suíça
8,20,Geórgia,Suíça
8,20,Alemanha,Suíça
8,20,Albânia,Suíça
8,20,Áustria,Suíça
8,20,Dinamarca,República Tcheca
8,20,Inglaterra,República Tcheca
8,20,Itália,República Tcheca
8,20,Geórgia,República Tcheca
8,20,Alemanha,República Tcheca
8,20,Albânia,República Tcheca
8,20,Áustria,República Tcheca
8,20,Inglaterra,Dinamarca
8,20,Itália,Dinamarca
8,20,Geórgia,Dinamarca
8,20,Alemanha,Dinamarca
8,20,Albânia,Dinamarca
8,20,Áustria,Dinamarca
8,20,Itália,Inglaterra
8,20,Geórgia,Inglaterra
8,20,Alemanha,Inglaterra
8,20,Albânia,Inglaterra
8,20,Áustria,Inglaterra
8,20,Geórgia,Itália
8,20,Alemanha,Itália
8,20,Albânia,Itália
8,20,Áustria,Itália
8,20,Alemanha,Geórgia
8,20,Albânia,Geórgia
8,20,Áustria,Geórgia
8,20,Albânia,Alemanha
8,20,Áustria,Alemanha
8,20,Áustria,Albânia
8,23,Eslovênia,Países Baixos
8,23,Bélgica,Países Baixos
8,23,Romênia,Países Baixos
8,23,Ucrânia,Países Baixos
8,23,Polônia,Países Baixos
8,23,Eslováquia,Países Baixos
8,23,Turquia,Países Baixos
8,23,Sérvia,Países Baixos
8,23,Espanha,Países Baixos
8,23,França,Países Baixos
8,23,Croácia,Países Baixos
8,23,Escócia,Países Baixos
8,23,Hungria,Países Baixos
8,23,Portugal,Países Baixos
8,23,Suíça,Países Baixos
8,23,República Tcheca,Países Baixos
8,23,Dinamarca,Países Baixos
8,23,Inglaterra,Países Baixos
8,23,Itália,Países Baixos
8,23,Geórgia,Países Baixos
8,23,Alemanha,Países Baixos
8,23,Albânia,Países Baixos
8,23,Áustria,Países Baixos
8,23,Bélgica,Eslovênia
8,23,Romênia,Eslovênia
8,23,Ucrânia,Eslovênia
8,23,Polônia,Eslovênia
8,23,Eslováquia,Eslovênia
8,23,Turquia,Eslovênia
8,23,Sérvia,Eslovênia
8,23,Espanha,Eslovênia
8,23,França,Eslovênia
8,23,Croácia,Eslovênia
8,23,Escócia,Eslovênia
8,23,Hungria,Eslovênia
8,23,Portugal,Eslovênia
8,23,Suíça,Eslovênia
8,23,República Tcheca,Eslovênia
8,23,Dinamarca,Eslovênia
8,23,Inglaterra,Eslovênia
8,23,Itália,Eslovênia
8,23,Geórgia,Eslovênia
8,23,Alemanha,Eslovênia
8,23,Albânia,Eslovênia
8,23,Áustria,Eslovênia
8,23,Romênia,Bélgica
8,23,Ucrânia,Bélgica
8,23,Polônia,Bélgica
8,23,Eslováquia,Bélgica
8,23,Turquia,Bélgica
8,23,Sérvia,Bélgica
8,23,Espanha,Bélgica
8,23,França,Bélgica
8,23,Croácia,Bélgica
8,23,Escócia,Bélgica
8,23,Hungria,Bélgica
8,23,Portugal,Bélgica
8,23,Suíça,Bélgica
8,23,República Tcheca,Bélgica
8,23,Dinamarca,Bélgica
8,23,Inglaterra,Bélgica
8,23,Itália,Bélgica
8,23,Geórgia,Bélgica
8,23,Alemanha,Bélgica
8,23,Albânia,Bélgica
8,23,Áustria,Bélgica
8,23,Ucrânia,Romênia
8,23,Polônia,Romênia
8,23,Eslováquia,Romênia
8,23,Turquia,Romênia
8,23,Sérvia,Romênia
8,23,Espanha,Romênia
8,23,França,Romênia
8,23,Croácia,Romênia
8,23,Escócia,Romênia
8,23,Hungria,Romênia
8,23,Portugal,Romênia
8,23,Suíça,Romênia
8,23,República Tcheca,Romênia
8,23,Dinamarca,Romênia
8,23,Inglaterra,Romênia
8,23,Itália,Romênia
8,23,Geórgia,Romênia
8,23,Alemanha,Romênia
8,23,Albânia,Romênia
8,23,Áustria,Romênia
8,23,Polônia,Ucrânia
8,23,Eslováquia,Ucrânia
8,23,Turquia,Ucrânia
8,23,Sérvia,Ucrânia
8,23,Espanha,Ucrânia
8,23,França,Ucrânia
8,23,Croácia,Ucrânia
8,23,Escócia,Ucrânia
8,23,Hungria,Ucrânia
8,23,Portugal,Ucrânia
8,23,Suíça,Ucrânia
8,23,República Tcheca,Ucrânia
8,23,Dinamarca,Ucrânia
8,23,Inglaterra,Ucrânia
8,23,Itália,Ucrânia
8,23,Geórgia,Ucrânia
8,23,Alemanha,Ucrânia
8,23,Albânia,Ucrânia
8,23,Áustria,Ucrânia
8,23,Eslováquia,Polônia
8,23,Turquia,Polônia
8,23,Sérvia,Polônia
8,23,Espanha,Polônia
8,23,França,Polônia
8,23,Croácia,Polônia
8,23,Escócia,Polônia
8,23,Hungria,Polônia
8,23,Portugal,Polônia
8,23,Suíça,Polônia
8,23,República Tcheca,Polônia
8,23,Dinamarca,Polônia
8,23,Inglaterra,Polônia
8,23,Itália,Polônia
8,23,Geórgia,Polônia
8,23,Alemanha,Polônia
8,23,Albânia,Polônia
8,23,Áustria,Polônia
8,23,Turquia,Eslováquia
8,23,Sérvia,Eslováquia
8,23,Espanha,Eslováquia
8,23,França,Eslováquia
8,23,Croácia,Eslováquia
8,23,Escócia,Eslováquia
8,23,Hungria,Eslováquia
8,23,Portugal,Eslováquia
8,23,Suíça,Eslováquia
8,23,República Tcheca,Eslováquia
8,23,Dinamarca,Eslováquia
8,23,Inglaterra,Eslováquia
8,23,Itália,Eslováquia
8,23,Geórgia,Eslováquia
8,23,Alemanha,Eslováquia
8,23,Albânia,Eslováquia
8,23,Áustria,Eslováquia
8,23,Sérvia,Turquia
8,23,Espanha,Turquia
8,23,França,Turquia
8,23,Croácia,Turquia
8,23,Escócia,Turquia
8,23,Hungria,Turquia
8,23,Portugal,Turquia
8,23,Suíça,Turquia
8,23,República Tcheca,Turquia
8,23,Dinamarca,Turquia
8,23,Inglaterra,Turquia
8,23,Itália,Turquia
8,23,Geórgia,Turquia
8,23,Alemanha,Turquia
8,23,Albânia,Turquia
8,23,Áustria,Turquia
8,23,Espanha,Sérvia
8,23,França,Sérvia
8,23,Croácia,Sérvia
8,23,Escócia,Sérvia
8,23,Hungria,Sérvia
8,23,Portugal,Sérvia
8,23,Suíça,Sérvia
8,23,República Tcheca,Sérvia
8,23,Dinamarca,Sérvia
8,23,Inglaterra,Sérvia
8,23,Itália,Sérvia
8,23,Geórgia,Sérvia
8,23,Alemanha,Sérvia
8,23,Albânia,Sérvia
8,23,Áustria,Sérvia
8,23,França,Espanha
8,23,Croácia,Espanha
8,23,Escócia,Espanha
8,23,Hungria,Espanha
8,23,Portugal,Espanha
8,23,Suíça,Espanha
8,23,República Tcheca,Espanha
8,23,Dinamarca,Espanha
8,23,Inglaterra,Espanha
8,23,Itália,Espanha
8,23,Geórgia,Espanha
8,23,Alemanha,Espanha
8,23,Albânia,Espanha
8,23,Áustria,Espanha
8,23,Croácia,França
8,23,Escócia,França
8,23,Hungria,França
8,23,Portugal,França
8,23,Suíça,França
8,23,República Tcheca,França
8,23,Dinamarca,França
8,23,Inglaterra,França
8,23,Itália,França
8,23,Geórgia,França
8,23,Alemanha,França
8,23,Albânia,França
8,23,Áustria,França
8,23,Escócia,Croácia
8,23,Hungria,Croácia
8,23,Portugal,Croácia
8,23,Suíça,Croácia
8,23,República Tcheca,Croácia
8,23,Dinamarca,Croácia
8,23,Inglaterra,Croácia
8,23,Itália,Croácia
8,23,Geórgia,Croácia
8,23,Alemanha,Croácia
8,23,Albânia,Croácia
8,23,Áustria,Croácia
8,23,Hungria,Escócia
8,23,Portugal,Escócia
8,23,Suíça,Escócia
8,23,República Tcheca,Escócia
8,23,Dinamarca,Escócia
8,23,Inglaterra,Escócia
8,23,Itália,Escócia
8,23,Geórgia,Escócia
8,23,Alemanha,Escócia
8,23,Albânia,Escócia
8,23,Áustria,Escócia
8,23,Portugal,Hungria
8,23,Suíça,Hungria
8,23,República Tcheca,Hungria
8,23,Dinamarca,Hungria
8,23,Inglaterra,Hungria
8,23,Itália,Hungria
8,23,Geórgia,Hungria
8,23,Alemanha,Hungria
8,23,Albânia,Hungria
8,23,Áustria,Hungria
8,23,Suíça,Portugal
8,23,República Tcheca,Portugal
8,23,Dinamarca,Portugal
8,23,Inglaterra,Portugal
8,23,Itália,Portugal
8,23,Geórgia,Portugal
8,23,Alemanha,Portugal
8,23,Albânia,Portugal
8,23,Áustria,Portugal
8,23,República Tcheca,Suíça
8,23,Dinamarca,Suíça
8,23,Inglaterra,Suíça
8,23,Itália,Suíça
8,23,Geórgia,Suíça
8,23,Alemanha,Suíça
8,23,Albânia,Suíça
8,23,Áustria,Suíça
8,23,Dinamarca,República Tcheca
8,23,Inglaterra,República Tcheca
8,23,Itália,República Tcheca
8,23,Geórgia,República Tcheca
8,23,Alemanha,República Tcheca
8,23,Albânia,República Tcheca
8,23,Áustria,República Tcheca
8,23,Inglaterra,Dinamarca
8,23,Itália,Dinamarca
8,23,Geórgia,Dinamarca
8,23,Alemanha,Dinamarca
8,23,Albânia,Dinamarca
8,23,Áustria,Dinamarca
8,23,Itália,Inglaterra
8,23,Geórgia,Inglaterra
8,23,Alemanha,Inglaterra
8,23,Albânia,Inglaterra
8,23,Áustria,Inglaterra
8,23,Geórgia,Itália
8,23,Alemanha,Itália
8,23,Albânia,Itália
8,23,Áustria,Itália
8,23,Alemanha,Geórgia
8,23,Albânia,Geórgia
8,23,Áustria,Geórgia
8,23,Albânia,Alemanha
8,23,Áustria,Alemanha
8,23,Áustria,Albânia
8,26,Eslovênia,Países Baixos
8,26,Bélgica,Países Baixos
8,26,Romênia,Países Baixos
8,26,Ucrânia,Países Baixos
8,26,Polônia,Países Baixos
8,26,Eslováquia,Países Baixos
8,26,Turquia,Países Baixos
8,26,Sérvia,Países Baixos
8,26,Espanha,Países Baixos
8,26,França,Países Baixos
8,26,Croácia,Países Baixos
8,26,Escócia,Países Baixos
8,26,Hungria,Países Baixos
8,26,Portugal,Países Baixos
8,26,Suíça,Países Baixos
8,26,República Tcheca,Países Baixos
8,26,Dinamarca,Países Baixos
8,26,Inglaterra,Países Baixos
8,26,Itália,Países Baixos
8,26,Geórgia,Países Baixos
8,26,Alemanha,Países Baixos
8,26,Albânia,Países Baixos
8,26,Áustria,Países Baixos
8,26,Bélgica,Eslovênia
8,26,Romênia,Eslovênia
8,26,Ucrânia,Eslovênia
8,26,Polônia,Eslovênia
8,26,Eslováquia,Eslovênia
8,26,Turquia,Eslovênia
8,26,Sérvia,Eslovênia
8,26,Espanha,Eslovênia
8,26,França,Eslovênia
8,26,Croácia,Eslovênia
8,26,Escócia,Eslovênia
8,26,Hungria,Eslovênia
8,26,Portugal,Eslovênia
8,26,Suíça,Eslovênia
8,26,República Tcheca,Eslovênia
8,26,Dinamarca,Eslovênia
8,26,Inglaterra,Eslovênia
8,26,Itália,Eslovênia
8,26,Geórgia,Eslovênia
8,26,Alemanha,Eslovênia
8,26,Albânia,Eslovênia
8,26,Áustria,Eslovênia
8,26,Romênia,Bélgica
8,26,Ucrânia,Bélgica
8,26,Polônia,Bélgica
8,26,Eslováquia,Bélgica
8,26,Turquia,Bélgica
8,26,Sérvia,Bélgica
8,26,Espanha,Bélgica
8,26,França,Bélgica
8,26,Croácia,Bélgica
8,26,Escócia,Bélgica
8,26,Hungria,Bélgica
8,26,Portugal,Bélgica
8,26,Suíça,Bélgica
8,26,República Tcheca,Bélgica
8,26,Dinamarca,Bélgica
8,26,Inglaterra,Bélgica
8,26,Itália,Bélgica
8,26,Geórgia,Bélgica
8,26,Alemanha,Bélgica
8,26,Albânia,Bélgica
8,26,Áustria,Bélgica
8,26,Ucrânia,Romênia
8,26,Polônia,Romênia
8,26,Eslováquia,Romênia
8,26,Turquia,Romênia
8,26,Sérvia,Romênia
8,26,Espanha,Romênia
8,26,França,Romênia
8,26,Croácia,Romênia
8,26,Escócia,Romênia
8,26,Hungria,Romênia
8,26,Portugal,Romênia
8,26,Suíça,Romênia
8,26,República Tcheca,Romênia
8,26,Dinamarca,Romênia
8,26,Inglaterra,Romênia
8,26,Itália,Romênia
8,26,Geórgia,Romênia
8,26,Alemanha,Romênia
8,26,Albânia,Romênia
8,26,Áustria,Romênia
8,26,Polônia,Ucrânia
8,26,Eslováquia,Ucrânia
8,26,Turquia,Ucrânia
8,26,Sérvia,Ucrânia
8,26,Espanha,Ucrânia
8,26,França,Ucrânia
8,26,Croácia,Ucrânia
8,26,Escócia,Ucrânia
8,26,Hungria,Ucrânia
8,26,Portugal,Ucrânia
8,26,Suíça,Ucrânia
8,26,República Tcheca,Ucrânia
8,26,Dinamarca,Ucrânia
8,26,Inglaterra,Ucrânia
8,26,Itália,Ucrânia
8,26,Geórgia,Ucrânia
8,26,Alemanha,Ucrânia
8,26,Albânia,Ucrânia
8,26,Áustria,Ucrânia
8,26,Eslováquia,Polônia
8,26,Turquia,Polônia
8,26,Sérvia,Polônia
8,26,Espanha,Polônia
8,26,França,Polônia
8,26,Croácia,Polônia
8,26,Escócia,Polônia
8,26,Hungria,Polônia
8,26,Portugal,Polônia
8,26,Suíça,Polônia
8,26,República Tcheca,Polônia
8,26,Dinamarca,Polônia
8,26,Inglaterra,Polônia
8,26,Itália,Polônia
8,26,Geórgia,Polônia
8,26,Alemanha,Polônia
8,26,Albânia,Polônia
8,26,Áustria,Polônia
8,26,Turquia,Eslováquia
8,26,Sérvia,Eslováquia
8,26,Espanha,Eslováquia
8,26,França,Eslováquia
8,26,Croácia,Eslováquia
8,26,Escócia,Eslováquia
8,26,Hungria,Eslováquia
8,26,Portugal,Eslováquia
8,26,Suíça,Eslováquia
8,26,República Tcheca,Eslováquia
8,26,Dinamarca,Eslováquia
8,26,Inglaterra,Eslováquia
8,26,Itália,Eslováquia
8,26,Geórgia,Eslováquia
8,26,Alemanha,Eslováquia
8,26,Albânia,Eslováquia
8,26,Áustria,Eslováquia
8,26,Sérvia,Turquia
8,26,Espanha,Turquia
8,26,França,Turquia
8,26,Croácia,Turquia
8,26,Escócia,Turquia
8,26,Hungria,Turquia
8,26,Portugal,Turquia
8,26,Suíça,Turquia
8,26,República Tcheca,Turquia
8,26,Dinamarca,Turquia
8,26,Inglaterra,Turquia
8,26,Itália,Turquia
8,26,Geórgia,Turquia
8,26,Alemanha,Turquia
8,26,Albânia,Turquia
8,26,Áustria,Turquia
8,26,Espanha,Sérvia
8,26,França,Sérvia
8,26,Croácia,Sérvia
8,26,Escócia,Sérvia
8,26,Hungria,Sérvia
8,26,Portugal,Sérvia
8,26,Suíça,Sérvia
8,26,República Tcheca,Sérvia
8,26,Dinamarca,Sérvia
8,26,Inglaterra,Sérvia
8,26,Itália,Sérvia
8,26,Geórgia,Sérvia
8,26,Alemanha,Sérvia
8,26,Albânia,Sérvia
8,26,Áustria,Sérvia
8,26,França,Espanha
8,26,Croácia,Espanha
8,26,Escócia,Espanha
8,26,Hungria,Espanha
8,26,Portugal,Espanha
8,26,Suíça,Espanha
8,26,República Tcheca,Espanha
8,26,Dinamarca,Espanha
8,26,Inglaterra,Espanha
8,26,Itália,Espanha
8,26,Geórgia,Espanha
8,26,Alemanha,Espanha
8,26,Albânia,Espanha
8,26,Áustria,Espanha
8,26,Croácia,França
8,26,Escócia,França
8,26,Hungria,França
8,26,Portugal,França
8,26,Suíça,França
8,26,República Tcheca,França
8,26,Dinamarca,França
8,26,Inglaterra,França
8,26,Itália,França
8,26,Geórgia,França
8,26,Alemanha,França
8,26,Albânia,França
8,26,Áustria,França
8,26,Escócia,Croácia
8,26,Hungria,Croácia
8,26,Portugal,Croácia
8,26,Suíça,Croácia
8,26,República Tcheca,Croácia
8,26,Dinamarca,Croácia
8,26,Inglaterra,Croácia
8,26,Itália,Croácia
8,26,Geórgia,Croácia
8,26,Alemanha,Croácia
8,26,Albânia,Croácia
8,26,Áustria,Croácia
8,26,Hungria,Escócia
8,26,Portugal,Escócia
8,26,Suíça,Escócia
8,26,República Tcheca,Escócia
8,26,Dinamarca,Escócia
8,26,Inglaterra,Escócia
8,26,Itália,Escócia
8,26,Geórgia,Escócia
8,26,Alemanha,Escócia
8,26,Albânia,Escócia
8,26,Áustria,Escócia
8,26,Portugal,Hungria
8,26,Suíça,Hungria
8,26,República Tcheca,Hungria
8,26,Dinamarca,Hungria
8,26,Inglaterra,Hungria
8,26,Itália,Hungria
8,26,Geórgia,Hungria
8,26,Alemanha,Hungria
8,26,Albânia,Hungria
8,26,Áustria,Hungria
8,26,Suíça,Portugal
8,26,República Tcheca,Portugal
8,26,Dinamarca,Portugal
8,26,Inglaterra,Portugal
8,26,Itália,Portugal
8,26,Geórgia,Portugal
8,26,Alemanha,Portugal
8,26,Albânia,Portugal
8,26,Áustria,Portugal
8,26,República Tcheca,Suíça
8,26,Dinamarca,Suíça
8,26,Inglaterra,Suíça
8,26,Itália,Suíça
8,26,Geórgia,Suíça
8,26,Alemanha,Suíça
8,26,Albânia,Suíça
8,26,Áustria,Suíça
8,26,Dinamarca,República Tcheca
8,26,Inglaterra,República Tcheca
8,26,Itália,República Tcheca
8,26,Geórgia,República Tcheca
8,26,Alemanha,República Tcheca
8,26,Albânia,República Tcheca
8,26,Áustria,República Tcheca
8,26,Inglaterra,Dinamarca
8,26,Itália,Dinamarca
8,26,Geórgia,Dinamarca
8,26,Alemanha,Dinamarca
8,26,Albânia,Dinamarca
8,26,Áustria,Dinamarca
8,26,Itália,Inglaterra
8,26,Geórgia,Inglaterra
8,26,Alemanha,Inglaterra
8,26,Albânia,Inglaterra
8,26,Áustria,Inglaterra
8,26,Geórgia,Itália
8,26,Alemanha,Itália
8,26,Albânia,Itália
8,26,Áustria,Itália
8,26,Alemanha,Geórgia
8,26,Albânia,Geórgia
8,26,Áustria,Geórgia
8,26,Albânia,Alemanha
8,26,Áustria,Alemanha
8,26,Áustria,Albânia
8,29,Eslovênia,Países Baixos
8,29,Bélgica,Países Baixos
8,29,Romênia,Países Baixos
8,29,Ucrânia,Países Baixos
8,29,Polônia,Países Baixos
8,29,Eslováquia,Países Baixos
8,29,Turquia,Países Baixos
8,29,Sérvia,Países Baixos
8,29,Espanha,Países Baixos
8,29,França,Países Baixos
8,29,Croácia,Países Baixos
8,29,Escócia,Países Baixos
8,29,Hungria,Países Baixos
8,29,Portugal,Países Baixos
8,29,Suíça,Países Baixos
8,29,República Tcheca,Países Baixos
8,29,Dinamarca,Países Baixos
8,29,Inglaterra,Países Baixos
8,29,Itália,Países Baixos
8,29,Geórgia,Países Baixos
8,29,Alemanha,Países Baixos
8,29,Albânia,Países Baixos
8,29,Áustria,Países Baixos
8,29,Bélgica,Eslovênia
8,29,Romênia,Eslovênia
8,29,Ucrânia,Eslovênia
8,29,Polônia,Eslovênia
8,29,Eslováquia,Eslovênia
8,29,Turquia,Eslovênia
8,29,Sérvia,Eslovênia
8,29,Espanha,Eslovênia
8,29,França,Eslovênia
8,29,Croácia,Eslovênia
8,29,Escócia,Eslovênia
8,29,Hungria,Eslovênia
8,29,Portugal,Eslovênia
8,29,Suíça,Eslovênia
8,29,República Tcheca,Eslovênia
8,29,Dinamarca,Eslovênia
8,29,Inglaterra,Eslovênia
8,29,Itália,Eslovênia
8,29,Geórgia,Eslovênia
8,29,Alemanha,Eslovênia
8,29,Albânia,Eslovênia
8,29,Áustria,Eslovênia
8,29,Romênia,Bélgica
8,29,Ucrânia,Bélgica
8,29,Polônia,Bélgica
8,29,Eslováquia,Bélgica
8,29,Turquia,Bélgica
8,29,Sérvia,Bélgica
8,29,Espanha,Bélgica
8,29,França,Bélgica
8,29,Croácia,Bélgica
8,29,Escócia,Bélgica
8,29,Hungria,Bélgica
8,29,Portugal,Bélgica
8,29,Suíça,Bélgica
8,29,República Tcheca,Bélgica
8,29,Dinamarca,Bélgica
8,29,Inglaterra,Bélgica
8,29,Itália,Bélgica
8,29,Geórgia,Bélgica
8,29,Alemanha,Bélgica
8,29,Albânia,Bélgica
8,29,Áustria,Bélgica
8,29,Ucrânia,Romênia
8,29,Polônia,Romênia
8,29,Eslováquia,Romênia
8,29,Turquia,Romênia
8,29,Sérvia,Romênia
8,29,Espanha,Romênia
8,29,França,Romênia
8,29,Croácia,Romênia
8,29,Escócia,Romênia
8,29,Hungria,Romênia
8,29,Portugal,Romênia
8,29,Suíça,Romênia
8,29,República Tcheca,Romênia
8,29,Dinamarca,Romênia
8,29,Inglaterra,Romênia
8,29,Itália,Romênia
8,29,Geórgia,Romênia
8,29,Alemanha,Romênia
8,29,Albânia,Romênia
8,29,Áustria,Romênia
8,29,Polônia,Ucrânia
8,29,Eslováquia,Ucrânia
8,29,Turquia,Ucrânia
8,29,Sérvia,Ucrânia
8,29,Espanha,Ucrânia
8,29,França,Ucrânia
8,29,Croácia,Ucrânia
8,29,Escócia,Ucrânia
8,29,Hungria,Ucrânia
8,29,Portugal,Ucrânia
8,29,Suíça,Ucrânia
8,29,República Tcheca,Ucrânia
8,29,Dinamarca,Ucrânia
8,29,Inglaterra,Ucrânia
8,29,Itália,Ucrânia
8,29,Geórgia,Ucrânia
8,29,Alemanha,Ucrânia
8,29,Albânia,Ucrânia
8,29,Áustria,Ucrânia
8,29,Eslováquia,Polônia
8,29,Turquia,Polônia
8,29,Sérvia,Polônia
8,29,Espanha,Polônia
8,29,França,Polônia
8,29,Croácia,Polônia
8,29,Escócia,Polônia
8,29,Hungria,Polônia
8,29,Portugal,Polônia
8,29,Suíça,Polônia
8,29,República Tcheca,Polônia
8,29,Dinamarca,Polônia
8,29,Inglaterra,Polônia
8,29,Itália,Polônia
8,29,Geórgia,Polônia
8,29,Alemanha,Polônia
8,29,Albânia,Polônia
8,29,Áustria,Polônia
8,29,Turquia,Eslováquia
8,29,Sérvia,Eslováquia
8,29,Espanha,Eslováquia
8,29,França,Eslováquia
8,29,Croácia,Eslováquia
8,29,Escócia,Eslováquia
8,29,Hungria,Eslováquia
8,29,Portugal,Eslováquia
8,29,Suíça,Eslováquia
8,29,República Tcheca,Eslováquia
8,29,Dinamarca,Eslováquia
8,29,Inglaterra,Eslováquia
8,29,Itália,Eslováquia
8,29,Geórgia,Eslováquia
8,29,Alemanha,Eslováquia
8,29,Albânia,Eslováquia
8,29,Áustria,Eslováquia
8,29,Sérvia,Turquia
8,29,Espanha,Turquia
8,29,França,Turquia
8,29,Croácia,Turquia
8,29,Escócia,Turquia
8,29,Hungria,Turquia
8,29,Portugal,Turquia
8,29,Suíça,Turquia
8,29,República Tcheca,Turquia
8,29,Dinamarca,Turquia
8,29,Inglaterra,Turquia
8,29,Itália,Turquia
8,29,Geórgia,Turquia
8,29,Alemanha,Turquia
8,29,Albânia,Turquia
8,29,Áustria,Turquia
8,29,Espanha,Sérvia
8,29,França,Sérvia
8,29,Croácia,Sérvia
8,29,Escócia,Sérvia
8,29,Hungria,Sérvia
8,29,Portugal,Sérvia
8,29,Suíça,Sérvia
8,29,República Tcheca,Sérvia
8,29,Dinamarca,Sérvia
8,29,Inglaterra,Sérvia
8,29,Itália,Sérvia
8,29,Geórgia,Sérvia
8,29,Alemanha,Sérvia
8,29,Albânia,Sérvia
8,29,Áustria,Sérvia
8,29,França,Espanha
8,29,Croácia,Espanha
8,29,Escócia,Espanha
8,29,Hungria,Espanha
8,29,Portugal,Espanha
8,29,Suíça,Espanha
8,29,República Tcheca,Espanha
8,29,Dinamarca,Espanha
8,29,Inglaterra,Espanha
8,29,Itália,Espanha
8,29,Geórgia,Espanha
8,29,Alemanha,Espanha
8,29,Albânia,Espanha
8,29,Áustria,Espanha
8,29,Croácia,França
8,29,Escócia,França
8,29,Hungria,França
8,29,Portugal,França
8,29,Suíça,França
8,29,República Tcheca,França
8,29,Dinamarca,França
8,29,Inglaterra,França
8,29,Itália,França
8,29,Geórgia,França
8,29,Alemanha,França
8,29,Albânia,França
8,29,Áustria,França
8,29,Escócia,Croácia
8,29,Hungria,Croácia
8,29,Portugal,Croácia
8,29,Suíça,Croácia
8,29,República Tcheca,Croácia
8,29,Dinamarca,Croácia
8,29,Inglaterra,Croácia
8,29,Itália,Croácia
8,29,Geórgia,Croácia
8,29,Alemanha,Croácia
8,29,Albânia,Croácia
8,29,Áustria,Croácia
8,29,Hungria,Escócia
8,29,Portugal,Escócia
8,29,Suíça,Escócia
8,29,República Tcheca,Escócia
8,29,Dinamarca,Escócia
8,29,Inglaterra,Escócia
8,29,Itália,Escócia
8,29,Geórgia,Escócia
8,29,Alemanha,Escócia
8,29,Albânia,Escócia
8,29,Áustria,Escócia
8,29,Portugal,Hungria
8,29,Suíça,Hungria
8,29,República Tcheca,Hungria
8,29,Dinamarca,Hungria
8,29,Inglaterra,Hungria
8,29,Itália,Hungria
8,29,Geórgia,Hungria
8,29,Alemanha,Hungria
8,29,Albânia,Hungria
8,29,Áustria,Hungria
8,29,Suíça,Portugal
8,29,República Tcheca,Portugal
8,29,Dinamarca,Portugal
8,29,Inglaterra,Portugal
8,29,Itália,Portugal
8,29,Geórgia,Portugal
8,29,Alemanha,Portugal
8,29,Albânia,Portugal
8,29,Áustria,Portugal
8,29,República Tcheca,Suíça
8,29,Dinamarca,Suíça
8,29,Inglaterra,Suíça
8,29,Itália,Suíça
8,29,Geórgia,Suíça
8,29,Alemanha,Suíça
8,29,Albânia,Suíça
8,29,Áustria,Suíça
8,29,Dinamarca,República Tcheca
8,29,Inglaterra,República Tcheca
8,29,Itália,República Tcheca
8,29,Geórgia,República Tcheca
8,29,Alemanha,República Tcheca
8,29,Albânia,República Tcheca
8,29,Áustria,República Tcheca
8,29,Inglaterra,Dinamarca
8,29,Itália,Dinamarca
8,29,Geórgia,Dinamarca
8,29,Alemanha,Dinamarca
8,29,Albânia,Dinamarca
8,29,Áustria,Dinamarca
8,29,Itália,Inglaterra
8,29,Geórgia,Inglaterra
8,29,Alemanha,Inglaterra
8,29,Albânia,Inglaterra
8,29,Áustria,Inglaterra
8,29,Geórgia,Itália
8,29,Alemanha,Itália
8,29,Albânia,Itália
8,29,Áustria,Itália
8,29,Alemanha,Geórgia
8,29,Albânia,Geórgia
8,29,Áustria,Geórgia
8,29,Albânia,Alemanha
8,29,Áustria,Alemanha
8,29,Áustria,Albânia
8,32,Eslovênia,Países Baixos
8,32,Bélgica,Países Baixos
8,32,Romênia,Países Baixos
8,32,Ucrânia,Países Baixos
8,32,Polônia,Países Baixos
8,32,Eslováquia,Países Baixos
8,32,Turquia,Países Baixos
8,32,Sérvia,Países Baixos
8,32,Espanha,Países Baixos
8,32,França,Países Baixos
8,32,Croácia,Países Baixos
8,32,Escócia,Países Baixos
8,32,Hungria,Países Baixos
8,32,Portugal,Países Baixos
8,32,Suíça,Países Baixos
8,32,República Tcheca,Países Baixos
8,32,Dinamarca,Países Baixos
8,32,Inglaterra,Países Baixos
8,32,Itália,Países Baixos
8,32,Geórgia,Países Baixos
8,32,Alemanha,Países Baixos
8,32,Albânia,Países Baixos
8,32,Áustria,Países Baixos
8,32,Bélgica,Eslovênia
8,32,Romênia,Eslovênia
8,32,Ucrânia,Eslovênia
8,32,Polônia,Eslovênia
8,32,Eslováquia,Eslovênia
8,32,Turquia,Eslovênia
8,32,Sérvia,Eslovênia
8,32,Espanha,Eslovênia
8,32,França,Eslovênia
8,32,Croácia,Eslovênia
8,32,Escócia,Eslovênia
8,32,Hungria,Eslovênia
8,32,Portugal,Eslovênia
8,32,Suíça,Eslovênia
8,32,República Tcheca,Eslovênia
8,32,Dinamarca,Eslovênia
8,32,Inglaterra,Eslovênia
8,32,Itália,Eslovênia
8,32,Geórgia,Eslovênia
8,32,Alemanha,Eslovênia
8,32,Albânia,Eslovênia
8,32,Áustria,Eslovênia
8,32,Romênia,Bélgica
8,32,Ucrânia,Bélgica
8,32,Polônia,Bélgica
8,32,Eslováquia,Bélgica
8,32,Turquia,Bélgica
8,32,Sérvia,Bélgica
8,32,Espanha,Bélgica
8,32,França,Bélgica
8,32,Croácia,Bélgica
8,32,Escócia,Bélgica
8,32,Hungria,Bélgica
8,32,Portugal,Bélgica
8,32,Suíça,Bélgica
8,32,República Tcheca,Bélgica
8,32,Dinamarca,Bélgica
8,32,Inglaterra,Bélgica
8,32,Itália,Bélgica
8,32,Geórgia,Bélgica
8,32,Alemanha,Bélgica
8,32,Albânia,Bélgica
8,32,Áustria,Bélgica
8,32,Ucrânia,Romênia
8,32,Polônia,Romênia
8,32,Eslováquia,Romênia
8,32,Turquia,Romênia
8,32,Sérvia,Romênia
8,32,Espanha,Romênia
8,32,França,Romênia
8,32,Croácia,Romênia
8,32,Escócia,Romênia
8,32,Hungria,Romênia
8,32,Portugal,Romênia
8,32,Suíça,Romênia
8,32,República Tcheca,Romênia
8,32,Dinamarca,Romênia
8,32,Inglaterra,Romênia
8,32,Itália,Romênia
8,32,Geórgia,Romênia
8,32,Alemanha,Romênia
8,32,Albânia,Romênia
8,32,Áustria,Romênia
8,32,Polônia,Ucrânia
8,32,Eslováquia,Ucrânia
8,32,Turquia,Ucrânia
8,32,Sérvia,Ucrânia
8,32,Espanha,Ucrânia
8,32,França,Ucrânia
8,32,Croácia,Ucrânia
8,32,Escócia,Ucrânia
8,32,Hungria,Ucrânia
8,32,Portugal,Ucrânia
8,32,Suíça,Ucrânia
8,32,República Tcheca,Ucrânia
8,32,Dinamarca,Ucrânia
8,32,Inglaterra,Ucrânia
8,32,Itália,Ucrânia
8,32,Geórgia,Ucrânia
8,32,Alemanha,Ucrânia
8,32,Albânia,Ucrânia
8,32,Áustria,Ucrânia
8,32,Eslováquia,Polônia
8,32,Turquia,Polônia
8,32,Sérvia,Polônia
8,32,Espanha,Polônia
8,32,França,Polônia
8,32,Croácia,Polônia
8,32,Escócia,Polônia
8,32,Hungria,Polônia
8,32,Portugal,Polônia
8,32,Suíça,Polônia
8,32,República Tcheca,Polônia
8,32,Dinamarca,Polônia
8,32,Inglaterra,Polônia
8,32,Itália,Polônia
8,32,Geórgia,Polônia
8,32,Alemanha,Polônia
8,32,Albânia,Polônia
8,32,Áustria,Polônia
8,32,Turquia,Eslováquia
8,32,Sérvia,Eslováquia
8,32,Espanha,Eslováquia
8,32,França,Eslováquia
8,32,Croácia,Eslováquia
8,32,Escócia,Eslováquia
8,32,Hungria,Eslováquia
8,32,Portugal,Eslováquia
8,32,Suíça,Eslováquia
8,32,República Tcheca,Eslováquia
8,32,Dinamarca,Eslováquia
8,32,Inglaterra,Eslováquia
8,32,Itália,Eslováquia
8,32,Geórgia,Eslováquia
8,32,Alemanha,Eslováquia
8,32,Albânia,Eslováquia
8,32,Áustria,Eslováquia
8,32,Sérvia,Turquia
8,32,Espanha,Turquia
8,32,França,Turquia
8,32,Croácia,Turquia
8,32,Escócia,Turquia
8,32,Hungria,Turquia
8,32,Portugal,Turquia
8,32,Suíça,Turquia
8,32,República Tcheca,Turquia
8,32,Dinamarca,Turquia
8,32,Inglaterra,Turquia
8,32,Itália,Turquia
8,32,Geórgia,Turquia
8,32,Alemanha,Turquia
8,32,Albânia,Turquia
8,32,Áustria,Turquia
8,32,Espanha,Sérvia
8,32,França,Sérvia
8,32,Croácia,Sérvia
8,32,Escócia,Sérvia
8,32,Hungria,Sérvia
8,32,Portugal,Sérvia
8,32,Suíça,Sérvia
8,32,República Tcheca,Sérvia
8,32,Dinamarca,Sérvia
8,32,Inglaterra,Sérvia
8,32,Itália,Sérvia
8,32,Geórgia,Sérvia
8,32,Alemanha,Sérvia
8,32,Albânia,Sérvia
8,32,Áustria,Sérvia
8,32,França,Espanha
8,32,Croácia,Espanha
8,32,Escócia,Espanha
8,32,Hungria,Espanha
8,32,Portugal,Espanha
8,32,Suíça,Espanha
8,32,República Tcheca,Espanha
8,32,Dinamarca,Espanha
8,32,Inglaterra,Espanha
8,32,Itália,Espanha
8,32,Geórgia,Espanha
8,32,Alemanha,Espanha
8,32,Albânia,Espanha
8,32,Áustria,Espanha
8,32,Croácia,França
8,32,Escócia,França
8,32,Hungria,França
8,32,Portugal,França
8,32,Suíça,França
8,32,República Tcheca,França
8,32,Dinamarca,França
8,32,Inglaterra,França
8,32,Itália,França
8,32,Geórgia,França
8,32,Alemanha,França
8,32,Albânia,França
8,32,Áustria,França
8,32,Escócia,Croácia
8,32,Hungria,Croácia
8,32,Portugal,Croácia
8,32,Suíça,Croácia
8,32,República Tcheca,Croácia
8,32,Dinamarca,Croácia
8,32,Inglaterra,Croácia
8,32,Itália,Croácia
8,32,Geórgia,Croácia
8,32,Alemanha,Croácia
8,32,Albânia,Croácia
8,32,Áustria,Croácia
8,32,Hungria,Escócia
8,32,Portugal,Escócia
8,32,Suíça,Escócia
8,32,República Tcheca,Escócia
8,32,Dinamarca,Escócia
8,32,Inglaterra,Escócia
8,32,Itália,Escócia
8,32,Geórgia,Escócia
8,32,Alemanha,Escócia
8,32,Albânia,Escócia
8,32,Áustria,Escócia
8,32,Portugal,Hungria
8,32,Suíça,Hungria
8,32,República Tcheca,Hungria
8,32,Dinamarca,Hungria
8,32,Inglaterra,Hungria
8,32,Itália,Hungria
8,32,Geórgia,Hungria
8,32,Alemanha,Hungria
8,32,Albânia,Hungria
8,32,Áustria,Hungria
8,32,Suíça,Portugal
8,32,República Tcheca,Portugal
8,32,Dinamarca,Portugal
8,32,Inglaterra,Portugal
8,32,Itália,Portugal
8,32,Geórgia,Portugal
8,32,Alemanha,Portugal
8,32,Albânia,Portugal
8,32,Áustria,Portugal
8,32,República Tcheca,Suíça
8,32,Dinamarca,Suíça
8,32,Inglaterra,Suíça
8,32,Itália,Suíça
8,32,Geórgia,Suíça
8,32,Alemanha,Suíça
8,32,Albânia,Suíça
8,32,Áustria,Suíça
8,32,Dinamarca,República Tcheca
8,32,Inglaterra,República Tcheca
8,32,Itália,República Tcheca
8,32,Geórgia,República Tcheca
8,32,Alemanha,República Tcheca
8,32,Albânia,República Tcheca
8,32,Áustria,República Tcheca
8,32,Inglaterra,Dinamarca
8,32,Itália,Dinamarca
8,32,Geórgia,Dinamarca
8,32,Alemanha,Dinamarca
8,32,Albânia,Dinamarca
8,32,Áustria,Dinamarca
8,32,Itália,Inglaterra
8,32,Geórgia,Inglaterra
8,32,Alemanha,Inglaterra
8,32,Albânia,Inglaterra
8,32,Áustria,Inglaterra
8,32,Geórgia,Itália
8,32,Alemanha,Itália
8,32,Albânia,Itália
8,32,Áustria,Itália
8,32,Alemanha,Geórgia
8,32,Albânia,Geórgia
8,32,Áustria,Geórgia
8,32,Albânia,Alemanha
8,32,Áustria,Alemanha
8,32,Áustria,Albânia
8,35,Eslovênia,Países Baixos
8,35,Bélgica,Países Baixos
8,35,Romênia,Países Baixos
8,35,Ucrânia,Países Baixos
8,35,Polônia,Países Baixos
8,35,Eslováquia,Países Baixos
8,35,Turquia,Países Baixos
8,35,Sérvia,Países Baixos
8,35,Espanha,Países Baixos
8,35,França,Países Baixos
8,35,Croácia,Países Baixos
8,35,Escócia,Países Baixos
8,35,Hungria,Países Baixos
8,35,Portugal,Países Baixos
8,35,Suíça,Países Baixos
8,35,República Tcheca,Países Baixos
8,35,Dinamarca,Países Baixos
8,35,Inglaterra,Países Baixos
8,35,Itália,Países Baixos
8,35,Geórgia,Países Baixos
8,35,Alemanha,Países Baixos
8,35,Albânia,Países Baixos
8,35,Áustria,Países Baixos
8,35,Bélgica,Eslovênia
8,35,Romênia,Eslovênia
8,35,Ucrânia,Eslovênia
8,35,Polônia,Eslovênia
8,35,Eslováquia,Eslovênia
8,35,Turquia,Eslovênia
8,35,Sérvia,Eslovênia
8,35,Espanha,Eslovênia
8,35,França,Eslovênia
8,35,Croácia,Eslovênia
8,35,Escócia,Eslovênia
8,35,Hungria,Eslovênia
8,35,Portugal,Eslovênia
8,35,Suíça,Eslovênia
8,35,República Tcheca,Eslovênia
8,35,Dinamarca,Eslovênia
8,35,Inglaterra,Eslovênia
8,35,Itália,Eslovênia
8,35,Geórgia,Eslovênia
8,35,Alemanha,Eslovênia
8,35,Albânia,Eslovênia
8,35,Áustria,Eslovênia
8,35,Romênia,Bélgica
8,35,Ucrânia,Bélgica
8,35,Polônia,Bélgica
8,35,Eslováquia,Bélgica
8,35,Turquia,Bélgica
8,35,Sérvia,Bélgica
8,35,Espanha,Bélgica
8,35,França,Bélgica
8,35,Croácia,Bélgica
8,35,Escócia,Bélgica
8,35,Hungria,Bélgica
8,35,Portugal,Bélgica
8,35,Suíça,Bélgica
8,35,República Tcheca,Bélgica
8,35,Dinamarca,Bélgica
8,35,Inglaterra,Bélgica
8,35,Itália,Bélgica
8,35,Geórgia,Bélgica
8,35,Alemanha,Bélgica
8,35,Albânia,Bélgica
8,35,Áustria,Bélgica
8,35,Ucrânia,Romênia
8,35,Polônia,Romênia
8,35,Eslováquia,Romênia
8,35,Turquia,Romênia
8,35,Sérvia,Romênia
8,35,Espanha,Romênia
8,35,França,Romênia
8,35,Croácia,Romênia
8,35,Escócia,Romênia
8,35,Hungria,Romênia
8,35,Portugal,Romênia
8,35,Suíça,Romênia
8,35,República Tcheca,Romênia
8,35,Dinamarca,Romênia
8,35,Inglaterra,Romênia
8,35,Itália,Romênia
8,35,Geórgia,Romênia
8,35,Alemanha,Romênia
8,35,Albânia,Romênia
8,35,Áustria,Romênia
8,35,Polônia,Ucrânia
8,35,Eslováquia,Ucrânia
8,35,Turquia,Ucrânia
8,35,Sérvia,Ucrânia
8,35,Espanha,Ucrânia
8,35,França,Ucrânia
8,35,Croácia,Ucrânia
8,35,Escócia,Ucrânia
8,35,Hungria,Ucrânia
8,35,Portugal,Ucrânia
8,35,Suíça,Ucrânia
8,35,República Tcheca,Ucrânia
8,35,Dinamarca,Ucrânia
8,35,Inglaterra,Ucrânia
8,35,Itália,Ucrânia
8,35,Geórgia,Ucrânia
8,35,Alemanha,Ucrânia
8,35,Albânia,Ucrânia
8,35,Áustria,Ucrânia
8,35,Eslováquia,Polônia
8,35,Turquia,Polônia
8,35,Sérvia,Polônia
8,35,Espanha,Polônia
8,35,França,Polônia
8,35,Croácia,Polônia
8,35,Escócia,Polônia
8,35,Hungria,Polônia
8,35,Portugal,Polônia
8,35,Suíça,Polônia
8,35,República Tcheca,Polônia
8,35,Dinamarca,Polônia
8,35,Inglaterra,Polônia
8,35,Itália,Polônia
8,35,Geórgia,Polônia
8,35,Alemanha,Polônia
8,35,Albânia,Polônia
8,35,Áustria,Polônia
8,35,Turquia,Eslováquia
8,35,Sérvia,Eslováquia
8,35,Espanha,Eslováquia
8,35,França,Eslováquia
8,35,Croácia,Eslováquia
8,35,Escócia,Eslováquia
8,35,Hungria,Eslováquia
8,35,Portugal,Eslováquia
8,35,Suíça,Eslováquia
8,35,República Tcheca,Eslováquia
8,35,Dinamarca,Eslováquia
8,35,Inglaterra,Eslováquia
8,35,Itália,Eslováquia
8,35,Geórgia,Eslováquia
8,35,Alemanha,Eslováquia
8,35,Albânia,Eslováquia
8,35,Áustria,Eslováquia
8,35,Sérvia,Turquia
8,35,Espanha,Turquia
8,35,França,Turquia
8,35,Croácia,Turquia
8,35,Escócia,Turquia
8,35,Hungria,Turquia
8,35,Portugal,Turquia
8,35,Suíça,Turquia
8,35,República Tcheca,Turquia
8,35,Dinamarca,Turquia
8,35,Inglaterra,Turquia
8,35,Itália,Turquia
8,35,Geórgia,Turquia
8,35,Alemanha,Turquia
8,35,Albânia,Turquia
8,35,Áustria,Turquia
8,35,Espanha,Sérvia
8,35,França,Sérvia
8,35,Croácia,Sérvia
8,35,Escócia,Sérvia
8,35,Hungria,Sérvia
8,35,Portugal,Sérvia
8,35,Suíça,Sérvia
8,35,República Tcheca,Sérvia
8,35,Dinamarca,Sérvia
8,35,Inglaterra,Sérvia
8,35,Itália,Sérvia
8,35,Geórgia,Sérvia
8,35,Alemanha,Sérvia
8,35,Albânia,Sérvia
8,35,Áustria,Sérvia
8,35,França,Espanha
8,35,Croácia,Espanha
8,35,Escócia,Espanha
8,35,Hungria,Espanha
8,35,Portugal,Espanha
8,35,Suíça,Espanha
8,35,República Tcheca,Espanha
8,35,Dinamarca,Espanha
8,35,Inglaterra,Espanha
8,35,Itália,Espanha
8,35,Geórgia,Espanha
8,35,Alemanha,Espanha
8,35,Albânia,Espanha
8,35,Áustria,Espanha
8,35,Croácia,França
8,35,Escócia,França
8,35,Hungria,França
8,35,Portugal,França
8,35,Suíça,França
8,35,República Tcheca,França
8,35,Dinamarca,França
8,35,Inglaterra,França
8,35,Itália,França
8,35,Geórgia,França
8,35,Alemanha,França
8,35,Albânia,França
8,35,Áustria,França
8,35,Escócia,Croácia
8,35,Hungria,Croácia
8,35,Portugal,Croácia
8,35,Suíça,Croácia
8,35,República Tcheca,Croácia
8,35,Dinamarca,Croácia
8,35,Inglaterra,Croácia
8,35,Itália,Croácia
8,35,Geórgia,Croácia
8,35,Alemanha,Croácia
8,35,Albânia,Croácia
8,35,Áustria,Croácia
8,35,Hungria,Escócia
8,35,Portugal,Escócia
8,35,Suíça,Escócia
8,35,República Tcheca,Escócia
8,35,Dinamarca,Escócia
8,35,Inglaterra,Escócia
8,35,Itália,Escócia
8,35,Geórgia,Escócia
8,35,Alemanha,Escócia
8,35,Albânia,Escócia
8,35,Áustria,Escócia
8,35,Portugal,Hungria
8,35,Suíça,Hungria
8,35,República Tcheca,Hungria
8,35,Dinamarca,Hungria
8,35,Inglaterra,Hungria
8,35,Itália,Hungria
8,35,Geórgia,Hungria
8,35,Alemanha,Hungria
8,35,Albânia,Hungria
8,35,Áustria,Hungria
8,35,Suíça,Portugal
8,35,República Tcheca,Portugal
8,35,Dinamarca,Portugal
8,35,Inglaterra,Portugal
8,35,Itália,Portugal
8,35,Geórgia,Portugal
8,35,Alemanha,Portugal
8,35,Albânia,Portugal
8,35,Áustria,Portugal
8,35,República Tcheca,Suíça
8,35,Dinamarca,Suíça
8,35,Inglaterra,Suíça
8,35,Itália,Suíça
8,35,Geórgia,Suíça
8,35,Alemanha,Suíça
8,35,Albânia,Suíça
8,35,Áustria,Suíça
8,35,Dinamarca,República Tcheca
8,35,Inglaterra,República Tcheca
8,35,Itália,República Tcheca
8,35,Geórgia,República Tcheca
8,35,Alemanha,República Tcheca
8,35,Albânia,República Tcheca
8,35,Áustria,República Tcheca
8,35,Inglaterra,Dinamarca
8,35,Itália,Dinamarca
8,35,Geórgia,Dinamarca
8,35,Alemanha,Dinamarca
8,35,Albânia,Dinamarca
8,35,Áustria,Dinamarca
8,35,Itália,Inglaterra
8,35,Geórgia,Inglaterra
8,35,Alemanha,Inglaterra
8,35,Albânia,Inglaterra
8,35,Áustria,Inglaterra
8,35,Geórgia,Itália
8,35,Alemanha,Itália
8,35,Albânia,Itália
8,35,Áustria,Itália
8,35,Alemanha,Geórgia
8,35,Albânia,Geórgia
8,35,Áustria,Geórgia
8,35,Albânia,Alemanha
8,35,Áustria,Alemanha
8,35,Áustria,Albânia
8,38,Eslovênia,Países Baixos
8,38,Bélgica,Países Baixos
8,38,Romênia,Países Baixos
8,38,Ucrânia,Países Baixos
8,38,Polônia,Países Baixos
8,38,Eslováquia,Países Baixos
8,38,Turquia,Países Baixos
8,38,Sérvia,Países Baixos
8,38,Espanha,Países Baixos
8,38,França,Países Baixos
8,38,Croácia,Países Baixos
8,38,Escócia,Países Baixos
8,38,Hungria,Países Baixos
8,38,Portugal,Países Baixos
8,38,Suíça,Países Baixos
8,38,República Tcheca,Países Baixos
8,38,Dinamarca,Países Baixos
8,38,Inglaterra,Países Baixos
8,38,Itália,Países Baixos
8,38,Geórgia,Países Baixos
8,38,Alemanha,Países Baixos
8,38,Albânia,Países Baixos
8,38,Áustria,Países Baixos
8,38,Bélgica,Eslovênia
8,38,Romênia,Eslovênia
8,38,Ucrânia,Eslovênia
8,38,Polônia,Eslovênia
8,38,Eslováquia,Eslovênia
8,38,Turquia,Eslovênia
8,38,Sérvia,Eslovênia
8,38,Espanha,Eslovênia
8,38,França,Eslovênia
8,38,Croácia,Eslovênia
8,38,Escócia,Eslovênia
8,38,Hungria,Eslovênia
8,38,Portugal,Eslovênia
8,38,Suíça,Eslovênia
8,38,República Tcheca,Eslovênia
8,38,Dinamarca,Eslovênia
8,38,Inglaterra,Eslovênia
8,38,Itália,Eslovênia
8,38,Geórgia,Eslovênia
8,38,Alemanha,Eslovênia
8,38,Albânia,Eslovênia
8,38,Áustria,Eslovênia
8,38,Romênia,Bélgica
8,38,Ucrânia,Bélgica
8,38,Polônia,Bélgica
8,38,Eslováquia,Bélgica
8,38,Turquia,Bélgica
8,38,Sérvia,Bélgica
8,38,Espanha,Bélgica
8,38,França,Bélgica
8,38,Croácia,Bélgica
8,38,Escócia,Bélgica
8,38,Hungria,Bélgica
8,38,Portugal,Bélgica
8,38,Suíça,Bélgica
8,38,República Tcheca,Bélgica
8,38,Dinamarca,Bélgica
8,38,Inglaterra,Bélgica
8,38,Itália,Bélgica
8,38,Geórgia,Bélgica
8,38,Alemanha,Bélgica
8,38,Albânia,Bélgica
8,38,Áustria,Bélgica
8,38,Ucrânia,Romênia
8,38,Polônia,Romênia
8,38,Eslováquia,Romênia
8,38,Turquia,Romênia
8,38,Sérvia,Romênia
8,38,Espanha,Romênia
8,38,França,Romênia
8,38,Croácia,Romênia
8,38,Escócia,Romênia
8,38,Hungria,Romênia
8,38,Portugal,Romênia
8,38,Suíça,Romênia
8,38,República Tcheca,Romênia
8,38,Dinamarca,Romênia
8,38,Inglaterra,Romênia
8,38,Itália,Romênia
8,38,Geórgia,Romênia
8,38,Alemanha,Romênia
8,38,Albânia,Romênia
8,38,Áustria,Romênia
8,38,Polônia,Ucrânia
8,38,Eslováquia,Ucrânia
8,38,Turquia,Ucrânia
8,38,Sérvia,Ucrânia
8,38,Espanha,Ucrânia
8,38,França,Ucrânia
8,38,Croácia,Ucrânia
8,38,Escócia,Ucrânia
8,38,Hungria,Ucrânia
8,38,Portugal,Ucrânia
8,38,Suíça,Ucrânia
8,38,República Tcheca,Ucrânia
8,38,Dinamarca,Ucrânia
8,38,Inglaterra,Ucrânia
8,38,Itália,Ucrânia
8,38,Geórgia,Ucrânia
8,38,Alemanha,Ucrânia
8,38,Albânia,Ucrânia
8,38,Áustria,Ucrânia
8,38,Eslováquia,Polônia
8,38,Turquia,Polônia
8,38,Sérvia,Polônia
8,38,Espanha,Polônia
8,38,França,Polônia
8,38,Croácia,Polônia
8,38,Escócia,Polônia
8,38,Hungria,Polônia
8,38,Portugal,Polônia
8,38,Suíça,Polônia
8,38,República Tcheca,Polônia
8,38,Dinamarca,Polônia
8,38,Inglaterra,Polônia
8,38,Itália,Polônia
8,38,Geórgia,Polônia
8,38,Alemanha,Polônia
8,38,Albânia,Polônia
8,38,Áustria,Polônia
8,38,Turquia,Eslováquia
8,38,Sérvia,Eslováquia
8,38,Espanha,Eslováquia
8,38,França,Eslováquia
8,38,Croácia,Eslováquia
8,38,Escócia,Eslováquia
8,38,Hungria,Eslováquia
8,38,Portugal,Eslováquia
8,38,Suíça,Eslováquia
8,38,República Tcheca,Eslováquia
8,38,Dinamarca,Eslováquia
8,38,Inglaterra,Eslováquia
8,38,Itália,Eslováquia
8,38,Geórgia,Eslováquia
8,38,Alemanha,Eslováquia
8,38,Albânia,Eslováquia
8,38,Áustria,Eslováquia
8,38,Sérvia,Turquia
8,38,Espanha,Turquia
8,38,França,Turquia
8,38,Croácia,Turquia
8,38,Escócia,Turquia
8,38,Hungria,Turquia
8,38,Portugal,Turquia
8,38,Suíça,Turquia
8,38,República Tcheca,Turquia
8,38,Dinamarca,Turquia
8,38,Inglaterra,Turquia
8,38,Itália,Turquia
8,38,Geórgia,Turquia
8,38,Alemanha,Turquia
8,38,Albânia,Turquia
8,38,Áustria,Turquia
8,38,Espanha,Sérvia
8,38,França,Sérvia
8,38,Croácia,Sérvia
8,38,Escócia,Sérvia
8,38,Hungria,Sérvia
8,38,Portugal,Sérvia
8,38,Suíça,Sérvia
8,38,República Tcheca,Sérvia
8,38,Dinamarca,Sérvia
8,38,Inglaterra,Sérvia
8,38,Itália,Sérvia
8,38,Geórgia,Sérvia
8,38,Alemanha,Sérvia
8,38,Albânia,Sérvia
8,38,Áustria,Sérvia
8,38,França,Espanha
8,38,Croácia,Espanha
8,38,Escócia,Espanha
8,38,Hungria,Espanha
8,38,Portugal,Espanha
8,38,Suíça,Espanha
8,38,República Tcheca,Espanha
8,38,Dinamarca,Espanha
8,38,Inglaterra,Espanha
8,38,Itália,Espanha
8,38,Geórgia,Espanha
8,38,Alemanha,Espanha
8,38,Albânia,Espanha
8,38,Áustria,Espanha
8,38,Croácia,França
8,38,Escócia,França
8,38,Hungria,França
8,38,Portugal,França
8,38,Suíça,França
8,38,República Tcheca,França
8,38,Dinamarca,França
8,38,Inglaterra,França
8,38,Itália,França
8,38,Geórgia,França
8,38,Alemanha,França
8,38,Albânia,França
8,38,Áustria,França
8,38,Escócia,Croácia
8,38,Hungria,Croácia
8,38,Portugal,Croácia
8,38,Suíça,Croácia
8,38,República Tcheca,Croácia
8,38,Dinamarca,Croácia
8,38,Inglaterra,Croácia
8,38,Itália,Croácia
8,38,Geórgia,Croácia
8,38,Alemanha,Croácia
8,38,Albânia,Croácia
8,38,Áustria,Croácia
8,38,Hungria,Escócia
8,38,Portugal,Escócia
8,38,Suíça,Escócia
8,38,República Tcheca,Escócia
8,38,Dinamarca,Escócia
8,38,Inglaterra,Escócia
8,38,Itália,Escócia
8,38,Geórgia,Escócia
8,38,Alemanha,Escócia
8,38,Albânia,Escócia
8,38,Áustria,Escócia
8,38,Portugal,Hungria
8,38,Suíça,Hungria
8,38,República Tcheca,Hungria
8,38,Dinamarca,Hungria
8,38,Inglaterra,Hungria
8,38,Itália,Hungria
8,38,Geórgia,Hungria
8,38,Alemanha,Hungria
8,38,Albânia,Hungria
8,38,Áustria,Hungria
8,38,Suíça,Portugal
8,38,República Tcheca,Portugal
8,38,Dinamarca,Portugal
8,38,Inglaterra,Portugal
8,38,Itália,Portugal
8,38,Geórgia,Portugal
8,38,Alemanha,Portugal
8,38,Albânia,Portugal
8,38,Áustria,Portugal
8,38,República Tcheca,Suíça
8,38,Dinamarca,Suíça
8,38,Inglaterra,Suíça
8,38,Itália,Suíça
8,38,Geórgia,Suíça
8,38,Alemanha,Suíça
8,38,Albânia,Suíça
8,38,Áustria,Suíça
8,38,Dinamarca,República Tcheca
8,38,Inglaterra,República Tcheca
8,38,Itália,República Tcheca
8,38,Geórgia,República Tcheca
8,38,Alemanha,República Tcheca
8,38,Albânia,República Tcheca
8,38,Áustria,República Tcheca
8,38,Inglaterra,Dinamarca
8,38,Itália,Dinamarca
8,38,Geórgia,Dinamarca
8,38,Alemanha,Dinamarca
8,38,Albânia,Dinamarca
8,38,Áustria,Dinamarca
8,38,Itália,Inglaterra
8,38,Geórgia,Inglaterra
8,38,Alemanha,Inglaterra
8,38,Albânia,Inglaterra
8,38,Áustria,Inglaterra
8,38,Geórgia,Itália
8,38,Alemanha,Itália
8,38,Albânia,Itália
8,38,Áustria,Itália
8,38,Alemanha,Geórgia
8,38,Albânia,Geórgia
8,38,Áustria,Geórgia
8,38,Albânia,Alemanha
8,38,Áustria,Alemanha
8,38,Áustria,Albânia
8,41,Eslovênia,Países Baixos
8,41,Bélgica,Países Baixos
8,41,Romênia,Países Baixos
8,41,Ucrânia,Países Baixos
8,41,Polônia,Países Baixos
8,41,Eslováquia,Países Baixos
8,41,Turquia,Países Baixos
8,41,Sérvia,Países Baixos
8,41,Espanha,Países Baixos
8,41,França,Países Baixos
8,41,Croácia,Países Baixos
8,41,Escócia,Países Baixos
8,41,Hungria,Países Baixos
8,41,Portugal,Países Baixos
8,41,Suíça,Países Baixos
8,41,República Tcheca,Países Baixos
8,41,Dinamarca,Países Baixos
8,41,Inglaterra,Países Baixos
8,41,Itália,Países Baixos
8,41,Geórgia,Países Baixos
8,41,Alemanha,Países Baixos
8,41,Albânia,Países Baixos
8,41,Áustria,Países Baixos
8,41,Bélgica,Eslovênia
8,41,Romênia,Eslovênia
8,41,Ucrânia,Eslovênia
8,41,Polônia,Eslovênia
8,41,Eslováquia,Eslovênia
8,41,Turquia,Eslovênia
8,41,Sérvia,Eslovênia
8,41,Espanha,Eslovênia
8,41,França,Eslovênia
8,41,Croácia,Eslovênia
8,41,Escócia,Eslovênia
8,41,Hungria,Eslovênia
8,41,Portugal,Eslovênia
8,41,Suíça,Eslovênia
8,41,República Tcheca,Eslovênia
8,41,Dinamarca,Eslovênia
8,41,Inglaterra,Eslovênia
8,41,Itália,Eslovênia
8,41,Geórgia,Eslovênia
8,41,Alemanha,Eslovênia
8,41,Albânia,Eslovênia
8,41,Áustria,Eslovênia
8,41,Romênia,Bélgica
8,41,Ucrânia,Bélgica
8,41,Polônia,Bélgica
8,41,Eslováquia,Bélgica
8,41,Turquia,Bélgica
8,41,Sérvia,Bélgica
8,41,Espanha,Bélgica
8,41,França,Bélgica
8,41,Croácia,Bélgica
8,41,Escócia,Bélgica
8,41,Hungria,Bélgica
8,41,Portugal,Bélgica
8,41,Suíça,Bélgica
8,41,República Tcheca,Bélgica
8,41,Dinamarca,Bélgica
8,41,Inglaterra,Bélgica
8,41,Itália,Bélgica
8,41,Geórgia,Bélgica
8,41,Alemanha,Bélgica
8,41,Albânia,Bélgica
8,41,Áustria,Bélgica
8,41,Ucrânia,Romênia
8,41,Polônia,Romênia
8,41,Eslováquia,Romênia
8,41,Turquia,Romênia
8,41,Sérvia,Romênia
8,41,Espanha,Romênia
8,41,França,Romênia
8,41,Croácia,Romênia
8,41,Escócia,Romênia
8,41,Hungria,Romênia
8,41,Portugal,Romênia
8,41,Suíça,Romênia
8,41,República Tcheca,Romênia
8,41,Dinamarca,Romênia
8,41,Inglaterra,Romênia
8,41,Itália,Romênia
8,41,Geórgia,Romênia
8,41,Alemanha,Romênia
8,41,Albânia,Romênia
8,41,Áustria,Romênia
8,41,Polônia,Ucrânia
8,41,Eslováquia,Ucrânia
8,41,Turquia,Ucrânia
8,41,Sérvia,Ucrânia
8,41,Espanha,Ucrânia
8,41,França,Ucrânia
8,41,Croácia,Ucrânia
8,41,Escócia,Ucrânia
8,41,Hungria,Ucrânia
8,41,Portugal,Ucrânia
8,41,Suíça,Ucrânia
8,41,República Tcheca,Ucrânia
8,41,Dinamarca,Ucrânia
8,41,Inglaterra,Ucrânia
8,41,Itália,Ucrânia
8,41,Geórgia,Ucrânia
8,41,Alemanha,Ucrânia
8,41,Albânia,Ucrânia
8,41,Áustria,Ucrânia
8,41,Eslováquia,Polônia
8,41,Turquia,Polônia
8,41,Sérvia,Polônia
8,41,Espanha,Polônia
8,41,França,Polônia
8,41,Croácia,Polônia
8,41,Escócia,Polônia
8,41,Hungria,Polônia
8,41,Portugal,Polônia
8,41,Suíça,Polônia
8,41,República Tcheca,Polônia
8,41,Dinamarca,Polônia
8,41,Inglaterra,Polônia
8,41,Itália,Polônia
8,41,Geórgia,Polônia
8,41,Alemanha,Polônia
8,41,Albânia,Polônia
8,41,Áustria,Polônia
8,41,Turquia,Eslováquia
8,41,Sérvia,Eslováquia
8,41,Espanha,Eslováquia
8,41,França,Eslováquia
8,41,Croácia,Eslováquia
8,41,Escócia,Eslováquia
8,41,Hungria,Eslováquia
8,41,Portugal,Eslováquia
8,41,Suíça,Eslováquia
8,41,República Tcheca,Eslováquia
8,41,Dinamarca,Eslováquia
8,41,Inglaterra,Eslováquia
8,41,Itália,Eslováquia
8,41,Geórgia,Eslováquia
8,41,Alemanha,Eslováquia
8,41,Albânia,Eslováquia
8,41,Áustria,Eslováquia
8,41,Sérvia,Turquia
8,41,Espanha,Turquia
8,41,França,Turquia
8,41,Croácia,Turquia
8,41,Escócia,Turquia
8,41,Hungria,Turquia
8,41,Portugal,Turquia
8,41,Suíça,Turquia
8,41,República Tcheca,Turquia
8,41,Dinamarca,Turquia
8,41,Inglaterra,Turquia
8,41,Itália,Turquia
8,41,Geórgia,Turquia
8,41,Alemanha,Turquia
8,41,Albânia,Turquia
8,41,Áustria,Turquia
8,41,Espanha,Sérvia
8,41,França,Sérvia
8,41,Croácia,Sérvia
8,41,Escócia,Sérvia
8,41,Hungria,Sérvia
8,41,Portugal,Sérvia
8,41,Suíça,Sérvia
8,41,República Tcheca,Sérvia
8,41,Dinamarca,Sérvia
8,41,Inglaterra,Sérvia
8,41,Itália,Sérvia
8,41,Geórgia,Sérvia
8,41,Alemanha,Sérvia
8,41,Albânia,Sérvia
8,41,Áustria,Sérvia
8,41,França,Espanha
8,41,Croácia,Espanha
8,41,Escócia,Espanha
8,41,Hungria,Espanha
8,41,Portugal,Espanha
8,41,Suíça,Espanha
8,41,República Tcheca,Espanha
8,41,Dinamarca,Espanha
8,41,Inglaterra,Espanha
8,41,Itália,Espanha
8,41,Geórgia,Espanha
8,41,Alemanha,Espanha
8,41,Albânia,Espanha
8,41,Áustria,Espanha
8,41,Croácia,França
8,41,Escócia,França
8,41,Hungria,França
8,41,Portugal,França
8,41,Suíça,França
8,41,República Tcheca,França
8,41,Dinamarca,França
8,41,Inglaterra,França
8,41,Itália,França
8,41,Geórgia,França
8,41,Alemanha,França
8,41,Albânia,França
8,41,Áustria,França
8,41,Escócia,Croácia
8,41,Hungria,Croácia
8,41,Portugal,Croácia
8,41,Suíça,Croácia
8,41,República Tcheca,Croácia
8,41,Dinamarca,Croácia
8,41,Inglaterra,Croácia
8,41,Itália,Croácia
8,41,Geórgia,Croácia
8,41,Alemanha,Croácia
8,41,Albânia,Croácia
8,41,Áustria,Croácia
8,41,Hungria,Escócia
8,41,Portugal,Escócia
8,41,Suíça,Escócia
8,41,República Tcheca,Escócia
8,41,Dinamarca,Escócia
8,41,Inglaterra,Escócia
8,41,Itália,Escócia
8,41,Geórgia,Escócia
8,41,Alemanha,Escócia
8,41,Albânia,Escócia
8,41,Áustria,Escócia
8,41,Portugal,Hungria
8,41,Suíça,Hungria
8,41,República Tcheca,Hungria
8,41,Dinamarca,Hungria
8,41,Inglaterra,Hungria
8,41,Itália,Hungria
8,41,Geórgia,Hungria
8,41,Alemanha,Hungria
8,41,Albânia,Hungria
8,41,Áustria,Hungria
8,41,Suíça,Portugal
8,41,República Tcheca,Portugal
8,41,Dinamarca,Portugal
8,41,Inglaterra,Portugal
8,41,Itália,Portugal
8,41,Geórgia,Portugal
8,41,Alemanha,Portugal
8,41,Albânia,Portugal
8,41,Áustria,Portugal
8,41,República Tcheca,Suíça
8,41,Dinamarca,Suíça
8,41,Inglaterra,Suíça
8,41,Itália,Suíça
8,41,Geórgia,Suíça
8,41,Alemanha,Suíça
8,41,Albânia,Suíça
8,41,Áustria,Suíça
8,41,Dinamarca,República Tcheca
8,41,Inglaterra,República Tcheca
8,41,Itália,República Tcheca
8,41,Geórgia,República Tcheca
8,41,Alemanha,República Tcheca
8,41,Albânia,República Tcheca
8,41,Áustria,República Tcheca
8,41,Inglaterra,Dinamarca
8,41,Itália,Dinamarca
8,41,Geórgia,Dinamarca
8,41,Alemanha,Dinamarca
8,41,Albânia,Dinamarca
8,41,Áustria,Dinamarca
8,41,Itália,Inglaterra
8,41,Geórgia,Inglaterra
8,41,Alemanha,Inglaterra
8,41,Albânia,Inglaterra
8,41,Áustria,Inglaterra
8,41,Geórgia,Itália
8,41,Alemanha,Itália
8,41,Albânia,Itália
8,41,Áustria,Itália
8,41,Alemanha,Geórgia
8,41,Albânia,Geórgia
8,41,Áustria,Geórgia
8,41,Albânia,Alemanha
8,41,Áustria,Alemanha
8,41,Áustria,Albânia
8,44,Eslovênia,Países Baixos
8,44,Bélgica,Países Baixos
8,44,Romênia,Países Baixos
8,44,Ucrânia,Países Baixos
8,44,Polônia,Países Baixos
8,44,Eslováquia,Países Baixos
8,44,Turquia,Países Baixos
8,44,Sérvia,Países Baixos
8,44,Espanha,Países Baixos
8,44,França,Países Baixos
8,44,Croácia,Países Baixos
8,44,Escócia,Países Baixos
8,44,Hungria,Países Baixos
8,44,Portugal,Países Baixos
8,44,Suíça,Países Baixos
8,44,República Tcheca,Países Baixos
8,44,Dinamarca,Países Baixos
8,44,Inglaterra,Países Baixos
8,44,Itália,Países Baixos
8,44,Geórgia,Países Baixos
8,44,Alemanha,Países Baixos
8,44,Albânia,Países Baixos
8,44,Áustria,Países Baixos
8,44,Bélgica,Eslovênia
8,44,Romênia,Eslovênia
8,44,Ucrânia,Eslovênia
8,44,Polônia,Eslovênia
8,44,Eslováquia,Eslovênia
8,44,Turquia,Eslovênia
8,44,Sérvia,Eslovênia
8,44,Espanha,Eslovênia
8,44,França,Eslovênia
8,44,Croácia,Eslovênia
8,44,Escócia,Eslovênia
8,44,Hungria,Eslovênia
8,44,Portugal,Eslovênia
8,44,Suíça,Eslovênia
8,44,República Tcheca,Eslovênia
8,44,Dinamarca,Eslovênia
8,44,Inglaterra,Eslovênia
8,44,Itália,Eslovênia
8,44,Geórgia,Eslovênia
8,44,Alemanha,Eslovênia
8,44,Albânia,Eslovênia
8,44,Áustria,Eslovênia
8,44,Romênia,Bélgica
8,44,Ucrânia,Bélgica
8,44,Polônia,Bélgica
8,44,Eslováquia,Bélgica
8,44,Turquia,Bélgica
8,44,Sérvia,Bélgica
8,44,Espanha,Bélgica
8,44,França,Bélgica
8,44,Croácia,Bélgica
8,44,Escócia,Bélgica
8,44,Hungria,Bélgica
8,44,Portugal,Bélgica
8,44,Suíça,Bélgica
8,44,República Tcheca,Bélgica
8,44,Dinamarca,Bélgica
8,44,Inglaterra,Bélgica
8,44,Itália,Bélgica
8,44,Geórgia,Bélgica
8,44,Alemanha,Bélgica
8,44,Albânia,Bélgica
8,44,Áustria,Bélgica
8,44,Ucrânia,Romênia
8,44,Polônia,Romênia
8,44,Eslováquia,Romênia
8,44,Turquia,Romênia
8,44,Sérvia,Romênia
8,44,Espanha,Romênia
8,44,França,Romênia
8,44,Croácia,Romênia
8,44,Escócia,Romênia
8,44,Hungria,Romênia
8,44,Portugal,Romênia
8,44,Suíça,Romênia
8,44,República Tcheca,Romênia
8,44,Dinamarca,Romênia
8,44,Inglaterra,Romênia
8,44,Itália,Romênia
8,44,Geórgia,Romênia
8,44,Alemanha,Romênia
8,44,Albânia,Romênia
8,44,Áustria,Romênia
8,44,Polônia,Ucrânia
8,44,Eslováquia,Ucrânia
8,44,Turquia,Ucrânia
8,44,Sérvia,Ucrânia
8,44,Espanha,Ucrânia
8,44,França,Ucrânia
8,44,Croácia,Ucrânia
8,44,Escócia,Ucrânia
8,44,Hungria,Ucrânia
8,44,Portugal,Ucrânia
8,44,Suíça,Ucrânia
8,44,República Tcheca,Ucrânia
8,44,Dinamarca,Ucrânia
8,44,Inglaterra,Ucrânia
8,44,Itália,Ucrânia
8,44,Geórgia,Ucrânia
8,44,Alemanha,Ucrânia
8,44,Albânia,Ucrânia
8,44,Áustria,Ucrânia
8,44,Eslováquia,Polônia
8,44,Turquia,Polônia
8,44,Sérvia,Polônia
8,44,Espanha,Polônia
8,44,França,Polônia
8,44,Croácia,Polônia
8,44,Escócia,Polônia
8,44,Hungria,Polônia
8,44,Portugal,Polônia
8,44,Suíça,Polônia
8,44,República Tcheca,Polônia
8,44,Dinamarca,Polônia
8,44,Inglaterra,Polônia
8,44,Itália,Polônia
8,44,Geórgia,Polônia
8,44,Alemanha,Polônia
8,44,Albânia,Polônia
8,44,Áustria,Polônia
8,44,Turquia,Eslováquia
8,44,Sérvia,Eslováquia
8,44,Espanha,Eslováquia
8,44,França,Eslováquia
8,44,Croácia,Eslováquia
8,44,Escócia,Eslováquia
8,44,Hungria,Eslováquia
8,44,Portugal,Eslováquia
8,44,Suíça,Eslováquia
8,44,República Tcheca,Eslováquia
8,44,Dinamarca,Eslováquia
8,44,Inglaterra,Eslováquia
8,44,Itália,Eslováquia
8,44,Geórgia,Eslováquia
8,44,Alemanha,Eslováquia
8,44,Albânia,Eslováquia
8,44,Áustria,Eslováquia
8,44,Sérvia,Turquia
8,44,Espanha,Turquia
8,44,França,Turquia
8,44,Croácia,Turquia
8,44,Escócia,Turquia
8,44,Hungria,Turquia
8,44,Portugal,Turquia
8,44,Suíça,Turquia
8,44,República Tcheca,Turquia
8,44,Dinamarca,Turquia
8,44,Inglaterra,Turquia
8,44,Itália,Turquia
8,44,Geórgia,Turquia
8,44,Alemanha,Turquia
8,44,Albânia,Turquia
8,44,Áustria,Turquia
8,44,Espanha,Sérvia
8,44,França,Sérvia
8,44,Croácia,Sérvia
8,44,Escócia,Sérvia
8,44,Hungria,Sérvia
8,44,Portugal,Sérvia
8,44,Suíça,Sérvia
8,44,República Tcheca,Sérvia
8,44,Dinamarca,Sérvia
8,44,Inglaterra,Sérvia
8,44,Itália,Sérvia
8,44,Geórgia,Sérvia
8,44,Alemanha,Sérvia
8,44,Albânia,Sérvia
8,44,Áustria,Sérvia
8,44,França,Espanha
8,44,Croácia,Espanha
8,44,Escócia,Espanha
8,44,Hungria,Espanha
8,44,Portugal,Espanha
8,44,Suíça,Espanha
8,44,República Tcheca,Espanha
8,44,Dinamarca,Espanha
8,44,Inglaterra,Espanha
8,44,Itália,Espanha
8,44,Geórgia,Espanha
8,44,Alemanha,Espanha
8,44,Albânia,Espanha
8,44,Áustria,Espanha
8,44,Croácia,França
8,44,Escócia,França
8,44,Hungria,França
8,44,Portugal,França
8,44,Suíça,França
8,44,República Tcheca,França
8,44,Dinamarca,França
8,44,Inglaterra,França
8,44,Itália,França
8,44,Geórgia,França
8,44,Alemanha,França
8,44,Albânia,França
8,44,Áustria,França
8,44,Escócia,Croácia
8,44,Hungria,Croácia
8,44,Portugal,Croácia
8,44,Suíça,Croácia
8,44,República Tcheca,Croácia
8,44,Dinamarca,Croácia
8,44,Inglaterra,Croácia
8,44,Itália,Croácia
8,44,Geórgia,Croácia
8,44,Alemanha,Croácia
8,44,Albânia,Croácia
8,44,Áustria,Croácia
8,44,Hungria,Escócia
8,44,Portugal,Escócia
8,44,Suíça,Escócia
8,44,República Tcheca,Escócia
8,44,Dinamarca,Escócia
8,44,Inglaterra,Escócia
8,44,Itália,Escócia
8,44,Geórgia,Escócia
8,44,Alemanha,Escócia
8,44,Albânia,Escócia
8,44,Áustria,Escócia
8,44,Portugal,Hungria
8,44,Suíça,Hungria
8,44,República Tcheca,Hungria
8,44,Dinamarca,Hungria
8,44,Inglaterra,Hungria
8,44,Itália,Hungria
8,44,Geórgia,Hungria
8,44,Alemanha,Hungria
8,44,Albânia,Hungria
8,44,Áustria,Hungria
8,44,Suíça,Portugal
8,44,República Tcheca,Portugal
8,44,Dinamarca,Portugal
8,44,Inglaterra,Portugal
8,44,Itália,Portugal
8,44,Geórgia,Portugal
8,44,Alemanha,Portugal
8,44,Albânia,Portugal
8,44,Áustria,Portugal
8,44,República Tcheca,Suíça
8,44,Dinamarca,Suíça
8,44,Inglaterra,Suíça
8,44,Itália,Suíça
8,44,Geórgia,Suíça
8,44,Alemanha,Suíça
8,44,Albânia,Suíça
8,44,Áustria,Suíça
8,44,Dinamarca,República Tcheca
8,44,Inglaterra,República Tcheca
8,44,Itália,República Tcheca
8,44,Geórgia,República Tcheca
8,44,Alemanha,República Tcheca
8,44,Albânia,República Tcheca
8,44,Áustria,República Tcheca
8,44,Inglaterra,Dinamarca
8,44,Itália,Dinamarca
8,44,Geórgia,Dinamarca
8,44,Alemanha,Dinamarca
8,44,Albânia,Dinamarca
8,44,Áustria,Dinamarca
8,44,Itália,Inglaterra
8,44,Geórgia,Inglaterra
8,44,Alemanha,Inglaterra
8,44,Albânia,Inglaterra
8,44,Áustria,Inglaterra
8,44,Geórgia,Itália
8,44,Alemanha,Itália
8,44,Albânia,Itália
8,44,Áustria,Itália
8,44,Alemanha,Geórgia
8,44,Albânia,Geórgia
8,44,Áustria,Geórgia
8,44,Albânia,Alemanha
8,44,Áustria,Alemanha
8,44,Áustria,Albânia
8,47,Eslovênia,Países Baixos
8,47,Bélgica,Países Baixos
8,47,Romênia,Países Baixos
8,47,Ucrânia,Países Baixos
8,47,Polônia,Países Baixos
8,47,Eslováquia,Países Baixos
8,47,Turquia,Países Baixos
8,47,Sérvia,Países Baixos
8,47,Espanha,Países Baixos
8,47,França,Países Baixos
8,47,Croácia,Países Baixos
8,47,Escócia,Países Baixos
8,47,Hungria,Países Baixos
8,47,Portugal,Países Baixos
8,47,Suíça,Países Baixos
8,47,República Tcheca,Países Baixos
8,47,Dinamarca,Países Baixos
8,47,Inglaterra,Países Baixos
8,47,Itália,Países Baixos
8,47,Geórgia,Países Baixos
8,47,Alemanha,Países Baixos
8,47,Albânia,Países Baixos
8,47,Áustria,Países Baixos
8,47,Bélgica,Eslovênia
8,47,Romênia,Eslovênia
8,47,Ucrânia,Eslovênia
8,47,Polônia,Eslovênia
8,47,Eslováquia,Eslovênia
8,47,Turquia,Eslovênia
8,47,Sérvia,Eslovênia
8,47,Espanha,Eslovênia
8,47,França,Eslovênia
8,47,Croácia,Eslovênia
8,47,Escócia,Eslovênia
8,47,Hungria,Eslovênia
8,47,Portugal,Eslovênia
8,47,Suíça,Eslovênia
8,47,República Tcheca,Eslovênia
8,47,Dinamarca,Eslovênia
8,47,Inglaterra,Eslovênia
8,47,Itália,Eslovênia
8,47,Geórgia,Eslovênia
8,47,Alemanha,Eslovênia
8,47,Albânia,Eslovênia
8,47,Áustria,Eslovênia
8,47,Romênia,Bélgica
8,47,Ucrânia,Bélgica
8,47,Polônia,Bélgica
8,47,Eslováquia,Bélgica
8,47,Turquia,Bélgica
8,47,Sérvia,Bélgica
8,47,Espanha,Bélgica
8,47,França,Bélgica
8,47,Croácia,Bélgica
8,47,Escócia,Bélgica
8,47,Hungria,Bélgica
8,47,Portugal,Bélgica
8,47,Suíça,Bélgica
8,47,República Tcheca,Bélgica
8,47,Dinamarca,Bélgica
8,47,Inglaterra,Bélgica
8,47,Itália,Bélgica
8,47,Geórgia,Bélgica
8,47,Alemanha,Bélgica
8,47,Albânia,Bélgica
8,47,Áustria,Bélgica
8,47,Ucrânia,Romênia
8,47,Polônia,Romênia
8,47,Eslováquia,Romênia
8,47,Turquia,Romênia
8,47,Sérvia,Romênia
8,47,Espanha,Romênia
8,47,França,Romênia
8,47,Croácia,Romênia
8,47,Escócia,Romênia
8,47,Hungria,Romênia
8,47,Portugal,Romênia
8,47,Suíça,Romênia
8,47,República Tcheca,Romênia
8,47,Dinamarca,Romênia
8,47,Inglaterra,Romênia
8,47,Itália,Romênia
8,47,Geórgia,Romênia
8,47,Alemanha,Romênia
8,47,Albânia,Romênia
8,47,Áustria,Romênia
8,47,Polônia,Ucrânia
8,47,Eslováquia,Ucrânia
8,47,Turquia,Ucrânia
8,47,Sérvia,Ucrânia
8,47,Espanha,Ucrânia
8,47,França,Ucrânia
8,47,Croácia,Ucrânia
8,47,Escócia,Ucrânia
8,47,Hungria,Ucrânia
8,47,Portugal,Ucrânia
8,47,Suíça,Ucrânia
8,47,República Tcheca,Ucrânia
8,47,Dinamarca,Ucrânia
8,47,Inglaterra,Ucrânia
8,47,Itália,Ucrânia
8,47,Geórgia,Ucrânia
8,47,Alemanha,Ucrânia
8,47,Albânia,Ucrânia
8,47,Áustria,Ucrânia
8,47,Eslováquia,Polônia
8,47,Turquia,Polônia
8,47,Sérvia,Polônia
8,47,Espanha,Polônia
8,47,França,Polônia
8,47,Croácia,Polônia
8,47,Escócia,Polônia
8,47,Hungria,Polônia
8,47,Portugal,Polônia
8,47,Suíça,Polônia
8,47,República Tcheca,Polônia
8,47,Dinamarca,Polônia
8,47,Inglaterra,Polônia
8,47,Itália,Polônia
8,47,Geórgia,Polônia
8,47,Alemanha,Polônia
8,47,Albânia,Polônia
8,47,Áustria,Polônia
8,47,Turquia,Eslováquia
8,47,Sérvia,Eslováquia
8,47,Espanha,Eslováquia
8,47,França,Eslováquia
8,47,Croácia,Eslováquia
8,47,Escócia,Eslováquia
8,47,Hungria,Eslováquia
8,47,Portugal,Eslováquia
8,47,Suíça,Eslováquia
8,47,República Tcheca,Eslováquia
8,47,Dinamarca,Eslováquia
8,47,Inglaterra,Eslováquia
8,47,Itália,Eslováquia
8,47,Geórgia,Eslováquia
8,47,Alemanha,Eslováquia
8,47,Albânia,Eslováquia
8,47,Áustria,Eslováquia
8,47,Sérvia,Turquia
8,47,Espanha,Turquia
8,47,França,Turquia
8,47,Croácia,Turquia
8,47,Escócia,Turquia
8,47,Hungria,Turquia
8,47,Portugal,Turquia
8,47,Suíça,Turquia
8,47,República Tcheca,Turquia
8,47,Dinamarca,Turquia
8,47,Inglaterra,Turquia
8,47,Itália,Turquia
8,47,Geórgia,Turquia
8,47,Alemanha,Turquia
8,47,Albânia,Turquia
8,47,Áustria,Turquia
8,47,Espanha,Sérvia
8,47,França,Sérvia
8,47,Croácia,Sérvia
8,47,Escócia,Sérvia
8,47,Hungria,Sérvia
8,47,Portugal,Sérvia
8,47,Suíça,Sérvia
8,47,República Tcheca,Sérvia
8,47,Dinamarca,Sérvia
8,47,Inglaterra,Sérvia
8,47,Itália,Sérvia
8,47,Geórgia,Sérvia
8,47,Alemanha,Sérvia
8,47,Albânia,Sérvia
8,47,Áustria,Sérvia
8,47,França,Espanha
8,47,Croácia,Espanha
8,47,Escócia,Espanha
8,47,Hungria,Espanha
8,47,Portugal,Espanha
8,47,Suíça,Espanha
8,47,República Tcheca,Espanha
8,47,Dinamarca,Espanha
8,47,Inglaterra,Espanha
8,47,Itália,Espanha
8,47,Geórgia,Espanha
8,47,Alemanha,Espanha
8,47,Albânia,Espanha
8,47,Áustria,Espanha
8,47,Croácia,França
8,47,Escócia,França
8,47,Hungria,França
8,47,Portugal,França
8,47,Suíça,França
8,47,República Tcheca,França
8,47,Dinamarca,França
8,47,Inglaterra,França
8,47,Itália,França
8,47,Geórgia,França
8,47,Alemanha,França
8,47,Albânia,França
8,47,Áustria,França
8,47,Escócia,Croácia
8,47,Hungria,Croácia
8,47,Portugal,Croácia
8,47,Suíça,Croácia
8,47,República Tcheca,Croácia
8,47,Dinamarca,Croácia
8,47,Inglaterra,Croácia
8,47,Itália,Croácia
8,47,Geórgia,Croácia
8,47,Alemanha,Croácia
8,47,Albânia,Croácia
8,47,Áustria,Croácia
8,47,Hungria,Escócia
8,47,Portugal,Escócia
8,47,Suíça,Escócia
8,47,República Tcheca,Escócia
8,47,Dinamarca,Escócia
8,47,Inglaterra,Escócia
8,47,Itália,Escócia
8,47,Geórgia,Escócia
8,47,Alemanha,Escócia
8,47,Albânia,Escócia
8,47,Áustria,Escócia
8,47,Portugal,Hungria
8,47,Suíça,Hungria
8,47,República Tcheca,Hungria
8,47,Dinamarca,Hungria
8,47,Inglaterra,Hungria
8,47,Itália,Hungria
8,47,Geórgia,Hungria
8,47,Alemanha,Hungria
8,47,Albânia,Hungria
8,47,Áustria,Hungria
8,47,Suíça,Portugal
8,47,República Tcheca,Portugal
8,47,Dinamarca,Portugal
8,47,Inglaterra,Portugal
8,47,Itália,Portugal
8,47,Geórgia,Portugal
8,47,Alemanha,Portugal
8,47,Albânia,Portugal
8,47,Áustria,Portugal
8,47,República Tcheca,Suíça
8,47,Dinamarca,Suíça
8,47,Inglaterra,Suíça
8,47,Itália,Suíça
8,47,Geórgia,Suíça
8,47,Alemanha,Suíça
8,47,Albânia,Suíça
8,47,Áustria,Suíça
8,47,Dinamarca,República Tcheca
8,47,Inglaterra,República Tcheca
8,47,Itália,República Tcheca
8,47,Geórgia,República Tcheca
8,47,Alemanha,República Tcheca
8,47,Albânia,República Tcheca
8,47,Áustria,República Tcheca
8,47,Inglaterra,Dinamarca
8,47,Itália,Dinamarca
8,47,Geórgia,Dinamarca
8,47,Alemanha,Dinamarca
8,47,Albânia,Dinamarca
8,47,Áustria,Dinamarca
8,47,Itália,Inglaterra
8,47,Geórgia,Inglaterra
8,47,Alemanha,Inglaterra
8,47,Albânia,Inglaterra
8,47,Áustria,Inglaterra
8,47,Geórgia,Itália
8,47,Alemanha,Itália
8,47,Albânia,Itália
8,47,Áustria,Itália
8,47,Alemanha,Geórgia
8,47,Albânia,Geórgia
8,47,Áustria,Geórgia
8,47,Albânia,Alemanha
8,47,Áustria,Alemanha
8,47,Áustria,Albânia
8,50,Eslovênia,Países Baixos
8,50,Bélgica,Países Baixos
8,50,Romênia,Países Baixos
8,50,Ucrânia,Países Baixos
8,50,Polônia,Países Baixos
8,50,Eslováquia,Países Baixos
8,50,Turquia,Países Baixos
8,50,Sérvia,Países Baixos
8,50,Espanha,Países Baixos
8,50,França,Países Baixos
8,50,Croácia,Países Baixos
8,50,Escócia,Países Baixos
8,50,Hungria,Países Baixos
8,50,Portugal,Países Baixos
8,50,Suíça,Países Baixos
8,50,República Tcheca,Países Baixos
8,50,Dinamarca,Países Baixos
8,50,Inglaterra,Países Baixos
8,50,Itália,Países Baixos
8,50,Geórgia,Países Baixos
8,50,Alemanha,Países Baixos
8,50,Albânia,Países Baixos
8,50,Áustria,Países Baixos
8,50,Bélgica,Eslovênia
8,50,Romênia,Eslovênia
8,50,Ucrânia,Eslovênia
8,50,Polônia,Eslovênia
8,50,Eslováquia,Eslovênia
8,50,Turquia,Eslovênia
8,50,Sérvia,Eslovênia
8,50,Espanha,Eslovênia
8,50,França,Eslovênia
8,50,Croácia,Eslovênia
8,50,Escócia,Eslovênia
8,50,Hungria,Eslovênia
8,50,Portugal,Eslovênia
8,50,Suíça,Eslovênia
8,50,República Tcheca,Eslovênia
8,50,Dinamarca,Eslovênia
8,50,Inglaterra,Eslovênia
8,50,Itália,Eslovênia
8,50,Geórgia,Eslovênia
8,50,Alemanha,Eslovênia
8,50,Albânia,Eslovênia
8,50,Áustria,Eslovênia
8,50,Romênia,Bélgica
8,50,Ucrânia,Bélgica
8,50,Polônia,Bélgica
8,50,Eslováquia,Bélgica
8,50,Turquia,Bélgica
8,50,Sérvia,Bélgica
8,50,Espanha,Bélgica
8,50,França,Bélgica
8,50,Croácia,Bélgica
8,50,Escócia,Bélgica
8,50,Hungria,Bélgica
8,50,Portugal,Bélgica
8,50,Suíça,Bélgica
8,50,República Tcheca,Bélgica
8,50,Dinamarca,Bélgica
8,50,Inglaterra,Bélgica
8,50,Itália,Bélgica
8,50,Geórgia,Bélgica
8,50,Alemanha,Bélgica
8,50,Albânia,Bélgica
8,50,Áustria,Bélgica
8,50,Ucrânia,Romênia
8,50,Polônia,Romênia
8,50,Eslováquia,Romênia
8,50,Turquia,Romênia
8,50,Sérvia,Romênia
8,50,Espanha,Romênia
8,50,França,Romênia
8,50,Croácia,Romênia
8,50,Escócia,Romênia
8,50,Hungria,Romênia
8,50,Portugal,Romênia
8,50,Suíça,Romênia
8,50,República Tcheca,Romênia
8,50,Dinamarca,Romênia
8,50,Inglaterra,Romênia
8,50,Itália,Romênia
8,50,Geórgia,Romênia
8,50,Alemanha,Romênia
8,50,Albânia,Romênia
8,50,Áustria,Romênia
8,50,Polônia,Ucrânia
8,50,Eslováquia,Ucrânia
8,50,Turquia,Ucrânia
8,50,Sérvia,Ucrânia
8,50,Espanha,Ucrânia
8,50,França,Ucrânia
8,50,Croácia,Ucrânia
8,50,Escócia,Ucrânia
8,50,Hungria,Ucrânia
8,50,Portugal,Ucrânia
8,50,Suíça,Ucrânia
8,50,República Tcheca,Ucrânia
8,50,Dinamarca,Ucrânia
8,50,Inglaterra,Ucrânia
8,50,Itália,Ucrânia
8,50,Geórgia,Ucrânia
8,50,Alemanha,Ucrânia
8,50,Albânia,Ucrânia
8,50,Áustria,Ucrânia
8,50,Eslováquia,Polônia
8,50,Turquia,Polônia
8,50,Sérvia,Polônia
8,50,Espanha,Polônia
8,50,França,Polônia
8,50,Croácia,Polônia
8,50,Escócia,Polônia
8,50,Hungria,Polônia
8,50,Portugal,Polônia
8,50,Suíça,Polônia
8,50,República Tcheca,Polônia
8,50,Dinamarca,Polônia
8,50,Inglaterra,Polônia
8,50,Itália,Polônia
8,50,Geórgia,Polônia
8,50,Alemanha,Polônia
8,50,Albânia,Polônia
8,50,Áustria,Polônia
8,50,Turquia,Eslováquia
8,50,Sérvia,Eslováquia
8,50,Espanha,Eslováquia
8,50,França,Eslováquia
8,50,Croácia,Eslováquia
8,50,Escócia,Eslováquia
8,50,Hungria,Eslováquia
8,50,Portugal,Eslováquia
8,50,Suíça,Eslováquia
8,50,República Tcheca,Eslováquia
8,50,Dinamarca,Eslováquia
8,50,Inglaterra,Eslováquia
8,50,Itália,Eslováquia
8,50,Geórgia,Eslováquia
8,50,Alemanha,Eslováquia
8,50,Albânia,Eslováquia
8,50,Áustria,Eslováquia
8,50,Sérvia,Turquia
8,50,Espanha,Turquia
8,50,França,Turquia
8,50,Croácia,Turquia
8,50,Escócia,Turquia
8,50,Hungria,Turquia
8,50,Portugal,Turquia
8,50,Suíça,Turquia
8,50,República Tcheca,Turquia
8,50,Dinamarca,Turquia
8,50,Inglaterra,Turquia
8,50,Itália,Turquia
8,50,Geórgia,Turquia
8,50,Alemanha,Turquia
8,50,Albânia,Turquia
8,50,Áustria,Turquia
8,50,Espanha,Sérvia
8,50,França,Sérvia
8,50,Croácia,Sérvia
8,50,Escócia,Sérvia
8,50,Hungria,Sérvia
8,50,Portugal,Sérvia
8,50,Suíça,Sérvia
8,50,República Tcheca,Sérvia
8,50,Dinamarca,Sérvia
8,50,Inglaterra,Sérvia
8,50,Itália,Sérvia
8,50,Geórgia,Sérvia
8,50,Alemanha,Sérvia
8,50,Albânia,Sérvia
8,50,Áustria,Sérvia
8,50,França,Espanha
8,50,Croácia,Espanha
8,50,Escócia,Espanha
8,50,Hungria,Espanha
8,50,Portugal,Espanha
8,50,Suíça,Espanha
8,50,República Tcheca,Espanha
8,50,Dinamarca,Espanha
8,50,Inglaterra,Espanha
8,50,Itália,Espanha
8,50,Geórgia,Espanha
8,50,Alemanha,Espanha
8,50,Albânia,Espanha
8,50,Áustria,Espanha
8,50,Croácia,França
8,50,Escócia,França
8,50,Hungria,França
8,50,Portugal,França
8,50,Suíça,França
8,50,República Tcheca,França
8,50,Dinamarca,França
8,50,Inglaterra,França
8,50,Itália,França
8,50,Geórgia,França
8,50,Alemanha,França
8,50,Albânia,França
8,50,Áustria,França
8,50,Escócia,Croácia
8,50,Hungria,Croácia
8,50,Portugal,Croácia
8,50,Suíça,Croácia
8,50,República Tcheca,Croácia
8,50,Dinamarca,Croácia
8,50,Inglaterra,Croácia
8,50,Itália,Croácia
8,50,Geórgia,Croácia
8,50,Alemanha,Croácia
8,50,Albânia,Croácia
8,50,Áustria,Croácia
8,50,Hungria,Escócia
8,50,Portugal,Escócia
8,50,Suíça,Escócia
8,50,República Tcheca,Escócia
8,50,Dinamarca,Escócia
8,50,Inglaterra,Escócia
8,50,Itália,Escócia
8,50,Geórgia,Escócia
8,50,Alemanha,Escócia
8,50,Albânia,Escócia
8,50,Áustria,Escócia
8,50,Portugal,Hungria
8,50,Suíça,Hungria
8,50,República Tcheca,Hungria
8,50,Dinamarca,Hungria
8,50,Inglaterra,Hungria
8,50,Itália,Hungria
8,50,Geórgia,Hungria
8,50,Alemanha,Hungria
8,50,Albânia,Hungria
8,50,Áustria,Hungria
8,50,Suíça,Portugal
8,50,República Tcheca,Portugal
8,50,Dinamarca,Portugal
8,50,Inglaterra,Portugal
8,50,Itália,Portugal
8,50,Geórgia,Portugal
8,50,Alemanha,Portugal
8,50,Albânia,Portugal
8,50,Áustria,Portugal
8,50,República Tcheca,Suíça
8,50,Dinamarca,Suíça
8,50,Inglaterra,Suíça
8,50,Itália,Suíça
8,50,Geórgia,Suíça
8,50,Alemanha,Suíça
8,50,Albânia,Suíça
8,50,Áustria,Suíça
8,50,Dinamarca,República Tcheca
8,50,Inglaterra,República Tcheca
8,50,Itália,República Tcheca
8,50,Geórgia,República Tcheca
8,50,Alemanha,República Tcheca
8,50,Albânia,República Tcheca
8,50,Áustria,República Tcheca
8,50,Inglaterra,Dinamarca
8,50,Itália,Dinamarca
8,50,Geórgia,Dinamarca
8,50,Alemanha,Dinamarca
8,50,Albânia,Dinamarca
8,50,Áustria,Dinamarca
8,50,Itália,Inglaterra
8,50,Geórgia,Inglaterra
8,50,Alemanha,Inglaterra
8,50,Albânia,Inglaterra
8,50,Áustria,Inglaterra
8,50,Geórgia,Itália
8,50,Alemanha,Itália
8,50,Albânia,Itália
8,50,Áustria,Itália
8,50,Alemanha,Geórgia
8,50,Albânia,Geórgia
8,50,Áustria,Geórgia
8,50,Albânia,Alemanha
8,50,Áustria,Alemanha
8,50,Áustria,Albânia
8,53,Eslovênia,Países Baixos
8,53,Bélgica,Países Baixos
8,53,Romênia,Países Baixos
8,53,Ucrânia,Países Baixos
8,53,Polônia,Países Baixos
8,53,Eslováquia,Países Baixos
8,53,Turquia,Países Baixos
8,53,Sérvia,Países Baixos
8,53,Espanha,Países Baixos
8,53,França,Países Baixos
8,53,Croácia,Países Baixos
8,53,Escócia,Países Baixos
8,53,Hungria,Países Baixos
8,53,Portugal,Países Baixos
8,53,Suíça,Países Baixos
8,53,República Tcheca,Países Baixos
8,53,Dinamarca,Países Baixos
8,53,Inglaterra,Países Baixos
8,53,Itália,Países Baixos
8,53,Geórgia,Países Baixos
8,53,Alemanha,Países Baixos
8,53,Albânia,Países Baixos
8,53,Áustria,Países Baixos
8,53,Bélgica,Eslovênia
8,53,Romênia,Eslovênia
8,53,Ucrânia,Eslovênia
8,53,Polônia,Eslovênia
8,53,Eslováquia,Eslovênia
8,53,Turquia,Eslovênia
8,53,Sérvia,Eslovênia
8,53,Espanha,Eslovênia
8,53,França,Eslovênia
8,53,Croácia,Eslovênia
8,53,Escócia,Eslovênia
8,53,Hungria,Eslovênia
8,53,Portugal,Eslovênia
8,53,Suíça,Eslovênia
8,53,República Tcheca,Eslovênia
8,53,Dinamarca,Eslovênia
8,53,Inglaterra,Eslovênia
8,53,Itália,Eslovênia
8,53,Geórgia,Eslovênia
8,53,Alemanha,Eslovênia
8,53,Albânia,Eslovênia
8,53,Áustria,Eslovênia
8,53,Romênia,Bélgica
8,53,Ucrânia,Bélgica
8,53,Polônia,Bélgica
8,53,Eslováquia,Bélgica
8,53,Turquia,Bélgica
8,53,Sérvia,Bélgica
8,53,Espanha,Bélgica
8,53,França,Bélgica
8,53,Croácia,Bélgica
8,53,Escócia,Bélgica
8,53,Hungria,Bélgica
8,53,Portugal,Bélgica
8,53,Suíça,Bélgica
8,53,República Tcheca,Bélgica
8,53,Dinamarca,Bélgica
8,53,Inglaterra,Bélgica
8,53,Itália,Bélgica
8,53,Geórgia,Bélgica
8,53,Alemanha,Bélgica
8,53,Albânia,Bélgica
8,53,Áustria,Bélgica
8,53,Ucrânia,Romênia
8,53,Polônia,Romênia
8,53,Eslováquia,Romênia
8,53,Turquia,Romênia
8,53,Sérvia,Romênia
8,53,Espanha,Romênia
8,53,França,Romênia
8,53,Croácia,Romênia
8,53,Escócia,Romênia
8,53,Hungria,Romênia
8,53,Portugal,Romênia
8,53,Suíça,Romênia
8,53,República Tcheca,Romênia
8,53,Dinamarca,Romênia
8,53,Inglaterra,Romênia
8,53,Itália,Romênia
8,53,Geórgia,Romênia
8,53,Alemanha,Romênia
8,53,Albânia,Romênia
8,53,Áustria,Romênia
8,53,Polônia,Ucrânia
8,53,Eslováquia,Ucrânia
8,53,Turquia,Ucrânia
8,53,Sérvia,Ucrânia
8,53,Espanha,Ucrânia
8,53,França,Ucrânia
8,53,Croácia,Ucrânia
8,53,Escócia,Ucrânia
8,53,Hungria,Ucrânia
8,53,Portugal,Ucrânia
8,53,Suíça,Ucrânia
8,53,República Tcheca,Ucrânia
8,53,Dinamarca,Ucrânia
8,53,Inglaterra,Ucrânia
8,53,Itália,Ucrânia
8,53,Geórgia,Ucrânia
8,53,Alemanha,Ucrânia
8,53,Albânia,Ucrânia
8,53,Áustria,Ucrânia
8,53,Eslováquia,Polônia
8,53,Turquia,Polônia
8,53,Sérvia,Polônia
8,53,Espanha,Polônia
8,53,França,Polônia
8,53,Croácia,Polônia
8,53,Escócia,Polônia
8,53,Hungria,Polônia
8,53,Portugal,Polônia
8,53,Suíça,Polônia
8,53,República Tcheca,Polônia
8,53,Dinamarca,Polônia
8,53,Inglaterra,Polônia
8,53,Itália,Polônia
8,53,Geórgia,Polônia
8,53,Alemanha,Polônia
8,53,Albânia,Polônia
8,53,Áustria,Polônia
8,53,Turquia,Eslováquia
8,53,Sérvia,Eslováquia
8,53,Espanha,Eslováquia
8,53,França,Eslováquia
8,53,Croácia,Eslováquia
8,53,Escócia,Eslováquia
8,53,Hungria,Eslováquia
8,53,Portugal,Eslováquia
8,53,Suíça,Eslováquia
8,53,República Tcheca,Eslováquia
8,53,Dinamarca,Eslováquia
8,53,Inglaterra,Eslováquia
8,53,Itália,Eslováquia
8,53,Geórgia,Eslováquia
8,53,Alemanha,Eslováquia
8,53,Albânia,Eslováquia
8,53,Áustria,Eslováquia
8,53,Sérvia,Turquia
8,53,Espanha,Turquia
8,53,França,Turquia
8,53,Croácia,Turquia
8,53,Escócia,Turquia
8,53,Hungria,Turquia
8,53,Portugal,Turquia
8,53,Suíça,Turquia
8,53,República Tcheca,Turquia
8,53,Dinamarca,Turquia
8,53,Inglaterra,Turquia
8,53,Itália,Turquia
8,53,Geórgia,Turquia
8,53,Alemanha,Turquia
8,53,Albânia,Turquia
8,53,Áustria,Turquia
8,53,Espanha,Sérvia
8,53,França,Sérvia
8,53,Croácia,Sérvia
8,53,Escócia,Sérvia
8,53,Hungria,Sérvia
8,53,Portugal,Sérvia
8,53,Suíça,Sérvia
8,53,República Tcheca,Sérvia
8,53,Dinamarca,Sérvia
8,53,Inglaterra,Sérvia
8,53,Itália,Sérvia
8,53,Geórgia,Sérvia
8,53,Alemanha,Sérvia
8,53,Albânia,Sérvia
8,53,Áustria,Sérvia
8,53,França,Espanha
8,53,Croácia,Espanha
8,53,Escócia,Espanha
8,53,Hungria,Espanha
8,53,Portugal,Espanha
8,53,Suíça,Espanha
8,53,República Tcheca,Espanha
8,53,Dinamarca,Espanha
8,53,Inglaterra,Espanha
8,53,Itália,Espanha
8,53,Geórgia,Espanha
8,53,Alemanha,Espanha
8,53,Albânia,Espanha
8,53,Áustria,Espanha
8,53,Croácia,França
8,53,Escócia,França
8,53,Hungria,França
8,53,Portugal,França
8,53,Suíça,França
8,53,República Tcheca,França
8,53,Dinamarca,França
8,53,Inglaterra,França
8,53,Itália,França
8,53,Geórgia,França
8,53,Alemanha,França
8,53,Albânia,França
8,53,Áustria,França
8,53,Escócia,Croácia
8,53,Hungria,Croácia
8,53,Portugal,Croácia
8,53,Suíça,Croácia
8,53,República Tcheca,Croácia
8,53,Dinamarca,Croácia
8,53,Inglaterra,Croácia
8,53,Itália,Croácia
8,53,Geórgia,Croácia
8,53,Alemanha,Croácia
8,53,Albânia,Croácia
8,53,Áustria,Croácia
8,53,Hungria,Escócia
8,53,Portugal,Escócia
8,53,Suíça,Escócia
8,53,República Tcheca,Escócia
8,53,Dinamarca,Escócia
8,53,Inglaterra,Escócia
8,53,Itália,Escócia
8,53,Geórgia,Escócia
8,53,Alemanha,Escócia
8,53,Albânia,Escócia
8,53,Áustria,Escócia
8,53,Portugal,Hungria
8,53,Suíça,Hungria
8,53,República Tcheca,Hungria
8,53,Dinamarca,Hungria
8,53,Inglaterra,Hungria
8,53,Itália,Hungria
8,53,Geórgia,Hungria
8,53,Alemanha,Hungria
8,53,Albânia,Hungria
8,53,Áustria,Hungria
8,53,Suíça,Portugal
8,53,República Tcheca,Portugal
8,53,Dinamarca,Portugal
8,53,Inglaterra,Portugal
8,53,Itália,Portugal
8,53,Geórgia,Portugal
8,53,Alemanha,Portugal
8,53,Albânia,Portugal
8,53,Áustria,Portugal
8,53,República Tcheca,Suíça
8,53,Dinamarca,Suíça
8,53,Inglaterra,Suíça
8,53,Itália,Suíça
8,53,Geórgia,Suíça
8,53,Alemanha,Suíça
8,53,Albânia,Suíça
8,53,Áustria,Suíça
8,53,Dinamarca,República Tcheca
8,53,Inglaterra,República Tcheca
8,53,Itália,República Tcheca
8,53,Geórgia,República Tcheca
8,53,Alemanha,República Tcheca
8,53,Albânia,República Tcheca
8,53,Áustria,República Tcheca
8,53,Inglaterra,Dinamarca
8,53,Itália,Dinamarca
8,53,Geórgia,Dinamarca
8,53,Alemanha,Dinamarca
8,53,Albânia,Dinamarca
8,53,Áustria,Dinamarca
8,53,Itália,Inglaterra
8,53,Geórgia,Inglaterra
8,53,Alemanha,Inglaterra
8,53,Albânia,Inglaterra
8,53,Áustria,Inglaterra
8,53,Geórgia,Itália
8,53,Alemanha,Itália
8,53,Albânia,Itália
8,53,Áustria,Itália
8,53,Alemanha,Geórgia
8,53,Albânia,Geórgia
8,53,Áustria,Geórgia
8,53,Albânia,Alemanha
8,53,Áustria,Alemanha
8,53,Áustria,Albânia
8,56,Eslovênia,Países Baixos
8,56,Bélgica,Países Baixos
8,56,Romênia,Países Baixos
8,56,Ucrânia,Países Baixos
8,56,Polônia,Países Baixos
8,56,Eslováquia,Países Baixos
8,56,Turquia,Países Baixos
8,56,Sérvia,Países Baixos
8,56,Espanha,Países Baixos
8,56,França,Países Baixos
8,56,Croácia,Países Baixos
8,56,Escócia,Países Baixos
8,56,Hungria,Países Baixos
8,56,Portugal,Países Baixos
8,56,Suíça,Países Baixos
8,56,República Tcheca,Países Baixos
8,56,Dinamarca,Países Baixos
8,56,Inglaterra,Países Baixos
8,56,Itália,Países Baixos
8,56,Geórgia,Países Baixos
8,56,Alemanha,Países Baixos
8,56,Albânia,Países Baixos
8,56,Áustria,Países Baixos
8,56,Bélgica,Eslovênia
8,56,Romênia,Eslovênia
8,56,Ucrânia,Eslovênia
8,56,Polônia,Eslovênia
8,56,Eslováquia,Eslovênia
8,56,Turquia,Eslovênia
8,56,Sérvia,Eslovênia
8,56,Espanha,Eslovênia
8,56,França,Eslovênia
8,56,Croácia,Eslovênia
8,56,Escócia,Eslovênia
8,56,Hungria,Eslovênia
8,56,Portugal,Eslovênia
8,56,Suíça,Eslovênia
8,56,República Tcheca,Eslovênia
8,56,Dinamarca,Eslovênia
8,56,Inglaterra,Eslovênia
8,56,Itália,Eslovênia
8,56,Geórgia,Eslovênia
8,56,Alemanha,Eslovênia
8,56,Albânia,Eslovênia
8,56,Áustria,Eslovênia
8,56,Romênia,Bélgica
8,56,Ucrânia,Bélgica
8,56,Polônia,Bélgica
8,56,Eslováquia,Bélgica
8,56,Turquia,Bélgica
8,56,Sérvia,Bélgica
8,56,Espanha,Bélgica
8,56,França,Bélgica
8,56,Croácia,Bélgica
8,56,Escócia,Bélgica
8,56,Hungria,Bélgica
8,56,Portugal,Bélgica
8,56,Suíça,Bélgica
8,56,República Tcheca,Bélgica
8,56,Dinamarca,Bélgica
8,56,Inglaterra,Bélgica
8,56,Itália,Bélgica
8,56,Geórgia,Bélgica
8,56,Alemanha,Bélgica
8,56,Albânia,Bélgica
8,56,Áustria,Bélgica
8,56,Ucrânia,Romênia
8,56,Polônia,Romênia
8,56,Eslováquia,Romênia
8,56,Turquia,Romênia
8,56,Sérvia,Romênia
8,56,Espanha,Romênia
8,56,França,Romênia
8,56,Croácia,Romênia
8,56,Escócia,Romênia
8,56,Hungria,Romênia
8,56,Portugal,Romênia
8,56,Suíça,Romênia
8,56,República Tcheca,Romênia
8,56,Dinamarca,Romênia
8,56,Inglaterra,Romênia
8,56,Itália,Romênia
8,56,Geórgia,Romênia
8,56,Alemanha,Romênia
8,56,Albânia,Romênia
8,56,Áustria,Romênia
8,56,Polônia,Ucrânia
8,56,Eslováquia,Ucrânia
8,56,Turquia,Ucrânia
8,56,Sérvia,Ucrânia
8,56,Espanha,Ucrânia
8,56,França,Ucrânia
8,56,Croácia,Ucrânia
8,56,Escócia,Ucrânia
8,56,Hungria,Ucrânia
8,56,Portugal,Ucrânia
8,56,Suíça,Ucrânia
8,56,República Tcheca,Ucrânia
8,56,Dinamarca,Ucrânia
8,56,Inglaterra,Ucrânia
8,56,Itália,Ucrânia
8,56,Geórgia,Ucrânia
8,56,Alemanha,Ucrânia
8,56,Albânia,Ucrânia
8,56,Áustria,Ucrânia
8,56,Eslováquia,Polônia
8,56,Turquia,Polônia
8,56,Sérvia,Polônia
8,56,Espanha,Polônia
8,56,França,Polônia
8,56,Croácia,Polônia
8,56,Escócia,Polônia
8,56,Hungria,Polônia
8,56,Portugal,Polônia
8,56,Suíça,Polônia
8,56,República Tcheca,Polônia
8,56,Dinamarca,Polônia
8,56,Inglaterra,Polônia
8,56,Itália,Polônia
8,56,Geórgia,Polônia
8,56,Alemanha,Polônia
8,56,Albânia,Polônia
8,56,Áustria,Polônia
8,56,Turquia,Eslováquia
8,56,Sérvia,Eslováquia
8,56,Espanha,Eslováquia
8,56,França,Eslováquia
8,56,Croácia,Eslováquia
8,56,Escócia,Eslováquia
8,56,Hungria,Eslováquia
8,56,Portugal,Eslováquia
8,56,Suíça,Eslováquia
8,56,República Tcheca,Eslováquia
8,56,Dinamarca,Eslováquia
8,56,Inglaterra,Eslováquia
8,56,Itália,Eslováquia
8,56,Geórgia,Eslováquia
8,56,Alemanha,Eslováquia
8,56,Albânia,Eslováquia
8,56,Áustria,Eslováquia
8,56,Sérvia,Turquia
8,56,Espanha,Turquia
8,56,França,Turquia
8,56,Croácia,Turquia
8,56,Escócia,Turquia
8,56,Hungria,Turquia
8,56,Portugal,Turquia
8,56,Suíça,Turquia
8,56,República Tcheca,Turquia
8,56,Dinamarca,Turquia
8,56,Inglaterra,Turquia
8,56,Itália,Turquia
8,56,Geórgia,Turquia
8,56,Alemanha,Turquia
8,56,Albânia,Turquia
8,56,Áustria,Turquia
8,56,Espanha,Sérvia
8,56,França,Sérvia
8,56,Croácia,Sérvia
8,56,Escócia,Sérvia
8,56,Hungria,Sérvia
8,56,Portugal,Sérvia
8,56,Suíça,Sérvia
8,56,República Tcheca,Sérvia
8,56,Dinamarca,Sérvia
8,56,Inglaterra,Sérvia
8,56,Itália,Sérvia
8,56,Geórgia,Sérvia
8,56,Alemanha,Sérvia
8,56,Albânia,Sérvia
8,56,Áustria,Sérvia
8,56,França,Espanha
8,56,Croácia,Espanha
8,56,Escócia,Espanha
8,56,Hungria,Espanha
8,56,Portugal,Espanha
8,56,Suíça,Espanha
8,56,República Tcheca,Espanha
8,56,Dinamarca,Espanha
8,56,Inglaterra,Espanha
8,56,Itália,Espanha
8,56,Geórgia,Espanha
8,56,Alemanha,Espanha
8,56,Albânia,Espanha
8,56,Áustria,Espanha
8,56,Croácia,França
8,56,Escócia,França
8,56,Hungria,França
8,56,Portugal,França
8,56,Suíça,França
8,56,República Tcheca,França
8,56,Dinamarca,França
8,56,Inglaterra,França
8,56,Itália,França
8,56,Geórgia,França
8,56,Alemanha,França
8,56,Albânia,França
8,56,Áustria,França
8,56,Escócia,Croácia
8,56,Hungria,Croácia
8,56,Portugal,Croácia
8,56,Suíça,Croácia
8,56,República Tcheca,Croácia
8,56,Dinamarca,Croácia
8,56,Inglaterra,Croácia
8,56,Itália,Croácia
8,56,Geórgia,Croácia
8,56,Alemanha,Croácia
8,56,Albânia,Croácia
8,56,Áustria,Croácia
8,56,Hungria,Escócia
8,56,Portugal,Escócia
8,56,Suíça,Escócia
8,56,República Tcheca,Escócia
8,56,Dinamarca,Escócia
8,56,Inglaterra,Escócia
8,56,Itália,Escócia
8,56,Geórgia,Escócia
8,56,Alemanha,Escócia
8,56,Albânia,Escócia
8,56,Áustria,Escócia
8,56,Portugal,Hungria
8,56,Suíça,Hungria
8,56,República Tcheca,Hungria
8,56,Dinamarca,Hungria
8,56,Inglaterra,Hungria
8,56,Itália,Hungria
8,56,Geórgia,Hungria
8,56,Alemanha,Hungria
8,56,Albânia,Hungria
8,56,Áustria,Hungria
8,56,Suíça,Portugal
8,56,República Tcheca,Portugal
8,56,Dinamarca,Portugal
8,56,Inglaterra,Portugal
8,56,Itália,Portugal
8,56,Geórgia,Portugal
8,56,Alemanha,Portugal
8,56,Albânia,Portugal
8,56,Áustria,Portugal
8,56,República Tcheca,Suíça
8,56,Dinamarca,Suíça
8,56,Inglaterra,Suíça
8,56,Itália,Suíça
8,56,Geórgia,Suíça
8,56,Alemanha,Suíça
8,56,Albânia,Suíça
8,56,Áustria,Suíça
8,56,Dinamarca,República Tcheca
8,56,Inglaterra,República Tcheca
8,56,Itália,República Tcheca
8,56,Geórgia,República Tcheca
8,56,Alemanha,República Tcheca
8,56,Albânia,República Tcheca
8,56,Áustria,República Tcheca
8,56,Inglaterra,Dinamarca
8,56,Itália,Dinamarca
8,56,Geórgia,Dinamarca
8,56,Alemanha,Dinamarca
8,56,Albânia,Dinamarca
8,56,Áustria,Dinamarca
8,56,Itália,Inglaterra
8,56,Geórgia,Inglaterra
8,56,Alemanha,Inglaterra
8,56,Albânia,Inglaterra
8,56,Áustria,Inglaterra
8,56,Geórgia,Itália
8,56,Alemanha,Itália
8,56,Albânia,Itália
8,56,Áustria,Itália
8,56,Alemanha,Geórgia
8,56,Albânia,Geórgia
8,56,Áustria,Geórgia
8,56,Albânia,Alemanha
8,56,Áustria,Alemanha
8,56,Áustria,Albânia
8,59,Eslovênia,Países Baixos
8,59,Bélgica,Países Baixos
8,59,Romênia,Países Baixos
8,59,Ucrânia,Países Baixos
8,59,Polônia,Países Baixos
8,59,Eslováquia,Países Baixos
8,59,Turquia,Países Baixos
8,59,Sérvia,Países Baixos
8,59,Espanha,Países Baixos
8,59,França,Países Baixos
8,59,Croácia,Países Baixos
8,59,Escócia,Países Baixos
8,59,Hungria,Países Baixos
8,59,Portugal,Países Baixos
8,59,Suíça,Países Baixos
8,59,República Tcheca,Países Baixos
8,59,Dinamarca,Países Baixos
8,59,Inglaterra,Países Baixos
8,59,Itália,Países Baixos
8,59,Geórgia,Países Baixos
8,59,Alemanha,Países Baixos
8,59,Albânia,Países Baixos
8,59,Áustria,Países Baixos
8,59,Bélgica,Eslovênia
8,59,Romênia,Eslovênia
8,59,Ucrânia,Eslovênia
8,59,Polônia,Eslovênia
8,59,Eslováquia,Eslovênia
8,59,Turquia,Eslovênia
8,59,Sérvia,Eslovênia
8,59,Espanha,Eslovênia
8,59,França,Eslovênia
8,59,Croácia,Eslovênia
8,59,Escócia,Eslovênia
8,59,Hungria,Eslovênia
8,59,Portugal,Eslovênia
8,59,Suíça,Eslovênia
8,59,República Tcheca,Eslovênia
8,59,Dinamarca,Eslovênia
8,59,Inglaterra,Eslovênia
8,59,Itália,Eslovênia
8,59,Geórgia,Eslovênia
8,59,Alemanha,Eslovênia
8,59,Albânia,Eslovênia
8,59,Áustria,Eslovênia
8,59,Romênia,Bélgica
8,59,Ucrânia,Bélgica
8,59,Polônia,Bélgica
8,59,Eslováquia,Bélgica
8,59,Turquia,Bélgica
8,59,Sérvia,Bélgica
8,59,Espanha,Bélgica
8,59,França,Bélgica
8,59,Croácia,Bélgica
8,59,Escócia,Bélgica
8,59,Hungria,Bélgica
8,59,Portugal,Bélgica
8,59,Suíça,Bélgica
8,59,República Tcheca,Bélgica
8,59,Dinamarca,Bélgica
8,59,Inglaterra,Bélgica
8,59,Itália,Bélgica
8,59,Geórgia,Bélgica
8,59,Alemanha,Bélgica
8,59,Albânia,Bélgica
8,59,Áustria,Bélgica
8,59,Ucrânia,Romênia
8,59,Polônia,Romênia
8,59,Eslováquia,Romênia
8,59,Turquia,Romênia
8,59,Sérvia,Romênia
8,59,Espanha,Romênia
8,59,França,Romênia
8,59,Croácia,Romênia
8,59,Escócia,Romênia
8,59,Hungria,Romênia
8,59,Portugal,Romênia
8,59,Suíça,Romênia
8,59,República Tcheca,Romênia
8,59,Dinamarca,Romênia
8,59,Inglaterra,Romênia
8,59,Itália,Romênia
8,59,Geórgia,Romênia
8,59,Alemanha,Romênia
8,59,Albânia,Romênia
8,59,Áustria,Romênia
8,59,Polônia,Ucrânia
8,59,Eslováquia,Ucrânia
8,59,Turquia,Ucrânia
8,59,Sérvia,Ucrânia
8,59,Espanha,Ucrânia
8,59,França,Ucrânia
8,59,Croácia,Ucrânia
8,59,Escócia,Ucrânia
8,59,Hungria,Ucrânia
8,59,Portugal,Ucrânia
8,59,Suíça,Ucrânia
8,59,República Tcheca,Ucrânia
8,59,Dinamarca,Ucrânia
8,59,Inglaterra,Ucrânia
8,59,Itália,Ucrânia
8,59,Geórgia,Ucrânia
8,59,Alemanha,Ucrânia
8,59,Albânia,Ucrânia
8,59,Áustria,Ucrânia
8,59,Eslováquia,Polônia
8,59,Turquia,Polônia
8,59,Sérvia,Polônia
8,59,Espanha,Polônia
8,59,França,Polônia
8,59,Croácia,Polônia
8,59,Escócia,Polônia
8,59,Hungria,Polônia
8,59,Portugal,Polônia
8,59,Suíça,Polônia
8,59,República Tcheca,Polônia
8,59,Dinamarca,Polônia
8,59,Inglaterra,Polônia
8,59,Itália,Polônia
8,59,Geórgia,Polônia
8,59,Alemanha,Polônia
8,59,Albânia,Polônia
8,59,Áustria,Polônia
8,59,Turquia,Eslováquia
8,59,Sérvia,Eslováquia
8,59,Espanha,Eslováquia
8,59,França,Eslováquia
8,59,Croácia,Eslováquia
8,59,Escócia,Eslováquia
8,59,Hungria,Eslováquia
8,59,Portugal,Eslováquia
8,59,Suíça,Eslováquia
8,59,República Tcheca,Eslováquia
8,59,Dinamarca,Eslováquia
8,59,Inglaterra,Eslováquia
8,59,Itália,Eslováquia
8,59,Geórgia,Eslováquia
8,59,Alemanha,Eslováquia
8,59,Albânia,Eslováquia
8,59,Áustria,Eslováquia
8,59,Sérvia,Turquia
8,59,Espanha,Turquia
8,59,França,Turquia
8,59,Croácia,Turquia
8,59,Escócia,Turquia
8,59,Hungria,Turquia
8,59,Portugal,Turquia
8,59,Suíça,Turquia
8,59,República Tcheca,Turquia
8,59,Dinamarca,Turquia
8,59,Inglaterra,Turquia
8,59,Itália,Turquia
8,59,Geórgia,Turquia
8,59,Alemanha,Turquia
8,59,Albânia,Turquia
8,59,Áustria,Turquia
8,59,Espanha,Sérvia
8,59,França,Sérvia
8,59,Croácia,Sérvia
8,59,Escócia,Sérvia
8,59,Hungria,Sérvia
8,59,Portugal,Sérvia
8,59,Suíça,Sérvia
8,59,República Tcheca,Sérvia
8,59,Dinamarca,Sérvia
8,59,Inglaterra,Sérvia
8,59,Itália,Sérvia
8,59,Geórgia,Sérvia
8,59,Alemanha,Sérvia
8,59,Albânia,Sérvia
8,59,Áustria,Sérvia
8,59,França,Espanha
8,59,Croácia,Espanha
8,59,Escócia,Espanha
8,59,Hungria,Espanha
8,59,Portugal,Espanha
8,59,Suíça,Espanha
8,59,República Tcheca,Espanha
8,59,Dinamarca,Espanha
8,59,Inglaterra,Espanha
8,59,Itália,Espanha
8,59,Geórgia,Espanha
8,59,Alemanha,Espanha
8,59,Albânia,Espanha
8,59,Áustria,Espanha
8,59,Croácia,França
8,59,Escócia,França
8,59,Hungria,França
8,59,Portugal,França
8,59,Suíça,França
8,59,República Tcheca,França
8,59,Dinamarca,França
8,59,Inglaterra,França
8,59,Itália,França
8,59,Geórgia,França
8,59,Alemanha,França
8,59,Albânia,França
8,59,Áustria,França
8,59,Escócia,Croácia
8,59,Hungria,Croácia
8,59,Portugal,Croácia
8,59,Suíça,Croácia
8,59,República Tcheca,Croácia
8,59,Dinamarca,Croácia
8,59,Inglaterra,Croácia
8,59,Itália,Croácia
8,59,Geórgia,Croácia
8,59,Alemanha,Croácia
8,59,Albânia,Croácia
8,59,Áustria,Croácia
8,59,Hungria,Escócia
8,59,Portugal,Escócia
8,59,Suíça,Escócia
8,59,República Tcheca,Escócia
8,59,Dinamarca,Escócia
8,59,Inglaterra,Escócia
8,59,Itália,Escócia
8,59,Geórgia,Escócia
8,59,Alemanha,Escócia
8,59,Albânia,Escócia
8,59,Áustria,Escócia
8,59,Portugal,Hungria
8,59,Suíça,Hungria
8,59,República Tcheca,Hungria
8,59,Dinamarca,Hungria
8,59,Inglaterra,Hungria
8,59,Itália,Hungria
8,59,Geórgia,Hungria
8,59,Alemanha,Hungria
8,59,Albânia,Hungria
8,59,Áustria,Hungria
8,59,Suíça,Portugal
8,59,República Tcheca,Portugal
8,59,Dinamarca,Portugal
8,59,Inglaterra,Portugal
8,59,Itália,Portugal
8,59,Geórgia,Portugal
8,59,Alemanha,Portugal
8,59,Albânia,Portugal
8,59,Áustria,Portugal
8,59,República Tcheca,Suíça
8,59,Dinamarca,Suíça
8,59,Inglaterra,Suíça
8,59,Itália,Suíça
8,59,Geórgia,Suíça
8,59,Alemanha,Suíça
8,59,Albânia,Suíça
8,59,Áustria,Suíça
8,59,Dinamarca,República Tcheca
8,59,Inglaterra,República Tcheca
8,59,Itália,República Tcheca
8,59,Geórgia,República Tcheca
8,59,Alemanha,República Tcheca
8,59,Albânia,República Tcheca
8,59,Áustria,República Tcheca
8,59,Inglaterra,Dinamarca
8,59,Itália,Dinamarca
8,59,Geórgia,Dinamarca
8,59,Alemanha,Dinamarca
8,59,Albânia,Dinamarca
8,59,Áustria,Dinamarca
8,59,Itália,Inglaterra
8,59,Geórgia,Inglaterra
8,59,Alemanha,Inglaterra
8,59,Albânia,Inglaterra
8,59,Áustria,Inglaterra
8,59,Geórgia,Itália
8,59,Alemanha,Itália
8,59,Albânia,Itália
8,59,Áustria,Itália
8,59,Alemanha,Geórgia
8,59,Albânia,Geórgia
8,59,Áustria,Geórgia
8,59,Albânia,Alemanha
8,59,Áustria,Alemanha
8,59,Áustria,Albânia
9,2,Eslovênia,Países Baixos
9,2,Bélgica,Países Baixos
9,2,Romênia,Países Baixos
9,2,Ucrânia,Países Baixos
9,2,Polônia,Países Baixos
9,2,Eslováquia,Países Baixos
9,2,Turquia,Países Baixos
9,2,Sérvia,Países Baixos
9,2,Espanha,Países Baixos
9,2,França,Países Baixos
9,2,Croácia,Países Baixos
9,2,Escócia,Países Baixos
9,2,Hungria,Países Baixos
9,2,Portugal,Países Baixos
9,2,Suíça,Países Baixos
9,2,República Tcheca,Países Baixos
9,2,Dinamarca,Países Baixos
9,2,Inglaterra,Países Baixos
9,2,Itália,Países Baixos
9,2,Geórgia,Países Baixos
9,2,Alemanha,Países Baixos
9,2,Albânia,Países Baixos
9,2,Áustria,Países Baixos
9,2,Bélgica,Eslovênia
9,2,Romênia,Eslovênia
9,2,Ucrânia,Eslovênia
9,2,Polônia,Eslovênia
9,2,Eslováquia,Eslovênia
9,2,Turquia,Eslovênia
9,2,Sérvia,Eslovênia
9,2,Espanha,Eslovênia
9,2,França,Eslovênia
9,2,Croácia,Eslovênia
9,2,Escócia,Eslovênia
9,2,Hungria,Eslovênia
9,2,Portugal,Eslovênia
9,2,Suíça,Eslovênia
9,2,República Tcheca,Eslovênia
9,2,Dinamarca,Eslovênia
9,2,Inglaterra,Eslovênia
9,2,Itália,Eslovênia
9,2,Geórgia,Eslovênia
9,2,Alemanha,Eslovênia
9,2,Albânia,Eslovênia
9,2,Áustria,Eslovênia
9,2,Romênia,Bélgica
9,2,Ucrânia,Bélgica
9,2,Polônia,Bélgica
9,2,Eslováquia,Bélgica
9,2,Turquia,Bélgica
9,2,Sérvia,Bélgica
9,2,Espanha,Bélgica
9,2,França,Bélgica
9,2,Croácia,Bélgica
9,2,Escócia,Bélgica
9,2,Hungria,Bélgica
9,2,Portugal,Bélgica
9,2,Suíça,Bélgica
9,2,República Tcheca,Bélgica
9,2,Dinamarca,Bélgica
9,2,Inglaterra,Bélgica
9,2,Itália,Bélgica
9,2,Geórgia,Bélgica
9,2,Alemanha,Bélgica
9,2,Albânia,Bélgica
9,2,Áustria,Bélgica
9,2,Ucrânia,Romênia
9,2,Polônia,Romênia
9,2,Eslováquia,Romênia
9,2,Turquia,Romênia
9,2,Sérvia,Romênia
9,2,Espanha,Romênia
9,2,França,Romênia
9,2,Croácia,Romênia
9,2,Escócia,Romênia
9,2,Hungria,Romênia
9,2,Portugal,Romênia
9,2,Suíça,Romênia
9,2,República Tcheca,Romênia
9,2,Dinamarca,Romênia
9,2,Inglaterra,Romênia
9,2,Itália,Romênia
9,2,Geórgia,Romênia
9,2,Alemanha,Romênia
9,2,Albânia,Romênia
9,2,Áustria,Romênia
9,2,Polônia,Ucrânia
9,2,Eslováquia,Ucrânia
9,2,Turquia,Ucrânia
9,2,Sérvia,Ucrânia
9,2,Espanha,Ucrânia
9,2,França,Ucrânia
9,2,Croácia,Ucrânia
9,2,Escócia,Ucrânia
9,2,Hungria,Ucrânia
9,2,Portugal,Ucrânia
9,2,Suíça,Ucrânia
9,2,República Tcheca,Ucrânia
9,2,Dinamarca,Ucrânia
9,2,Inglaterra,Ucrânia
9,2,Itália,Ucrânia
9,2,Geórgia,Ucrânia
9,2,Alemanha,Ucrânia
9,2,Albânia,Ucrânia
9,2,Áustria,Ucrânia
9,2,Eslováquia,Polônia
9,2,Turquia,Polônia
9,2,Sérvia,Polônia
9,2,Espanha,Polônia
9,2,França,Polônia
9,2,Croácia,Polônia
9,2,Escócia,Polônia
9,2,Hungria,Polônia
9,2,Portugal,Polônia
9,2,Suíça,Polônia
9,2,República Tcheca,Polônia
9,2,Dinamarca,Polônia
9,2,Inglaterra,Polônia
9,2,Itália,Polônia
9,2,Geórgia,Polônia
9,2,Alemanha,Polônia
9,2,Albânia,Polônia
9,2,Áustria,Polônia
9,2,Turquia,Eslováquia
9,2,Sérvia,Eslováquia
9,2,Espanha,Eslováquia
9,2,França,Eslováquia
9,2,Croácia,Eslováquia
9,2,Escócia,Eslováquia
9,2,Hungria,Eslováquia
9,2,Portugal,Eslováquia
9,2,Suíça,Eslováquia
9,2,República Tcheca,Eslováquia
9,2,Dinamarca,Eslováquia
9,2,Inglaterra,Eslováquia
9,2,Itália,Eslováquia
9,2,Geórgia,Eslováquia
9,2,Alemanha,Eslováquia
9,2,Albânia,Eslováquia
9,2,Áustria,Eslováquia
9,2,Sérvia,Turquia
9,2,Espanha,Turquia
9,2,França,Turquia
9,2,Croácia,Turquia
9,2,Escócia,Turquia
9,2,Hungria,Turquia
9,2,Portugal,Turquia
9,2,Suíça,Turquia
9,2,República Tcheca,Turquia
9,2,Dinamarca,Turquia
9,2,Inglaterra,Turquia
9,2,Itália,Turquia
9,2,Geórgia,Turquia
9,2,Alemanha,Turquia
9,2,Albânia,Turquia
9,2,Áustria,Turquia
9,2,Espanha,Sérvia
9,2,França,Sérvia
9,2,Croácia,Sérvia
9,2,Escócia,Sérvia
9,2,Hungria,Sérvia
9,2,Portugal,Sérvia
9,2,Suíça,Sérvia
9,2,República Tcheca,Sérvia
9,2,Dinamarca,Sérvia
9,2,Inglaterra,Sérvia
9,2,Itália,Sérvia
9,2,Geórgia,Sérvia
9,2,Alemanha,Sérvia
9,2,Albânia,Sérvia
9,2,Áustria,Sérvia
9,2,França,Espanha
9,2,Croácia,Espanha
9,2,Escócia,Espanha
9,2,Hungria,Espanha
9,2,Portugal,Espanha
9,2,Suíça,Espanha
9,2,República Tcheca,Espanha
9,2,Dinamarca,Espanha
9,2,Inglaterra,Espanha
9,2,Itália,Espanha
9,2,Geórgia,Espanha
9,2,Alemanha,Espanha
9,2,Albânia,Espanha
9,2,Áustria,Espanha
9,2,Croácia,França
9,2,Escócia,França
9,2,Hungria,França
9,2,Portugal,França
9,2,Suíça,França
9,2,República Tcheca,França
9,2,Dinamarca,França
9,2,Inglaterra,França
9,2,Itália,França
9,2,Geórgia,França
9,2,Alemanha,França
9,2,Albânia,França
9,2,Áustria,França
9,2,Escócia,Croácia
9,2,Hungria,Croácia
9,2,Portugal,Croácia
9,2,Suíça,Croácia
9,2,República Tcheca,Croácia
9,2,Dinamarca,Croácia
9,2,Inglaterra,Croácia
9,2,Itália,Croácia
9,2,Geórgia,Croácia
9,2,Alemanha,Croácia
9,2,Albânia,Croácia
9,2,Áustria,Croácia
9,2,Hungria,Escócia
9,2,Portugal,Escócia
9,2,Suíça,Escócia
9,2,República Tcheca,Escócia
9,2,Dinamarca,Escócia
9,2,Inglaterra,Escócia
9,2,Itália,Escócia
9,2,Geórgia,Escócia
9,2,Alemanha,Escócia
9,2,Albânia,Escócia
9,2,Áustria,Escócia
9,2,Portugal,Hungria
9,2,Suíça,Hungria
9,2,República Tcheca,Hungria
9,2,Dinamarca,Hungria
9,2,Inglaterra,Hungria
9,2,Itália,Hungria
9,2,Geórgia,Hungria
9,2,Alemanha,Hungria
9,2,Albânia,Hungria
9,2,Áustria,Hungria
9,2,Suíça,Portugal
9,2,República Tcheca,Portugal
9,2,Dinamarca,Portugal
9,2,Inglaterra,Portugal
9,2,Itália,Portugal
9,2,Geórgia,Portugal
9,2,Alemanha,Portugal
9,2,Albânia,Portugal
9,2,Áustria,Portugal
9,2,República Tcheca,Suíça
9,2,Dinamarca,Suíça
9,2,Inglaterra,Suíça
9,2,Itália,Suíça
9,2,Geórgia,Suíça
9,2,Alemanha,Suíça
9,2,Albânia,Suíça
9,2,Áustria,Suíça
9,2,Dinamarca,República Tcheca
9,2,Inglaterra,República Tcheca
9,2,Itália,República Tcheca
9,2,Geórgia,República Tcheca
9,2,Alemanha,República Tcheca
9,2,Albânia,República Tcheca
9,2,Áustria,República Tcheca
9,2,Inglaterra,Dinamarca
9,2,Itália,Dinamarca
9,2,Geórgia,Dinamarca
9,2,Alemanha,Dinamarca
9,2,Albânia,Dinamarca
9,2,Áustria,Dinamarca
9,2,Itália,Inglaterra
9,2,Geórgia,Inglaterra
9,2,Alemanha,Inglaterra
9,2,Albânia,Inglaterra
9,2,Áustria,Inglaterra
9,2,Geórgia,Itália
9,2,Alemanha,Itália
9,2,Albânia,Itália
9,2,Áustria,Itália
9,2,Alemanha,Geórgia
9,2,Albânia,Geórgia
9,2,Áustria,Geórgia
9,2,Albânia,Alemanha
9,2,Áustria,Alemanha
9,2,Áustria,Albânia
9,5,Eslovênia,Países Baixos
9,5,Bélgica,Países Baixos
9,5,Romênia,Países Baixos
9,5,Ucrânia,Países Baixos
9,5,Polônia,Países Baixos
9,5,Eslováquia,Países Baixos
9,5,Turquia,Países Baixos
9,5,Sérvia,Países Baixos
9,5,Espanha,Países Baixos
9,5,França,Países Baixos
9,5,Croácia,Países Baixos
9,5,Escócia,Países Baixos
9,5,Hungria,Países Baixos
9,5,Portugal,Países Baixos
9,5,Suíça,Países Baixos
9,5,República Tcheca,Países Baixos
9,5,Dinamarca,Países Baixos
9,5,Inglaterra,Países Baixos
9,5,Itália,Países Baixos
9,5,Geórgia,Países Baixos
9,5,Alemanha,Países Baixos
9,5,Albânia,Países Baixos
9,5,Áustria,Países Baixos
9,5,Bélgica,Eslovênia
9,5,Romênia,Eslovênia
9,5,Ucrânia,Eslovênia
9,5,Polônia,Eslovênia
9,5,Eslováquia,Eslovênia
9,5,Turquia,Eslovênia
9,5,Sérvia,Eslovênia
9,5,Espanha,Eslovênia
9,5,França,Eslovênia
9,5,Croácia,Eslovênia
9,5,Escócia,Eslovênia
9,5,Hungria,Eslovênia
9,5,Portugal,Eslovênia
9,5,Suíça,Eslovênia
9,5,República Tcheca,Eslovênia
9,5,Dinamarca,Eslovênia
9,5,Inglaterra,Eslovênia
9,5,Itália,Eslovênia
9,5,Geórgia,Eslovênia
9,5,Alemanha,Eslovênia
9,5,Albânia,Eslovênia
9,5,Áustria,Eslovênia
9,5,Romênia,Bélgica
9,5,Ucrânia,Bélgica
9,5,Polônia,Bélgica
9,5,Eslováquia,Bélgica
9,5,Turquia,Bélgica
9,5,Sérvia,Bélgica
9,5,Espanha,Bélgica
9,5,França,Bélgica
9,5,Croácia,Bélgica
9,5,Escócia,Bélgica
9,5,Hungria,Bélgica
9,5,Portugal,Bélgica
9,5,Suíça,Bélgica
9,5,República Tcheca,Bélgica
9,5,Dinamarca,Bélgica
9,5,Inglaterra,Bélgica
9,5,Itália,Bélgica
9,5,Geórgia,Bélgica
9,5,Alemanha,Bélgica
9,5,Albânia,Bélgica
9,5,Áustria,Bélgica
9,5,Ucrânia,Romênia
9,5,Polônia,Romênia
9,5,Eslováquia,Romênia
9,5,Turquia,Romênia
9,5,Sérvia,Romênia
9,5,Espanha,Romênia
9,5,França,Romênia
9,5,Croácia,Romênia
9,5,Escócia,Romênia
9,5,Hungria,Romênia
9,5,Portugal,Romênia
9,5,Suíça,Romênia
9,5,República Tcheca,Romênia
9,5,Dinamarca,Romênia
9,5,Inglaterra,Romênia
9,5,Itália,Romênia
9,5,Geórgia,Romênia
9,5,Alemanha,Romênia
9,5,Albânia,Romênia
9,5,Áustria,Romênia
9,5,Polônia,Ucrânia
9,5,Eslováquia,Ucrânia
9,5,Turquia,Ucrânia
9,5,Sérvia,Ucrânia
9,5,Espanha,Ucrânia
9,5,França,Ucrânia
9,5,Croácia,Ucrânia
9,5,Escócia,Ucrânia
9,5,Hungria,Ucrânia
9,5,Portugal,Ucrânia
9,5,Suíça,Ucrânia
9,5,República Tcheca,Ucrânia
9,5,Dinamarca,Ucrânia
9,5,Inglaterra,Ucrânia
9,5,Itália,Ucrânia
9,5,Geórgia,Ucrânia
9,5,Alemanha,Ucrânia
9,5,Albânia,Ucrânia
9,5,Áustria,Ucrânia
9,5,Eslováquia,Polônia
9,5,Turquia,Polônia
9,5,Sérvia,Polônia
9,5,Espanha,Polônia
9,5,França,Polônia
9,5,Croácia,Polônia
9,5,Escócia,Polônia
9,5,Hungria,Polônia
9,5,Portugal,Polônia
9,5,Suíça,Polônia
9,5,República Tcheca,Polônia
9,5,Dinamarca,Polônia
9,5,Inglaterra,Polônia
9,5,Itália,Polônia
9,5,Geórgia,Polônia
9,5,Alemanha,Polônia
9,5,Albânia,Polônia
9,5,Áustria,Polônia
9,5,Turquia,Eslováquia
9,5,Sérvia,Eslováquia
9,5,Espanha,Eslováquia
9,5,França,Eslováquia
9,5,Croácia,Eslováquia
9,5,Escócia,Eslováquia
9,5,Hungria,Eslováquia
9,5,Portugal,Eslováquia
9,5,Suíça,Eslováquia
9,5,República Tcheca,Eslováquia
9,5,Dinamarca,Eslováquia
9,5,Inglaterra,Eslováquia
9,5,Itália,Eslováquia
9,5,Geórgia,Eslováquia
9,5,Alemanha,Eslováquia
9,5,Albânia,Eslováquia
9,5,Áustria,Eslováquia
9,5,Sérvia,Turquia
9,5,Espanha,Turquia
9,5,França,Turquia
9,5,Croácia,Turquia
9,5,Escócia,Turquia
9,5,Hungria,Turquia
9,5,Portugal,Turquia
9,5,Suíça,Turquia
9,5,República Tcheca,Turquia
9,5,Dinamarca,Turquia
9,5,Inglaterra,Turquia
9,5,Itália,Turquia
9,5,Geórgia,Turquia
9,5,Alemanha,Turquia
9,5,Albânia,Turquia
9,5,Áustria,Turquia
9,5,Espanha,Sérvia
9,5,França,Sérvia
9,5,Croácia,Sérvia
9,5,Escócia,Sérvia
9,5,Hungria,Sérvia
9,5,Portugal,Sérvia
9,5,Suíça,Sérvia
9,5,República Tcheca,Sérvia
9,5,Dinamarca,Sérvia
9,5,Inglaterra,Sérvia
9,5,Itália,Sérvia
9,5,Geórgia,Sérvia
9,5,Alemanha,Sérvia
9,5,Albânia,Sérvia
9,5,Áustria,Sérvia
9,5,França,Espanha
9,5,Croácia,Espanha
9,5,Escócia,Espanha
9,5,Hungria,Espanha
9,5,Portugal,Espanha
9,5,Suíça,Espanha
9,5,República Tcheca,Espanha
9,5,Dinamarca,Espanha
9,5,Inglaterra,Espanha
9,5,Itália,Espanha
9,5,Geórgia,Espanha
9,5,Alemanha,Espanha
9,5,Albânia,Espanha
9,5,Áustria,Espanha
9,5,Croácia,França
9,5,Escócia,França
9,5,Hungria,França
9,5,Portugal,França
9,5,Suíça,França
9,5,República Tcheca,França
9,5,Dinamarca,França
9,5,Inglaterra,França
9,5,Itália,França
9,5,Geórgia,França
9,5,Alemanha,França
9,5,Albânia,França
9,5,Áustria,França
9,5,Escócia,Croácia
9,5,Hungria,Croácia
9,5,Portugal,Croácia
9,5,Suíça,Croácia
9,5,República Tcheca,Croácia
9,5,Dinamarca,Croácia
9,5,Inglaterra,Croácia
9,5,Itália,Croácia
9,5,Geórgia,Croácia
9,5,Alemanha,Croácia
9,5,Albânia,Croácia
9,5,Áustria,Croácia
9,5,Hungria,Escócia
9,5,Portugal,Escócia
9,5,Suíça,Escócia
9,5,República Tcheca,Escócia
9,5,Dinamarca,Escócia
9,5,Inglaterra,Escócia
9,5,Itália,Escócia
9,5,Geórgia,Escócia
9,5,Alemanha,Escócia
9,5,Albânia,Escócia
9,5,Áustria,Escócia
9,5,Portugal,Hungria
9,5,Suíça,Hungria
9,5,República Tcheca,Hungria
9,5,Dinamarca,Hungria
9,5,Inglaterra,Hungria
9,5,Itália,Hungria
9,5,Geórgia,Hungria
9,5,Alemanha,Hungria
9,5,Albânia,Hungria
9,5,Áustria,Hungria
9,5,Suíça,Portugal
9,5,República Tcheca,Portugal
9,5,Dinamarca,Portugal
9,5,Inglaterra,Portugal
9,5,Itália,Portugal
9,5,Geórgia,Portugal
9,5,Alemanha,Portugal
9,5,Albânia,Portugal
9,5,Áustria,Portugal
9,5,República Tcheca,Suíça
9,5,Dinamarca,Suíça
9,5,Inglaterra,Suíça
9,5,Itália,Suíça
9,5,Geórgia,Suíça
9,5,Alemanha,Suíça
9,5,Albânia,Suíça
9,5,Áustria,Suíça
9,5,Dinamarca,República Tcheca
9,5,Inglaterra,República Tcheca
9,5,Itália,República Tcheca
9,5,Geórgia,República Tcheca
9,5,Alemanha,República Tcheca
9,5,Albânia,República Tcheca
9,5,Áustria,República Tcheca
9,5,Inglaterra,Dinamarca
9,5,Itália,Dinamarca
9,5,Geórgia,Dinamarca
9,5,Alemanha,Dinamarca
9,5,Albânia,Dinamarca
9,5,Áustria,Dinamarca
9,5,Itália,Inglaterra
9,5,Geórgia,Inglaterra
9,5,Alemanha,Inglaterra
9,5,Albânia,Inglaterra
9,5,Áustria,Inglaterra
9,5,Geórgia,Itália
9,5,Alemanha,Itália
9,5,Albânia,Itália
9,5,Áustria,Itália
9,5,Alemanha,Geórgia
9,5,Albânia,Geórgia
9,5,Áustria,Geórgia
9,5,Albânia,Alemanha
9,5,Áustria,Alemanha
9,5,Áustria,Albânia
9,8,Eslovênia,Países Baixos
9,8,Bélgica,Países Baixos
9,8,Romênia,Países Baixos
9,8,Ucrânia,Países Baixos
9,8,Polônia,Países Baixos
9,8,Eslováquia,Países Baixos
9,8,Turquia,Países Baixos
9,8,Sérvia,Países Baixos
9,8,Espanha,Países Baixos
9,8,França,Países Baixos
9,8,Croácia,Países Baixos
9,8,Escócia,Países Baixos
9,8,Hungria,Países Baixos
9,8,Portugal,Países Baixos
9,8,Suíça,Países Baixos
9,8,República Tcheca,Países Baixos
9,8,Dinamarca,Países Baixos
9,8,Inglaterra,Países Baixos
9,8,Itália,Países Baixos
9,8,Geórgia,Países Baixos
9,8,Alemanha,Países Baixos
9,8,Albânia,Países Baixos
9,8,Áustria,Países Baixos
9,8,Bélgica,Eslovênia
9,8,Romênia,Eslovênia
9,8,Ucrânia,Eslovênia
9,8,Polônia,Eslovênia
9,8,Eslováquia,Eslovênia
9,8,Turquia,Eslovênia
9,8,Sérvia,Eslovênia
9,8,Espanha,Eslovênia
9,8,França,Eslovênia
9,8,Croácia,Eslovênia
9,8,Escócia,Eslovênia
9,8,Hungria,Eslovênia
9,8,Portugal,Eslovênia
9,8,Suíça,Eslovênia
9,8,República Tcheca,Eslovênia
9,8,Dinamarca,Eslovênia
9,8,Inglaterra,Eslovênia
9,8,Itália,Eslovênia
9,8,Geórgia,Eslovênia
9,8,Alemanha,Eslovênia
9,8,Albânia,Eslovênia
9,8,Áustria,Eslovênia
9,8,Romênia,Bélgica
9,8,Ucrânia,Bélgica
9,8,Polônia,Bélgica
9,8,Eslováquia,Bélgica
9,8,Turquia,Bélgica
9,8,Sérvia,Bélgica
9,8,Espanha,Bélgica
9,8,França,Bélgica
9,8,Croácia,Bélgica
9,8,Escócia,Bélgica
9,8,Hungria,Bélgica
9,8,Portugal,Bélgica
9,8,Suíça,Bélgica
9,8,República Tcheca,Bélgica
9,8,Dinamarca,Bélgica
9,8,Inglaterra,Bélgica
9,8,Itália,Bélgica
9,8,Geórgia,Bélgica
9,8,Alemanha,Bélgica
9,8,Albânia,Bélgica
9,8,Áustria,Bélgica
9,8,Ucrânia,Romênia
9,8,Polônia,Romênia
9,8,Eslováquia,Romênia
9,8,Turquia,Romênia
9,8,Sérvia,Romênia
9,8,Espanha,Romênia
9,8,França,Romênia
9,8,Croácia,Romênia
9,8,Escócia,Romênia
9,8,Hungria,Romênia
9,8,Portugal,Romênia
9,8,Suíça,Romênia
9,8,República Tcheca,Romênia
9,8,Dinamarca,Romênia
9,8,Inglaterra,Romênia
9,8,Itália,Romênia
9,8,Geórgia,Romênia
9,8,Alemanha,Romênia
9,8,Albânia,Romênia
9,8,Áustria,Romênia
9,8,Polônia,Ucrânia
9,8,Eslováquia,Ucrânia
9,8,Turquia,Ucrânia
9,8,Sérvia,Ucrânia
9,8,Espanha,Ucrânia
9,8,França,Ucrânia
9,8,Croácia,Ucrânia
9,8,Escócia,Ucrânia
9,8,Hungria,Ucrânia
9,8,Portugal,Ucrânia
9,8,Suíça,Ucrânia
9,8,República Tcheca,Ucrânia
9,8,Dinamarca,Ucrânia
9,8,Inglaterra,Ucrânia
9,8,Itália,Ucrânia
9,8,Geórgia,Ucrânia
9,8,Alemanha,Ucrânia
9,8,Albânia,Ucrânia
9,8,Áustria,Ucrânia
9,8,Eslováquia,Polônia
9,8,Turquia,Polônia
9,8,Sérvia,Polônia
9,8,Espanha,Polônia
9,8,França,Polônia
9,8,Croácia,Polônia
9,8,Escócia,Polônia
9,8,Hungria,Polônia
9,8,Portugal,Polônia
9,8,Suíça,Polônia
9,8,República Tcheca,Polônia
9,8,Dinamarca,Polônia
9,8,Inglaterra,Polônia
9,8,Itália,Polônia
9,8,Geórgia,Polônia
9,8,Alemanha,Polônia
9,8,Albânia,Polônia
9,8,Áustria,Polônia
9,8,Turquia,Eslováquia
9,8,Sérvia,Eslováquia
9,8,Espanha,Eslováquia
9,8,França,Eslováquia
9,8,Croácia,Eslováquia
9,8,Escócia,Eslováquia
9,8,Hungria,Eslováquia
9,8,Portugal,Eslováquia
9,8,Suíça,Eslováquia
9,8,República Tcheca,Eslováquia
9,8,Dinamarca,Eslováquia
9,8,Inglaterra,Eslováquia
9,8,Itália,Eslováquia
9,8,Geórgia,Eslováquia
9,8,Alemanha,Eslováquia
9,8,Albânia,Eslováquia
9,8,Áustria,Eslováquia
9,8,Sérvia,Turquia
9,8,Espanha,Turquia
9,8,França,Turquia
9,8,Croácia,Turquia
9,8,Escócia,Turquia
9,8,Hungria,Turquia
9,8,Portugal,Turquia
9,8,Suíça,Turquia
9,8,República Tcheca,Turquia
9,8,Dinamarca,Turquia
9,8,Inglaterra,Turquia
9,8,Itália,Turquia
9,8,Geórgia,Turquia
9,8,Alemanha,Turquia
9,8,Albânia,Turquia
9,8,Áustria,Turquia
9,8,Espanha,Sérvia
9,8,França,Sérvia
9,8,Croácia,Sérvia
9,8,Escócia,Sérvia
9,8,Hungria,Sérvia
9,8,Portugal,Sérvia
9,8,Suíça,Sérvia
9,8,República Tcheca,Sérvia
9,8,Dinamarca,Sérvia
9,8,Inglaterra,Sérvia
9,8,Itália,Sérvia
9,8,Geórgia,Sérvia
9,8,Alemanha,Sérvia
9,8,Albânia,Sérvia
9,8,Áustria,Sérvia
9,8,França,Espanha
9,8,Croácia,Espanha
9,8,Escócia,Espanha
9,8,Hungria,Espanha
9,8,Portugal,Espanha
9,8,Suíça,Espanha
9,8,República Tcheca,Espanha
9,8,Dinamarca,Espanha
9,8,Inglaterra,Espanha
9,8,Itália,Espanha
9,8,Geórgia,Espanha
9,8,Alemanha,Espanha
9,8,Albânia,Espanha
9,8,Áustria,Espanha
9,8,Croácia,França
9,8,Escócia,França
9,8,Hungria,França
9,8,Portugal,França
9,8,Suíça,França
9,8,República Tcheca,França
9,8,Dinamarca,França
9,8,Inglaterra,França
9,8,Itália,França
9,8,Geórgia,França
9,8,Alemanha,França
9,8,Albânia,França
9,8,Áustria,França
9,8,Escócia,Croácia
9,8,Hungria,Croácia
9,8,Portugal,Croácia
9,8,Suíça,Croácia
9,8,República Tcheca,Croácia
9,8,Dinamarca,Croácia
9,8,Inglaterra,Croácia
9,8,Itália,Croácia
9,8,Geórgia,Croácia
9,8,Alemanha,Croácia
9,8,Albânia,Croácia
9,8,Áustria,Croácia
9,8,Hungria,Escócia
9,8,Portugal,Escócia
9,8,Suíça,Escócia
9,8,República Tcheca,Escócia
9,8,Dinamarca,Escócia
9,8,Inglaterra,Escócia
9,8,Itália,Escócia
9,8,Geórgia,Escócia
9,8,Alemanha,Escócia
9,8,Albânia,Escócia
9,8,Áustria,Escócia
9,8,Portugal,Hungria
9,8,Suíça,Hungria
9,8,República Tcheca,Hungria
9,8,Dinamarca,Hungria
9,8,Inglaterra,Hungria
9,8,Itália,Hungria
9,8,Geórgia,Hungria
9,8,Alemanha,Hungria
9,8,Albânia,Hungria
9,8,Áustria,Hungria
9,8,Suíça,Portugal
9,8,República Tcheca,Portugal
9,8,Dinamarca,Portugal
9,8,Inglaterra,Portugal
9,8,Itália,Portugal
9,8,Geórgia,Portugal
9,8,Alemanha,Portugal
9,8,Albânia,Portugal
9,8,Áustria,Portugal
9,8,República Tcheca,Suíça
9,8,Dinamarca,Suíça
9,8,Inglaterra,Suíça
9,8,Itália,Suíça
9,8,Geórgia,Suíça
9,8,Alemanha,Suíça
9,8,Albânia,Suíça
9,8,Áustria,Suíça
9,8,Dinamarca,República Tcheca
9,8,Inglaterra,República Tcheca
9,8,Itália,República Tcheca
9,8,Geórgia,República Tcheca
9,8,Alemanha,República Tcheca
9,8,Albânia,República Tcheca
9,8,Áustria,República Tcheca
9,8,Inglaterra,Dinamarca
9,8,Itália,Dinamarca
9,8,Geórgia,Dinamarca
9,8,Alemanha,Dinamarca
9,8,Albânia,Dinamarca
9,8,Áustria,Dinamarca
9,8,Itália,Inglaterra
9,8,Geórgia,Inglaterra
9,8,Alemanha,Inglaterra
9,8,Albânia,Inglaterra
9,8,Áustria,Inglaterra
9,8,Geórgia,Itália
9,8,Alemanha,Itália
9,8,Albânia,Itália
9,8,Áustria,Itália
9,8,Alemanha,Geórgia
9,8,Albânia,Geórgia
9,8,Áustria,Geórgia
9,8,Albânia,Alemanha
9,8,Áustria,Alemanha
9,8,Áustria,Albânia
9,11,Eslovênia,Países Baixos
9,11,Bélgica,Países Baixos
9,11,Romênia,Países Baixos
9,11,Ucrânia,Países Baixos
9,11,Polônia,Países Baixos
9,11,Eslováquia,Países Baixos
9,11,Turquia,Países Baixos
9,11,Sérvia,Países Baixos
9,11,Espanha,Países Baixos
9,11,França,Países Baixos
9,11,Croácia,Países Baixos
9,11,Escócia,Países Baixos
9,11,Hungria,Países Baixos
9,11,Portugal,Países Baixos
9,11,Suíça,Países Baixos
9,11,República Tcheca,Países Baixos
9,11,Dinamarca,Países Baixos
9,11,Inglaterra,Países Baixos
9,11,Itália,Países Baixos
9,11,Geórgia,Países Baixos
9,11,Alemanha,Países Baixos
9,11,Albânia,Países Baixos
9,11,Áustria,Países Baixos
9,11,Bélgica,Eslovênia
9,11,Romênia,Eslovênia
9,11,Ucrânia,Eslovênia
9,11,Polônia,Eslovênia
9,11,Eslováquia,Eslovênia
9,11,Turquia,Eslovênia
9,11,Sérvia,Eslovênia
9,11,Espanha,Eslovênia
9,11,França,Eslovênia
9,11,Croácia,Eslovênia
9,11,Escócia,Eslovênia
9,11,Hungria,Eslovênia
9,11,Portugal,Eslovênia
9,11,Suíça,Eslovênia
9,11,República Tcheca,Eslovênia
9,11,Dinamarca,Eslovênia
9,11,Inglaterra,Eslovênia
9,11,Itália,Eslovênia
9,11,Geórgia,Eslovênia
9,11,Alemanha,Eslovênia
9,11,Albânia,Eslovênia
9,11,Áustria,Eslovênia
9,11,Romênia,Bélgica
9,11,Ucrânia,Bélgica
9,11,Polônia,Bélgica
9,11,Eslováquia,Bélgica
9,11,Turquia,Bélgica
9,11,Sérvia,Bélgica
9,11,Espanha,Bélgica
9,11,França,Bélgica
9,11,Croácia,Bélgica
9,11,Escócia,Bélgica
9,11,Hungria,Bélgica
9,11,Portugal,Bélgica
9,11,Suíça,Bélgica
9,11,República Tcheca,Bélgica
9,11,Dinamarca,Bélgica
9,11,Inglaterra,Bélgica
9,11,Itália,Bélgica
9,11,Geórgia,Bélgica
9,11,Alemanha,Bélgica
9,11,Albânia,Bélgica
9,11,Áustria,Bélgica
9,11,Ucrânia,Romênia
9,11,Polônia,Romênia
9,11,Eslováquia,Romênia
9,11,Turquia,Romênia
9,11,Sérvia,Romênia
9,11,Espanha,Romênia
9,11,França,Romênia
9,11,Croácia,Romênia
9,11,Escócia,Romênia
9,11,Hungria,Romênia
9,11,Portugal,Romênia
9,11,Suíça,Romênia
9,11,República Tcheca,Romênia
9,11,Dinamarca,Romênia
9,11,Inglaterra,Romênia
9,11,Itália,Romênia
9,11,Geórgia,Romênia
9,11,Alemanha,Romênia
9,11,Albânia,Romênia
9,11,Áustria,Romênia
9,11,Polônia,Ucrânia
9,11,Eslováquia,Ucrânia
9,11,Turquia,Ucrânia
9,11,Sérvia,Ucrânia
9,11,Espanha,Ucrânia
9,11,França,Ucrânia
9,11,Croácia,Ucrânia
9,11,Escócia,Ucrânia
9,11,Hungria,Ucrânia
9,11,Portugal,Ucrânia
9,11,Suíça,Ucrânia
9,11,República Tcheca,Ucrânia
9,11,Dinamarca,Ucrânia
9,11,Inglaterra,Ucrânia
9,11,Itália,Ucrânia
9,11,Geórgia,Ucrânia
9,11,Alemanha,Ucrânia
9,11,Albânia,Ucrânia
9,11,Áustria,Ucrânia
9,11,Eslováquia,Polônia
9,11,Turquia,Polônia
9,11,Sérvia,Polônia
9,11,Espanha,Polônia
9,11,França,Polônia
9,11,Croácia,Polônia
9,11,Escócia,Polônia
9,11,Hungria,Polônia
9,11,Portugal,Polônia
9,11,Suíça,Polônia
9,11,República Tcheca,Polônia
9,11,Dinamarca,Polônia
9,11,Inglaterra,Polônia
9,11,Itália,Polônia
9,11,Geórgia,Polônia
9,11,Alemanha,Polônia
9,11,Albânia,Polônia
9,11,Áustria,Polônia
9,11,Turquia,Eslováquia
9,11,Sérvia,Eslováquia
9,11,Espanha,Eslováquia
9,11,França,Eslováquia
9,11,Croácia,Eslováquia
9,11,Escócia,Eslováquia
9,11,Hungria,Eslováquia
9,11,Portugal,Eslováquia
9,11,Suíça,Eslováquia
9,11,República Tcheca,Eslováquia
9,11,Dinamarca,Eslováquia
9,11,Inglaterra,Eslováquia
9,11,Itália,Eslováquia
9,11,Geórgia,Eslováquia
9,11,Alemanha,Eslováquia
9,11,Albânia,Eslováquia
9,11,Áustria,Eslováquia
9,11,Sérvia,Turquia
9,11,Espanha,Turquia
9,11,França,Turquia
9,11,Croácia,Turquia
9,11,Escócia,Turquia
9,11,Hungria,Turquia
9,11,Portugal,Turquia
9,11,Suíça,Turquia
9,11,República Tcheca,Turquia
9,11,Dinamarca,Turquia
9,11,Inglaterra,Turquia
9,11,Itália,Turquia
9,11,Geórgia,Turquia
9,11,Alemanha,Turquia
9,11,Albânia,Turquia
9,11,Áustria,Turquia
9,11,Espanha,Sérvia
9,11,França,Sérvia
9,11,Croácia,Sérvia
9,11,Escócia,Sérvia
9,11,Hungria,Sérvia
9,11,Portugal,Sérvia
9,11,Suíça,Sérvia
9,11,República Tcheca,Sérvia
9,11,Dinamarca,Sérvia
9,11,Inglaterra,Sérvia
9,11,Itália,Sérvia
9,11,Geórgia,Sérvia
9,11,Alemanha,Sérvia
9,11,Albânia,Sérvia
9,11,Áustria,Sérvia
9,11,França,Espanha
9,11,Croácia,Espanha
9,11,Escócia,Espanha
9,11,Hungria,Espanha
9,11,Portugal,Espanha
9,11,Suíça,Espanha
9,11,República Tcheca,Espanha
9,11,Dinamarca,Espanha
9,11,Inglaterra,Espanha
9,11,Itália,Espanha
9,11,Geórgia,Espanha
9,11,Alemanha,Espanha
9,11,Albânia,Espanha
9,11,Áustria,Espanha
9,11,Croácia,França
9,11,Escócia,França
9,11,Hungria,França
9,11,Portugal,França
9,11,Suíça,França
9,11,República Tcheca,França
9,11,Dinamarca,França
9,11,Inglaterra,França
9,11,Itália,França
9,11,Geórgia,França
9,11,Alemanha,França
9,11,Albânia,França
9,11,Áustria,França
9,11,Escócia,Croácia
9,11,Hungria,Croácia
9,11,Portugal,Croácia
9,11,Suíça,Croácia
9,11,República Tcheca,Croácia
9,11,Dinamarca,Croácia
9,11,Inglaterra,Croácia
9,11,Itália,Croácia
9,11,Geórgia,Croácia
9,11,Alemanha,Croácia
9,11,Albânia,Croácia
9,11,Áustria,Croácia
9,11,Hungria,Escócia
9,11,Portugal,Escócia
9,11,Suíça,Escócia
9,11,República Tcheca,Escócia
9,11,Dinamarca,Escócia
9,11,Inglaterra,Escócia
9,11,Itália,Escócia
9,11,Geórgia,Escócia
9,11,Alemanha,Escócia
9,11,Albânia,Escócia
9,11,Áustria,Escócia
9,11,Portugal,Hungria
9,11,Suíça,Hungria
9,11,República Tcheca,Hungria
9,11,Dinamarca,Hungria
9,11,Inglaterra,Hungria
9,11,Itália,Hungria
9,11,Geórgia,Hungria
9,11,Alemanha,Hungria
9,11,Albânia,Hungria
9,11,Áustria,Hungria
9,11,Suíça,Portugal
9,11,República Tcheca,Portugal
9,11,Dinamarca,Portugal
9,11,Inglaterra,Portugal
9,11,Itália,Portugal
9,11,Geórgia,Portugal
9,11,Alemanha,Portugal
9,11,Albânia,Portugal
9,11,Áustria,Portugal
9,11,República Tcheca,Suíça
9,11,Dinamarca,Suíça
9,11,Inglaterra,Suíça
9,11,Itália,Suíça
9,11,Geórgia,Suíça
9,11,Alemanha,Suíça
9,11,Albânia,Suíça
9,11,Áustria,Suíça
9,11,Dinamarca,República Tcheca
9,11,Inglaterra,República Tcheca
9,11,Itália,República Tcheca
9,11,Geórgia,República Tcheca
9,11,Alemanha,República Tcheca
9,11,Albânia,República Tcheca
9,11,Áustria,República Tcheca
9,11,Inglaterra,Dinamarca
9,11,Itália,Dinamarca
9,11,Geórgia,Dinamarca
9,11,Alemanha,Dinamarca
9,11,Albânia,Dinamarca
9,11,Áustria,Dinamarca
9,11,Itália,Inglaterra
9,11,Geórgia,Inglaterra
9,11,Alemanha,Inglaterra
9,11,Albânia,Inglaterra
9,11,Áustria,Inglaterra
9,11,Geórgia,Itália
9,11,Alemanha,Itália
9,11,Albânia,Itália
9,11,Áustria,Itália
9,11,Alemanha,Geórgia
9,11,Albânia,Geórgia
9,11,Áustria,Geórgia
9,11,Albânia,Alemanha
9,11,Áustria,Alemanha
9,11,Áustria,Albânia
9,14,Eslovênia,Países Baixos
9,14,Bélgica,Países Baixos
9,14,Romênia,Países Baixos
9,14,Ucrânia,Países Baixos
9,14,Polônia,Países Baixos
9,14,Eslováquia,Países Baixos
9,14,Turquia,Países Baixos
9,14,Sérvia,Países Baixos
9,14,Espanha,Países Baixos
9,14,França,Países Baixos
9,14,Croácia,Países Baixos
9,14,Escócia,Países Baixos
9,14,Hungria,Países Baixos
9,14,Portugal,Países Baixos
9,14,Suíça,Países Baixos
9,14,República Tcheca,Países Baixos
9,14,Dinamarca,Países Baixos
9,14,Inglaterra,Países Baixos
9,14,Itália,Países Baixos
9,14,Geórgia,Países Baixos
9,14,Alemanha,Países Baixos
9,14,Albânia,Países Baixos
9,14,Áustria,Países Baixos
9,14,Bélgica,Eslovênia
9,14,Romênia,Eslovênia
9,14,Ucrânia,Eslovênia
9,14,Polônia,Eslovênia
9,14,Eslováquia,Eslovênia
9,14,Turquia,Eslovênia
9,14,Sérvia,Eslovênia
9,14,Espanha,Eslovênia
9,14,França,Eslovênia
9,14,Croácia,Eslovênia
9,14,Escócia,Eslovênia
9,14,Hungria,Eslovênia
9,14,Portugal,Eslovênia
9,14,Suíça,Eslovênia
9,14,República Tcheca,Eslovênia
9,14,Dinamarca,Eslovênia
9,14,Inglaterra,Eslovênia
9,14,Itália,Eslovênia
9,14,Geórgia,Eslovênia
9,14,Alemanha,Eslovênia
9,14,Albânia,Eslovênia
9,14,Áustria,Eslovênia
9,14,Romênia,Bélgica
9,14,Ucrânia,Bélgica
9,14,Polônia,Bélgica
9,14,Eslováquia,Bélgica
9,14,Turquia,Bélgica
9,14,Sérvia,Bélgica
9,14,Espanha,Bélgica
9,14,França,Bélgica
9,14,Croácia,Bélgica
9,14,Escócia,Bélgica
9,14,Hungria,Bélgica
9,14,Portugal,Bélgica
9,14,Suíça,Bélgica
9,14,República Tcheca,Bélgica
9,14,Dinamarca,Bélgica
9,14,Inglaterra,Bélgica
9,14,Itália,Bélgica
9,14,Geórgia,Bélgica
9,14,Alemanha,Bélgica
9,14,Albânia,Bélgica
9,14,Áustria,Bélgica
9,14,Ucrânia,Romênia
9,14,Polônia,Romênia
9,14,Eslováquia,Romênia
9,14,Turquia,Romênia
9,14,Sérvia,Romênia
9,14,Espanha,Romênia
9,14,França,Romênia
9,14,Croácia,Romênia
9,14,Escócia,Romênia
9,14,Hungria,Romênia
9,14,Portugal,Romênia
9,14,Suíça,Romênia
9,14,República Tcheca,Romênia
9,14,Dinamarca,Romênia
9,14,Inglaterra,Romênia
9,14,Itália,Romênia
9,14,Geórgia,Romênia
9,14,Alemanha,Romênia
9,14,Albânia,Romênia
9,14,Áustria,Romênia
9,14,Polônia,Ucrânia
9,14,Eslováquia,Ucrânia
9,14,Turquia,Ucrânia
9,14,Sérvia,Ucrânia
9,14,Espanha,Ucrânia
9,14,França,Ucrânia
9,14,Croácia,Ucrânia
9,14,Escócia,Ucrânia
9,14,Hungria,Ucrânia
9,14,Portugal,Ucrânia
9,14,Suíça,Ucrânia
9,14,República Tcheca,Ucrânia
9,14,Dinamarca,Ucrânia
9,14,Inglaterra,Ucrânia
9,14,Itália,Ucrânia
9,14,Geórgia,Ucrânia
9,14,Alemanha,Ucrânia
9,14,Albânia,Ucrânia
9,14,Áustria,Ucrânia
9,14,Eslováquia,Polônia
9,14,Turquia,Polônia
9,14,Sérvia,Polônia
9,14,Espanha,Polônia
9,14,França,Polônia
9,14,Croácia,Polônia
9,14,Escócia,Polônia
9,14,Hungria,Polônia
9,14,Portugal,Polônia
9,14,Suíça,Polônia
9,14,República Tcheca,Polônia
9,14,Dinamarca,Polônia
9,14,Inglaterra,Polônia
9,14,Itália,Polônia
9,14,Geórgia,Polônia
9,14,Alemanha,Polônia
9,14,Albânia,Polônia
9,14,Áustria,Polônia
9,14,Turquia,Eslováquia
9,14,Sérvia,Eslováquia
9,14,Espanha,Eslováquia
9,14,França,Eslováquia
9,14,Croácia,Eslováquia
9,14,Escócia,Eslováquia
9,14,Hungria,Eslováquia
9,14,Portugal,Eslováquia
9,14,Suíça,Eslováquia
9,14,República Tcheca,Eslováquia
9,14,Dinamarca,Eslováquia
9,14,Inglaterra,Eslováquia
9,14,Itália,Eslováquia
9,14,Geórgia,Eslováquia
9,14,Alemanha,Eslováquia
9,14,Albânia,Eslováquia
9,14,Áustria,Eslováquia
9,14,Sérvia,Turquia
9,14,Espanha,Turquia
9,14,França,Turquia
9,14,Croácia,Turquia
9,14,Escócia,Turquia
9,14,Hungria,Turquia
9,14,Portugal,Turquia
9,14,Suíça,Turquia
9,14,República Tcheca,Turquia
9,14,Dinamarca,Turquia
9,14,Inglaterra,Turquia
9,14,Itália,Turquia
9,14,Geórgia,Turquia
9,14,Alemanha,Turquia
9,14,Albânia,Turquia
9,14,Áustria,Turquia
9,14,Espanha,Sérvia
9,14,França,Sérvia
9,14,Croácia,Sérvia
9,14,Escócia,Sérvia
9,14,Hungria,Sérvia
9,14,Portugal,Sérvia
9,14,Suíça,Sérvia
9,14,República Tcheca,Sérvia
9,14,Dinamarca,Sérvia
9,14,Inglaterra,Sérvia
9,14,Itália,Sérvia
9,14,Geórgia,Sérvia
9,14,Alemanha,Sérvia
9,14,Albânia,Sérvia
9,14,Áustria,Sérvia
9,14,França,Espanha
9,14,Croácia,Espanha
9,14,Escócia,Espanha
9,14,Hungria,Espanha
9,14,Portugal,Espanha
9,14,Suíça,Espanha
9,14,República Tcheca,Espanha
9,14,Dinamarca,Espanha
9,14,Inglaterra,Espanha
9,14,Itália,Espanha
9,14,Geórgia,Espanha
9,14,Alemanha,Espanha
9,14,Albânia,Espanha
9,14,Áustria,Espanha
9,14,Croácia,França
9,14,Escócia,França
9,14,Hungria,França
9,14,Portugal,França
9,14,Suíça,França
9,14,República Tcheca,França
9,14,Dinamarca,França
9,14,Inglaterra,França
9,14,Itália,França
9,14,Geórgia,França
9,14,Alemanha,França
9,14,Albânia,França
9,14,Áustria,França
9,14,Escócia,Croácia
9,14,Hungria,Croácia
9,14,Portugal,Croácia
9,14,Suíça,Croácia
9,14,República Tcheca,Croácia
9,14,Dinamarca,Croácia
9,14,Inglaterra,Croácia
9,14,Itália,Croácia
9,14,Geórgia,Croácia
9,14,Alemanha,Croácia
9,14,Albânia,Croácia
9,14,Áustria,Croácia
9,14,Hungria,Escócia
9,14,Portugal,Escócia
9,14,Suíça,Escócia
9,14,República Tcheca,Escócia
9,14,Dinamarca,Escócia
9,14,Inglaterra,Escócia
9,14,Itália,Escócia
9,14,Geórgia,Escócia
9,14,Alemanha,Escócia
9,14,Albânia,Escócia
9,14,Áustria,Escócia
9,14,Portugal,Hungria
9,14,Suíça,Hungria
9,14,República Tcheca,Hungria
9,14,Dinamarca,Hungria
9,14,Inglaterra,Hungria
9,14,Itália,Hungria
9,14,Geórgia,Hungria
9,14,Alemanha,Hungria
9,14,Albânia,Hungria
9,14,Áustria,Hungria
9,14,Suíça,Portugal
9,14,República Tcheca,Portugal
9,14,Dinamarca,Portugal
9,14,Inglaterra,Portugal
9,14,Itália,Portugal
9,14,Geórgia,Portugal
9,14,Alemanha,Portugal
9,14,Albânia,Portugal
9,14,Áustria,Portugal
9,14,República Tcheca,Suíça
9,14,Dinamarca,Suíça
9,14,Inglaterra,Suíça
9,14,Itália,Suíça
9,14,Geórgia,Suíça
9,14,Alemanha,Suíça
9,14,Albânia,Suíça
9,14,Áustria,Suíça
9,14,Dinamarca,República Tcheca
9,14,Inglaterra,República Tcheca
9,14,Itália,República Tcheca
9,14,Geórgia,República Tcheca
9,14,Alemanha,República Tcheca
9,14,Albânia,República Tcheca
9,14,Áustria,República Tcheca
9,14,Inglaterra,Dinamarca
9,14,Itália,Dinamarca
9,14,Geórgia,Dinamarca
9,14,Alemanha,Dinamarca
9,14,Albânia,Dinamarca
9,14,Áustria,Dinamarca
9,14,Itália,Inglaterra
9,14,Geórgia,Inglaterra
9,14,Alemanha,Inglaterra
9,14,Albânia,Inglaterra
9,14,Áustria,Inglaterra
9,14,Geórgia,Itália
9,14,Alemanha,Itália
9,14,Albânia,Itália
9,14,Áustria,Itália
9,14,Alemanha,Geórgia
9,14,Albânia,Geórgia
9,14,Áustria,Geórgia
9,14,Albânia,Alemanha
9,14,Áustria,Alemanha
9,14,Áustria,Albânia
9,17,Eslovênia,Países Baixos
9,17,Bélgica,Países Baixos
9,17,Romênia,Países Baixos
9,17,Ucrânia,Países Baixos
9,17,Polônia,Países Baixos
9,17,Eslováquia,Países Baixos
9,17,Turquia,Países Baixos
9,17,Sérvia,Países Baixos
9,17,Espanha,Países Baixos
9,17,França,Países Baixos
9,17,Croácia,Países Baixos
9,17,Escócia,Países Baixos
9,17,Hungria,Países Baixos
9,17,Portugal,Países Baixos
9,17,Suíça,Países Baixos
9,17,República Tcheca,Países Baixos
9,17,Dinamarca,Países Baixos
9,17,Inglaterra,Países Baixos
9,17,Itália,Países Baixos
9,17,Geórgia,Países Baixos
9,17,Alemanha,Países Baixos
9,17,Albânia,Países Baixos
9,17,Áustria,Países Baixos
9,17,Bélgica,Eslovênia
9,17,Romênia,Eslovênia
9,17,Ucrânia,Eslovênia
9,17,Polônia,Eslovênia
9,17,Eslováquia,Eslovênia
9,17,Turquia,Eslovênia
9,17,Sérvia,Eslovênia
9,17,Espanha,Eslovênia
9,17,França,Eslovênia
9,17,Croácia,Eslovênia
9,17,Escócia,Eslovênia
9,17,Hungria,Eslovênia
9,17,Portugal,Eslovênia
9,17,Suíça,Eslovênia
9,17,República Tcheca,Eslovênia
9,17,Dinamarca,Eslovênia
9,17,Inglaterra,Eslovênia
9,17,Itália,Eslovênia
9,17,Geórgia,Eslovênia
9,17,Alemanha,Eslovênia
9,17,Albânia,Eslovênia
9,17,Áustria,Eslovênia
9,17,Romênia,Bélgica
9,17,Ucrânia,Bélgica
9,17,Polônia,Bélgica
9,17,Eslováquia,Bélgica
9,17,Turquia,Bélgica
9,17,Sérvia,Bélgica
9,17,Espanha,Bélgica
9,17,França,Bélgica
9,17,Croácia,Bélgica
9,17,Escócia,Bélgica
9,17,Hungria,Bélgica
9,17,Portugal,Bélgica
9,17,Suíça,Bélgica
9,17,República Tcheca,Bélgica
9,17,Dinamarca,Bélgica
9,17,Inglaterra,Bélgica
9,17,Itália,Bélgica
9,17,Geórgia,Bélgica
9,17,Alemanha,Bélgica
9,17,Albânia,Bélgica
9,17,Áustria,Bélgica
9,17,Ucrânia,Romênia
9,17,Polônia,Romênia
9,17,Eslováquia,Romênia
9,17,Turquia,Romênia
9,17,Sérvia,Romênia
9,17,Espanha,Romênia
9,17,França,Romênia
9,17,Croácia,Romênia
9,17,Escócia,Romênia
9,17,Hungria,Romênia
9,17,Portugal,Romênia
9,17,Suíça,Romênia
9,17,República Tcheca,Romênia
9,17,Dinamarca,Romênia
9,17,Inglaterra,Romênia
9,17,Itália,Romênia
9,17,Geórgia,Romênia
9,17,Alemanha,Romênia
9,17,Albânia,Romênia
9,17,Áustria,Romênia
9,17,Polônia,Ucrânia
9,17,Eslováquia,Ucrânia
9,17,Turquia,Ucrânia
9,17,Sérvia,Ucrânia
9,17,Espanha,Ucrânia
9,17,França,Ucrânia
9,17,Croácia,Ucrânia
9,17,Escócia,Ucrânia
9,17,Hungria,Ucrânia
9,17,Portugal,Ucrânia
9,17,Suíça,Ucrânia
9,17,República Tcheca,Ucrânia
9,17,Dinamarca,Ucrânia
9,17,Inglaterra,Ucrânia
9,17,Itália,Ucrânia
9,17,Geórgia,Ucrânia
9,17,Alemanha,Ucrânia
9,17,Albânia,Ucrânia
9,17,Áustria,Ucrânia
9,17,Eslováquia,Polônia
9,17,Turquia,Polônia
9,17,Sérvia,Polônia
9,17,Espanha,Polônia
9,17,França,Polônia
9,17,Croácia,Polônia
9,17,Escócia,Polônia
9,17,Hungria,Polônia
9,17,Portugal,Polônia
9,17,Suíça,Polônia
9,17,República Tcheca,Polônia
9,17,Dinamarca,Polônia
9,17,Inglaterra,Polônia
9,17,Itália,Polônia
9,17,Geórgia,Polônia
9,17,Alemanha,Polônia
9,17,Albânia,Polônia
9,17,Áustria,Polônia
9,17,Turquia,Eslováquia
9,17,Sérvia,Eslováquia
9,17,Espanha,Eslováquia
9,17,França,Eslováquia
9,17,Croácia,Eslováquia
9,17,Escócia,Eslováquia
9,17,Hungria,Eslováquia
9,17,Portugal,Eslováquia
9,17,Suíça,Eslováquia
9,17,República Tcheca,Eslováquia
9,17,Dinamarca,Eslováquia
9,17,Inglaterra,Eslováquia
9,17,Itália,Eslováquia
9,17,Geórgia,Eslováquia
9,17,Alemanha,Eslováquia
9,17,Albânia,Eslováquia
9,17,Áustria,Eslováquia
9,17,Sérvia,Turquia
9,17,Espanha,Turquia
9,17,França,Turquia
9,17,Croácia,Turquia
9,17,Escócia,Turquia
9,17,Hungria,Turquia
9,17,Portugal,Turquia
9,17,Suíça,Turquia
9,17,República Tcheca,Turquia
9,17,Dinamarca,Turquia
9,17,Inglaterra,Turquia
9,17,Itália,Turquia
9,17,Geórgia,Turquia
9,17,Alemanha,Turquia
9,17,Albânia,Turquia
9,17,Áustria,Turquia
9,17,Espanha,Sérvia
9,17,França,Sérvia
9,17,Croácia,Sérvia
9,17,Escócia,Sérvia
9,17,Hungria,Sérvia
9,17,Portugal,Sérvia
9,17,Suíça,Sérvia
9,17,República Tcheca,Sérvia
9,17,Dinamarca,Sérvia
9,17,Inglaterra,Sérvia
9,17,Itália,Sérvia
9,17,Geórgia,Sérvia
9,17,Alemanha,Sérvia
9,17,Albânia,Sérvia
9,17,Áustria,Sérvia
9,17,França,Espanha
9,17,Croácia,Espanha
9,17,Escócia,Espanha
9,17,Hungria,Espanha
9,17,Portugal,Espanha
9,17,Suíça,Espanha
9,17,República Tcheca,Espanha
9,17,Dinamarca,Espanha
9,17,Inglaterra,Espanha
9,17,Itália,Espanha
9,17,Geórgia,Espanha
9,17,Alemanha,Espanha
9,17,Albânia,Espanha
9,17,Áustria,Espanha
9,17,Croácia,França
9,17,Escócia,França
9,17,Hungria,França
9,17,Portugal,França
9,17,Suíça,França
9,17,República Tcheca,França
9,17,Dinamarca,França
9,17,Inglaterra,França
9,17,Itália,França
9,17,Geórgia,França
9,17,Alemanha,França
9,17,Albânia,França
9,17,Áustria,França
9,17,Escócia,Croácia
9,17,Hungria,Croácia
9,17,Portugal,Croácia
9,17,Suíça,Croácia
9,17,República Tcheca,Croácia
9,17,Dinamarca,Croácia
9,17,Inglaterra,Croácia
9,17,Itália,Croácia
9,17,Geórgia,Croácia
9,17,Alemanha,Croácia
9,17,Albânia,Croácia
9,17,Áustria,Croácia
9,17,Hungria,Escócia
9,17,Portugal,Escócia
9,17,Suíça,Escócia
9,17,República Tcheca,Escócia
9,17,Dinamarca,Escócia
9,17,Inglaterra,Escócia
9,17,Itália,Escócia
9,17,Geórgia,Escócia
9,17,Alemanha,Escócia
9,17,Albânia,Escócia
9,17,Áustria,Escócia
9,17,Portugal,Hungria
9,17,Suíça,Hungria
9,17,República Tcheca,Hungria
9,17,Dinamarca,Hungria
9,17,Inglaterra,Hungria
9,17,Itália,Hungria
9,17,Geórgia,Hungria
9,17,Alemanha,Hungria
9,17,Albânia,Hungria
9,17,Áustria,Hungria
9,17,Suíça,Portugal
9,17,República Tcheca,Portugal
9,17,Dinamarca,Portugal
9,17,Inglaterra,Portugal
9,17,Itália,Portugal
9,17,Geórgia,Portugal
9,17,Alemanha,Portugal
9,17,Albânia,Portugal
9,17,Áustria,Portugal
9,17,República Tcheca,Suíça
9,17,Dinamarca,Suíça
9,17,Inglaterra,Suíça
9,17,Itália,Suíça
9,17,Geórgia,Suíça
9,17,Alemanha,Suíça
9,17,Albânia,Suíça
9,17,Áustria,Suíça
9,17,Dinamarca,República Tcheca
9,17,Inglaterra,República Tcheca
9,17,Itália,República Tcheca
9,17,Geórgia,República Tcheca
9,17,Alemanha,República Tcheca
9,17,Albânia,República Tcheca
9,17,Áustria,República Tcheca
9,17,Inglaterra,Dinamarca
9,17,Itália,Dinamarca
9,17,Geórgia,Dinamarca
9,17,Alemanha,Dinamarca
9,17,Albânia,Dinamarca
9,17,Áustria,Dinamarca
9,17,Itália,Inglaterra
9,17,Geórgia,Inglaterra
9,17,Alemanha,Inglaterra
9,17,Albânia,Inglaterra
9,17,Áustria,Inglaterra
9,17,Geórgia,Itália
9,17,Alemanha,Itália
9,17,Albânia,Itália
9,17,Áustria,Itália
9,17,Alemanha,Geórgia
9,17,Albânia,Geórgia
9,17,Áustria,Geórgia
9,17,Albânia,Alemanha
9,17,Áustria,Alemanha
9,17,Áustria,Albânia
9,20,Eslovênia,Países Baixos
9,20,Bélgica,Países Baixos
9,20,Romênia,Países Baixos
9,20,Ucrânia,Países Baixos
9,20,Polônia,Países Baixos
9,20,Eslováquia,Países Baixos
9,20,Turquia,Países Baixos
9,20,Sérvia,Países Baixos
9,20,Espanha,Países Baixos
9,20,França,Países Baixos
9,20,Croácia,Países Baixos
9,20,Escócia,Países Baixos
9,20,Hungria,Países Baixos
9,20,Portugal,Países Baixos
9,20,Suíça,Países Baixos
9,20,República Tcheca,Países Baixos
9,20,Dinamarca,Países Baixos
9,20,Inglaterra,Países Baixos
9,20,Itália,Países Baixos
9,20,Geórgia,Países Baixos
9,20,Alemanha,Países Baixos
9,20,Albânia,Países Baixos
9,20,Áustria,Países Baixos
9,20,Bélgica,Eslovênia
9,20,Romênia,Eslovênia
9,20,Ucrânia,Eslovênia
9,20,Polônia,Eslovênia
9,20,Eslováquia,Eslovênia
9,20,Turquia,Eslovênia
9,20,Sérvia,Eslovênia
9,20,Espanha,Eslovênia
9,20,França,Eslovênia
9,20,Croácia,Eslovênia
9,20,Escócia,Eslovênia
9,20,Hungria,Eslovênia
9,20,Portugal,Eslovênia
9,20,Suíça,Eslovênia
9,20,República Tcheca,Eslovênia
9,20,Dinamarca,Eslovênia
9,20,Inglaterra,Eslovênia
9,20,Itália,Eslovênia
9,20,Geórgia,Eslovênia
9,20,Alemanha,Eslovênia
9,20,Albânia,Eslovênia
9,20,Áustria,Eslovênia
9,20,Romênia,Bélgica
9,20,Ucrânia,Bélgica
9,20,Polônia,Bélgica
9,20,Eslováquia,Bélgica
9,20,Turquia,Bélgica
9,20,Sérvia,Bélgica
9,20,Espanha,Bélgica
9,20,França,Bélgica
9,20,Croácia,Bélgica
9,20,Escócia,Bélgica
9,20,Hungria,Bélgica
9,20,Portugal,Bélgica
9,20,Suíça,Bélgica
9,20,República Tcheca,Bélgica
9,20,Dinamarca,Bélgica
9,20,Inglaterra,Bélgica
9,20,Itália,Bélgica
9,20,Geórgia,Bélgica
9,20,Alemanha,Bélgica
9,20,Albânia,Bélgica
9,20,Áustria,Bélgica
9,20,Ucrânia,Romênia
9,20,Polônia,Romênia
9,20,Eslováquia,Romênia
9,20,Turquia,Romênia
9,20,Sérvia,Romênia
9,20,Espanha,Romênia
9,20,França,Romênia
9,20,Croácia,Romênia
9,20,Escócia,Romênia
9,20,Hungria,Romênia
9,20,Portugal,Romênia
9,20,Suíça,Romênia
9,20,República Tcheca,Romênia
9,20,Dinamarca,Romênia
9,20,Inglaterra,Romênia
9,20,Itália,Romênia
9,20,Geórgia,Romênia
9,20,Alemanha,Romênia
9,20,Albânia,Romênia
9,20,Áustria,Romênia
9,20,Polônia,Ucrânia
9,20,Eslováquia,Ucrânia
9,20,Turquia,Ucrânia
9,20,Sérvia,Ucrânia
9,20,Espanha,Ucrânia
9,20,França,Ucrânia
9,20,Croácia,Ucrânia
9,20,Escócia,Ucrânia
9,20,Hungria,Ucrânia
9,20,Portugal,Ucrânia
9,20,Suíça,Ucrânia
9,20,República Tcheca,Ucrânia
9,20,Dinamarca,Ucrânia
9,20,Inglaterra,Ucrânia
9,20,Itália,Ucrânia
9,20,Geórgia,Ucrânia
9,20,Alemanha,Ucrânia
9,20,Albânia,Ucrânia
9,20,Áustria,Ucrânia
9,20,Eslováquia,Polônia
9,20,Turquia,Polônia
9,20,Sérvia,Polônia
9,20,Espanha,Polônia
9,20,França,Polônia
9,20,Croácia,Polônia
9,20,Escócia,Polônia
9,20,Hungria,Polônia
9,20,Portugal,Polônia
9,20,Suíça,Polônia
9,20,República Tcheca,Polônia
9,20,Dinamarca,Polônia
9,20,Inglaterra,Polônia
9,20,Itália,Polônia
9,20,Geórgia,Polônia
9,20,Alemanha,Polônia
9,20,Albânia,Polônia
9,20,Áustria,Polônia
9,20,Turquia,Eslováquia
9,20,Sérvia,Eslováquia
9,20,Espanha,Eslováquia
9,20,França,Eslováquia
9,20,Croácia,Eslováquia
9,20,Escócia,Eslováquia
9,20,Hungria,Eslováquia
9,20,Portugal,Eslováquia
9,20,Suíça,Eslováquia
9,20,República Tcheca,Eslováquia
9,20,Dinamarca,Eslováquia
9,20,Inglaterra,Eslováquia
9,20,Itália,Eslováquia
9,20,Geórgia,Eslováquia
9,20,Alemanha,Eslováquia
9,20,Albânia,Eslováquia
9,20,Áustria,Eslováquia
9,20,Sérvia,Turquia
9,20,Espanha,Turquia
9,20,França,Turquia
9,20,Croácia,Turquia
9,20,Escócia,Turquia
9,20,Hungria,Turquia
9,20,Portugal,Turquia
9,20,Suíça,Turquia
9,20,República Tcheca,Turquia
9,20,Dinamarca,Turquia
9,20,Inglaterra,Turquia
9,20,Itália,Turquia
9,20,Geórgia,Turquia
9,20,Alemanha,Turquia
9,20,Albânia,Turquia
9,20,Áustria,Turquia
9,20,Espanha,Sérvia
9,20,França,Sérvia
9,20,Croácia,Sérvia
9,20,Escócia,Sérvia
9,20,Hungria,Sérvia
9,20,Portugal,Sérvia
9,20,Suíça,Sérvia
9,20,República Tcheca,Sérvia
9,20,Dinamarca,Sérvia
9,20,Inglaterra,Sérvia
9,20,Itália,Sérvia
9,20,Geórgia,Sérvia
9,20,Alemanha,Sérvia
9,20,Albânia,Sérvia
9,20,Áustria,Sérvia
9,20,França,Espanha
9,20,Croácia,Espanha
9,20,Escócia,Espanha
9,20,Hungria,Espanha
9,20,Portugal,Espanha
9,20,Suíça,Espanha
9,20,República Tcheca,Espanha
9,20,Dinamarca,Espanha
9,20,Inglaterra,Espanha
9,20,Itália,Espanha
9,20,Geórgia,Espanha
9,20,Alemanha,Espanha
9,20,Albânia,Espanha
9,20,Áustria,Espanha
9,20,Croácia,França
9,20,Escócia,França
9,20,Hungria,França
9,20,Portugal,França
9,20,Suíça,França
9,20,República Tcheca,França
9,20,Dinamarca,França
9,20,Inglaterra,França
9,20,Itália,França
9,20,Geórgia,França
9,20,Alemanha,França
9,20,Albânia,França
9,20,Áustria,França
9,20,Escócia,Croácia
9,20,Hungria,Croácia
9,20,Portugal,Croácia
9,20,Suíça,Croácia
9,20,República Tcheca,Croácia
9,20,Dinamarca,Croácia
9,20,Inglaterra,Croácia
9,20,Itália,Croácia
9,20,Geórgia,Croácia
9,20,Alemanha,Croácia
9,20,Albânia,Croácia
9,20,Áustria,Croácia
9,20,Hungria,Escócia
9,20,Portugal,Escócia
9,20,Suíça,Escócia
9,20,República Tcheca,Escócia
9,20,Dinamarca,Escócia
9,20,Inglaterra,Escócia
9,20,Itália,Escócia
9,20,Geórgia,Escócia
9,20,Alemanha,Escócia
9,20,Albânia,Escócia
9,20,Áustria,Escócia
9,20,Portugal,Hungria
9,20,Suíça,Hungria
9,20,República Tcheca,Hungria
9,20,Dinamarca,Hungria
9,20,Inglaterra,Hungria
9,20,Itália,Hungria
9,20,Geórgia,Hungria
9,20,Alemanha,Hungria
9,20,Albânia,Hungria
9,20,Áustria,Hungria
9,20,Suíça,Portugal
9,20,República Tcheca,Portugal
9,20,Dinamarca,Portugal
9,20,Inglaterra,Portugal
9,20,Itália,Portugal
9,20,Geórgia,Portugal
9,20,Alemanha,Portugal
9,20,Albânia,Portugal
9,20,Áustria,Portugal
9,20,República Tcheca,Suíça
9,20,Dinamarca,Suíça
9,20,Inglaterra,Suíça
9,20,Itália,Suíça
9,20,Geórgia,Suíça
9,20,Alemanha,Suíça
9,20,Albânia,Suíça
9,20,Áustria,Suíça
9,20,Dinamarca,República Tcheca
9,20,Inglaterra,República Tcheca
9,20,Itália,República Tcheca
9,20,Geórgia,República Tcheca
9,20,Alemanha,República Tcheca
9,20,Albânia,República Tcheca
9,20,Áustria,República Tcheca
9,20,Inglaterra,Dinamarca
9,20,Itália,Dinamarca
9,20,Geórgia,Dinamarca
9,20,Alemanha,Dinamarca
9,20,Albânia,Dinamarca
9,20,Áustria,Dinamarca
9,20,Itália,Inglaterra
9,20,Geórgia,Inglaterra
9,20,Alemanha,Inglaterra
9,20,Albânia,Inglaterra
9,20,Áustria,Inglaterra
9,20,Geórgia,Itália
9,20,Alemanha,Itália
9,20,Albânia,Itália
9,20,Áustria,Itália
9,20,Alemanha,Geórgia
9,20,Albânia,Geórgia
9,20,Áustria,Geórgia
9,20,Albânia,Alemanha
9,20,Áustria,Alemanha
9,20,Áustria,Albânia
9,23,Eslovênia,Países Baixos
9,23,Bélgica,Países Baixos
9,23,Romênia,Países Baixos
9,23,Ucrânia,Países Baixos
9,23,Polônia,Países Baixos
9,23,Eslováquia,Países Baixos
9,23,Turquia,Países Baixos
9,23,Sérvia,Países Baixos
9,23,Espanha,Países Baixos
9,23,França,Países Baixos
9,23,Croácia,Países Baixos
9,23,Escócia,Países Baixos
9,23,Hungria,Países Baixos
9,23,Portugal,Países Baixos
9,23,Suíça,Países Baixos
9,23,República Tcheca,Países Baixos
9,23,Dinamarca,Países Baixos
9,23,Inglaterra,Países Baixos
9,23,Itália,Países Baixos
9,23,Geórgia,Países Baixos
9,23,Alemanha,Países Baixos
9,23,Albânia,Países Baixos
9,23,Áustria,Países Baixos
9,23,Bélgica,Eslovênia
9,23,Romênia,Eslovênia
9,23,Ucrânia,Eslovênia
9,23,Polônia,Eslovênia
9,23,Eslováquia,Eslovênia
9,23,Turquia,Eslovênia
9,23,Sérvia,Eslovênia
9,23,Espanha,Eslovênia
9,23,França,Eslovênia
9,23,Croácia,Eslovênia
9,23,Escócia,Eslovênia
9,23,Hungria,Eslovênia
9,23,Portugal,Eslovênia
9,23,Suíça,Eslovênia
9,23,República Tcheca,Eslovênia
9,23,Dinamarca,Eslovênia
9,23,Inglaterra,Eslovênia
9,23,Itália,Eslovênia
9,23,Geórgia,Eslovênia
9,23,Alemanha,Eslovênia
9,23,Albânia,Eslovênia
9,23,Áustria,Eslovênia
9,23,Romênia,Bélgica
9,23,Ucrânia,Bélgica
9,23,Polônia,Bélgica
9,23,Eslováquia,Bélgica
9,23,Turquia,Bélgica
9,23,Sérvia,Bélgica
9,23,Espanha,Bélgica
9,23,França,Bélgica
9,23,Croácia,Bélgica
9,23,Escócia,Bélgica
9,23,Hungria,Bélgica
9,23,Portugal,Bélgica
9,23,Suíça,Bélgica
9,23,República Tcheca,Bélgica
9,23,Dinamarca,Bélgica
9,23,Inglaterra,Bélgica
9,23,Itália,Bélgica
9,23,Geórgia,Bélgica
9,23,Alemanha,Bélgica
9,23,Albânia,Bélgica
9,23,Áustria,Bélgica
9,23,Ucrânia,Romênia
9,23,Polônia,Romênia
9,23,Eslováquia,Romênia
9,23,Turquia,Romênia
9,23,Sérvia,Romênia
9,23,Espanha,Romênia
9,23,França,Romênia
9,23,Croácia,Romênia
9,23,Escócia,Romênia
9,23,Hungria,Romênia
9,23,Portugal,Romênia
9,23,Suíça,Romênia
9,23,República Tcheca,Romênia
9,23,Dinamarca,Romênia
9,23,Inglaterra,Romênia
9,23,Itália,Romênia
9,23,Geórgia,Romênia
9,23,Alemanha,Romênia
9,23,Albânia,Romênia
9,23,Áustria,Romênia
9,23,Polônia,Ucrânia
9,23,Eslováquia,Ucrânia
9,23,Turquia,Ucrânia
9,23,Sérvia,Ucrânia
9,23,Espanha,Ucrânia
9,23,França,Ucrânia
9,23,Croácia,Ucrânia
9,23,Escócia,Ucrânia
9,23,Hungria,Ucrânia
9,23,Portugal,Ucrânia
9,23,Suíça,Ucrânia
9,23,República Tcheca,Ucrânia
9,23,Dinamarca,Ucrânia
9,23,Inglaterra,Ucrânia
9,23,Itália,Ucrânia
9,23,Geórgia,Ucrânia
9,23,Alemanha,Ucrânia
9,23,Albânia,Ucrânia
9,23,Áustria,Ucrânia
9,23,Eslováquia,Polônia
9,23,Turquia,Polônia
9,23,Sérvia,Polônia
9,23,Espanha,Polônia
9,23,França,Polônia
9,23,Croácia,Polônia
9,23,Escócia,Polônia
9,23,Hungria,Polônia
9,23,Portugal,Polônia
9,23,Suíça,Polônia
9,23,República Tcheca,Polônia
9,23,Dinamarca,Polônia
9,23,Inglaterra,Polônia
9,23,Itália,Polônia
9,23,Geórgia,Polônia
9,23,Alemanha,Polônia
9,23,Albânia,Polônia
9,23,Áustria,Polônia
9,23,Turquia,Eslováquia
9,23,Sérvia,Eslováquia
9,23,Espanha,Eslováquia
9,23,França,Eslováquia
9,23,Croácia,Eslováquia
9,23,Escócia,Eslováquia
9,23,Hungria,Eslováquia
9,23,Portugal,Eslováquia
9,23,Suíça,Eslováquia
9,23,República Tcheca,Eslováquia
9,23,Dinamarca,Eslováquia
9,23,Inglaterra,Eslováquia
9,23,Itália,Eslováquia
9,23,Geórgia,Eslováquia
9,23,Alemanha,Eslováquia
9,23,Albânia,Eslováquia
9,23,Áustria,Eslováquia
9,23,Sérvia,Turquia
9,23,Espanha,Turquia
9,23,França,Turquia
9,23,Croácia,Turquia
9,23,Escócia,Turquia
9,23,Hungria,Turquia
9,23,Portugal,Turquia
9,23,Suíça,Turquia
9,23,República Tcheca,Turquia
9,23,Dinamarca,Turquia
9,23,Inglaterra,Turquia
9,23,Itália,Turquia
9,23,Geórgia,Turquia
9,23,Alemanha,Turquia
9,23,Albânia,Turquia
9,23,Áustria,Turquia
9,23,Espanha,Sérvia
9,23,França,Sérvia
9,23,Croácia,Sérvia
9,23,Escócia,Sérvia
9,23,Hungria,Sérvia
9,23,Portugal,Sérvia
9,23,Suíça,Sérvia
9,23,República Tcheca,Sérvia
9,23,Dinamarca,Sérvia
9,23,Inglaterra,Sérvia
9,23,Itália,Sérvia
9,23,Geórgia,Sérvia
9,23,Alemanha,Sérvia
9,23,Albânia,Sérvia
9,23,Áustria,Sérvia
9,23,França,Espanha
9,23,Croácia,Espanha
9,23,Escócia,Espanha
9,23,Hungria,Espanha
9,23,Portugal,Espanha
9,23,Suíça,Espanha
9,23,República Tcheca,Espanha
9,23,Dinamarca,Espanha
9,23,Inglaterra,Espanha
9,23,Itália,Espanha
9,23,Geórgia,Espanha
9,23,Alemanha,Espanha
9,23,Albânia,Espanha
9,23,Áustria,Espanha
9,23,Croácia,França
9,23,Escócia,França
9,23,Hungria,França
9,23,Portugal,França
9,23,Suíça,França
9,23,República Tcheca,França
9,23,Dinamarca,França
9,23,Inglaterra,França
9,23,Itália,França
9,23,Geórgia,França
9,23,Alemanha,França
9,23,Albânia,França
9,23,Áustria,França
9,23,Escócia,Croácia
9,23,Hungria,Croácia
9,23,Portugal,Croácia
9,23,Suíça,Croácia
9,23,República Tcheca,Croácia
9,23,Dinamarca,Croácia
9,23,Inglaterra,Croácia
9,23,Itália,Croácia
9,23,Geórgia,Croácia
9,23,Alemanha,Croácia
9,23,Albânia,Croácia
9,23,Áustria,Croácia
9,23,Hungria,Escócia
9,23,Portugal,Escócia
9,23,Suíça,Escócia
9,23,República Tcheca,Escócia
9,23,Dinamarca,Escócia
9,23,Inglaterra,Escócia
9,23,Itália,Escócia
9,23,Geórgia,Escócia
9,23,Alemanha,Escócia
9,23,Albânia,Escócia
9,23,Áustria,Escócia
9,23,Portugal,Hungria
9,23,Suíça,Hungria
9,23,República Tcheca,Hungria
9,23,Dinamarca,Hungria
9,23,Inglaterra,Hungria
9,23,Itália,Hungria
9,23,Geórgia,Hungria
9,23,Alemanha,Hungria
9,23,Albânia,Hungria
9,23,Áustria,Hungria
9,23,Suíça,Portugal
9,23,República Tcheca,Portugal
9,23,Dinamarca,Portugal
9,23,Inglaterra,Portugal
9,23,Itália,Portugal
9,23,Geórgia,Portugal
9,23,Alemanha,Portugal
9,23,Albânia,Portugal
9,23,Áustria,Portugal
9,23,República Tcheca,Suíça
9,23,Dinamarca,Suíça
9,23,Inglaterra,Suíça
9,23,Itália,Suíça
9,23,Geórgia,Suíça
9,23,Alemanha,Suíça
9,23,Albânia,Suíça
9,23,Áustria,Suíça
9,23,Dinamarca,República Tcheca
9,23,Inglaterra,República Tcheca
9,23,Itália,República Tcheca
9,23,Geórgia,República Tcheca
9,23,Alemanha,República Tcheca
9,23,Albânia,República Tcheca
9,23,Áustria,República Tcheca
9,23,Inglaterra,Dinamarca
9,23,Itália,Dinamarca
9,23,Geórgia,Dinamarca
9,23,Alemanha,Dinamarca
9,23,Albânia,Dinamarca
9,23,Áustria,Dinamarca
9,23,Itália,Inglaterra
9,23,Geórgia,Inglaterra
9,23,Alemanha,Inglaterra
9,23,Albânia,Inglaterra
9,23,Áustria,Inglaterra
9,23,Geórgia,Itália
9,23,Alemanha,Itália
9,23,Albânia,Itália
9,23,Áustria,Itália
9,23,Alemanha,Geórgia
9,23,Albânia,Geórgia
9,23,Áustria,Geórgia
9,23,Albânia,Alemanha
9,23,Áustria,Alemanha
9,23,Áustria,Albânia
9,26,Eslovênia,Países Baixos
9,26,Bélgica,Países Baixos
9,26,Romênia,Países Baixos
9,26,Ucrânia,Países Baixos
9,26,Polônia,Países Baixos
9,26,Eslováquia,Países Baixos
9,26,Turquia,Países Baixos
9,26,Sérvia,Países Baixos
9,26,Espanha,Países Baixos
9,26,França,Países Baixos
9,26,Croácia,Países Baixos
9,26,Escócia,Países Baixos
9,26,Hungria,Países Baixos
9,26,Portugal,Países Baixos
9,26,Suíça,Países Baixos
9,26,República Tcheca,Países Baixos
9,26,Dinamarca,Países Baixos
9,26,Inglaterra,Países Baixos
9,26,Itália,Países Baixos
9,26,Geórgia,Países Baixos
9,26,Alemanha,Países Baixos
9,26,Albânia,Países Baixos
9,26,Áustria,Países Baixos
9,26,Bélgica,Eslovênia
9,26,Romênia,Eslovênia
9,26,Ucrânia,Eslovênia
9,26,Polônia,Eslovênia
9,26,Eslováquia,Eslovênia
9,26,Turquia,Eslovênia
9,26,Sérvia,Eslovênia
9,26,Espanha,Eslovênia
9,26,França,Eslovênia
9,26,Croácia,Eslovênia
9,26,Escócia,Eslovênia
9,26,Hungria,Eslovênia
9,26,Portugal,Eslovênia
9,26,Suíça,Eslovênia
9,26,República Tcheca,Eslovênia
9,26,Dinamarca,Eslovênia
9,26,Inglaterra,Eslovênia
9,26,Itália,Eslovênia
9,26,Geórgia,Eslovênia
9,26,Alemanha,Eslovênia
9,26,Albânia,Eslovênia
9,26,Áustria,Eslovênia
9,26,Romênia,Bélgica
9,26,Ucrânia,Bélgica
9,26,Polônia,Bélgica
9,26,Eslováquia,Bélgica
9,26,Turquia,Bélgica
9,26,Sérvia,Bélgica
9,26,Espanha,Bélgica
9,26,França,Bélgica
9,26,Croácia,Bélgica
9,26,Escócia,Bélgica
9,26,Hungria,Bélgica
9,26,Portugal,Bélgica
9,26,Suíça,Bélgica
9,26,República Tcheca,Bélgica
9,26,Dinamarca,Bélgica
9,26,Inglaterra,Bélgica
9,26,Itália,Bélgica
9,26,Geórgia,Bélgica
9,26,Alemanha,Bélgica
9,26,Albânia,Bélgica
9,26,Áustria,Bélgica
9,26,Ucrânia,Romênia
9,26,Polônia,Romênia
9,26,Eslováquia,Romênia
9,26,Turquia,Romênia
9,26,Sérvia,Romênia
9,26,Espanha,Romênia
9,26,França,Romênia
9,26,Croácia,Romênia
9,26,Escócia,Romênia
9,26,Hungria,Romênia
9,26,Portugal,Romênia
9,26,Suíça,Romênia
9,26,República Tcheca,Romênia
9,26,Dinamarca,Romênia
9,26,Inglaterra,Romênia
9,26,Itália,Romênia
9,26,Geórgia,Romênia
9,26,Alemanha,Romênia
9,26,Albânia,Romênia
9,26,Áustria,Romênia
9,26,Polônia,Ucrânia
9,26,Eslováquia,Ucrânia
9,26,Turquia,Ucrânia
9,26,Sérvia,Ucrânia
9,26,Espanha,Ucrânia
9,26,França,Ucrânia
9,26,Croácia,Ucrânia
9,26,Escócia,Ucrânia
9,26,Hungria,Ucrânia
9,26,Portugal,Ucrânia
9,26,Suíça,Ucrânia
9,26,República Tcheca,Ucrânia
9,26,Dinamarca,Ucrânia
9,26,Inglaterra,Ucrânia
9,26,Itália,Ucrânia
9,26,Geórgia,Ucrânia
9,26,Alemanha,Ucrânia
9,26,Albânia,Ucrânia
9,26,Áustria,Ucrânia
9,26,Eslováquia,Polônia
9,26,Turquia,Polônia
9,26,Sérvia,Polônia
9,26,Espanha,Polônia
9,26,França,Polônia
9,26,Croácia,Polônia
9,26,Escócia,Polônia
9,26,Hungria,Polônia
9,26,Portugal,Polônia
9,26,Suíça,Polônia
9,26,República Tcheca,Polônia
9,26,Dinamarca,Polônia
9,26,Inglaterra,Polônia
9,26,Itália,Polônia
9,26,Geórgia,Polônia
9,26,Alemanha,Polônia
9,26,Albânia,Polônia
9,26,Áustria,Polônia
9,26,Turquia,Eslováquia
9,26,Sérvia,Eslováquia
9,26,Espanha,Eslováquia
9,26,França,Eslováquia
9,26,Croácia,Eslováquia
9,26,Escócia,Eslováquia
9,26,Hungria,Eslováquia
9,26,Portugal,Eslováquia
9,26,Suíça,Eslováquia
9,26,República Tcheca,Eslováquia
9,26,Dinamarca,Eslováquia
9,26,Inglaterra,Eslováquia
9,26,Itália,Eslováquia
9,26,Geórgia,Eslováquia
9,26,Alemanha,Eslováquia
9,26,Albânia,Eslováquia
9,26,Áustria,Eslováquia
9,26,Sérvia,Turquia
9,26,Espanha,Turquia
9,26,França,Turquia
9,26,Croácia,Turquia
9,26,Escócia,Turquia
9,26,Hungria,Turquia
9,26,Portugal,Turquia
9,26,Suíça,Turquia
9,26,República Tcheca,Turquia
9,26,Dinamarca,Turquia
9,26,Inglaterra,Turquia
9,26,Itália,Turquia
9,26,Geórgia,Turquia
9,26,Alemanha,Turquia
9,26,Albânia,Turquia
9,26,Áustria,Turquia
9,26,Espanha,Sérvia
9,26,França,Sérvia
9,26,Croácia,Sérvia
9,26,Escócia,Sérvia
9,26,Hungria,Sérvia
9,26,Portugal,Sérvia
9,26,Suíça,Sérvia
9,26,República Tcheca,Sérvia
9,26,Dinamarca,Sérvia
9,26,Inglaterra,Sérvia
9,26,Itália,Sérvia
9,26,Geórgia,Sérvia
9,26,Alemanha,Sérvia
9,26,Albânia,Sérvia
9,26,Áustria,Sérvia
9,26,França,Espanha
9,26,Croácia,Espanha
9,26,Escócia,Espanha
9,26,Hungria,Espanha
9,26,Portugal,Espanha
9,26,Suíça,Espanha
9,26,República Tcheca,Espanha
9,26,Dinamarca,Espanha
9,26,Inglaterra,Espanha
9,26,Itália,Espanha
9,26,Geórgia,Espanha
9,26,Alemanha,Espanha
9,26,Albânia,Espanha
9,26,Áustria,Espanha
9,26,Croácia,França
9,26,Escócia,França
9,26,Hungria,França
9,26,Portugal,França
9,26,Suíça,França
9,26,República Tcheca,França
9,26,Dinamarca,França
9,26,Inglaterra,França
9,26,Itália,França
9,26,Geórgia,França
9,26,Alemanha,França
9,26,Albânia,França
9,26,Áustria,França
9,26,Escócia,Croácia
9,26,Hungria,Croácia
9,26,Portugal,Croácia
9,26,Suíça,Croácia
9,26,República Tcheca,Croácia
9,26,Dinamarca,Croácia
9,26,Inglaterra,Croácia
9,26,Itália,Croácia
9,26,Geórgia,Croácia
9,26,Alemanha,Croácia
9,26,Albânia,Croácia
9,26,Áustria,Croácia
9,26,Hungria,Escócia
9,26,Portugal,Escócia
9,26,Suíça,Escócia
9,26,República Tcheca,Escócia
9,26,Dinamarca,Escócia
9,26,Inglaterra,Escócia
9,26,Itália,Escócia
9,26,Geórgia,Escócia
9,26,Alemanha,Escócia
9,26,Albânia,Escócia
9,26,Áustria,Escócia
9,26,Portugal,Hungria
9,26,Suíça,Hungria
9,26,República Tcheca,Hungria
9,26,Dinamarca,Hungria
9,26,Inglaterra,Hungria
9,26,Itália,Hungria
9,26,Geórgia,Hungria
9,26,Alemanha,Hungria
9,26,Albânia,Hungria
9,26,Áustria,Hungria
9,26,Suíça,Portugal
9,26,República Tcheca,Portugal
9,26,Dinamarca,Portugal
9,26,Inglaterra,Portugal
9,26,Itália,Portugal
9,26,Geórgia,Portugal
9,26,Alemanha,Portugal
9,26,Albânia,Portugal
9,26,Áustria,Portugal
9,26,República Tcheca,Suíça
9,26,Dinamarca,Suíça
9,26,Inglaterra,Suíça
9,26,Itália,Suíça
9,26,Geórgia,Suíça
9,26,Alemanha,Suíça
9,26,Albânia,Suíça
9,26,Áustria,Suíça
9,26,Dinamarca,República Tcheca
9,26,Inglaterra,República Tcheca
9,26,Itália,República Tcheca
9,26,Geórgia,República Tcheca
9,26,Alemanha,República Tcheca
9,26,Albânia,República Tcheca
9,26,Áustria,República Tcheca
9,26,Inglaterra,Dinamarca
9,26,Itália,Dinamarca
9,26,Geórgia,Dinamarca
9,26,Alemanha,Dinamarca
9,26,Albânia,Dinamarca
9,26,Áustria,Dinamarca
9,26,Itália,Inglaterra
9,26,Geórgia,Inglaterra
9,26,Alemanha,Inglaterra
9,26,Albânia,Inglaterra
9,26,Áustria,Inglaterra
9,26,Geórgia,Itália
9,26,Alemanha,Itália
9,26,Albânia,Itália
9,26,Áustria,Itália
9,26,Alemanha,Geórgia
9,26,Albânia,Geórgia
9,26,Áustria,Geórgia
9,26,Albânia,Alemanha
9,26,Áustria,Alemanha
9,26,Áustria,Albânia
9,29,Eslovênia,Países Baixos
9,29,Bélgica,Países Baixos
9,29,Romênia,Países Baixos
9,29,Ucrânia,Países Baixos
9,29,Polônia,Países Baixos
9,29,Eslováquia,Países Baixos
9,29,Turquia,Países Baixos
9,29,Sérvia,Países Baixos
9,29,Espanha,Países Baixos
9,29,França,Países Baixos
9,29,Croácia,Países Baixos
9,29,Escócia,Países Baixos
9,29,Hungria,Países Baixos
9,29,Portugal,Países Baixos
9,29,Suíça,Países Baixos
9,29,República Tcheca,Países Baixos
9,29,Dinamarca,Países Baixos
9,29,Inglaterra,Países Baixos
9,29,Itália,Países Baixos
9,29,Geórgia,Países Baixos
9,29,Alemanha,Países Baixos
9,29,Albânia,Países Baixos
9,29,Áustria,Países Baixos
9,29,Bélgica,Eslovênia
9,29,Romênia,Eslovênia
9,29,Ucrânia,Eslovênia
9,29,Polônia,Eslovênia
9,29,Eslováquia,Eslovênia
9,29,Turquia,Eslovênia
9,29,Sérvia,Eslovênia
9,29,Espanha,Eslovênia
9,29,França,Eslovênia
9,29,Croácia,Eslovênia
9,29,Escócia,Eslovênia
9,29,Hungria,Eslovênia
9,29,Portugal,Eslovênia
9,29,Suíça,Eslovênia
9,29,República Tcheca,Eslovênia
9,29,Dinamarca,Eslovênia
9,29,Inglaterra,Eslovênia
9,29,Itália,Eslovênia
9,29,Geórgia,Eslovênia
9,29,Alemanha,Eslovênia
9,29,Albânia,Eslovênia
9,29,Áustria,Eslovênia
9,29,Romênia,Bélgica
9,29,Ucrânia,Bélgica
9,29,Polônia,Bélgica
9,29,Eslováquia,Bélgica
9,29,Turquia,Bélgica
9,29,Sérvia,Bélgica
9,29,Espanha,Bélgica
9,29,França,Bélgica
9,29,Croácia,Bélgica
9,29,Escócia,Bélgica
9,29,Hungria,Bélgica
9,29,Portugal,Bélgica
9,29,Suíça,Bélgica
9,29,República Tcheca,Bélgica
9,29,Dinamarca,Bélgica
9,29,Inglaterra,Bélgica
9,29,Itália,Bélgica
9,29,Geórgia,Bélgica
9,29,Alemanha,Bélgica
9,29,Albânia,Bélgica
9,29,Áustria,Bélgica
9,29,Ucrânia,Romênia
9,29,Polônia,Romênia
9,29,Eslováquia,Romênia
9,29,Turquia,Romênia
9,29,Sérvia,Romênia
9,29,Espanha,Romênia
9,29,França,Romênia
9,29,Croácia,Romênia
9,29,Escócia,Romênia
9,29,Hungria,Romênia
9,29,Portugal,Romênia
9,29,Suíça,Romênia
9,29,República Tcheca,Romênia
9,29,Dinamarca,Romênia
9,29,Inglaterra,Romênia
9,29,Itália,Romênia
9,29,Geórgia,Romênia
9,29,Alemanha,Romênia
9,29,Albânia,Romênia
9,29,Áustria,Romênia
9,29,Polônia,Ucrânia
9,29,Eslováquia,Ucrânia
9,29,Turquia,Ucrânia
9,29,Sérvia,Ucrânia
9,29,Espanha,Ucrânia
9,29,França,Ucrânia
9,29,Croácia,Ucrânia
9,29,Escócia,Ucrânia
9,29,Hungria,Ucrânia
9,29,Portugal,Ucrânia
9,29,Suíça,Ucrânia
9,29,República Tcheca,Ucrânia
9,29,Dinamarca,Ucrânia
9,29,Inglaterra,Ucrânia
9,29,Itália,Ucrânia
9,29,Geórgia,Ucrânia
9,29,Alemanha,Ucrânia
9,29,Albânia,Ucrânia
9,29,Áustria,Ucrânia
9,29,Eslováquia,Polônia
9,29,Turquia,Polônia
9,29,Sérvia,Polônia
9,29,Espanha,Polônia
9,29,França,Polônia
9,29,Croácia,Polônia
9,29,Escócia,Polônia
9,29,Hungria,Polônia
9,29,Portugal,Polônia
9,29,Suíça,Polônia
9,29,República Tcheca,Polônia
9,29,Dinamarca,Polônia
9,29,Inglaterra,Polônia
9,29,Itália,Polônia
9,29,Geórgia,Polônia
9,29,Alemanha,Polônia
9,29,Albânia,Polônia
9,29,Áustria,Polônia
9,29,Turquia,Eslováquia
9,29,Sérvia,Eslováquia
9,29,Espanha,Eslováquia
9,29,França,Eslováquia
9,29,Croácia,Eslováquia
9,29,Escócia,Eslováquia
9,29,Hungria,Eslováquia
9,29,Portugal,Eslováquia
9,29,Suíça,Eslováquia
9,29,República Tcheca,Eslováquia
9,29,Dinamarca,Eslováquia
9,29,Inglaterra,Eslováquia
9,29,Itália,Eslováquia
9,29,Geórgia,Eslováquia
9,29,Alemanha,Eslováquia
9,29,Albânia,Eslováquia
9,29,Áustria,Eslováquia
9,29,Sérvia,Turquia
9,29,Espanha,Turquia
9,29,França,Turquia
9,29,Croácia,Turquia
9,29,Escócia,Turquia
9,29,Hungria,Turquia
9,29,Portugal,Turquia
9,29,Suíça,Turquia
9,29,República Tcheca,Turquia
9,29,Dinamarca,Turquia
9,29,Inglaterra,Turquia
9,29,Itália,Turquia
9,29,Geórgia,Turquia
9,29,Alemanha,Turquia
9,29,Albânia,Turquia
9,29,Áustria,Turquia
9,29,Espanha,Sérvia
9,29,França,Sérvia
9,29,Croácia,Sérvia
9,29,Escócia,Sérvia
9,29,Hungria,Sérvia
9,29,Portugal,Sérvia
9,29,Suíça,Sérvia
9,29,República Tcheca,Sérvia
9,29,Dinamarca,Sérvia
9,29,Inglaterra,Sérvia
9,29,Itália,Sérvia
9,29,Geórgia,Sérvia
9,29,Alemanha,Sérvia
9,29,Albânia,Sérvia
9,29,Áustria,Sérvia
9,29,França,Espanha
9,29,Croácia,Espanha
9,29,Escócia,Espanha
9,29,Hungria,Espanha
9,29,Portugal,Espanha
9,29,Suíça,Espanha
9,29,República Tcheca,Espanha
9,29,Dinamarca,Espanha
9,29,Inglaterra,Espanha
9,29,Itália,Espanha
9,29,Geórgia,Espanha
9,29,Alemanha,Espanha
9,29,Albânia,Espanha
9,29,Áustria,Espanha
9,29,Croácia,França
9,29,Escócia,França
9,29,Hungria,França
9,29,Portugal,França
9,29,Suíça,França
9,29,República Tcheca,França
9,29,Dinamarca,França
9,29,Inglaterra,França
9,29,Itália,França
9,29,Geórgia,França
9,29,Alemanha,França
9,29,Albânia,França
9,29,Áustria,França
9,29,Escócia,Croácia
9,29,Hungria,Croácia
9,29,Portugal,Croácia
9,29,Suíça,Croácia
9,29,República Tcheca,Croácia
9,29,Dinamarca,Croácia
9,29,Inglaterra,Croácia
9,29,Itália,Croácia
9,29,Geórgia,Croácia
9,29,Alemanha,Croácia
9,29,Albânia,Croácia
9,29,Áustria,Croácia
9,29,Hungria,Escócia
9,29,Portugal,Escócia
9,29,Suíça,Escócia
9,29,República Tcheca,Escócia
9,29,Dinamarca,Escócia
9,29,Inglaterra,Escócia
9,29,Itália,Escócia
9,29,Geórgia,Escócia
9,29,Alemanha,Escócia
9,29,Albânia,Escócia
9,29,Áustria,Escócia
9,29,Portugal,Hungria
9,29,Suíça,Hungria
9,29,República Tcheca,Hungria
9,29,Dinamarca,Hungria
9,29,Inglaterra,Hungria
9,29,Itália,Hungria
9,29,Geórgia,Hungria
9,29,Alemanha,Hungria
9,29,Albânia,Hungria
9,29,Áustria,Hungria
9,29,Suíça,Portugal
9,29,República Tcheca,Portugal
9,29,Dinamarca,Portugal
9,29,Inglaterra,Portugal
9,29,Itália,Portugal
9,29,Geórgia,Portugal
9,29,Alemanha,Portugal
9,29,Albânia,Portugal
9,29,Áustria,Portugal
9,29,República Tcheca,Suíça
9,29,Dinamarca,Suíça
9,29,Inglaterra,Suíça
9,29,Itália,Suíça
9,29,Geórgia,Suíça
9,29,Alemanha,Suíça
9,29,Albânia,Suíça
9,29,Áustria,Suíça
9,29,Dinamarca,República Tcheca
9,29,Inglaterra,República Tcheca
9,29,Itália,República Tcheca
9,29,Geórgia,República Tcheca
9,29,Alemanha,República Tcheca
9,29,Albânia,República Tcheca
9,29,Áustria,República Tcheca
9,29,Inglaterra,Dinamarca
9,29,Itália,Dinamarca
9,29,Geórgia,Dinamarca
9,29,Alemanha,Dinamarca
9,29,Albânia,Dinamarca
9,29,Áustria,Dinamarca
9,29,Itália,Inglaterra
9,29,Geórgia,Inglaterra
9,29,Alemanha,Inglaterra
9,29,Albânia,Inglaterra
9,29,Áustria,Inglaterra
9,29,Geórgia,Itália
9,29,Alemanha,Itália
9,29,Albânia,Itália
9,29,Áustria,Itália
9,29,Alemanha,Geórgia
9,29,Albânia,Geórgia
9,29,Áustria,Geórgia
9,29,Albânia,Alemanha
9,29,Áustria,Alemanha
9,29,Áustria,Albânia
9,32,Eslovênia,Países Baixos
9,32,Bélgica,Países Baixos
9,32,Romênia,Países Baixos
9,32,Ucrânia,Países Baixos
9,32,Polônia,Países Baixos
9,32,Eslováquia,Países Baixos
9,32,Turquia,Países Baixos
9,32,Sérvia,Países Baixos
9,32,Espanha,Países Baixos
9,32,França,Países Baixos
9,32,Croácia,Países Baixos
9,32,Escócia,Países Baixos
9,32,Hungria,Países Baixos
9,32,Portugal,Países Baixos
9,32,Suíça,Países Baixos
9,32,República Tcheca,Países Baixos
9,32,Dinamarca,Países Baixos
9,32,Inglaterra,Países Baixos
9,32,Itália,Países Baixos
9,32,Geórgia,Países Baixos
9,32,Alemanha,Países Baixos
9,32,Albânia,Países Baixos
9,32,Áustria,Países Baixos
9,32,Bélgica,Eslovênia
9,32,Romênia,Eslovênia
9,32,Ucrânia,Eslovênia
9,32,Polônia,Eslovênia
9,32,Eslováquia,Eslovênia
9,32,Turquia,Eslovênia
9,32,Sérvia,Eslovênia
9,32,Espanha,Eslovênia
9,32,França,Eslovênia
9,32,Croácia,Eslovênia
9,32,Escócia,Eslovênia
9,32,Hungria,Eslovênia
9,32,Portugal,Eslovênia
9,32,Suíça,Eslovênia
9,32,República Tcheca,Eslovênia
9,32,Dinamarca,Eslovênia
9,32,Inglaterra,Eslovênia
9,32,Itália,Eslovênia
9,32,Geórgia,Eslovênia
9,32,Alemanha,Eslovênia
9,32,Albânia,Eslovênia
9,32,Áustria,Eslovênia
9,32,Romênia,Bélgica
9,32,Ucrânia,Bélgica
9,32,Polônia,Bélgica
9,32,Eslováquia,Bélgica
9,32,Turquia,Bélgica
9,32,Sérvia,Bélgica
9,32,Espanha,Bélgica
9,32,França,Bélgica
9,32,Croácia,Bélgica
9,32,Escócia,Bélgica
9,32,Hungria,Bélgica
9,32,Portugal,Bélgica
9,32,Suíça,Bélgica
9,32,República Tcheca,Bélgica
9,32,Dinamarca,Bélgica
9,32,Inglaterra,Bélgica
9,32,Itália,Bélgica
9,32,Geórgia,Bélgica
9,32,Alemanha,Bélgica
9,32,Albânia,Bélgica
9,32,Áustria,Bélgica
9,32,Ucrânia,Romênia
9,32,Polônia,Romênia
9,32,Eslováquia,Romênia
9,32,Turquia,Romênia
9,32,Sérvia,Romênia
9,32,Espanha,Romênia
9,32,França,Romênia
9,32,Croácia,Romênia
9,32,Escócia,Romênia
9,32,Hungria,Romênia
9,32,Portugal,Romênia
9,32,Suíça,Romênia
9,32,República Tcheca,Romênia
9,32,Dinamarca,Romênia
9,32,Inglaterra,Romênia
9,32,Itália,Romênia
9,32,Geórgia,Romênia
9,32,Alemanha,Romênia
9,32,Albânia,Romênia
9,32,Áustria,Romênia
9,32,Polônia,Ucrânia
9,32,Eslováquia,Ucrânia
9,32,Turquia,Ucrânia
9,32,Sérvia,Ucrânia
9,32,Espanha,Ucrânia
9,32,França,Ucrânia
9,32,Croácia,Ucrânia
9,32,Escócia,Ucrânia
9,32,Hungria,Ucrânia
9,32,Portugal,Ucrânia
9,32,Suíça,Ucrânia
9,32,República Tcheca,Ucrânia
9,32,Dinamarca,Ucrânia
9,32,Inglaterra,Ucrânia
9,32,Itália,Ucrânia
9,32,Geórgia,Ucrânia
9,32,Alemanha,Ucrânia
9,32,Albânia,Ucrânia
9,32,Áustria,Ucrânia
9,32,Eslováquia,Polônia
9,32,Turquia,Polônia
9,32,Sérvia,Polônia
9,32,Espanha,Polônia
9,32,França,Polônia
9,32,Croácia,Polônia
9,32,Escócia,Polônia
9,32,Hungria,Polônia
9,32,Portugal,Polônia
9,32,Suíça,Polônia
9,32,República Tcheca,Polônia
9,32,Dinamarca,Polônia
9,32,Inglaterra,Polônia
9,32,Itália,Polônia
9,32,Geórgia,Polônia
9,32,Alemanha,Polônia
9,32,Albânia,Polônia
9,32,Áustria,Polônia
9,32,Turquia,Eslováquia
9,32,Sérvia,Eslováquia
9,32,Espanha,Eslováquia
9,32,França,Eslováquia
9,32,Croácia,Eslováquia
9,32,Escócia,Eslováquia
9,32,Hungria,Eslováquia
9,32,Portugal,Eslováquia
9,32,Suíça,Eslováquia
9,32,República Tcheca,Eslováquia
9,32,Dinamarca,Eslováquia
9,32,Inglaterra,Eslováquia
9,32,Itália,Eslováquia
9,32,Geórgia,Eslováquia
9,32,Alemanha,Eslováquia
9,32,Albânia,Eslováquia
9,32,Áustria,Eslováquia
9,32,Sérvia,Turquia
9,32,Espanha,Turquia
9,32,França,Turquia
9,32,Croácia,Turquia
9,32,Escócia,Turquia
9,32,Hungria,Turquia
9,32,Portugal,Turquia
9,32,Suíça,Turquia
9,32,República Tcheca,Turquia
9,32,Dinamarca,Turquia
9,32,Inglaterra,Turquia
9,32,Itália,Turquia
9,32,Geórgia,Turquia
9,32,Alemanha,Turquia
9,32,Albânia,Turquia
9,32,Áustria,Turquia
9,32,Espanha,Sérvia
9,32,França,Sérvia
9,32,Croácia,Sérvia
9,32,Escócia,Sérvia
9,32,Hungria,Sérvia
9,32,Portugal,Sérvia
9,32,Suíça,Sérvia
9,32,República Tcheca,Sérvia
9,32,Dinamarca,Sérvia
9,32,Inglaterra,Sérvia
9,32,Itália,Sérvia
9,32,Geórgia,Sérvia
9,32,Alemanha,Sérvia
9,32,Albânia,Sérvia
9,32,Áustria,Sérvia
9,32,França,Espanha
9,32,Croácia,Espanha
9,32,Escócia,Espanha
9,32,Hungria,Espanha
9,32,Portugal,Espanha
9,32,Suíça,Espanha
9,32,República Tcheca,Espanha
9,32,Dinamarca,Espanha
9,32,Inglaterra,Espanha
9,32,Itália,Espanha
9,32,Geórgia,Espanha
9,32,Alemanha,Espanha
9,32,Albânia,Espanha
9,32,Áustria,Espanha
9,32,Croácia,França
9,32,Escócia,França
9,32,Hungria,França
9,32,Portugal,França
9,32,Suíça,França
9,32,República Tcheca,França
9,32,Dinamarca,França
9,32,Inglaterra,França
9,32,Itália,França
9,32,Geórgia,França
9,32,Alemanha,França
9,32,Albânia,França
9,32,Áustria,França
9,32,Escócia,Croácia
9,32,Hungria,Croácia
9,32,Portugal,Croácia
9,32,Suíça,Croácia
9,32,República Tcheca,Croácia
9,32,Dinamarca,Croácia
9,32,Inglaterra,Croácia
9,32,Itália,Croácia
9,32,Geórgia,Croácia
9,32,Alemanha,Croácia
9,32,Albânia,Croácia
9,32,Áustria,Croácia
9,32,Hungria,Escócia
9,32,Portugal,Escócia
9,32,Suíça,Escócia
9,32,República Tcheca,Escócia
9,32,Dinamarca,Escócia
9,32,Inglaterra,Escócia
9,32,Itália,Escócia
9,32,Geórgia,Escócia
9,32,Alemanha,Escócia
9,32,Albânia,Escócia
9,32,Áustria,Escócia
9,32,Portugal,Hungria
9,32,Suíça,Hungria
9,32,República Tcheca,Hungria
9,32,Dinamarca,Hungria
9,32,Inglaterra,Hungria
9,32,Itália,Hungria
9,32,Geórgia,Hungria
9,32,Alemanha,Hungria
9,32,Albânia,Hungria
9,32,Áustria,Hungria
9,32,Suíça,Portugal
9,32,República Tcheca,Portugal
9,32,Dinamarca,Portugal
9,32,Inglaterra,Portugal
9,32,Itália,Portugal
9,32,Geórgia,Portugal
9,32,Alemanha,Portugal
9,32,Albânia,Portugal
9,32,Áustria,Portugal
9,32,República Tcheca,Suíça
9,32,Dinamarca,Suíça
9,32,Inglaterra,Suíça
9,32,Itália,Suíça
9,32,Geórgia,Suíça
9,32,Alemanha,Suíça
9,32,Albânia,Suíça
9,32,Áustria,Suíça
9,32,Dinamarca,República Tcheca
9,32,Inglaterra,República Tcheca
9,32,Itália,República Tcheca
9,32,Geórgia,República Tcheca
9,32,Alemanha,República Tcheca
9,32,Albânia,República Tcheca
9,32,Áustria,República Tcheca
9,32,Inglaterra,Dinamarca
9,32,Itália,Dinamarca
9,32,Geórgia,Dinamarca
9,32,Alemanha,Dinamarca
9,32,Albânia,Dinamarca
9,32,Áustria,Dinamarca
9,32,Itália,Inglaterra
9,32,Geórgia,Inglaterra
9,32,Alemanha,Inglaterra
9,32,Albânia,Inglaterra
9,32,Áustria,Inglaterra
9,32,Geórgia,Itália
9,32,Alemanha,Itália
9,32,Albânia,Itália
9,32,Áustria,Itália
9,32,Alemanha,Geórgia
9,32,Albânia,Geórgia
9,32,Áustria,Geórgia
9,32,Albânia,Alemanha
9,32,Áustria,Alemanha
9,32,Áustria,Albânia
9,35,Eslovênia,Países Baixos
9,35,Bélgica,Países Baixos
9,35,Romênia,Países Baixos
9,35,Ucrânia,Países Baixos
9,35,Polônia,Países Baixos
9,35,Eslováquia,Países Baixos
9,35,Turquia,Países Baixos
9,35,Sérvia,Países Baixos
9,35,Espanha,Países Baixos
9,35,França,Países Baixos
9,35,Croácia,Países Baixos
9,35,Escócia,Países Baixos
9,35,Hungria,Países Baixos
9,35,Portugal,Países Baixos
9,35,Suíça,Países Baixos
9,35,República Tcheca,Países Baixos
9,35,Dinamarca,Países Baixos
9,35,Inglaterra,Países Baixos
9,35,Itália,Países Baixos
9,35,Geórgia,Países Baixos
9,35,Alemanha,Países Baixos
9,35,Albânia,Países Baixos
9,35,Áustria,Países Baixos
9,35,Bélgica,Eslovênia
9,35,Romênia,Eslovênia
9,35,Ucrânia,Eslovênia
9,35,Polônia,Eslovênia
9,35,Eslováquia,Eslovênia
9,35,Turquia,Eslovênia
9,35,Sérvia,Eslovênia
9,35,Espanha,Eslovênia
9,35,França,Eslovênia
9,35,Croácia,Eslovênia
9,35,Escócia,Eslovênia
9,35,Hungria,Eslovênia
9,35,Portugal,Eslovênia
9,35,Suíça,Eslovênia
9,35,República Tcheca,Eslovênia
9,35,Dinamarca,Eslovênia
9,35,Inglaterra,Eslovênia
9,35,Itália,Eslovênia
9,35,Geórgia,Eslovênia
9,35,Alemanha,Eslovênia
9,35,Albânia,Eslovênia
9,35,Áustria,Eslovênia
9,35,Romênia,Bélgica
9,35,Ucrânia,Bélgica
9,35,Polônia,Bélgica
9,35,Eslováquia,Bélgica
9,35,Turquia,Bélgica
9,35,Sérvia,Bélgica
9,35,Espanha,Bélgica
9,35,França,Bélgica
9,35,Croácia,Bélgica
9,35,Escócia,Bélgica
9,35,Hungria,Bélgica
9,35,Portugal,Bélgica
9,35,Suíça,Bélgica
9,35,República Tcheca,Bélgica
9,35,Dinamarca,Bélgica
9,35,Inglaterra,Bélgica
9,35,Itália,Bélgica
9,35,Geórgia,Bélgica
9,35,Alemanha,Bélgica
9,35,Albânia,Bélgica
9,35,Áustria,Bélgica
9,35,Ucrânia,Romênia
9,35,Polônia,Romênia
9,35,Eslováquia,Romênia
9,35,Turquia,Romênia
9,35,Sérvia,Romênia
9,35,Espanha,Romênia
9,35,França,Romênia
9,35,Croácia,Romênia
9,35,Escócia,Romênia
9,35,Hungria,Romênia
9,35,Portugal,Romênia
9,35,Suíça,Romênia
9,35,República Tcheca,Romênia
9,35,Dinamarca,Romênia
9,35,Inglaterra,Romênia
9,35,Itália,Romênia
9,35,Geórgia,Romênia
9,35,Alemanha,Romênia
9,35,Albânia,Romênia
9,35,Áustria,Romênia
9,35,Polônia,Ucrânia
9,35,Eslováquia,Ucrânia
9,35,Turquia,Ucrânia
9,35,Sérvia,Ucrânia
9,35,Espanha,Ucrânia
9,35,França,Ucrânia
9,35,Croácia,Ucrânia
9,35,Escócia,Ucrânia
9,35,Hungria,Ucrânia
9,35,Portugal,Ucrânia
9,35,Suíça,Ucrânia
9,35,República Tcheca,Ucrânia
9,35,Dinamarca,Ucrânia
9,35,Inglaterra,Ucrânia
9,35,Itália,Ucrânia
9,35,Geórgia,Ucrânia
9,35,Alemanha,Ucrânia
9,35,Albânia,Ucrânia
9,35,Áustria,Ucrânia
9,35,Eslováquia,Polônia
9,35,Turquia,Polônia
9,35,Sérvia,Polônia
9,35,Espanha,Polônia
9,35,França,Polônia
9,35,Croácia,Polônia
9,35,Escócia,Polônia
9,35,Hungria,Polônia
9,35,Portugal,Polônia
9,35,Suíça,Polônia
9,35,República Tcheca,Polônia
9,35,Dinamarca,Polônia
9,35,Inglaterra,Polônia
9,35,Itália,Polônia
9,35,Geórgia,Polônia
9,35,Alemanha,Polônia
9,35,Albânia,Polônia
9,35,Áustria,Polônia
9,35,Turquia,Eslováquia
9,35,Sérvia,Eslováquia
9,35,Espanha,Eslováquia
9,35,França,Eslováquia
9,35,Croácia,Eslováquia
9,35,Escócia,Eslováquia
9,35,Hungria,Eslováquia
9,35,Portugal,Eslováquia
9,35,Suíça,Eslováquia
9,35,República Tcheca,Eslováquia
9,35,Dinamarca,Eslováquia
9,35,Inglaterra,Eslováquia
9,35,Itália,Eslováquia
9,35,Geórgia,Eslováquia
9,35,Alemanha,Eslováquia
9,35,Albânia,Eslováquia
9,35,Áustria,Eslováquia
9,35,Sérvia,Turquia
9,35,Espanha,Turquia
9,35,França,Turquia
9,35,Croácia,Turquia
9,35,Escócia,Turquia
9,35,Hungria,Turquia
9,35,Portugal,Turquia
9,35,Suíça,Turquia
9,35,República Tcheca,Turquia
9,35,Dinamarca,Turquia
9,35,Inglaterra,Turquia
9,35,Itália,Turquia
9,35,Geórgia,Turquia
9,35,Alemanha,Turquia
9,35,Albânia,Turquia
9,35,Áustria,Turquia
9,35,Espanha,Sérvia
9,35,França,Sérvia
9,35,Croácia,Sérvia
9,35,Escócia,Sérvia
9,35,Hungria,Sérvia
9,35,Portugal,Sérvia
9,35,Suíça,Sérvia
9,35,República Tcheca,Sérvia
9,35,Dinamarca,Sérvia
9,35,Inglaterra,Sérvia
9,35,Itália,Sérvia
9,35,Geórgia,Sérvia
9,35,Alemanha,Sérvia
9,35,Albânia,Sérvia
9,35,Áustria,Sérvia
9,35,França,Espanha
9,35,Croácia,Espanha
9,35,Escócia,Espanha
9,35,Hungria,Espanha
9,35,Portugal,Espanha
9,35,Suíça,Espanha
9,35,República Tcheca,Espanha
9,35,Dinamarca,Espanha
9,35,Inglaterra,Espanha
9,35,Itália,Espanha
9,35,Geórgia,Espanha
9,35,Alemanha,Espanha
9,35,Albânia,Espanha
9,35,Áustria,Espanha
9,35,Croácia,França
9,35,Escócia,França
9,35,Hungria,França
9,35,Portugal,França
9,35,Suíça,França
9,35,República Tcheca,França
9,35,Dinamarca,França
9,35,Inglaterra,França
9,35,Itália,França
9,35,Geórgia,França
9,35,Alemanha,França
9,35,Albânia,França
9,35,Áustria,França
9,35,Escócia,Croácia
9,35,Hungria,Croácia
9,35,Portugal,Croácia
9,35,Suíça,Croácia
9,35,República Tcheca,Croácia
9,35,Dinamarca,Croácia
9,35,Inglaterra,Croácia
9,35,Itália,Croácia
9,35,Geórgia,Croácia
9,35,Alemanha,Croácia
9,35,Albânia,Croácia
9,35,Áustria,Croácia
9,35,Hungria,Escócia
9,35,Portugal,Escócia
9,35,Suíça,Escócia
9,35,República Tcheca,Escócia
9,35,Dinamarca,Escócia
9,35,Inglaterra,Escócia
9,35,Itália,Escócia
9,35,Geórgia,Escócia
9,35,Alemanha,Escócia
9,35,Albânia,Escócia
9,35,Áustria,Escócia
9,35,Portugal,Hungria
9,35,Suíça,Hungria
9,35,República Tcheca,Hungria
9,35,Dinamarca,Hungria
9,35,Inglaterra,Hungria
9,35,Itália,Hungria
9,35,Geórgia,Hungria
9,35,Alemanha,Hungria
9,35,Albânia,Hungria
9,35,Áustria,Hungria
9,35,Suíça,Portugal
9,35,República Tcheca,Portugal
9,35,Dinamarca,Portugal
9,35,Inglaterra,Portugal
9,35,Itália,Portugal
9,35,Geórgia,Portugal
9,35,Alemanha,Portugal
9,35,Albânia,Portugal
9,35,Áustria,Portugal
9,35,República Tcheca,Suíça
9,35,Dinamarca,Suíça
9,35,Inglaterra,Suíça
9,35,Itália,Suíça
9,35,Geórgia,Suíça
9,35,Alemanha,Suíça
9,35,Albânia,Suíça
9,35,Áustria,Suíça
9,35,Dinamarca,República Tcheca
9,35,Inglaterra,República Tcheca
9,35,Itália,República Tcheca
9,35,Geórgia,República Tcheca
9,35,Alemanha,República Tcheca
9,35,Albânia,República Tcheca
9,35,Áustria,República Tcheca
9,35,Inglaterra,Dinamarca
9,35,Itália,Dinamarca
9,35,Geórgia,Dinamarca
9,35,Alemanha,Dinamarca
9,35,Albânia,Dinamarca
9,35,Áustria,Dinamarca
9,35,Itália,Inglaterra
9,35,Geórgia,Inglaterra
9,35,Alemanha,Inglaterra
9,35,Albânia,Inglaterra
9,35,Áustria,Inglaterra
9,35,Geórgia,Itália
9,35,Alemanha,Itália
9,35,Albânia,Itália
9,35,Áustria,Itália
9,35,Alemanha,Geórgia
9,35,Albânia,Geórgia
9,35,Áustria,Geórgia
9,35,Albânia,Alemanha
9,35,Áustria,Alemanha
9,35,Áustria,Albânia
9,38,Eslovênia,Países Baixos
9,38,Bélgica,Países Baixos
9,38,Romênia,Países Baixos
9,38,Ucrânia,Países Baixos
9,38,Polônia,Países Baixos
9,38,Eslováquia,Países Baixos
9,38,Turquia,Países Baixos
9,38,Sérvia,Países Baixos
9,38,Espanha,Países Baixos
9,38,França,Países Baixos
9,38,Croácia,Países Baixos
9,38,Escócia,Países Baixos
9,38,Hungria,Países Baixos
9,38,Portugal,Países Baixos
9,38,Suíça,Países Baixos
9,38,República Tcheca,Países Baixos
9,38,Dinamarca,Países Baixos
9,38,Inglaterra,Países Baixos
9,38,Itália,Países Baixos
9,38,Geórgia,Países Baixos
9,38,Alemanha,Países Baixos
9,38,Albânia,Países Baixos
9,38,Áustria,Países Baixos
9,38,Bélgica,Eslovênia
9,38,Romênia,Eslovênia
9,38,Ucrânia,Eslovênia
9,38,Polônia,Eslovênia
9,38,Eslováquia,Eslovênia
9,38,Turquia,Eslovênia
9,38,Sérvia,Eslovênia
9,38,Espanha,Eslovênia
9,38,França,Eslovênia
9,38,Croácia,Eslovênia
9,38,Escócia,Eslovênia
9,38,Hungria,Eslovênia
9,38,Portugal,Eslovênia
9,38,Suíça,Eslovênia
9,38,República Tcheca,Eslovênia
9,38,Dinamarca,Eslovênia
9,38,Inglaterra,Eslovênia
9,38,Itália,Eslovênia
9,38,Geórgia,Eslovênia
9,38,Alemanha,Eslovênia
9,38,Albânia,Eslovênia
9,38,Áustria,Eslovênia
9,38,Romênia,Bélgica
9,38,Ucrânia,Bélgica
9,38,Polônia,Bélgica
9,38,Eslováquia,Bélgica
9,38,Turquia,Bélgica
9,38,Sérvia,Bélgica
9,38,Espanha,Bélgica
9,38,França,Bélgica
9,38,Croácia,Bélgica
9,38,Escócia,Bélgica
9,38,Hungria,Bélgica
9,38,Portugal,Bélgica
9,38,Suíça,Bélgica
9,38,República Tcheca,Bélgica
9,38,Dinamarca,Bélgica
9,38,Inglaterra,Bélgica
9,38,Itália,Bélgica
9,38,Geórgia,Bélgica
9,38,Alemanha,Bélgica
9,38,Albânia,Bélgica
9,38,Áustria,Bélgica
9,38,Ucrânia,Romênia
9,38,Polônia,Romênia
9,38,Eslováquia,Romênia
9,38,Turquia,Romênia
9,38,Sérvia,Romênia
9,38,Espanha,Romênia
9,38,França,Romênia
9,38,Croácia,Romênia
9,38,Escócia,Romênia
9,38,Hungria,Romênia
9,38,Portugal,Romênia
9,38,Suíça,Romênia
9,38,República Tcheca,Romênia
9,38,Dinamarca,Romênia
9,38,Inglaterra,Romênia
9,38,Itália,Romênia
9,38,Geórgia,Romênia
9,38,Alemanha,Romênia
9,38,Albânia,Romênia
9,38,Áustria,Romênia
9,38,Polônia,Ucrânia
9,38,Eslováquia,Ucrânia
9,38,Turquia,Ucrânia
9,38,Sérvia,Ucrânia
9,38,Espanha,Ucrânia
9,38,França,Ucrânia
9,38,Croácia,Ucrânia
9,38,Escócia,Ucrânia
9,38,Hungria,Ucrânia
9,38,Portugal,Ucrânia
9,38,Suíça,Ucrânia
9,38,República Tcheca,Ucrânia
9,38,Dinamarca,Ucrânia
9,38,Inglaterra,Ucrânia
9,38,Itália,Ucrânia
9,38,Geórgia,Ucrânia
9,38,Alemanha,Ucrânia
9,38,Albânia,Ucrânia
9,38,Áustria,Ucrânia
9,38,Eslováquia,Polônia
9,38,Turquia,Polônia
9,38,Sérvia,Polônia
9,38,Espanha,Polônia
9,38,França,Polônia
9,38,Croácia,Polônia
9,38,Escócia,Polônia
9,38,Hungria,Polônia
9,38,Portugal,Polônia
9,38,Suíça,Polônia
9,38,República Tcheca,Polônia
9,38,Dinamarca,Polônia
9,38,Inglaterra,Polônia
9,38,Itália,Polônia
9,38,Geórgia,Polônia
9,38,Alemanha,Polônia
9,38,Albânia,Polônia
9,38,Áustria,Polônia
9,38,Turquia,Eslováquia
9,38,Sérvia,Eslováquia
9,38,Espanha,Eslováquia
9,38,França,Eslováquia
9,38,Croácia,Eslováquia
9,38,Escócia,Eslováquia
9,38,Hungria,Eslováquia
9,38,Portugal,Eslováquia
9,38,Suíça,Eslováquia
9,38,República Tcheca,Eslováquia
9,38,Dinamarca,Eslováquia
9,38,Inglaterra,Eslováquia
9,38,Itália,Eslováquia
9,38,Geórgia,Eslováquia
9,38,Alemanha,Eslováquia
9,38,Albânia,Eslováquia
9,38,Áustria,Eslováquia
9,38,Sérvia,Turquia
9,38,Espanha,Turquia
9,38,França,Turquia
9,38,Croácia,Turquia
9,38,Escócia,Turquia
9,38,Hungria,Turquia
9,38,Portugal,Turquia
9,38,Suíça,Turquia
9,38,República Tcheca,Turquia
9,38,Dinamarca,Turquia
9,38,Inglaterra,Turquia
9,38,Itália,Turquia
9,38,Geórgia,Turquia
9,38,Alemanha,Turquia
9,38,Albânia,Turquia
9,38,Áustria,Turquia
9,38,Espanha,Sérvia
9,38,França,Sérvia
9,38,Croácia,Sérvia
9,38,Escócia,Sérvia
9,38,Hungria,Sérvia
9,38,Portugal,Sérvia
9,38,Suíça,Sérvia
9,38,República Tcheca,Sérvia
9,38,Dinamarca,Sérvia
9,38,Inglaterra,Sérvia
9,38,Itália,Sérvia
9,38,Geórgia,Sérvia
9,38,Alemanha,Sérvia
9,38,Albânia,Sérvia
9,38,Áustria,Sérvia
9,38,França,Espanha
9,38,Croácia,Espanha
9,38,Escócia,Espanha
9,38,Hungria,Espanha
9,38,Portugal,Espanha
9,38,Suíça,Espanha
9,38,República Tcheca,Espanha
9,38,Dinamarca,Espanha
9,38,Inglaterra,Espanha
9,38,Itália,Espanha
9,38,Geórgia,Espanha
9,38,Alemanha,Espanha
9,38,Albânia,Espanha
9,38,Áustria,Espanha
9,38,Croácia,França
9,38,Escócia,França
9,38,Hungria,França
9,38,Portugal,França
9,38,Suíça,França
9,38,República Tcheca,França
9,38,Dinamarca,França
9,38,Inglaterra,França
9,38,Itália,França
9,38,Geórgia,França
9,38,Alemanha,França
9,38,Albânia,França
9,38,Áustria,França
9,38,Escócia,Croácia
9,38,Hungria,Croácia
9,38,Portugal,Croácia
9,38,Suíça,Croácia
9,38,República Tcheca,Croácia
9,38,Dinamarca,Croácia
9,38,Inglaterra,Croácia
9,38,Itália,Croácia
9,38,Geórgia,Croácia
9,38,Alemanha,Croácia
9,38,Albânia,Croácia
9,38,Áustria,Croácia
9,38,Hungria,Escócia
9,38,Portugal,Escócia
9,38,Suíça,Escócia
9,38,República Tcheca,Escócia
9,38,Dinamarca,Escócia
9,38,Inglaterra,Escócia
9,38,Itália,Escócia
9,38,Geórgia,Escócia
9,38,Alemanha,Escócia
9,38,Albânia,Escócia
9,38,Áustria,Escócia
9,38,Portugal,Hungria
9,38,Suíça,Hungria
9,38,República Tcheca,Hungria
9,38,Dinamarca,Hungria
9,38,Inglaterra,Hungria
9,38,Itália,Hungria
9,38,Geórgia,Hungria
9,38,Alemanha,Hungria
9,38,Albânia,Hungria
9,38,Áustria,Hungria
9,38,Suíça,Portugal
9,38,República Tcheca,Portugal
9,38,Dinamarca,Portugal
9,38,Inglaterra,Portugal
9,38,Itália,Portugal
9,38,Geórgia,Portugal
9,38,Alemanha,Portugal
9,38,Albânia,Portugal
9,38,Áustria,Portugal
9,38,República Tcheca,Suíça
9,38,Dinamarca,Suíça
9,38,Inglaterra,Suíça
9,38,Itália,Suíça
9,38,Geórgia,Suíça
9,38,Alemanha,Suíça
9,38,Albânia,Suíça
9,38,Áustria,Suíça
9,38,Dinamarca,República Tcheca
9,38,Inglaterra,República Tcheca
9,38,Itália,República Tcheca
9,38,Geórgia,República Tcheca
9,38,Alemanha,República Tcheca
9,38,Albânia,República Tcheca
9,38,Áustria,República Tcheca
9,38,Inglaterra,Dinamarca
9,38,Itália,Dinamarca
9,38,Geórgia,Dinamarca
9,38,Alemanha,Dinamarca
9,38,Albânia,Dinamarca
9,38,Áustria,Dinamarca
9,38,Itália,Inglaterra
9,38,Geórgia,Inglaterra
9,38,Alemanha,Inglaterra
9,38,Albânia,Inglaterra
9,38,Áustria,Inglaterra
9,38,Geórgia,Itália
9,38,Alemanha,Itália
9,38,Albânia,Itália
9,38,Áustria,Itália
9,38,Alemanha,Geórgia
9,38,Albânia,Geórgia
9,38,Áustria,Geórgia
9,38,Albânia,Alemanha
9,38,Áustria,Alemanha
9,38,Áustria,Albânia
9,41,Eslovênia,Países Baixos
9,41,Bélgica,Países Baixos
9,41,Romênia,Países Baixos
9,41,Ucrânia,Países Baixos
9,41,Polônia,Países Baixos
9,41,Eslováquia,Países Baixos
9,41,Turquia,Países Baixos
9,41,Sérvia,Países Baixos
9,41,Espanha,Países Baixos
9,41,França,Países Baixos
9,41,Croácia,Países Baixos
9,41,Escócia,Países Baixos
9,41,Hungria,Países Baixos
9,41,Portugal,Países Baixos
9,41,Suíça,Países Baixos
9,41,República Tcheca,Países Baixos
9,41,Dinamarca,Países Baixos
9,41,Inglaterra,Países Baixos
9,41,Itália,Países Baixos
9,41,Geórgia,Países Baixos
9,41,Alemanha,Países Baixos
9,41,Albânia,Países Baixos
9,41,Áustria,Países Baixos
9,41,Bélgica,Eslovênia
9,41,Romênia,Eslovênia
9,41,Ucrânia,Eslovênia
9,41,Polônia,Eslovênia
9,41,Eslováquia,Eslovênia
9,41,Turquia,Eslovênia
9,41,Sérvia,Eslovênia
9,41,Espanha,Eslovênia
9,41,França,Eslovênia
9,41,Croácia,Eslovênia
9,41,Escócia,Eslovênia
9,41,Hungria,Eslovênia
9,41,Portugal,Eslovênia
9,41,Suíça,Eslovênia
9,41,República Tcheca,Eslovênia
9,41,Dinamarca,Eslovênia
9,41,Inglaterra,Eslovênia
9,41,Itália,Eslovênia
9,41,Geórgia,Eslovênia
9,41,Alemanha,Eslovênia
9,41,Albânia,Eslovênia
9,41,Áustria,Eslovênia
9,41,Romênia,Bélgica
9,41,Ucrânia,Bélgica
9,41,Polônia,Bélgica
9,41,Eslováquia,Bélgica
9,41,Turquia,Bélgica
9,41,Sérvia,Bélgica
9,41,Espanha,Bélgica
9,41,França,Bélgica
9,41,Croácia,Bélgica
9,41,Escócia,Bélgica
9,41,Hungria,Bélgica
9,41,Portugal,Bélgica
9,41,Suíça,Bélgica
9,41,República Tcheca,Bélgica
9,41,Dinamarca,Bélgica
9,41,Inglaterra,Bélgica
9,41,Itália,Bélgica
9,41,Geórgia,Bélgica
9,41,Alemanha,Bélgica
9,41,Albânia,Bélgica
9,41,Áustria,Bélgica
9,41,Ucrânia,Romênia
9,41,Polônia,Romênia
9,41,Eslováquia,Romênia
9,41,Turquia,Romênia
9,41,Sérvia,Romênia
9,41,Espanha,Romênia
9,41,França,Romênia
9,41,Croácia,Romênia
9,41,Escócia,Romênia
9,41,Hungria,Romênia
9,41,Portugal,Romênia
9,41,Suíça,Romênia
9,41,República Tcheca,Romênia
9,41,Dinamarca,Romênia
9,41,Inglaterra,Romênia
9,41,Itália,Romênia
9,41,Geórgia,Romênia
9,41,Alemanha,Romênia
9,41,Albânia,Romênia
9,41,Áustria,Romênia
9,41,Polônia,Ucrânia
9,41,Eslováquia,Ucrânia
9,41,Turquia,Ucrânia
9,41,Sérvia,Ucrânia
9,41,Espanha,Ucrânia
9,41,França,Ucrânia
9,41,Croácia,Ucrânia
9,41,Escócia,Ucrânia
9,41,Hungria,Ucrânia
9,41,Portugal,Ucrânia
9,41,Suíça,Ucrânia
9,41,República Tcheca,Ucrânia
9,41,Dinamarca,Ucrânia
9,41,Inglaterra,Ucrânia
9,41,Itália,Ucrânia
9,41,Geórgia,Ucrânia
9,41,Alemanha,Ucrânia
9,41,Albânia,Ucrânia
9,41,Áustria,Ucrânia
9,41,Eslováquia,Polônia
9,41,Turquia,Polônia
9,41,Sérvia,Polônia
9,41,Espanha,Polônia
9,41,França,Polônia
9,41,Croácia,Polônia
9,41,Escócia,Polônia
9,41,Hungria,Polônia
9,41,Portugal,Polônia
9,41,Suíça,Polônia
9,41,República Tcheca,Polônia
9,41,Dinamarca,Polônia
9,41,Inglaterra,Polônia
9,41,Itália,Polônia
9,41,Geórgia,Polônia
9,41,Alemanha,Polônia
9,41,Albânia,Polônia
9,41,Áustria,Polônia
9,41,Turquia,Eslováquia
9,41,Sérvia,Eslováquia
9,41,Espanha,Eslováquia
9,41,França,Eslováquia
9,41,Croácia,Eslováquia
9,41,Escócia,Eslováquia
9,41,Hungria,Eslováquia
9,41,Portugal,Eslováquia
9,41,Suíça,Eslováquia
9,41,República Tcheca,Eslováquia
9,41,Dinamarca,Eslováquia
9,41,Inglaterra,Eslováquia
9,41,Itália,Eslováquia
9,41,Geórgia,Eslováquia
9,41,Alemanha,Eslováquia
9,41,Albânia,Eslováquia
9,41,Áustria,Eslováquia
9,41,Sérvia,Turquia
9,41,Espanha,Turquia
9,41,França,Turquia
9,41,Croácia,Turquia
9,41,Escócia,Turquia
9,41,Hungria,Turquia
9,41,Portugal,Turquia
9,41,Suíça,Turquia
9,41,República Tcheca,Turquia
9,41,Dinamarca,Turquia
9,41,Inglaterra,Turquia
9,41,Itália,Turquia
9,41,Geórgia,Turquia
9,41,Alemanha,Turquia
9,41,Albânia,Turquia
9,41,Áustria,Turquia
9,41,Espanha,Sérvia
9,41,França,Sérvia
9,41,Croácia,Sérvia
9,41,Escócia,Sérvia
9,41,Hungria,Sérvia
9,41,Portugal,Sérvia
9,41,Suíça,Sérvia
9,41,República Tcheca,Sérvia
9,41,Dinamarca,Sérvia
9,41,Inglaterra,Sérvia
9,41,Itália,Sérvia
9,41,Geórgia,Sérvia
9,41,Alemanha,Sérvia
9,41,Albânia,Sérvia
9,41,Áustria,Sérvia
9,41,França,Espanha
9,41,Croácia,Espanha
9,41,Escócia,Espanha
9,41,Hungria,Espanha
9,41,Portugal,Espanha
9,41,Suíça,Espanha
9,41,República Tcheca,Espanha
9,41,Dinamarca,Espanha
9,41,Inglaterra,Espanha
9,41,Itália,Espanha
9,41,Geórgia,Espanha
9,41,Alemanha,Espanha
9,41,Albânia,Espanha
9,41,Áustria,Espanha
9,41,Croácia,França
9,41,Escócia,França
9,41,Hungria,França
9,41,Portugal,França
9,41,Suíça,França
9,41,República Tcheca,França
9,41,Dinamarca,França
9,41,Inglaterra,França
9,41,Itália,França
9,41,Geórgia,França
9,41,Alemanha,França
9,41,Albânia,França
9,41,Áustria,França
9,41,Escócia,Croácia
9,41,Hungria,Croácia
9,41,Portugal,Croácia
9,41,Suíça,Croácia
9,41,República Tcheca,Croácia
9,41,Dinamarca,Croácia
9,41,Inglaterra,Croácia
9,41,Itália,Croácia
9,41,Geórgia,Croácia
9,41,Alemanha,Croácia
9,41,Albânia,Croácia
9,41,Áustria,Croácia
9,41,Hungria,Escócia
9,41,Portugal,Escócia
9,41,Suíça,Escócia
9,41,República Tcheca,Escócia
9,41,Dinamarca,Escócia
9,41,Inglaterra,Escócia
9,41,Itália,Escócia
9,41,Geórgia,Escócia
9,41,Alemanha,Escócia
9,41,Albânia,Escócia
9,41,Áustria,Escócia
9,41,Portugal,Hungria
9,41,Suíça,Hungria
9,41,República Tcheca,Hungria
9,41,Dinamarca,Hungria
9,41,Inglaterra,Hungria
9,41,Itália,Hungria
9,41,Geórgia,Hungria
9,41,Alemanha,Hungria
9,41,Albânia,Hungria
9,41,Áustria,Hungria
9,41,Suíça,Portugal
9,41,República Tcheca,Portugal
9,41,Dinamarca,Portugal
9,41,Inglaterra,Portugal
9,41,Itália,Portugal
9,41,Geórgia,Portugal
9,41,Alemanha,Portugal
9,41,Albânia,Portugal
9,41,Áustria,Portugal
9,41,República Tcheca,Suíça
9,41,Dinamarca,Suíça
9,41,Inglaterra,Suíça
9,41,Itália,Suíça
9,41,Geórgia,Suíça
9,41,Alemanha,Suíça
9,41,Albânia,Suíça
9,41,Áustria,Suíça
9,41,Dinamarca,República Tcheca
9,41,Inglaterra,República Tcheca
9,41,Itália,República Tcheca
9,41,Geórgia,República Tcheca
9,41,Alemanha,República Tcheca
9,41,Albânia,República Tcheca
9,41,Áustria,República Tcheca
9,41,Inglaterra,Dinamarca
9,41,Itália,Dinamarca
9,41,Geórgia,Dinamarca
9,41,Alemanha,Dinamarca
9,41,Albânia,Dinamarca
9,41,Áustria,Dinamarca
9,41,Itália,Inglaterra
9,41,Geórgia,Inglaterra
9,41,Alemanha,Inglaterra
9,41,Albânia,Inglaterra
9,41,Áustria,Inglaterra
9,41,Geórgia,Itália
9,41,Alemanha,Itália
9,41,Albânia,Itália
9,41,Áustria,Itália
9,41,Alemanha,Geórgia
9,41,Albânia,Geórgia
9,41,Áustria,Geórgia
9,41,Albânia,Alemanha
9,41,Áustria,Alemanha
9,41,Áustria,Albânia
9,44,Eslovênia,Países Baixos
9,44,Bélgica,Países Baixos
9,44,Romênia,Países Baixos
9,44,Ucrânia,Países Baixos
9,44,Polônia,Países Baixos
9,44,Eslováquia,Países Baixos
9,44,Turquia,Países Baixos
9,44,Sérvia,Países Baixos
9,44,Espanha,Países Baixos
9,44,França,Países Baixos
9,44,Croácia,Países Baixos
9,44,Escócia,Países Baixos
9,44,Hungria,Países Baixos
9,44,Portugal,Países Baixos
9,44,Suíça,Países Baixos
9,44,República Tcheca,Países Baixos
9,44,Dinamarca,Países Baixos
9,44,Inglaterra,Países Baixos
9,44,Itália,Países Baixos
9,44,Geórgia,Países Baixos
9,44,Alemanha,Países Baixos
9,44,Albânia,Países Baixos
9,44,Áustria,Países Baixos
9,44,Bélgica,Eslovênia
9,44,Romênia,Eslovênia
9,44,Ucrânia,Eslovênia
9,44,Polônia,Eslovênia
9,44,Eslováquia,Eslovênia
9,44,Turquia,Eslovênia
9,44,Sérvia,Eslovênia
9,44,Espanha,Eslovênia
9,44,França,Eslovênia
9,44,Croácia,Eslovênia
9,44,Escócia,Eslovênia
9,44,Hungria,Eslovênia
9,44,Portugal,Eslovênia
9,44,Suíça,Eslovênia
9,44,República Tcheca,Eslovênia
9,44,Dinamarca,Eslovênia
9,44,Inglaterra,Eslovênia
9,44,Itália,Eslovênia
9,44,Geórgia,Eslovênia
9,44,Alemanha,Eslovênia
9,44,Albânia,Eslovênia
9,44,Áustria,Eslovênia
9,44,Romênia,Bélgica
9,44,Ucrânia,Bélgica
9,44,Polônia,Bélgica
9,44,Eslováquia,Bélgica
9,44,Turquia,Bélgica
9,44,Sérvia,Bélgica
9,44,Espanha,Bélgica
9,44,França,Bélgica
9,44,Croácia,Bélgica
9,44,Escócia,Bélgica
9,44,Hungria,Bélgica
9,44,Portugal,Bélgica
9,44,Suíça,Bélgica
9,44,República Tcheca,Bélgica
9,44,Dinamarca,Bélgica
9,44,Inglaterra,Bélgica
9,44,Itália,Bélgica
9,44,Geórgia,Bélgica
9,44,Alemanha,Bélgica
9,44,Albânia,Bélgica
9,44,Áustria,Bélgica
9,44,Ucrânia,Romênia
9,44,Polônia,Romênia
9,44,Eslováquia,Romênia
9,44,Turquia,Romênia
9,44,Sérvia,Romênia
9,44,Espanha,Romênia
9,44,França,Romênia
9,44,Croácia,Romênia
9,44,Escócia,Romênia
9,44,Hungria,Romênia
9,44,Portugal,Romênia
9,44,Suíça,Romênia
9,44,República Tcheca,Romênia
9,44,Dinamarca,Romênia
9,44,Inglaterra,Romênia
9,44,Itália,Romênia
9,44,Geórgia,Romênia
9,44,Alemanha,Romênia
9,44,Albânia,Romênia
9,44,Áustria,Romênia
9,44,Polônia,Ucrânia
9,44,Eslováquia,Ucrânia
9,44,Turquia,Ucrânia
9,44,Sérvia,Ucrânia
9,44,Espanha,Ucrânia
9,44,França,Ucrânia
9,44,Croácia,Ucrânia
9,44,Escócia,Ucrânia
9,44,Hungria,Ucrânia
9,44,Portugal,Ucrânia
9,44,Suíça,Ucrânia
9,44,República Tcheca,Ucrânia
9,44,Dinamarca,Ucrânia
9,44,Inglaterra,Ucrânia
9,44,Itália,Ucrânia
9,44,Geórgia,Ucrânia
9,44,Alemanha,Ucrânia
9,44,Albânia,Ucrânia
9,44,Áustria,Ucrânia
9,44,Eslováquia,Polônia
9,44,Turquia,Polônia
9,44,Sérvia,Polônia
9,44,Espanha,Polônia
9,44,França,Polônia
9,44,Croácia,Polônia
9,44,Escócia,Polônia
9,44,Hungria,Polônia
9,44,Portugal,Polônia
9,44,Suíça,Polônia
9,44,República Tcheca,Polônia
9,44,Dinamarca,Polônia
9,44,Inglaterra,Polônia
9,44,Itália,Polônia
9,44,Geórgia,Polônia
9,44,Alemanha,Polônia
9,44,Albânia,Polônia
9,44,Áustria,Polônia
9,44,Turquia,Eslováquia
9,44,Sérvia,Eslováquia
9,44,Espanha,Eslováquia
9,44,França,Eslováquia
9,44,Croácia,Eslováquia
9,44,Escócia,Eslováquia
9,44,Hungria,Eslováquia
9,44,Portugal,Eslováquia
9,44,Suíça,Eslováquia
9,44,República Tcheca,Eslováquia
9,44,Dinamarca,Eslováquia
9,44,Inglaterra,Eslováquia
9,44,Itália,Eslováquia
9,44,Geórgia,Eslováquia
9,44,Alemanha,Eslováquia
9,44,Albânia,Eslováquia
9,44,Áustria,Eslováquia
9,44,Sérvia,Turquia
9,44,Espanha,Turquia
9,44,França,Turquia
9,44,Croácia,Turquia
9,44,Escócia,Turquia
9,44,Hungria,Turquia
9,44,Portugal,Turquia
9,44,Suíça,Turquia
9,44,República Tcheca,Turquia
9,44,Dinamarca,Turquia
9,44,Inglaterra,Turquia
9,44,Itália,Turquia
9,44,Geórgia,Turquia
9,44,Alemanha,Turquia
9,44,Albânia,Turquia
9,44,Áustria,Turquia
9,44,Espanha,Sérvia
9,44,França,Sérvia
9,44,Croácia,Sérvia
9,44,Escócia,Sérvia
9,44,Hungria,Sérvia
9,44,Portugal,Sérvia
9,44,Suíça,Sérvia
9,44,República Tcheca,Sérvia
9,44,Dinamarca,Sérvia
9,44,Inglaterra,Sérvia
9,44,Itália,Sérvia
9,44,Geórgia,Sérvia
9,44,Alemanha,Sérvia
9,44,Albânia,Sérvia
9,44,Áustria,Sérvia
9,44,França,Espanha
9,44,Croácia,Espanha
9,44,Escócia,Espanha
9,44,Hungria,Espanha
9,44,Portugal,Espanha
9,44,Suíça,Espanha
9,44,República Tcheca,Espanha
9,44,Dinamarca,Espanha
9,44,Inglaterra,Espanha
9,44,Itália,Espanha
9,44,Geórgia,Espanha
9,44,Alemanha,Espanha
9,44,Albânia,Espanha
9,44,Áustria,Espanha
9,44,Croácia,França
9,44,Escócia,França
9,44,Hungria,França
9,44,Portugal,França
9,44,Suíça,França
9,44,República Tcheca,França
9,44,Dinamarca,França
9,44,Inglaterra,França
9,44,Itália,França
9,44,Geórgia,França
9,44,Alemanha,França
9,44,Albânia,França
9,44,Áustria,França
9,44,Escócia,Croácia
9,44,Hungria,Croácia
9,44,Portugal,Croácia
9,44,Suíça,Croácia
9,44,República Tcheca,Croácia
9,44,Dinamarca,Croácia
9,44,Inglaterra,Croácia
9,44,Itália,Croácia
9,44,Geórgia,Croácia
9,44,Alemanha,Croácia
9,44,Albânia,Croácia
9,44,Áustria,Croácia
9,44,Hungria,Escócia
9,44,Portugal,Escócia
9,44,Suíça,Escócia
9,44,República Tcheca,Escócia
9,44,Dinamarca,Escócia
9,44,Inglaterra,Escócia
9,44,Itália,Escócia
9,44,Geórgia,Escócia
9,44,Alemanha,Escócia
9,44,Albânia,Escócia
9,44,Áustria,Escócia
9,44,Portugal,Hungria
9,44,Suíça,Hungria
9,44,República Tcheca,Hungria
9,44,Dinamarca,Hungria
9,44,Inglaterra,Hungria
9,44,Itália,Hungria
9,44,Geórgia,Hungria
9,44,Alemanha,Hungria
9,44,Albânia,Hungria
9,44,Áustria,Hungria
9,44,Suíça,Portugal
9,44,República Tcheca,Portugal
9,44,Dinamarca,Portugal
9,44,Inglaterra,Portugal
9,44,Itália,Portugal
9,44,Geórgia,Portugal
9,44,Alemanha,Portugal
9,44,Albânia,Portugal
9,44,Áustria,Portugal
9,44,República Tcheca,Suíça
9,44,Dinamarca,Suíça
9,44,Inglaterra,Suíça
9,44,Itália,Suíça
9,44,Geórgia,Suíça
9,44,Alemanha,Suíça
9,44,Albânia,Suíça
9,44,Áustria,Suíça
9,44,Dinamarca,República Tcheca
9,44,Inglaterra,República Tcheca
9,44,Itália,República Tcheca
9,44,Geórgia,República Tcheca
9,44,Alemanha,República Tcheca
9,44,Albânia,República Tcheca
9,44,Áustria,República Tcheca
9,44,Inglaterra,Dinamarca
9,44,Itália,Dinamarca
9,44,Geórgia,Dinamarca
9,44,Alemanha,Dinamarca
9,44,Albânia,Dinamarca
9,44,Áustria,Dinamarca
9,44,Itália,Inglaterra
9,44,Geórgia,Inglaterra
9,44,Alemanha,Inglaterra
9,44,Albânia,Inglaterra
9,44,Áustria,Inglaterra
9,44,Geórgia,Itália
9,44,Alemanha,Itália
9,44,Albânia,Itália
9,44,Áustria,Itália
9,44,Alemanha,Geórgia
9,44,Albânia,Geórgia
9,44,Áustria,Geórgia
9,44,Albânia,Alemanha
9,44,Áustria,Alemanha
9,44,Áustria,Albânia
9,47,Eslovênia,Países Baixos
9,47,Bélgica,Países Baixos
9,47,Romênia,Países Baixos
9,47,Ucrânia,Países Baixos
9,47,Polônia,Países Baixos
9,47,Eslováquia,Países Baixos
9,47,Turquia,Países Baixos
9,47,Sérvia,Países Baixos
9,47,Espanha,Países Baixos
9,47,França,Países Baixos
9,47,Croácia,Países Baixos
9,47,Escócia,Países Baixos
9,47,Hungria,Países Baixos
9,47,Portugal,Países Baixos
9,47,Suíça,Países Baixos
9,47,República Tcheca,Países Baixos
9,47,Dinamarca,Países Baixos
9,47,Inglaterra,Países Baixos
9,47,Itália,Países Baixos
9,47,Geórgia,Países Baixos
9,47,Alemanha,Países Baixos
9,47,Albânia,Países Baixos
9,47,Áustria,Países Baixos
9,47,Bélgica,Eslovênia
9,47,Romênia,Eslovênia
9,47,Ucrânia,Eslovênia
9,47,Polônia,Eslovênia
9,47,Eslováquia,Eslovênia
9,47,Turquia,Eslovênia
9,47,Sérvia,Eslovênia
9,47,Espanha,Eslovênia
9,47,França,Eslovênia
9,47,Croácia,Eslovênia
9,47,Escócia,Eslovênia
9,47,Hungria,Eslovênia
9,47,Portugal,Eslovênia
9,47,Suíça,Eslovênia
9,47,República Tcheca,Eslovênia
9,47,Dinamarca,Eslovênia
9,47,Inglaterra,Eslovênia
9,47,Itália,Eslovênia
9,47,Geórgia,Eslovênia
9,47,Alemanha,Eslovênia
9,47,Albânia,Eslovênia
9,47,Áustria,Eslovênia
9,47,Romênia,Bélgica
9,47,Ucrânia,Bélgica
9,47,Polônia,Bélgica
9,47,Eslováquia,Bélgica
9,47,Turquia,Bélgica
9,47,Sérvia,Bélgica
9,47,Espanha,Bélgica
9,47,França,Bélgica
9,47,Croácia,Bélgica
9,47,Escócia,Bélgica
9,47,Hungria,Bélgica
9,47,Portugal,Bélgica
9,47,Suíça,Bélgica
9,47,República Tcheca,Bélgica
9,47,Dinamarca,Bélgica
9,47,Inglaterra,Bélgica
9,47,Itália,Bélgica
9,47,Geórgia,Bélgica
9,47,Alemanha,Bélgica
9,47,Albânia,Bélgica
9,47,Áustria,Bélgica
9,47,Ucrânia,Romênia
9,47,Polônia,Romênia
9,47,Eslováquia,Romênia
9,47,Turquia,Romênia
9,47,Sérvia,Romênia
9,47,Espanha,Romênia
9,47,França,Romênia
9,47,Croácia,Romênia
9,47,Escócia,Romênia
9,47,Hungria,Romênia
9,47,Portugal,Romênia
9,47,Suíça,Romênia
9,47,República Tcheca,Romênia
9,47,Dinamarca,Romênia
9,47,Inglaterra,Romênia
9,47,Itália,Romênia
9,47,Geórgia,Romênia
9,47,Alemanha,Romênia
9,47,Albânia,Romênia
9,47,Áustria,Romênia
9,47,Polônia,Ucrânia
9,47,Eslováquia,Ucrânia
9,47,Turquia,Ucrânia
9,47,Sérvia,Ucrânia
9,47,Espanha,Ucrânia
9,47,França,Ucrânia
9,47,Croácia,Ucrânia
9,47,Escócia,Ucrânia
9,47,Hungria,Ucrânia
9,47,Portugal,Ucrânia
9,47,Suíça,Ucrânia
9,47,República Tcheca,Ucrânia
9,47,Dinamarca,Ucrânia
9,47,Inglaterra,Ucrânia
9,47,Itália,Ucrânia
9,47,Geórgia,Ucrânia
9,47,Alemanha,Ucrânia
9,47,Albânia,Ucrânia
9,47,Áustria,Ucrânia
9,47,Eslováquia,Polônia
9,47,Turquia,Polônia
9,47,Sérvia,Polônia
9,47,Espanha,Polônia
9,47,França,Polônia
9,47,Croácia,Polônia
9,47,Escócia,Polônia
9,47,Hungria,Polônia
9,47,Portugal,Polônia
9,47,Suíça,Polônia
9,47,República Tcheca,Polônia
9,47,Dinamarca,Polônia
9,47,Inglaterra,Polônia
9,47,Itália,Polônia
9,47,Geórgia,Polônia
9,47,Alemanha,Polônia
9,47,Albânia,Polônia
9,47,Áustria,Polônia
9,47,Turquia,Eslováquia
9,47,Sérvia,Eslováquia
9,47,Espanha,Eslováquia
9,47,França,Eslováquia
9,47,Croácia,Eslováquia
9,47,Escócia,Eslováquia
9,47,Hungria,Eslováquia
9,47,Portugal,Eslováquia
9,47,Suíça,Eslováquia
9,47,República Tcheca,Eslováquia
9,47,Dinamarca,Eslováquia
9,47,Inglaterra,Eslováquia
9,47,Itália,Eslováquia
9,47,Geórgia,Eslováquia
9,47,Alemanha,Eslováquia
9,47,Albânia,Eslováquia
9,47,Áustria,Eslováquia
9,47,Sérvia,Turquia
9,47,Espanha,Turquia
9,47,França,Turquia
9,47,Croácia,Turquia
9,47,Escócia,Turquia
9,47,Hungria,Turquia
9,47,Portugal,Turquia
9,47,Suíça,Turquia
9,47,República Tcheca,Turquia
9,47,Dinamarca,Turquia
9,47,Inglaterra,Turquia
9,47,Itália,Turquia
9,47,Geórgia,Turquia
9,47,Alemanha,Turquia
9,47,Albânia,Turquia
9,47,Áustria,Turquia
9,47,Espanha,Sérvia
9,47,França,Sérvia
9,47,Croácia,Sérvia
9,47,Escócia,Sérvia
9,47,Hungria,Sérvia
9,47,Portugal,Sérvia
9,47,Suíça,Sérvia
9,47,República Tcheca,Sérvia
9,47,Dinamarca,Sérvia
9,47,Inglaterra,Sérvia
9,47,Itália,Sérvia
9,47,Geórgia,Sérvia
9,47,Alemanha,Sérvia
9,47,Albânia,Sérvia
9,47,Áustria,Sérvia
9,47,França,Espanha
9,47,Croácia,Espanha
9,47,Escócia,Espanha
9,47,Hungria,Espanha
9,47,Portugal,Espanha
9,47,Suíça,Espanha
9,47,República Tcheca,Espanha
9,47,Dinamarca,Espanha
9,47,Inglaterra,Espanha
9,47,Itália,Espanha
9,47,Geórgia,Espanha
9,47,Alemanha,Espanha
9,47,Albânia,Espanha
9,47,Áustria,Espanha
9,47,Croácia,França
9,47,Escócia,França
9,47,Hungria,França
9,47,Portugal,França
9,47,Suíça,França
9,47,República Tcheca,França
9,47,Dinamarca,França
9,47,Inglaterra,França
9,47,Itália,França
9,47,Geórgia,França
9,47,Alemanha,França
9,47,Albânia,França
9,47,Áustria,França
9,47,Escócia,Croácia
9,47,Hungria,Croácia
9,47,Portugal,Croácia
9,47,Suíça,Croácia
9,47,República Tcheca,Croácia
9,47,Dinamarca,Croácia
9,47,Inglaterra,Croácia
9,47,Itália,Croácia
9,47,Geórgia,Croácia
9,47,Alemanha,Croácia
9,47,Albânia,Croácia
9,47,Áustria,Croácia
9,47,Hungria,Escócia
9,47,Portugal,Escócia
9,47,Suíça,Escócia
9,47,República Tcheca,Escócia
9,47,Dinamarca,Escócia
9,47,Inglaterra,Escócia
9,47,Itália,Escócia
9,47,Geórgia,Escócia
9,47,Alemanha,Escócia
9,47,Albânia,Escócia
9,47,Áustria,Escócia
9,47,Portugal,Hungria
9,47,Suíça,Hungria
9,47,República Tcheca,Hungria
9,47,Dinamarca,Hungria
9,47,Inglaterra,Hungria
9,47,Itália,Hungria
9,47,Geórgia,Hungria
9,47,Alemanha,Hungria
9,47,Albânia,Hungria
9,47,Áustria,Hungria
9,47,Suíça,Portugal
9,47,República Tcheca,Portugal
9,47,Dinamarca,Portugal
9,47,Inglaterra,Portugal
9,47,Itália,Portugal
9,47,Geórgia,Portugal
9,47,Alemanha,Portugal
9,47,Albânia,Portugal
9,47,Áustria,Portugal
9,47,República Tcheca,Suíça
9,47,Dinamarca,Suíça
9,47,Inglaterra,Suíça
9,47,Itália,Suíça
9,47,Geórgia,Suíça
9,47,Alemanha,Suíça
9,47,Albânia,Suíça
9,47,Áustria,Suíça
9,47,Dinamarca,República Tcheca
9,47,Inglaterra,República Tcheca
9,47,Itália,República Tcheca
9,47,Geórgia,República Tcheca
9,47,Alemanha,República Tcheca
9,47,Albânia,República Tcheca
9,47,Áustria,República Tcheca
9,47,Inglaterra,Dinamarca
9,47,Itália,Dinamarca
9,47,Geórgia,Dinamarca
9,47,Alemanha,Dinamarca
9,47,Albânia,Dinamarca
9,47,Áustria,Dinamarca
9,47,Itália,Inglaterra
9,47,Geórgia,Inglaterra
9,47,Alemanha,Inglaterra
9,47,Albânia,Inglaterra
9,47,Áustria,Inglaterra
9,47,Geórgia,Itália
9,47,Alemanha,Itália
9,47,Albânia,Itália
9,47,Áustria,Itália
9,47,Alemanha,Geórgia
9,47,Albânia,Geórgia
9,47,Áustria,Geórgia
9,47,Albânia,Alemanha
9,47,Áustria,Alemanha
9,47,Áustria,Albânia
9,50,Eslovênia,Países Baixos
9,50,Bélgica,Países Baixos
9,50,Romênia,Países Baixos
9,50,Ucrânia,Países Baixos
9,50,Polônia,Países Baixos
9,50,Eslováquia,Países Baixos
9,50,Turquia,Países Baixos
9,50,Sérvia,Países Baixos
9,50,Espanha,Países Baixos
9,50,França,Países Baixos
9,50,Croácia,Países Baixos
9,50,Escócia,Países Baixos
9,50,Hungria,Países Baixos
9,50,Portugal,Países Baixos
9,50,Suíça,Países Baixos
9,50,República Tcheca,Países Baixos
9,50,Dinamarca,Países Baixos
9,50,Inglaterra,Países Baixos
9,50,Itália,Países Baixos
9,50,Geórgia,Países Baixos
9,50,Alemanha,Países Baixos
9,50,Albânia,Países Baixos
9,50,Áustria,Países Baixos
9,50,Bélgica,Eslovênia
9,50,Romênia,Eslovênia
9,50,Ucrânia,Eslovênia
9,50,Polônia,Eslovênia
9,50,Eslováquia,Eslovênia
9,50,Turquia,Eslovênia
9,50,Sérvia,Eslovênia
9,50,Espanha,Eslovênia
9,50,França,Eslovênia
9,50,Croácia,Eslovênia
9,50,Escócia,Eslovênia
9,50,Hungria,Eslovênia
9,50,Portugal,Eslovênia
9,50,Suíça,Eslovênia
9,50,República Tcheca,Eslovênia
9,50,Dinamarca,Eslovênia
9,50,Inglaterra,Eslovênia
9,50,Itália,Eslovênia
9,50,Geórgia,Eslovênia
9,50,Alemanha,Eslovênia
9,50,Albânia,Eslovênia
9,50,Áustria,Eslovênia
9,50,Romênia,Bélgica
9,50,Ucrânia,Bélgica
9,50,Polônia,Bélgica
9,50,Eslováquia,Bélgica
9,50,Turquia,Bélgica
9,50,Sérvia,Bélgica
9,50,Espanha,Bélgica
9,50,França,Bélgica
9,50,Croácia,Bélgica
9,50,Escócia,Bélgica
9,50,Hungria,Bélgica
9,50,Portugal,Bélgica
9,50,Suíça,Bélgica
9,50,República Tcheca,Bélgica
9,50,Dinamarca,Bélgica
9,50,Inglaterra,Bélgica
9,50,Itália,Bélgica
9,50,Geórgia,Bélgica
9,50,Alemanha,Bélgica
9,50,Albânia,Bélgica
9,50,Áustria,Bélgica
9,50,Ucrânia,Romênia
9,50,Polônia,Romênia
9,50,Eslováquia,Romênia
9,50,Turquia,Romênia
9,50,Sérvia,Romênia
9,50,Espanha,Romênia
9,50,França,Romênia
9,50,Croácia,Romênia
9,50,Escócia,Romênia
9,50,Hungria,Romênia
9,50,Portugal,Romênia
9,50,Suíça,Romênia
9,50,República Tcheca,Romênia
9,50,Dinamarca,Romênia
9,50,Inglaterra,Romênia
9,50,Itália,Romênia
9,50,Geórgia,Romênia
9,50,Alemanha,Romênia
9,50,Albânia,Romênia
9,50,Áustria,Romênia
9,50,Polônia,Ucrânia
9,50,Eslováquia,Ucrânia
9,50,Turquia,Ucrânia
9,50,Sérvia,Ucrânia
9,50,Espanha,Ucrânia
9,50,França,Ucrânia
9,50,Croácia,Ucrânia
9,50,Escócia,Ucrânia
9,50,Hungria,Ucrânia
9,50,Portugal,Ucrânia
9,50,Suíça,Ucrânia
9,50,República Tcheca,Ucrânia
9,50,Dinamarca,Ucrânia
9,50,Inglaterra,Ucrânia
9,50,Itália,Ucrânia
9,50,Geórgia,Ucrânia
9,50,Alemanha,Ucrânia
9,50,Albânia,Ucrânia
9,50,Áustria,Ucrânia
9,50,Eslováquia,Polônia
9,50,Turquia,Polônia
9,50,Sérvia,Polônia
9,50,Espanha,Polônia
9,50,França,Polônia
9,50,Croácia,Polônia
9,50,Escócia,Polônia
9,50,Hungria,Polônia
9,50,Portugal,Polônia
9,50,Suíça,Polônia
9,50,República Tcheca,Polônia
9,50,Dinamarca,Polônia
9,50,Inglaterra,Polônia
9,50,Itália,Polônia
9,50,Geórgia,Polônia
9,50,Alemanha,Polônia
9,50,Albânia,Polônia
9,50,Áustria,Polônia
9,50,Turquia,Eslováquia
9,50,Sérvia,Eslováquia
9,50,Espanha,Eslováquia
9,50,França,Eslováquia
9,50,Croácia,Eslováquia
9,50,Escócia,Eslováquia
9,50,Hungria,Eslováquia
9,50,Portugal,Eslováquia
9,50,Suíça,Eslováquia
9,50,República Tcheca,Eslováquia
9,50,Dinamarca,Eslováquia
9,50,Inglaterra,Eslováquia
9,50,Itália,Eslováquia
9,50,Geórgia,Eslováquia
9,50,Alemanha,Eslováquia
9,50,Albânia,Eslováquia
9,50,Áustria,Eslováquia
9,50,Sérvia,Turquia
9,50,Espanha,Turquia
9,50,França,Turquia
9,50,Croácia,Turquia
9,50,Escócia,Turquia
9,50,Hungria,Turquia
9,50,Portugal,Turquia
9,50,Suíça,Turquia
9,50,República Tcheca,Turquia
9,50,Dinamarca,Turquia
9,50,Inglaterra,Turquia
9,50,Itália,Turquia
9,50,Geórgia,Turquia
9,50,Alemanha,Turquia
9,50,Albânia,Turquia
9,50,Áustria,Turquia
9,50,Espanha,Sérvia
9,50,França,Sérvia
9,50,Croácia,Sérvia
9,50,Escócia,Sérvia
9,50,Hungria,Sérvia
9,50,Portugal,Sérvia
9,50,Suíça,Sérvia
9,50,República Tcheca,Sérvia
9,50,Dinamarca,Sérvia
9,50,Inglaterra,Sérvia
9,50,Itália,Sérvia
9,50,Geórgia,Sérvia
9,50,Alemanha,Sérvia
9,50,Albânia,Sérvia
9,50,Áustria,Sérvia
9,50,França,Espanha
9,50,Croácia,Espanha
9,50,Escócia,Espanha
9,50,Hungria,Espanha
9,50,Portugal,Espanha
9,50,Suíça,Espanha
9,50,República Tcheca,Espanha
9,50,Dinamarca,Espanha
9,50,Inglaterra,Espanha
9,50,Itália,Espanha
9,50,Geórgia,Espanha
9,50,Alemanha,Espanha
9,50,Albânia,Espanha
9,50,Áustria,Espanha
9,50,Croácia,França
9,50,Escócia,França
9,50,Hungria,França
9,50,Portugal,França
9,50,Suíça,França
9,50,República Tcheca,França
9,50,Dinamarca,França
9,50,Inglaterra,França
9,50,Itália,França
9,50,Geórgia,França
9,50,Alemanha,França
9,50,Albânia,França
9,50,Áustria,França
9,50,Escócia,Croácia
9,50,Hungria,Croácia
9,50,Portugal,Croácia
9,50,Suíça,Croácia
9,50,República Tcheca,Croácia
9,50,Dinamarca,Croácia
9,50,Inglaterra,Croácia
9,50,Itália,Croácia
9,50,Geórgia,Croácia
9,50,Alemanha,Croácia
9,50,Albânia,Croácia
9,50,Áustria,Croácia
9,50,Hungria,Escócia
9,50,Portugal,Escócia
9,50,Suíça,Escócia
9,50,República Tcheca,Escócia
9,50,Dinamarca,Escócia
9,50,Inglaterra,Escócia
9,50,Itália,Escócia
9,50,Geórgia,Escócia
9,50,Alemanha,Escócia
9,50,Albânia,Escócia
9,50,Áustria,Escócia
9,50,Portugal,Hungria
9,50,Suíça,Hungria
9,50,República Tcheca,Hungria
9,50,Dinamarca,Hungria
9,50,Inglaterra,Hungria
9,50,Itália,Hungria
9,50,Geórgia,Hungria
9,50,Alemanha,Hungria
9,50,Albânia,Hungria
9,50,Áustria,Hungria
9,50,Suíça,Portugal
9,50,República Tcheca,Portugal
9,50,Dinamarca,Portugal
9,50,Inglaterra,Portugal
9,50,Itália,Portugal
9,50,Geórgia,Portugal
9,50,Alemanha,Portugal
9,50,Albânia,Portugal
9,50,Áustria,Portugal
9,50,República Tcheca,Suíça
9,50,Dinamarca,Suíça
9,50,Inglaterra,Suíça
9,50,Itália,Suíça
9,50,Geórgia,Suíça
9,50,Alemanha,Suíça
9,50,Albânia,Suíça
9,50,Áustria,Suíça
9,50,Dinamarca,República Tcheca
9,50,Inglaterra,República Tcheca
9,50,Itália,República Tcheca
9,50,Geórgia,República Tcheca
9,50,Alemanha,República Tcheca
9,50,Albânia,República Tcheca
9,50,Áustria,República Tcheca
9,50,Inglaterra,Dinamarca
9,50,Itália,Dinamarca
9,50,Geórgia,Dinamarca
9,50,Alemanha,Dinamarca
9,50,Albânia,Dinamarca
9,50,Áustria,Dinamarca
9,50,Itália,Inglaterra
9,50,Geórgia,Inglaterra
9,50,Alemanha,Inglaterra
9,50,Albânia,Inglaterra
9,50,Áustria,Inglaterra
9,50,Geórgia,Itália
9,50,Alemanha,Itália
9,50,Albânia,Itália
9,50,Áustria,Itália
9,50,Alemanha,Geórgia
9,50,Albânia,Geórgia
9,50,Áustria,Geórgia
9,50,Albânia,Alemanha
9,50,Áustria,Alemanha
9,50,Áustria,Albânia
9,53,Eslovênia,Países Baixos
9,53,Bélgica,Países Baixos
9,53,Romênia,Países Baixos
9,53,Ucrânia,Países Baixos
9,53,Polônia,Países Baixos
9,53,Eslováquia,Países Baixos
9,53,Turquia,Países Baixos
9,53,Sérvia,Países Baixos
9,53,Espanha,Países Baixos
9,53,França,Países Baixos
9,53,Croácia,Países Baixos
9,53,Escócia,Países Baixos
9,53,Hungria,Países Baixos
9,53,Portugal,Países Baixos
9,53,Suíça,Países Baixos
9,53,República Tcheca,Países Baixos
9,53,Dinamarca,Países Baixos
9,53,Inglaterra,Países Baixos
9,53,Itália,Países Baixos
9,53,Geórgia,Países Baixos
9,53,Alemanha,Países Baixos
9,53,Albânia,Países Baixos
9,53,Áustria,Países Baixos
9,53,Bélgica,Eslovênia
9,53,Romênia,Eslovênia
9,53,Ucrânia,Eslovênia
9,53,Polônia,Eslovênia
9,53,Eslováquia,Eslovênia
9,53,Turquia,Eslovênia
9,53,Sérvia,Eslovênia
9,53,Espanha,Eslovênia
9,53,França,Eslovênia
9,53,Croácia,Eslovênia
9,53,Escócia,Eslovênia
9,53,Hungria,Eslovênia
9,53,Portugal,Eslovênia
9,53,Suíça,Eslovênia
9,53,República Tcheca,Eslovênia
9,53,Dinamarca,Eslovênia
9,53,Inglaterra,Eslovênia
9,53,Itália,Eslovênia
9,53,Geórgia,Eslovênia
9,53,Alemanha,Eslovênia
9,53,Albânia,Eslovênia
9,53,Áustria,Eslovênia
9,53,Romênia,Bélgica
9,53,Ucrânia,Bélgica
9,53,Polônia,Bélgica
9,53,Eslováquia,Bélgica
9,53,Turquia,Bélgica
9,53,Sérvia,Bélgica
9,53,Espanha,Bélgica
9,53,França,Bélgica
9,53,Croácia,Bélgica
9,53,Escócia,Bélgica
9,53,Hungria,Bélgica
9,53,Portugal,Bélgica
9,53,Suíça,Bélgica
9,53,República Tcheca,Bélgica
9,53,Dinamarca,Bélgica
9,53,Inglaterra,Bélgica
9,53,Itália,Bélgica
9,53,Geórgia,Bélgica
9,53,Alemanha,Bélgica
9,53,Albânia,Bélgica
9,53,Áustria,Bélgica
9,53,Ucrânia,Romênia
9,53,Polônia,Romênia
9,53,Eslováquia,Romênia
9,53,Turquia,Romênia
9,53,Sérvia,Romênia
9,53,Espanha,Romênia
9,53,França,Romênia
9,53,Croácia,Romênia
9,53,Escócia,Romênia
9,53,Hungria,Romênia
9,53,Portugal,Romênia
9,53,Suíça,Romênia
9,53,República Tcheca,Romênia
9,53,Dinamarca,Romênia
9,53,Inglaterra,Romênia
9,53,Itália,Romênia
9,53,Geórgia,Romênia
9,53,Alemanha,Romênia
9,53,Albânia,Romênia
9,53,Áustria,Romênia
9,53,Polônia,Ucrânia
9,53,Eslováquia,Ucrânia
9,53,Turquia,Ucrânia
9,53,Sérvia,Ucrânia
9,53,Espanha,Ucrânia
9,53,França,Ucrânia
9,53,Croácia,Ucrânia
9,53,Escócia,Ucrânia
9,53,Hungria,Ucrânia
9,53,Portugal,Ucrânia
9,53,Suíça,Ucrânia
9,53,República Tcheca,Ucrânia
9,53,Dinamarca,Ucrânia
9,53,Inglaterra,Ucrânia
9,53,Itália,Ucrânia
9,53,Geórgia,Ucrânia
9,53,Alemanha,Ucrânia
9,53,Albânia,Ucrânia
9,53,Áustria,Ucrânia
9,53,Eslováquia,Polônia
9,53,Turquia,Polônia
9,53,Sérvia,Polônia
9,53,Espanha,Polônia
9,53,França,Polônia
9,53,Croácia,Polônia
9,53,Escócia,Polônia
9,53,Hungria,Polônia
9,53,Portugal,Polônia
9,53,Suíça,Polônia
9,53,República Tcheca,Polônia
9,53,Dinamarca,Polônia
9,53,Inglaterra,Polônia
9,53,Itália,Polônia
9,53,Geórgia,Polônia
9,53,Alemanha,Polônia
9,53,Albânia,Polônia
9,53,Áustria,Polônia
9,53,Turquia,Eslováquia
9,53,Sérvia,Eslováquia
9,53,Espanha,Eslováquia
9,53,França,Eslováquia
9,53,Croácia,Eslováquia
9,53,Escócia,Eslováquia
9,53,Hungria,Eslováquia
9,53,Portugal,Eslováquia
9,53,Suíça,Eslováquia
9,53,República Tcheca,Eslováquia
9,53,Dinamarca,Eslováquia
9,53,Inglaterra,Eslováquia
9,53,Itália,Eslováquia
9,53,Geórgia,Eslováquia
9,53,Alemanha,Eslováquia
9,53,Albânia,Eslováquia
9,53,Áustria,Eslováquia
9,53,Sérvia,Turquia
9,53,Espanha,Turquia
9,53,França,Turquia
9,53,Croácia,Turquia
9,53,Escócia,Turquia
9,53,Hungria,Turquia
9,53,Portugal,Turquia
9,53,Suíça,Turquia
9,53,República Tcheca,Turquia
9,53,Dinamarca,Turquia
9,53,Inglaterra,Turquia
9,53,Itália,Turquia
9,53,Geórgia,Turquia
9,53,Alemanha,Turquia
9,53,Albânia,Turquia
9,53,Áustria,Turquia
9,53,Espanha,Sérvia
9,53,França,Sérvia
9,53,Croácia,Sérvia
9,53,Escócia,Sérvia
9,53,Hungria,Sérvia
9,53,Portugal,Sérvia
9,53,Suíça,Sérvia
9,53,República Tcheca,Sérvia
9,53,Dinamarca,Sérvia
9,53,Inglaterra,Sérvia
9,53,Itália,Sérvia
9,53,Geórgia,Sérvia
9,53,Alemanha,Sérvia
9,53,Albânia,Sérvia
9,53,Áustria,Sérvia
9,53,França,Espanha
9,53,Croácia,Espanha
9,53,Escócia,Espanha
9,53,Hungria,Espanha
9,53,Portugal,Espanha
9,53,Suíça,Espanha
9,53,República Tcheca,Espanha
9,53,Dinamarca,Espanha
9,53,Inglaterra,Espanha
9,53,Itália,Espanha
9,53,Geórgia,Espanha
9,53,Alemanha,Espanha
9,53,Albânia,Espanha
9,53,Áustria,Espanha
9,53,Croácia,França
9,53,Escócia,França
9,53,Hungria,França
9,53,Portugal,França
9,53,Suíça,França
9,53,República Tcheca,França
9,53,Dinamarca,França
9,53,Inglaterra,França
9,53,Itália,França
9,53,Geórgia,França
9,53,Alemanha,França
9,53,Albânia,França
9,53,Áustria,França
9,53,Escócia,Croácia
9,53,Hungria,Croácia
9,53,Portugal,Croácia
9,53,Suíça,Croácia
9,53,República Tcheca,Croácia
9,53,Dinamarca,Croácia
9,53,Inglaterra,Croácia
9,53,Itália,Croácia
9,53,Geórgia,Croácia
9,53,Alemanha,Croácia
9,53,Albânia,Croácia
9,53,Áustria,Croácia
9,53,Hungria,Escócia
9,53,Portugal,Escócia
9,53,Suíça,Escócia
9,53,República Tcheca,Escócia
9,53,Dinamarca,Escócia
9,53,Inglaterra,Escócia
9,53,Itália,Escócia
9,53,Geórgia,Escócia
9,53,Alemanha,Escócia
9,53,Albânia,Escócia
9,53,Áustria,Escócia
9,53,Portugal,Hungria
9,53,Suíça,Hungria
9,53,República Tcheca,Hungria
9,53,Dinamarca,Hungria
9,53,Inglaterra,Hungria
9,53,Itália,Hungria
9,53,Geórgia,Hungria
9,53,Alemanha,Hungria
9,53,Albânia,Hungria
9,53,Áustria,Hungria
9,53,Suíça,Portugal
9,53,República Tcheca,Portugal
9,53,Dinamarca,Portugal
9,53,Inglaterra,Portugal
9,53,Itália,Portugal
9,53,Geórgia,Portugal
9,53,Alemanha,Portugal
9,53,Albânia,Portugal
9,53,Áustria,Portugal
9,53,República Tcheca,Suíça
9,53,Dinamarca,Suíça
9,53,Inglaterra,Suíça
9,53,Itália,Suíça
9,53,Geórgia,Suíça
9,53,Alemanha,Suíça
9,53,Albânia,Suíça
9,53,Áustria,Suíça
9,53,Dinamarca,República Tcheca
9,53,Inglaterra,República Tcheca
9,53,Itália,República Tcheca
9,53,Geórgia,República Tcheca
9,53,Alemanha,República Tcheca
9,53,Albânia,República Tcheca
9,53,Áustria,República Tcheca
9,53,Inglaterra,Dinamarca
9,53,Itália,Dinamarca
9,53,Geórgia,Dinamarca
9,53,Alemanha,Dinamarca
9,53,Albânia,Dinamarca
9,53,Áustria,Dinamarca
9,53,Itália,Inglaterra
9,53,Geórgia,Inglaterra
9,53,Alemanha,Inglaterra
9,53,Albânia,Inglaterra
9,53,Áustria,Inglaterra
9,53,Geórgia,Itália
9,53,Alemanha,Itália
9,53,Albânia,Itália
9,53,Áustria,Itália
9,53,Alemanha,Geórgia
9,53,Albânia,Geórgia
9,53,Áustria,Geórgia
9,53,Albânia,Alemanha
9,53,Áustria,Alemanha
9,53,Áustria,Albânia
9,56,Eslovênia,Países Baixos
9,56,Bélgica,Países Baixos
9,56,Romênia,Países Baixos
9,56,Ucrânia,Países Baixos
9,56,Polônia,Países Baixos
9,56,Eslováquia,Países Baixos
9,56,Turquia,Países Baixos
9,56,Sérvia,Países Baixos
9,56,Espanha,Países Baixos
9,56,França,Países Baixos
9,56,Croácia,Países Baixos
9,56,Escócia,Países Baixos
9,56,Hungria,Países Baixos
9,56,Portugal,Países Baixos
9,56,Suíça,Países Baixos
9,56,República Tcheca,Países Baixos
9,56,Dinamarca,Países Baixos
9,56,Inglaterra,Países Baixos
9,56,Itália,Países Baixos
9,56,Geórgia,Países Baixos
9,56,Alemanha,Países Baixos
9,56,Albânia,Países Baixos
9,56,Áustria,Países Baixos
9,56,Bélgica,Eslovênia
9,56,Romênia,Eslovênia
9,56,Ucrânia,Eslovênia
9,56,Polônia,Eslovênia
9,56,Eslováquia,Eslovênia
9,56,Turquia,Eslovênia
9,56,Sérvia,Eslovênia
9,56,Espanha,Eslovênia
9,56,França,Eslovênia
9,56,Croácia,Eslovênia
9,56,Escócia,Eslovênia
9,56,Hungria,Eslovênia
9,56,Portugal,Eslovênia
9,56,Suíça,Eslovênia
9,56,República Tcheca,Eslovênia
9,56,Dinamarca,Eslovênia
9,56,Inglaterra,Eslovênia
9,56,Itália,Eslovênia
9,56,Geórgia,Eslovênia
9,56,Alemanha,Eslovênia
9,56,Albânia,Eslovênia
9,56,Áustria,Eslovênia
9,56,Romênia,Bélgica
9,56,Ucrânia,Bélgica
9,56,Polônia,Bélgica
9,56,Eslováquia,Bélgica
9,56,Turquia,Bélgica
9,56,Sérvia,Bélgica
9,56,Espanha,Bélgica
9,56,França,Bélgica
9,56,Croácia,Bélgica
9,56,Escócia,Bélgica
9,56,Hungria,Bélgica
9,56,Portugal,Bélgica
9,56,Suíça,Bélgica
9,56,República Tcheca,Bélgica
9,56,Dinamarca,Bélgica
9,56,Inglaterra,Bélgica
9,56,Itália,Bélgica
9,56,Geórgia,Bélgica
9,56,Alemanha,Bélgica
9,56,Albânia,Bélgica
9,56,Áustria,Bélgica
9,56,Ucrânia,Romênia
9,56,Polônia,Romênia
9,56,Eslováquia,Romênia
9,56,Turquia,Romênia
9,56,Sérvia,Romênia
9,56,Espanha,Romênia
9,56,França,Romênia
9,56,Croácia,Romênia
9,56,Escócia,Romênia
9,56,Hungria,Romênia
9,56,Portugal,Romênia
9,56,Suíça,Romênia
9,56,República Tcheca,Romênia
9,56,Dinamarca,Romênia
9,56,Inglaterra,Romênia
9,56,Itália,Romênia
9,56,Geórgia,Romênia
9,56,Alemanha,Romênia
9,56,Albânia,Romênia
9,56,Áustria,Romênia
9,56,Polônia,Ucrânia
9,56,Eslováquia,Ucrânia
9,56,Turquia,Ucrânia
9,56,Sérvia,Ucrânia
9,56,Espanha,Ucrânia
9,56,França,Ucrânia
9,56,Croácia,Ucrânia
9,56,Escócia,Ucrânia
9,56,Hungria,Ucrânia
9,56,Portugal,Ucrânia
9,56,Suíça,Ucrânia
9,56,República Tcheca,Ucrânia
9,56,Dinamarca,Ucrânia
9,56,Inglaterra,Ucrânia
9,56,Itália,Ucrânia
9,56,Geórgia,Ucrânia
9,56,Alemanha,Ucrânia
9,56,Albânia,Ucrânia
9,56,Áustria,Ucrânia
9,56,Eslováquia,Polônia
9,56,Turquia,Polônia
9,56,Sérvia,Polônia
9,56,Espanha,Polônia
9,56,França,Polônia
9,56,Croácia,Polônia
9,56,Escócia,Polônia
9,56,Hungria,Polônia
9,56,Portugal,Polônia
9,56,Suíça,Polônia
9,56,República Tcheca,Polônia
9,56,Dinamarca,Polônia
9,56,Inglaterra,Polônia
9,56,Itália,Polônia
9,56,Geórgia,Polônia
9,56,Alemanha,Polônia
9,56,Albânia,Polônia
9,56,Áustria,Polônia
9,56,Turquia,Eslováquia
9,56,Sérvia,Eslováquia
9,56,Espanha,Eslováquia
9,56,França,Eslováquia
9,56,Croácia,Eslováquia
9,56,Escócia,Eslováquia
9,56,Hungria,Eslováquia
9,56,Portugal,Eslováquia
9,56,Suíça,Eslováquia
9,56,República Tcheca,Eslováquia
9,56,Dinamarca,Eslováquia
9,56,Inglaterra,Eslováquia
9,56,Itália,Eslováquia
9,56,Geórgia,Eslováquia
9,56,Alemanha,Eslováquia
9,56,Albânia,Eslováquia
9,56,Áustria,Eslováquia
9,56,Sérvia,Turquia
9,56,Espanha,Turquia
9,56,França,Turquia
9,56,Croácia,Turquia
9,56,Escócia,Turquia
9,56,Hungria,Turquia
9,56,Portugal,Turquia
9,56,Suíça,Turquia
9,56,República Tcheca,Turquia
9,56,Dinamarca,Turquia
9,56,Inglaterra,Turquia
9,56,Itália,Turquia
9,56,Geórgia,Turquia
9,56,Alemanha,Turquia
9,56,Albânia,Turquia
9,56,Áustria,Turquia
9,56,Espanha,Sérvia
9,56,França,Sérvia
9,56,Croácia,Sérvia
9,56,Escócia,Sérvia
9,56,Hungria,Sérvia
9,56,Portugal,Sérvia
9,56,Suíça,Sérvia
9,56,República Tcheca,Sérvia
9,56,Dinamarca,Sérvia
9,56,Inglaterra,Sérvia
9,56,Itália,Sérvia
9,56,Geórgia,Sérvia
9,56,Alemanha,Sérvia
9,56,Albânia,Sérvia
9,56,Áustria,Sérvia
9,56,França,Espanha
9,56,Croácia,Espanha
9,56,Escócia,Espanha
9,56,Hungria,Espanha
9,56,Portugal,Espanha
9,56,Suíça,Espanha
9,56,República Tcheca,Espanha
9,56,Dinamarca,Espanha
9,56,Inglaterra,Espanha
9,56,Itália,Espanha
9,56,Geórgia,Espanha
9,56,Alemanha,Espanha
9,56,Albânia,Espanha
9,56,Áustria,Espanha
9,56,Croácia,França
9,56,Escócia,França
9,56,Hungria,França
9,56,Portugal,França
9,56,Suíça,França
9,56,República Tcheca,França
9,56,Dinamarca,França
9,56,Inglaterra,França
9,56,Itália,França
9,56,Geórgia,França
9,56,Alemanha,França
9,56,Albânia,França
9,56,Áustria,França
9,56,Escócia,Croácia
9,56,Hungria,Croácia
9,56,Portugal,Croácia
9,56,Suíça,Croácia
9,56,República Tcheca,Croácia
9,56,Dinamarca,Croácia
9,56,Inglaterra,Croácia
9,56,Itália,Croácia
9,56,Geórgia,Croácia
9,56,Alemanha,Croácia
9,56,Albânia,Croácia
9,56,Áustria,Croácia
9,56,Hungria,Escócia
9,56,Portugal,Escócia
9,56,Suíça,Escócia
9,56,República Tcheca,Escócia
9,56,Dinamarca,Escócia
9,56,Inglaterra,Escócia
9,56,Itália,Escócia
9,56,Geórgia,Escócia
9,56,Alemanha,Escócia
9,56,Albânia,Escócia
9,56,Áustria,Escócia
9,56,Portugal,Hungria
9,56,Suíça,Hungria
9,56,República Tcheca,Hungria
9,56,Dinamarca,Hungria
9,56,Inglaterra,Hungria
9,56,Itália,Hungria
9,56,Geórgia,Hungria
9,56,Alemanha,Hungria
9,56,Albânia,Hungria
9,56,Áustria,Hungria
9,56,Suíça,Portugal
9,56,República Tcheca,Portugal
9,56,Dinamarca,Portugal
9,56,Inglaterra,Portugal
9,56,Itália,Portugal
9,56,Geórgia,Portugal
9,56,Alemanha,Portugal
9,56,Albânia,Portugal
9,56,Áustria,Portugal
9,56,República Tcheca,Suíça
9,56,Dinamarca,Suíça
9,56,Inglaterra,Suíça
9,56,Itália,Suíça
9,56,Geórgia,Suíça
9,56,Alemanha,Suíça
9,56,Albânia,Suíça
9,56,Áustria,Suíça
9,56,Dinamarca,República Tcheca
9,56,Inglaterra,República Tcheca
9,56,Itália,República Tcheca
9,56,Geórgia,República Tcheca
9,56,Alemanha,República Tcheca
9,56,Albânia,República Tcheca
9,56,Áustria,República Tcheca
9,56,Inglaterra,Dinamarca
9,56,Itália,Dinamarca
9,56,Geórgia,Dinamarca
9,56,Alemanha,Dinamarca
9,56,Albânia,Dinamarca
9,56,Áustria,Dinamarca
9,56,Itália,Inglaterra
9,56,Geórgia,Inglaterra
9,56,Alemanha,Inglaterra
9,56,Albânia,Inglaterra
9,56,Áustria,Inglaterra
9,56,Geórgia,Itália
9,56,Alemanha,Itália
9,56,Albânia,Itália
9,56,Áustria,Itália
9,56,Alemanha,Geórgia
9,56,Albânia,Geórgia
9,56,Áustria,Geórgia
9,56,Albânia,Alemanha
9,56,Áustria,Alemanha
9,56,Áustria,Albânia
9,59,Eslovênia,Países Baixos
9,59,Bélgica,Países Baixos
9,59,Romênia,Países Baixos
9,59,Ucrânia,Países Baixos
9,59,Polônia,Países Baixos
9,59,Eslováquia,Países Baixos
9,59,Turquia,Países Baixos
9,59,Sérvia,Países Baixos
9,59,Espanha,Países Baixos
9,59,França,Países Baixos
9,59,Croácia,Países Baixos
9,59,Escócia,Países Baixos
9,59,Hungria,Países Baixos
9,59,Portugal,Países Baixos
9,59,Suíça,Países Baixos
9,59,República Tcheca,Países Baixos
9,59,Dinamarca,Países Baixos
9,59,Inglaterra,Países Baixos
9,59,Itália,Países Baixos
9,59,Geórgia,Países Baixos
9,59,Alemanha,Países Baixos
9,59,Albânia,Países Baixos
9,59,Áustria,Países Baixos
9,59,Bélgica,Eslovênia
9,59,Romênia,Eslovênia
9,59,Ucrânia,Eslovênia
9,59,Polônia,Eslovênia
9,59,Eslováquia,Eslovênia
9,59,Turquia,Eslovênia
9,59,Sérvia,Eslovênia
9,59,Espanha,Eslovênia
9,59,França,Eslovênia
9,59,Croácia,Eslovênia
9,59,Escócia,Eslovênia
9,59,Hungria,Eslovênia
9,59,Portugal,Eslovênia
9,59,Suíça,Eslovênia
9,59,República Tcheca,Eslovênia
9,59,Dinamarca,Eslovênia
9,59,Inglaterra,Eslovênia
9,59,Itália,Eslovênia
9,59,Geórgia,Eslovênia
9,59,Alemanha,Eslovênia
9,59,Albânia,Eslovênia
9,59,Áustria,Eslovênia
9,59,Romênia,Bélgica
9,59,Ucrânia,Bélgica
9,59,Polônia,Bélgica
9,59,Eslováquia,Bélgica
9,59,Turquia,Bélgica
9,59,Sérvia,Bélgica
9,59,Espanha,Bélgica
9,59,França,Bélgica
9,59,Croácia,Bélgica
9,59,Escócia,Bélgica
9,59,Hungria,Bélgica
9,59,Portugal,Bélgica
9,59,Suíça,Bélgica
9,59,República Tcheca,Bélgica
9,59,Dinamarca,Bélgica
9,59,Inglaterra,Bélgica
9,59,Itália,Bélgica
9,59,Geórgia,Bélgica
9,59,Alemanha,Bélgica
9,59,Albânia,Bélgica
9,59,Áustria,Bélgica
9,59,Ucrânia,Romênia
9,59,Polônia,Romênia
9,59,Eslováquia,Romênia
9,59,Turquia,Romênia
9,59,Sérvia,Romênia
9,59,Espanha,Romênia
9,59,França,Romênia
9,59,Croácia,Romênia
9,59,Escócia,Romênia
9,59,Hungria,Romênia
9,59,Portugal,Romênia
9,59,Suíça,Romênia
9,59,República Tcheca,Romênia
9,59,Dinamarca,Romênia
9,59,Inglaterra,Romênia
9,59,Itália,Romênia
9,59,Geórgia,Romênia
9,59,Alemanha,Romênia
9,59,Albânia,Romênia
9,59,Áustria,Romênia
9,59,Polônia,Ucrânia
9,59,Eslováquia,Ucrânia
9,59,Turquia,Ucrânia
9,59,Sérvia,Ucrânia
9,59,Espanha,Ucrânia
9,59,França,Ucrânia
9,59,Croácia,Ucrânia
9,59,Escócia,Ucrânia
9,59,Hungria,Ucrânia
9,59,Portugal,Ucrânia
9,59,Suíça,Ucrânia
9,59,República Tcheca,Ucrânia
9,59,Dinamarca,Ucrânia
9,59,Inglaterra,Ucrânia
9,59,Itália,Ucrânia
9,59,Geórgia,Ucrânia
9,59,Alemanha,Ucrânia
9,59,Albânia,Ucrânia
9,59,Áustria,Ucrânia
9,59,Eslováquia,Polônia
9,59,Turquia,Polônia
9,59,Sérvia,Polônia
9,59,Espanha,Polônia
9,59,França,Polônia
9,59,Croácia,Polônia
9,59,Escócia,Polônia
9,59,Hungria,Polônia
9,59,Portugal,Polônia
9,59,Suíça,Polônia
9,59,República Tcheca,Polônia
9,59,Dinamarca,Polônia
9,59,Inglaterra,Polônia
9,59,Itália,Polônia
9,59,Geórgia,Polônia
9,59,Alemanha,Polônia
9,59,Albânia,Polônia
9,59,Áustria,Polônia
9,59,Turquia,Eslováquia
9,59,Sérvia,Eslováquia
9,59,Espanha,Eslováquia
9,59,França,Eslováquia
9,59,Croácia,Eslováquia
9,59,Escócia,Eslováquia
9,59,Hungria,Eslováquia
9,59,Portugal,Eslováquia
9,59,Suíça,Eslováquia
9,59,República Tcheca,Eslováquia
9,59,Dinamarca,Eslováquia
9,59,Inglaterra,Eslováquia
9,59,Itália,Eslováquia
9,59,Geórgia,Eslováquia
9,59,Alemanha,Eslováquia
9,59,Albânia,Eslováquia
9,59,Áustria,Eslováquia
9,59,Sérvia,Turquia
9,59,Espanha,Turquia
9,59,França,Turquia
9,59,Croácia,Turquia
9,59,Escócia,Turquia
9,59,Hungria,Turquia
9,59,Portugal,Turquia
9,59,Suíça,Turquia
9,59,República Tcheca,Turquia
9,59,Dinamarca,Turquia
9,59,Inglaterra,Turquia
9,59,Itália,Turquia
9,59,Geórgia,Turquia
9,59,Alemanha,Turquia
9,59,Albânia,Turquia
9,59,Áustria,Turquia
9,59,Espanha,Sérvia
9,59,França,Sérvia
9,59,Croácia,Sérvia
9,59,Escócia,Sérvia
9,59,Hungria,Sérvia
9,59,Portugal,Sérvia
9,59,Suíça,Sérvia
9,59,República Tcheca,Sérvia
9,59,Dinamarca,Sérvia
9,59,Inglaterra,Sérvia
9,59,Itália,Sérvia
9,59,Geórgia,Sérvia
9,59,Alemanha,Sérvia
9,59,Albânia,Sérvia
9,59,Áustria,Sérvia
9,59,França,Espanha
9,59,Croácia,Espanha
9,59,Escócia,Espanha
9,59,Hungria,Espanha
9,59,Portugal,Espanha
9,59,Suíça,Espanha
9,59,República Tcheca,Espanha
9,59,Dinamarca,Espanha
9,59,Inglaterra,Espanha
9,59,Itália,Espanha
9,59,Geórgia,Espanha
9,59,Alemanha,Espanha
9,59,Albânia,Espanha
9,59,Áustria,Espanha
9,59,Croácia,França
9,59,Escócia,França
9,59,Hungria,França
9,59,Portugal,França
9,59,Suíça,França
9,59,República Tcheca,França
9,59,Dinamarca,França
9,59,Inglaterra,França
9,59,Itália,França
9,59,Geórgia,França
9,59,Alemanha,França
9,59,Albânia,França
9,59,Áustria,França
9,59,Escócia,Croácia
9,59,Hungria,Croácia
9,59,Portugal,Croácia
9,59,Suíça,Croácia
9,59,República Tcheca,Croácia
9,59,Dinamarca,Croácia
9,59,Inglaterra,Croácia
9,59,Itália,Croácia
9,59,Geórgia,Croácia
9,59,Alemanha,Croácia
9,59,Albânia,Croácia
9,59,Áustria,Croácia
9,59,Hungria,Escócia
9,59,Portugal,Escócia
9,59,Suíça,Escócia
9,59,República Tcheca,Escócia
9,59,Dinamarca,Escócia
9,59,Inglaterra,Escócia
9,59,Itália,Escócia
9,59,Geórgia,Escócia
9,59,Alemanha,Escócia
9,59,Albânia,Escócia
9,59,Áustria,Escócia
9,59,Portugal,Hungria
9,59,Suíça,Hungria
9,59,República Tcheca,Hungria
9,59,Dinamarca,Hungria
9,59,Inglaterra,Hungria
9,59,Itália,Hungria
9,59,Geórgia,Hungria
9,59,Alemanha,Hungria
9,59,Albânia,Hungria
9,59,Áustria,Hungria
9,59,Suíça,Portugal
9,59,República Tcheca,Portugal
9,59,Dinamarca,Portugal
9,59,Inglaterra,Portugal
9,59,Itália,Portugal
9,59,Geórgia,Portugal
9,59,Alemanha,Portugal
9,59,Albânia,Portugal
9,59,Áustria,Portugal
9,59,República Tcheca,Suíça
9,59,Dinamarca,Suíça
9,59,Inglaterra,Suíça
9,59,Itália,Suíça
9,59,Geórgia,Suíça
9,59,Alemanha,Suíça
9,59,Albânia,Suíça
9,59,Áustria,Suíça
9,59,Dinamarca,República Tcheca
9,59,Inglaterra,República Tcheca
9,59,Itália,República Tcheca
9,59,Geórgia,República Tcheca
9,59,Alemanha,República Tcheca
9,59,Albânia,República Tcheca
9,59,Áustria,República Tcheca
9,59,Inglaterra,Dinamarca
9,59,Itália,Dinamarca
9,59,Geórgia,Dinamarca
9,59,Alemanha,Dinamarca
9,59,Albânia,Dinamarca
9,59,Áustria,Dinamarca
9,59,Itália,Inglaterra
9,59,Geórgia,Inglaterra
9,59,Alemanha,Inglaterra
9,59,Albânia,Inglaterra
9,59,Áustria,Inglaterra
9,59,Geórgia,Itália
9,59,Alemanha,Itália
9,59,Albânia,Itália
9,59,Áustria,Itália
9,59,Alemanha,Geórgia
9,59,Albânia,Geórgia
9,59,Áustria,Geórgia
9,59,Albânia,Alemanha
9,59,Áustria,Alemanha
9,59,Áustria,Albânia
