HORA,COLUNA,Time_Contra,Time_Casa
3,2,Liverpool,Tottenham
3,2,Aston,Tottenham
3,2,Everton,Tottenham
3,2,Wolverhampton,Tottenham
3,2,Southampton,Tottenham
3,2,West Ham,Tottenham
3,2,Palace,Tottenham
3,2,Burnley,Tottenham
3,2,Brentford,Tottenham
3,2,Leeds,Tottenham
3,2,Norwich,Tottenham
3,2,Islington,Tottenham
3,2,Newcastle,Tottenham
3,2,United,Tottenham
3,2,Watford,Tottenham
3,2,City,Tottenham
3,2,Leicester,Tottenham
3,2,Chelsea,Tottenham
3,2,Brighton,Tottenham
3,2,Aston,Liverpool
3,2,Everton,Liverpool
3,2,Wolverhampton,Liverpool
3,2,Southampton,Liverpool
3,2,West Ham,Liverpool
3,2,Palace,Liverpool
3,2,Burnley,Liverpool
3,2,Brentford,Liverpool
3,2,Leeds,Liverpool
3,2,Norwich,Liverpool
3,2,Islington,Liverpool
3,2,Newcastle,Liverpool
3,2,United,Liverpool
3,2,Watford,Liverpool
3,2,City,Liverpool
3,2,Leicester,Liverpool
3,2,Chelsea,Liverpool
3,2,Brighton,Liverpool
3,2,Everton,Aston
3,2,Wolverhampton,Aston
3,2,Southampton,Aston
3,2,West Ham,Aston
3,2,Palace,Aston
3,2,Burnley,Aston
3,2,Brentford,Aston
3,2,Leeds,Aston
3,2,Norwich,Aston
3,2,Islington,Aston
3,2,Newcastle,Aston
3,2,United,Aston
3,2,Watford,Aston
3,2,City,Aston
3,2,Leicester,Aston
3,2,Chelsea,Aston
3,2,Brighton,Aston
3,2,Wolverhampton,Everton
3,2,Southampton,Everton
3,2,West Ham,Everton
3,2,Palace,Everton
3,2,Burnley,Everton
3,2,Brentford,Everton
3,2,Leeds,Everton
3,2,Norwich,Everton
3,2,Islington,Everton
3,2,Newcastle,Everton
3,2,United,Everton
3,2,Watford,Everton
3,2,City,Everton
3,2,Leicester,Everton
3,2,Chelsea,Everton
3,2,Brighton,Everton
3,2,Southampton,Wolverhampton
3,2,West Ham,Wolverhampton
3,2,Palace,Wolverhampton
3,2,Burnley,Wolverhampton
3,2,Brentford,Wolverhampton
3,2,Leeds,Wolverhampton
3,2,Norwich,Wolverhampton
3,2,Islington,Wolverhampton
3,2,Newcastle,Wolverhampton
3,2,United,Wolverhampton
3,2,Watford,Wolverhampton
3,2,City,Wolverhampton
3,2,Leicester,Wolverhampton
3,2,Chelsea,Wolverhampton
3,2,Brighton,Wolverhampton
3,2,West Ham,Southampton
3,2,Palace,Southampton
3,2,Burnley,Southampton
3,2,Brentford,Southampton
3,2,Leeds,Southampton
3,2,Norwich,Southampton
3,2,Islington,Southampton
3,2,Newcastle,Southampton
3,2,United,Southampton
3,2,Watford,Southampton
3,2,City,Southampton
3,2,Leicester,Southampton
3,2,Chelsea,Southampton
3,2,Brighton,Southampton
3,2,Palace,West Ham
3,2,Burnley,West Ham
3,2,Brentford,West Ham
3,2,Leeds,West Ham
3,2,Norwich,West Ham
3,2,Islington,West Ham
3,2,Newcastle,West Ham
3,2,United,West Ham
3,2,Watford,West Ham
3,2,City,West Ham
3,2,Leicester,West Ham
3,2,Chelsea,West Ham
3,2,Brighton,West Ham
3,2,Burnley,Palace
3,2,Brentford,Palace
3,2,Leeds,Palace
3,2,Norwich,Palace
3,2,Islington,Palace
3,2,Newcastle,Palace
3,2,United,Palace
3,2,Watford,Palace
3,2,City,Palace
3,2,Leicester,Palace
3,2,Chelsea,Palace
3,2,Brighton,Palace
3,2,Brentford,Burnley
3,2,Leeds,Burnley
3,2,Norwich,Burnley
3,2,Islington,Burnley
3,2,Newcastle,Burnley
3,2,United,Burnley
3,2,Watford,Burnley
3,2,City,Burnley
3,2,Leicester,Burnley
3,2,Chelsea,Burnley
3,2,Brighton,Burnley
3,2,Leeds,Brentford
3,2,Norwich,Brentford
3,2,Islington,Brentford
3,2,Newcastle,Brentford
3,2,United,Brentford
3,2,Watford,Brentford
3,2,City,Brentford
3,2,Leicester,Brentford
3,2,Chelsea,Brentford
3,2,Brighton,Brentford
3,2,Norwich,Leeds
3,2,Islington,Leeds
3,2,Newcastle,Leeds
3,2,United,Leeds
3,2,Watford,Leeds
3,2,City,Leeds
3,2,Leicester,Leeds
3,2,Chelsea,Leeds
3,2,Brighton,Leeds
3,2,Islington,Norwich
3,2,Newcastle,Norwich
3,2,United,Norwich
3,2,Watford,Norwich
3,2,City,Norwich
3,2,Leicester,Norwich
3,2,Chelsea,Norwich
3,2,Brighton,Norwich
3,2,Newcastle,Islington
3,2,United,Islington
3,2,Watford,Islington
3,2,City,Islington
3,2,Leicester,Islington
3,2,Chelsea,Islington
3,2,Brighton,Islington
3,2,United,Newcastle
3,2,Watford,Newcastle
3,2,City,Newcastle
3,2,Leicester,Newcastle
3,2,Chelsea,Newcastle
3,2,Brighton,Newcastle
3,2,Watford,United
3,2,City,United
3,2,Leicester,United
3,2,Chelsea,United
3,2,Brighton,United
3,2,City,Watford
3,2,Leicester,Watford
3,2,Chelsea,Watford
3,2,Brighton,Watford
3,2,Leicester,City
3,2,Chelsea,City
3,2,Brighton,City
3,2,Chelsea,Leicester
3,2,Brighton,Leicester
3,2,Brighton,Chelsea
3,5,Liverpool,Tottenham
3,5,Aston,Tottenham
3,5,Everton,Tottenham
3,5,Wolverhampton,Tottenham
3,5,Southampton,Tottenham
3,5,West Ham,Tottenham
3,5,Palace,Tottenham
3,5,Burnley,Tottenham
3,5,Brentford,Tottenham
3,5,Leeds,Tottenham
3,5,Norwich,Tottenham
3,5,Islington,Tottenham
3,5,Newcastle,Tottenham
3,5,United,Tottenham
3,5,Watford,Tottenham
3,5,City,Tottenham
3,5,Leicester,Tottenham
3,5,Chelsea,Tottenham
3,5,Brighton,Tottenham
3,5,Aston,Liverpool
3,5,Everton,Liverpool
3,5,Wolverhampton,Liverpool
3,5,Southampton,Liverpool
3,5,West Ham,Liverpool
3,5,Palace,Liverpool
3,5,Burnley,Liverpool
3,5,Brentford,Liverpool
3,5,Leeds,Liverpool
3,5,Norwich,Liverpool
3,5,Islington,Liverpool
3,5,Newcastle,Liverpool
3,5,United,Liverpool
3,5,Watford,Liverpool
3,5,City,Liverpool
3,5,Leicester,Liverpool
3,5,Chelsea,Liverpool
3,5,Brighton,Liverpool
3,5,Everton,Aston
3,5,Wolverhampton,Aston
3,5,Southampton,Aston
3,5,West Ham,Aston
3,5,Palace,Aston
3,5,Burnley,Aston
3,5,Brentford,Aston
3,5,Leeds,Aston
3,5,Norwich,Aston
3,5,Islington,Aston
3,5,Newcastle,Aston
3,5,United,Aston
3,5,Watford,Aston
3,5,City,Aston
3,5,Leicester,Aston
3,5,Chelsea,Aston
3,5,Brighton,Aston
3,5,Wolverhampton,Everton
3,5,Southampton,Everton
3,5,West Ham,Everton
3,5,Palace,Everton
3,5,Burnley,Everton
3,5,Brentford,Everton
3,5,Leeds,Everton
3,5,Norwich,Everton
3,5,Islington,Everton
3,5,Newcastle,Everton
3,5,United,Everton
3,5,Watford,Everton
3,5,City,Everton
3,5,Leicester,Everton
3,5,Chelsea,Everton
3,5,Brighton,Everton
3,5,Southampton,Wolverhampton
3,5,West Ham,Wolverhampton
3,5,Palace,Wolverhampton
3,5,Burnley,Wolverhampton
3,5,Brentford,Wolverhampton
3,5,Leeds,Wolverhampton
3,5,Norwich,Wolverhampton
3,5,Islington,Wolverhampton
3,5,Newcastle,Wolverhampton
3,5,United,Wolverhampton
3,5,Watford,Wolverhampton
3,5,City,Wolverhampton
3,5,Leicester,Wolverhampton
3,5,Chelsea,Wolverhampton
3,5,Brighton,Wolverhampton
3,5,West Ham,Southampton
3,5,Palace,Southampton
3,5,Burnley,Southampton
3,5,Brentford,Southampton
3,5,Leeds,Southampton
3,5,Norwich,Southampton
3,5,Islington,Southampton
3,5,Newcastle,Southampton
3,5,United,Southampton
3,5,Watford,Southampton
3,5,City,Southampton
3,5,Leicester,Southampton
3,5,Chelsea,Southampton
3,5,Brighton,Southampton
3,5,Palace,West Ham
3,5,Burnley,West Ham
3,5,Brentford,West Ham
3,5,Leeds,West Ham
3,5,Norwich,West Ham
3,5,Islington,West Ham
3,5,Newcastle,West Ham
3,5,United,West Ham
3,5,Watford,West Ham
3,5,City,West Ham
3,5,Leicester,West Ham
3,5,Chelsea,West Ham
3,5,Brighton,West Ham
3,5,Burnley,Palace
3,5,Brentford,Palace
3,5,Leeds,Palace
3,5,Norwich,Palace
3,5,Islington,Palace
3,5,Newcastle,Palace
3,5,United,Palace
3,5,Watford,Palace
3,5,City,Palace
3,5,Leicester,Palace
3,5,Chelsea,Palace
3,5,Brighton,Palace
3,5,Brentford,Burnley
3,5,Leeds,Burnley
3,5,Norwich,Burnley
3,5,Islington,Burnley
3,5,Newcastle,Burnley
3,5,United,Burnley
3,5,Watford,Burnley
3,5,City,Burnley
3,5,Leicester,Burnley
3,5,Chelsea,Burnley
3,5,Brighton,Burnley
3,5,Leeds,Brentford
3,5,Norwich,Brentford
3,5,Islington,Brentford
3,5,Newcastle,Brentford
3,5,United,Brentford
3,5,Watford,Brentford
3,5,City,Brentford
3,5,Leicester,Brentford
3,5,Chelsea,Brentford
3,5,Brighton,Brentford
3,5,Norwich,Leeds
3,5,Islington,Leeds
3,5,Newcastle,Leeds
3,5,United,Leeds
3,5,Watford,Leeds
3,5,City,Leeds
3,5,Leicester,Leeds
3,5,Chelsea,Leeds
3,5,Brighton,Leeds
3,5,Islington,Norwich
3,5,Newcastle,Norwich
3,5,United,Norwich
3,5,Watford,Norwich
3,5,City,Norwich
3,5,Leicester,Norwich
3,5,Chelsea,Norwich
3,5,Brighton,Norwich
3,5,Newcastle,Islington
3,5,United,Islington
3,5,Watford,Islington
3,5,City,Islington
3,5,Leicester,Islington
3,5,Chelsea,Islington
3,5,Brighton,Islington
3,5,United,Newcastle
3,5,Watford,Newcastle
3,5,City,Newcastle
3,5,Leicester,Newcastle
3,5,Chelsea,Newcastle
3,5,Brighton,Newcastle
3,5,Watford,United
3,5,City,United
3,5,Leicester,United
3,5,Chelsea,United
3,5,Brighton,United
3,5,City,Watford
3,5,Leicester,Watford
3,5,Chelsea,Watford
3,5,Brighton,Watford
3,5,Leicester,City
3,5,Chelsea,City
3,5,Brighton,City
3,5,Chelsea,Leicester
3,5,Brighton,Leicester
3,5,Brighton,Chelsea
3,8,Liverpool,Tottenham
3,8,Aston,Tottenham
3,8,Everton,Tottenham
3,8,Wolverhampton,Tottenham
3,8,Southampton,Tottenham
3,8,West Ham,Tottenham
3,8,Palace,Tottenham
3,8,Burnley,Tottenham
3,8,Brentford,Tottenham
3,8,Leeds,Tottenham
3,8,Norwich,Tottenham
3,8,Islington,Tottenham
3,8,Newcastle,Tottenham
3,8,United,Tottenham
3,8,Watford,Tottenham
3,8,City,Tottenham
3,8,Leicester,Tottenham
3,8,Chelsea,Tottenham
3,8,Brighton,Tottenham
3,8,Aston,Liverpool
3,8,Everton,Liverpool
3,8,Wolverhampton,Liverpool
3,8,Southampton,Liverpool
3,8,West Ham,Liverpool
3,8,Palace,Liverpool
3,8,Burnley,Liverpool
3,8,Brentford,Liverpool
3,8,Leeds,Liverpool
3,8,Norwich,Liverpool
3,8,Islington,Liverpool
3,8,Newcastle,Liverpool
3,8,United,Liverpool
3,8,Watford,Liverpool
3,8,City,Liverpool
3,8,Leicester,Liverpool
3,8,Chelsea,Liverpool
3,8,Brighton,Liverpool
3,8,Everton,Aston
3,8,Wolverhampton,Aston
3,8,Southampton,Aston
3,8,West Ham,Aston
3,8,Palace,Aston
3,8,Burnley,Aston
3,8,Brentford,Aston
3,8,Leeds,Aston
3,8,Norwich,Aston
3,8,Islington,Aston
3,8,Newcastle,Aston
3,8,United,Aston
3,8,Watford,Aston
3,8,City,Aston
3,8,Leicester,Aston
3,8,Chelsea,Aston
3,8,Brighton,Aston
3,8,Wolverhampton,Everton
3,8,Southampton,Everton
3,8,West Ham,Everton
3,8,Palace,Everton
3,8,Burnley,Everton
3,8,Brentford,Everton
3,8,Leeds,Everton
3,8,Norwich,Everton
3,8,Islington,Everton
3,8,Newcastle,Everton
3,8,United,Everton
3,8,Watford,Everton
3,8,City,Everton
3,8,Leicester,Everton
3,8,Chelsea,Everton
3,8,Brighton,Everton
3,8,Southampton,Wolverhampton
3,8,West Ham,Wolverhampton
3,8,Palace,Wolverhampton
3,8,Burnley,Wolverhampton
3,8,Brentford,Wolverhampton
3,8,Leeds,Wolverhampton
3,8,Norwich,Wolverhampton
3,8,Islington,Wolverhampton
3,8,Newcastle,Wolverhampton
3,8,United,Wolverhampton
3,8,Watford,Wolverhampton
3,8,City,Wolverhampton
3,8,Leicester,Wolverhampton
3,8,Chelsea,Wolverhampton
3,8,Brighton,Wolverhampton
3,8,West Ham,Southampton
3,8,Palace,Southampton
3,8,Burnley,Southampton
3,8,Brentford,Southampton
3,8,Leeds,Southampton
3,8,Norwich,Southampton
3,8,Islington,Southampton
3,8,Newcastle,Southampton
3,8,United,Southampton
3,8,Watford,Southampton
3,8,City,Southampton
3,8,Leicester,Southampton
3,8,Chelsea,Southampton
3,8,Brighton,Southampton
3,8,Palace,West Ham
3,8,Burnley,West Ham
3,8,Brentford,West Ham
3,8,Leeds,West Ham
3,8,Norwich,West Ham
3,8,Islington,West Ham
3,8,Newcastle,West Ham
3,8,United,West Ham
3,8,Watford,West Ham
3,8,City,West Ham
3,8,Leicester,West Ham
3,8,Chelsea,West Ham
3,8,Brighton,West Ham
3,8,Burnley,Palace
3,8,Brentford,Palace
3,8,Leeds,Palace
3,8,Norwich,Palace
3,8,Islington,Palace
3,8,Newcastle,Palace
3,8,United,Palace
3,8,Watford,Palace
3,8,City,Palace
3,8,Leicester,Palace
3,8,Chelsea,Palace
3,8,Brighton,Palace
3,8,Brentford,Burnley
3,8,Leeds,Burnley
3,8,Norwich,Burnley
3,8,Islington,Burnley
3,8,Newcastle,Burnley
3,8,United,Burnley
3,8,Watford,Burnley
3,8,City,Burnley
3,8,Leicester,Burnley
3,8,Chelsea,Burnley
3,8,Brighton,Burnley
3,8,Leeds,Brentford
3,8,Norwich,Brentford
3,8,Islington,Brentford
3,8,Newcastle,Brentford
3,8,United,Brentford
3,8,Watford,Brentford
3,8,City,Brentford
3,8,Leicester,Brentford
3,8,Chelsea,Brentford
3,8,Brighton,Brentford
3,8,Norwich,Leeds
3,8,Islington,Leeds
3,8,Newcastle,Leeds
3,8,United,Leeds
3,8,Watford,Leeds
3,8,City,Leeds
3,8,Leicester,Leeds
3,8,Chelsea,Leeds
3,8,Brighton,Leeds
3,8,Islington,Norwich
3,8,Newcastle,Norwich
3,8,United,Norwich
3,8,Watford,Norwich
3,8,City,Norwich
3,8,Leicester,Norwich
3,8,Chelsea,Norwich
3,8,Brighton,Norwich
3,8,Newcastle,Islington
3,8,United,Islington
3,8,Watford,Islington
3,8,City,Islington
3,8,Leicester,Islington
3,8,Chelsea,Islington
3,8,Brighton,Islington
3,8,United,Newcastle
3,8,Watford,Newcastle
3,8,City,Newcastle
3,8,Leicester,Newcastle
3,8,Chelsea,Newcastle
3,8,Brighton,Newcastle
3,8,Watford,United
3,8,City,United
3,8,Leicester,United
3,8,Chelsea,United
3,8,Brighton,United
3,8,City,Watford
3,8,Leicester,Watford
3,8,Chelsea,Watford
3,8,Brighton,Watford
3,8,Leicester,City
3,8,Chelsea,City
3,8,Brighton,City
3,8,Chelsea,Leicester
3,8,Brighton,Leicester
3,8,Brighton,Chelsea
3,11,Liverpool,Tottenham
3,11,Aston,Tottenham
3,11,Everton,Tottenham
3,11,Wolverhampton,Tottenham
3,11,Southampton,Tottenham
3,11,West Ham,Tottenham
3,11,Palace,Tottenham
3,11,Burnley,Tottenham
3,11,Brentford,Tottenham
3,11,Leeds,Tottenham
3,11,Norwich,Tottenham
3,11,Islington,Tottenham
3,11,Newcastle,Tottenham
3,11,United,Tottenham
3,11,Watford,Tottenham
3,11,City,Tottenham
3,11,Leicester,Tottenham
3,11,Chelsea,Tottenham
3,11,Brighton,Tottenham
3,11,Aston,Liverpool
3,11,Everton,Liverpool
3,11,Wolverhampton,Liverpool
3,11,Southampton,Liverpool
3,11,West Ham,Liverpool
3,11,Palace,Liverpool
3,11,Burnley,Liverpool
3,11,Brentford,Liverpool
3,11,Leeds,Liverpool
3,11,Norwich,Liverpool
3,11,Islington,Liverpool
3,11,Newcastle,Liverpool
3,11,United,Liverpool
3,11,Watford,Liverpool
3,11,City,Liverpool
3,11,Leicester,Liverpool
3,11,Chelsea,Liverpool
3,11,Brighton,Liverpool
3,11,Everton,Aston
3,11,Wolverhampton,Aston
3,11,Southampton,Aston
3,11,West Ham,Aston
3,11,Palace,Aston
3,11,Burnley,Aston
3,11,Brentford,Aston
3,11,Leeds,Aston
3,11,Norwich,Aston
3,11,Islington,Aston
3,11,Newcastle,Aston
3,11,United,Aston
3,11,Watford,Aston
3,11,City,Aston
3,11,Leicester,Aston
3,11,Chelsea,Aston
3,11,Brighton,Aston
3,11,Wolverhampton,Everton
3,11,Southampton,Everton
3,11,West Ham,Everton
3,11,Palace,Everton
3,11,Burnley,Everton
3,11,Brentford,Everton
3,11,Leeds,Everton
3,11,Norwich,Everton
3,11,Islington,Everton
3,11,Newcastle,Everton
3,11,United,Everton
3,11,Watford,Everton
3,11,City,Everton
3,11,Leicester,Everton
3,11,Chelsea,Everton
3,11,Brighton,Everton
3,11,Southampton,Wolverhampton
3,11,West Ham,Wolverhampton
3,11,Palace,Wolverhampton
3,11,Burnley,Wolverhampton
3,11,Brentford,Wolverhampton
3,11,Leeds,Wolverhampton
3,11,Norwich,Wolverhampton
3,11,Islington,Wolverhampton
3,11,Newcastle,Wolverhampton
3,11,United,Wolverhampton
3,11,Watford,Wolverhampton
3,11,City,Wolverhampton
3,11,Leicester,Wolverhampton
3,11,Chelsea,Wolverhampton
3,11,Brighton,Wolverhampton
3,11,West Ham,Southampton
3,11,Palace,Southampton
3,11,Burnley,Southampton
3,11,Brentford,Southampton
3,11,Leeds,Southampton
3,11,Norwich,Southampton
3,11,Islington,Southampton
3,11,Newcastle,Southampton
3,11,United,Southampton
3,11,Watford,Southampton
3,11,City,Southampton
3,11,Leicester,Southampton
3,11,Chelsea,Southampton
3,11,Brighton,Southampton
3,11,Palace,West Ham
3,11,Burnley,West Ham
3,11,Brentford,West Ham
3,11,Leeds,West Ham
3,11,Norwich,West Ham
3,11,Islington,West Ham
3,11,Newcastle,West Ham
3,11,United,West Ham
3,11,Watford,West Ham
3,11,City,West Ham
3,11,Leicester,West Ham
3,11,Chelsea,West Ham
3,11,Brighton,West Ham
3,11,Burnley,Palace
3,11,Brentford,Palace
3,11,Leeds,Palace
3,11,Norwich,Palace
3,11,Islington,Palace
3,11,Newcastle,Palace
3,11,United,Palace
3,11,Watford,Palace
3,11,City,Palace
3,11,Leicester,Palace
3,11,Chelsea,Palace
3,11,Brighton,Palace
3,11,Brentford,Burnley
3,11,Leeds,Burnley
3,11,Norwich,Burnley
3,11,Islington,Burnley
3,11,Newcastle,Burnley
3,11,United,Burnley
3,11,Watford,Burnley
3,11,City,Burnley
3,11,Leicester,Burnley
3,11,Chelsea,Burnley
3,11,Brighton,Burnley
3,11,Leeds,Brentford
3,11,Norwich,Brentford
3,11,Islington,Brentford
3,11,Newcastle,Brentford
3,11,United,Brentford
3,11,Watford,Brentford
3,11,City,Brentford
3,11,Leicester,Brentford
3,11,Chelsea,Brentford
3,11,Brighton,Brentford
3,11,Norwich,Leeds
3,11,Islington,Leeds
3,11,Newcastle,Leeds
3,11,United,Leeds
3,11,Watford,Leeds
3,11,City,Leeds
3,11,Leicester,Leeds
3,11,Chelsea,Leeds
3,11,Brighton,Leeds
3,11,Islington,Norwich
3,11,Newcastle,Norwich
3,11,United,Norwich
3,11,Watford,Norwich
3,11,City,Norwich
3,11,Leicester,Norwich
3,11,Chelsea,Norwich
3,11,Brighton,Norwich
3,11,Newcastle,Islington
3,11,United,Islington
3,11,Watford,Islington
3,11,City,Islington
3,11,Leicester,Islington
3,11,Chelsea,Islington
3,11,Brighton,Islington
3,11,United,Newcastle
3,11,Watford,Newcastle
3,11,City,Newcastle
3,11,Leicester,Newcastle
3,11,Chelsea,Newcastle
3,11,Brighton,Newcastle
3,11,Watford,United
3,11,City,United
3,11,Leicester,United
3,11,Chelsea,United
3,11,Brighton,United
3,11,City,Watford
3,11,Leicester,Watford
3,11,Chelsea,Watford
3,11,Brighton,Watford
3,11,Leicester,City
3,11,Chelsea,City
3,11,Brighton,City
3,11,Chelsea,Leicester
3,11,Brighton,Leicester
3,11,Brighton,Chelsea
3,14,Liverpool,Tottenham
3,14,Aston,Tottenham
3,14,Everton,Tottenham
3,14,Wolverhampton,Tottenham
3,14,Southampton,Tottenham
3,14,West Ham,Tottenham
3,14,Palace,Tottenham
3,14,Burnley,Tottenham
3,14,Brentford,Tottenham
3,14,Leeds,Tottenham
3,14,Norwich,Tottenham
3,14,Islington,Tottenham
3,14,Newcastle,Tottenham
3,14,United,Tottenham
3,14,Watford,Tottenham
3,14,City,Tottenham
3,14,Leicester,Tottenham
3,14,Chelsea,Tottenham
3,14,Brighton,Tottenham
3,14,Aston,Liverpool
3,14,Everton,Liverpool
3,14,Wolverhampton,Liverpool
3,14,Southampton,Liverpool
3,14,West Ham,Liverpool
3,14,Palace,Liverpool
3,14,Burnley,Liverpool
3,14,Brentford,Liverpool
3,14,Leeds,Liverpool
3,14,Norwich,Liverpool
3,14,Islington,Liverpool
3,14,Newcastle,Liverpool
3,14,United,Liverpool
3,14,Watford,Liverpool
3,14,City,Liverpool
3,14,Leicester,Liverpool
3,14,Chelsea,Liverpool
3,14,Brighton,Liverpool
3,14,Everton,Aston
3,14,Wolverhampton,Aston
3,14,Southampton,Aston
3,14,West Ham,Aston
3,14,Palace,Aston
3,14,Burnley,Aston
3,14,Brentford,Aston
3,14,Leeds,Aston
3,14,Norwich,Aston
3,14,Islington,Aston
3,14,Newcastle,Aston
3,14,United,Aston
3,14,Watford,Aston
3,14,City,Aston
3,14,Leicester,Aston
3,14,Chelsea,Aston
3,14,Brighton,Aston
3,14,Wolverhampton,Everton
3,14,Southampton,Everton
3,14,West Ham,Everton
3,14,Palace,Everton
3,14,Burnley,Everton
3,14,Brentford,Everton
3,14,Leeds,Everton
3,14,Norwich,Everton
3,14,Islington,Everton
3,14,Newcastle,Everton
3,14,United,Everton
3,14,Watford,Everton
3,14,City,Everton
3,14,Leicester,Everton
3,14,Chelsea,Everton
3,14,Brighton,Everton
3,14,Southampton,Wolverhampton
3,14,West Ham,Wolverhampton
3,14,Palace,Wolverhampton
3,14,Burnley,Wolverhampton
3,14,Brentford,Wolverhampton
3,14,Leeds,Wolverhampton
3,14,Norwich,Wolverhampton
3,14,Islington,Wolverhampton
3,14,Newcastle,Wolverhampton
3,14,United,Wolverhampton
3,14,Watford,Wolverhampton
3,14,City,Wolverhampton
3,14,Leicester,Wolverhampton
3,14,Chelsea,Wolverhampton
3,14,Brighton,Wolverhampton
3,14,West Ham,Southampton
3,14,Palace,Southampton
3,14,Burnley,Southampton
3,14,Brentford,Southampton
3,14,Leeds,Southampton
3,14,Norwich,Southampton
3,14,Islington,Southampton
3,14,Newcastle,Southampton
3,14,United,Southampton
3,14,Watford,Southampton
3,14,City,Southampton
3,14,Leicester,Southampton
3,14,Chelsea,Southampton
3,14,Brighton,Southampton
3,14,Palace,West Ham
3,14,Burnley,West Ham
3,14,Brentford,West Ham
3,14,Leeds,West Ham
3,14,Norwich,West Ham
3,14,Islington,West Ham
3,14,Newcastle,West Ham
3,14,United,West Ham
3,14,Watford,West Ham
3,14,City,West Ham
3,14,Leicester,West Ham
3,14,Chelsea,West Ham
3,14,Brighton,West Ham
3,14,Burnley,Palace
3,14,Brentford,Palace
3,14,Leeds,Palace
3,14,Norwich,Palace
3,14,Islington,Palace
3,14,Newcastle,Palace
3,14,United,Palace
3,14,Watford,Palace
3,14,City,Palace
3,14,Leicester,Palace
3,14,Chelsea,Palace
3,14,Brighton,Palace
3,14,Brentford,Burnley
3,14,Leeds,Burnley
3,14,Norwich,Burnley
3,14,Islington,Burnley
3,14,Newcastle,Burnley
3,14,United,Burnley
3,14,Watford,Burnley
3,14,City,Burnley
3,14,Leicester,Burnley
3,14,Chelsea,Burnley
3,14,Brighton,Burnley
3,14,Leeds,Brentford
3,14,Norwich,Brentford
3,14,Islington,Brentford
3,14,Newcastle,Brentford
3,14,United,Brentford
3,14,Watford,Brentford
3,14,City,Brentford
3,14,Leicester,Brentford
3,14,Chelsea,Brentford
3,14,Brighton,Brentford
3,14,Norwich,Leeds
3,14,Islington,Leeds
3,14,Newcastle,Leeds
3,14,United,Leeds
3,14,Watford,Leeds
3,14,City,Leeds
3,14,Leicester,Leeds
3,14,Chelsea,Leeds
3,14,Brighton,Leeds
3,14,Islington,Norwich
3,14,Newcastle,Norwich
3,14,United,Norwich
3,14,Watford,Norwich
3,14,City,Norwich
3,14,Leicester,Norwich
3,14,Chelsea,Norwich
3,14,Brighton,Norwich
3,14,Newcastle,Islington
3,14,United,Islington
3,14,Watford,Islington
3,14,City,Islington
3,14,Leicester,Islington
3,14,Chelsea,Islington
3,14,Brighton,Islington
3,14,United,Newcastle
3,14,Watford,Newcastle
3,14,City,Newcastle
3,14,Leicester,Newcastle
3,14,Chelsea,Newcastle
3,14,Brighton,Newcastle
3,14,Watford,United
3,14,City,United
3,14,Leicester,United
3,14,Chelsea,United
3,14,Brighton,United
3,14,City,Watford
3,14,Leicester,Watford
3,14,Chelsea,Watford
3,14,Brighton,Watford
3,14,Leicester,City
3,14,Chelsea,City
3,14,Brighton,City
3,14,Chelsea,Leicester
3,14,Brighton,Leicester
3,14,Brighton,Chelsea
3,17,Liverpool,Tottenham
3,17,Aston,Tottenham
3,17,Everton,Tottenham
3,17,Wolverhampton,Tottenham
3,17,Southampton,Tottenham
3,17,West Ham,Tottenham
3,17,Palace,Tottenham
3,17,Burnley,Tottenham
3,17,Brentford,Tottenham
3,17,Leeds,Tottenham
3,17,Norwich,Tottenham
3,17,Islington,Tottenham
3,17,Newcastle,Tottenham
3,17,United,Tottenham
3,17,Watford,Tottenham
3,17,City,Tottenham
3,17,Leicester,Tottenham
3,17,Chelsea,Tottenham
3,17,Brighton,Tottenham
3,17,Aston,Liverpool
3,17,Everton,Liverpool
3,17,Wolverhampton,Liverpool
3,17,Southampton,Liverpool
3,17,West Ham,Liverpool
3,17,Palace,Liverpool
3,17,Burnley,Liverpool
3,17,Brentford,Liverpool
3,17,Leeds,Liverpool
3,17,Norwich,Liverpool
3,17,Islington,Liverpool
3,17,Newcastle,Liverpool
3,17,United,Liverpool
3,17,Watford,Liverpool
3,17,City,Liverpool
3,17,Leicester,Liverpool
3,17,Chelsea,Liverpool
3,17,Brighton,Liverpool
3,17,Everton,Aston
3,17,Wolverhampton,Aston
3,17,Southampton,Aston
3,17,West Ham,Aston
3,17,Palace,Aston
3,17,Burnley,Aston
3,17,Brentford,Aston
3,17,Leeds,Aston
3,17,Norwich,Aston
3,17,Islington,Aston
3,17,Newcastle,Aston
3,17,United,Aston
3,17,Watford,Aston
3,17,City,Aston
3,17,Leicester,Aston
3,17,Chelsea,Aston
3,17,Brighton,Aston
3,17,Wolverhampton,Everton
3,17,Southampton,Everton
3,17,West Ham,Everton
3,17,Palace,Everton
3,17,Burnley,Everton
3,17,Brentford,Everton
3,17,Leeds,Everton
3,17,Norwich,Everton
3,17,Islington,Everton
3,17,Newcastle,Everton
3,17,United,Everton
3,17,Watford,Everton
3,17,City,Everton
3,17,Leicester,Everton
3,17,Chelsea,Everton
3,17,Brighton,Everton
3,17,Southampton,Wolverhampton
3,17,West Ham,Wolverhampton
3,17,Palace,Wolverhampton
3,17,Burnley,Wolverhampton
3,17,Brentford,Wolverhampton
3,17,Leeds,Wolverhampton
3,17,Norwich,Wolverhampton
3,17,Islington,Wolverhampton
3,17,Newcastle,Wolverhampton
3,17,United,Wolverhampton
3,17,Watford,Wolverhampton
3,17,City,Wolverhampton
3,17,Leicester,Wolverhampton
3,17,Chelsea,Wolverhampton
3,17,Brighton,Wolverhampton
3,17,West Ham,Southampton
3,17,Palace,Southampton
3,17,Burnley,Southampton
3,17,Brentford,Southampton
3,17,Leeds,Southampton
3,17,Norwich,Southampton
3,17,Islington,Southampton
3,17,Newcastle,Southampton
3,17,United,Southampton
3,17,Watford,Southampton
3,17,City,Southampton
3,17,Leicester,Southampton
3,17,Chelsea,Southampton
3,17,Brighton,Southampton
3,17,Palace,West Ham
3,17,Burnley,West Ham
3,17,Brentford,West Ham
3,17,Leeds,West Ham
3,17,Norwich,West Ham
3,17,Islington,West Ham
3,17,Newcastle,West Ham
3,17,United,West Ham
3,17,Watford,West Ham
3,17,City,West Ham
3,17,Leicester,West Ham
3,17,Chelsea,West Ham
3,17,Brighton,West Ham
3,17,Burnley,Palace
3,17,Brentford,Palace
3,17,Leeds,Palace
3,17,Norwich,Palace
3,17,Islington,Palace
3,17,Newcastle,Palace
3,17,United,Palace
3,17,Watford,Palace
3,17,City,Palace
3,17,Leicester,Palace
3,17,Chelsea,Palace
3,17,Brighton,Palace
3,17,Brentford,Burnley
3,17,Leeds,Burnley
3,17,Norwich,Burnley
3,17,Islington,Burnley
3,17,Newcastle,Burnley
3,17,United,Burnley
3,17,Watford,Burnley
3,17,City,Burnley
3,17,Leicester,Burnley
3,17,Chelsea,Burnley
3,17,Brighton,Burnley
3,17,Leeds,Brentford
3,17,Norwich,Brentford
3,17,Islington,Brentford
3,17,Newcastle,Brentford
3,17,United,Brentford
3,17,Watford,Brentford
3,17,City,Brentford
3,17,Leicester,Brentford
3,17,Chelsea,Brentford
3,17,Brighton,Brentford
3,17,Norwich,Leeds
3,17,Islington,Leeds
3,17,Newcastle,Leeds
3,17,United,Leeds
3,17,Watford,Leeds
3,17,City,Leeds
3,17,Leicester,Leeds
3,17,Chelsea,Leeds
3,17,Brighton,Leeds
3,17,Islington,Norwich
3,17,Newcastle,Norwich
3,17,United,Norwich
3,17,Watford,Norwich
3,17,City,Norwich
3,17,Leicester,Norwich
3,17,Chelsea,Norwich
3,17,Brighton,Norwich
3,17,Newcastle,Islington
3,17,United,Islington
3,17,Watford,Islington
3,17,City,Islington
3,17,Leicester,Islington
3,17,Chelsea,Islington
3,17,Brighton,Islington
3,17,United,Newcastle
3,17,Watford,Newcastle
3,17,City,Newcastle
3,17,Leicester,Newcastle
3,17,Chelsea,Newcastle
3,17,Brighton,Newcastle
3,17,Watford,United
3,17,City,United
3,17,Leicester,United
3,17,Chelsea,United
3,17,Brighton,United
3,17,City,Watford
3,17,Leicester,Watford
3,17,Chelsea,Watford
3,17,Brighton,Watford
3,17,Leicester,City
3,17,Chelsea,City
3,17,Brighton,City
3,17,Chelsea,Leicester
3,17,Brighton,Leicester
3,17,Brighton,Chelsea
3,20,Liverpool,Tottenham
3,20,Aston,Tottenham
3,20,Everton,Tottenham
3,20,Wolverhampton,Tottenham
3,20,Southampton,Tottenham
3,20,West Ham,Tottenham
3,20,Palace,Tottenham
3,20,Burnley,Tottenham
3,20,Brentford,Tottenham
3,20,Leeds,Tottenham
3,20,Norwich,Tottenham
3,20,Islington,Tottenham
3,20,Newcastle,Tottenham
3,20,United,Tottenham
3,20,Watford,Tottenham
3,20,City,Tottenham
3,20,Leicester,Tottenham
3,20,Chelsea,Tottenham
3,20,Brighton,Tottenham
3,20,Aston,Liverpool
3,20,Everton,Liverpool
3,20,Wolverhampton,Liverpool
3,20,Southampton,Liverpool
3,20,West Ham,Liverpool
3,20,Palace,Liverpool
3,20,Burnley,Liverpool
3,20,Brentford,Liverpool
3,20,Leeds,Liverpool
3,20,Norwich,Liverpool
3,20,Islington,Liverpool
3,20,Newcastle,Liverpool
3,20,United,Liverpool
3,20,Watford,Liverpool
3,20,City,Liverpool
3,20,Leicester,Liverpool
3,20,Chelsea,Liverpool
3,20,Brighton,Liverpool
3,20,Everton,Aston
3,20,Wolverhampton,Aston
3,20,Southampton,Aston
3,20,West Ham,Aston
3,20,Palace,Aston
3,20,Burnley,Aston
3,20,Brentford,Aston
3,20,Leeds,Aston
3,20,Norwich,Aston
3,20,Islington,Aston
3,20,Newcastle,Aston
3,20,United,Aston
3,20,Watford,Aston
3,20,City,Aston
3,20,Leicester,Aston
3,20,Chelsea,Aston
3,20,Brighton,Aston
3,20,Wolverhampton,Everton
3,20,Southampton,Everton
3,20,West Ham,Everton
3,20,Palace,Everton
3,20,Burnley,Everton
3,20,Brentford,Everton
3,20,Leeds,Everton
3,20,Norwich,Everton
3,20,Islington,Everton
3,20,Newcastle,Everton
3,20,United,Everton
3,20,Watford,Everton
3,20,City,Everton
3,20,Leicester,Everton
3,20,Chelsea,Everton
3,20,Brighton,Everton
3,20,Southampton,Wolverhampton
3,20,West Ham,Wolverhampton
3,20,Palace,Wolverhampton
3,20,Burnley,Wolverhampton
3,20,Brentford,Wolverhampton
3,20,Leeds,Wolverhampton
3,20,Norwich,Wolverhampton
3,20,Islington,Wolverhampton
3,20,Newcastle,Wolverhampton
3,20,United,Wolverhampton
3,20,Watford,Wolverhampton
3,20,City,Wolverhampton
3,20,Leicester,Wolverhampton
3,20,Chelsea,Wolverhampton
3,20,Brighton,Wolverhampton
3,20,West Ham,Southampton
3,20,Palace,Southampton
3,20,Burnley,Southampton
3,20,Brentford,Southampton
3,20,Leeds,Southampton
3,20,Norwich,Southampton
3,20,Islington,Southampton
3,20,Newcastle,Southampton
3,20,United,Southampton
3,20,Watford,Southampton
3,20,City,Southampton
3,20,Leicester,Southampton
3,20,Chelsea,Southampton
3,20,Brighton,Southampton
3,20,Palace,West Ham
3,20,Burnley,West Ham
3,20,Brentford,West Ham
3,20,Leeds,West Ham
3,20,Norwich,West Ham
3,20,Islington,West Ham
3,20,Newcastle,West Ham
3,20,United,West Ham
3,20,Watford,West Ham
3,20,City,West Ham
3,20,Leicester,West Ham
3,20,Chelsea,West Ham
3,20,Brighton,West Ham
3,20,Burnley,Palace
3,20,Brentford,Palace
3,20,Leeds,Palace
3,20,Norwich,Palace
3,20,Islington,Palace
3,20,Newcastle,Palace
3,20,United,Palace
3,20,Watford,Palace
3,20,City,Palace
3,20,Leicester,Palace
3,20,Chelsea,Palace
3,20,Brighton,Palace
3,20,Brentford,Burnley
3,20,Leeds,Burnley
3,20,Norwich,Burnley
3,20,Islington,Burnley
3,20,Newcastle,Burnley
3,20,United,Burnley
3,20,Watford,Burnley
3,20,City,Burnley
3,20,Leicester,Burnley
3,20,Chelsea,Burnley
3,20,Brighton,Burnley
3,20,Leeds,Brentford
3,20,Norwich,Brentford
3,20,Islington,Brentford
3,20,Newcastle,Brentford
3,20,United,Brentford
3,20,Watford,Brentford
3,20,City,Brentford
3,20,Leicester,Brentford
3,20,Chelsea,Brentford
3,20,Brighton,Brentford
3,20,Norwich,Leeds
3,20,Islington,Leeds
3,20,Newcastle,Leeds
3,20,United,Leeds
3,20,Watford,Leeds
3,20,City,Leeds
3,20,Leicester,Leeds
3,20,Chelsea,Leeds
3,20,Brighton,Leeds
3,20,Islington,Norwich
3,20,Newcastle,Norwich
3,20,United,Norwich
3,20,Watford,Norwich
3,20,City,Norwich
3,20,Leicester,Norwich
3,20,Chelsea,Norwich
3,20,Brighton,Norwich
3,20,Newcastle,Islington
3,20,United,Islington
3,20,Watford,Islington
3,20,City,Islington
3,20,Leicester,Islington
3,20,Chelsea,Islington
3,20,Brighton,Islington
3,20,United,Newcastle
3,20,Watford,Newcastle
3,20,City,Newcastle
3,20,Leicester,Newcastle
3,20,Chelsea,Newcastle
3,20,Brighton,Newcastle
3,20,Watford,United
3,20,City,United
3,20,Leicester,United
3,20,Chelsea,United
3,20,Brighton,United
3,20,City,Watford
3,20,Leicester,Watford
3,20,Chelsea,Watford
3,20,Brighton,Watford
3,20,Leicester,City
3,20,Chelsea,City
3,20,Brighton,City
3,20,Chelsea,Leicester
3,20,Brighton,Leicester
3,20,Brighton,Chelsea
3,23,Liverpool,Tottenham
3,23,Aston,Tottenham
3,23,Everton,Tottenham
3,23,Wolverhampton,Tottenham
3,23,Southampton,Tottenham
3,23,West Ham,Tottenham
3,23,Palace,Tottenham
3,23,Burnley,Tottenham
3,23,Brentford,Tottenham
3,23,Leeds,Tottenham
3,23,Norwich,Tottenham
3,23,Islington,Tottenham
3,23,Newcastle,Tottenham
3,23,United,Tottenham
3,23,Watford,Tottenham
3,23,City,Tottenham
3,23,Leicester,Tottenham
3,23,Chelsea,Tottenham
3,23,Brighton,Tottenham
3,23,Aston,Liverpool
3,23,Everton,Liverpool
3,23,Wolverhampton,Liverpool
3,23,Southampton,Liverpool
3,23,West Ham,Liverpool
3,23,Palace,Liverpool
3,23,Burnley,Liverpool
3,23,Brentford,Liverpool
3,23,Leeds,Liverpool
3,23,Norwich,Liverpool
3,23,Islington,Liverpool
3,23,Newcastle,Liverpool
3,23,United,Liverpool
3,23,Watford,Liverpool
3,23,City,Liverpool
3,23,Leicester,Liverpool
3,23,Chelsea,Liverpool
3,23,Brighton,Liverpool
3,23,Everton,Aston
3,23,Wolverhampton,Aston
3,23,Southampton,Aston
3,23,West Ham,Aston
3,23,Palace,Aston
3,23,Burnley,Aston
3,23,Brentford,Aston
3,23,Leeds,Aston
3,23,Norwich,Aston
3,23,Islington,Aston
3,23,Newcastle,Aston
3,23,United,Aston
3,23,Watford,Aston
3,23,City,Aston
3,23,Leicester,Aston
3,23,Chelsea,Aston
3,23,Brighton,Aston
3,23,Wolverhampton,Everton
3,23,Southampton,Everton
3,23,West Ham,Everton
3,23,Palace,Everton
3,23,Burnley,Everton
3,23,Brentford,Everton
3,23,Leeds,Everton
3,23,Norwich,Everton
3,23,Islington,Everton
3,23,Newcastle,Everton
3,23,United,Everton
3,23,Watford,Everton
3,23,City,Everton
3,23,Leicester,Everton
3,23,Chelsea,Everton
3,23,Brighton,Everton
3,23,Southampton,Wolverhampton
3,23,West Ham,Wolverhampton
3,23,Palace,Wolverhampton
3,23,Burnley,Wolverhampton
3,23,Brentford,Wolverhampton
3,23,Leeds,Wolverhampton
3,23,Norwich,Wolverhampton
3,23,Islington,Wolverhampton
3,23,Newcastle,Wolverhampton
3,23,United,Wolverhampton
3,23,Watford,Wolverhampton
3,23,City,Wolverhampton
3,23,Leicester,Wolverhampton
3,23,Chelsea,Wolverhampton
3,23,Brighton,Wolverhampton
3,23,West Ham,Southampton
3,23,Palace,Southampton
3,23,Burnley,Southampton
3,23,Brentford,Southampton
3,23,Leeds,Southampton
3,23,Norwich,Southampton
3,23,Islington,Southampton
3,23,Newcastle,Southampton
3,23,United,Southampton
3,23,Watford,Southampton
3,23,City,Southampton
3,23,Leicester,Southampton
3,23,Chelsea,Southampton
3,23,Brighton,Southampton
3,23,Palace,West Ham
3,23,Burnley,West Ham
3,23,Brentford,West Ham
3,23,Leeds,West Ham
3,23,Norwich,West Ham
3,23,Islington,West Ham
3,23,Newcastle,West Ham
3,23,United,West Ham
3,23,Watford,West Ham
3,23,City,West Ham
3,23,Leicester,West Ham
3,23,Chelsea,West Ham
3,23,Brighton,West Ham
3,23,Burnley,Palace
3,23,Brentford,Palace
3,23,Leeds,Palace
3,23,Norwich,Palace
3,23,Islington,Palace
3,23,Newcastle,Palace
3,23,United,Palace
3,23,Watford,Palace
3,23,City,Palace
3,23,Leicester,Palace
3,23,Chelsea,Palace
3,23,Brighton,Palace
3,23,Brentford,Burnley
3,23,Leeds,Burnley
3,23,Norwich,Burnley
3,23,Islington,Burnley
3,23,Newcastle,Burnley
3,23,United,Burnley
3,23,Watford,Burnley
3,23,City,Burnley
3,23,Leicester,Burnley
3,23,Chelsea,Burnley
3,23,Brighton,Burnley
3,23,Leeds,Brentford
3,23,Norwich,Brentford
3,23,Islington,Brentford
3,23,Newcastle,Brentford
3,23,United,Brentford
3,23,Watford,Brentford
3,23,City,Brentford
3,23,Leicester,Brentford
3,23,Chelsea,Brentford
3,23,Brighton,Brentford
3,23,Norwich,Leeds
3,23,Islington,Leeds
3,23,Newcastle,Leeds
3,23,United,Leeds
3,23,Watford,Leeds
3,23,City,Leeds
3,23,Leicester,Leeds
3,23,Chelsea,Leeds
3,23,Brighton,Leeds
3,23,Islington,Norwich
3,23,Newcastle,Norwich
3,23,United,Norwich
3,23,Watford,Norwich
3,23,City,Norwich
3,23,Leicester,Norwich
3,23,Chelsea,Norwich
3,23,Brighton,Norwich
3,23,Newcastle,Islington
3,23,United,Islington
3,23,Watford,Islington
3,23,City,Islington
3,23,Leicester,Islington
3,23,Chelsea,Islington
3,23,Brighton,Islington
3,23,United,Newcastle
3,23,Watford,Newcastle
3,23,City,Newcastle
3,23,Leicester,Newcastle
3,23,Chelsea,Newcastle
3,23,Brighton,Newcastle
3,23,Watford,United
3,23,City,United
3,23,Leicester,United
3,23,Chelsea,United
3,23,Brighton,United
3,23,City,Watford
3,23,Leicester,Watford
3,23,Chelsea,Watford
3,23,Brighton,Watford
3,23,Leicester,City
3,23,Chelsea,City
3,23,Brighton,City
3,23,Chelsea,Leicester
3,23,Brighton,Leicester
3,23,Brighton,Chelsea
3,26,Liverpool,Tottenham
3,26,Aston,Tottenham
3,26,Everton,Tottenham
3,26,Wolverhampton,Tottenham
3,26,Southampton,Tottenham
3,26,West Ham,Tottenham
3,26,Palace,Tottenham
3,26,Burnley,Tottenham
3,26,Brentford,Tottenham
3,26,Leeds,Tottenham
3,26,Norwich,Tottenham
3,26,Islington,Tottenham
3,26,Newcastle,Tottenham
3,26,United,Tottenham
3,26,Watford,Tottenham
3,26,City,Tottenham
3,26,Leicester,Tottenham
3,26,Chelsea,Tottenham
3,26,Brighton,Tottenham
3,26,Aston,Liverpool
3,26,Everton,Liverpool
3,26,Wolverhampton,Liverpool
3,26,Southampton,Liverpool
3,26,West Ham,Liverpool
3,26,Palace,Liverpool
3,26,Burnley,Liverpool
3,26,Brentford,Liverpool
3,26,Leeds,Liverpool
3,26,Norwich,Liverpool
3,26,Islington,Liverpool
3,26,Newcastle,Liverpool
3,26,United,Liverpool
3,26,Watford,Liverpool
3,26,City,Liverpool
3,26,Leicester,Liverpool
3,26,Chelsea,Liverpool
3,26,Brighton,Liverpool
3,26,Everton,Aston
3,26,Wolverhampton,Aston
3,26,Southampton,Aston
3,26,West Ham,Aston
3,26,Palace,Aston
3,26,Burnley,Aston
3,26,Brentford,Aston
3,26,Leeds,Aston
3,26,Norwich,Aston
3,26,Islington,Aston
3,26,Newcastle,Aston
3,26,United,Aston
3,26,Watford,Aston
3,26,City,Aston
3,26,Leicester,Aston
3,26,Chelsea,Aston
3,26,Brighton,Aston
3,26,Wolverhampton,Everton
3,26,Southampton,Everton
3,26,West Ham,Everton
3,26,Palace,Everton
3,26,Burnley,Everton
3,26,Brentford,Everton
3,26,Leeds,Everton
3,26,Norwich,Everton
3,26,Islington,Everton
3,26,Newcastle,Everton
3,26,United,Everton
3,26,Watford,Everton
3,26,City,Everton
3,26,Leicester,Everton
3,26,Chelsea,Everton
3,26,Brighton,Everton
3,26,Southampton,Wolverhampton
3,26,West Ham,Wolverhampton
3,26,Palace,Wolverhampton
3,26,Burnley,Wolverhampton
3,26,Brentford,Wolverhampton
3,26,Leeds,Wolverhampton
3,26,Norwich,Wolverhampton
3,26,Islington,Wolverhampton
3,26,Newcastle,Wolverhampton
3,26,United,Wolverhampton
3,26,Watford,Wolverhampton
3,26,City,Wolverhampton
3,26,Leicester,Wolverhampton
3,26,Chelsea,Wolverhampton
3,26,Brighton,Wolverhampton
3,26,West Ham,Southampton
3,26,Palace,Southampton
3,26,Burnley,Southampton
3,26,Brentford,Southampton
3,26,Leeds,Southampton
3,26,Norwich,Southampton
3,26,Islington,Southampton
3,26,Newcastle,Southampton
3,26,United,Southampton
3,26,Watford,Southampton
3,26,City,Southampton
3,26,Leicester,Southampton
3,26,Chelsea,Southampton
3,26,Brighton,Southampton
3,26,Palace,West Ham
3,26,Burnley,West Ham
3,26,Brentford,West Ham
3,26,Leeds,West Ham
3,26,Norwich,West Ham
3,26,Islington,West Ham
3,26,Newcastle,West Ham
3,26,United,West Ham
3,26,Watford,West Ham
3,26,City,West Ham
3,26,Leicester,West Ham
3,26,Chelsea,West Ham
3,26,Brighton,West Ham
3,26,Burnley,Palace
3,26,Brentford,Palace
3,26,Leeds,Palace
3,26,Norwich,Palace
3,26,Islington,Palace
3,26,Newcastle,Palace
3,26,United,Palace
3,26,Watford,Palace
3,26,City,Palace
3,26,Leicester,Palace
3,26,Chelsea,Palace
3,26,Brighton,Palace
3,26,Brentford,Burnley
3,26,Leeds,Burnley
3,26,Norwich,Burnley
3,26,Islington,Burnley
3,26,Newcastle,Burnley
3,26,United,Burnley
3,26,Watford,Burnley
3,26,City,Burnley
3,26,Leicester,Burnley
3,26,Chelsea,Burnley
3,26,Brighton,Burnley
3,26,Leeds,Brentford
3,26,Norwich,Brentford
3,26,Islington,Brentford
3,26,Newcastle,Brentford
3,26,United,Brentford
3,26,Watford,Brentford
3,26,City,Brentford
3,26,Leicester,Brentford
3,26,Chelsea,Brentford
3,26,Brighton,Brentford
3,26,Norwich,Leeds
3,26,Islington,Leeds
3,26,Newcastle,Leeds
3,26,United,Leeds
3,26,Watford,Leeds
3,26,City,Leeds
3,26,Leicester,Leeds
3,26,Chelsea,Leeds
3,26,Brighton,Leeds
3,26,Islington,Norwich
3,26,Newcastle,Norwich
3,26,United,Norwich
3,26,Watford,Norwich
3,26,City,Norwich
3,26,Leicester,Norwich
3,26,Chelsea,Norwich
3,26,Brighton,Norwich
3,26,Newcastle,Islington
3,26,United,Islington
3,26,Watford,Islington
3,26,City,Islington
3,26,Leicester,Islington
3,26,Chelsea,Islington
3,26,Brighton,Islington
3,26,United,Newcastle
3,26,Watford,Newcastle
3,26,City,Newcastle
3,26,Leicester,Newcastle
3,26,Chelsea,Newcastle
3,26,Brighton,Newcastle
3,26,Watford,United
3,26,City,United
3,26,Leicester,United
3,26,Chelsea,United
3,26,Brighton,United
3,26,City,Watford
3,26,Leicester,Watford
3,26,Chelsea,Watford
3,26,Brighton,Watford
3,26,Leicester,City
3,26,Chelsea,City
3,26,Brighton,City
3,26,Chelsea,Leicester
3,26,Brighton,Leicester
3,26,Brighton,Chelsea
3,29,Liverpool,Tottenham
3,29,Aston,Tottenham
3,29,Everton,Tottenham
3,29,Wolverhampton,Tottenham
3,29,Southampton,Tottenham
3,29,West Ham,Tottenham
3,29,Palace,Tottenham
3,29,Burnley,Tottenham
3,29,Brentford,Tottenham
3,29,Leeds,Tottenham
3,29,Norwich,Tottenham
3,29,Islington,Tottenham
3,29,Newcastle,Tottenham
3,29,United,Tottenham
3,29,Watford,Tottenham
3,29,City,Tottenham
3,29,Leicester,Tottenham
3,29,Chelsea,Tottenham
3,29,Brighton,Tottenham
3,29,Aston,Liverpool
3,29,Everton,Liverpool
3,29,Wolverhampton,Liverpool
3,29,Southampton,Liverpool
3,29,West Ham,Liverpool
3,29,Palace,Liverpool
3,29,Burnley,Liverpool
3,29,Brentford,Liverpool
3,29,Leeds,Liverpool
3,29,Norwich,Liverpool
3,29,Islington,Liverpool
3,29,Newcastle,Liverpool
3,29,United,Liverpool
3,29,Watford,Liverpool
3,29,City,Liverpool
3,29,Leicester,Liverpool
3,29,Chelsea,Liverpool
3,29,Brighton,Liverpool
3,29,Everton,Aston
3,29,Wolverhampton,Aston
3,29,Southampton,Aston
3,29,West Ham,Aston
3,29,Palace,Aston
3,29,Burnley,Aston
3,29,Brentford,Aston
3,29,Leeds,Aston
3,29,Norwich,Aston
3,29,Islington,Aston
3,29,Newcastle,Aston
3,29,United,Aston
3,29,Watford,Aston
3,29,City,Aston
3,29,Leicester,Aston
3,29,Chelsea,Aston
3,29,Brighton,Aston
3,29,Wolverhampton,Everton
3,29,Southampton,Everton
3,29,West Ham,Everton
3,29,Palace,Everton
3,29,Burnley,Everton
3,29,Brentford,Everton
3,29,Leeds,Everton
3,29,Norwich,Everton
3,29,Islington,Everton
3,29,Newcastle,Everton
3,29,United,Everton
3,29,Watford,Everton
3,29,City,Everton
3,29,Leicester,Everton
3,29,Chelsea,Everton
3,29,Brighton,Everton
3,29,Southampton,Wolverhampton
3,29,West Ham,Wolverhampton
3,29,Palace,Wolverhampton
3,29,Burnley,Wolverhampton
3,29,Brentford,Wolverhampton
3,29,Leeds,Wolverhampton
3,29,Norwich,Wolverhampton
3,29,Islington,Wolverhampton
3,29,Newcastle,Wolverhampton
3,29,United,Wolverhampton
3,29,Watford,Wolverhampton
3,29,City,Wolverhampton
3,29,Leicester,Wolverhampton
3,29,Chelsea,Wolverhampton
3,29,Brighton,Wolverhampton
3,29,West Ham,Southampton
3,29,Palace,Southampton
3,29,Burnley,Southampton
3,29,Brentford,Southampton
3,29,Leeds,Southampton
3,29,Norwich,Southampton
3,29,Islington,Southampton
3,29,Newcastle,Southampton
3,29,United,Southampton
3,29,Watford,Southampton
3,29,City,Southampton
3,29,Leicester,Southampton
3,29,Chelsea,Southampton
3,29,Brighton,Southampton
3,29,Palace,West Ham
3,29,Burnley,West Ham
3,29,Brentford,West Ham
3,29,Leeds,West Ham
3,29,Norwich,West Ham
3,29,Islington,West Ham
3,29,Newcastle,West Ham
3,29,United,West Ham
3,29,Watford,West Ham
3,29,City,West Ham
3,29,Leicester,West Ham
3,29,Chelsea,West Ham
3,29,Brighton,West Ham
3,29,Burnley,Palace
3,29,Brentford,Palace
3,29,Leeds,Palace
3,29,Norwich,Palace
3,29,Islington,Palace
3,29,Newcastle,Palace
3,29,United,Palace
3,29,Watford,Palace
3,29,City,Palace
3,29,Leicester,Palace
3,29,Chelsea,Palace
3,29,Brighton,Palace
3,29,Brentford,Burnley
3,29,Leeds,Burnley
3,29,Norwich,Burnley
3,29,Islington,Burnley
3,29,Newcastle,Burnley
3,29,United,Burnley
3,29,Watford,Burnley
3,29,City,Burnley
3,29,Leicester,Burnley
3,29,Chelsea,Burnley
3,29,Brighton,Burnley
3,29,Leeds,Brentford
3,29,Norwich,Brentford
3,29,Islington,Brentford
3,29,Newcastle,Brentford
3,29,United,Brentford
3,29,Watford,Brentford
3,29,City,Brentford
3,29,Leicester,Brentford
3,29,Chelsea,Brentford
3,29,Brighton,Brentford
3,29,Norwich,Leeds
3,29,Islington,Leeds
3,29,Newcastle,Leeds
3,29,United,Leeds
3,29,Watford,Leeds
3,29,City,Leeds
3,29,Leicester,Leeds
3,29,Chelsea,Leeds
3,29,Brighton,Leeds
3,29,Islington,Norwich
3,29,Newcastle,Norwich
3,29,United,Norwich
3,29,Watford,Norwich
3,29,City,Norwich
3,29,Leicester,Norwich
3,29,Chelsea,Norwich
3,29,Brighton,Norwich
3,29,Newcastle,Islington
3,29,United,Islington
3,29,Watford,Islington
3,29,City,Islington
3,29,Leicester,Islington
3,29,Chelsea,Islington
3,29,Brighton,Islington
3,29,United,Newcastle
3,29,Watford,Newcastle
3,29,City,Newcastle
3,29,Leicester,Newcastle
3,29,Chelsea,Newcastle
3,29,Brighton,Newcastle
3,29,Watford,United
3,29,City,United
3,29,Leicester,United
3,29,Chelsea,United
3,29,Brighton,United
3,29,City,Watford
3,29,Leicester,Watford
3,29,Chelsea,Watford
3,29,Brighton,Watford
3,29,Leicester,City
3,29,Chelsea,City
3,29,Brighton,City
3,29,Chelsea,Leicester
3,29,Brighton,Leicester
3,29,Brighton,Chelsea
3,32,Liverpool,Tottenham
3,32,Aston,Tottenham
3,32,Everton,Tottenham
3,32,Wolverhampton,Tottenham
3,32,Southampton,Tottenham
3,32,West Ham,Tottenham
3,32,Palace,Tottenham
3,32,Burnley,Tottenham
3,32,Brentford,Tottenham
3,32,Leeds,Tottenham
3,32,Norwich,Tottenham
3,32,Islington,Tottenham
3,32,Newcastle,Tottenham
3,32,United,Tottenham
3,32,Watford,Tottenham
3,32,City,Tottenham
3,32,Leicester,Tottenham
3,32,Chelsea,Tottenham
3,32,Brighton,Tottenham
3,32,Aston,Liverpool
3,32,Everton,Liverpool
3,32,Wolverhampton,Liverpool
3,32,Southampton,Liverpool
3,32,West Ham,Liverpool
3,32,Palace,Liverpool
3,32,Burnley,Liverpool
3,32,Brentford,Liverpool
3,32,Leeds,Liverpool
3,32,Norwich,Liverpool
3,32,Islington,Liverpool
3,32,Newcastle,Liverpool
3,32,United,Liverpool
3,32,Watford,Liverpool
3,32,City,Liverpool
3,32,Leicester,Liverpool
3,32,Chelsea,Liverpool
3,32,Brighton,Liverpool
3,32,Everton,Aston
3,32,Wolverhampton,Aston
3,32,Southampton,Aston
3,32,West Ham,Aston
3,32,Palace,Aston
3,32,Burnley,Aston
3,32,Brentford,Aston
3,32,Leeds,Aston
3,32,Norwich,Aston
3,32,Islington,Aston
3,32,Newcastle,Aston
3,32,United,Aston
3,32,Watford,Aston
3,32,City,Aston
3,32,Leicester,Aston
3,32,Chelsea,Aston
3,32,Brighton,Aston
3,32,Wolverhampton,Everton
3,32,Southampton,Everton
3,32,West Ham,Everton
3,32,Palace,Everton
3,32,Burnley,Everton
3,32,Brentford,Everton
3,32,Leeds,Everton
3,32,Norwich,Everton
3,32,Islington,Everton
3,32,Newcastle,Everton
3,32,United,Everton
3,32,Watford,Everton
3,32,City,Everton
3,32,Leicester,Everton
3,32,Chelsea,Everton
3,32,Brighton,Everton
3,32,Southampton,Wolverhampton
3,32,West Ham,Wolverhampton
3,32,Palace,Wolverhampton
3,32,Burnley,Wolverhampton
3,32,Brentford,Wolverhampton
3,32,Leeds,Wolverhampton
3,32,Norwich,Wolverhampton
3,32,Islington,Wolverhampton
3,32,Newcastle,Wolverhampton
3,32,United,Wolverhampton
3,32,Watford,Wolverhampton
3,32,City,Wolverhampton
3,32,Leicester,Wolverhampton
3,32,Chelsea,Wolverhampton
3,32,Brighton,Wolverhampton
3,32,West Ham,Southampton
3,32,Palace,Southampton
3,32,Burnley,Southampton
3,32,Brentford,Southampton
3,32,Leeds,Southampton
3,32,Norwich,Southampton
3,32,Islington,Southampton
3,32,Newcastle,Southampton
3,32,United,Southampton
3,32,Watford,Southampton
3,32,City,Southampton
3,32,Leicester,Southampton
3,32,Chelsea,Southampton
3,32,Brighton,Southampton
3,32,Palace,West Ham
3,32,Burnley,West Ham
3,32,Brentford,West Ham
3,32,Leeds,West Ham
3,32,Norwich,West Ham
3,32,Islington,West Ham
3,32,Newcastle,West Ham
3,32,United,West Ham
3,32,Watford,West Ham
3,32,City,West Ham
3,32,Leicester,West Ham
3,32,Chelsea,West Ham
3,32,Brighton,West Ham
3,32,Burnley,Palace
3,32,Brentford,Palace
3,32,Leeds,Palace
3,32,Norwich,Palace
3,32,Islington,Palace
3,32,Newcastle,Palace
3,32,United,Palace
3,32,Watford,Palace
3,32,City,Palace
3,32,Leicester,Palace
3,32,Chelsea,Palace
3,32,Brighton,Palace
3,32,Brentford,Burnley
3,32,Leeds,Burnley
3,32,Norwich,Burnley
3,32,Islington,Burnley
3,32,Newcastle,Burnley
3,32,United,Burnley
3,32,Watford,Burnley
3,32,City,Burnley
3,32,Leicester,Burnley
3,32,Chelsea,Burnley
3,32,Brighton,Burnley
3,32,Leeds,Brentford
3,32,Norwich,Brentford
3,32,Islington,Brentford
3,32,Newcastle,Brentford
3,32,United,Brentford
3,32,Watford,Brentford
3,32,City,Brentford
3,32,Leicester,Brentford
3,32,Chelsea,Brentford
3,32,Brighton,Brentford
3,32,Norwich,Leeds
3,32,Islington,Leeds
3,32,Newcastle,Leeds
3,32,United,Leeds
3,32,Watford,Leeds
3,32,City,Leeds
3,32,Leicester,Leeds
3,32,Chelsea,Leeds
3,32,Brighton,Leeds
3,32,Islington,Norwich
3,32,Newcastle,Norwich
3,32,United,Norwich
3,32,Watford,Norwich
3,32,City,Norwich
3,32,Leicester,Norwich
3,32,Chelsea,Norwich
3,32,Brighton,Norwich
3,32,Newcastle,Islington
3,32,United,Islington
3,32,Watford,Islington
3,32,City,Islington
3,32,Leicester,Islington
3,32,Chelsea,Islington
3,32,Brighton,Islington
3,32,United,Newcastle
3,32,Watford,Newcastle
3,32,City,Newcastle
3,32,Leicester,Newcastle
3,32,Chelsea,Newcastle
3,32,Brighton,Newcastle
3,32,Watford,United
3,32,City,United
3,32,Leicester,United
3,32,Chelsea,United
3,32,Brighton,United
3,32,City,Watford
3,32,Leicester,Watford
3,32,Chelsea,Watford
3,32,Brighton,Watford
3,32,Leicester,City
3,32,Chelsea,City
3,32,Brighton,City
3,32,Chelsea,Leicester
3,32,Brighton,Leicester
3,32,Brighton,Chelsea
3,35,Liverpool,Tottenham
3,35,Aston,Tottenham
3,35,Everton,Tottenham
3,35,Wolverhampton,Tottenham
3,35,Southampton,Tottenham
3,35,West Ham,Tottenham
3,35,Palace,Tottenham
3,35,Burnley,Tottenham
3,35,Brentford,Tottenham
3,35,Leeds,Tottenham
3,35,Norwich,Tottenham
3,35,Islington,Tottenham
3,35,Newcastle,Tottenham
3,35,United,Tottenham
3,35,Watford,Tottenham
3,35,City,Tottenham
3,35,Leicester,Tottenham
3,35,Chelsea,Tottenham
3,35,Brighton,Tottenham
3,35,Aston,Liverpool
3,35,Everton,Liverpool
3,35,Wolverhampton,Liverpool
3,35,Southampton,Liverpool
3,35,West Ham,Liverpool
3,35,Palace,Liverpool
3,35,Burnley,Liverpool
3,35,Brentford,Liverpool
3,35,Leeds,Liverpool
3,35,Norwich,Liverpool
3,35,Islington,Liverpool
3,35,Newcastle,Liverpool
3,35,United,Liverpool
3,35,Watford,Liverpool
3,35,City,Liverpool
3,35,Leicester,Liverpool
3,35,Chelsea,Liverpool
3,35,Brighton,Liverpool
3,35,Everton,Aston
3,35,Wolverhampton,Aston
3,35,Southampton,Aston
3,35,West Ham,Aston
3,35,Palace,Aston
3,35,Burnley,Aston
3,35,Brentford,Aston
3,35,Leeds,Aston
3,35,Norwich,Aston
3,35,Islington,Aston
3,35,Newcastle,Aston
3,35,United,Aston
3,35,Watford,Aston
3,35,City,Aston
3,35,Leicester,Aston
3,35,Chelsea,Aston
3,35,Brighton,Aston
3,35,Wolverhampton,Everton
3,35,Southampton,Everton
3,35,West Ham,Everton
3,35,Palace,Everton
3,35,Burnley,Everton
3,35,Brentford,Everton
3,35,Leeds,Everton
3,35,Norwich,Everton
3,35,Islington,Everton
3,35,Newcastle,Everton
3,35,United,Everton
3,35,Watford,Everton
3,35,City,Everton
3,35,Leicester,Everton
3,35,Chelsea,Everton
3,35,Brighton,Everton
3,35,Southampton,Wolverhampton
3,35,West Ham,Wolverhampton
3,35,Palace,Wolverhampton
3,35,Burnley,Wolverhampton
3,35,Brentford,Wolverhampton
3,35,Leeds,Wolverhampton
3,35,Norwich,Wolverhampton
3,35,Islington,Wolverhampton
3,35,Newcastle,Wolverhampton
3,35,United,Wolverhampton
3,35,Watford,Wolverhampton
3,35,City,Wolverhampton
3,35,Leicester,Wolverhampton
3,35,Chelsea,Wolverhampton
3,35,Brighton,Wolverhampton
3,35,West Ham,Southampton
3,35,Palace,Southampton
3,35,Burnley,Southampton
3,35,Brentford,Southampton
3,35,Leeds,Southampton
3,35,Norwich,Southampton
3,35,Islington,Southampton
3,35,Newcastle,Southampton
3,35,United,Southampton
3,35,Watford,Southampton
3,35,City,Southampton
3,35,Leicester,Southampton
3,35,Chelsea,Southampton
3,35,Brighton,Southampton
3,35,Palace,West Ham
3,35,Burnley,West Ham
3,35,Brentford,West Ham
3,35,Leeds,West Ham
3,35,Norwich,West Ham
3,35,Islington,West Ham
3,35,Newcastle,West Ham
3,35,United,West Ham
3,35,Watford,West Ham
3,35,City,West Ham
3,35,Leicester,West Ham
3,35,Chelsea,West Ham
3,35,Brighton,West Ham
3,35,Burnley,Palace
3,35,Brentford,Palace
3,35,Leeds,Palace
3,35,Norwich,Palace
3,35,Islington,Palace
3,35,Newcastle,Palace
3,35,United,Palace
3,35,Watford,Palace
3,35,City,Palace
3,35,Leicester,Palace
3,35,Chelsea,Palace
3,35,Brighton,Palace
3,35,Brentford,Burnley
3,35,Leeds,Burnley
3,35,Norwich,Burnley
3,35,Islington,Burnley
3,35,Newcastle,Burnley
3,35,United,Burnley
3,35,Watford,Burnley
3,35,City,Burnley
3,35,Leicester,Burnley
3,35,Chelsea,Burnley
3,35,Brighton,Burnley
3,35,Leeds,Brentford
3,35,Norwich,Brentford
3,35,Islington,Brentford
3,35,Newcastle,Brentford
3,35,United,Brentford
3,35,Watford,Brentford
3,35,City,Brentford
3,35,Leicester,Brentford
3,35,Chelsea,Brentford
3,35,Brighton,Brentford
3,35,Norwich,Leeds
3,35,Islington,Leeds
3,35,Newcastle,Leeds
3,35,United,Leeds
3,35,Watford,Leeds
3,35,City,Leeds
3,35,Leicester,Leeds
3,35,Chelsea,Leeds
3,35,Brighton,Leeds
3,35,Islington,Norwich
3,35,Newcastle,Norwich
3,35,United,Norwich
3,35,Watford,Norwich
3,35,City,Norwich
3,35,Leicester,Norwich
3,35,Chelsea,Norwich
3,35,Brighton,Norwich
3,35,Newcastle,Islington
3,35,United,Islington
3,35,Watford,Islington
3,35,City,Islington
3,35,Leicester,Islington
3,35,Chelsea,Islington
3,35,Brighton,Islington
3,35,United,Newcastle
3,35,Watford,Newcastle
3,35,City,Newcastle
3,35,Leicester,Newcastle
3,35,Chelsea,Newcastle
3,35,Brighton,Newcastle
3,35,Watford,United
3,35,City,United
3,35,Leicester,United
3,35,Chelsea,United
3,35,Brighton,United
3,35,City,Watford
3,35,Leicester,Watford
3,35,Chelsea,Watford
3,35,Brighton,Watford
3,35,Leicester,City
3,35,Chelsea,City
3,35,Brighton,City
3,35,Chelsea,Leicester
3,35,Brighton,Leicester
3,35,Brighton,Chelsea
3,38,Liverpool,Tottenham
3,38,Aston,Tottenham
3,38,Everton,Tottenham
3,38,Wolverhampton,Tottenham
3,38,Southampton,Tottenham
3,38,West Ham,Tottenham
3,38,Palace,Tottenham
3,38,Burnley,Tottenham
3,38,Brentford,Tottenham
3,38,Leeds,Tottenham
3,38,Norwich,Tottenham
3,38,Islington,Tottenham
3,38,Newcastle,Tottenham
3,38,United,Tottenham
3,38,Watford,Tottenham
3,38,City,Tottenham
3,38,Leicester,Tottenham
3,38,Chelsea,Tottenham
3,38,Brighton,Tottenham
3,38,Aston,Liverpool
3,38,Everton,Liverpool
3,38,Wolverhampton,Liverpool
3,38,Southampton,Liverpool
3,38,West Ham,Liverpool
3,38,Palace,Liverpool
3,38,Burnley,Liverpool
3,38,Brentford,Liverpool
3,38,Leeds,Liverpool
3,38,Norwich,Liverpool
3,38,Islington,Liverpool
3,38,Newcastle,Liverpool
3,38,United,Liverpool
3,38,Watford,Liverpool
3,38,City,Liverpool
3,38,Leicester,Liverpool
3,38,Chelsea,Liverpool
3,38,Brighton,Liverpool
3,38,Everton,Aston
3,38,Wolverhampton,Aston
3,38,Southampton,Aston
3,38,West Ham,Aston
3,38,Palace,Aston
3,38,Burnley,Aston
3,38,Brentford,Aston
3,38,Leeds,Aston
3,38,Norwich,Aston
3,38,Islington,Aston
3,38,Newcastle,Aston
3,38,United,Aston
3,38,Watford,Aston
3,38,City,Aston
3,38,Leicester,Aston
3,38,Chelsea,Aston
3,38,Brighton,Aston
3,38,Wolverhampton,Everton
3,38,Southampton,Everton
3,38,West Ham,Everton
3,38,Palace,Everton
3,38,Burnley,Everton
3,38,Brentford,Everton
3,38,Leeds,Everton
3,38,Norwich,Everton
3,38,Islington,Everton
3,38,Newcastle,Everton
3,38,United,Everton
3,38,Watford,Everton
3,38,City,Everton
3,38,Leicester,Everton
3,38,Chelsea,Everton
3,38,Brighton,Everton
3,38,Southampton,Wolverhampton
3,38,West Ham,Wolverhampton
3,38,Palace,Wolverhampton
3,38,Burnley,Wolverhampton
3,38,Brentford,Wolverhampton
3,38,Leeds,Wolverhampton
3,38,Norwich,Wolverhampton
3,38,Islington,Wolverhampton
3,38,Newcastle,Wolverhampton
3,38,United,Wolverhampton
3,38,Watford,Wolverhampton
3,38,City,Wolverhampton
3,38,Leicester,Wolverhampton
3,38,Chelsea,Wolverhampton
3,38,Brighton,Wolverhampton
3,38,West Ham,Southampton
3,38,Palace,Southampton
3,38,Burnley,Southampton
3,38,Brentford,Southampton
3,38,Leeds,Southampton
3,38,Norwich,Southampton
3,38,Islington,Southampton
3,38,Newcastle,Southampton
3,38,United,Southampton
3,38,Watford,Southampton
3,38,City,Southampton
3,38,Leicester,Southampton
3,38,Chelsea,Southampton
3,38,Brighton,Southampton
3,38,Palace,West Ham
3,38,Burnley,West Ham
3,38,Brentford,West Ham
3,38,Leeds,West Ham
3,38,Norwich,West Ham
3,38,Islington,West Ham
3,38,Newcastle,West Ham
3,38,United,West Ham
3,38,Watford,West Ham
3,38,City,West Ham
3,38,Leicester,West Ham
3,38,Chelsea,West Ham
3,38,Brighton,West Ham
3,38,Burnley,Palace
3,38,Brentford,Palace
3,38,Leeds,Palace
3,38,Norwich,Palace
3,38,Islington,Palace
3,38,Newcastle,Palace
3,38,United,Palace
3,38,Watford,Palace
3,38,City,Palace
3,38,Leicester,Palace
3,38,Chelsea,Palace
3,38,Brighton,Palace
3,38,Brentford,Burnley
3,38,Leeds,Burnley
3,38,Norwich,Burnley
3,38,Islington,Burnley
3,38,Newcastle,Burnley
3,38,United,Burnley
3,38,Watford,Burnley
3,38,City,Burnley
3,38,Leicester,Burnley
3,38,Chelsea,Burnley
3,38,Brighton,Burnley
3,38,Leeds,Brentford
3,38,Norwich,Brentford
3,38,Islington,Brentford
3,38,Newcastle,Brentford
3,38,United,Brentford
3,38,Watford,Brentford
3,38,City,Brentford
3,38,Leicester,Brentford
3,38,Chelsea,Brentford
3,38,Brighton,Brentford
3,38,Norwich,Leeds
3,38,Islington,Leeds
3,38,Newcastle,Leeds
3,38,United,Leeds
3,38,Watford,Leeds
3,38,City,Leeds
3,38,Leicester,Leeds
3,38,Chelsea,Leeds
3,38,Brighton,Leeds
3,38,Islington,Norwich
3,38,Newcastle,Norwich
3,38,United,Norwich
3,38,Watford,Norwich
3,38,City,Norwich
3,38,Leicester,Norwich
3,38,Chelsea,Norwich
3,38,Brighton,Norwich
3,38,Newcastle,Islington
3,38,United,Islington
3,38,Watford,Islington
3,38,City,Islington
3,38,Leicester,Islington
3,38,Chelsea,Islington
3,38,Brighton,Islington
3,38,United,Newcastle
3,38,Watford,Newcastle
3,38,City,Newcastle
3,38,Leicester,Newcastle
3,38,Chelsea,Newcastle
3,38,Brighton,Newcastle
3,38,Watford,United
3,38,City,United
3,38,Leicester,United
3,38,Chelsea,United
3,38,Brighton,United
3,38,City,Watford
3,38,Leicester,Watford
3,38,Chelsea,Watford
3,38,Brighton,Watford
3,38,Leicester,City
3,38,Chelsea,City
3,38,Brighton,City
3,38,Chelsea,Leicester
3,38,Brighton,Leicester
3,38,Brighton,Chelsea
3,41,Liverpool,Tottenham
3,41,Aston,Tottenham
3,41,Everton,Tottenham
3,41,Wolverhampton,Tottenham
3,41,Southampton,Tottenham
3,41,West Ham,Tottenham
3,41,Palace,Tottenham
3,41,Burnley,Tottenham
3,41,Brentford,Tottenham
3,41,Leeds,Tottenham
3,41,Norwich,Tottenham
3,41,Islington,Tottenham
3,41,Newcastle,Tottenham
3,41,United,Tottenham
3,41,Watford,Tottenham
3,41,City,Tottenham
3,41,Leicester,Tottenham
3,41,Chelsea,Tottenham
3,41,Brighton,Tottenham
3,41,Aston,Liverpool
3,41,Everton,Liverpool
3,41,Wolverhampton,Liverpool
3,41,Southampton,Liverpool
3,41,West Ham,Liverpool
3,41,Palace,Liverpool
3,41,Burnley,Liverpool
3,41,Brentford,Liverpool
3,41,Leeds,Liverpool
3,41,Norwich,Liverpool
3,41,Islington,Liverpool
3,41,Newcastle,Liverpool
3,41,United,Liverpool
3,41,Watford,Liverpool
3,41,City,Liverpool
3,41,Leicester,Liverpool
3,41,Chelsea,Liverpool
3,41,Brighton,Liverpool
3,41,Everton,Aston
3,41,Wolverhampton,Aston
3,41,Southampton,Aston
3,41,West Ham,Aston
3,41,Palace,Aston
3,41,Burnley,Aston
3,41,Brentford,Aston
3,41,Leeds,Aston
3,41,Norwich,Aston
3,41,Islington,Aston
3,41,Newcastle,Aston
3,41,United,Aston
3,41,Watford,Aston
3,41,City,Aston
3,41,Leicester,Aston
3,41,Chelsea,Aston
3,41,Brighton,Aston
3,41,Wolverhampton,Everton
3,41,Southampton,Everton
3,41,West Ham,Everton
3,41,Palace,Everton
3,41,Burnley,Everton
3,41,Brentford,Everton
3,41,Leeds,Everton
3,41,Norwich,Everton
3,41,Islington,Everton
3,41,Newcastle,Everton
3,41,United,Everton
3,41,Watford,Everton
3,41,City,Everton
3,41,Leicester,Everton
3,41,Chelsea,Everton
3,41,Brighton,Everton
3,41,Southampton,Wolverhampton
3,41,West Ham,Wolverhampton
3,41,Palace,Wolverhampton
3,41,Burnley,Wolverhampton
3,41,Brentford,Wolverhampton
3,41,Leeds,Wolverhampton
3,41,Norwich,Wolverhampton
3,41,Islington,Wolverhampton
3,41,Newcastle,Wolverhampton
3,41,United,Wolverhampton
3,41,Watford,Wolverhampton
3,41,City,Wolverhampton
3,41,Leicester,Wolverhampton
3,41,Chelsea,Wolverhampton
3,41,Brighton,Wolverhampton
3,41,West Ham,Southampton
3,41,Palace,Southampton
3,41,Burnley,Southampton
3,41,Brentford,Southampton
3,41,Leeds,Southampton
3,41,Norwich,Southampton
3,41,Islington,Southampton
3,41,Newcastle,Southampton
3,41,United,Southampton
3,41,Watford,Southampton
3,41,City,Southampton
3,41,Leicester,Southampton
3,41,Chelsea,Southampton
3,41,Brighton,Southampton
3,41,Palace,West Ham
3,41,Burnley,West Ham
3,41,Brentford,West Ham
3,41,Leeds,West Ham
3,41,Norwich,West Ham
3,41,Islington,West Ham
3,41,Newcastle,West Ham
3,41,United,West Ham
3,41,Watford,West Ham
3,41,City,West Ham
3,41,Leicester,West Ham
3,41,Chelsea,West Ham
3,41,Brighton,West Ham
3,41,Burnley,Palace
3,41,Brentford,Palace
3,41,Leeds,Palace
3,41,Norwich,Palace
3,41,Islington,Palace
3,41,Newcastle,Palace
3,41,United,Palace
3,41,Watford,Palace
3,41,City,Palace
3,41,Leicester,Palace
3,41,Chelsea,Palace
3,41,Brighton,Palace
3,41,Brentford,Burnley
3,41,Leeds,Burnley
3,41,Norwich,Burnley
3,41,Islington,Burnley
3,41,Newcastle,Burnley
3,41,United,Burnley
3,41,Watford,Burnley
3,41,City,Burnley
3,41,Leicester,Burnley
3,41,Chelsea,Burnley
3,41,Brighton,Burnley
3,41,Leeds,Brentford
3,41,Norwich,Brentford
3,41,Islington,Brentford
3,41,Newcastle,Brentford
3,41,United,Brentford
3,41,Watford,Brentford
3,41,City,Brentford
3,41,Leicester,Brentford
3,41,Chelsea,Brentford
3,41,Brighton,Brentford
3,41,Norwich,Leeds
3,41,Islington,Leeds
3,41,Newcastle,Leeds
3,41,United,Leeds
3,41,Watford,Leeds
3,41,City,Leeds
3,41,Leicester,Leeds
3,41,Chelsea,Leeds
3,41,Brighton,Leeds
3,41,Islington,Norwich
3,41,Newcastle,Norwich
3,41,United,Norwich
3,41,Watford,Norwich
3,41,City,Norwich
3,41,Leicester,Norwich
3,41,Chelsea,Norwich
3,41,Brighton,Norwich
3,41,Newcastle,Islington
3,41,United,Islington
3,41,Watford,Islington
3,41,City,Islington
3,41,Leicester,Islington
3,41,Chelsea,Islington
3,41,Brighton,Islington
3,41,United,Newcastle
3,41,Watford,Newcastle
3,41,City,Newcastle
3,41,Leicester,Newcastle
3,41,Chelsea,Newcastle
3,41,Brighton,Newcastle
3,41,Watford,United
3,41,City,United
3,41,Leicester,United
3,41,Chelsea,United
3,41,Brighton,United
3,41,City,Watford
3,41,Leicester,Watford
3,41,Chelsea,Watford
3,41,Brighton,Watford
3,41,Leicester,City
3,41,Chelsea,City
3,41,Brighton,City
3,41,Chelsea,Leicester
3,41,Brighton,Leicester
3,41,Brighton,Chelsea
3,44,Liverpool,Tottenham
3,44,Aston,Tottenham
3,44,Everton,Tottenham
3,44,Wolverhampton,Tottenham
3,44,Southampton,Tottenham
3,44,West Ham,Tottenham
3,44,Palace,Tottenham
3,44,Burnley,Tottenham
3,44,Brentford,Tottenham
3,44,Leeds,Tottenham
3,44,Norwich,Tottenham
3,44,Islington,Tottenham
3,44,Newcastle,Tottenham
3,44,United,Tottenham
3,44,Watford,Tottenham
3,44,City,Tottenham
3,44,Leicester,Tottenham
3,44,Chelsea,Tottenham
3,44,Brighton,Tottenham
3,44,Aston,Liverpool
3,44,Everton,Liverpool
3,44,Wolverhampton,Liverpool
3,44,Southampton,Liverpool
3,44,West Ham,Liverpool
3,44,Palace,Liverpool
3,44,Burnley,Liverpool
3,44,Brentford,Liverpool
3,44,Leeds,Liverpool
3,44,Norwich,Liverpool
3,44,Islington,Liverpool
3,44,Newcastle,Liverpool
3,44,United,Liverpool
3,44,Watford,Liverpool
3,44,City,Liverpool
3,44,Leicester,Liverpool
3,44,Chelsea,Liverpool
3,44,Brighton,Liverpool
3,44,Everton,Aston
3,44,Wolverhampton,Aston
3,44,Southampton,Aston
3,44,West Ham,Aston
3,44,Palace,Aston
3,44,Burnley,Aston
3,44,Brentford,Aston
3,44,Leeds,Aston
3,44,Norwich,Aston
3,44,Islington,Aston
3,44,Newcastle,Aston
3,44,United,Aston
3,44,Watford,Aston
3,44,City,Aston
3,44,Leicester,Aston
3,44,Chelsea,Aston
3,44,Brighton,Aston
3,44,Wolverhampton,Everton
3,44,Southampton,Everton
3,44,West Ham,Everton
3,44,Palace,Everton
3,44,Burnley,Everton
3,44,Brentford,Everton
3,44,Leeds,Everton
3,44,Norwich,Everton
3,44,Islington,Everton
3,44,Newcastle,Everton
3,44,United,Everton
3,44,Watford,Everton
3,44,City,Everton
3,44,Leicester,Everton
3,44,Chelsea,Everton
3,44,Brighton,Everton
3,44,Southampton,Wolverhampton
3,44,West Ham,Wolverhampton
3,44,Palace,Wolverhampton
3,44,Burnley,Wolverhampton
3,44,Brentford,Wolverhampton
3,44,Leeds,Wolverhampton
3,44,Norwich,Wolverhampton
3,44,Islington,Wolverhampton
3,44,Newcastle,Wolverhampton
3,44,United,Wolverhampton
3,44,Watford,Wolverhampton
3,44,City,Wolverhampton
3,44,Leicester,Wolverhampton
3,44,Chelsea,Wolverhampton
3,44,Brighton,Wolverhampton
3,44,West Ham,Southampton
3,44,Palace,Southampton
3,44,Burnley,Southampton
3,44,Brentford,Southampton
3,44,Leeds,Southampton
3,44,Norwich,Southampton
3,44,Islington,Southampton
3,44,Newcastle,Southampton
3,44,United,Southampton
3,44,Watford,Southampton
3,44,City,Southampton
3,44,Leicester,Southampton
3,44,Chelsea,Southampton
3,44,Brighton,Southampton
3,44,Palace,West Ham
3,44,Burnley,West Ham
3,44,Brentford,West Ham
3,44,Leeds,West Ham
3,44,Norwich,West Ham
3,44,Islington,West Ham
3,44,Newcastle,West Ham
3,44,United,West Ham
3,44,Watford,West Ham
3,44,City,West Ham
3,44,Leicester,West Ham
3,44,Chelsea,West Ham
3,44,Brighton,West Ham
3,44,Burnley,Palace
3,44,Brentford,Palace
3,44,Leeds,Palace
3,44,Norwich,Palace
3,44,Islington,Palace
3,44,Newcastle,Palace
3,44,United,Palace
3,44,Watford,Palace
3,44,City,Palace
3,44,Leicester,Palace
3,44,Chelsea,Palace
3,44,Brighton,Palace
3,44,Brentford,Burnley
3,44,Leeds,Burnley
3,44,Norwich,Burnley
3,44,Islington,Burnley
3,44,Newcastle,Burnley
3,44,United,Burnley
3,44,Watford,Burnley
3,44,City,Burnley
3,44,Leicester,Burnley
3,44,Chelsea,Burnley
3,44,Brighton,Burnley
3,44,Leeds,Brentford
3,44,Norwich,Brentford
3,44,Islington,Brentford
3,44,Newcastle,Brentford
3,44,United,Brentford
3,44,Watford,Brentford
3,44,City,Brentford
3,44,Leicester,Brentford
3,44,Chelsea,Brentford
3,44,Brighton,Brentford
3,44,Norwich,Leeds
3,44,Islington,Leeds
3,44,Newcastle,Leeds
3,44,United,Leeds
3,44,Watford,Leeds
3,44,City,Leeds
3,44,Leicester,Leeds
3,44,Chelsea,Leeds
3,44,Brighton,Leeds
3,44,Islington,Norwich
3,44,Newcastle,Norwich
3,44,United,Norwich
3,44,Watford,Norwich
3,44,City,Norwich
3,44,Leicester,Norwich
3,44,Chelsea,Norwich
3,44,Brighton,Norwich
3,44,Newcastle,Islington
3,44,United,Islington
3,44,Watford,Islington
3,44,City,Islington
3,44,Leicester,Islington
3,44,Chelsea,Islington
3,44,Brighton,Islington
3,44,United,Newcastle
3,44,Watford,Newcastle
3,44,City,Newcastle
3,44,Leicester,Newcastle
3,44,Chelsea,Newcastle
3,44,Brighton,Newcastle
3,44,Watford,United
3,44,City,United
3,44,Leicester,United
3,44,Chelsea,United
3,44,Brighton,United
3,44,City,Watford
3,44,Leicester,Watford
3,44,Chelsea,Watford
3,44,Brighton,Watford
3,44,Leicester,City
3,44,Chelsea,City
3,44,Brighton,City
3,44,Chelsea,Leicester
3,44,Brighton,Leicester
3,44,Brighton,Chelsea
3,47,Liverpool,Tottenham
3,47,Aston,Tottenham
3,47,Everton,Tottenham
3,47,Wolverhampton,Tottenham
3,47,Southampton,Tottenham
3,47,West Ham,Tottenham
3,47,Palace,Tottenham
3,47,Burnley,Tottenham
3,47,Brentford,Tottenham
3,47,Leeds,Tottenham
3,47,Norwich,Tottenham
3,47,Islington,Tottenham
3,47,Newcastle,Tottenham
3,47,United,Tottenham
3,47,Watford,Tottenham
3,47,City,Tottenham
3,47,Leicester,Tottenham
3,47,Chelsea,Tottenham
3,47,Brighton,Tottenham
3,47,Aston,Liverpool
3,47,Everton,Liverpool
3,47,Wolverhampton,Liverpool
3,47,Southampton,Liverpool
3,47,West Ham,Liverpool
3,47,Palace,Liverpool
3,47,Burnley,Liverpool
3,47,Brentford,Liverpool
3,47,Leeds,Liverpool
3,47,Norwich,Liverpool
3,47,Islington,Liverpool
3,47,Newcastle,Liverpool
3,47,United,Liverpool
3,47,Watford,Liverpool
3,47,City,Liverpool
3,47,Leicester,Liverpool
3,47,Chelsea,Liverpool
3,47,Brighton,Liverpool
3,47,Everton,Aston
3,47,Wolverhampton,Aston
3,47,Southampton,Aston
3,47,West Ham,Aston
3,47,Palace,Aston
3,47,Burnley,Aston
3,47,Brentford,Aston
3,47,Leeds,Aston
3,47,Norwich,Aston
3,47,Islington,Aston
3,47,Newcastle,Aston
3,47,United,Aston
3,47,Watford,Aston
3,47,City,Aston
3,47,Leicester,Aston
3,47,Chelsea,Aston
3,47,Brighton,Aston
3,47,Wolverhampton,Everton
3,47,Southampton,Everton
3,47,West Ham,Everton
3,47,Palace,Everton
3,47,Burnley,Everton
3,47,Brentford,Everton
3,47,Leeds,Everton
3,47,Norwich,Everton
3,47,Islington,Everton
3,47,Newcastle,Everton
3,47,United,Everton
3,47,Watford,Everton
3,47,City,Everton
3,47,Leicester,Everton
3,47,Chelsea,Everton
3,47,Brighton,Everton
3,47,Southampton,Wolverhampton
3,47,West Ham,Wolverhampton
3,47,Palace,Wolverhampton
3,47,Burnley,Wolverhampton
3,47,Brentford,Wolverhampton
3,47,Leeds,Wolverhampton
3,47,Norwich,Wolverhampton
3,47,Islington,Wolverhampton
3,47,Newcastle,Wolverhampton
3,47,United,Wolverhampton
3,47,Watford,Wolverhampton
3,47,City,Wolverhampton
3,47,Leicester,Wolverhampton
3,47,Chelsea,Wolverhampton
3,47,Brighton,Wolverhampton
3,47,West Ham,Southampton
3,47,Palace,Southampton
3,47,Burnley,Southampton
3,47,Brentford,Southampton
3,47,Leeds,Southampton
3,47,Norwich,Southampton
3,47,Islington,Southampton
3,47,Newcastle,Southampton
3,47,United,Southampton
3,47,Watford,Southampton
3,47,City,Southampton
3,47,Leicester,Southampton
3,47,Chelsea,Southampton
3,47,Brighton,Southampton
3,47,Palace,West Ham
3,47,Burnley,West Ham
3,47,Brentford,West Ham
3,47,Leeds,West Ham
3,47,Norwich,West Ham
3,47,Islington,West Ham
3,47,Newcastle,West Ham
3,47,United,West Ham
3,47,Watford,West Ham
3,47,City,West Ham
3,47,Leicester,West Ham
3,47,Chelsea,West Ham
3,47,Brighton,West Ham
3,47,Burnley,Palace
3,47,Brentford,Palace
3,47,Leeds,Palace
3,47,Norwich,Palace
3,47,Islington,Palace
3,47,Newcastle,Palace
3,47,United,Palace
3,47,Watford,Palace
3,47,City,Palace
3,47,Leicester,Palace
3,47,Chelsea,Palace
3,47,Brighton,Palace
3,47,Brentford,Burnley
3,47,Leeds,Burnley
3,47,Norwich,Burnley
3,47,Islington,Burnley
3,47,Newcastle,Burnley
3,47,United,Burnley
3,47,Watford,Burnley
3,47,City,Burnley
3,47,Leicester,Burnley
3,47,Chelsea,Burnley
3,47,Brighton,Burnley
3,47,Leeds,Brentford
3,47,Norwich,Brentford
3,47,Islington,Brentford
3,47,Newcastle,Brentford
3,47,United,Brentford
3,47,Watford,Brentford
3,47,City,Brentford
3,47,Leicester,Brentford
3,47,Chelsea,Brentford
3,47,Brighton,Brentford
3,47,Norwich,Leeds
3,47,Islington,Leeds
3,47,Newcastle,Leeds
3,47,United,Leeds
3,47,Watford,Leeds
3,47,City,Leeds
3,47,Leicester,Leeds
3,47,Chelsea,Leeds
3,47,Brighton,Leeds
3,47,Islington,Norwich
3,47,Newcastle,Norwich
3,47,United,Norwich
3,47,Watford,Norwich
3,47,City,Norwich
3,47,Leicester,Norwich
3,47,Chelsea,Norwich
3,47,Brighton,Norwich
3,47,Newcastle,Islington
3,47,United,Islington
3,47,Watford,Islington
3,47,City,Islington
3,47,Leicester,Islington
3,47,Chelsea,Islington
3,47,Brighton,Islington
3,47,United,Newcastle
3,47,Watford,Newcastle
3,47,City,Newcastle
3,47,Leicester,Newcastle
3,47,Chelsea,Newcastle
3,47,Brighton,Newcastle
3,47,Watford,United
3,47,City,United
3,47,Leicester,United
3,47,Chelsea,United
3,47,Brighton,United
3,47,City,Watford
3,47,Leicester,Watford
3,47,Chelsea,Watford
3,47,Brighton,Watford
3,47,Leicester,City
3,47,Chelsea,City
3,47,Brighton,City
3,47,Chelsea,Leicester
3,47,Brighton,Leicester
3,47,Brighton,Chelsea
3,50,Liverpool,Tottenham
3,50,Aston,Tottenham
3,50,Everton,Tottenham
3,50,Wolverhampton,Tottenham
3,50,Southampton,Tottenham
3,50,West Ham,Tottenham
3,50,Palace,Tottenham
3,50,Burnley,Tottenham
3,50,Brentford,Tottenham
3,50,Leeds,Tottenham
3,50,Norwich,Tottenham
3,50,Islington,Tottenham
3,50,Newcastle,Tottenham
3,50,United,Tottenham
3,50,Watford,Tottenham
3,50,City,Tottenham
3,50,Leicester,Tottenham
3,50,Chelsea,Tottenham
3,50,Brighton,Tottenham
3,50,Aston,Liverpool
3,50,Everton,Liverpool
3,50,Wolverhampton,Liverpool
3,50,Southampton,Liverpool
3,50,West Ham,Liverpool
3,50,Palace,Liverpool
3,50,Burnley,Liverpool
3,50,Brentford,Liverpool
3,50,Leeds,Liverpool
3,50,Norwich,Liverpool
3,50,Islington,Liverpool
3,50,Newcastle,Liverpool
3,50,United,Liverpool
3,50,Watford,Liverpool
3,50,City,Liverpool
3,50,Leicester,Liverpool
3,50,Chelsea,Liverpool
3,50,Brighton,Liverpool
3,50,Everton,Aston
3,50,Wolverhampton,Aston
3,50,Southampton,Aston
3,50,West Ham,Aston
3,50,Palace,Aston
3,50,Burnley,Aston
3,50,Brentford,Aston
3,50,Leeds,Aston
3,50,Norwich,Aston
3,50,Islington,Aston
3,50,Newcastle,Aston
3,50,United,Aston
3,50,Watford,Aston
3,50,City,Aston
3,50,Leicester,Aston
3,50,Chelsea,Aston
3,50,Brighton,Aston
3,50,Wolverhampton,Everton
3,50,Southampton,Everton
3,50,West Ham,Everton
3,50,Palace,Everton
3,50,Burnley,Everton
3,50,Brentford,Everton
3,50,Leeds,Everton
3,50,Norwich,Everton
3,50,Islington,Everton
3,50,Newcastle,Everton
3,50,United,Everton
3,50,Watford,Everton
3,50,City,Everton
3,50,Leicester,Everton
3,50,Chelsea,Everton
3,50,Brighton,Everton
3,50,Southampton,Wolverhampton
3,50,West Ham,Wolverhampton
3,50,Palace,Wolverhampton
3,50,Burnley,Wolverhampton
3,50,Brentford,Wolverhampton
3,50,Leeds,Wolverhampton
3,50,Norwich,Wolverhampton
3,50,Islington,Wolverhampton
3,50,Newcastle,Wolverhampton
3,50,United,Wolverhampton
3,50,Watford,Wolverhampton
3,50,City,Wolverhampton
3,50,Leicester,Wolverhampton
3,50,Chelsea,Wolverhampton
3,50,Brighton,Wolverhampton
3,50,West Ham,Southampton
3,50,Palace,Southampton
3,50,Burnley,Southampton
3,50,Brentford,Southampton
3,50,Leeds,Southampton
3,50,Norwich,Southampton
3,50,Islington,Southampton
3,50,Newcastle,Southampton
3,50,United,Southampton
3,50,Watford,Southampton
3,50,City,Southampton
3,50,Leicester,Southampton
3,50,Chelsea,Southampton
3,50,Brighton,Southampton
3,50,Palace,West Ham
3,50,Burnley,West Ham
3,50,Brentford,West Ham
3,50,Leeds,West Ham
3,50,Norwich,West Ham
3,50,Islington,West Ham
3,50,Newcastle,West Ham
3,50,United,West Ham
3,50,Watford,West Ham
3,50,City,West Ham
3,50,Leicester,West Ham
3,50,Chelsea,West Ham
3,50,Brighton,West Ham
3,50,Burnley,Palace
3,50,Brentford,Palace
3,50,Leeds,Palace
3,50,Norwich,Palace
3,50,Islington,Palace
3,50,Newcastle,Palace
3,50,United,Palace
3,50,Watford,Palace
3,50,City,Palace
3,50,Leicester,Palace
3,50,Chelsea,Palace
3,50,Brighton,Palace
3,50,Brentford,Burnley
3,50,Leeds,Burnley
3,50,Norwich,Burnley
3,50,Islington,Burnley
3,50,Newcastle,Burnley
3,50,United,Burnley
3,50,Watford,Burnley
3,50,City,Burnley
3,50,Leicester,Burnley
3,50,Chelsea,Burnley
3,50,Brighton,Burnley
3,50,Leeds,Brentford
3,50,Norwich,Brentford
3,50,Islington,Brentford
3,50,Newcastle,Brentford
3,50,United,Brentford
3,50,Watford,Brentford
3,50,City,Brentford
3,50,Leicester,Brentford
3,50,Chelsea,Brentford
3,50,Brighton,Brentford
3,50,Norwich,Leeds
3,50,Islington,Leeds
3,50,Newcastle,Leeds
3,50,United,Leeds
3,50,Watford,Leeds
3,50,City,Leeds
3,50,Leicester,Leeds
3,50,Chelsea,Leeds
3,50,Brighton,Leeds
3,50,Islington,Norwich
3,50,Newcastle,Norwich
3,50,United,Norwich
3,50,Watford,Norwich
3,50,City,Norwich
3,50,Leicester,Norwich
3,50,Chelsea,Norwich
3,50,Brighton,Norwich
3,50,Newcastle,Islington
3,50,United,Islington
3,50,Watford,Islington
3,50,City,Islington
3,50,Leicester,Islington
3,50,Chelsea,Islington
3,50,Brighton,Islington
3,50,United,Newcastle
3,50,Watford,Newcastle
3,50,City,Newcastle
3,50,Leicester,Newcastle
3,50,Chelsea,Newcastle
3,50,Brighton,Newcastle
3,50,Watford,United
3,50,City,United
3,50,Leicester,United
3,50,Chelsea,United
3,50,Brighton,United
3,50,City,Watford
3,50,Leicester,Watford
3,50,Chelsea,Watford
3,50,Brighton,Watford
3,50,Leicester,City
3,50,Chelsea,City
3,50,Brighton,City
3,50,Chelsea,Leicester
3,50,Brighton,Leicester
3,50,Brighton,Chelsea
3,53,Liverpool,Tottenham
3,53,Aston,Tottenham
3,53,Everton,Tottenham
3,53,Wolverhampton,Tottenham
3,53,Southampton,Tottenham
3,53,West Ham,Tottenham
3,53,Palace,Tottenham
3,53,Burnley,Tottenham
3,53,Brentford,Tottenham
3,53,Leeds,Tottenham
3,53,Norwich,Tottenham
3,53,Islington,Tottenham
3,53,Newcastle,Tottenham
3,53,United,Tottenham
3,53,Watford,Tottenham
3,53,City,Tottenham
3,53,Leicester,Tottenham
3,53,Chelsea,Tottenham
3,53,Brighton,Tottenham
3,53,Aston,Liverpool
3,53,Everton,Liverpool
3,53,Wolverhampton,Liverpool
3,53,Southampton,Liverpool
3,53,West Ham,Liverpool
3,53,Palace,Liverpool
3,53,Burnley,Liverpool
3,53,Brentford,Liverpool
3,53,Leeds,Liverpool
3,53,Norwich,Liverpool
3,53,Islington,Liverpool
3,53,Newcastle,Liverpool
3,53,United,Liverpool
3,53,Watford,Liverpool
3,53,City,Liverpool
3,53,Leicester,Liverpool
3,53,Chelsea,Liverpool
3,53,Brighton,Liverpool
3,53,Everton,Aston
3,53,Wolverhampton,Aston
3,53,Southampton,Aston
3,53,West Ham,Aston
3,53,Palace,Aston
3,53,Burnley,Aston
3,53,Brentford,Aston
3,53,Leeds,Aston
3,53,Norwich,Aston
3,53,Islington,Aston
3,53,Newcastle,Aston
3,53,United,Aston
3,53,Watford,Aston
3,53,City,Aston
3,53,Leicester,Aston
3,53,Chelsea,Aston
3,53,Brighton,Aston
3,53,Wolverhampton,Everton
3,53,Southampton,Everton
3,53,West Ham,Everton
3,53,Palace,Everton
3,53,Burnley,Everton
3,53,Brentford,Everton
3,53,Leeds,Everton
3,53,Norwich,Everton
3,53,Islington,Everton
3,53,Newcastle,Everton
3,53,United,Everton
3,53,Watford,Everton
3,53,City,Everton
3,53,Leicester,Everton
3,53,Chelsea,Everton
3,53,Brighton,Everton
3,53,Southampton,Wolverhampton
3,53,West Ham,Wolverhampton
3,53,Palace,Wolverhampton
3,53,Burnley,Wolverhampton
3,53,Brentford,Wolverhampton
3,53,Leeds,Wolverhampton
3,53,Norwich,Wolverhampton
3,53,Islington,Wolverhampton
3,53,Newcastle,Wolverhampton
3,53,United,Wolverhampton
3,53,Watford,Wolverhampton
3,53,City,Wolverhampton
3,53,Leicester,Wolverhampton
3,53,Chelsea,Wolverhampton
3,53,Brighton,Wolverhampton
3,53,West Ham,Southampton
3,53,Palace,Southampton
3,53,Burnley,Southampton
3,53,Brentford,Southampton
3,53,Leeds,Southampton
3,53,Norwich,Southampton
3,53,Islington,Southampton
3,53,Newcastle,Southampton
3,53,United,Southampton
3,53,Watford,Southampton
3,53,City,Southampton
3,53,Leicester,Southampton
3,53,Chelsea,Southampton
3,53,Brighton,Southampton
3,53,Palace,West Ham
3,53,Burnley,West Ham
3,53,Brentford,West Ham
3,53,Leeds,West Ham
3,53,Norwich,West Ham
3,53,Islington,West Ham
3,53,Newcastle,West Ham
3,53,United,West Ham
3,53,Watford,West Ham
3,53,City,West Ham
3,53,Leicester,West Ham
3,53,Chelsea,West Ham
3,53,Brighton,West Ham
3,53,Burnley,Palace
3,53,Brentford,Palace
3,53,Leeds,Palace
3,53,Norwich,Palace
3,53,Islington,Palace
3,53,Newcastle,Palace
3,53,United,Palace
3,53,Watford,Palace
3,53,City,Palace
3,53,Leicester,Palace
3,53,Chelsea,Palace
3,53,Brighton,Palace
3,53,Brentford,Burnley
3,53,Leeds,Burnley
3,53,Norwich,Burnley
3,53,Islington,Burnley
3,53,Newcastle,Burnley
3,53,United,Burnley
3,53,Watford,Burnley
3,53,City,Burnley
3,53,Leicester,Burnley
3,53,Chelsea,Burnley
3,53,Brighton,Burnley
3,53,Leeds,Brentford
3,53,Norwich,Brentford
3,53,Islington,Brentford
3,53,Newcastle,Brentford
3,53,United,Brentford
3,53,Watford,Brentford
3,53,City,Brentford
3,53,Leicester,Brentford
3,53,Chelsea,Brentford
3,53,Brighton,Brentford
3,53,Norwich,Leeds
3,53,Islington,Leeds
3,53,Newcastle,Leeds
3,53,United,Leeds
3,53,Watford,Leeds
3,53,City,Leeds
3,53,Leicester,Leeds
3,53,Chelsea,Leeds
3,53,Brighton,Leeds
3,53,Islington,Norwich
3,53,Newcastle,Norwich
3,53,United,Norwich
3,53,Watford,Norwich
3,53,City,Norwich
3,53,Leicester,Norwich
3,53,Chelsea,Norwich
3,53,Brighton,Norwich
3,53,Newcastle,Islington
3,53,United,Islington
3,53,Watford,Islington
3,53,City,Islington
3,53,Leicester,Islington
3,53,Chelsea,Islington
3,53,Brighton,Islington
3,53,United,Newcastle
3,53,Watford,Newcastle
3,53,City,Newcastle
3,53,Leicester,Newcastle
3,53,Chelsea,Newcastle
3,53,Brighton,Newcastle
3,53,Watford,United
3,53,City,United
3,53,Leicester,United
3,53,Chelsea,United
3,53,Brighton,United
3,53,City,Watford
3,53,Leicester,Watford
3,53,Chelsea,Watford
3,53,Brighton,Watford
3,53,Leicester,City
3,53,Chelsea,City
3,53,Brighton,City
3,53,Chelsea,Leicester
3,53,Brighton,Leicester
3,53,Brighton,Chelsea
3,56,Liverpool,Tottenham
3,56,Aston,Tottenham
3,56,Everton,Tottenham
3,56,Wolverhampton,Tottenham
3,56,Southampton,Tottenham
3,56,West Ham,Tottenham
3,56,Palace,Tottenham
3,56,Burnley,Tottenham
3,56,Brentford,Tottenham
3,56,Leeds,Tottenham
3,56,Norwich,Tottenham
3,56,Islington,Tottenham
3,56,Newcastle,Tottenham
3,56,United,Tottenham
3,56,Watford,Tottenham
3,56,City,Tottenham
3,56,Leicester,Tottenham
3,56,Chelsea,Tottenham
3,56,Brighton,Tottenham
3,56,Aston,Liverpool
3,56,Everton,Liverpool
3,56,Wolverhampton,Liverpool
3,56,Southampton,Liverpool
3,56,West Ham,Liverpool
3,56,Palace,Liverpool
3,56,Burnley,Liverpool
3,56,Brentford,Liverpool
3,56,Leeds,Liverpool
3,56,Norwich,Liverpool
3,56,Islington,Liverpool
3,56,Newcastle,Liverpool
3,56,United,Liverpool
3,56,Watford,Liverpool
3,56,City,Liverpool
3,56,Leicester,Liverpool
3,56,Chelsea,Liverpool
3,56,Brighton,Liverpool
3,56,Everton,Aston
3,56,Wolverhampton,Aston
3,56,Southampton,Aston
3,56,West Ham,Aston
3,56,Palace,Aston
3,56,Burnley,Aston
3,56,Brentford,Aston
3,56,Leeds,Aston
3,56,Norwich,Aston
3,56,Islington,Aston
3,56,Newcastle,Aston
3,56,United,Aston
3,56,Watford,Aston
3,56,City,Aston
3,56,Leicester,Aston
3,56,Chelsea,Aston
3,56,Brighton,Aston
3,56,Wolverhampton,Everton
3,56,Southampton,Everton
3,56,West Ham,Everton
3,56,Palace,Everton
3,56,Burnley,Everton
3,56,Brentford,Everton
3,56,Leeds,Everton
3,56,Norwich,Everton
3,56,Islington,Everton
3,56,Newcastle,Everton
3,56,United,Everton
3,56,Watford,Everton
3,56,City,Everton
3,56,Leicester,Everton
3,56,Chelsea,Everton
3,56,Brighton,Everton
3,56,Southampton,Wolverhampton
3,56,West Ham,Wolverhampton
3,56,Palace,Wolverhampton
3,56,Burnley,Wolverhampton
3,56,Brentford,Wolverhampton
3,56,Leeds,Wolverhampton
3,56,Norwich,Wolverhampton
3,56,Islington,Wolverhampton
3,56,Newcastle,Wolverhampton
3,56,United,Wolverhampton
3,56,Watford,Wolverhampton
3,56,City,Wolverhampton
3,56,Leicester,Wolverhampton
3,56,Chelsea,Wolverhampton
3,56,Brighton,Wolverhampton
3,56,West Ham,Southampton
3,56,Palace,Southampton
3,56,Burnley,Southampton
3,56,Brentford,Southampton
3,56,Leeds,Southampton
3,56,Norwich,Southampton
3,56,Islington,Southampton
3,56,Newcastle,Southampton
3,56,United,Southampton
3,56,Watford,Southampton
3,56,City,Southampton
3,56,Leicester,Southampton
3,56,Chelsea,Southampton
3,56,Brighton,Southampton
3,56,Palace,West Ham
3,56,Burnley,West Ham
3,56,Brentford,West Ham
3,56,Leeds,West Ham
3,56,Norwich,West Ham
3,56,Islington,West Ham
3,56,Newcastle,West Ham
3,56,United,West Ham
3,56,Watford,West Ham
3,56,City,West Ham
3,56,Leicester,West Ham
3,56,Chelsea,West Ham
3,56,Brighton,West Ham
3,56,Burnley,Palace
3,56,Brentford,Palace
3,56,Leeds,Palace
3,56,Norwich,Palace
3,56,Islington,Palace
3,56,Newcastle,Palace
3,56,United,Palace
3,56,Watford,Palace
3,56,City,Palace
3,56,Leicester,Palace
3,56,Chelsea,Palace
3,56,Brighton,Palace
3,56,Brentford,Burnley
3,56,Leeds,Burnley
3,56,Norwich,Burnley
3,56,Islington,Burnley
3,56,Newcastle,Burnley
3,56,United,Burnley
3,56,Watford,Burnley
3,56,City,Burnley
3,56,Leicester,Burnley
3,56,Chelsea,Burnley
3,56,Brighton,Burnley
3,56,Leeds,Brentford
3,56,Norwich,Brentford
3,56,Islington,Brentford
3,56,Newcastle,Brentford
3,56,United,Brentford
3,56,Watford,Brentford
3,56,City,Brentford
3,56,Leicester,Brentford
3,56,Chelsea,Brentford
3,56,Brighton,Brentford
3,56,Norwich,Leeds
3,56,Islington,Leeds
3,56,Newcastle,Leeds
3,56,United,Leeds
3,56,Watford,Leeds
3,56,City,Leeds
3,56,Leicester,Leeds
3,56,Chelsea,Leeds
3,56,Brighton,Leeds
3,56,Islington,Norwich
3,56,Newcastle,Norwich
3,56,United,Norwich
3,56,Watford,Norwich
3,56,City,Norwich
3,56,Leicester,Norwich
3,56,Chelsea,Norwich
3,56,Brighton,Norwich
3,56,Newcastle,Islington
3,56,United,Islington
3,56,Watford,Islington
3,56,City,Islington
3,56,Leicester,Islington
3,56,Chelsea,Islington
3,56,Brighton,Islington
3,56,United,Newcastle
3,56,Watford,Newcastle
3,56,City,Newcastle
3,56,Leicester,Newcastle
3,56,Chelsea,Newcastle
3,56,Brighton,Newcastle
3,56,Watford,United
3,56,City,United
3,56,Leicester,United
3,56,Chelsea,United
3,56,Brighton,United
3,56,City,Watford
3,56,Leicester,Watford
3,56,Chelsea,Watford
3,56,Brighton,Watford
3,56,Leicester,City
3,56,Chelsea,City
3,56,Brighton,City
3,56,Chelsea,Leicester
3,56,Brighton,Leicester
3,56,Brighton,Chelsea
3,59,Liverpool,Tottenham
3,59,Aston,Tottenham
3,59,Everton,Tottenham
3,59,Wolverhampton,Tottenham
3,59,Southampton,Tottenham
3,59,West Ham,Tottenham
3,59,Palace,Tottenham
3,59,Burnley,Tottenham
3,59,Brentford,Tottenham
3,59,Leeds,Tottenham
3,59,Norwich,Tottenham
3,59,Islington,Tottenham
3,59,Newcastle,Tottenham
3,59,United,Tottenham
3,59,Watford,Tottenham
3,59,City,Tottenham
3,59,Leicester,Tottenham
3,59,Chelsea,Tottenham
3,59,Brighton,Tottenham
3,59,Aston,Liverpool
3,59,Everton,Liverpool
3,59,Wolverhampton,Liverpool
3,59,Southampton,Liverpool
3,59,West Ham,Liverpool
3,59,Palace,Liverpool
3,59,Burnley,Liverpool
3,59,Brentford,Liverpool
3,59,Leeds,Liverpool
3,59,Norwich,Liverpool
3,59,Islington,Liverpool
3,59,Newcastle,Liverpool
3,59,United,Liverpool
3,59,Watford,Liverpool
3,59,City,Liverpool
3,59,Leicester,Liverpool
3,59,Chelsea,Liverpool
3,59,Brighton,Liverpool
3,59,Everton,Aston
3,59,Wolverhampton,Aston
3,59,Southampton,Aston
3,59,West Ham,Aston
3,59,Palace,Aston
3,59,Burnley,Aston
3,59,Brentford,Aston
3,59,Leeds,Aston
3,59,Norwich,Aston
3,59,Islington,Aston
3,59,Newcastle,Aston
3,59,United,Aston
3,59,Watford,Aston
3,59,City,Aston
3,59,Leicester,Aston
3,59,Chelsea,Aston
3,59,Brighton,Aston
3,59,Wolverhampton,Everton
3,59,Southampton,Everton
3,59,West Ham,Everton
3,59,Palace,Everton
3,59,Burnley,Everton
3,59,Brentford,Everton
3,59,Leeds,Everton
3,59,Norwich,Everton
3,59,Islington,Everton
3,59,Newcastle,Everton
3,59,United,Everton
3,59,Watford,Everton
3,59,City,Everton
3,59,Leicester,Everton
3,59,Chelsea,Everton
3,59,Brighton,Everton
3,59,Southampton,Wolverhampton
3,59,West Ham,Wolverhampton
3,59,Palace,Wolverhampton
3,59,Burnley,Wolverhampton
3,59,Brentford,Wolverhampton
3,59,Leeds,Wolverhampton
3,59,Norwich,Wolverhampton
3,59,Islington,Wolverhampton
3,59,Newcastle,Wolverhampton
3,59,United,Wolverhampton
3,59,Watford,Wolverhampton
3,59,City,Wolverhampton
3,59,Leicester,Wolverhampton
3,59,Chelsea,Wolverhampton
3,59,Brighton,Wolverhampton
3,59,West Ham,Southampton
3,59,Palace,Southampton
3,59,Burnley,Southampton
3,59,Brentford,Southampton
3,59,Leeds,Southampton
3,59,Norwich,Southampton
3,59,Islington,Southampton
3,59,Newcastle,Southampton
3,59,United,Southampton
3,59,Watford,Southampton
3,59,City,Southampton
3,59,Leicester,Southampton
3,59,Chelsea,Southampton
3,59,Brighton,Southampton
3,59,Palace,West Ham
3,59,Burnley,West Ham
3,59,Brentford,West Ham
3,59,Leeds,West Ham
3,59,Norwich,West Ham
3,59,Islington,West Ham
3,59,Newcastle,West Ham
3,59,United,West Ham
3,59,Watford,West Ham
3,59,City,West Ham
3,59,Leicester,West Ham
3,59,Chelsea,West Ham
3,59,Brighton,West Ham
3,59,Burnley,Palace
3,59,Brentford,Palace
3,59,Leeds,Palace
3,59,Norwich,Palace
3,59,Islington,Palace
3,59,Newcastle,Palace
3,59,United,Palace
3,59,Watford,Palace
3,59,City,Palace
3,59,Leicester,Palace
3,59,Chelsea,Palace
3,59,Brighton,Palace
3,59,Brentford,Burnley
3,59,Leeds,Burnley
3,59,Norwich,Burnley
3,59,Islington,Burnley
3,59,Newcastle,Burnley
3,59,United,Burnley
3,59,Watford,Burnley
3,59,City,Burnley
3,59,Leicester,Burnley
3,59,Chelsea,Burnley
3,59,Brighton,Burnley
3,59,Leeds,Brentford
3,59,Norwich,Brentford
3,59,Islington,Brentford
3,59,Newcastle,Brentford
3,59,United,Brentford
3,59,Watford,Brentford
3,59,City,Brentford
3,59,Leicester,Brentford
3,59,Chelsea,Brentford
3,59,Brighton,Brentford
3,59,Norwich,Leeds
3,59,Islington,Leeds
3,59,Newcastle,Leeds
3,59,United,Leeds
3,59,Watford,Leeds
3,59,City,Leeds
3,59,Leicester,Leeds
3,59,Chelsea,Leeds
3,59,Brighton,Leeds
3,59,Islington,Norwich
3,59,Newcastle,Norwich
3,59,United,Norwich
3,59,Watford,Norwich
3,59,City,Norwich
3,59,Leicester,Norwich
3,59,Chelsea,Norwich
3,59,Brighton,Norwich
3,59,Newcastle,Islington
3,59,United,Islington
3,59,Watford,Islington
3,59,City,Islington
3,59,Leicester,Islington
3,59,Chelsea,Islington
3,59,Brighton,Islington
3,59,United,Newcastle
3,59,Watford,Newcastle
3,59,City,Newcastle
3,59,Leicester,Newcastle
3,59,Chelsea,Newcastle
3,59,Brighton,Newcastle
3,59,Watford,United
3,59,City,United
3,59,Leicester,United
3,59,Chelsea,United
3,59,Brighton,United
3,59,City,Watford
3,59,Leicester,Watford
3,59,Chelsea,Watford
3,59,Brighton,Watford
3,59,Leicester,City
3,59,Chelsea,City
3,59,Brighton,City
3,59,Chelsea,Leicester
3,59,Brighton,Leicester
3,59,Brighton,Chelsea
4,2,Liverpool,Tottenham
4,2,Aston,Tottenham
4,2,Everton,Tottenham
4,2,Wolverhampton,Tottenham
4,2,Southampton,Tottenham
4,2,West Ham,Tottenham
4,2,Palace,Tottenham
4,2,Burnley,Tottenham
4,2,Brentford,Tottenham
4,2,Leeds,Tottenham
4,2,Norwich,Tottenham
4,2,Islington,Tottenham
4,2,Newcastle,Tottenham
4,2,United,Tottenham
4,2,Watford,Tottenham
4,2,City,Tottenham
4,2,Leicester,Tottenham
4,2,Chelsea,Tottenham
4,2,Brighton,Tottenham
4,2,Aston,Liverpool
4,2,Everton,Liverpool
4,2,Wolverhampton,Liverpool
4,2,Southampton,Liverpool
4,2,West Ham,Liverpool
4,2,Palace,Liverpool
4,2,Burnley,Liverpool
4,2,Brentford,Liverpool
4,2,Leeds,Liverpool
4,2,Norwich,Liverpool
4,2,Islington,Liverpool
4,2,Newcastle,Liverpool
4,2,United,Liverpool
4,2,Watford,Liverpool
4,2,City,Liverpool
4,2,Leicester,Liverpool
4,2,Chelsea,Liverpool
4,2,Brighton,Liverpool
4,2,Everton,Aston
4,2,Wolverhampton,Aston
4,2,Southampton,Aston
4,2,West Ham,Aston
4,2,Palace,Aston
4,2,Burnley,Aston
4,2,Brentford,Aston
4,2,Leeds,Aston
4,2,Norwich,Aston
4,2,Islington,Aston
4,2,Newcastle,Aston
4,2,United,Aston
4,2,Watford,Aston
4,2,City,Aston
4,2,Leicester,Aston
4,2,Chelsea,Aston
4,2,Brighton,Aston
4,2,Wolverhampton,Everton
4,2,Southampton,Everton
4,2,West Ham,Everton
4,2,Palace,Everton
4,2,Burnley,Everton
4,2,Brentford,Everton
4,2,Leeds,Everton
4,2,Norwich,Everton
4,2,Islington,Everton
4,2,Newcastle,Everton
4,2,United,Everton
4,2,Watford,Everton
4,2,City,Everton
4,2,Leicester,Everton
4,2,Chelsea,Everton
4,2,Brighton,Everton
4,2,Southampton,Wolverhampton
4,2,West Ham,Wolverhampton
4,2,Palace,Wolverhampton
4,2,Burnley,Wolverhampton
4,2,Brentford,Wolverhampton
4,2,Leeds,Wolverhampton
4,2,Norwich,Wolverhampton
4,2,Islington,Wolverhampton
4,2,Newcastle,Wolverhampton
4,2,United,Wolverhampton
4,2,Watford,Wolverhampton
4,2,City,Wolverhampton
4,2,Leicester,Wolverhampton
4,2,Chelsea,Wolverhampton
4,2,Brighton,Wolverhampton
4,2,West Ham,Southampton
4,2,Palace,Southampton
4,2,Burnley,Southampton
4,2,Brentford,Southampton
4,2,Leeds,Southampton
4,2,Norwich,Southampton
4,2,Islington,Southampton
4,2,Newcastle,Southampton
4,2,United,Southampton
4,2,Watford,Southampton
4,2,City,Southampton
4,2,Leicester,Southampton
4,2,Chelsea,Southampton
4,2,Brighton,Southampton
4,2,Palace,West Ham
4,2,Burnley,West Ham
4,2,Brentford,West Ham
4,2,Leeds,West Ham
4,2,Norwich,West Ham
4,2,Islington,West Ham
4,2,Newcastle,West Ham
4,2,United,West Ham
4,2,Watford,West Ham
4,2,City,West Ham
4,2,Leicester,West Ham
4,2,Chelsea,West Ham
4,2,Brighton,West Ham
4,2,Burnley,Palace
4,2,Brentford,Palace
4,2,Leeds,Palace
4,2,Norwich,Palace
4,2,Islington,Palace
4,2,Newcastle,Palace
4,2,United,Palace
4,2,Watford,Palace
4,2,City,Palace
4,2,Leicester,Palace
4,2,Chelsea,Palace
4,2,Brighton,Palace
4,2,Brentford,Burnley
4,2,Leeds,Burnley
4,2,Norwich,Burnley
4,2,Islington,Burnley
4,2,Newcastle,Burnley
4,2,United,Burnley
4,2,Watford,Burnley
4,2,City,Burnley
4,2,Leicester,Burnley
4,2,Chelsea,Burnley
4,2,Brighton,Burnley
4,2,Leeds,Brentford
4,2,Norwich,Brentford
4,2,Islington,Brentford
4,2,Newcastle,Brentford
4,2,United,Brentford
4,2,Watford,Brentford
4,2,City,Brentford
4,2,Leicester,Brentford
4,2,Chelsea,Brentford
4,2,Brighton,Brentford
4,2,Norwich,Leeds
4,2,Islington,Leeds
4,2,Newcastle,Leeds
4,2,United,Leeds
4,2,Watford,Leeds
4,2,City,Leeds
4,2,Leicester,Leeds
4,2,Chelsea,Leeds
4,2,Brighton,Leeds
4,2,Islington,Norwich
4,2,Newcastle,Norwich
4,2,United,Norwich
4,2,Watford,Norwich
4,2,City,Norwich
4,2,Leicester,Norwich
4,2,Chelsea,Norwich
4,2,Brighton,Norwich
4,2,Newcastle,Islington
4,2,United,Islington
4,2,Watford,Islington
4,2,City,Islington
4,2,Leicester,Islington
4,2,Chelsea,Islington
4,2,Brighton,Islington
4,2,United,Newcastle
4,2,Watford,Newcastle
4,2,City,Newcastle
4,2,Leicester,Newcastle
4,2,Chelsea,Newcastle
4,2,Brighton,Newcastle
4,2,Watford,United
4,2,City,United
4,2,Leicester,United
4,2,Chelsea,United
4,2,Brighton,United
4,2,City,Watford
4,2,Leicester,Watford
4,2,Chelsea,Watford
4,2,Brighton,Watford
4,2,Leicester,City
4,2,Chelsea,City
4,2,Brighton,City
4,2,Chelsea,Leicester
4,2,Brighton,Leicester
4,2,Brighton,Chelsea
4,5,Liverpool,Tottenham
4,5,Aston,Tottenham
4,5,Everton,Tottenham
4,5,Wolverhampton,Tottenham
4,5,Southampton,Tottenham
4,5,West Ham,Tottenham
4,5,Palace,Tottenham
4,5,Burnley,Tottenham
4,5,Brentford,Tottenham
4,5,Leeds,Tottenham
4,5,Norwich,Tottenham
4,5,Islington,Tottenham
4,5,Newcastle,Tottenham
4,5,United,Tottenham
4,5,Watford,Tottenham
4,5,City,Tottenham
4,5,Leicester,Tottenham
4,5,Chelsea,Tottenham
4,5,Brighton,Tottenham
4,5,Aston,Liverpool
4,5,Everton,Liverpool
4,5,Wolverhampton,Liverpool
4,5,Southampton,Liverpool
4,5,West Ham,Liverpool
4,5,Palace,Liverpool
4,5,Burnley,Liverpool
4,5,Brentford,Liverpool
4,5,Leeds,Liverpool
4,5,Norwich,Liverpool
4,5,Islington,Liverpool
4,5,Newcastle,Liverpool
4,5,United,Liverpool
4,5,Watford,Liverpool
4,5,City,Liverpool
4,5,Leicester,Liverpool
4,5,Chelsea,Liverpool
4,5,Brighton,Liverpool
4,5,Everton,Aston
4,5,Wolverhampton,Aston
4,5,Southampton,Aston
4,5,West Ham,Aston
4,5,Palace,Aston
4,5,Burnley,Aston
4,5,Brentford,Aston
4,5,Leeds,Aston
4,5,Norwich,Aston
4,5,Islington,Aston
4,5,Newcastle,Aston
4,5,United,Aston
4,5,Watford,Aston
4,5,City,Aston
4,5,Leicester,Aston
4,5,Chelsea,Aston
4,5,Brighton,Aston
4,5,Wolverhampton,Everton
4,5,Southampton,Everton
4,5,West Ham,Everton
4,5,Palace,Everton
4,5,Burnley,Everton
4,5,Brentford,Everton
4,5,Leeds,Everton
4,5,Norwich,Everton
4,5,Islington,Everton
4,5,Newcastle,Everton
4,5,United,Everton
4,5,Watford,Everton
4,5,City,Everton
4,5,Leicester,Everton
4,5,Chelsea,Everton
4,5,Brighton,Everton
4,5,Southampton,Wolverhampton
4,5,West Ham,Wolverhampton
4,5,Palace,Wolverhampton
4,5,Burnley,Wolverhampton
4,5,Brentford,Wolverhampton
4,5,Leeds,Wolverhampton
4,5,Norwich,Wolverhampton
4,5,Islington,Wolverhampton
4,5,Newcastle,Wolverhampton
4,5,United,Wolverhampton
4,5,Watford,Wolverhampton
4,5,City,Wolverhampton
4,5,Leicester,Wolverhampton
4,5,Chelsea,Wolverhampton
4,5,Brighton,Wolverhampton
4,5,West Ham,Southampton
4,5,Palace,Southampton
4,5,Burnley,Southampton
4,5,Brentford,Southampton
4,5,Leeds,Southampton
4,5,Norwich,Southampton
4,5,Islington,Southampton
4,5,Newcastle,Southampton
4,5,United,Southampton
4,5,Watford,Southampton
4,5,City,Southampton
4,5,Leicester,Southampton
4,5,Chelsea,Southampton
4,5,Brighton,Southampton
4,5,Palace,West Ham
4,5,Burnley,West Ham
4,5,Brentford,West Ham
4,5,Leeds,West Ham
4,5,Norwich,West Ham
4,5,Islington,West Ham
4,5,Newcastle,West Ham
4,5,United,West Ham
4,5,Watford,West Ham
4,5,City,West Ham
4,5,Leicester,West Ham
4,5,Chelsea,West Ham
4,5,Brighton,West Ham
4,5,Burnley,Palace
4,5,Brentford,Palace
4,5,Leeds,Palace
4,5,Norwich,Palace
4,5,Islington,Palace
4,5,Newcastle,Palace
4,5,United,Palace
4,5,Watford,Palace
4,5,City,Palace
4,5,Leicester,Palace
4,5,Chelsea,Palace
4,5,Brighton,Palace
4,5,Brentford,Burnley
4,5,Leeds,Burnley
4,5,Norwich,Burnley
4,5,Islington,Burnley
4,5,Newcastle,Burnley
4,5,United,Burnley
4,5,Watford,Burnley
4,5,City,Burnley
4,5,Leicester,Burnley
4,5,Chelsea,Burnley
4,5,Brighton,Burnley
4,5,Leeds,Brentford
4,5,Norwich,Brentford
4,5,Islington,Brentford
4,5,Newcastle,Brentford
4,5,United,Brentford
4,5,Watford,Brentford
4,5,City,Brentford
4,5,Leicester,Brentford
4,5,Chelsea,Brentford
4,5,Brighton,Brentford
4,5,Norwich,Leeds
4,5,Islington,Leeds
4,5,Newcastle,Leeds
4,5,United,Leeds
4,5,Watford,Leeds
4,5,City,Leeds
4,5,Leicester,Leeds
4,5,Chelsea,Leeds
4,5,Brighton,Leeds
4,5,Islington,Norwich
4,5,Newcastle,Norwich
4,5,United,Norwich
4,5,Watford,Norwich
4,5,City,Norwich
4,5,Leicester,Norwich
4,5,Chelsea,Norwich
4,5,Brighton,Norwich
4,5,Newcastle,Islington
4,5,United,Islington
4,5,Watford,Islington
4,5,City,Islington
4,5,Leicester,Islington
4,5,Chelsea,Islington
4,5,Brighton,Islington
4,5,United,Newcastle
4,5,Watford,Newcastle
4,5,City,Newcastle
4,5,Leicester,Newcastle
4,5,Chelsea,Newcastle
4,5,Brighton,Newcastle
4,5,Watford,United
4,5,City,United
4,5,Leicester,United
4,5,Chelsea,United
4,5,Brighton,United
4,5,City,Watford
4,5,Leicester,Watford
4,5,Chelsea,Watford
4,5,Brighton,Watford
4,5,Leicester,City
4,5,Chelsea,City
4,5,Brighton,City
4,5,Chelsea,Leicester
4,5,Brighton,Leicester
4,5,Brighton,Chelsea
4,8,Liverpool,Tottenham
4,8,Aston,Tottenham
4,8,Everton,Tottenham
4,8,Wolverhampton,Tottenham
4,8,Southampton,Tottenham
4,8,West Ham,Tottenham
4,8,Palace,Tottenham
4,8,Burnley,Tottenham
4,8,Brentford,Tottenham
4,8,Leeds,Tottenham
4,8,Norwich,Tottenham
4,8,Islington,Tottenham
4,8,Newcastle,Tottenham
4,8,United,Tottenham
4,8,Watford,Tottenham
4,8,City,Tottenham
4,8,Leicester,Tottenham
4,8,Chelsea,Tottenham
4,8,Brighton,Tottenham
4,8,Aston,Liverpool
4,8,Everton,Liverpool
4,8,Wolverhampton,Liverpool
4,8,Southampton,Liverpool
4,8,West Ham,Liverpool
4,8,Palace,Liverpool
4,8,Burnley,Liverpool
4,8,Brentford,Liverpool
4,8,Leeds,Liverpool
4,8,Norwich,Liverpool
4,8,Islington,Liverpool
4,8,Newcastle,Liverpool
4,8,United,Liverpool
4,8,Watford,Liverpool
4,8,City,Liverpool
4,8,Leicester,Liverpool
4,8,Chelsea,Liverpool
4,8,Brighton,Liverpool
4,8,Everton,Aston
4,8,Wolverhampton,Aston
4,8,Southampton,Aston
4,8,West Ham,Aston
4,8,Palace,Aston
4,8,Burnley,Aston
4,8,Brentford,Aston
4,8,Leeds,Aston
4,8,Norwich,Aston
4,8,Islington,Aston
4,8,Newcastle,Aston
4,8,United,Aston
4,8,Watford,Aston
4,8,City,Aston
4,8,Leicester,Aston
4,8,Chelsea,Aston
4,8,Brighton,Aston
4,8,Wolverhampton,Everton
4,8,Southampton,Everton
4,8,West Ham,Everton
4,8,Palace,Everton
4,8,Burnley,Everton
4,8,Brentford,Everton
4,8,Leeds,Everton
4,8,Norwich,Everton
4,8,Islington,Everton
4,8,Newcastle,Everton
4,8,United,Everton
4,8,Watford,Everton
4,8,City,Everton
4,8,Leicester,Everton
4,8,Chelsea,Everton
4,8,Brighton,Everton
4,8,Southampton,Wolverhampton
4,8,West Ham,Wolverhampton
4,8,Palace,Wolverhampton
4,8,Burnley,Wolverhampton
4,8,Brentford,Wolverhampton
4,8,Leeds,Wolverhampton
4,8,Norwich,Wolverhampton
4,8,Islington,Wolverhampton
4,8,Newcastle,Wolverhampton
4,8,United,Wolverhampton
4,8,Watford,Wolverhampton
4,8,City,Wolverhampton
4,8,Leicester,Wolverhampton
4,8,Chelsea,Wolverhampton
4,8,Brighton,Wolverhampton
4,8,West Ham,Southampton
4,8,Palace,Southampton
4,8,Burnley,Southampton
4,8,Brentford,Southampton
4,8,Leeds,Southampton
4,8,Norwich,Southampton
4,8,Islington,Southampton
4,8,Newcastle,Southampton
4,8,United,Southampton
4,8,Watford,Southampton
4,8,City,Southampton
4,8,Leicester,Southampton
4,8,Chelsea,Southampton
4,8,Brighton,Southampton
4,8,Palace,West Ham
4,8,Burnley,West Ham
4,8,Brentford,West Ham
4,8,Leeds,West Ham
4,8,Norwich,West Ham
4,8,Islington,West Ham
4,8,Newcastle,West Ham
4,8,United,West Ham
4,8,Watford,West Ham
4,8,City,West Ham
4,8,Leicester,West Ham
4,8,Chelsea,West Ham
4,8,Brighton,West Ham
4,8,Burnley,Palace
4,8,Brentford,Palace
4,8,Leeds,Palace
4,8,Norwich,Palace
4,8,Islington,Palace
4,8,Newcastle,Palace
4,8,United,Palace
4,8,Watford,Palace
4,8,City,Palace
4,8,Leicester,Palace
4,8,Chelsea,Palace
4,8,Brighton,Palace
4,8,Brentford,Burnley
4,8,Leeds,Burnley
4,8,Norwich,Burnley
4,8,Islington,Burnley
4,8,Newcastle,Burnley
4,8,United,Burnley
4,8,Watford,Burnley
4,8,City,Burnley
4,8,Leicester,Burnley
4,8,Chelsea,Burnley
4,8,Brighton,Burnley
4,8,Leeds,Brentford
4,8,Norwich,Brentford
4,8,Islington,Brentford
4,8,Newcastle,Brentford
4,8,United,Brentford
4,8,Watford,Brentford
4,8,City,Brentford
4,8,Leicester,Brentford
4,8,Chelsea,Brentford
4,8,Brighton,Brentford
4,8,Norwich,Leeds
4,8,Islington,Leeds
4,8,Newcastle,Leeds
4,8,United,Leeds
4,8,Watford,Leeds
4,8,City,Leeds
4,8,Leicester,Leeds
4,8,Chelsea,Leeds
4,8,Brighton,Leeds
4,8,Islington,Norwich
4,8,Newcastle,Norwich
4,8,United,Norwich
4,8,Watford,Norwich
4,8,City,Norwich
4,8,Leicester,Norwich
4,8,Chelsea,Norwich
4,8,Brighton,Norwich
4,8,Newcastle,Islington
4,8,United,Islington
4,8,Watford,Islington
4,8,City,Islington
4,8,Leicester,Islington
4,8,Chelsea,Islington
4,8,Brighton,Islington
4,8,United,Newcastle
4,8,Watford,Newcastle
4,8,City,Newcastle
4,8,Leicester,Newcastle
4,8,Chelsea,Newcastle
4,8,Brighton,Newcastle
4,8,Watford,United
4,8,City,United
4,8,Leicester,United
4,8,Chelsea,United
4,8,Brighton,United
4,8,City,Watford
4,8,Leicester,Watford
4,8,Chelsea,Watford
4,8,Brighton,Watford
4,8,Leicester,City
4,8,Chelsea,City
4,8,Brighton,City
4,8,Chelsea,Leicester
4,8,Brighton,Leicester
4,8,Brighton,Chelsea
4,11,Liverpool,Tottenham
4,11,Aston,Tottenham
4,11,Everton,Tottenham
4,11,Wolverhampton,Tottenham
4,11,Southampton,Tottenham
4,11,West Ham,Tottenham
4,11,Palace,Tottenham
4,11,Burnley,Tottenham
4,11,Brentford,Tottenham
4,11,Leeds,Tottenham
4,11,Norwich,Tottenham
4,11,Islington,Tottenham
4,11,Newcastle,Tottenham
4,11,United,Tottenham
4,11,Watford,Tottenham
4,11,City,Tottenham
4,11,Leicester,Tottenham
4,11,Chelsea,Tottenham
4,11,Brighton,Tottenham
4,11,Aston,Liverpool
4,11,Everton,Liverpool
4,11,Wolverhampton,Liverpool
4,11,Southampton,Liverpool
4,11,West Ham,Liverpool
4,11,Palace,Liverpool
4,11,Burnley,Liverpool
4,11,Brentford,Liverpool
4,11,Leeds,Liverpool
4,11,Norwich,Liverpool
4,11,Islington,Liverpool
4,11,Newcastle,Liverpool
4,11,United,Liverpool
4,11,Watford,Liverpool
4,11,City,Liverpool
4,11,Leicester,Liverpool
4,11,Chelsea,Liverpool
4,11,Brighton,Liverpool
4,11,Everton,Aston
4,11,Wolverhampton,Aston
4,11,Southampton,Aston
4,11,West Ham,Aston
4,11,Palace,Aston
4,11,Burnley,Aston
4,11,Brentford,Aston
4,11,Leeds,Aston
4,11,Norwich,Aston
4,11,Islington,Aston
4,11,Newcastle,Aston
4,11,United,Aston
4,11,Watford,Aston
4,11,City,Aston
4,11,Leicester,Aston
4,11,Chelsea,Aston
4,11,Brighton,Aston
4,11,Wolverhampton,Everton
4,11,Southampton,Everton
4,11,West Ham,Everton
4,11,Palace,Everton
4,11,Burnley,Everton
4,11,Brentford,Everton
4,11,Leeds,Everton
4,11,Norwich,Everton
4,11,Islington,Everton
4,11,Newcastle,Everton
4,11,United,Everton
4,11,Watford,Everton
4,11,City,Everton
4,11,Leicester,Everton
4,11,Chelsea,Everton
4,11,Brighton,Everton
4,11,Southampton,Wolverhampton
4,11,West Ham,Wolverhampton
4,11,Palace,Wolverhampton
4,11,Burnley,Wolverhampton
4,11,Brentford,Wolverhampton
4,11,Leeds,Wolverhampton
4,11,Norwich,Wolverhampton
4,11,Islington,Wolverhampton
4,11,Newcastle,Wolverhampton
4,11,United,Wolverhampton
4,11,Watford,Wolverhampton
4,11,City,Wolverhampton
4,11,Leicester,Wolverhampton
4,11,Chelsea,Wolverhampton
4,11,Brighton,Wolverhampton
4,11,West Ham,Southampton
4,11,Palace,Southampton
4,11,Burnley,Southampton
4,11,Brentford,Southampton
4,11,Leeds,Southampton
4,11,Norwich,Southampton
4,11,Islington,Southampton
4,11,Newcastle,Southampton
4,11,United,Southampton
4,11,Watford,Southampton
4,11,City,Southampton
4,11,Leicester,Southampton
4,11,Chelsea,Southampton
4,11,Brighton,Southampton
4,11,Palace,West Ham
4,11,Burnley,West Ham
4,11,Brentford,West Ham
4,11,Leeds,West Ham
4,11,Norwich,West Ham
4,11,Islington,West Ham
4,11,Newcastle,West Ham
4,11,United,West Ham
4,11,Watford,West Ham
4,11,City,West Ham
4,11,Leicester,West Ham
4,11,Chelsea,West Ham
4,11,Brighton,West Ham
4,11,Burnley,Palace
4,11,Brentford,Palace
4,11,Leeds,Palace
4,11,Norwich,Palace
4,11,Islington,Palace
4,11,Newcastle,Palace
4,11,United,Palace
4,11,Watford,Palace
4,11,City,Palace
4,11,Leicester,Palace
4,11,Chelsea,Palace
4,11,Brighton,Palace
4,11,Brentford,Burnley
4,11,Leeds,Burnley
4,11,Norwich,Burnley
4,11,Islington,Burnley
4,11,Newcastle,Burnley
4,11,United,Burnley
4,11,Watford,Burnley
4,11,City,Burnley
4,11,Leicester,Burnley
4,11,Chelsea,Burnley
4,11,Brighton,Burnley
4,11,Leeds,Brentford
4,11,Norwich,Brentford
4,11,Islington,Brentford
4,11,Newcastle,Brentford
4,11,United,Brentford
4,11,Watford,Brentford
4,11,City,Brentford
4,11,Leicester,Brentford
4,11,Chelsea,Brentford
4,11,Brighton,Brentford
4,11,Norwich,Leeds
4,11,Islington,Leeds
4,11,Newcastle,Leeds
4,11,United,Leeds
4,11,Watford,Leeds
4,11,City,Leeds
4,11,Leicester,Leeds
4,11,Chelsea,Leeds
4,11,Brighton,Leeds
4,11,Islington,Norwich
4,11,Newcastle,Norwich
4,11,United,Norwich
4,11,Watford,Norwich
4,11,City,Norwich
4,11,Leicester,Norwich
4,11,Chelsea,Norwich
4,11,Brighton,Norwich
4,11,Newcastle,Islington
4,11,United,Islington
4,11,Watford,Islington
4,11,City,Islington
4,11,Leicester,Islington
4,11,Chelsea,Islington
4,11,Brighton,Islington
4,11,United,Newcastle
4,11,Watford,Newcastle
4,11,City,Newcastle
4,11,Leicester,Newcastle
4,11,Chelsea,Newcastle
4,11,Brighton,Newcastle
4,11,Watford,United
4,11,City,United
4,11,Leicester,United
4,11,Chelsea,United
4,11,Brighton,United
4,11,City,Watford
4,11,Leicester,Watford
4,11,Chelsea,Watford
4,11,Brighton,Watford
4,11,Leicester,City
4,11,Chelsea,City
4,11,Brighton,City
4,11,Chelsea,Leicester
4,11,Brighton,Leicester
4,11,Brighton,Chelsea
4,14,Liverpool,Tottenham
4,14,Aston,Tottenham
4,14,Everton,Tottenham
4,14,Wolverhampton,Tottenham
4,14,Southampton,Tottenham
4,14,West Ham,Tottenham
4,14,Palace,Tottenham
4,14,Burnley,Tottenham
4,14,Brentford,Tottenham
4,14,Leeds,Tottenham
4,14,Norwich,Tottenham
4,14,Islington,Tottenham
4,14,Newcastle,Tottenham
4,14,United,Tottenham
4,14,Watford,Tottenham
4,14,City,Tottenham
4,14,Leicester,Tottenham
4,14,Chelsea,Tottenham
4,14,Brighton,Tottenham
4,14,Aston,Liverpool
4,14,Everton,Liverpool
4,14,Wolverhampton,Liverpool
4,14,Southampton,Liverpool
4,14,West Ham,Liverpool
4,14,Palace,Liverpool
4,14,Burnley,Liverpool
4,14,Brentford,Liverpool
4,14,Leeds,Liverpool
4,14,Norwich,Liverpool
4,14,Islington,Liverpool
4,14,Newcastle,Liverpool
4,14,United,Liverpool
4,14,Watford,Liverpool
4,14,City,Liverpool
4,14,Leicester,Liverpool
4,14,Chelsea,Liverpool
4,14,Brighton,Liverpool
4,14,Everton,Aston
4,14,Wolverhampton,Aston
4,14,Southampton,Aston
4,14,West Ham,Aston
4,14,Palace,Aston
4,14,Burnley,Aston
4,14,Brentford,Aston
4,14,Leeds,Aston
4,14,Norwich,Aston
4,14,Islington,Aston
4,14,Newcastle,Aston
4,14,United,Aston
4,14,Watford,Aston
4,14,City,Aston
4,14,Leicester,Aston
4,14,Chelsea,Aston
4,14,Brighton,Aston
4,14,Wolverhampton,Everton
4,14,Southampton,Everton
4,14,West Ham,Everton
4,14,Palace,Everton
4,14,Burnley,Everton
4,14,Brentford,Everton
4,14,Leeds,Everton
4,14,Norwich,Everton
4,14,Islington,Everton
4,14,Newcastle,Everton
4,14,United,Everton
4,14,Watford,Everton
4,14,City,Everton
4,14,Leicester,Everton
4,14,Chelsea,Everton
4,14,Brighton,Everton
4,14,Southampton,Wolverhampton
4,14,West Ham,Wolverhampton
4,14,Palace,Wolverhampton
4,14,Burnley,Wolverhampton
4,14,Brentford,Wolverhampton
4,14,Leeds,Wolverhampton
4,14,Norwich,Wolverhampton
4,14,Islington,Wolverhampton
4,14,Newcastle,Wolverhampton
4,14,United,Wolverhampton
4,14,Watford,Wolverhampton
4,14,City,Wolverhampton
4,14,Leicester,Wolverhampton
4,14,Chelsea,Wolverhampton
4,14,Brighton,Wolverhampton
4,14,West Ham,Southampton
4,14,Palace,Southampton
4,14,Burnley,Southampton
4,14,Brentford,Southampton
4,14,Leeds,Southampton
4,14,Norwich,Southampton
4,14,Islington,Southampton
4,14,Newcastle,Southampton
4,14,United,Southampton
4,14,Watford,Southampton
4,14,City,Southampton
4,14,Leicester,Southampton
4,14,Chelsea,Southampton
4,14,Brighton,Southampton
4,14,Palace,West Ham
4,14,Burnley,West Ham
4,14,Brentford,West Ham
4,14,Leeds,West Ham
4,14,Norwich,West Ham
4,14,Islington,West Ham
4,14,Newcastle,West Ham
4,14,United,West Ham
4,14,Watford,West Ham
4,14,City,West Ham
4,14,Leicester,West Ham
4,14,Chelsea,West Ham
4,14,Brighton,West Ham
4,14,Burnley,Palace
4,14,Brentford,Palace
4,14,Leeds,Palace
4,14,Norwich,Palace
4,14,Islington,Palace
4,14,Newcastle,Palace
4,14,United,Palace
4,14,Watford,Palace
4,14,City,Palace
4,14,Leicester,Palace
4,14,Chelsea,Palace
4,14,Brighton,Palace
4,14,Brentford,Burnley
4,14,Leeds,Burnley
4,14,Norwich,Burnley
4,14,Islington,Burnley
4,14,Newcastle,Burnley
4,14,United,Burnley
4,14,Watford,Burnley
4,14,City,Burnley
4,14,Leicester,Burnley
4,14,Chelsea,Burnley
4,14,Brighton,Burnley
4,14,Leeds,Brentford
4,14,Norwich,Brentford
4,14,Islington,Brentford
4,14,Newcastle,Brentford
4,14,United,Brentford
4,14,Watford,Brentford
4,14,City,Brentford
4,14,Leicester,Brentford
4,14,Chelsea,Brentford
4,14,Brighton,Brentford
4,14,Norwich,Leeds
4,14,Islington,Leeds
4,14,Newcastle,Leeds
4,14,United,Leeds
4,14,Watford,Leeds
4,14,City,Leeds
4,14,Leicester,Leeds
4,14,Chelsea,Leeds
4,14,Brighton,Leeds
4,14,Islington,Norwich
4,14,Newcastle,Norwich
4,14,United,Norwich
4,14,Watford,Norwich
4,14,City,Norwich
4,14,Leicester,Norwich
4,14,Chelsea,Norwich
4,14,Brighton,Norwich
4,14,Newcastle,Islington
4,14,United,Islington
4,14,Watford,Islington
4,14,City,Islington
4,14,Leicester,Islington
4,14,Chelsea,Islington
4,14,Brighton,Islington
4,14,United,Newcastle
4,14,Watford,Newcastle
4,14,City,Newcastle
4,14,Leicester,Newcastle
4,14,Chelsea,Newcastle
4,14,Brighton,Newcastle
4,14,Watford,United
4,14,City,United
4,14,Leicester,United
4,14,Chelsea,United
4,14,Brighton,United
4,14,City,Watford
4,14,Leicester,Watford
4,14,Chelsea,Watford
4,14,Brighton,Watford
4,14,Leicester,City
4,14,Chelsea,City
4,14,Brighton,City
4,14,Chelsea,Leicester
4,14,Brighton,Leicester
4,14,Brighton,Chelsea
4,17,Liverpool,Tottenham
4,17,Aston,Tottenham
4,17,Everton,Tottenham
4,17,Wolverhampton,Tottenham
4,17,Southampton,Tottenham
4,17,West Ham,Tottenham
4,17,Palace,Tottenham
4,17,Burnley,Tottenham
4,17,Brentford,Tottenham
4,17,Leeds,Tottenham
4,17,Norwich,Tottenham
4,17,Islington,Tottenham
4,17,Newcastle,Tottenham
4,17,United,Tottenham
4,17,Watford,Tottenham
4,17,City,Tottenham
4,17,Leicester,Tottenham
4,17,Chelsea,Tottenham
4,17,Brighton,Tottenham
4,17,Aston,Liverpool
4,17,Everton,Liverpool
4,17,Wolverhampton,Liverpool
4,17,Southampton,Liverpool
4,17,West Ham,Liverpool
4,17,Palace,Liverpool
4,17,Burnley,Liverpool
4,17,Brentford,Liverpool
4,17,Leeds,Liverpool
4,17,Norwich,Liverpool
4,17,Islington,Liverpool
4,17,Newcastle,Liverpool
4,17,United,Liverpool
4,17,Watford,Liverpool
4,17,City,Liverpool
4,17,Leicester,Liverpool
4,17,Chelsea,Liverpool
4,17,Brighton,Liverpool
4,17,Everton,Aston
4,17,Wolverhampton,Aston
4,17,Southampton,Aston
4,17,West Ham,Aston
4,17,Palace,Aston
4,17,Burnley,Aston
4,17,Brentford,Aston
4,17,Leeds,Aston
4,17,Norwich,Aston
4,17,Islington,Aston
4,17,Newcastle,Aston
4,17,United,Aston
4,17,Watford,Aston
4,17,City,Aston
4,17,Leicester,Aston
4,17,Chelsea,Aston
4,17,Brighton,Aston
4,17,Wolverhampton,Everton
4,17,Southampton,Everton
4,17,West Ham,Everton
4,17,Palace,Everton
4,17,Burnley,Everton
4,17,Brentford,Everton
4,17,Leeds,Everton
4,17,Norwich,Everton
4,17,Islington,Everton
4,17,Newcastle,Everton
4,17,United,Everton
4,17,Watford,Everton
4,17,City,Everton
4,17,Leicester,Everton
4,17,Chelsea,Everton
4,17,Brighton,Everton
4,17,Southampton,Wolverhampton
4,17,West Ham,Wolverhampton
4,17,Palace,Wolverhampton
4,17,Burnley,Wolverhampton
4,17,Brentford,Wolverhampton
4,17,Leeds,Wolverhampton
4,17,Norwich,Wolverhampton
4,17,Islington,Wolverhampton
4,17,Newcastle,Wolverhampton
4,17,United,Wolverhampton
4,17,Watford,Wolverhampton
4,17,City,Wolverhampton
4,17,Leicester,Wolverhampton
4,17,Chelsea,Wolverhampton
4,17,Brighton,Wolverhampton
4,17,West Ham,Southampton
4,17,Palace,Southampton
4,17,Burnley,Southampton
4,17,Brentford,Southampton
4,17,Leeds,Southampton
4,17,Norwich,Southampton
4,17,Islington,Southampton
4,17,Newcastle,Southampton
4,17,United,Southampton
4,17,Watford,Southampton
4,17,City,Southampton
4,17,Leicester,Southampton
4,17,Chelsea,Southampton
4,17,Brighton,Southampton
4,17,Palace,West Ham
4,17,Burnley,West Ham
4,17,Brentford,West Ham
4,17,Leeds,West Ham
4,17,Norwich,West Ham
4,17,Islington,West Ham
4,17,Newcastle,West Ham
4,17,United,West Ham
4,17,Watford,West Ham
4,17,City,West Ham
4,17,Leicester,West Ham
4,17,Chelsea,West Ham
4,17,Brighton,West Ham
4,17,Burnley,Palace
4,17,Brentford,Palace
4,17,Leeds,Palace
4,17,Norwich,Palace
4,17,Islington,Palace
4,17,Newcastle,Palace
4,17,United,Palace
4,17,Watford,Palace
4,17,City,Palace
4,17,Leicester,Palace
4,17,Chelsea,Palace
4,17,Brighton,Palace
4,17,Brentford,Burnley
4,17,Leeds,Burnley
4,17,Norwich,Burnley
4,17,Islington,Burnley
4,17,Newcastle,Burnley
4,17,United,Burnley
4,17,Watford,Burnley
4,17,City,Burnley
4,17,Leicester,Burnley
4,17,Chelsea,Burnley
4,17,Brighton,Burnley
4,17,Leeds,Brentford
4,17,Norwich,Brentford
4,17,Islington,Brentford
4,17,Newcastle,Brentford
4,17,United,Brentford
4,17,Watford,Brentford
4,17,City,Brentford
4,17,Leicester,Brentford
4,17,Chelsea,Brentford
4,17,Brighton,Brentford
4,17,Norwich,Leeds
4,17,Islington,Leeds
4,17,Newcastle,Leeds
4,17,United,Leeds
4,17,Watford,Leeds
4,17,City,Leeds
4,17,Leicester,Leeds
4,17,Chelsea,Leeds
4,17,Brighton,Leeds
4,17,Islington,Norwich
4,17,Newcastle,Norwich
4,17,United,Norwich
4,17,Watford,Norwich
4,17,City,Norwich
4,17,Leicester,Norwich
4,17,Chelsea,Norwich
4,17,Brighton,Norwich
4,17,Newcastle,Islington
4,17,United,Islington
4,17,Watford,Islington
4,17,City,Islington
4,17,Leicester,Islington
4,17,Chelsea,Islington
4,17,Brighton,Islington
4,17,United,Newcastle
4,17,Watford,Newcastle
4,17,City,Newcastle
4,17,Leicester,Newcastle
4,17,Chelsea,Newcastle
4,17,Brighton,Newcastle
4,17,Watford,United
4,17,City,United
4,17,Leicester,United
4,17,Chelsea,United
4,17,Brighton,United
4,17,City,Watford
4,17,Leicester,Watford
4,17,Chelsea,Watford
4,17,Brighton,Watford
4,17,Leicester,City
4,17,Chelsea,City
4,17,Brighton,City
4,17,Chelsea,Leicester
4,17,Brighton,Leicester
4,17,Brighton,Chelsea
4,20,Liverpool,Tottenham
4,20,Aston,Tottenham
4,20,Everton,Tottenham
4,20,Wolverhampton,Tottenham
4,20,Southampton,Tottenham
4,20,West Ham,Tottenham
4,20,Palace,Tottenham
4,20,Burnley,Tottenham
4,20,Brentford,Tottenham
4,20,Leeds,Tottenham
4,20,Norwich,Tottenham
4,20,Islington,Tottenham
4,20,Newcastle,Tottenham
4,20,United,Tottenham
4,20,Watford,Tottenham
4,20,City,Tottenham
4,20,Leicester,Tottenham
4,20,Chelsea,Tottenham
4,20,Brighton,Tottenham
4,20,Aston,Liverpool
4,20,Everton,Liverpool
4,20,Wolverhampton,Liverpool
4,20,Southampton,Liverpool
4,20,West Ham,Liverpool
4,20,Palace,Liverpool
4,20,Burnley,Liverpool
4,20,Brentford,Liverpool
4,20,Leeds,Liverpool
4,20,Norwich,Liverpool
4,20,Islington,Liverpool
4,20,Newcastle,Liverpool
4,20,United,Liverpool
4,20,Watford,Liverpool
4,20,City,Liverpool
4,20,Leicester,Liverpool
4,20,Chelsea,Liverpool
4,20,Brighton,Liverpool
4,20,Everton,Aston
4,20,Wolverhampton,Aston
4,20,Southampton,Aston
4,20,West Ham,Aston
4,20,Palace,Aston
4,20,Burnley,Aston
4,20,Brentford,Aston
4,20,Leeds,Aston
4,20,Norwich,Aston
4,20,Islington,Aston
4,20,Newcastle,Aston
4,20,United,Aston
4,20,Watford,Aston
4,20,City,Aston
4,20,Leicester,Aston
4,20,Chelsea,Aston
4,20,Brighton,Aston
4,20,Wolverhampton,Everton
4,20,Southampton,Everton
4,20,West Ham,Everton
4,20,Palace,Everton
4,20,Burnley,Everton
4,20,Brentford,Everton
4,20,Leeds,Everton
4,20,Norwich,Everton
4,20,Islington,Everton
4,20,Newcastle,Everton
4,20,United,Everton
4,20,Watford,Everton
4,20,City,Everton
4,20,Leicester,Everton
4,20,Chelsea,Everton
4,20,Brighton,Everton
4,20,Southampton,Wolverhampton
4,20,West Ham,Wolverhampton
4,20,Palace,Wolverhampton
4,20,Burnley,Wolverhampton
4,20,Brentford,Wolverhampton
4,20,Leeds,Wolverhampton
4,20,Norwich,Wolverhampton
4,20,Islington,Wolverhampton
4,20,Newcastle,Wolverhampton
4,20,United,Wolverhampton
4,20,Watford,Wolverhampton
4,20,City,Wolverhampton
4,20,Leicester,Wolverhampton
4,20,Chelsea,Wolverhampton
4,20,Brighton,Wolverhampton
4,20,West Ham,Southampton
4,20,Palace,Southampton
4,20,Burnley,Southampton
4,20,Brentford,Southampton
4,20,Leeds,Southampton
4,20,Norwich,Southampton
4,20,Islington,Southampton
4,20,Newcastle,Southampton
4,20,United,Southampton
4,20,Watford,Southampton
4,20,City,Southampton
4,20,Leicester,Southampton
4,20,Chelsea,Southampton
4,20,Brighton,Southampton
4,20,Palace,West Ham
4,20,Burnley,West Ham
4,20,Brentford,West Ham
4,20,Leeds,West Ham
4,20,Norwich,West Ham
4,20,Islington,West Ham
4,20,Newcastle,West Ham
4,20,United,West Ham
4,20,Watford,West Ham
4,20,City,West Ham
4,20,Leicester,West Ham
4,20,Chelsea,West Ham
4,20,Brighton,West Ham
4,20,Burnley,Palace
4,20,Brentford,Palace
4,20,Leeds,Palace
4,20,Norwich,Palace
4,20,Islington,Palace
4,20,Newcastle,Palace
4,20,United,Palace
4,20,Watford,Palace
4,20,City,Palace
4,20,Leicester,Palace
4,20,Chelsea,Palace
4,20,Brighton,Palace
4,20,Brentford,Burnley
4,20,Leeds,Burnley
4,20,Norwich,Burnley
4,20,Islington,Burnley
4,20,Newcastle,Burnley
4,20,United,Burnley
4,20,Watford,Burnley
4,20,City,Burnley
4,20,Leicester,Burnley
4,20,Chelsea,Burnley
4,20,Brighton,Burnley
4,20,Leeds,Brentford
4,20,Norwich,Brentford
4,20,Islington,Brentford
4,20,Newcastle,Brentford
4,20,United,Brentford
4,20,Watford,Brentford
4,20,City,Brentford
4,20,Leicester,Brentford
4,20,Chelsea,Brentford
4,20,Brighton,Brentford
4,20,Norwich,Leeds
4,20,Islington,Leeds
4,20,Newcastle,Leeds
4,20,United,Leeds
4,20,Watford,Leeds
4,20,City,Leeds
4,20,Leicester,Leeds
4,20,Chelsea,Leeds
4,20,Brighton,Leeds
4,20,Islington,Norwich
4,20,Newcastle,Norwich
4,20,United,Norwich
4,20,Watford,Norwich
4,20,City,Norwich
4,20,Leicester,Norwich
4,20,Chelsea,Norwich
4,20,Brighton,Norwich
4,20,Newcastle,Islington
4,20,United,Islington
4,20,Watford,Islington
4,20,City,Islington
4,20,Leicester,Islington
4,20,Chelsea,Islington
4,20,Brighton,Islington
4,20,United,Newcastle
4,20,Watford,Newcastle
4,20,City,Newcastle
4,20,Leicester,Newcastle
4,20,Chelsea,Newcastle
4,20,Brighton,Newcastle
4,20,Watford,United
4,20,City,United
4,20,Leicester,United
4,20,Chelsea,United
4,20,Brighton,United
4,20,City,Watford
4,20,Leicester,Watford
4,20,Chelsea,Watford
4,20,Brighton,Watford
4,20,Leicester,City
4,20,Chelsea,City
4,20,Brighton,City
4,20,Chelsea,Leicester
4,20,Brighton,Leicester
4,20,Brighton,Chelsea
4,23,Liverpool,Tottenham
4,23,Aston,Tottenham
4,23,Everton,Tottenham
4,23,Wolverhampton,Tottenham
4,23,Southampton,Tottenham
4,23,West Ham,Tottenham
4,23,Palace,Tottenham
4,23,Burnley,Tottenham
4,23,Brentford,Tottenham
4,23,Leeds,Tottenham
4,23,Norwich,Tottenham
4,23,Islington,Tottenham
4,23,Newcastle,Tottenham
4,23,United,Tottenham
4,23,Watford,Tottenham
4,23,City,Tottenham
4,23,Leicester,Tottenham
4,23,Chelsea,Tottenham
4,23,Brighton,Tottenham
4,23,Aston,Liverpool
4,23,Everton,Liverpool
4,23,Wolverhampton,Liverpool
4,23,Southampton,Liverpool
4,23,West Ham,Liverpool
4,23,Palace,Liverpool
4,23,Burnley,Liverpool
4,23,Brentford,Liverpool
4,23,Leeds,Liverpool
4,23,Norwich,Liverpool
4,23,Islington,Liverpool
4,23,Newcastle,Liverpool
4,23,United,Liverpool
4,23,Watford,Liverpool
4,23,City,Liverpool
4,23,Leicester,Liverpool
4,23,Chelsea,Liverpool
4,23,Brighton,Liverpool
4,23,Everton,Aston
4,23,Wolverhampton,Aston
4,23,Southampton,Aston
4,23,West Ham,Aston
4,23,Palace,Aston
4,23,Burnley,Aston
4,23,Brentford,Aston
4,23,Leeds,Aston
4,23,Norwich,Aston
4,23,Islington,Aston
4,23,Newcastle,Aston
4,23,United,Aston
4,23,Watford,Aston
4,23,City,Aston
4,23,Leicester,Aston
4,23,Chelsea,Aston
4,23,Brighton,Aston
4,23,Wolverhampton,Everton
4,23,Southampton,Everton
4,23,West Ham,Everton
4,23,Palace,Everton
4,23,Burnley,Everton
4,23,Brentford,Everton
4,23,Leeds,Everton
4,23,Norwich,Everton
4,23,Islington,Everton
4,23,Newcastle,Everton
4,23,United,Everton
4,23,Watford,Everton
4,23,City,Everton
4,23,Leicester,Everton
4,23,Chelsea,Everton
4,23,Brighton,Everton
4,23,Southampton,Wolverhampton
4,23,West Ham,Wolverhampton
4,23,Palace,Wolverhampton
4,23,Burnley,Wolverhampton
4,23,Brentford,Wolverhampton
4,23,Leeds,Wolverhampton
4,23,Norwich,Wolverhampton
4,23,Islington,Wolverhampton
4,23,Newcastle,Wolverhampton
4,23,United,Wolverhampton
4,23,Watford,Wolverhampton
4,23,City,Wolverhampton
4,23,Leicester,Wolverhampton
4,23,Chelsea,Wolverhampton
4,23,Brighton,Wolverhampton
4,23,West Ham,Southampton
4,23,Palace,Southampton
4,23,Burnley,Southampton
4,23,Brentford,Southampton
4,23,Leeds,Southampton
4,23,Norwich,Southampton
4,23,Islington,Southampton
4,23,Newcastle,Southampton
4,23,United,Southampton
4,23,Watford,Southampton
4,23,City,Southampton
4,23,Leicester,Southampton
4,23,Chelsea,Southampton
4,23,Brighton,Southampton
4,23,Palace,West Ham
4,23,Burnley,West Ham
4,23,Brentford,West Ham
4,23,Leeds,West Ham
4,23,Norwich,West Ham
4,23,Islington,West Ham
4,23,Newcastle,West Ham
4,23,United,West Ham
4,23,Watford,West Ham
4,23,City,West Ham
4,23,Leicester,West Ham
4,23,Chelsea,West Ham
4,23,Brighton,West Ham
4,23,Burnley,Palace
4,23,Brentford,Palace
4,23,Leeds,Palace
4,23,Norwich,Palace
4,23,Islington,Palace
4,23,Newcastle,Palace
4,23,United,Palace
4,23,Watford,Palace
4,23,City,Palace
4,23,Leicester,Palace
4,23,Chelsea,Palace
4,23,Brighton,Palace
4,23,Brentford,Burnley
4,23,Leeds,Burnley
4,23,Norwich,Burnley
4,23,Islington,Burnley
4,23,Newcastle,Burnley
4,23,United,Burnley
4,23,Watford,Burnley
4,23,City,Burnley
4,23,Leicester,Burnley
4,23,Chelsea,Burnley
4,23,Brighton,Burnley
4,23,Leeds,Brentford
4,23,Norwich,Brentford
4,23,Islington,Brentford
4,23,Newcastle,Brentford
4,23,United,Brentford
4,23,Watford,Brentford
4,23,City,Brentford
4,23,Leicester,Brentford
4,23,Chelsea,Brentford
4,23,Brighton,Brentford
4,23,Norwich,Leeds
4,23,Islington,Leeds
4,23,Newcastle,Leeds
4,23,United,Leeds
4,23,Watford,Leeds
4,23,City,Leeds
4,23,Leicester,Leeds
4,23,Chelsea,Leeds
4,23,Brighton,Leeds
4,23,Islington,Norwich
4,23,Newcastle,Norwich
4,23,United,Norwich
4,23,Watford,Norwich
4,23,City,Norwich
4,23,Leicester,Norwich
4,23,Chelsea,Norwich
4,23,Brighton,Norwich
4,23,Newcastle,Islington
4,23,United,Islington
4,23,Watford,Islington
4,23,City,Islington
4,23,Leicester,Islington
4,23,Chelsea,Islington
4,23,Brighton,Islington
4,23,United,Newcastle
4,23,Watford,Newcastle
4,23,City,Newcastle
4,23,Leicester,Newcastle
4,23,Chelsea,Newcastle
4,23,Brighton,Newcastle
4,23,Watford,United
4,23,City,United
4,23,Leicester,United
4,23,Chelsea,United
4,23,Brighton,United
4,23,City,Watford
4,23,Leicester,Watford
4,23,Chelsea,Watford
4,23,Brighton,Watford
4,23,Leicester,City
4,23,Chelsea,City
4,23,Brighton,City
4,23,Chelsea,Leicester
4,23,Brighton,Leicester
4,23,Brighton,Chelsea
4,26,Liverpool,Tottenham
4,26,Aston,Tottenham
4,26,Everton,Tottenham
4,26,Wolverhampton,Tottenham
4,26,Southampton,Tottenham
4,26,West Ham,Tottenham
4,26,Palace,Tottenham
4,26,Burnley,Tottenham
4,26,Brentford,Tottenham
4,26,Leeds,Tottenham
4,26,Norwich,Tottenham
4,26,Islington,Tottenham
4,26,Newcastle,Tottenham
4,26,United,Tottenham
4,26,Watford,Tottenham
4,26,City,Tottenham
4,26,Leicester,Tottenham
4,26,Chelsea,Tottenham
4,26,Brighton,Tottenham
4,26,Aston,Liverpool
4,26,Everton,Liverpool
4,26,Wolverhampton,Liverpool
4,26,Southampton,Liverpool
4,26,West Ham,Liverpool
4,26,Palace,Liverpool
4,26,Burnley,Liverpool
4,26,Brentford,Liverpool
4,26,Leeds,Liverpool
4,26,Norwich,Liverpool
4,26,Islington,Liverpool
4,26,Newcastle,Liverpool
4,26,United,Liverpool
4,26,Watford,Liverpool
4,26,City,Liverpool
4,26,Leicester,Liverpool
4,26,Chelsea,Liverpool
4,26,Brighton,Liverpool
4,26,Everton,Aston
4,26,Wolverhampton,Aston
4,26,Southampton,Aston
4,26,West Ham,Aston
4,26,Palace,Aston
4,26,Burnley,Aston
4,26,Brentford,Aston
4,26,Leeds,Aston
4,26,Norwich,Aston
4,26,Islington,Aston
4,26,Newcastle,Aston
4,26,United,Aston
4,26,Watford,Aston
4,26,City,Aston
4,26,Leicester,Aston
4,26,Chelsea,Aston
4,26,Brighton,Aston
4,26,Wolverhampton,Everton
4,26,Southampton,Everton
4,26,West Ham,Everton
4,26,Palace,Everton
4,26,Burnley,Everton
4,26,Brentford,Everton
4,26,Leeds,Everton
4,26,Norwich,Everton
4,26,Islington,Everton
4,26,Newcastle,Everton
4,26,United,Everton
4,26,Watford,Everton
4,26,City,Everton
4,26,Leicester,Everton
4,26,Chelsea,Everton
4,26,Brighton,Everton
4,26,Southampton,Wolverhampton
4,26,West Ham,Wolverhampton
4,26,Palace,Wolverhampton
4,26,Burnley,Wolverhampton
4,26,Brentford,Wolverhampton
4,26,Leeds,Wolverhampton
4,26,Norwich,Wolverhampton
4,26,Islington,Wolverhampton
4,26,Newcastle,Wolverhampton
4,26,United,Wolverhampton
4,26,Watford,Wolverhampton
4,26,City,Wolverhampton
4,26,Leicester,Wolverhampton
4,26,Chelsea,Wolverhampton
4,26,Brighton,Wolverhampton
4,26,West Ham,Southampton
4,26,Palace,Southampton
4,26,Burnley,Southampton
4,26,Brentford,Southampton
4,26,Leeds,Southampton
4,26,Norwich,Southampton
4,26,Islington,Southampton
4,26,Newcastle,Southampton
4,26,United,Southampton
4,26,Watford,Southampton
4,26,City,Southampton
4,26,Leicester,Southampton
4,26,Chelsea,Southampton
4,26,Brighton,Southampton
4,26,Palace,West Ham
4,26,Burnley,West Ham
4,26,Brentford,West Ham
4,26,Leeds,West Ham
4,26,Norwich,West Ham
4,26,Islington,West Ham
4,26,Newcastle,West Ham
4,26,United,West Ham
4,26,Watford,West Ham
4,26,City,West Ham
4,26,Leicester,West Ham
4,26,Chelsea,West Ham
4,26,Brighton,West Ham
4,26,Burnley,Palace
4,26,Brentford,Palace
4,26,Leeds,Palace
4,26,Norwich,Palace
4,26,Islington,Palace
4,26,Newcastle,Palace
4,26,United,Palace
4,26,Watford,Palace
4,26,City,Palace
4,26,Leicester,Palace
4,26,Chelsea,Palace
4,26,Brighton,Palace
4,26,Brentford,Burnley
4,26,Leeds,Burnley
4,26,Norwich,Burnley
4,26,Islington,Burnley
4,26,Newcastle,Burnley
4,26,United,Burnley
4,26,Watford,Burnley
4,26,City,Burnley
4,26,Leicester,Burnley
4,26,Chelsea,Burnley
4,26,Brighton,Burnley
4,26,Leeds,Brentford
4,26,Norwich,Brentford
4,26,Islington,Brentford
4,26,Newcastle,Brentford
4,26,United,Brentford
4,26,Watford,Brentford
4,26,City,Brentford
4,26,Leicester,Brentford
4,26,Chelsea,Brentford
4,26,Brighton,Brentford
4,26,Norwich,Leeds
4,26,Islington,Leeds
4,26,Newcastle,Leeds
4,26,United,Leeds
4,26,Watford,Leeds
4,26,City,Leeds
4,26,Leicester,Leeds
4,26,Chelsea,Leeds
4,26,Brighton,Leeds
4,26,Islington,Norwich
4,26,Newcastle,Norwich
4,26,United,Norwich
4,26,Watford,Norwich
4,26,City,Norwich
4,26,Leicester,Norwich
4,26,Chelsea,Norwich
4,26,Brighton,Norwich
4,26,Newcastle,Islington
4,26,United,Islington
4,26,Watford,Islington
4,26,City,Islington
4,26,Leicester,Islington
4,26,Chelsea,Islington
4,26,Brighton,Islington
4,26,United,Newcastle
4,26,Watford,Newcastle
4,26,City,Newcastle
4,26,Leicester,Newcastle
4,26,Chelsea,Newcastle
4,26,Brighton,Newcastle
4,26,Watford,United
4,26,City,United
4,26,Leicester,United
4,26,Chelsea,United
4,26,Brighton,United
4,26,City,Watford
4,26,Leicester,Watford
4,26,Chelsea,Watford
4,26,Brighton,Watford
4,26,Leicester,City
4,26,Chelsea,City
4,26,Brighton,City
4,26,Chelsea,Leicester
4,26,Brighton,Leicester
4,26,Brighton,Chelsea
4,29,Liverpool,Tottenham
4,29,Aston,Tottenham
4,29,Everton,Tottenham
4,29,Wolverhampton,Tottenham
4,29,Southampton,Tottenham
4,29,West Ham,Tottenham
4,29,Palace,Tottenham
4,29,Burnley,Tottenham
4,29,Brentford,Tottenham
4,29,Leeds,Tottenham
4,29,Norwich,Tottenham
4,29,Islington,Tottenham
4,29,Newcastle,Tottenham
4,29,United,Tottenham
4,29,Watford,Tottenham
4,29,City,Tottenham
4,29,Leicester,Tottenham
4,29,Chelsea,Tottenham
4,29,Brighton,Tottenham
4,29,Aston,Liverpool
4,29,Everton,Liverpool
4,29,Wolverhampton,Liverpool
4,29,Southampton,Liverpool
4,29,West Ham,Liverpool
4,29,Palace,Liverpool
4,29,Burnley,Liverpool
4,29,Brentford,Liverpool
4,29,Leeds,Liverpool
4,29,Norwich,Liverpool
4,29,Islington,Liverpool
4,29,Newcastle,Liverpool
4,29,United,Liverpool
4,29,Watford,Liverpool
4,29,City,Liverpool
4,29,Leicester,Liverpool
4,29,Chelsea,Liverpool
4,29,Brighton,Liverpool
4,29,Everton,Aston
4,29,Wolverhampton,Aston
4,29,Southampton,Aston
4,29,West Ham,Aston
4,29,Palace,Aston
4,29,Burnley,Aston
4,29,Brentford,Aston
4,29,Leeds,Aston
4,29,Norwich,Aston
4,29,Islington,Aston
4,29,Newcastle,Aston
4,29,United,Aston
4,29,Watford,Aston
4,29,City,Aston
4,29,Leicester,Aston
4,29,Chelsea,Aston
4,29,Brighton,Aston
4,29,Wolverhampton,Everton
4,29,Southampton,Everton
4,29,West Ham,Everton
4,29,Palace,Everton
4,29,Burnley,Everton
4,29,Brentford,Everton
4,29,Leeds,Everton
4,29,Norwich,Everton
4,29,Islington,Everton
4,29,Newcastle,Everton
4,29,United,Everton
4,29,Watford,Everton
4,29,City,Everton
4,29,Leicester,Everton
4,29,Chelsea,Everton
4,29,Brighton,Everton
4,29,Southampton,Wolverhampton
4,29,West Ham,Wolverhampton
4,29,Palace,Wolverhampton
4,29,Burnley,Wolverhampton
4,29,Brentford,Wolverhampton
4,29,Leeds,Wolverhampton
4,29,Norwich,Wolverhampton
4,29,Islington,Wolverhampton
4,29,Newcastle,Wolverhampton
4,29,United,Wolverhampton
4,29,Watford,Wolverhampton
4,29,City,Wolverhampton
4,29,Leicester,Wolverhampton
4,29,Chelsea,Wolverhampton
4,29,Brighton,Wolverhampton
4,29,West Ham,Southampton
4,29,Palace,Southampton
4,29,Burnley,Southampton
4,29,Brentford,Southampton
4,29,Leeds,Southampton
4,29,Norwich,Southampton
4,29,Islington,Southampton
4,29,Newcastle,Southampton
4,29,United,Southampton
4,29,Watford,Southampton
4,29,City,Southampton
4,29,Leicester,Southampton
4,29,Chelsea,Southampton
4,29,Brighton,Southampton
4,29,Palace,West Ham
4,29,Burnley,West Ham
4,29,Brentford,West Ham
4,29,Leeds,West Ham
4,29,Norwich,West Ham
4,29,Islington,West Ham
4,29,Newcastle,West Ham
4,29,United,West Ham
4,29,Watford,West Ham
4,29,City,West Ham
4,29,Leicester,West Ham
4,29,Chelsea,West Ham
4,29,Brighton,West Ham
4,29,Burnley,Palace
4,29,Brentford,Palace
4,29,Leeds,Palace
4,29,Norwich,Palace
4,29,Islington,Palace
4,29,Newcastle,Palace
4,29,United,Palace
4,29,Watford,Palace
4,29,City,Palace
4,29,Leicester,Palace
4,29,Chelsea,Palace
4,29,Brighton,Palace
4,29,Brentford,Burnley
4,29,Leeds,Burnley
4,29,Norwich,Burnley
4,29,Islington,Burnley
4,29,Newcastle,Burnley
4,29,United,Burnley
4,29,Watford,Burnley
4,29,City,Burnley
4,29,Leicester,Burnley
4,29,Chelsea,Burnley
4,29,Brighton,Burnley
4,29,Leeds,Brentford
4,29,Norwich,Brentford
4,29,Islington,Brentford
4,29,Newcastle,Brentford
4,29,United,Brentford
4,29,Watford,Brentford
4,29,City,Brentford
4,29,Leicester,Brentford
4,29,Chelsea,Brentford
4,29,Brighton,Brentford
4,29,Norwich,Leeds
4,29,Islington,Leeds
4,29,Newcastle,Leeds
4,29,United,Leeds
4,29,Watford,Leeds
4,29,City,Leeds
4,29,Leicester,Leeds
4,29,Chelsea,Leeds
4,29,Brighton,Leeds
4,29,Islington,Norwich
4,29,Newcastle,Norwich
4,29,United,Norwich
4,29,Watford,Norwich
4,29,City,Norwich
4,29,Leicester,Norwich
4,29,Chelsea,Norwich
4,29,Brighton,Norwich
4,29,Newcastle,Islington
4,29,United,Islington
4,29,Watford,Islington
4,29,City,Islington
4,29,Leicester,Islington
4,29,Chelsea,Islington
4,29,Brighton,Islington
4,29,United,Newcastle
4,29,Watford,Newcastle
4,29,City,Newcastle
4,29,Leicester,Newcastle
4,29,Chelsea,Newcastle
4,29,Brighton,Newcastle
4,29,Watford,United
4,29,City,United
4,29,Leicester,United
4,29,Chelsea,United
4,29,Brighton,United
4,29,City,Watford
4,29,Leicester,Watford
4,29,Chelsea,Watford
4,29,Brighton,Watford
4,29,Leicester,City
4,29,Chelsea,City
4,29,Brighton,City
4,29,Chelsea,Leicester
4,29,Brighton,Leicester
4,29,Brighton,Chelsea
4,32,Liverpool,Tottenham
4,32,Aston,Tottenham
4,32,Everton,Tottenham
4,32,Wolverhampton,Tottenham
4,32,Southampton,Tottenham
4,32,West Ham,Tottenham
4,32,Palace,Tottenham
4,32,Burnley,Tottenham
4,32,Brentford,Tottenham
4,32,Leeds,Tottenham
4,32,Norwich,Tottenham
4,32,Islington,Tottenham
4,32,Newcastle,Tottenham
4,32,United,Tottenham
4,32,Watford,Tottenham
4,32,City,Tottenham
4,32,Leicester,Tottenham
4,32,Chelsea,Tottenham
4,32,Brighton,Tottenham
4,32,Aston,Liverpool
4,32,Everton,Liverpool
4,32,Wolverhampton,Liverpool
4,32,Southampton,Liverpool
4,32,West Ham,Liverpool
4,32,Palace,Liverpool
4,32,Burnley,Liverpool
4,32,Brentford,Liverpool
4,32,Leeds,Liverpool
4,32,Norwich,Liverpool
4,32,Islington,Liverpool
4,32,Newcastle,Liverpool
4,32,United,Liverpool
4,32,Watford,Liverpool
4,32,City,Liverpool
4,32,Leicester,Liverpool
4,32,Chelsea,Liverpool
4,32,Brighton,Liverpool
4,32,Everton,Aston
4,32,Wolverhampton,Aston
4,32,Southampton,Aston
4,32,West Ham,Aston
4,32,Palace,Aston
4,32,Burnley,Aston
4,32,Brentford,Aston
4,32,Leeds,Aston
4,32,Norwich,Aston
4,32,Islington,Aston
4,32,Newcastle,Aston
4,32,United,Aston
4,32,Watford,Aston
4,32,City,Aston
4,32,Leicester,Aston
4,32,Chelsea,Aston
4,32,Brighton,Aston
4,32,Wolverhampton,Everton
4,32,Southampton,Everton
4,32,West Ham,Everton
4,32,Palace,Everton
4,32,Burnley,Everton
4,32,Brentford,Everton
4,32,Leeds,Everton
4,32,Norwich,Everton
4,32,Islington,Everton
4,32,Newcastle,Everton
4,32,United,Everton
4,32,Watford,Everton
4,32,City,Everton
4,32,Leicester,Everton
4,32,Chelsea,Everton
4,32,Brighton,Everton
4,32,Southampton,Wolverhampton
4,32,West Ham,Wolverhampton
4,32,Palace,Wolverhampton
4,32,Burnley,Wolverhampton
4,32,Brentford,Wolverhampton
4,32,Leeds,Wolverhampton
4,32,Norwich,Wolverhampton
4,32,Islington,Wolverhampton
4,32,Newcastle,Wolverhampton
4,32,United,Wolverhampton
4,32,Watford,Wolverhampton
4,32,City,Wolverhampton
4,32,Leicester,Wolverhampton
4,32,Chelsea,Wolverhampton
4,32,Brighton,Wolverhampton
4,32,West Ham,Southampton
4,32,Palace,Southampton
4,32,Burnley,Southampton
4,32,Brentford,Southampton
4,32,Leeds,Southampton
4,32,Norwich,Southampton
4,32,Islington,Southampton
4,32,Newcastle,Southampton
4,32,United,Southampton
4,32,Watford,Southampton
4,32,City,Southampton
4,32,Leicester,Southampton
4,32,Chelsea,Southampton
4,32,Brighton,Southampton
4,32,Palace,West Ham
4,32,Burnley,West Ham
4,32,Brentford,West Ham
4,32,Leeds,West Ham
4,32,Norwich,West Ham
4,32,Islington,West Ham
4,32,Newcastle,West Ham
4,32,United,West Ham
4,32,Watford,West Ham
4,32,City,West Ham
4,32,Leicester,West Ham
4,32,Chelsea,West Ham
4,32,Brighton,West Ham
4,32,Burnley,Palace
4,32,Brentford,Palace
4,32,Leeds,Palace
4,32,Norwich,Palace
4,32,Islington,Palace
4,32,Newcastle,Palace
4,32,United,Palace
4,32,Watford,Palace
4,32,City,Palace
4,32,Leicester,Palace
4,32,Chelsea,Palace
4,32,Brighton,Palace
4,32,Brentford,Burnley
4,32,Leeds,Burnley
4,32,Norwich,Burnley
4,32,Islington,Burnley
4,32,Newcastle,Burnley
4,32,United,Burnley
4,32,Watford,Burnley
4,32,City,Burnley
4,32,Leicester,Burnley
4,32,Chelsea,Burnley
4,32,Brighton,Burnley
4,32,Leeds,Brentford
4,32,Norwich,Brentford
4,32,Islington,Brentford
4,32,Newcastle,Brentford
4,32,United,Brentford
4,32,Watford,Brentford
4,32,City,Brentford
4,32,Leicester,Brentford
4,32,Chelsea,Brentford
4,32,Brighton,Brentford
4,32,Norwich,Leeds
4,32,Islington,Leeds
4,32,Newcastle,Leeds
4,32,United,Leeds
4,32,Watford,Leeds
4,32,City,Leeds
4,32,Leicester,Leeds
4,32,Chelsea,Leeds
4,32,Brighton,Leeds
4,32,Islington,Norwich
4,32,Newcastle,Norwich
4,32,United,Norwich
4,32,Watford,Norwich
4,32,City,Norwich
4,32,Leicester,Norwich
4,32,Chelsea,Norwich
4,32,Brighton,Norwich
4,32,Newcastle,Islington
4,32,United,Islington
4,32,Watford,Islington
4,32,City,Islington
4,32,Leicester,Islington
4,32,Chelsea,Islington
4,32,Brighton,Islington
4,32,United,Newcastle
4,32,Watford,Newcastle
4,32,City,Newcastle
4,32,Leicester,Newcastle
4,32,Chelsea,Newcastle
4,32,Brighton,Newcastle
4,32,Watford,United
4,32,City,United
4,32,Leicester,United
4,32,Chelsea,United
4,32,Brighton,United
4,32,City,Watford
4,32,Leicester,Watford
4,32,Chelsea,Watford
4,32,Brighton,Watford
4,32,Leicester,City
4,32,Chelsea,City
4,32,Brighton,City
4,32,Chelsea,Leicester
4,32,Brighton,Leicester
4,32,Brighton,Chelsea
4,35,Liverpool,Tottenham
4,35,Aston,Tottenham
4,35,Everton,Tottenham
4,35,Wolverhampton,Tottenham
4,35,Southampton,Tottenham
4,35,West Ham,Tottenham
4,35,Palace,Tottenham
4,35,Burnley,Tottenham
4,35,Brentford,Tottenham
4,35,Leeds,Tottenham
4,35,Norwich,Tottenham
4,35,Islington,Tottenham
4,35,Newcastle,Tottenham
4,35,United,Tottenham
4,35,Watford,Tottenham
4,35,City,Tottenham
4,35,Leicester,Tottenham
4,35,Chelsea,Tottenham
4,35,Brighton,Tottenham
4,35,Aston,Liverpool
4,35,Everton,Liverpool
4,35,Wolverhampton,Liverpool
4,35,Southampton,Liverpool
4,35,West Ham,Liverpool
4,35,Palace,Liverpool
4,35,Burnley,Liverpool
4,35,Brentford,Liverpool
4,35,Leeds,Liverpool
4,35,Norwich,Liverpool
4,35,Islington,Liverpool
4,35,Newcastle,Liverpool
4,35,United,Liverpool
4,35,Watford,Liverpool
4,35,City,Liverpool
4,35,Leicester,Liverpool
4,35,Chelsea,Liverpool
4,35,Brighton,Liverpool
4,35,Everton,Aston
4,35,Wolverhampton,Aston
4,35,Southampton,Aston
4,35,West Ham,Aston
4,35,Palace,Aston
4,35,Burnley,Aston
4,35,Brentford,Aston
4,35,Leeds,Aston
4,35,Norwich,Aston
4,35,Islington,Aston
4,35,Newcastle,Aston
4,35,United,Aston
4,35,Watford,Aston
4,35,City,Aston
4,35,Leicester,Aston
4,35,Chelsea,Aston
4,35,Brighton,Aston
4,35,Wolverhampton,Everton
4,35,Southampton,Everton
4,35,West Ham,Everton
4,35,Palace,Everton
4,35,Burnley,Everton
4,35,Brentford,Everton
4,35,Leeds,Everton
4,35,Norwich,Everton
4,35,Islington,Everton
4,35,Newcastle,Everton
4,35,United,Everton
4,35,Watford,Everton
4,35,City,Everton
4,35,Leicester,Everton
4,35,Chelsea,Everton
4,35,Brighton,Everton
4,35,Southampton,Wolverhampton
4,35,West Ham,Wolverhampton
4,35,Palace,Wolverhampton
4,35,Burnley,Wolverhampton
4,35,Brentford,Wolverhampton
4,35,Leeds,Wolverhampton
4,35,Norwich,Wolverhampton
4,35,Islington,Wolverhampton
4,35,Newcastle,Wolverhampton
4,35,United,Wolverhampton
4,35,Watford,Wolverhampton
4,35,City,Wolverhampton
4,35,Leicester,Wolverhampton
4,35,Chelsea,Wolverhampton
4,35,Brighton,Wolverhampton
4,35,West Ham,Southampton
4,35,Palace,Southampton
4,35,Burnley,Southampton
4,35,Brentford,Southampton
4,35,Leeds,Southampton
4,35,Norwich,Southampton
4,35,Islington,Southampton
4,35,Newcastle,Southampton
4,35,United,Southampton
4,35,Watford,Southampton
4,35,City,Southampton
4,35,Leicester,Southampton
4,35,Chelsea,Southampton
4,35,Brighton,Southampton
4,35,Palace,West Ham
4,35,Burnley,West Ham
4,35,Brentford,West Ham
4,35,Leeds,West Ham
4,35,Norwich,West Ham
4,35,Islington,West Ham
4,35,Newcastle,West Ham
4,35,United,West Ham
4,35,Watford,West Ham
4,35,City,West Ham
4,35,Leicester,West Ham
4,35,Chelsea,West Ham
4,35,Brighton,West Ham
4,35,Burnley,Palace
4,35,Brentford,Palace
4,35,Leeds,Palace
4,35,Norwich,Palace
4,35,Islington,Palace
4,35,Newcastle,Palace
4,35,United,Palace
4,35,Watford,Palace
4,35,City,Palace
4,35,Leicester,Palace
4,35,Chelsea,Palace
4,35,Brighton,Palace
4,35,Brentford,Burnley
4,35,Leeds,Burnley
4,35,Norwich,Burnley
4,35,Islington,Burnley
4,35,Newcastle,Burnley
4,35,United,Burnley
4,35,Watford,Burnley
4,35,City,Burnley
4,35,Leicester,Burnley
4,35,Chelsea,Burnley
4,35,Brighton,Burnley
4,35,Leeds,Brentford
4,35,Norwich,Brentford
4,35,Islington,Brentford
4,35,Newcastle,Brentford
4,35,United,Brentford
4,35,Watford,Brentford
4,35,City,Brentford
4,35,Leicester,Brentford
4,35,Chelsea,Brentford
4,35,Brighton,Brentford
4,35,Norwich,Leeds
4,35,Islington,Leeds
4,35,Newcastle,Leeds
4,35,United,Leeds
4,35,Watford,Leeds
4,35,City,Leeds
4,35,Leicester,Leeds
4,35,Chelsea,Leeds
4,35,Brighton,Leeds
4,35,Islington,Norwich
4,35,Newcastle,Norwich
4,35,United,Norwich
4,35,Watford,Norwich
4,35,City,Norwich
4,35,Leicester,Norwich
4,35,Chelsea,Norwich
4,35,Brighton,Norwich
4,35,Newcastle,Islington
4,35,United,Islington
4,35,Watford,Islington
4,35,City,Islington
4,35,Leicester,Islington
4,35,Chelsea,Islington
4,35,Brighton,Islington
4,35,United,Newcastle
4,35,Watford,Newcastle
4,35,City,Newcastle
4,35,Leicester,Newcastle
4,35,Chelsea,Newcastle
4,35,Brighton,Newcastle
4,35,Watford,United
4,35,City,United
4,35,Leicester,United
4,35,Chelsea,United
4,35,Brighton,United
4,35,City,Watford
4,35,Leicester,Watford
4,35,Chelsea,Watford
4,35,Brighton,Watford
4,35,Leicester,City
4,35,Chelsea,City
4,35,Brighton,City
4,35,Chelsea,Leicester
4,35,Brighton,Leicester
4,35,Brighton,Chelsea
4,38,Liverpool,Tottenham
4,38,Aston,Tottenham
4,38,Everton,Tottenham
4,38,Wolverhampton,Tottenham
4,38,Southampton,Tottenham
4,38,West Ham,Tottenham
4,38,Palace,Tottenham
4,38,Burnley,Tottenham
4,38,Brentford,Tottenham
4,38,Leeds,Tottenham
4,38,Norwich,Tottenham
4,38,Islington,Tottenham
4,38,Newcastle,Tottenham
4,38,United,Tottenham
4,38,Watford,Tottenham
4,38,City,Tottenham
4,38,Leicester,Tottenham
4,38,Chelsea,Tottenham
4,38,Brighton,Tottenham
4,38,Aston,Liverpool
4,38,Everton,Liverpool
4,38,Wolverhampton,Liverpool
4,38,Southampton,Liverpool
4,38,West Ham,Liverpool
4,38,Palace,Liverpool
4,38,Burnley,Liverpool
4,38,Brentford,Liverpool
4,38,Leeds,Liverpool
4,38,Norwich,Liverpool
4,38,Islington,Liverpool
4,38,Newcastle,Liverpool
4,38,United,Liverpool
4,38,Watford,Liverpool
4,38,City,Liverpool
4,38,Leicester,Liverpool
4,38,Chelsea,Liverpool
4,38,Brighton,Liverpool
4,38,Everton,Aston
4,38,Wolverhampton,Aston
4,38,Southampton,Aston
4,38,West Ham,Aston
4,38,Palace,Aston
4,38,Burnley,Aston
4,38,Brentford,Aston
4,38,Leeds,Aston
4,38,Norwich,Aston
4,38,Islington,Aston
4,38,Newcastle,Aston
4,38,United,Aston
4,38,Watford,Aston
4,38,City,Aston
4,38,Leicester,Aston
4,38,Chelsea,Aston
4,38,Brighton,Aston
4,38,Wolverhampton,Everton
4,38,Southampton,Everton
4,38,West Ham,Everton
4,38,Palace,Everton
4,38,Burnley,Everton
4,38,Brentford,Everton
4,38,Leeds,Everton
4,38,Norwich,Everton
4,38,Islington,Everton
4,38,Newcastle,Everton
4,38,United,Everton
4,38,Watford,Everton
4,38,City,Everton
4,38,Leicester,Everton
4,38,Chelsea,Everton
4,38,Brighton,Everton
4,38,Southampton,Wolverhampton
4,38,West Ham,Wolverhampton
4,38,Palace,Wolverhampton
4,38,Burnley,Wolverhampton
4,38,Brentford,Wolverhampton
4,38,Leeds,Wolverhampton
4,38,Norwich,Wolverhampton
4,38,Islington,Wolverhampton
4,38,Newcastle,Wolverhampton
4,38,United,Wolverhampton
4,38,Watford,Wolverhampton
4,38,City,Wolverhampton
4,38,Leicester,Wolverhampton
4,38,Chelsea,Wolverhampton
4,38,Brighton,Wolverhampton
4,38,West Ham,Southampton
4,38,Palace,Southampton
4,38,Burnley,Southampton
4,38,Brentford,Southampton
4,38,Leeds,Southampton
4,38,Norwich,Southampton
4,38,Islington,Southampton
4,38,Newcastle,Southampton
4,38,United,Southampton
4,38,Watford,Southampton
4,38,City,Southampton
4,38,Leicester,Southampton
4,38,Chelsea,Southampton
4,38,Brighton,Southampton
4,38,Palace,West Ham
4,38,Burnley,West Ham
4,38,Brentford,West Ham
4,38,Leeds,West Ham
4,38,Norwich,West Ham
4,38,Islington,West Ham
4,38,Newcastle,West Ham
4,38,United,West Ham
4,38,Watford,West Ham
4,38,City,West Ham
4,38,Leicester,West Ham
4,38,Chelsea,West Ham
4,38,Brighton,West Ham
4,38,Burnley,Palace
4,38,Brentford,Palace
4,38,Leeds,Palace
4,38,Norwich,Palace
4,38,Islington,Palace
4,38,Newcastle,Palace
4,38,United,Palace
4,38,Watford,Palace
4,38,City,Palace
4,38,Leicester,Palace
4,38,Chelsea,Palace
4,38,Brighton,Palace
4,38,Brentford,Burnley
4,38,Leeds,Burnley
4,38,Norwich,Burnley
4,38,Islington,Burnley
4,38,Newcastle,Burnley
4,38,United,Burnley
4,38,Watford,Burnley
4,38,City,Burnley
4,38,Leicester,Burnley
4,38,Chelsea,Burnley
4,38,Brighton,Burnley
4,38,Leeds,Brentford
4,38,Norwich,Brentford
4,38,Islington,Brentford
4,38,Newcastle,Brentford
4,38,United,Brentford
4,38,Watford,Brentford
4,38,City,Brentford
4,38,Leicester,Brentford
4,38,Chelsea,Brentford
4,38,Brighton,Brentford
4,38,Norwich,Leeds
4,38,Islington,Leeds
4,38,Newcastle,Leeds
4,38,United,Leeds
4,38,Watford,Leeds
4,38,City,Leeds
4,38,Leicester,Leeds
4,38,Chelsea,Leeds
4,38,Brighton,Leeds
4,38,Islington,Norwich
4,38,Newcastle,Norwich
4,38,United,Norwich
4,38,Watford,Norwich
4,38,City,Norwich
4,38,Leicester,Norwich
4,38,Chelsea,Norwich
4,38,Brighton,Norwich
4,38,Newcastle,Islington
4,38,United,Islington
4,38,Watford,Islington
4,38,City,Islington
4,38,Leicester,Islington
4,38,Chelsea,Islington
4,38,Brighton,Islington
4,38,United,Newcastle
4,38,Watford,Newcastle
4,38,City,Newcastle
4,38,Leicester,Newcastle
4,38,Chelsea,Newcastle
4,38,Brighton,Newcastle
4,38,Watford,United
4,38,City,United
4,38,Leicester,United
4,38,Chelsea,United
4,38,Brighton,United
4,38,City,Watford
4,38,Leicester,Watford
4,38,Chelsea,Watford
4,38,Brighton,Watford
4,38,Leicester,City
4,38,Chelsea,City
4,38,Brighton,City
4,38,Chelsea,Leicester
4,38,Brighton,Leicester
4,38,Brighton,Chelsea
4,41,Liverpool,Tottenham
4,41,Aston,Tottenham
4,41,Everton,Tottenham
4,41,Wolverhampton,Tottenham
4,41,Southampton,Tottenham
4,41,West Ham,Tottenham
4,41,Palace,Tottenham
4,41,Burnley,Tottenham
4,41,Brentford,Tottenham
4,41,Leeds,Tottenham
4,41,Norwich,Tottenham
4,41,Islington,Tottenham
4,41,Newcastle,Tottenham
4,41,United,Tottenham
4,41,Watford,Tottenham
4,41,City,Tottenham
4,41,Leicester,Tottenham
4,41,Chelsea,Tottenham
4,41,Brighton,Tottenham
4,41,Aston,Liverpool
4,41,Everton,Liverpool
4,41,Wolverhampton,Liverpool
4,41,Southampton,Liverpool
4,41,West Ham,Liverpool
4,41,Palace,Liverpool
4,41,Burnley,Liverpool
4,41,Brentford,Liverpool
4,41,Leeds,Liverpool
4,41,Norwich,Liverpool
4,41,Islington,Liverpool
4,41,Newcastle,Liverpool
4,41,United,Liverpool
4,41,Watford,Liverpool
4,41,City,Liverpool
4,41,Leicester,Liverpool
4,41,Chelsea,Liverpool
4,41,Brighton,Liverpool
4,41,Everton,Aston
4,41,Wolverhampton,Aston
4,41,Southampton,Aston
4,41,West Ham,Aston
4,41,Palace,Aston
4,41,Burnley,Aston
4,41,Brentford,Aston
4,41,Leeds,Aston
4,41,Norwich,Aston
4,41,Islington,Aston
4,41,Newcastle,Aston
4,41,United,Aston
4,41,Watford,Aston
4,41,City,Aston
4,41,Leicester,Aston
4,41,Chelsea,Aston
4,41,Brighton,Aston
4,41,Wolverhampton,Everton
4,41,Southampton,Everton
4,41,West Ham,Everton
4,41,Palace,Everton
4,41,Burnley,Everton
4,41,Brentford,Everton
4,41,Leeds,Everton
4,41,Norwich,Everton
4,41,Islington,Everton
4,41,Newcastle,Everton
4,41,United,Everton
4,41,Watford,Everton
4,41,City,Everton
4,41,Leicester,Everton
4,41,Chelsea,Everton
4,41,Brighton,Everton
4,41,Southampton,Wolverhampton
4,41,West Ham,Wolverhampton
4,41,Palace,Wolverhampton
4,41,Burnley,Wolverhampton
4,41,Brentford,Wolverhampton
4,41,Leeds,Wolverhampton
4,41,Norwich,Wolverhampton
4,41,Islington,Wolverhampton
4,41,Newcastle,Wolverhampton
4,41,United,Wolverhampton
4,41,Watford,Wolverhampton
4,41,City,Wolverhampton
4,41,Leicester,Wolverhampton
4,41,Chelsea,Wolverhampton
4,41,Brighton,Wolverhampton
4,41,West Ham,Southampton
4,41,Palace,Southampton
4,41,Burnley,Southampton
4,41,Brentford,Southampton
4,41,Leeds,Southampton
4,41,Norwich,Southampton
4,41,Islington,Southampton
4,41,Newcastle,Southampton
4,41,United,Southampton
4,41,Watford,Southampton
4,41,City,Southampton
4,41,Leicester,Southampton
4,41,Chelsea,Southampton
4,41,Brighton,Southampton
4,41,Palace,West Ham
4,41,Burnley,West Ham
4,41,Brentford,West Ham
4,41,Leeds,West Ham
4,41,Norwich,West Ham
4,41,Islington,West Ham
4,41,Newcastle,West Ham
4,41,United,West Ham
4,41,Watford,West Ham
4,41,City,West Ham
4,41,Leicester,West Ham
4,41,Chelsea,West Ham
4,41,Brighton,West Ham
4,41,Burnley,Palace
4,41,Brentford,Palace
4,41,Leeds,Palace
4,41,Norwich,Palace
4,41,Islington,Palace
4,41,Newcastle,Palace
4,41,United,Palace
4,41,Watford,Palace
4,41,City,Palace
4,41,Leicester,Palace
4,41,Chelsea,Palace
4,41,Brighton,Palace
4,41,Brentford,Burnley
4,41,Leeds,Burnley
4,41,Norwich,Burnley
4,41,Islington,Burnley
4,41,Newcastle,Burnley
4,41,United,Burnley
4,41,Watford,Burnley
4,41,City,Burnley
4,41,Leicester,Burnley
4,41,Chelsea,Burnley
4,41,Brighton,Burnley
4,41,Leeds,Brentford
4,41,Norwich,Brentford
4,41,Islington,Brentford
4,41,Newcastle,Brentford
4,41,United,Brentford
4,41,Watford,Brentford
4,41,City,Brentford
4,41,Leicester,Brentford
4,41,Chelsea,Brentford
4,41,Brighton,Brentford
4,41,Norwich,Leeds
4,41,Islington,Leeds
4,41,Newcastle,Leeds
4,41,United,Leeds
4,41,Watford,Leeds
4,41,City,Leeds
4,41,Leicester,Leeds
4,41,Chelsea,Leeds
4,41,Brighton,Leeds
4,41,Islington,Norwich
4,41,Newcastle,Norwich
4,41,United,Norwich
4,41,Watford,Norwich
4,41,City,Norwich
4,41,Leicester,Norwich
4,41,Chelsea,Norwich
4,41,Brighton,Norwich
4,41,Newcastle,Islington
4,41,United,Islington
4,41,Watford,Islington
4,41,City,Islington
4,41,Leicester,Islington
4,41,Chelsea,Islington
4,41,Brighton,Islington
4,41,United,Newcastle
4,41,Watford,Newcastle
4,41,City,Newcastle
4,41,Leicester,Newcastle
4,41,Chelsea,Newcastle
4,41,Brighton,Newcastle
4,41,Watford,United
4,41,City,United
4,41,Leicester,United
4,41,Chelsea,United
4,41,Brighton,United
4,41,City,Watford
4,41,Leicester,Watford
4,41,Chelsea,Watford
4,41,Brighton,Watford
4,41,Leicester,City
4,41,Chelsea,City
4,41,Brighton,City
4,41,Chelsea,Leicester
4,41,Brighton,Leicester
4,41,Brighton,Chelsea
4,44,Liverpool,Tottenham
4,44,Aston,Tottenham
4,44,Everton,Tottenham
4,44,Wolverhampton,Tottenham
4,44,Southampton,Tottenham
4,44,West Ham,Tottenham
4,44,Palace,Tottenham
4,44,Burnley,Tottenham
4,44,Brentford,Tottenham
4,44,Leeds,Tottenham
4,44,Norwich,Tottenham
4,44,Islington,Tottenham
4,44,Newcastle,Tottenham
4,44,United,Tottenham
4,44,Watford,Tottenham
4,44,City,Tottenham
4,44,Leicester,Tottenham
4,44,Chelsea,Tottenham
4,44,Brighton,Tottenham
4,44,Aston,Liverpool
4,44,Everton,Liverpool
4,44,Wolverhampton,Liverpool
4,44,Southampton,Liverpool
4,44,West Ham,Liverpool
4,44,Palace,Liverpool
4,44,Burnley,Liverpool
4,44,Brentford,Liverpool
4,44,Leeds,Liverpool
4,44,Norwich,Liverpool
4,44,Islington,Liverpool
4,44,Newcastle,Liverpool
4,44,United,Liverpool
4,44,Watford,Liverpool
4,44,City,Liverpool
4,44,Leicester,Liverpool
4,44,Chelsea,Liverpool
4,44,Brighton,Liverpool
4,44,Everton,Aston
4,44,Wolverhampton,Aston
4,44,Southampton,Aston
4,44,West Ham,Aston
4,44,Palace,Aston
4,44,Burnley,Aston
4,44,Brentford,Aston
4,44,Leeds,Aston
4,44,Norwich,Aston
4,44,Islington,Aston
4,44,Newcastle,Aston
4,44,United,Aston
4,44,Watford,Aston
4,44,City,Aston
4,44,Leicester,Aston
4,44,Chelsea,Aston
4,44,Brighton,Aston
4,44,Wolverhampton,Everton
4,44,Southampton,Everton
4,44,West Ham,Everton
4,44,Palace,Everton
4,44,Burnley,Everton
4,44,Brentford,Everton
4,44,Leeds,Everton
4,44,Norwich,Everton
4,44,Islington,Everton
4,44,Newcastle,Everton
4,44,United,Everton
4,44,Watford,Everton
4,44,City,Everton
4,44,Leicester,Everton
4,44,Chelsea,Everton
4,44,Brighton,Everton
4,44,Southampton,Wolverhampton
4,44,West Ham,Wolverhampton
4,44,Palace,Wolverhampton
4,44,Burnley,Wolverhampton
4,44,Brentford,Wolverhampton
4,44,Leeds,Wolverhampton
4,44,Norwich,Wolverhampton
4,44,Islington,Wolverhampton
4,44,Newcastle,Wolverhampton
4,44,United,Wolverhampton
4,44,Watford,Wolverhampton
4,44,City,Wolverhampton
4,44,Leicester,Wolverhampton
4,44,Chelsea,Wolverhampton
4,44,Brighton,Wolverhampton
4,44,West Ham,Southampton
4,44,Palace,Southampton
4,44,Burnley,Southampton
4,44,Brentford,Southampton
4,44,Leeds,Southampton
4,44,Norwich,Southampton
4,44,Islington,Southampton
4,44,Newcastle,Southampton
4,44,United,Southampton
4,44,Watford,Southampton
4,44,City,Southampton
4,44,Leicester,Southampton
4,44,Chelsea,Southampton
4,44,Brighton,Southampton
4,44,Palace,West Ham
4,44,Burnley,West Ham
4,44,Brentford,West Ham
4,44,Leeds,West Ham
4,44,Norwich,West Ham
4,44,Islington,West Ham
4,44,Newcastle,West Ham
4,44,United,West Ham
4,44,Watford,West Ham
4,44,City,West Ham
4,44,Leicester,West Ham
4,44,Chelsea,West Ham
4,44,Brighton,West Ham
4,44,Burnley,Palace
4,44,Brentford,Palace
4,44,Leeds,Palace
4,44,Norwich,Palace
4,44,Islington,Palace
4,44,Newcastle,Palace
4,44,United,Palace
4,44,Watford,Palace
4,44,City,Palace
4,44,Leicester,Palace
4,44,Chelsea,Palace
4,44,Brighton,Palace
4,44,Brentford,Burnley
4,44,Leeds,Burnley
4,44,Norwich,Burnley
4,44,Islington,Burnley
4,44,Newcastle,Burnley
4,44,United,Burnley
4,44,Watford,Burnley
4,44,City,Burnley
4,44,Leicester,Burnley
4,44,Chelsea,Burnley
4,44,Brighton,Burnley
4,44,Leeds,Brentford
4,44,Norwich,Brentford
4,44,Islington,Brentford
4,44,Newcastle,Brentford
4,44,United,Brentford
4,44,Watford,Brentford
4,44,City,Brentford
4,44,Leicester,Brentford
4,44,Chelsea,Brentford
4,44,Brighton,Brentford
4,44,Norwich,Leeds
4,44,Islington,Leeds
4,44,Newcastle,Leeds
4,44,United,Leeds
4,44,Watford,Leeds
4,44,City,Leeds
4,44,Leicester,Leeds
4,44,Chelsea,Leeds
4,44,Brighton,Leeds
4,44,Islington,Norwich
4,44,Newcastle,Norwich
4,44,United,Norwich
4,44,Watford,Norwich
4,44,City,Norwich
4,44,Leicester,Norwich
4,44,Chelsea,Norwich
4,44,Brighton,Norwich
4,44,Newcastle,Islington
4,44,United,Islington
4,44,Watford,Islington
4,44,City,Islington
4,44,Leicester,Islington
4,44,Chelsea,Islington
4,44,Brighton,Islington
4,44,United,Newcastle
4,44,Watford,Newcastle
4,44,City,Newcastle
4,44,Leicester,Newcastle
4,44,Chelsea,Newcastle
4,44,Brighton,Newcastle
4,44,Watford,United
4,44,City,United
4,44,Leicester,United
4,44,Chelsea,United
4,44,Brighton,United
4,44,City,Watford
4,44,Leicester,Watford
4,44,Chelsea,Watford
4,44,Brighton,Watford
4,44,Leicester,City
4,44,Chelsea,City
4,44,Brighton,City
4,44,Chelsea,Leicester
4,44,Brighton,Leicester
4,44,Brighton,Chelsea
4,47,Liverpool,Tottenham
4,47,Aston,Tottenham
4,47,Everton,Tottenham
4,47,Wolverhampton,Tottenham
4,47,Southampton,Tottenham
4,47,West Ham,Tottenham
4,47,Palace,Tottenham
4,47,Burnley,Tottenham
4,47,Brentford,Tottenham
4,47,Leeds,Tottenham
4,47,Norwich,Tottenham
4,47,Islington,Tottenham
4,47,Newcastle,Tottenham
4,47,United,Tottenham
4,47,Watford,Tottenham
4,47,City,Tottenham
4,47,Leicester,Tottenham
4,47,Chelsea,Tottenham
4,47,Brighton,Tottenham
4,47,Aston,Liverpool
4,47,Everton,Liverpool
4,47,Wolverhampton,Liverpool
4,47,Southampton,Liverpool
4,47,West Ham,Liverpool
4,47,Palace,Liverpool
4,47,Burnley,Liverpool
4,47,Brentford,Liverpool
4,47,Leeds,Liverpool
4,47,Norwich,Liverpool
4,47,Islington,Liverpool
4,47,Newcastle,Liverpool
4,47,United,Liverpool
4,47,Watford,Liverpool
4,47,City,Liverpool
4,47,Leicester,Liverpool
4,47,Chelsea,Liverpool
4,47,Brighton,Liverpool
4,47,Everton,Aston
4,47,Wolverhampton,Aston
4,47,Southampton,Aston
4,47,West Ham,Aston
4,47,Palace,Aston
4,47,Burnley,Aston
4,47,Brentford,Aston
4,47,Leeds,Aston
4,47,Norwich,Aston
4,47,Islington,Aston
4,47,Newcastle,Aston
4,47,United,Aston
4,47,Watford,Aston
4,47,City,Aston
4,47,Leicester,Aston
4,47,Chelsea,Aston
4,47,Brighton,Aston
4,47,Wolverhampton,Everton
4,47,Southampton,Everton
4,47,West Ham,Everton
4,47,Palace,Everton
4,47,Burnley,Everton
4,47,Brentford,Everton
4,47,Leeds,Everton
4,47,Norwich,Everton
4,47,Islington,Everton
4,47,Newcastle,Everton
4,47,United,Everton
4,47,Watford,Everton
4,47,City,Everton
4,47,Leicester,Everton
4,47,Chelsea,Everton
4,47,Brighton,Everton
4,47,Southampton,Wolverhampton
4,47,West Ham,Wolverhampton
4,47,Palace,Wolverhampton
4,47,Burnley,Wolverhampton
4,47,Brentford,Wolverhampton
4,47,Leeds,Wolverhampton
4,47,Norwich,Wolverhampton
4,47,Islington,Wolverhampton
4,47,Newcastle,Wolverhampton
4,47,United,Wolverhampton
4,47,Watford,Wolverhampton
4,47,City,Wolverhampton
4,47,Leicester,Wolverhampton
4,47,Chelsea,Wolverhampton
4,47,Brighton,Wolverhampton
4,47,West Ham,Southampton
4,47,Palace,Southampton
4,47,Burnley,Southampton
4,47,Brentford,Southampton
4,47,Leeds,Southampton
4,47,Norwich,Southampton
4,47,Islington,Southampton
4,47,Newcastle,Southampton
4,47,United,Southampton
4,47,Watford,Southampton
4,47,City,Southampton
4,47,Leicester,Southampton
4,47,Chelsea,Southampton
4,47,Brighton,Southampton
4,47,Palace,West Ham
4,47,Burnley,West Ham
4,47,Brentford,West Ham
4,47,Leeds,West Ham
4,47,Norwich,West Ham
4,47,Islington,West Ham
4,47,Newcastle,West Ham
4,47,United,West Ham
4,47,Watford,West Ham
4,47,City,West Ham
4,47,Leicester,West Ham
4,47,Chelsea,West Ham
4,47,Brighton,West Ham
4,47,Burnley,Palace
4,47,Brentford,Palace
4,47,Leeds,Palace
4,47,Norwich,Palace
4,47,Islington,Palace
4,47,Newcastle,Palace
4,47,United,Palace
4,47,Watford,Palace
4,47,City,Palace
4,47,Leicester,Palace
4,47,Chelsea,Palace
4,47,Brighton,Palace
4,47,Brentford,Burnley
4,47,Leeds,Burnley
4,47,Norwich,Burnley
4,47,Islington,Burnley
4,47,Newcastle,Burnley
4,47,United,Burnley
4,47,Watford,Burnley
4,47,City,Burnley
4,47,Leicester,Burnley
4,47,Chelsea,Burnley
4,47,Brighton,Burnley
4,47,Leeds,Brentford
4,47,Norwich,Brentford
4,47,Islington,Brentford
4,47,Newcastle,Brentford
4,47,United,Brentford
4,47,Watford,Brentford
4,47,City,Brentford
4,47,Leicester,Brentford
4,47,Chelsea,Brentford
4,47,Brighton,Brentford
4,47,Norwich,Leeds
4,47,Islington,Leeds
4,47,Newcastle,Leeds
4,47,United,Leeds
4,47,Watford,Leeds
4,47,City,Leeds
4,47,Leicester,Leeds
4,47,Chelsea,Leeds
4,47,Brighton,Leeds
4,47,Islington,Norwich
4,47,Newcastle,Norwich
4,47,United,Norwich
4,47,Watford,Norwich
4,47,City,Norwich
4,47,Leicester,Norwich
4,47,Chelsea,Norwich
4,47,Brighton,Norwich
4,47,Newcastle,Islington
4,47,United,Islington
4,47,Watford,Islington
4,47,City,Islington
4,47,Leicester,Islington
4,47,Chelsea,Islington
4,47,Brighton,Islington
4,47,United,Newcastle
4,47,Watford,Newcastle
4,47,City,Newcastle
4,47,Leicester,Newcastle
4,47,Chelsea,Newcastle
4,47,Brighton,Newcastle
4,47,Watford,United
4,47,City,United
4,47,Leicester,United
4,47,Chelsea,United
4,47,Brighton,United
4,47,City,Watford
4,47,Leicester,Watford
4,47,Chelsea,Watford
4,47,Brighton,Watford
4,47,Leicester,City
4,47,Chelsea,City
4,47,Brighton,City
4,47,Chelsea,Leicester
4,47,Brighton,Leicester
4,47,Brighton,Chelsea
4,50,Liverpool,Tottenham
4,50,Aston,Tottenham
4,50,Everton,Tottenham
4,50,Wolverhampton,Tottenham
4,50,Southampton,Tottenham
4,50,West Ham,Tottenham
4,50,Palace,Tottenham
4,50,Burnley,Tottenham
4,50,Brentford,Tottenham
4,50,Leeds,Tottenham
4,50,Norwich,Tottenham
4,50,Islington,Tottenham
4,50,Newcastle,Tottenham
4,50,United,Tottenham
4,50,Watford,Tottenham
4,50,City,Tottenham
4,50,Leicester,Tottenham
4,50,Chelsea,Tottenham
4,50,Brighton,Tottenham
4,50,Aston,Liverpool
4,50,Everton,Liverpool
4,50,Wolverhampton,Liverpool
4,50,Southampton,Liverpool
4,50,West Ham,Liverpool
4,50,Palace,Liverpool
4,50,Burnley,Liverpool
4,50,Brentford,Liverpool
4,50,Leeds,Liverpool
4,50,Norwich,Liverpool
4,50,Islington,Liverpool
4,50,Newcastle,Liverpool
4,50,United,Liverpool
4,50,Watford,Liverpool
4,50,City,Liverpool
4,50,Leicester,Liverpool
4,50,Chelsea,Liverpool
4,50,Brighton,Liverpool
4,50,Everton,Aston
4,50,Wolverhampton,Aston
4,50,Southampton,Aston
4,50,West Ham,Aston
4,50,Palace,Aston
4,50,Burnley,Aston
4,50,Brentford,Aston
4,50,Leeds,Aston
4,50,Norwich,Aston
4,50,Islington,Aston
4,50,Newcastle,Aston
4,50,United,Aston
4,50,Watford,Aston
4,50,City,Aston
4,50,Leicester,Aston
4,50,Chelsea,Aston
4,50,Brighton,Aston
4,50,Wolverhampton,Everton
4,50,Southampton,Everton
4,50,West Ham,Everton
4,50,Palace,Everton
4,50,Burnley,Everton
4,50,Brentford,Everton
4,50,Leeds,Everton
4,50,Norwich,Everton
4,50,Islington,Everton
4,50,Newcastle,Everton
4,50,United,Everton
4,50,Watford,Everton
4,50,City,Everton
4,50,Leicester,Everton
4,50,Chelsea,Everton
4,50,Brighton,Everton
4,50,Southampton,Wolverhampton
4,50,West Ham,Wolverhampton
4,50,Palace,Wolverhampton
4,50,Burnley,Wolverhampton
4,50,Brentford,Wolverhampton
4,50,Leeds,Wolverhampton
4,50,Norwich,Wolverhampton
4,50,Islington,Wolverhampton
4,50,Newcastle,Wolverhampton
4,50,United,Wolverhampton
4,50,Watford,Wolverhampton
4,50,City,Wolverhampton
4,50,Leicester,Wolverhampton
4,50,Chelsea,Wolverhampton
4,50,Brighton,Wolverhampton
4,50,West Ham,Southampton
4,50,Palace,Southampton
4,50,Burnley,Southampton
4,50,Brentford,Southampton
4,50,Leeds,Southampton
4,50,Norwich,Southampton
4,50,Islington,Southampton
4,50,Newcastle,Southampton
4,50,United,Southampton
4,50,Watford,Southampton
4,50,City,Southampton
4,50,Leicester,Southampton
4,50,Chelsea,Southampton
4,50,Brighton,Southampton
4,50,Palace,West Ham
4,50,Burnley,West Ham
4,50,Brentford,West Ham
4,50,Leeds,West Ham
4,50,Norwich,West Ham
4,50,Islington,West Ham
4,50,Newcastle,West Ham
4,50,United,West Ham
4,50,Watford,West Ham
4,50,City,West Ham
4,50,Leicester,West Ham
4,50,Chelsea,West Ham
4,50,Brighton,West Ham
4,50,Burnley,Palace
4,50,Brentford,Palace
4,50,Leeds,Palace
4,50,Norwich,Palace
4,50,Islington,Palace
4,50,Newcastle,Palace
4,50,United,Palace
4,50,Watford,Palace
4,50,City,Palace
4,50,Leicester,Palace
4,50,Chelsea,Palace
4,50,Brighton,Palace
4,50,Brentford,Burnley
4,50,Leeds,Burnley
4,50,Norwich,Burnley
4,50,Islington,Burnley
4,50,Newcastle,Burnley
4,50,United,Burnley
4,50,Watford,Burnley
4,50,City,Burnley
4,50,Leicester,Burnley
4,50,Chelsea,Burnley
4,50,Brighton,Burnley
4,50,Leeds,Brentford
4,50,Norwich,Brentford
4,50,Islington,Brentford
4,50,Newcastle,Brentford
4,50,United,Brentford
4,50,Watford,Brentford
4,50,City,Brentford
4,50,Leicester,Brentford
4,50,Chelsea,Brentford
4,50,Brighton,Brentford
4,50,Norwich,Leeds
4,50,Islington,Leeds
4,50,Newcastle,Leeds
4,50,United,Leeds
4,50,Watford,Leeds
4,50,City,Leeds
4,50,Leicester,Leeds
4,50,Chelsea,Leeds
4,50,Brighton,Leeds
4,50,Islington,Norwich
4,50,Newcastle,Norwich
4,50,United,Norwich
4,50,Watford,Norwich
4,50,City,Norwich
4,50,Leicester,Norwich
4,50,Chelsea,Norwich
4,50,Brighton,Norwich
4,50,Newcastle,Islington
4,50,United,Islington
4,50,Watford,Islington
4,50,City,Islington
4,50,Leicester,Islington
4,50,Chelsea,Islington
4,50,Brighton,Islington
4,50,United,Newcastle
4,50,Watford,Newcastle
4,50,City,Newcastle
4,50,Leicester,Newcastle
4,50,Chelsea,Newcastle
4,50,Brighton,Newcastle
4,50,Watford,United
4,50,City,United
4,50,Leicester,United
4,50,Chelsea,United
4,50,Brighton,United
4,50,City,Watford
4,50,Leicester,Watford
4,50,Chelsea,Watford
4,50,Brighton,Watford
4,50,Leicester,City
4,50,Chelsea,City
4,50,Brighton,City
4,50,Chelsea,Leicester
4,50,Brighton,Leicester
4,50,Brighton,Chelsea
4,53,Liverpool,Tottenham
4,53,Aston,Tottenham
4,53,Everton,Tottenham
4,53,Wolverhampton,Tottenham
4,53,Southampton,Tottenham
4,53,West Ham,Tottenham
4,53,Palace,Tottenham
4,53,Burnley,Tottenham
4,53,Brentford,Tottenham
4,53,Leeds,Tottenham
4,53,Norwich,Tottenham
4,53,Islington,Tottenham
4,53,Newcastle,Tottenham
4,53,United,Tottenham
4,53,Watford,Tottenham
4,53,City,Tottenham
4,53,Leicester,Tottenham
4,53,Chelsea,Tottenham
4,53,Brighton,Tottenham
4,53,Aston,Liverpool
4,53,Everton,Liverpool
4,53,Wolverhampton,Liverpool
4,53,Southampton,Liverpool
4,53,West Ham,Liverpool
4,53,Palace,Liverpool
4,53,Burnley,Liverpool
4,53,Brentford,Liverpool
4,53,Leeds,Liverpool
4,53,Norwich,Liverpool
4,53,Islington,Liverpool
4,53,Newcastle,Liverpool
4,53,United,Liverpool
4,53,Watford,Liverpool
4,53,City,Liverpool
4,53,Leicester,Liverpool
4,53,Chelsea,Liverpool
4,53,Brighton,Liverpool
4,53,Everton,Aston
4,53,Wolverhampton,Aston
4,53,Southampton,Aston
4,53,West Ham,Aston
4,53,Palace,Aston
4,53,Burnley,Aston
4,53,Brentford,Aston
4,53,Leeds,Aston
4,53,Norwich,Aston
4,53,Islington,Aston
4,53,Newcastle,Aston
4,53,United,Aston
4,53,Watford,Aston
4,53,City,Aston
4,53,Leicester,Aston
4,53,Chelsea,Aston
4,53,Brighton,Aston
4,53,Wolverhampton,Everton
4,53,Southampton,Everton
4,53,West Ham,Everton
4,53,Palace,Everton
4,53,Burnley,Everton
4,53,Brentford,Everton
4,53,Leeds,Everton
4,53,Norwich,Everton
4,53,Islington,Everton
4,53,Newcastle,Everton
4,53,United,Everton
4,53,Watford,Everton
4,53,City,Everton
4,53,Leicester,Everton
4,53,Chelsea,Everton
4,53,Brighton,Everton
4,53,Southampton,Wolverhampton
4,53,West Ham,Wolverhampton
4,53,Palace,Wolverhampton
4,53,Burnley,Wolverhampton
4,53,Brentford,Wolverhampton
4,53,Leeds,Wolverhampton
4,53,Norwich,Wolverhampton
4,53,Islington,Wolverhampton
4,53,Newcastle,Wolverhampton
4,53,United,Wolverhampton
4,53,Watford,Wolverhampton
4,53,City,Wolverhampton
4,53,Leicester,Wolverhampton
4,53,Chelsea,Wolverhampton
4,53,Brighton,Wolverhampton
4,53,West Ham,Southampton
4,53,Palace,Southampton
4,53,Burnley,Southampton
4,53,Brentford,Southampton
4,53,Leeds,Southampton
4,53,Norwich,Southampton
4,53,Islington,Southampton
4,53,Newcastle,Southampton
4,53,United,Southampton
4,53,Watford,Southampton
4,53,City,Southampton
4,53,Leicester,Southampton
4,53,Chelsea,Southampton
4,53,Brighton,Southampton
4,53,Palace,West Ham
4,53,Burnley,West Ham
4,53,Brentford,West Ham
4,53,Leeds,West Ham
4,53,Norwich,West Ham
4,53,Islington,West Ham
4,53,Newcastle,West Ham
4,53,United,West Ham
4,53,Watford,West Ham
4,53,City,West Ham
4,53,Leicester,West Ham
4,53,Chelsea,West Ham
4,53,Brighton,West Ham
4,53,Burnley,Palace
4,53,Brentford,Palace
4,53,Leeds,Palace
4,53,Norwich,Palace
4,53,Islington,Palace
4,53,Newcastle,Palace
4,53,United,Palace
4,53,Watford,Palace
4,53,City,Palace
4,53,Leicester,Palace
4,53,Chelsea,Palace
4,53,Brighton,Palace
4,53,Brentford,Burnley
4,53,Leeds,Burnley
4,53,Norwich,Burnley
4,53,Islington,Burnley
4,53,Newcastle,Burnley
4,53,United,Burnley
4,53,Watford,Burnley
4,53,City,Burnley
4,53,Leicester,Burnley
4,53,Chelsea,Burnley
4,53,Brighton,Burnley
4,53,Leeds,Brentford
4,53,Norwich,Brentford
4,53,Islington,Brentford
4,53,Newcastle,Brentford
4,53,United,Brentford
4,53,Watford,Brentford
4,53,City,Brentford
4,53,Leicester,Brentford
4,53,Chelsea,Brentford
4,53,Brighton,Brentford
4,53,Norwich,Leeds
4,53,Islington,Leeds
4,53,Newcastle,Leeds
4,53,United,Leeds
4,53,Watford,Leeds
4,53,City,Leeds
4,53,Leicester,Leeds
4,53,Chelsea,Leeds
4,53,Brighton,Leeds
4,53,Islington,Norwich
4,53,Newcastle,Norwich
4,53,United,Norwich
4,53,Watford,Norwich
4,53,City,Norwich
4,53,Leicester,Norwich
4,53,Chelsea,Norwich
4,53,Brighton,Norwich
4,53,Newcastle,Islington
4,53,United,Islington
4,53,Watford,Islington
4,53,City,Islington
4,53,Leicester,Islington
4,53,Chelsea,Islington
4,53,Brighton,Islington
4,53,United,Newcastle
4,53,Watford,Newcastle
4,53,City,Newcastle
4,53,Leicester,Newcastle
4,53,Chelsea,Newcastle
4,53,Brighton,Newcastle
4,53,Watford,United
4,53,City,United
4,53,Leicester,United
4,53,Chelsea,United
4,53,Brighton,United
4,53,City,Watford
4,53,Leicester,Watford
4,53,Chelsea,Watford
4,53,Brighton,Watford
4,53,Leicester,City
4,53,Chelsea,City
4,53,Brighton,City
4,53,Chelsea,Leicester
4,53,Brighton,Leicester
4,53,Brighton,Chelsea
4,56,Liverpool,Tottenham
4,56,Aston,Tottenham
4,56,Everton,Tottenham
4,56,Wolverhampton,Tottenham
4,56,Southampton,Tottenham
4,56,West Ham,Tottenham
4,56,Palace,Tottenham
4,56,Burnley,Tottenham
4,56,Brentford,Tottenham
4,56,Leeds,Tottenham
4,56,Norwich,Tottenham
4,56,Islington,Tottenham
4,56,Newcastle,Tottenham
4,56,United,Tottenham
4,56,Watford,Tottenham
4,56,City,Tottenham
4,56,Leicester,Tottenham
4,56,Chelsea,Tottenham
4,56,Brighton,Tottenham
4,56,Aston,Liverpool
4,56,Everton,Liverpool
4,56,Wolverhampton,Liverpool
4,56,Southampton,Liverpool
4,56,West Ham,Liverpool
4,56,Palace,Liverpool
4,56,Burnley,Liverpool
4,56,Brentford,Liverpool
4,56,Leeds,Liverpool
4,56,Norwich,Liverpool
4,56,Islington,Liverpool
4,56,Newcastle,Liverpool
4,56,United,Liverpool
4,56,Watford,Liverpool
4,56,City,Liverpool
4,56,Leicester,Liverpool
4,56,Chelsea,Liverpool
4,56,Brighton,Liverpool
4,56,Everton,Aston
4,56,Wolverhampton,Aston
4,56,Southampton,Aston
4,56,West Ham,Aston
4,56,Palace,Aston
4,56,Burnley,Aston
4,56,Brentford,Aston
4,56,Leeds,Aston
4,56,Norwich,Aston
4,56,Islington,Aston
4,56,Newcastle,Aston
4,56,United,Aston
4,56,Watford,Aston
4,56,City,Aston
4,56,Leicester,Aston
4,56,Chelsea,Aston
4,56,Brighton,Aston
4,56,Wolverhampton,Everton
4,56,Southampton,Everton
4,56,West Ham,Everton
4,56,Palace,Everton
4,56,Burnley,Everton
4,56,Brentford,Everton
4,56,Leeds,Everton
4,56,Norwich,Everton
4,56,Islington,Everton
4,56,Newcastle,Everton
4,56,United,Everton
4,56,Watford,Everton
4,56,City,Everton
4,56,Leicester,Everton
4,56,Chelsea,Everton
4,56,Brighton,Everton
4,56,Southampton,Wolverhampton
4,56,West Ham,Wolverhampton
4,56,Palace,Wolverhampton
4,56,Burnley,Wolverhampton
4,56,Brentford,Wolverhampton
4,56,Leeds,Wolverhampton
4,56,Norwich,Wolverhampton
4,56,Islington,Wolverhampton
4,56,Newcastle,Wolverhampton
4,56,United,Wolverhampton
4,56,Watford,Wolverhampton
4,56,City,Wolverhampton
4,56,Leicester,Wolverhampton
4,56,Chelsea,Wolverhampton
4,56,Brighton,Wolverhampton
4,56,West Ham,Southampton
4,56,Palace,Southampton
4,56,Burnley,Southampton
4,56,Brentford,Southampton
4,56,Leeds,Southampton
4,56,Norwich,Southampton
4,56,Islington,Southampton
4,56,Newcastle,Southampton
4,56,United,Southampton
4,56,Watford,Southampton
4,56,City,Southampton
4,56,Leicester,Southampton
4,56,Chelsea,Southampton
4,56,Brighton,Southampton
4,56,Palace,West Ham
4,56,Burnley,West Ham
4,56,Brentford,West Ham
4,56,Leeds,West Ham
4,56,Norwich,West Ham
4,56,Islington,West Ham
4,56,Newcastle,West Ham
4,56,United,West Ham
4,56,Watford,West Ham
4,56,City,West Ham
4,56,Leicester,West Ham
4,56,Chelsea,West Ham
4,56,Brighton,West Ham
4,56,Burnley,Palace
4,56,Brentford,Palace
4,56,Leeds,Palace
4,56,Norwich,Palace
4,56,Islington,Palace
4,56,Newcastle,Palace
4,56,United,Palace
4,56,Watford,Palace
4,56,City,Palace
4,56,Leicester,Palace
4,56,Chelsea,Palace
4,56,Brighton,Palace
4,56,Brentford,Burnley
4,56,Leeds,Burnley
4,56,Norwich,Burnley
4,56,Islington,Burnley
4,56,Newcastle,Burnley
4,56,United,Burnley
4,56,Watford,Burnley
4,56,City,Burnley
4,56,Leicester,Burnley
4,56,Chelsea,Burnley
4,56,Brighton,Burnley
4,56,Leeds,Brentford
4,56,Norwich,Brentford
4,56,Islington,Brentford
4,56,Newcastle,Brentford
4,56,United,Brentford
4,56,Watford,Brentford
4,56,City,Brentford
4,56,Leicester,Brentford
4,56,Chelsea,Brentford
4,56,Brighton,Brentford
4,56,Norwich,Leeds
4,56,Islington,Leeds
4,56,Newcastle,Leeds
4,56,United,Leeds
4,56,Watford,Leeds
4,56,City,Leeds
4,56,Leicester,Leeds
4,56,Chelsea,Leeds
4,56,Brighton,Leeds
4,56,Islington,Norwich
4,56,Newcastle,Norwich
4,56,United,Norwich
4,56,Watford,Norwich
4,56,City,Norwich
4,56,Leicester,Norwich
4,56,Chelsea,Norwich
4,56,Brighton,Norwich
4,56,Newcastle,Islington
4,56,United,Islington
4,56,Watford,Islington
4,56,City,Islington
4,56,Leicester,Islington
4,56,Chelsea,Islington
4,56,Brighton,Islington
4,56,United,Newcastle
4,56,Watford,Newcastle
4,56,City,Newcastle
4,56,Leicester,Newcastle
4,56,Chelsea,Newcastle
4,56,Brighton,Newcastle
4,56,Watford,United
4,56,City,United
4,56,Leicester,United
4,56,Chelsea,United
4,56,Brighton,United
4,56,City,Watford
4,56,Leicester,Watford
4,56,Chelsea,Watford
4,56,Brighton,Watford
4,56,Leicester,City
4,56,Chelsea,City
4,56,Brighton,City
4,56,Chelsea,Leicester
4,56,Brighton,Leicester
4,56,Brighton,Chelsea
4,59,Liverpool,Tottenham
4,59,Aston,Tottenham
4,59,Everton,Tottenham
4,59,Wolverhampton,Tottenham
4,59,Southampton,Tottenham
4,59,West Ham,Tottenham
4,59,Palace,Tottenham
4,59,Burnley,Tottenham
4,59,Brentford,Tottenham
4,59,Leeds,Tottenham
4,59,Norwich,Tottenham
4,59,Islington,Tottenham
4,59,Newcastle,Tottenham
4,59,United,Tottenham
4,59,Watford,Tottenham
4,59,City,Tottenham
4,59,Leicester,Tottenham
4,59,Chelsea,Tottenham
4,59,Brighton,Tottenham
4,59,Aston,Liverpool
4,59,Everton,Liverpool
4,59,Wolverhampton,Liverpool
4,59,Southampton,Liverpool
4,59,West Ham,Liverpool
4,59,Palace,Liverpool
4,59,Burnley,Liverpool
4,59,Brentford,Liverpool
4,59,Leeds,Liverpool
4,59,Norwich,Liverpool
4,59,Islington,Liverpool
4,59,Newcastle,Liverpool
4,59,United,Liverpool
4,59,Watford,Liverpool
4,59,City,Liverpool
4,59,Leicester,Liverpool
4,59,Chelsea,Liverpool
4,59,Brighton,Liverpool
4,59,Everton,Aston
4,59,Wolverhampton,Aston
4,59,Southampton,Aston
4,59,West Ham,Aston
4,59,Palace,Aston
4,59,Burnley,Aston
4,59,Brentford,Aston
4,59,Leeds,Aston
4,59,Norwich,Aston
4,59,Islington,Aston
4,59,Newcastle,Aston
4,59,United,Aston
4,59,Watford,Aston
4,59,City,Aston
4,59,Leicester,Aston
4,59,Chelsea,Aston
4,59,Brighton,Aston
4,59,Wolverhampton,Everton
4,59,Southampton,Everton
4,59,West Ham,Everton
4,59,Palace,Everton
4,59,Burnley,Everton
4,59,Brentford,Everton
4,59,Leeds,Everton
4,59,Norwich,Everton
4,59,Islington,Everton
4,59,Newcastle,Everton
4,59,United,Everton
4,59,Watford,Everton
4,59,City,Everton
4,59,Leicester,Everton
4,59,Chelsea,Everton
4,59,Brighton,Everton
4,59,Southampton,Wolverhampton
4,59,West Ham,Wolverhampton
4,59,Palace,Wolverhampton
4,59,Burnley,Wolverhampton
4,59,Brentford,Wolverhampton
4,59,Leeds,Wolverhampton
4,59,Norwich,Wolverhampton
4,59,Islington,Wolverhampton
4,59,Newcastle,Wolverhampton
4,59,United,Wolverhampton
4,59,Watford,Wolverhampton
4,59,City,Wolverhampton
4,59,Leicester,Wolverhampton
4,59,Chelsea,Wolverhampton
4,59,Brighton,Wolverhampton
4,59,West Ham,Southampton
4,59,Palace,Southampton
4,59,Burnley,Southampton
4,59,Brentford,Southampton
4,59,Leeds,Southampton
4,59,Norwich,Southampton
4,59,Islington,Southampton
4,59,Newcastle,Southampton
4,59,United,Southampton
4,59,Watford,Southampton
4,59,City,Southampton
4,59,Leicester,Southampton
4,59,Chelsea,Southampton
4,59,Brighton,Southampton
4,59,Palace,West Ham
4,59,Burnley,West Ham
4,59,Brentford,West Ham
4,59,Leeds,West Ham
4,59,Norwich,West Ham
4,59,Islington,West Ham
4,59,Newcastle,West Ham
4,59,United,West Ham
4,59,Watford,West Ham
4,59,City,West Ham
4,59,Leicester,West Ham
4,59,Chelsea,West Ham
4,59,Brighton,West Ham
4,59,Burnley,Palace
4,59,Brentford,Palace
4,59,Leeds,Palace
4,59,Norwich,Palace
4,59,Islington,Palace
4,59,Newcastle,Palace
4,59,United,Palace
4,59,Watford,Palace
4,59,City,Palace
4,59,Leicester,Palace
4,59,Chelsea,Palace
4,59,Brighton,Palace
4,59,Brentford,Burnley
4,59,Leeds,Burnley
4,59,Norwich,Burnley
4,59,Islington,Burnley
4,59,Newcastle,Burnley
4,59,United,Burnley
4,59,Watford,Burnley
4,59,City,Burnley
4,59,Leicester,Burnley
4,59,Chelsea,Burnley
4,59,Brighton,Burnley
4,59,Leeds,Brentford
4,59,Norwich,Brentford
4,59,Islington,Brentford
4,59,Newcastle,Brentford
4,59,United,Brentford
4,59,Watford,Brentford
4,59,City,Brentford
4,59,Leicester,Brentford
4,59,Chelsea,Brentford
4,59,Brighton,Brentford
4,59,Norwich,Leeds
4,59,Islington,Leeds
4,59,Newcastle,Leeds
4,59,United,Leeds
4,59,Watford,Leeds
4,59,City,Leeds
4,59,Leicester,Leeds
4,59,Chelsea,Leeds
4,59,Brighton,Leeds
4,59,Islington,Norwich
4,59,Newcastle,Norwich
4,59,United,Norwich
4,59,Watford,Norwich
4,59,City,Norwich
4,59,Leicester,Norwich
4,59,Chelsea,Norwich
4,59,Brighton,Norwich
4,59,Newcastle,Islington
4,59,United,Islington
4,59,Watford,Islington
4,59,City,Islington
4,59,Leicester,Islington
4,59,Chelsea,Islington
4,59,Brighton,Islington
4,59,United,Newcastle
4,59,Watford,Newcastle
4,59,City,Newcastle
4,59,Leicester,Newcastle
4,59,Chelsea,Newcastle
4,59,Brighton,Newcastle
4,59,Watford,United
4,59,City,United
4,59,Leicester,United
4,59,Chelsea,United
4,59,Brighton,United
4,59,City,Watford
4,59,Leicester,Watford
4,59,Chelsea,Watford
4,59,Brighton,Watford
4,59,Leicester,City
4,59,Chelsea,City
4,59,Brighton,City
4,59,Chelsea,Leicester
4,59,Brighton,Leicester
4,59,Brighton,Chelsea
