HORA,total,acertos,erros,taxa_acerto
9,10,10,0,100.0
10,12,8,4,66.66666666666666
11,11,9,2,81.81818181818183
